[0.000000] (-) TimerEvent: {}
[0.000886] (key_event) JobQueued: {'identifier': 'key_event', 'dependencies': OrderedDict()}
[0.000976] (px4_msgs) JobQueued: {'identifier': 'px4_msgs', 'dependencies': OrderedDict()}
[0.001004] (px4_ros2_cpp) JobQueued: {'identifier': 'px4_ros2_cpp', 'dependencies': OrderedDict([('px4_msgs', '/home/giromi/Repos/VTOL/ws_sensor_combined_src/install/px4_msgs')])}
[0.001036] (px4_ros_com) JobQueued: {'identifier': 'px4_ros_com', 'dependencies': OrderedDict([('px4_msgs', '/home/giromi/Repos/VTOL/ws_sensor_combined_src/install/px4_msgs')])}
[0.001076] (example_global_navigation_cpp) JobQueued: {'identifier': 'example_global_navigation_cpp', 'dependencies': OrderedDict([('px4_msgs', '/home/giromi/Repos/VTOL/ws_sensor_combined_src/install/px4_msgs'), ('px4_ros2_cpp', '/home/giromi/Repos/VTOL/ws_sensor_combined_src/install/px4_ros2_cpp')])}
[0.001102] (example_local_navigation_cpp) JobQueued: {'identifier': 'example_local_navigation_cpp', 'dependencies': OrderedDict([('px4_msgs', '/home/giromi/Repos/VTOL/ws_sensor_combined_src/install/px4_msgs'), ('px4_ros2_cpp', '/home/giromi/Repos/VTOL/ws_sensor_combined_src/install/px4_ros2_cpp')])}
[0.001126] (example_mode_goto_cpp) JobQueued: {'identifier': 'example_mode_goto_cpp', 'dependencies': OrderedDict([('px4_msgs', '/home/giromi/Repos/VTOL/ws_sensor_combined_src/install/px4_msgs'), ('px4_ros2_cpp', '/home/giromi/Repos/VTOL/ws_sensor_combined_src/install/px4_ros2_cpp')])}
[0.001226] (example_mode_manual_cpp) JobQueued: {'identifier': 'example_mode_manual_cpp', 'dependencies': OrderedDict([('px4_msgs', '/home/giromi/Repos/VTOL/ws_sensor_combined_src/install/px4_msgs'), ('px4_ros2_cpp', '/home/giromi/Repos/VTOL/ws_sensor_combined_src/install/px4_ros2_cpp')])}
[0.001250] (example_mode_rtl_replacement_cpp) JobQueued: {'identifier': 'example_mode_rtl_replacement_cpp', 'dependencies': OrderedDict([('px4_msgs', '/home/giromi/Repos/VTOL/ws_sensor_combined_src/install/px4_msgs'), ('px4_ros2_cpp', '/home/giromi/Repos/VTOL/ws_sensor_combined_src/install/px4_ros2_cpp')])}
[0.001299] (example_mode_with_executor_cpp) JobQueued: {'identifier': 'example_mode_with_executor_cpp', 'dependencies': OrderedDict([('px4_msgs', '/home/giromi/Repos/VTOL/ws_sensor_combined_src/install/px4_msgs'), ('px4_ros2_cpp', '/home/giromi/Repos/VTOL/ws_sensor_combined_src/install/px4_ros2_cpp')])}
[0.001324] (px4_msgs) JobStarted: {'identifier': 'px4_msgs'}
[0.055055] (key_event) JobStarted: {'identifier': 'key_event'}
[0.099966] (-) TimerEvent: {}
[0.109615] (px4_msgs) JobProgress: {'identifier': 'px4_msgs', 'progress': 'cmake'}
[0.110475] (px4_msgs) JobProgress: {'identifier': 'px4_msgs', 'progress': 'build'}
[0.111251] (px4_msgs) Command: {'cmd': ['/usr/local/bin/cmake', '--build', '/home/giromi/Repos/VTOL/ws_sensor_combined_src/build/px4_msgs', '--', '-j8', '-l8'], 'cwd': '/home/giromi/Repos/VTOL/ws_sensor_combined_src/build/px4_msgs', 'env': OrderedDict([('LESSOPEN', '| /usr/bin/lesspipe %s'), ('TMUX', '/tmp/tmux-1000/default,4900,2'), ('USER', 'giromi'), ('LC_TIME', 'ko_KR.UTF-8'), ('XDG_SESSION_TYPE', 'x11'), ('SHLVL', '2'), ('LD_LIBRARY_PATH', '/opt/ros/humble/opt/rviz_ogre_vendor/lib:/opt/ros/humble/lib/x86_64-linux-gnu:/opt/ros/humble/lib'), ('HOME', '/home/giromi'), ('OLDPWD', '/home/giromi/Repos/VTOL'), ('TERM_PROGRAM_VERSION', '3.2a'), ('DESKTOP_SESSION', 'ubuntu'), ('NVM_BIN', '/home/giromi/.nvm/versions/node/v20.11.0/bin'), ('NVM_INC', '/home/giromi/.nvm/versions/node/v20.11.0/include/node'), ('ROS_PYTHON_VERSION', '3'), ('GNOME_SHELL_SESSION_MODE', 'ubuntu'), ('GTK_MODULES', 'gail:atk-bridge'), ('PS1', "\\[\\e[01;32m\\]\\u@\\h \\[\\e[34m\\]\\w \\[\\e[1;31m\\]$(git branch 2> /dev/null | sed -e '/^[^*]/d' -e 's/* \\(.*\\)/(\\1)/')\\[\\e[00m\\]$"), ('LC_MONETARY', 'ko_KR.UTF-8'), ('SYSTEMD_EXEC_PID', '2073'), ('DBUS_SESSION_BUS_ADDRESS', 'unix:path=/run/user/1000/bus'), ('COLORTERM', 'truecolor'), ('NVM_DIR', '/home/giromi/.nvm'), ('ROS_DISTRO', 'humble'), ('GTK_IM_MODULE', 'ibus'), ('LOGNAME', 'giromi'), ('_', '/usr/bin/colcon'), ('ROS_VERSION', '2'), ('XDG_SESSION_CLASS', 'user'), ('USERNAME', 'giromi'), ('TERM', 'screen-256color'), ('GNOME_DESKTOP_SESSION_ID', 'this-is-deprecated'), ('ROS_LOCALHOST_ONLY', '0'), ('WINDOWPATH', '2'), ('PATH', '/opt/gcc-arm-none-eabi-9-2020-q2-update/bin:/home/giromi/.local/bin:/home/giromi/.nvm/versions/node/v20.11.0/bin:/opt/ros/humble/bin:/opt/gcc-arm-none-eabi-9-2020-q2-update/bin:/home/giromi/.local/bin:/usr/local/sbin:/usr/local/bin:/usr/sbin:/usr/bin:/sbin:/bin:/usr/games:/usr/local/games:/snap/bin:/snap/bin:/home/giromi/Bashes:/home/giromi/Bashes'), ('SESSION_MANAGER', 'local/ubuntu22:@/tmp/.ICE-unix/2044,unix/ubuntu22:/tmp/.ICE-unix/2044'), ('XDG_MENU_PREFIX', 'gnome-'), ('LC_ADDRESS', 'ko_KR.UTF-8'), ('GNOME_TERMINAL_SCREEN', '/org/gnome/Terminal/screen/7c38761a_019b_4274_8719_b3f2320c43bd'), ('XDG_RUNTIME_DIR', '/run/user/1000'), ('DISPLAY', ':1'), ('LANG', 'en_US.UTF-8'), ('XDG_CURRENT_DESKTOP', 'ubuntu:GNOME'), ('LC_TELEPHONE', 'ko_KR.UTF-8'), ('XMODIFIERS', '@im=ibus'), ('XDG_SESSION_DESKTOP', 'ubuntu'), ('XAUTHORITY', '/run/user/1000/gdm/Xauthority'), ('LS_COLORS', 'rs=0:di=01;34:ln=01;36:mh=00:pi=40;33:so=01;35:do=01;35:bd=40;33;01:cd=40;33;01:or=40;31;01:mi=00:su=37;41:sg=30;43:ca=30;41:tw=30;42:ow=34;42:st=37;44:ex=01;32:*.tar=01;31:*.tgz=01;31:*.arc=01;31:*.arj=01;31:*.taz=01;31:*.lha=01;31:*.lz4=01;31:*.lzh=01;31:*.lzma=01;31:*.tlz=01;31:*.txz=01;31:*.tzo=01;31:*.t7z=01;31:*.zip=01;31:*.z=01;31:*.dz=01;31:*.gz=01;31:*.lrz=01;31:*.lz=01;31:*.lzo=01;31:*.xz=01;31:*.zst=01;31:*.tzst=01;31:*.bz2=01;31:*.bz=01;31:*.tbz=01;31:*.tbz2=01;31:*.tz=01;31:*.deb=01;31:*.rpm=01;31:*.jar=01;31:*.war=01;31:*.ear=01;31:*.sar=01;31:*.rar=01;31:*.alz=01;31:*.ace=01;31:*.zoo=01;31:*.cpio=01;31:*.7z=01;31:*.rz=01;31:*.cab=01;31:*.wim=01;31:*.swm=01;31:*.dwm=01;31:*.esd=01;31:*.jpg=01;35:*.jpeg=01;35:*.mjpg=01;35:*.mjpeg=01;35:*.gif=01;35:*.bmp=01;35:*.pbm=01;35:*.pgm=01;35:*.ppm=01;35:*.tga=01;35:*.xbm=01;35:*.xpm=01;35:*.tif=01;35:*.tiff=01;35:*.png=01;35:*.svg=01;35:*.svgz=01;35:*.mng=01;35:*.pcx=01;35:*.mov=01;35:*.mpg=01;35:*.mpeg=01;35:*.m2v=01;35:*.mkv=01;35:*.webm=01;35:*.webp=01;35:*.ogm=01;35:*.mp4=01;35:*.m4v=01;35:*.mp4v=01;35:*.vob=01;35:*.qt=01;35:*.nuv=01;35:*.wmv=01;35:*.asf=01;35:*.rm=01;35:*.rmvb=01;35:*.flc=01;35:*.avi=01;35:*.fli=01;35:*.flv=01;35:*.gl=01;35:*.dl=01;35:*.xcf=01;35:*.xwd=01;35:*.yuv=01;35:*.cgm=01;35:*.emf=01;35:*.ogv=01;35:*.ogx=01;35:*.aac=00;36:*.au=00;36:*.flac=00;36:*.m4a=00;36:*.mid=00;36:*.midi=00;36:*.mka=00;36:*.mp3=00;36:*.mpc=00;36:*.ogg=00;36:*.ra=00;36:*.wav=00;36:*.oga=00;36:*.opus=00;36:*.spx=00;36:*.xspf=00;36:'), ('GNOME_TERMINAL_SERVICE', ':1.100'), ('TERM_PROGRAM', 'tmux'), ('SSH_AGENT_LAUNCHER', 'gnome-keyring'), ('SSH_AUTH_SOCK', '/run/user/1000/keyring/ssh'), ('AMENT_PREFIX_PATH', '/opt/ros/humble'), ('SHELL', '/bin/bash'), ('LC_NAME', 'ko_KR.UTF-8'), ('QT_ACCESSIBILITY', '1'), ('GDMSESSION', 'ubuntu'), ('LESSCLOSE', '/usr/bin/lesspipe %s %s'), ('LC_MEASUREMENT', 'ko_KR.UTF-8'), ('GPG_AGENT_INFO', '/run/user/1000/gnupg/S.gpg-agent:0:1'), ('LC_IDENTIFICATION', 'ko_KR.UTF-8'), ('QT_IM_MODULE', 'ibus'), ('PWD', '/home/giromi/Repos/VTOL/ws_sensor_combined_src/build/px4_msgs'), ('LC_ALL', 'en_US.UTF-8'), ('XDG_CONFIG_DIRS', '/etc/xdg/xdg-ubuntu:/etc/xdg'), ('NVM_CD_FLAGS', ''), ('XDG_DATA_DIRS', '/usr/share/ubuntu:/usr/share/gnome:/usr/local/share/:/usr/share/:/var/lib/snapd/desktop'), ('PYTHONPATH', '/opt/ros/humble/lib/python3.10/site-packages:/opt/ros/humble/local/lib/python3.10/dist-packages'), ('LC_NUMERIC', 'ko_KR.UTF-8'), ('TMUX_PLUGIN_MANAGER_PATH', '/home/giromi/.tmux/plugins/'), ('LC_PAPER', 'ko_KR.UTF-8'), ('COLCON', '1'), ('VTE_VERSION', '6800'), ('TMUX_PANE', '%2'), ('CMAKE_PREFIX_PATH', '/opt/ros/humble')]), 'shell': False}
[0.115058] (key_event) JobProgress: {'identifier': 'key_event', 'progress': 'cmake'}
[0.115675] (key_event) JobProgress: {'identifier': 'key_event', 'progress': 'build'}
[0.116513] (key_event) Command: {'cmd': ['/usr/local/bin/cmake', '--build', '/home/giromi/Repos/VTOL/ws_sensor_combined_src/build/key_event', '--', '-j8', '-l8'], 'cwd': '/home/giromi/Repos/VTOL/ws_sensor_combined_src/build/key_event', 'env': OrderedDict([('LESSOPEN', '| /usr/bin/lesspipe %s'), ('TMUX', '/tmp/tmux-1000/default,4900,2'), ('USER', 'giromi'), ('LC_TIME', 'ko_KR.UTF-8'), ('XDG_SESSION_TYPE', 'x11'), ('SHLVL', '2'), ('LD_LIBRARY_PATH', '/opt/ros/humble/opt/rviz_ogre_vendor/lib:/opt/ros/humble/lib/x86_64-linux-gnu:/opt/ros/humble/lib'), ('HOME', '/home/giromi'), ('OLDPWD', '/home/giromi/Repos/VTOL'), ('TERM_PROGRAM_VERSION', '3.2a'), ('DESKTOP_SESSION', 'ubuntu'), ('NVM_BIN', '/home/giromi/.nvm/versions/node/v20.11.0/bin'), ('NVM_INC', '/home/giromi/.nvm/versions/node/v20.11.0/include/node'), ('ROS_PYTHON_VERSION', '3'), ('GNOME_SHELL_SESSION_MODE', 'ubuntu'), ('GTK_MODULES', 'gail:atk-bridge'), ('PS1', "\\[\\e[01;32m\\]\\u@\\h \\[\\e[34m\\]\\w \\[\\e[1;31m\\]$(git branch 2> /dev/null | sed -e '/^[^*]/d' -e 's/* \\(.*\\)/(\\1)/')\\[\\e[00m\\]$"), ('LC_MONETARY', 'ko_KR.UTF-8'), ('SYSTEMD_EXEC_PID', '2073'), ('DBUS_SESSION_BUS_ADDRESS', 'unix:path=/run/user/1000/bus'), ('COLORTERM', 'truecolor'), ('NVM_DIR', '/home/giromi/.nvm'), ('ROS_DISTRO', 'humble'), ('GTK_IM_MODULE', 'ibus'), ('LOGNAME', 'giromi'), ('_', '/usr/bin/colcon'), ('ROS_VERSION', '2'), ('XDG_SESSION_CLASS', 'user'), ('USERNAME', 'giromi'), ('TERM', 'screen-256color'), ('GNOME_DESKTOP_SESSION_ID', 'this-is-deprecated'), ('ROS_LOCALHOST_ONLY', '0'), ('WINDOWPATH', '2'), ('PATH', '/opt/gcc-arm-none-eabi-9-2020-q2-update/bin:/home/giromi/.local/bin:/home/giromi/.nvm/versions/node/v20.11.0/bin:/opt/ros/humble/bin:/opt/gcc-arm-none-eabi-9-2020-q2-update/bin:/home/giromi/.local/bin:/usr/local/sbin:/usr/local/bin:/usr/sbin:/usr/bin:/sbin:/bin:/usr/games:/usr/local/games:/snap/bin:/snap/bin:/home/giromi/Bashes:/home/giromi/Bashes'), ('SESSION_MANAGER', 'local/ubuntu22:@/tmp/.ICE-unix/2044,unix/ubuntu22:/tmp/.ICE-unix/2044'), ('XDG_MENU_PREFIX', 'gnome-'), ('LC_ADDRESS', 'ko_KR.UTF-8'), ('GNOME_TERMINAL_SCREEN', '/org/gnome/Terminal/screen/7c38761a_019b_4274_8719_b3f2320c43bd'), ('XDG_RUNTIME_DIR', '/run/user/1000'), ('DISPLAY', ':1'), ('LANG', 'en_US.UTF-8'), ('XDG_CURRENT_DESKTOP', 'ubuntu:GNOME'), ('LC_TELEPHONE', 'ko_KR.UTF-8'), ('XMODIFIERS', '@im=ibus'), ('XDG_SESSION_DESKTOP', 'ubuntu'), ('XAUTHORITY', '/run/user/1000/gdm/Xauthority'), ('LS_COLORS', 'rs=0:di=01;34:ln=01;36:mh=00:pi=40;33:so=01;35:do=01;35:bd=40;33;01:cd=40;33;01:or=40;31;01:mi=00:su=37;41:sg=30;43:ca=30;41:tw=30;42:ow=34;42:st=37;44:ex=01;32:*.tar=01;31:*.tgz=01;31:*.arc=01;31:*.arj=01;31:*.taz=01;31:*.lha=01;31:*.lz4=01;31:*.lzh=01;31:*.lzma=01;31:*.tlz=01;31:*.txz=01;31:*.tzo=01;31:*.t7z=01;31:*.zip=01;31:*.z=01;31:*.dz=01;31:*.gz=01;31:*.lrz=01;31:*.lz=01;31:*.lzo=01;31:*.xz=01;31:*.zst=01;31:*.tzst=01;31:*.bz2=01;31:*.bz=01;31:*.tbz=01;31:*.tbz2=01;31:*.tz=01;31:*.deb=01;31:*.rpm=01;31:*.jar=01;31:*.war=01;31:*.ear=01;31:*.sar=01;31:*.rar=01;31:*.alz=01;31:*.ace=01;31:*.zoo=01;31:*.cpio=01;31:*.7z=01;31:*.rz=01;31:*.cab=01;31:*.wim=01;31:*.swm=01;31:*.dwm=01;31:*.esd=01;31:*.jpg=01;35:*.jpeg=01;35:*.mjpg=01;35:*.mjpeg=01;35:*.gif=01;35:*.bmp=01;35:*.pbm=01;35:*.pgm=01;35:*.ppm=01;35:*.tga=01;35:*.xbm=01;35:*.xpm=01;35:*.tif=01;35:*.tiff=01;35:*.png=01;35:*.svg=01;35:*.svgz=01;35:*.mng=01;35:*.pcx=01;35:*.mov=01;35:*.mpg=01;35:*.mpeg=01;35:*.m2v=01;35:*.mkv=01;35:*.webm=01;35:*.webp=01;35:*.ogm=01;35:*.mp4=01;35:*.m4v=01;35:*.mp4v=01;35:*.vob=01;35:*.qt=01;35:*.nuv=01;35:*.wmv=01;35:*.asf=01;35:*.rm=01;35:*.rmvb=01;35:*.flc=01;35:*.avi=01;35:*.fli=01;35:*.flv=01;35:*.gl=01;35:*.dl=01;35:*.xcf=01;35:*.xwd=01;35:*.yuv=01;35:*.cgm=01;35:*.emf=01;35:*.ogv=01;35:*.ogx=01;35:*.aac=00;36:*.au=00;36:*.flac=00;36:*.m4a=00;36:*.mid=00;36:*.midi=00;36:*.mka=00;36:*.mp3=00;36:*.mpc=00;36:*.ogg=00;36:*.ra=00;36:*.wav=00;36:*.oga=00;36:*.opus=00;36:*.spx=00;36:*.xspf=00;36:'), ('GNOME_TERMINAL_SERVICE', ':1.100'), ('TERM_PROGRAM', 'tmux'), ('SSH_AGENT_LAUNCHER', 'gnome-keyring'), ('SSH_AUTH_SOCK', '/run/user/1000/keyring/ssh'), ('AMENT_PREFIX_PATH', '/opt/ros/humble'), ('SHELL', '/bin/bash'), ('LC_NAME', 'ko_KR.UTF-8'), ('QT_ACCESSIBILITY', '1'), ('GDMSESSION', 'ubuntu'), ('LESSCLOSE', '/usr/bin/lesspipe %s %s'), ('LC_MEASUREMENT', 'ko_KR.UTF-8'), ('GPG_AGENT_INFO', '/run/user/1000/gnupg/S.gpg-agent:0:1'), ('LC_IDENTIFICATION', 'ko_KR.UTF-8'), ('QT_IM_MODULE', 'ibus'), ('PWD', '/home/giromi/Repos/VTOL/ws_sensor_combined_src/build/key_event'), ('LC_ALL', 'en_US.UTF-8'), ('XDG_CONFIG_DIRS', '/etc/xdg/xdg-ubuntu:/etc/xdg'), ('NVM_CD_FLAGS', ''), ('XDG_DATA_DIRS', '/usr/share/ubuntu:/usr/share/gnome:/usr/local/share/:/usr/share/:/var/lib/snapd/desktop'), ('PYTHONPATH', '/opt/ros/humble/lib/python3.10/site-packages:/opt/ros/humble/local/lib/python3.10/dist-packages'), ('LC_NUMERIC', 'ko_KR.UTF-8'), ('TMUX_PLUGIN_MANAGER_PATH', '/home/giromi/.tmux/plugins/'), ('LC_PAPER', 'ko_KR.UTF-8'), ('COLCON', '1'), ('VTE_VERSION', '6800'), ('TMUX_PANE', '%2'), ('CMAKE_PREFIX_PATH', '/opt/ros/humble')]), 'shell': False}
[0.152652] (key_event) StdoutLine: {'line': b'[ 66%] Built target key_sub\n'}
[0.152936] (key_event) StdoutLine: {'line': b'[ 66%] Built target key_pub\n'}
[0.159639] (key_event) StdoutLine: {'line': b'[100%] Built target key_event\n'}
[0.166109] (key_event) CommandEnded: {'returncode': 0}
[0.194296] (key_event) JobProgress: {'identifier': 'key_event', 'progress': 'install'}
[0.199383] (key_event) Command: {'cmd': ['/usr/local/bin/cmake', '--install', '/home/giromi/Repos/VTOL/ws_sensor_combined_src/build/key_event'], 'cwd': '/home/giromi/Repos/VTOL/ws_sensor_combined_src/build/key_event', 'env': OrderedDict([('LESSOPEN', '| /usr/bin/lesspipe %s'), ('TMUX', '/tmp/tmux-1000/default,4900,2'), ('USER', 'giromi'), ('LC_TIME', 'ko_KR.UTF-8'), ('XDG_SESSION_TYPE', 'x11'), ('SHLVL', '2'), ('LD_LIBRARY_PATH', '/opt/ros/humble/opt/rviz_ogre_vendor/lib:/opt/ros/humble/lib/x86_64-linux-gnu:/opt/ros/humble/lib'), ('HOME', '/home/giromi'), ('OLDPWD', '/home/giromi/Repos/VTOL'), ('TERM_PROGRAM_VERSION', '3.2a'), ('DESKTOP_SESSION', 'ubuntu'), ('NVM_BIN', '/home/giromi/.nvm/versions/node/v20.11.0/bin'), ('NVM_INC', '/home/giromi/.nvm/versions/node/v20.11.0/include/node'), ('ROS_PYTHON_VERSION', '3'), ('GNOME_SHELL_SESSION_MODE', 'ubuntu'), ('GTK_MODULES', 'gail:atk-bridge'), ('PS1', "\\[\\e[01;32m\\]\\u@\\h \\[\\e[34m\\]\\w \\[\\e[1;31m\\]$(git branch 2> /dev/null | sed -e '/^[^*]/d' -e 's/* \\(.*\\)/(\\1)/')\\[\\e[00m\\]$"), ('LC_MONETARY', 'ko_KR.UTF-8'), ('SYSTEMD_EXEC_PID', '2073'), ('DBUS_SESSION_BUS_ADDRESS', 'unix:path=/run/user/1000/bus'), ('COLORTERM', 'truecolor'), ('NVM_DIR', '/home/giromi/.nvm'), ('ROS_DISTRO', 'humble'), ('GTK_IM_MODULE', 'ibus'), ('LOGNAME', 'giromi'), ('_', '/usr/bin/colcon'), ('ROS_VERSION', '2'), ('XDG_SESSION_CLASS', 'user'), ('USERNAME', 'giromi'), ('TERM', 'screen-256color'), ('GNOME_DESKTOP_SESSION_ID', 'this-is-deprecated'), ('ROS_LOCALHOST_ONLY', '0'), ('WINDOWPATH', '2'), ('PATH', '/opt/gcc-arm-none-eabi-9-2020-q2-update/bin:/home/giromi/.local/bin:/home/giromi/.nvm/versions/node/v20.11.0/bin:/opt/ros/humble/bin:/opt/gcc-arm-none-eabi-9-2020-q2-update/bin:/home/giromi/.local/bin:/usr/local/sbin:/usr/local/bin:/usr/sbin:/usr/bin:/sbin:/bin:/usr/games:/usr/local/games:/snap/bin:/snap/bin:/home/giromi/Bashes:/home/giromi/Bashes'), ('SESSION_MANAGER', 'local/ubuntu22:@/tmp/.ICE-unix/2044,unix/ubuntu22:/tmp/.ICE-unix/2044'), ('XDG_MENU_PREFIX', 'gnome-'), ('LC_ADDRESS', 'ko_KR.UTF-8'), ('GNOME_TERMINAL_SCREEN', '/org/gnome/Terminal/screen/7c38761a_019b_4274_8719_b3f2320c43bd'), ('XDG_RUNTIME_DIR', '/run/user/1000'), ('DISPLAY', ':1'), ('LANG', 'en_US.UTF-8'), ('XDG_CURRENT_DESKTOP', 'ubuntu:GNOME'), ('LC_TELEPHONE', 'ko_KR.UTF-8'), ('XMODIFIERS', '@im=ibus'), ('XDG_SESSION_DESKTOP', 'ubuntu'), ('XAUTHORITY', '/run/user/1000/gdm/Xauthority'), ('LS_COLORS', 'rs=0:di=01;34:ln=01;36:mh=00:pi=40;33:so=01;35:do=01;35:bd=40;33;01:cd=40;33;01:or=40;31;01:mi=00:su=37;41:sg=30;43:ca=30;41:tw=30;42:ow=34;42:st=37;44:ex=01;32:*.tar=01;31:*.tgz=01;31:*.arc=01;31:*.arj=01;31:*.taz=01;31:*.lha=01;31:*.lz4=01;31:*.lzh=01;31:*.lzma=01;31:*.tlz=01;31:*.txz=01;31:*.tzo=01;31:*.t7z=01;31:*.zip=01;31:*.z=01;31:*.dz=01;31:*.gz=01;31:*.lrz=01;31:*.lz=01;31:*.lzo=01;31:*.xz=01;31:*.zst=01;31:*.tzst=01;31:*.bz2=01;31:*.bz=01;31:*.tbz=01;31:*.tbz2=01;31:*.tz=01;31:*.deb=01;31:*.rpm=01;31:*.jar=01;31:*.war=01;31:*.ear=01;31:*.sar=01;31:*.rar=01;31:*.alz=01;31:*.ace=01;31:*.zoo=01;31:*.cpio=01;31:*.7z=01;31:*.rz=01;31:*.cab=01;31:*.wim=01;31:*.swm=01;31:*.dwm=01;31:*.esd=01;31:*.jpg=01;35:*.jpeg=01;35:*.mjpg=01;35:*.mjpeg=01;35:*.gif=01;35:*.bmp=01;35:*.pbm=01;35:*.pgm=01;35:*.ppm=01;35:*.tga=01;35:*.xbm=01;35:*.xpm=01;35:*.tif=01;35:*.tiff=01;35:*.png=01;35:*.svg=01;35:*.svgz=01;35:*.mng=01;35:*.pcx=01;35:*.mov=01;35:*.mpg=01;35:*.mpeg=01;35:*.m2v=01;35:*.mkv=01;35:*.webm=01;35:*.webp=01;35:*.ogm=01;35:*.mp4=01;35:*.m4v=01;35:*.mp4v=01;35:*.vob=01;35:*.qt=01;35:*.nuv=01;35:*.wmv=01;35:*.asf=01;35:*.rm=01;35:*.rmvb=01;35:*.flc=01;35:*.avi=01;35:*.fli=01;35:*.flv=01;35:*.gl=01;35:*.dl=01;35:*.xcf=01;35:*.xwd=01;35:*.yuv=01;35:*.cgm=01;35:*.emf=01;35:*.ogv=01;35:*.ogx=01;35:*.aac=00;36:*.au=00;36:*.flac=00;36:*.m4a=00;36:*.mid=00;36:*.midi=00;36:*.mka=00;36:*.mp3=00;36:*.mpc=00;36:*.ogg=00;36:*.ra=00;36:*.wav=00;36:*.oga=00;36:*.opus=00;36:*.spx=00;36:*.xspf=00;36:'), ('GNOME_TERMINAL_SERVICE', ':1.100'), ('TERM_PROGRAM', 'tmux'), ('SSH_AGENT_LAUNCHER', 'gnome-keyring'), ('SSH_AUTH_SOCK', '/run/user/1000/keyring/ssh'), ('AMENT_PREFIX_PATH', '/opt/ros/humble'), ('SHELL', '/bin/bash'), ('LC_NAME', 'ko_KR.UTF-8'), ('QT_ACCESSIBILITY', '1'), ('GDMSESSION', 'ubuntu'), ('LESSCLOSE', '/usr/bin/lesspipe %s %s'), ('LC_MEASUREMENT', 'ko_KR.UTF-8'), ('GPG_AGENT_INFO', '/run/user/1000/gnupg/S.gpg-agent:0:1'), ('LC_IDENTIFICATION', 'ko_KR.UTF-8'), ('QT_IM_MODULE', 'ibus'), ('PWD', '/home/giromi/Repos/VTOL/ws_sensor_combined_src/build/key_event'), ('LC_ALL', 'en_US.UTF-8'), ('XDG_CONFIG_DIRS', '/etc/xdg/xdg-ubuntu:/etc/xdg'), ('NVM_CD_FLAGS', ''), ('XDG_DATA_DIRS', '/usr/share/ubuntu:/usr/share/gnome:/usr/local/share/:/usr/share/:/var/lib/snapd/desktop'), ('PYTHONPATH', '/opt/ros/humble/lib/python3.10/site-packages:/opt/ros/humble/local/lib/python3.10/dist-packages'), ('LC_NUMERIC', 'ko_KR.UTF-8'), ('TMUX_PLUGIN_MANAGER_PATH', '/home/giromi/.tmux/plugins/'), ('LC_PAPER', 'ko_KR.UTF-8'), ('COLCON', '1'), ('VTE_VERSION', '6800'), ('TMUX_PANE', '%2'), ('CMAKE_PREFIX_PATH', '/opt/ros/humble')]), 'shell': False}
[0.199995] (-) TimerEvent: {}
[0.203078] (key_event) StdoutLine: {'line': b'-- Install configuration: ""\n'}
[0.203620] (key_event) StdoutLine: {'line': b'-- Execute custom install script\n'}
[0.204018] (key_event) StdoutLine: {'line': b'-- Up-to-date symlink: /home/giromi/Repos/VTOL/ws_sensor_combined_src/install/key_event/lib/key_event/key_event\n'}
[0.204366] (key_event) StdoutLine: {'line': b'-- Up-to-date symlink: /home/giromi/Repos/VTOL/ws_sensor_combined_src/install/key_event/lib/key_event/key_sub\n'}
[0.204705] (key_event) StdoutLine: {'line': b'-- Up-to-date symlink: /home/giromi/Repos/VTOL/ws_sensor_combined_src/install/key_event/lib/key_event/key_pub\n'}
[0.205001] (key_event) StdoutLine: {'line': b'-- Up-to-date symlink: /home/giromi/Repos/VTOL/ws_sensor_combined_src/install/key_event/share/ament_index/resource_index/package_run_dependencies/key_event\n'}
[0.205264] (key_event) StdoutLine: {'line': b'-- Up-to-date symlink: /home/giromi/Repos/VTOL/ws_sensor_combined_src/install/key_event/share/ament_index/resource_index/parent_prefix_path/key_event\n'}
[0.205510] (key_event) StdoutLine: {'line': b'-- Up-to-date symlink: /home/giromi/Repos/VTOL/ws_sensor_combined_src/install/key_event/share/key_event/environment/ament_prefix_path.sh\n'}
[0.205863] (key_event) StdoutLine: {'line': b'-- Up-to-date symlink: /home/giromi/Repos/VTOL/ws_sensor_combined_src/install/key_event/share/key_event/environment/ament_prefix_path.dsv\n'}
[0.206207] (key_event) StdoutLine: {'line': b'-- Up-to-date symlink: /home/giromi/Repos/VTOL/ws_sensor_combined_src/install/key_event/share/key_event/environment/path.sh\n'}
[0.206542] (key_event) StdoutLine: {'line': b'-- Up-to-date symlink: /home/giromi/Repos/VTOL/ws_sensor_combined_src/install/key_event/share/key_event/environment/path.dsv\n'}
[0.206816] (key_event) StdoutLine: {'line': b'-- Up-to-date symlink: /home/giromi/Repos/VTOL/ws_sensor_combined_src/install/key_event/share/key_event/local_setup.bash\n'}
[0.207070] (key_event) StdoutLine: {'line': b'-- Up-to-date symlink: /home/giromi/Repos/VTOL/ws_sensor_combined_src/install/key_event/share/key_event/local_setup.sh\n'}
[0.207312] (key_event) StdoutLine: {'line': b'-- Up-to-date symlink: /home/giromi/Repos/VTOL/ws_sensor_combined_src/install/key_event/share/key_event/local_setup.zsh\n'}
[0.207555] (key_event) StdoutLine: {'line': b'-- Up-to-date symlink: /home/giromi/Repos/VTOL/ws_sensor_combined_src/install/key_event/share/key_event/local_setup.dsv\n'}
[0.207814] (key_event) StdoutLine: {'line': b'-- Symlinking: /home/giromi/Repos/VTOL/ws_sensor_combined_src/install/key_event/share/key_event/package.dsv\n'}
[0.212087] (key_event) StdoutLine: {'line': b'-- Up-to-date symlink: /home/giromi/Repos/VTOL/ws_sensor_combined_src/install/key_event/share/ament_index/resource_index/packages/key_event\n'}
[0.212343] (key_event) StdoutLine: {'line': b'-- Up-to-date symlink: /home/giromi/Repos/VTOL/ws_sensor_combined_src/install/key_event/share/key_event/cmake/key_eventConfig.cmake\n'}
[0.212460] (key_event) StdoutLine: {'line': b'-- Up-to-date symlink: /home/giromi/Repos/VTOL/ws_sensor_combined_src/install/key_event/share/key_event/cmake/key_eventConfig-version.cmake\n'}
[0.212670] (key_event) StdoutLine: {'line': b'-- Up-to-date symlink: /home/giromi/Repos/VTOL/ws_sensor_combined_src/install/key_event/share/key_event/package.xml\n'}
[0.214335] (key_event) CommandEnded: {'returncode': 0}
[0.300086] (-) TimerEvent: {}
[0.379704] (key_event) JobEnded: {'identifier': 'key_event', 'rc': 0}
[0.400210] (-) TimerEvent: {}
[0.500499] (-) TimerEvent: {}
[0.600778] (-) TimerEvent: {}
[0.701102] (-) TimerEvent: {}
[0.747378] (px4_msgs) StdoutLine: {'line': b'[  0%] Built target ament_cmake_python_symlink_px4_msgs\n'}
[0.769080] (px4_msgs) StdoutLine: {'line': b'[  0%] Built target px4_msgs__cpp\n'}
[0.801190] (-) TimerEvent: {}
[0.866132] (px4_msgs) StdoutLine: {'line': b'[ 12%] Built target px4_msgs__rosidl_generator_c\n'}
[0.901292] (-) TimerEvent: {}
[1.001823] (-) TimerEvent: {}
[1.014088] (px4_msgs) StdoutLine: {'line': b'[ 25%] Built target px4_msgs__rosidl_typesupport_c\n'}
[1.059600] (px4_msgs) StdoutLine: {'line': b'[ 38%] Built target px4_msgs__rosidl_typesupport_introspection_c\n'}
[1.079814] (px4_msgs) StdoutLine: {'line': b'[ 51%] Built target px4_msgs__rosidl_typesupport_introspection_cpp\n'}
[1.090821] (px4_msgs) StdoutLine: {'line': b'running egg_info\n'}
[1.101928] (-) TimerEvent: {}
[1.109091] (px4_msgs) StdoutLine: {'line': b'writing px4_msgs.egg-info/PKG-INFO\n'}
[1.109627] (px4_msgs) StdoutLine: {'line': b'writing dependency_links to px4_msgs.egg-info/dependency_links.txt\n'}
[1.110004] (px4_msgs) StdoutLine: {'line': b'writing top-level names to px4_msgs.egg-info/top_level.txt\n'}
[1.121193] (px4_msgs) StdoutLine: {'line': b'[ 63%] Built target px4_msgs__rosidl_typesupport_fastrtps_cpp\n'}
[1.134646] (px4_msgs) StdoutLine: {'line': b'[ 75%] Built target px4_msgs__rosidl_typesupport_cpp\n'}
[1.168753] (px4_msgs) StdoutLine: {'line': b"reading manifest file 'px4_msgs.egg-info/SOURCES.txt'\n"}
[1.172770] (px4_msgs) StdoutLine: {'line': b"writing manifest file 'px4_msgs.egg-info/SOURCES.txt'\n"}
[1.195430] (px4_msgs) StdoutLine: {'line': b'[ 75%] Built target ament_cmake_python_build_px4_msgs_egg\n'}
[1.202036] (-) TimerEvent: {}
[1.203908] (px4_msgs) StdoutLine: {'line': b'[ 88%] Built target px4_msgs__rosidl_typesupport_fastrtps_c\n'}
[1.216757] (px4_msgs) StdoutLine: {'line': b'[ 88%] Built target px4_msgs\n'}
[1.240030] (px4_msgs) StdoutLine: {'line': b'[ 88%] Built target px4_msgs__py\n'}
[1.302170] (-) TimerEvent: {}
[1.402458] (-) TimerEvent: {}
[1.487005] (px4_msgs) StdoutLine: {'line': b'[100%] Built target px4_msgs__rosidl_generator_py\n'}
[1.502522] (-) TimerEvent: {}
[1.512154] (px4_msgs) StdoutLine: {'line': b'[100%] Built target px4_msgs__rosidl_typesupport_c__pyext\n'}
[1.512399] (px4_msgs) StdoutLine: {'line': b'[100%] Built target px4_msgs__rosidl_typesupport_fastrtps_c__pyext\n'}
[1.512642] (px4_msgs) StdoutLine: {'line': b'[100%] Built target px4_msgs__rosidl_typesupport_introspection_c__pyext\n'}
[1.519871] (px4_msgs) CommandEnded: {'returncode': 0}
[1.602636] (-) TimerEvent: {}
[1.702957] (-) TimerEvent: {}
[1.803281] (-) TimerEvent: {}
[1.903580] (-) TimerEvent: {}
[2.003896] (-) TimerEvent: {}
[2.104200] (-) TimerEvent: {}
[2.204519] (-) TimerEvent: {}
[2.304758] (-) TimerEvent: {}
[2.405019] (-) TimerEvent: {}
[2.505273] (-) TimerEvent: {}
[2.605486] (-) TimerEvent: {}
[2.705707] (-) TimerEvent: {}
[2.805990] (-) TimerEvent: {}
[2.906248] (-) TimerEvent: {}
[3.006548] (-) TimerEvent: {}
[3.106810] (-) TimerEvent: {}
[3.207144] (-) TimerEvent: {}
[3.307462] (-) TimerEvent: {}
[3.407788] (-) TimerEvent: {}
[3.508006] (-) TimerEvent: {}
[3.608261] (-) TimerEvent: {}
[3.708509] (-) TimerEvent: {}
[3.808741] (-) TimerEvent: {}
[3.909013] (-) TimerEvent: {}
[4.009244] (-) TimerEvent: {}
[4.109480] (-) TimerEvent: {}
[4.209719] (-) TimerEvent: {}
[4.309988] (-) TimerEvent: {}
[4.410221] (-) TimerEvent: {}
[4.510510] (-) TimerEvent: {}
[4.610789] (-) TimerEvent: {}
[4.711053] (-) TimerEvent: {}
[4.811270] (-) TimerEvent: {}
[4.911538] (-) TimerEvent: {}
[5.011756] (-) TimerEvent: {}
[5.112085] (-) TimerEvent: {}
[5.212303] (-) TimerEvent: {}
[5.312585] (-) TimerEvent: {}
[5.412835] (-) TimerEvent: {}
[5.513166] (-) TimerEvent: {}
[5.613440] (-) TimerEvent: {}
[5.713714] (-) TimerEvent: {}
[5.813960] (-) TimerEvent: {}
[5.914284] (-) TimerEvent: {}
[6.014542] (-) TimerEvent: {}
[6.089271] (px4_msgs) JobProgress: {'identifier': 'px4_msgs', 'progress': 'install'}
[6.090286] (px4_msgs) Command: {'cmd': ['/usr/local/bin/cmake', '--install', '/home/giromi/Repos/VTOL/ws_sensor_combined_src/build/px4_msgs'], 'cwd': '/home/giromi/Repos/VTOL/ws_sensor_combined_src/build/px4_msgs', 'env': OrderedDict([('LESSOPEN', '| /usr/bin/lesspipe %s'), ('TMUX', '/tmp/tmux-1000/default,4900,2'), ('USER', 'giromi'), ('LC_TIME', 'ko_KR.UTF-8'), ('XDG_SESSION_TYPE', 'x11'), ('SHLVL', '2'), ('LD_LIBRARY_PATH', '/opt/ros/humble/opt/rviz_ogre_vendor/lib:/opt/ros/humble/lib/x86_64-linux-gnu:/opt/ros/humble/lib'), ('HOME', '/home/giromi'), ('OLDPWD', '/home/giromi/Repos/VTOL'), ('TERM_PROGRAM_VERSION', '3.2a'), ('DESKTOP_SESSION', 'ubuntu'), ('NVM_BIN', '/home/giromi/.nvm/versions/node/v20.11.0/bin'), ('NVM_INC', '/home/giromi/.nvm/versions/node/v20.11.0/include/node'), ('ROS_PYTHON_VERSION', '3'), ('GNOME_SHELL_SESSION_MODE', 'ubuntu'), ('GTK_MODULES', 'gail:atk-bridge'), ('PS1', "\\[\\e[01;32m\\]\\u@\\h \\[\\e[34m\\]\\w \\[\\e[1;31m\\]$(git branch 2> /dev/null | sed -e '/^[^*]/d' -e 's/* \\(.*\\)/(\\1)/')\\[\\e[00m\\]$"), ('LC_MONETARY', 'ko_KR.UTF-8'), ('SYSTEMD_EXEC_PID', '2073'), ('DBUS_SESSION_BUS_ADDRESS', 'unix:path=/run/user/1000/bus'), ('COLORTERM', 'truecolor'), ('NVM_DIR', '/home/giromi/.nvm'), ('ROS_DISTRO', 'humble'), ('GTK_IM_MODULE', 'ibus'), ('LOGNAME', 'giromi'), ('_', '/usr/bin/colcon'), ('ROS_VERSION', '2'), ('XDG_SESSION_CLASS', 'user'), ('USERNAME', 'giromi'), ('TERM', 'screen-256color'), ('GNOME_DESKTOP_SESSION_ID', 'this-is-deprecated'), ('ROS_LOCALHOST_ONLY', '0'), ('WINDOWPATH', '2'), ('PATH', '/opt/gcc-arm-none-eabi-9-2020-q2-update/bin:/home/giromi/.local/bin:/home/giromi/.nvm/versions/node/v20.11.0/bin:/opt/ros/humble/bin:/opt/gcc-arm-none-eabi-9-2020-q2-update/bin:/home/giromi/.local/bin:/usr/local/sbin:/usr/local/bin:/usr/sbin:/usr/bin:/sbin:/bin:/usr/games:/usr/local/games:/snap/bin:/snap/bin:/home/giromi/Bashes:/home/giromi/Bashes'), ('SESSION_MANAGER', 'local/ubuntu22:@/tmp/.ICE-unix/2044,unix/ubuntu22:/tmp/.ICE-unix/2044'), ('XDG_MENU_PREFIX', 'gnome-'), ('LC_ADDRESS', 'ko_KR.UTF-8'), ('GNOME_TERMINAL_SCREEN', '/org/gnome/Terminal/screen/7c38761a_019b_4274_8719_b3f2320c43bd'), ('XDG_RUNTIME_DIR', '/run/user/1000'), ('DISPLAY', ':1'), ('LANG', 'en_US.UTF-8'), ('XDG_CURRENT_DESKTOP', 'ubuntu:GNOME'), ('LC_TELEPHONE', 'ko_KR.UTF-8'), ('XMODIFIERS', '@im=ibus'), ('XDG_SESSION_DESKTOP', 'ubuntu'), ('XAUTHORITY', '/run/user/1000/gdm/Xauthority'), ('LS_COLORS', 'rs=0:di=01;34:ln=01;36:mh=00:pi=40;33:so=01;35:do=01;35:bd=40;33;01:cd=40;33;01:or=40;31;01:mi=00:su=37;41:sg=30;43:ca=30;41:tw=30;42:ow=34;42:st=37;44:ex=01;32:*.tar=01;31:*.tgz=01;31:*.arc=01;31:*.arj=01;31:*.taz=01;31:*.lha=01;31:*.lz4=01;31:*.lzh=01;31:*.lzma=01;31:*.tlz=01;31:*.txz=01;31:*.tzo=01;31:*.t7z=01;31:*.zip=01;31:*.z=01;31:*.dz=01;31:*.gz=01;31:*.lrz=01;31:*.lz=01;31:*.lzo=01;31:*.xz=01;31:*.zst=01;31:*.tzst=01;31:*.bz2=01;31:*.bz=01;31:*.tbz=01;31:*.tbz2=01;31:*.tz=01;31:*.deb=01;31:*.rpm=01;31:*.jar=01;31:*.war=01;31:*.ear=01;31:*.sar=01;31:*.rar=01;31:*.alz=01;31:*.ace=01;31:*.zoo=01;31:*.cpio=01;31:*.7z=01;31:*.rz=01;31:*.cab=01;31:*.wim=01;31:*.swm=01;31:*.dwm=01;31:*.esd=01;31:*.jpg=01;35:*.jpeg=01;35:*.mjpg=01;35:*.mjpeg=01;35:*.gif=01;35:*.bmp=01;35:*.pbm=01;35:*.pgm=01;35:*.ppm=01;35:*.tga=01;35:*.xbm=01;35:*.xpm=01;35:*.tif=01;35:*.tiff=01;35:*.png=01;35:*.svg=01;35:*.svgz=01;35:*.mng=01;35:*.pcx=01;35:*.mov=01;35:*.mpg=01;35:*.mpeg=01;35:*.m2v=01;35:*.mkv=01;35:*.webm=01;35:*.webp=01;35:*.ogm=01;35:*.mp4=01;35:*.m4v=01;35:*.mp4v=01;35:*.vob=01;35:*.qt=01;35:*.nuv=01;35:*.wmv=01;35:*.asf=01;35:*.rm=01;35:*.rmvb=01;35:*.flc=01;35:*.avi=01;35:*.fli=01;35:*.flv=01;35:*.gl=01;35:*.dl=01;35:*.xcf=01;35:*.xwd=01;35:*.yuv=01;35:*.cgm=01;35:*.emf=01;35:*.ogv=01;35:*.ogx=01;35:*.aac=00;36:*.au=00;36:*.flac=00;36:*.m4a=00;36:*.mid=00;36:*.midi=00;36:*.mka=00;36:*.mp3=00;36:*.mpc=00;36:*.ogg=00;36:*.ra=00;36:*.wav=00;36:*.oga=00;36:*.opus=00;36:*.spx=00;36:*.xspf=00;36:'), ('GNOME_TERMINAL_SERVICE', ':1.100'), ('TERM_PROGRAM', 'tmux'), ('SSH_AGENT_LAUNCHER', 'gnome-keyring'), ('SSH_AUTH_SOCK', '/run/user/1000/keyring/ssh'), ('AMENT_PREFIX_PATH', '/opt/ros/humble'), ('SHELL', '/bin/bash'), ('LC_NAME', 'ko_KR.UTF-8'), ('QT_ACCESSIBILITY', '1'), ('GDMSESSION', 'ubuntu'), ('LESSCLOSE', '/usr/bin/lesspipe %s %s'), ('LC_MEASUREMENT', 'ko_KR.UTF-8'), ('GPG_AGENT_INFO', '/run/user/1000/gnupg/S.gpg-agent:0:1'), ('LC_IDENTIFICATION', 'ko_KR.UTF-8'), ('QT_IM_MODULE', 'ibus'), ('PWD', '/home/giromi/Repos/VTOL/ws_sensor_combined_src/build/px4_msgs'), ('LC_ALL', 'en_US.UTF-8'), ('XDG_CONFIG_DIRS', '/etc/xdg/xdg-ubuntu:/etc/xdg'), ('NVM_CD_FLAGS', ''), ('XDG_DATA_DIRS', '/usr/share/ubuntu:/usr/share/gnome:/usr/local/share/:/usr/share/:/var/lib/snapd/desktop'), ('PYTHONPATH', '/opt/ros/humble/lib/python3.10/site-packages:/opt/ros/humble/local/lib/python3.10/dist-packages'), ('LC_NUMERIC', 'ko_KR.UTF-8'), ('TMUX_PLUGIN_MANAGER_PATH', '/home/giromi/.tmux/plugins/'), ('LC_PAPER', 'ko_KR.UTF-8'), ('COLCON', '1'), ('VTE_VERSION', '6800'), ('TMUX_PANE', '%2'), ('CMAKE_PREFIX_PATH', '/opt/ros/humble')]), 'shell': False}
[6.094049] (px4_msgs) StdoutLine: {'line': b'-- Install configuration: ""\n'}
[6.096342] (px4_msgs) StdoutLine: {'line': b'-- Execute custom install script\n'}
[6.114732] (-) TimerEvent: {}
[6.129794] (px4_msgs) StdoutLine: {'line': b'-- Up-to-date symlink: /home/giromi/Repos/VTOL/ws_sensor_combined_src/install/px4_msgs/share/ament_index/resource_index/rosidl_interfaces/px4_msgs\n'}
[6.157292] (px4_msgs) StdoutLine: {'line': b'-- Up-to-date symlink: /home/giromi/Repos/VTOL/ws_sensor_combined_src/install/px4_msgs/include/px4_msgs/px4_msgs/msg/action_request.h\n'}
[6.157675] (px4_msgs) StdoutLine: {'line': b'-- Up-to-date symlink: /home/giromi/Repos/VTOL/ws_sensor_combined_src/install/px4_msgs/include/px4_msgs/px4_msgs/msg/actuator_armed.h\n'}
[6.157858] (px4_msgs) StdoutLine: {'line': b'-- Up-to-date symlink: /home/giromi/Repos/VTOL/ws_sensor_combined_src/install/px4_msgs/include/px4_msgs/px4_msgs/msg/actuator_controls_status.h\n'}
[6.158151] (px4_msgs) StdoutLine: {'line': b'-- Up-to-date symlink: /home/giromi/Repos/VTOL/ws_sensor_combined_src/install/px4_msgs/include/px4_msgs/px4_msgs/msg/actuator_motors.h\n'}
[6.158486] (px4_msgs) StdoutLine: {'line': b'-- Up-to-date symlink: /home/giromi/Repos/VTOL/ws_sensor_combined_src/install/px4_msgs/include/px4_msgs/px4_msgs/msg/actuator_outputs.h\n'}
[6.158636] (px4_msgs) StdoutLine: {'line': b'-- Up-to-date symlink: /home/giromi/Repos/VTOL/ws_sensor_combined_src/install/px4_msgs/include/px4_msgs/px4_msgs/msg/actuator_servos.h\n'}
[6.158918] (px4_msgs) StdoutLine: {'line': b'-- Up-to-date symlink: /home/giromi/Repos/VTOL/ws_sensor_combined_src/install/px4_msgs/include/px4_msgs/px4_msgs/msg/actuator_servos_trim.h\n'}
[6.159089] (px4_msgs) StdoutLine: {'line': b'-- Up-to-date symlink: /home/giromi/Repos/VTOL/ws_sensor_combined_src/install/px4_msgs/include/px4_msgs/px4_msgs/msg/actuator_test.h\n'}
[6.159315] (px4_msgs) StdoutLine: {'line': b'-- Up-to-date symlink: /home/giromi/Repos/VTOL/ws_sensor_combined_src/install/px4_msgs/include/px4_msgs/px4_msgs/msg/adc_report.h\n'}
[6.159529] (px4_msgs) StdoutLine: {'line': b'-- Up-to-date symlink: /home/giromi/Repos/VTOL/ws_sensor_combined_src/install/px4_msgs/include/px4_msgs/px4_msgs/msg/airspeed.h\n'}
[6.159745] (px4_msgs) StdoutLine: {'line': b'-- Up-to-date symlink: /home/giromi/Repos/VTOL/ws_sensor_combined_src/install/px4_msgs/include/px4_msgs/px4_msgs/msg/airspeed_validated.h\n'}
[6.159966] (px4_msgs) StdoutLine: {'line': b'-- Up-to-date symlink: /home/giromi/Repos/VTOL/ws_sensor_combined_src/install/px4_msgs/include/px4_msgs/px4_msgs/msg/airspeed_wind.h\n'}
[6.160206] (px4_msgs) StdoutLine: {'line': b'-- Up-to-date symlink: /home/giromi/Repos/VTOL/ws_sensor_combined_src/install/px4_msgs/include/px4_msgs/px4_msgs/msg/arming_check_reply.h\n'}
[6.160457] (px4_msgs) StdoutLine: {'line': b'-- Up-to-date symlink: /home/giromi/Repos/VTOL/ws_sensor_combined_src/install/px4_msgs/include/px4_msgs/px4_msgs/msg/arming_check_request.h\n'}
[6.160710] (px4_msgs) StdoutLine: {'line': b'-- Up-to-date symlink: /home/giromi/Repos/VTOL/ws_sensor_combined_src/install/px4_msgs/include/px4_msgs/px4_msgs/msg/autotune_attitude_control_status.h\n'}
[6.160926] (px4_msgs) StdoutLine: {'line': b'-- Up-to-date symlink: /home/giromi/Repos/VTOL/ws_sensor_combined_src/install/px4_msgs/include/px4_msgs/px4_msgs/msg/battery_status.h\n'}
[6.161117] (px4_msgs) StdoutLine: {'line': b'-- Up-to-date symlink: /home/giromi/Repos/VTOL/ws_sensor_combined_src/install/px4_msgs/include/px4_msgs/px4_msgs/msg/buffer128.h\n'}
[6.161306] (px4_msgs) StdoutLine: {'line': b'-- Up-to-date symlink: /home/giromi/Repos/VTOL/ws_sensor_combined_src/install/px4_msgs/include/px4_msgs/px4_msgs/msg/button_event.h\n'}
[6.161506] (px4_msgs) StdoutLine: {'line': b'-- Up-to-date symlink: /home/giromi/Repos/VTOL/ws_sensor_combined_src/install/px4_msgs/include/px4_msgs/px4_msgs/msg/camera_capture.h\n'}
[6.161674] (px4_msgs) StdoutLine: {'line': b'-- Up-to-date symlink: /home/giromi/Repos/VTOL/ws_sensor_combined_src/install/px4_msgs/include/px4_msgs/px4_msgs/msg/camera_status.h\n'}
[6.161877] (px4_msgs) StdoutLine: {'line': b'-- Up-to-date symlink: /home/giromi/Repos/VTOL/ws_sensor_combined_src/install/px4_msgs/include/px4_msgs/px4_msgs/msg/camera_trigger.h\n'}
[6.162075] (px4_msgs) StdoutLine: {'line': b'-- Up-to-date symlink: /home/giromi/Repos/VTOL/ws_sensor_combined_src/install/px4_msgs/include/px4_msgs/px4_msgs/msg/cellular_status.h\n'}
[6.162273] (px4_msgs) StdoutLine: {'line': b'-- Up-to-date symlink: /home/giromi/Repos/VTOL/ws_sensor_combined_src/install/px4_msgs/include/px4_msgs/px4_msgs/msg/collision_constraints.h\n'}
[6.162518] (px4_msgs) StdoutLine: {'line': b'-- Up-to-date symlink: /home/giromi/Repos/VTOL/ws_sensor_combined_src/install/px4_msgs/include/px4_msgs/px4_msgs/msg/collision_report.h\n'}
[6.163047] (px4_msgs) StdoutLine: {'line': b'-- Up-to-date symlink: /home/giromi/Repos/VTOL/ws_sensor_combined_src/install/px4_msgs/include/px4_msgs/px4_msgs/msg/config_overrides.h\n'}
[6.163359] (px4_msgs) StdoutLine: {'line': b'-- Up-to-date symlink: /home/giromi/Repos/VTOL/ws_sensor_combined_src/install/px4_msgs/include/px4_msgs/px4_msgs/msg/control_allocator_status.h\n'}
[6.163655] (px4_msgs) StdoutLine: {'line': b'-- Up-to-date symlink: /home/giromi/Repos/VTOL/ws_sensor_combined_src/install/px4_msgs/include/px4_msgs/px4_msgs/msg/cpuload.h\n'}
[6.163967] (px4_msgs) StdoutLine: {'line': b'-- Up-to-date symlink: /home/giromi/Repos/VTOL/ws_sensor_combined_src/install/px4_msgs/include/px4_msgs/px4_msgs/msg/dataman_request.h\n'}
[6.164248] (px4_msgs) StdoutLine: {'line': b'-- Up-to-date symlink: /home/giromi/Repos/VTOL/ws_sensor_combined_src/install/px4_msgs/include/px4_msgs/px4_msgs/msg/dataman_response.h\n'}
[6.164509] (px4_msgs) StdoutLine: {'line': b'-- Up-to-date symlink: /home/giromi/Repos/VTOL/ws_sensor_combined_src/install/px4_msgs/include/px4_msgs/px4_msgs/msg/debug_array.h\n'}
[6.164755] (px4_msgs) StdoutLine: {'line': b'-- Up-to-date symlink: /home/giromi/Repos/VTOL/ws_sensor_combined_src/install/px4_msgs/include/px4_msgs/px4_msgs/msg/debug_key_value.h\n'}
[6.165067] (px4_msgs) StdoutLine: {'line': b'-- Up-to-date symlink: /home/giromi/Repos/VTOL/ws_sensor_combined_src/install/px4_msgs/include/px4_msgs/px4_msgs/msg/debug_value.h\n'}
[6.165330] (px4_msgs) StdoutLine: {'line': b'-- Up-to-date symlink: /home/giromi/Repos/VTOL/ws_sensor_combined_src/install/px4_msgs/include/px4_msgs/px4_msgs/msg/debug_vect.h\n'}
[6.165567] (px4_msgs) StdoutLine: {'line': b'-- Up-to-date symlink: /home/giromi/Repos/VTOL/ws_sensor_combined_src/install/px4_msgs/include/px4_msgs/px4_msgs/msg/detail/action_request__functions.h\n'}
[6.165814] (px4_msgs) StdoutLine: {'line': b'-- Up-to-date symlink: /home/giromi/Repos/VTOL/ws_sensor_combined_src/install/px4_msgs/include/px4_msgs/px4_msgs/msg/detail/action_request__struct.h\n'}
[6.166039] (px4_msgs) StdoutLine: {'line': b'-- Up-to-date symlink: /home/giromi/Repos/VTOL/ws_sensor_combined_src/install/px4_msgs/include/px4_msgs/px4_msgs/msg/detail/action_request__type_support.h\n'}
[6.166270] (px4_msgs) StdoutLine: {'line': b'-- Up-to-date symlink: /home/giromi/Repos/VTOL/ws_sensor_combined_src/install/px4_msgs/include/px4_msgs/px4_msgs/msg/detail/actuator_armed__functions.h\n'}
[6.166677] (px4_msgs) StdoutLine: {'line': b'-- Up-to-date symlink: /home/giromi/Repos/VTOL/ws_sensor_combined_src/install/px4_msgs/include/px4_msgs/px4_msgs/msg/detail/actuator_armed__struct.h\n'}
[6.166962] (px4_msgs) StdoutLine: {'line': b'-- Up-to-date symlink: /home/giromi/Repos/VTOL/ws_sensor_combined_src/install/px4_msgs/include/px4_msgs/px4_msgs/msg/detail/actuator_armed__type_support.h\n'}
[6.167171] (px4_msgs) StdoutLine: {'line': b'-- Up-to-date symlink: /home/giromi/Repos/VTOL/ws_sensor_combined_src/install/px4_msgs/include/px4_msgs/px4_msgs/msg/detail/actuator_controls_status__functions.h\n'}
[6.167433] (px4_msgs) StdoutLine: {'line': b'-- Up-to-date symlink: /home/giromi/Repos/VTOL/ws_sensor_combined_src/install/px4_msgs/include/px4_msgs/px4_msgs/msg/detail/actuator_controls_status__struct.h\n'}
[6.167634] (px4_msgs) StdoutLine: {'line': b'-- Up-to-date symlink: /home/giromi/Repos/VTOL/ws_sensor_combined_src/install/px4_msgs/include/px4_msgs/px4_msgs/msg/detail/actuator_controls_status__type_support.h\n'}
[6.167869] (px4_msgs) StdoutLine: {'line': b'-- Up-to-date symlink: /home/giromi/Repos/VTOL/ws_sensor_combined_src/install/px4_msgs/include/px4_msgs/px4_msgs/msg/detail/actuator_motors__functions.h\n'}
[6.168097] (px4_msgs) StdoutLine: {'line': b'-- Up-to-date symlink: /home/giromi/Repos/VTOL/ws_sensor_combined_src/install/px4_msgs/include/px4_msgs/px4_msgs/msg/detail/actuator_motors__struct.h\n'}
[6.168318] (px4_msgs) StdoutLine: {'line': b'-- Up-to-date symlink: /home/giromi/Repos/VTOL/ws_sensor_combined_src/install/px4_msgs/include/px4_msgs/px4_msgs/msg/detail/actuator_motors__type_support.h\n'}
[6.168539] (px4_msgs) StdoutLine: {'line': b'-- Up-to-date symlink: /home/giromi/Repos/VTOL/ws_sensor_combined_src/install/px4_msgs/include/px4_msgs/px4_msgs/msg/detail/actuator_outputs__functions.h\n'}
[6.168760] (px4_msgs) StdoutLine: {'line': b'-- Up-to-date symlink: /home/giromi/Repos/VTOL/ws_sensor_combined_src/install/px4_msgs/include/px4_msgs/px4_msgs/msg/detail/actuator_outputs__struct.h\n'}
[6.168998] (px4_msgs) StdoutLine: {'line': b'-- Up-to-date symlink: /home/giromi/Repos/VTOL/ws_sensor_combined_src/install/px4_msgs/include/px4_msgs/px4_msgs/msg/detail/actuator_outputs__type_support.h\n'}
[6.169208] (px4_msgs) StdoutLine: {'line': b'-- Up-to-date symlink: /home/giromi/Repos/VTOL/ws_sensor_combined_src/install/px4_msgs/include/px4_msgs/px4_msgs/msg/detail/actuator_servos__functions.h\n'}
[6.169512] (px4_msgs) StdoutLine: {'line': b'-- Up-to-date symlink: /home/giromi/Repos/VTOL/ws_sensor_combined_src/install/px4_msgs/include/px4_msgs/px4_msgs/msg/detail/actuator_servos__struct.h\n'}
[6.169742] (px4_msgs) StdoutLine: {'line': b'-- Up-to-date symlink: /home/giromi/Repos/VTOL/ws_sensor_combined_src/install/px4_msgs/include/px4_msgs/px4_msgs/msg/detail/actuator_servos__type_support.h\n'}
[6.169947] (px4_msgs) StdoutLine: {'line': b'-- Up-to-date symlink: /home/giromi/Repos/VTOL/ws_sensor_combined_src/install/px4_msgs/include/px4_msgs/px4_msgs/msg/detail/actuator_servos_trim__functions.h\n'}
[6.170174] (px4_msgs) StdoutLine: {'line': b'-- Up-to-date symlink: /home/giromi/Repos/VTOL/ws_sensor_combined_src/install/px4_msgs/include/px4_msgs/px4_msgs/msg/detail/actuator_servos_trim__struct.h\n'}
[6.170400] (px4_msgs) StdoutLine: {'line': b'-- Up-to-date symlink: /home/giromi/Repos/VTOL/ws_sensor_combined_src/install/px4_msgs/include/px4_msgs/px4_msgs/msg/detail/actuator_servos_trim__type_support.h\n'}
[6.170874] (px4_msgs) StdoutLine: {'line': b'-- Up-to-date symlink: /home/giromi/Repos/VTOL/ws_sensor_combined_src/install/px4_msgs/include/px4_msgs/px4_msgs/msg/detail/actuator_test__functions.h\n'}
[6.171058] (px4_msgs) StdoutLine: {'line': b'-- Up-to-date symlink: /home/giromi/Repos/VTOL/ws_sensor_combined_src/install/px4_msgs/include/px4_msgs/px4_msgs/msg/detail/actuator_test__struct.h\n'}
[6.171279] (px4_msgs) StdoutLine: {'line': b'-- Up-to-date symlink: /home/giromi/Repos/VTOL/ws_sensor_combined_src/install/px4_msgs/include/px4_msgs/px4_msgs/msg/detail/actuator_test__type_support.h\n'}
[6.171474] (px4_msgs) StdoutLine: {'line': b'-- Up-to-date symlink: /home/giromi/Repos/VTOL/ws_sensor_combined_src/install/px4_msgs/include/px4_msgs/px4_msgs/msg/detail/adc_report__functions.h\n'}
[6.171686] (px4_msgs) StdoutLine: {'line': b'-- Up-to-date symlink: /home/giromi/Repos/VTOL/ws_sensor_combined_src/install/px4_msgs/include/px4_msgs/px4_msgs/msg/detail/adc_report__struct.h\n'}
[6.171885] (px4_msgs) StdoutLine: {'line': b'-- Up-to-date symlink: /home/giromi/Repos/VTOL/ws_sensor_combined_src/install/px4_msgs/include/px4_msgs/px4_msgs/msg/detail/adc_report__type_support.h\n'}
[6.172078] (px4_msgs) StdoutLine: {'line': b'-- Up-to-date symlink: /home/giromi/Repos/VTOL/ws_sensor_combined_src/install/px4_msgs/include/px4_msgs/px4_msgs/msg/detail/airspeed__functions.h\n'}
[6.172279] (px4_msgs) StdoutLine: {'line': b'-- Up-to-date symlink: /home/giromi/Repos/VTOL/ws_sensor_combined_src/install/px4_msgs/include/px4_msgs/px4_msgs/msg/detail/airspeed__struct.h\n'}
[6.172491] (px4_msgs) StdoutLine: {'line': b'-- Up-to-date symlink: /home/giromi/Repos/VTOL/ws_sensor_combined_src/install/px4_msgs/include/px4_msgs/px4_msgs/msg/detail/airspeed__type_support.h\n'}
[6.172683] (px4_msgs) StdoutLine: {'line': b'-- Up-to-date symlink: /home/giromi/Repos/VTOL/ws_sensor_combined_src/install/px4_msgs/include/px4_msgs/px4_msgs/msg/detail/airspeed_validated__functions.h\n'}
[6.172888] (px4_msgs) StdoutLine: {'line': b'-- Up-to-date symlink: /home/giromi/Repos/VTOL/ws_sensor_combined_src/install/px4_msgs/include/px4_msgs/px4_msgs/msg/detail/airspeed_validated__struct.h\n'}
[6.173076] (px4_msgs) StdoutLine: {'line': b'-- Up-to-date symlink: /home/giromi/Repos/VTOL/ws_sensor_combined_src/install/px4_msgs/include/px4_msgs/px4_msgs/msg/detail/airspeed_validated__type_support.h\n'}
[6.173288] (px4_msgs) StdoutLine: {'line': b'-- Up-to-date symlink: /home/giromi/Repos/VTOL/ws_sensor_combined_src/install/px4_msgs/include/px4_msgs/px4_msgs/msg/detail/airspeed_wind__functions.h\n'}
[6.173481] (px4_msgs) StdoutLine: {'line': b'-- Up-to-date symlink: /home/giromi/Repos/VTOL/ws_sensor_combined_src/install/px4_msgs/include/px4_msgs/px4_msgs/msg/detail/airspeed_wind__struct.h\n'}
[6.173679] (px4_msgs) StdoutLine: {'line': b'-- Up-to-date symlink: /home/giromi/Repos/VTOL/ws_sensor_combined_src/install/px4_msgs/include/px4_msgs/px4_msgs/msg/detail/airspeed_wind__type_support.h\n'}
[6.173873] (px4_msgs) StdoutLine: {'line': b'-- Up-to-date symlink: /home/giromi/Repos/VTOL/ws_sensor_combined_src/install/px4_msgs/include/px4_msgs/px4_msgs/msg/detail/arming_check_reply__functions.h\n'}
[6.174100] (px4_msgs) StdoutLine: {'line': b'-- Up-to-date symlink: /home/giromi/Repos/VTOL/ws_sensor_combined_src/install/px4_msgs/include/px4_msgs/px4_msgs/msg/detail/arming_check_reply__struct.h\n'}
[6.174289] (px4_msgs) StdoutLine: {'line': b'-- Up-to-date symlink: /home/giromi/Repos/VTOL/ws_sensor_combined_src/install/px4_msgs/include/px4_msgs/px4_msgs/msg/detail/arming_check_reply__type_support.h\n'}
[6.174496] (px4_msgs) StdoutLine: {'line': b'-- Up-to-date symlink: /home/giromi/Repos/VTOL/ws_sensor_combined_src/install/px4_msgs/include/px4_msgs/px4_msgs/msg/detail/arming_check_request__functions.h\n'}
[6.174704] (px4_msgs) StdoutLine: {'line': b'-- Up-to-date symlink: /home/giromi/Repos/VTOL/ws_sensor_combined_src/install/px4_msgs/include/px4_msgs/px4_msgs/msg/detail/arming_check_request__struct.h\n'}
[6.174925] (px4_msgs) StdoutLine: {'line': b'-- Up-to-date symlink: /home/giromi/Repos/VTOL/ws_sensor_combined_src/install/px4_msgs/include/px4_msgs/px4_msgs/msg/detail/arming_check_request__type_support.h\n'}
[6.175122] (px4_msgs) StdoutLine: {'line': b'-- Up-to-date symlink: /home/giromi/Repos/VTOL/ws_sensor_combined_src/install/px4_msgs/include/px4_msgs/px4_msgs/msg/detail/autotune_attitude_control_status__functions.h\n'}
[6.175329] (px4_msgs) StdoutLine: {'line': b'-- Up-to-date symlink: /home/giromi/Repos/VTOL/ws_sensor_combined_src/install/px4_msgs/include/px4_msgs/px4_msgs/msg/detail/autotune_attitude_control_status__struct.h\n'}
[6.175540] (px4_msgs) StdoutLine: {'line': b'-- Up-to-date symlink: /home/giromi/Repos/VTOL/ws_sensor_combined_src/install/px4_msgs/include/px4_msgs/px4_msgs/msg/detail/autotune_attitude_control_status__type_support.h\n'}
[6.175731] (px4_msgs) StdoutLine: {'line': b'-- Up-to-date symlink: /home/giromi/Repos/VTOL/ws_sensor_combined_src/install/px4_msgs/include/px4_msgs/px4_msgs/msg/detail/battery_status__functions.h\n'}
[6.175902] (px4_msgs) StdoutLine: {'line': b'-- Up-to-date symlink: /home/giromi/Repos/VTOL/ws_sensor_combined_src/install/px4_msgs/include/px4_msgs/px4_msgs/msg/detail/battery_status__struct.h\n'}
[6.176071] (px4_msgs) StdoutLine: {'line': b'-- Up-to-date symlink: /home/giromi/Repos/VTOL/ws_sensor_combined_src/install/px4_msgs/include/px4_msgs/px4_msgs/msg/detail/battery_status__type_support.h\n'}
[6.176256] (px4_msgs) StdoutLine: {'line': b'-- Up-to-date symlink: /home/giromi/Repos/VTOL/ws_sensor_combined_src/install/px4_msgs/include/px4_msgs/px4_msgs/msg/detail/buffer128__functions.h\n'}
[6.176423] (px4_msgs) StdoutLine: {'line': b'-- Up-to-date symlink: /home/giromi/Repos/VTOL/ws_sensor_combined_src/install/px4_msgs/include/px4_msgs/px4_msgs/msg/detail/buffer128__struct.h\n'}
[6.176596] (px4_msgs) StdoutLine: {'line': b'-- Up-to-date symlink: /home/giromi/Repos/VTOL/ws_sensor_combined_src/install/px4_msgs/include/px4_msgs/px4_msgs/msg/detail/buffer128__type_support.h\n'}
[6.176771] (px4_msgs) StdoutLine: {'line': b'-- Up-to-date symlink: /home/giromi/Repos/VTOL/ws_sensor_combined_src/install/px4_msgs/include/px4_msgs/px4_msgs/msg/detail/button_event__functions.h\n'}
[6.176940] (px4_msgs) StdoutLine: {'line': b'-- Up-to-date symlink: /home/giromi/Repos/VTOL/ws_sensor_combined_src/install/px4_msgs/include/px4_msgs/px4_msgs/msg/detail/button_event__struct.h\n'}
[6.177127] (px4_msgs) StdoutLine: {'line': b'-- Up-to-date symlink: /home/giromi/Repos/VTOL/ws_sensor_combined_src/install/px4_msgs/include/px4_msgs/px4_msgs/msg/detail/button_event__type_support.h\n'}
[6.177296] (px4_msgs) StdoutLine: {'line': b'-- Up-to-date symlink: /home/giromi/Repos/VTOL/ws_sensor_combined_src/install/px4_msgs/include/px4_msgs/px4_msgs/msg/detail/camera_capture__functions.h\n'}
[6.177464] (px4_msgs) StdoutLine: {'line': b'-- Up-to-date symlink: /home/giromi/Repos/VTOL/ws_sensor_combined_src/install/px4_msgs/include/px4_msgs/px4_msgs/msg/detail/camera_capture__struct.h\n'}
[6.177637] (px4_msgs) StdoutLine: {'line': b'-- Up-to-date symlink: /home/giromi/Repos/VTOL/ws_sensor_combined_src/install/px4_msgs/include/px4_msgs/px4_msgs/msg/detail/camera_capture__type_support.h\n'}
[6.177817] (px4_msgs) StdoutLine: {'line': b'-- Up-to-date symlink: /home/giromi/Repos/VTOL/ws_sensor_combined_src/install/px4_msgs/include/px4_msgs/px4_msgs/msg/detail/camera_status__functions.h\n'}
[6.178019] (px4_msgs) StdoutLine: {'line': b'-- Up-to-date symlink: /home/giromi/Repos/VTOL/ws_sensor_combined_src/install/px4_msgs/include/px4_msgs/px4_msgs/msg/detail/camera_status__struct.h\n'}
[6.178196] (px4_msgs) StdoutLine: {'line': b'-- Up-to-date symlink: /home/giromi/Repos/VTOL/ws_sensor_combined_src/install/px4_msgs/include/px4_msgs/px4_msgs/msg/detail/camera_status__type_support.h\n'}
[6.178406] (px4_msgs) StdoutLine: {'line': b'-- Up-to-date symlink: /home/giromi/Repos/VTOL/ws_sensor_combined_src/install/px4_msgs/include/px4_msgs/px4_msgs/msg/detail/camera_trigger__functions.h\n'}
[6.178900] (px4_msgs) StdoutLine: {'line': b'-- Up-to-date symlink: /home/giromi/Repos/VTOL/ws_sensor_combined_src/install/px4_msgs/include/px4_msgs/px4_msgs/msg/detail/camera_trigger__struct.h\n'}
[6.179006] (px4_msgs) StdoutLine: {'line': b'-- Up-to-date symlink: /home/giromi/Repos/VTOL/ws_sensor_combined_src/install/px4_msgs/include/px4_msgs/px4_msgs/msg/detail/camera_trigger__type_support.h\n'}
[6.179170] (px4_msgs) StdoutLine: {'line': b'-- Up-to-date symlink: /home/giromi/Repos/VTOL/ws_sensor_combined_src/install/px4_msgs/include/px4_msgs/px4_msgs/msg/detail/cellular_status__functions.h\n'}
[6.179269] (px4_msgs) StdoutLine: {'line': b'-- Up-to-date symlink: /home/giromi/Repos/VTOL/ws_sensor_combined_src/install/px4_msgs/include/px4_msgs/px4_msgs/msg/detail/cellular_status__struct.h\n'}
[6.179469] (px4_msgs) StdoutLine: {'line': b'-- Up-to-date symlink: /home/giromi/Repos/VTOL/ws_sensor_combined_src/install/px4_msgs/include/px4_msgs/px4_msgs/msg/detail/cellular_status__type_support.h\n'}
[6.179613] (px4_msgs) StdoutLine: {'line': b'-- Up-to-date symlink: /home/giromi/Repos/VTOL/ws_sensor_combined_src/install/px4_msgs/include/px4_msgs/px4_msgs/msg/detail/collision_constraints__functions.h\n'}
[6.179788] (px4_msgs) StdoutLine: {'line': b'-- Up-to-date symlink: /home/giromi/Repos/VTOL/ws_sensor_combined_src/install/px4_msgs/include/px4_msgs/px4_msgs/msg/detail/collision_constraints__struct.h\n'}
[6.179913] (px4_msgs) StdoutLine: {'line': b'-- Up-to-date symlink: /home/giromi/Repos/VTOL/ws_sensor_combined_src/install/px4_msgs/include/px4_msgs/px4_msgs/msg/detail/collision_constraints__type_support.h\n'}
[6.180046] (px4_msgs) StdoutLine: {'line': b'-- Up-to-date symlink: /home/giromi/Repos/VTOL/ws_sensor_combined_src/install/px4_msgs/include/px4_msgs/px4_msgs/msg/detail/collision_report__functions.h\n'}
[6.180169] (px4_msgs) StdoutLine: {'line': b'-- Up-to-date symlink: /home/giromi/Repos/VTOL/ws_sensor_combined_src/install/px4_msgs/include/px4_msgs/px4_msgs/msg/detail/collision_report__struct.h\n'}
[6.180291] (px4_msgs) StdoutLine: {'line': b'-- Up-to-date symlink: /home/giromi/Repos/VTOL/ws_sensor_combined_src/install/px4_msgs/include/px4_msgs/px4_msgs/msg/detail/collision_report__type_support.h\n'}
[6.180446] (px4_msgs) StdoutLine: {'line': b'-- Up-to-date symlink: /home/giromi/Repos/VTOL/ws_sensor_combined_src/install/px4_msgs/include/px4_msgs/px4_msgs/msg/detail/config_overrides__functions.h\n'}
[6.180548] (px4_msgs) StdoutLine: {'line': b'-- Up-to-date symlink: /home/giromi/Repos/VTOL/ws_sensor_combined_src/install/px4_msgs/include/px4_msgs/px4_msgs/msg/detail/config_overrides__struct.h\n'}
[6.180696] (px4_msgs) StdoutLine: {'line': b'-- Up-to-date symlink: /home/giromi/Repos/VTOL/ws_sensor_combined_src/install/px4_msgs/include/px4_msgs/px4_msgs/msg/detail/config_overrides__type_support.h\n'}
[6.180823] (px4_msgs) StdoutLine: {'line': b'-- Up-to-date symlink: /home/giromi/Repos/VTOL/ws_sensor_combined_src/install/px4_msgs/include/px4_msgs/px4_msgs/msg/detail/control_allocator_status__functions.h\n'}
[6.180946] (px4_msgs) StdoutLine: {'line': b'-- Up-to-date symlink: /home/giromi/Repos/VTOL/ws_sensor_combined_src/install/px4_msgs/include/px4_msgs/px4_msgs/msg/detail/control_allocator_status__struct.h\n'}
[6.181076] (px4_msgs) StdoutLine: {'line': b'-- Up-to-date symlink: /home/giromi/Repos/VTOL/ws_sensor_combined_src/install/px4_msgs/include/px4_msgs/px4_msgs/msg/detail/control_allocator_status__type_support.h\n'}
[6.181199] (px4_msgs) StdoutLine: {'line': b'-- Up-to-date symlink: /home/giromi/Repos/VTOL/ws_sensor_combined_src/install/px4_msgs/include/px4_msgs/px4_msgs/msg/detail/cpuload__functions.h\n'}
[6.181331] (px4_msgs) StdoutLine: {'line': b'-- Up-to-date symlink: /home/giromi/Repos/VTOL/ws_sensor_combined_src/install/px4_msgs/include/px4_msgs/px4_msgs/msg/detail/cpuload__struct.h\n'}
[6.181464] (px4_msgs) StdoutLine: {'line': b'-- Up-to-date symlink: /home/giromi/Repos/VTOL/ws_sensor_combined_src/install/px4_msgs/include/px4_msgs/px4_msgs/msg/detail/cpuload__type_support.h\n'}
[6.181636] (px4_msgs) StdoutLine: {'line': b'-- Up-to-date symlink: /home/giromi/Repos/VTOL/ws_sensor_combined_src/install/px4_msgs/include/px4_msgs/px4_msgs/msg/detail/dataman_request__functions.h\n'}
[6.181758] (px4_msgs) StdoutLine: {'line': b'-- Up-to-date symlink: /home/giromi/Repos/VTOL/ws_sensor_combined_src/install/px4_msgs/include/px4_msgs/px4_msgs/msg/detail/dataman_request__struct.h\n'}
[6.181897] (px4_msgs) StdoutLine: {'line': b'-- Up-to-date symlink: /home/giromi/Repos/VTOL/ws_sensor_combined_src/install/px4_msgs/include/px4_msgs/px4_msgs/msg/detail/dataman_request__type_support.h\n'}
[6.182030] (px4_msgs) StdoutLine: {'line': b'-- Up-to-date symlink: /home/giromi/Repos/VTOL/ws_sensor_combined_src/install/px4_msgs/include/px4_msgs/px4_msgs/msg/detail/dataman_response__functions.h\n'}
[6.182150] (px4_msgs) StdoutLine: {'line': b'-- Up-to-date symlink: /home/giromi/Repos/VTOL/ws_sensor_combined_src/install/px4_msgs/include/px4_msgs/px4_msgs/msg/detail/dataman_response__struct.h\n'}
[6.182272] (px4_msgs) StdoutLine: {'line': b'-- Up-to-date symlink: /home/giromi/Repos/VTOL/ws_sensor_combined_src/install/px4_msgs/include/px4_msgs/px4_msgs/msg/detail/dataman_response__type_support.h\n'}
[6.182375] (px4_msgs) StdoutLine: {'line': b'-- Up-to-date symlink: /home/giromi/Repos/VTOL/ws_sensor_combined_src/install/px4_msgs/include/px4_msgs/px4_msgs/msg/detail/debug_array__functions.h\n'}
[6.182568] (px4_msgs) StdoutLine: {'line': b'-- Up-to-date symlink: /home/giromi/Repos/VTOL/ws_sensor_combined_src/install/px4_msgs/include/px4_msgs/px4_msgs/msg/detail/debug_array__struct.h\n'}
[6.182699] (px4_msgs) StdoutLine: {'line': b'-- Up-to-date symlink: /home/giromi/Repos/VTOL/ws_sensor_combined_src/install/px4_msgs/include/px4_msgs/px4_msgs/msg/detail/debug_array__type_support.h\n'}
[6.182876] (px4_msgs) StdoutLine: {'line': b'-- Up-to-date symlink: /home/giromi/Repos/VTOL/ws_sensor_combined_src/install/px4_msgs/include/px4_msgs/px4_msgs/msg/detail/debug_key_value__functions.h\n'}
[6.183043] (px4_msgs) StdoutLine: {'line': b'-- Up-to-date symlink: /home/giromi/Repos/VTOL/ws_sensor_combined_src/install/px4_msgs/include/px4_msgs/px4_msgs/msg/detail/debug_key_value__struct.h\n'}
[6.183191] (px4_msgs) StdoutLine: {'line': b'-- Up-to-date symlink: /home/giromi/Repos/VTOL/ws_sensor_combined_src/install/px4_msgs/include/px4_msgs/px4_msgs/msg/detail/debug_key_value__type_support.h\n'}
[6.183337] (px4_msgs) StdoutLine: {'line': b'-- Up-to-date symlink: /home/giromi/Repos/VTOL/ws_sensor_combined_src/install/px4_msgs/include/px4_msgs/px4_msgs/msg/detail/debug_value__functions.h\n'}
[6.183450] (px4_msgs) StdoutLine: {'line': b'-- Up-to-date symlink: /home/giromi/Repos/VTOL/ws_sensor_combined_src/install/px4_msgs/include/px4_msgs/px4_msgs/msg/detail/debug_value__struct.h\n'}
[6.183574] (px4_msgs) StdoutLine: {'line': b'-- Up-to-date symlink: /home/giromi/Repos/VTOL/ws_sensor_combined_src/install/px4_msgs/include/px4_msgs/px4_msgs/msg/detail/debug_value__type_support.h\n'}
[6.183706] (px4_msgs) StdoutLine: {'line': b'-- Up-to-date symlink: /home/giromi/Repos/VTOL/ws_sensor_combined_src/install/px4_msgs/include/px4_msgs/px4_msgs/msg/detail/debug_vect__functions.h\n'}
[6.183829] (px4_msgs) StdoutLine: {'line': b'-- Up-to-date symlink: /home/giromi/Repos/VTOL/ws_sensor_combined_src/install/px4_msgs/include/px4_msgs/px4_msgs/msg/detail/debug_vect__struct.h\n'}
[6.183953] (px4_msgs) StdoutLine: {'line': b'-- Up-to-date symlink: /home/giromi/Repos/VTOL/ws_sensor_combined_src/install/px4_msgs/include/px4_msgs/px4_msgs/msg/detail/debug_vect__type_support.h\n'}
[6.184076] (px4_msgs) StdoutLine: {'line': b'-- Up-to-date symlink: /home/giromi/Repos/VTOL/ws_sensor_combined_src/install/px4_msgs/include/px4_msgs/px4_msgs/msg/detail/differential_drive_setpoint__functions.h\n'}
[6.184207] (px4_msgs) StdoutLine: {'line': b'-- Up-to-date symlink: /home/giromi/Repos/VTOL/ws_sensor_combined_src/install/px4_msgs/include/px4_msgs/px4_msgs/msg/detail/differential_drive_setpoint__struct.h\n'}
[6.184319] (px4_msgs) StdoutLine: {'line': b'-- Up-to-date symlink: /home/giromi/Repos/VTOL/ws_sensor_combined_src/install/px4_msgs/include/px4_msgs/px4_msgs/msg/detail/differential_drive_setpoint__type_support.h\n'}
[6.184465] (px4_msgs) StdoutLine: {'line': b'-- Up-to-date symlink: /home/giromi/Repos/VTOL/ws_sensor_combined_src/install/px4_msgs/include/px4_msgs/px4_msgs/msg/detail/differential_pressure__functions.h\n'}
[6.184597] (px4_msgs) StdoutLine: {'line': b'-- Up-to-date symlink: /home/giromi/Repos/VTOL/ws_sensor_combined_src/install/px4_msgs/include/px4_msgs/px4_msgs/msg/detail/differential_pressure__struct.h\n'}
[6.184744] (px4_msgs) StdoutLine: {'line': b'-- Up-to-date symlink: /home/giromi/Repos/VTOL/ws_sensor_combined_src/install/px4_msgs/include/px4_msgs/px4_msgs/msg/detail/differential_pressure__type_support.h\n'}
[6.184882] (px4_msgs) StdoutLine: {'line': b'-- Up-to-date symlink: /home/giromi/Repos/VTOL/ws_sensor_combined_src/install/px4_msgs/include/px4_msgs/px4_msgs/msg/detail/distance_sensor__functions.h\n'}
[6.185010] (px4_msgs) StdoutLine: {'line': b'-- Up-to-date symlink: /home/giromi/Repos/VTOL/ws_sensor_combined_src/install/px4_msgs/include/px4_msgs/px4_msgs/msg/detail/distance_sensor__struct.h\n'}
[6.185130] (px4_msgs) StdoutLine: {'line': b'-- Up-to-date symlink: /home/giromi/Repos/VTOL/ws_sensor_combined_src/install/px4_msgs/include/px4_msgs/px4_msgs/msg/detail/distance_sensor__type_support.h\n'}
[6.185254] (px4_msgs) StdoutLine: {'line': b'-- Up-to-date symlink: /home/giromi/Repos/VTOL/ws_sensor_combined_src/install/px4_msgs/include/px4_msgs/px4_msgs/msg/detail/ekf2_timestamps__functions.h\n'}
[6.185356] (px4_msgs) StdoutLine: {'line': b'-- Up-to-date symlink: /home/giromi/Repos/VTOL/ws_sensor_combined_src/install/px4_msgs/include/px4_msgs/px4_msgs/msg/detail/ekf2_timestamps__struct.h\n'}
[6.185477] (px4_msgs) StdoutLine: {'line': b'-- Up-to-date symlink: /home/giromi/Repos/VTOL/ws_sensor_combined_src/install/px4_msgs/include/px4_msgs/px4_msgs/msg/detail/ekf2_timestamps__type_support.h\n'}
[6.185598] (px4_msgs) StdoutLine: {'line': b'-- Up-to-date symlink: /home/giromi/Repos/VTOL/ws_sensor_combined_src/install/px4_msgs/include/px4_msgs/px4_msgs/msg/detail/esc_report__functions.h\n'}
[6.185732] (px4_msgs) StdoutLine: {'line': b'-- Up-to-date symlink: /home/giromi/Repos/VTOL/ws_sensor_combined_src/install/px4_msgs/include/px4_msgs/px4_msgs/msg/detail/esc_report__struct.h\n'}
[6.185882] (px4_msgs) StdoutLine: {'line': b'-- Up-to-date symlink: /home/giromi/Repos/VTOL/ws_sensor_combined_src/install/px4_msgs/include/px4_msgs/px4_msgs/msg/detail/esc_report__type_support.h\n'}
[6.186031] (px4_msgs) StdoutLine: {'line': b'-- Up-to-date symlink: /home/giromi/Repos/VTOL/ws_sensor_combined_src/install/px4_msgs/include/px4_msgs/px4_msgs/msg/detail/esc_status__functions.h\n'}
[6.186178] (px4_msgs) StdoutLine: {'line': b'-- Up-to-date symlink: /home/giromi/Repos/VTOL/ws_sensor_combined_src/install/px4_msgs/include/px4_msgs/px4_msgs/msg/detail/esc_status__struct.h\n'}
[6.186291] (px4_msgs) StdoutLine: {'line': b'-- Up-to-date symlink: /home/giromi/Repos/VTOL/ws_sensor_combined_src/install/px4_msgs/include/px4_msgs/px4_msgs/msg/detail/esc_status__type_support.h\n'}
[6.186417] (px4_msgs) StdoutLine: {'line': b'-- Up-to-date symlink: /home/giromi/Repos/VTOL/ws_sensor_combined_src/install/px4_msgs/include/px4_msgs/px4_msgs/msg/detail/estimator_aid_source1d__functions.h\n'}
[6.186722] (px4_msgs) StdoutLine: {'line': b'-- Up-to-date symlink: /home/giromi/Repos/VTOL/ws_sensor_combined_src/install/px4_msgs/include/px4_msgs/px4_msgs/msg/detail/estimator_aid_source1d__struct.h\n'}
[6.186823] (px4_msgs) StdoutLine: {'line': b'-- Up-to-date symlink: /home/giromi/Repos/VTOL/ws_sensor_combined_src/install/px4_msgs/include/px4_msgs/px4_msgs/msg/detail/estimator_aid_source1d__type_support.h\n'}
[6.186884] (px4_msgs) StdoutLine: {'line': b'-- Up-to-date symlink: /home/giromi/Repos/VTOL/ws_sensor_combined_src/install/px4_msgs/include/px4_msgs/px4_msgs/msg/detail/estimator_aid_source2d__functions.h\n'}
[6.186993] (px4_msgs) StdoutLine: {'line': b'-- Up-to-date symlink: /home/giromi/Repos/VTOL/ws_sensor_combined_src/install/px4_msgs/include/px4_msgs/px4_msgs/msg/detail/estimator_aid_source2d__struct.h\n'}
[6.187052] (px4_msgs) StdoutLine: {'line': b'-- Up-to-date symlink: /home/giromi/Repos/VTOL/ws_sensor_combined_src/install/px4_msgs/include/px4_msgs/px4_msgs/msg/detail/estimator_aid_source2d__type_support.h\n'}
[6.187156] (px4_msgs) StdoutLine: {'line': b'-- Up-to-date symlink: /home/giromi/Repos/VTOL/ws_sensor_combined_src/install/px4_msgs/include/px4_msgs/px4_msgs/msg/detail/estimator_aid_source3d__functions.h\n'}
[6.187217] (px4_msgs) StdoutLine: {'line': b'-- Up-to-date symlink: /home/giromi/Repos/VTOL/ws_sensor_combined_src/install/px4_msgs/include/px4_msgs/px4_msgs/msg/detail/estimator_aid_source3d__struct.h\n'}
[6.187300] (px4_msgs) StdoutLine: {'line': b'-- Up-to-date symlink: /home/giromi/Repos/VTOL/ws_sensor_combined_src/install/px4_msgs/include/px4_msgs/px4_msgs/msg/detail/estimator_aid_source3d__type_support.h\n'}
[6.187360] (px4_msgs) StdoutLine: {'line': b'-- Up-to-date symlink: /home/giromi/Repos/VTOL/ws_sensor_combined_src/install/px4_msgs/include/px4_msgs/px4_msgs/msg/detail/estimator_bias3d__functions.h\n'}
[6.187451] (px4_msgs) StdoutLine: {'line': b'-- Up-to-date symlink: /home/giromi/Repos/VTOL/ws_sensor_combined_src/install/px4_msgs/include/px4_msgs/px4_msgs/msg/detail/estimator_bias3d__struct.h\n'}
[6.187522] (px4_msgs) StdoutLine: {'line': b'-- Up-to-date symlink: /home/giromi/Repos/VTOL/ws_sensor_combined_src/install/px4_msgs/include/px4_msgs/px4_msgs/msg/detail/estimator_bias3d__type_support.h\n'}
[6.187606] (px4_msgs) StdoutLine: {'line': b'-- Up-to-date symlink: /home/giromi/Repos/VTOL/ws_sensor_combined_src/install/px4_msgs/include/px4_msgs/px4_msgs/msg/detail/estimator_bias__functions.h\n'}
[6.187684] (px4_msgs) StdoutLine: {'line': b'-- Up-to-date symlink: /home/giromi/Repos/VTOL/ws_sensor_combined_src/install/px4_msgs/include/px4_msgs/px4_msgs/msg/detail/estimator_bias__struct.h\n'}
[6.187750] (px4_msgs) StdoutLine: {'line': b'-- Up-to-date symlink: /home/giromi/Repos/VTOL/ws_sensor_combined_src/install/px4_msgs/include/px4_msgs/px4_msgs/msg/detail/estimator_bias__type_support.h\n'}
[6.187833] (px4_msgs) StdoutLine: {'line': b'-- Up-to-date symlink: /home/giromi/Repos/VTOL/ws_sensor_combined_src/install/px4_msgs/include/px4_msgs/px4_msgs/msg/detail/estimator_event_flags__functions.h\n'}
[6.187895] (px4_msgs) StdoutLine: {'line': b'-- Up-to-date symlink: /home/giromi/Repos/VTOL/ws_sensor_combined_src/install/px4_msgs/include/px4_msgs/px4_msgs/msg/detail/estimator_event_flags__struct.h\n'}
[6.187979] (px4_msgs) StdoutLine: {'line': b'-- Up-to-date symlink: /home/giromi/Repos/VTOL/ws_sensor_combined_src/install/px4_msgs/include/px4_msgs/px4_msgs/msg/detail/estimator_event_flags__type_support.h\n'}
[6.188040] (px4_msgs) StdoutLine: {'line': b'-- Up-to-date symlink: /home/giromi/Repos/VTOL/ws_sensor_combined_src/install/px4_msgs/include/px4_msgs/px4_msgs/msg/detail/estimator_gps_status__functions.h\n'}
[6.188128] (px4_msgs) StdoutLine: {'line': b'-- Up-to-date symlink: /home/giromi/Repos/VTOL/ws_sensor_combined_src/install/px4_msgs/include/px4_msgs/px4_msgs/msg/detail/estimator_gps_status__struct.h\n'}
[6.188287] (px4_msgs) StdoutLine: {'line': b'-- Up-to-date symlink: /home/giromi/Repos/VTOL/ws_sensor_combined_src/install/px4_msgs/include/px4_msgs/px4_msgs/msg/detail/estimator_gps_status__type_support.h\n'}
[6.188462] (px4_msgs) StdoutLine: {'line': b'-- Up-to-date symlink: /home/giromi/Repos/VTOL/ws_sensor_combined_src/install/px4_msgs/include/px4_msgs/px4_msgs/msg/detail/estimator_innovations__functions.h\n'}
[6.188623] (px4_msgs) StdoutLine: {'line': b'-- Up-to-date symlink: /home/giromi/Repos/VTOL/ws_sensor_combined_src/install/px4_msgs/include/px4_msgs/px4_msgs/msg/detail/estimator_innovations__struct.h\n'}
[6.188835] (px4_msgs) StdoutLine: {'line': b'-- Up-to-date symlink: /home/giromi/Repos/VTOL/ws_sensor_combined_src/install/px4_msgs/include/px4_msgs/px4_msgs/msg/detail/estimator_innovations__type_support.h\n'}
[6.189042] (px4_msgs) StdoutLine: {'line': b'-- Up-to-date symlink: /home/giromi/Repos/VTOL/ws_sensor_combined_src/install/px4_msgs/include/px4_msgs/px4_msgs/msg/detail/estimator_selector_status__functions.h\n'}
[6.189187] (px4_msgs) StdoutLine: {'line': b'-- Up-to-date symlink: /home/giromi/Repos/VTOL/ws_sensor_combined_src/install/px4_msgs/include/px4_msgs/px4_msgs/msg/detail/estimator_selector_status__struct.h\n'}
[6.189370] (px4_msgs) StdoutLine: {'line': b'-- Up-to-date symlink: /home/giromi/Repos/VTOL/ws_sensor_combined_src/install/px4_msgs/include/px4_msgs/px4_msgs/msg/detail/estimator_selector_status__type_support.h\n'}
[6.189574] (px4_msgs) StdoutLine: {'line': b'-- Up-to-date symlink: /home/giromi/Repos/VTOL/ws_sensor_combined_src/install/px4_msgs/include/px4_msgs/px4_msgs/msg/detail/estimator_sensor_bias__functions.h\n'}
[6.189711] (px4_msgs) StdoutLine: {'line': b'-- Up-to-date symlink: /home/giromi/Repos/VTOL/ws_sensor_combined_src/install/px4_msgs/include/px4_msgs/px4_msgs/msg/detail/estimator_sensor_bias__struct.h\n'}
[6.189859] (px4_msgs) StdoutLine: {'line': b'-- Up-to-date symlink: /home/giromi/Repos/VTOL/ws_sensor_combined_src/install/px4_msgs/include/px4_msgs/px4_msgs/msg/detail/estimator_sensor_bias__type_support.h\n'}
[6.189994] (px4_msgs) StdoutLine: {'line': b'-- Up-to-date symlink: /home/giromi/Repos/VTOL/ws_sensor_combined_src/install/px4_msgs/include/px4_msgs/px4_msgs/msg/detail/estimator_states__functions.h\n'}
[6.190170] (px4_msgs) StdoutLine: {'line': b'-- Up-to-date symlink: /home/giromi/Repos/VTOL/ws_sensor_combined_src/install/px4_msgs/include/px4_msgs/px4_msgs/msg/detail/estimator_states__struct.h\n'}
[6.190329] (px4_msgs) StdoutLine: {'line': b'-- Up-to-date symlink: /home/giromi/Repos/VTOL/ws_sensor_combined_src/install/px4_msgs/include/px4_msgs/px4_msgs/msg/detail/estimator_states__type_support.h\n'}
[6.190481] (px4_msgs) StdoutLine: {'line': b'-- Up-to-date symlink: /home/giromi/Repos/VTOL/ws_sensor_combined_src/install/px4_msgs/include/px4_msgs/px4_msgs/msg/detail/estimator_status__functions.h\n'}
[6.190672] (px4_msgs) StdoutLine: {'line': b'-- Up-to-date symlink: /home/giromi/Repos/VTOL/ws_sensor_combined_src/install/px4_msgs/include/px4_msgs/px4_msgs/msg/detail/estimator_status__struct.h\n'}
[6.190835] (px4_msgs) StdoutLine: {'line': b'-- Up-to-date symlink: /home/giromi/Repos/VTOL/ws_sensor_combined_src/install/px4_msgs/include/px4_msgs/px4_msgs/msg/detail/estimator_status__type_support.h\n'}
[6.190996] (px4_msgs) StdoutLine: {'line': b'-- Up-to-date symlink: /home/giromi/Repos/VTOL/ws_sensor_combined_src/install/px4_msgs/include/px4_msgs/px4_msgs/msg/detail/estimator_status_flags__functions.h\n'}
[6.191162] (px4_msgs) StdoutLine: {'line': b'-- Up-to-date symlink: /home/giromi/Repos/VTOL/ws_sensor_combined_src/install/px4_msgs/include/px4_msgs/px4_msgs/msg/detail/estimator_status_flags__struct.h\n'}
[6.191323] (px4_msgs) StdoutLine: {'line': b'-- Up-to-date symlink: /home/giromi/Repos/VTOL/ws_sensor_combined_src/install/px4_msgs/include/px4_msgs/px4_msgs/msg/detail/estimator_status_flags__type_support.h\n'}
[6.191486] (px4_msgs) StdoutLine: {'line': b'-- Up-to-date symlink: /home/giromi/Repos/VTOL/ws_sensor_combined_src/install/px4_msgs/include/px4_msgs/px4_msgs/msg/detail/event__functions.h\n'}
[6.191664] (px4_msgs) StdoutLine: {'line': b'-- Up-to-date symlink: /home/giromi/Repos/VTOL/ws_sensor_combined_src/install/px4_msgs/include/px4_msgs/px4_msgs/msg/detail/event__struct.h\n'}
[6.191787] (px4_msgs) StdoutLine: {'line': b'-- Up-to-date symlink: /home/giromi/Repos/VTOL/ws_sensor_combined_src/install/px4_msgs/include/px4_msgs/px4_msgs/msg/detail/event__type_support.h\n'}
[6.191925] (px4_msgs) StdoutLine: {'line': b'-- Up-to-date symlink: /home/giromi/Repos/VTOL/ws_sensor_combined_src/install/px4_msgs/include/px4_msgs/px4_msgs/msg/detail/failsafe_flags__functions.h\n'}
[6.192061] (px4_msgs) StdoutLine: {'line': b'-- Up-to-date symlink: /home/giromi/Repos/VTOL/ws_sensor_combined_src/install/px4_msgs/include/px4_msgs/px4_msgs/msg/detail/failsafe_flags__struct.h\n'}
[6.192199] (px4_msgs) StdoutLine: {'line': b'-- Up-to-date symlink: /home/giromi/Repos/VTOL/ws_sensor_combined_src/install/px4_msgs/include/px4_msgs/px4_msgs/msg/detail/failsafe_flags__type_support.h\n'}
[6.192337] (px4_msgs) StdoutLine: {'line': b'-- Up-to-date symlink: /home/giromi/Repos/VTOL/ws_sensor_combined_src/install/px4_msgs/include/px4_msgs/px4_msgs/msg/detail/failure_detector_status__functions.h\n'}
[6.192477] (px4_msgs) StdoutLine: {'line': b'-- Up-to-date symlink: /home/giromi/Repos/VTOL/ws_sensor_combined_src/install/px4_msgs/include/px4_msgs/px4_msgs/msg/detail/failure_detector_status__struct.h\n'}
[6.192698] (px4_msgs) StdoutLine: {'line': b'-- Up-to-date symlink: /home/giromi/Repos/VTOL/ws_sensor_combined_src/install/px4_msgs/include/px4_msgs/px4_msgs/msg/detail/failure_detector_status__type_support.h\n'}
[6.192851] (px4_msgs) StdoutLine: {'line': b'-- Up-to-date symlink: /home/giromi/Repos/VTOL/ws_sensor_combined_src/install/px4_msgs/include/px4_msgs/px4_msgs/msg/detail/figure_eight_status__functions.h\n'}
[6.192978] (px4_msgs) StdoutLine: {'line': b'-- Up-to-date symlink: /home/giromi/Repos/VTOL/ws_sensor_combined_src/install/px4_msgs/include/px4_msgs/px4_msgs/msg/detail/figure_eight_status__struct.h\n'}
[6.193116] (px4_msgs) StdoutLine: {'line': b'-- Up-to-date symlink: /home/giromi/Repos/VTOL/ws_sensor_combined_src/install/px4_msgs/include/px4_msgs/px4_msgs/msg/detail/figure_eight_status__type_support.h\n'}
[6.193293] (px4_msgs) StdoutLine: {'line': b'-- Up-to-date symlink: /home/giromi/Repos/VTOL/ws_sensor_combined_src/install/px4_msgs/include/px4_msgs/px4_msgs/msg/detail/follow_target__functions.h\n'}
[6.193425] (px4_msgs) StdoutLine: {'line': b'-- Up-to-date symlink: /home/giromi/Repos/VTOL/ws_sensor_combined_src/install/px4_msgs/include/px4_msgs/px4_msgs/msg/detail/follow_target__struct.h\n'}
[6.193602] (px4_msgs) StdoutLine: {'line': b'-- Up-to-date symlink: /home/giromi/Repos/VTOL/ws_sensor_combined_src/install/px4_msgs/include/px4_msgs/px4_msgs/msg/detail/follow_target__type_support.h\n'}
[6.193729] (px4_msgs) StdoutLine: {'line': b'-- Up-to-date symlink: /home/giromi/Repos/VTOL/ws_sensor_combined_src/install/px4_msgs/include/px4_msgs/px4_msgs/msg/detail/follow_target_estimator__functions.h\n'}
[6.193867] (px4_msgs) StdoutLine: {'line': b'-- Up-to-date symlink: /home/giromi/Repos/VTOL/ws_sensor_combined_src/install/px4_msgs/include/px4_msgs/px4_msgs/msg/detail/follow_target_estimator__struct.h\n'}
[6.194005] (px4_msgs) StdoutLine: {'line': b'-- Up-to-date symlink: /home/giromi/Repos/VTOL/ws_sensor_combined_src/install/px4_msgs/include/px4_msgs/px4_msgs/msg/detail/follow_target_estimator__type_support.h\n'}
[6.194144] (px4_msgs) StdoutLine: {'line': b'-- Up-to-date symlink: /home/giromi/Repos/VTOL/ws_sensor_combined_src/install/px4_msgs/include/px4_msgs/px4_msgs/msg/detail/follow_target_status__functions.h\n'}
[6.194287] (px4_msgs) StdoutLine: {'line': b'-- Up-to-date symlink: /home/giromi/Repos/VTOL/ws_sensor_combined_src/install/px4_msgs/include/px4_msgs/px4_msgs/msg/detail/follow_target_status__struct.h\n'}
[6.194423] (px4_msgs) StdoutLine: {'line': b'-- Up-to-date symlink: /home/giromi/Repos/VTOL/ws_sensor_combined_src/install/px4_msgs/include/px4_msgs/px4_msgs/msg/detail/follow_target_status__type_support.h\n'}
[6.194614] (px4_msgs) StdoutLine: {'line': b'-- Up-to-date symlink: /home/giromi/Repos/VTOL/ws_sensor_combined_src/install/px4_msgs/include/px4_msgs/px4_msgs/msg/detail/generator_status__functions.h\n'}
[6.194789] (px4_msgs) StdoutLine: {'line': b'-- Up-to-date symlink: /home/giromi/Repos/VTOL/ws_sensor_combined_src/install/px4_msgs/include/px4_msgs/px4_msgs/msg/detail/generator_status__struct.h\n'}
[6.194919] (px4_msgs) StdoutLine: {'line': b'-- Up-to-date symlink: /home/giromi/Repos/VTOL/ws_sensor_combined_src/install/px4_msgs/include/px4_msgs/px4_msgs/msg/detail/generator_status__type_support.h\n'}
[6.195059] (px4_msgs) StdoutLine: {'line': b'-- Up-to-date symlink: /home/giromi/Repos/VTOL/ws_sensor_combined_src/install/px4_msgs/include/px4_msgs/px4_msgs/msg/detail/geofence_result__functions.h\n'}
[6.195196] (px4_msgs) StdoutLine: {'line': b'-- Up-to-date symlink: /home/giromi/Repos/VTOL/ws_sensor_combined_src/install/px4_msgs/include/px4_msgs/px4_msgs/msg/detail/geofence_result__struct.h\n'}
[6.195337] (px4_msgs) StdoutLine: {'line': b'-- Up-to-date symlink: /home/giromi/Repos/VTOL/ws_sensor_combined_src/install/px4_msgs/include/px4_msgs/px4_msgs/msg/detail/geofence_result__type_support.h\n'}
[6.195476] (px4_msgs) StdoutLine: {'line': b'-- Up-to-date symlink: /home/giromi/Repos/VTOL/ws_sensor_combined_src/install/px4_msgs/include/px4_msgs/px4_msgs/msg/detail/gimbal_controls__functions.h\n'}
[6.195614] (px4_msgs) StdoutLine: {'line': b'-- Up-to-date symlink: /home/giromi/Repos/VTOL/ws_sensor_combined_src/install/px4_msgs/include/px4_msgs/px4_msgs/msg/detail/gimbal_controls__struct.h\n'}
[6.195753] (px4_msgs) StdoutLine: {'line': b'-- Up-to-date symlink: /home/giromi/Repos/VTOL/ws_sensor_combined_src/install/px4_msgs/include/px4_msgs/px4_msgs/msg/detail/gimbal_controls__type_support.h\n'}
[6.195924] (px4_msgs) StdoutLine: {'line': b'-- Up-to-date symlink: /home/giromi/Repos/VTOL/ws_sensor_combined_src/install/px4_msgs/include/px4_msgs/px4_msgs/msg/detail/gimbal_device_attitude_status__functions.h\n'}
[6.196093] (px4_msgs) StdoutLine: {'line': b'-- Up-to-date symlink: /home/giromi/Repos/VTOL/ws_sensor_combined_src/install/px4_msgs/include/px4_msgs/px4_msgs/msg/detail/gimbal_device_attitude_status__struct.h\n'}
[6.196262] (px4_msgs) StdoutLine: {'line': b'-- Up-to-date symlink: /home/giromi/Repos/VTOL/ws_sensor_combined_src/install/px4_msgs/include/px4_msgs/px4_msgs/msg/detail/gimbal_device_attitude_status__type_support.h\n'}
[6.196394] (px4_msgs) StdoutLine: {'line': b'-- Up-to-date symlink: /home/giromi/Repos/VTOL/ws_sensor_combined_src/install/px4_msgs/include/px4_msgs/px4_msgs/msg/detail/gimbal_device_information__functions.h\n'}
[6.196532] (px4_msgs) StdoutLine: {'line': b'-- Up-to-date symlink: /home/giromi/Repos/VTOL/ws_sensor_combined_src/install/px4_msgs/include/px4_msgs/px4_msgs/msg/detail/gimbal_device_information__struct.h\n'}
[6.196670] (px4_msgs) StdoutLine: {'line': b'-- Up-to-date symlink: /home/giromi/Repos/VTOL/ws_sensor_combined_src/install/px4_msgs/include/px4_msgs/px4_msgs/msg/detail/gimbal_device_information__type_support.h\n'}
[6.196805] (px4_msgs) StdoutLine: {'line': b'-- Up-to-date symlink: /home/giromi/Repos/VTOL/ws_sensor_combined_src/install/px4_msgs/include/px4_msgs/px4_msgs/msg/detail/gimbal_device_set_attitude__functions.h\n'}
[6.196951] (px4_msgs) StdoutLine: {'line': b'-- Up-to-date symlink: /home/giromi/Repos/VTOL/ws_sensor_combined_src/install/px4_msgs/include/px4_msgs/px4_msgs/msg/detail/gimbal_device_set_attitude__struct.h\n'}
[6.197087] (px4_msgs) StdoutLine: {'line': b'-- Up-to-date symlink: /home/giromi/Repos/VTOL/ws_sensor_combined_src/install/px4_msgs/include/px4_msgs/px4_msgs/msg/detail/gimbal_device_set_attitude__type_support.h\n'}
[6.197225] (px4_msgs) StdoutLine: {'line': b'-- Up-to-date symlink: /home/giromi/Repos/VTOL/ws_sensor_combined_src/install/px4_msgs/include/px4_msgs/px4_msgs/msg/detail/gimbal_manager_information__functions.h\n'}
[6.197358] (px4_msgs) StdoutLine: {'line': b'-- Up-to-date symlink: /home/giromi/Repos/VTOL/ws_sensor_combined_src/install/px4_msgs/include/px4_msgs/px4_msgs/msg/detail/gimbal_manager_information__struct.h\n'}
[6.197529] (px4_msgs) StdoutLine: {'line': b'-- Up-to-date symlink: /home/giromi/Repos/VTOL/ws_sensor_combined_src/install/px4_msgs/include/px4_msgs/px4_msgs/msg/detail/gimbal_manager_information__type_support.h\n'}
[6.197696] (px4_msgs) StdoutLine: {'line': b'-- Up-to-date symlink: /home/giromi/Repos/VTOL/ws_sensor_combined_src/install/px4_msgs/include/px4_msgs/px4_msgs/msg/detail/gimbal_manager_set_attitude__functions.h\n'}
[6.197818] (px4_msgs) StdoutLine: {'line': b'-- Up-to-date symlink: /home/giromi/Repos/VTOL/ws_sensor_combined_src/install/px4_msgs/include/px4_msgs/px4_msgs/msg/detail/gimbal_manager_set_attitude__struct.h\n'}
[6.197956] (px4_msgs) StdoutLine: {'line': b'-- Up-to-date symlink: /home/giromi/Repos/VTOL/ws_sensor_combined_src/install/px4_msgs/include/px4_msgs/px4_msgs/msg/detail/gimbal_manager_set_attitude__type_support.h\n'}
[6.198091] (px4_msgs) StdoutLine: {'line': b'-- Up-to-date symlink: /home/giromi/Repos/VTOL/ws_sensor_combined_src/install/px4_msgs/include/px4_msgs/px4_msgs/msg/detail/gimbal_manager_set_manual_control__functions.h\n'}
[6.198263] (px4_msgs) StdoutLine: {'line': b'-- Up-to-date symlink: /home/giromi/Repos/VTOL/ws_sensor_combined_src/install/px4_msgs/include/px4_msgs/px4_msgs/msg/detail/gimbal_manager_set_manual_control__struct.h\n'}
[6.198400] (px4_msgs) StdoutLine: {'line': b'-- Up-to-date symlink: /home/giromi/Repos/VTOL/ws_sensor_combined_src/install/px4_msgs/include/px4_msgs/px4_msgs/msg/detail/gimbal_manager_set_manual_control__type_support.h\n'}
[6.198674] (px4_msgs) StdoutLine: {'line': b'-- Up-to-date symlink: /home/giromi/Repos/VTOL/ws_sensor_combined_src/install/px4_msgs/include/px4_msgs/px4_msgs/msg/detail/gimbal_manager_status__functions.h\n'}
[6.198824] (px4_msgs) StdoutLine: {'line': b'-- Up-to-date symlink: /home/giromi/Repos/VTOL/ws_sensor_combined_src/install/px4_msgs/include/px4_msgs/px4_msgs/msg/detail/gimbal_manager_status__struct.h\n'}
[6.198990] (px4_msgs) StdoutLine: {'line': b'-- Up-to-date symlink: /home/giromi/Repos/VTOL/ws_sensor_combined_src/install/px4_msgs/include/px4_msgs/px4_msgs/msg/detail/gimbal_manager_status__type_support.h\n'}
[6.199120] (px4_msgs) StdoutLine: {'line': b'-- Up-to-date symlink: /home/giromi/Repos/VTOL/ws_sensor_combined_src/install/px4_msgs/include/px4_msgs/px4_msgs/msg/detail/goto_setpoint__functions.h\n'}
[6.199258] (px4_msgs) StdoutLine: {'line': b'-- Up-to-date symlink: /home/giromi/Repos/VTOL/ws_sensor_combined_src/install/px4_msgs/include/px4_msgs/px4_msgs/msg/detail/goto_setpoint__struct.h\n'}
[6.199398] (px4_msgs) StdoutLine: {'line': b'-- Up-to-date symlink: /home/giromi/Repos/VTOL/ws_sensor_combined_src/install/px4_msgs/include/px4_msgs/px4_msgs/msg/detail/goto_setpoint__type_support.h\n'}
[6.199541] (px4_msgs) StdoutLine: {'line': b'-- Up-to-date symlink: /home/giromi/Repos/VTOL/ws_sensor_combined_src/install/px4_msgs/include/px4_msgs/px4_msgs/msg/detail/gpio_config__functions.h\n'}
[6.199680] (px4_msgs) StdoutLine: {'line': b'-- Up-to-date symlink: /home/giromi/Repos/VTOL/ws_sensor_combined_src/install/px4_msgs/include/px4_msgs/px4_msgs/msg/detail/gpio_config__struct.h\n'}
[6.199818] (px4_msgs) StdoutLine: {'line': b'-- Up-to-date symlink: /home/giromi/Repos/VTOL/ws_sensor_combined_src/install/px4_msgs/include/px4_msgs/px4_msgs/msg/detail/gpio_config__type_support.h\n'}
[6.199960] (px4_msgs) StdoutLine: {'line': b'-- Up-to-date symlink: /home/giromi/Repos/VTOL/ws_sensor_combined_src/install/px4_msgs/include/px4_msgs/px4_msgs/msg/detail/gpio_in__functions.h\n'}
[6.200133] (px4_msgs) StdoutLine: {'line': b'-- Up-to-date symlink: /home/giromi/Repos/VTOL/ws_sensor_combined_src/install/px4_msgs/include/px4_msgs/px4_msgs/msg/detail/gpio_in__struct.h\n'}
[6.200321] (px4_msgs) StdoutLine: {'line': b'-- Up-to-date symlink: /home/giromi/Repos/VTOL/ws_sensor_combined_src/install/px4_msgs/include/px4_msgs/px4_msgs/msg/detail/gpio_in__type_support.h\n'}
[6.200492] (px4_msgs) StdoutLine: {'line': b'-- Up-to-date symlink: /home/giromi/Repos/VTOL/ws_sensor_combined_src/install/px4_msgs/include/px4_msgs/px4_msgs/msg/detail/gpio_out__functions.h\n'}
[6.200621] (px4_msgs) StdoutLine: {'line': b'-- Up-to-date symlink: /home/giromi/Repos/VTOL/ws_sensor_combined_src/install/px4_msgs/include/px4_msgs/px4_msgs/msg/detail/gpio_out__struct.h\n'}
[6.200761] (px4_msgs) StdoutLine: {'line': b'-- Up-to-date symlink: /home/giromi/Repos/VTOL/ws_sensor_combined_src/install/px4_msgs/include/px4_msgs/px4_msgs/msg/detail/gpio_out__type_support.h\n'}
[6.200903] (px4_msgs) StdoutLine: {'line': b'-- Up-to-date symlink: /home/giromi/Repos/VTOL/ws_sensor_combined_src/install/px4_msgs/include/px4_msgs/px4_msgs/msg/detail/gpio_request__functions.h\n'}
[6.201043] (px4_msgs) StdoutLine: {'line': b'-- Up-to-date symlink: /home/giromi/Repos/VTOL/ws_sensor_combined_src/install/px4_msgs/include/px4_msgs/px4_msgs/msg/detail/gpio_request__struct.h\n'}
[6.201178] (px4_msgs) StdoutLine: {'line': b'-- Up-to-date symlink: /home/giromi/Repos/VTOL/ws_sensor_combined_src/install/px4_msgs/include/px4_msgs/px4_msgs/msg/detail/gpio_request__type_support.h\n'}
[6.201315] (px4_msgs) StdoutLine: {'line': b'-- Up-to-date symlink: /home/giromi/Repos/VTOL/ws_sensor_combined_src/install/px4_msgs/include/px4_msgs/px4_msgs/msg/detail/gps_dump__functions.h\n'}
[6.201510] (px4_msgs) StdoutLine: {'line': b'-- Up-to-date symlink: /home/giromi/Repos/VTOL/ws_sensor_combined_src/install/px4_msgs/include/px4_msgs/px4_msgs/msg/detail/gps_dump__struct.h\n'}
[6.201677] (px4_msgs) StdoutLine: {'line': b'-- Up-to-date symlink: /home/giromi/Repos/VTOL/ws_sensor_combined_src/install/px4_msgs/include/px4_msgs/px4_msgs/msg/detail/gps_dump__type_support.h\n'}
[6.201850] (px4_msgs) StdoutLine: {'line': b'-- Up-to-date symlink: /home/giromi/Repos/VTOL/ws_sensor_combined_src/install/px4_msgs/include/px4_msgs/px4_msgs/msg/detail/gps_inject_data__functions.h\n'}
[6.201972] (px4_msgs) StdoutLine: {'line': b'-- Up-to-date symlink: /home/giromi/Repos/VTOL/ws_sensor_combined_src/install/px4_msgs/include/px4_msgs/px4_msgs/msg/detail/gps_inject_data__struct.h\n'}
[6.202105] (px4_msgs) StdoutLine: {'line': b'-- Up-to-date symlink: /home/giromi/Repos/VTOL/ws_sensor_combined_src/install/px4_msgs/include/px4_msgs/px4_msgs/msg/detail/gps_inject_data__type_support.h\n'}
[6.202243] (px4_msgs) StdoutLine: {'line': b'-- Up-to-date symlink: /home/giromi/Repos/VTOL/ws_sensor_combined_src/install/px4_msgs/include/px4_msgs/px4_msgs/msg/detail/gripper__functions.h\n'}
[6.202381] (px4_msgs) StdoutLine: {'line': b'-- Up-to-date symlink: /home/giromi/Repos/VTOL/ws_sensor_combined_src/install/px4_msgs/include/px4_msgs/px4_msgs/msg/detail/gripper__struct.h\n'}
[6.202564] (px4_msgs) StdoutLine: {'line': b'-- Up-to-date symlink: /home/giromi/Repos/VTOL/ws_sensor_combined_src/install/px4_msgs/include/px4_msgs/px4_msgs/msg/detail/gripper__type_support.h\n'}
[6.202702] (px4_msgs) StdoutLine: {'line': b'-- Up-to-date symlink: /home/giromi/Repos/VTOL/ws_sensor_combined_src/install/px4_msgs/include/px4_msgs/px4_msgs/msg/detail/health_report__functions.h\n'}
[6.202893] (px4_msgs) StdoutLine: {'line': b'-- Up-to-date symlink: /home/giromi/Repos/VTOL/ws_sensor_combined_src/install/px4_msgs/include/px4_msgs/px4_msgs/msg/detail/health_report__struct.h\n'}
[6.203062] (px4_msgs) StdoutLine: {'line': b'-- Up-to-date symlink: /home/giromi/Repos/VTOL/ws_sensor_combined_src/install/px4_msgs/include/px4_msgs/px4_msgs/msg/detail/health_report__type_support.h\n'}
[6.203230] (px4_msgs) StdoutLine: {'line': b'-- Up-to-date symlink: /home/giromi/Repos/VTOL/ws_sensor_combined_src/install/px4_msgs/include/px4_msgs/px4_msgs/msg/detail/heater_status__functions.h\n'}
[6.203347] (px4_msgs) StdoutLine: {'line': b'-- Up-to-date symlink: /home/giromi/Repos/VTOL/ws_sensor_combined_src/install/px4_msgs/include/px4_msgs/px4_msgs/msg/detail/heater_status__struct.h\n'}
[6.203482] (px4_msgs) StdoutLine: {'line': b'-- Up-to-date symlink: /home/giromi/Repos/VTOL/ws_sensor_combined_src/install/px4_msgs/include/px4_msgs/px4_msgs/msg/detail/heater_status__type_support.h\n'}
[6.203614] (px4_msgs) StdoutLine: {'line': b'-- Up-to-date symlink: /home/giromi/Repos/VTOL/ws_sensor_combined_src/install/px4_msgs/include/px4_msgs/px4_msgs/msg/detail/home_position__functions.h\n'}
[6.203783] (px4_msgs) StdoutLine: {'line': b'-- Up-to-date symlink: /home/giromi/Repos/VTOL/ws_sensor_combined_src/install/px4_msgs/include/px4_msgs/px4_msgs/msg/detail/home_position__struct.h\n'}
[6.203918] (px4_msgs) StdoutLine: {'line': b'-- Up-to-date symlink: /home/giromi/Repos/VTOL/ws_sensor_combined_src/install/px4_msgs/include/px4_msgs/px4_msgs/msg/detail/home_position__type_support.h\n'}
[6.204057] (px4_msgs) StdoutLine: {'line': b'-- Up-to-date symlink: /home/giromi/Repos/VTOL/ws_sensor_combined_src/install/px4_msgs/include/px4_msgs/px4_msgs/msg/detail/hover_thrust_estimate__functions.h\n'}
[6.204232] (px4_msgs) StdoutLine: {'line': b'-- Up-to-date symlink: /home/giromi/Repos/VTOL/ws_sensor_combined_src/install/px4_msgs/include/px4_msgs/px4_msgs/msg/detail/hover_thrust_estimate__struct.h\n'}
[6.204389] (px4_msgs) StdoutLine: {'line': b'-- Up-to-date symlink: /home/giromi/Repos/VTOL/ws_sensor_combined_src/install/px4_msgs/include/px4_msgs/px4_msgs/msg/detail/hover_thrust_estimate__type_support.h\n'}
[6.204554] (px4_msgs) StdoutLine: {'line': b'-- Up-to-date symlink: /home/giromi/Repos/VTOL/ws_sensor_combined_src/install/px4_msgs/include/px4_msgs/px4_msgs/msg/detail/input_rc__functions.h\n'}
[6.204675] (px4_msgs) StdoutLine: {'line': b'-- Up-to-date symlink: /home/giromi/Repos/VTOL/ws_sensor_combined_src/install/px4_msgs/include/px4_msgs/px4_msgs/msg/detail/input_rc__struct.h\n'}
[6.204816] (px4_msgs) StdoutLine: {'line': b'-- Up-to-date symlink: /home/giromi/Repos/VTOL/ws_sensor_combined_src/install/px4_msgs/include/px4_msgs/px4_msgs/msg/detail/input_rc__type_support.h\n'}
[6.204954] (px4_msgs) StdoutLine: {'line': b'-- Up-to-date symlink: /home/giromi/Repos/VTOL/ws_sensor_combined_src/install/px4_msgs/include/px4_msgs/px4_msgs/msg/detail/internal_combustion_engine_status__functions.h\n'}
[6.205094] (px4_msgs) StdoutLine: {'line': b'-- Up-to-date symlink: /home/giromi/Repos/VTOL/ws_sensor_combined_src/install/px4_msgs/include/px4_msgs/px4_msgs/msg/detail/internal_combustion_engine_status__struct.h\n'}
[6.205233] (px4_msgs) StdoutLine: {'line': b'-- Up-to-date symlink: /home/giromi/Repos/VTOL/ws_sensor_combined_src/install/px4_msgs/include/px4_msgs/px4_msgs/msg/detail/internal_combustion_engine_status__type_support.h\n'}
[6.205371] (px4_msgs) StdoutLine: {'line': b'-- Up-to-date symlink: /home/giromi/Repos/VTOL/ws_sensor_combined_src/install/px4_msgs/include/px4_msgs/px4_msgs/msg/detail/iridiumsbd_status__functions.h\n'}
[6.205516] (px4_msgs) StdoutLine: {'line': b'-- Up-to-date symlink: /home/giromi/Repos/VTOL/ws_sensor_combined_src/install/px4_msgs/include/px4_msgs/px4_msgs/msg/detail/iridiumsbd_status__struct.h\n'}
[6.205696] (px4_msgs) StdoutLine: {'line': b'-- Up-to-date symlink: /home/giromi/Repos/VTOL/ws_sensor_combined_src/install/px4_msgs/include/px4_msgs/px4_msgs/msg/detail/iridiumsbd_status__type_support.h\n'}
[6.205852] (px4_msgs) StdoutLine: {'line': b'-- Up-to-date symlink: /home/giromi/Repos/VTOL/ws_sensor_combined_src/install/px4_msgs/include/px4_msgs/px4_msgs/msg/detail/irlock_report__functions.h\n'}
[6.206014] (px4_msgs) StdoutLine: {'line': b'-- Up-to-date symlink: /home/giromi/Repos/VTOL/ws_sensor_combined_src/install/px4_msgs/include/px4_msgs/px4_msgs/msg/detail/irlock_report__struct.h\n'}
[6.206144] (px4_msgs) StdoutLine: {'line': b'-- Up-to-date symlink: /home/giromi/Repos/VTOL/ws_sensor_combined_src/install/px4_msgs/include/px4_msgs/px4_msgs/msg/detail/irlock_report__type_support.h\n'}
[6.206286] (px4_msgs) StdoutLine: {'line': b'-- Up-to-date symlink: /home/giromi/Repos/VTOL/ws_sensor_combined_src/install/px4_msgs/include/px4_msgs/px4_msgs/msg/detail/landing_gear__functions.h\n'}
[6.206422] (px4_msgs) StdoutLine: {'line': b'-- Up-to-date symlink: /home/giromi/Repos/VTOL/ws_sensor_combined_src/install/px4_msgs/include/px4_msgs/px4_msgs/msg/detail/landing_gear__struct.h\n'}
[6.206608] (px4_msgs) StdoutLine: {'line': b'-- Up-to-date symlink: /home/giromi/Repos/VTOL/ws_sensor_combined_src/install/px4_msgs/include/px4_msgs/px4_msgs/msg/detail/landing_gear__type_support.h\n'}
[6.206744] (px4_msgs) StdoutLine: {'line': b'-- Up-to-date symlink: /home/giromi/Repos/VTOL/ws_sensor_combined_src/install/px4_msgs/include/px4_msgs/px4_msgs/msg/detail/landing_gear_wheel__functions.h\n'}
[6.206883] (px4_msgs) StdoutLine: {'line': b'-- Up-to-date symlink: /home/giromi/Repos/VTOL/ws_sensor_combined_src/install/px4_msgs/include/px4_msgs/px4_msgs/msg/detail/landing_gear_wheel__struct.h\n'}
[6.207055] (px4_msgs) StdoutLine: {'line': b'-- Up-to-date symlink: /home/giromi/Repos/VTOL/ws_sensor_combined_src/install/px4_msgs/include/px4_msgs/px4_msgs/msg/detail/landing_gear_wheel__type_support.h\n'}
[6.207229] (px4_msgs) StdoutLine: {'line': b'-- Up-to-date symlink: /home/giromi/Repos/VTOL/ws_sensor_combined_src/install/px4_msgs/include/px4_msgs/px4_msgs/msg/detail/landing_target_innovations__functions.h\n'}
[6.207348] (px4_msgs) StdoutLine: {'line': b'-- Up-to-date symlink: /home/giromi/Repos/VTOL/ws_sensor_combined_src/install/px4_msgs/include/px4_msgs/px4_msgs/msg/detail/landing_target_innovations__struct.h\n'}
[6.207488] (px4_msgs) StdoutLine: {'line': b'-- Up-to-date symlink: /home/giromi/Repos/VTOL/ws_sensor_combined_src/install/px4_msgs/include/px4_msgs/px4_msgs/msg/detail/landing_target_innovations__type_support.h\n'}
[6.207625] (px4_msgs) StdoutLine: {'line': b'-- Up-to-date symlink: /home/giromi/Repos/VTOL/ws_sensor_combined_src/install/px4_msgs/include/px4_msgs/px4_msgs/msg/detail/landing_target_pose__functions.h\n'}
[6.207761] (px4_msgs) StdoutLine: {'line': b'-- Up-to-date symlink: /home/giromi/Repos/VTOL/ws_sensor_combined_src/install/px4_msgs/include/px4_msgs/px4_msgs/msg/detail/landing_target_pose__struct.h\n'}
[6.207903] (px4_msgs) StdoutLine: {'line': b'-- Up-to-date symlink: /home/giromi/Repos/VTOL/ws_sensor_combined_src/install/px4_msgs/include/px4_msgs/px4_msgs/msg/detail/landing_target_pose__type_support.h\n'}
[6.208043] (px4_msgs) StdoutLine: {'line': b'-- Up-to-date symlink: /home/giromi/Repos/VTOL/ws_sensor_combined_src/install/px4_msgs/include/px4_msgs/px4_msgs/msg/detail/launch_detection_status__functions.h\n'}
[6.208176] (px4_msgs) StdoutLine: {'line': b'-- Up-to-date symlink: /home/giromi/Repos/VTOL/ws_sensor_combined_src/install/px4_msgs/include/px4_msgs/px4_msgs/msg/detail/launch_detection_status__struct.h\n'}
[6.208320] (px4_msgs) StdoutLine: {'line': b'-- Up-to-date symlink: /home/giromi/Repos/VTOL/ws_sensor_combined_src/install/px4_msgs/include/px4_msgs/px4_msgs/msg/detail/launch_detection_status__type_support.h\n'}
[6.208494] (px4_msgs) StdoutLine: {'line': b'-- Up-to-date symlink: /home/giromi/Repos/VTOL/ws_sensor_combined_src/install/px4_msgs/include/px4_msgs/px4_msgs/msg/detail/led_control__functions.h\n'}
[6.208656] (px4_msgs) StdoutLine: {'line': b'-- Up-to-date symlink: /home/giromi/Repos/VTOL/ws_sensor_combined_src/install/px4_msgs/include/px4_msgs/px4_msgs/msg/detail/led_control__struct.h\n'}
[6.208787] (px4_msgs) StdoutLine: {'line': b'-- Up-to-date symlink: /home/giromi/Repos/VTOL/ws_sensor_combined_src/install/px4_msgs/include/px4_msgs/px4_msgs/msg/detail/led_control__type_support.h\n'}
[6.208924] (px4_msgs) StdoutLine: {'line': b'-- Up-to-date symlink: /home/giromi/Repos/VTOL/ws_sensor_combined_src/install/px4_msgs/include/px4_msgs/px4_msgs/msg/detail/log_message__functions.h\n'}
[6.209059] (px4_msgs) StdoutLine: {'line': b'-- Up-to-date symlink: /home/giromi/Repos/VTOL/ws_sensor_combined_src/install/px4_msgs/include/px4_msgs/px4_msgs/msg/detail/log_message__struct.h\n'}
[6.209200] (px4_msgs) StdoutLine: {'line': b'-- Up-to-date symlink: /home/giromi/Repos/VTOL/ws_sensor_combined_src/install/px4_msgs/include/px4_msgs/px4_msgs/msg/detail/log_message__type_support.h\n'}
[6.209340] (px4_msgs) StdoutLine: {'line': b'-- Up-to-date symlink: /home/giromi/Repos/VTOL/ws_sensor_combined_src/install/px4_msgs/include/px4_msgs/px4_msgs/msg/detail/logger_status__functions.h\n'}
[6.209473] (px4_msgs) StdoutLine: {'line': b'-- Up-to-date symlink: /home/giromi/Repos/VTOL/ws_sensor_combined_src/install/px4_msgs/include/px4_msgs/px4_msgs/msg/detail/logger_status__struct.h\n'}
[6.209611] (px4_msgs) StdoutLine: {'line': b'-- Up-to-date symlink: /home/giromi/Repos/VTOL/ws_sensor_combined_src/install/px4_msgs/include/px4_msgs/px4_msgs/msg/detail/logger_status__type_support.h\n'}
[6.209748] (px4_msgs) StdoutLine: {'line': b'-- Up-to-date symlink: /home/giromi/Repos/VTOL/ws_sensor_combined_src/install/px4_msgs/include/px4_msgs/px4_msgs/msg/detail/mag_worker_data__functions.h\n'}
[6.209922] (px4_msgs) StdoutLine: {'line': b'-- Up-to-date symlink: /home/giromi/Repos/VTOL/ws_sensor_combined_src/install/px4_msgs/include/px4_msgs/px4_msgs/msg/detail/mag_worker_data__struct.h\n'}
[6.210094] (px4_msgs) StdoutLine: {'line': b'-- Up-to-date symlink: /home/giromi/Repos/VTOL/ws_sensor_combined_src/install/px4_msgs/include/px4_msgs/px4_msgs/msg/detail/mag_worker_data__type_support.h\n'}
[6.210220] (px4_msgs) StdoutLine: {'line': b'-- Up-to-date symlink: /home/giromi/Repos/VTOL/ws_sensor_combined_src/install/px4_msgs/include/px4_msgs/px4_msgs/msg/detail/magnetometer_bias_estimate__functions.h\n'}
[6.210359] (px4_msgs) StdoutLine: {'line': b'-- Up-to-date symlink: /home/giromi/Repos/VTOL/ws_sensor_combined_src/install/px4_msgs/include/px4_msgs/px4_msgs/msg/detail/magnetometer_bias_estimate__struct.h\n'}
[6.210517] (px4_msgs) StdoutLine: {'line': b'-- Up-to-date symlink: /home/giromi/Repos/VTOL/ws_sensor_combined_src/install/px4_msgs/include/px4_msgs/px4_msgs/msg/detail/magnetometer_bias_estimate__type_support.h\n'}
[6.210711] (px4_msgs) StdoutLine: {'line': b'-- Up-to-date symlink: /home/giromi/Repos/VTOL/ws_sensor_combined_src/install/px4_msgs/include/px4_msgs/px4_msgs/msg/detail/manual_control_setpoint__functions.h\n'}
[6.210878] (px4_msgs) StdoutLine: {'line': b'-- Up-to-date symlink: /home/giromi/Repos/VTOL/ws_sensor_combined_src/install/px4_msgs/include/px4_msgs/px4_msgs/msg/detail/manual_control_setpoint__struct.h\n'}
[6.211046] (px4_msgs) StdoutLine: {'line': b'-- Up-to-date symlink: /home/giromi/Repos/VTOL/ws_sensor_combined_src/install/px4_msgs/include/px4_msgs/px4_msgs/msg/detail/manual_control_setpoint__type_support.h\n'}
[6.211219] (px4_msgs) StdoutLine: {'line': b'-- Up-to-date symlink: /home/giromi/Repos/VTOL/ws_sensor_combined_src/install/px4_msgs/include/px4_msgs/px4_msgs/msg/detail/manual_control_switches__functions.h\n'}
[6.211382] (px4_msgs) StdoutLine: {'line': b'-- Up-to-date symlink: /home/giromi/Repos/VTOL/ws_sensor_combined_src/install/px4_msgs/include/px4_msgs/px4_msgs/msg/detail/manual_control_switches__struct.h\n'}
[6.211498] (px4_msgs) StdoutLine: {'line': b'-- Up-to-date symlink: /home/giromi/Repos/VTOL/ws_sensor_combined_src/install/px4_msgs/include/px4_msgs/px4_msgs/msg/detail/manual_control_switches__type_support.h\n'}
[6.211633] (px4_msgs) StdoutLine: {'line': b'-- Up-to-date symlink: /home/giromi/Repos/VTOL/ws_sensor_combined_src/install/px4_msgs/include/px4_msgs/px4_msgs/msg/detail/mavlink_log__functions.h\n'}
[6.211798] (px4_msgs) StdoutLine: {'line': b'-- Up-to-date symlink: /home/giromi/Repos/VTOL/ws_sensor_combined_src/install/px4_msgs/include/px4_msgs/px4_msgs/msg/detail/mavlink_log__struct.h\n'}
[6.211939] (px4_msgs) StdoutLine: {'line': b'-- Up-to-date symlink: /home/giromi/Repos/VTOL/ws_sensor_combined_src/install/px4_msgs/include/px4_msgs/px4_msgs/msg/detail/mavlink_log__type_support.h\n'}
[6.212076] (px4_msgs) StdoutLine: {'line': b'-- Up-to-date symlink: /home/giromi/Repos/VTOL/ws_sensor_combined_src/install/px4_msgs/include/px4_msgs/px4_msgs/msg/detail/mavlink_tunnel__functions.h\n'}
[6.212212] (px4_msgs) StdoutLine: {'line': b'-- Up-to-date symlink: /home/giromi/Repos/VTOL/ws_sensor_combined_src/install/px4_msgs/include/px4_msgs/px4_msgs/msg/detail/mavlink_tunnel__struct.h\n'}
[6.212352] (px4_msgs) StdoutLine: {'line': b'-- Up-to-date symlink: /home/giromi/Repos/VTOL/ws_sensor_combined_src/install/px4_msgs/include/px4_msgs/px4_msgs/msg/detail/mavlink_tunnel__type_support.h\n'}
[6.212527] (px4_msgs) StdoutLine: {'line': b'-- Up-to-date symlink: /home/giromi/Repos/VTOL/ws_sensor_combined_src/install/px4_msgs/include/px4_msgs/px4_msgs/msg/detail/message_format_request__functions.h\n'}
[6.212691] (px4_msgs) StdoutLine: {'line': b'-- Up-to-date symlink: /home/giromi/Repos/VTOL/ws_sensor_combined_src/install/px4_msgs/include/px4_msgs/px4_msgs/msg/detail/message_format_request__struct.h\n'}
[6.212853] (px4_msgs) StdoutLine: {'line': b'-- Up-to-date symlink: /home/giromi/Repos/VTOL/ws_sensor_combined_src/install/px4_msgs/include/px4_msgs/px4_msgs/msg/detail/message_format_request__type_support.h\n'}
[6.212979] (px4_msgs) StdoutLine: {'line': b'-- Up-to-date symlink: /home/giromi/Repos/VTOL/ws_sensor_combined_src/install/px4_msgs/include/px4_msgs/px4_msgs/msg/detail/message_format_response__functions.h\n'}
[6.213120] (px4_msgs) StdoutLine: {'line': b'-- Up-to-date symlink: /home/giromi/Repos/VTOL/ws_sensor_combined_src/install/px4_msgs/include/px4_msgs/px4_msgs/msg/detail/message_format_response__struct.h\n'}
[6.213257] (px4_msgs) StdoutLine: {'line': b'-- Up-to-date symlink: /home/giromi/Repos/VTOL/ws_sensor_combined_src/install/px4_msgs/include/px4_msgs/px4_msgs/msg/detail/message_format_response__type_support.h\n'}
[6.213397] (px4_msgs) StdoutLine: {'line': b'-- Up-to-date symlink: /home/giromi/Repos/VTOL/ws_sensor_combined_src/install/px4_msgs/include/px4_msgs/px4_msgs/msg/detail/mission__functions.h\n'}
[6.213535] (px4_msgs) StdoutLine: {'line': b'-- Up-to-date symlink: /home/giromi/Repos/VTOL/ws_sensor_combined_src/install/px4_msgs/include/px4_msgs/px4_msgs/msg/detail/mission__struct.h\n'}
[6.213673] (px4_msgs) StdoutLine: {'line': b'-- Up-to-date symlink: /home/giromi/Repos/VTOL/ws_sensor_combined_src/install/px4_msgs/include/px4_msgs/px4_msgs/msg/detail/mission__type_support.h\n'}
[6.213808] (px4_msgs) StdoutLine: {'line': b'-- Up-to-date symlink: /home/giromi/Repos/VTOL/ws_sensor_combined_src/install/px4_msgs/include/px4_msgs/px4_msgs/msg/detail/mission_result__functions.h\n'}
[6.213985] (px4_msgs) StdoutLine: {'line': b'-- Up-to-date symlink: /home/giromi/Repos/VTOL/ws_sensor_combined_src/install/px4_msgs/include/px4_msgs/px4_msgs/msg/detail/mission_result__struct.h\n'}
[6.214141] (px4_msgs) StdoutLine: {'line': b'-- Up-to-date symlink: /home/giromi/Repos/VTOL/ws_sensor_combined_src/install/px4_msgs/include/px4_msgs/px4_msgs/msg/detail/mission_result__type_support.h\n'}
[6.214312] (px4_msgs) StdoutLine: {'line': b'-- Up-to-date symlink: /home/giromi/Repos/VTOL/ws_sensor_combined_src/install/px4_msgs/include/px4_msgs/px4_msgs/msg/detail/mode_completed__functions.h\n'}
[6.214429] (px4_msgs) StdoutLine: {'line': b'-- Up-to-date symlink: /home/giromi/Repos/VTOL/ws_sensor_combined_src/install/px4_msgs/include/px4_msgs/px4_msgs/msg/detail/mode_completed__struct.h\n'}
[6.214610] (px4_msgs) StdoutLine: {'line': b'-- Up-to-date symlink: /home/giromi/Repos/VTOL/ws_sensor_combined_src/install/px4_msgs/include/px4_msgs/px4_msgs/msg/detail/mode_completed__type_support.h\n'}
[6.214751] (px4_msgs) StdoutLine: {'line': b'-- Up-to-date symlink: /home/giromi/Repos/VTOL/ws_sensor_combined_src/install/px4_msgs/include/px4_msgs/px4_msgs/msg/detail/mount_orientation__functions.h\n'}
[6.214813] (-) TimerEvent: {}
[6.214955] (px4_msgs) StdoutLine: {'line': b'-- Up-to-date symlink: /home/giromi/Repos/VTOL/ws_sensor_combined_src/install/px4_msgs/include/px4_msgs/px4_msgs/msg/detail/mount_orientation__struct.h\n'}
[6.215219] (px4_msgs) StdoutLine: {'line': b'-- Up-to-date symlink: /home/giromi/Repos/VTOL/ws_sensor_combined_src/install/px4_msgs/include/px4_msgs/px4_msgs/msg/detail/mount_orientation__type_support.h\n'}
[6.215380] (px4_msgs) StdoutLine: {'line': b'-- Up-to-date symlink: /home/giromi/Repos/VTOL/ws_sensor_combined_src/install/px4_msgs/include/px4_msgs/px4_msgs/msg/detail/navigator_mission_item__functions.h\n'}
[6.215547] (px4_msgs) StdoutLine: {'line': b'-- Up-to-date symlink: /home/giromi/Repos/VTOL/ws_sensor_combined_src/install/px4_msgs/include/px4_msgs/px4_msgs/msg/detail/navigator_mission_item__struct.h\n'}
[6.215736] (px4_msgs) StdoutLine: {'line': b'-- Up-to-date symlink: /home/giromi/Repos/VTOL/ws_sensor_combined_src/install/px4_msgs/include/px4_msgs/px4_msgs/msg/detail/navigator_mission_item__type_support.h\n'}
[6.215898] (px4_msgs) StdoutLine: {'line': b'-- Up-to-date symlink: /home/giromi/Repos/VTOL/ws_sensor_combined_src/install/px4_msgs/include/px4_msgs/px4_msgs/msg/detail/normalized_unsigned_setpoint__functions.h\n'}
[6.216077] (px4_msgs) StdoutLine: {'line': b'-- Up-to-date symlink: /home/giromi/Repos/VTOL/ws_sensor_combined_src/install/px4_msgs/include/px4_msgs/px4_msgs/msg/detail/normalized_unsigned_setpoint__struct.h\n'}
[6.216225] (px4_msgs) StdoutLine: {'line': b'-- Up-to-date symlink: /home/giromi/Repos/VTOL/ws_sensor_combined_src/install/px4_msgs/include/px4_msgs/px4_msgs/msg/detail/normalized_unsigned_setpoint__type_support.h\n'}
[6.216398] (px4_msgs) StdoutLine: {'line': b'-- Up-to-date symlink: /home/giromi/Repos/VTOL/ws_sensor_combined_src/install/px4_msgs/include/px4_msgs/px4_msgs/msg/detail/npfg_status__functions.h\n'}
[6.216524] (px4_msgs) StdoutLine: {'line': b'-- Up-to-date symlink: /home/giromi/Repos/VTOL/ws_sensor_combined_src/install/px4_msgs/include/px4_msgs/px4_msgs/msg/detail/npfg_status__struct.h\n'}
[6.216663] (px4_msgs) StdoutLine: {'line': b'-- Up-to-date symlink: /home/giromi/Repos/VTOL/ws_sensor_combined_src/install/px4_msgs/include/px4_msgs/px4_msgs/msg/detail/npfg_status__type_support.h\n'}
[6.216804] (px4_msgs) StdoutLine: {'line': b'-- Up-to-date symlink: /home/giromi/Repos/VTOL/ws_sensor_combined_src/install/px4_msgs/include/px4_msgs/px4_msgs/msg/detail/obstacle_distance__functions.h\n'}
[6.216944] (px4_msgs) StdoutLine: {'line': b'-- Up-to-date symlink: /home/giromi/Repos/VTOL/ws_sensor_combined_src/install/px4_msgs/include/px4_msgs/px4_msgs/msg/detail/obstacle_distance__struct.h\n'}
[6.217080] (px4_msgs) StdoutLine: {'line': b'-- Up-to-date symlink: /home/giromi/Repos/VTOL/ws_sensor_combined_src/install/px4_msgs/include/px4_msgs/px4_msgs/msg/detail/obstacle_distance__type_support.h\n'}
[6.217220] (px4_msgs) StdoutLine: {'line': b'-- Up-to-date symlink: /home/giromi/Repos/VTOL/ws_sensor_combined_src/install/px4_msgs/include/px4_msgs/px4_msgs/msg/detail/offboard_control_mode__functions.h\n'}
[6.217358] (px4_msgs) StdoutLine: {'line': b'-- Up-to-date symlink: /home/giromi/Repos/VTOL/ws_sensor_combined_src/install/px4_msgs/include/px4_msgs/px4_msgs/msg/detail/offboard_control_mode__struct.h\n'}
[6.217532] (px4_msgs) StdoutLine: {'line': b'-- Up-to-date symlink: /home/giromi/Repos/VTOL/ws_sensor_combined_src/install/px4_msgs/include/px4_msgs/px4_msgs/msg/detail/offboard_control_mode__type_support.h\n'}
[6.217693] (px4_msgs) StdoutLine: {'line': b'-- Up-to-date symlink: /home/giromi/Repos/VTOL/ws_sensor_combined_src/install/px4_msgs/include/px4_msgs/px4_msgs/msg/detail/onboard_computer_status__functions.h\n'}
[6.217860] (px4_msgs) StdoutLine: {'line': b'-- Up-to-date symlink: /home/giromi/Repos/VTOL/ws_sensor_combined_src/install/px4_msgs/include/px4_msgs/px4_msgs/msg/detail/onboard_computer_status__struct.h\n'}
[6.217985] (px4_msgs) StdoutLine: {'line': b'-- Up-to-date symlink: /home/giromi/Repos/VTOL/ws_sensor_combined_src/install/px4_msgs/include/px4_msgs/px4_msgs/msg/detail/onboard_computer_status__type_support.h\n'}
[6.218123] (px4_msgs) StdoutLine: {'line': b'-- Up-to-date symlink: /home/giromi/Repos/VTOL/ws_sensor_combined_src/install/px4_msgs/include/px4_msgs/px4_msgs/msg/detail/orb_test__functions.h\n'}
[6.218261] (px4_msgs) StdoutLine: {'line': b'-- Up-to-date symlink: /home/giromi/Repos/VTOL/ws_sensor_combined_src/install/px4_msgs/include/px4_msgs/px4_msgs/msg/detail/orb_test__struct.h\n'}
[6.218400] (px4_msgs) StdoutLine: {'line': b'-- Up-to-date symlink: /home/giromi/Repos/VTOL/ws_sensor_combined_src/install/px4_msgs/include/px4_msgs/px4_msgs/msg/detail/orb_test__type_support.h\n'}
[6.218581] (px4_msgs) StdoutLine: {'line': b'-- Up-to-date symlink: /home/giromi/Repos/VTOL/ws_sensor_combined_src/install/px4_msgs/include/px4_msgs/px4_msgs/msg/detail/orb_test_large__functions.h\n'}
[6.218715] (px4_msgs) StdoutLine: {'line': b'-- Up-to-date symlink: /home/giromi/Repos/VTOL/ws_sensor_combined_src/install/px4_msgs/include/px4_msgs/px4_msgs/msg/detail/orb_test_large__struct.h\n'}
[6.218857] (px4_msgs) StdoutLine: {'line': b'-- Up-to-date symlink: /home/giromi/Repos/VTOL/ws_sensor_combined_src/install/px4_msgs/include/px4_msgs/px4_msgs/msg/detail/orb_test_large__type_support.h\n'}
[6.219029] (px4_msgs) StdoutLine: {'line': b'-- Up-to-date symlink: /home/giromi/Repos/VTOL/ws_sensor_combined_src/install/px4_msgs/include/px4_msgs/px4_msgs/msg/detail/orb_test_medium__functions.h\n'}
[6.219191] (px4_msgs) StdoutLine: {'line': b'-- Up-to-date symlink: /home/giromi/Repos/VTOL/ws_sensor_combined_src/install/px4_msgs/include/px4_msgs/px4_msgs/msg/detail/orb_test_medium__struct.h\n'}
[6.219319] (px4_msgs) StdoutLine: {'line': b'-- Up-to-date symlink: /home/giromi/Repos/VTOL/ws_sensor_combined_src/install/px4_msgs/include/px4_msgs/px4_msgs/msg/detail/orb_test_medium__type_support.h\n'}
[6.219467] (px4_msgs) StdoutLine: {'line': b'-- Up-to-date symlink: /home/giromi/Repos/VTOL/ws_sensor_combined_src/install/px4_msgs/include/px4_msgs/px4_msgs/msg/detail/orbit_status__functions.h\n'}
[6.219611] (px4_msgs) StdoutLine: {'line': b'-- Up-to-date symlink: /home/giromi/Repos/VTOL/ws_sensor_combined_src/install/px4_msgs/include/px4_msgs/px4_msgs/msg/detail/orbit_status__struct.h\n'}
[6.219751] (px4_msgs) StdoutLine: {'line': b'-- Up-to-date symlink: /home/giromi/Repos/VTOL/ws_sensor_combined_src/install/px4_msgs/include/px4_msgs/px4_msgs/msg/detail/orbit_status__type_support.h\n'}
[6.219893] (px4_msgs) StdoutLine: {'line': b'-- Up-to-date symlink: /home/giromi/Repos/VTOL/ws_sensor_combined_src/install/px4_msgs/include/px4_msgs/px4_msgs/msg/detail/parameter_update__functions.h\n'}
[6.220029] (px4_msgs) StdoutLine: {'line': b'-- Up-to-date symlink: /home/giromi/Repos/VTOL/ws_sensor_combined_src/install/px4_msgs/include/px4_msgs/px4_msgs/msg/detail/parameter_update__struct.h\n'}
[6.220166] (px4_msgs) StdoutLine: {'line': b'-- Up-to-date symlink: /home/giromi/Repos/VTOL/ws_sensor_combined_src/install/px4_msgs/include/px4_msgs/px4_msgs/msg/detail/parameter_update__type_support.h\n'}
[6.220361] (px4_msgs) StdoutLine: {'line': b'-- Up-to-date symlink: /home/giromi/Repos/VTOL/ws_sensor_combined_src/install/px4_msgs/include/px4_msgs/px4_msgs/msg/detail/ping__functions.h\n'}
[6.220508] (px4_msgs) StdoutLine: {'line': b'-- Up-to-date symlink: /home/giromi/Repos/VTOL/ws_sensor_combined_src/install/px4_msgs/include/px4_msgs/px4_msgs/msg/detail/ping__struct.h\n'}
[6.220693] (px4_msgs) StdoutLine: {'line': b'-- Up-to-date symlink: /home/giromi/Repos/VTOL/ws_sensor_combined_src/install/px4_msgs/include/px4_msgs/px4_msgs/msg/detail/ping__type_support.h\n'}
[6.220814] (px4_msgs) StdoutLine: {'line': b'-- Up-to-date symlink: /home/giromi/Repos/VTOL/ws_sensor_combined_src/install/px4_msgs/include/px4_msgs/px4_msgs/msg/detail/position_controller_landing_status__functions.h\n'}
[6.220951] (px4_msgs) StdoutLine: {'line': b'-- Up-to-date symlink: /home/giromi/Repos/VTOL/ws_sensor_combined_src/install/px4_msgs/include/px4_msgs/px4_msgs/msg/detail/position_controller_landing_status__struct.h\n'}
[6.221085] (px4_msgs) StdoutLine: {'line': b'-- Up-to-date symlink: /home/giromi/Repos/VTOL/ws_sensor_combined_src/install/px4_msgs/include/px4_msgs/px4_msgs/msg/detail/position_controller_landing_status__type_support.h\n'}
[6.221227] (px4_msgs) StdoutLine: {'line': b'-- Up-to-date symlink: /home/giromi/Repos/VTOL/ws_sensor_combined_src/install/px4_msgs/include/px4_msgs/px4_msgs/msg/detail/position_controller_status__functions.h\n'}
[6.221364] (px4_msgs) StdoutLine: {'line': b'-- Up-to-date symlink: /home/giromi/Repos/VTOL/ws_sensor_combined_src/install/px4_msgs/include/px4_msgs/px4_msgs/msg/detail/position_controller_status__struct.h\n'}
[6.221501] (px4_msgs) StdoutLine: {'line': b'-- Up-to-date symlink: /home/giromi/Repos/VTOL/ws_sensor_combined_src/install/px4_msgs/include/px4_msgs/px4_msgs/msg/detail/position_controller_status__type_support.h\n'}
[6.221639] (px4_msgs) StdoutLine: {'line': b'-- Up-to-date symlink: /home/giromi/Repos/VTOL/ws_sensor_combined_src/install/px4_msgs/include/px4_msgs/px4_msgs/msg/detail/position_setpoint__functions.h\n'}
[6.221815] (px4_msgs) StdoutLine: {'line': b'-- Up-to-date symlink: /home/giromi/Repos/VTOL/ws_sensor_combined_src/install/px4_msgs/include/px4_msgs/px4_msgs/msg/detail/position_setpoint__struct.h\n'}
[6.221983] (px4_msgs) StdoutLine: {'line': b'-- Up-to-date symlink: /home/giromi/Repos/VTOL/ws_sensor_combined_src/install/px4_msgs/include/px4_msgs/px4_msgs/msg/detail/position_setpoint__type_support.h\n'}
[6.222181] (px4_msgs) StdoutLine: {'line': b'-- Up-to-date symlink: /home/giromi/Repos/VTOL/ws_sensor_combined_src/install/px4_msgs/include/px4_msgs/px4_msgs/msg/detail/position_setpoint_triplet__functions.h\n'}
[6.222310] (px4_msgs) StdoutLine: {'line': b'-- Up-to-date symlink: /home/giromi/Repos/VTOL/ws_sensor_combined_src/install/px4_msgs/include/px4_msgs/px4_msgs/msg/detail/position_setpoint_triplet__struct.h\n'}
[6.222472] (px4_msgs) StdoutLine: {'line': b'-- Up-to-date symlink: /home/giromi/Repos/VTOL/ws_sensor_combined_src/install/px4_msgs/include/px4_msgs/px4_msgs/msg/detail/position_setpoint_triplet__type_support.h\n'}
[6.222672] (px4_msgs) StdoutLine: {'line': b'-- Up-to-date symlink: /home/giromi/Repos/VTOL/ws_sensor_combined_src/install/px4_msgs/include/px4_msgs/px4_msgs/msg/detail/power_button_state__functions.h\n'}
[6.222799] (px4_msgs) StdoutLine: {'line': b'-- Up-to-date symlink: /home/giromi/Repos/VTOL/ws_sensor_combined_src/install/px4_msgs/include/px4_msgs/px4_msgs/msg/detail/power_button_state__struct.h\n'}
[6.222935] (px4_msgs) StdoutLine: {'line': b'-- Up-to-date symlink: /home/giromi/Repos/VTOL/ws_sensor_combined_src/install/px4_msgs/include/px4_msgs/px4_msgs/msg/detail/power_button_state__type_support.h\n'}
[6.223078] (px4_msgs) StdoutLine: {'line': b'-- Up-to-date symlink: /home/giromi/Repos/VTOL/ws_sensor_combined_src/install/px4_msgs/include/px4_msgs/px4_msgs/msg/detail/power_monitor__functions.h\n'}
[6.223295] (px4_msgs) StdoutLine: {'line': b'-- Up-to-date symlink: /home/giromi/Repos/VTOL/ws_sensor_combined_src/install/px4_msgs/include/px4_msgs/px4_msgs/msg/detail/power_monitor__struct.h\n'}
[6.223471] (px4_msgs) StdoutLine: {'line': b'-- Up-to-date symlink: /home/giromi/Repos/VTOL/ws_sensor_combined_src/install/px4_msgs/include/px4_msgs/px4_msgs/msg/detail/power_monitor__type_support.h\n'}
[6.223592] (px4_msgs) StdoutLine: {'line': b'-- Up-to-date symlink: /home/giromi/Repos/VTOL/ws_sensor_combined_src/install/px4_msgs/include/px4_msgs/px4_msgs/msg/detail/pps_capture__functions.h\n'}
[6.223739] (px4_msgs) StdoutLine: {'line': b'-- Up-to-date symlink: /home/giromi/Repos/VTOL/ws_sensor_combined_src/install/px4_msgs/include/px4_msgs/px4_msgs/msg/detail/pps_capture__struct.h\n'}
[6.223869] (px4_msgs) StdoutLine: {'line': b'-- Up-to-date symlink: /home/giromi/Repos/VTOL/ws_sensor_combined_src/install/px4_msgs/include/px4_msgs/px4_msgs/msg/detail/pps_capture__type_support.h\n'}
[6.224009] (px4_msgs) StdoutLine: {'line': b'-- Up-to-date symlink: /home/giromi/Repos/VTOL/ws_sensor_combined_src/install/px4_msgs/include/px4_msgs/px4_msgs/msg/detail/pwm_input__functions.h\n'}
[6.224186] (px4_msgs) StdoutLine: {'line': b'-- Up-to-date symlink: /home/giromi/Repos/VTOL/ws_sensor_combined_src/install/px4_msgs/include/px4_msgs/px4_msgs/msg/detail/pwm_input__struct.h\n'}
[6.224320] (px4_msgs) StdoutLine: {'line': b'-- Up-to-date symlink: /home/giromi/Repos/VTOL/ws_sensor_combined_src/install/px4_msgs/include/px4_msgs/px4_msgs/msg/detail/pwm_input__type_support.h\n'}
[6.224455] (px4_msgs) StdoutLine: {'line': b'-- Up-to-date symlink: /home/giromi/Repos/VTOL/ws_sensor_combined_src/install/px4_msgs/include/px4_msgs/px4_msgs/msg/detail/px4io_status__functions.h\n'}
[6.224595] (px4_msgs) StdoutLine: {'line': b'-- Up-to-date symlink: /home/giromi/Repos/VTOL/ws_sensor_combined_src/install/px4_msgs/include/px4_msgs/px4_msgs/msg/detail/px4io_status__struct.h\n'}
[6.224773] (px4_msgs) StdoutLine: {'line': b'-- Up-to-date symlink: /home/giromi/Repos/VTOL/ws_sensor_combined_src/install/px4_msgs/include/px4_msgs/px4_msgs/msg/detail/px4io_status__type_support.h\n'}
[6.224938] (px4_msgs) StdoutLine: {'line': b'-- Up-to-date symlink: /home/giromi/Repos/VTOL/ws_sensor_combined_src/install/px4_msgs/include/px4_msgs/px4_msgs/msg/detail/qshell_req__functions.h\n'}
[6.225065] (px4_msgs) StdoutLine: {'line': b'-- Up-to-date symlink: /home/giromi/Repos/VTOL/ws_sensor_combined_src/install/px4_msgs/include/px4_msgs/px4_msgs/msg/detail/qshell_req__struct.h\n'}
[6.225204] (px4_msgs) StdoutLine: {'line': b'-- Up-to-date symlink: /home/giromi/Repos/VTOL/ws_sensor_combined_src/install/px4_msgs/include/px4_msgs/px4_msgs/msg/detail/qshell_req__type_support.h\n'}
[6.225415] (px4_msgs) StdoutLine: {'line': b'-- Up-to-date symlink: /home/giromi/Repos/VTOL/ws_sensor_combined_src/install/px4_msgs/include/px4_msgs/px4_msgs/msg/detail/qshell_retval__functions.h\n'}
[6.225621] (px4_msgs) StdoutLine: {'line': b'-- Up-to-date symlink: /home/giromi/Repos/VTOL/ws_sensor_combined_src/install/px4_msgs/include/px4_msgs/px4_msgs/msg/detail/qshell_retval__struct.h\n'}
[6.225831] (px4_msgs) StdoutLine: {'line': b'-- Up-to-date symlink: /home/giromi/Repos/VTOL/ws_sensor_combined_src/install/px4_msgs/include/px4_msgs/px4_msgs/msg/detail/qshell_retval__type_support.h\n'}
[6.226097] (px4_msgs) StdoutLine: {'line': b'-- Up-to-date symlink: /home/giromi/Repos/VTOL/ws_sensor_combined_src/install/px4_msgs/include/px4_msgs/px4_msgs/msg/detail/radio_status__functions.h\n'}
[6.226318] (px4_msgs) StdoutLine: {'line': b'-- Up-to-date symlink: /home/giromi/Repos/VTOL/ws_sensor_combined_src/install/px4_msgs/include/px4_msgs/px4_msgs/msg/detail/radio_status__struct.h\n'}
[6.226650] (px4_msgs) StdoutLine: {'line': b'-- Up-to-date symlink: /home/giromi/Repos/VTOL/ws_sensor_combined_src/install/px4_msgs/include/px4_msgs/px4_msgs/msg/detail/radio_status__type_support.h\n'}
[6.226875] (px4_msgs) StdoutLine: {'line': b'-- Up-to-date symlink: /home/giromi/Repos/VTOL/ws_sensor_combined_src/install/px4_msgs/include/px4_msgs/px4_msgs/msg/detail/rate_ctrl_status__functions.h\n'}
[6.227103] (px4_msgs) StdoutLine: {'line': b'-- Up-to-date symlink: /home/giromi/Repos/VTOL/ws_sensor_combined_src/install/px4_msgs/include/px4_msgs/px4_msgs/msg/detail/rate_ctrl_status__struct.h\n'}
[6.227340] (px4_msgs) StdoutLine: {'line': b'-- Up-to-date symlink: /home/giromi/Repos/VTOL/ws_sensor_combined_src/install/px4_msgs/include/px4_msgs/px4_msgs/msg/detail/rate_ctrl_status__type_support.h\n'}
[6.227552] (px4_msgs) StdoutLine: {'line': b'-- Up-to-date symlink: /home/giromi/Repos/VTOL/ws_sensor_combined_src/install/px4_msgs/include/px4_msgs/px4_msgs/msg/detail/rc_channels__functions.h\n'}
[6.227762] (px4_msgs) StdoutLine: {'line': b'-- Up-to-date symlink: /home/giromi/Repos/VTOL/ws_sensor_combined_src/install/px4_msgs/include/px4_msgs/px4_msgs/msg/detail/rc_channels__struct.h\n'}
[6.227913] (px4_msgs) StdoutLine: {'line': b'-- Up-to-date symlink: /home/giromi/Repos/VTOL/ws_sensor_combined_src/install/px4_msgs/include/px4_msgs/px4_msgs/msg/detail/rc_channels__type_support.h\n'}
[6.228016] (px4_msgs) StdoutLine: {'line': b'-- Up-to-date symlink: /home/giromi/Repos/VTOL/ws_sensor_combined_src/install/px4_msgs/include/px4_msgs/px4_msgs/msg/detail/rc_parameter_map__functions.h\n'}
[6.228138] (px4_msgs) StdoutLine: {'line': b'-- Up-to-date symlink: /home/giromi/Repos/VTOL/ws_sensor_combined_src/install/px4_msgs/include/px4_msgs/px4_msgs/msg/detail/rc_parameter_map__struct.h\n'}
[6.228316] (px4_msgs) StdoutLine: {'line': b'-- Up-to-date symlink: /home/giromi/Repos/VTOL/ws_sensor_combined_src/install/px4_msgs/include/px4_msgs/px4_msgs/msg/detail/rc_parameter_map__type_support.h\n'}
[6.228477] (px4_msgs) StdoutLine: {'line': b'-- Up-to-date symlink: /home/giromi/Repos/VTOL/ws_sensor_combined_src/install/px4_msgs/include/px4_msgs/px4_msgs/msg/detail/register_ext_component_reply__functions.h\n'}
[6.228648] (px4_msgs) StdoutLine: {'line': b'-- Up-to-date symlink: /home/giromi/Repos/VTOL/ws_sensor_combined_src/install/px4_msgs/include/px4_msgs/px4_msgs/msg/detail/register_ext_component_reply__struct.h\n'}
[6.228854] (px4_msgs) StdoutLine: {'line': b'-- Up-to-date symlink: /home/giromi/Repos/VTOL/ws_sensor_combined_src/install/px4_msgs/include/px4_msgs/px4_msgs/msg/detail/register_ext_component_reply__type_support.h\n'}
[6.229048] (px4_msgs) StdoutLine: {'line': b'-- Up-to-date symlink: /home/giromi/Repos/VTOL/ws_sensor_combined_src/install/px4_msgs/include/px4_msgs/px4_msgs/msg/detail/register_ext_component_request__functions.h\n'}
[6.229213] (px4_msgs) StdoutLine: {'line': b'-- Up-to-date symlink: /home/giromi/Repos/VTOL/ws_sensor_combined_src/install/px4_msgs/include/px4_msgs/px4_msgs/msg/detail/register_ext_component_request__struct.h\n'}
[6.229312] (px4_msgs) StdoutLine: {'line': b'-- Up-to-date symlink: /home/giromi/Repos/VTOL/ws_sensor_combined_src/install/px4_msgs/include/px4_msgs/px4_msgs/msg/detail/register_ext_component_request__type_support.h\n'}
[6.229480] (px4_msgs) StdoutLine: {'line': b'-- Up-to-date symlink: /home/giromi/Repos/VTOL/ws_sensor_combined_src/install/px4_msgs/include/px4_msgs/px4_msgs/msg/detail/rpm__functions.h\n'}
[6.229601] (px4_msgs) StdoutLine: {'line': b'-- Up-to-date symlink: /home/giromi/Repos/VTOL/ws_sensor_combined_src/install/px4_msgs/include/px4_msgs/px4_msgs/msg/detail/rpm__struct.h\n'}
[6.229779] (px4_msgs) StdoutLine: {'line': b'-- Up-to-date symlink: /home/giromi/Repos/VTOL/ws_sensor_combined_src/install/px4_msgs/include/px4_msgs/px4_msgs/msg/detail/rpm__type_support.h\n'}
[6.229937] (px4_msgs) StdoutLine: {'line': b'-- Up-to-date symlink: /home/giromi/Repos/VTOL/ws_sensor_combined_src/install/px4_msgs/include/px4_msgs/px4_msgs/msg/detail/rtl_time_estimate__functions.h\n'}
[6.230106] (px4_msgs) StdoutLine: {'line': b'-- Up-to-date symlink: /home/giromi/Repos/VTOL/ws_sensor_combined_src/install/px4_msgs/include/px4_msgs/px4_msgs/msg/detail/rtl_time_estimate__struct.h\n'}
[6.230283] (px4_msgs) StdoutLine: {'line': b'-- Up-to-date symlink: /home/giromi/Repos/VTOL/ws_sensor_combined_src/install/px4_msgs/include/px4_msgs/px4_msgs/msg/detail/rtl_time_estimate__type_support.h\n'}
[6.230443] (px4_msgs) StdoutLine: {'line': b'-- Up-to-date symlink: /home/giromi/Repos/VTOL/ws_sensor_combined_src/install/px4_msgs/include/px4_msgs/px4_msgs/msg/detail/satellite_info__functions.h\n'}
[6.230639] (px4_msgs) StdoutLine: {'line': b'-- Up-to-date symlink: /home/giromi/Repos/VTOL/ws_sensor_combined_src/install/px4_msgs/include/px4_msgs/px4_msgs/msg/detail/satellite_info__struct.h\n'}
[6.230806] (px4_msgs) StdoutLine: {'line': b'-- Up-to-date symlink: /home/giromi/Repos/VTOL/ws_sensor_combined_src/install/px4_msgs/include/px4_msgs/px4_msgs/msg/detail/satellite_info__type_support.h\n'}
[6.230965] (px4_msgs) StdoutLine: {'line': b'-- Up-to-date symlink: /home/giromi/Repos/VTOL/ws_sensor_combined_src/install/px4_msgs/include/px4_msgs/px4_msgs/msg/detail/sensor_accel__functions.h\n'}
[6.231134] (px4_msgs) StdoutLine: {'line': b'-- Up-to-date symlink: /home/giromi/Repos/VTOL/ws_sensor_combined_src/install/px4_msgs/include/px4_msgs/px4_msgs/msg/detail/sensor_accel__struct.h\n'}
[6.231294] (px4_msgs) StdoutLine: {'line': b'-- Up-to-date symlink: /home/giromi/Repos/VTOL/ws_sensor_combined_src/install/px4_msgs/include/px4_msgs/px4_msgs/msg/detail/sensor_accel__type_support.h\n'}
[6.231455] (px4_msgs) StdoutLine: {'line': b'-- Up-to-date symlink: /home/giromi/Repos/VTOL/ws_sensor_combined_src/install/px4_msgs/include/px4_msgs/px4_msgs/msg/detail/sensor_accel_fifo__functions.h\n'}
[6.231617] (px4_msgs) StdoutLine: {'line': b'-- Up-to-date symlink: /home/giromi/Repos/VTOL/ws_sensor_combined_src/install/px4_msgs/include/px4_msgs/px4_msgs/msg/detail/sensor_accel_fifo__struct.h\n'}
[6.231783] (px4_msgs) StdoutLine: {'line': b'-- Up-to-date symlink: /home/giromi/Repos/VTOL/ws_sensor_combined_src/install/px4_msgs/include/px4_msgs/px4_msgs/msg/detail/sensor_accel_fifo__type_support.h\n'}
[6.231908] (px4_msgs) StdoutLine: {'line': b'-- Up-to-date symlink: /home/giromi/Repos/VTOL/ws_sensor_combined_src/install/px4_msgs/include/px4_msgs/px4_msgs/msg/detail/sensor_airflow__functions.h\n'}
[6.232045] (px4_msgs) StdoutLine: {'line': b'-- Up-to-date symlink: /home/giromi/Repos/VTOL/ws_sensor_combined_src/install/px4_msgs/include/px4_msgs/px4_msgs/msg/detail/sensor_airflow__struct.h\n'}
[6.232183] (px4_msgs) StdoutLine: {'line': b'-- Up-to-date symlink: /home/giromi/Repos/VTOL/ws_sensor_combined_src/install/px4_msgs/include/px4_msgs/px4_msgs/msg/detail/sensor_airflow__type_support.h\n'}
[6.232320] (px4_msgs) StdoutLine: {'line': b'-- Up-to-date symlink: /home/giromi/Repos/VTOL/ws_sensor_combined_src/install/px4_msgs/include/px4_msgs/px4_msgs/msg/detail/sensor_baro__functions.h\n'}
[6.232455] (px4_msgs) StdoutLine: {'line': b'-- Up-to-date symlink: /home/giromi/Repos/VTOL/ws_sensor_combined_src/install/px4_msgs/include/px4_msgs/px4_msgs/msg/detail/sensor_baro__struct.h\n'}
[6.232591] (px4_msgs) StdoutLine: {'line': b'-- Up-to-date symlink: /home/giromi/Repos/VTOL/ws_sensor_combined_src/install/px4_msgs/include/px4_msgs/px4_msgs/msg/detail/sensor_baro__type_support.h\n'}
[6.232727] (px4_msgs) StdoutLine: {'line': b'-- Up-to-date symlink: /home/giromi/Repos/VTOL/ws_sensor_combined_src/install/px4_msgs/include/px4_msgs/px4_msgs/msg/detail/sensor_combined__functions.h\n'}
[6.232897] (px4_msgs) StdoutLine: {'line': b'-- Up-to-date symlink: /home/giromi/Repos/VTOL/ws_sensor_combined_src/install/px4_msgs/include/px4_msgs/px4_msgs/msg/detail/sensor_combined__struct.h\n'}
[6.233059] (px4_msgs) StdoutLine: {'line': b'-- Up-to-date symlink: /home/giromi/Repos/VTOL/ws_sensor_combined_src/install/px4_msgs/include/px4_msgs/px4_msgs/msg/detail/sensor_combined__type_support.h\n'}
[6.233186] (px4_msgs) StdoutLine: {'line': b'-- Up-to-date symlink: /home/giromi/Repos/VTOL/ws_sensor_combined_src/install/px4_msgs/include/px4_msgs/px4_msgs/msg/detail/sensor_correction__functions.h\n'}
[6.233324] (px4_msgs) StdoutLine: {'line': b'-- Up-to-date symlink: /home/giromi/Repos/VTOL/ws_sensor_combined_src/install/px4_msgs/include/px4_msgs/px4_msgs/msg/detail/sensor_correction__struct.h\n'}
[6.233462] (px4_msgs) StdoutLine: {'line': b'-- Up-to-date symlink: /home/giromi/Repos/VTOL/ws_sensor_combined_src/install/px4_msgs/include/px4_msgs/px4_msgs/msg/detail/sensor_correction__type_support.h\n'}
[6.233597] (px4_msgs) StdoutLine: {'line': b'-- Up-to-date symlink: /home/giromi/Repos/VTOL/ws_sensor_combined_src/install/px4_msgs/include/px4_msgs/px4_msgs/msg/detail/sensor_gnss_relative__functions.h\n'}
[6.233733] (px4_msgs) StdoutLine: {'line': b'-- Up-to-date symlink: /home/giromi/Repos/VTOL/ws_sensor_combined_src/install/px4_msgs/include/px4_msgs/px4_msgs/msg/detail/sensor_gnss_relative__struct.h\n'}
[6.233874] (px4_msgs) StdoutLine: {'line': b'-- Up-to-date symlink: /home/giromi/Repos/VTOL/ws_sensor_combined_src/install/px4_msgs/include/px4_msgs/px4_msgs/msg/detail/sensor_gnss_relative__type_support.h\n'}
[6.234014] (px4_msgs) StdoutLine: {'line': b'-- Up-to-date symlink: /home/giromi/Repos/VTOL/ws_sensor_combined_src/install/px4_msgs/include/px4_msgs/px4_msgs/msg/detail/sensor_gps__functions.h\n'}
[6.234187] (px4_msgs) StdoutLine: {'line': b'-- Up-to-date symlink: /home/giromi/Repos/VTOL/ws_sensor_combined_src/install/px4_msgs/include/px4_msgs/px4_msgs/msg/detail/sensor_gps__struct.h\n'}
[6.234358] (px4_msgs) StdoutLine: {'line': b'-- Up-to-date symlink: /home/giromi/Repos/VTOL/ws_sensor_combined_src/install/px4_msgs/include/px4_msgs/px4_msgs/msg/detail/sensor_gps__type_support.h\n'}
[6.234516] (px4_msgs) StdoutLine: {'line': b'-- Up-to-date symlink: /home/giromi/Repos/VTOL/ws_sensor_combined_src/install/px4_msgs/include/px4_msgs/px4_msgs/msg/detail/sensor_gyro__functions.h\n'}
[6.234691] (px4_msgs) StdoutLine: {'line': b'-- Up-to-date symlink: /home/giromi/Repos/VTOL/ws_sensor_combined_src/install/px4_msgs/include/px4_msgs/px4_msgs/msg/detail/sensor_gyro__struct.h\n'}
[6.234941] (px4_msgs) StdoutLine: {'line': b'-- Up-to-date symlink: /home/giromi/Repos/VTOL/ws_sensor_combined_src/install/px4_msgs/include/px4_msgs/px4_msgs/msg/detail/sensor_gyro__type_support.h\n'}
[6.235121] (px4_msgs) StdoutLine: {'line': b'-- Up-to-date symlink: /home/giromi/Repos/VTOL/ws_sensor_combined_src/install/px4_msgs/include/px4_msgs/px4_msgs/msg/detail/sensor_gyro_fft__functions.h\n'}
[6.235289] (px4_msgs) StdoutLine: {'line': b'-- Up-to-date symlink: /home/giromi/Repos/VTOL/ws_sensor_combined_src/install/px4_msgs/include/px4_msgs/px4_msgs/msg/detail/sensor_gyro_fft__struct.h\n'}
[6.235457] (px4_msgs) StdoutLine: {'line': b'-- Up-to-date symlink: /home/giromi/Repos/VTOL/ws_sensor_combined_src/install/px4_msgs/include/px4_msgs/px4_msgs/msg/detail/sensor_gyro_fft__type_support.h\n'}
[6.235599] (px4_msgs) StdoutLine: {'line': b'-- Up-to-date symlink: /home/giromi/Repos/VTOL/ws_sensor_combined_src/install/px4_msgs/include/px4_msgs/px4_msgs/msg/detail/sensor_gyro_fifo__functions.h\n'}
[6.235782] (px4_msgs) StdoutLine: {'line': b'-- Up-to-date symlink: /home/giromi/Repos/VTOL/ws_sensor_combined_src/install/px4_msgs/include/px4_msgs/px4_msgs/msg/detail/sensor_gyro_fifo__struct.h\n'}
[6.235921] (px4_msgs) StdoutLine: {'line': b'-- Up-to-date symlink: /home/giromi/Repos/VTOL/ws_sensor_combined_src/install/px4_msgs/include/px4_msgs/px4_msgs/msg/detail/sensor_gyro_fifo__type_support.h\n'}
[6.236049] (px4_msgs) StdoutLine: {'line': b'-- Up-to-date symlink: /home/giromi/Repos/VTOL/ws_sensor_combined_src/install/px4_msgs/include/px4_msgs/px4_msgs/msg/detail/sensor_hygrometer__functions.h\n'}
[6.236187] (px4_msgs) StdoutLine: {'line': b'-- Up-to-date symlink: /home/giromi/Repos/VTOL/ws_sensor_combined_src/install/px4_msgs/include/px4_msgs/px4_msgs/msg/detail/sensor_hygrometer__struct.h\n'}
[6.236325] (px4_msgs) StdoutLine: {'line': b'-- Up-to-date symlink: /home/giromi/Repos/VTOL/ws_sensor_combined_src/install/px4_msgs/include/px4_msgs/px4_msgs/msg/detail/sensor_hygrometer__type_support.h\n'}
[6.236465] (px4_msgs) StdoutLine: {'line': b'-- Up-to-date symlink: /home/giromi/Repos/VTOL/ws_sensor_combined_src/install/px4_msgs/include/px4_msgs/px4_msgs/msg/detail/sensor_mag__functions.h\n'}
[6.236639] (px4_msgs) StdoutLine: {'line': b'-- Up-to-date symlink: /home/giromi/Repos/VTOL/ws_sensor_combined_src/install/px4_msgs/include/px4_msgs/px4_msgs/msg/detail/sensor_mag__struct.h\n'}
[6.236797] (px4_msgs) StdoutLine: {'line': b'-- Up-to-date symlink: /home/giromi/Repos/VTOL/ws_sensor_combined_src/install/px4_msgs/include/px4_msgs/px4_msgs/msg/detail/sensor_mag__type_support.h\n'}
[6.236926] (px4_msgs) StdoutLine: {'line': b'-- Up-to-date symlink: /home/giromi/Repos/VTOL/ws_sensor_combined_src/install/px4_msgs/include/px4_msgs/px4_msgs/msg/detail/sensor_optical_flow__functions.h\n'}
[6.237060] (px4_msgs) StdoutLine: {'line': b'-- Up-to-date symlink: /home/giromi/Repos/VTOL/ws_sensor_combined_src/install/px4_msgs/include/px4_msgs/px4_msgs/msg/detail/sensor_optical_flow__struct.h\n'}
[6.237200] (px4_msgs) StdoutLine: {'line': b'-- Up-to-date symlink: /home/giromi/Repos/VTOL/ws_sensor_combined_src/install/px4_msgs/include/px4_msgs/px4_msgs/msg/detail/sensor_optical_flow__type_support.h\n'}
[6.237339] (px4_msgs) StdoutLine: {'line': b'-- Up-to-date symlink: /home/giromi/Repos/VTOL/ws_sensor_combined_src/install/px4_msgs/include/px4_msgs/px4_msgs/msg/detail/sensor_preflight_mag__functions.h\n'}
[6.237477] (px4_msgs) StdoutLine: {'line': b'-- Up-to-date symlink: /home/giromi/Repos/VTOL/ws_sensor_combined_src/install/px4_msgs/include/px4_msgs/px4_msgs/msg/detail/sensor_preflight_mag__struct.h\n'}
[6.237614] (px4_msgs) StdoutLine: {'line': b'-- Up-to-date symlink: /home/giromi/Repos/VTOL/ws_sensor_combined_src/install/px4_msgs/include/px4_msgs/px4_msgs/msg/detail/sensor_preflight_mag__type_support.h\n'}
[6.237752] (px4_msgs) StdoutLine: {'line': b'-- Up-to-date symlink: /home/giromi/Repos/VTOL/ws_sensor_combined_src/install/px4_msgs/include/px4_msgs/px4_msgs/msg/detail/sensor_selection__functions.h\n'}
[6.237891] (px4_msgs) StdoutLine: {'line': b'-- Up-to-date symlink: /home/giromi/Repos/VTOL/ws_sensor_combined_src/install/px4_msgs/include/px4_msgs/px4_msgs/msg/detail/sensor_selection__struct.h\n'}
[6.238032] (px4_msgs) StdoutLine: {'line': b'-- Up-to-date symlink: /home/giromi/Repos/VTOL/ws_sensor_combined_src/install/px4_msgs/include/px4_msgs/px4_msgs/msg/detail/sensor_selection__type_support.h\n'}
[6.238174] (px4_msgs) StdoutLine: {'line': b'-- Up-to-date symlink: /home/giromi/Repos/VTOL/ws_sensor_combined_src/install/px4_msgs/include/px4_msgs/px4_msgs/msg/detail/sensor_uwb__functions.h\n'}
[6.238313] (px4_msgs) StdoutLine: {'line': b'-- Up-to-date symlink: /home/giromi/Repos/VTOL/ws_sensor_combined_src/install/px4_msgs/include/px4_msgs/px4_msgs/msg/detail/sensor_uwb__struct.h\n'}
[6.238461] (px4_msgs) StdoutLine: {'line': b'-- Up-to-date symlink: /home/giromi/Repos/VTOL/ws_sensor_combined_src/install/px4_msgs/include/px4_msgs/px4_msgs/msg/detail/sensor_uwb__type_support.h\n'}
[6.238666] (px4_msgs) StdoutLine: {'line': b'-- Up-to-date symlink: /home/giromi/Repos/VTOL/ws_sensor_combined_src/install/px4_msgs/include/px4_msgs/px4_msgs/msg/detail/sensors_status__functions.h\n'}
[6.238799] (px4_msgs) StdoutLine: {'line': b'-- Up-to-date symlink: /home/giromi/Repos/VTOL/ws_sensor_combined_src/install/px4_msgs/include/px4_msgs/px4_msgs/msg/detail/sensors_status__struct.h\n'}
[6.238939] (px4_msgs) StdoutLine: {'line': b'-- Up-to-date symlink: /home/giromi/Repos/VTOL/ws_sensor_combined_src/install/px4_msgs/include/px4_msgs/px4_msgs/msg/detail/sensors_status__type_support.h\n'}
[6.239110] (px4_msgs) StdoutLine: {'line': b'-- Up-to-date symlink: /home/giromi/Repos/VTOL/ws_sensor_combined_src/install/px4_msgs/include/px4_msgs/px4_msgs/msg/detail/sensors_status_imu__functions.h\n'}
[6.239318] (px4_msgs) StdoutLine: {'line': b'-- Up-to-date symlink: /home/giromi/Repos/VTOL/ws_sensor_combined_src/install/px4_msgs/include/px4_msgs/px4_msgs/msg/detail/sensors_status_imu__struct.h\n'}
[6.239437] (px4_msgs) StdoutLine: {'line': b'-- Up-to-date symlink: /home/giromi/Repos/VTOL/ws_sensor_combined_src/install/px4_msgs/include/px4_msgs/px4_msgs/msg/detail/sensors_status_imu__type_support.h\n'}
[6.239577] (px4_msgs) StdoutLine: {'line': b'-- Up-to-date symlink: /home/giromi/Repos/VTOL/ws_sensor_combined_src/install/px4_msgs/include/px4_msgs/px4_msgs/msg/detail/system_power__functions.h\n'}
[6.239722] (px4_msgs) StdoutLine: {'line': b'-- Up-to-date symlink: /home/giromi/Repos/VTOL/ws_sensor_combined_src/install/px4_msgs/include/px4_msgs/px4_msgs/msg/detail/system_power__struct.h\n'}
[6.239860] (px4_msgs) StdoutLine: {'line': b'-- Up-to-date symlink: /home/giromi/Repos/VTOL/ws_sensor_combined_src/install/px4_msgs/include/px4_msgs/px4_msgs/msg/detail/system_power__type_support.h\n'}
[6.240035] (px4_msgs) StdoutLine: {'line': b'-- Up-to-date symlink: /home/giromi/Repos/VTOL/ws_sensor_combined_src/install/px4_msgs/include/px4_msgs/px4_msgs/msg/detail/takeoff_status__functions.h\n'}
[6.240161] (px4_msgs) StdoutLine: {'line': b'-- Up-to-date symlink: /home/giromi/Repos/VTOL/ws_sensor_combined_src/install/px4_msgs/include/px4_msgs/px4_msgs/msg/detail/takeoff_status__struct.h\n'}
[6.240298] (px4_msgs) StdoutLine: {'line': b'-- Up-to-date symlink: /home/giromi/Repos/VTOL/ws_sensor_combined_src/install/px4_msgs/include/px4_msgs/px4_msgs/msg/detail/takeoff_status__type_support.h\n'}
[6.240507] (px4_msgs) StdoutLine: {'line': b'-- Up-to-date symlink: /home/giromi/Repos/VTOL/ws_sensor_combined_src/install/px4_msgs/include/px4_msgs/px4_msgs/msg/detail/task_stack_info__functions.h\n'}
[6.240635] (px4_msgs) StdoutLine: {'line': b'-- Up-to-date symlink: /home/giromi/Repos/VTOL/ws_sensor_combined_src/install/px4_msgs/include/px4_msgs/px4_msgs/msg/detail/task_stack_info__struct.h\n'}
[6.240770] (px4_msgs) StdoutLine: {'line': b'-- Up-to-date symlink: /home/giromi/Repos/VTOL/ws_sensor_combined_src/install/px4_msgs/include/px4_msgs/px4_msgs/msg/detail/task_stack_info__type_support.h\n'}
[6.240907] (px4_msgs) StdoutLine: {'line': b'-- Up-to-date symlink: /home/giromi/Repos/VTOL/ws_sensor_combined_src/install/px4_msgs/include/px4_msgs/px4_msgs/msg/detail/tecs_status__functions.h\n'}
[6.241045] (px4_msgs) StdoutLine: {'line': b'-- Up-to-date symlink: /home/giromi/Repos/VTOL/ws_sensor_combined_src/install/px4_msgs/include/px4_msgs/px4_msgs/msg/detail/tecs_status__struct.h\n'}
[6.241179] (px4_msgs) StdoutLine: {'line': b'-- Up-to-date symlink: /home/giromi/Repos/VTOL/ws_sensor_combined_src/install/px4_msgs/include/px4_msgs/px4_msgs/msg/detail/tecs_status__type_support.h\n'}
[6.241318] (px4_msgs) StdoutLine: {'line': b'-- Up-to-date symlink: /home/giromi/Repos/VTOL/ws_sensor_combined_src/install/px4_msgs/include/px4_msgs/px4_msgs/msg/detail/telemetry_status__functions.h\n'}
[6.241491] (px4_msgs) StdoutLine: {'line': b'-- Up-to-date symlink: /home/giromi/Repos/VTOL/ws_sensor_combined_src/install/px4_msgs/include/px4_msgs/px4_msgs/msg/detail/telemetry_status__struct.h\n'}
[6.241617] (px4_msgs) StdoutLine: {'line': b'-- Up-to-date symlink: /home/giromi/Repos/VTOL/ws_sensor_combined_src/install/px4_msgs/include/px4_msgs/px4_msgs/msg/detail/telemetry_status__type_support.h\n'}
[6.241799] (px4_msgs) StdoutLine: {'line': b'-- Up-to-date symlink: /home/giromi/Repos/VTOL/ws_sensor_combined_src/install/px4_msgs/include/px4_msgs/px4_msgs/msg/detail/tiltrotor_extra_controls__functions.h\n'}
[6.242019] (px4_msgs) StdoutLine: {'line': b'-- Up-to-date symlink: /home/giromi/Repos/VTOL/ws_sensor_combined_src/install/px4_msgs/include/px4_msgs/px4_msgs/msg/detail/tiltrotor_extra_controls__struct.h\n'}
[6.242259] (px4_msgs) StdoutLine: {'line': b'-- Up-to-date symlink: /home/giromi/Repos/VTOL/ws_sensor_combined_src/install/px4_msgs/include/px4_msgs/px4_msgs/msg/detail/tiltrotor_extra_controls__type_support.h\n'}
[6.242577] (px4_msgs) StdoutLine: {'line': b'-- Up-to-date symlink: /home/giromi/Repos/VTOL/ws_sensor_combined_src/install/px4_msgs/include/px4_msgs/px4_msgs/msg/detail/timesync_status__functions.h\n'}
[6.242837] (px4_msgs) StdoutLine: {'line': b'-- Up-to-date symlink: /home/giromi/Repos/VTOL/ws_sensor_combined_src/install/px4_msgs/include/px4_msgs/px4_msgs/msg/detail/timesync_status__struct.h\n'}
[6.243091] (px4_msgs) StdoutLine: {'line': b'-- Up-to-date symlink: /home/giromi/Repos/VTOL/ws_sensor_combined_src/install/px4_msgs/include/px4_msgs/px4_msgs/msg/detail/timesync_status__type_support.h\n'}
[6.243310] (px4_msgs) StdoutLine: {'line': b'-- Up-to-date symlink: /home/giromi/Repos/VTOL/ws_sensor_combined_src/install/px4_msgs/include/px4_msgs/px4_msgs/msg/detail/trajectory_bezier__functions.h\n'}
[6.243519] (px4_msgs) StdoutLine: {'line': b'-- Up-to-date symlink: /home/giromi/Repos/VTOL/ws_sensor_combined_src/install/px4_msgs/include/px4_msgs/px4_msgs/msg/detail/trajectory_bezier__struct.h\n'}
[6.243700] (px4_msgs) StdoutLine: {'line': b'-- Up-to-date symlink: /home/giromi/Repos/VTOL/ws_sensor_combined_src/install/px4_msgs/include/px4_msgs/px4_msgs/msg/detail/trajectory_bezier__type_support.h\n'}
[6.243880] (px4_msgs) StdoutLine: {'line': b'-- Up-to-date symlink: /home/giromi/Repos/VTOL/ws_sensor_combined_src/install/px4_msgs/include/px4_msgs/px4_msgs/msg/detail/trajectory_setpoint__functions.h\n'}
[6.244015] (px4_msgs) StdoutLine: {'line': b'-- Up-to-date symlink: /home/giromi/Repos/VTOL/ws_sensor_combined_src/install/px4_msgs/include/px4_msgs/px4_msgs/msg/detail/trajectory_setpoint__struct.h\n'}
[6.244188] (px4_msgs) StdoutLine: {'line': b'-- Up-to-date symlink: /home/giromi/Repos/VTOL/ws_sensor_combined_src/install/px4_msgs/include/px4_msgs/px4_msgs/msg/detail/trajectory_setpoint__type_support.h\n'}
[6.244359] (px4_msgs) StdoutLine: {'line': b'-- Up-to-date symlink: /home/giromi/Repos/VTOL/ws_sensor_combined_src/install/px4_msgs/include/px4_msgs/px4_msgs/msg/detail/trajectory_waypoint__functions.h\n'}
[6.244488] (px4_msgs) StdoutLine: {'line': b'-- Up-to-date symlink: /home/giromi/Repos/VTOL/ws_sensor_combined_src/install/px4_msgs/include/px4_msgs/px4_msgs/msg/detail/trajectory_waypoint__struct.h\n'}
[6.244630] (px4_msgs) StdoutLine: {'line': b'-- Up-to-date symlink: /home/giromi/Repos/VTOL/ws_sensor_combined_src/install/px4_msgs/include/px4_msgs/px4_msgs/msg/detail/trajectory_waypoint__type_support.h\n'}
[6.244774] (px4_msgs) StdoutLine: {'line': b'-- Up-to-date symlink: /home/giromi/Repos/VTOL/ws_sensor_combined_src/install/px4_msgs/include/px4_msgs/px4_msgs/msg/detail/transponder_report__functions.h\n'}
[6.244923] (px4_msgs) StdoutLine: {'line': b'-- Up-to-date symlink: /home/giromi/Repos/VTOL/ws_sensor_combined_src/install/px4_msgs/include/px4_msgs/px4_msgs/msg/detail/transponder_report__struct.h\n'}
[6.245070] (px4_msgs) StdoutLine: {'line': b'-- Up-to-date symlink: /home/giromi/Repos/VTOL/ws_sensor_combined_src/install/px4_msgs/include/px4_msgs/px4_msgs/msg/detail/transponder_report__type_support.h\n'}
[6.245214] (px4_msgs) StdoutLine: {'line': b'-- Up-to-date symlink: /home/giromi/Repos/VTOL/ws_sensor_combined_src/install/px4_msgs/include/px4_msgs/px4_msgs/msg/detail/tune_control__functions.h\n'}
[6.245356] (px4_msgs) StdoutLine: {'line': b'-- Up-to-date symlink: /home/giromi/Repos/VTOL/ws_sensor_combined_src/install/px4_msgs/include/px4_msgs/px4_msgs/msg/detail/tune_control__struct.h\n'}
[6.245499] (px4_msgs) StdoutLine: {'line': b'-- Up-to-date symlink: /home/giromi/Repos/VTOL/ws_sensor_combined_src/install/px4_msgs/include/px4_msgs/px4_msgs/msg/detail/tune_control__type_support.h\n'}
[6.245641] (px4_msgs) StdoutLine: {'line': b'-- Up-to-date symlink: /home/giromi/Repos/VTOL/ws_sensor_combined_src/install/px4_msgs/include/px4_msgs/px4_msgs/msg/detail/uavcan_parameter_request__functions.h\n'}
[6.245783] (px4_msgs) StdoutLine: {'line': b'-- Up-to-date symlink: /home/giromi/Repos/VTOL/ws_sensor_combined_src/install/px4_msgs/include/px4_msgs/px4_msgs/msg/detail/uavcan_parameter_request__struct.h\n'}
[6.245966] (px4_msgs) StdoutLine: {'line': b'-- Up-to-date symlink: /home/giromi/Repos/VTOL/ws_sensor_combined_src/install/px4_msgs/include/px4_msgs/px4_msgs/msg/detail/uavcan_parameter_request__type_support.h\n'}
[6.246131] (px4_msgs) StdoutLine: {'line': b'-- Up-to-date symlink: /home/giromi/Repos/VTOL/ws_sensor_combined_src/install/px4_msgs/include/px4_msgs/px4_msgs/msg/detail/uavcan_parameter_value__functions.h\n'}
[6.246263] (px4_msgs) StdoutLine: {'line': b'-- Up-to-date symlink: /home/giromi/Repos/VTOL/ws_sensor_combined_src/install/px4_msgs/include/px4_msgs/px4_msgs/msg/detail/uavcan_parameter_value__struct.h\n'}
[6.246405] (px4_msgs) StdoutLine: {'line': b'-- Up-to-date symlink: /home/giromi/Repos/VTOL/ws_sensor_combined_src/install/px4_msgs/include/px4_msgs/px4_msgs/msg/detail/uavcan_parameter_value__type_support.h\n'}
[6.246580] (px4_msgs) StdoutLine: {'line': b'-- Up-to-date symlink: /home/giromi/Repos/VTOL/ws_sensor_combined_src/install/px4_msgs/include/px4_msgs/px4_msgs/msg/detail/ulog_stream__functions.h\n'}
[6.246815] (px4_msgs) StdoutLine: {'line': b'-- Up-to-date symlink: /home/giromi/Repos/VTOL/ws_sensor_combined_src/install/px4_msgs/include/px4_msgs/px4_msgs/msg/detail/ulog_stream__struct.h\n'}
[6.247124] (px4_msgs) StdoutLine: {'line': b'-- Up-to-date symlink: /home/giromi/Repos/VTOL/ws_sensor_combined_src/install/px4_msgs/include/px4_msgs/px4_msgs/msg/detail/ulog_stream__type_support.h\n'}
[6.247359] (px4_msgs) StdoutLine: {'line': b'-- Up-to-date symlink: /home/giromi/Repos/VTOL/ws_sensor_combined_src/install/px4_msgs/include/px4_msgs/px4_msgs/msg/detail/ulog_stream_ack__functions.h\n'}
[6.247605] (px4_msgs) StdoutLine: {'line': b'-- Up-to-date symlink: /home/giromi/Repos/VTOL/ws_sensor_combined_src/install/px4_msgs/include/px4_msgs/px4_msgs/msg/detail/ulog_stream_ack__struct.h\n'}
[6.247865] (px4_msgs) StdoutLine: {'line': b'-- Up-to-date symlink: /home/giromi/Repos/VTOL/ws_sensor_combined_src/install/px4_msgs/include/px4_msgs/px4_msgs/msg/detail/ulog_stream_ack__type_support.h\n'}
[6.248121] (px4_msgs) StdoutLine: {'line': b'-- Up-to-date symlink: /home/giromi/Repos/VTOL/ws_sensor_combined_src/install/px4_msgs/include/px4_msgs/px4_msgs/msg/detail/unregister_ext_component__functions.h\n'}
[6.248377] (px4_msgs) StdoutLine: {'line': b'-- Up-to-date symlink: /home/giromi/Repos/VTOL/ws_sensor_combined_src/install/px4_msgs/include/px4_msgs/px4_msgs/msg/detail/unregister_ext_component__struct.h\n'}
[6.248578] (px4_msgs) StdoutLine: {'line': b'-- Up-to-date symlink: /home/giromi/Repos/VTOL/ws_sensor_combined_src/install/px4_msgs/include/px4_msgs/px4_msgs/msg/detail/unregister_ext_component__type_support.h\n'}
[6.248804] (px4_msgs) StdoutLine: {'line': b'-- Up-to-date symlink: /home/giromi/Repos/VTOL/ws_sensor_combined_src/install/px4_msgs/include/px4_msgs/px4_msgs/msg/detail/vehicle_acceleration__functions.h\n'}
[6.249028] (px4_msgs) StdoutLine: {'line': b'-- Up-to-date symlink: /home/giromi/Repos/VTOL/ws_sensor_combined_src/install/px4_msgs/include/px4_msgs/px4_msgs/msg/detail/vehicle_acceleration__struct.h\n'}
[6.249251] (px4_msgs) StdoutLine: {'line': b'-- Up-to-date symlink: /home/giromi/Repos/VTOL/ws_sensor_combined_src/install/px4_msgs/include/px4_msgs/px4_msgs/msg/detail/vehicle_acceleration__type_support.h\n'}
[6.249477] (px4_msgs) StdoutLine: {'line': b'-- Up-to-date symlink: /home/giromi/Repos/VTOL/ws_sensor_combined_src/install/px4_msgs/include/px4_msgs/px4_msgs/msg/detail/vehicle_air_data__functions.h\n'}
[6.249756] (px4_msgs) StdoutLine: {'line': b'-- Up-to-date symlink: /home/giromi/Repos/VTOL/ws_sensor_combined_src/install/px4_msgs/include/px4_msgs/px4_msgs/msg/detail/vehicle_air_data__struct.h\n'}
[6.250023] (px4_msgs) StdoutLine: {'line': b'-- Up-to-date symlink: /home/giromi/Repos/VTOL/ws_sensor_combined_src/install/px4_msgs/include/px4_msgs/px4_msgs/msg/detail/vehicle_air_data__type_support.h\n'}
[6.250217] (px4_msgs) StdoutLine: {'line': b'-- Up-to-date symlink: /home/giromi/Repos/VTOL/ws_sensor_combined_src/install/px4_msgs/include/px4_msgs/px4_msgs/msg/detail/vehicle_angular_acceleration_setpoint__functions.h\n'}
[6.250460] (px4_msgs) StdoutLine: {'line': b'-- Up-to-date symlink: /home/giromi/Repos/VTOL/ws_sensor_combined_src/install/px4_msgs/include/px4_msgs/px4_msgs/msg/detail/vehicle_angular_acceleration_setpoint__struct.h\n'}
[6.250711] (px4_msgs) StdoutLine: {'line': b'-- Up-to-date symlink: /home/giromi/Repos/VTOL/ws_sensor_combined_src/install/px4_msgs/include/px4_msgs/px4_msgs/msg/detail/vehicle_angular_acceleration_setpoint__type_support.h\n'}
[6.250959] (px4_msgs) StdoutLine: {'line': b'-- Up-to-date symlink: /home/giromi/Repos/VTOL/ws_sensor_combined_src/install/px4_msgs/include/px4_msgs/px4_msgs/msg/detail/vehicle_angular_velocity__functions.h\n'}
[6.251229] (px4_msgs) StdoutLine: {'line': b'-- Up-to-date symlink: /home/giromi/Repos/VTOL/ws_sensor_combined_src/install/px4_msgs/include/px4_msgs/px4_msgs/msg/detail/vehicle_angular_velocity__struct.h\n'}
[6.251469] (px4_msgs) StdoutLine: {'line': b'-- Up-to-date symlink: /home/giromi/Repos/VTOL/ws_sensor_combined_src/install/px4_msgs/include/px4_msgs/px4_msgs/msg/detail/vehicle_angular_velocity__type_support.h\n'}
[6.251665] (px4_msgs) StdoutLine: {'line': b'-- Up-to-date symlink: /home/giromi/Repos/VTOL/ws_sensor_combined_src/install/px4_msgs/include/px4_msgs/px4_msgs/msg/detail/vehicle_attitude__functions.h\n'}
[6.251863] (px4_msgs) StdoutLine: {'line': b'-- Up-to-date symlink: /home/giromi/Repos/VTOL/ws_sensor_combined_src/install/px4_msgs/include/px4_msgs/px4_msgs/msg/detail/vehicle_attitude__struct.h\n'}
[6.252068] (px4_msgs) StdoutLine: {'line': b'-- Up-to-date symlink: /home/giromi/Repos/VTOL/ws_sensor_combined_src/install/px4_msgs/include/px4_msgs/px4_msgs/msg/detail/vehicle_attitude__type_support.h\n'}
[6.252239] (px4_msgs) StdoutLine: {'line': b'-- Up-to-date symlink: /home/giromi/Repos/VTOL/ws_sensor_combined_src/install/px4_msgs/include/px4_msgs/px4_msgs/msg/detail/vehicle_attitude_setpoint__functions.h\n'}
[6.252415] (px4_msgs) StdoutLine: {'line': b'-- Up-to-date symlink: /home/giromi/Repos/VTOL/ws_sensor_combined_src/install/px4_msgs/include/px4_msgs/px4_msgs/msg/detail/vehicle_attitude_setpoint__struct.h\n'}
[6.252611] (px4_msgs) StdoutLine: {'line': b'-- Up-to-date symlink: /home/giromi/Repos/VTOL/ws_sensor_combined_src/install/px4_msgs/include/px4_msgs/px4_msgs/msg/detail/vehicle_attitude_setpoint__type_support.h\n'}
[6.252810] (px4_msgs) StdoutLine: {'line': b'-- Up-to-date symlink: /home/giromi/Repos/VTOL/ws_sensor_combined_src/install/px4_msgs/include/px4_msgs/px4_msgs/msg/detail/vehicle_command__functions.h\n'}
[6.253002] (px4_msgs) StdoutLine: {'line': b'-- Up-to-date symlink: /home/giromi/Repos/VTOL/ws_sensor_combined_src/install/px4_msgs/include/px4_msgs/px4_msgs/msg/detail/vehicle_command__struct.h\n'}
[6.253222] (px4_msgs) StdoutLine: {'line': b'-- Up-to-date symlink: /home/giromi/Repos/VTOL/ws_sensor_combined_src/install/px4_msgs/include/px4_msgs/px4_msgs/msg/detail/vehicle_command__type_support.h\n'}
[6.253417] (px4_msgs) StdoutLine: {'line': b'-- Up-to-date symlink: /home/giromi/Repos/VTOL/ws_sensor_combined_src/install/px4_msgs/include/px4_msgs/px4_msgs/msg/detail/vehicle_command_ack__functions.h\n'}
[6.253629] (px4_msgs) StdoutLine: {'line': b'-- Up-to-date symlink: /home/giromi/Repos/VTOL/ws_sensor_combined_src/install/px4_msgs/include/px4_msgs/px4_msgs/msg/detail/vehicle_command_ack__struct.h\n'}
[6.253824] (px4_msgs) StdoutLine: {'line': b'-- Up-to-date symlink: /home/giromi/Repos/VTOL/ws_sensor_combined_src/install/px4_msgs/include/px4_msgs/px4_msgs/msg/detail/vehicle_command_ack__type_support.h\n'}
[6.253980] (px4_msgs) StdoutLine: {'line': b'-- Up-to-date symlink: /home/giromi/Repos/VTOL/ws_sensor_combined_src/install/px4_msgs/include/px4_msgs/px4_msgs/msg/detail/vehicle_constraints__functions.h\n'}
[6.254712] (px4_msgs) StdoutLine: {'line': b'-- Up-to-date symlink: /home/giromi/Repos/VTOL/ws_sensor_combined_src/install/px4_msgs/include/px4_msgs/px4_msgs/msg/detail/vehicle_constraints__struct.h\n'}
[6.254840] (px4_msgs) StdoutLine: {'line': b'-- Up-to-date symlink: /home/giromi/Repos/VTOL/ws_sensor_combined_src/install/px4_msgs/include/px4_msgs/px4_msgs/msg/detail/vehicle_constraints__type_support.h\n'}
[6.254928] (px4_msgs) StdoutLine: {'line': b'-- Up-to-date symlink: /home/giromi/Repos/VTOL/ws_sensor_combined_src/install/px4_msgs/include/px4_msgs/px4_msgs/msg/detail/vehicle_control_mode__functions.h\n'}
[6.254994] (px4_msgs) StdoutLine: {'line': b'-- Up-to-date symlink: /home/giromi/Repos/VTOL/ws_sensor_combined_src/install/px4_msgs/include/px4_msgs/px4_msgs/msg/detail/vehicle_control_mode__struct.h\n'}
[6.255074] (px4_msgs) StdoutLine: {'line': b'-- Up-to-date symlink: /home/giromi/Repos/VTOL/ws_sensor_combined_src/install/px4_msgs/include/px4_msgs/px4_msgs/msg/detail/vehicle_control_mode__type_support.h\n'}
[6.255136] (px4_msgs) StdoutLine: {'line': b'-- Up-to-date symlink: /home/giromi/Repos/VTOL/ws_sensor_combined_src/install/px4_msgs/include/px4_msgs/px4_msgs/msg/detail/vehicle_global_position__functions.h\n'}
[6.255214] (px4_msgs) StdoutLine: {'line': b'-- Up-to-date symlink: /home/giromi/Repos/VTOL/ws_sensor_combined_src/install/px4_msgs/include/px4_msgs/px4_msgs/msg/detail/vehicle_global_position__struct.h\n'}
[6.255310] (px4_msgs) StdoutLine: {'line': b'-- Up-to-date symlink: /home/giromi/Repos/VTOL/ws_sensor_combined_src/install/px4_msgs/include/px4_msgs/px4_msgs/msg/detail/vehicle_global_position__type_support.h\n'}
[6.255451] (px4_msgs) StdoutLine: {'line': b'-- Up-to-date symlink: /home/giromi/Repos/VTOL/ws_sensor_combined_src/install/px4_msgs/include/px4_msgs/px4_msgs/msg/detail/vehicle_imu__functions.h\n'}
[6.255589] (px4_msgs) StdoutLine: {'line': b'-- Up-to-date symlink: /home/giromi/Repos/VTOL/ws_sensor_combined_src/install/px4_msgs/include/px4_msgs/px4_msgs/msg/detail/vehicle_imu__struct.h\n'}
[6.255728] (px4_msgs) StdoutLine: {'line': b'-- Up-to-date symlink: /home/giromi/Repos/VTOL/ws_sensor_combined_src/install/px4_msgs/include/px4_msgs/px4_msgs/msg/detail/vehicle_imu__type_support.h\n'}
[6.255891] (px4_msgs) StdoutLine: {'line': b'-- Up-to-date symlink: /home/giromi/Repos/VTOL/ws_sensor_combined_src/install/px4_msgs/include/px4_msgs/px4_msgs/msg/detail/vehicle_imu_status__functions.h\n'}
[6.256005] (px4_msgs) StdoutLine: {'line': b'-- Up-to-date symlink: /home/giromi/Repos/VTOL/ws_sensor_combined_src/install/px4_msgs/include/px4_msgs/px4_msgs/msg/detail/vehicle_imu_status__struct.h\n'}
[6.256142] (px4_msgs) StdoutLine: {'line': b'-- Up-to-date symlink: /home/giromi/Repos/VTOL/ws_sensor_combined_src/install/px4_msgs/include/px4_msgs/px4_msgs/msg/detail/vehicle_imu_status__type_support.h\n'}
[6.256279] (px4_msgs) StdoutLine: {'line': b'-- Up-to-date symlink: /home/giromi/Repos/VTOL/ws_sensor_combined_src/install/px4_msgs/include/px4_msgs/px4_msgs/msg/detail/vehicle_land_detected__functions.h\n'}
[6.256416] (px4_msgs) StdoutLine: {'line': b'-- Up-to-date symlink: /home/giromi/Repos/VTOL/ws_sensor_combined_src/install/px4_msgs/include/px4_msgs/px4_msgs/msg/detail/vehicle_land_detected__struct.h\n'}
[6.256564] (px4_msgs) StdoutLine: {'line': b'-- Up-to-date symlink: /home/giromi/Repos/VTOL/ws_sensor_combined_src/install/px4_msgs/include/px4_msgs/px4_msgs/msg/detail/vehicle_land_detected__type_support.h\n'}
[6.256709] (px4_msgs) StdoutLine: {'line': b'-- Up-to-date symlink: /home/giromi/Repos/VTOL/ws_sensor_combined_src/install/px4_msgs/include/px4_msgs/px4_msgs/msg/detail/vehicle_local_position__functions.h\n'}
[6.256848] (px4_msgs) StdoutLine: {'line': b'-- Up-to-date symlink: /home/giromi/Repos/VTOL/ws_sensor_combined_src/install/px4_msgs/include/px4_msgs/px4_msgs/msg/detail/vehicle_local_position__struct.h\n'}
[6.256984] (px4_msgs) StdoutLine: {'line': b'-- Up-to-date symlink: /home/giromi/Repos/VTOL/ws_sensor_combined_src/install/px4_msgs/include/px4_msgs/px4_msgs/msg/detail/vehicle_local_position__type_support.h\n'}
[6.257123] (px4_msgs) StdoutLine: {'line': b'-- Up-to-date symlink: /home/giromi/Repos/VTOL/ws_sensor_combined_src/install/px4_msgs/include/px4_msgs/px4_msgs/msg/detail/vehicle_local_position_setpoint__functions.h\n'}
[6.257261] (px4_msgs) StdoutLine: {'line': b'-- Up-to-date symlink: /home/giromi/Repos/VTOL/ws_sensor_combined_src/install/px4_msgs/include/px4_msgs/px4_msgs/msg/detail/vehicle_local_position_setpoint__struct.h\n'}
[6.257398] (px4_msgs) StdoutLine: {'line': b'-- Up-to-date symlink: /home/giromi/Repos/VTOL/ws_sensor_combined_src/install/px4_msgs/include/px4_msgs/px4_msgs/msg/detail/vehicle_local_position_setpoint__type_support.h\n'}
[6.257537] (px4_msgs) StdoutLine: {'line': b'-- Up-to-date symlink: /home/giromi/Repos/VTOL/ws_sensor_combined_src/install/px4_msgs/include/px4_msgs/px4_msgs/msg/detail/vehicle_magnetometer__functions.h\n'}
[6.257678] (px4_msgs) StdoutLine: {'line': b'-- Up-to-date symlink: /home/giromi/Repos/VTOL/ws_sensor_combined_src/install/px4_msgs/include/px4_msgs/px4_msgs/msg/detail/vehicle_magnetometer__struct.h\n'}
[6.257820] (px4_msgs) StdoutLine: {'line': b'-- Up-to-date symlink: /home/giromi/Repos/VTOL/ws_sensor_combined_src/install/px4_msgs/include/px4_msgs/px4_msgs/msg/detail/vehicle_magnetometer__type_support.h\n'}
[6.257959] (px4_msgs) StdoutLine: {'line': b'-- Up-to-date symlink: /home/giromi/Repos/VTOL/ws_sensor_combined_src/install/px4_msgs/include/px4_msgs/px4_msgs/msg/detail/vehicle_odometry__functions.h\n'}
[6.258101] (px4_msgs) StdoutLine: {'line': b'-- Up-to-date symlink: /home/giromi/Repos/VTOL/ws_sensor_combined_src/install/px4_msgs/include/px4_msgs/px4_msgs/msg/detail/vehicle_odometry__struct.h\n'}
[6.258240] (px4_msgs) StdoutLine: {'line': b'-- Up-to-date symlink: /home/giromi/Repos/VTOL/ws_sensor_combined_src/install/px4_msgs/include/px4_msgs/px4_msgs/msg/detail/vehicle_odometry__type_support.h\n'}
[6.258380] (px4_msgs) StdoutLine: {'line': b'-- Up-to-date symlink: /home/giromi/Repos/VTOL/ws_sensor_combined_src/install/px4_msgs/include/px4_msgs/px4_msgs/msg/detail/vehicle_optical_flow__functions.h\n'}
[6.258593] (px4_msgs) StdoutLine: {'line': b'-- Up-to-date symlink: /home/giromi/Repos/VTOL/ws_sensor_combined_src/install/px4_msgs/include/px4_msgs/px4_msgs/msg/detail/vehicle_optical_flow__struct.h\n'}
[6.258735] (px4_msgs) StdoutLine: {'line': b'-- Up-to-date symlink: /home/giromi/Repos/VTOL/ws_sensor_combined_src/install/px4_msgs/include/px4_msgs/px4_msgs/msg/detail/vehicle_optical_flow__type_support.h\n'}
[6.258874] (px4_msgs) StdoutLine: {'line': b'-- Up-to-date symlink: /home/giromi/Repos/VTOL/ws_sensor_combined_src/install/px4_msgs/include/px4_msgs/px4_msgs/msg/detail/vehicle_optical_flow_vel__functions.h\n'}
[6.259014] (px4_msgs) StdoutLine: {'line': b'-- Up-to-date symlink: /home/giromi/Repos/VTOL/ws_sensor_combined_src/install/px4_msgs/include/px4_msgs/px4_msgs/msg/detail/vehicle_optical_flow_vel__struct.h\n'}
[6.259155] (px4_msgs) StdoutLine: {'line': b'-- Up-to-date symlink: /home/giromi/Repos/VTOL/ws_sensor_combined_src/install/px4_msgs/include/px4_msgs/px4_msgs/msg/detail/vehicle_optical_flow_vel__type_support.h\n'}
[6.259298] (px4_msgs) StdoutLine: {'line': b'-- Up-to-date symlink: /home/giromi/Repos/VTOL/ws_sensor_combined_src/install/px4_msgs/include/px4_msgs/px4_msgs/msg/detail/vehicle_rates_setpoint__functions.h\n'}
[6.259432] (px4_msgs) StdoutLine: {'line': b'-- Up-to-date symlink: /home/giromi/Repos/VTOL/ws_sensor_combined_src/install/px4_msgs/include/px4_msgs/px4_msgs/msg/detail/vehicle_rates_setpoint__struct.h\n'}
[6.259576] (px4_msgs) StdoutLine: {'line': b'-- Up-to-date symlink: /home/giromi/Repos/VTOL/ws_sensor_combined_src/install/px4_msgs/include/px4_msgs/px4_msgs/msg/detail/vehicle_rates_setpoint__type_support.h\n'}
[6.259714] (px4_msgs) StdoutLine: {'line': b'-- Up-to-date symlink: /home/giromi/Repos/VTOL/ws_sensor_combined_src/install/px4_msgs/include/px4_msgs/px4_msgs/msg/detail/vehicle_roi__functions.h\n'}
[6.259851] (px4_msgs) StdoutLine: {'line': b'-- Up-to-date symlink: /home/giromi/Repos/VTOL/ws_sensor_combined_src/install/px4_msgs/include/px4_msgs/px4_msgs/msg/detail/vehicle_roi__struct.h\n'}
[6.259993] (px4_msgs) StdoutLine: {'line': b'-- Up-to-date symlink: /home/giromi/Repos/VTOL/ws_sensor_combined_src/install/px4_msgs/include/px4_msgs/px4_msgs/msg/detail/vehicle_roi__type_support.h\n'}
[6.260130] (px4_msgs) StdoutLine: {'line': b'-- Up-to-date symlink: /home/giromi/Repos/VTOL/ws_sensor_combined_src/install/px4_msgs/include/px4_msgs/px4_msgs/msg/detail/vehicle_status__functions.h\n'}
[6.260267] (px4_msgs) StdoutLine: {'line': b'-- Up-to-date symlink: /home/giromi/Repos/VTOL/ws_sensor_combined_src/install/px4_msgs/include/px4_msgs/px4_msgs/msg/detail/vehicle_status__struct.h\n'}
[6.260407] (px4_msgs) StdoutLine: {'line': b'-- Up-to-date symlink: /home/giromi/Repos/VTOL/ws_sensor_combined_src/install/px4_msgs/include/px4_msgs/px4_msgs/msg/detail/vehicle_status__type_support.h\n'}
[6.260548] (px4_msgs) StdoutLine: {'line': b'-- Up-to-date symlink: /home/giromi/Repos/VTOL/ws_sensor_combined_src/install/px4_msgs/include/px4_msgs/px4_msgs/msg/detail/vehicle_thrust_setpoint__functions.h\n'}
[6.260685] (px4_msgs) StdoutLine: {'line': b'-- Up-to-date symlink: /home/giromi/Repos/VTOL/ws_sensor_combined_src/install/px4_msgs/include/px4_msgs/px4_msgs/msg/detail/vehicle_thrust_setpoint__struct.h\n'}
[6.260831] (px4_msgs) StdoutLine: {'line': b'-- Up-to-date symlink: /home/giromi/Repos/VTOL/ws_sensor_combined_src/install/px4_msgs/include/px4_msgs/px4_msgs/msg/detail/vehicle_thrust_setpoint__type_support.h\n'}
[6.260974] (px4_msgs) StdoutLine: {'line': b'-- Up-to-date symlink: /home/giromi/Repos/VTOL/ws_sensor_combined_src/install/px4_msgs/include/px4_msgs/px4_msgs/msg/detail/vehicle_torque_setpoint__functions.h\n'}
[6.261111] (px4_msgs) StdoutLine: {'line': b'-- Up-to-date symlink: /home/giromi/Repos/VTOL/ws_sensor_combined_src/install/px4_msgs/include/px4_msgs/px4_msgs/msg/detail/vehicle_torque_setpoint__struct.h\n'}
[6.261249] (px4_msgs) StdoutLine: {'line': b'-- Up-to-date symlink: /home/giromi/Repos/VTOL/ws_sensor_combined_src/install/px4_msgs/include/px4_msgs/px4_msgs/msg/detail/vehicle_torque_setpoint__type_support.h\n'}
[6.261387] (px4_msgs) StdoutLine: {'line': b'-- Up-to-date symlink: /home/giromi/Repos/VTOL/ws_sensor_combined_src/install/px4_msgs/include/px4_msgs/px4_msgs/msg/detail/vehicle_trajectory_bezier__functions.h\n'}
[6.261561] (px4_msgs) StdoutLine: {'line': b'-- Up-to-date symlink: /home/giromi/Repos/VTOL/ws_sensor_combined_src/install/px4_msgs/include/px4_msgs/px4_msgs/msg/detail/vehicle_trajectory_bezier__struct.h\n'}
[6.261700] (px4_msgs) StdoutLine: {'line': b'-- Up-to-date symlink: /home/giromi/Repos/VTOL/ws_sensor_combined_src/install/px4_msgs/include/px4_msgs/px4_msgs/msg/detail/vehicle_trajectory_bezier__type_support.h\n'}
[6.261836] (px4_msgs) StdoutLine: {'line': b'-- Up-to-date symlink: /home/giromi/Repos/VTOL/ws_sensor_combined_src/install/px4_msgs/include/px4_msgs/px4_msgs/msg/detail/vehicle_trajectory_waypoint__functions.h\n'}
[6.261971] (px4_msgs) StdoutLine: {'line': b'-- Up-to-date symlink: /home/giromi/Repos/VTOL/ws_sensor_combined_src/install/px4_msgs/include/px4_msgs/px4_msgs/msg/detail/vehicle_trajectory_waypoint__struct.h\n'}
[6.262108] (px4_msgs) StdoutLine: {'line': b'-- Up-to-date symlink: /home/giromi/Repos/VTOL/ws_sensor_combined_src/install/px4_msgs/include/px4_msgs/px4_msgs/msg/detail/vehicle_trajectory_waypoint__type_support.h\n'}
[6.262263] (px4_msgs) StdoutLine: {'line': b'-- Up-to-date symlink: /home/giromi/Repos/VTOL/ws_sensor_combined_src/install/px4_msgs/include/px4_msgs/px4_msgs/msg/detail/velocity_limits__functions.h\n'}
[6.262457] (px4_msgs) StdoutLine: {'line': b'-- Up-to-date symlink: /home/giromi/Repos/VTOL/ws_sensor_combined_src/install/px4_msgs/include/px4_msgs/px4_msgs/msg/detail/velocity_limits__struct.h\n'}
[6.262642] (px4_msgs) StdoutLine: {'line': b'-- Up-to-date symlink: /home/giromi/Repos/VTOL/ws_sensor_combined_src/install/px4_msgs/include/px4_msgs/px4_msgs/msg/detail/velocity_limits__type_support.h\n'}
[6.262779] (px4_msgs) StdoutLine: {'line': b'-- Up-to-date symlink: /home/giromi/Repos/VTOL/ws_sensor_combined_src/install/px4_msgs/include/px4_msgs/px4_msgs/msg/detail/vtol_vehicle_status__functions.h\n'}
[6.262918] (px4_msgs) StdoutLine: {'line': b'-- Up-to-date symlink: /home/giromi/Repos/VTOL/ws_sensor_combined_src/install/px4_msgs/include/px4_msgs/px4_msgs/msg/detail/vtol_vehicle_status__struct.h\n'}
[6.263056] (px4_msgs) StdoutLine: {'line': b'-- Up-to-date symlink: /home/giromi/Repos/VTOL/ws_sensor_combined_src/install/px4_msgs/include/px4_msgs/px4_msgs/msg/detail/vtol_vehicle_status__type_support.h\n'}
[6.263199] (px4_msgs) StdoutLine: {'line': b'-- Up-to-date symlink: /home/giromi/Repos/VTOL/ws_sensor_combined_src/install/px4_msgs/include/px4_msgs/px4_msgs/msg/detail/wheel_encoders__functions.h\n'}
[6.263341] (px4_msgs) StdoutLine: {'line': b'-- Up-to-date symlink: /home/giromi/Repos/VTOL/ws_sensor_combined_src/install/px4_msgs/include/px4_msgs/px4_msgs/msg/detail/wheel_encoders__struct.h\n'}
[6.263478] (px4_msgs) StdoutLine: {'line': b'-- Up-to-date symlink: /home/giromi/Repos/VTOL/ws_sensor_combined_src/install/px4_msgs/include/px4_msgs/px4_msgs/msg/detail/wheel_encoders__type_support.h\n'}
[6.263620] (px4_msgs) StdoutLine: {'line': b'-- Up-to-date symlink: /home/giromi/Repos/VTOL/ws_sensor_combined_src/install/px4_msgs/include/px4_msgs/px4_msgs/msg/detail/wind__functions.h\n'}
[6.263756] (px4_msgs) StdoutLine: {'line': b'-- Up-to-date symlink: /home/giromi/Repos/VTOL/ws_sensor_combined_src/install/px4_msgs/include/px4_msgs/px4_msgs/msg/detail/wind__struct.h\n'}
[6.263895] (px4_msgs) StdoutLine: {'line': b'-- Up-to-date symlink: /home/giromi/Repos/VTOL/ws_sensor_combined_src/install/px4_msgs/include/px4_msgs/px4_msgs/msg/detail/wind__type_support.h\n'}
[6.264034] (px4_msgs) StdoutLine: {'line': b'-- Up-to-date symlink: /home/giromi/Repos/VTOL/ws_sensor_combined_src/install/px4_msgs/include/px4_msgs/px4_msgs/msg/detail/yaw_estimator_status__functions.h\n'}
[6.264171] (px4_msgs) StdoutLine: {'line': b'-- Up-to-date symlink: /home/giromi/Repos/VTOL/ws_sensor_combined_src/install/px4_msgs/include/px4_msgs/px4_msgs/msg/detail/yaw_estimator_status__struct.h\n'}
[6.264310] (px4_msgs) StdoutLine: {'line': b'-- Up-to-date symlink: /home/giromi/Repos/VTOL/ws_sensor_combined_src/install/px4_msgs/include/px4_msgs/px4_msgs/msg/detail/yaw_estimator_status__type_support.h\n'}
[6.264447] (px4_msgs) StdoutLine: {'line': b'-- Up-to-date symlink: /home/giromi/Repos/VTOL/ws_sensor_combined_src/install/px4_msgs/include/px4_msgs/px4_msgs/msg/differential_drive_setpoint.h\n'}
[6.264589] (px4_msgs) StdoutLine: {'line': b'-- Up-to-date symlink: /home/giromi/Repos/VTOL/ws_sensor_combined_src/install/px4_msgs/include/px4_msgs/px4_msgs/msg/differential_pressure.h\n'}
[6.264721] (px4_msgs) StdoutLine: {'line': b'-- Up-to-date symlink: /home/giromi/Repos/VTOL/ws_sensor_combined_src/install/px4_msgs/include/px4_msgs/px4_msgs/msg/distance_sensor.h\n'}
[6.264866] (px4_msgs) StdoutLine: {'line': b'-- Up-to-date symlink: /home/giromi/Repos/VTOL/ws_sensor_combined_src/install/px4_msgs/include/px4_msgs/px4_msgs/msg/ekf2_timestamps.h\n'}
[6.264997] (px4_msgs) StdoutLine: {'line': b'-- Up-to-date symlink: /home/giromi/Repos/VTOL/ws_sensor_combined_src/install/px4_msgs/include/px4_msgs/px4_msgs/msg/esc_report.h\n'}
[6.265127] (px4_msgs) StdoutLine: {'line': b'-- Up-to-date symlink: /home/giromi/Repos/VTOL/ws_sensor_combined_src/install/px4_msgs/include/px4_msgs/px4_msgs/msg/esc_status.h\n'}
[6.265262] (px4_msgs) StdoutLine: {'line': b'-- Up-to-date symlink: /home/giromi/Repos/VTOL/ws_sensor_combined_src/install/px4_msgs/include/px4_msgs/px4_msgs/msg/estimator_aid_source1d.h\n'}
[6.265387] (px4_msgs) StdoutLine: {'line': b'-- Up-to-date symlink: /home/giromi/Repos/VTOL/ws_sensor_combined_src/install/px4_msgs/include/px4_msgs/px4_msgs/msg/estimator_aid_source2d.h\n'}
[6.265527] (px4_msgs) StdoutLine: {'line': b'-- Up-to-date symlink: /home/giromi/Repos/VTOL/ws_sensor_combined_src/install/px4_msgs/include/px4_msgs/px4_msgs/msg/estimator_aid_source3d.h\n'}
[6.265657] (px4_msgs) StdoutLine: {'line': b'-- Up-to-date symlink: /home/giromi/Repos/VTOL/ws_sensor_combined_src/install/px4_msgs/include/px4_msgs/px4_msgs/msg/estimator_bias.h\n'}
[6.265788] (px4_msgs) StdoutLine: {'line': b'-- Up-to-date symlink: /home/giromi/Repos/VTOL/ws_sensor_combined_src/install/px4_msgs/include/px4_msgs/px4_msgs/msg/estimator_bias3d.h\n'}
[6.265919] (px4_msgs) StdoutLine: {'line': b'-- Up-to-date symlink: /home/giromi/Repos/VTOL/ws_sensor_combined_src/install/px4_msgs/include/px4_msgs/px4_msgs/msg/estimator_event_flags.h\n'}
[6.266048] (px4_msgs) StdoutLine: {'line': b'-- Up-to-date symlink: /home/giromi/Repos/VTOL/ws_sensor_combined_src/install/px4_msgs/include/px4_msgs/px4_msgs/msg/estimator_gps_status.h\n'}
[6.266177] (px4_msgs) StdoutLine: {'line': b'-- Up-to-date symlink: /home/giromi/Repos/VTOL/ws_sensor_combined_src/install/px4_msgs/include/px4_msgs/px4_msgs/msg/estimator_innovations.h\n'}
[6.266308] (px4_msgs) StdoutLine: {'line': b'-- Up-to-date symlink: /home/giromi/Repos/VTOL/ws_sensor_combined_src/install/px4_msgs/include/px4_msgs/px4_msgs/msg/estimator_selector_status.h\n'}
[6.266444] (px4_msgs) StdoutLine: {'line': b'-- Up-to-date symlink: /home/giromi/Repos/VTOL/ws_sensor_combined_src/install/px4_msgs/include/px4_msgs/px4_msgs/msg/estimator_sensor_bias.h\n'}
[6.266622] (px4_msgs) StdoutLine: {'line': b'-- Up-to-date symlink: /home/giromi/Repos/VTOL/ws_sensor_combined_src/install/px4_msgs/include/px4_msgs/px4_msgs/msg/estimator_states.h\n'}
[6.266751] (px4_msgs) StdoutLine: {'line': b'-- Up-to-date symlink: /home/giromi/Repos/VTOL/ws_sensor_combined_src/install/px4_msgs/include/px4_msgs/px4_msgs/msg/estimator_status.h\n'}
[6.266881] (px4_msgs) StdoutLine: {'line': b'-- Up-to-date symlink: /home/giromi/Repos/VTOL/ws_sensor_combined_src/install/px4_msgs/include/px4_msgs/px4_msgs/msg/estimator_status_flags.h\n'}
[6.267014] (px4_msgs) StdoutLine: {'line': b'-- Up-to-date symlink: /home/giromi/Repos/VTOL/ws_sensor_combined_src/install/px4_msgs/include/px4_msgs/px4_msgs/msg/event.h\n'}
[6.267147] (px4_msgs) StdoutLine: {'line': b'-- Up-to-date symlink: /home/giromi/Repos/VTOL/ws_sensor_combined_src/install/px4_msgs/include/px4_msgs/px4_msgs/msg/failsafe_flags.h\n'}
[6.267276] (px4_msgs) StdoutLine: {'line': b'-- Up-to-date symlink: /home/giromi/Repos/VTOL/ws_sensor_combined_src/install/px4_msgs/include/px4_msgs/px4_msgs/msg/failure_detector_status.h\n'}
[6.267406] (px4_msgs) StdoutLine: {'line': b'-- Up-to-date symlink: /home/giromi/Repos/VTOL/ws_sensor_combined_src/install/px4_msgs/include/px4_msgs/px4_msgs/msg/figure_eight_status.h\n'}
[6.267536] (px4_msgs) StdoutLine: {'line': b'-- Up-to-date symlink: /home/giromi/Repos/VTOL/ws_sensor_combined_src/install/px4_msgs/include/px4_msgs/px4_msgs/msg/follow_target.h\n'}
[6.267667] (px4_msgs) StdoutLine: {'line': b'-- Up-to-date symlink: /home/giromi/Repos/VTOL/ws_sensor_combined_src/install/px4_msgs/include/px4_msgs/px4_msgs/msg/follow_target_estimator.h\n'}
[6.267797] (px4_msgs) StdoutLine: {'line': b'-- Up-to-date symlink: /home/giromi/Repos/VTOL/ws_sensor_combined_src/install/px4_msgs/include/px4_msgs/px4_msgs/msg/follow_target_status.h\n'}
[6.267927] (px4_msgs) StdoutLine: {'line': b'-- Up-to-date symlink: /home/giromi/Repos/VTOL/ws_sensor_combined_src/install/px4_msgs/include/px4_msgs/px4_msgs/msg/generator_status.h\n'}
[6.268057] (px4_msgs) StdoutLine: {'line': b'-- Up-to-date symlink: /home/giromi/Repos/VTOL/ws_sensor_combined_src/install/px4_msgs/include/px4_msgs/px4_msgs/msg/geofence_result.h\n'}
[6.268186] (px4_msgs) StdoutLine: {'line': b'-- Up-to-date symlink: /home/giromi/Repos/VTOL/ws_sensor_combined_src/install/px4_msgs/include/px4_msgs/px4_msgs/msg/gimbal_controls.h\n'}
[6.268317] (px4_msgs) StdoutLine: {'line': b'-- Up-to-date symlink: /home/giromi/Repos/VTOL/ws_sensor_combined_src/install/px4_msgs/include/px4_msgs/px4_msgs/msg/gimbal_device_attitude_status.h\n'}
[6.268452] (px4_msgs) StdoutLine: {'line': b'-- Up-to-date symlink: /home/giromi/Repos/VTOL/ws_sensor_combined_src/install/px4_msgs/include/px4_msgs/px4_msgs/msg/gimbal_device_information.h\n'}
[6.268583] (px4_msgs) StdoutLine: {'line': b'-- Up-to-date symlink: /home/giromi/Repos/VTOL/ws_sensor_combined_src/install/px4_msgs/include/px4_msgs/px4_msgs/msg/gimbal_device_set_attitude.h\n'}
[6.268714] (px4_msgs) StdoutLine: {'line': b'-- Up-to-date symlink: /home/giromi/Repos/VTOL/ws_sensor_combined_src/install/px4_msgs/include/px4_msgs/px4_msgs/msg/gimbal_manager_information.h\n'}
[6.268846] (px4_msgs) StdoutLine: {'line': b'-- Up-to-date symlink: /home/giromi/Repos/VTOL/ws_sensor_combined_src/install/px4_msgs/include/px4_msgs/px4_msgs/msg/gimbal_manager_set_attitude.h\n'}
[6.268980] (px4_msgs) StdoutLine: {'line': b'-- Up-to-date symlink: /home/giromi/Repos/VTOL/ws_sensor_combined_src/install/px4_msgs/include/px4_msgs/px4_msgs/msg/gimbal_manager_set_manual_control.h\n'}
[6.269110] (px4_msgs) StdoutLine: {'line': b'-- Up-to-date symlink: /home/giromi/Repos/VTOL/ws_sensor_combined_src/install/px4_msgs/include/px4_msgs/px4_msgs/msg/gimbal_manager_status.h\n'}
[6.269241] (px4_msgs) StdoutLine: {'line': b'-- Up-to-date symlink: /home/giromi/Repos/VTOL/ws_sensor_combined_src/install/px4_msgs/include/px4_msgs/px4_msgs/msg/goto_setpoint.h\n'}
[6.269370] (px4_msgs) StdoutLine: {'line': b'-- Up-to-date symlink: /home/giromi/Repos/VTOL/ws_sensor_combined_src/install/px4_msgs/include/px4_msgs/px4_msgs/msg/gpio_config.h\n'}
[6.269520] (px4_msgs) StdoutLine: {'line': b'-- Up-to-date symlink: /home/giromi/Repos/VTOL/ws_sensor_combined_src/install/px4_msgs/include/px4_msgs/px4_msgs/msg/gpio_in.h\n'}
[6.269668] (px4_msgs) StdoutLine: {'line': b'-- Up-to-date symlink: /home/giromi/Repos/VTOL/ws_sensor_combined_src/install/px4_msgs/include/px4_msgs/px4_msgs/msg/gpio_out.h\n'}
[6.269797] (px4_msgs) StdoutLine: {'line': b'-- Up-to-date symlink: /home/giromi/Repos/VTOL/ws_sensor_combined_src/install/px4_msgs/include/px4_msgs/px4_msgs/msg/gpio_request.h\n'}
[6.269984] (px4_msgs) StdoutLine: {'line': b'-- Up-to-date symlink: /home/giromi/Repos/VTOL/ws_sensor_combined_src/install/px4_msgs/include/px4_msgs/px4_msgs/msg/gps_dump.h\n'}
[6.270093] (px4_msgs) StdoutLine: {'line': b'-- Up-to-date symlink: /home/giromi/Repos/VTOL/ws_sensor_combined_src/install/px4_msgs/include/px4_msgs/px4_msgs/msg/gps_inject_data.h\n'}
[6.270225] (px4_msgs) StdoutLine: {'line': b'-- Up-to-date symlink: /home/giromi/Repos/VTOL/ws_sensor_combined_src/install/px4_msgs/include/px4_msgs/px4_msgs/msg/gripper.h\n'}
[6.270365] (px4_msgs) StdoutLine: {'line': b'-- Up-to-date symlink: /home/giromi/Repos/VTOL/ws_sensor_combined_src/install/px4_msgs/include/px4_msgs/px4_msgs/msg/health_report.h\n'}
[6.270558] (px4_msgs) StdoutLine: {'line': b'-- Up-to-date symlink: /home/giromi/Repos/VTOL/ws_sensor_combined_src/install/px4_msgs/include/px4_msgs/px4_msgs/msg/heater_status.h\n'}
[6.270693] (px4_msgs) StdoutLine: {'line': b'-- Up-to-date symlink: /home/giromi/Repos/VTOL/ws_sensor_combined_src/install/px4_msgs/include/px4_msgs/px4_msgs/msg/home_position.h\n'}
[6.270826] (px4_msgs) StdoutLine: {'line': b'-- Up-to-date symlink: /home/giromi/Repos/VTOL/ws_sensor_combined_src/install/px4_msgs/include/px4_msgs/px4_msgs/msg/hover_thrust_estimate.h\n'}
[6.270957] (px4_msgs) StdoutLine: {'line': b'-- Up-to-date symlink: /home/giromi/Repos/VTOL/ws_sensor_combined_src/install/px4_msgs/include/px4_msgs/px4_msgs/msg/input_rc.h\n'}
[6.271090] (px4_msgs) StdoutLine: {'line': b'-- Up-to-date symlink: /home/giromi/Repos/VTOL/ws_sensor_combined_src/install/px4_msgs/include/px4_msgs/px4_msgs/msg/internal_combustion_engine_status.h\n'}
[6.271222] (px4_msgs) StdoutLine: {'line': b'-- Up-to-date symlink: /home/giromi/Repos/VTOL/ws_sensor_combined_src/install/px4_msgs/include/px4_msgs/px4_msgs/msg/iridiumsbd_status.h\n'}
[6.271353] (px4_msgs) StdoutLine: {'line': b'-- Up-to-date symlink: /home/giromi/Repos/VTOL/ws_sensor_combined_src/install/px4_msgs/include/px4_msgs/px4_msgs/msg/irlock_report.h\n'}
[6.271485] (px4_msgs) StdoutLine: {'line': b'-- Up-to-date symlink: /home/giromi/Repos/VTOL/ws_sensor_combined_src/install/px4_msgs/include/px4_msgs/px4_msgs/msg/landing_gear.h\n'}
[6.271617] (px4_msgs) StdoutLine: {'line': b'-- Up-to-date symlink: /home/giromi/Repos/VTOL/ws_sensor_combined_src/install/px4_msgs/include/px4_msgs/px4_msgs/msg/landing_gear_wheel.h\n'}
[6.271748] (px4_msgs) StdoutLine: {'line': b'-- Up-to-date symlink: /home/giromi/Repos/VTOL/ws_sensor_combined_src/install/px4_msgs/include/px4_msgs/px4_msgs/msg/landing_target_innovations.h\n'}
[6.271900] (px4_msgs) StdoutLine: {'line': b'-- Up-to-date symlink: /home/giromi/Repos/VTOL/ws_sensor_combined_src/install/px4_msgs/include/px4_msgs/px4_msgs/msg/landing_target_pose.h\n'}
[6.272039] (px4_msgs) StdoutLine: {'line': b'-- Up-to-date symlink: /home/giromi/Repos/VTOL/ws_sensor_combined_src/install/px4_msgs/include/px4_msgs/px4_msgs/msg/launch_detection_status.h\n'}
[6.272170] (px4_msgs) StdoutLine: {'line': b'-- Up-to-date symlink: /home/giromi/Repos/VTOL/ws_sensor_combined_src/install/px4_msgs/include/px4_msgs/px4_msgs/msg/led_control.h\n'}
[6.272300] (px4_msgs) StdoutLine: {'line': b'-- Up-to-date symlink: /home/giromi/Repos/VTOL/ws_sensor_combined_src/install/px4_msgs/include/px4_msgs/px4_msgs/msg/log_message.h\n'}
[6.272476] (px4_msgs) StdoutLine: {'line': b'-- Up-to-date symlink: /home/giromi/Repos/VTOL/ws_sensor_combined_src/install/px4_msgs/include/px4_msgs/px4_msgs/msg/logger_status.h\n'}
[6.272680] (px4_msgs) StdoutLine: {'line': b'-- Up-to-date symlink: /home/giromi/Repos/VTOL/ws_sensor_combined_src/install/px4_msgs/include/px4_msgs/px4_msgs/msg/mag_worker_data.h\n'}
[6.272805] (px4_msgs) StdoutLine: {'line': b'-- Up-to-date symlink: /home/giromi/Repos/VTOL/ws_sensor_combined_src/install/px4_msgs/include/px4_msgs/px4_msgs/msg/magnetometer_bias_estimate.h\n'}
[6.272906] (px4_msgs) StdoutLine: {'line': b'-- Up-to-date symlink: /home/giromi/Repos/VTOL/ws_sensor_combined_src/install/px4_msgs/include/px4_msgs/px4_msgs/msg/manual_control_setpoint.h\n'}
[6.273079] (px4_msgs) StdoutLine: {'line': b'-- Up-to-date symlink: /home/giromi/Repos/VTOL/ws_sensor_combined_src/install/px4_msgs/include/px4_msgs/px4_msgs/msg/manual_control_switches.h\n'}
[6.273263] (px4_msgs) StdoutLine: {'line': b'-- Up-to-date symlink: /home/giromi/Repos/VTOL/ws_sensor_combined_src/install/px4_msgs/include/px4_msgs/px4_msgs/msg/mavlink_log.h\n'}
[6.273392] (px4_msgs) StdoutLine: {'line': b'-- Up-to-date symlink: /home/giromi/Repos/VTOL/ws_sensor_combined_src/install/px4_msgs/include/px4_msgs/px4_msgs/msg/mavlink_tunnel.h\n'}
[6.273507] (px4_msgs) StdoutLine: {'line': b'-- Up-to-date symlink: /home/giromi/Repos/VTOL/ws_sensor_combined_src/install/px4_msgs/include/px4_msgs/px4_msgs/msg/message_format_request.h\n'}
[6.273676] (px4_msgs) StdoutLine: {'line': b'-- Up-to-date symlink: /home/giromi/Repos/VTOL/ws_sensor_combined_src/install/px4_msgs/include/px4_msgs/px4_msgs/msg/message_format_response.h\n'}
[6.273796] (px4_msgs) StdoutLine: {'line': b'-- Up-to-date symlink: /home/giromi/Repos/VTOL/ws_sensor_combined_src/install/px4_msgs/include/px4_msgs/px4_msgs/msg/mission.h\n'}
[6.273937] (px4_msgs) StdoutLine: {'line': b'-- Up-to-date symlink: /home/giromi/Repos/VTOL/ws_sensor_combined_src/install/px4_msgs/include/px4_msgs/px4_msgs/msg/mission_result.h\n'}
[6.274058] (px4_msgs) StdoutLine: {'line': b'-- Up-to-date symlink: /home/giromi/Repos/VTOL/ws_sensor_combined_src/install/px4_msgs/include/px4_msgs/px4_msgs/msg/mode_completed.h\n'}
[6.274192] (px4_msgs) StdoutLine: {'line': b'-- Up-to-date symlink: /home/giromi/Repos/VTOL/ws_sensor_combined_src/install/px4_msgs/include/px4_msgs/px4_msgs/msg/mount_orientation.h\n'}
[6.274324] (px4_msgs) StdoutLine: {'line': b'-- Up-to-date symlink: /home/giromi/Repos/VTOL/ws_sensor_combined_src/install/px4_msgs/include/px4_msgs/px4_msgs/msg/navigator_mission_item.h\n'}
[6.274473] (px4_msgs) StdoutLine: {'line': b'-- Up-to-date symlink: /home/giromi/Repos/VTOL/ws_sensor_combined_src/install/px4_msgs/include/px4_msgs/px4_msgs/msg/normalized_unsigned_setpoint.h\n'}
[6.274648] (px4_msgs) StdoutLine: {'line': b'-- Up-to-date symlink: /home/giromi/Repos/VTOL/ws_sensor_combined_src/install/px4_msgs/include/px4_msgs/px4_msgs/msg/npfg_status.h\n'}
[6.274800] (px4_msgs) StdoutLine: {'line': b'-- Up-to-date symlink: /home/giromi/Repos/VTOL/ws_sensor_combined_src/install/px4_msgs/include/px4_msgs/px4_msgs/msg/obstacle_distance.h\n'}
[6.274923] (px4_msgs) StdoutLine: {'line': b'-- Up-to-date symlink: /home/giromi/Repos/VTOL/ws_sensor_combined_src/install/px4_msgs/include/px4_msgs/px4_msgs/msg/offboard_control_mode.h\n'}
[6.275062] (px4_msgs) StdoutLine: {'line': b'-- Up-to-date symlink: /home/giromi/Repos/VTOL/ws_sensor_combined_src/install/px4_msgs/include/px4_msgs/px4_msgs/msg/onboard_computer_status.h\n'}
[6.275201] (px4_msgs) StdoutLine: {'line': b'-- Up-to-date symlink: /home/giromi/Repos/VTOL/ws_sensor_combined_src/install/px4_msgs/include/px4_msgs/px4_msgs/msg/orb_test.h\n'}
[6.275341] (px4_msgs) StdoutLine: {'line': b'-- Up-to-date symlink: /home/giromi/Repos/VTOL/ws_sensor_combined_src/install/px4_msgs/include/px4_msgs/px4_msgs/msg/orb_test_large.h\n'}
[6.275490] (px4_msgs) StdoutLine: {'line': b'-- Up-to-date symlink: /home/giromi/Repos/VTOL/ws_sensor_combined_src/install/px4_msgs/include/px4_msgs/px4_msgs/msg/orb_test_medium.h\n'}
[6.275632] (px4_msgs) StdoutLine: {'line': b'-- Up-to-date symlink: /home/giromi/Repos/VTOL/ws_sensor_combined_src/install/px4_msgs/include/px4_msgs/px4_msgs/msg/orbit_status.h\n'}
[6.275776] (px4_msgs) StdoutLine: {'line': b'-- Up-to-date symlink: /home/giromi/Repos/VTOL/ws_sensor_combined_src/install/px4_msgs/include/px4_msgs/px4_msgs/msg/parameter_update.h\n'}
[6.275927] (px4_msgs) StdoutLine: {'line': b'-- Up-to-date symlink: /home/giromi/Repos/VTOL/ws_sensor_combined_src/install/px4_msgs/include/px4_msgs/px4_msgs/msg/ping.h\n'}
[6.276073] (px4_msgs) StdoutLine: {'line': b'-- Up-to-date symlink: /home/giromi/Repos/VTOL/ws_sensor_combined_src/install/px4_msgs/include/px4_msgs/px4_msgs/msg/position_controller_landing_status.h\n'}
[6.276216] (px4_msgs) StdoutLine: {'line': b'-- Up-to-date symlink: /home/giromi/Repos/VTOL/ws_sensor_combined_src/install/px4_msgs/include/px4_msgs/px4_msgs/msg/position_controller_status.h\n'}
[6.276360] (px4_msgs) StdoutLine: {'line': b'-- Up-to-date symlink: /home/giromi/Repos/VTOL/ws_sensor_combined_src/install/px4_msgs/include/px4_msgs/px4_msgs/msg/position_setpoint.h\n'}
[6.276498] (px4_msgs) StdoutLine: {'line': b'-- Up-to-date symlink: /home/giromi/Repos/VTOL/ws_sensor_combined_src/install/px4_msgs/include/px4_msgs/px4_msgs/msg/position_setpoint_triplet.h\n'}
[6.276635] (px4_msgs) StdoutLine: {'line': b'-- Up-to-date symlink: /home/giromi/Repos/VTOL/ws_sensor_combined_src/install/px4_msgs/include/px4_msgs/px4_msgs/msg/power_button_state.h\n'}
[6.276772] (px4_msgs) StdoutLine: {'line': b'-- Up-to-date symlink: /home/giromi/Repos/VTOL/ws_sensor_combined_src/install/px4_msgs/include/px4_msgs/px4_msgs/msg/power_monitor.h\n'}
[6.276909] (px4_msgs) StdoutLine: {'line': b'-- Up-to-date symlink: /home/giromi/Repos/VTOL/ws_sensor_combined_src/install/px4_msgs/include/px4_msgs/px4_msgs/msg/pps_capture.h\n'}
[6.277056] (px4_msgs) StdoutLine: {'line': b'-- Up-to-date symlink: /home/giromi/Repos/VTOL/ws_sensor_combined_src/install/px4_msgs/include/px4_msgs/px4_msgs/msg/pwm_input.h\n'}
[6.277194] (px4_msgs) StdoutLine: {'line': b'-- Up-to-date symlink: /home/giromi/Repos/VTOL/ws_sensor_combined_src/install/px4_msgs/include/px4_msgs/px4_msgs/msg/px4io_status.h\n'}
[6.277332] (px4_msgs) StdoutLine: {'line': b'-- Up-to-date symlink: /home/giromi/Repos/VTOL/ws_sensor_combined_src/install/px4_msgs/include/px4_msgs/px4_msgs/msg/qshell_req.h\n'}
[6.277468] (px4_msgs) StdoutLine: {'line': b'-- Up-to-date symlink: /home/giromi/Repos/VTOL/ws_sensor_combined_src/install/px4_msgs/include/px4_msgs/px4_msgs/msg/qshell_retval.h\n'}
[6.277616] (px4_msgs) StdoutLine: {'line': b'-- Up-to-date symlink: /home/giromi/Repos/VTOL/ws_sensor_combined_src/install/px4_msgs/include/px4_msgs/px4_msgs/msg/radio_status.h\n'}
[6.277759] (px4_msgs) StdoutLine: {'line': b'-- Up-to-date symlink: /home/giromi/Repos/VTOL/ws_sensor_combined_src/install/px4_msgs/include/px4_msgs/px4_msgs/msg/rate_ctrl_status.h\n'}
[6.277898] (px4_msgs) StdoutLine: {'line': b'-- Up-to-date symlink: /home/giromi/Repos/VTOL/ws_sensor_combined_src/install/px4_msgs/include/px4_msgs/px4_msgs/msg/rc_channels.h\n'}
[6.278036] (px4_msgs) StdoutLine: {'line': b'-- Up-to-date symlink: /home/giromi/Repos/VTOL/ws_sensor_combined_src/install/px4_msgs/include/px4_msgs/px4_msgs/msg/rc_parameter_map.h\n'}
[6.278181] (px4_msgs) StdoutLine: {'line': b'-- Up-to-date symlink: /home/giromi/Repos/VTOL/ws_sensor_combined_src/install/px4_msgs/include/px4_msgs/px4_msgs/msg/register_ext_component_reply.h\n'}
[6.278323] (px4_msgs) StdoutLine: {'line': b'-- Up-to-date symlink: /home/giromi/Repos/VTOL/ws_sensor_combined_src/install/px4_msgs/include/px4_msgs/px4_msgs/msg/register_ext_component_request.h\n'}
[6.278480] (px4_msgs) StdoutLine: {'line': b'-- Up-to-date symlink: /home/giromi/Repos/VTOL/ws_sensor_combined_src/install/px4_msgs/include/px4_msgs/px4_msgs/msg/rosidl_generator_c__visibility_control.h\n'}
[6.278671] (px4_msgs) StdoutLine: {'line': b'-- Up-to-date symlink: /home/giromi/Repos/VTOL/ws_sensor_combined_src/install/px4_msgs/include/px4_msgs/px4_msgs/msg/rpm.h\n'}
[6.278865] (px4_msgs) StdoutLine: {'line': b'-- Up-to-date symlink: /home/giromi/Repos/VTOL/ws_sensor_combined_src/install/px4_msgs/include/px4_msgs/px4_msgs/msg/rtl_time_estimate.h\n'}
[6.279024] (px4_msgs) StdoutLine: {'line': b'-- Up-to-date symlink: /home/giromi/Repos/VTOL/ws_sensor_combined_src/install/px4_msgs/include/px4_msgs/px4_msgs/msg/satellite_info.h\n'}
[6.279183] (px4_msgs) StdoutLine: {'line': b'-- Up-to-date symlink: /home/giromi/Repos/VTOL/ws_sensor_combined_src/install/px4_msgs/include/px4_msgs/px4_msgs/msg/sensor_accel.h\n'}
[6.279342] (px4_msgs) StdoutLine: {'line': b'-- Up-to-date symlink: /home/giromi/Repos/VTOL/ws_sensor_combined_src/install/px4_msgs/include/px4_msgs/px4_msgs/msg/sensor_accel_fifo.h\n'}
[6.279501] (px4_msgs) StdoutLine: {'line': b'-- Up-to-date symlink: /home/giromi/Repos/VTOL/ws_sensor_combined_src/install/px4_msgs/include/px4_msgs/px4_msgs/msg/sensor_airflow.h\n'}
[6.279646] (px4_msgs) StdoutLine: {'line': b'-- Up-to-date symlink: /home/giromi/Repos/VTOL/ws_sensor_combined_src/install/px4_msgs/include/px4_msgs/px4_msgs/msg/sensor_baro.h\n'}
[6.279802] (px4_msgs) StdoutLine: {'line': b'-- Up-to-date symlink: /home/giromi/Repos/VTOL/ws_sensor_combined_src/install/px4_msgs/include/px4_msgs/px4_msgs/msg/sensor_combined.h\n'}
[6.279913] (px4_msgs) StdoutLine: {'line': b'-- Up-to-date symlink: /home/giromi/Repos/VTOL/ws_sensor_combined_src/install/px4_msgs/include/px4_msgs/px4_msgs/msg/sensor_correction.h\n'}
[6.280068] (px4_msgs) StdoutLine: {'line': b'-- Up-to-date symlink: /home/giromi/Repos/VTOL/ws_sensor_combined_src/install/px4_msgs/include/px4_msgs/px4_msgs/msg/sensor_gnss_relative.h\n'}
[6.280178] (px4_msgs) StdoutLine: {'line': b'-- Up-to-date symlink: /home/giromi/Repos/VTOL/ws_sensor_combined_src/install/px4_msgs/include/px4_msgs/px4_msgs/msg/sensor_gps.h\n'}
[6.280315] (px4_msgs) StdoutLine: {'line': b'-- Up-to-date symlink: /home/giromi/Repos/VTOL/ws_sensor_combined_src/install/px4_msgs/include/px4_msgs/px4_msgs/msg/sensor_gyro.h\n'}
[6.280454] (px4_msgs) StdoutLine: {'line': b'-- Up-to-date symlink: /home/giromi/Repos/VTOL/ws_sensor_combined_src/install/px4_msgs/include/px4_msgs/px4_msgs/msg/sensor_gyro_fft.h\n'}
[6.280590] (px4_msgs) StdoutLine: {'line': b'-- Up-to-date symlink: /home/giromi/Repos/VTOL/ws_sensor_combined_src/install/px4_msgs/include/px4_msgs/px4_msgs/msg/sensor_gyro_fifo.h\n'}
[6.280726] (px4_msgs) StdoutLine: {'line': b'-- Up-to-date symlink: /home/giromi/Repos/VTOL/ws_sensor_combined_src/install/px4_msgs/include/px4_msgs/px4_msgs/msg/sensor_hygrometer.h\n'}
[6.280862] (px4_msgs) StdoutLine: {'line': b'-- Up-to-date symlink: /home/giromi/Repos/VTOL/ws_sensor_combined_src/install/px4_msgs/include/px4_msgs/px4_msgs/msg/sensor_mag.h\n'}
[6.280998] (px4_msgs) StdoutLine: {'line': b'-- Up-to-date symlink: /home/giromi/Repos/VTOL/ws_sensor_combined_src/install/px4_msgs/include/px4_msgs/px4_msgs/msg/sensor_optical_flow.h\n'}
[6.281155] (px4_msgs) StdoutLine: {'line': b'-- Up-to-date symlink: /home/giromi/Repos/VTOL/ws_sensor_combined_src/install/px4_msgs/include/px4_msgs/px4_msgs/msg/sensor_preflight_mag.h\n'}
[6.281297] (px4_msgs) StdoutLine: {'line': b'-- Up-to-date symlink: /home/giromi/Repos/VTOL/ws_sensor_combined_src/install/px4_msgs/include/px4_msgs/px4_msgs/msg/sensor_selection.h\n'}
[6.281404] (px4_msgs) StdoutLine: {'line': b'-- Up-to-date symlink: /home/giromi/Repos/VTOL/ws_sensor_combined_src/install/px4_msgs/include/px4_msgs/px4_msgs/msg/sensor_uwb.h\n'}
[6.281533] (px4_msgs) StdoutLine: {'line': b'-- Up-to-date symlink: /home/giromi/Repos/VTOL/ws_sensor_combined_src/install/px4_msgs/include/px4_msgs/px4_msgs/msg/sensors_status.h\n'}
[6.281698] (px4_msgs) StdoutLine: {'line': b'-- Up-to-date symlink: /home/giromi/Repos/VTOL/ws_sensor_combined_src/install/px4_msgs/include/px4_msgs/px4_msgs/msg/sensors_status_imu.h\n'}
[6.281880] (px4_msgs) StdoutLine: {'line': b'-- Up-to-date symlink: /home/giromi/Repos/VTOL/ws_sensor_combined_src/install/px4_msgs/include/px4_msgs/px4_msgs/msg/system_power.h\n'}
[6.282049] (px4_msgs) StdoutLine: {'line': b'-- Up-to-date symlink: /home/giromi/Repos/VTOL/ws_sensor_combined_src/install/px4_msgs/include/px4_msgs/px4_msgs/msg/takeoff_status.h\n'}
[6.282178] (px4_msgs) StdoutLine: {'line': b'-- Up-to-date symlink: /home/giromi/Repos/VTOL/ws_sensor_combined_src/install/px4_msgs/include/px4_msgs/px4_msgs/msg/task_stack_info.h\n'}
[6.282312] (px4_msgs) StdoutLine: {'line': b'-- Up-to-date symlink: /home/giromi/Repos/VTOL/ws_sensor_combined_src/install/px4_msgs/include/px4_msgs/px4_msgs/msg/tecs_status.h\n'}
[6.282446] (px4_msgs) StdoutLine: {'line': b'-- Up-to-date symlink: /home/giromi/Repos/VTOL/ws_sensor_combined_src/install/px4_msgs/include/px4_msgs/px4_msgs/msg/telemetry_status.h\n'}
[6.282738] (px4_msgs) StdoutLine: {'line': b'-- Up-to-date symlink: /home/giromi/Repos/VTOL/ws_sensor_combined_src/install/px4_msgs/include/px4_msgs/px4_msgs/msg/tiltrotor_extra_controls.h\n'}
[6.282895] (px4_msgs) StdoutLine: {'line': b'-- Up-to-date symlink: /home/giromi/Repos/VTOL/ws_sensor_combined_src/install/px4_msgs/include/px4_msgs/px4_msgs/msg/timesync_status.h\n'}
[6.283051] (px4_msgs) StdoutLine: {'line': b'-- Up-to-date symlink: /home/giromi/Repos/VTOL/ws_sensor_combined_src/install/px4_msgs/include/px4_msgs/px4_msgs/msg/trajectory_bezier.h\n'}
[6.283187] (px4_msgs) StdoutLine: {'line': b'-- Up-to-date symlink: /home/giromi/Repos/VTOL/ws_sensor_combined_src/install/px4_msgs/include/px4_msgs/px4_msgs/msg/trajectory_setpoint.h\n'}
[6.283351] (px4_msgs) StdoutLine: {'line': b'-- Up-to-date symlink: /home/giromi/Repos/VTOL/ws_sensor_combined_src/install/px4_msgs/include/px4_msgs/px4_msgs/msg/trajectory_waypoint.h\n'}
[6.283529] (px4_msgs) StdoutLine: {'line': b'-- Up-to-date symlink: /home/giromi/Repos/VTOL/ws_sensor_combined_src/install/px4_msgs/include/px4_msgs/px4_msgs/msg/transponder_report.h\n'}
[6.283665] (px4_msgs) StdoutLine: {'line': b'-- Up-to-date symlink: /home/giromi/Repos/VTOL/ws_sensor_combined_src/install/px4_msgs/include/px4_msgs/px4_msgs/msg/tune_control.h\n'}
[6.283815] (px4_msgs) StdoutLine: {'line': b'-- Up-to-date symlink: /home/giromi/Repos/VTOL/ws_sensor_combined_src/install/px4_msgs/include/px4_msgs/px4_msgs/msg/uavcan_parameter_request.h\n'}
[6.283971] (px4_msgs) StdoutLine: {'line': b'-- Up-to-date symlink: /home/giromi/Repos/VTOL/ws_sensor_combined_src/install/px4_msgs/include/px4_msgs/px4_msgs/msg/uavcan_parameter_value.h\n'}
[6.284102] (px4_msgs) StdoutLine: {'line': b'-- Up-to-date symlink: /home/giromi/Repos/VTOL/ws_sensor_combined_src/install/px4_msgs/include/px4_msgs/px4_msgs/msg/ulog_stream.h\n'}
[6.284234] (px4_msgs) StdoutLine: {'line': b'-- Up-to-date symlink: /home/giromi/Repos/VTOL/ws_sensor_combined_src/install/px4_msgs/include/px4_msgs/px4_msgs/msg/ulog_stream_ack.h\n'}
[6.284366] (px4_msgs) StdoutLine: {'line': b'-- Up-to-date symlink: /home/giromi/Repos/VTOL/ws_sensor_combined_src/install/px4_msgs/include/px4_msgs/px4_msgs/msg/unregister_ext_component.h\n'}
[6.284509] (px4_msgs) StdoutLine: {'line': b'-- Up-to-date symlink: /home/giromi/Repos/VTOL/ws_sensor_combined_src/install/px4_msgs/include/px4_msgs/px4_msgs/msg/vehicle_acceleration.h\n'}
[6.284657] (px4_msgs) StdoutLine: {'line': b'-- Up-to-date symlink: /home/giromi/Repos/VTOL/ws_sensor_combined_src/install/px4_msgs/include/px4_msgs/px4_msgs/msg/vehicle_air_data.h\n'}
[6.284788] (px4_msgs) StdoutLine: {'line': b'-- Up-to-date symlink: /home/giromi/Repos/VTOL/ws_sensor_combined_src/install/px4_msgs/include/px4_msgs/px4_msgs/msg/vehicle_angular_acceleration_setpoint.h\n'}
[6.284944] (px4_msgs) StdoutLine: {'line': b'-- Up-to-date symlink: /home/giromi/Repos/VTOL/ws_sensor_combined_src/install/px4_msgs/include/px4_msgs/px4_msgs/msg/vehicle_angular_velocity.h\n'}
[6.285099] (px4_msgs) StdoutLine: {'line': b'-- Up-to-date symlink: /home/giromi/Repos/VTOL/ws_sensor_combined_src/install/px4_msgs/include/px4_msgs/px4_msgs/msg/vehicle_attitude.h\n'}
[6.285242] (px4_msgs) StdoutLine: {'line': b'-- Up-to-date symlink: /home/giromi/Repos/VTOL/ws_sensor_combined_src/install/px4_msgs/include/px4_msgs/px4_msgs/msg/vehicle_attitude_setpoint.h\n'}
[6.285373] (px4_msgs) StdoutLine: {'line': b'-- Up-to-date symlink: /home/giromi/Repos/VTOL/ws_sensor_combined_src/install/px4_msgs/include/px4_msgs/px4_msgs/msg/vehicle_command.h\n'}
[6.285504] (px4_msgs) StdoutLine: {'line': b'-- Up-to-date symlink: /home/giromi/Repos/VTOL/ws_sensor_combined_src/install/px4_msgs/include/px4_msgs/px4_msgs/msg/vehicle_command_ack.h\n'}
[6.285675] (px4_msgs) StdoutLine: {'line': b'-- Up-to-date symlink: /home/giromi/Repos/VTOL/ws_sensor_combined_src/install/px4_msgs/include/px4_msgs/px4_msgs/msg/vehicle_constraints.h\n'}
[6.285815] (px4_msgs) StdoutLine: {'line': b'-- Up-to-date symlink: /home/giromi/Repos/VTOL/ws_sensor_combined_src/install/px4_msgs/include/px4_msgs/px4_msgs/msg/vehicle_control_mode.h\n'}
[6.285979] (px4_msgs) StdoutLine: {'line': b'-- Up-to-date symlink: /home/giromi/Repos/VTOL/ws_sensor_combined_src/install/px4_msgs/include/px4_msgs/px4_msgs/msg/vehicle_global_position.h\n'}
[6.286144] (px4_msgs) StdoutLine: {'line': b'-- Up-to-date symlink: /home/giromi/Repos/VTOL/ws_sensor_combined_src/install/px4_msgs/include/px4_msgs/px4_msgs/msg/vehicle_imu.h\n'}
[6.286307] (px4_msgs) StdoutLine: {'line': b'-- Up-to-date symlink: /home/giromi/Repos/VTOL/ws_sensor_combined_src/install/px4_msgs/include/px4_msgs/px4_msgs/msg/vehicle_imu_status.h\n'}
[6.286463] (px4_msgs) StdoutLine: {'line': b'-- Up-to-date symlink: /home/giromi/Repos/VTOL/ws_sensor_combined_src/install/px4_msgs/include/px4_msgs/px4_msgs/msg/vehicle_land_detected.h\n'}
[6.286615] (px4_msgs) StdoutLine: {'line': b'-- Up-to-date symlink: /home/giromi/Repos/VTOL/ws_sensor_combined_src/install/px4_msgs/include/px4_msgs/px4_msgs/msg/vehicle_local_position.h\n'}
[6.286782] (px4_msgs) StdoutLine: {'line': b'-- Up-to-date symlink: /home/giromi/Repos/VTOL/ws_sensor_combined_src/install/px4_msgs/include/px4_msgs/px4_msgs/msg/vehicle_local_position_setpoint.h\n'}
[6.286945] (px4_msgs) StdoutLine: {'line': b'-- Up-to-date symlink: /home/giromi/Repos/VTOL/ws_sensor_combined_src/install/px4_msgs/include/px4_msgs/px4_msgs/msg/vehicle_magnetometer.h\n'}
[6.287108] (px4_msgs) StdoutLine: {'line': b'-- Up-to-date symlink: /home/giromi/Repos/VTOL/ws_sensor_combined_src/install/px4_msgs/include/px4_msgs/px4_msgs/msg/vehicle_odometry.h\n'}
[6.287216] (px4_msgs) StdoutLine: {'line': b'-- Up-to-date symlink: /home/giromi/Repos/VTOL/ws_sensor_combined_src/install/px4_msgs/include/px4_msgs/px4_msgs/msg/vehicle_optical_flow.h\n'}
[6.287366] (px4_msgs) StdoutLine: {'line': b'-- Up-to-date symlink: /home/giromi/Repos/VTOL/ws_sensor_combined_src/install/px4_msgs/include/px4_msgs/px4_msgs/msg/vehicle_optical_flow_vel.h\n'}
[6.287486] (px4_msgs) StdoutLine: {'line': b'-- Up-to-date symlink: /home/giromi/Repos/VTOL/ws_sensor_combined_src/install/px4_msgs/include/px4_msgs/px4_msgs/msg/vehicle_rates_setpoint.h\n'}
[6.287641] (px4_msgs) StdoutLine: {'line': b'-- Up-to-date symlink: /home/giromi/Repos/VTOL/ws_sensor_combined_src/install/px4_msgs/include/px4_msgs/px4_msgs/msg/vehicle_roi.h\n'}
[6.287784] (px4_msgs) StdoutLine: {'line': b'-- Up-to-date symlink: /home/giromi/Repos/VTOL/ws_sensor_combined_src/install/px4_msgs/include/px4_msgs/px4_msgs/msg/vehicle_status.h\n'}
[6.287928] (px4_msgs) StdoutLine: {'line': b'-- Up-to-date symlink: /home/giromi/Repos/VTOL/ws_sensor_combined_src/install/px4_msgs/include/px4_msgs/px4_msgs/msg/vehicle_thrust_setpoint.h\n'}
[6.288084] (px4_msgs) StdoutLine: {'line': b'-- Up-to-date symlink: /home/giromi/Repos/VTOL/ws_sensor_combined_src/install/px4_msgs/include/px4_msgs/px4_msgs/msg/vehicle_torque_setpoint.h\n'}
[6.288227] (px4_msgs) StdoutLine: {'line': b'-- Up-to-date symlink: /home/giromi/Repos/VTOL/ws_sensor_combined_src/install/px4_msgs/include/px4_msgs/px4_msgs/msg/vehicle_trajectory_bezier.h\n'}
[6.288376] (px4_msgs) StdoutLine: {'line': b'-- Up-to-date symlink: /home/giromi/Repos/VTOL/ws_sensor_combined_src/install/px4_msgs/include/px4_msgs/px4_msgs/msg/vehicle_trajectory_waypoint.h\n'}
[6.288484] (px4_msgs) StdoutLine: {'line': b'-- Up-to-date symlink: /home/giromi/Repos/VTOL/ws_sensor_combined_src/install/px4_msgs/include/px4_msgs/px4_msgs/msg/velocity_limits.h\n'}
[6.288636] (px4_msgs) StdoutLine: {'line': b'-- Up-to-date symlink: /home/giromi/Repos/VTOL/ws_sensor_combined_src/install/px4_msgs/include/px4_msgs/px4_msgs/msg/vtol_vehicle_status.h\n'}
[6.288756] (px4_msgs) StdoutLine: {'line': b'-- Up-to-date symlink: /home/giromi/Repos/VTOL/ws_sensor_combined_src/install/px4_msgs/include/px4_msgs/px4_msgs/msg/wheel_encoders.h\n'}
[6.288910] (px4_msgs) StdoutLine: {'line': b'-- Up-to-date symlink: /home/giromi/Repos/VTOL/ws_sensor_combined_src/install/px4_msgs/include/px4_msgs/px4_msgs/msg/wind.h\n'}
[6.289053] (px4_msgs) StdoutLine: {'line': b'-- Up-to-date symlink: /home/giromi/Repos/VTOL/ws_sensor_combined_src/install/px4_msgs/include/px4_msgs/px4_msgs/msg/yaw_estimator_status.h\n'}
[6.289204] (px4_msgs) StdoutLine: {'line': b'-- Up-to-date symlink: /home/giromi/Repos/VTOL/ws_sensor_combined_src/install/px4_msgs/include/px4_msgs/px4_msgs/srv/detail/vehicle_command__functions.h\n'}
[6.289339] (px4_msgs) StdoutLine: {'line': b'-- Up-to-date symlink: /home/giromi/Repos/VTOL/ws_sensor_combined_src/install/px4_msgs/include/px4_msgs/px4_msgs/srv/detail/vehicle_command__struct.h\n'}
[6.289495] (px4_msgs) StdoutLine: {'line': b'-- Up-to-date symlink: /home/giromi/Repos/VTOL/ws_sensor_combined_src/install/px4_msgs/include/px4_msgs/px4_msgs/srv/detail/vehicle_command__type_support.h\n'}
[6.289663] (px4_msgs) StdoutLine: {'line': b'-- Up-to-date symlink: /home/giromi/Repos/VTOL/ws_sensor_combined_src/install/px4_msgs/include/px4_msgs/px4_msgs/srv/vehicle_command.h\n'}
[6.289808] (px4_msgs) StdoutLine: {'line': b'-- Up-to-date symlink: /home/giromi/Repos/VTOL/ws_sensor_combined_src/install/px4_msgs/share/px4_msgs/environment/library_path.sh\n'}
[6.289987] (px4_msgs) StdoutLine: {'line': b'-- Up-to-date symlink: /home/giromi/Repos/VTOL/ws_sensor_combined_src/install/px4_msgs/share/px4_msgs/environment/library_path.dsv\n'}
[6.297228] (px4_msgs) StdoutLine: {'line': b'-- Up-to-date symlink: /home/giromi/Repos/VTOL/ws_sensor_combined_src/install/px4_msgs/include/px4_msgs/px4_msgs/msg/detail/action_request__rosidl_typesupport_fastrtps_c.h\n'}
[6.297445] (px4_msgs) StdoutLine: {'line': b'-- Up-to-date symlink: /home/giromi/Repos/VTOL/ws_sensor_combined_src/install/px4_msgs/include/px4_msgs/px4_msgs/msg/detail/actuator_armed__rosidl_typesupport_fastrtps_c.h\n'}
[6.297613] (px4_msgs) StdoutLine: {'line': b'-- Up-to-date symlink: /home/giromi/Repos/VTOL/ws_sensor_combined_src/install/px4_msgs/include/px4_msgs/px4_msgs/msg/detail/actuator_controls_status__rosidl_typesupport_fastrtps_c.h\n'}
[6.297795] (px4_msgs) StdoutLine: {'line': b'-- Up-to-date symlink: /home/giromi/Repos/VTOL/ws_sensor_combined_src/install/px4_msgs/include/px4_msgs/px4_msgs/msg/detail/actuator_motors__rosidl_typesupport_fastrtps_c.h\n'}
[6.297968] (px4_msgs) StdoutLine: {'line': b'-- Up-to-date symlink: /home/giromi/Repos/VTOL/ws_sensor_combined_src/install/px4_msgs/include/px4_msgs/px4_msgs/msg/detail/actuator_outputs__rosidl_typesupport_fastrtps_c.h\n'}
[6.298167] (px4_msgs) StdoutLine: {'line': b'-- Up-to-date symlink: /home/giromi/Repos/VTOL/ws_sensor_combined_src/install/px4_msgs/include/px4_msgs/px4_msgs/msg/detail/actuator_servos__rosidl_typesupport_fastrtps_c.h\n'}
[6.298326] (px4_msgs) StdoutLine: {'line': b'-- Up-to-date symlink: /home/giromi/Repos/VTOL/ws_sensor_combined_src/install/px4_msgs/include/px4_msgs/px4_msgs/msg/detail/actuator_servos_trim__rosidl_typesupport_fastrtps_c.h\n'}
[6.298489] (px4_msgs) StdoutLine: {'line': b'-- Up-to-date symlink: /home/giromi/Repos/VTOL/ws_sensor_combined_src/install/px4_msgs/include/px4_msgs/px4_msgs/msg/detail/actuator_test__rosidl_typesupport_fastrtps_c.h\n'}
[6.298644] (px4_msgs) StdoutLine: {'line': b'-- Up-to-date symlink: /home/giromi/Repos/VTOL/ws_sensor_combined_src/install/px4_msgs/include/px4_msgs/px4_msgs/msg/detail/adc_report__rosidl_typesupport_fastrtps_c.h\n'}
[6.298793] (px4_msgs) StdoutLine: {'line': b'-- Up-to-date symlink: /home/giromi/Repos/VTOL/ws_sensor_combined_src/install/px4_msgs/include/px4_msgs/px4_msgs/msg/detail/airspeed__rosidl_typesupport_fastrtps_c.h\n'}
[6.298960] (px4_msgs) StdoutLine: {'line': b'-- Up-to-date symlink: /home/giromi/Repos/VTOL/ws_sensor_combined_src/install/px4_msgs/include/px4_msgs/px4_msgs/msg/detail/airspeed_validated__rosidl_typesupport_fastrtps_c.h\n'}
[6.299121] (px4_msgs) StdoutLine: {'line': b'-- Up-to-date symlink: /home/giromi/Repos/VTOL/ws_sensor_combined_src/install/px4_msgs/include/px4_msgs/px4_msgs/msg/detail/airspeed_wind__rosidl_typesupport_fastrtps_c.h\n'}
[6.299283] (px4_msgs) StdoutLine: {'line': b'-- Up-to-date symlink: /home/giromi/Repos/VTOL/ws_sensor_combined_src/install/px4_msgs/include/px4_msgs/px4_msgs/msg/detail/arming_check_reply__rosidl_typesupport_fastrtps_c.h\n'}
[6.299434] (px4_msgs) StdoutLine: {'line': b'-- Up-to-date symlink: /home/giromi/Repos/VTOL/ws_sensor_combined_src/install/px4_msgs/include/px4_msgs/px4_msgs/msg/detail/arming_check_request__rosidl_typesupport_fastrtps_c.h\n'}
[6.299585] (px4_msgs) StdoutLine: {'line': b'-- Up-to-date symlink: /home/giromi/Repos/VTOL/ws_sensor_combined_src/install/px4_msgs/include/px4_msgs/px4_msgs/msg/detail/autotune_attitude_control_status__rosidl_typesupport_fastrtps_c.h\n'}
[6.299751] (px4_msgs) StdoutLine: {'line': b'-- Up-to-date symlink: /home/giromi/Repos/VTOL/ws_sensor_combined_src/install/px4_msgs/include/px4_msgs/px4_msgs/msg/detail/battery_status__rosidl_typesupport_fastrtps_c.h\n'}
[6.299900] (px4_msgs) StdoutLine: {'line': b'-- Up-to-date symlink: /home/giromi/Repos/VTOL/ws_sensor_combined_src/install/px4_msgs/include/px4_msgs/px4_msgs/msg/detail/buffer128__rosidl_typesupport_fastrtps_c.h\n'}
[6.300038] (px4_msgs) StdoutLine: {'line': b'-- Up-to-date symlink: /home/giromi/Repos/VTOL/ws_sensor_combined_src/install/px4_msgs/include/px4_msgs/px4_msgs/msg/detail/button_event__rosidl_typesupport_fastrtps_c.h\n'}
[6.300192] (px4_msgs) StdoutLine: {'line': b'-- Up-to-date symlink: /home/giromi/Repos/VTOL/ws_sensor_combined_src/install/px4_msgs/include/px4_msgs/px4_msgs/msg/detail/camera_capture__rosidl_typesupport_fastrtps_c.h\n'}
[6.300355] (px4_msgs) StdoutLine: {'line': b'-- Up-to-date symlink: /home/giromi/Repos/VTOL/ws_sensor_combined_src/install/px4_msgs/include/px4_msgs/px4_msgs/msg/detail/camera_status__rosidl_typesupport_fastrtps_c.h\n'}
[6.300516] (px4_msgs) StdoutLine: {'line': b'-- Up-to-date symlink: /home/giromi/Repos/VTOL/ws_sensor_combined_src/install/px4_msgs/include/px4_msgs/px4_msgs/msg/detail/camera_trigger__rosidl_typesupport_fastrtps_c.h\n'}
[6.300675] (px4_msgs) StdoutLine: {'line': b'-- Up-to-date symlink: /home/giromi/Repos/VTOL/ws_sensor_combined_src/install/px4_msgs/include/px4_msgs/px4_msgs/msg/detail/cellular_status__rosidl_typesupport_fastrtps_c.h\n'}
[6.300826] (px4_msgs) StdoutLine: {'line': b'-- Up-to-date symlink: /home/giromi/Repos/VTOL/ws_sensor_combined_src/install/px4_msgs/include/px4_msgs/px4_msgs/msg/detail/collision_constraints__rosidl_typesupport_fastrtps_c.h\n'}
[6.300982] (px4_msgs) StdoutLine: {'line': b'-- Up-to-date symlink: /home/giromi/Repos/VTOL/ws_sensor_combined_src/install/px4_msgs/include/px4_msgs/px4_msgs/msg/detail/collision_report__rosidl_typesupport_fastrtps_c.h\n'}
[6.301191] (px4_msgs) StdoutLine: {'line': b'-- Up-to-date symlink: /home/giromi/Repos/VTOL/ws_sensor_combined_src/install/px4_msgs/include/px4_msgs/px4_msgs/msg/detail/config_overrides__rosidl_typesupport_fastrtps_c.h\n'}
[6.301358] (px4_msgs) StdoutLine: {'line': b'-- Up-to-date symlink: /home/giromi/Repos/VTOL/ws_sensor_combined_src/install/px4_msgs/include/px4_msgs/px4_msgs/msg/detail/control_allocator_status__rosidl_typesupport_fastrtps_c.h\n'}
[6.301525] (px4_msgs) StdoutLine: {'line': b'-- Up-to-date symlink: /home/giromi/Repos/VTOL/ws_sensor_combined_src/install/px4_msgs/include/px4_msgs/px4_msgs/msg/detail/cpuload__rosidl_typesupport_fastrtps_c.h\n'}
[6.301686] (px4_msgs) StdoutLine: {'line': b'-- Up-to-date symlink: /home/giromi/Repos/VTOL/ws_sensor_combined_src/install/px4_msgs/include/px4_msgs/px4_msgs/msg/detail/dataman_request__rosidl_typesupport_fastrtps_c.h\n'}
[6.301848] (px4_msgs) StdoutLine: {'line': b'-- Up-to-date symlink: /home/giromi/Repos/VTOL/ws_sensor_combined_src/install/px4_msgs/include/px4_msgs/px4_msgs/msg/detail/dataman_response__rosidl_typesupport_fastrtps_c.h\n'}
[6.302009] (px4_msgs) StdoutLine: {'line': b'-- Up-to-date symlink: /home/giromi/Repos/VTOL/ws_sensor_combined_src/install/px4_msgs/include/px4_msgs/px4_msgs/msg/detail/debug_array__rosidl_typesupport_fastrtps_c.h\n'}
[6.302169] (px4_msgs) StdoutLine: {'line': b'-- Up-to-date symlink: /home/giromi/Repos/VTOL/ws_sensor_combined_src/install/px4_msgs/include/px4_msgs/px4_msgs/msg/detail/debug_key_value__rosidl_typesupport_fastrtps_c.h\n'}
[6.302325] (px4_msgs) StdoutLine: {'line': b'-- Up-to-date symlink: /home/giromi/Repos/VTOL/ws_sensor_combined_src/install/px4_msgs/include/px4_msgs/px4_msgs/msg/detail/debug_value__rosidl_typesupport_fastrtps_c.h\n'}
[6.302515] (px4_msgs) StdoutLine: {'line': b'-- Up-to-date symlink: /home/giromi/Repos/VTOL/ws_sensor_combined_src/install/px4_msgs/include/px4_msgs/px4_msgs/msg/detail/debug_vect__rosidl_typesupport_fastrtps_c.h\n'}
[6.302672] (px4_msgs) StdoutLine: {'line': b'-- Up-to-date symlink: /home/giromi/Repos/VTOL/ws_sensor_combined_src/install/px4_msgs/include/px4_msgs/px4_msgs/msg/detail/differential_drive_setpoint__rosidl_typesupport_fastrtps_c.h\n'}
[6.302825] (px4_msgs) StdoutLine: {'line': b'-- Up-to-date symlink: /home/giromi/Repos/VTOL/ws_sensor_combined_src/install/px4_msgs/include/px4_msgs/px4_msgs/msg/detail/differential_pressure__rosidl_typesupport_fastrtps_c.h\n'}
[6.302992] (px4_msgs) StdoutLine: {'line': b'-- Up-to-date symlink: /home/giromi/Repos/VTOL/ws_sensor_combined_src/install/px4_msgs/include/px4_msgs/px4_msgs/msg/detail/distance_sensor__rosidl_typesupport_fastrtps_c.h\n'}
[6.303156] (px4_msgs) StdoutLine: {'line': b'-- Up-to-date symlink: /home/giromi/Repos/VTOL/ws_sensor_combined_src/install/px4_msgs/include/px4_msgs/px4_msgs/msg/detail/ekf2_timestamps__rosidl_typesupport_fastrtps_c.h\n'}
[6.303304] (px4_msgs) StdoutLine: {'line': b'-- Up-to-date symlink: /home/giromi/Repos/VTOL/ws_sensor_combined_src/install/px4_msgs/include/px4_msgs/px4_msgs/msg/detail/esc_report__rosidl_typesupport_fastrtps_c.h\n'}
[6.303487] (px4_msgs) StdoutLine: {'line': b'-- Up-to-date symlink: /home/giromi/Repos/VTOL/ws_sensor_combined_src/install/px4_msgs/include/px4_msgs/px4_msgs/msg/detail/esc_status__rosidl_typesupport_fastrtps_c.h\n'}
[6.303680] (px4_msgs) StdoutLine: {'line': b'-- Up-to-date symlink: /home/giromi/Repos/VTOL/ws_sensor_combined_src/install/px4_msgs/include/px4_msgs/px4_msgs/msg/detail/estimator_aid_source1d__rosidl_typesupport_fastrtps_c.h\n'}
[6.303841] (px4_msgs) StdoutLine: {'line': b'-- Up-to-date symlink: /home/giromi/Repos/VTOL/ws_sensor_combined_src/install/px4_msgs/include/px4_msgs/px4_msgs/msg/detail/estimator_aid_source2d__rosidl_typesupport_fastrtps_c.h\n'}
[6.304004] (px4_msgs) StdoutLine: {'line': b'-- Up-to-date symlink: /home/giromi/Repos/VTOL/ws_sensor_combined_src/install/px4_msgs/include/px4_msgs/px4_msgs/msg/detail/estimator_aid_source3d__rosidl_typesupport_fastrtps_c.h\n'}
[6.304165] (px4_msgs) StdoutLine: {'line': b'-- Up-to-date symlink: /home/giromi/Repos/VTOL/ws_sensor_combined_src/install/px4_msgs/include/px4_msgs/px4_msgs/msg/detail/estimator_bias3d__rosidl_typesupport_fastrtps_c.h\n'}
[6.304328] (px4_msgs) StdoutLine: {'line': b'-- Up-to-date symlink: /home/giromi/Repos/VTOL/ws_sensor_combined_src/install/px4_msgs/include/px4_msgs/px4_msgs/msg/detail/estimator_bias__rosidl_typesupport_fastrtps_c.h\n'}
[6.304472] (px4_msgs) StdoutLine: {'line': b'-- Up-to-date symlink: /home/giromi/Repos/VTOL/ws_sensor_combined_src/install/px4_msgs/include/px4_msgs/px4_msgs/msg/detail/estimator_event_flags__rosidl_typesupport_fastrtps_c.h\n'}
[6.304608] (px4_msgs) StdoutLine: {'line': b'-- Up-to-date symlink: /home/giromi/Repos/VTOL/ws_sensor_combined_src/install/px4_msgs/include/px4_msgs/px4_msgs/msg/detail/estimator_gps_status__rosidl_typesupport_fastrtps_c.h\n'}
[6.304742] (px4_msgs) StdoutLine: {'line': b'-- Up-to-date symlink: /home/giromi/Repos/VTOL/ws_sensor_combined_src/install/px4_msgs/include/px4_msgs/px4_msgs/msg/detail/estimator_innovations__rosidl_typesupport_fastrtps_c.h\n'}
[6.304881] (px4_msgs) StdoutLine: {'line': b'-- Up-to-date symlink: /home/giromi/Repos/VTOL/ws_sensor_combined_src/install/px4_msgs/include/px4_msgs/px4_msgs/msg/detail/estimator_selector_status__rosidl_typesupport_fastrtps_c.h\n'}
[6.305016] (px4_msgs) StdoutLine: {'line': b'-- Up-to-date symlink: /home/giromi/Repos/VTOL/ws_sensor_combined_src/install/px4_msgs/include/px4_msgs/px4_msgs/msg/detail/estimator_sensor_bias__rosidl_typesupport_fastrtps_c.h\n'}
[6.305156] (px4_msgs) StdoutLine: {'line': b'-- Up-to-date symlink: /home/giromi/Repos/VTOL/ws_sensor_combined_src/install/px4_msgs/include/px4_msgs/px4_msgs/msg/detail/estimator_states__rosidl_typesupport_fastrtps_c.h\n'}
[6.305304] (px4_msgs) StdoutLine: {'line': b'-- Up-to-date symlink: /home/giromi/Repos/VTOL/ws_sensor_combined_src/install/px4_msgs/include/px4_msgs/px4_msgs/msg/detail/estimator_status__rosidl_typesupport_fastrtps_c.h\n'}
[6.305470] (px4_msgs) StdoutLine: {'line': b'-- Up-to-date symlink: /home/giromi/Repos/VTOL/ws_sensor_combined_src/install/px4_msgs/include/px4_msgs/px4_msgs/msg/detail/estimator_status_flags__rosidl_typesupport_fastrtps_c.h\n'}
[6.305630] (px4_msgs) StdoutLine: {'line': b'-- Up-to-date symlink: /home/giromi/Repos/VTOL/ws_sensor_combined_src/install/px4_msgs/include/px4_msgs/px4_msgs/msg/detail/event__rosidl_typesupport_fastrtps_c.h\n'}
[6.305788] (px4_msgs) StdoutLine: {'line': b'-- Up-to-date symlink: /home/giromi/Repos/VTOL/ws_sensor_combined_src/install/px4_msgs/include/px4_msgs/px4_msgs/msg/detail/failsafe_flags__rosidl_typesupport_fastrtps_c.h\n'}
[6.305971] (px4_msgs) StdoutLine: {'line': b'-- Up-to-date symlink: /home/giromi/Repos/VTOL/ws_sensor_combined_src/install/px4_msgs/include/px4_msgs/px4_msgs/msg/detail/failure_detector_status__rosidl_typesupport_fastrtps_c.h\n'}
[6.306140] (px4_msgs) StdoutLine: {'line': b'-- Up-to-date symlink: /home/giromi/Repos/VTOL/ws_sensor_combined_src/install/px4_msgs/include/px4_msgs/px4_msgs/msg/detail/figure_eight_status__rosidl_typesupport_fastrtps_c.h\n'}
[6.306298] (px4_msgs) StdoutLine: {'line': b'-- Up-to-date symlink: /home/giromi/Repos/VTOL/ws_sensor_combined_src/install/px4_msgs/include/px4_msgs/px4_msgs/msg/detail/follow_target__rosidl_typesupport_fastrtps_c.h\n'}
[6.306446] (px4_msgs) StdoutLine: {'line': b'-- Up-to-date symlink: /home/giromi/Repos/VTOL/ws_sensor_combined_src/install/px4_msgs/include/px4_msgs/px4_msgs/msg/detail/follow_target_estimator__rosidl_typesupport_fastrtps_c.h\n'}
[6.306632] (px4_msgs) StdoutLine: {'line': b'-- Up-to-date symlink: /home/giromi/Repos/VTOL/ws_sensor_combined_src/install/px4_msgs/include/px4_msgs/px4_msgs/msg/detail/follow_target_status__rosidl_typesupport_fastrtps_c.h\n'}
[6.306786] (px4_msgs) StdoutLine: {'line': b'-- Up-to-date symlink: /home/giromi/Repos/VTOL/ws_sensor_combined_src/install/px4_msgs/include/px4_msgs/px4_msgs/msg/detail/generator_status__rosidl_typesupport_fastrtps_c.h\n'}
[6.306956] (px4_msgs) StdoutLine: {'line': b'-- Up-to-date symlink: /home/giromi/Repos/VTOL/ws_sensor_combined_src/install/px4_msgs/include/px4_msgs/px4_msgs/msg/detail/geofence_result__rosidl_typesupport_fastrtps_c.h\n'}
[6.307105] (px4_msgs) StdoutLine: {'line': b'-- Up-to-date symlink: /home/giromi/Repos/VTOL/ws_sensor_combined_src/install/px4_msgs/include/px4_msgs/px4_msgs/msg/detail/gimbal_controls__rosidl_typesupport_fastrtps_c.h\n'}
[6.307261] (px4_msgs) StdoutLine: {'line': b'-- Up-to-date symlink: /home/giromi/Repos/VTOL/ws_sensor_combined_src/install/px4_msgs/include/px4_msgs/px4_msgs/msg/detail/gimbal_device_attitude_status__rosidl_typesupport_fastrtps_c.h\n'}
[6.307417] (px4_msgs) StdoutLine: {'line': b'-- Up-to-date symlink: /home/giromi/Repos/VTOL/ws_sensor_combined_src/install/px4_msgs/include/px4_msgs/px4_msgs/msg/detail/gimbal_device_information__rosidl_typesupport_fastrtps_c.h\n'}
[6.307575] (px4_msgs) StdoutLine: {'line': b'-- Up-to-date symlink: /home/giromi/Repos/VTOL/ws_sensor_combined_src/install/px4_msgs/include/px4_msgs/px4_msgs/msg/detail/gimbal_device_set_attitude__rosidl_typesupport_fastrtps_c.h\n'}
[6.307735] (px4_msgs) StdoutLine: {'line': b'-- Up-to-date symlink: /home/giromi/Repos/VTOL/ws_sensor_combined_src/install/px4_msgs/include/px4_msgs/px4_msgs/msg/detail/gimbal_manager_information__rosidl_typesupport_fastrtps_c.h\n'}
[6.307883] (px4_msgs) StdoutLine: {'line': b'-- Up-to-date symlink: /home/giromi/Repos/VTOL/ws_sensor_combined_src/install/px4_msgs/include/px4_msgs/px4_msgs/msg/detail/gimbal_manager_set_attitude__rosidl_typesupport_fastrtps_c.h\n'}
[6.308039] (px4_msgs) StdoutLine: {'line': b'-- Up-to-date symlink: /home/giromi/Repos/VTOL/ws_sensor_combined_src/install/px4_msgs/include/px4_msgs/px4_msgs/msg/detail/gimbal_manager_set_manual_control__rosidl_typesupport_fastrtps_c.h\n'}
[6.308182] (px4_msgs) StdoutLine: {'line': b'-- Up-to-date symlink: /home/giromi/Repos/VTOL/ws_sensor_combined_src/install/px4_msgs/include/px4_msgs/px4_msgs/msg/detail/gimbal_manager_status__rosidl_typesupport_fastrtps_c.h\n'}
[6.308344] (px4_msgs) StdoutLine: {'line': b'-- Up-to-date symlink: /home/giromi/Repos/VTOL/ws_sensor_combined_src/install/px4_msgs/include/px4_msgs/px4_msgs/msg/detail/goto_setpoint__rosidl_typesupport_fastrtps_c.h\n'}
[6.308524] (px4_msgs) StdoutLine: {'line': b'-- Up-to-date symlink: /home/giromi/Repos/VTOL/ws_sensor_combined_src/install/px4_msgs/include/px4_msgs/px4_msgs/msg/detail/gpio_config__rosidl_typesupport_fastrtps_c.h\n'}
[6.308682] (px4_msgs) StdoutLine: {'line': b'-- Up-to-date symlink: /home/giromi/Repos/VTOL/ws_sensor_combined_src/install/px4_msgs/include/px4_msgs/px4_msgs/msg/detail/gpio_in__rosidl_typesupport_fastrtps_c.h\n'}
[6.308850] (px4_msgs) StdoutLine: {'line': b'-- Up-to-date symlink: /home/giromi/Repos/VTOL/ws_sensor_combined_src/install/px4_msgs/include/px4_msgs/px4_msgs/msg/detail/gpio_out__rosidl_typesupport_fastrtps_c.h\n'}
[6.309012] (px4_msgs) StdoutLine: {'line': b'-- Up-to-date symlink: /home/giromi/Repos/VTOL/ws_sensor_combined_src/install/px4_msgs/include/px4_msgs/px4_msgs/msg/detail/gpio_request__rosidl_typesupport_fastrtps_c.h\n'}
[6.309163] (px4_msgs) StdoutLine: {'line': b'-- Up-to-date symlink: /home/giromi/Repos/VTOL/ws_sensor_combined_src/install/px4_msgs/include/px4_msgs/px4_msgs/msg/detail/gps_dump__rosidl_typesupport_fastrtps_c.h\n'}
[6.309309] (px4_msgs) StdoutLine: {'line': b'-- Up-to-date symlink: /home/giromi/Repos/VTOL/ws_sensor_combined_src/install/px4_msgs/include/px4_msgs/px4_msgs/msg/detail/gps_inject_data__rosidl_typesupport_fastrtps_c.h\n'}
[6.309443] (px4_msgs) StdoutLine: {'line': b'-- Up-to-date symlink: /home/giromi/Repos/VTOL/ws_sensor_combined_src/install/px4_msgs/include/px4_msgs/px4_msgs/msg/detail/gripper__rosidl_typesupport_fastrtps_c.h\n'}
[6.309584] (px4_msgs) StdoutLine: {'line': b'-- Up-to-date symlink: /home/giromi/Repos/VTOL/ws_sensor_combined_src/install/px4_msgs/include/px4_msgs/px4_msgs/msg/detail/health_report__rosidl_typesupport_fastrtps_c.h\n'}
[6.309731] (px4_msgs) StdoutLine: {'line': b'-- Up-to-date symlink: /home/giromi/Repos/VTOL/ws_sensor_combined_src/install/px4_msgs/include/px4_msgs/px4_msgs/msg/detail/heater_status__rosidl_typesupport_fastrtps_c.h\n'}
[6.309901] (px4_msgs) StdoutLine: {'line': b'-- Up-to-date symlink: /home/giromi/Repos/VTOL/ws_sensor_combined_src/install/px4_msgs/include/px4_msgs/px4_msgs/msg/detail/home_position__rosidl_typesupport_fastrtps_c.h\n'}
[6.310060] (px4_msgs) StdoutLine: {'line': b'-- Up-to-date symlink: /home/giromi/Repos/VTOL/ws_sensor_combined_src/install/px4_msgs/include/px4_msgs/px4_msgs/msg/detail/hover_thrust_estimate__rosidl_typesupport_fastrtps_c.h\n'}
[6.310224] (px4_msgs) StdoutLine: {'line': b'-- Up-to-date symlink: /home/giromi/Repos/VTOL/ws_sensor_combined_src/install/px4_msgs/include/px4_msgs/px4_msgs/msg/detail/input_rc__rosidl_typesupport_fastrtps_c.h\n'}
[6.310370] (px4_msgs) StdoutLine: {'line': b'-- Up-to-date symlink: /home/giromi/Repos/VTOL/ws_sensor_combined_src/install/px4_msgs/include/px4_msgs/px4_msgs/msg/detail/internal_combustion_engine_status__rosidl_typesupport_fastrtps_c.h\n'}
[6.310607] (px4_msgs) StdoutLine: {'line': b'-- Up-to-date symlink: /home/giromi/Repos/VTOL/ws_sensor_combined_src/install/px4_msgs/include/px4_msgs/px4_msgs/msg/detail/iridiumsbd_status__rosidl_typesupport_fastrtps_c.h\n'}
[6.310769] (px4_msgs) StdoutLine: {'line': b'-- Up-to-date symlink: /home/giromi/Repos/VTOL/ws_sensor_combined_src/install/px4_msgs/include/px4_msgs/px4_msgs/msg/detail/irlock_report__rosidl_typesupport_fastrtps_c.h\n'}
[6.310932] (px4_msgs) StdoutLine: {'line': b'-- Up-to-date symlink: /home/giromi/Repos/VTOL/ws_sensor_combined_src/install/px4_msgs/include/px4_msgs/px4_msgs/msg/detail/landing_gear__rosidl_typesupport_fastrtps_c.h\n'}
[6.311094] (px4_msgs) StdoutLine: {'line': b'-- Up-to-date symlink: /home/giromi/Repos/VTOL/ws_sensor_combined_src/install/px4_msgs/include/px4_msgs/px4_msgs/msg/detail/landing_gear_wheel__rosidl_typesupport_fastrtps_c.h\n'}
[6.311260] (px4_msgs) StdoutLine: {'line': b'-- Up-to-date symlink: /home/giromi/Repos/VTOL/ws_sensor_combined_src/install/px4_msgs/include/px4_msgs/px4_msgs/msg/detail/landing_target_innovations__rosidl_typesupport_fastrtps_c.h\n'}
[6.311418] (px4_msgs) StdoutLine: {'line': b'-- Up-to-date symlink: /home/giromi/Repos/VTOL/ws_sensor_combined_src/install/px4_msgs/include/px4_msgs/px4_msgs/msg/detail/landing_target_pose__rosidl_typesupport_fastrtps_c.h\n'}
[6.311569] (px4_msgs) StdoutLine: {'line': b'-- Up-to-date symlink: /home/giromi/Repos/VTOL/ws_sensor_combined_src/install/px4_msgs/include/px4_msgs/px4_msgs/msg/detail/launch_detection_status__rosidl_typesupport_fastrtps_c.h\n'}
[6.311700] (px4_msgs) StdoutLine: {'line': b'-- Up-to-date symlink: /home/giromi/Repos/VTOL/ws_sensor_combined_src/install/px4_msgs/include/px4_msgs/px4_msgs/msg/detail/led_control__rosidl_typesupport_fastrtps_c.h\n'}
[6.311841] (px4_msgs) StdoutLine: {'line': b'-- Up-to-date symlink: /home/giromi/Repos/VTOL/ws_sensor_combined_src/install/px4_msgs/include/px4_msgs/px4_msgs/msg/detail/log_message__rosidl_typesupport_fastrtps_c.h\n'}
[6.311979] (px4_msgs) StdoutLine: {'line': b'-- Up-to-date symlink: /home/giromi/Repos/VTOL/ws_sensor_combined_src/install/px4_msgs/include/px4_msgs/px4_msgs/msg/detail/logger_status__rosidl_typesupport_fastrtps_c.h\n'}
[6.312117] (px4_msgs) StdoutLine: {'line': b'-- Up-to-date symlink: /home/giromi/Repos/VTOL/ws_sensor_combined_src/install/px4_msgs/include/px4_msgs/px4_msgs/msg/detail/mag_worker_data__rosidl_typesupport_fastrtps_c.h\n'}
[6.312253] (px4_msgs) StdoutLine: {'line': b'-- Up-to-date symlink: /home/giromi/Repos/VTOL/ws_sensor_combined_src/install/px4_msgs/include/px4_msgs/px4_msgs/msg/detail/magnetometer_bias_estimate__rosidl_typesupport_fastrtps_c.h\n'}
[6.312400] (px4_msgs) StdoutLine: {'line': b'-- Up-to-date symlink: /home/giromi/Repos/VTOL/ws_sensor_combined_src/install/px4_msgs/include/px4_msgs/px4_msgs/msg/detail/manual_control_setpoint__rosidl_typesupport_fastrtps_c.h\n'}
[6.312563] (px4_msgs) StdoutLine: {'line': b'-- Up-to-date symlink: /home/giromi/Repos/VTOL/ws_sensor_combined_src/install/px4_msgs/include/px4_msgs/px4_msgs/msg/detail/manual_control_switches__rosidl_typesupport_fastrtps_c.h\n'}
[6.312723] (px4_msgs) StdoutLine: {'line': b'-- Up-to-date symlink: /home/giromi/Repos/VTOL/ws_sensor_combined_src/install/px4_msgs/include/px4_msgs/px4_msgs/msg/detail/mavlink_log__rosidl_typesupport_fastrtps_c.h\n'}
[6.312887] (px4_msgs) StdoutLine: {'line': b'-- Up-to-date symlink: /home/giromi/Repos/VTOL/ws_sensor_combined_src/install/px4_msgs/include/px4_msgs/px4_msgs/msg/detail/mavlink_tunnel__rosidl_typesupport_fastrtps_c.h\n'}
[6.313047] (px4_msgs) StdoutLine: {'line': b'-- Up-to-date symlink: /home/giromi/Repos/VTOL/ws_sensor_combined_src/install/px4_msgs/include/px4_msgs/px4_msgs/msg/detail/message_format_request__rosidl_typesupport_fastrtps_c.h\n'}
[6.313205] (px4_msgs) StdoutLine: {'line': b'-- Up-to-date symlink: /home/giromi/Repos/VTOL/ws_sensor_combined_src/install/px4_msgs/include/px4_msgs/px4_msgs/msg/detail/message_format_response__rosidl_typesupport_fastrtps_c.h\n'}
[6.313363] (px4_msgs) StdoutLine: {'line': b'-- Up-to-date symlink: /home/giromi/Repos/VTOL/ws_sensor_combined_src/install/px4_msgs/include/px4_msgs/px4_msgs/msg/detail/mission__rosidl_typesupport_fastrtps_c.h\n'}
[6.313495] (px4_msgs) StdoutLine: {'line': b'-- Up-to-date symlink: /home/giromi/Repos/VTOL/ws_sensor_combined_src/install/px4_msgs/include/px4_msgs/px4_msgs/msg/detail/mission_result__rosidl_typesupport_fastrtps_c.h\n'}
[6.313630] (px4_msgs) StdoutLine: {'line': b'-- Up-to-date symlink: /home/giromi/Repos/VTOL/ws_sensor_combined_src/install/px4_msgs/include/px4_msgs/px4_msgs/msg/detail/mode_completed__rosidl_typesupport_fastrtps_c.h\n'}
[6.313780] (px4_msgs) StdoutLine: {'line': b'-- Up-to-date symlink: /home/giromi/Repos/VTOL/ws_sensor_combined_src/install/px4_msgs/include/px4_msgs/px4_msgs/msg/detail/mount_orientation__rosidl_typesupport_fastrtps_c.h\n'}
[6.313943] (px4_msgs) StdoutLine: {'line': b'-- Up-to-date symlink: /home/giromi/Repos/VTOL/ws_sensor_combined_src/install/px4_msgs/include/px4_msgs/px4_msgs/msg/detail/navigator_mission_item__rosidl_typesupport_fastrtps_c.h\n'}
[6.314104] (px4_msgs) StdoutLine: {'line': b'-- Up-to-date symlink: /home/giromi/Repos/VTOL/ws_sensor_combined_src/install/px4_msgs/include/px4_msgs/px4_msgs/msg/detail/normalized_unsigned_setpoint__rosidl_typesupport_fastrtps_c.h\n'}
[6.314267] (px4_msgs) StdoutLine: {'line': b'-- Up-to-date symlink: /home/giromi/Repos/VTOL/ws_sensor_combined_src/install/px4_msgs/include/px4_msgs/px4_msgs/msg/detail/npfg_status__rosidl_typesupport_fastrtps_c.h\n'}
[6.314415] (px4_msgs) StdoutLine: {'line': b'-- Up-to-date symlink: /home/giromi/Repos/VTOL/ws_sensor_combined_src/install/px4_msgs/include/px4_msgs/px4_msgs/msg/detail/obstacle_distance__rosidl_typesupport_fastrtps_c.h\n'}
[6.314618] (px4_msgs) StdoutLine: {'line': b'-- Up-to-date symlink: /home/giromi/Repos/VTOL/ws_sensor_combined_src/install/px4_msgs/include/px4_msgs/px4_msgs/msg/detail/offboard_control_mode__rosidl_typesupport_fastrtps_c.h\n'}
[6.314753] (px4_msgs) StdoutLine: {'line': b'-- Up-to-date symlink: /home/giromi/Repos/VTOL/ws_sensor_combined_src/install/px4_msgs/include/px4_msgs/px4_msgs/msg/detail/onboard_computer_status__rosidl_typesupport_fastrtps_c.h\n'}
[6.314817] (-) TimerEvent: {}
[6.314939] (px4_msgs) StdoutLine: {'line': b'-- Up-to-date symlink: /home/giromi/Repos/VTOL/ws_sensor_combined_src/install/px4_msgs/include/px4_msgs/px4_msgs/msg/detail/orb_test__rosidl_typesupport_fastrtps_c.h\n'}
[6.315116] (px4_msgs) StdoutLine: {'line': b'-- Up-to-date symlink: /home/giromi/Repos/VTOL/ws_sensor_combined_src/install/px4_msgs/include/px4_msgs/px4_msgs/msg/detail/orb_test_large__rosidl_typesupport_fastrtps_c.h\n'}
[6.315272] (px4_msgs) StdoutLine: {'line': b'-- Up-to-date symlink: /home/giromi/Repos/VTOL/ws_sensor_combined_src/install/px4_msgs/include/px4_msgs/px4_msgs/msg/detail/orb_test_medium__rosidl_typesupport_fastrtps_c.h\n'}
[6.315440] (px4_msgs) StdoutLine: {'line': b'-- Up-to-date symlink: /home/giromi/Repos/VTOL/ws_sensor_combined_src/install/px4_msgs/include/px4_msgs/px4_msgs/msg/detail/orbit_status__rosidl_typesupport_fastrtps_c.h\n'}
[6.315605] (px4_msgs) StdoutLine: {'line': b'-- Up-to-date symlink: /home/giromi/Repos/VTOL/ws_sensor_combined_src/install/px4_msgs/include/px4_msgs/px4_msgs/msg/detail/parameter_update__rosidl_typesupport_fastrtps_c.h\n'}
[6.315813] (px4_msgs) StdoutLine: {'line': b'-- Up-to-date symlink: /home/giromi/Repos/VTOL/ws_sensor_combined_src/install/px4_msgs/include/px4_msgs/px4_msgs/msg/detail/ping__rosidl_typesupport_fastrtps_c.h\n'}
[6.315954] (px4_msgs) StdoutLine: {'line': b'-- Up-to-date symlink: /home/giromi/Repos/VTOL/ws_sensor_combined_src/install/px4_msgs/include/px4_msgs/px4_msgs/msg/detail/position_controller_landing_status__rosidl_typesupport_fastrtps_c.h\n'}
[6.316134] (px4_msgs) StdoutLine: {'line': b'-- Up-to-date symlink: /home/giromi/Repos/VTOL/ws_sensor_combined_src/install/px4_msgs/include/px4_msgs/px4_msgs/msg/detail/position_controller_status__rosidl_typesupport_fastrtps_c.h\n'}
[6.316279] (px4_msgs) StdoutLine: {'line': b'-- Up-to-date symlink: /home/giromi/Repos/VTOL/ws_sensor_combined_src/install/px4_msgs/include/px4_msgs/px4_msgs/msg/detail/position_setpoint__rosidl_typesupport_fastrtps_c.h\n'}
[6.316392] (px4_msgs) StdoutLine: {'line': b'-- Up-to-date symlink: /home/giromi/Repos/VTOL/ws_sensor_combined_src/install/px4_msgs/include/px4_msgs/px4_msgs/msg/detail/position_setpoint_triplet__rosidl_typesupport_fastrtps_c.h\n'}
[6.316529] (px4_msgs) StdoutLine: {'line': b'-- Up-to-date symlink: /home/giromi/Repos/VTOL/ws_sensor_combined_src/install/px4_msgs/include/px4_msgs/px4_msgs/msg/detail/power_button_state__rosidl_typesupport_fastrtps_c.h\n'}
[6.316700] (px4_msgs) StdoutLine: {'line': b'-- Up-to-date symlink: /home/giromi/Repos/VTOL/ws_sensor_combined_src/install/px4_msgs/include/px4_msgs/px4_msgs/msg/detail/power_monitor__rosidl_typesupport_fastrtps_c.h\n'}
[6.316841] (px4_msgs) StdoutLine: {'line': b'-- Up-to-date symlink: /home/giromi/Repos/VTOL/ws_sensor_combined_src/install/px4_msgs/include/px4_msgs/px4_msgs/msg/detail/pps_capture__rosidl_typesupport_fastrtps_c.h\n'}
[6.317007] (px4_msgs) StdoutLine: {'line': b'-- Up-to-date symlink: /home/giromi/Repos/VTOL/ws_sensor_combined_src/install/px4_msgs/include/px4_msgs/px4_msgs/msg/detail/pwm_input__rosidl_typesupport_fastrtps_c.h\n'}
[6.317173] (px4_msgs) StdoutLine: {'line': b'-- Up-to-date symlink: /home/giromi/Repos/VTOL/ws_sensor_combined_src/install/px4_msgs/include/px4_msgs/px4_msgs/msg/detail/px4io_status__rosidl_typesupport_fastrtps_c.h\n'}
[6.317327] (px4_msgs) StdoutLine: {'line': b'-- Up-to-date symlink: /home/giromi/Repos/VTOL/ws_sensor_combined_src/install/px4_msgs/include/px4_msgs/px4_msgs/msg/detail/qshell_req__rosidl_typesupport_fastrtps_c.h\n'}
[6.317493] (px4_msgs) StdoutLine: {'line': b'-- Up-to-date symlink: /home/giromi/Repos/VTOL/ws_sensor_combined_src/install/px4_msgs/include/px4_msgs/px4_msgs/msg/detail/qshell_retval__rosidl_typesupport_fastrtps_c.h\n'}
[6.317642] (px4_msgs) StdoutLine: {'line': b'-- Up-to-date symlink: /home/giromi/Repos/VTOL/ws_sensor_combined_src/install/px4_msgs/include/px4_msgs/px4_msgs/msg/detail/radio_status__rosidl_typesupport_fastrtps_c.h\n'}
[6.317774] (px4_msgs) StdoutLine: {'line': b'-- Up-to-date symlink: /home/giromi/Repos/VTOL/ws_sensor_combined_src/install/px4_msgs/include/px4_msgs/px4_msgs/msg/detail/rate_ctrl_status__rosidl_typesupport_fastrtps_c.h\n'}
[6.317909] (px4_msgs) StdoutLine: {'line': b'-- Up-to-date symlink: /home/giromi/Repos/VTOL/ws_sensor_combined_src/install/px4_msgs/include/px4_msgs/px4_msgs/msg/detail/rc_channels__rosidl_typesupport_fastrtps_c.h\n'}
[6.318076] (px4_msgs) StdoutLine: {'line': b'-- Up-to-date symlink: /home/giromi/Repos/VTOL/ws_sensor_combined_src/install/px4_msgs/include/px4_msgs/px4_msgs/msg/detail/rc_parameter_map__rosidl_typesupport_fastrtps_c.h\n'}
[6.318232] (px4_msgs) StdoutLine: {'line': b'-- Up-to-date symlink: /home/giromi/Repos/VTOL/ws_sensor_combined_src/install/px4_msgs/include/px4_msgs/px4_msgs/msg/detail/register_ext_component_reply__rosidl_typesupport_fastrtps_c.h\n'}
[6.318386] (px4_msgs) StdoutLine: {'line': b'-- Up-to-date symlink: /home/giromi/Repos/VTOL/ws_sensor_combined_src/install/px4_msgs/include/px4_msgs/px4_msgs/msg/detail/register_ext_component_request__rosidl_typesupport_fastrtps_c.h\n'}
[6.318584] (px4_msgs) StdoutLine: {'line': b'-- Up-to-date symlink: /home/giromi/Repos/VTOL/ws_sensor_combined_src/install/px4_msgs/include/px4_msgs/px4_msgs/msg/detail/rpm__rosidl_typesupport_fastrtps_c.h\n'}
[6.318749] (px4_msgs) StdoutLine: {'line': b'-- Up-to-date symlink: /home/giromi/Repos/VTOL/ws_sensor_combined_src/install/px4_msgs/include/px4_msgs/px4_msgs/msg/detail/rtl_time_estimate__rosidl_typesupport_fastrtps_c.h\n'}
[6.318910] (px4_msgs) StdoutLine: {'line': b'-- Up-to-date symlink: /home/giromi/Repos/VTOL/ws_sensor_combined_src/install/px4_msgs/include/px4_msgs/px4_msgs/msg/detail/satellite_info__rosidl_typesupport_fastrtps_c.h\n'}
[6.319071] (px4_msgs) StdoutLine: {'line': b'-- Up-to-date symlink: /home/giromi/Repos/VTOL/ws_sensor_combined_src/install/px4_msgs/include/px4_msgs/px4_msgs/msg/detail/sensor_accel__rosidl_typesupport_fastrtps_c.h\n'}
[6.319222] (px4_msgs) StdoutLine: {'line': b'-- Up-to-date symlink: /home/giromi/Repos/VTOL/ws_sensor_combined_src/install/px4_msgs/include/px4_msgs/px4_msgs/msg/detail/sensor_accel_fifo__rosidl_typesupport_fastrtps_c.h\n'}
[6.319353] (px4_msgs) StdoutLine: {'line': b'-- Up-to-date symlink: /home/giromi/Repos/VTOL/ws_sensor_combined_src/install/px4_msgs/include/px4_msgs/px4_msgs/msg/detail/sensor_airflow__rosidl_typesupport_fastrtps_c.h\n'}
[6.319501] (px4_msgs) StdoutLine: {'line': b'-- Up-to-date symlink: /home/giromi/Repos/VTOL/ws_sensor_combined_src/install/px4_msgs/include/px4_msgs/px4_msgs/msg/detail/sensor_baro__rosidl_typesupport_fastrtps_c.h\n'}
[6.319660] (px4_msgs) StdoutLine: {'line': b'-- Up-to-date symlink: /home/giromi/Repos/VTOL/ws_sensor_combined_src/install/px4_msgs/include/px4_msgs/px4_msgs/msg/detail/sensor_combined__rosidl_typesupport_fastrtps_c.h\n'}
[6.319795] (px4_msgs) StdoutLine: {'line': b'-- Up-to-date symlink: /home/giromi/Repos/VTOL/ws_sensor_combined_src/install/px4_msgs/include/px4_msgs/px4_msgs/msg/detail/sensor_correction__rosidl_typesupport_fastrtps_c.h\n'}
[6.319936] (px4_msgs) StdoutLine: {'line': b'-- Up-to-date symlink: /home/giromi/Repos/VTOL/ws_sensor_combined_src/install/px4_msgs/include/px4_msgs/px4_msgs/msg/detail/sensor_gnss_relative__rosidl_typesupport_fastrtps_c.h\n'}
[6.320085] (px4_msgs) StdoutLine: {'line': b'-- Up-to-date symlink: /home/giromi/Repos/VTOL/ws_sensor_combined_src/install/px4_msgs/include/px4_msgs/px4_msgs/msg/detail/sensor_gps__rosidl_typesupport_fastrtps_c.h\n'}
[6.320287] (px4_msgs) StdoutLine: {'line': b'-- Up-to-date symlink: /home/giromi/Repos/VTOL/ws_sensor_combined_src/install/px4_msgs/include/px4_msgs/px4_msgs/msg/detail/sensor_gyro__rosidl_typesupport_fastrtps_c.h\n'}
[6.320450] (px4_msgs) StdoutLine: {'line': b'-- Up-to-date symlink: /home/giromi/Repos/VTOL/ws_sensor_combined_src/install/px4_msgs/include/px4_msgs/px4_msgs/msg/detail/sensor_gyro_fft__rosidl_typesupport_fastrtps_c.h\n'}
[6.320612] (px4_msgs) StdoutLine: {'line': b'-- Up-to-date symlink: /home/giromi/Repos/VTOL/ws_sensor_combined_src/install/px4_msgs/include/px4_msgs/px4_msgs/msg/detail/sensor_gyro_fifo__rosidl_typesupport_fastrtps_c.h\n'}
[6.320774] (px4_msgs) StdoutLine: {'line': b'-- Up-to-date symlink: /home/giromi/Repos/VTOL/ws_sensor_combined_src/install/px4_msgs/include/px4_msgs/px4_msgs/msg/detail/sensor_hygrometer__rosidl_typesupport_fastrtps_c.h\n'}
[6.320931] (px4_msgs) StdoutLine: {'line': b'-- Up-to-date symlink: /home/giromi/Repos/VTOL/ws_sensor_combined_src/install/px4_msgs/include/px4_msgs/px4_msgs/msg/detail/sensor_mag__rosidl_typesupport_fastrtps_c.h\n'}
[6.321080] (px4_msgs) StdoutLine: {'line': b'-- Up-to-date symlink: /home/giromi/Repos/VTOL/ws_sensor_combined_src/install/px4_msgs/include/px4_msgs/px4_msgs/msg/detail/sensor_optical_flow__rosidl_typesupport_fastrtps_c.h\n'}
[6.321212] (px4_msgs) StdoutLine: {'line': b'-- Up-to-date symlink: /home/giromi/Repos/VTOL/ws_sensor_combined_src/install/px4_msgs/include/px4_msgs/px4_msgs/msg/detail/sensor_preflight_mag__rosidl_typesupport_fastrtps_c.h\n'}
[6.321346] (px4_msgs) StdoutLine: {'line': b'-- Up-to-date symlink: /home/giromi/Repos/VTOL/ws_sensor_combined_src/install/px4_msgs/include/px4_msgs/px4_msgs/msg/detail/sensor_selection__rosidl_typesupport_fastrtps_c.h\n'}
[6.321495] (px4_msgs) StdoutLine: {'line': b'-- Up-to-date symlink: /home/giromi/Repos/VTOL/ws_sensor_combined_src/install/px4_msgs/include/px4_msgs/px4_msgs/msg/detail/sensor_uwb__rosidl_typesupport_fastrtps_c.h\n'}
[6.321660] (px4_msgs) StdoutLine: {'line': b'-- Up-to-date symlink: /home/giromi/Repos/VTOL/ws_sensor_combined_src/install/px4_msgs/include/px4_msgs/px4_msgs/msg/detail/sensors_status__rosidl_typesupport_fastrtps_c.h\n'}
[6.321820] (px4_msgs) StdoutLine: {'line': b'-- Up-to-date symlink: /home/giromi/Repos/VTOL/ws_sensor_combined_src/install/px4_msgs/include/px4_msgs/px4_msgs/msg/detail/sensors_status_imu__rosidl_typesupport_fastrtps_c.h\n'}
[6.321985] (px4_msgs) StdoutLine: {'line': b'-- Up-to-date symlink: /home/giromi/Repos/VTOL/ws_sensor_combined_src/install/px4_msgs/include/px4_msgs/px4_msgs/msg/detail/system_power__rosidl_typesupport_fastrtps_c.h\n'}
[6.322142] (px4_msgs) StdoutLine: {'line': b'-- Up-to-date symlink: /home/giromi/Repos/VTOL/ws_sensor_combined_src/install/px4_msgs/include/px4_msgs/px4_msgs/msg/detail/takeoff_status__rosidl_typesupport_fastrtps_c.h\n'}
[6.322302] (px4_msgs) StdoutLine: {'line': b'-- Up-to-date symlink: /home/giromi/Repos/VTOL/ws_sensor_combined_src/install/px4_msgs/include/px4_msgs/px4_msgs/msg/detail/task_stack_info__rosidl_typesupport_fastrtps_c.h\n'}
[6.322475] (px4_msgs) StdoutLine: {'line': b'-- Up-to-date symlink: /home/giromi/Repos/VTOL/ws_sensor_combined_src/install/px4_msgs/include/px4_msgs/px4_msgs/msg/detail/tecs_status__rosidl_typesupport_fastrtps_c.h\n'}
[6.322624] (px4_msgs) StdoutLine: {'line': b'-- Up-to-date symlink: /home/giromi/Repos/VTOL/ws_sensor_combined_src/install/px4_msgs/include/px4_msgs/px4_msgs/msg/detail/telemetry_status__rosidl_typesupport_fastrtps_c.h\n'}
[6.322761] (px4_msgs) StdoutLine: {'line': b'-- Up-to-date symlink: /home/giromi/Repos/VTOL/ws_sensor_combined_src/install/px4_msgs/include/px4_msgs/px4_msgs/msg/detail/tiltrotor_extra_controls__rosidl_typesupport_fastrtps_c.h\n'}
[6.322909] (px4_msgs) StdoutLine: {'line': b'-- Up-to-date symlink: /home/giromi/Repos/VTOL/ws_sensor_combined_src/install/px4_msgs/include/px4_msgs/px4_msgs/msg/detail/timesync_status__rosidl_typesupport_fastrtps_c.h\n'}
[6.323074] (px4_msgs) StdoutLine: {'line': b'-- Up-to-date symlink: /home/giromi/Repos/VTOL/ws_sensor_combined_src/install/px4_msgs/include/px4_msgs/px4_msgs/msg/detail/trajectory_bezier__rosidl_typesupport_fastrtps_c.h\n'}
[6.323234] (px4_msgs) StdoutLine: {'line': b'-- Up-to-date symlink: /home/giromi/Repos/VTOL/ws_sensor_combined_src/install/px4_msgs/include/px4_msgs/px4_msgs/msg/detail/trajectory_setpoint__rosidl_typesupport_fastrtps_c.h\n'}
[6.323397] (px4_msgs) StdoutLine: {'line': b'-- Up-to-date symlink: /home/giromi/Repos/VTOL/ws_sensor_combined_src/install/px4_msgs/include/px4_msgs/px4_msgs/msg/detail/trajectory_waypoint__rosidl_typesupport_fastrtps_c.h\n'}
[6.323555] (px4_msgs) StdoutLine: {'line': b'-- Up-to-date symlink: /home/giromi/Repos/VTOL/ws_sensor_combined_src/install/px4_msgs/include/px4_msgs/px4_msgs/msg/detail/transponder_report__rosidl_typesupport_fastrtps_c.h\n'}
[6.323702] (px4_msgs) StdoutLine: {'line': b'-- Up-to-date symlink: /home/giromi/Repos/VTOL/ws_sensor_combined_src/install/px4_msgs/include/px4_msgs/px4_msgs/msg/detail/tune_control__rosidl_typesupport_fastrtps_c.h\n'}
[6.323850] (px4_msgs) StdoutLine: {'line': b'-- Up-to-date symlink: /home/giromi/Repos/VTOL/ws_sensor_combined_src/install/px4_msgs/include/px4_msgs/px4_msgs/msg/detail/uavcan_parameter_request__rosidl_typesupport_fastrtps_c.h\n'}
[6.324006] (px4_msgs) StdoutLine: {'line': b'-- Up-to-date symlink: /home/giromi/Repos/VTOL/ws_sensor_combined_src/install/px4_msgs/include/px4_msgs/px4_msgs/msg/detail/uavcan_parameter_value__rosidl_typesupport_fastrtps_c.h\n'}
[6.324139] (px4_msgs) StdoutLine: {'line': b'-- Up-to-date symlink: /home/giromi/Repos/VTOL/ws_sensor_combined_src/install/px4_msgs/include/px4_msgs/px4_msgs/msg/detail/ulog_stream__rosidl_typesupport_fastrtps_c.h\n'}
[6.324290] (px4_msgs) StdoutLine: {'line': b'-- Up-to-date symlink: /home/giromi/Repos/VTOL/ws_sensor_combined_src/install/px4_msgs/include/px4_msgs/px4_msgs/msg/detail/ulog_stream_ack__rosidl_typesupport_fastrtps_c.h\n'}
[6.324454] (px4_msgs) StdoutLine: {'line': b'-- Up-to-date symlink: /home/giromi/Repos/VTOL/ws_sensor_combined_src/install/px4_msgs/include/px4_msgs/px4_msgs/msg/detail/unregister_ext_component__rosidl_typesupport_fastrtps_c.h\n'}
[6.324615] (px4_msgs) StdoutLine: {'line': b'-- Up-to-date symlink: /home/giromi/Repos/VTOL/ws_sensor_combined_src/install/px4_msgs/include/px4_msgs/px4_msgs/msg/detail/vehicle_acceleration__rosidl_typesupport_fastrtps_c.h\n'}
[6.324776] (px4_msgs) StdoutLine: {'line': b'-- Up-to-date symlink: /home/giromi/Repos/VTOL/ws_sensor_combined_src/install/px4_msgs/include/px4_msgs/px4_msgs/msg/detail/vehicle_air_data__rosidl_typesupport_fastrtps_c.h\n'}
[6.324930] (px4_msgs) StdoutLine: {'line': b'-- Up-to-date symlink: /home/giromi/Repos/VTOL/ws_sensor_combined_src/install/px4_msgs/include/px4_msgs/px4_msgs/msg/detail/vehicle_angular_acceleration_setpoint__rosidl_typesupport_fastrtps_c.h\n'}
[6.325064] (px4_msgs) StdoutLine: {'line': b'-- Up-to-date symlink: /home/giromi/Repos/VTOL/ws_sensor_combined_src/install/px4_msgs/include/px4_msgs/px4_msgs/msg/detail/vehicle_angular_velocity__rosidl_typesupport_fastrtps_c.h\n'}
[6.325290] (px4_msgs) StdoutLine: {'line': b'-- Up-to-date symlink: /home/giromi/Repos/VTOL/ws_sensor_combined_src/install/px4_msgs/include/px4_msgs/px4_msgs/msg/detail/vehicle_attitude__rosidl_typesupport_fastrtps_c.h\n'}
[6.325525] (px4_msgs) StdoutLine: {'line': b'-- Up-to-date symlink: /home/giromi/Repos/VTOL/ws_sensor_combined_src/install/px4_msgs/include/px4_msgs/px4_msgs/msg/detail/vehicle_attitude_setpoint__rosidl_typesupport_fastrtps_c.h\n'}
[6.325746] (px4_msgs) StdoutLine: {'line': b'-- Up-to-date symlink: /home/giromi/Repos/VTOL/ws_sensor_combined_src/install/px4_msgs/include/px4_msgs/px4_msgs/msg/detail/vehicle_command__rosidl_typesupport_fastrtps_c.h\n'}
[6.325975] (px4_msgs) StdoutLine: {'line': b'-- Up-to-date symlink: /home/giromi/Repos/VTOL/ws_sensor_combined_src/install/px4_msgs/include/px4_msgs/px4_msgs/msg/detail/vehicle_command_ack__rosidl_typesupport_fastrtps_c.h\n'}
[6.326204] (px4_msgs) StdoutLine: {'line': b'-- Up-to-date symlink: /home/giromi/Repos/VTOL/ws_sensor_combined_src/install/px4_msgs/include/px4_msgs/px4_msgs/msg/detail/vehicle_constraints__rosidl_typesupport_fastrtps_c.h\n'}
[6.326421] (px4_msgs) StdoutLine: {'line': b'-- Up-to-date symlink: /home/giromi/Repos/VTOL/ws_sensor_combined_src/install/px4_msgs/include/px4_msgs/px4_msgs/msg/detail/vehicle_control_mode__rosidl_typesupport_fastrtps_c.h\n'}
[6.326694] (px4_msgs) StdoutLine: {'line': b'-- Up-to-date symlink: /home/giromi/Repos/VTOL/ws_sensor_combined_src/install/px4_msgs/include/px4_msgs/px4_msgs/msg/detail/vehicle_global_position__rosidl_typesupport_fastrtps_c.h\n'}
[6.326868] (px4_msgs) StdoutLine: {'line': b'-- Up-to-date symlink: /home/giromi/Repos/VTOL/ws_sensor_combined_src/install/px4_msgs/include/px4_msgs/px4_msgs/msg/detail/vehicle_imu__rosidl_typesupport_fastrtps_c.h\n'}
[6.327021] (px4_msgs) StdoutLine: {'line': b'-- Up-to-date symlink: /home/giromi/Repos/VTOL/ws_sensor_combined_src/install/px4_msgs/include/px4_msgs/px4_msgs/msg/detail/vehicle_imu_status__rosidl_typesupport_fastrtps_c.h\n'}
[6.327203] (px4_msgs) StdoutLine: {'line': b'-- Up-to-date symlink: /home/giromi/Repos/VTOL/ws_sensor_combined_src/install/px4_msgs/include/px4_msgs/px4_msgs/msg/detail/vehicle_land_detected__rosidl_typesupport_fastrtps_c.h\n'}
[6.327329] (px4_msgs) StdoutLine: {'line': b'-- Up-to-date symlink: /home/giromi/Repos/VTOL/ws_sensor_combined_src/install/px4_msgs/include/px4_msgs/px4_msgs/msg/detail/vehicle_local_position__rosidl_typesupport_fastrtps_c.h\n'}
[6.327470] (px4_msgs) StdoutLine: {'line': b'-- Up-to-date symlink: /home/giromi/Repos/VTOL/ws_sensor_combined_src/install/px4_msgs/include/px4_msgs/px4_msgs/msg/detail/vehicle_local_position_setpoint__rosidl_typesupport_fastrtps_c.h\n'}
[6.327610] (px4_msgs) StdoutLine: {'line': b'-- Up-to-date symlink: /home/giromi/Repos/VTOL/ws_sensor_combined_src/install/px4_msgs/include/px4_msgs/px4_msgs/msg/detail/vehicle_magnetometer__rosidl_typesupport_fastrtps_c.h\n'}
[6.327752] (px4_msgs) StdoutLine: {'line': b'-- Up-to-date symlink: /home/giromi/Repos/VTOL/ws_sensor_combined_src/install/px4_msgs/include/px4_msgs/px4_msgs/msg/detail/vehicle_odometry__rosidl_typesupport_fastrtps_c.h\n'}
[6.327891] (px4_msgs) StdoutLine: {'line': b'-- Up-to-date symlink: /home/giromi/Repos/VTOL/ws_sensor_combined_src/install/px4_msgs/include/px4_msgs/px4_msgs/msg/detail/vehicle_optical_flow__rosidl_typesupport_fastrtps_c.h\n'}
[6.328029] (px4_msgs) StdoutLine: {'line': b'-- Up-to-date symlink: /home/giromi/Repos/VTOL/ws_sensor_combined_src/install/px4_msgs/include/px4_msgs/px4_msgs/msg/detail/vehicle_optical_flow_vel__rosidl_typesupport_fastrtps_c.h\n'}
[6.328169] (px4_msgs) StdoutLine: {'line': b'-- Up-to-date symlink: /home/giromi/Repos/VTOL/ws_sensor_combined_src/install/px4_msgs/include/px4_msgs/px4_msgs/msg/detail/vehicle_rates_setpoint__rosidl_typesupport_fastrtps_c.h\n'}
[6.328317] (px4_msgs) StdoutLine: {'line': b'-- Up-to-date symlink: /home/giromi/Repos/VTOL/ws_sensor_combined_src/install/px4_msgs/include/px4_msgs/px4_msgs/msg/detail/vehicle_roi__rosidl_typesupport_fastrtps_c.h\n'}
[6.328456] (px4_msgs) StdoutLine: {'line': b'-- Up-to-date symlink: /home/giromi/Repos/VTOL/ws_sensor_combined_src/install/px4_msgs/include/px4_msgs/px4_msgs/msg/detail/vehicle_status__rosidl_typesupport_fastrtps_c.h\n'}
[6.328594] (px4_msgs) StdoutLine: {'line': b'-- Up-to-date symlink: /home/giromi/Repos/VTOL/ws_sensor_combined_src/install/px4_msgs/include/px4_msgs/px4_msgs/msg/detail/vehicle_thrust_setpoint__rosidl_typesupport_fastrtps_c.h\n'}
[6.328731] (px4_msgs) StdoutLine: {'line': b'-- Up-to-date symlink: /home/giromi/Repos/VTOL/ws_sensor_combined_src/install/px4_msgs/include/px4_msgs/px4_msgs/msg/detail/vehicle_torque_setpoint__rosidl_typesupport_fastrtps_c.h\n'}
[6.328870] (px4_msgs) StdoutLine: {'line': b'-- Up-to-date symlink: /home/giromi/Repos/VTOL/ws_sensor_combined_src/install/px4_msgs/include/px4_msgs/px4_msgs/msg/detail/vehicle_trajectory_bezier__rosidl_typesupport_fastrtps_c.h\n'}
[6.329007] (px4_msgs) StdoutLine: {'line': b'-- Up-to-date symlink: /home/giromi/Repos/VTOL/ws_sensor_combined_src/install/px4_msgs/include/px4_msgs/px4_msgs/msg/detail/vehicle_trajectory_waypoint__rosidl_typesupport_fastrtps_c.h\n'}
[6.329145] (px4_msgs) StdoutLine: {'line': b'-- Up-to-date symlink: /home/giromi/Repos/VTOL/ws_sensor_combined_src/install/px4_msgs/include/px4_msgs/px4_msgs/msg/detail/velocity_limits__rosidl_typesupport_fastrtps_c.h\n'}
[6.329285] (px4_msgs) StdoutLine: {'line': b'-- Up-to-date symlink: /home/giromi/Repos/VTOL/ws_sensor_combined_src/install/px4_msgs/include/px4_msgs/px4_msgs/msg/detail/vtol_vehicle_status__rosidl_typesupport_fastrtps_c.h\n'}
[6.329423] (px4_msgs) StdoutLine: {'line': b'-- Up-to-date symlink: /home/giromi/Repos/VTOL/ws_sensor_combined_src/install/px4_msgs/include/px4_msgs/px4_msgs/msg/detail/wheel_encoders__rosidl_typesupport_fastrtps_c.h\n'}
[6.329563] (px4_msgs) StdoutLine: {'line': b'-- Up-to-date symlink: /home/giromi/Repos/VTOL/ws_sensor_combined_src/install/px4_msgs/include/px4_msgs/px4_msgs/msg/detail/wind__rosidl_typesupport_fastrtps_c.h\n'}
[6.329706] (px4_msgs) StdoutLine: {'line': b'-- Up-to-date symlink: /home/giromi/Repos/VTOL/ws_sensor_combined_src/install/px4_msgs/include/px4_msgs/px4_msgs/msg/detail/yaw_estimator_status__rosidl_typesupport_fastrtps_c.h\n'}
[6.329840] (px4_msgs) StdoutLine: {'line': b'-- Up-to-date symlink: /home/giromi/Repos/VTOL/ws_sensor_combined_src/install/px4_msgs/include/px4_msgs/px4_msgs/msg/rosidl_typesupport_fastrtps_c__visibility_control.h\n'}
[6.330000] (px4_msgs) StdoutLine: {'line': b'-- Up-to-date symlink: /home/giromi/Repos/VTOL/ws_sensor_combined_src/install/px4_msgs/include/px4_msgs/px4_msgs/srv/detail/vehicle_command__rosidl_typesupport_fastrtps_c.h\n'}
[6.337721] (px4_msgs) StdoutLine: {'line': b'-- Up-to-date symlink: /home/giromi/Repos/VTOL/ws_sensor_combined_src/install/px4_msgs/include/px4_msgs/px4_msgs/msg/action_request.hpp\n'}
[6.337994] (px4_msgs) StdoutLine: {'line': b'-- Up-to-date symlink: /home/giromi/Repos/VTOL/ws_sensor_combined_src/install/px4_msgs/include/px4_msgs/px4_msgs/msg/actuator_armed.hpp\n'}
[6.338214] (px4_msgs) StdoutLine: {'line': b'-- Up-to-date symlink: /home/giromi/Repos/VTOL/ws_sensor_combined_src/install/px4_msgs/include/px4_msgs/px4_msgs/msg/actuator_controls_status.hpp\n'}
[6.338459] (px4_msgs) StdoutLine: {'line': b'-- Up-to-date symlink: /home/giromi/Repos/VTOL/ws_sensor_combined_src/install/px4_msgs/include/px4_msgs/px4_msgs/msg/actuator_motors.hpp\n'}
[6.338804] (px4_msgs) StdoutLine: {'line': b'-- Up-to-date symlink: /home/giromi/Repos/VTOL/ws_sensor_combined_src/install/px4_msgs/include/px4_msgs/px4_msgs/msg/actuator_outputs.hpp\n'}
[6.339095] (px4_msgs) StdoutLine: {'line': b'-- Up-to-date symlink: /home/giromi/Repos/VTOL/ws_sensor_combined_src/install/px4_msgs/include/px4_msgs/px4_msgs/msg/actuator_servos.hpp\n'}
[6.339343] (px4_msgs) StdoutLine: {'line': b'-- Up-to-date symlink: /home/giromi/Repos/VTOL/ws_sensor_combined_src/install/px4_msgs/include/px4_msgs/px4_msgs/msg/actuator_servos_trim.hpp\n'}
[6.339581] (px4_msgs) StdoutLine: {'line': b'-- Up-to-date symlink: /home/giromi/Repos/VTOL/ws_sensor_combined_src/install/px4_msgs/include/px4_msgs/px4_msgs/msg/actuator_test.hpp\n'}
[6.339813] (px4_msgs) StdoutLine: {'line': b'-- Up-to-date symlink: /home/giromi/Repos/VTOL/ws_sensor_combined_src/install/px4_msgs/include/px4_msgs/px4_msgs/msg/adc_report.hpp\n'}
[6.340045] (px4_msgs) StdoutLine: {'line': b'-- Up-to-date symlink: /home/giromi/Repos/VTOL/ws_sensor_combined_src/install/px4_msgs/include/px4_msgs/px4_msgs/msg/airspeed.hpp\n'}
[6.340315] (px4_msgs) StdoutLine: {'line': b'-- Up-to-date symlink: /home/giromi/Repos/VTOL/ws_sensor_combined_src/install/px4_msgs/include/px4_msgs/px4_msgs/msg/airspeed_validated.hpp\n'}
[6.340488] (px4_msgs) StdoutLine: {'line': b'-- Up-to-date symlink: /home/giromi/Repos/VTOL/ws_sensor_combined_src/install/px4_msgs/include/px4_msgs/px4_msgs/msg/airspeed_wind.hpp\n'}
[6.340637] (px4_msgs) StdoutLine: {'line': b'-- Up-to-date symlink: /home/giromi/Repos/VTOL/ws_sensor_combined_src/install/px4_msgs/include/px4_msgs/px4_msgs/msg/arming_check_reply.hpp\n'}
[6.340816] (px4_msgs) StdoutLine: {'line': b'-- Up-to-date symlink: /home/giromi/Repos/VTOL/ws_sensor_combined_src/install/px4_msgs/include/px4_msgs/px4_msgs/msg/arming_check_request.hpp\n'}
[6.340989] (px4_msgs) StdoutLine: {'line': b'-- Up-to-date symlink: /home/giromi/Repos/VTOL/ws_sensor_combined_src/install/px4_msgs/include/px4_msgs/px4_msgs/msg/autotune_attitude_control_status.hpp\n'}
[6.341181] (px4_msgs) StdoutLine: {'line': b'-- Up-to-date symlink: /home/giromi/Repos/VTOL/ws_sensor_combined_src/install/px4_msgs/include/px4_msgs/px4_msgs/msg/battery_status.hpp\n'}
[6.341408] (px4_msgs) StdoutLine: {'line': b'-- Up-to-date symlink: /home/giromi/Repos/VTOL/ws_sensor_combined_src/install/px4_msgs/include/px4_msgs/px4_msgs/msg/buffer128.hpp\n'}
[6.341628] (px4_msgs) StdoutLine: {'line': b'-- Up-to-date symlink: /home/giromi/Repos/VTOL/ws_sensor_combined_src/install/px4_msgs/include/px4_msgs/px4_msgs/msg/button_event.hpp\n'}
[6.341824] (px4_msgs) StdoutLine: {'line': b'-- Up-to-date symlink: /home/giromi/Repos/VTOL/ws_sensor_combined_src/install/px4_msgs/include/px4_msgs/px4_msgs/msg/camera_capture.hpp\n'}
[6.341975] (px4_msgs) StdoutLine: {'line': b'-- Up-to-date symlink: /home/giromi/Repos/VTOL/ws_sensor_combined_src/install/px4_msgs/include/px4_msgs/px4_msgs/msg/camera_status.hpp\n'}
[6.342128] (px4_msgs) StdoutLine: {'line': b'-- Up-to-date symlink: /home/giromi/Repos/VTOL/ws_sensor_combined_src/install/px4_msgs/include/px4_msgs/px4_msgs/msg/camera_trigger.hpp\n'}
[6.342239] (px4_msgs) StdoutLine: {'line': b'-- Up-to-date symlink: /home/giromi/Repos/VTOL/ws_sensor_combined_src/install/px4_msgs/include/px4_msgs/px4_msgs/msg/cellular_status.hpp\n'}
[6.342377] (px4_msgs) StdoutLine: {'line': b'-- Up-to-date symlink: /home/giromi/Repos/VTOL/ws_sensor_combined_src/install/px4_msgs/include/px4_msgs/px4_msgs/msg/collision_constraints.hpp\n'}
[6.342536] (px4_msgs) StdoutLine: {'line': b'-- Up-to-date symlink: /home/giromi/Repos/VTOL/ws_sensor_combined_src/install/px4_msgs/include/px4_msgs/px4_msgs/msg/collision_report.hpp\n'}
[6.342672] (px4_msgs) StdoutLine: {'line': b'-- Up-to-date symlink: /home/giromi/Repos/VTOL/ws_sensor_combined_src/install/px4_msgs/include/px4_msgs/px4_msgs/msg/config_overrides.hpp\n'}
[6.342827] (px4_msgs) StdoutLine: {'line': b'-- Up-to-date symlink: /home/giromi/Repos/VTOL/ws_sensor_combined_src/install/px4_msgs/include/px4_msgs/px4_msgs/msg/control_allocator_status.hpp\n'}
[6.342959] (px4_msgs) StdoutLine: {'line': b'-- Up-to-date symlink: /home/giromi/Repos/VTOL/ws_sensor_combined_src/install/px4_msgs/include/px4_msgs/px4_msgs/msg/cpuload.hpp\n'}
[6.343089] (px4_msgs) StdoutLine: {'line': b'-- Up-to-date symlink: /home/giromi/Repos/VTOL/ws_sensor_combined_src/install/px4_msgs/include/px4_msgs/px4_msgs/msg/dataman_request.hpp\n'}
[6.343219] (px4_msgs) StdoutLine: {'line': b'-- Up-to-date symlink: /home/giromi/Repos/VTOL/ws_sensor_combined_src/install/px4_msgs/include/px4_msgs/px4_msgs/msg/dataman_response.hpp\n'}
[6.343347] (px4_msgs) StdoutLine: {'line': b'-- Up-to-date symlink: /home/giromi/Repos/VTOL/ws_sensor_combined_src/install/px4_msgs/include/px4_msgs/px4_msgs/msg/debug_array.hpp\n'}
[6.343515] (px4_msgs) StdoutLine: {'line': b'-- Up-to-date symlink: /home/giromi/Repos/VTOL/ws_sensor_combined_src/install/px4_msgs/include/px4_msgs/px4_msgs/msg/debug_key_value.hpp\n'}
[6.343703] (px4_msgs) StdoutLine: {'line': b'-- Up-to-date symlink: /home/giromi/Repos/VTOL/ws_sensor_combined_src/install/px4_msgs/include/px4_msgs/px4_msgs/msg/debug_value.hpp\n'}
[6.343832] (px4_msgs) StdoutLine: {'line': b'-- Up-to-date symlink: /home/giromi/Repos/VTOL/ws_sensor_combined_src/install/px4_msgs/include/px4_msgs/px4_msgs/msg/debug_vect.hpp\n'}
[6.343977] (px4_msgs) StdoutLine: {'line': b'-- Up-to-date symlink: /home/giromi/Repos/VTOL/ws_sensor_combined_src/install/px4_msgs/include/px4_msgs/px4_msgs/msg/detail/action_request__builder.hpp\n'}
[6.344115] (px4_msgs) StdoutLine: {'line': b'-- Up-to-date symlink: /home/giromi/Repos/VTOL/ws_sensor_combined_src/install/px4_msgs/include/px4_msgs/px4_msgs/msg/detail/action_request__struct.hpp\n'}
[6.344253] (px4_msgs) StdoutLine: {'line': b'-- Up-to-date symlink: /home/giromi/Repos/VTOL/ws_sensor_combined_src/install/px4_msgs/include/px4_msgs/px4_msgs/msg/detail/action_request__traits.hpp\n'}
[6.344392] (px4_msgs) StdoutLine: {'line': b'-- Up-to-date symlink: /home/giromi/Repos/VTOL/ws_sensor_combined_src/install/px4_msgs/include/px4_msgs/px4_msgs/msg/detail/actuator_armed__builder.hpp\n'}
[6.344529] (px4_msgs) StdoutLine: {'line': b'-- Up-to-date symlink: /home/giromi/Repos/VTOL/ws_sensor_combined_src/install/px4_msgs/include/px4_msgs/px4_msgs/msg/detail/actuator_armed__struct.hpp\n'}
[6.344665] (px4_msgs) StdoutLine: {'line': b'-- Up-to-date symlink: /home/giromi/Repos/VTOL/ws_sensor_combined_src/install/px4_msgs/include/px4_msgs/px4_msgs/msg/detail/actuator_armed__traits.hpp\n'}
[6.344803] (px4_msgs) StdoutLine: {'line': b'-- Up-to-date symlink: /home/giromi/Repos/VTOL/ws_sensor_combined_src/install/px4_msgs/include/px4_msgs/px4_msgs/msg/detail/actuator_controls_status__builder.hpp\n'}
[6.344942] (px4_msgs) StdoutLine: {'line': b'-- Up-to-date symlink: /home/giromi/Repos/VTOL/ws_sensor_combined_src/install/px4_msgs/include/px4_msgs/px4_msgs/msg/detail/actuator_controls_status__struct.hpp\n'}
[6.345079] (px4_msgs) StdoutLine: {'line': b'-- Up-to-date symlink: /home/giromi/Repos/VTOL/ws_sensor_combined_src/install/px4_msgs/include/px4_msgs/px4_msgs/msg/detail/actuator_controls_status__traits.hpp\n'}
[6.345222] (px4_msgs) StdoutLine: {'line': b'-- Up-to-date symlink: /home/giromi/Repos/VTOL/ws_sensor_combined_src/install/px4_msgs/include/px4_msgs/px4_msgs/msg/detail/actuator_motors__builder.hpp\n'}
[6.345364] (px4_msgs) StdoutLine: {'line': b'-- Up-to-date symlink: /home/giromi/Repos/VTOL/ws_sensor_combined_src/install/px4_msgs/include/px4_msgs/px4_msgs/msg/detail/actuator_motors__struct.hpp\n'}
[6.345505] (px4_msgs) StdoutLine: {'line': b'-- Up-to-date symlink: /home/giromi/Repos/VTOL/ws_sensor_combined_src/install/px4_msgs/include/px4_msgs/px4_msgs/msg/detail/actuator_motors__traits.hpp\n'}
[6.345645] (px4_msgs) StdoutLine: {'line': b'-- Up-to-date symlink: /home/giromi/Repos/VTOL/ws_sensor_combined_src/install/px4_msgs/include/px4_msgs/px4_msgs/msg/detail/actuator_outputs__builder.hpp\n'}
[6.345785] (px4_msgs) StdoutLine: {'line': b'-- Up-to-date symlink: /home/giromi/Repos/VTOL/ws_sensor_combined_src/install/px4_msgs/include/px4_msgs/px4_msgs/msg/detail/actuator_outputs__struct.hpp\n'}
[6.345924] (px4_msgs) StdoutLine: {'line': b'-- Up-to-date symlink: /home/giromi/Repos/VTOL/ws_sensor_combined_src/install/px4_msgs/include/px4_msgs/px4_msgs/msg/detail/actuator_outputs__traits.hpp\n'}
[6.346065] (px4_msgs) StdoutLine: {'line': b'-- Up-to-date symlink: /home/giromi/Repos/VTOL/ws_sensor_combined_src/install/px4_msgs/include/px4_msgs/px4_msgs/msg/detail/actuator_servos__builder.hpp\n'}
[6.346204] (px4_msgs) StdoutLine: {'line': b'-- Up-to-date symlink: /home/giromi/Repos/VTOL/ws_sensor_combined_src/install/px4_msgs/include/px4_msgs/px4_msgs/msg/detail/actuator_servos__struct.hpp\n'}
[6.346343] (px4_msgs) StdoutLine: {'line': b'-- Up-to-date symlink: /home/giromi/Repos/VTOL/ws_sensor_combined_src/install/px4_msgs/include/px4_msgs/px4_msgs/msg/detail/actuator_servos__traits.hpp\n'}
[6.346523] (px4_msgs) StdoutLine: {'line': b'-- Up-to-date symlink: /home/giromi/Repos/VTOL/ws_sensor_combined_src/install/px4_msgs/include/px4_msgs/px4_msgs/msg/detail/actuator_servos_trim__builder.hpp\n'}
[6.346675] (px4_msgs) StdoutLine: {'line': b'-- Up-to-date symlink: /home/giromi/Repos/VTOL/ws_sensor_combined_src/install/px4_msgs/include/px4_msgs/px4_msgs/msg/detail/actuator_servos_trim__struct.hpp\n'}
[6.346870] (px4_msgs) StdoutLine: {'line': b'-- Up-to-date symlink: /home/giromi/Repos/VTOL/ws_sensor_combined_src/install/px4_msgs/include/px4_msgs/px4_msgs/msg/detail/actuator_servos_trim__traits.hpp\n'}
[6.347103] (px4_msgs) StdoutLine: {'line': b'-- Up-to-date symlink: /home/giromi/Repos/VTOL/ws_sensor_combined_src/install/px4_msgs/include/px4_msgs/px4_msgs/msg/detail/actuator_test__builder.hpp\n'}
[6.347245] (px4_msgs) StdoutLine: {'line': b'-- Up-to-date symlink: /home/giromi/Repos/VTOL/ws_sensor_combined_src/install/px4_msgs/include/px4_msgs/px4_msgs/msg/detail/actuator_test__struct.hpp\n'}
[6.347387] (px4_msgs) StdoutLine: {'line': b'-- Up-to-date symlink: /home/giromi/Repos/VTOL/ws_sensor_combined_src/install/px4_msgs/include/px4_msgs/px4_msgs/msg/detail/actuator_test__traits.hpp\n'}
[6.347526] (px4_msgs) StdoutLine: {'line': b'-- Up-to-date symlink: /home/giromi/Repos/VTOL/ws_sensor_combined_src/install/px4_msgs/include/px4_msgs/px4_msgs/msg/detail/adc_report__builder.hpp\n'}
[6.347769] (px4_msgs) StdoutLine: {'line': b'-- Up-to-date symlink: /home/giromi/Repos/VTOL/ws_sensor_combined_src/install/px4_msgs/include/px4_msgs/px4_msgs/msg/detail/adc_report__struct.hpp\n'}
[6.347955] (px4_msgs) StdoutLine: {'line': b'-- Up-to-date symlink: /home/giromi/Repos/VTOL/ws_sensor_combined_src/install/px4_msgs/include/px4_msgs/px4_msgs/msg/detail/adc_report__traits.hpp\n'}
[6.348065] (px4_msgs) StdoutLine: {'line': b'-- Up-to-date symlink: /home/giromi/Repos/VTOL/ws_sensor_combined_src/install/px4_msgs/include/px4_msgs/px4_msgs/msg/detail/airspeed__builder.hpp\n'}
[6.348237] (px4_msgs) StdoutLine: {'line': b'-- Up-to-date symlink: /home/giromi/Repos/VTOL/ws_sensor_combined_src/install/px4_msgs/include/px4_msgs/px4_msgs/msg/detail/airspeed__struct.hpp\n'}
[6.348387] (px4_msgs) StdoutLine: {'line': b'-- Up-to-date symlink: /home/giromi/Repos/VTOL/ws_sensor_combined_src/install/px4_msgs/include/px4_msgs/px4_msgs/msg/detail/airspeed__traits.hpp\n'}
[6.348522] (px4_msgs) StdoutLine: {'line': b'-- Up-to-date symlink: /home/giromi/Repos/VTOL/ws_sensor_combined_src/install/px4_msgs/include/px4_msgs/px4_msgs/msg/detail/airspeed_validated__builder.hpp\n'}
[6.348656] (px4_msgs) StdoutLine: {'line': b'-- Up-to-date symlink: /home/giromi/Repos/VTOL/ws_sensor_combined_src/install/px4_msgs/include/px4_msgs/px4_msgs/msg/detail/airspeed_validated__struct.hpp\n'}
[6.348784] (px4_msgs) StdoutLine: {'line': b'-- Up-to-date symlink: /home/giromi/Repos/VTOL/ws_sensor_combined_src/install/px4_msgs/include/px4_msgs/px4_msgs/msg/detail/airspeed_validated__traits.hpp\n'}
[6.348924] (px4_msgs) StdoutLine: {'line': b'-- Up-to-date symlink: /home/giromi/Repos/VTOL/ws_sensor_combined_src/install/px4_msgs/include/px4_msgs/px4_msgs/msg/detail/airspeed_wind__builder.hpp\n'}
[6.349064] (px4_msgs) StdoutLine: {'line': b'-- Up-to-date symlink: /home/giromi/Repos/VTOL/ws_sensor_combined_src/install/px4_msgs/include/px4_msgs/px4_msgs/msg/detail/airspeed_wind__struct.hpp\n'}
[6.349247] (px4_msgs) StdoutLine: {'line': b'-- Up-to-date symlink: /home/giromi/Repos/VTOL/ws_sensor_combined_src/install/px4_msgs/include/px4_msgs/px4_msgs/msg/detail/airspeed_wind__traits.hpp\n'}
[6.349520] (px4_msgs) StdoutLine: {'line': b'-- Up-to-date symlink: /home/giromi/Repos/VTOL/ws_sensor_combined_src/install/px4_msgs/include/px4_msgs/px4_msgs/msg/detail/arming_check_reply__builder.hpp\n'}
[6.349765] (px4_msgs) StdoutLine: {'line': b'-- Up-to-date symlink: /home/giromi/Repos/VTOL/ws_sensor_combined_src/install/px4_msgs/include/px4_msgs/px4_msgs/msg/detail/arming_check_reply__struct.hpp\n'}
[6.349980] (px4_msgs) StdoutLine: {'line': b'-- Up-to-date symlink: /home/giromi/Repos/VTOL/ws_sensor_combined_src/install/px4_msgs/include/px4_msgs/px4_msgs/msg/detail/arming_check_reply__traits.hpp\n'}
[6.350091] (px4_msgs) StdoutLine: {'line': b'-- Up-to-date symlink: /home/giromi/Repos/VTOL/ws_sensor_combined_src/install/px4_msgs/include/px4_msgs/px4_msgs/msg/detail/arming_check_request__builder.hpp\n'}
[6.350200] (px4_msgs) StdoutLine: {'line': b'-- Up-to-date symlink: /home/giromi/Repos/VTOL/ws_sensor_combined_src/install/px4_msgs/include/px4_msgs/px4_msgs/msg/detail/arming_check_request__struct.hpp\n'}
[6.350306] (px4_msgs) StdoutLine: {'line': b'-- Up-to-date symlink: /home/giromi/Repos/VTOL/ws_sensor_combined_src/install/px4_msgs/include/px4_msgs/px4_msgs/msg/detail/arming_check_request__traits.hpp\n'}
[6.350463] (px4_msgs) StdoutLine: {'line': b'-- Up-to-date symlink: /home/giromi/Repos/VTOL/ws_sensor_combined_src/install/px4_msgs/include/px4_msgs/px4_msgs/msg/detail/autotune_attitude_control_status__builder.hpp\n'}
[6.350658] (px4_msgs) StdoutLine: {'line': b'-- Up-to-date symlink: /home/giromi/Repos/VTOL/ws_sensor_combined_src/install/px4_msgs/include/px4_msgs/px4_msgs/msg/detail/autotune_attitude_control_status__struct.hpp\n'}
[6.350825] (px4_msgs) StdoutLine: {'line': b'-- Up-to-date symlink: /home/giromi/Repos/VTOL/ws_sensor_combined_src/install/px4_msgs/include/px4_msgs/px4_msgs/msg/detail/autotune_attitude_control_status__traits.hpp\n'}
[6.350995] (px4_msgs) StdoutLine: {'line': b'-- Up-to-date symlink: /home/giromi/Repos/VTOL/ws_sensor_combined_src/install/px4_msgs/include/px4_msgs/px4_msgs/msg/detail/battery_status__builder.hpp\n'}
[6.351222] (px4_msgs) StdoutLine: {'line': b'-- Up-to-date symlink: /home/giromi/Repos/VTOL/ws_sensor_combined_src/install/px4_msgs/include/px4_msgs/px4_msgs/msg/detail/battery_status__struct.hpp\n'}
[6.351423] (px4_msgs) StdoutLine: {'line': b'-- Up-to-date symlink: /home/giromi/Repos/VTOL/ws_sensor_combined_src/install/px4_msgs/include/px4_msgs/px4_msgs/msg/detail/battery_status__traits.hpp\n'}
[6.351623] (px4_msgs) StdoutLine: {'line': b'-- Up-to-date symlink: /home/giromi/Repos/VTOL/ws_sensor_combined_src/install/px4_msgs/include/px4_msgs/px4_msgs/msg/detail/buffer128__builder.hpp\n'}
[6.351761] (px4_msgs) StdoutLine: {'line': b'-- Up-to-date symlink: /home/giromi/Repos/VTOL/ws_sensor_combined_src/install/px4_msgs/include/px4_msgs/px4_msgs/msg/detail/buffer128__struct.hpp\n'}
[6.351894] (px4_msgs) StdoutLine: {'line': b'-- Up-to-date symlink: /home/giromi/Repos/VTOL/ws_sensor_combined_src/install/px4_msgs/include/px4_msgs/px4_msgs/msg/detail/buffer128__traits.hpp\n'}
[6.352047] (px4_msgs) StdoutLine: {'line': b'-- Up-to-date symlink: /home/giromi/Repos/VTOL/ws_sensor_combined_src/install/px4_msgs/include/px4_msgs/px4_msgs/msg/detail/button_event__builder.hpp\n'}
[6.352189] (px4_msgs) StdoutLine: {'line': b'-- Up-to-date symlink: /home/giromi/Repos/VTOL/ws_sensor_combined_src/install/px4_msgs/include/px4_msgs/px4_msgs/msg/detail/button_event__struct.hpp\n'}
[6.352330] (px4_msgs) StdoutLine: {'line': b'-- Up-to-date symlink: /home/giromi/Repos/VTOL/ws_sensor_combined_src/install/px4_msgs/include/px4_msgs/px4_msgs/msg/detail/button_event__traits.hpp\n'}
[6.352507] (px4_msgs) StdoutLine: {'line': b'-- Up-to-date symlink: /home/giromi/Repos/VTOL/ws_sensor_combined_src/install/px4_msgs/include/px4_msgs/px4_msgs/msg/detail/camera_capture__builder.hpp\n'}
[6.352639] (px4_msgs) StdoutLine: {'line': b'-- Up-to-date symlink: /home/giromi/Repos/VTOL/ws_sensor_combined_src/install/px4_msgs/include/px4_msgs/px4_msgs/msg/detail/camera_capture__struct.hpp\n'}
[6.352780] (px4_msgs) StdoutLine: {'line': b'-- Up-to-date symlink: /home/giromi/Repos/VTOL/ws_sensor_combined_src/install/px4_msgs/include/px4_msgs/px4_msgs/msg/detail/camera_capture__traits.hpp\n'}
[6.352923] (px4_msgs) StdoutLine: {'line': b'-- Up-to-date symlink: /home/giromi/Repos/VTOL/ws_sensor_combined_src/install/px4_msgs/include/px4_msgs/px4_msgs/msg/detail/camera_status__builder.hpp\n'}
[6.353065] (px4_msgs) StdoutLine: {'line': b'-- Up-to-date symlink: /home/giromi/Repos/VTOL/ws_sensor_combined_src/install/px4_msgs/include/px4_msgs/px4_msgs/msg/detail/camera_status__struct.hpp\n'}
[6.353208] (px4_msgs) StdoutLine: {'line': b'-- Up-to-date symlink: /home/giromi/Repos/VTOL/ws_sensor_combined_src/install/px4_msgs/include/px4_msgs/px4_msgs/msg/detail/camera_status__traits.hpp\n'}
[6.353349] (px4_msgs) StdoutLine: {'line': b'-- Up-to-date symlink: /home/giromi/Repos/VTOL/ws_sensor_combined_src/install/px4_msgs/include/px4_msgs/px4_msgs/msg/detail/camera_trigger__builder.hpp\n'}
[6.353491] (px4_msgs) StdoutLine: {'line': b'-- Up-to-date symlink: /home/giromi/Repos/VTOL/ws_sensor_combined_src/install/px4_msgs/include/px4_msgs/px4_msgs/msg/detail/camera_trigger__struct.hpp\n'}
[6.353631] (px4_msgs) StdoutLine: {'line': b'-- Up-to-date symlink: /home/giromi/Repos/VTOL/ws_sensor_combined_src/install/px4_msgs/include/px4_msgs/px4_msgs/msg/detail/camera_trigger__traits.hpp\n'}
[6.353804] (px4_msgs) StdoutLine: {'line': b'-- Up-to-date symlink: /home/giromi/Repos/VTOL/ws_sensor_combined_src/install/px4_msgs/include/px4_msgs/px4_msgs/msg/detail/cellular_status__builder.hpp\n'}
[6.353985] (px4_msgs) StdoutLine: {'line': b'-- Up-to-date symlink: /home/giromi/Repos/VTOL/ws_sensor_combined_src/install/px4_msgs/include/px4_msgs/px4_msgs/msg/detail/cellular_status__struct.hpp\n'}
[6.354119] (px4_msgs) StdoutLine: {'line': b'-- Up-to-date symlink: /home/giromi/Repos/VTOL/ws_sensor_combined_src/install/px4_msgs/include/px4_msgs/px4_msgs/msg/detail/cellular_status__traits.hpp\n'}
[6.354263] (px4_msgs) StdoutLine: {'line': b'-- Up-to-date symlink: /home/giromi/Repos/VTOL/ws_sensor_combined_src/install/px4_msgs/include/px4_msgs/px4_msgs/msg/detail/collision_constraints__builder.hpp\n'}
[6.354406] (px4_msgs) StdoutLine: {'line': b'-- Up-to-date symlink: /home/giromi/Repos/VTOL/ws_sensor_combined_src/install/px4_msgs/include/px4_msgs/px4_msgs/msg/detail/collision_constraints__struct.hpp\n'}
[6.354603] (px4_msgs) StdoutLine: {'line': b'-- Up-to-date symlink: /home/giromi/Repos/VTOL/ws_sensor_combined_src/install/px4_msgs/include/px4_msgs/px4_msgs/msg/detail/collision_constraints__traits.hpp\n'}
[6.354827] (px4_msgs) StdoutLine: {'line': b'-- Up-to-date symlink: /home/giromi/Repos/VTOL/ws_sensor_combined_src/install/px4_msgs/include/px4_msgs/px4_msgs/msg/detail/collision_report__builder.hpp\n'}
[6.355000] (px4_msgs) StdoutLine: {'line': b'-- Up-to-date symlink: /home/giromi/Repos/VTOL/ws_sensor_combined_src/install/px4_msgs/include/px4_msgs/px4_msgs/msg/detail/collision_report__struct.hpp\n'}
[6.355174] (px4_msgs) StdoutLine: {'line': b'-- Up-to-date symlink: /home/giromi/Repos/VTOL/ws_sensor_combined_src/install/px4_msgs/include/px4_msgs/px4_msgs/msg/detail/collision_report__traits.hpp\n'}
[6.355369] (px4_msgs) StdoutLine: {'line': b'-- Up-to-date symlink: /home/giromi/Repos/VTOL/ws_sensor_combined_src/install/px4_msgs/include/px4_msgs/px4_msgs/msg/detail/config_overrides__builder.hpp\n'}
[6.355567] (px4_msgs) StdoutLine: {'line': b'-- Up-to-date symlink: /home/giromi/Repos/VTOL/ws_sensor_combined_src/install/px4_msgs/include/px4_msgs/px4_msgs/msg/detail/config_overrides__struct.hpp\n'}
[6.355716] (px4_msgs) StdoutLine: {'line': b'-- Up-to-date symlink: /home/giromi/Repos/VTOL/ws_sensor_combined_src/install/px4_msgs/include/px4_msgs/px4_msgs/msg/detail/config_overrides__traits.hpp\n'}
[6.355882] (px4_msgs) StdoutLine: {'line': b'-- Up-to-date symlink: /home/giromi/Repos/VTOL/ws_sensor_combined_src/install/px4_msgs/include/px4_msgs/px4_msgs/msg/detail/control_allocator_status__builder.hpp\n'}
[6.356018] (px4_msgs) StdoutLine: {'line': b'-- Up-to-date symlink: /home/giromi/Repos/VTOL/ws_sensor_combined_src/install/px4_msgs/include/px4_msgs/px4_msgs/msg/detail/control_allocator_status__struct.hpp\n'}
[6.356159] (px4_msgs) StdoutLine: {'line': b'-- Up-to-date symlink: /home/giromi/Repos/VTOL/ws_sensor_combined_src/install/px4_msgs/include/px4_msgs/px4_msgs/msg/detail/control_allocator_status__traits.hpp\n'}
[6.356310] (px4_msgs) StdoutLine: {'line': b'-- Up-to-date symlink: /home/giromi/Repos/VTOL/ws_sensor_combined_src/install/px4_msgs/include/px4_msgs/px4_msgs/msg/detail/cpuload__builder.hpp\n'}
[6.356484] (px4_msgs) StdoutLine: {'line': b'-- Up-to-date symlink: /home/giromi/Repos/VTOL/ws_sensor_combined_src/install/px4_msgs/include/px4_msgs/px4_msgs/msg/detail/cpuload__struct.hpp\n'}
[6.356649] (px4_msgs) StdoutLine: {'line': b'-- Up-to-date symlink: /home/giromi/Repos/VTOL/ws_sensor_combined_src/install/px4_msgs/include/px4_msgs/px4_msgs/msg/detail/cpuload__traits.hpp\n'}
[6.356783] (px4_msgs) StdoutLine: {'line': b'-- Up-to-date symlink: /home/giromi/Repos/VTOL/ws_sensor_combined_src/install/px4_msgs/include/px4_msgs/px4_msgs/msg/detail/dataman_request__builder.hpp\n'}
[6.356930] (px4_msgs) StdoutLine: {'line': b'-- Up-to-date symlink: /home/giromi/Repos/VTOL/ws_sensor_combined_src/install/px4_msgs/include/px4_msgs/px4_msgs/msg/detail/dataman_request__struct.hpp\n'}
[6.357070] (px4_msgs) StdoutLine: {'line': b'-- Up-to-date symlink: /home/giromi/Repos/VTOL/ws_sensor_combined_src/install/px4_msgs/include/px4_msgs/px4_msgs/msg/detail/dataman_request__traits.hpp\n'}
[6.357212] (px4_msgs) StdoutLine: {'line': b'-- Up-to-date symlink: /home/giromi/Repos/VTOL/ws_sensor_combined_src/install/px4_msgs/include/px4_msgs/px4_msgs/msg/detail/dataman_response__builder.hpp\n'}
[6.357352] (px4_msgs) StdoutLine: {'line': b'-- Up-to-date symlink: /home/giromi/Repos/VTOL/ws_sensor_combined_src/install/px4_msgs/include/px4_msgs/px4_msgs/msg/detail/dataman_response__struct.hpp\n'}
[6.357492] (px4_msgs) StdoutLine: {'line': b'-- Up-to-date symlink: /home/giromi/Repos/VTOL/ws_sensor_combined_src/install/px4_msgs/include/px4_msgs/px4_msgs/msg/detail/dataman_response__traits.hpp\n'}
[6.358156] (px4_msgs) StdoutLine: {'line': b'-- Up-to-date symlink: /home/giromi/Repos/VTOL/ws_sensor_combined_src/install/px4_msgs/include/px4_msgs/px4_msgs/msg/detail/debug_array__builder.hpp\n'}
[6.358219] (px4_msgs) StdoutLine: {'line': b'-- Up-to-date symlink: /home/giromi/Repos/VTOL/ws_sensor_combined_src/install/px4_msgs/include/px4_msgs/px4_msgs/msg/detail/debug_array__struct.hpp\n'}
[6.358293] (px4_msgs) StdoutLine: {'line': b'-- Up-to-date symlink: /home/giromi/Repos/VTOL/ws_sensor_combined_src/install/px4_msgs/include/px4_msgs/px4_msgs/msg/detail/debug_array__traits.hpp\n'}
[6.358364] (px4_msgs) StdoutLine: {'line': b'-- Up-to-date symlink: /home/giromi/Repos/VTOL/ws_sensor_combined_src/install/px4_msgs/include/px4_msgs/px4_msgs/msg/detail/debug_key_value__builder.hpp\n'}
[6.358442] (px4_msgs) StdoutLine: {'line': b'-- Up-to-date symlink: /home/giromi/Repos/VTOL/ws_sensor_combined_src/install/px4_msgs/include/px4_msgs/px4_msgs/msg/detail/debug_key_value__struct.hpp\n'}
[6.358530] (px4_msgs) StdoutLine: {'line': b'-- Up-to-date symlink: /home/giromi/Repos/VTOL/ws_sensor_combined_src/install/px4_msgs/include/px4_msgs/px4_msgs/msg/detail/debug_key_value__traits.hpp\n'}
[6.358704] (px4_msgs) StdoutLine: {'line': b'-- Up-to-date symlink: /home/giromi/Repos/VTOL/ws_sensor_combined_src/install/px4_msgs/include/px4_msgs/px4_msgs/msg/detail/debug_value__builder.hpp\n'}
[6.358840] (px4_msgs) StdoutLine: {'line': b'-- Up-to-date symlink: /home/giromi/Repos/VTOL/ws_sensor_combined_src/install/px4_msgs/include/px4_msgs/px4_msgs/msg/detail/debug_value__struct.hpp\n'}
[6.359023] (px4_msgs) StdoutLine: {'line': b'-- Up-to-date symlink: /home/giromi/Repos/VTOL/ws_sensor_combined_src/install/px4_msgs/include/px4_msgs/px4_msgs/msg/detail/debug_value__traits.hpp\n'}
[6.359231] (px4_msgs) StdoutLine: {'line': b'-- Up-to-date symlink: /home/giromi/Repos/VTOL/ws_sensor_combined_src/install/px4_msgs/include/px4_msgs/px4_msgs/msg/detail/debug_vect__builder.hpp\n'}
[6.359390] (px4_msgs) StdoutLine: {'line': b'-- Up-to-date symlink: /home/giromi/Repos/VTOL/ws_sensor_combined_src/install/px4_msgs/include/px4_msgs/px4_msgs/msg/detail/debug_vect__struct.hpp\n'}
[6.359547] (px4_msgs) StdoutLine: {'line': b'-- Up-to-date symlink: /home/giromi/Repos/VTOL/ws_sensor_combined_src/install/px4_msgs/include/px4_msgs/px4_msgs/msg/detail/debug_vect__traits.hpp\n'}
[6.359749] (px4_msgs) StdoutLine: {'line': b'-- Up-to-date symlink: /home/giromi/Repos/VTOL/ws_sensor_combined_src/install/px4_msgs/include/px4_msgs/px4_msgs/msg/detail/differential_drive_setpoint__builder.hpp\n'}
[6.359935] (px4_msgs) StdoutLine: {'line': b'-- Up-to-date symlink: /home/giromi/Repos/VTOL/ws_sensor_combined_src/install/px4_msgs/include/px4_msgs/px4_msgs/msg/detail/differential_drive_setpoint__struct.hpp\n'}
[6.360109] (px4_msgs) StdoutLine: {'line': b'-- Up-to-date symlink: /home/giromi/Repos/VTOL/ws_sensor_combined_src/install/px4_msgs/include/px4_msgs/px4_msgs/msg/detail/differential_drive_setpoint__traits.hpp\n'}
[6.360297] (px4_msgs) StdoutLine: {'line': b'-- Up-to-date symlink: /home/giromi/Repos/VTOL/ws_sensor_combined_src/install/px4_msgs/include/px4_msgs/px4_msgs/msg/detail/differential_pressure__builder.hpp\n'}
[6.360454] (px4_msgs) StdoutLine: {'line': b'-- Up-to-date symlink: /home/giromi/Repos/VTOL/ws_sensor_combined_src/install/px4_msgs/include/px4_msgs/px4_msgs/msg/detail/differential_pressure__struct.hpp\n'}
[6.360632] (px4_msgs) StdoutLine: {'line': b'-- Up-to-date symlink: /home/giromi/Repos/VTOL/ws_sensor_combined_src/install/px4_msgs/include/px4_msgs/px4_msgs/msg/detail/differential_pressure__traits.hpp\n'}
[6.360824] (px4_msgs) StdoutLine: {'line': b'-- Up-to-date symlink: /home/giromi/Repos/VTOL/ws_sensor_combined_src/install/px4_msgs/include/px4_msgs/px4_msgs/msg/detail/distance_sensor__builder.hpp\n'}
[6.360962] (px4_msgs) StdoutLine: {'line': b'-- Up-to-date symlink: /home/giromi/Repos/VTOL/ws_sensor_combined_src/install/px4_msgs/include/px4_msgs/px4_msgs/msg/detail/distance_sensor__struct.hpp\n'}
[6.361143] (px4_msgs) StdoutLine: {'line': b'-- Up-to-date symlink: /home/giromi/Repos/VTOL/ws_sensor_combined_src/install/px4_msgs/include/px4_msgs/px4_msgs/msg/detail/distance_sensor__traits.hpp\n'}
[6.361314] (px4_msgs) StdoutLine: {'line': b'-- Up-to-date symlink: /home/giromi/Repos/VTOL/ws_sensor_combined_src/install/px4_msgs/include/px4_msgs/px4_msgs/msg/detail/ekf2_timestamps__builder.hpp\n'}
[6.361471] (px4_msgs) StdoutLine: {'line': b'-- Up-to-date symlink: /home/giromi/Repos/VTOL/ws_sensor_combined_src/install/px4_msgs/include/px4_msgs/px4_msgs/msg/detail/ekf2_timestamps__struct.hpp\n'}
[6.361649] (px4_msgs) StdoutLine: {'line': b'-- Up-to-date symlink: /home/giromi/Repos/VTOL/ws_sensor_combined_src/install/px4_msgs/include/px4_msgs/px4_msgs/msg/detail/ekf2_timestamps__traits.hpp\n'}
[6.361853] (px4_msgs) StdoutLine: {'line': b'-- Up-to-date symlink: /home/giromi/Repos/VTOL/ws_sensor_combined_src/install/px4_msgs/include/px4_msgs/px4_msgs/msg/detail/esc_report__builder.hpp\n'}
[6.361964] (px4_msgs) StdoutLine: {'line': b'-- Up-to-date symlink: /home/giromi/Repos/VTOL/ws_sensor_combined_src/install/px4_msgs/include/px4_msgs/px4_msgs/msg/detail/esc_report__struct.hpp\n'}
[6.362101] (px4_msgs) StdoutLine: {'line': b'-- Up-to-date symlink: /home/giromi/Repos/VTOL/ws_sensor_combined_src/install/px4_msgs/include/px4_msgs/px4_msgs/msg/detail/esc_report__traits.hpp\n'}
[6.362250] (px4_msgs) StdoutLine: {'line': b'-- Up-to-date symlink: /home/giromi/Repos/VTOL/ws_sensor_combined_src/install/px4_msgs/include/px4_msgs/px4_msgs/msg/detail/esc_status__builder.hpp\n'}
[6.362393] (px4_msgs) StdoutLine: {'line': b'-- Up-to-date symlink: /home/giromi/Repos/VTOL/ws_sensor_combined_src/install/px4_msgs/include/px4_msgs/px4_msgs/msg/detail/esc_status__struct.hpp\n'}
[6.362639] (px4_msgs) StdoutLine: {'line': b'-- Up-to-date symlink: /home/giromi/Repos/VTOL/ws_sensor_combined_src/install/px4_msgs/include/px4_msgs/px4_msgs/msg/detail/esc_status__traits.hpp\n'}
[6.362810] (px4_msgs) StdoutLine: {'line': b'-- Up-to-date symlink: /home/giromi/Repos/VTOL/ws_sensor_combined_src/install/px4_msgs/include/px4_msgs/px4_msgs/msg/detail/estimator_aid_source1d__builder.hpp\n'}
[6.362950] (px4_msgs) StdoutLine: {'line': b'-- Up-to-date symlink: /home/giromi/Repos/VTOL/ws_sensor_combined_src/install/px4_msgs/include/px4_msgs/px4_msgs/msg/detail/estimator_aid_source1d__struct.hpp\n'}
[6.363126] (px4_msgs) StdoutLine: {'line': b'-- Up-to-date symlink: /home/giromi/Repos/VTOL/ws_sensor_combined_src/install/px4_msgs/include/px4_msgs/px4_msgs/msg/detail/estimator_aid_source1d__traits.hpp\n'}
[6.363329] (px4_msgs) StdoutLine: {'line': b'-- Up-to-date symlink: /home/giromi/Repos/VTOL/ws_sensor_combined_src/install/px4_msgs/include/px4_msgs/px4_msgs/msg/detail/estimator_aid_source2d__builder.hpp\n'}
[6.363479] (px4_msgs) StdoutLine: {'line': b'-- Up-to-date symlink: /home/giromi/Repos/VTOL/ws_sensor_combined_src/install/px4_msgs/include/px4_msgs/px4_msgs/msg/detail/estimator_aid_source2d__struct.hpp\n'}
[6.363575] (px4_msgs) StdoutLine: {'line': b'-- Up-to-date symlink: /home/giromi/Repos/VTOL/ws_sensor_combined_src/install/px4_msgs/include/px4_msgs/px4_msgs/msg/detail/estimator_aid_source2d__traits.hpp\n'}
[6.363716] (px4_msgs) StdoutLine: {'line': b'-- Up-to-date symlink: /home/giromi/Repos/VTOL/ws_sensor_combined_src/install/px4_msgs/include/px4_msgs/px4_msgs/msg/detail/estimator_aid_source3d__builder.hpp\n'}
[6.363857] (px4_msgs) StdoutLine: {'line': b'-- Up-to-date symlink: /home/giromi/Repos/VTOL/ws_sensor_combined_src/install/px4_msgs/include/px4_msgs/px4_msgs/msg/detail/estimator_aid_source3d__struct.hpp\n'}
[6.363998] (px4_msgs) StdoutLine: {'line': b'-- Up-to-date symlink: /home/giromi/Repos/VTOL/ws_sensor_combined_src/install/px4_msgs/include/px4_msgs/px4_msgs/msg/detail/estimator_aid_source3d__traits.hpp\n'}
[6.364189] (px4_msgs) StdoutLine: {'line': b'-- Up-to-date symlink: /home/giromi/Repos/VTOL/ws_sensor_combined_src/install/px4_msgs/include/px4_msgs/px4_msgs/msg/detail/estimator_bias3d__builder.hpp\n'}
[6.364390] (px4_msgs) StdoutLine: {'line': b'-- Up-to-date symlink: /home/giromi/Repos/VTOL/ws_sensor_combined_src/install/px4_msgs/include/px4_msgs/px4_msgs/msg/detail/estimator_bias3d__struct.hpp\n'}
[6.364516] (px4_msgs) StdoutLine: {'line': b'-- Up-to-date symlink: /home/giromi/Repos/VTOL/ws_sensor_combined_src/install/px4_msgs/include/px4_msgs/px4_msgs/msg/detail/estimator_bias3d__traits.hpp\n'}
[6.364692] (px4_msgs) StdoutLine: {'line': b'-- Up-to-date symlink: /home/giromi/Repos/VTOL/ws_sensor_combined_src/install/px4_msgs/include/px4_msgs/px4_msgs/msg/detail/estimator_bias__builder.hpp\n'}
[6.364881] (px4_msgs) StdoutLine: {'line': b'-- Up-to-date symlink: /home/giromi/Repos/VTOL/ws_sensor_combined_src/install/px4_msgs/include/px4_msgs/px4_msgs/msg/detail/estimator_bias__struct.hpp\n'}
[6.365019] (px4_msgs) StdoutLine: {'line': b'-- Up-to-date symlink: /home/giromi/Repos/VTOL/ws_sensor_combined_src/install/px4_msgs/include/px4_msgs/px4_msgs/msg/detail/estimator_bias__traits.hpp\n'}
[6.365153] (px4_msgs) StdoutLine: {'line': b'-- Up-to-date symlink: /home/giromi/Repos/VTOL/ws_sensor_combined_src/install/px4_msgs/include/px4_msgs/px4_msgs/msg/detail/estimator_event_flags__builder.hpp\n'}
[6.365332] (px4_msgs) StdoutLine: {'line': b'-- Up-to-date symlink: /home/giromi/Repos/VTOL/ws_sensor_combined_src/install/px4_msgs/include/px4_msgs/px4_msgs/msg/detail/estimator_event_flags__struct.hpp\n'}
[6.365475] (px4_msgs) StdoutLine: {'line': b'-- Up-to-date symlink: /home/giromi/Repos/VTOL/ws_sensor_combined_src/install/px4_msgs/include/px4_msgs/px4_msgs/msg/detail/estimator_event_flags__traits.hpp\n'}
[6.365664] (px4_msgs) StdoutLine: {'line': b'-- Up-to-date symlink: /home/giromi/Repos/VTOL/ws_sensor_combined_src/install/px4_msgs/include/px4_msgs/px4_msgs/msg/detail/estimator_gps_status__builder.hpp\n'}
[6.365855] (px4_msgs) StdoutLine: {'line': b'-- Up-to-date symlink: /home/giromi/Repos/VTOL/ws_sensor_combined_src/install/px4_msgs/include/px4_msgs/px4_msgs/msg/detail/estimator_gps_status__struct.hpp\n'}
[6.366023] (px4_msgs) StdoutLine: {'line': b'-- Up-to-date symlink: /home/giromi/Repos/VTOL/ws_sensor_combined_src/install/px4_msgs/include/px4_msgs/px4_msgs/msg/detail/estimator_gps_status__traits.hpp\n'}
[6.366159] (px4_msgs) StdoutLine: {'line': b'-- Up-to-date symlink: /home/giromi/Repos/VTOL/ws_sensor_combined_src/install/px4_msgs/include/px4_msgs/px4_msgs/msg/detail/estimator_innovations__builder.hpp\n'}
[6.366310] (px4_msgs) StdoutLine: {'line': b'-- Up-to-date symlink: /home/giromi/Repos/VTOL/ws_sensor_combined_src/install/px4_msgs/include/px4_msgs/px4_msgs/msg/detail/estimator_innovations__struct.hpp\n'}
[6.366461] (px4_msgs) StdoutLine: {'line': b'-- Up-to-date symlink: /home/giromi/Repos/VTOL/ws_sensor_combined_src/install/px4_msgs/include/px4_msgs/px4_msgs/msg/detail/estimator_innovations__traits.hpp\n'}
[6.366678] (px4_msgs) StdoutLine: {'line': b'-- Up-to-date symlink: /home/giromi/Repos/VTOL/ws_sensor_combined_src/install/px4_msgs/include/px4_msgs/px4_msgs/msg/detail/estimator_selector_status__builder.hpp\n'}
[6.366849] (px4_msgs) StdoutLine: {'line': b'-- Up-to-date symlink: /home/giromi/Repos/VTOL/ws_sensor_combined_src/install/px4_msgs/include/px4_msgs/px4_msgs/msg/detail/estimator_selector_status__struct.hpp\n'}
[6.367017] (px4_msgs) StdoutLine: {'line': b'-- Up-to-date symlink: /home/giromi/Repos/VTOL/ws_sensor_combined_src/install/px4_msgs/include/px4_msgs/px4_msgs/msg/detail/estimator_selector_status__traits.hpp\n'}
[6.367177] (px4_msgs) StdoutLine: {'line': b'-- Up-to-date symlink: /home/giromi/Repos/VTOL/ws_sensor_combined_src/install/px4_msgs/include/px4_msgs/px4_msgs/msg/detail/estimator_sensor_bias__builder.hpp\n'}
[6.367348] (px4_msgs) StdoutLine: {'line': b'-- Up-to-date symlink: /home/giromi/Repos/VTOL/ws_sensor_combined_src/install/px4_msgs/include/px4_msgs/px4_msgs/msg/detail/estimator_sensor_bias__struct.hpp\n'}
[6.367517] (px4_msgs) StdoutLine: {'line': b'-- Up-to-date symlink: /home/giromi/Repos/VTOL/ws_sensor_combined_src/install/px4_msgs/include/px4_msgs/px4_msgs/msg/detail/estimator_sensor_bias__traits.hpp\n'}
[6.367671] (px4_msgs) StdoutLine: {'line': b'-- Up-to-date symlink: /home/giromi/Repos/VTOL/ws_sensor_combined_src/install/px4_msgs/include/px4_msgs/px4_msgs/msg/detail/estimator_states__builder.hpp\n'}
[6.367814] (px4_msgs) StdoutLine: {'line': b'-- Up-to-date symlink: /home/giromi/Repos/VTOL/ws_sensor_combined_src/install/px4_msgs/include/px4_msgs/px4_msgs/msg/detail/estimator_states__struct.hpp\n'}
[6.367949] (px4_msgs) StdoutLine: {'line': b'-- Up-to-date symlink: /home/giromi/Repos/VTOL/ws_sensor_combined_src/install/px4_msgs/include/px4_msgs/px4_msgs/msg/detail/estimator_states__traits.hpp\n'}
[6.368091] (px4_msgs) StdoutLine: {'line': b'-- Up-to-date symlink: /home/giromi/Repos/VTOL/ws_sensor_combined_src/install/px4_msgs/include/px4_msgs/px4_msgs/msg/detail/estimator_status__builder.hpp\n'}
[6.368246] (px4_msgs) StdoutLine: {'line': b'-- Up-to-date symlink: /home/giromi/Repos/VTOL/ws_sensor_combined_src/install/px4_msgs/include/px4_msgs/px4_msgs/msg/detail/estimator_status__struct.hpp\n'}
[6.368416] (px4_msgs) StdoutLine: {'line': b'-- Up-to-date symlink: /home/giromi/Repos/VTOL/ws_sensor_combined_src/install/px4_msgs/include/px4_msgs/px4_msgs/msg/detail/estimator_status__traits.hpp\n'}
[6.368583] (px4_msgs) StdoutLine: {'line': b'-- Up-to-date symlink: /home/giromi/Repos/VTOL/ws_sensor_combined_src/install/px4_msgs/include/px4_msgs/px4_msgs/msg/detail/estimator_status_flags__builder.hpp\n'}
[6.368780] (px4_msgs) StdoutLine: {'line': b'-- Up-to-date symlink: /home/giromi/Repos/VTOL/ws_sensor_combined_src/install/px4_msgs/include/px4_msgs/px4_msgs/msg/detail/estimator_status_flags__struct.hpp\n'}
[6.368950] (px4_msgs) StdoutLine: {'line': b'-- Up-to-date symlink: /home/giromi/Repos/VTOL/ws_sensor_combined_src/install/px4_msgs/include/px4_msgs/px4_msgs/msg/detail/estimator_status_flags__traits.hpp\n'}
[6.369103] (px4_msgs) StdoutLine: {'line': b'-- Up-to-date symlink: /home/giromi/Repos/VTOL/ws_sensor_combined_src/install/px4_msgs/include/px4_msgs/px4_msgs/msg/detail/event__builder.hpp\n'}
[6.369251] (px4_msgs) StdoutLine: {'line': b'-- Up-to-date symlink: /home/giromi/Repos/VTOL/ws_sensor_combined_src/install/px4_msgs/include/px4_msgs/px4_msgs/msg/detail/event__struct.hpp\n'}
[6.369417] (px4_msgs) StdoutLine: {'line': b'-- Up-to-date symlink: /home/giromi/Repos/VTOL/ws_sensor_combined_src/install/px4_msgs/include/px4_msgs/px4_msgs/msg/detail/event__traits.hpp\n'}
[6.369599] (px4_msgs) StdoutLine: {'line': b'-- Up-to-date symlink: /home/giromi/Repos/VTOL/ws_sensor_combined_src/install/px4_msgs/include/px4_msgs/px4_msgs/msg/detail/failsafe_flags__builder.hpp\n'}
[6.369752] (px4_msgs) StdoutLine: {'line': b'-- Up-to-date symlink: /home/giromi/Repos/VTOL/ws_sensor_combined_src/install/px4_msgs/include/px4_msgs/px4_msgs/msg/detail/failsafe_flags__struct.hpp\n'}
[6.369983] (px4_msgs) StdoutLine: {'line': b'-- Up-to-date symlink: /home/giromi/Repos/VTOL/ws_sensor_combined_src/install/px4_msgs/include/px4_msgs/px4_msgs/msg/detail/failsafe_flags__traits.hpp\n'}
[6.370113] (px4_msgs) StdoutLine: {'line': b'-- Up-to-date symlink: /home/giromi/Repos/VTOL/ws_sensor_combined_src/install/px4_msgs/include/px4_msgs/px4_msgs/msg/detail/failure_detector_status__builder.hpp\n'}
[6.370266] (px4_msgs) StdoutLine: {'line': b'-- Up-to-date symlink: /home/giromi/Repos/VTOL/ws_sensor_combined_src/install/px4_msgs/include/px4_msgs/px4_msgs/msg/detail/failure_detector_status__struct.hpp\n'}
[6.370417] (px4_msgs) StdoutLine: {'line': b'-- Up-to-date symlink: /home/giromi/Repos/VTOL/ws_sensor_combined_src/install/px4_msgs/include/px4_msgs/px4_msgs/msg/detail/failure_detector_status__traits.hpp\n'}
[6.370625] (px4_msgs) StdoutLine: {'line': b'-- Up-to-date symlink: /home/giromi/Repos/VTOL/ws_sensor_combined_src/install/px4_msgs/include/px4_msgs/px4_msgs/msg/detail/figure_eight_status__builder.hpp\n'}
[6.370768] (px4_msgs) StdoutLine: {'line': b'-- Up-to-date symlink: /home/giromi/Repos/VTOL/ws_sensor_combined_src/install/px4_msgs/include/px4_msgs/px4_msgs/msg/detail/figure_eight_status__struct.hpp\n'}
[6.370948] (px4_msgs) StdoutLine: {'line': b'-- Up-to-date symlink: /home/giromi/Repos/VTOL/ws_sensor_combined_src/install/px4_msgs/include/px4_msgs/px4_msgs/msg/detail/figure_eight_status__traits.hpp\n'}
[6.371140] (px4_msgs) StdoutLine: {'line': b'-- Up-to-date symlink: /home/giromi/Repos/VTOL/ws_sensor_combined_src/install/px4_msgs/include/px4_msgs/px4_msgs/msg/detail/follow_target__builder.hpp\n'}
[6.371308] (px4_msgs) StdoutLine: {'line': b'-- Up-to-date symlink: /home/giromi/Repos/VTOL/ws_sensor_combined_src/install/px4_msgs/include/px4_msgs/px4_msgs/msg/detail/follow_target__struct.hpp\n'}
[6.371468] (px4_msgs) StdoutLine: {'line': b'-- Up-to-date symlink: /home/giromi/Repos/VTOL/ws_sensor_combined_src/install/px4_msgs/include/px4_msgs/px4_msgs/msg/detail/follow_target__traits.hpp\n'}
[6.371639] (px4_msgs) StdoutLine: {'line': b'-- Up-to-date symlink: /home/giromi/Repos/VTOL/ws_sensor_combined_src/install/px4_msgs/include/px4_msgs/px4_msgs/msg/detail/follow_target_estimator__builder.hpp\n'}
[6.371790] (px4_msgs) StdoutLine: {'line': b'-- Up-to-date symlink: /home/giromi/Repos/VTOL/ws_sensor_combined_src/install/px4_msgs/include/px4_msgs/px4_msgs/msg/detail/follow_target_estimator__struct.hpp\n'}
[6.371896] (px4_msgs) StdoutLine: {'line': b'-- Up-to-date symlink: /home/giromi/Repos/VTOL/ws_sensor_combined_src/install/px4_msgs/include/px4_msgs/px4_msgs/msg/detail/follow_target_estimator__traits.hpp\n'}
[6.372083] (px4_msgs) StdoutLine: {'line': b'-- Up-to-date symlink: /home/giromi/Repos/VTOL/ws_sensor_combined_src/install/px4_msgs/include/px4_msgs/px4_msgs/msg/detail/follow_target_status__builder.hpp\n'}
[6.372219] (px4_msgs) StdoutLine: {'line': b'-- Up-to-date symlink: /home/giromi/Repos/VTOL/ws_sensor_combined_src/install/px4_msgs/include/px4_msgs/px4_msgs/msg/detail/follow_target_status__struct.hpp\n'}
[6.372418] (px4_msgs) StdoutLine: {'line': b'-- Up-to-date symlink: /home/giromi/Repos/VTOL/ws_sensor_combined_src/install/px4_msgs/include/px4_msgs/px4_msgs/msg/detail/follow_target_status__traits.hpp\n'}
[6.372605] (px4_msgs) StdoutLine: {'line': b'-- Up-to-date symlink: /home/giromi/Repos/VTOL/ws_sensor_combined_src/install/px4_msgs/include/px4_msgs/px4_msgs/msg/detail/generator_status__builder.hpp\n'}
[6.372775] (px4_msgs) StdoutLine: {'line': b'-- Up-to-date symlink: /home/giromi/Repos/VTOL/ws_sensor_combined_src/install/px4_msgs/include/px4_msgs/px4_msgs/msg/detail/generator_status__struct.hpp\n'}
[6.372926] (px4_msgs) StdoutLine: {'line': b'-- Up-to-date symlink: /home/giromi/Repos/VTOL/ws_sensor_combined_src/install/px4_msgs/include/px4_msgs/px4_msgs/msg/detail/generator_status__traits.hpp\n'}
[6.373049] (px4_msgs) StdoutLine: {'line': b'-- Up-to-date symlink: /home/giromi/Repos/VTOL/ws_sensor_combined_src/install/px4_msgs/include/px4_msgs/px4_msgs/msg/detail/geofence_result__builder.hpp\n'}
[6.373180] (px4_msgs) StdoutLine: {'line': b'-- Up-to-date symlink: /home/giromi/Repos/VTOL/ws_sensor_combined_src/install/px4_msgs/include/px4_msgs/px4_msgs/msg/detail/geofence_result__struct.hpp\n'}
[6.373329] (px4_msgs) StdoutLine: {'line': b'-- Up-to-date symlink: /home/giromi/Repos/VTOL/ws_sensor_combined_src/install/px4_msgs/include/px4_msgs/px4_msgs/msg/detail/geofence_result__traits.hpp\n'}
[6.373465] (px4_msgs) StdoutLine: {'line': b'-- Up-to-date symlink: /home/giromi/Repos/VTOL/ws_sensor_combined_src/install/px4_msgs/include/px4_msgs/px4_msgs/msg/detail/gimbal_controls__builder.hpp\n'}
[6.373605] (px4_msgs) StdoutLine: {'line': b'-- Up-to-date symlink: /home/giromi/Repos/VTOL/ws_sensor_combined_src/install/px4_msgs/include/px4_msgs/px4_msgs/msg/detail/gimbal_controls__struct.hpp\n'}
[6.373749] (px4_msgs) StdoutLine: {'line': b'-- Up-to-date symlink: /home/giromi/Repos/VTOL/ws_sensor_combined_src/install/px4_msgs/include/px4_msgs/px4_msgs/msg/detail/gimbal_controls__traits.hpp\n'}
[6.373906] (px4_msgs) StdoutLine: {'line': b'-- Up-to-date symlink: /home/giromi/Repos/VTOL/ws_sensor_combined_src/install/px4_msgs/include/px4_msgs/px4_msgs/msg/detail/gimbal_device_attitude_status__builder.hpp\n'}
[6.374076] (px4_msgs) StdoutLine: {'line': b'-- Up-to-date symlink: /home/giromi/Repos/VTOL/ws_sensor_combined_src/install/px4_msgs/include/px4_msgs/px4_msgs/msg/detail/gimbal_device_attitude_status__struct.hpp\n'}
[6.374272] (px4_msgs) StdoutLine: {'line': b'-- Up-to-date symlink: /home/giromi/Repos/VTOL/ws_sensor_combined_src/install/px4_msgs/include/px4_msgs/px4_msgs/msg/detail/gimbal_device_attitude_status__traits.hpp\n'}
[6.374393] (px4_msgs) StdoutLine: {'line': b'-- Up-to-date symlink: /home/giromi/Repos/VTOL/ws_sensor_combined_src/install/px4_msgs/include/px4_msgs/px4_msgs/msg/detail/gimbal_device_information__builder.hpp\n'}
[6.374648] (px4_msgs) StdoutLine: {'line': b'-- Up-to-date symlink: /home/giromi/Repos/VTOL/ws_sensor_combined_src/install/px4_msgs/include/px4_msgs/px4_msgs/msg/detail/gimbal_device_information__struct.hpp\n'}
[6.374804] (px4_msgs) StdoutLine: {'line': b'-- Up-to-date symlink: /home/giromi/Repos/VTOL/ws_sensor_combined_src/install/px4_msgs/include/px4_msgs/px4_msgs/msg/detail/gimbal_device_information__traits.hpp\n'}
[6.374911] (px4_msgs) StdoutLine: {'line': b'-- Up-to-date symlink: /home/giromi/Repos/VTOL/ws_sensor_combined_src/install/px4_msgs/include/px4_msgs/px4_msgs/msg/detail/gimbal_device_set_attitude__builder.hpp\n'}
[6.375053] (px4_msgs) StdoutLine: {'line': b'-- Up-to-date symlink: /home/giromi/Repos/VTOL/ws_sensor_combined_src/install/px4_msgs/include/px4_msgs/px4_msgs/msg/detail/gimbal_device_set_attitude__struct.hpp\n'}
[6.375208] (px4_msgs) StdoutLine: {'line': b'-- Up-to-date symlink: /home/giromi/Repos/VTOL/ws_sensor_combined_src/install/px4_msgs/include/px4_msgs/px4_msgs/msg/detail/gimbal_device_set_attitude__traits.hpp\n'}
[6.375376] (px4_msgs) StdoutLine: {'line': b'-- Up-to-date symlink: /home/giromi/Repos/VTOL/ws_sensor_combined_src/install/px4_msgs/include/px4_msgs/px4_msgs/msg/detail/gimbal_manager_information__builder.hpp\n'}
[6.375539] (px4_msgs) StdoutLine: {'line': b'-- Up-to-date symlink: /home/giromi/Repos/VTOL/ws_sensor_combined_src/install/px4_msgs/include/px4_msgs/px4_msgs/msg/detail/gimbal_manager_information__struct.hpp\n'}
[6.375723] (px4_msgs) StdoutLine: {'line': b'-- Up-to-date symlink: /home/giromi/Repos/VTOL/ws_sensor_combined_src/install/px4_msgs/include/px4_msgs/px4_msgs/msg/detail/gimbal_manager_information__traits.hpp\n'}
[6.375826] (px4_msgs) StdoutLine: {'line': b'-- Up-to-date symlink: /home/giromi/Repos/VTOL/ws_sensor_combined_src/install/px4_msgs/include/px4_msgs/px4_msgs/msg/detail/gimbal_manager_set_attitude__builder.hpp\n'}
[6.375979] (px4_msgs) StdoutLine: {'line': b'-- Up-to-date symlink: /home/giromi/Repos/VTOL/ws_sensor_combined_src/install/px4_msgs/include/px4_msgs/px4_msgs/msg/detail/gimbal_manager_set_attitude__struct.hpp\n'}
[6.376179] (px4_msgs) StdoutLine: {'line': b'-- Up-to-date symlink: /home/giromi/Repos/VTOL/ws_sensor_combined_src/install/px4_msgs/include/px4_msgs/px4_msgs/msg/detail/gimbal_manager_set_attitude__traits.hpp\n'}
[6.376412] (px4_msgs) StdoutLine: {'line': b'-- Up-to-date symlink: /home/giromi/Repos/VTOL/ws_sensor_combined_src/install/px4_msgs/include/px4_msgs/px4_msgs/msg/detail/gimbal_manager_set_manual_control__builder.hpp\n'}
[6.376525] (px4_msgs) StdoutLine: {'line': b'-- Up-to-date symlink: /home/giromi/Repos/VTOL/ws_sensor_combined_src/install/px4_msgs/include/px4_msgs/px4_msgs/msg/detail/gimbal_manager_set_manual_control__struct.hpp\n'}
[6.376780] (px4_msgs) StdoutLine: {'line': b'-- Up-to-date symlink: /home/giromi/Repos/VTOL/ws_sensor_combined_src/install/px4_msgs/include/px4_msgs/px4_msgs/msg/detail/gimbal_manager_set_manual_control__traits.hpp\n'}
[6.376970] (px4_msgs) StdoutLine: {'line': b'-- Up-to-date symlink: /home/giromi/Repos/VTOL/ws_sensor_combined_src/install/px4_msgs/include/px4_msgs/px4_msgs/msg/detail/gimbal_manager_status__builder.hpp\n'}
[6.377112] (px4_msgs) StdoutLine: {'line': b'-- Up-to-date symlink: /home/giromi/Repos/VTOL/ws_sensor_combined_src/install/px4_msgs/include/px4_msgs/px4_msgs/msg/detail/gimbal_manager_status__struct.hpp\n'}
[6.377278] (px4_msgs) StdoutLine: {'line': b'-- Up-to-date symlink: /home/giromi/Repos/VTOL/ws_sensor_combined_src/install/px4_msgs/include/px4_msgs/px4_msgs/msg/detail/gimbal_manager_status__traits.hpp\n'}
[6.377448] (px4_msgs) StdoutLine: {'line': b'-- Up-to-date symlink: /home/giromi/Repos/VTOL/ws_sensor_combined_src/install/px4_msgs/include/px4_msgs/px4_msgs/msg/detail/goto_setpoint__builder.hpp\n'}
[6.377615] (px4_msgs) StdoutLine: {'line': b'-- Up-to-date symlink: /home/giromi/Repos/VTOL/ws_sensor_combined_src/install/px4_msgs/include/px4_msgs/px4_msgs/msg/detail/goto_setpoint__struct.hpp\n'}
[6.377812] (px4_msgs) StdoutLine: {'line': b'-- Up-to-date symlink: /home/giromi/Repos/VTOL/ws_sensor_combined_src/install/px4_msgs/include/px4_msgs/px4_msgs/msg/detail/goto_setpoint__traits.hpp\n'}
[6.377974] (px4_msgs) StdoutLine: {'line': b'-- Up-to-date symlink: /home/giromi/Repos/VTOL/ws_sensor_combined_src/install/px4_msgs/include/px4_msgs/px4_msgs/msg/detail/gpio_config__builder.hpp\n'}
[6.378131] (px4_msgs) StdoutLine: {'line': b'-- Up-to-date symlink: /home/giromi/Repos/VTOL/ws_sensor_combined_src/install/px4_msgs/include/px4_msgs/px4_msgs/msg/detail/gpio_config__struct.hpp\n'}
[6.378294] (px4_msgs) StdoutLine: {'line': b'-- Up-to-date symlink: /home/giromi/Repos/VTOL/ws_sensor_combined_src/install/px4_msgs/include/px4_msgs/px4_msgs/msg/detail/gpio_config__traits.hpp\n'}
[6.378447] (px4_msgs) StdoutLine: {'line': b'-- Up-to-date symlink: /home/giromi/Repos/VTOL/ws_sensor_combined_src/install/px4_msgs/include/px4_msgs/px4_msgs/msg/detail/gpio_in__builder.hpp\n'}
[6.378664] (px4_msgs) StdoutLine: {'line': b'-- Up-to-date symlink: /home/giromi/Repos/VTOL/ws_sensor_combined_src/install/px4_msgs/include/px4_msgs/px4_msgs/msg/detail/gpio_in__struct.hpp\n'}
[6.378817] (px4_msgs) StdoutLine: {'line': b'-- Up-to-date symlink: /home/giromi/Repos/VTOL/ws_sensor_combined_src/install/px4_msgs/include/px4_msgs/px4_msgs/msg/detail/gpio_in__traits.hpp\n'}
[6.378957] (px4_msgs) StdoutLine: {'line': b'-- Up-to-date symlink: /home/giromi/Repos/VTOL/ws_sensor_combined_src/install/px4_msgs/include/px4_msgs/px4_msgs/msg/detail/gpio_out__builder.hpp\n'}
[6.379112] (px4_msgs) StdoutLine: {'line': b'-- Up-to-date symlink: /home/giromi/Repos/VTOL/ws_sensor_combined_src/install/px4_msgs/include/px4_msgs/px4_msgs/msg/detail/gpio_out__struct.hpp\n'}
[6.379289] (px4_msgs) StdoutLine: {'line': b'-- Up-to-date symlink: /home/giromi/Repos/VTOL/ws_sensor_combined_src/install/px4_msgs/include/px4_msgs/px4_msgs/msg/detail/gpio_out__traits.hpp\n'}
[6.379430] (px4_msgs) StdoutLine: {'line': b'-- Up-to-date symlink: /home/giromi/Repos/VTOL/ws_sensor_combined_src/install/px4_msgs/include/px4_msgs/px4_msgs/msg/detail/gpio_request__builder.hpp\n'}
[6.379609] (px4_msgs) StdoutLine: {'line': b'-- Up-to-date symlink: /home/giromi/Repos/VTOL/ws_sensor_combined_src/install/px4_msgs/include/px4_msgs/px4_msgs/msg/detail/gpio_request__struct.hpp\n'}
[6.379787] (px4_msgs) StdoutLine: {'line': b'-- Up-to-date symlink: /home/giromi/Repos/VTOL/ws_sensor_combined_src/install/px4_msgs/include/px4_msgs/px4_msgs/msg/detail/gpio_request__traits.hpp\n'}
[6.379895] (px4_msgs) StdoutLine: {'line': b'-- Up-to-date symlink: /home/giromi/Repos/VTOL/ws_sensor_combined_src/install/px4_msgs/include/px4_msgs/px4_msgs/msg/detail/gps_dump__builder.hpp\n'}
[6.380038] (px4_msgs) StdoutLine: {'line': b'-- Up-to-date symlink: /home/giromi/Repos/VTOL/ws_sensor_combined_src/install/px4_msgs/include/px4_msgs/px4_msgs/msg/detail/gps_dump__struct.hpp\n'}
[6.380192] (px4_msgs) StdoutLine: {'line': b'-- Up-to-date symlink: /home/giromi/Repos/VTOL/ws_sensor_combined_src/install/px4_msgs/include/px4_msgs/px4_msgs/msg/detail/gps_dump__traits.hpp\n'}
[6.380365] (px4_msgs) StdoutLine: {'line': b'-- Up-to-date symlink: /home/giromi/Repos/VTOL/ws_sensor_combined_src/install/px4_msgs/include/px4_msgs/px4_msgs/msg/detail/gps_inject_data__builder.hpp\n'}
[6.380533] (px4_msgs) StdoutLine: {'line': b'-- Up-to-date symlink: /home/giromi/Repos/VTOL/ws_sensor_combined_src/install/px4_msgs/include/px4_msgs/px4_msgs/msg/detail/gps_inject_data__struct.hpp\n'}
[6.380725] (px4_msgs) StdoutLine: {'line': b'-- Up-to-date symlink: /home/giromi/Repos/VTOL/ws_sensor_combined_src/install/px4_msgs/include/px4_msgs/px4_msgs/msg/detail/gps_inject_data__traits.hpp\n'}
[6.380865] (px4_msgs) StdoutLine: {'line': b'-- Up-to-date symlink: /home/giromi/Repos/VTOL/ws_sensor_combined_src/install/px4_msgs/include/px4_msgs/px4_msgs/msg/detail/gripper__builder.hpp\n'}
[6.381061] (px4_msgs) StdoutLine: {'line': b'-- Up-to-date symlink: /home/giromi/Repos/VTOL/ws_sensor_combined_src/install/px4_msgs/include/px4_msgs/px4_msgs/msg/detail/gripper__struct.hpp\n'}
[6.381226] (px4_msgs) StdoutLine: {'line': b'-- Up-to-date symlink: /home/giromi/Repos/VTOL/ws_sensor_combined_src/install/px4_msgs/include/px4_msgs/px4_msgs/msg/detail/gripper__traits.hpp\n'}
[6.381381] (px4_msgs) StdoutLine: {'line': b'-- Up-to-date symlink: /home/giromi/Repos/VTOL/ws_sensor_combined_src/install/px4_msgs/include/px4_msgs/px4_msgs/msg/detail/health_report__builder.hpp\n'}
[6.381530] (px4_msgs) StdoutLine: {'line': b'-- Up-to-date symlink: /home/giromi/Repos/VTOL/ws_sensor_combined_src/install/px4_msgs/include/px4_msgs/px4_msgs/msg/detail/health_report__struct.hpp\n'}
[6.381671] (px4_msgs) StdoutLine: {'line': b'-- Up-to-date symlink: /home/giromi/Repos/VTOL/ws_sensor_combined_src/install/px4_msgs/include/px4_msgs/px4_msgs/msg/detail/health_report__traits.hpp\n'}
[6.381886] (px4_msgs) StdoutLine: {'line': b'-- Up-to-date symlink: /home/giromi/Repos/VTOL/ws_sensor_combined_src/install/px4_msgs/include/px4_msgs/px4_msgs/msg/detail/heater_status__builder.hpp\n'}
[6.382095] (px4_msgs) StdoutLine: {'line': b'-- Up-to-date symlink: /home/giromi/Repos/VTOL/ws_sensor_combined_src/install/px4_msgs/include/px4_msgs/px4_msgs/msg/detail/heater_status__struct.hpp\n'}
[6.382222] (px4_msgs) StdoutLine: {'line': b'-- Up-to-date symlink: /home/giromi/Repos/VTOL/ws_sensor_combined_src/install/px4_msgs/include/px4_msgs/px4_msgs/msg/detail/heater_status__traits.hpp\n'}
[6.382352] (px4_msgs) StdoutLine: {'line': b'-- Up-to-date symlink: /home/giromi/Repos/VTOL/ws_sensor_combined_src/install/px4_msgs/include/px4_msgs/px4_msgs/msg/detail/home_position__builder.hpp\n'}
[6.382511] (px4_msgs) StdoutLine: {'line': b'-- Up-to-date symlink: /home/giromi/Repos/VTOL/ws_sensor_combined_src/install/px4_msgs/include/px4_msgs/px4_msgs/msg/detail/home_position__struct.hpp\n'}
[6.382688] (px4_msgs) StdoutLine: {'line': b'-- Up-to-date symlink: /home/giromi/Repos/VTOL/ws_sensor_combined_src/install/px4_msgs/include/px4_msgs/px4_msgs/msg/detail/home_position__traits.hpp\n'}
[6.382832] (px4_msgs) StdoutLine: {'line': b'-- Up-to-date symlink: /home/giromi/Repos/VTOL/ws_sensor_combined_src/install/px4_msgs/include/px4_msgs/px4_msgs/msg/detail/hover_thrust_estimate__builder.hpp\n'}
[6.382949] (px4_msgs) StdoutLine: {'line': b'-- Up-to-date symlink: /home/giromi/Repos/VTOL/ws_sensor_combined_src/install/px4_msgs/include/px4_msgs/px4_msgs/msg/detail/hover_thrust_estimate__struct.hpp\n'}
[6.383083] (px4_msgs) StdoutLine: {'line': b'-- Up-to-date symlink: /home/giromi/Repos/VTOL/ws_sensor_combined_src/install/px4_msgs/include/px4_msgs/px4_msgs/msg/detail/hover_thrust_estimate__traits.hpp\n'}
[6.383225] (px4_msgs) StdoutLine: {'line': b'-- Up-to-date symlink: /home/giromi/Repos/VTOL/ws_sensor_combined_src/install/px4_msgs/include/px4_msgs/px4_msgs/msg/detail/input_rc__builder.hpp\n'}
[6.383367] (px4_msgs) StdoutLine: {'line': b'-- Up-to-date symlink: /home/giromi/Repos/VTOL/ws_sensor_combined_src/install/px4_msgs/include/px4_msgs/px4_msgs/msg/detail/input_rc__struct.hpp\n'}
[6.383491] (px4_msgs) StdoutLine: {'line': b'-- Up-to-date symlink: /home/giromi/Repos/VTOL/ws_sensor_combined_src/install/px4_msgs/include/px4_msgs/px4_msgs/msg/detail/input_rc__traits.hpp\n'}
[6.383651] (px4_msgs) StdoutLine: {'line': b'-- Up-to-date symlink: /home/giromi/Repos/VTOL/ws_sensor_combined_src/install/px4_msgs/include/px4_msgs/px4_msgs/msg/detail/internal_combustion_engine_status__builder.hpp\n'}
[6.383792] (px4_msgs) StdoutLine: {'line': b'-- Up-to-date symlink: /home/giromi/Repos/VTOL/ws_sensor_combined_src/install/px4_msgs/include/px4_msgs/px4_msgs/msg/detail/internal_combustion_engine_status__struct.hpp\n'}
[6.383929] (px4_msgs) StdoutLine: {'line': b'-- Up-to-date symlink: /home/giromi/Repos/VTOL/ws_sensor_combined_src/install/px4_msgs/include/px4_msgs/px4_msgs/msg/detail/internal_combustion_engine_status__traits.hpp\n'}
[6.384075] (px4_msgs) StdoutLine: {'line': b'-- Up-to-date symlink: /home/giromi/Repos/VTOL/ws_sensor_combined_src/install/px4_msgs/include/px4_msgs/px4_msgs/msg/detail/iridiumsbd_status__builder.hpp\n'}
[6.384211] (px4_msgs) StdoutLine: {'line': b'-- Up-to-date symlink: /home/giromi/Repos/VTOL/ws_sensor_combined_src/install/px4_msgs/include/px4_msgs/px4_msgs/msg/detail/iridiumsbd_status__struct.hpp\n'}
[6.384353] (px4_msgs) StdoutLine: {'line': b'-- Up-to-date symlink: /home/giromi/Repos/VTOL/ws_sensor_combined_src/install/px4_msgs/include/px4_msgs/px4_msgs/msg/detail/iridiumsbd_status__traits.hpp\n'}
[6.384492] (px4_msgs) StdoutLine: {'line': b'-- Up-to-date symlink: /home/giromi/Repos/VTOL/ws_sensor_combined_src/install/px4_msgs/include/px4_msgs/px4_msgs/msg/detail/irlock_report__builder.hpp\n'}
[6.384616] (px4_msgs) StdoutLine: {'line': b'-- Up-to-date symlink: /home/giromi/Repos/VTOL/ws_sensor_combined_src/install/px4_msgs/include/px4_msgs/px4_msgs/msg/detail/irlock_report__struct.hpp\n'}
[6.384774] (px4_msgs) StdoutLine: {'line': b'-- Up-to-date symlink: /home/giromi/Repos/VTOL/ws_sensor_combined_src/install/px4_msgs/include/px4_msgs/px4_msgs/msg/detail/irlock_report__traits.hpp\n'}
[6.384912] (px4_msgs) StdoutLine: {'line': b'-- Up-to-date symlink: /home/giromi/Repos/VTOL/ws_sensor_combined_src/install/px4_msgs/include/px4_msgs/px4_msgs/msg/detail/landing_gear__builder.hpp\n'}
[6.385051] (px4_msgs) StdoutLine: {'line': b'-- Up-to-date symlink: /home/giromi/Repos/VTOL/ws_sensor_combined_src/install/px4_msgs/include/px4_msgs/px4_msgs/msg/detail/landing_gear__struct.hpp\n'}
[6.385189] (px4_msgs) StdoutLine: {'line': b'-- Up-to-date symlink: /home/giromi/Repos/VTOL/ws_sensor_combined_src/install/px4_msgs/include/px4_msgs/px4_msgs/msg/detail/landing_gear__traits.hpp\n'}
[6.385330] (px4_msgs) StdoutLine: {'line': b'-- Up-to-date symlink: /home/giromi/Repos/VTOL/ws_sensor_combined_src/install/px4_msgs/include/px4_msgs/px4_msgs/msg/detail/landing_gear_wheel__builder.hpp\n'}
[6.385472] (px4_msgs) StdoutLine: {'line': b'-- Up-to-date symlink: /home/giromi/Repos/VTOL/ws_sensor_combined_src/install/px4_msgs/include/px4_msgs/px4_msgs/msg/detail/landing_gear_wheel__struct.hpp\n'}
[6.385611] (px4_msgs) StdoutLine: {'line': b'-- Up-to-date symlink: /home/giromi/Repos/VTOL/ws_sensor_combined_src/install/px4_msgs/include/px4_msgs/px4_msgs/msg/detail/landing_gear_wheel__traits.hpp\n'}
[6.385735] (px4_msgs) StdoutLine: {'line': b'-- Up-to-date symlink: /home/giromi/Repos/VTOL/ws_sensor_combined_src/install/px4_msgs/include/px4_msgs/px4_msgs/msg/detail/landing_target_innovations__builder.hpp\n'}
[6.385858] (px4_msgs) StdoutLine: {'line': b'-- Up-to-date symlink: /home/giromi/Repos/VTOL/ws_sensor_combined_src/install/px4_msgs/include/px4_msgs/px4_msgs/msg/detail/landing_target_innovations__struct.hpp\n'}
[6.385996] (px4_msgs) StdoutLine: {'line': b'-- Up-to-date symlink: /home/giromi/Repos/VTOL/ws_sensor_combined_src/install/px4_msgs/include/px4_msgs/px4_msgs/msg/detail/landing_target_innovations__traits.hpp\n'}
[6.386135] (px4_msgs) StdoutLine: {'line': b'-- Up-to-date symlink: /home/giromi/Repos/VTOL/ws_sensor_combined_src/install/px4_msgs/include/px4_msgs/px4_msgs/msg/detail/landing_target_pose__builder.hpp\n'}
[6.386271] (px4_msgs) StdoutLine: {'line': b'-- Up-to-date symlink: /home/giromi/Repos/VTOL/ws_sensor_combined_src/install/px4_msgs/include/px4_msgs/px4_msgs/msg/detail/landing_target_pose__struct.hpp\n'}
[6.386411] (px4_msgs) StdoutLine: {'line': b'-- Up-to-date symlink: /home/giromi/Repos/VTOL/ws_sensor_combined_src/install/px4_msgs/include/px4_msgs/px4_msgs/msg/detail/landing_target_pose__traits.hpp\n'}
[6.386608] (px4_msgs) StdoutLine: {'line': b'-- Up-to-date symlink: /home/giromi/Repos/VTOL/ws_sensor_combined_src/install/px4_msgs/include/px4_msgs/px4_msgs/msg/detail/launch_detection_status__builder.hpp\n'}
[6.386748] (px4_msgs) StdoutLine: {'line': b'-- Up-to-date symlink: /home/giromi/Repos/VTOL/ws_sensor_combined_src/install/px4_msgs/include/px4_msgs/px4_msgs/msg/detail/launch_detection_status__struct.hpp\n'}
[6.386891] (px4_msgs) StdoutLine: {'line': b'-- Up-to-date symlink: /home/giromi/Repos/VTOL/ws_sensor_combined_src/install/px4_msgs/include/px4_msgs/px4_msgs/msg/detail/launch_detection_status__traits.hpp\n'}
[6.387033] (px4_msgs) StdoutLine: {'line': b'-- Up-to-date symlink: /home/giromi/Repos/VTOL/ws_sensor_combined_src/install/px4_msgs/include/px4_msgs/px4_msgs/msg/detail/led_control__builder.hpp\n'}
[6.387173] (px4_msgs) StdoutLine: {'line': b'-- Up-to-date symlink: /home/giromi/Repos/VTOL/ws_sensor_combined_src/install/px4_msgs/include/px4_msgs/px4_msgs/msg/detail/led_control__struct.hpp\n'}
[6.387315] (px4_msgs) StdoutLine: {'line': b'-- Up-to-date symlink: /home/giromi/Repos/VTOL/ws_sensor_combined_src/install/px4_msgs/include/px4_msgs/px4_msgs/msg/detail/led_control__traits.hpp\n'}
[6.387453] (px4_msgs) StdoutLine: {'line': b'-- Up-to-date symlink: /home/giromi/Repos/VTOL/ws_sensor_combined_src/install/px4_msgs/include/px4_msgs/px4_msgs/msg/detail/log_message__builder.hpp\n'}
[6.387593] (px4_msgs) StdoutLine: {'line': b'-- Up-to-date symlink: /home/giromi/Repos/VTOL/ws_sensor_combined_src/install/px4_msgs/include/px4_msgs/px4_msgs/msg/detail/log_message__struct.hpp\n'}
[6.387734] (px4_msgs) StdoutLine: {'line': b'-- Up-to-date symlink: /home/giromi/Repos/VTOL/ws_sensor_combined_src/install/px4_msgs/include/px4_msgs/px4_msgs/msg/detail/log_message__traits.hpp\n'}
[6.387874] (px4_msgs) StdoutLine: {'line': b'-- Up-to-date symlink: /home/giromi/Repos/VTOL/ws_sensor_combined_src/install/px4_msgs/include/px4_msgs/px4_msgs/msg/detail/logger_status__builder.hpp\n'}
[6.388025] (px4_msgs) StdoutLine: {'line': b'-- Up-to-date symlink: /home/giromi/Repos/VTOL/ws_sensor_combined_src/install/px4_msgs/include/px4_msgs/px4_msgs/msg/detail/logger_status__struct.hpp\n'}
[6.388188] (px4_msgs) StdoutLine: {'line': b'-- Up-to-date symlink: /home/giromi/Repos/VTOL/ws_sensor_combined_src/install/px4_msgs/include/px4_msgs/px4_msgs/msg/detail/logger_status__traits.hpp\n'}
[6.388328] (px4_msgs) StdoutLine: {'line': b'-- Up-to-date symlink: /home/giromi/Repos/VTOL/ws_sensor_combined_src/install/px4_msgs/include/px4_msgs/px4_msgs/msg/detail/mag_worker_data__builder.hpp\n'}
[6.388469] (px4_msgs) StdoutLine: {'line': b'-- Up-to-date symlink: /home/giromi/Repos/VTOL/ws_sensor_combined_src/install/px4_msgs/include/px4_msgs/px4_msgs/msg/detail/mag_worker_data__struct.hpp\n'}
[6.388608] (px4_msgs) StdoutLine: {'line': b'-- Up-to-date symlink: /home/giromi/Repos/VTOL/ws_sensor_combined_src/install/px4_msgs/include/px4_msgs/px4_msgs/msg/detail/mag_worker_data__traits.hpp\n'}
[6.388750] (px4_msgs) StdoutLine: {'line': b'-- Up-to-date symlink: /home/giromi/Repos/VTOL/ws_sensor_combined_src/install/px4_msgs/include/px4_msgs/px4_msgs/msg/detail/magnetometer_bias_estimate__builder.hpp\n'}
[6.388892] (px4_msgs) StdoutLine: {'line': b'-- Up-to-date symlink: /home/giromi/Repos/VTOL/ws_sensor_combined_src/install/px4_msgs/include/px4_msgs/px4_msgs/msg/detail/magnetometer_bias_estimate__struct.hpp\n'}
[6.389030] (px4_msgs) StdoutLine: {'line': b'-- Up-to-date symlink: /home/giromi/Repos/VTOL/ws_sensor_combined_src/install/px4_msgs/include/px4_msgs/px4_msgs/msg/detail/magnetometer_bias_estimate__traits.hpp\n'}
[6.389166] (px4_msgs) StdoutLine: {'line': b'-- Up-to-date symlink: /home/giromi/Repos/VTOL/ws_sensor_combined_src/install/px4_msgs/include/px4_msgs/px4_msgs/msg/detail/manual_control_setpoint__builder.hpp\n'}
[6.389305] (px4_msgs) StdoutLine: {'line': b'-- Up-to-date symlink: /home/giromi/Repos/VTOL/ws_sensor_combined_src/install/px4_msgs/include/px4_msgs/px4_msgs/msg/detail/manual_control_setpoint__struct.hpp\n'}
[6.389443] (px4_msgs) StdoutLine: {'line': b'-- Up-to-date symlink: /home/giromi/Repos/VTOL/ws_sensor_combined_src/install/px4_msgs/include/px4_msgs/px4_msgs/msg/detail/manual_control_setpoint__traits.hpp\n'}
[6.389577] (px4_msgs) StdoutLine: {'line': b'-- Up-to-date symlink: /home/giromi/Repos/VTOL/ws_sensor_combined_src/install/px4_msgs/include/px4_msgs/px4_msgs/msg/detail/manual_control_switches__builder.hpp\n'}
[6.389716] (px4_msgs) StdoutLine: {'line': b'-- Up-to-date symlink: /home/giromi/Repos/VTOL/ws_sensor_combined_src/install/px4_msgs/include/px4_msgs/px4_msgs/msg/detail/manual_control_switches__struct.hpp\n'}
[6.389853] (px4_msgs) StdoutLine: {'line': b'-- Up-to-date symlink: /home/giromi/Repos/VTOL/ws_sensor_combined_src/install/px4_msgs/include/px4_msgs/px4_msgs/msg/detail/manual_control_switches__traits.hpp\n'}
[6.389995] (px4_msgs) StdoutLine: {'line': b'-- Up-to-date symlink: /home/giromi/Repos/VTOL/ws_sensor_combined_src/install/px4_msgs/include/px4_msgs/px4_msgs/msg/detail/mavlink_log__builder.hpp\n'}
[6.390198] (px4_msgs) StdoutLine: {'line': b'-- Up-to-date symlink: /home/giromi/Repos/VTOL/ws_sensor_combined_src/install/px4_msgs/include/px4_msgs/px4_msgs/msg/detail/mavlink_log__struct.hpp\n'}
[6.390349] (px4_msgs) StdoutLine: {'line': b'-- Up-to-date symlink: /home/giromi/Repos/VTOL/ws_sensor_combined_src/install/px4_msgs/include/px4_msgs/px4_msgs/msg/detail/mavlink_log__traits.hpp\n'}
[6.390535] (px4_msgs) StdoutLine: {'line': b'-- Up-to-date symlink: /home/giromi/Repos/VTOL/ws_sensor_combined_src/install/px4_msgs/include/px4_msgs/px4_msgs/msg/detail/mavlink_tunnel__builder.hpp\n'}
[6.390676] (px4_msgs) StdoutLine: {'line': b'-- Up-to-date symlink: /home/giromi/Repos/VTOL/ws_sensor_combined_src/install/px4_msgs/include/px4_msgs/px4_msgs/msg/detail/mavlink_tunnel__struct.hpp\n'}
[6.390816] (px4_msgs) StdoutLine: {'line': b'-- Up-to-date symlink: /home/giromi/Repos/VTOL/ws_sensor_combined_src/install/px4_msgs/include/px4_msgs/px4_msgs/msg/detail/mavlink_tunnel__traits.hpp\n'}
[6.390955] (px4_msgs) StdoutLine: {'line': b'-- Up-to-date symlink: /home/giromi/Repos/VTOL/ws_sensor_combined_src/install/px4_msgs/include/px4_msgs/px4_msgs/msg/detail/message_format_request__builder.hpp\n'}
[6.391094] (px4_msgs) StdoutLine: {'line': b'-- Up-to-date symlink: /home/giromi/Repos/VTOL/ws_sensor_combined_src/install/px4_msgs/include/px4_msgs/px4_msgs/msg/detail/message_format_request__struct.hpp\n'}
[6.391231] (px4_msgs) StdoutLine: {'line': b'-- Up-to-date symlink: /home/giromi/Repos/VTOL/ws_sensor_combined_src/install/px4_msgs/include/px4_msgs/px4_msgs/msg/detail/message_format_request__traits.hpp\n'}
[6.391377] (px4_msgs) StdoutLine: {'line': b'-- Up-to-date symlink: /home/giromi/Repos/VTOL/ws_sensor_combined_src/install/px4_msgs/include/px4_msgs/px4_msgs/msg/detail/message_format_response__builder.hpp\n'}
[6.391514] (px4_msgs) StdoutLine: {'line': b'-- Up-to-date symlink: /home/giromi/Repos/VTOL/ws_sensor_combined_src/install/px4_msgs/include/px4_msgs/px4_msgs/msg/detail/message_format_response__struct.hpp\n'}
[6.391652] (px4_msgs) StdoutLine: {'line': b'-- Up-to-date symlink: /home/giromi/Repos/VTOL/ws_sensor_combined_src/install/px4_msgs/include/px4_msgs/px4_msgs/msg/detail/message_format_response__traits.hpp\n'}
[6.391791] (px4_msgs) StdoutLine: {'line': b'-- Up-to-date symlink: /home/giromi/Repos/VTOL/ws_sensor_combined_src/install/px4_msgs/include/px4_msgs/px4_msgs/msg/detail/mission__builder.hpp\n'}
[6.391932] (px4_msgs) StdoutLine: {'line': b'-- Up-to-date symlink: /home/giromi/Repos/VTOL/ws_sensor_combined_src/install/px4_msgs/include/px4_msgs/px4_msgs/msg/detail/mission__struct.hpp\n'}
[6.392071] (px4_msgs) StdoutLine: {'line': b'-- Up-to-date symlink: /home/giromi/Repos/VTOL/ws_sensor_combined_src/install/px4_msgs/include/px4_msgs/px4_msgs/msg/detail/mission__traits.hpp\n'}
[6.392212] (px4_msgs) StdoutLine: {'line': b'-- Up-to-date symlink: /home/giromi/Repos/VTOL/ws_sensor_combined_src/install/px4_msgs/include/px4_msgs/px4_msgs/msg/detail/mission_result__builder.hpp\n'}
[6.392350] (px4_msgs) StdoutLine: {'line': b'-- Up-to-date symlink: /home/giromi/Repos/VTOL/ws_sensor_combined_src/install/px4_msgs/include/px4_msgs/px4_msgs/msg/detail/mission_result__struct.hpp\n'}
[6.392490] (px4_msgs) StdoutLine: {'line': b'-- Up-to-date symlink: /home/giromi/Repos/VTOL/ws_sensor_combined_src/install/px4_msgs/include/px4_msgs/px4_msgs/msg/detail/mission_result__traits.hpp\n'}
[6.392629] (px4_msgs) StdoutLine: {'line': b'-- Up-to-date symlink: /home/giromi/Repos/VTOL/ws_sensor_combined_src/install/px4_msgs/include/px4_msgs/px4_msgs/msg/detail/mode_completed__builder.hpp\n'}
[6.392767] (px4_msgs) StdoutLine: {'line': b'-- Up-to-date symlink: /home/giromi/Repos/VTOL/ws_sensor_combined_src/install/px4_msgs/include/px4_msgs/px4_msgs/msg/detail/mode_completed__struct.hpp\n'}
[6.392906] (px4_msgs) StdoutLine: {'line': b'-- Up-to-date symlink: /home/giromi/Repos/VTOL/ws_sensor_combined_src/install/px4_msgs/include/px4_msgs/px4_msgs/msg/detail/mode_completed__traits.hpp\n'}
[6.393063] (px4_msgs) StdoutLine: {'line': b'-- Up-to-date symlink: /home/giromi/Repos/VTOL/ws_sensor_combined_src/install/px4_msgs/include/px4_msgs/px4_msgs/msg/detail/mount_orientation__builder.hpp\n'}
[6.393208] (px4_msgs) StdoutLine: {'line': b'-- Up-to-date symlink: /home/giromi/Repos/VTOL/ws_sensor_combined_src/install/px4_msgs/include/px4_msgs/px4_msgs/msg/detail/mount_orientation__struct.hpp\n'}
[6.393349] (px4_msgs) StdoutLine: {'line': b'-- Up-to-date symlink: /home/giromi/Repos/VTOL/ws_sensor_combined_src/install/px4_msgs/include/px4_msgs/px4_msgs/msg/detail/mount_orientation__traits.hpp\n'}
[6.393501] (px4_msgs) StdoutLine: {'line': b'-- Up-to-date symlink: /home/giromi/Repos/VTOL/ws_sensor_combined_src/install/px4_msgs/include/px4_msgs/px4_msgs/msg/detail/navigator_mission_item__builder.hpp\n'}
[6.393639] (px4_msgs) StdoutLine: {'line': b'-- Up-to-date symlink: /home/giromi/Repos/VTOL/ws_sensor_combined_src/install/px4_msgs/include/px4_msgs/px4_msgs/msg/detail/navigator_mission_item__struct.hpp\n'}
[6.393777] (px4_msgs) StdoutLine: {'line': b'-- Up-to-date symlink: /home/giromi/Repos/VTOL/ws_sensor_combined_src/install/px4_msgs/include/px4_msgs/px4_msgs/msg/detail/navigator_mission_item__traits.hpp\n'}
[6.393953] (px4_msgs) StdoutLine: {'line': b'-- Up-to-date symlink: /home/giromi/Repos/VTOL/ws_sensor_combined_src/install/px4_msgs/include/px4_msgs/px4_msgs/msg/detail/normalized_unsigned_setpoint__builder.hpp\n'}
[6.394090] (px4_msgs) StdoutLine: {'line': b'-- Up-to-date symlink: /home/giromi/Repos/VTOL/ws_sensor_combined_src/install/px4_msgs/include/px4_msgs/px4_msgs/msg/detail/normalized_unsigned_setpoint__struct.hpp\n'}
[6.394227] (px4_msgs) StdoutLine: {'line': b'-- Up-to-date symlink: /home/giromi/Repos/VTOL/ws_sensor_combined_src/install/px4_msgs/include/px4_msgs/px4_msgs/msg/detail/normalized_unsigned_setpoint__traits.hpp\n'}
[6.394368] (px4_msgs) StdoutLine: {'line': b'-- Up-to-date symlink: /home/giromi/Repos/VTOL/ws_sensor_combined_src/install/px4_msgs/include/px4_msgs/px4_msgs/msg/detail/npfg_status__builder.hpp\n'}
[6.394552] (px4_msgs) StdoutLine: {'line': b'-- Up-to-date symlink: /home/giromi/Repos/VTOL/ws_sensor_combined_src/install/px4_msgs/include/px4_msgs/px4_msgs/msg/detail/npfg_status__struct.hpp\n'}
[6.394693] (px4_msgs) StdoutLine: {'line': b'-- Up-to-date symlink: /home/giromi/Repos/VTOL/ws_sensor_combined_src/install/px4_msgs/include/px4_msgs/px4_msgs/msg/detail/npfg_status__traits.hpp\n'}
[6.394833] (px4_msgs) StdoutLine: {'line': b'-- Up-to-date symlink: /home/giromi/Repos/VTOL/ws_sensor_combined_src/install/px4_msgs/include/px4_msgs/px4_msgs/msg/detail/obstacle_distance__builder.hpp\n'}
[6.394973] (px4_msgs) StdoutLine: {'line': b'-- Up-to-date symlink: /home/giromi/Repos/VTOL/ws_sensor_combined_src/install/px4_msgs/include/px4_msgs/px4_msgs/msg/detail/obstacle_distance__struct.hpp\n'}
[6.395112] (px4_msgs) StdoutLine: {'line': b'-- Up-to-date symlink: /home/giromi/Repos/VTOL/ws_sensor_combined_src/install/px4_msgs/include/px4_msgs/px4_msgs/msg/detail/obstacle_distance__traits.hpp\n'}
[6.395252] (px4_msgs) StdoutLine: {'line': b'-- Up-to-date symlink: /home/giromi/Repos/VTOL/ws_sensor_combined_src/install/px4_msgs/include/px4_msgs/px4_msgs/msg/detail/offboard_control_mode__builder.hpp\n'}
[6.395392] (px4_msgs) StdoutLine: {'line': b'-- Up-to-date symlink: /home/giromi/Repos/VTOL/ws_sensor_combined_src/install/px4_msgs/include/px4_msgs/px4_msgs/msg/detail/offboard_control_mode__struct.hpp\n'}
[6.395529] (px4_msgs) StdoutLine: {'line': b'-- Up-to-date symlink: /home/giromi/Repos/VTOL/ws_sensor_combined_src/install/px4_msgs/include/px4_msgs/px4_msgs/msg/detail/offboard_control_mode__traits.hpp\n'}
[6.395665] (px4_msgs) StdoutLine: {'line': b'-- Up-to-date symlink: /home/giromi/Repos/VTOL/ws_sensor_combined_src/install/px4_msgs/include/px4_msgs/px4_msgs/msg/detail/onboard_computer_status__builder.hpp\n'}
[6.395807] (px4_msgs) StdoutLine: {'line': b'-- Up-to-date symlink: /home/giromi/Repos/VTOL/ws_sensor_combined_src/install/px4_msgs/include/px4_msgs/px4_msgs/msg/detail/onboard_computer_status__struct.hpp\n'}
[6.395945] (px4_msgs) StdoutLine: {'line': b'-- Up-to-date symlink: /home/giromi/Repos/VTOL/ws_sensor_combined_src/install/px4_msgs/include/px4_msgs/px4_msgs/msg/detail/onboard_computer_status__traits.hpp\n'}
[6.396093] (px4_msgs) StdoutLine: {'line': b'-- Up-to-date symlink: /home/giromi/Repos/VTOL/ws_sensor_combined_src/install/px4_msgs/include/px4_msgs/px4_msgs/msg/detail/orb_test__builder.hpp\n'}
[6.396268] (px4_msgs) StdoutLine: {'line': b'-- Up-to-date symlink: /home/giromi/Repos/VTOL/ws_sensor_combined_src/install/px4_msgs/include/px4_msgs/px4_msgs/msg/detail/orb_test__struct.hpp\n'}
[6.396408] (px4_msgs) StdoutLine: {'line': b'-- Up-to-date symlink: /home/giromi/Repos/VTOL/ws_sensor_combined_src/install/px4_msgs/include/px4_msgs/px4_msgs/msg/detail/orb_test__traits.hpp\n'}
[6.396548] (px4_msgs) StdoutLine: {'line': b'-- Up-to-date symlink: /home/giromi/Repos/VTOL/ws_sensor_combined_src/install/px4_msgs/include/px4_msgs/px4_msgs/msg/detail/orb_test_large__builder.hpp\n'}
[6.396685] (px4_msgs) StdoutLine: {'line': b'-- Up-to-date symlink: /home/giromi/Repos/VTOL/ws_sensor_combined_src/install/px4_msgs/include/px4_msgs/px4_msgs/msg/detail/orb_test_large__struct.hpp\n'}
[6.396827] (px4_msgs) StdoutLine: {'line': b'-- Up-to-date symlink: /home/giromi/Repos/VTOL/ws_sensor_combined_src/install/px4_msgs/include/px4_msgs/px4_msgs/msg/detail/orb_test_large__traits.hpp\n'}
[6.396966] (px4_msgs) StdoutLine: {'line': b'-- Up-to-date symlink: /home/giromi/Repos/VTOL/ws_sensor_combined_src/install/px4_msgs/include/px4_msgs/px4_msgs/msg/detail/orb_test_medium__builder.hpp\n'}
[6.397104] (px4_msgs) StdoutLine: {'line': b'-- Up-to-date symlink: /home/giromi/Repos/VTOL/ws_sensor_combined_src/install/px4_msgs/include/px4_msgs/px4_msgs/msg/detail/orb_test_medium__struct.hpp\n'}
[6.397242] (px4_msgs) StdoutLine: {'line': b'-- Up-to-date symlink: /home/giromi/Repos/VTOL/ws_sensor_combined_src/install/px4_msgs/include/px4_msgs/px4_msgs/msg/detail/orb_test_medium__traits.hpp\n'}
[6.397415] (px4_msgs) StdoutLine: {'line': b'-- Up-to-date symlink: /home/giromi/Repos/VTOL/ws_sensor_combined_src/install/px4_msgs/include/px4_msgs/px4_msgs/msg/detail/orbit_status__builder.hpp\n'}
[6.397553] (px4_msgs) StdoutLine: {'line': b'-- Up-to-date symlink: /home/giromi/Repos/VTOL/ws_sensor_combined_src/install/px4_msgs/include/px4_msgs/px4_msgs/msg/detail/orbit_status__struct.hpp\n'}
[6.397696] (px4_msgs) StdoutLine: {'line': b'-- Up-to-date symlink: /home/giromi/Repos/VTOL/ws_sensor_combined_src/install/px4_msgs/include/px4_msgs/px4_msgs/msg/detail/orbit_status__traits.hpp\n'}
[6.397835] (px4_msgs) StdoutLine: {'line': b'-- Up-to-date symlink: /home/giromi/Repos/VTOL/ws_sensor_combined_src/install/px4_msgs/include/px4_msgs/px4_msgs/msg/detail/parameter_update__builder.hpp\n'}
[6.397973] (px4_msgs) StdoutLine: {'line': b'-- Up-to-date symlink: /home/giromi/Repos/VTOL/ws_sensor_combined_src/install/px4_msgs/include/px4_msgs/px4_msgs/msg/detail/parameter_update__struct.hpp\n'}
[6.398146] (px4_msgs) StdoutLine: {'line': b'-- Up-to-date symlink: /home/giromi/Repos/VTOL/ws_sensor_combined_src/install/px4_msgs/include/px4_msgs/px4_msgs/msg/detail/parameter_update__traits.hpp\n'}
[6.398284] (px4_msgs) StdoutLine: {'line': b'-- Up-to-date symlink: /home/giromi/Repos/VTOL/ws_sensor_combined_src/install/px4_msgs/include/px4_msgs/px4_msgs/msg/detail/ping__builder.hpp\n'}
[6.398422] (px4_msgs) StdoutLine: {'line': b'-- Up-to-date symlink: /home/giromi/Repos/VTOL/ws_sensor_combined_src/install/px4_msgs/include/px4_msgs/px4_msgs/msg/detail/ping__struct.hpp\n'}
[6.398649] (px4_msgs) StdoutLine: {'line': b'-- Up-to-date symlink: /home/giromi/Repos/VTOL/ws_sensor_combined_src/install/px4_msgs/include/px4_msgs/px4_msgs/msg/detail/ping__traits.hpp\n'}
[6.398799] (px4_msgs) StdoutLine: {'line': b'-- Up-to-date symlink: /home/giromi/Repos/VTOL/ws_sensor_combined_src/install/px4_msgs/include/px4_msgs/px4_msgs/msg/detail/position_controller_landing_status__builder.hpp\n'}
[6.398948] (px4_msgs) StdoutLine: {'line': b'-- Up-to-date symlink: /home/giromi/Repos/VTOL/ws_sensor_combined_src/install/px4_msgs/include/px4_msgs/px4_msgs/msg/detail/position_controller_landing_status__struct.hpp\n'}
[6.399096] (px4_msgs) StdoutLine: {'line': b'-- Up-to-date symlink: /home/giromi/Repos/VTOL/ws_sensor_combined_src/install/px4_msgs/include/px4_msgs/px4_msgs/msg/detail/position_controller_landing_status__traits.hpp\n'}
[6.399289] (px4_msgs) StdoutLine: {'line': b'-- Up-to-date symlink: /home/giromi/Repos/VTOL/ws_sensor_combined_src/install/px4_msgs/include/px4_msgs/px4_msgs/msg/detail/position_controller_status__builder.hpp\n'}
[6.399473] (px4_msgs) StdoutLine: {'line': b'-- Up-to-date symlink: /home/giromi/Repos/VTOL/ws_sensor_combined_src/install/px4_msgs/include/px4_msgs/px4_msgs/msg/detail/position_controller_status__struct.hpp\n'}
[6.399682] (px4_msgs) StdoutLine: {'line': b'-- Up-to-date symlink: /home/giromi/Repos/VTOL/ws_sensor_combined_src/install/px4_msgs/include/px4_msgs/px4_msgs/msg/detail/position_controller_status__traits.hpp\n'}
[6.399863] (px4_msgs) StdoutLine: {'line': b'-- Up-to-date symlink: /home/giromi/Repos/VTOL/ws_sensor_combined_src/install/px4_msgs/include/px4_msgs/px4_msgs/msg/detail/position_setpoint__builder.hpp\n'}
[6.400012] (px4_msgs) StdoutLine: {'line': b'-- Up-to-date symlink: /home/giromi/Repos/VTOL/ws_sensor_combined_src/install/px4_msgs/include/px4_msgs/px4_msgs/msg/detail/position_setpoint__struct.hpp\n'}
[6.400164] (px4_msgs) StdoutLine: {'line': b'-- Up-to-date symlink: /home/giromi/Repos/VTOL/ws_sensor_combined_src/install/px4_msgs/include/px4_msgs/px4_msgs/msg/detail/position_setpoint__traits.hpp\n'}
[6.400311] (px4_msgs) StdoutLine: {'line': b'-- Up-to-date symlink: /home/giromi/Repos/VTOL/ws_sensor_combined_src/install/px4_msgs/include/px4_msgs/px4_msgs/msg/detail/position_setpoint_triplet__builder.hpp\n'}
[6.400459] (px4_msgs) StdoutLine: {'line': b'-- Up-to-date symlink: /home/giromi/Repos/VTOL/ws_sensor_combined_src/install/px4_msgs/include/px4_msgs/px4_msgs/msg/detail/position_setpoint_triplet__struct.hpp\n'}
[6.400611] (px4_msgs) StdoutLine: {'line': b'-- Up-to-date symlink: /home/giromi/Repos/VTOL/ws_sensor_combined_src/install/px4_msgs/include/px4_msgs/px4_msgs/msg/detail/position_setpoint_triplet__traits.hpp\n'}
[6.400783] (px4_msgs) StdoutLine: {'line': b'-- Up-to-date symlink: /home/giromi/Repos/VTOL/ws_sensor_combined_src/install/px4_msgs/include/px4_msgs/px4_msgs/msg/detail/power_button_state__builder.hpp\n'}
[6.400954] (px4_msgs) StdoutLine: {'line': b'-- Up-to-date symlink: /home/giromi/Repos/VTOL/ws_sensor_combined_src/install/px4_msgs/include/px4_msgs/px4_msgs/msg/detail/power_button_state__struct.hpp\n'}
[6.401150] (px4_msgs) StdoutLine: {'line': b'-- Up-to-date symlink: /home/giromi/Repos/VTOL/ws_sensor_combined_src/install/px4_msgs/include/px4_msgs/px4_msgs/msg/detail/power_button_state__traits.hpp\n'}
[6.401410] (px4_msgs) StdoutLine: {'line': b'-- Up-to-date symlink: /home/giromi/Repos/VTOL/ws_sensor_combined_src/install/px4_msgs/include/px4_msgs/px4_msgs/msg/detail/power_monitor__builder.hpp\n'}
[6.401618] (px4_msgs) StdoutLine: {'line': b'-- Up-to-date symlink: /home/giromi/Repos/VTOL/ws_sensor_combined_src/install/px4_msgs/include/px4_msgs/px4_msgs/msg/detail/power_monitor__struct.hpp\n'}
[6.401770] (px4_msgs) StdoutLine: {'line': b'-- Up-to-date symlink: /home/giromi/Repos/VTOL/ws_sensor_combined_src/install/px4_msgs/include/px4_msgs/px4_msgs/msg/detail/power_monitor__traits.hpp\n'}
[6.401919] (px4_msgs) StdoutLine: {'line': b'-- Up-to-date symlink: /home/giromi/Repos/VTOL/ws_sensor_combined_src/install/px4_msgs/include/px4_msgs/px4_msgs/msg/detail/pps_capture__builder.hpp\n'}
[6.402067] (px4_msgs) StdoutLine: {'line': b'-- Up-to-date symlink: /home/giromi/Repos/VTOL/ws_sensor_combined_src/install/px4_msgs/include/px4_msgs/px4_msgs/msg/detail/pps_capture__struct.hpp\n'}
[6.402214] (px4_msgs) StdoutLine: {'line': b'-- Up-to-date symlink: /home/giromi/Repos/VTOL/ws_sensor_combined_src/install/px4_msgs/include/px4_msgs/px4_msgs/msg/detail/pps_capture__traits.hpp\n'}
[6.402359] (px4_msgs) StdoutLine: {'line': b'-- Up-to-date symlink: /home/giromi/Repos/VTOL/ws_sensor_combined_src/install/px4_msgs/include/px4_msgs/px4_msgs/msg/detail/pwm_input__builder.hpp\n'}
[6.402610] (px4_msgs) StdoutLine: {'line': b'-- Up-to-date symlink: /home/giromi/Repos/VTOL/ws_sensor_combined_src/install/px4_msgs/include/px4_msgs/px4_msgs/msg/detail/pwm_input__struct.hpp\n'}
[6.402808] (px4_msgs) StdoutLine: {'line': b'-- Up-to-date symlink: /home/giromi/Repos/VTOL/ws_sensor_combined_src/install/px4_msgs/include/px4_msgs/px4_msgs/msg/detail/pwm_input__traits.hpp\n'}
[6.403008] (px4_msgs) StdoutLine: {'line': b'-- Up-to-date symlink: /home/giromi/Repos/VTOL/ws_sensor_combined_src/install/px4_msgs/include/px4_msgs/px4_msgs/msg/detail/px4io_status__builder.hpp\n'}
[6.403202] (px4_msgs) StdoutLine: {'line': b'-- Up-to-date symlink: /home/giromi/Repos/VTOL/ws_sensor_combined_src/install/px4_msgs/include/px4_msgs/px4_msgs/msg/detail/px4io_status__struct.hpp\n'}
[6.403380] (px4_msgs) StdoutLine: {'line': b'-- Up-to-date symlink: /home/giromi/Repos/VTOL/ws_sensor_combined_src/install/px4_msgs/include/px4_msgs/px4_msgs/msg/detail/px4io_status__traits.hpp\n'}
[6.403558] (px4_msgs) StdoutLine: {'line': b'-- Up-to-date symlink: /home/giromi/Repos/VTOL/ws_sensor_combined_src/install/px4_msgs/include/px4_msgs/px4_msgs/msg/detail/qshell_req__builder.hpp\n'}
[6.403733] (px4_msgs) StdoutLine: {'line': b'-- Up-to-date symlink: /home/giromi/Repos/VTOL/ws_sensor_combined_src/install/px4_msgs/include/px4_msgs/px4_msgs/msg/detail/qshell_req__struct.hpp\n'}
[6.403908] (px4_msgs) StdoutLine: {'line': b'-- Up-to-date symlink: /home/giromi/Repos/VTOL/ws_sensor_combined_src/install/px4_msgs/include/px4_msgs/px4_msgs/msg/detail/qshell_req__traits.hpp\n'}
[6.404138] (px4_msgs) StdoutLine: {'line': b'-- Up-to-date symlink: /home/giromi/Repos/VTOL/ws_sensor_combined_src/install/px4_msgs/include/px4_msgs/px4_msgs/msg/detail/qshell_retval__builder.hpp\n'}
[6.404273] (px4_msgs) StdoutLine: {'line': b'-- Up-to-date symlink: /home/giromi/Repos/VTOL/ws_sensor_combined_src/install/px4_msgs/include/px4_msgs/px4_msgs/msg/detail/qshell_retval__struct.hpp\n'}
[6.404472] (px4_msgs) StdoutLine: {'line': b'-- Up-to-date symlink: /home/giromi/Repos/VTOL/ws_sensor_combined_src/install/px4_msgs/include/px4_msgs/px4_msgs/msg/detail/qshell_retval__traits.hpp\n'}
[6.404670] (px4_msgs) StdoutLine: {'line': b'-- Up-to-date symlink: /home/giromi/Repos/VTOL/ws_sensor_combined_src/install/px4_msgs/include/px4_msgs/px4_msgs/msg/detail/radio_status__builder.hpp\n'}
[6.404867] (px4_msgs) StdoutLine: {'line': b'-- Up-to-date symlink: /home/giromi/Repos/VTOL/ws_sensor_combined_src/install/px4_msgs/include/px4_msgs/px4_msgs/msg/detail/radio_status__struct.hpp\n'}
[6.405108] (px4_msgs) StdoutLine: {'line': b'-- Up-to-date symlink: /home/giromi/Repos/VTOL/ws_sensor_combined_src/install/px4_msgs/include/px4_msgs/px4_msgs/msg/detail/radio_status__traits.hpp\n'}
[6.405290] (px4_msgs) StdoutLine: {'line': b'-- Up-to-date symlink: /home/giromi/Repos/VTOL/ws_sensor_combined_src/install/px4_msgs/include/px4_msgs/px4_msgs/msg/detail/rate_ctrl_status__builder.hpp\n'}
[6.405456] (px4_msgs) StdoutLine: {'line': b'-- Up-to-date symlink: /home/giromi/Repos/VTOL/ws_sensor_combined_src/install/px4_msgs/include/px4_msgs/px4_msgs/msg/detail/rate_ctrl_status__struct.hpp\n'}
[6.405624] (px4_msgs) StdoutLine: {'line': b'-- Up-to-date symlink: /home/giromi/Repos/VTOL/ws_sensor_combined_src/install/px4_msgs/include/px4_msgs/px4_msgs/msg/detail/rate_ctrl_status__traits.hpp\n'}
[6.405846] (px4_msgs) StdoutLine: {'line': b'-- Up-to-date symlink: /home/giromi/Repos/VTOL/ws_sensor_combined_src/install/px4_msgs/include/px4_msgs/px4_msgs/msg/detail/rc_channels__builder.hpp\n'}
[6.406023] (px4_msgs) StdoutLine: {'line': b'-- Up-to-date symlink: /home/giromi/Repos/VTOL/ws_sensor_combined_src/install/px4_msgs/include/px4_msgs/px4_msgs/msg/detail/rc_channels__struct.hpp\n'}
[6.406161] (px4_msgs) StdoutLine: {'line': b'-- Up-to-date symlink: /home/giromi/Repos/VTOL/ws_sensor_combined_src/install/px4_msgs/include/px4_msgs/px4_msgs/msg/detail/rc_channels__traits.hpp\n'}
[6.406308] (px4_msgs) StdoutLine: {'line': b'-- Up-to-date symlink: /home/giromi/Repos/VTOL/ws_sensor_combined_src/install/px4_msgs/include/px4_msgs/px4_msgs/msg/detail/rc_parameter_map__builder.hpp\n'}
[6.406557] (px4_msgs) StdoutLine: {'line': b'-- Up-to-date symlink: /home/giromi/Repos/VTOL/ws_sensor_combined_src/install/px4_msgs/include/px4_msgs/px4_msgs/msg/detail/rc_parameter_map__struct.hpp\n'}
[6.406760] (px4_msgs) StdoutLine: {'line': b'-- Up-to-date symlink: /home/giromi/Repos/VTOL/ws_sensor_combined_src/install/px4_msgs/include/px4_msgs/px4_msgs/msg/detail/rc_parameter_map__traits.hpp\n'}
[6.406912] (px4_msgs) StdoutLine: {'line': b'-- Up-to-date symlink: /home/giromi/Repos/VTOL/ws_sensor_combined_src/install/px4_msgs/include/px4_msgs/px4_msgs/msg/detail/register_ext_component_reply__builder.hpp\n'}
[6.407061] (px4_msgs) StdoutLine: {'line': b'-- Up-to-date symlink: /home/giromi/Repos/VTOL/ws_sensor_combined_src/install/px4_msgs/include/px4_msgs/px4_msgs/msg/detail/register_ext_component_reply__struct.hpp\n'}
[6.407261] (px4_msgs) StdoutLine: {'line': b'-- Up-to-date symlink: /home/giromi/Repos/VTOL/ws_sensor_combined_src/install/px4_msgs/include/px4_msgs/px4_msgs/msg/detail/register_ext_component_reply__traits.hpp\n'}
[6.407457] (px4_msgs) StdoutLine: {'line': b'-- Up-to-date symlink: /home/giromi/Repos/VTOL/ws_sensor_combined_src/install/px4_msgs/include/px4_msgs/px4_msgs/msg/detail/register_ext_component_request__builder.hpp\n'}
[6.407592] (px4_msgs) StdoutLine: {'line': b'-- Up-to-date symlink: /home/giromi/Repos/VTOL/ws_sensor_combined_src/install/px4_msgs/include/px4_msgs/px4_msgs/msg/detail/register_ext_component_request__struct.hpp\n'}
[6.407781] (px4_msgs) StdoutLine: {'line': b'-- Up-to-date symlink: /home/giromi/Repos/VTOL/ws_sensor_combined_src/install/px4_msgs/include/px4_msgs/px4_msgs/msg/detail/register_ext_component_request__traits.hpp\n'}
[6.407969] (px4_msgs) StdoutLine: {'line': b'-- Up-to-date symlink: /home/giromi/Repos/VTOL/ws_sensor_combined_src/install/px4_msgs/include/px4_msgs/px4_msgs/msg/detail/rpm__builder.hpp\n'}
[6.408118] (px4_msgs) StdoutLine: {'line': b'-- Up-to-date symlink: /home/giromi/Repos/VTOL/ws_sensor_combined_src/install/px4_msgs/include/px4_msgs/px4_msgs/msg/detail/rpm__struct.hpp\n'}
[6.408316] (px4_msgs) StdoutLine: {'line': b'-- Up-to-date symlink: /home/giromi/Repos/VTOL/ws_sensor_combined_src/install/px4_msgs/include/px4_msgs/px4_msgs/msg/detail/rpm__traits.hpp\n'}
[6.408468] (px4_msgs) StdoutLine: {'line': b'-- Up-to-date symlink: /home/giromi/Repos/VTOL/ws_sensor_combined_src/install/px4_msgs/include/px4_msgs/px4_msgs/msg/detail/rtl_time_estimate__builder.hpp\n'}
[6.408671] (px4_msgs) StdoutLine: {'line': b'-- Up-to-date symlink: /home/giromi/Repos/VTOL/ws_sensor_combined_src/install/px4_msgs/include/px4_msgs/px4_msgs/msg/detail/rtl_time_estimate__struct.hpp\n'}
[6.408871] (px4_msgs) StdoutLine: {'line': b'-- Up-to-date symlink: /home/giromi/Repos/VTOL/ws_sensor_combined_src/install/px4_msgs/include/px4_msgs/px4_msgs/msg/detail/rtl_time_estimate__traits.hpp\n'}
[6.409101] (px4_msgs) StdoutLine: {'line': b'-- Up-to-date symlink: /home/giromi/Repos/VTOL/ws_sensor_combined_src/install/px4_msgs/include/px4_msgs/px4_msgs/msg/detail/satellite_info__builder.hpp\n'}
[6.409297] (px4_msgs) StdoutLine: {'line': b'-- Up-to-date symlink: /home/giromi/Repos/VTOL/ws_sensor_combined_src/install/px4_msgs/include/px4_msgs/px4_msgs/msg/detail/satellite_info__struct.hpp\n'}
[6.409499] (px4_msgs) StdoutLine: {'line': b'-- Up-to-date symlink: /home/giromi/Repos/VTOL/ws_sensor_combined_src/install/px4_msgs/include/px4_msgs/px4_msgs/msg/detail/satellite_info__traits.hpp\n'}
[6.409728] (px4_msgs) StdoutLine: {'line': b'-- Up-to-date symlink: /home/giromi/Repos/VTOL/ws_sensor_combined_src/install/px4_msgs/include/px4_msgs/px4_msgs/msg/detail/sensor_accel__builder.hpp\n'}
[6.409923] (px4_msgs) StdoutLine: {'line': b'-- Up-to-date symlink: /home/giromi/Repos/VTOL/ws_sensor_combined_src/install/px4_msgs/include/px4_msgs/px4_msgs/msg/detail/sensor_accel__struct.hpp\n'}
[6.410122] (px4_msgs) StdoutLine: {'line': b'-- Up-to-date symlink: /home/giromi/Repos/VTOL/ws_sensor_combined_src/install/px4_msgs/include/px4_msgs/px4_msgs/msg/detail/sensor_accel__traits.hpp\n'}
[6.410351] (px4_msgs) StdoutLine: {'line': b'-- Up-to-date symlink: /home/giromi/Repos/VTOL/ws_sensor_combined_src/install/px4_msgs/include/px4_msgs/px4_msgs/msg/detail/sensor_accel_fifo__builder.hpp\n'}
[6.410594] (px4_msgs) StdoutLine: {'line': b'-- Up-to-date symlink: /home/giromi/Repos/VTOL/ws_sensor_combined_src/install/px4_msgs/include/px4_msgs/px4_msgs/msg/detail/sensor_accel_fifo__struct.hpp\n'}
[6.410821] (px4_msgs) StdoutLine: {'line': b'-- Up-to-date symlink: /home/giromi/Repos/VTOL/ws_sensor_combined_src/install/px4_msgs/include/px4_msgs/px4_msgs/msg/detail/sensor_accel_fifo__traits.hpp\n'}
[6.411014] (px4_msgs) StdoutLine: {'line': b'-- Up-to-date symlink: /home/giromi/Repos/VTOL/ws_sensor_combined_src/install/px4_msgs/include/px4_msgs/px4_msgs/msg/detail/sensor_airflow__builder.hpp\n'}
[6.411163] (px4_msgs) StdoutLine: {'line': b'-- Up-to-date symlink: /home/giromi/Repos/VTOL/ws_sensor_combined_src/install/px4_msgs/include/px4_msgs/px4_msgs/msg/detail/sensor_airflow__struct.hpp\n'}
[6.411310] (px4_msgs) StdoutLine: {'line': b'-- Up-to-date symlink: /home/giromi/Repos/VTOL/ws_sensor_combined_src/install/px4_msgs/include/px4_msgs/px4_msgs/msg/detail/sensor_airflow__traits.hpp\n'}
[6.411508] (px4_msgs) StdoutLine: {'line': b'-- Up-to-date symlink: /home/giromi/Repos/VTOL/ws_sensor_combined_src/install/px4_msgs/include/px4_msgs/px4_msgs/msg/detail/sensor_baro__builder.hpp\n'}
[6.411707] (px4_msgs) StdoutLine: {'line': b'-- Up-to-date symlink: /home/giromi/Repos/VTOL/ws_sensor_combined_src/install/px4_msgs/include/px4_msgs/px4_msgs/msg/detail/sensor_baro__struct.hpp\n'}
[6.411929] (px4_msgs) StdoutLine: {'line': b'-- Up-to-date symlink: /home/giromi/Repos/VTOL/ws_sensor_combined_src/install/px4_msgs/include/px4_msgs/px4_msgs/msg/detail/sensor_baro__traits.hpp\n'}
[6.412063] (px4_msgs) StdoutLine: {'line': b'-- Up-to-date symlink: /home/giromi/Repos/VTOL/ws_sensor_combined_src/install/px4_msgs/include/px4_msgs/px4_msgs/msg/detail/sensor_combined__builder.hpp\n'}
[6.412245] (px4_msgs) StdoutLine: {'line': b'-- Up-to-date symlink: /home/giromi/Repos/VTOL/ws_sensor_combined_src/install/px4_msgs/include/px4_msgs/px4_msgs/msg/detail/sensor_combined__struct.hpp\n'}
[6.412416] (px4_msgs) StdoutLine: {'line': b'-- Up-to-date symlink: /home/giromi/Repos/VTOL/ws_sensor_combined_src/install/px4_msgs/include/px4_msgs/px4_msgs/msg/detail/sensor_combined__traits.hpp\n'}
[6.412634] (px4_msgs) StdoutLine: {'line': b'-- Up-to-date symlink: /home/giromi/Repos/VTOL/ws_sensor_combined_src/install/px4_msgs/include/px4_msgs/px4_msgs/msg/detail/sensor_correction__builder.hpp\n'}
[6.412811] (px4_msgs) StdoutLine: {'line': b'-- Up-to-date symlink: /home/giromi/Repos/VTOL/ws_sensor_combined_src/install/px4_msgs/include/px4_msgs/px4_msgs/msg/detail/sensor_correction__struct.hpp\n'}
[6.412947] (px4_msgs) StdoutLine: {'line': b'-- Up-to-date symlink: /home/giromi/Repos/VTOL/ws_sensor_combined_src/install/px4_msgs/include/px4_msgs/px4_msgs/msg/detail/sensor_correction__traits.hpp\n'}
[6.413098] (px4_msgs) StdoutLine: {'line': b'-- Up-to-date symlink: /home/giromi/Repos/VTOL/ws_sensor_combined_src/install/px4_msgs/include/px4_msgs/px4_msgs/msg/detail/sensor_gnss_relative__builder.hpp\n'}
[6.413299] (px4_msgs) StdoutLine: {'line': b'-- Up-to-date symlink: /home/giromi/Repos/VTOL/ws_sensor_combined_src/install/px4_msgs/include/px4_msgs/px4_msgs/msg/detail/sensor_gnss_relative__struct.hpp\n'}
[6.413499] (px4_msgs) StdoutLine: {'line': b'-- Up-to-date symlink: /home/giromi/Repos/VTOL/ws_sensor_combined_src/install/px4_msgs/include/px4_msgs/px4_msgs/msg/detail/sensor_gnss_relative__traits.hpp\n'}
[6.413700] (px4_msgs) StdoutLine: {'line': b'-- Up-to-date symlink: /home/giromi/Repos/VTOL/ws_sensor_combined_src/install/px4_msgs/include/px4_msgs/px4_msgs/msg/detail/sensor_gps__builder.hpp\n'}
[6.413852] (px4_msgs) StdoutLine: {'line': b'-- Up-to-date symlink: /home/giromi/Repos/VTOL/ws_sensor_combined_src/install/px4_msgs/include/px4_msgs/px4_msgs/msg/detail/sensor_gps__struct.hpp\n'}
[6.413998] (px4_msgs) StdoutLine: {'line': b'-- Up-to-date symlink: /home/giromi/Repos/VTOL/ws_sensor_combined_src/install/px4_msgs/include/px4_msgs/px4_msgs/msg/detail/sensor_gps__traits.hpp\n'}
[6.414146] (px4_msgs) StdoutLine: {'line': b'-- Up-to-date symlink: /home/giromi/Repos/VTOL/ws_sensor_combined_src/install/px4_msgs/include/px4_msgs/px4_msgs/msg/detail/sensor_gyro__builder.hpp\n'}
[6.414292] (px4_msgs) StdoutLine: {'line': b'-- Up-to-date symlink: /home/giromi/Repos/VTOL/ws_sensor_combined_src/install/px4_msgs/include/px4_msgs/px4_msgs/msg/detail/sensor_gyro__struct.hpp\n'}
[6.414533] (px4_msgs) StdoutLine: {'line': b'-- Up-to-date symlink: /home/giromi/Repos/VTOL/ws_sensor_combined_src/install/px4_msgs/include/px4_msgs/px4_msgs/msg/detail/sensor_gyro__traits.hpp\n'}
[6.414683] (px4_msgs) StdoutLine: {'line': b'-- Up-to-date symlink: /home/giromi/Repos/VTOL/ws_sensor_combined_src/install/px4_msgs/include/px4_msgs/px4_msgs/msg/detail/sensor_gyro_fft__builder.hpp\n'}
[6.414831] (px4_msgs) StdoutLine: {'line': b'-- Up-to-date symlink: /home/giromi/Repos/VTOL/ws_sensor_combined_src/install/px4_msgs/include/px4_msgs/px4_msgs/msg/detail/sensor_gyro_fft__struct.hpp\n'}
[6.414889] (-) TimerEvent: {}
[6.415017] (px4_msgs) StdoutLine: {'line': b'-- Up-to-date symlink: /home/giromi/Repos/VTOL/ws_sensor_combined_src/install/px4_msgs/include/px4_msgs/px4_msgs/msg/detail/sensor_gyro_fft__traits.hpp\n'}
[6.415289] (px4_msgs) StdoutLine: {'line': b'-- Up-to-date symlink: /home/giromi/Repos/VTOL/ws_sensor_combined_src/install/px4_msgs/include/px4_msgs/px4_msgs/msg/detail/sensor_gyro_fifo__builder.hpp\n'}
[6.415410] (px4_msgs) StdoutLine: {'line': b'-- Up-to-date symlink: /home/giromi/Repos/VTOL/ws_sensor_combined_src/install/px4_msgs/include/px4_msgs/px4_msgs/msg/detail/sensor_gyro_fifo__struct.hpp\n'}
[6.415564] (px4_msgs) StdoutLine: {'line': b'-- Up-to-date symlink: /home/giromi/Repos/VTOL/ws_sensor_combined_src/install/px4_msgs/include/px4_msgs/px4_msgs/msg/detail/sensor_gyro_fifo__traits.hpp\n'}
[6.415742] (px4_msgs) StdoutLine: {'line': b'-- Up-to-date symlink: /home/giromi/Repos/VTOL/ws_sensor_combined_src/install/px4_msgs/include/px4_msgs/px4_msgs/msg/detail/sensor_hygrometer__builder.hpp\n'}
[6.415871] (px4_msgs) StdoutLine: {'line': b'-- Up-to-date symlink: /home/giromi/Repos/VTOL/ws_sensor_combined_src/install/px4_msgs/include/px4_msgs/px4_msgs/msg/detail/sensor_hygrometer__struct.hpp\n'}
[6.415977] (px4_msgs) StdoutLine: {'line': b'-- Up-to-date symlink: /home/giromi/Repos/VTOL/ws_sensor_combined_src/install/px4_msgs/include/px4_msgs/px4_msgs/msg/detail/sensor_hygrometer__traits.hpp\n'}
[6.416111] (px4_msgs) StdoutLine: {'line': b'-- Up-to-date symlink: /home/giromi/Repos/VTOL/ws_sensor_combined_src/install/px4_msgs/include/px4_msgs/px4_msgs/msg/detail/sensor_mag__builder.hpp\n'}
[6.416248] (px4_msgs) StdoutLine: {'line': b'-- Up-to-date symlink: /home/giromi/Repos/VTOL/ws_sensor_combined_src/install/px4_msgs/include/px4_msgs/px4_msgs/msg/detail/sensor_mag__struct.hpp\n'}
[6.416383] (px4_msgs) StdoutLine: {'line': b'-- Up-to-date symlink: /home/giromi/Repos/VTOL/ws_sensor_combined_src/install/px4_msgs/include/px4_msgs/px4_msgs/msg/detail/sensor_mag__traits.hpp\n'}
[6.416519] (px4_msgs) StdoutLine: {'line': b'-- Up-to-date symlink: /home/giromi/Repos/VTOL/ws_sensor_combined_src/install/px4_msgs/include/px4_msgs/px4_msgs/msg/detail/sensor_optical_flow__builder.hpp\n'}
[6.416657] (px4_msgs) StdoutLine: {'line': b'-- Up-to-date symlink: /home/giromi/Repos/VTOL/ws_sensor_combined_src/install/px4_msgs/include/px4_msgs/px4_msgs/msg/detail/sensor_optical_flow__struct.hpp\n'}
[6.416793] (px4_msgs) StdoutLine: {'line': b'-- Up-to-date symlink: /home/giromi/Repos/VTOL/ws_sensor_combined_src/install/px4_msgs/include/px4_msgs/px4_msgs/msg/detail/sensor_optical_flow__traits.hpp\n'}
[6.416931] (px4_msgs) StdoutLine: {'line': b'-- Up-to-date symlink: /home/giromi/Repos/VTOL/ws_sensor_combined_src/install/px4_msgs/include/px4_msgs/px4_msgs/msg/detail/sensor_preflight_mag__builder.hpp\n'}
[6.417068] (px4_msgs) StdoutLine: {'line': b'-- Up-to-date symlink: /home/giromi/Repos/VTOL/ws_sensor_combined_src/install/px4_msgs/include/px4_msgs/px4_msgs/msg/detail/sensor_preflight_mag__struct.hpp\n'}
[6.417206] (px4_msgs) StdoutLine: {'line': b'-- Up-to-date symlink: /home/giromi/Repos/VTOL/ws_sensor_combined_src/install/px4_msgs/include/px4_msgs/px4_msgs/msg/detail/sensor_preflight_mag__traits.hpp\n'}
[6.417345] (px4_msgs) StdoutLine: {'line': b'-- Up-to-date symlink: /home/giromi/Repos/VTOL/ws_sensor_combined_src/install/px4_msgs/include/px4_msgs/px4_msgs/msg/detail/sensor_selection__builder.hpp\n'}
[6.417486] (px4_msgs) StdoutLine: {'line': b'-- Up-to-date symlink: /home/giromi/Repos/VTOL/ws_sensor_combined_src/install/px4_msgs/include/px4_msgs/px4_msgs/msg/detail/sensor_selection__struct.hpp\n'}
[6.417624] (px4_msgs) StdoutLine: {'line': b'-- Up-to-date symlink: /home/giromi/Repos/VTOL/ws_sensor_combined_src/install/px4_msgs/include/px4_msgs/px4_msgs/msg/detail/sensor_selection__traits.hpp\n'}
[6.417762] (px4_msgs) StdoutLine: {'line': b'-- Up-to-date symlink: /home/giromi/Repos/VTOL/ws_sensor_combined_src/install/px4_msgs/include/px4_msgs/px4_msgs/msg/detail/sensor_uwb__builder.hpp\n'}
[6.417897] (px4_msgs) StdoutLine: {'line': b'-- Up-to-date symlink: /home/giromi/Repos/VTOL/ws_sensor_combined_src/install/px4_msgs/include/px4_msgs/px4_msgs/msg/detail/sensor_uwb__struct.hpp\n'}
[6.418034] (px4_msgs) StdoutLine: {'line': b'-- Up-to-date symlink: /home/giromi/Repos/VTOL/ws_sensor_combined_src/install/px4_msgs/include/px4_msgs/px4_msgs/msg/detail/sensor_uwb__traits.hpp\n'}
[6.418170] (px4_msgs) StdoutLine: {'line': b'-- Up-to-date symlink: /home/giromi/Repos/VTOL/ws_sensor_combined_src/install/px4_msgs/include/px4_msgs/px4_msgs/msg/detail/sensors_status__builder.hpp\n'}
[6.418307] (px4_msgs) StdoutLine: {'line': b'-- Up-to-date symlink: /home/giromi/Repos/VTOL/ws_sensor_combined_src/install/px4_msgs/include/px4_msgs/px4_msgs/msg/detail/sensors_status__struct.hpp\n'}
[6.418443] (px4_msgs) StdoutLine: {'line': b'-- Up-to-date symlink: /home/giromi/Repos/VTOL/ws_sensor_combined_src/install/px4_msgs/include/px4_msgs/px4_msgs/msg/detail/sensors_status__traits.hpp\n'}
[6.418659] (px4_msgs) StdoutLine: {'line': b'-- Up-to-date symlink: /home/giromi/Repos/VTOL/ws_sensor_combined_src/install/px4_msgs/include/px4_msgs/px4_msgs/msg/detail/sensors_status_imu__builder.hpp\n'}
[6.418795] (px4_msgs) StdoutLine: {'line': b'-- Up-to-date symlink: /home/giromi/Repos/VTOL/ws_sensor_combined_src/install/px4_msgs/include/px4_msgs/px4_msgs/msg/detail/sensors_status_imu__struct.hpp\n'}
[6.418930] (px4_msgs) StdoutLine: {'line': b'-- Up-to-date symlink: /home/giromi/Repos/VTOL/ws_sensor_combined_src/install/px4_msgs/include/px4_msgs/px4_msgs/msg/detail/sensors_status_imu__traits.hpp\n'}
[6.419069] (px4_msgs) StdoutLine: {'line': b'-- Up-to-date symlink: /home/giromi/Repos/VTOL/ws_sensor_combined_src/install/px4_msgs/include/px4_msgs/px4_msgs/msg/detail/system_power__builder.hpp\n'}
[6.419212] (px4_msgs) StdoutLine: {'line': b'-- Up-to-date symlink: /home/giromi/Repos/VTOL/ws_sensor_combined_src/install/px4_msgs/include/px4_msgs/px4_msgs/msg/detail/system_power__struct.hpp\n'}
[6.419347] (px4_msgs) StdoutLine: {'line': b'-- Up-to-date symlink: /home/giromi/Repos/VTOL/ws_sensor_combined_src/install/px4_msgs/include/px4_msgs/px4_msgs/msg/detail/system_power__traits.hpp\n'}
[6.419483] (px4_msgs) StdoutLine: {'line': b'-- Up-to-date symlink: /home/giromi/Repos/VTOL/ws_sensor_combined_src/install/px4_msgs/include/px4_msgs/px4_msgs/msg/detail/takeoff_status__builder.hpp\n'}
[6.419620] (px4_msgs) StdoutLine: {'line': b'-- Up-to-date symlink: /home/giromi/Repos/VTOL/ws_sensor_combined_src/install/px4_msgs/include/px4_msgs/px4_msgs/msg/detail/takeoff_status__struct.hpp\n'}
[6.419755] (px4_msgs) StdoutLine: {'line': b'-- Up-to-date symlink: /home/giromi/Repos/VTOL/ws_sensor_combined_src/install/px4_msgs/include/px4_msgs/px4_msgs/msg/detail/takeoff_status__traits.hpp\n'}
[6.419893] (px4_msgs) StdoutLine: {'line': b'-- Up-to-date symlink: /home/giromi/Repos/VTOL/ws_sensor_combined_src/install/px4_msgs/include/px4_msgs/px4_msgs/msg/detail/task_stack_info__builder.hpp\n'}
[6.420029] (px4_msgs) StdoutLine: {'line': b'-- Up-to-date symlink: /home/giromi/Repos/VTOL/ws_sensor_combined_src/install/px4_msgs/include/px4_msgs/px4_msgs/msg/detail/task_stack_info__struct.hpp\n'}
[6.420166] (px4_msgs) StdoutLine: {'line': b'-- Up-to-date symlink: /home/giromi/Repos/VTOL/ws_sensor_combined_src/install/px4_msgs/include/px4_msgs/px4_msgs/msg/detail/task_stack_info__traits.hpp\n'}
[6.420298] (px4_msgs) StdoutLine: {'line': b'-- Up-to-date symlink: /home/giromi/Repos/VTOL/ws_sensor_combined_src/install/px4_msgs/include/px4_msgs/px4_msgs/msg/detail/tecs_status__builder.hpp\n'}
[6.420437] (px4_msgs) StdoutLine: {'line': b'-- Up-to-date symlink: /home/giromi/Repos/VTOL/ws_sensor_combined_src/install/px4_msgs/include/px4_msgs/px4_msgs/msg/detail/tecs_status__struct.hpp\n'}
[6.420571] (px4_msgs) StdoutLine: {'line': b'-- Up-to-date symlink: /home/giromi/Repos/VTOL/ws_sensor_combined_src/install/px4_msgs/include/px4_msgs/px4_msgs/msg/detail/tecs_status__traits.hpp\n'}
[6.420709] (px4_msgs) StdoutLine: {'line': b'-- Up-to-date symlink: /home/giromi/Repos/VTOL/ws_sensor_combined_src/install/px4_msgs/include/px4_msgs/px4_msgs/msg/detail/telemetry_status__builder.hpp\n'}
[6.420847] (px4_msgs) StdoutLine: {'line': b'-- Up-to-date symlink: /home/giromi/Repos/VTOL/ws_sensor_combined_src/install/px4_msgs/include/px4_msgs/px4_msgs/msg/detail/telemetry_status__struct.hpp\n'}
[6.420984] (px4_msgs) StdoutLine: {'line': b'-- Up-to-date symlink: /home/giromi/Repos/VTOL/ws_sensor_combined_src/install/px4_msgs/include/px4_msgs/px4_msgs/msg/detail/telemetry_status__traits.hpp\n'}
[6.421120] (px4_msgs) StdoutLine: {'line': b'-- Up-to-date symlink: /home/giromi/Repos/VTOL/ws_sensor_combined_src/install/px4_msgs/include/px4_msgs/px4_msgs/msg/detail/tiltrotor_extra_controls__builder.hpp\n'}
[6.421260] (px4_msgs) StdoutLine: {'line': b'-- Up-to-date symlink: /home/giromi/Repos/VTOL/ws_sensor_combined_src/install/px4_msgs/include/px4_msgs/px4_msgs/msg/detail/tiltrotor_extra_controls__struct.hpp\n'}
[6.421399] (px4_msgs) StdoutLine: {'line': b'-- Up-to-date symlink: /home/giromi/Repos/VTOL/ws_sensor_combined_src/install/px4_msgs/include/px4_msgs/px4_msgs/msg/detail/tiltrotor_extra_controls__traits.hpp\n'}
[6.421535] (px4_msgs) StdoutLine: {'line': b'-- Up-to-date symlink: /home/giromi/Repos/VTOL/ws_sensor_combined_src/install/px4_msgs/include/px4_msgs/px4_msgs/msg/detail/timesync_status__builder.hpp\n'}
[6.421676] (px4_msgs) StdoutLine: {'line': b'-- Up-to-date symlink: /home/giromi/Repos/VTOL/ws_sensor_combined_src/install/px4_msgs/include/px4_msgs/px4_msgs/msg/detail/timesync_status__struct.hpp\n'}
[6.421812] (px4_msgs) StdoutLine: {'line': b'-- Up-to-date symlink: /home/giromi/Repos/VTOL/ws_sensor_combined_src/install/px4_msgs/include/px4_msgs/px4_msgs/msg/detail/timesync_status__traits.hpp\n'}
[6.421958] (px4_msgs) StdoutLine: {'line': b'-- Up-to-date symlink: /home/giromi/Repos/VTOL/ws_sensor_combined_src/install/px4_msgs/include/px4_msgs/px4_msgs/msg/detail/trajectory_bezier__builder.hpp\n'}
[6.422120] (px4_msgs) StdoutLine: {'line': b'-- Up-to-date symlink: /home/giromi/Repos/VTOL/ws_sensor_combined_src/install/px4_msgs/include/px4_msgs/px4_msgs/msg/detail/trajectory_bezier__struct.hpp\n'}
[6.422271] (px4_msgs) StdoutLine: {'line': b'-- Up-to-date symlink: /home/giromi/Repos/VTOL/ws_sensor_combined_src/install/px4_msgs/include/px4_msgs/px4_msgs/msg/detail/trajectory_bezier__traits.hpp\n'}
[6.422408] (px4_msgs) StdoutLine: {'line': b'-- Up-to-date symlink: /home/giromi/Repos/VTOL/ws_sensor_combined_src/install/px4_msgs/include/px4_msgs/px4_msgs/msg/detail/trajectory_setpoint__builder.hpp\n'}
[6.422597] (px4_msgs) StdoutLine: {'line': b'-- Up-to-date symlink: /home/giromi/Repos/VTOL/ws_sensor_combined_src/install/px4_msgs/include/px4_msgs/px4_msgs/msg/detail/trajectory_setpoint__struct.hpp\n'}
[6.422736] (px4_msgs) StdoutLine: {'line': b'-- Up-to-date symlink: /home/giromi/Repos/VTOL/ws_sensor_combined_src/install/px4_msgs/include/px4_msgs/px4_msgs/msg/detail/trajectory_setpoint__traits.hpp\n'}
[6.422875] (px4_msgs) StdoutLine: {'line': b'-- Up-to-date symlink: /home/giromi/Repos/VTOL/ws_sensor_combined_src/install/px4_msgs/include/px4_msgs/px4_msgs/msg/detail/trajectory_waypoint__builder.hpp\n'}
[6.423009] (px4_msgs) StdoutLine: {'line': b'-- Up-to-date symlink: /home/giromi/Repos/VTOL/ws_sensor_combined_src/install/px4_msgs/include/px4_msgs/px4_msgs/msg/detail/trajectory_waypoint__struct.hpp\n'}
[6.423146] (px4_msgs) StdoutLine: {'line': b'-- Up-to-date symlink: /home/giromi/Repos/VTOL/ws_sensor_combined_src/install/px4_msgs/include/px4_msgs/px4_msgs/msg/detail/trajectory_waypoint__traits.hpp\n'}
[6.423304] (px4_msgs) StdoutLine: {'line': b'-- Up-to-date symlink: /home/giromi/Repos/VTOL/ws_sensor_combined_src/install/px4_msgs/include/px4_msgs/px4_msgs/msg/detail/transponder_report__builder.hpp\n'}
[6.423442] (px4_msgs) StdoutLine: {'line': b'-- Up-to-date symlink: /home/giromi/Repos/VTOL/ws_sensor_combined_src/install/px4_msgs/include/px4_msgs/px4_msgs/msg/detail/transponder_report__struct.hpp\n'}
[6.423581] (px4_msgs) StdoutLine: {'line': b'-- Up-to-date symlink: /home/giromi/Repos/VTOL/ws_sensor_combined_src/install/px4_msgs/include/px4_msgs/px4_msgs/msg/detail/transponder_report__traits.hpp\n'}
[6.423725] (px4_msgs) StdoutLine: {'line': b'-- Up-to-date symlink: /home/giromi/Repos/VTOL/ws_sensor_combined_src/install/px4_msgs/include/px4_msgs/px4_msgs/msg/detail/tune_control__builder.hpp\n'}
[6.423860] (px4_msgs) StdoutLine: {'line': b'-- Up-to-date symlink: /home/giromi/Repos/VTOL/ws_sensor_combined_src/install/px4_msgs/include/px4_msgs/px4_msgs/msg/detail/tune_control__struct.hpp\n'}
[6.423997] (px4_msgs) StdoutLine: {'line': b'-- Up-to-date symlink: /home/giromi/Repos/VTOL/ws_sensor_combined_src/install/px4_msgs/include/px4_msgs/px4_msgs/msg/detail/tune_control__traits.hpp\n'}
[6.424137] (px4_msgs) StdoutLine: {'line': b'-- Up-to-date symlink: /home/giromi/Repos/VTOL/ws_sensor_combined_src/install/px4_msgs/include/px4_msgs/px4_msgs/msg/detail/uavcan_parameter_request__builder.hpp\n'}
[6.424273] (px4_msgs) StdoutLine: {'line': b'-- Up-to-date symlink: /home/giromi/Repos/VTOL/ws_sensor_combined_src/install/px4_msgs/include/px4_msgs/px4_msgs/msg/detail/uavcan_parameter_request__struct.hpp\n'}
[6.424411] (px4_msgs) StdoutLine: {'line': b'-- Up-to-date symlink: /home/giromi/Repos/VTOL/ws_sensor_combined_src/install/px4_msgs/include/px4_msgs/px4_msgs/msg/detail/uavcan_parameter_request__traits.hpp\n'}
[6.424548] (px4_msgs) StdoutLine: {'line': b'-- Up-to-date symlink: /home/giromi/Repos/VTOL/ws_sensor_combined_src/install/px4_msgs/include/px4_msgs/px4_msgs/msg/detail/uavcan_parameter_value__builder.hpp\n'}
[6.424721] (px4_msgs) StdoutLine: {'line': b'-- Up-to-date symlink: /home/giromi/Repos/VTOL/ws_sensor_combined_src/install/px4_msgs/include/px4_msgs/px4_msgs/msg/detail/uavcan_parameter_value__struct.hpp\n'}
[6.424896] (px4_msgs) StdoutLine: {'line': b'-- Up-to-date symlink: /home/giromi/Repos/VTOL/ws_sensor_combined_src/install/px4_msgs/include/px4_msgs/px4_msgs/msg/detail/uavcan_parameter_value__traits.hpp\n'}
[6.425034] (px4_msgs) StdoutLine: {'line': b'-- Up-to-date symlink: /home/giromi/Repos/VTOL/ws_sensor_combined_src/install/px4_msgs/include/px4_msgs/px4_msgs/msg/detail/ulog_stream__builder.hpp\n'}
[6.425188] (px4_msgs) StdoutLine: {'line': b'-- Up-to-date symlink: /home/giromi/Repos/VTOL/ws_sensor_combined_src/install/px4_msgs/include/px4_msgs/px4_msgs/msg/detail/ulog_stream__struct.hpp\n'}
[6.425329] (px4_msgs) StdoutLine: {'line': b'-- Up-to-date symlink: /home/giromi/Repos/VTOL/ws_sensor_combined_src/install/px4_msgs/include/px4_msgs/px4_msgs/msg/detail/ulog_stream__traits.hpp\n'}
[6.425470] (px4_msgs) StdoutLine: {'line': b'-- Up-to-date symlink: /home/giromi/Repos/VTOL/ws_sensor_combined_src/install/px4_msgs/include/px4_msgs/px4_msgs/msg/detail/ulog_stream_ack__builder.hpp\n'}
[6.425613] (px4_msgs) StdoutLine: {'line': b'-- Up-to-date symlink: /home/giromi/Repos/VTOL/ws_sensor_combined_src/install/px4_msgs/include/px4_msgs/px4_msgs/msg/detail/ulog_stream_ack__struct.hpp\n'}
[6.425754] (px4_msgs) StdoutLine: {'line': b'-- Up-to-date symlink: /home/giromi/Repos/VTOL/ws_sensor_combined_src/install/px4_msgs/include/px4_msgs/px4_msgs/msg/detail/ulog_stream_ack__traits.hpp\n'}
[6.425897] (px4_msgs) StdoutLine: {'line': b'-- Up-to-date symlink: /home/giromi/Repos/VTOL/ws_sensor_combined_src/install/px4_msgs/include/px4_msgs/px4_msgs/msg/detail/unregister_ext_component__builder.hpp\n'}
[6.426051] (px4_msgs) StdoutLine: {'line': b'-- Up-to-date symlink: /home/giromi/Repos/VTOL/ws_sensor_combined_src/install/px4_msgs/include/px4_msgs/px4_msgs/msg/detail/unregister_ext_component__struct.hpp\n'}
[6.426189] (px4_msgs) StdoutLine: {'line': b'-- Up-to-date symlink: /home/giromi/Repos/VTOL/ws_sensor_combined_src/install/px4_msgs/include/px4_msgs/px4_msgs/msg/detail/unregister_ext_component__traits.hpp\n'}
[6.426324] (px4_msgs) StdoutLine: {'line': b'-- Up-to-date symlink: /home/giromi/Repos/VTOL/ws_sensor_combined_src/install/px4_msgs/include/px4_msgs/px4_msgs/msg/detail/vehicle_acceleration__builder.hpp\n'}
[6.426498] (px4_msgs) StdoutLine: {'line': b'-- Up-to-date symlink: /home/giromi/Repos/VTOL/ws_sensor_combined_src/install/px4_msgs/include/px4_msgs/px4_msgs/msg/detail/vehicle_acceleration__struct.hpp\n'}
[6.426655] (px4_msgs) StdoutLine: {'line': b'-- Up-to-date symlink: /home/giromi/Repos/VTOL/ws_sensor_combined_src/install/px4_msgs/include/px4_msgs/px4_msgs/msg/detail/vehicle_acceleration__traits.hpp\n'}
[6.426794] (px4_msgs) StdoutLine: {'line': b'-- Up-to-date symlink: /home/giromi/Repos/VTOL/ws_sensor_combined_src/install/px4_msgs/include/px4_msgs/px4_msgs/msg/detail/vehicle_air_data__builder.hpp\n'}
[6.426931] (px4_msgs) StdoutLine: {'line': b'-- Up-to-date symlink: /home/giromi/Repos/VTOL/ws_sensor_combined_src/install/px4_msgs/include/px4_msgs/px4_msgs/msg/detail/vehicle_air_data__struct.hpp\n'}
[6.427068] (px4_msgs) StdoutLine: {'line': b'-- Up-to-date symlink: /home/giromi/Repos/VTOL/ws_sensor_combined_src/install/px4_msgs/include/px4_msgs/px4_msgs/msg/detail/vehicle_air_data__traits.hpp\n'}
[6.427211] (px4_msgs) StdoutLine: {'line': b'-- Up-to-date symlink: /home/giromi/Repos/VTOL/ws_sensor_combined_src/install/px4_msgs/include/px4_msgs/px4_msgs/msg/detail/vehicle_angular_acceleration_setpoint__builder.hpp\n'}
[6.427345] (px4_msgs) StdoutLine: {'line': b'-- Up-to-date symlink: /home/giromi/Repos/VTOL/ws_sensor_combined_src/install/px4_msgs/include/px4_msgs/px4_msgs/msg/detail/vehicle_angular_acceleration_setpoint__struct.hpp\n'}
[6.427488] (px4_msgs) StdoutLine: {'line': b'-- Up-to-date symlink: /home/giromi/Repos/VTOL/ws_sensor_combined_src/install/px4_msgs/include/px4_msgs/px4_msgs/msg/detail/vehicle_angular_acceleration_setpoint__traits.hpp\n'}
[6.427626] (px4_msgs) StdoutLine: {'line': b'-- Up-to-date symlink: /home/giromi/Repos/VTOL/ws_sensor_combined_src/install/px4_msgs/include/px4_msgs/px4_msgs/msg/detail/vehicle_angular_velocity__builder.hpp\n'}
[6.427763] (px4_msgs) StdoutLine: {'line': b'-- Up-to-date symlink: /home/giromi/Repos/VTOL/ws_sensor_combined_src/install/px4_msgs/include/px4_msgs/px4_msgs/msg/detail/vehicle_angular_velocity__struct.hpp\n'}
[6.427900] (px4_msgs) StdoutLine: {'line': b'-- Up-to-date symlink: /home/giromi/Repos/VTOL/ws_sensor_combined_src/install/px4_msgs/include/px4_msgs/px4_msgs/msg/detail/vehicle_angular_velocity__traits.hpp\n'}
[6.428039] (px4_msgs) StdoutLine: {'line': b'-- Up-to-date symlink: /home/giromi/Repos/VTOL/ws_sensor_combined_src/install/px4_msgs/include/px4_msgs/px4_msgs/msg/detail/vehicle_attitude__builder.hpp\n'}
[6.428179] (px4_msgs) StdoutLine: {'line': b'-- Up-to-date symlink: /home/giromi/Repos/VTOL/ws_sensor_combined_src/install/px4_msgs/include/px4_msgs/px4_msgs/msg/detail/vehicle_attitude__struct.hpp\n'}
[6.428318] (px4_msgs) StdoutLine: {'line': b'-- Up-to-date symlink: /home/giromi/Repos/VTOL/ws_sensor_combined_src/install/px4_msgs/include/px4_msgs/px4_msgs/msg/detail/vehicle_attitude__traits.hpp\n'}
[6.428457] (px4_msgs) StdoutLine: {'line': b'-- Up-to-date symlink: /home/giromi/Repos/VTOL/ws_sensor_combined_src/install/px4_msgs/include/px4_msgs/px4_msgs/msg/detail/vehicle_attitude_setpoint__builder.hpp\n'}
[6.428594] (px4_msgs) StdoutLine: {'line': b'-- Up-to-date symlink: /home/giromi/Repos/VTOL/ws_sensor_combined_src/install/px4_msgs/include/px4_msgs/px4_msgs/msg/detail/vehicle_attitude_setpoint__struct.hpp\n'}
[6.428731] (px4_msgs) StdoutLine: {'line': b'-- Up-to-date symlink: /home/giromi/Repos/VTOL/ws_sensor_combined_src/install/px4_msgs/include/px4_msgs/px4_msgs/msg/detail/vehicle_attitude_setpoint__traits.hpp\n'}
[6.428871] (px4_msgs) StdoutLine: {'line': b'-- Up-to-date symlink: /home/giromi/Repos/VTOL/ws_sensor_combined_src/install/px4_msgs/include/px4_msgs/px4_msgs/msg/detail/vehicle_command__builder.hpp\n'}
[6.429009] (px4_msgs) StdoutLine: {'line': b'-- Up-to-date symlink: /home/giromi/Repos/VTOL/ws_sensor_combined_src/install/px4_msgs/include/px4_msgs/px4_msgs/msg/detail/vehicle_command__struct.hpp\n'}
[6.429148] (px4_msgs) StdoutLine: {'line': b'-- Up-to-date symlink: /home/giromi/Repos/VTOL/ws_sensor_combined_src/install/px4_msgs/include/px4_msgs/px4_msgs/msg/detail/vehicle_command__traits.hpp\n'}
[6.429287] (px4_msgs) StdoutLine: {'line': b'-- Up-to-date symlink: /home/giromi/Repos/VTOL/ws_sensor_combined_src/install/px4_msgs/include/px4_msgs/px4_msgs/msg/detail/vehicle_command_ack__builder.hpp\n'}
[6.429424] (px4_msgs) StdoutLine: {'line': b'-- Up-to-date symlink: /home/giromi/Repos/VTOL/ws_sensor_combined_src/install/px4_msgs/include/px4_msgs/px4_msgs/msg/detail/vehicle_command_ack__struct.hpp\n'}
[6.429562] (px4_msgs) StdoutLine: {'line': b'-- Up-to-date symlink: /home/giromi/Repos/VTOL/ws_sensor_combined_src/install/px4_msgs/include/px4_msgs/px4_msgs/msg/detail/vehicle_command_ack__traits.hpp\n'}
[6.429699] (px4_msgs) StdoutLine: {'line': b'-- Up-to-date symlink: /home/giromi/Repos/VTOL/ws_sensor_combined_src/install/px4_msgs/include/px4_msgs/px4_msgs/msg/detail/vehicle_constraints__builder.hpp\n'}
[6.429835] (px4_msgs) StdoutLine: {'line': b'-- Up-to-date symlink: /home/giromi/Repos/VTOL/ws_sensor_combined_src/install/px4_msgs/include/px4_msgs/px4_msgs/msg/detail/vehicle_constraints__struct.hpp\n'}
[6.429972] (px4_msgs) StdoutLine: {'line': b'-- Up-to-date symlink: /home/giromi/Repos/VTOL/ws_sensor_combined_src/install/px4_msgs/include/px4_msgs/px4_msgs/msg/detail/vehicle_constraints__traits.hpp\n'}
[6.430108] (px4_msgs) StdoutLine: {'line': b'-- Up-to-date symlink: /home/giromi/Repos/VTOL/ws_sensor_combined_src/install/px4_msgs/include/px4_msgs/px4_msgs/msg/detail/vehicle_control_mode__builder.hpp\n'}
[6.430250] (px4_msgs) StdoutLine: {'line': b'-- Up-to-date symlink: /home/giromi/Repos/VTOL/ws_sensor_combined_src/install/px4_msgs/include/px4_msgs/px4_msgs/msg/detail/vehicle_control_mode__struct.hpp\n'}
[6.430387] (px4_msgs) StdoutLine: {'line': b'-- Up-to-date symlink: /home/giromi/Repos/VTOL/ws_sensor_combined_src/install/px4_msgs/include/px4_msgs/px4_msgs/msg/detail/vehicle_control_mode__traits.hpp\n'}
[6.430572] (px4_msgs) StdoutLine: {'line': b'-- Up-to-date symlink: /home/giromi/Repos/VTOL/ws_sensor_combined_src/install/px4_msgs/include/px4_msgs/px4_msgs/msg/detail/vehicle_global_position__builder.hpp\n'}
[6.430717] (px4_msgs) StdoutLine: {'line': b'-- Up-to-date symlink: /home/giromi/Repos/VTOL/ws_sensor_combined_src/install/px4_msgs/include/px4_msgs/px4_msgs/msg/detail/vehicle_global_position__struct.hpp\n'}
[6.430855] (px4_msgs) StdoutLine: {'line': b'-- Up-to-date symlink: /home/giromi/Repos/VTOL/ws_sensor_combined_src/install/px4_msgs/include/px4_msgs/px4_msgs/msg/detail/vehicle_global_position__traits.hpp\n'}
[6.430999] (px4_msgs) StdoutLine: {'line': b'-- Up-to-date symlink: /home/giromi/Repos/VTOL/ws_sensor_combined_src/install/px4_msgs/include/px4_msgs/px4_msgs/msg/detail/vehicle_imu__builder.hpp\n'}
[6.431139] (px4_msgs) StdoutLine: {'line': b'-- Up-to-date symlink: /home/giromi/Repos/VTOL/ws_sensor_combined_src/install/px4_msgs/include/px4_msgs/px4_msgs/msg/detail/vehicle_imu__struct.hpp\n'}
[6.431276] (px4_msgs) StdoutLine: {'line': b'-- Up-to-date symlink: /home/giromi/Repos/VTOL/ws_sensor_combined_src/install/px4_msgs/include/px4_msgs/px4_msgs/msg/detail/vehicle_imu__traits.hpp\n'}
[6.431413] (px4_msgs) StdoutLine: {'line': b'-- Up-to-date symlink: /home/giromi/Repos/VTOL/ws_sensor_combined_src/install/px4_msgs/include/px4_msgs/px4_msgs/msg/detail/vehicle_imu_status__builder.hpp\n'}
[6.431552] (px4_msgs) StdoutLine: {'line': b'-- Up-to-date symlink: /home/giromi/Repos/VTOL/ws_sensor_combined_src/install/px4_msgs/include/px4_msgs/px4_msgs/msg/detail/vehicle_imu_status__struct.hpp\n'}
[6.431688] (px4_msgs) StdoutLine: {'line': b'-- Up-to-date symlink: /home/giromi/Repos/VTOL/ws_sensor_combined_src/install/px4_msgs/include/px4_msgs/px4_msgs/msg/detail/vehicle_imu_status__traits.hpp\n'}
[6.431824] (px4_msgs) StdoutLine: {'line': b'-- Up-to-date symlink: /home/giromi/Repos/VTOL/ws_sensor_combined_src/install/px4_msgs/include/px4_msgs/px4_msgs/msg/detail/vehicle_land_detected__builder.hpp\n'}
[6.431967] (px4_msgs) StdoutLine: {'line': b'-- Up-to-date symlink: /home/giromi/Repos/VTOL/ws_sensor_combined_src/install/px4_msgs/include/px4_msgs/px4_msgs/msg/detail/vehicle_land_detected__struct.hpp\n'}
[6.432103] (px4_msgs) StdoutLine: {'line': b'-- Up-to-date symlink: /home/giromi/Repos/VTOL/ws_sensor_combined_src/install/px4_msgs/include/px4_msgs/px4_msgs/msg/detail/vehicle_land_detected__traits.hpp\n'}
[6.432241] (px4_msgs) StdoutLine: {'line': b'-- Up-to-date symlink: /home/giromi/Repos/VTOL/ws_sensor_combined_src/install/px4_msgs/include/px4_msgs/px4_msgs/msg/detail/vehicle_local_position__builder.hpp\n'}
[6.432377] (px4_msgs) StdoutLine: {'line': b'-- Up-to-date symlink: /home/giromi/Repos/VTOL/ws_sensor_combined_src/install/px4_msgs/include/px4_msgs/px4_msgs/msg/detail/vehicle_local_position__struct.hpp\n'}
[6.432515] (px4_msgs) StdoutLine: {'line': b'-- Up-to-date symlink: /home/giromi/Repos/VTOL/ws_sensor_combined_src/install/px4_msgs/include/px4_msgs/px4_msgs/msg/detail/vehicle_local_position__traits.hpp\n'}
[6.432650] (px4_msgs) StdoutLine: {'line': b'-- Up-to-date symlink: /home/giromi/Repos/VTOL/ws_sensor_combined_src/install/px4_msgs/include/px4_msgs/px4_msgs/msg/detail/vehicle_local_position_setpoint__builder.hpp\n'}
[6.432789] (px4_msgs) StdoutLine: {'line': b'-- Up-to-date symlink: /home/giromi/Repos/VTOL/ws_sensor_combined_src/install/px4_msgs/include/px4_msgs/px4_msgs/msg/detail/vehicle_local_position_setpoint__struct.hpp\n'}
[6.432925] (px4_msgs) StdoutLine: {'line': b'-- Up-to-date symlink: /home/giromi/Repos/VTOL/ws_sensor_combined_src/install/px4_msgs/include/px4_msgs/px4_msgs/msg/detail/vehicle_local_position_setpoint__traits.hpp\n'}
[6.433063] (px4_msgs) StdoutLine: {'line': b'-- Up-to-date symlink: /home/giromi/Repos/VTOL/ws_sensor_combined_src/install/px4_msgs/include/px4_msgs/px4_msgs/msg/detail/vehicle_magnetometer__builder.hpp\n'}
[6.433201] (px4_msgs) StdoutLine: {'line': b'-- Up-to-date symlink: /home/giromi/Repos/VTOL/ws_sensor_combined_src/install/px4_msgs/include/px4_msgs/px4_msgs/msg/detail/vehicle_magnetometer__struct.hpp\n'}
[6.433339] (px4_msgs) StdoutLine: {'line': b'-- Up-to-date symlink: /home/giromi/Repos/VTOL/ws_sensor_combined_src/install/px4_msgs/include/px4_msgs/px4_msgs/msg/detail/vehicle_magnetometer__traits.hpp\n'}
[6.433475] (px4_msgs) StdoutLine: {'line': b'-- Up-to-date symlink: /home/giromi/Repos/VTOL/ws_sensor_combined_src/install/px4_msgs/include/px4_msgs/px4_msgs/msg/detail/vehicle_odometry__builder.hpp\n'}
[6.433621] (px4_msgs) StdoutLine: {'line': b'-- Up-to-date symlink: /home/giromi/Repos/VTOL/ws_sensor_combined_src/install/px4_msgs/include/px4_msgs/px4_msgs/msg/detail/vehicle_odometry__struct.hpp\n'}
[6.433759] (px4_msgs) StdoutLine: {'line': b'-- Up-to-date symlink: /home/giromi/Repos/VTOL/ws_sensor_combined_src/install/px4_msgs/include/px4_msgs/px4_msgs/msg/detail/vehicle_odometry__traits.hpp\n'}
[6.433894] (px4_msgs) StdoutLine: {'line': b'-- Up-to-date symlink: /home/giromi/Repos/VTOL/ws_sensor_combined_src/install/px4_msgs/include/px4_msgs/px4_msgs/msg/detail/vehicle_optical_flow__builder.hpp\n'}
[6.434033] (px4_msgs) StdoutLine: {'line': b'-- Up-to-date symlink: /home/giromi/Repos/VTOL/ws_sensor_combined_src/install/px4_msgs/include/px4_msgs/px4_msgs/msg/detail/vehicle_optical_flow__struct.hpp\n'}
[6.434170] (px4_msgs) StdoutLine: {'line': b'-- Up-to-date symlink: /home/giromi/Repos/VTOL/ws_sensor_combined_src/install/px4_msgs/include/px4_msgs/px4_msgs/msg/detail/vehicle_optical_flow__traits.hpp\n'}
[6.434306] (px4_msgs) StdoutLine: {'line': b'-- Up-to-date symlink: /home/giromi/Repos/VTOL/ws_sensor_combined_src/install/px4_msgs/include/px4_msgs/px4_msgs/msg/detail/vehicle_optical_flow_vel__builder.hpp\n'}
[6.434443] (px4_msgs) StdoutLine: {'line': b'-- Up-to-date symlink: /home/giromi/Repos/VTOL/ws_sensor_combined_src/install/px4_msgs/include/px4_msgs/px4_msgs/msg/detail/vehicle_optical_flow_vel__struct.hpp\n'}
[6.434655] (px4_msgs) StdoutLine: {'line': b'-- Up-to-date symlink: /home/giromi/Repos/VTOL/ws_sensor_combined_src/install/px4_msgs/include/px4_msgs/px4_msgs/msg/detail/vehicle_optical_flow_vel__traits.hpp\n'}
[6.434841] (px4_msgs) StdoutLine: {'line': b'-- Up-to-date symlink: /home/giromi/Repos/VTOL/ws_sensor_combined_src/install/px4_msgs/include/px4_msgs/px4_msgs/msg/detail/vehicle_rates_setpoint__builder.hpp\n'}
[6.434988] (px4_msgs) StdoutLine: {'line': b'-- Up-to-date symlink: /home/giromi/Repos/VTOL/ws_sensor_combined_src/install/px4_msgs/include/px4_msgs/px4_msgs/msg/detail/vehicle_rates_setpoint__struct.hpp\n'}
[6.435130] (px4_msgs) StdoutLine: {'line': b'-- Up-to-date symlink: /home/giromi/Repos/VTOL/ws_sensor_combined_src/install/px4_msgs/include/px4_msgs/px4_msgs/msg/detail/vehicle_rates_setpoint__traits.hpp\n'}
[6.435269] (px4_msgs) StdoutLine: {'line': b'-- Up-to-date symlink: /home/giromi/Repos/VTOL/ws_sensor_combined_src/install/px4_msgs/include/px4_msgs/px4_msgs/msg/detail/vehicle_roi__builder.hpp\n'}
[6.435410] (px4_msgs) StdoutLine: {'line': b'-- Up-to-date symlink: /home/giromi/Repos/VTOL/ws_sensor_combined_src/install/px4_msgs/include/px4_msgs/px4_msgs/msg/detail/vehicle_roi__struct.hpp\n'}
[6.435550] (px4_msgs) StdoutLine: {'line': b'-- Up-to-date symlink: /home/giromi/Repos/VTOL/ws_sensor_combined_src/install/px4_msgs/include/px4_msgs/px4_msgs/msg/detail/vehicle_roi__traits.hpp\n'}
[6.435687] (px4_msgs) StdoutLine: {'line': b'-- Up-to-date symlink: /home/giromi/Repos/VTOL/ws_sensor_combined_src/install/px4_msgs/include/px4_msgs/px4_msgs/msg/detail/vehicle_status__builder.hpp\n'}
[6.435843] (px4_msgs) StdoutLine: {'line': b'-- Up-to-date symlink: /home/giromi/Repos/VTOL/ws_sensor_combined_src/install/px4_msgs/include/px4_msgs/px4_msgs/msg/detail/vehicle_status__struct.hpp\n'}
[6.436033] (px4_msgs) StdoutLine: {'line': b'-- Up-to-date symlink: /home/giromi/Repos/VTOL/ws_sensor_combined_src/install/px4_msgs/include/px4_msgs/px4_msgs/msg/detail/vehicle_status__traits.hpp\n'}
[6.436170] (px4_msgs) StdoutLine: {'line': b'-- Up-to-date symlink: /home/giromi/Repos/VTOL/ws_sensor_combined_src/install/px4_msgs/include/px4_msgs/px4_msgs/msg/detail/vehicle_thrust_setpoint__builder.hpp\n'}
[6.436307] (px4_msgs) StdoutLine: {'line': b'-- Up-to-date symlink: /home/giromi/Repos/VTOL/ws_sensor_combined_src/install/px4_msgs/include/px4_msgs/px4_msgs/msg/detail/vehicle_thrust_setpoint__struct.hpp\n'}
[6.436445] (px4_msgs) StdoutLine: {'line': b'-- Up-to-date symlink: /home/giromi/Repos/VTOL/ws_sensor_combined_src/install/px4_msgs/include/px4_msgs/px4_msgs/msg/detail/vehicle_thrust_setpoint__traits.hpp\n'}
[6.436580] (px4_msgs) StdoutLine: {'line': b'-- Up-to-date symlink: /home/giromi/Repos/VTOL/ws_sensor_combined_src/install/px4_msgs/include/px4_msgs/px4_msgs/msg/detail/vehicle_torque_setpoint__builder.hpp\n'}
[6.436719] (px4_msgs) StdoutLine: {'line': b'-- Up-to-date symlink: /home/giromi/Repos/VTOL/ws_sensor_combined_src/install/px4_msgs/include/px4_msgs/px4_msgs/msg/detail/vehicle_torque_setpoint__struct.hpp\n'}
[6.436854] (px4_msgs) StdoutLine: {'line': b'-- Up-to-date symlink: /home/giromi/Repos/VTOL/ws_sensor_combined_src/install/px4_msgs/include/px4_msgs/px4_msgs/msg/detail/vehicle_torque_setpoint__traits.hpp\n'}
[6.436990] (px4_msgs) StdoutLine: {'line': b'-- Up-to-date symlink: /home/giromi/Repos/VTOL/ws_sensor_combined_src/install/px4_msgs/include/px4_msgs/px4_msgs/msg/detail/vehicle_trajectory_bezier__builder.hpp\n'}
[6.437133] (px4_msgs) StdoutLine: {'line': b'-- Up-to-date symlink: /home/giromi/Repos/VTOL/ws_sensor_combined_src/install/px4_msgs/include/px4_msgs/px4_msgs/msg/detail/vehicle_trajectory_bezier__struct.hpp\n'}
[6.437270] (px4_msgs) StdoutLine: {'line': b'-- Up-to-date symlink: /home/giromi/Repos/VTOL/ws_sensor_combined_src/install/px4_msgs/include/px4_msgs/px4_msgs/msg/detail/vehicle_trajectory_bezier__traits.hpp\n'}
[6.437406] (px4_msgs) StdoutLine: {'line': b'-- Up-to-date symlink: /home/giromi/Repos/VTOL/ws_sensor_combined_src/install/px4_msgs/include/px4_msgs/px4_msgs/msg/detail/vehicle_trajectory_waypoint__builder.hpp\n'}
[6.437543] (px4_msgs) StdoutLine: {'line': b'-- Up-to-date symlink: /home/giromi/Repos/VTOL/ws_sensor_combined_src/install/px4_msgs/include/px4_msgs/px4_msgs/msg/detail/vehicle_trajectory_waypoint__struct.hpp\n'}
[6.437679] (px4_msgs) StdoutLine: {'line': b'-- Up-to-date symlink: /home/giromi/Repos/VTOL/ws_sensor_combined_src/install/px4_msgs/include/px4_msgs/px4_msgs/msg/detail/vehicle_trajectory_waypoint__traits.hpp\n'}
[6.437821] (px4_msgs) StdoutLine: {'line': b'-- Up-to-date symlink: /home/giromi/Repos/VTOL/ws_sensor_combined_src/install/px4_msgs/include/px4_msgs/px4_msgs/msg/detail/velocity_limits__builder.hpp\n'}
[6.437962] (px4_msgs) StdoutLine: {'line': b'-- Up-to-date symlink: /home/giromi/Repos/VTOL/ws_sensor_combined_src/install/px4_msgs/include/px4_msgs/px4_msgs/msg/detail/velocity_limits__struct.hpp\n'}
[6.438100] (px4_msgs) StdoutLine: {'line': b'-- Up-to-date symlink: /home/giromi/Repos/VTOL/ws_sensor_combined_src/install/px4_msgs/include/px4_msgs/px4_msgs/msg/detail/velocity_limits__traits.hpp\n'}
[6.438242] (px4_msgs) StdoutLine: {'line': b'-- Up-to-date symlink: /home/giromi/Repos/VTOL/ws_sensor_combined_src/install/px4_msgs/include/px4_msgs/px4_msgs/msg/detail/vtol_vehicle_status__builder.hpp\n'}
[6.438387] (px4_msgs) StdoutLine: {'line': b'-- Up-to-date symlink: /home/giromi/Repos/VTOL/ws_sensor_combined_src/install/px4_msgs/include/px4_msgs/px4_msgs/msg/detail/vtol_vehicle_status__struct.hpp\n'}
[6.438590] (px4_msgs) StdoutLine: {'line': b'-- Up-to-date symlink: /home/giromi/Repos/VTOL/ws_sensor_combined_src/install/px4_msgs/include/px4_msgs/px4_msgs/msg/detail/vtol_vehicle_status__traits.hpp\n'}
[6.438730] (px4_msgs) StdoutLine: {'line': b'-- Up-to-date symlink: /home/giromi/Repos/VTOL/ws_sensor_combined_src/install/px4_msgs/include/px4_msgs/px4_msgs/msg/detail/wheel_encoders__builder.hpp\n'}
[6.438870] (px4_msgs) StdoutLine: {'line': b'-- Up-to-date symlink: /home/giromi/Repos/VTOL/ws_sensor_combined_src/install/px4_msgs/include/px4_msgs/px4_msgs/msg/detail/wheel_encoders__struct.hpp\n'}
[6.439007] (px4_msgs) StdoutLine: {'line': b'-- Up-to-date symlink: /home/giromi/Repos/VTOL/ws_sensor_combined_src/install/px4_msgs/include/px4_msgs/px4_msgs/msg/detail/wheel_encoders__traits.hpp\n'}
[6.439145] (px4_msgs) StdoutLine: {'line': b'-- Up-to-date symlink: /home/giromi/Repos/VTOL/ws_sensor_combined_src/install/px4_msgs/include/px4_msgs/px4_msgs/msg/detail/wind__builder.hpp\n'}
[6.439312] (px4_msgs) StdoutLine: {'line': b'-- Up-to-date symlink: /home/giromi/Repos/VTOL/ws_sensor_combined_src/install/px4_msgs/include/px4_msgs/px4_msgs/msg/detail/wind__struct.hpp\n'}
[6.439449] (px4_msgs) StdoutLine: {'line': b'-- Up-to-date symlink: /home/giromi/Repos/VTOL/ws_sensor_combined_src/install/px4_msgs/include/px4_msgs/px4_msgs/msg/detail/wind__traits.hpp\n'}
[6.439593] (px4_msgs) StdoutLine: {'line': b'-- Up-to-date symlink: /home/giromi/Repos/VTOL/ws_sensor_combined_src/install/px4_msgs/include/px4_msgs/px4_msgs/msg/detail/yaw_estimator_status__builder.hpp\n'}
[6.439732] (px4_msgs) StdoutLine: {'line': b'-- Up-to-date symlink: /home/giromi/Repos/VTOL/ws_sensor_combined_src/install/px4_msgs/include/px4_msgs/px4_msgs/msg/detail/yaw_estimator_status__struct.hpp\n'}
[6.439873] (px4_msgs) StdoutLine: {'line': b'-- Up-to-date symlink: /home/giromi/Repos/VTOL/ws_sensor_combined_src/install/px4_msgs/include/px4_msgs/px4_msgs/msg/detail/yaw_estimator_status__traits.hpp\n'}
[6.440007] (px4_msgs) StdoutLine: {'line': b'-- Up-to-date symlink: /home/giromi/Repos/VTOL/ws_sensor_combined_src/install/px4_msgs/include/px4_msgs/px4_msgs/msg/differential_drive_setpoint.hpp\n'}
[6.440139] (px4_msgs) StdoutLine: {'line': b'-- Up-to-date symlink: /home/giromi/Repos/VTOL/ws_sensor_combined_src/install/px4_msgs/include/px4_msgs/px4_msgs/msg/differential_pressure.hpp\n'}
[6.440271] (px4_msgs) StdoutLine: {'line': b'-- Up-to-date symlink: /home/giromi/Repos/VTOL/ws_sensor_combined_src/install/px4_msgs/include/px4_msgs/px4_msgs/msg/distance_sensor.hpp\n'}
[6.440402] (px4_msgs) StdoutLine: {'line': b'-- Up-to-date symlink: /home/giromi/Repos/VTOL/ws_sensor_combined_src/install/px4_msgs/include/px4_msgs/px4_msgs/msg/ekf2_timestamps.hpp\n'}
[6.440533] (px4_msgs) StdoutLine: {'line': b'-- Up-to-date symlink: /home/giromi/Repos/VTOL/ws_sensor_combined_src/install/px4_msgs/include/px4_msgs/px4_msgs/msg/esc_report.hpp\n'}
[6.440662] (px4_msgs) StdoutLine: {'line': b'-- Up-to-date symlink: /home/giromi/Repos/VTOL/ws_sensor_combined_src/install/px4_msgs/include/px4_msgs/px4_msgs/msg/esc_status.hpp\n'}
[6.440793] (px4_msgs) StdoutLine: {'line': b'-- Up-to-date symlink: /home/giromi/Repos/VTOL/ws_sensor_combined_src/install/px4_msgs/include/px4_msgs/px4_msgs/msg/estimator_aid_source1d.hpp\n'}
[6.440925] (px4_msgs) StdoutLine: {'line': b'-- Up-to-date symlink: /home/giromi/Repos/VTOL/ws_sensor_combined_src/install/px4_msgs/include/px4_msgs/px4_msgs/msg/estimator_aid_source2d.hpp\n'}
[6.441077] (px4_msgs) StdoutLine: {'line': b'-- Up-to-date symlink: /home/giromi/Repos/VTOL/ws_sensor_combined_src/install/px4_msgs/include/px4_msgs/px4_msgs/msg/estimator_aid_source3d.hpp\n'}
[6.441213] (px4_msgs) StdoutLine: {'line': b'-- Up-to-date symlink: /home/giromi/Repos/VTOL/ws_sensor_combined_src/install/px4_msgs/include/px4_msgs/px4_msgs/msg/estimator_bias.hpp\n'}
[6.441347] (px4_msgs) StdoutLine: {'line': b'-- Up-to-date symlink: /home/giromi/Repos/VTOL/ws_sensor_combined_src/install/px4_msgs/include/px4_msgs/px4_msgs/msg/estimator_bias3d.hpp\n'}
[6.441483] (px4_msgs) StdoutLine: {'line': b'-- Up-to-date symlink: /home/giromi/Repos/VTOL/ws_sensor_combined_src/install/px4_msgs/include/px4_msgs/px4_msgs/msg/estimator_event_flags.hpp\n'}
[6.441616] (px4_msgs) StdoutLine: {'line': b'-- Up-to-date symlink: /home/giromi/Repos/VTOL/ws_sensor_combined_src/install/px4_msgs/include/px4_msgs/px4_msgs/msg/estimator_gps_status.hpp\n'}
[6.441751] (px4_msgs) StdoutLine: {'line': b'-- Up-to-date symlink: /home/giromi/Repos/VTOL/ws_sensor_combined_src/install/px4_msgs/include/px4_msgs/px4_msgs/msg/estimator_innovations.hpp\n'}
[6.441907] (px4_msgs) StdoutLine: {'line': b'-- Up-to-date symlink: /home/giromi/Repos/VTOL/ws_sensor_combined_src/install/px4_msgs/include/px4_msgs/px4_msgs/msg/estimator_selector_status.hpp\n'}
[6.442032] (px4_msgs) StdoutLine: {'line': b'-- Up-to-date symlink: /home/giromi/Repos/VTOL/ws_sensor_combined_src/install/px4_msgs/include/px4_msgs/px4_msgs/msg/estimator_sensor_bias.hpp\n'}
[6.442256] (px4_msgs) StdoutLine: {'line': b'-- Up-to-date symlink: /home/giromi/Repos/VTOL/ws_sensor_combined_src/install/px4_msgs/include/px4_msgs/px4_msgs/msg/estimator_states.hpp\n'}
[6.442443] (px4_msgs) StdoutLine: {'line': b'-- Up-to-date symlink: /home/giromi/Repos/VTOL/ws_sensor_combined_src/install/px4_msgs/include/px4_msgs/px4_msgs/msg/estimator_status.hpp\n'}
[6.442659] (px4_msgs) StdoutLine: {'line': b'-- Up-to-date symlink: /home/giromi/Repos/VTOL/ws_sensor_combined_src/install/px4_msgs/include/px4_msgs/px4_msgs/msg/estimator_status_flags.hpp\n'}
[6.442829] (px4_msgs) StdoutLine: {'line': b'-- Up-to-date symlink: /home/giromi/Repos/VTOL/ws_sensor_combined_src/install/px4_msgs/include/px4_msgs/px4_msgs/msg/event.hpp\n'}
[6.442997] (px4_msgs) StdoutLine: {'line': b'-- Up-to-date symlink: /home/giromi/Repos/VTOL/ws_sensor_combined_src/install/px4_msgs/include/px4_msgs/px4_msgs/msg/failsafe_flags.hpp\n'}
[6.443165] (px4_msgs) StdoutLine: {'line': b'-- Up-to-date symlink: /home/giromi/Repos/VTOL/ws_sensor_combined_src/install/px4_msgs/include/px4_msgs/px4_msgs/msg/failure_detector_status.hpp\n'}
[6.443338] (px4_msgs) StdoutLine: {'line': b'-- Up-to-date symlink: /home/giromi/Repos/VTOL/ws_sensor_combined_src/install/px4_msgs/include/px4_msgs/px4_msgs/msg/figure_eight_status.hpp\n'}
[6.443503] (px4_msgs) StdoutLine: {'line': b'-- Up-to-date symlink: /home/giromi/Repos/VTOL/ws_sensor_combined_src/install/px4_msgs/include/px4_msgs/px4_msgs/msg/follow_target.hpp\n'}
[6.443633] (px4_msgs) StdoutLine: {'line': b'-- Up-to-date symlink: /home/giromi/Repos/VTOL/ws_sensor_combined_src/install/px4_msgs/include/px4_msgs/px4_msgs/msg/follow_target_estimator.hpp\n'}
[6.443804] (px4_msgs) StdoutLine: {'line': b'-- Up-to-date symlink: /home/giromi/Repos/VTOL/ws_sensor_combined_src/install/px4_msgs/include/px4_msgs/px4_msgs/msg/follow_target_status.hpp\n'}
[6.443977] (px4_msgs) StdoutLine: {'line': b'-- Up-to-date symlink: /home/giromi/Repos/VTOL/ws_sensor_combined_src/install/px4_msgs/include/px4_msgs/px4_msgs/msg/generator_status.hpp\n'}
[6.444151] (px4_msgs) StdoutLine: {'line': b'-- Up-to-date symlink: /home/giromi/Repos/VTOL/ws_sensor_combined_src/install/px4_msgs/include/px4_msgs/px4_msgs/msg/geofence_result.hpp\n'}
[6.444326] (px4_msgs) StdoutLine: {'line': b'-- Up-to-date symlink: /home/giromi/Repos/VTOL/ws_sensor_combined_src/install/px4_msgs/include/px4_msgs/px4_msgs/msg/gimbal_controls.hpp\n'}
[6.444537] (px4_msgs) StdoutLine: {'line': b'-- Up-to-date symlink: /home/giromi/Repos/VTOL/ws_sensor_combined_src/install/px4_msgs/include/px4_msgs/px4_msgs/msg/gimbal_device_attitude_status.hpp\n'}
[6.444757] (px4_msgs) StdoutLine: {'line': b'-- Up-to-date symlink: /home/giromi/Repos/VTOL/ws_sensor_combined_src/install/px4_msgs/include/px4_msgs/px4_msgs/msg/gimbal_device_information.hpp\n'}
[6.444878] (px4_msgs) StdoutLine: {'line': b'-- Up-to-date symlink: /home/giromi/Repos/VTOL/ws_sensor_combined_src/install/px4_msgs/include/px4_msgs/px4_msgs/msg/gimbal_device_set_attitude.hpp\n'}
[6.445010] (px4_msgs) StdoutLine: {'line': b'-- Up-to-date symlink: /home/giromi/Repos/VTOL/ws_sensor_combined_src/install/px4_msgs/include/px4_msgs/px4_msgs/msg/gimbal_manager_information.hpp\n'}
[6.445137] (px4_msgs) StdoutLine: {'line': b'-- Up-to-date symlink: /home/giromi/Repos/VTOL/ws_sensor_combined_src/install/px4_msgs/include/px4_msgs/px4_msgs/msg/gimbal_manager_set_attitude.hpp\n'}
[6.445273] (px4_msgs) StdoutLine: {'line': b'-- Up-to-date symlink: /home/giromi/Repos/VTOL/ws_sensor_combined_src/install/px4_msgs/include/px4_msgs/px4_msgs/msg/gimbal_manager_set_manual_control.hpp\n'}
[6.445404] (px4_msgs) StdoutLine: {'line': b'-- Up-to-date symlink: /home/giromi/Repos/VTOL/ws_sensor_combined_src/install/px4_msgs/include/px4_msgs/px4_msgs/msg/gimbal_manager_status.hpp\n'}
[6.445528] (px4_msgs) StdoutLine: {'line': b'-- Up-to-date symlink: /home/giromi/Repos/VTOL/ws_sensor_combined_src/install/px4_msgs/include/px4_msgs/px4_msgs/msg/goto_setpoint.hpp\n'}
[6.445663] (px4_msgs) StdoutLine: {'line': b'-- Up-to-date symlink: /home/giromi/Repos/VTOL/ws_sensor_combined_src/install/px4_msgs/include/px4_msgs/px4_msgs/msg/gpio_config.hpp\n'}
[6.445797] (px4_msgs) StdoutLine: {'line': b'-- Up-to-date symlink: /home/giromi/Repos/VTOL/ws_sensor_combined_src/install/px4_msgs/include/px4_msgs/px4_msgs/msg/gpio_in.hpp\n'}
[6.445929] (px4_msgs) StdoutLine: {'line': b'-- Up-to-date symlink: /home/giromi/Repos/VTOL/ws_sensor_combined_src/install/px4_msgs/include/px4_msgs/px4_msgs/msg/gpio_out.hpp\n'}
[6.446109] (px4_msgs) StdoutLine: {'line': b'-- Up-to-date symlink: /home/giromi/Repos/VTOL/ws_sensor_combined_src/install/px4_msgs/include/px4_msgs/px4_msgs/msg/gpio_request.hpp\n'}
[6.446274] (px4_msgs) StdoutLine: {'line': b'-- Up-to-date symlink: /home/giromi/Repos/VTOL/ws_sensor_combined_src/install/px4_msgs/include/px4_msgs/px4_msgs/msg/gps_dump.hpp\n'}
[6.446414] (px4_msgs) StdoutLine: {'line': b'-- Up-to-date symlink: /home/giromi/Repos/VTOL/ws_sensor_combined_src/install/px4_msgs/include/px4_msgs/px4_msgs/msg/gps_inject_data.hpp\n'}
[6.446602] (px4_msgs) StdoutLine: {'line': b'-- Up-to-date symlink: /home/giromi/Repos/VTOL/ws_sensor_combined_src/install/px4_msgs/include/px4_msgs/px4_msgs/msg/gripper.hpp\n'}
[6.446731] (px4_msgs) StdoutLine: {'line': b'-- Up-to-date symlink: /home/giromi/Repos/VTOL/ws_sensor_combined_src/install/px4_msgs/include/px4_msgs/px4_msgs/msg/health_report.hpp\n'}
[6.446864] (px4_msgs) StdoutLine: {'line': b'-- Up-to-date symlink: /home/giromi/Repos/VTOL/ws_sensor_combined_src/install/px4_msgs/include/px4_msgs/px4_msgs/msg/heater_status.hpp\n'}
[6.447082] (px4_msgs) StdoutLine: {'line': b'-- Up-to-date symlink: /home/giromi/Repos/VTOL/ws_sensor_combined_src/install/px4_msgs/include/px4_msgs/px4_msgs/msg/home_position.hpp\n'}
[6.447235] (px4_msgs) StdoutLine: {'line': b'-- Up-to-date symlink: /home/giromi/Repos/VTOL/ws_sensor_combined_src/install/px4_msgs/include/px4_msgs/px4_msgs/msg/hover_thrust_estimate.hpp\n'}
[6.447371] (px4_msgs) StdoutLine: {'line': b'-- Up-to-date symlink: /home/giromi/Repos/VTOL/ws_sensor_combined_src/install/px4_msgs/include/px4_msgs/px4_msgs/msg/input_rc.hpp\n'}
[6.447512] (px4_msgs) StdoutLine: {'line': b'-- Up-to-date symlink: /home/giromi/Repos/VTOL/ws_sensor_combined_src/install/px4_msgs/include/px4_msgs/px4_msgs/msg/internal_combustion_engine_status.hpp\n'}
[6.447649] (px4_msgs) StdoutLine: {'line': b'-- Up-to-date symlink: /home/giromi/Repos/VTOL/ws_sensor_combined_src/install/px4_msgs/include/px4_msgs/px4_msgs/msg/iridiumsbd_status.hpp\n'}
[6.447786] (px4_msgs) StdoutLine: {'line': b'-- Up-to-date symlink: /home/giromi/Repos/VTOL/ws_sensor_combined_src/install/px4_msgs/include/px4_msgs/px4_msgs/msg/irlock_report.hpp\n'}
[6.447927] (px4_msgs) StdoutLine: {'line': b'-- Up-to-date symlink: /home/giromi/Repos/VTOL/ws_sensor_combined_src/install/px4_msgs/include/px4_msgs/px4_msgs/msg/landing_gear.hpp\n'}
[6.448062] (px4_msgs) StdoutLine: {'line': b'-- Up-to-date symlink: /home/giromi/Repos/VTOL/ws_sensor_combined_src/install/px4_msgs/include/px4_msgs/px4_msgs/msg/landing_gear_wheel.hpp\n'}
[6.448206] (px4_msgs) StdoutLine: {'line': b'-- Up-to-date symlink: /home/giromi/Repos/VTOL/ws_sensor_combined_src/install/px4_msgs/include/px4_msgs/px4_msgs/msg/landing_target_innovations.hpp\n'}
[6.448340] (px4_msgs) StdoutLine: {'line': b'-- Up-to-date symlink: /home/giromi/Repos/VTOL/ws_sensor_combined_src/install/px4_msgs/include/px4_msgs/px4_msgs/msg/landing_target_pose.hpp\n'}
[6.448472] (px4_msgs) StdoutLine: {'line': b'-- Up-to-date symlink: /home/giromi/Repos/VTOL/ws_sensor_combined_src/install/px4_msgs/include/px4_msgs/px4_msgs/msg/launch_detection_status.hpp\n'}
[6.448602] (px4_msgs) StdoutLine: {'line': b'-- Up-to-date symlink: /home/giromi/Repos/VTOL/ws_sensor_combined_src/install/px4_msgs/include/px4_msgs/px4_msgs/msg/led_control.hpp\n'}
[6.448849] (px4_msgs) StdoutLine: {'line': b'-- Up-to-date symlink: /home/giromi/Repos/VTOL/ws_sensor_combined_src/install/px4_msgs/include/px4_msgs/px4_msgs/msg/log_message.hpp\n'}
[6.449070] (px4_msgs) StdoutLine: {'line': b'-- Up-to-date symlink: /home/giromi/Repos/VTOL/ws_sensor_combined_src/install/px4_msgs/include/px4_msgs/px4_msgs/msg/logger_status.hpp\n'}
[6.449303] (px4_msgs) StdoutLine: {'line': b'-- Up-to-date symlink: /home/giromi/Repos/VTOL/ws_sensor_combined_src/install/px4_msgs/include/px4_msgs/px4_msgs/msg/mag_worker_data.hpp\n'}
[6.449524] (px4_msgs) StdoutLine: {'line': b'-- Up-to-date symlink: /home/giromi/Repos/VTOL/ws_sensor_combined_src/install/px4_msgs/include/px4_msgs/px4_msgs/msg/magnetometer_bias_estimate.hpp\n'}
[6.449841] (px4_msgs) StdoutLine: {'line': b'-- Up-to-date symlink: /home/giromi/Repos/VTOL/ws_sensor_combined_src/install/px4_msgs/include/px4_msgs/px4_msgs/msg/manual_control_setpoint.hpp\n'}
[6.450003] (px4_msgs) StdoutLine: {'line': b'-- Up-to-date symlink: /home/giromi/Repos/VTOL/ws_sensor_combined_src/install/px4_msgs/include/px4_msgs/px4_msgs/msg/manual_control_switches.hpp\n'}
[6.450166] (px4_msgs) StdoutLine: {'line': b'-- Up-to-date symlink: /home/giromi/Repos/VTOL/ws_sensor_combined_src/install/px4_msgs/include/px4_msgs/px4_msgs/msg/mavlink_log.hpp\n'}
[6.450292] (px4_msgs) StdoutLine: {'line': b'-- Up-to-date symlink: /home/giromi/Repos/VTOL/ws_sensor_combined_src/install/px4_msgs/include/px4_msgs/px4_msgs/msg/mavlink_tunnel.hpp\n'}
[6.450432] (px4_msgs) StdoutLine: {'line': b'-- Up-to-date symlink: /home/giromi/Repos/VTOL/ws_sensor_combined_src/install/px4_msgs/include/px4_msgs/px4_msgs/msg/message_format_request.hpp\n'}
[6.450669] (px4_msgs) StdoutLine: {'line': b'-- Up-to-date symlink: /home/giromi/Repos/VTOL/ws_sensor_combined_src/install/px4_msgs/include/px4_msgs/px4_msgs/msg/message_format_response.hpp\n'}
[6.450841] (px4_msgs) StdoutLine: {'line': b'-- Up-to-date symlink: /home/giromi/Repos/VTOL/ws_sensor_combined_src/install/px4_msgs/include/px4_msgs/px4_msgs/msg/mission.hpp\n'}
[6.450965] (px4_msgs) StdoutLine: {'line': b'-- Up-to-date symlink: /home/giromi/Repos/VTOL/ws_sensor_combined_src/install/px4_msgs/include/px4_msgs/px4_msgs/msg/mission_result.hpp\n'}
[6.451137] (px4_msgs) StdoutLine: {'line': b'-- Up-to-date symlink: /home/giromi/Repos/VTOL/ws_sensor_combined_src/install/px4_msgs/include/px4_msgs/px4_msgs/msg/mode_completed.hpp\n'}
[6.451298] (px4_msgs) StdoutLine: {'line': b'-- Up-to-date symlink: /home/giromi/Repos/VTOL/ws_sensor_combined_src/install/px4_msgs/include/px4_msgs/px4_msgs/msg/mount_orientation.hpp\n'}
[6.451460] (px4_msgs) StdoutLine: {'line': b'-- Up-to-date symlink: /home/giromi/Repos/VTOL/ws_sensor_combined_src/install/px4_msgs/include/px4_msgs/px4_msgs/msg/navigator_mission_item.hpp\n'}
[6.451623] (px4_msgs) StdoutLine: {'line': b'-- Up-to-date symlink: /home/giromi/Repos/VTOL/ws_sensor_combined_src/install/px4_msgs/include/px4_msgs/px4_msgs/msg/normalized_unsigned_setpoint.hpp\n'}
[6.451784] (px4_msgs) StdoutLine: {'line': b'-- Up-to-date symlink: /home/giromi/Repos/VTOL/ws_sensor_combined_src/install/px4_msgs/include/px4_msgs/px4_msgs/msg/npfg_status.hpp\n'}
[6.451951] (px4_msgs) StdoutLine: {'line': b'-- Up-to-date symlink: /home/giromi/Repos/VTOL/ws_sensor_combined_src/install/px4_msgs/include/px4_msgs/px4_msgs/msg/obstacle_distance.hpp\n'}
[6.452091] (px4_msgs) StdoutLine: {'line': b'-- Up-to-date symlink: /home/giromi/Repos/VTOL/ws_sensor_combined_src/install/px4_msgs/include/px4_msgs/px4_msgs/msg/offboard_control_mode.hpp\n'}
[6.452250] (px4_msgs) StdoutLine: {'line': b'-- Up-to-date symlink: /home/giromi/Repos/VTOL/ws_sensor_combined_src/install/px4_msgs/include/px4_msgs/px4_msgs/msg/onboard_computer_status.hpp\n'}
[6.452374] (px4_msgs) StdoutLine: {'line': b'-- Up-to-date symlink: /home/giromi/Repos/VTOL/ws_sensor_combined_src/install/px4_msgs/include/px4_msgs/px4_msgs/msg/orb_test.hpp\n'}
[6.452505] (px4_msgs) StdoutLine: {'line': b'-- Up-to-date symlink: /home/giromi/Repos/VTOL/ws_sensor_combined_src/install/px4_msgs/include/px4_msgs/px4_msgs/msg/orb_test_large.hpp\n'}
[6.452637] (px4_msgs) StdoutLine: {'line': b'-- Up-to-date symlink: /home/giromi/Repos/VTOL/ws_sensor_combined_src/install/px4_msgs/include/px4_msgs/px4_msgs/msg/orb_test_medium.hpp\n'}
[6.452766] (px4_msgs) StdoutLine: {'line': b'-- Up-to-date symlink: /home/giromi/Repos/VTOL/ws_sensor_combined_src/install/px4_msgs/include/px4_msgs/px4_msgs/msg/orbit_status.hpp\n'}
[6.452898] (px4_msgs) StdoutLine: {'line': b'-- Up-to-date symlink: /home/giromi/Repos/VTOL/ws_sensor_combined_src/install/px4_msgs/include/px4_msgs/px4_msgs/msg/parameter_update.hpp\n'}
[6.453067] (px4_msgs) StdoutLine: {'line': b'-- Up-to-date symlink: /home/giromi/Repos/VTOL/ws_sensor_combined_src/install/px4_msgs/include/px4_msgs/px4_msgs/msg/ping.hpp\n'}
[6.453194] (px4_msgs) StdoutLine: {'line': b'-- Up-to-date symlink: /home/giromi/Repos/VTOL/ws_sensor_combined_src/install/px4_msgs/include/px4_msgs/px4_msgs/msg/position_controller_landing_status.hpp\n'}
[6.453328] (px4_msgs) StdoutLine: {'line': b'-- Up-to-date symlink: /home/giromi/Repos/VTOL/ws_sensor_combined_src/install/px4_msgs/include/px4_msgs/px4_msgs/msg/position_controller_status.hpp\n'}
[6.453495] (px4_msgs) StdoutLine: {'line': b'-- Up-to-date symlink: /home/giromi/Repos/VTOL/ws_sensor_combined_src/install/px4_msgs/include/px4_msgs/px4_msgs/msg/position_setpoint.hpp\n'}
[6.453652] (px4_msgs) StdoutLine: {'line': b'-- Up-to-date symlink: /home/giromi/Repos/VTOL/ws_sensor_combined_src/install/px4_msgs/include/px4_msgs/px4_msgs/msg/position_setpoint_triplet.hpp\n'}
[6.453775] (px4_msgs) StdoutLine: {'line': b'-- Up-to-date symlink: /home/giromi/Repos/VTOL/ws_sensor_combined_src/install/px4_msgs/include/px4_msgs/px4_msgs/msg/power_button_state.hpp\n'}
[6.453905] (px4_msgs) StdoutLine: {'line': b'-- Up-to-date symlink: /home/giromi/Repos/VTOL/ws_sensor_combined_src/install/px4_msgs/include/px4_msgs/px4_msgs/msg/power_monitor.hpp\n'}
[6.454068] (px4_msgs) StdoutLine: {'line': b'-- Up-to-date symlink: /home/giromi/Repos/VTOL/ws_sensor_combined_src/install/px4_msgs/include/px4_msgs/px4_msgs/msg/pps_capture.hpp\n'}
[6.454200] (px4_msgs) StdoutLine: {'line': b'-- Up-to-date symlink: /home/giromi/Repos/VTOL/ws_sensor_combined_src/install/px4_msgs/include/px4_msgs/px4_msgs/msg/pwm_input.hpp\n'}
[6.454331] (px4_msgs) StdoutLine: {'line': b'-- Up-to-date symlink: /home/giromi/Repos/VTOL/ws_sensor_combined_src/install/px4_msgs/include/px4_msgs/px4_msgs/msg/px4io_status.hpp\n'}
[6.454486] (px4_msgs) StdoutLine: {'line': b'-- Up-to-date symlink: /home/giromi/Repos/VTOL/ws_sensor_combined_src/install/px4_msgs/include/px4_msgs/px4_msgs/msg/qshell_req.hpp\n'}
[6.454646] (px4_msgs) StdoutLine: {'line': b'-- Up-to-date symlink: /home/giromi/Repos/VTOL/ws_sensor_combined_src/install/px4_msgs/include/px4_msgs/px4_msgs/msg/qshell_retval.hpp\n'}
[6.454813] (px4_msgs) StdoutLine: {'line': b'-- Up-to-date symlink: /home/giromi/Repos/VTOL/ws_sensor_combined_src/install/px4_msgs/include/px4_msgs/px4_msgs/msg/radio_status.hpp\n'}
[6.454969] (px4_msgs) StdoutLine: {'line': b'-- Up-to-date symlink: /home/giromi/Repos/VTOL/ws_sensor_combined_src/install/px4_msgs/include/px4_msgs/px4_msgs/msg/rate_ctrl_status.hpp\n'}
[6.455091] (px4_msgs) StdoutLine: {'line': b'-- Up-to-date symlink: /home/giromi/Repos/VTOL/ws_sensor_combined_src/install/px4_msgs/include/px4_msgs/px4_msgs/msg/rc_channels.hpp\n'}
[6.455221] (px4_msgs) StdoutLine: {'line': b'-- Up-to-date symlink: /home/giromi/Repos/VTOL/ws_sensor_combined_src/install/px4_msgs/include/px4_msgs/px4_msgs/msg/rc_parameter_map.hpp\n'}
[6.455388] (px4_msgs) StdoutLine: {'line': b'-- Up-to-date symlink: /home/giromi/Repos/VTOL/ws_sensor_combined_src/install/px4_msgs/include/px4_msgs/px4_msgs/msg/register_ext_component_reply.hpp\n'}
[6.455513] (px4_msgs) StdoutLine: {'line': b'-- Up-to-date symlink: /home/giromi/Repos/VTOL/ws_sensor_combined_src/install/px4_msgs/include/px4_msgs/px4_msgs/msg/register_ext_component_request.hpp\n'}
[6.455646] (px4_msgs) StdoutLine: {'line': b'-- Up-to-date symlink: /home/giromi/Repos/VTOL/ws_sensor_combined_src/install/px4_msgs/include/px4_msgs/px4_msgs/msg/rpm.hpp\n'}
[6.455785] (px4_msgs) StdoutLine: {'line': b'-- Up-to-date symlink: /home/giromi/Repos/VTOL/ws_sensor_combined_src/install/px4_msgs/include/px4_msgs/px4_msgs/msg/rtl_time_estimate.hpp\n'}
[6.455918] (px4_msgs) StdoutLine: {'line': b'-- Up-to-date symlink: /home/giromi/Repos/VTOL/ws_sensor_combined_src/install/px4_msgs/include/px4_msgs/px4_msgs/msg/satellite_info.hpp\n'}
[6.456053] (px4_msgs) StdoutLine: {'line': b'-- Up-to-date symlink: /home/giromi/Repos/VTOL/ws_sensor_combined_src/install/px4_msgs/include/px4_msgs/px4_msgs/msg/sensor_accel.hpp\n'}
[6.456217] (px4_msgs) StdoutLine: {'line': b'-- Up-to-date symlink: /home/giromi/Repos/VTOL/ws_sensor_combined_src/install/px4_msgs/include/px4_msgs/px4_msgs/msg/sensor_accel_fifo.hpp\n'}
[6.456372] (px4_msgs) StdoutLine: {'line': b'-- Up-to-date symlink: /home/giromi/Repos/VTOL/ws_sensor_combined_src/install/px4_msgs/include/px4_msgs/px4_msgs/msg/sensor_airflow.hpp\n'}
[6.456495] (px4_msgs) StdoutLine: {'line': b'-- Up-to-date symlink: /home/giromi/Repos/VTOL/ws_sensor_combined_src/install/px4_msgs/include/px4_msgs/px4_msgs/msg/sensor_baro.hpp\n'}
[6.456625] (px4_msgs) StdoutLine: {'line': b'-- Up-to-date symlink: /home/giromi/Repos/VTOL/ws_sensor_combined_src/install/px4_msgs/include/px4_msgs/px4_msgs/msg/sensor_combined.hpp\n'}
[6.456788] (px4_msgs) StdoutLine: {'line': b'-- Up-to-date symlink: /home/giromi/Repos/VTOL/ws_sensor_combined_src/install/px4_msgs/include/px4_msgs/px4_msgs/msg/sensor_correction.hpp\n'}
[6.456912] (px4_msgs) StdoutLine: {'line': b'-- Up-to-date symlink: /home/giromi/Repos/VTOL/ws_sensor_combined_src/install/px4_msgs/include/px4_msgs/px4_msgs/msg/sensor_gnss_relative.hpp\n'}
[6.457064] (px4_msgs) StdoutLine: {'line': b'-- Up-to-date symlink: /home/giromi/Repos/VTOL/ws_sensor_combined_src/install/px4_msgs/include/px4_msgs/px4_msgs/msg/sensor_gps.hpp\n'}
[6.457199] (px4_msgs) StdoutLine: {'line': b'-- Up-to-date symlink: /home/giromi/Repos/VTOL/ws_sensor_combined_src/install/px4_msgs/include/px4_msgs/px4_msgs/msg/sensor_gyro.hpp\n'}
[6.457338] (px4_msgs) StdoutLine: {'line': b'-- Up-to-date symlink: /home/giromi/Repos/VTOL/ws_sensor_combined_src/install/px4_msgs/include/px4_msgs/px4_msgs/msg/sensor_gyro_fft.hpp\n'}
[6.457537] (px4_msgs) StdoutLine: {'line': b'-- Up-to-date symlink: /home/giromi/Repos/VTOL/ws_sensor_combined_src/install/px4_msgs/include/px4_msgs/px4_msgs/msg/sensor_gyro_fifo.hpp\n'}
[6.457709] (px4_msgs) StdoutLine: {'line': b'-- Up-to-date symlink: /home/giromi/Repos/VTOL/ws_sensor_combined_src/install/px4_msgs/include/px4_msgs/px4_msgs/msg/sensor_hygrometer.hpp\n'}
[6.457863] (px4_msgs) StdoutLine: {'line': b'-- Up-to-date symlink: /home/giromi/Repos/VTOL/ws_sensor_combined_src/install/px4_msgs/include/px4_msgs/px4_msgs/msg/sensor_mag.hpp\n'}
[6.457984] (px4_msgs) StdoutLine: {'line': b'-- Up-to-date symlink: /home/giromi/Repos/VTOL/ws_sensor_combined_src/install/px4_msgs/include/px4_msgs/px4_msgs/msg/sensor_optical_flow.hpp\n'}
[6.458114] (px4_msgs) StdoutLine: {'line': b'-- Up-to-date symlink: /home/giromi/Repos/VTOL/ws_sensor_combined_src/install/px4_msgs/include/px4_msgs/px4_msgs/msg/sensor_preflight_mag.hpp\n'}
[6.458245] (px4_msgs) StdoutLine: {'line': b'-- Up-to-date symlink: /home/giromi/Repos/VTOL/ws_sensor_combined_src/install/px4_msgs/include/px4_msgs/px4_msgs/msg/sensor_selection.hpp\n'}
[6.458375] (px4_msgs) StdoutLine: {'line': b'-- Up-to-date symlink: /home/giromi/Repos/VTOL/ws_sensor_combined_src/install/px4_msgs/include/px4_msgs/px4_msgs/msg/sensor_uwb.hpp\n'}
[6.458552] (px4_msgs) StdoutLine: {'line': b'-- Up-to-date symlink: /home/giromi/Repos/VTOL/ws_sensor_combined_src/install/px4_msgs/include/px4_msgs/px4_msgs/msg/sensors_status.hpp\n'}
[6.458738] (px4_msgs) StdoutLine: {'line': b'-- Up-to-date symlink: /home/giromi/Repos/VTOL/ws_sensor_combined_src/install/px4_msgs/include/px4_msgs/px4_msgs/msg/sensors_status_imu.hpp\n'}
[6.458971] (px4_msgs) StdoutLine: {'line': b'-- Up-to-date symlink: /home/giromi/Repos/VTOL/ws_sensor_combined_src/install/px4_msgs/include/px4_msgs/px4_msgs/msg/system_power.hpp\n'}
[6.459171] (px4_msgs) StdoutLine: {'line': b'-- Up-to-date symlink: /home/giromi/Repos/VTOL/ws_sensor_combined_src/install/px4_msgs/include/px4_msgs/px4_msgs/msg/takeoff_status.hpp\n'}
[6.459306] (px4_msgs) StdoutLine: {'line': b'-- Up-to-date symlink: /home/giromi/Repos/VTOL/ws_sensor_combined_src/install/px4_msgs/include/px4_msgs/px4_msgs/msg/task_stack_info.hpp\n'}
[6.459423] (px4_msgs) StdoutLine: {'line': b'-- Up-to-date symlink: /home/giromi/Repos/VTOL/ws_sensor_combined_src/install/px4_msgs/include/px4_msgs/px4_msgs/msg/tecs_status.hpp\n'}
[6.459539] (px4_msgs) StdoutLine: {'line': b'-- Up-to-date symlink: /home/giromi/Repos/VTOL/ws_sensor_combined_src/install/px4_msgs/include/px4_msgs/px4_msgs/msg/telemetry_status.hpp\n'}
[6.459666] (px4_msgs) StdoutLine: {'line': b'-- Up-to-date symlink: /home/giromi/Repos/VTOL/ws_sensor_combined_src/install/px4_msgs/include/px4_msgs/px4_msgs/msg/tiltrotor_extra_controls.hpp\n'}
[6.459816] (px4_msgs) StdoutLine: {'line': b'-- Up-to-date symlink: /home/giromi/Repos/VTOL/ws_sensor_combined_src/install/px4_msgs/include/px4_msgs/px4_msgs/msg/timesync_status.hpp\n'}
[6.459971] (px4_msgs) StdoutLine: {'line': b'-- Up-to-date symlink: /home/giromi/Repos/VTOL/ws_sensor_combined_src/install/px4_msgs/include/px4_msgs/px4_msgs/msg/trajectory_bezier.hpp\n'}
[6.460125] (px4_msgs) StdoutLine: {'line': b'-- Up-to-date symlink: /home/giromi/Repos/VTOL/ws_sensor_combined_src/install/px4_msgs/include/px4_msgs/px4_msgs/msg/trajectory_setpoint.hpp\n'}
[6.460280] (px4_msgs) StdoutLine: {'line': b'-- Up-to-date symlink: /home/giromi/Repos/VTOL/ws_sensor_combined_src/install/px4_msgs/include/px4_msgs/px4_msgs/msg/trajectory_waypoint.hpp\n'}
[6.460434] (px4_msgs) StdoutLine: {'line': b'-- Up-to-date symlink: /home/giromi/Repos/VTOL/ws_sensor_combined_src/install/px4_msgs/include/px4_msgs/px4_msgs/msg/transponder_report.hpp\n'}
[6.460595] (px4_msgs) StdoutLine: {'line': b'-- Up-to-date symlink: /home/giromi/Repos/VTOL/ws_sensor_combined_src/install/px4_msgs/include/px4_msgs/px4_msgs/msg/tune_control.hpp\n'}
[6.460750] (px4_msgs) StdoutLine: {'line': b'-- Up-to-date symlink: /home/giromi/Repos/VTOL/ws_sensor_combined_src/install/px4_msgs/include/px4_msgs/px4_msgs/msg/uavcan_parameter_request.hpp\n'}
[6.460906] (px4_msgs) StdoutLine: {'line': b'-- Up-to-date symlink: /home/giromi/Repos/VTOL/ws_sensor_combined_src/install/px4_msgs/include/px4_msgs/px4_msgs/msg/uavcan_parameter_value.hpp\n'}
[6.461032] (px4_msgs) StdoutLine: {'line': b'-- Up-to-date symlink: /home/giromi/Repos/VTOL/ws_sensor_combined_src/install/px4_msgs/include/px4_msgs/px4_msgs/msg/ulog_stream.hpp\n'}
[6.461169] (px4_msgs) StdoutLine: {'line': b'-- Up-to-date symlink: /home/giromi/Repos/VTOL/ws_sensor_combined_src/install/px4_msgs/include/px4_msgs/px4_msgs/msg/ulog_stream_ack.hpp\n'}
[6.461302] (px4_msgs) StdoutLine: {'line': b'-- Up-to-date symlink: /home/giromi/Repos/VTOL/ws_sensor_combined_src/install/px4_msgs/include/px4_msgs/px4_msgs/msg/unregister_ext_component.hpp\n'}
[6.461433] (px4_msgs) StdoutLine: {'line': b'-- Up-to-date symlink: /home/giromi/Repos/VTOL/ws_sensor_combined_src/install/px4_msgs/include/px4_msgs/px4_msgs/msg/vehicle_acceleration.hpp\n'}
[6.461566] (px4_msgs) StdoutLine: {'line': b'-- Up-to-date symlink: /home/giromi/Repos/VTOL/ws_sensor_combined_src/install/px4_msgs/include/px4_msgs/px4_msgs/msg/vehicle_air_data.hpp\n'}
[6.461700] (px4_msgs) StdoutLine: {'line': b'-- Up-to-date symlink: /home/giromi/Repos/VTOL/ws_sensor_combined_src/install/px4_msgs/include/px4_msgs/px4_msgs/msg/vehicle_angular_acceleration_setpoint.hpp\n'}
[6.461834] (px4_msgs) StdoutLine: {'line': b'-- Up-to-date symlink: /home/giromi/Repos/VTOL/ws_sensor_combined_src/install/px4_msgs/include/px4_msgs/px4_msgs/msg/vehicle_angular_velocity.hpp\n'}
[6.462003] (px4_msgs) StdoutLine: {'line': b'-- Up-to-date symlink: /home/giromi/Repos/VTOL/ws_sensor_combined_src/install/px4_msgs/include/px4_msgs/px4_msgs/msg/vehicle_attitude.hpp\n'}
[6.462248] (px4_msgs) StdoutLine: {'line': b'-- Up-to-date symlink: /home/giromi/Repos/VTOL/ws_sensor_combined_src/install/px4_msgs/include/px4_msgs/px4_msgs/msg/vehicle_attitude_setpoint.hpp\n'}
[6.462420] (px4_msgs) StdoutLine: {'line': b'-- Up-to-date symlink: /home/giromi/Repos/VTOL/ws_sensor_combined_src/install/px4_msgs/include/px4_msgs/px4_msgs/msg/vehicle_command.hpp\n'}
[6.462610] (px4_msgs) StdoutLine: {'line': b'-- Up-to-date symlink: /home/giromi/Repos/VTOL/ws_sensor_combined_src/install/px4_msgs/include/px4_msgs/px4_msgs/msg/vehicle_command_ack.hpp\n'}
[6.462766] (px4_msgs) StdoutLine: {'line': b'-- Up-to-date symlink: /home/giromi/Repos/VTOL/ws_sensor_combined_src/install/px4_msgs/include/px4_msgs/px4_msgs/msg/vehicle_constraints.hpp\n'}
[6.462923] (px4_msgs) StdoutLine: {'line': b'-- Up-to-date symlink: /home/giromi/Repos/VTOL/ws_sensor_combined_src/install/px4_msgs/include/px4_msgs/px4_msgs/msg/vehicle_control_mode.hpp\n'}
[6.463048] (px4_msgs) StdoutLine: {'line': b'-- Up-to-date symlink: /home/giromi/Repos/VTOL/ws_sensor_combined_src/install/px4_msgs/include/px4_msgs/px4_msgs/msg/vehicle_global_position.hpp\n'}
[6.463179] (px4_msgs) StdoutLine: {'line': b'-- Up-to-date symlink: /home/giromi/Repos/VTOL/ws_sensor_combined_src/install/px4_msgs/include/px4_msgs/px4_msgs/msg/vehicle_imu.hpp\n'}
[6.463351] (px4_msgs) StdoutLine: {'line': b'-- Up-to-date symlink: /home/giromi/Repos/VTOL/ws_sensor_combined_src/install/px4_msgs/include/px4_msgs/px4_msgs/msg/vehicle_imu_status.hpp\n'}
[6.463474] (px4_msgs) StdoutLine: {'line': b'-- Up-to-date symlink: /home/giromi/Repos/VTOL/ws_sensor_combined_src/install/px4_msgs/include/px4_msgs/px4_msgs/msg/vehicle_land_detected.hpp\n'}
[6.463607] (px4_msgs) StdoutLine: {'line': b'-- Up-to-date symlink: /home/giromi/Repos/VTOL/ws_sensor_combined_src/install/px4_msgs/include/px4_msgs/px4_msgs/msg/vehicle_local_position.hpp\n'}
[6.463742] (px4_msgs) StdoutLine: {'line': b'-- Up-to-date symlink: /home/giromi/Repos/VTOL/ws_sensor_combined_src/install/px4_msgs/include/px4_msgs/px4_msgs/msg/vehicle_local_position_setpoint.hpp\n'}
[6.463873] (px4_msgs) StdoutLine: {'line': b'-- Up-to-date symlink: /home/giromi/Repos/VTOL/ws_sensor_combined_src/install/px4_msgs/include/px4_msgs/px4_msgs/msg/vehicle_magnetometer.hpp\n'}
[6.464006] (px4_msgs) StdoutLine: {'line': b'-- Up-to-date symlink: /home/giromi/Repos/VTOL/ws_sensor_combined_src/install/px4_msgs/include/px4_msgs/px4_msgs/msg/vehicle_odometry.hpp\n'}
[6.464171] (px4_msgs) StdoutLine: {'line': b'-- Up-to-date symlink: /home/giromi/Repos/VTOL/ws_sensor_combined_src/install/px4_msgs/include/px4_msgs/px4_msgs/msg/vehicle_optical_flow.hpp\n'}
[6.464328] (px4_msgs) StdoutLine: {'line': b'-- Up-to-date symlink: /home/giromi/Repos/VTOL/ws_sensor_combined_src/install/px4_msgs/include/px4_msgs/px4_msgs/msg/vehicle_optical_flow_vel.hpp\n'}
[6.464450] (px4_msgs) StdoutLine: {'line': b'-- Up-to-date symlink: /home/giromi/Repos/VTOL/ws_sensor_combined_src/install/px4_msgs/include/px4_msgs/px4_msgs/msg/vehicle_rates_setpoint.hpp\n'}
[6.464590] (px4_msgs) StdoutLine: {'line': b'-- Up-to-date symlink: /home/giromi/Repos/VTOL/ws_sensor_combined_src/install/px4_msgs/include/px4_msgs/px4_msgs/msg/vehicle_roi.hpp\n'}
[6.464799] (px4_msgs) StdoutLine: {'line': b'-- Up-to-date symlink: /home/giromi/Repos/VTOL/ws_sensor_combined_src/install/px4_msgs/include/px4_msgs/px4_msgs/msg/vehicle_status.hpp\n'}
[6.464963] (px4_msgs) StdoutLine: {'line': b'-- Up-to-date symlink: /home/giromi/Repos/VTOL/ws_sensor_combined_src/install/px4_msgs/include/px4_msgs/px4_msgs/msg/vehicle_thrust_setpoint.hpp\n'}
[6.465088] (px4_msgs) StdoutLine: {'line': b'-- Up-to-date symlink: /home/giromi/Repos/VTOL/ws_sensor_combined_src/install/px4_msgs/include/px4_msgs/px4_msgs/msg/vehicle_torque_setpoint.hpp\n'}
[6.465260] (px4_msgs) StdoutLine: {'line': b'-- Up-to-date symlink: /home/giromi/Repos/VTOL/ws_sensor_combined_src/install/px4_msgs/include/px4_msgs/px4_msgs/msg/vehicle_trajectory_bezier.hpp\n'}
[6.465419] (px4_msgs) StdoutLine: {'line': b'-- Up-to-date symlink: /home/giromi/Repos/VTOL/ws_sensor_combined_src/install/px4_msgs/include/px4_msgs/px4_msgs/msg/vehicle_trajectory_waypoint.hpp\n'}
[6.465573] (px4_msgs) StdoutLine: {'line': b'-- Up-to-date symlink: /home/giromi/Repos/VTOL/ws_sensor_combined_src/install/px4_msgs/include/px4_msgs/px4_msgs/msg/velocity_limits.hpp\n'}
[6.465729] (px4_msgs) StdoutLine: {'line': b'-- Up-to-date symlink: /home/giromi/Repos/VTOL/ws_sensor_combined_src/install/px4_msgs/include/px4_msgs/px4_msgs/msg/vtol_vehicle_status.hpp\n'}
[6.465882] (px4_msgs) StdoutLine: {'line': b'-- Up-to-date symlink: /home/giromi/Repos/VTOL/ws_sensor_combined_src/install/px4_msgs/include/px4_msgs/px4_msgs/msg/wheel_encoders.hpp\n'}
[6.466040] (px4_msgs) StdoutLine: {'line': b'-- Up-to-date symlink: /home/giromi/Repos/VTOL/ws_sensor_combined_src/install/px4_msgs/include/px4_msgs/px4_msgs/msg/wind.hpp\n'}
[6.466195] (px4_msgs) StdoutLine: {'line': b'-- Up-to-date symlink: /home/giromi/Repos/VTOL/ws_sensor_combined_src/install/px4_msgs/include/px4_msgs/px4_msgs/msg/yaw_estimator_status.hpp\n'}
[6.466365] (px4_msgs) StdoutLine: {'line': b'-- Up-to-date symlink: /home/giromi/Repos/VTOL/ws_sensor_combined_src/install/px4_msgs/include/px4_msgs/px4_msgs/srv/detail/vehicle_command__builder.hpp\n'}
[6.466585] (px4_msgs) StdoutLine: {'line': b'-- Up-to-date symlink: /home/giromi/Repos/VTOL/ws_sensor_combined_src/install/px4_msgs/include/px4_msgs/px4_msgs/srv/detail/vehicle_command__struct.hpp\n'}
[6.466728] (px4_msgs) StdoutLine: {'line': b'-- Up-to-date symlink: /home/giromi/Repos/VTOL/ws_sensor_combined_src/install/px4_msgs/include/px4_msgs/px4_msgs/srv/detail/vehicle_command__traits.hpp\n'}
[6.466861] (px4_msgs) StdoutLine: {'line': b'-- Up-to-date symlink: /home/giromi/Repos/VTOL/ws_sensor_combined_src/install/px4_msgs/include/px4_msgs/px4_msgs/srv/vehicle_command.hpp\n'}
[6.474356] (px4_msgs) StdoutLine: {'line': b'-- Up-to-date symlink: /home/giromi/Repos/VTOL/ws_sensor_combined_src/install/px4_msgs/include/px4_msgs/px4_msgs/msg/detail/action_request__rosidl_typesupport_fastrtps_cpp.hpp\n'}
[6.474678] (px4_msgs) StdoutLine: {'line': b'-- Up-to-date symlink: /home/giromi/Repos/VTOL/ws_sensor_combined_src/install/px4_msgs/include/px4_msgs/px4_msgs/msg/detail/actuator_armed__rosidl_typesupport_fastrtps_cpp.hpp\n'}
[6.474911] (px4_msgs) StdoutLine: {'line': b'-- Up-to-date symlink: /home/giromi/Repos/VTOL/ws_sensor_combined_src/install/px4_msgs/include/px4_msgs/px4_msgs/msg/detail/actuator_controls_status__rosidl_typesupport_fastrtps_cpp.hpp\n'}
[6.475156] (px4_msgs) StdoutLine: {'line': b'-- Up-to-date symlink: /home/giromi/Repos/VTOL/ws_sensor_combined_src/install/px4_msgs/include/px4_msgs/px4_msgs/msg/detail/actuator_motors__rosidl_typesupport_fastrtps_cpp.hpp\n'}
[6.475322] (px4_msgs) StdoutLine: {'line': b'-- Up-to-date symlink: /home/giromi/Repos/VTOL/ws_sensor_combined_src/install/px4_msgs/include/px4_msgs/px4_msgs/msg/detail/actuator_outputs__rosidl_typesupport_fastrtps_cpp.hpp\n'}
[6.475514] (px4_msgs) StdoutLine: {'line': b'-- Up-to-date symlink: /home/giromi/Repos/VTOL/ws_sensor_combined_src/install/px4_msgs/include/px4_msgs/px4_msgs/msg/detail/actuator_servos__rosidl_typesupport_fastrtps_cpp.hpp\n'}
[6.475728] (px4_msgs) StdoutLine: {'line': b'-- Up-to-date symlink: /home/giromi/Repos/VTOL/ws_sensor_combined_src/install/px4_msgs/include/px4_msgs/px4_msgs/msg/detail/actuator_servos_trim__rosidl_typesupport_fastrtps_cpp.hpp\n'}
[6.475943] (px4_msgs) StdoutLine: {'line': b'-- Up-to-date symlink: /home/giromi/Repos/VTOL/ws_sensor_combined_src/install/px4_msgs/include/px4_msgs/px4_msgs/msg/detail/actuator_test__rosidl_typesupport_fastrtps_cpp.hpp\n'}
[6.476081] (px4_msgs) StdoutLine: {'line': b'-- Up-to-date symlink: /home/giromi/Repos/VTOL/ws_sensor_combined_src/install/px4_msgs/include/px4_msgs/px4_msgs/msg/detail/adc_report__rosidl_typesupport_fastrtps_cpp.hpp\n'}
[6.476256] (px4_msgs) StdoutLine: {'line': b'-- Up-to-date symlink: /home/giromi/Repos/VTOL/ws_sensor_combined_src/install/px4_msgs/include/px4_msgs/px4_msgs/msg/detail/airspeed__rosidl_typesupport_fastrtps_cpp.hpp\n'}
[6.476473] (px4_msgs) StdoutLine: {'line': b'-- Up-to-date symlink: /home/giromi/Repos/VTOL/ws_sensor_combined_src/install/px4_msgs/include/px4_msgs/px4_msgs/msg/detail/airspeed_validated__rosidl_typesupport_fastrtps_cpp.hpp\n'}
[6.476657] (px4_msgs) StdoutLine: {'line': b'-- Up-to-date symlink: /home/giromi/Repos/VTOL/ws_sensor_combined_src/install/px4_msgs/include/px4_msgs/px4_msgs/msg/detail/airspeed_wind__rosidl_typesupport_fastrtps_cpp.hpp\n'}
[6.476781] (px4_msgs) StdoutLine: {'line': b'-- Up-to-date symlink: /home/giromi/Repos/VTOL/ws_sensor_combined_src/install/px4_msgs/include/px4_msgs/px4_msgs/msg/detail/arming_check_reply__rosidl_typesupport_fastrtps_cpp.hpp\n'}
[6.476973] (px4_msgs) StdoutLine: {'line': b'-- Up-to-date symlink: /home/giromi/Repos/VTOL/ws_sensor_combined_src/install/px4_msgs/include/px4_msgs/px4_msgs/msg/detail/arming_check_request__rosidl_typesupport_fastrtps_cpp.hpp\n'}
[6.477214] (px4_msgs) StdoutLine: {'line': b'-- Up-to-date symlink: /home/giromi/Repos/VTOL/ws_sensor_combined_src/install/px4_msgs/include/px4_msgs/px4_msgs/msg/detail/autotune_attitude_control_status__rosidl_typesupport_fastrtps_cpp.hpp\n'}
[6.477450] (px4_msgs) StdoutLine: {'line': b'-- Up-to-date symlink: /home/giromi/Repos/VTOL/ws_sensor_combined_src/install/px4_msgs/include/px4_msgs/px4_msgs/msg/detail/battery_status__rosidl_typesupport_fastrtps_cpp.hpp\n'}
[6.477644] (px4_msgs) StdoutLine: {'line': b'-- Up-to-date symlink: /home/giromi/Repos/VTOL/ws_sensor_combined_src/install/px4_msgs/include/px4_msgs/px4_msgs/msg/detail/buffer128__rosidl_typesupport_fastrtps_cpp.hpp\n'}
[6.477776] (px4_msgs) StdoutLine: {'line': b'-- Up-to-date symlink: /home/giromi/Repos/VTOL/ws_sensor_combined_src/install/px4_msgs/include/px4_msgs/px4_msgs/msg/detail/button_event__rosidl_typesupport_fastrtps_cpp.hpp\n'}
[6.477882] (px4_msgs) StdoutLine: {'line': b'-- Up-to-date symlink: /home/giromi/Repos/VTOL/ws_sensor_combined_src/install/px4_msgs/include/px4_msgs/px4_msgs/msg/detail/camera_capture__rosidl_typesupport_fastrtps_cpp.hpp\n'}
[6.477980] (px4_msgs) StdoutLine: {'line': b'-- Up-to-date symlink: /home/giromi/Repos/VTOL/ws_sensor_combined_src/install/px4_msgs/include/px4_msgs/px4_msgs/msg/detail/camera_status__rosidl_typesupport_fastrtps_cpp.hpp\n'}
[6.478118] (px4_msgs) StdoutLine: {'line': b'-- Up-to-date symlink: /home/giromi/Repos/VTOL/ws_sensor_combined_src/install/px4_msgs/include/px4_msgs/px4_msgs/msg/detail/camera_trigger__rosidl_typesupport_fastrtps_cpp.hpp\n'}
[6.478291] (px4_msgs) StdoutLine: {'line': b'-- Up-to-date symlink: /home/giromi/Repos/VTOL/ws_sensor_combined_src/install/px4_msgs/include/px4_msgs/px4_msgs/msg/detail/cellular_status__rosidl_typesupport_fastrtps_cpp.hpp\n'}
[6.478422] (px4_msgs) StdoutLine: {'line': b'-- Up-to-date symlink: /home/giromi/Repos/VTOL/ws_sensor_combined_src/install/px4_msgs/include/px4_msgs/px4_msgs/msg/detail/collision_constraints__rosidl_typesupport_fastrtps_cpp.hpp\n'}
[6.478647] (px4_msgs) StdoutLine: {'line': b'-- Up-to-date symlink: /home/giromi/Repos/VTOL/ws_sensor_combined_src/install/px4_msgs/include/px4_msgs/px4_msgs/msg/detail/collision_report__rosidl_typesupport_fastrtps_cpp.hpp\n'}
[6.478869] (px4_msgs) StdoutLine: {'line': b'-- Up-to-date symlink: /home/giromi/Repos/VTOL/ws_sensor_combined_src/install/px4_msgs/include/px4_msgs/px4_msgs/msg/detail/config_overrides__rosidl_typesupport_fastrtps_cpp.hpp\n'}
[6.479033] (px4_msgs) StdoutLine: {'line': b'-- Up-to-date symlink: /home/giromi/Repos/VTOL/ws_sensor_combined_src/install/px4_msgs/include/px4_msgs/px4_msgs/msg/detail/control_allocator_status__rosidl_typesupport_fastrtps_cpp.hpp\n'}
[6.479215] (px4_msgs) StdoutLine: {'line': b'-- Up-to-date symlink: /home/giromi/Repos/VTOL/ws_sensor_combined_src/install/px4_msgs/include/px4_msgs/px4_msgs/msg/detail/cpuload__rosidl_typesupport_fastrtps_cpp.hpp\n'}
[6.479377] (px4_msgs) StdoutLine: {'line': b'-- Up-to-date symlink: /home/giromi/Repos/VTOL/ws_sensor_combined_src/install/px4_msgs/include/px4_msgs/px4_msgs/msg/detail/dataman_request__rosidl_typesupport_fastrtps_cpp.hpp\n'}
[6.479560] (px4_msgs) StdoutLine: {'line': b'-- Up-to-date symlink: /home/giromi/Repos/VTOL/ws_sensor_combined_src/install/px4_msgs/include/px4_msgs/px4_msgs/msg/detail/dataman_response__rosidl_typesupport_fastrtps_cpp.hpp\n'}
[6.479759] (px4_msgs) StdoutLine: {'line': b'-- Up-to-date symlink: /home/giromi/Repos/VTOL/ws_sensor_combined_src/install/px4_msgs/include/px4_msgs/px4_msgs/msg/detail/debug_array__rosidl_typesupport_fastrtps_cpp.hpp\n'}
[6.479890] (px4_msgs) StdoutLine: {'line': b'-- Up-to-date symlink: /home/giromi/Repos/VTOL/ws_sensor_combined_src/install/px4_msgs/include/px4_msgs/px4_msgs/msg/detail/debug_key_value__rosidl_typesupport_fastrtps_cpp.hpp\n'}
[6.480047] (px4_msgs) StdoutLine: {'line': b'-- Up-to-date symlink: /home/giromi/Repos/VTOL/ws_sensor_combined_src/install/px4_msgs/include/px4_msgs/px4_msgs/msg/detail/debug_value__rosidl_typesupport_fastrtps_cpp.hpp\n'}
[6.480175] (px4_msgs) StdoutLine: {'line': b'-- Up-to-date symlink: /home/giromi/Repos/VTOL/ws_sensor_combined_src/install/px4_msgs/include/px4_msgs/px4_msgs/msg/detail/debug_vect__rosidl_typesupport_fastrtps_cpp.hpp\n'}
[6.480314] (px4_msgs) StdoutLine: {'line': b'-- Up-to-date symlink: /home/giromi/Repos/VTOL/ws_sensor_combined_src/install/px4_msgs/include/px4_msgs/px4_msgs/msg/detail/differential_drive_setpoint__rosidl_typesupport_fastrtps_cpp.hpp\n'}
[6.480453] (px4_msgs) StdoutLine: {'line': b'-- Up-to-date symlink: /home/giromi/Repos/VTOL/ws_sensor_combined_src/install/px4_msgs/include/px4_msgs/px4_msgs/msg/detail/differential_pressure__rosidl_typesupport_fastrtps_cpp.hpp\n'}
[6.480590] (px4_msgs) StdoutLine: {'line': b'-- Up-to-date symlink: /home/giromi/Repos/VTOL/ws_sensor_combined_src/install/px4_msgs/include/px4_msgs/px4_msgs/msg/detail/distance_sensor__rosidl_typesupport_fastrtps_cpp.hpp\n'}
[6.480727] (px4_msgs) StdoutLine: {'line': b'-- Up-to-date symlink: /home/giromi/Repos/VTOL/ws_sensor_combined_src/install/px4_msgs/include/px4_msgs/px4_msgs/msg/detail/ekf2_timestamps__rosidl_typesupport_fastrtps_cpp.hpp\n'}
[6.480865] (px4_msgs) StdoutLine: {'line': b'-- Up-to-date symlink: /home/giromi/Repos/VTOL/ws_sensor_combined_src/install/px4_msgs/include/px4_msgs/px4_msgs/msg/detail/esc_report__rosidl_typesupport_fastrtps_cpp.hpp\n'}
[6.481007] (px4_msgs) StdoutLine: {'line': b'-- Up-to-date symlink: /home/giromi/Repos/VTOL/ws_sensor_combined_src/install/px4_msgs/include/px4_msgs/px4_msgs/msg/detail/esc_status__rosidl_typesupport_fastrtps_cpp.hpp\n'}
[6.481146] (px4_msgs) StdoutLine: {'line': b'-- Up-to-date symlink: /home/giromi/Repos/VTOL/ws_sensor_combined_src/install/px4_msgs/include/px4_msgs/px4_msgs/msg/detail/estimator_aid_source1d__rosidl_typesupport_fastrtps_cpp.hpp\n'}
[6.481316] (px4_msgs) StdoutLine: {'line': b'-- Up-to-date symlink: /home/giromi/Repos/VTOL/ws_sensor_combined_src/install/px4_msgs/include/px4_msgs/px4_msgs/msg/detail/estimator_aid_source2d__rosidl_typesupport_fastrtps_cpp.hpp\n'}
[6.481506] (px4_msgs) StdoutLine: {'line': b'-- Up-to-date symlink: /home/giromi/Repos/VTOL/ws_sensor_combined_src/install/px4_msgs/include/px4_msgs/px4_msgs/msg/detail/estimator_aid_source3d__rosidl_typesupport_fastrtps_cpp.hpp\n'}
[6.481646] (px4_msgs) StdoutLine: {'line': b'-- Up-to-date symlink: /home/giromi/Repos/VTOL/ws_sensor_combined_src/install/px4_msgs/include/px4_msgs/px4_msgs/msg/detail/estimator_bias3d__rosidl_typesupport_fastrtps_cpp.hpp\n'}
[6.481785] (px4_msgs) StdoutLine: {'line': b'-- Up-to-date symlink: /home/giromi/Repos/VTOL/ws_sensor_combined_src/install/px4_msgs/include/px4_msgs/px4_msgs/msg/detail/estimator_bias__rosidl_typesupport_fastrtps_cpp.hpp\n'}
[6.481962] (px4_msgs) StdoutLine: {'line': b'-- Up-to-date symlink: /home/giromi/Repos/VTOL/ws_sensor_combined_src/install/px4_msgs/include/px4_msgs/px4_msgs/msg/detail/estimator_event_flags__rosidl_typesupport_fastrtps_cpp.hpp\n'}
[6.482098] (px4_msgs) StdoutLine: {'line': b'-- Up-to-date symlink: /home/giromi/Repos/VTOL/ws_sensor_combined_src/install/px4_msgs/include/px4_msgs/px4_msgs/msg/detail/estimator_gps_status__rosidl_typesupport_fastrtps_cpp.hpp\n'}
[6.482234] (px4_msgs) StdoutLine: {'line': b'-- Up-to-date symlink: /home/giromi/Repos/VTOL/ws_sensor_combined_src/install/px4_msgs/include/px4_msgs/px4_msgs/msg/detail/estimator_innovations__rosidl_typesupport_fastrtps_cpp.hpp\n'}
[6.482370] (px4_msgs) StdoutLine: {'line': b'-- Up-to-date symlink: /home/giromi/Repos/VTOL/ws_sensor_combined_src/install/px4_msgs/include/px4_msgs/px4_msgs/msg/detail/estimator_selector_status__rosidl_typesupport_fastrtps_cpp.hpp\n'}
[6.482593] (px4_msgs) StdoutLine: {'line': b'-- Up-to-date symlink: /home/giromi/Repos/VTOL/ws_sensor_combined_src/install/px4_msgs/include/px4_msgs/px4_msgs/msg/detail/estimator_sensor_bias__rosidl_typesupport_fastrtps_cpp.hpp\n'}
[6.482744] (px4_msgs) StdoutLine: {'line': b'-- Up-to-date symlink: /home/giromi/Repos/VTOL/ws_sensor_combined_src/install/px4_msgs/include/px4_msgs/px4_msgs/msg/detail/estimator_states__rosidl_typesupport_fastrtps_cpp.hpp\n'}
[6.482884] (px4_msgs) StdoutLine: {'line': b'-- Up-to-date symlink: /home/giromi/Repos/VTOL/ws_sensor_combined_src/install/px4_msgs/include/px4_msgs/px4_msgs/msg/detail/estimator_status__rosidl_typesupport_fastrtps_cpp.hpp\n'}
[6.483022] (px4_msgs) StdoutLine: {'line': b'-- Up-to-date symlink: /home/giromi/Repos/VTOL/ws_sensor_combined_src/install/px4_msgs/include/px4_msgs/px4_msgs/msg/detail/estimator_status_flags__rosidl_typesupport_fastrtps_cpp.hpp\n'}
[6.483163] (px4_msgs) StdoutLine: {'line': b'-- Up-to-date symlink: /home/giromi/Repos/VTOL/ws_sensor_combined_src/install/px4_msgs/include/px4_msgs/px4_msgs/msg/detail/event__rosidl_typesupport_fastrtps_cpp.hpp\n'}
[6.483303] (px4_msgs) StdoutLine: {'line': b'-- Up-to-date symlink: /home/giromi/Repos/VTOL/ws_sensor_combined_src/install/px4_msgs/include/px4_msgs/px4_msgs/msg/detail/failsafe_flags__rosidl_typesupport_fastrtps_cpp.hpp\n'}
[6.483441] (px4_msgs) StdoutLine: {'line': b'-- Up-to-date symlink: /home/giromi/Repos/VTOL/ws_sensor_combined_src/install/px4_msgs/include/px4_msgs/px4_msgs/msg/detail/failure_detector_status__rosidl_typesupport_fastrtps_cpp.hpp\n'}
[6.483579] (px4_msgs) StdoutLine: {'line': b'-- Up-to-date symlink: /home/giromi/Repos/VTOL/ws_sensor_combined_src/install/px4_msgs/include/px4_msgs/px4_msgs/msg/detail/figure_eight_status__rosidl_typesupport_fastrtps_cpp.hpp\n'}
[6.483719] (px4_msgs) StdoutLine: {'line': b'-- Up-to-date symlink: /home/giromi/Repos/VTOL/ws_sensor_combined_src/install/px4_msgs/include/px4_msgs/px4_msgs/msg/detail/follow_target__rosidl_typesupport_fastrtps_cpp.hpp\n'}
[6.483857] (px4_msgs) StdoutLine: {'line': b'-- Up-to-date symlink: /home/giromi/Repos/VTOL/ws_sensor_combined_src/install/px4_msgs/include/px4_msgs/px4_msgs/msg/detail/follow_target_estimator__rosidl_typesupport_fastrtps_cpp.hpp\n'}
[6.483993] (px4_msgs) StdoutLine: {'line': b'-- Up-to-date symlink: /home/giromi/Repos/VTOL/ws_sensor_combined_src/install/px4_msgs/include/px4_msgs/px4_msgs/msg/detail/follow_target_status__rosidl_typesupport_fastrtps_cpp.hpp\n'}
[6.484132] (px4_msgs) StdoutLine: {'line': b'-- Up-to-date symlink: /home/giromi/Repos/VTOL/ws_sensor_combined_src/install/px4_msgs/include/px4_msgs/px4_msgs/msg/detail/generator_status__rosidl_typesupport_fastrtps_cpp.hpp\n'}
[6.484269] (px4_msgs) StdoutLine: {'line': b'-- Up-to-date symlink: /home/giromi/Repos/VTOL/ws_sensor_combined_src/install/px4_msgs/include/px4_msgs/px4_msgs/msg/detail/geofence_result__rosidl_typesupport_fastrtps_cpp.hpp\n'}
[6.484407] (px4_msgs) StdoutLine: {'line': b'-- Up-to-date symlink: /home/giromi/Repos/VTOL/ws_sensor_combined_src/install/px4_msgs/include/px4_msgs/px4_msgs/msg/detail/gimbal_controls__rosidl_typesupport_fastrtps_cpp.hpp\n'}
[6.484544] (px4_msgs) StdoutLine: {'line': b'-- Up-to-date symlink: /home/giromi/Repos/VTOL/ws_sensor_combined_src/install/px4_msgs/include/px4_msgs/px4_msgs/msg/detail/gimbal_device_attitude_status__rosidl_typesupport_fastrtps_cpp.hpp\n'}
[6.484681] (px4_msgs) StdoutLine: {'line': b'-- Up-to-date symlink: /home/giromi/Repos/VTOL/ws_sensor_combined_src/install/px4_msgs/include/px4_msgs/px4_msgs/msg/detail/gimbal_device_information__rosidl_typesupport_fastrtps_cpp.hpp\n'}
[6.484820] (px4_msgs) StdoutLine: {'line': b'-- Up-to-date symlink: /home/giromi/Repos/VTOL/ws_sensor_combined_src/install/px4_msgs/include/px4_msgs/px4_msgs/msg/detail/gimbal_device_set_attitude__rosidl_typesupport_fastrtps_cpp.hpp\n'}
[6.484955] (px4_msgs) StdoutLine: {'line': b'-- Up-to-date symlink: /home/giromi/Repos/VTOL/ws_sensor_combined_src/install/px4_msgs/include/px4_msgs/px4_msgs/msg/detail/gimbal_manager_information__rosidl_typesupport_fastrtps_cpp.hpp\n'}
[6.485092] (px4_msgs) StdoutLine: {'line': b'-- Up-to-date symlink: /home/giromi/Repos/VTOL/ws_sensor_combined_src/install/px4_msgs/include/px4_msgs/px4_msgs/msg/detail/gimbal_manager_set_attitude__rosidl_typesupport_fastrtps_cpp.hpp\n'}
[6.485229] (px4_msgs) StdoutLine: {'line': b'-- Up-to-date symlink: /home/giromi/Repos/VTOL/ws_sensor_combined_src/install/px4_msgs/include/px4_msgs/px4_msgs/msg/detail/gimbal_manager_set_manual_control__rosidl_typesupport_fastrtps_cpp.hpp\n'}
[6.485368] (px4_msgs) StdoutLine: {'line': b'-- Up-to-date symlink: /home/giromi/Repos/VTOL/ws_sensor_combined_src/install/px4_msgs/include/px4_msgs/px4_msgs/msg/detail/gimbal_manager_status__rosidl_typesupport_fastrtps_cpp.hpp\n'}
[6.485505] (px4_msgs) StdoutLine: {'line': b'-- Up-to-date symlink: /home/giromi/Repos/VTOL/ws_sensor_combined_src/install/px4_msgs/include/px4_msgs/px4_msgs/msg/detail/goto_setpoint__rosidl_typesupport_fastrtps_cpp.hpp\n'}
[6.485643] (px4_msgs) StdoutLine: {'line': b'-- Up-to-date symlink: /home/giromi/Repos/VTOL/ws_sensor_combined_src/install/px4_msgs/include/px4_msgs/px4_msgs/msg/detail/gpio_config__rosidl_typesupport_fastrtps_cpp.hpp\n'}
[6.485781] (px4_msgs) StdoutLine: {'line': b'-- Up-to-date symlink: /home/giromi/Repos/VTOL/ws_sensor_combined_src/install/px4_msgs/include/px4_msgs/px4_msgs/msg/detail/gpio_in__rosidl_typesupport_fastrtps_cpp.hpp\n'}
[6.485946] (px4_msgs) StdoutLine: {'line': b'-- Up-to-date symlink: /home/giromi/Repos/VTOL/ws_sensor_combined_src/install/px4_msgs/include/px4_msgs/px4_msgs/msg/detail/gpio_out__rosidl_typesupport_fastrtps_cpp.hpp\n'}
[6.486087] (px4_msgs) StdoutLine: {'line': b'-- Up-to-date symlink: /home/giromi/Repos/VTOL/ws_sensor_combined_src/install/px4_msgs/include/px4_msgs/px4_msgs/msg/detail/gpio_request__rosidl_typesupport_fastrtps_cpp.hpp\n'}
[6.486224] (px4_msgs) StdoutLine: {'line': b'-- Up-to-date symlink: /home/giromi/Repos/VTOL/ws_sensor_combined_src/install/px4_msgs/include/px4_msgs/px4_msgs/msg/detail/gps_dump__rosidl_typesupport_fastrtps_cpp.hpp\n'}
[6.486370] (px4_msgs) StdoutLine: {'line': b'-- Up-to-date symlink: /home/giromi/Repos/VTOL/ws_sensor_combined_src/install/px4_msgs/include/px4_msgs/px4_msgs/msg/detail/gps_inject_data__rosidl_typesupport_fastrtps_cpp.hpp\n'}
[6.486554] (px4_msgs) StdoutLine: {'line': b'-- Up-to-date symlink: /home/giromi/Repos/VTOL/ws_sensor_combined_src/install/px4_msgs/include/px4_msgs/px4_msgs/msg/detail/gripper__rosidl_typesupport_fastrtps_cpp.hpp\n'}
[6.486693] (px4_msgs) StdoutLine: {'line': b'-- Up-to-date symlink: /home/giromi/Repos/VTOL/ws_sensor_combined_src/install/px4_msgs/include/px4_msgs/px4_msgs/msg/detail/health_report__rosidl_typesupport_fastrtps_cpp.hpp\n'}
[6.486830] (px4_msgs) StdoutLine: {'line': b'-- Up-to-date symlink: /home/giromi/Repos/VTOL/ws_sensor_combined_src/install/px4_msgs/include/px4_msgs/px4_msgs/msg/detail/heater_status__rosidl_typesupport_fastrtps_cpp.hpp\n'}
[6.486968] (px4_msgs) StdoutLine: {'line': b'-- Up-to-date symlink: /home/giromi/Repos/VTOL/ws_sensor_combined_src/install/px4_msgs/include/px4_msgs/px4_msgs/msg/detail/home_position__rosidl_typesupport_fastrtps_cpp.hpp\n'}
[6.487106] (px4_msgs) StdoutLine: {'line': b'-- Up-to-date symlink: /home/giromi/Repos/VTOL/ws_sensor_combined_src/install/px4_msgs/include/px4_msgs/px4_msgs/msg/detail/hover_thrust_estimate__rosidl_typesupport_fastrtps_cpp.hpp\n'}
[6.487242] (px4_msgs) StdoutLine: {'line': b'-- Up-to-date symlink: /home/giromi/Repos/VTOL/ws_sensor_combined_src/install/px4_msgs/include/px4_msgs/px4_msgs/msg/detail/input_rc__rosidl_typesupport_fastrtps_cpp.hpp\n'}
[6.487384] (px4_msgs) StdoutLine: {'line': b'-- Up-to-date symlink: /home/giromi/Repos/VTOL/ws_sensor_combined_src/install/px4_msgs/include/px4_msgs/px4_msgs/msg/detail/internal_combustion_engine_status__rosidl_typesupport_fastrtps_cpp.hpp\n'}
[6.487525] (px4_msgs) StdoutLine: {'line': b'-- Up-to-date symlink: /home/giromi/Repos/VTOL/ws_sensor_combined_src/install/px4_msgs/include/px4_msgs/px4_msgs/msg/detail/iridiumsbd_status__rosidl_typesupport_fastrtps_cpp.hpp\n'}
[6.487660] (px4_msgs) StdoutLine: {'line': b'-- Up-to-date symlink: /home/giromi/Repos/VTOL/ws_sensor_combined_src/install/px4_msgs/include/px4_msgs/px4_msgs/msg/detail/irlock_report__rosidl_typesupport_fastrtps_cpp.hpp\n'}
[6.487798] (px4_msgs) StdoutLine: {'line': b'-- Up-to-date symlink: /home/giromi/Repos/VTOL/ws_sensor_combined_src/install/px4_msgs/include/px4_msgs/px4_msgs/msg/detail/landing_gear__rosidl_typesupport_fastrtps_cpp.hpp\n'}
[6.487935] (px4_msgs) StdoutLine: {'line': b'-- Up-to-date symlink: /home/giromi/Repos/VTOL/ws_sensor_combined_src/install/px4_msgs/include/px4_msgs/px4_msgs/msg/detail/landing_gear_wheel__rosidl_typesupport_fastrtps_cpp.hpp\n'}
[6.488073] (px4_msgs) StdoutLine: {'line': b'-- Up-to-date symlink: /home/giromi/Repos/VTOL/ws_sensor_combined_src/install/px4_msgs/include/px4_msgs/px4_msgs/msg/detail/landing_target_innovations__rosidl_typesupport_fastrtps_cpp.hpp\n'}
[6.488209] (px4_msgs) StdoutLine: {'line': b'-- Up-to-date symlink: /home/giromi/Repos/VTOL/ws_sensor_combined_src/install/px4_msgs/include/px4_msgs/px4_msgs/msg/detail/landing_target_pose__rosidl_typesupport_fastrtps_cpp.hpp\n'}
[6.488348] (px4_msgs) StdoutLine: {'line': b'-- Up-to-date symlink: /home/giromi/Repos/VTOL/ws_sensor_combined_src/install/px4_msgs/include/px4_msgs/px4_msgs/msg/detail/launch_detection_status__rosidl_typesupport_fastrtps_cpp.hpp\n'}
[6.488484] (px4_msgs) StdoutLine: {'line': b'-- Up-to-date symlink: /home/giromi/Repos/VTOL/ws_sensor_combined_src/install/px4_msgs/include/px4_msgs/px4_msgs/msg/detail/led_control__rosidl_typesupport_fastrtps_cpp.hpp\n'}
[6.488621] (px4_msgs) StdoutLine: {'line': b'-- Up-to-date symlink: /home/giromi/Repos/VTOL/ws_sensor_combined_src/install/px4_msgs/include/px4_msgs/px4_msgs/msg/detail/log_message__rosidl_typesupport_fastrtps_cpp.hpp\n'}
[6.488758] (px4_msgs) StdoutLine: {'line': b'-- Up-to-date symlink: /home/giromi/Repos/VTOL/ws_sensor_combined_src/install/px4_msgs/include/px4_msgs/px4_msgs/msg/detail/logger_status__rosidl_typesupport_fastrtps_cpp.hpp\n'}
[6.488898] (px4_msgs) StdoutLine: {'line': b'-- Up-to-date symlink: /home/giromi/Repos/VTOL/ws_sensor_combined_src/install/px4_msgs/include/px4_msgs/px4_msgs/msg/detail/mag_worker_data__rosidl_typesupport_fastrtps_cpp.hpp\n'}
[6.489035] (px4_msgs) StdoutLine: {'line': b'-- Up-to-date symlink: /home/giromi/Repos/VTOL/ws_sensor_combined_src/install/px4_msgs/include/px4_msgs/px4_msgs/msg/detail/magnetometer_bias_estimate__rosidl_typesupport_fastrtps_cpp.hpp\n'}
[6.489173] (px4_msgs) StdoutLine: {'line': b'-- Up-to-date symlink: /home/giromi/Repos/VTOL/ws_sensor_combined_src/install/px4_msgs/include/px4_msgs/px4_msgs/msg/detail/manual_control_setpoint__rosidl_typesupport_fastrtps_cpp.hpp\n'}
[6.489311] (px4_msgs) StdoutLine: {'line': b'-- Up-to-date symlink: /home/giromi/Repos/VTOL/ws_sensor_combined_src/install/px4_msgs/include/px4_msgs/px4_msgs/msg/detail/manual_control_switches__rosidl_typesupport_fastrtps_cpp.hpp\n'}
[6.489448] (px4_msgs) StdoutLine: {'line': b'-- Up-to-date symlink: /home/giromi/Repos/VTOL/ws_sensor_combined_src/install/px4_msgs/include/px4_msgs/px4_msgs/msg/detail/mavlink_log__rosidl_typesupport_fastrtps_cpp.hpp\n'}
[6.489584] (px4_msgs) StdoutLine: {'line': b'-- Up-to-date symlink: /home/giromi/Repos/VTOL/ws_sensor_combined_src/install/px4_msgs/include/px4_msgs/px4_msgs/msg/detail/mavlink_tunnel__rosidl_typesupport_fastrtps_cpp.hpp\n'}
[6.489722] (px4_msgs) StdoutLine: {'line': b'-- Up-to-date symlink: /home/giromi/Repos/VTOL/ws_sensor_combined_src/install/px4_msgs/include/px4_msgs/px4_msgs/msg/detail/message_format_request__rosidl_typesupport_fastrtps_cpp.hpp\n'}
[6.489858] (px4_msgs) StdoutLine: {'line': b'-- Up-to-date symlink: /home/giromi/Repos/VTOL/ws_sensor_combined_src/install/px4_msgs/include/px4_msgs/px4_msgs/msg/detail/message_format_response__rosidl_typesupport_fastrtps_cpp.hpp\n'}
[6.489997] (px4_msgs) StdoutLine: {'line': b'-- Up-to-date symlink: /home/giromi/Repos/VTOL/ws_sensor_combined_src/install/px4_msgs/include/px4_msgs/px4_msgs/msg/detail/mission__rosidl_typesupport_fastrtps_cpp.hpp\n'}
[6.490140] (px4_msgs) StdoutLine: {'line': b'-- Up-to-date symlink: /home/giromi/Repos/VTOL/ws_sensor_combined_src/install/px4_msgs/include/px4_msgs/px4_msgs/msg/detail/mission_result__rosidl_typesupport_fastrtps_cpp.hpp\n'}
[6.490277] (px4_msgs) StdoutLine: {'line': b'-- Up-to-date symlink: /home/giromi/Repos/VTOL/ws_sensor_combined_src/install/px4_msgs/include/px4_msgs/px4_msgs/msg/detail/mode_completed__rosidl_typesupport_fastrtps_cpp.hpp\n'}
[6.490415] (px4_msgs) StdoutLine: {'line': b'-- Up-to-date symlink: /home/giromi/Repos/VTOL/ws_sensor_combined_src/install/px4_msgs/include/px4_msgs/px4_msgs/msg/detail/mount_orientation__rosidl_typesupport_fastrtps_cpp.hpp\n'}
[6.490608] (px4_msgs) StdoutLine: {'line': b'-- Up-to-date symlink: /home/giromi/Repos/VTOL/ws_sensor_combined_src/install/px4_msgs/include/px4_msgs/px4_msgs/msg/detail/navigator_mission_item__rosidl_typesupport_fastrtps_cpp.hpp\n'}
[6.490748] (px4_msgs) StdoutLine: {'line': b'-- Up-to-date symlink: /home/giromi/Repos/VTOL/ws_sensor_combined_src/install/px4_msgs/include/px4_msgs/px4_msgs/msg/detail/normalized_unsigned_setpoint__rosidl_typesupport_fastrtps_cpp.hpp\n'}
[6.490886] (px4_msgs) StdoutLine: {'line': b'-- Up-to-date symlink: /home/giromi/Repos/VTOL/ws_sensor_combined_src/install/px4_msgs/include/px4_msgs/px4_msgs/msg/detail/npfg_status__rosidl_typesupport_fastrtps_cpp.hpp\n'}
[6.491024] (px4_msgs) StdoutLine: {'line': b'-- Up-to-date symlink: /home/giromi/Repos/VTOL/ws_sensor_combined_src/install/px4_msgs/include/px4_msgs/px4_msgs/msg/detail/obstacle_distance__rosidl_typesupport_fastrtps_cpp.hpp\n'}
[6.491163] (px4_msgs) StdoutLine: {'line': b'-- Up-to-date symlink: /home/giromi/Repos/VTOL/ws_sensor_combined_src/install/px4_msgs/include/px4_msgs/px4_msgs/msg/detail/offboard_control_mode__rosidl_typesupport_fastrtps_cpp.hpp\n'}
[6.491298] (px4_msgs) StdoutLine: {'line': b'-- Up-to-date symlink: /home/giromi/Repos/VTOL/ws_sensor_combined_src/install/px4_msgs/include/px4_msgs/px4_msgs/msg/detail/onboard_computer_status__rosidl_typesupport_fastrtps_cpp.hpp\n'}
[6.491438] (px4_msgs) StdoutLine: {'line': b'-- Up-to-date symlink: /home/giromi/Repos/VTOL/ws_sensor_combined_src/install/px4_msgs/include/px4_msgs/px4_msgs/msg/detail/orb_test__rosidl_typesupport_fastrtps_cpp.hpp\n'}
[6.491573] (px4_msgs) StdoutLine: {'line': b'-- Up-to-date symlink: /home/giromi/Repos/VTOL/ws_sensor_combined_src/install/px4_msgs/include/px4_msgs/px4_msgs/msg/detail/orb_test_large__rosidl_typesupport_fastrtps_cpp.hpp\n'}
[6.491709] (px4_msgs) StdoutLine: {'line': b'-- Up-to-date symlink: /home/giromi/Repos/VTOL/ws_sensor_combined_src/install/px4_msgs/include/px4_msgs/px4_msgs/msg/detail/orb_test_medium__rosidl_typesupport_fastrtps_cpp.hpp\n'}
[6.491846] (px4_msgs) StdoutLine: {'line': b'-- Up-to-date symlink: /home/giromi/Repos/VTOL/ws_sensor_combined_src/install/px4_msgs/include/px4_msgs/px4_msgs/msg/detail/orbit_status__rosidl_typesupport_fastrtps_cpp.hpp\n'}
[6.491980] (px4_msgs) StdoutLine: {'line': b'-- Up-to-date symlink: /home/giromi/Repos/VTOL/ws_sensor_combined_src/install/px4_msgs/include/px4_msgs/px4_msgs/msg/detail/parameter_update__rosidl_typesupport_fastrtps_cpp.hpp\n'}
[6.492117] (px4_msgs) StdoutLine: {'line': b'-- Up-to-date symlink: /home/giromi/Repos/VTOL/ws_sensor_combined_src/install/px4_msgs/include/px4_msgs/px4_msgs/msg/detail/ping__rosidl_typesupport_fastrtps_cpp.hpp\n'}
[6.492317] (px4_msgs) StdoutLine: {'line': b'-- Up-to-date symlink: /home/giromi/Repos/VTOL/ws_sensor_combined_src/install/px4_msgs/include/px4_msgs/px4_msgs/msg/detail/position_controller_landing_status__rosidl_typesupport_fastrtps_cpp.hpp\n'}
[6.492461] (px4_msgs) StdoutLine: {'line': b'-- Up-to-date symlink: /home/giromi/Repos/VTOL/ws_sensor_combined_src/install/px4_msgs/include/px4_msgs/px4_msgs/msg/detail/position_controller_status__rosidl_typesupport_fastrtps_cpp.hpp\n'}
[6.492599] (px4_msgs) StdoutLine: {'line': b'-- Up-to-date symlink: /home/giromi/Repos/VTOL/ws_sensor_combined_src/install/px4_msgs/include/px4_msgs/px4_msgs/msg/detail/position_setpoint__rosidl_typesupport_fastrtps_cpp.hpp\n'}
[6.492736] (px4_msgs) StdoutLine: {'line': b'-- Up-to-date symlink: /home/giromi/Repos/VTOL/ws_sensor_combined_src/install/px4_msgs/include/px4_msgs/px4_msgs/msg/detail/position_setpoint_triplet__rosidl_typesupport_fastrtps_cpp.hpp\n'}
[6.492874] (px4_msgs) StdoutLine: {'line': b'-- Up-to-date symlink: /home/giromi/Repos/VTOL/ws_sensor_combined_src/install/px4_msgs/include/px4_msgs/px4_msgs/msg/detail/power_button_state__rosidl_typesupport_fastrtps_cpp.hpp\n'}
[6.493011] (px4_msgs) StdoutLine: {'line': b'-- Up-to-date symlink: /home/giromi/Repos/VTOL/ws_sensor_combined_src/install/px4_msgs/include/px4_msgs/px4_msgs/msg/detail/power_monitor__rosidl_typesupport_fastrtps_cpp.hpp\n'}
[6.493157] (px4_msgs) StdoutLine: {'line': b'-- Up-to-date symlink: /home/giromi/Repos/VTOL/ws_sensor_combined_src/install/px4_msgs/include/px4_msgs/px4_msgs/msg/detail/pps_capture__rosidl_typesupport_fastrtps_cpp.hpp\n'}
[6.493293] (px4_msgs) StdoutLine: {'line': b'-- Up-to-date symlink: /home/giromi/Repos/VTOL/ws_sensor_combined_src/install/px4_msgs/include/px4_msgs/px4_msgs/msg/detail/pwm_input__rosidl_typesupport_fastrtps_cpp.hpp\n'}
[6.493430] (px4_msgs) StdoutLine: {'line': b'-- Up-to-date symlink: /home/giromi/Repos/VTOL/ws_sensor_combined_src/install/px4_msgs/include/px4_msgs/px4_msgs/msg/detail/px4io_status__rosidl_typesupport_fastrtps_cpp.hpp\n'}
[6.493567] (px4_msgs) StdoutLine: {'line': b'-- Up-to-date symlink: /home/giromi/Repos/VTOL/ws_sensor_combined_src/install/px4_msgs/include/px4_msgs/px4_msgs/msg/detail/qshell_req__rosidl_typesupport_fastrtps_cpp.hpp\n'}
[6.493703] (px4_msgs) StdoutLine: {'line': b'-- Up-to-date symlink: /home/giromi/Repos/VTOL/ws_sensor_combined_src/install/px4_msgs/include/px4_msgs/px4_msgs/msg/detail/qshell_retval__rosidl_typesupport_fastrtps_cpp.hpp\n'}
[6.493849] (px4_msgs) StdoutLine: {'line': b'-- Up-to-date symlink: /home/giromi/Repos/VTOL/ws_sensor_combined_src/install/px4_msgs/include/px4_msgs/px4_msgs/msg/detail/radio_status__rosidl_typesupport_fastrtps_cpp.hpp\n'}
[6.494023] (px4_msgs) StdoutLine: {'line': b'-- Up-to-date symlink: /home/giromi/Repos/VTOL/ws_sensor_combined_src/install/px4_msgs/include/px4_msgs/px4_msgs/msg/detail/rate_ctrl_status__rosidl_typesupport_fastrtps_cpp.hpp\n'}
[6.494166] (px4_msgs) StdoutLine: {'line': b'-- Up-to-date symlink: /home/giromi/Repos/VTOL/ws_sensor_combined_src/install/px4_msgs/include/px4_msgs/px4_msgs/msg/detail/rc_channels__rosidl_typesupport_fastrtps_cpp.hpp\n'}
[6.494304] (px4_msgs) StdoutLine: {'line': b'-- Up-to-date symlink: /home/giromi/Repos/VTOL/ws_sensor_combined_src/install/px4_msgs/include/px4_msgs/px4_msgs/msg/detail/rc_parameter_map__rosidl_typesupport_fastrtps_cpp.hpp\n'}
[6.494442] (px4_msgs) StdoutLine: {'line': b'-- Up-to-date symlink: /home/giromi/Repos/VTOL/ws_sensor_combined_src/install/px4_msgs/include/px4_msgs/px4_msgs/msg/detail/register_ext_component_reply__rosidl_typesupport_fastrtps_cpp.hpp\n'}
[6.494656] (px4_msgs) StdoutLine: {'line': b'-- Up-to-date symlink: /home/giromi/Repos/VTOL/ws_sensor_combined_src/install/px4_msgs/include/px4_msgs/px4_msgs/msg/detail/register_ext_component_request__rosidl_typesupport_fastrtps_cpp.hpp\n'}
[6.494811] (px4_msgs) StdoutLine: {'line': b'-- Up-to-date symlink: /home/giromi/Repos/VTOL/ws_sensor_combined_src/install/px4_msgs/include/px4_msgs/px4_msgs/msg/detail/rpm__rosidl_typesupport_fastrtps_cpp.hpp\n'}
[6.494950] (px4_msgs) StdoutLine: {'line': b'-- Up-to-date symlink: /home/giromi/Repos/VTOL/ws_sensor_combined_src/install/px4_msgs/include/px4_msgs/px4_msgs/msg/detail/rtl_time_estimate__rosidl_typesupport_fastrtps_cpp.hpp\n'}
[6.495089] (px4_msgs) StdoutLine: {'line': b'-- Up-to-date symlink: /home/giromi/Repos/VTOL/ws_sensor_combined_src/install/px4_msgs/include/px4_msgs/px4_msgs/msg/detail/satellite_info__rosidl_typesupport_fastrtps_cpp.hpp\n'}
[6.495227] (px4_msgs) StdoutLine: {'line': b'-- Up-to-date symlink: /home/giromi/Repos/VTOL/ws_sensor_combined_src/install/px4_msgs/include/px4_msgs/px4_msgs/msg/detail/sensor_accel__rosidl_typesupport_fastrtps_cpp.hpp\n'}
[6.495365] (px4_msgs) StdoutLine: {'line': b'-- Up-to-date symlink: /home/giromi/Repos/VTOL/ws_sensor_combined_src/install/px4_msgs/include/px4_msgs/px4_msgs/msg/detail/sensor_accel_fifo__rosidl_typesupport_fastrtps_cpp.hpp\n'}
[6.495505] (px4_msgs) StdoutLine: {'line': b'-- Up-to-date symlink: /home/giromi/Repos/VTOL/ws_sensor_combined_src/install/px4_msgs/include/px4_msgs/px4_msgs/msg/detail/sensor_airflow__rosidl_typesupport_fastrtps_cpp.hpp\n'}
[6.495642] (px4_msgs) StdoutLine: {'line': b'-- Up-to-date symlink: /home/giromi/Repos/VTOL/ws_sensor_combined_src/install/px4_msgs/include/px4_msgs/px4_msgs/msg/detail/sensor_baro__rosidl_typesupport_fastrtps_cpp.hpp\n'}
[6.495779] (px4_msgs) StdoutLine: {'line': b'-- Up-to-date symlink: /home/giromi/Repos/VTOL/ws_sensor_combined_src/install/px4_msgs/include/px4_msgs/px4_msgs/msg/detail/sensor_combined__rosidl_typesupport_fastrtps_cpp.hpp\n'}
[6.495921] (px4_msgs) StdoutLine: {'line': b'-- Up-to-date symlink: /home/giromi/Repos/VTOL/ws_sensor_combined_src/install/px4_msgs/include/px4_msgs/px4_msgs/msg/detail/sensor_correction__rosidl_typesupport_fastrtps_cpp.hpp\n'}
[6.496059] (px4_msgs) StdoutLine: {'line': b'-- Up-to-date symlink: /home/giromi/Repos/VTOL/ws_sensor_combined_src/install/px4_msgs/include/px4_msgs/px4_msgs/msg/detail/sensor_gnss_relative__rosidl_typesupport_fastrtps_cpp.hpp\n'}
[6.496197] (px4_msgs) StdoutLine: {'line': b'-- Up-to-date symlink: /home/giromi/Repos/VTOL/ws_sensor_combined_src/install/px4_msgs/include/px4_msgs/px4_msgs/msg/detail/sensor_gps__rosidl_typesupport_fastrtps_cpp.hpp\n'}
[6.496367] (px4_msgs) StdoutLine: {'line': b'-- Up-to-date symlink: /home/giromi/Repos/VTOL/ws_sensor_combined_src/install/px4_msgs/include/px4_msgs/px4_msgs/msg/detail/sensor_gyro__rosidl_typesupport_fastrtps_cpp.hpp\n'}
[6.496509] (px4_msgs) StdoutLine: {'line': b'-- Up-to-date symlink: /home/giromi/Repos/VTOL/ws_sensor_combined_src/install/px4_msgs/include/px4_msgs/px4_msgs/msg/detail/sensor_gyro_fft__rosidl_typesupport_fastrtps_cpp.hpp\n'}
[6.496644] (px4_msgs) StdoutLine: {'line': b'-- Up-to-date symlink: /home/giromi/Repos/VTOL/ws_sensor_combined_src/install/px4_msgs/include/px4_msgs/px4_msgs/msg/detail/sensor_gyro_fifo__rosidl_typesupport_fastrtps_cpp.hpp\n'}
[6.496785] (px4_msgs) StdoutLine: {'line': b'-- Up-to-date symlink: /home/giromi/Repos/VTOL/ws_sensor_combined_src/install/px4_msgs/include/px4_msgs/px4_msgs/msg/detail/sensor_hygrometer__rosidl_typesupport_fastrtps_cpp.hpp\n'}
[6.496928] (px4_msgs) StdoutLine: {'line': b'-- Up-to-date symlink: /home/giromi/Repos/VTOL/ws_sensor_combined_src/install/px4_msgs/include/px4_msgs/px4_msgs/msg/detail/sensor_mag__rosidl_typesupport_fastrtps_cpp.hpp\n'}
[6.497065] (px4_msgs) StdoutLine: {'line': b'-- Up-to-date symlink: /home/giromi/Repos/VTOL/ws_sensor_combined_src/install/px4_msgs/include/px4_msgs/px4_msgs/msg/detail/sensor_optical_flow__rosidl_typesupport_fastrtps_cpp.hpp\n'}
[6.497200] (px4_msgs) StdoutLine: {'line': b'-- Up-to-date symlink: /home/giromi/Repos/VTOL/ws_sensor_combined_src/install/px4_msgs/include/px4_msgs/px4_msgs/msg/detail/sensor_preflight_mag__rosidl_typesupport_fastrtps_cpp.hpp\n'}
[6.497337] (px4_msgs) StdoutLine: {'line': b'-- Up-to-date symlink: /home/giromi/Repos/VTOL/ws_sensor_combined_src/install/px4_msgs/include/px4_msgs/px4_msgs/msg/detail/sensor_selection__rosidl_typesupport_fastrtps_cpp.hpp\n'}
[6.497473] (px4_msgs) StdoutLine: {'line': b'-- Up-to-date symlink: /home/giromi/Repos/VTOL/ws_sensor_combined_src/install/px4_msgs/include/px4_msgs/px4_msgs/msg/detail/sensor_uwb__rosidl_typesupport_fastrtps_cpp.hpp\n'}
[6.497610] (px4_msgs) StdoutLine: {'line': b'-- Up-to-date symlink: /home/giromi/Repos/VTOL/ws_sensor_combined_src/install/px4_msgs/include/px4_msgs/px4_msgs/msg/detail/sensors_status__rosidl_typesupport_fastrtps_cpp.hpp\n'}
[6.497795] (px4_msgs) StdoutLine: {'line': b'-- Up-to-date symlink: /home/giromi/Repos/VTOL/ws_sensor_combined_src/install/px4_msgs/include/px4_msgs/px4_msgs/msg/detail/sensors_status_imu__rosidl_typesupport_fastrtps_cpp.hpp\n'}
[6.497939] (px4_msgs) StdoutLine: {'line': b'-- Up-to-date symlink: /home/giromi/Repos/VTOL/ws_sensor_combined_src/install/px4_msgs/include/px4_msgs/px4_msgs/msg/detail/system_power__rosidl_typesupport_fastrtps_cpp.hpp\n'}
[6.498112] (px4_msgs) StdoutLine: {'line': b'-- Up-to-date symlink: /home/giromi/Repos/VTOL/ws_sensor_combined_src/install/px4_msgs/include/px4_msgs/px4_msgs/msg/detail/takeoff_status__rosidl_typesupport_fastrtps_cpp.hpp\n'}
[6.498249] (px4_msgs) StdoutLine: {'line': b'-- Up-to-date symlink: /home/giromi/Repos/VTOL/ws_sensor_combined_src/install/px4_msgs/include/px4_msgs/px4_msgs/msg/detail/task_stack_info__rosidl_typesupport_fastrtps_cpp.hpp\n'}
[6.498386] (px4_msgs) StdoutLine: {'line': b'-- Up-to-date symlink: /home/giromi/Repos/VTOL/ws_sensor_combined_src/install/px4_msgs/include/px4_msgs/px4_msgs/msg/detail/tecs_status__rosidl_typesupport_fastrtps_cpp.hpp\n'}
[6.498604] (px4_msgs) StdoutLine: {'line': b'-- Up-to-date symlink: /home/giromi/Repos/VTOL/ws_sensor_combined_src/install/px4_msgs/include/px4_msgs/px4_msgs/msg/detail/telemetry_status__rosidl_typesupport_fastrtps_cpp.hpp\n'}
[6.498747] (px4_msgs) StdoutLine: {'line': b'-- Up-to-date symlink: /home/giromi/Repos/VTOL/ws_sensor_combined_src/install/px4_msgs/include/px4_msgs/px4_msgs/msg/detail/tiltrotor_extra_controls__rosidl_typesupport_fastrtps_cpp.hpp\n'}
[6.498885] (px4_msgs) StdoutLine: {'line': b'-- Up-to-date symlink: /home/giromi/Repos/VTOL/ws_sensor_combined_src/install/px4_msgs/include/px4_msgs/px4_msgs/msg/detail/timesync_status__rosidl_typesupport_fastrtps_cpp.hpp\n'}
[6.499023] (px4_msgs) StdoutLine: {'line': b'-- Up-to-date symlink: /home/giromi/Repos/VTOL/ws_sensor_combined_src/install/px4_msgs/include/px4_msgs/px4_msgs/msg/detail/trajectory_bezier__rosidl_typesupport_fastrtps_cpp.hpp\n'}
[6.499160] (px4_msgs) StdoutLine: {'line': b'-- Up-to-date symlink: /home/giromi/Repos/VTOL/ws_sensor_combined_src/install/px4_msgs/include/px4_msgs/px4_msgs/msg/detail/trajectory_setpoint__rosidl_typesupport_fastrtps_cpp.hpp\n'}
[6.499299] (px4_msgs) StdoutLine: {'line': b'-- Up-to-date symlink: /home/giromi/Repos/VTOL/ws_sensor_combined_src/install/px4_msgs/include/px4_msgs/px4_msgs/msg/detail/trajectory_waypoint__rosidl_typesupport_fastrtps_cpp.hpp\n'}
[6.499434] (px4_msgs) StdoutLine: {'line': b'-- Up-to-date symlink: /home/giromi/Repos/VTOL/ws_sensor_combined_src/install/px4_msgs/include/px4_msgs/px4_msgs/msg/detail/transponder_report__rosidl_typesupport_fastrtps_cpp.hpp\n'}
[6.499571] (px4_msgs) StdoutLine: {'line': b'-- Up-to-date symlink: /home/giromi/Repos/VTOL/ws_sensor_combined_src/install/px4_msgs/include/px4_msgs/px4_msgs/msg/detail/tune_control__rosidl_typesupport_fastrtps_cpp.hpp\n'}
[6.499707] (px4_msgs) StdoutLine: {'line': b'-- Up-to-date symlink: /home/giromi/Repos/VTOL/ws_sensor_combined_src/install/px4_msgs/include/px4_msgs/px4_msgs/msg/detail/uavcan_parameter_request__rosidl_typesupport_fastrtps_cpp.hpp\n'}
[6.499844] (px4_msgs) StdoutLine: {'line': b'-- Up-to-date symlink: /home/giromi/Repos/VTOL/ws_sensor_combined_src/install/px4_msgs/include/px4_msgs/px4_msgs/msg/detail/uavcan_parameter_value__rosidl_typesupport_fastrtps_cpp.hpp\n'}
[6.499981] (px4_msgs) StdoutLine: {'line': b'-- Up-to-date symlink: /home/giromi/Repos/VTOL/ws_sensor_combined_src/install/px4_msgs/include/px4_msgs/px4_msgs/msg/detail/ulog_stream__rosidl_typesupport_fastrtps_cpp.hpp\n'}
[6.500121] (px4_msgs) StdoutLine: {'line': b'-- Up-to-date symlink: /home/giromi/Repos/VTOL/ws_sensor_combined_src/install/px4_msgs/include/px4_msgs/px4_msgs/msg/detail/ulog_stream_ack__rosidl_typesupport_fastrtps_cpp.hpp\n'}
[6.500259] (px4_msgs) StdoutLine: {'line': b'-- Up-to-date symlink: /home/giromi/Repos/VTOL/ws_sensor_combined_src/install/px4_msgs/include/px4_msgs/px4_msgs/msg/detail/unregister_ext_component__rosidl_typesupport_fastrtps_cpp.hpp\n'}
[6.500396] (px4_msgs) StdoutLine: {'line': b'-- Up-to-date symlink: /home/giromi/Repos/VTOL/ws_sensor_combined_src/install/px4_msgs/include/px4_msgs/px4_msgs/msg/detail/vehicle_acceleration__rosidl_typesupport_fastrtps_cpp.hpp\n'}
[6.500535] (px4_msgs) StdoutLine: {'line': b'-- Up-to-date symlink: /home/giromi/Repos/VTOL/ws_sensor_combined_src/install/px4_msgs/include/px4_msgs/px4_msgs/msg/detail/vehicle_air_data__rosidl_typesupport_fastrtps_cpp.hpp\n'}
[6.500672] (px4_msgs) StdoutLine: {'line': b'-- Up-to-date symlink: /home/giromi/Repos/VTOL/ws_sensor_combined_src/install/px4_msgs/include/px4_msgs/px4_msgs/msg/detail/vehicle_angular_acceleration_setpoint__rosidl_typesupport_fastrtps_cpp.hpp\n'}
[6.500808] (px4_msgs) StdoutLine: {'line': b'-- Up-to-date symlink: /home/giromi/Repos/VTOL/ws_sensor_combined_src/install/px4_msgs/include/px4_msgs/px4_msgs/msg/detail/vehicle_angular_velocity__rosidl_typesupport_fastrtps_cpp.hpp\n'}
[6.500945] (px4_msgs) StdoutLine: {'line': b'-- Up-to-date symlink: /home/giromi/Repos/VTOL/ws_sensor_combined_src/install/px4_msgs/include/px4_msgs/px4_msgs/msg/detail/vehicle_attitude__rosidl_typesupport_fastrtps_cpp.hpp\n'}
[6.501082] (px4_msgs) StdoutLine: {'line': b'-- Up-to-date symlink: /home/giromi/Repos/VTOL/ws_sensor_combined_src/install/px4_msgs/include/px4_msgs/px4_msgs/msg/detail/vehicle_attitude_setpoint__rosidl_typesupport_fastrtps_cpp.hpp\n'}
[6.501218] (px4_msgs) StdoutLine: {'line': b'-- Up-to-date symlink: /home/giromi/Repos/VTOL/ws_sensor_combined_src/install/px4_msgs/include/px4_msgs/px4_msgs/msg/detail/vehicle_command__rosidl_typesupport_fastrtps_cpp.hpp\n'}
[6.501354] (px4_msgs) StdoutLine: {'line': b'-- Up-to-date symlink: /home/giromi/Repos/VTOL/ws_sensor_combined_src/install/px4_msgs/include/px4_msgs/px4_msgs/msg/detail/vehicle_command_ack__rosidl_typesupport_fastrtps_cpp.hpp\n'}
[6.501496] (px4_msgs) StdoutLine: {'line': b'-- Up-to-date symlink: /home/giromi/Repos/VTOL/ws_sensor_combined_src/install/px4_msgs/include/px4_msgs/px4_msgs/msg/detail/vehicle_constraints__rosidl_typesupport_fastrtps_cpp.hpp\n'}
[6.501632] (px4_msgs) StdoutLine: {'line': b'-- Up-to-date symlink: /home/giromi/Repos/VTOL/ws_sensor_combined_src/install/px4_msgs/include/px4_msgs/px4_msgs/msg/detail/vehicle_control_mode__rosidl_typesupport_fastrtps_cpp.hpp\n'}
[6.501770] (px4_msgs) StdoutLine: {'line': b'-- Up-to-date symlink: /home/giromi/Repos/VTOL/ws_sensor_combined_src/install/px4_msgs/include/px4_msgs/px4_msgs/msg/detail/vehicle_global_position__rosidl_typesupport_fastrtps_cpp.hpp\n'}
[6.501906] (px4_msgs) StdoutLine: {'line': b'-- Up-to-date symlink: /home/giromi/Repos/VTOL/ws_sensor_combined_src/install/px4_msgs/include/px4_msgs/px4_msgs/msg/detail/vehicle_imu__rosidl_typesupport_fastrtps_cpp.hpp\n'}
[6.502042] (px4_msgs) StdoutLine: {'line': b'-- Up-to-date symlink: /home/giromi/Repos/VTOL/ws_sensor_combined_src/install/px4_msgs/include/px4_msgs/px4_msgs/msg/detail/vehicle_imu_status__rosidl_typesupport_fastrtps_cpp.hpp\n'}
[6.502179] (px4_msgs) StdoutLine: {'line': b'-- Up-to-date symlink: /home/giromi/Repos/VTOL/ws_sensor_combined_src/install/px4_msgs/include/px4_msgs/px4_msgs/msg/detail/vehicle_land_detected__rosidl_typesupport_fastrtps_cpp.hpp\n'}
[6.502316] (px4_msgs) StdoutLine: {'line': b'-- Up-to-date symlink: /home/giromi/Repos/VTOL/ws_sensor_combined_src/install/px4_msgs/include/px4_msgs/px4_msgs/msg/detail/vehicle_local_position__rosidl_typesupport_fastrtps_cpp.hpp\n'}
[6.502479] (px4_msgs) StdoutLine: {'line': b'-- Up-to-date symlink: /home/giromi/Repos/VTOL/ws_sensor_combined_src/install/px4_msgs/include/px4_msgs/px4_msgs/msg/detail/vehicle_local_position_setpoint__rosidl_typesupport_fastrtps_cpp.hpp\n'}
[6.502641] (px4_msgs) StdoutLine: {'line': b'-- Up-to-date symlink: /home/giromi/Repos/VTOL/ws_sensor_combined_src/install/px4_msgs/include/px4_msgs/px4_msgs/msg/detail/vehicle_magnetometer__rosidl_typesupport_fastrtps_cpp.hpp\n'}
[6.502776] (px4_msgs) StdoutLine: {'line': b'-- Up-to-date symlink: /home/giromi/Repos/VTOL/ws_sensor_combined_src/install/px4_msgs/include/px4_msgs/px4_msgs/msg/detail/vehicle_odometry__rosidl_typesupport_fastrtps_cpp.hpp\n'}
[6.502912] (px4_msgs) StdoutLine: {'line': b'-- Up-to-date symlink: /home/giromi/Repos/VTOL/ws_sensor_combined_src/install/px4_msgs/include/px4_msgs/px4_msgs/msg/detail/vehicle_optical_flow__rosidl_typesupport_fastrtps_cpp.hpp\n'}
[6.503047] (px4_msgs) StdoutLine: {'line': b'-- Up-to-date symlink: /home/giromi/Repos/VTOL/ws_sensor_combined_src/install/px4_msgs/include/px4_msgs/px4_msgs/msg/detail/vehicle_optical_flow_vel__rosidl_typesupport_fastrtps_cpp.hpp\n'}
[6.503184] (px4_msgs) StdoutLine: {'line': b'-- Up-to-date symlink: /home/giromi/Repos/VTOL/ws_sensor_combined_src/install/px4_msgs/include/px4_msgs/px4_msgs/msg/detail/vehicle_rates_setpoint__rosidl_typesupport_fastrtps_cpp.hpp\n'}
[6.503340] (px4_msgs) StdoutLine: {'line': b'-- Up-to-date symlink: /home/giromi/Repos/VTOL/ws_sensor_combined_src/install/px4_msgs/include/px4_msgs/px4_msgs/msg/detail/vehicle_roi__rosidl_typesupport_fastrtps_cpp.hpp\n'}
[6.503498] (px4_msgs) StdoutLine: {'line': b'-- Up-to-date symlink: /home/giromi/Repos/VTOL/ws_sensor_combined_src/install/px4_msgs/include/px4_msgs/px4_msgs/msg/detail/vehicle_status__rosidl_typesupport_fastrtps_cpp.hpp\n'}
[6.503635] (px4_msgs) StdoutLine: {'line': b'-- Up-to-date symlink: /home/giromi/Repos/VTOL/ws_sensor_combined_src/install/px4_msgs/include/px4_msgs/px4_msgs/msg/detail/vehicle_thrust_setpoint__rosidl_typesupport_fastrtps_cpp.hpp\n'}
[6.503770] (px4_msgs) StdoutLine: {'line': b'-- Up-to-date symlink: /home/giromi/Repos/VTOL/ws_sensor_combined_src/install/px4_msgs/include/px4_msgs/px4_msgs/msg/detail/vehicle_torque_setpoint__rosidl_typesupport_fastrtps_cpp.hpp\n'}
[6.503908] (px4_msgs) StdoutLine: {'line': b'-- Up-to-date symlink: /home/giromi/Repos/VTOL/ws_sensor_combined_src/install/px4_msgs/include/px4_msgs/px4_msgs/msg/detail/vehicle_trajectory_bezier__rosidl_typesupport_fastrtps_cpp.hpp\n'}
[6.504044] (px4_msgs) StdoutLine: {'line': b'-- Up-to-date symlink: /home/giromi/Repos/VTOL/ws_sensor_combined_src/install/px4_msgs/include/px4_msgs/px4_msgs/msg/detail/vehicle_trajectory_waypoint__rosidl_typesupport_fastrtps_cpp.hpp\n'}
[6.504180] (px4_msgs) StdoutLine: {'line': b'-- Up-to-date symlink: /home/giromi/Repos/VTOL/ws_sensor_combined_src/install/px4_msgs/include/px4_msgs/px4_msgs/msg/detail/velocity_limits__rosidl_typesupport_fastrtps_cpp.hpp\n'}
[6.504316] (px4_msgs) StdoutLine: {'line': b'-- Up-to-date symlink: /home/giromi/Repos/VTOL/ws_sensor_combined_src/install/px4_msgs/include/px4_msgs/px4_msgs/msg/detail/vtol_vehicle_status__rosidl_typesupport_fastrtps_cpp.hpp\n'}
[6.504453] (px4_msgs) StdoutLine: {'line': b'-- Up-to-date symlink: /home/giromi/Repos/VTOL/ws_sensor_combined_src/install/px4_msgs/include/px4_msgs/px4_msgs/msg/detail/wheel_encoders__rosidl_typesupport_fastrtps_cpp.hpp\n'}
[6.504590] (px4_msgs) StdoutLine: {'line': b'-- Up-to-date symlink: /home/giromi/Repos/VTOL/ws_sensor_combined_src/install/px4_msgs/include/px4_msgs/px4_msgs/msg/detail/wind__rosidl_typesupport_fastrtps_cpp.hpp\n'}
[6.504728] (px4_msgs) StdoutLine: {'line': b'-- Up-to-date symlink: /home/giromi/Repos/VTOL/ws_sensor_combined_src/install/px4_msgs/include/px4_msgs/px4_msgs/msg/detail/yaw_estimator_status__rosidl_typesupport_fastrtps_cpp.hpp\n'}
[6.504859] (px4_msgs) StdoutLine: {'line': b'-- Up-to-date symlink: /home/giromi/Repos/VTOL/ws_sensor_combined_src/install/px4_msgs/include/px4_msgs/px4_msgs/msg/rosidl_typesupport_fastrtps_cpp__visibility_control.h\n'}
[6.504996] (px4_msgs) StdoutLine: {'line': b'-- Up-to-date symlink: /home/giromi/Repos/VTOL/ws_sensor_combined_src/install/px4_msgs/include/px4_msgs/px4_msgs/srv/detail/vehicle_command__rosidl_typesupport_fastrtps_cpp.hpp\n'}
[6.508567] (px4_msgs) StdoutLine: {'line': b'-- Up-to-date symlink: /home/giromi/Repos/VTOL/ws_sensor_combined_src/install/px4_msgs/include/px4_msgs/px4_msgs/msg/detail/action_request__rosidl_typesupport_introspection_c.h\n'}
[6.508718] (px4_msgs) StdoutLine: {'line': b'-- Up-to-date symlink: /home/giromi/Repos/VTOL/ws_sensor_combined_src/install/px4_msgs/include/px4_msgs/px4_msgs/msg/detail/actuator_armed__rosidl_typesupport_introspection_c.h\n'}
[6.508953] (px4_msgs) StdoutLine: {'line': b'-- Up-to-date symlink: /home/giromi/Repos/VTOL/ws_sensor_combined_src/install/px4_msgs/include/px4_msgs/px4_msgs/msg/detail/actuator_controls_status__rosidl_typesupport_introspection_c.h\n'}
[6.509104] (px4_msgs) StdoutLine: {'line': b'-- Up-to-date symlink: /home/giromi/Repos/VTOL/ws_sensor_combined_src/install/px4_msgs/include/px4_msgs/px4_msgs/msg/detail/actuator_motors__rosidl_typesupport_introspection_c.h\n'}
[6.509274] (px4_msgs) StdoutLine: {'line': b'-- Up-to-date symlink: /home/giromi/Repos/VTOL/ws_sensor_combined_src/install/px4_msgs/include/px4_msgs/px4_msgs/msg/detail/actuator_outputs__rosidl_typesupport_introspection_c.h\n'}
[6.509551] (px4_msgs) StdoutLine: {'line': b'-- Up-to-date symlink: /home/giromi/Repos/VTOL/ws_sensor_combined_src/install/px4_msgs/include/px4_msgs/px4_msgs/msg/detail/actuator_servos__rosidl_typesupport_introspection_c.h\n'}
[6.509699] (px4_msgs) StdoutLine: {'line': b'-- Up-to-date symlink: /home/giromi/Repos/VTOL/ws_sensor_combined_src/install/px4_msgs/include/px4_msgs/px4_msgs/msg/detail/actuator_servos_trim__rosidl_typesupport_introspection_c.h\n'}
[6.509882] (px4_msgs) StdoutLine: {'line': b'-- Up-to-date symlink: /home/giromi/Repos/VTOL/ws_sensor_combined_src/install/px4_msgs/include/px4_msgs/px4_msgs/msg/detail/actuator_test__rosidl_typesupport_introspection_c.h\n'}
[6.510111] (px4_msgs) StdoutLine: {'line': b'-- Up-to-date symlink: /home/giromi/Repos/VTOL/ws_sensor_combined_src/install/px4_msgs/include/px4_msgs/px4_msgs/msg/detail/adc_report__rosidl_typesupport_introspection_c.h\n'}
[6.510314] (px4_msgs) StdoutLine: {'line': b'-- Up-to-date symlink: /home/giromi/Repos/VTOL/ws_sensor_combined_src/install/px4_msgs/include/px4_msgs/px4_msgs/msg/detail/airspeed__rosidl_typesupport_introspection_c.h\n'}
[6.510415] (px4_msgs) StdoutLine: {'line': b'-- Up-to-date symlink: /home/giromi/Repos/VTOL/ws_sensor_combined_src/install/px4_msgs/include/px4_msgs/px4_msgs/msg/detail/airspeed_validated__rosidl_typesupport_introspection_c.h\n'}
[6.510571] (px4_msgs) StdoutLine: {'line': b'-- Up-to-date symlink: /home/giromi/Repos/VTOL/ws_sensor_combined_src/install/px4_msgs/include/px4_msgs/px4_msgs/msg/detail/airspeed_wind__rosidl_typesupport_introspection_c.h\n'}
[6.510710] (px4_msgs) StdoutLine: {'line': b'-- Up-to-date symlink: /home/giromi/Repos/VTOL/ws_sensor_combined_src/install/px4_msgs/include/px4_msgs/px4_msgs/msg/detail/arming_check_reply__rosidl_typesupport_introspection_c.h\n'}
[6.510911] (px4_msgs) StdoutLine: {'line': b'-- Up-to-date symlink: /home/giromi/Repos/VTOL/ws_sensor_combined_src/install/px4_msgs/include/px4_msgs/px4_msgs/msg/detail/arming_check_request__rosidl_typesupport_introspection_c.h\n'}
[6.511079] (px4_msgs) StdoutLine: {'line': b'-- Up-to-date symlink: /home/giromi/Repos/VTOL/ws_sensor_combined_src/install/px4_msgs/include/px4_msgs/px4_msgs/msg/detail/autotune_attitude_control_status__rosidl_typesupport_introspection_c.h\n'}
[6.511278] (px4_msgs) StdoutLine: {'line': b'-- Up-to-date symlink: /home/giromi/Repos/VTOL/ws_sensor_combined_src/install/px4_msgs/include/px4_msgs/px4_msgs/msg/detail/battery_status__rosidl_typesupport_introspection_c.h\n'}
[6.511443] (px4_msgs) StdoutLine: {'line': b'-- Up-to-date symlink: /home/giromi/Repos/VTOL/ws_sensor_combined_src/install/px4_msgs/include/px4_msgs/px4_msgs/msg/detail/buffer128__rosidl_typesupport_introspection_c.h\n'}
[6.511613] (px4_msgs) StdoutLine: {'line': b'-- Up-to-date symlink: /home/giromi/Repos/VTOL/ws_sensor_combined_src/install/px4_msgs/include/px4_msgs/px4_msgs/msg/detail/button_event__rosidl_typesupport_introspection_c.h\n'}
[6.511730] (px4_msgs) StdoutLine: {'line': b'-- Up-to-date symlink: /home/giromi/Repos/VTOL/ws_sensor_combined_src/install/px4_msgs/include/px4_msgs/px4_msgs/msg/detail/camera_capture__rosidl_typesupport_introspection_c.h\n'}
[6.511864] (px4_msgs) StdoutLine: {'line': b'-- Up-to-date symlink: /home/giromi/Repos/VTOL/ws_sensor_combined_src/install/px4_msgs/include/px4_msgs/px4_msgs/msg/detail/camera_status__rosidl_typesupport_introspection_c.h\n'}
[6.512000] (px4_msgs) StdoutLine: {'line': b'-- Up-to-date symlink: /home/giromi/Repos/VTOL/ws_sensor_combined_src/install/px4_msgs/include/px4_msgs/px4_msgs/msg/detail/camera_trigger__rosidl_typesupport_introspection_c.h\n'}
[6.512136] (px4_msgs) StdoutLine: {'line': b'-- Up-to-date symlink: /home/giromi/Repos/VTOL/ws_sensor_combined_src/install/px4_msgs/include/px4_msgs/px4_msgs/msg/detail/cellular_status__rosidl_typesupport_introspection_c.h\n'}
[6.512272] (px4_msgs) StdoutLine: {'line': b'-- Up-to-date symlink: /home/giromi/Repos/VTOL/ws_sensor_combined_src/install/px4_msgs/include/px4_msgs/px4_msgs/msg/detail/collision_constraints__rosidl_typesupport_introspection_c.h\n'}
[6.512410] (px4_msgs) StdoutLine: {'line': b'-- Up-to-date symlink: /home/giromi/Repos/VTOL/ws_sensor_combined_src/install/px4_msgs/include/px4_msgs/px4_msgs/msg/detail/collision_report__rosidl_typesupport_introspection_c.h\n'}
[6.512582] (px4_msgs) StdoutLine: {'line': b'-- Up-to-date symlink: /home/giromi/Repos/VTOL/ws_sensor_combined_src/install/px4_msgs/include/px4_msgs/px4_msgs/msg/detail/config_overrides__rosidl_typesupport_introspection_c.h\n'}
[6.512741] (px4_msgs) StdoutLine: {'line': b'-- Up-to-date symlink: /home/giromi/Repos/VTOL/ws_sensor_combined_src/install/px4_msgs/include/px4_msgs/px4_msgs/msg/detail/control_allocator_status__rosidl_typesupport_introspection_c.h\n'}
[6.512881] (px4_msgs) StdoutLine: {'line': b'-- Up-to-date symlink: /home/giromi/Repos/VTOL/ws_sensor_combined_src/install/px4_msgs/include/px4_msgs/px4_msgs/msg/detail/cpuload__rosidl_typesupport_introspection_c.h\n'}
[6.513020] (px4_msgs) StdoutLine: {'line': b'-- Up-to-date symlink: /home/giromi/Repos/VTOL/ws_sensor_combined_src/install/px4_msgs/include/px4_msgs/px4_msgs/msg/detail/dataman_request__rosidl_typesupport_introspection_c.h\n'}
[6.513157] (px4_msgs) StdoutLine: {'line': b'-- Up-to-date symlink: /home/giromi/Repos/VTOL/ws_sensor_combined_src/install/px4_msgs/include/px4_msgs/px4_msgs/msg/detail/dataman_response__rosidl_typesupport_introspection_c.h\n'}
[6.513296] (px4_msgs) StdoutLine: {'line': b'-- Up-to-date symlink: /home/giromi/Repos/VTOL/ws_sensor_combined_src/install/px4_msgs/include/px4_msgs/px4_msgs/msg/detail/debug_array__rosidl_typesupport_introspection_c.h\n'}
[6.513431] (px4_msgs) StdoutLine: {'line': b'-- Up-to-date symlink: /home/giromi/Repos/VTOL/ws_sensor_combined_src/install/px4_msgs/include/px4_msgs/px4_msgs/msg/detail/debug_key_value__rosidl_typesupport_introspection_c.h\n'}
[6.513569] (px4_msgs) StdoutLine: {'line': b'-- Up-to-date symlink: /home/giromi/Repos/VTOL/ws_sensor_combined_src/install/px4_msgs/include/px4_msgs/px4_msgs/msg/detail/debug_value__rosidl_typesupport_introspection_c.h\n'}
[6.513739] (px4_msgs) StdoutLine: {'line': b'-- Up-to-date symlink: /home/giromi/Repos/VTOL/ws_sensor_combined_src/install/px4_msgs/include/px4_msgs/px4_msgs/msg/detail/debug_vect__rosidl_typesupport_introspection_c.h\n'}
[6.513908] (px4_msgs) StdoutLine: {'line': b'-- Up-to-date symlink: /home/giromi/Repos/VTOL/ws_sensor_combined_src/install/px4_msgs/include/px4_msgs/px4_msgs/msg/detail/differential_drive_setpoint__rosidl_typesupport_introspection_c.h\n'}
[6.514069] (px4_msgs) StdoutLine: {'line': b'-- Up-to-date symlink: /home/giromi/Repos/VTOL/ws_sensor_combined_src/install/px4_msgs/include/px4_msgs/px4_msgs/msg/detail/differential_pressure__rosidl_typesupport_introspection_c.h\n'}
[6.514229] (px4_msgs) StdoutLine: {'line': b'-- Up-to-date symlink: /home/giromi/Repos/VTOL/ws_sensor_combined_src/install/px4_msgs/include/px4_msgs/px4_msgs/msg/detail/distance_sensor__rosidl_typesupport_introspection_c.h\n'}
[6.514359] (px4_msgs) StdoutLine: {'line': b'-- Up-to-date symlink: /home/giromi/Repos/VTOL/ws_sensor_combined_src/install/px4_msgs/include/px4_msgs/px4_msgs/msg/detail/ekf2_timestamps__rosidl_typesupport_introspection_c.h\n'}
[6.514540] (px4_msgs) StdoutLine: {'line': b'-- Up-to-date symlink: /home/giromi/Repos/VTOL/ws_sensor_combined_src/install/px4_msgs/include/px4_msgs/px4_msgs/msg/detail/esc_report__rosidl_typesupport_introspection_c.h\n'}
[6.514680] (px4_msgs) StdoutLine: {'line': b'-- Up-to-date symlink: /home/giromi/Repos/VTOL/ws_sensor_combined_src/install/px4_msgs/include/px4_msgs/px4_msgs/msg/detail/esc_status__rosidl_typesupport_introspection_c.h\n'}
[6.514820] (px4_msgs) StdoutLine: {'line': b'-- Up-to-date symlink: /home/giromi/Repos/VTOL/ws_sensor_combined_src/install/px4_msgs/include/px4_msgs/px4_msgs/msg/detail/estimator_aid_source1d__rosidl_typesupport_introspection_c.h\n'}
[6.514962] (px4_msgs) StdoutLine: {'line': b'-- Up-to-date symlink: /home/giromi/Repos/VTOL/ws_sensor_combined_src/install/px4_msgs/include/px4_msgs/px4_msgs/msg/detail/estimator_aid_source2d__rosidl_typesupport_introspection_c.h\n'}
[6.515038] (-) TimerEvent: {}
[6.515169] (px4_msgs) StdoutLine: {'line': b'-- Up-to-date symlink: /home/giromi/Repos/VTOL/ws_sensor_combined_src/install/px4_msgs/include/px4_msgs/px4_msgs/msg/detail/estimator_aid_source3d__rosidl_typesupport_introspection_c.h\n'}
[6.515346] (px4_msgs) StdoutLine: {'line': b'-- Up-to-date symlink: /home/giromi/Repos/VTOL/ws_sensor_combined_src/install/px4_msgs/include/px4_msgs/px4_msgs/msg/detail/estimator_bias3d__rosidl_typesupport_introspection_c.h\n'}
[6.515491] (px4_msgs) StdoutLine: {'line': b'-- Up-to-date symlink: /home/giromi/Repos/VTOL/ws_sensor_combined_src/install/px4_msgs/include/px4_msgs/px4_msgs/msg/detail/estimator_bias__rosidl_typesupport_introspection_c.h\n'}
[6.515619] (px4_msgs) StdoutLine: {'line': b'-- Up-to-date symlink: /home/giromi/Repos/VTOL/ws_sensor_combined_src/install/px4_msgs/include/px4_msgs/px4_msgs/msg/detail/estimator_event_flags__rosidl_typesupport_introspection_c.h\n'}
[6.515757] (px4_msgs) StdoutLine: {'line': b'-- Up-to-date symlink: /home/giromi/Repos/VTOL/ws_sensor_combined_src/install/px4_msgs/include/px4_msgs/px4_msgs/msg/detail/estimator_gps_status__rosidl_typesupport_introspection_c.h\n'}
[6.515895] (px4_msgs) StdoutLine: {'line': b'-- Up-to-date symlink: /home/giromi/Repos/VTOL/ws_sensor_combined_src/install/px4_msgs/include/px4_msgs/px4_msgs/msg/detail/estimator_innovations__rosidl_typesupport_introspection_c.h\n'}
[6.516033] (px4_msgs) StdoutLine: {'line': b'-- Up-to-date symlink: /home/giromi/Repos/VTOL/ws_sensor_combined_src/install/px4_msgs/include/px4_msgs/px4_msgs/msg/detail/estimator_selector_status__rosidl_typesupport_introspection_c.h\n'}
[6.516171] (px4_msgs) StdoutLine: {'line': b'-- Up-to-date symlink: /home/giromi/Repos/VTOL/ws_sensor_combined_src/install/px4_msgs/include/px4_msgs/px4_msgs/msg/detail/estimator_sensor_bias__rosidl_typesupport_introspection_c.h\n'}
[6.516310] (px4_msgs) StdoutLine: {'line': b'-- Up-to-date symlink: /home/giromi/Repos/VTOL/ws_sensor_combined_src/install/px4_msgs/include/px4_msgs/px4_msgs/msg/detail/estimator_states__rosidl_typesupport_introspection_c.h\n'}
[6.516454] (px4_msgs) StdoutLine: {'line': b'-- Up-to-date symlink: /home/giromi/Repos/VTOL/ws_sensor_combined_src/install/px4_msgs/include/px4_msgs/px4_msgs/msg/detail/estimator_status__rosidl_typesupport_introspection_c.h\n'}
[6.516592] (px4_msgs) StdoutLine: {'line': b'-- Up-to-date symlink: /home/giromi/Repos/VTOL/ws_sensor_combined_src/install/px4_msgs/include/px4_msgs/px4_msgs/msg/detail/estimator_status_flags__rosidl_typesupport_introspection_c.h\n'}
[6.516735] (px4_msgs) StdoutLine: {'line': b'-- Up-to-date symlink: /home/giromi/Repos/VTOL/ws_sensor_combined_src/install/px4_msgs/include/px4_msgs/px4_msgs/msg/detail/event__rosidl_typesupport_introspection_c.h\n'}
[6.516875] (px4_msgs) StdoutLine: {'line': b'-- Up-to-date symlink: /home/giromi/Repos/VTOL/ws_sensor_combined_src/install/px4_msgs/include/px4_msgs/px4_msgs/msg/detail/failsafe_flags__rosidl_typesupport_introspection_c.h\n'}
[6.517012] (px4_msgs) StdoutLine: {'line': b'-- Up-to-date symlink: /home/giromi/Repos/VTOL/ws_sensor_combined_src/install/px4_msgs/include/px4_msgs/px4_msgs/msg/detail/failure_detector_status__rosidl_typesupport_introspection_c.h\n'}
[6.517150] (px4_msgs) StdoutLine: {'line': b'-- Up-to-date symlink: /home/giromi/Repos/VTOL/ws_sensor_combined_src/install/px4_msgs/include/px4_msgs/px4_msgs/msg/detail/figure_eight_status__rosidl_typesupport_introspection_c.h\n'}
[6.517287] (px4_msgs) StdoutLine: {'line': b'-- Up-to-date symlink: /home/giromi/Repos/VTOL/ws_sensor_combined_src/install/px4_msgs/include/px4_msgs/px4_msgs/msg/detail/follow_target__rosidl_typesupport_introspection_c.h\n'}
[6.517424] (px4_msgs) StdoutLine: {'line': b'-- Up-to-date symlink: /home/giromi/Repos/VTOL/ws_sensor_combined_src/install/px4_msgs/include/px4_msgs/px4_msgs/msg/detail/follow_target_estimator__rosidl_typesupport_introspection_c.h\n'}
[6.517562] (px4_msgs) StdoutLine: {'line': b'-- Up-to-date symlink: /home/giromi/Repos/VTOL/ws_sensor_combined_src/install/px4_msgs/include/px4_msgs/px4_msgs/msg/detail/follow_target_status__rosidl_typesupport_introspection_c.h\n'}
[6.517731] (px4_msgs) StdoutLine: {'line': b'-- Up-to-date symlink: /home/giromi/Repos/VTOL/ws_sensor_combined_src/install/px4_msgs/include/px4_msgs/px4_msgs/msg/detail/generator_status__rosidl_typesupport_introspection_c.h\n'}
[6.517912] (px4_msgs) StdoutLine: {'line': b'-- Up-to-date symlink: /home/giromi/Repos/VTOL/ws_sensor_combined_src/install/px4_msgs/include/px4_msgs/px4_msgs/msg/detail/geofence_result__rosidl_typesupport_introspection_c.h\n'}
[6.518088] (px4_msgs) StdoutLine: {'line': b'-- Up-to-date symlink: /home/giromi/Repos/VTOL/ws_sensor_combined_src/install/px4_msgs/include/px4_msgs/px4_msgs/msg/detail/gimbal_controls__rosidl_typesupport_introspection_c.h\n'}
[6.518218] (px4_msgs) StdoutLine: {'line': b'-- Up-to-date symlink: /home/giromi/Repos/VTOL/ws_sensor_combined_src/install/px4_msgs/include/px4_msgs/px4_msgs/msg/detail/gimbal_device_attitude_status__rosidl_typesupport_introspection_c.h\n'}
[6.518355] (px4_msgs) StdoutLine: {'line': b'-- Up-to-date symlink: /home/giromi/Repos/VTOL/ws_sensor_combined_src/install/px4_msgs/include/px4_msgs/px4_msgs/msg/detail/gimbal_device_information__rosidl_typesupport_introspection_c.h\n'}
[6.518537] (px4_msgs) StdoutLine: {'line': b'-- Up-to-date symlink: /home/giromi/Repos/VTOL/ws_sensor_combined_src/install/px4_msgs/include/px4_msgs/px4_msgs/msg/detail/gimbal_device_set_attitude__rosidl_typesupport_introspection_c.h\n'}
[6.518729] (px4_msgs) StdoutLine: {'line': b'-- Up-to-date symlink: /home/giromi/Repos/VTOL/ws_sensor_combined_src/install/px4_msgs/include/px4_msgs/px4_msgs/msg/detail/gimbal_manager_information__rosidl_typesupport_introspection_c.h\n'}
[6.518894] (px4_msgs) StdoutLine: {'line': b'-- Up-to-date symlink: /home/giromi/Repos/VTOL/ws_sensor_combined_src/install/px4_msgs/include/px4_msgs/px4_msgs/msg/detail/gimbal_manager_set_attitude__rosidl_typesupport_introspection_c.h\n'}
[6.519060] (px4_msgs) StdoutLine: {'line': b'-- Up-to-date symlink: /home/giromi/Repos/VTOL/ws_sensor_combined_src/install/px4_msgs/include/px4_msgs/px4_msgs/msg/detail/gimbal_manager_set_manual_control__rosidl_typesupport_introspection_c.h\n'}
[6.519227] (px4_msgs) StdoutLine: {'line': b'-- Up-to-date symlink: /home/giromi/Repos/VTOL/ws_sensor_combined_src/install/px4_msgs/include/px4_msgs/px4_msgs/msg/detail/gimbal_manager_status__rosidl_typesupport_introspection_c.h\n'}
[6.519397] (px4_msgs) StdoutLine: {'line': b'-- Up-to-date symlink: /home/giromi/Repos/VTOL/ws_sensor_combined_src/install/px4_msgs/include/px4_msgs/px4_msgs/msg/detail/goto_setpoint__rosidl_typesupport_introspection_c.h\n'}
[6.519559] (px4_msgs) StdoutLine: {'line': b'-- Up-to-date symlink: /home/giromi/Repos/VTOL/ws_sensor_combined_src/install/px4_msgs/include/px4_msgs/px4_msgs/msg/detail/gpio_config__rosidl_typesupport_introspection_c.h\n'}
[6.519676] (px4_msgs) StdoutLine: {'line': b'-- Up-to-date symlink: /home/giromi/Repos/VTOL/ws_sensor_combined_src/install/px4_msgs/include/px4_msgs/px4_msgs/msg/detail/gpio_in__rosidl_typesupport_introspection_c.h\n'}
[6.519810] (px4_msgs) StdoutLine: {'line': b'-- Up-to-date symlink: /home/giromi/Repos/VTOL/ws_sensor_combined_src/install/px4_msgs/include/px4_msgs/px4_msgs/msg/detail/gpio_out__rosidl_typesupport_introspection_c.h\n'}
[6.519945] (px4_msgs) StdoutLine: {'line': b'-- Up-to-date symlink: /home/giromi/Repos/VTOL/ws_sensor_combined_src/install/px4_msgs/include/px4_msgs/px4_msgs/msg/detail/gpio_request__rosidl_typesupport_introspection_c.h\n'}
[6.520081] (px4_msgs) StdoutLine: {'line': b'-- Up-to-date symlink: /home/giromi/Repos/VTOL/ws_sensor_combined_src/install/px4_msgs/include/px4_msgs/px4_msgs/msg/detail/gps_dump__rosidl_typesupport_introspection_c.h\n'}
[6.520219] (px4_msgs) StdoutLine: {'line': b'-- Up-to-date symlink: /home/giromi/Repos/VTOL/ws_sensor_combined_src/install/px4_msgs/include/px4_msgs/px4_msgs/msg/detail/gps_inject_data__rosidl_typesupport_introspection_c.h\n'}
[6.520390] (px4_msgs) StdoutLine: {'line': b'-- Up-to-date symlink: /home/giromi/Repos/VTOL/ws_sensor_combined_src/install/px4_msgs/include/px4_msgs/px4_msgs/msg/detail/gripper__rosidl_typesupport_introspection_c.h\n'}
[6.520519] (px4_msgs) StdoutLine: {'line': b'-- Up-to-date symlink: /home/giromi/Repos/VTOL/ws_sensor_combined_src/install/px4_msgs/include/px4_msgs/px4_msgs/msg/detail/health_report__rosidl_typesupport_introspection_c.h\n'}
[6.520659] (px4_msgs) StdoutLine: {'line': b'-- Up-to-date symlink: /home/giromi/Repos/VTOL/ws_sensor_combined_src/install/px4_msgs/include/px4_msgs/px4_msgs/msg/detail/heater_status__rosidl_typesupport_introspection_c.h\n'}
[6.520829] (px4_msgs) StdoutLine: {'line': b'-- Up-to-date symlink: /home/giromi/Repos/VTOL/ws_sensor_combined_src/install/px4_msgs/include/px4_msgs/px4_msgs/msg/detail/home_position__rosidl_typesupport_introspection_c.h\n'}
[6.520992] (px4_msgs) StdoutLine: {'line': b'-- Up-to-date symlink: /home/giromi/Repos/VTOL/ws_sensor_combined_src/install/px4_msgs/include/px4_msgs/px4_msgs/msg/detail/hover_thrust_estimate__rosidl_typesupport_introspection_c.h\n'}
[6.521153] (px4_msgs) StdoutLine: {'line': b'-- Up-to-date symlink: /home/giromi/Repos/VTOL/ws_sensor_combined_src/install/px4_msgs/include/px4_msgs/px4_msgs/msg/detail/input_rc__rosidl_typesupport_introspection_c.h\n'}
[6.521282] (px4_msgs) StdoutLine: {'line': b'-- Up-to-date symlink: /home/giromi/Repos/VTOL/ws_sensor_combined_src/install/px4_msgs/include/px4_msgs/px4_msgs/msg/detail/internal_combustion_engine_status__rosidl_typesupport_introspection_c.h\n'}
[6.521463] (px4_msgs) StdoutLine: {'line': b'-- Up-to-date symlink: /home/giromi/Repos/VTOL/ws_sensor_combined_src/install/px4_msgs/include/px4_msgs/px4_msgs/msg/detail/iridiumsbd_status__rosidl_typesupport_introspection_c.h\n'}
[6.521604] (px4_msgs) StdoutLine: {'line': b'-- Up-to-date symlink: /home/giromi/Repos/VTOL/ws_sensor_combined_src/install/px4_msgs/include/px4_msgs/px4_msgs/msg/detail/irlock_report__rosidl_typesupport_introspection_c.h\n'}
[6.521742] (px4_msgs) StdoutLine: {'line': b'-- Up-to-date symlink: /home/giromi/Repos/VTOL/ws_sensor_combined_src/install/px4_msgs/include/px4_msgs/px4_msgs/msg/detail/landing_gear__rosidl_typesupport_introspection_c.h\n'}
[6.521882] (px4_msgs) StdoutLine: {'line': b'-- Up-to-date symlink: /home/giromi/Repos/VTOL/ws_sensor_combined_src/install/px4_msgs/include/px4_msgs/px4_msgs/msg/detail/landing_gear_wheel__rosidl_typesupport_introspection_c.h\n'}
[6.522018] (px4_msgs) StdoutLine: {'line': b'-- Up-to-date symlink: /home/giromi/Repos/VTOL/ws_sensor_combined_src/install/px4_msgs/include/px4_msgs/px4_msgs/msg/detail/landing_target_innovations__rosidl_typesupport_introspection_c.h\n'}
[6.522154] (px4_msgs) StdoutLine: {'line': b'-- Up-to-date symlink: /home/giromi/Repos/VTOL/ws_sensor_combined_src/install/px4_msgs/include/px4_msgs/px4_msgs/msg/detail/landing_target_pose__rosidl_typesupport_introspection_c.h\n'}
[6.522292] (px4_msgs) StdoutLine: {'line': b'-- Up-to-date symlink: /home/giromi/Repos/VTOL/ws_sensor_combined_src/install/px4_msgs/include/px4_msgs/px4_msgs/msg/detail/launch_detection_status__rosidl_typesupport_introspection_c.h\n'}
[6.522429] (px4_msgs) StdoutLine: {'line': b'-- Up-to-date symlink: /home/giromi/Repos/VTOL/ws_sensor_combined_src/install/px4_msgs/include/px4_msgs/px4_msgs/msg/detail/led_control__rosidl_typesupport_introspection_c.h\n'}
[6.522654] (px4_msgs) StdoutLine: {'line': b'-- Up-to-date symlink: /home/giromi/Repos/VTOL/ws_sensor_combined_src/install/px4_msgs/include/px4_msgs/px4_msgs/msg/detail/log_message__rosidl_typesupport_introspection_c.h\n'}
[6.522816] (px4_msgs) StdoutLine: {'line': b'-- Up-to-date symlink: /home/giromi/Repos/VTOL/ws_sensor_combined_src/install/px4_msgs/include/px4_msgs/px4_msgs/msg/detail/logger_status__rosidl_typesupport_introspection_c.h\n'}
[6.522978] (px4_msgs) StdoutLine: {'line': b'-- Up-to-date symlink: /home/giromi/Repos/VTOL/ws_sensor_combined_src/install/px4_msgs/include/px4_msgs/px4_msgs/msg/detail/mag_worker_data__rosidl_typesupport_introspection_c.h\n'}
[6.523106] (px4_msgs) StdoutLine: {'line': b'-- Up-to-date symlink: /home/giromi/Repos/VTOL/ws_sensor_combined_src/install/px4_msgs/include/px4_msgs/px4_msgs/msg/detail/magnetometer_bias_estimate__rosidl_typesupport_introspection_c.h\n'}
[6.523250] (px4_msgs) StdoutLine: {'line': b'-- Up-to-date symlink: /home/giromi/Repos/VTOL/ws_sensor_combined_src/install/px4_msgs/include/px4_msgs/px4_msgs/msg/detail/manual_control_setpoint__rosidl_typesupport_introspection_c.h\n'}
[6.523391] (px4_msgs) StdoutLine: {'line': b'-- Up-to-date symlink: /home/giromi/Repos/VTOL/ws_sensor_combined_src/install/px4_msgs/include/px4_msgs/px4_msgs/msg/detail/manual_control_switches__rosidl_typesupport_introspection_c.h\n'}
[6.523529] (px4_msgs) StdoutLine: {'line': b'-- Up-to-date symlink: /home/giromi/Repos/VTOL/ws_sensor_combined_src/install/px4_msgs/include/px4_msgs/px4_msgs/msg/detail/mavlink_log__rosidl_typesupport_introspection_c.h\n'}
[6.523658] (px4_msgs) StdoutLine: {'line': b'-- Up-to-date symlink: /home/giromi/Repos/VTOL/ws_sensor_combined_src/install/px4_msgs/include/px4_msgs/px4_msgs/msg/detail/mavlink_tunnel__rosidl_typesupport_introspection_c.h\n'}
[6.523789] (px4_msgs) StdoutLine: {'line': b'-- Up-to-date symlink: /home/giromi/Repos/VTOL/ws_sensor_combined_src/install/px4_msgs/include/px4_msgs/px4_msgs/msg/detail/message_format_request__rosidl_typesupport_introspection_c.h\n'}
[6.523926] (px4_msgs) StdoutLine: {'line': b'-- Up-to-date symlink: /home/giromi/Repos/VTOL/ws_sensor_combined_src/install/px4_msgs/include/px4_msgs/px4_msgs/msg/detail/message_format_response__rosidl_typesupport_introspection_c.h\n'}
[6.524096] (px4_msgs) StdoutLine: {'line': b'-- Up-to-date symlink: /home/giromi/Repos/VTOL/ws_sensor_combined_src/install/px4_msgs/include/px4_msgs/px4_msgs/msg/detail/mission__rosidl_typesupport_introspection_c.h\n'}
[6.524259] (px4_msgs) StdoutLine: {'line': b'-- Up-to-date symlink: /home/giromi/Repos/VTOL/ws_sensor_combined_src/install/px4_msgs/include/px4_msgs/px4_msgs/msg/detail/mission_result__rosidl_typesupport_introspection_c.h\n'}
[6.524386] (px4_msgs) StdoutLine: {'line': b'-- Up-to-date symlink: /home/giromi/Repos/VTOL/ws_sensor_combined_src/install/px4_msgs/include/px4_msgs/px4_msgs/msg/detail/mode_completed__rosidl_typesupport_introspection_c.h\n'}
[6.524529] (px4_msgs) StdoutLine: {'line': b'-- Up-to-date symlink: /home/giromi/Repos/VTOL/ws_sensor_combined_src/install/px4_msgs/include/px4_msgs/px4_msgs/msg/detail/mount_orientation__rosidl_typesupport_introspection_c.h\n'}
[6.524697] (px4_msgs) StdoutLine: {'line': b'-- Up-to-date symlink: /home/giromi/Repos/VTOL/ws_sensor_combined_src/install/px4_msgs/include/px4_msgs/px4_msgs/msg/detail/navigator_mission_item__rosidl_typesupport_introspection_c.h\n'}
[6.524826] (px4_msgs) StdoutLine: {'line': b'-- Up-to-date symlink: /home/giromi/Repos/VTOL/ws_sensor_combined_src/install/px4_msgs/include/px4_msgs/px4_msgs/msg/detail/normalized_unsigned_setpoint__rosidl_typesupport_introspection_c.h\n'}
[6.524964] (px4_msgs) StdoutLine: {'line': b'-- Up-to-date symlink: /home/giromi/Repos/VTOL/ws_sensor_combined_src/install/px4_msgs/include/px4_msgs/px4_msgs/msg/detail/npfg_status__rosidl_typesupport_introspection_c.h\n'}
[6.525101] (px4_msgs) StdoutLine: {'line': b'-- Up-to-date symlink: /home/giromi/Repos/VTOL/ws_sensor_combined_src/install/px4_msgs/include/px4_msgs/px4_msgs/msg/detail/obstacle_distance__rosidl_typesupport_introspection_c.h\n'}
[6.525237] (px4_msgs) StdoutLine: {'line': b'-- Up-to-date symlink: /home/giromi/Repos/VTOL/ws_sensor_combined_src/install/px4_msgs/include/px4_msgs/px4_msgs/msg/detail/offboard_control_mode__rosidl_typesupport_introspection_c.h\n'}
[6.525396] (px4_msgs) StdoutLine: {'line': b'-- Up-to-date symlink: /home/giromi/Repos/VTOL/ws_sensor_combined_src/install/px4_msgs/include/px4_msgs/px4_msgs/msg/detail/onboard_computer_status__rosidl_typesupport_introspection_c.h\n'}
[6.525536] (px4_msgs) StdoutLine: {'line': b'-- Up-to-date symlink: /home/giromi/Repos/VTOL/ws_sensor_combined_src/install/px4_msgs/include/px4_msgs/px4_msgs/msg/detail/orb_test__rosidl_typesupport_introspection_c.h\n'}
[6.525710] (px4_msgs) StdoutLine: {'line': b'-- Up-to-date symlink: /home/giromi/Repos/VTOL/ws_sensor_combined_src/install/px4_msgs/include/px4_msgs/px4_msgs/msg/detail/orb_test_large__rosidl_typesupport_introspection_c.h\n'}
[6.525875] (px4_msgs) StdoutLine: {'line': b'-- Up-to-date symlink: /home/giromi/Repos/VTOL/ws_sensor_combined_src/install/px4_msgs/include/px4_msgs/px4_msgs/msg/detail/orb_test_medium__rosidl_typesupport_introspection_c.h\n'}
[6.526041] (px4_msgs) StdoutLine: {'line': b'-- Up-to-date symlink: /home/giromi/Repos/VTOL/ws_sensor_combined_src/install/px4_msgs/include/px4_msgs/px4_msgs/msg/detail/orbit_status__rosidl_typesupport_introspection_c.h\n'}
[6.526207] (px4_msgs) StdoutLine: {'line': b'-- Up-to-date symlink: /home/giromi/Repos/VTOL/ws_sensor_combined_src/install/px4_msgs/include/px4_msgs/px4_msgs/msg/detail/parameter_update__rosidl_typesupport_introspection_c.h\n'}
[6.526352] (px4_msgs) StdoutLine: {'line': b'-- Up-to-date symlink: /home/giromi/Repos/VTOL/ws_sensor_combined_src/install/px4_msgs/include/px4_msgs/px4_msgs/msg/detail/ping__rosidl_typesupport_introspection_c.h\n'}
[6.526531] (px4_msgs) StdoutLine: {'line': b'-- Up-to-date symlink: /home/giromi/Repos/VTOL/ws_sensor_combined_src/install/px4_msgs/include/px4_msgs/px4_msgs/msg/detail/position_controller_landing_status__rosidl_typesupport_introspection_c.h\n'}
[6.526670] (px4_msgs) StdoutLine: {'line': b'-- Up-to-date symlink: /home/giromi/Repos/VTOL/ws_sensor_combined_src/install/px4_msgs/include/px4_msgs/px4_msgs/msg/detail/position_controller_status__rosidl_typesupport_introspection_c.h\n'}
[6.526808] (px4_msgs) StdoutLine: {'line': b'-- Up-to-date symlink: /home/giromi/Repos/VTOL/ws_sensor_combined_src/install/px4_msgs/include/px4_msgs/px4_msgs/msg/detail/position_setpoint__rosidl_typesupport_introspection_c.h\n'}
[6.527000] (px4_msgs) StdoutLine: {'line': b'-- Up-to-date symlink: /home/giromi/Repos/VTOL/ws_sensor_combined_src/install/px4_msgs/include/px4_msgs/px4_msgs/msg/detail/position_setpoint_triplet__rosidl_typesupport_introspection_c.h\n'}
[6.527147] (px4_msgs) StdoutLine: {'line': b'-- Up-to-date symlink: /home/giromi/Repos/VTOL/ws_sensor_combined_src/install/px4_msgs/include/px4_msgs/px4_msgs/msg/detail/power_button_state__rosidl_typesupport_introspection_c.h\n'}
[6.527306] (px4_msgs) StdoutLine: {'line': b'-- Up-to-date symlink: /home/giromi/Repos/VTOL/ws_sensor_combined_src/install/px4_msgs/include/px4_msgs/px4_msgs/msg/detail/power_monitor__rosidl_typesupport_introspection_c.h\n'}
[6.527473] (px4_msgs) StdoutLine: {'line': b'-- Up-to-date symlink: /home/giromi/Repos/VTOL/ws_sensor_combined_src/install/px4_msgs/include/px4_msgs/px4_msgs/msg/detail/pps_capture__rosidl_typesupport_introspection_c.h\n'}
[6.527599] (px4_msgs) StdoutLine: {'line': b'-- Up-to-date symlink: /home/giromi/Repos/VTOL/ws_sensor_combined_src/install/px4_msgs/include/px4_msgs/px4_msgs/msg/detail/pwm_input__rosidl_typesupport_introspection_c.h\n'}
[6.527746] (px4_msgs) StdoutLine: {'line': b'-- Up-to-date symlink: /home/giromi/Repos/VTOL/ws_sensor_combined_src/install/px4_msgs/include/px4_msgs/px4_msgs/msg/detail/px4io_status__rosidl_typesupport_introspection_c.h\n'}
[6.527881] (px4_msgs) StdoutLine: {'line': b'-- Up-to-date symlink: /home/giromi/Repos/VTOL/ws_sensor_combined_src/install/px4_msgs/include/px4_msgs/px4_msgs/msg/detail/qshell_req__rosidl_typesupport_introspection_c.h\n'}
[6.528018] (px4_msgs) StdoutLine: {'line': b'-- Up-to-date symlink: /home/giromi/Repos/VTOL/ws_sensor_combined_src/install/px4_msgs/include/px4_msgs/px4_msgs/msg/detail/qshell_retval__rosidl_typesupport_introspection_c.h\n'}
[6.528155] (px4_msgs) StdoutLine: {'line': b'-- Up-to-date symlink: /home/giromi/Repos/VTOL/ws_sensor_combined_src/install/px4_msgs/include/px4_msgs/px4_msgs/msg/detail/radio_status__rosidl_typesupport_introspection_c.h\n'}
[6.528292] (px4_msgs) StdoutLine: {'line': b'-- Up-to-date symlink: /home/giromi/Repos/VTOL/ws_sensor_combined_src/install/px4_msgs/include/px4_msgs/px4_msgs/msg/detail/rate_ctrl_status__rosidl_typesupport_introspection_c.h\n'}
[6.528438] (px4_msgs) StdoutLine: {'line': b'-- Up-to-date symlink: /home/giromi/Repos/VTOL/ws_sensor_combined_src/install/px4_msgs/include/px4_msgs/px4_msgs/msg/detail/rc_channels__rosidl_typesupport_introspection_c.h\n'}
[6.528572] (px4_msgs) StdoutLine: {'line': b'-- Up-to-date symlink: /home/giromi/Repos/VTOL/ws_sensor_combined_src/install/px4_msgs/include/px4_msgs/px4_msgs/msg/detail/rc_parameter_map__rosidl_typesupport_introspection_c.h\n'}
[6.528709] (px4_msgs) StdoutLine: {'line': b'-- Up-to-date symlink: /home/giromi/Repos/VTOL/ws_sensor_combined_src/install/px4_msgs/include/px4_msgs/px4_msgs/msg/detail/register_ext_component_reply__rosidl_typesupport_introspection_c.h\n'}
[6.528845] (px4_msgs) StdoutLine: {'line': b'-- Up-to-date symlink: /home/giromi/Repos/VTOL/ws_sensor_combined_src/install/px4_msgs/include/px4_msgs/px4_msgs/msg/detail/register_ext_component_request__rosidl_typesupport_introspection_c.h\n'}
[6.528984] (px4_msgs) StdoutLine: {'line': b'-- Up-to-date symlink: /home/giromi/Repos/VTOL/ws_sensor_combined_src/install/px4_msgs/include/px4_msgs/px4_msgs/msg/detail/rpm__rosidl_typesupport_introspection_c.h\n'}
[6.529153] (px4_msgs) StdoutLine: {'line': b'-- Up-to-date symlink: /home/giromi/Repos/VTOL/ws_sensor_combined_src/install/px4_msgs/include/px4_msgs/px4_msgs/msg/detail/rtl_time_estimate__rosidl_typesupport_introspection_c.h\n'}
[6.529290] (px4_msgs) StdoutLine: {'line': b'-- Up-to-date symlink: /home/giromi/Repos/VTOL/ws_sensor_combined_src/install/px4_msgs/include/px4_msgs/px4_msgs/msg/detail/satellite_info__rosidl_typesupport_introspection_c.h\n'}
[6.529428] (px4_msgs) StdoutLine: {'line': b'-- Up-to-date symlink: /home/giromi/Repos/VTOL/ws_sensor_combined_src/install/px4_msgs/include/px4_msgs/px4_msgs/msg/detail/sensor_accel__rosidl_typesupport_introspection_c.h\n'}
[6.529565] (px4_msgs) StdoutLine: {'line': b'-- Up-to-date symlink: /home/giromi/Repos/VTOL/ws_sensor_combined_src/install/px4_msgs/include/px4_msgs/px4_msgs/msg/detail/sensor_accel_fifo__rosidl_typesupport_introspection_c.h\n'}
[6.529732] (px4_msgs) StdoutLine: {'line': b'-- Up-to-date symlink: /home/giromi/Repos/VTOL/ws_sensor_combined_src/install/px4_msgs/include/px4_msgs/px4_msgs/msg/detail/sensor_airflow__rosidl_typesupport_introspection_c.h\n'}
[6.529894] (px4_msgs) StdoutLine: {'line': b'-- Up-to-date symlink: /home/giromi/Repos/VTOL/ws_sensor_combined_src/install/px4_msgs/include/px4_msgs/px4_msgs/msg/detail/sensor_baro__rosidl_typesupport_introspection_c.h\n'}
[6.530054] (px4_msgs) StdoutLine: {'line': b'-- Up-to-date symlink: /home/giromi/Repos/VTOL/ws_sensor_combined_src/install/px4_msgs/include/px4_msgs/px4_msgs/msg/detail/sensor_combined__rosidl_typesupport_introspection_c.h\n'}
[6.530182] (px4_msgs) StdoutLine: {'line': b'-- Up-to-date symlink: /home/giromi/Repos/VTOL/ws_sensor_combined_src/install/px4_msgs/include/px4_msgs/px4_msgs/msg/detail/sensor_correction__rosidl_typesupport_introspection_c.h\n'}
[6.530320] (px4_msgs) StdoutLine: {'line': b'-- Up-to-date symlink: /home/giromi/Repos/VTOL/ws_sensor_combined_src/install/px4_msgs/include/px4_msgs/px4_msgs/msg/detail/sensor_gnss_relative__rosidl_typesupport_introspection_c.h\n'}
[6.530479] (px4_msgs) StdoutLine: {'line': b'-- Up-to-date symlink: /home/giromi/Repos/VTOL/ws_sensor_combined_src/install/px4_msgs/include/px4_msgs/px4_msgs/msg/detail/sensor_gps__rosidl_typesupport_introspection_c.h\n'}
[6.530696] (px4_msgs) StdoutLine: {'line': b'-- Up-to-date symlink: /home/giromi/Repos/VTOL/ws_sensor_combined_src/install/px4_msgs/include/px4_msgs/px4_msgs/msg/detail/sensor_gyro__rosidl_typesupport_introspection_c.h\n'}
[6.530871] (px4_msgs) StdoutLine: {'line': b'-- Up-to-date symlink: /home/giromi/Repos/VTOL/ws_sensor_combined_src/install/px4_msgs/include/px4_msgs/px4_msgs/msg/detail/sensor_gyro_fft__rosidl_typesupport_introspection_c.h\n'}
[6.531037] (px4_msgs) StdoutLine: {'line': b'-- Up-to-date symlink: /home/giromi/Repos/VTOL/ws_sensor_combined_src/install/px4_msgs/include/px4_msgs/px4_msgs/msg/detail/sensor_gyro_fifo__rosidl_typesupport_introspection_c.h\n'}
[6.531202] (px4_msgs) StdoutLine: {'line': b'-- Up-to-date symlink: /home/giromi/Repos/VTOL/ws_sensor_combined_src/install/px4_msgs/include/px4_msgs/px4_msgs/msg/detail/sensor_hygrometer__rosidl_typesupport_introspection_c.h\n'}
[6.531370] (px4_msgs) StdoutLine: {'line': b'-- Up-to-date symlink: /home/giromi/Repos/VTOL/ws_sensor_combined_src/install/px4_msgs/include/px4_msgs/px4_msgs/msg/detail/sensor_mag__rosidl_typesupport_introspection_c.h\n'}
[6.531539] (px4_msgs) StdoutLine: {'line': b'-- Up-to-date symlink: /home/giromi/Repos/VTOL/ws_sensor_combined_src/install/px4_msgs/include/px4_msgs/px4_msgs/msg/detail/sensor_optical_flow__rosidl_typesupport_introspection_c.h\n'}
[6.531704] (px4_msgs) StdoutLine: {'line': b'-- Up-to-date symlink: /home/giromi/Repos/VTOL/ws_sensor_combined_src/install/px4_msgs/include/px4_msgs/px4_msgs/msg/detail/sensor_preflight_mag__rosidl_typesupport_introspection_c.h\n'}
[6.531881] (px4_msgs) StdoutLine: {'line': b'-- Up-to-date symlink: /home/giromi/Repos/VTOL/ws_sensor_combined_src/install/px4_msgs/include/px4_msgs/px4_msgs/msg/detail/sensor_selection__rosidl_typesupport_introspection_c.h\n'}
[6.531985] (px4_msgs) StdoutLine: {'line': b'-- Up-to-date symlink: /home/giromi/Repos/VTOL/ws_sensor_combined_src/install/px4_msgs/include/px4_msgs/px4_msgs/msg/detail/sensor_uwb__rosidl_typesupport_introspection_c.h\n'}
[6.532120] (px4_msgs) StdoutLine: {'line': b'-- Up-to-date symlink: /home/giromi/Repos/VTOL/ws_sensor_combined_src/install/px4_msgs/include/px4_msgs/px4_msgs/msg/detail/sensors_status__rosidl_typesupport_introspection_c.h\n'}
[6.532257] (px4_msgs) StdoutLine: {'line': b'-- Up-to-date symlink: /home/giromi/Repos/VTOL/ws_sensor_combined_src/install/px4_msgs/include/px4_msgs/px4_msgs/msg/detail/sensors_status_imu__rosidl_typesupport_introspection_c.h\n'}
[6.532394] (px4_msgs) StdoutLine: {'line': b'-- Up-to-date symlink: /home/giromi/Repos/VTOL/ws_sensor_combined_src/install/px4_msgs/include/px4_msgs/px4_msgs/msg/detail/system_power__rosidl_typesupport_introspection_c.h\n'}
[6.532536] (px4_msgs) StdoutLine: {'line': b'-- Up-to-date symlink: /home/giromi/Repos/VTOL/ws_sensor_combined_src/install/px4_msgs/include/px4_msgs/px4_msgs/msg/detail/takeoff_status__rosidl_typesupport_introspection_c.h\n'}
[6.532675] (px4_msgs) StdoutLine: {'line': b'-- Up-to-date symlink: /home/giromi/Repos/VTOL/ws_sensor_combined_src/install/px4_msgs/include/px4_msgs/px4_msgs/msg/detail/task_stack_info__rosidl_typesupport_introspection_c.h\n'}
[6.532844] (px4_msgs) StdoutLine: {'line': b'-- Up-to-date symlink: /home/giromi/Repos/VTOL/ws_sensor_combined_src/install/px4_msgs/include/px4_msgs/px4_msgs/msg/detail/tecs_status__rosidl_typesupport_introspection_c.h\n'}
[6.533005] (px4_msgs) StdoutLine: {'line': b'-- Up-to-date symlink: /home/giromi/Repos/VTOL/ws_sensor_combined_src/install/px4_msgs/include/px4_msgs/px4_msgs/msg/detail/telemetry_status__rosidl_typesupport_introspection_c.h\n'}
[6.533207] (px4_msgs) StdoutLine: {'line': b'-- Up-to-date symlink: /home/giromi/Repos/VTOL/ws_sensor_combined_src/install/px4_msgs/include/px4_msgs/px4_msgs/msg/detail/tiltrotor_extra_controls__rosidl_typesupport_introspection_c.h\n'}
[6.533371] (px4_msgs) StdoutLine: {'line': b'-- Up-to-date symlink: /home/giromi/Repos/VTOL/ws_sensor_combined_src/install/px4_msgs/include/px4_msgs/px4_msgs/msg/detail/timesync_status__rosidl_typesupport_introspection_c.h\n'}
[6.533533] (px4_msgs) StdoutLine: {'line': b'-- Up-to-date symlink: /home/giromi/Repos/VTOL/ws_sensor_combined_src/install/px4_msgs/include/px4_msgs/px4_msgs/msg/detail/trajectory_bezier__rosidl_typesupport_introspection_c.h\n'}
[6.533661] (px4_msgs) StdoutLine: {'line': b'-- Up-to-date symlink: /home/giromi/Repos/VTOL/ws_sensor_combined_src/install/px4_msgs/include/px4_msgs/px4_msgs/msg/detail/trajectory_setpoint__rosidl_typesupport_introspection_c.h\n'}
[6.533799] (px4_msgs) StdoutLine: {'line': b'-- Up-to-date symlink: /home/giromi/Repos/VTOL/ws_sensor_combined_src/install/px4_msgs/include/px4_msgs/px4_msgs/msg/detail/trajectory_waypoint__rosidl_typesupport_introspection_c.h\n'}
[6.533936] (px4_msgs) StdoutLine: {'line': b'-- Up-to-date symlink: /home/giromi/Repos/VTOL/ws_sensor_combined_src/install/px4_msgs/include/px4_msgs/px4_msgs/msg/detail/transponder_report__rosidl_typesupport_introspection_c.h\n'}
[6.534076] (px4_msgs) StdoutLine: {'line': b'-- Up-to-date symlink: /home/giromi/Repos/VTOL/ws_sensor_combined_src/install/px4_msgs/include/px4_msgs/px4_msgs/msg/detail/tune_control__rosidl_typesupport_introspection_c.h\n'}
[6.534213] (px4_msgs) StdoutLine: {'line': b'-- Up-to-date symlink: /home/giromi/Repos/VTOL/ws_sensor_combined_src/install/px4_msgs/include/px4_msgs/px4_msgs/msg/detail/uavcan_parameter_request__rosidl_typesupport_introspection_c.h\n'}
[6.534351] (px4_msgs) StdoutLine: {'line': b'-- Up-to-date symlink: /home/giromi/Repos/VTOL/ws_sensor_combined_src/install/px4_msgs/include/px4_msgs/px4_msgs/msg/detail/uavcan_parameter_value__rosidl_typesupport_introspection_c.h\n'}
[6.534570] (px4_msgs) StdoutLine: {'line': b'-- Up-to-date symlink: /home/giromi/Repos/VTOL/ws_sensor_combined_src/install/px4_msgs/include/px4_msgs/px4_msgs/msg/detail/ulog_stream__rosidl_typesupport_introspection_c.h\n'}
[6.534751] (px4_msgs) StdoutLine: {'line': b'-- Up-to-date symlink: /home/giromi/Repos/VTOL/ws_sensor_combined_src/install/px4_msgs/include/px4_msgs/px4_msgs/msg/detail/ulog_stream_ack__rosidl_typesupport_introspection_c.h\n'}
[6.534919] (px4_msgs) StdoutLine: {'line': b'-- Up-to-date symlink: /home/giromi/Repos/VTOL/ws_sensor_combined_src/install/px4_msgs/include/px4_msgs/px4_msgs/msg/detail/unregister_ext_component__rosidl_typesupport_introspection_c.h\n'}
[6.535085] (px4_msgs) StdoutLine: {'line': b'-- Up-to-date symlink: /home/giromi/Repos/VTOL/ws_sensor_combined_src/install/px4_msgs/include/px4_msgs/px4_msgs/msg/detail/vehicle_acceleration__rosidl_typesupport_introspection_c.h\n'}
[6.535253] (px4_msgs) StdoutLine: {'line': b'-- Up-to-date symlink: /home/giromi/Repos/VTOL/ws_sensor_combined_src/install/px4_msgs/include/px4_msgs/px4_msgs/msg/detail/vehicle_air_data__rosidl_typesupport_introspection_c.h\n'}
[6.535366] (px4_msgs) StdoutLine: {'line': b'-- Up-to-date symlink: /home/giromi/Repos/VTOL/ws_sensor_combined_src/install/px4_msgs/include/px4_msgs/px4_msgs/msg/detail/vehicle_angular_acceleration_setpoint__rosidl_typesupport_introspection_c.h\n'}
[6.535505] (px4_msgs) StdoutLine: {'line': b'-- Up-to-date symlink: /home/giromi/Repos/VTOL/ws_sensor_combined_src/install/px4_msgs/include/px4_msgs/px4_msgs/msg/detail/vehicle_angular_velocity__rosidl_typesupport_introspection_c.h\n'}
[6.535638] (px4_msgs) StdoutLine: {'line': b'-- Up-to-date symlink: /home/giromi/Repos/VTOL/ws_sensor_combined_src/install/px4_msgs/include/px4_msgs/px4_msgs/msg/detail/vehicle_attitude__rosidl_typesupport_introspection_c.h\n'}
[6.535774] (px4_msgs) StdoutLine: {'line': b'-- Up-to-date symlink: /home/giromi/Repos/VTOL/ws_sensor_combined_src/install/px4_msgs/include/px4_msgs/px4_msgs/msg/detail/vehicle_attitude_setpoint__rosidl_typesupport_introspection_c.h\n'}
[6.535911] (px4_msgs) StdoutLine: {'line': b'-- Up-to-date symlink: /home/giromi/Repos/VTOL/ws_sensor_combined_src/install/px4_msgs/include/px4_msgs/px4_msgs/msg/detail/vehicle_command__rosidl_typesupport_introspection_c.h\n'}
[6.536046] (px4_msgs) StdoutLine: {'line': b'-- Up-to-date symlink: /home/giromi/Repos/VTOL/ws_sensor_combined_src/install/px4_msgs/include/px4_msgs/px4_msgs/msg/detail/vehicle_command_ack__rosidl_typesupport_introspection_c.h\n'}
[6.536217] (px4_msgs) StdoutLine: {'line': b'-- Up-to-date symlink: /home/giromi/Repos/VTOL/ws_sensor_combined_src/install/px4_msgs/include/px4_msgs/px4_msgs/msg/detail/vehicle_constraints__rosidl_typesupport_introspection_c.h\n'}
[6.536344] (px4_msgs) StdoutLine: {'line': b'-- Up-to-date symlink: /home/giromi/Repos/VTOL/ws_sensor_combined_src/install/px4_msgs/include/px4_msgs/px4_msgs/msg/detail/vehicle_control_mode__rosidl_typesupport_introspection_c.h\n'}
[6.536519] (px4_msgs) StdoutLine: {'line': b'-- Up-to-date symlink: /home/giromi/Repos/VTOL/ws_sensor_combined_src/install/px4_msgs/include/px4_msgs/px4_msgs/msg/detail/vehicle_global_position__rosidl_typesupport_introspection_c.h\n'}
[6.536680] (px4_msgs) StdoutLine: {'line': b'-- Up-to-date symlink: /home/giromi/Repos/VTOL/ws_sensor_combined_src/install/px4_msgs/include/px4_msgs/px4_msgs/msg/detail/vehicle_imu__rosidl_typesupport_introspection_c.h\n'}
[6.536811] (px4_msgs) StdoutLine: {'line': b'-- Up-to-date symlink: /home/giromi/Repos/VTOL/ws_sensor_combined_src/install/px4_msgs/include/px4_msgs/px4_msgs/msg/detail/vehicle_imu_status__rosidl_typesupport_introspection_c.h\n'}
[6.536947] (px4_msgs) StdoutLine: {'line': b'-- Up-to-date symlink: /home/giromi/Repos/VTOL/ws_sensor_combined_src/install/px4_msgs/include/px4_msgs/px4_msgs/msg/detail/vehicle_land_detected__rosidl_typesupport_introspection_c.h\n'}
[6.537085] (px4_msgs) StdoutLine: {'line': b'-- Up-to-date symlink: /home/giromi/Repos/VTOL/ws_sensor_combined_src/install/px4_msgs/include/px4_msgs/px4_msgs/msg/detail/vehicle_local_position__rosidl_typesupport_introspection_c.h\n'}
[6.537222] (px4_msgs) StdoutLine: {'line': b'-- Up-to-date symlink: /home/giromi/Repos/VTOL/ws_sensor_combined_src/install/px4_msgs/include/px4_msgs/px4_msgs/msg/detail/vehicle_local_position_setpoint__rosidl_typesupport_introspection_c.h\n'}
[6.537403] (px4_msgs) StdoutLine: {'line': b'-- Up-to-date symlink: /home/giromi/Repos/VTOL/ws_sensor_combined_src/install/px4_msgs/include/px4_msgs/px4_msgs/msg/detail/vehicle_magnetometer__rosidl_typesupport_introspection_c.h\n'}
[6.537522] (px4_msgs) StdoutLine: {'line': b'-- Up-to-date symlink: /home/giromi/Repos/VTOL/ws_sensor_combined_src/install/px4_msgs/include/px4_msgs/px4_msgs/msg/detail/vehicle_odometry__rosidl_typesupport_introspection_c.h\n'}
[6.537690] (px4_msgs) StdoutLine: {'line': b'-- Up-to-date symlink: /home/giromi/Repos/VTOL/ws_sensor_combined_src/install/px4_msgs/include/px4_msgs/px4_msgs/msg/detail/vehicle_optical_flow__rosidl_typesupport_introspection_c.h\n'}
[6.537852] (px4_msgs) StdoutLine: {'line': b'-- Up-to-date symlink: /home/giromi/Repos/VTOL/ws_sensor_combined_src/install/px4_msgs/include/px4_msgs/px4_msgs/msg/detail/vehicle_optical_flow_vel__rosidl_typesupport_introspection_c.h\n'}
[6.538013] (px4_msgs) StdoutLine: {'line': b'-- Up-to-date symlink: /home/giromi/Repos/VTOL/ws_sensor_combined_src/install/px4_msgs/include/px4_msgs/px4_msgs/msg/detail/vehicle_rates_setpoint__rosidl_typesupport_introspection_c.h\n'}
[6.538142] (px4_msgs) StdoutLine: {'line': b'-- Up-to-date symlink: /home/giromi/Repos/VTOL/ws_sensor_combined_src/install/px4_msgs/include/px4_msgs/px4_msgs/msg/detail/vehicle_roi__rosidl_typesupport_introspection_c.h\n'}
[6.538278] (px4_msgs) StdoutLine: {'line': b'-- Up-to-date symlink: /home/giromi/Repos/VTOL/ws_sensor_combined_src/install/px4_msgs/include/px4_msgs/px4_msgs/msg/detail/vehicle_status__rosidl_typesupport_introspection_c.h\n'}
[6.538415] (px4_msgs) StdoutLine: {'line': b'-- Up-to-date symlink: /home/giromi/Repos/VTOL/ws_sensor_combined_src/install/px4_msgs/include/px4_msgs/px4_msgs/msg/detail/vehicle_thrust_setpoint__rosidl_typesupport_introspection_c.h\n'}
[6.538645] (px4_msgs) StdoutLine: {'line': b'-- Up-to-date symlink: /home/giromi/Repos/VTOL/ws_sensor_combined_src/install/px4_msgs/include/px4_msgs/px4_msgs/msg/detail/vehicle_torque_setpoint__rosidl_typesupport_introspection_c.h\n'}
[6.538812] (px4_msgs) StdoutLine: {'line': b'-- Up-to-date symlink: /home/giromi/Repos/VTOL/ws_sensor_combined_src/install/px4_msgs/include/px4_msgs/px4_msgs/msg/detail/vehicle_trajectory_bezier__rosidl_typesupport_introspection_c.h\n'}
[6.538979] (px4_msgs) StdoutLine: {'line': b'-- Up-to-date symlink: /home/giromi/Repos/VTOL/ws_sensor_combined_src/install/px4_msgs/include/px4_msgs/px4_msgs/msg/detail/vehicle_trajectory_waypoint__rosidl_typesupport_introspection_c.h\n'}
[6.539146] (px4_msgs) StdoutLine: {'line': b'-- Up-to-date symlink: /home/giromi/Repos/VTOL/ws_sensor_combined_src/install/px4_msgs/include/px4_msgs/px4_msgs/msg/detail/velocity_limits__rosidl_typesupport_introspection_c.h\n'}
[6.539294] (px4_msgs) StdoutLine: {'line': b'-- Up-to-date symlink: /home/giromi/Repos/VTOL/ws_sensor_combined_src/install/px4_msgs/include/px4_msgs/px4_msgs/msg/detail/vtol_vehicle_status__rosidl_typesupport_introspection_c.h\n'}
[6.539417] (px4_msgs) StdoutLine: {'line': b'-- Up-to-date symlink: /home/giromi/Repos/VTOL/ws_sensor_combined_src/install/px4_msgs/include/px4_msgs/px4_msgs/msg/detail/wheel_encoders__rosidl_typesupport_introspection_c.h\n'}
[6.539590] (px4_msgs) StdoutLine: {'line': b'-- Up-to-date symlink: /home/giromi/Repos/VTOL/ws_sensor_combined_src/install/px4_msgs/include/px4_msgs/px4_msgs/msg/detail/wind__rosidl_typesupport_introspection_c.h\n'}
[6.539729] (px4_msgs) StdoutLine: {'line': b'-- Up-to-date symlink: /home/giromi/Repos/VTOL/ws_sensor_combined_src/install/px4_msgs/include/px4_msgs/px4_msgs/msg/detail/yaw_estimator_status__rosidl_typesupport_introspection_c.h\n'}
[6.539861] (px4_msgs) StdoutLine: {'line': b'-- Up-to-date symlink: /home/giromi/Repos/VTOL/ws_sensor_combined_src/install/px4_msgs/include/px4_msgs/px4_msgs/msg/rosidl_typesupport_introspection_c__visibility_control.h\n'}
[6.539999] (px4_msgs) StdoutLine: {'line': b'-- Up-to-date symlink: /home/giromi/Repos/VTOL/ws_sensor_combined_src/install/px4_msgs/include/px4_msgs/px4_msgs/srv/detail/vehicle_command__rosidl_typesupport_introspection_c.h\n'}
[6.543588] (px4_msgs) StdoutLine: {'line': b'-- Up-to-date symlink: /home/giromi/Repos/VTOL/ws_sensor_combined_src/install/px4_msgs/include/px4_msgs/px4_msgs/msg/detail/action_request__rosidl_typesupport_introspection_cpp.hpp\n'}
[6.543821] (px4_msgs) StdoutLine: {'line': b'-- Up-to-date symlink: /home/giromi/Repos/VTOL/ws_sensor_combined_src/install/px4_msgs/include/px4_msgs/px4_msgs/msg/detail/actuator_armed__rosidl_typesupport_introspection_cpp.hpp\n'}
[6.544022] (px4_msgs) StdoutLine: {'line': b'-- Up-to-date symlink: /home/giromi/Repos/VTOL/ws_sensor_combined_src/install/px4_msgs/include/px4_msgs/px4_msgs/msg/detail/actuator_controls_status__rosidl_typesupport_introspection_cpp.hpp\n'}
[6.544210] (px4_msgs) StdoutLine: {'line': b'-- Up-to-date symlink: /home/giromi/Repos/VTOL/ws_sensor_combined_src/install/px4_msgs/include/px4_msgs/px4_msgs/msg/detail/actuator_motors__rosidl_typesupport_introspection_cpp.hpp\n'}
[6.544338] (px4_msgs) StdoutLine: {'line': b'-- Up-to-date symlink: /home/giromi/Repos/VTOL/ws_sensor_combined_src/install/px4_msgs/include/px4_msgs/px4_msgs/msg/detail/actuator_outputs__rosidl_typesupport_introspection_cpp.hpp\n'}
[6.544459] (px4_msgs) StdoutLine: {'line': b'-- Up-to-date symlink: /home/giromi/Repos/VTOL/ws_sensor_combined_src/install/px4_msgs/include/px4_msgs/px4_msgs/msg/detail/actuator_servos__rosidl_typesupport_introspection_cpp.hpp\n'}
[6.544576] (px4_msgs) StdoutLine: {'line': b'-- Up-to-date symlink: /home/giromi/Repos/VTOL/ws_sensor_combined_src/install/px4_msgs/include/px4_msgs/px4_msgs/msg/detail/actuator_servos_trim__rosidl_typesupport_introspection_cpp.hpp\n'}
[6.544702] (px4_msgs) StdoutLine: {'line': b'-- Up-to-date symlink: /home/giromi/Repos/VTOL/ws_sensor_combined_src/install/px4_msgs/include/px4_msgs/px4_msgs/msg/detail/actuator_test__rosidl_typesupport_introspection_cpp.hpp\n'}
[6.544838] (px4_msgs) StdoutLine: {'line': b'-- Up-to-date symlink: /home/giromi/Repos/VTOL/ws_sensor_combined_src/install/px4_msgs/include/px4_msgs/px4_msgs/msg/detail/adc_report__rosidl_typesupport_introspection_cpp.hpp\n'}
[6.544965] (px4_msgs) StdoutLine: {'line': b'-- Up-to-date symlink: /home/giromi/Repos/VTOL/ws_sensor_combined_src/install/px4_msgs/include/px4_msgs/px4_msgs/msg/detail/airspeed__rosidl_typesupport_introspection_cpp.hpp\n'}
[6.545143] (px4_msgs) StdoutLine: {'line': b'-- Up-to-date symlink: /home/giromi/Repos/VTOL/ws_sensor_combined_src/install/px4_msgs/include/px4_msgs/px4_msgs/msg/detail/airspeed_validated__rosidl_typesupport_introspection_cpp.hpp\n'}
[6.545288] (px4_msgs) StdoutLine: {'line': b'-- Up-to-date symlink: /home/giromi/Repos/VTOL/ws_sensor_combined_src/install/px4_msgs/include/px4_msgs/px4_msgs/msg/detail/airspeed_wind__rosidl_typesupport_introspection_cpp.hpp\n'}
[6.545428] (px4_msgs) StdoutLine: {'line': b'-- Up-to-date symlink: /home/giromi/Repos/VTOL/ws_sensor_combined_src/install/px4_msgs/include/px4_msgs/px4_msgs/msg/detail/arming_check_reply__rosidl_typesupport_introspection_cpp.hpp\n'}
[6.545567] (px4_msgs) StdoutLine: {'line': b'-- Up-to-date symlink: /home/giromi/Repos/VTOL/ws_sensor_combined_src/install/px4_msgs/include/px4_msgs/px4_msgs/msg/detail/arming_check_request__rosidl_typesupport_introspection_cpp.hpp\n'}
[6.545709] (px4_msgs) StdoutLine: {'line': b'-- Up-to-date symlink: /home/giromi/Repos/VTOL/ws_sensor_combined_src/install/px4_msgs/include/px4_msgs/px4_msgs/msg/detail/autotune_attitude_control_status__rosidl_typesupport_introspection_cpp.hpp\n'}
[6.545846] (px4_msgs) StdoutLine: {'line': b'-- Up-to-date symlink: /home/giromi/Repos/VTOL/ws_sensor_combined_src/install/px4_msgs/include/px4_msgs/px4_msgs/msg/detail/battery_status__rosidl_typesupport_introspection_cpp.hpp\n'}
[6.545982] (px4_msgs) StdoutLine: {'line': b'-- Up-to-date symlink: /home/giromi/Repos/VTOL/ws_sensor_combined_src/install/px4_msgs/include/px4_msgs/px4_msgs/msg/detail/buffer128__rosidl_typesupport_introspection_cpp.hpp\n'}
[6.546117] (px4_msgs) StdoutLine: {'line': b'-- Up-to-date symlink: /home/giromi/Repos/VTOL/ws_sensor_combined_src/install/px4_msgs/include/px4_msgs/px4_msgs/msg/detail/button_event__rosidl_typesupport_introspection_cpp.hpp\n'}
[6.546254] (px4_msgs) StdoutLine: {'line': b'-- Up-to-date symlink: /home/giromi/Repos/VTOL/ws_sensor_combined_src/install/px4_msgs/include/px4_msgs/px4_msgs/msg/detail/camera_capture__rosidl_typesupport_introspection_cpp.hpp\n'}
[6.546391] (px4_msgs) StdoutLine: {'line': b'-- Up-to-date symlink: /home/giromi/Repos/VTOL/ws_sensor_combined_src/install/px4_msgs/include/px4_msgs/px4_msgs/msg/detail/camera_status__rosidl_typesupport_introspection_cpp.hpp\n'}
[6.546573] (px4_msgs) StdoutLine: {'line': b'-- Up-to-date symlink: /home/giromi/Repos/VTOL/ws_sensor_combined_src/install/px4_msgs/include/px4_msgs/px4_msgs/msg/detail/camera_trigger__rosidl_typesupport_introspection_cpp.hpp\n'}
[6.546709] (px4_msgs) StdoutLine: {'line': b'-- Up-to-date symlink: /home/giromi/Repos/VTOL/ws_sensor_combined_src/install/px4_msgs/include/px4_msgs/px4_msgs/msg/detail/cellular_status__rosidl_typesupport_introspection_cpp.hpp\n'}
[6.546846] (px4_msgs) StdoutLine: {'line': b'-- Up-to-date symlink: /home/giromi/Repos/VTOL/ws_sensor_combined_src/install/px4_msgs/include/px4_msgs/px4_msgs/msg/detail/collision_constraints__rosidl_typesupport_introspection_cpp.hpp\n'}
[6.547041] (px4_msgs) StdoutLine: {'line': b'-- Up-to-date symlink: /home/giromi/Repos/VTOL/ws_sensor_combined_src/install/px4_msgs/include/px4_msgs/px4_msgs/msg/detail/collision_report__rosidl_typesupport_introspection_cpp.hpp\n'}
[6.547272] (px4_msgs) StdoutLine: {'line': b'-- Up-to-date symlink: /home/giromi/Repos/VTOL/ws_sensor_combined_src/install/px4_msgs/include/px4_msgs/px4_msgs/msg/detail/config_overrides__rosidl_typesupport_introspection_cpp.hpp\n'}
[6.547414] (px4_msgs) StdoutLine: {'line': b'-- Up-to-date symlink: /home/giromi/Repos/VTOL/ws_sensor_combined_src/install/px4_msgs/include/px4_msgs/px4_msgs/msg/detail/control_allocator_status__rosidl_typesupport_introspection_cpp.hpp\n'}
[6.547555] (px4_msgs) StdoutLine: {'line': b'-- Up-to-date symlink: /home/giromi/Repos/VTOL/ws_sensor_combined_src/install/px4_msgs/include/px4_msgs/px4_msgs/msg/detail/cpuload__rosidl_typesupport_introspection_cpp.hpp\n'}
[6.547704] (px4_msgs) StdoutLine: {'line': b'-- Up-to-date symlink: /home/giromi/Repos/VTOL/ws_sensor_combined_src/install/px4_msgs/include/px4_msgs/px4_msgs/msg/detail/dataman_request__rosidl_typesupport_introspection_cpp.hpp\n'}
[6.547843] (px4_msgs) StdoutLine: {'line': b'-- Up-to-date symlink: /home/giromi/Repos/VTOL/ws_sensor_combined_src/install/px4_msgs/include/px4_msgs/px4_msgs/msg/detail/dataman_response__rosidl_typesupport_introspection_cpp.hpp\n'}
[6.547981] (px4_msgs) StdoutLine: {'line': b'-- Up-to-date symlink: /home/giromi/Repos/VTOL/ws_sensor_combined_src/install/px4_msgs/include/px4_msgs/px4_msgs/msg/detail/debug_array__rosidl_typesupport_introspection_cpp.hpp\n'}
[6.548117] (px4_msgs) StdoutLine: {'line': b'-- Up-to-date symlink: /home/giromi/Repos/VTOL/ws_sensor_combined_src/install/px4_msgs/include/px4_msgs/px4_msgs/msg/detail/debug_key_value__rosidl_typesupport_introspection_cpp.hpp\n'}
[6.548255] (px4_msgs) StdoutLine: {'line': b'-- Up-to-date symlink: /home/giromi/Repos/VTOL/ws_sensor_combined_src/install/px4_msgs/include/px4_msgs/px4_msgs/msg/detail/debug_value__rosidl_typesupport_introspection_cpp.hpp\n'}
[6.548394] (px4_msgs) StdoutLine: {'line': b'-- Up-to-date symlink: /home/giromi/Repos/VTOL/ws_sensor_combined_src/install/px4_msgs/include/px4_msgs/px4_msgs/msg/detail/debug_vect__rosidl_typesupport_introspection_cpp.hpp\n'}
[6.548535] (px4_msgs) StdoutLine: {'line': b'-- Up-to-date symlink: /home/giromi/Repos/VTOL/ws_sensor_combined_src/install/px4_msgs/include/px4_msgs/px4_msgs/msg/detail/differential_drive_setpoint__rosidl_typesupport_introspection_cpp.hpp\n'}
[6.548675] (px4_msgs) StdoutLine: {'line': b'-- Up-to-date symlink: /home/giromi/Repos/VTOL/ws_sensor_combined_src/install/px4_msgs/include/px4_msgs/px4_msgs/msg/detail/differential_pressure__rosidl_typesupport_introspection_cpp.hpp\n'}
[6.548845] (px4_msgs) StdoutLine: {'line': b'-- Up-to-date symlink: /home/giromi/Repos/VTOL/ws_sensor_combined_src/install/px4_msgs/include/px4_msgs/px4_msgs/msg/detail/distance_sensor__rosidl_typesupport_introspection_cpp.hpp\n'}
[6.549007] (px4_msgs) StdoutLine: {'line': b'-- Up-to-date symlink: /home/giromi/Repos/VTOL/ws_sensor_combined_src/install/px4_msgs/include/px4_msgs/px4_msgs/msg/detail/ekf2_timestamps__rosidl_typesupport_introspection_cpp.hpp\n'}
[6.549172] (px4_msgs) StdoutLine: {'line': b'-- Up-to-date symlink: /home/giromi/Repos/VTOL/ws_sensor_combined_src/install/px4_msgs/include/px4_msgs/px4_msgs/msg/detail/esc_report__rosidl_typesupport_introspection_cpp.hpp\n'}
[6.549341] (px4_msgs) StdoutLine: {'line': b'-- Up-to-date symlink: /home/giromi/Repos/VTOL/ws_sensor_combined_src/install/px4_msgs/include/px4_msgs/px4_msgs/msg/detail/esc_status__rosidl_typesupport_introspection_cpp.hpp\n'}
[6.549475] (px4_msgs) StdoutLine: {'line': b'-- Up-to-date symlink: /home/giromi/Repos/VTOL/ws_sensor_combined_src/install/px4_msgs/include/px4_msgs/px4_msgs/msg/detail/estimator_aid_source1d__rosidl_typesupport_introspection_cpp.hpp\n'}
[6.549633] (px4_msgs) StdoutLine: {'line': b'-- Up-to-date symlink: /home/giromi/Repos/VTOL/ws_sensor_combined_src/install/px4_msgs/include/px4_msgs/px4_msgs/msg/detail/estimator_aid_source2d__rosidl_typesupport_introspection_cpp.hpp\n'}
[6.549766] (px4_msgs) StdoutLine: {'line': b'-- Up-to-date symlink: /home/giromi/Repos/VTOL/ws_sensor_combined_src/install/px4_msgs/include/px4_msgs/px4_msgs/msg/detail/estimator_aid_source3d__rosidl_typesupport_introspection_cpp.hpp\n'}
[6.549903] (px4_msgs) StdoutLine: {'line': b'-- Up-to-date symlink: /home/giromi/Repos/VTOL/ws_sensor_combined_src/install/px4_msgs/include/px4_msgs/px4_msgs/msg/detail/estimator_bias3d__rosidl_typesupport_introspection_cpp.hpp\n'}
[6.550041] (px4_msgs) StdoutLine: {'line': b'-- Up-to-date symlink: /home/giromi/Repos/VTOL/ws_sensor_combined_src/install/px4_msgs/include/px4_msgs/px4_msgs/msg/detail/estimator_bias__rosidl_typesupport_introspection_cpp.hpp\n'}
[6.550179] (px4_msgs) StdoutLine: {'line': b'-- Up-to-date symlink: /home/giromi/Repos/VTOL/ws_sensor_combined_src/install/px4_msgs/include/px4_msgs/px4_msgs/msg/detail/estimator_event_flags__rosidl_typesupport_introspection_cpp.hpp\n'}
[6.550316] (px4_msgs) StdoutLine: {'line': b'-- Up-to-date symlink: /home/giromi/Repos/VTOL/ws_sensor_combined_src/install/px4_msgs/include/px4_msgs/px4_msgs/msg/detail/estimator_gps_status__rosidl_typesupport_introspection_cpp.hpp\n'}
[6.550479] (px4_msgs) StdoutLine: {'line': b'-- Up-to-date symlink: /home/giromi/Repos/VTOL/ws_sensor_combined_src/install/px4_msgs/include/px4_msgs/px4_msgs/msg/detail/estimator_innovations__rosidl_typesupport_introspection_cpp.hpp\n'}
[6.550712] (px4_msgs) StdoutLine: {'line': b'-- Up-to-date symlink: /home/giromi/Repos/VTOL/ws_sensor_combined_src/install/px4_msgs/include/px4_msgs/px4_msgs/msg/detail/estimator_selector_status__rosidl_typesupport_introspection_cpp.hpp\n'}
[6.550872] (px4_msgs) StdoutLine: {'line': b'-- Up-to-date symlink: /home/giromi/Repos/VTOL/ws_sensor_combined_src/install/px4_msgs/include/px4_msgs/px4_msgs/msg/detail/estimator_sensor_bias__rosidl_typesupport_introspection_cpp.hpp\n'}
[6.551034] (px4_msgs) StdoutLine: {'line': b'-- Up-to-date symlink: /home/giromi/Repos/VTOL/ws_sensor_combined_src/install/px4_msgs/include/px4_msgs/px4_msgs/msg/detail/estimator_states__rosidl_typesupport_introspection_cpp.hpp\n'}
[6.551221] (px4_msgs) StdoutLine: {'line': b'-- Up-to-date symlink: /home/giromi/Repos/VTOL/ws_sensor_combined_src/install/px4_msgs/include/px4_msgs/px4_msgs/msg/detail/estimator_status__rosidl_typesupport_introspection_cpp.hpp\n'}
[6.551385] (px4_msgs) StdoutLine: {'line': b'-- Up-to-date symlink: /home/giromi/Repos/VTOL/ws_sensor_combined_src/install/px4_msgs/include/px4_msgs/px4_msgs/msg/detail/estimator_status_flags__rosidl_typesupport_introspection_cpp.hpp\n'}
[6.551552] (px4_msgs) StdoutLine: {'line': b'-- Up-to-date symlink: /home/giromi/Repos/VTOL/ws_sensor_combined_src/install/px4_msgs/include/px4_msgs/px4_msgs/msg/detail/event__rosidl_typesupport_introspection_cpp.hpp\n'}
[6.551676] (px4_msgs) StdoutLine: {'line': b'-- Up-to-date symlink: /home/giromi/Repos/VTOL/ws_sensor_combined_src/install/px4_msgs/include/px4_msgs/px4_msgs/msg/detail/failsafe_flags__rosidl_typesupport_introspection_cpp.hpp\n'}
[6.551814] (px4_msgs) StdoutLine: {'line': b'-- Up-to-date symlink: /home/giromi/Repos/VTOL/ws_sensor_combined_src/install/px4_msgs/include/px4_msgs/px4_msgs/msg/detail/failure_detector_status__rosidl_typesupport_introspection_cpp.hpp\n'}
[6.551952] (px4_msgs) StdoutLine: {'line': b'-- Up-to-date symlink: /home/giromi/Repos/VTOL/ws_sensor_combined_src/install/px4_msgs/include/px4_msgs/px4_msgs/msg/detail/figure_eight_status__rosidl_typesupport_introspection_cpp.hpp\n'}
[6.552088] (px4_msgs) StdoutLine: {'line': b'-- Up-to-date symlink: /home/giromi/Repos/VTOL/ws_sensor_combined_src/install/px4_msgs/include/px4_msgs/px4_msgs/msg/detail/follow_target__rosidl_typesupport_introspection_cpp.hpp\n'}
[6.552227] (px4_msgs) StdoutLine: {'line': b'-- Up-to-date symlink: /home/giromi/Repos/VTOL/ws_sensor_combined_src/install/px4_msgs/include/px4_msgs/px4_msgs/msg/detail/follow_target_estimator__rosidl_typesupport_introspection_cpp.hpp\n'}
[6.552423] (px4_msgs) StdoutLine: {'line': b'-- Up-to-date symlink: /home/giromi/Repos/VTOL/ws_sensor_combined_src/install/px4_msgs/include/px4_msgs/px4_msgs/msg/detail/follow_target_status__rosidl_typesupport_introspection_cpp.hpp\n'}
[6.552599] (px4_msgs) StdoutLine: {'line': b'-- Up-to-date symlink: /home/giromi/Repos/VTOL/ws_sensor_combined_src/install/px4_msgs/include/px4_msgs/px4_msgs/msg/detail/generator_status__rosidl_typesupport_introspection_cpp.hpp\n'}
[6.552760] (px4_msgs) StdoutLine: {'line': b'-- Up-to-date symlink: /home/giromi/Repos/VTOL/ws_sensor_combined_src/install/px4_msgs/include/px4_msgs/px4_msgs/msg/detail/geofence_result__rosidl_typesupport_introspection_cpp.hpp\n'}
[6.552885] (px4_msgs) StdoutLine: {'line': b'-- Up-to-date symlink: /home/giromi/Repos/VTOL/ws_sensor_combined_src/install/px4_msgs/include/px4_msgs/px4_msgs/msg/detail/gimbal_controls__rosidl_typesupport_introspection_cpp.hpp\n'}
[6.553048] (px4_msgs) StdoutLine: {'line': b'-- Up-to-date symlink: /home/giromi/Repos/VTOL/ws_sensor_combined_src/install/px4_msgs/include/px4_msgs/px4_msgs/msg/detail/gimbal_device_attitude_status__rosidl_typesupport_introspection_cpp.hpp\n'}
[6.553190] (px4_msgs) StdoutLine: {'line': b'-- Up-to-date symlink: /home/giromi/Repos/VTOL/ws_sensor_combined_src/install/px4_msgs/include/px4_msgs/px4_msgs/msg/detail/gimbal_device_information__rosidl_typesupport_introspection_cpp.hpp\n'}
[6.553334] (px4_msgs) StdoutLine: {'line': b'-- Up-to-date symlink: /home/giromi/Repos/VTOL/ws_sensor_combined_src/install/px4_msgs/include/px4_msgs/px4_msgs/msg/detail/gimbal_device_set_attitude__rosidl_typesupport_introspection_cpp.hpp\n'}
[6.553502] (px4_msgs) StdoutLine: {'line': b'-- Up-to-date symlink: /home/giromi/Repos/VTOL/ws_sensor_combined_src/install/px4_msgs/include/px4_msgs/px4_msgs/msg/detail/gimbal_manager_information__rosidl_typesupport_introspection_cpp.hpp\n'}
[6.553685] (px4_msgs) StdoutLine: {'line': b'-- Up-to-date symlink: /home/giromi/Repos/VTOL/ws_sensor_combined_src/install/px4_msgs/include/px4_msgs/px4_msgs/msg/detail/gimbal_manager_set_attitude__rosidl_typesupport_introspection_cpp.hpp\n'}
[6.553813] (px4_msgs) StdoutLine: {'line': b'-- Up-to-date symlink: /home/giromi/Repos/VTOL/ws_sensor_combined_src/install/px4_msgs/include/px4_msgs/px4_msgs/msg/detail/gimbal_manager_set_manual_control__rosidl_typesupport_introspection_cpp.hpp\n'}
[6.553985] (px4_msgs) StdoutLine: {'line': b'-- Up-to-date symlink: /home/giromi/Repos/VTOL/ws_sensor_combined_src/install/px4_msgs/include/px4_msgs/px4_msgs/msg/detail/gimbal_manager_status__rosidl_typesupport_introspection_cpp.hpp\n'}
[6.554144] (px4_msgs) StdoutLine: {'line': b'-- Up-to-date symlink: /home/giromi/Repos/VTOL/ws_sensor_combined_src/install/px4_msgs/include/px4_msgs/px4_msgs/msg/detail/goto_setpoint__rosidl_typesupport_introspection_cpp.hpp\n'}
[6.554275] (px4_msgs) StdoutLine: {'line': b'-- Up-to-date symlink: /home/giromi/Repos/VTOL/ws_sensor_combined_src/install/px4_msgs/include/px4_msgs/px4_msgs/msg/detail/gpio_config__rosidl_typesupport_introspection_cpp.hpp\n'}
[6.554413] (px4_msgs) StdoutLine: {'line': b'-- Up-to-date symlink: /home/giromi/Repos/VTOL/ws_sensor_combined_src/install/px4_msgs/include/px4_msgs/px4_msgs/msg/detail/gpio_in__rosidl_typesupport_introspection_cpp.hpp\n'}
[6.554649] (px4_msgs) StdoutLine: {'line': b'-- Up-to-date symlink: /home/giromi/Repos/VTOL/ws_sensor_combined_src/install/px4_msgs/include/px4_msgs/px4_msgs/msg/detail/gpio_out__rosidl_typesupport_introspection_cpp.hpp\n'}
[6.554822] (px4_msgs) StdoutLine: {'line': b'-- Up-to-date symlink: /home/giromi/Repos/VTOL/ws_sensor_combined_src/install/px4_msgs/include/px4_msgs/px4_msgs/msg/detail/gpio_request__rosidl_typesupport_introspection_cpp.hpp\n'}
[6.554985] (px4_msgs) StdoutLine: {'line': b'-- Up-to-date symlink: /home/giromi/Repos/VTOL/ws_sensor_combined_src/install/px4_msgs/include/px4_msgs/px4_msgs/msg/detail/gps_dump__rosidl_typesupport_introspection_cpp.hpp\n'}
[6.555100] (px4_msgs) StdoutLine: {'line': b'-- Up-to-date symlink: /home/giromi/Repos/VTOL/ws_sensor_combined_src/install/px4_msgs/include/px4_msgs/px4_msgs/msg/detail/gps_inject_data__rosidl_typesupport_introspection_cpp.hpp\n'}
[6.555236] (px4_msgs) StdoutLine: {'line': b'-- Up-to-date symlink: /home/giromi/Repos/VTOL/ws_sensor_combined_src/install/px4_msgs/include/px4_msgs/px4_msgs/msg/detail/gripper__rosidl_typesupport_introspection_cpp.hpp\n'}
[6.555406] (px4_msgs) StdoutLine: {'line': b'-- Up-to-date symlink: /home/giromi/Repos/VTOL/ws_sensor_combined_src/install/px4_msgs/include/px4_msgs/px4_msgs/msg/detail/health_report__rosidl_typesupport_introspection_cpp.hpp\n'}
[6.555538] (px4_msgs) StdoutLine: {'line': b'-- Up-to-date symlink: /home/giromi/Repos/VTOL/ws_sensor_combined_src/install/px4_msgs/include/px4_msgs/px4_msgs/msg/detail/heater_status__rosidl_typesupport_introspection_cpp.hpp\n'}
[6.555678] (px4_msgs) StdoutLine: {'line': b'-- Up-to-date symlink: /home/giromi/Repos/VTOL/ws_sensor_combined_src/install/px4_msgs/include/px4_msgs/px4_msgs/msg/detail/home_position__rosidl_typesupport_introspection_cpp.hpp\n'}
[6.555813] (px4_msgs) StdoutLine: {'line': b'-- Up-to-date symlink: /home/giromi/Repos/VTOL/ws_sensor_combined_src/install/px4_msgs/include/px4_msgs/px4_msgs/msg/detail/hover_thrust_estimate__rosidl_typesupport_introspection_cpp.hpp\n'}
[6.555949] (px4_msgs) StdoutLine: {'line': b'-- Up-to-date symlink: /home/giromi/Repos/VTOL/ws_sensor_combined_src/install/px4_msgs/include/px4_msgs/px4_msgs/msg/detail/input_rc__rosidl_typesupport_introspection_cpp.hpp\n'}
[6.556121] (px4_msgs) StdoutLine: {'line': b'-- Up-to-date symlink: /home/giromi/Repos/VTOL/ws_sensor_combined_src/install/px4_msgs/include/px4_msgs/px4_msgs/msg/detail/internal_combustion_engine_status__rosidl_typesupport_introspection_cpp.hpp\n'}
[6.556283] (px4_msgs) StdoutLine: {'line': b'-- Up-to-date symlink: /home/giromi/Repos/VTOL/ws_sensor_combined_src/install/px4_msgs/include/px4_msgs/px4_msgs/msg/detail/iridiumsbd_status__rosidl_typesupport_introspection_cpp.hpp\n'}
[6.556410] (px4_msgs) StdoutLine: {'line': b'-- Up-to-date symlink: /home/giromi/Repos/VTOL/ws_sensor_combined_src/install/px4_msgs/include/px4_msgs/px4_msgs/msg/detail/irlock_report__rosidl_typesupport_introspection_cpp.hpp\n'}
[6.556550] (px4_msgs) StdoutLine: {'line': b'-- Up-to-date symlink: /home/giromi/Repos/VTOL/ws_sensor_combined_src/install/px4_msgs/include/px4_msgs/px4_msgs/msg/detail/landing_gear__rosidl_typesupport_introspection_cpp.hpp\n'}
[6.556686] (px4_msgs) StdoutLine: {'line': b'-- Up-to-date symlink: /home/giromi/Repos/VTOL/ws_sensor_combined_src/install/px4_msgs/include/px4_msgs/px4_msgs/msg/detail/landing_gear_wheel__rosidl_typesupport_introspection_cpp.hpp\n'}
[6.556874] (px4_msgs) StdoutLine: {'line': b'-- Up-to-date symlink: /home/giromi/Repos/VTOL/ws_sensor_combined_src/install/px4_msgs/include/px4_msgs/px4_msgs/msg/detail/landing_target_innovations__rosidl_typesupport_introspection_cpp.hpp\n'}
[6.557018] (px4_msgs) StdoutLine: {'line': b'-- Up-to-date symlink: /home/giromi/Repos/VTOL/ws_sensor_combined_src/install/px4_msgs/include/px4_msgs/px4_msgs/msg/detail/landing_target_pose__rosidl_typesupport_introspection_cpp.hpp\n'}
[6.557155] (px4_msgs) StdoutLine: {'line': b'-- Up-to-date symlink: /home/giromi/Repos/VTOL/ws_sensor_combined_src/install/px4_msgs/include/px4_msgs/px4_msgs/msg/detail/launch_detection_status__rosidl_typesupport_introspection_cpp.hpp\n'}
[6.557290] (px4_msgs) StdoutLine: {'line': b'-- Up-to-date symlink: /home/giromi/Repos/VTOL/ws_sensor_combined_src/install/px4_msgs/include/px4_msgs/px4_msgs/msg/detail/led_control__rosidl_typesupport_introspection_cpp.hpp\n'}
[6.557428] (px4_msgs) StdoutLine: {'line': b'-- Up-to-date symlink: /home/giromi/Repos/VTOL/ws_sensor_combined_src/install/px4_msgs/include/px4_msgs/px4_msgs/msg/detail/log_message__rosidl_typesupport_introspection_cpp.hpp\n'}
[6.557565] (px4_msgs) StdoutLine: {'line': b'-- Up-to-date symlink: /home/giromi/Repos/VTOL/ws_sensor_combined_src/install/px4_msgs/include/px4_msgs/px4_msgs/msg/detail/logger_status__rosidl_typesupport_introspection_cpp.hpp\n'}
[6.557736] (px4_msgs) StdoutLine: {'line': b'-- Up-to-date symlink: /home/giromi/Repos/VTOL/ws_sensor_combined_src/install/px4_msgs/include/px4_msgs/px4_msgs/msg/detail/mag_worker_data__rosidl_typesupport_introspection_cpp.hpp\n'}
[6.557896] (px4_msgs) StdoutLine: {'line': b'-- Up-to-date symlink: /home/giromi/Repos/VTOL/ws_sensor_combined_src/install/px4_msgs/include/px4_msgs/px4_msgs/msg/detail/magnetometer_bias_estimate__rosidl_typesupport_introspection_cpp.hpp\n'}
[6.558055] (px4_msgs) StdoutLine: {'line': b'-- Up-to-date symlink: /home/giromi/Repos/VTOL/ws_sensor_combined_src/install/px4_msgs/include/px4_msgs/px4_msgs/msg/detail/manual_control_setpoint__rosidl_typesupport_introspection_cpp.hpp\n'}
[6.558217] (px4_msgs) StdoutLine: {'line': b'-- Up-to-date symlink: /home/giromi/Repos/VTOL/ws_sensor_combined_src/install/px4_msgs/include/px4_msgs/px4_msgs/msg/detail/manual_control_switches__rosidl_typesupport_introspection_cpp.hpp\n'}
[6.558343] (px4_msgs) StdoutLine: {'line': b'-- Up-to-date symlink: /home/giromi/Repos/VTOL/ws_sensor_combined_src/install/px4_msgs/include/px4_msgs/px4_msgs/msg/detail/mavlink_log__rosidl_typesupport_introspection_cpp.hpp\n'}
[6.558520] (px4_msgs) StdoutLine: {'line': b'-- Up-to-date symlink: /home/giromi/Repos/VTOL/ws_sensor_combined_src/install/px4_msgs/include/px4_msgs/px4_msgs/msg/detail/mavlink_tunnel__rosidl_typesupport_introspection_cpp.hpp\n'}
[6.558711] (px4_msgs) StdoutLine: {'line': b'-- Up-to-date symlink: /home/giromi/Repos/VTOL/ws_sensor_combined_src/install/px4_msgs/include/px4_msgs/px4_msgs/msg/detail/message_format_request__rosidl_typesupport_introspection_cpp.hpp\n'}
[6.558965] (px4_msgs) StdoutLine: {'line': b'-- Up-to-date symlink: /home/giromi/Repos/VTOL/ws_sensor_combined_src/install/px4_msgs/include/px4_msgs/px4_msgs/msg/detail/message_format_response__rosidl_typesupport_introspection_cpp.hpp\n'}
[6.559163] (px4_msgs) StdoutLine: {'line': b'-- Up-to-date symlink: /home/giromi/Repos/VTOL/ws_sensor_combined_src/install/px4_msgs/include/px4_msgs/px4_msgs/msg/detail/mission__rosidl_typesupport_introspection_cpp.hpp\n'}
[6.559383] (px4_msgs) StdoutLine: {'line': b'-- Up-to-date symlink: /home/giromi/Repos/VTOL/ws_sensor_combined_src/install/px4_msgs/include/px4_msgs/px4_msgs/msg/detail/mission_result__rosidl_typesupport_introspection_cpp.hpp\n'}
[6.559589] (px4_msgs) StdoutLine: {'line': b'-- Up-to-date symlink: /home/giromi/Repos/VTOL/ws_sensor_combined_src/install/px4_msgs/include/px4_msgs/px4_msgs/msg/detail/mode_completed__rosidl_typesupport_introspection_cpp.hpp\n'}
[6.559756] (px4_msgs) StdoutLine: {'line': b'-- Up-to-date symlink: /home/giromi/Repos/VTOL/ws_sensor_combined_src/install/px4_msgs/include/px4_msgs/px4_msgs/msg/detail/mount_orientation__rosidl_typesupport_introspection_cpp.hpp\n'}
[6.559849] (px4_msgs) StdoutLine: {'line': b'-- Up-to-date symlink: /home/giromi/Repos/VTOL/ws_sensor_combined_src/install/px4_msgs/include/px4_msgs/px4_msgs/msg/detail/navigator_mission_item__rosidl_typesupport_introspection_cpp.hpp\n'}
[6.559945] (px4_msgs) StdoutLine: {'line': b'-- Up-to-date symlink: /home/giromi/Repos/VTOL/ws_sensor_combined_src/install/px4_msgs/include/px4_msgs/px4_msgs/msg/detail/normalized_unsigned_setpoint__rosidl_typesupport_introspection_cpp.hpp\n'}
[6.560072] (px4_msgs) StdoutLine: {'line': b'-- Up-to-date symlink: /home/giromi/Repos/VTOL/ws_sensor_combined_src/install/px4_msgs/include/px4_msgs/px4_msgs/msg/detail/npfg_status__rosidl_typesupport_introspection_cpp.hpp\n'}
[6.560195] (px4_msgs) StdoutLine: {'line': b'-- Up-to-date symlink: /home/giromi/Repos/VTOL/ws_sensor_combined_src/install/px4_msgs/include/px4_msgs/px4_msgs/msg/detail/obstacle_distance__rosidl_typesupport_introspection_cpp.hpp\n'}
[6.560330] (px4_msgs) StdoutLine: {'line': b'-- Up-to-date symlink: /home/giromi/Repos/VTOL/ws_sensor_combined_src/install/px4_msgs/include/px4_msgs/px4_msgs/msg/detail/offboard_control_mode__rosidl_typesupport_introspection_cpp.hpp\n'}
[6.560463] (px4_msgs) StdoutLine: {'line': b'-- Up-to-date symlink: /home/giromi/Repos/VTOL/ws_sensor_combined_src/install/px4_msgs/include/px4_msgs/px4_msgs/msg/detail/onboard_computer_status__rosidl_typesupport_introspection_cpp.hpp\n'}
[6.560602] (px4_msgs) StdoutLine: {'line': b'-- Up-to-date symlink: /home/giromi/Repos/VTOL/ws_sensor_combined_src/install/px4_msgs/include/px4_msgs/px4_msgs/msg/detail/orb_test__rosidl_typesupport_introspection_cpp.hpp\n'}
[6.560738] (px4_msgs) StdoutLine: {'line': b'-- Up-to-date symlink: /home/giromi/Repos/VTOL/ws_sensor_combined_src/install/px4_msgs/include/px4_msgs/px4_msgs/msg/detail/orb_test_large__rosidl_typesupport_introspection_cpp.hpp\n'}
[6.560874] (px4_msgs) StdoutLine: {'line': b'-- Up-to-date symlink: /home/giromi/Repos/VTOL/ws_sensor_combined_src/install/px4_msgs/include/px4_msgs/px4_msgs/msg/detail/orb_test_medium__rosidl_typesupport_introspection_cpp.hpp\n'}
[6.561009] (px4_msgs) StdoutLine: {'line': b'-- Up-to-date symlink: /home/giromi/Repos/VTOL/ws_sensor_combined_src/install/px4_msgs/include/px4_msgs/px4_msgs/msg/detail/orbit_status__rosidl_typesupport_introspection_cpp.hpp\n'}
[6.561144] (px4_msgs) StdoutLine: {'line': b'-- Up-to-date symlink: /home/giromi/Repos/VTOL/ws_sensor_combined_src/install/px4_msgs/include/px4_msgs/px4_msgs/msg/detail/parameter_update__rosidl_typesupport_introspection_cpp.hpp\n'}
[6.561282] (px4_msgs) StdoutLine: {'line': b'-- Up-to-date symlink: /home/giromi/Repos/VTOL/ws_sensor_combined_src/install/px4_msgs/include/px4_msgs/px4_msgs/msg/detail/ping__rosidl_typesupport_introspection_cpp.hpp\n'}
[6.561420] (px4_msgs) StdoutLine: {'line': b'-- Up-to-date symlink: /home/giromi/Repos/VTOL/ws_sensor_combined_src/install/px4_msgs/include/px4_msgs/px4_msgs/msg/detail/position_controller_landing_status__rosidl_typesupport_introspection_cpp.hpp\n'}
[6.561557] (px4_msgs) StdoutLine: {'line': b'-- Up-to-date symlink: /home/giromi/Repos/VTOL/ws_sensor_combined_src/install/px4_msgs/include/px4_msgs/px4_msgs/msg/detail/position_controller_status__rosidl_typesupport_introspection_cpp.hpp\n'}
[6.561694] (px4_msgs) StdoutLine: {'line': b'-- Up-to-date symlink: /home/giromi/Repos/VTOL/ws_sensor_combined_src/install/px4_msgs/include/px4_msgs/px4_msgs/msg/detail/position_setpoint__rosidl_typesupport_introspection_cpp.hpp\n'}
[6.561832] (px4_msgs) StdoutLine: {'line': b'-- Up-to-date symlink: /home/giromi/Repos/VTOL/ws_sensor_combined_src/install/px4_msgs/include/px4_msgs/px4_msgs/msg/detail/position_setpoint_triplet__rosidl_typesupport_introspection_cpp.hpp\n'}
[6.561968] (px4_msgs) StdoutLine: {'line': b'-- Up-to-date symlink: /home/giromi/Repos/VTOL/ws_sensor_combined_src/install/px4_msgs/include/px4_msgs/px4_msgs/msg/detail/power_button_state__rosidl_typesupport_introspection_cpp.hpp\n'}
[6.562106] (px4_msgs) StdoutLine: {'line': b'-- Up-to-date symlink: /home/giromi/Repos/VTOL/ws_sensor_combined_src/install/px4_msgs/include/px4_msgs/px4_msgs/msg/detail/power_monitor__rosidl_typesupport_introspection_cpp.hpp\n'}
[6.562242] (px4_msgs) StdoutLine: {'line': b'-- Up-to-date symlink: /home/giromi/Repos/VTOL/ws_sensor_combined_src/install/px4_msgs/include/px4_msgs/px4_msgs/msg/detail/pps_capture__rosidl_typesupport_introspection_cpp.hpp\n'}
[6.562378] (px4_msgs) StdoutLine: {'line': b'-- Up-to-date symlink: /home/giromi/Repos/VTOL/ws_sensor_combined_src/install/px4_msgs/include/px4_msgs/px4_msgs/msg/detail/pwm_input__rosidl_typesupport_introspection_cpp.hpp\n'}
[6.562613] (px4_msgs) StdoutLine: {'line': b'-- Up-to-date symlink: /home/giromi/Repos/VTOL/ws_sensor_combined_src/install/px4_msgs/include/px4_msgs/px4_msgs/msg/detail/px4io_status__rosidl_typesupport_introspection_cpp.hpp\n'}
[6.562796] (px4_msgs) StdoutLine: {'line': b'-- Up-to-date symlink: /home/giromi/Repos/VTOL/ws_sensor_combined_src/install/px4_msgs/include/px4_msgs/px4_msgs/msg/detail/qshell_req__rosidl_typesupport_introspection_cpp.hpp\n'}
[6.562968] (px4_msgs) StdoutLine: {'line': b'-- Up-to-date symlink: /home/giromi/Repos/VTOL/ws_sensor_combined_src/install/px4_msgs/include/px4_msgs/px4_msgs/msg/detail/qshell_retval__rosidl_typesupport_introspection_cpp.hpp\n'}
[6.563130] (px4_msgs) StdoutLine: {'line': b'-- Up-to-date symlink: /home/giromi/Repos/VTOL/ws_sensor_combined_src/install/px4_msgs/include/px4_msgs/px4_msgs/msg/detail/radio_status__rosidl_typesupport_introspection_cpp.hpp\n'}
[6.563301] (px4_msgs) StdoutLine: {'line': b'-- Up-to-date symlink: /home/giromi/Repos/VTOL/ws_sensor_combined_src/install/px4_msgs/include/px4_msgs/px4_msgs/msg/detail/rate_ctrl_status__rosidl_typesupport_introspection_cpp.hpp\n'}
[6.563415] (px4_msgs) StdoutLine: {'line': b'-- Up-to-date symlink: /home/giromi/Repos/VTOL/ws_sensor_combined_src/install/px4_msgs/include/px4_msgs/px4_msgs/msg/detail/rc_channels__rosidl_typesupport_introspection_cpp.hpp\n'}
[6.563572] (px4_msgs) StdoutLine: {'line': b'-- Up-to-date symlink: /home/giromi/Repos/VTOL/ws_sensor_combined_src/install/px4_msgs/include/px4_msgs/px4_msgs/msg/detail/rc_parameter_map__rosidl_typesupport_introspection_cpp.hpp\n'}
[6.563724] (px4_msgs) StdoutLine: {'line': b'-- Up-to-date symlink: /home/giromi/Repos/VTOL/ws_sensor_combined_src/install/px4_msgs/include/px4_msgs/px4_msgs/msg/detail/register_ext_component_reply__rosidl_typesupport_introspection_cpp.hpp\n'}
[6.563859] (px4_msgs) StdoutLine: {'line': b'-- Up-to-date symlink: /home/giromi/Repos/VTOL/ws_sensor_combined_src/install/px4_msgs/include/px4_msgs/px4_msgs/msg/detail/register_ext_component_request__rosidl_typesupport_introspection_cpp.hpp\n'}
[6.563994] (px4_msgs) StdoutLine: {'line': b'-- Up-to-date symlink: /home/giromi/Repos/VTOL/ws_sensor_combined_src/install/px4_msgs/include/px4_msgs/px4_msgs/msg/detail/rpm__rosidl_typesupport_introspection_cpp.hpp\n'}
[6.564164] (px4_msgs) StdoutLine: {'line': b'-- Up-to-date symlink: /home/giromi/Repos/VTOL/ws_sensor_combined_src/install/px4_msgs/include/px4_msgs/px4_msgs/msg/detail/rtl_time_estimate__rosidl_typesupport_introspection_cpp.hpp\n'}
[6.564293] (px4_msgs) StdoutLine: {'line': b'-- Up-to-date symlink: /home/giromi/Repos/VTOL/ws_sensor_combined_src/install/px4_msgs/include/px4_msgs/px4_msgs/msg/detail/satellite_info__rosidl_typesupport_introspection_cpp.hpp\n'}
[6.564428] (px4_msgs) StdoutLine: {'line': b'-- Up-to-date symlink: /home/giromi/Repos/VTOL/ws_sensor_combined_src/install/px4_msgs/include/px4_msgs/px4_msgs/msg/detail/sensor_accel__rosidl_typesupport_introspection_cpp.hpp\n'}
[6.564601] (px4_msgs) StdoutLine: {'line': b'-- Up-to-date symlink: /home/giromi/Repos/VTOL/ws_sensor_combined_src/install/px4_msgs/include/px4_msgs/px4_msgs/msg/detail/sensor_accel_fifo__rosidl_typesupport_introspection_cpp.hpp\n'}
[6.564806] (px4_msgs) StdoutLine: {'line': b'-- Up-to-date symlink: /home/giromi/Repos/VTOL/ws_sensor_combined_src/install/px4_msgs/include/px4_msgs/px4_msgs/msg/detail/sensor_airflow__rosidl_typesupport_introspection_cpp.hpp\n'}
[6.564929] (px4_msgs) StdoutLine: {'line': b'-- Up-to-date symlink: /home/giromi/Repos/VTOL/ws_sensor_combined_src/install/px4_msgs/include/px4_msgs/px4_msgs/msg/detail/sensor_baro__rosidl_typesupport_introspection_cpp.hpp\n'}
[6.565064] (px4_msgs) StdoutLine: {'line': b'-- Up-to-date symlink: /home/giromi/Repos/VTOL/ws_sensor_combined_src/install/px4_msgs/include/px4_msgs/px4_msgs/msg/detail/sensor_combined__rosidl_typesupport_introspection_cpp.hpp\n'}
[6.565218] (px4_msgs) StdoutLine: {'line': b'-- Up-to-date symlink: /home/giromi/Repos/VTOL/ws_sensor_combined_src/install/px4_msgs/include/px4_msgs/px4_msgs/msg/detail/sensor_correction__rosidl_typesupport_introspection_cpp.hpp\n'}
[6.565409] (px4_msgs) StdoutLine: {'line': b'-- Up-to-date symlink: /home/giromi/Repos/VTOL/ws_sensor_combined_src/install/px4_msgs/include/px4_msgs/px4_msgs/msg/detail/sensor_gnss_relative__rosidl_typesupport_introspection_cpp.hpp\n'}
[6.565542] (px4_msgs) StdoutLine: {'line': b'-- Up-to-date symlink: /home/giromi/Repos/VTOL/ws_sensor_combined_src/install/px4_msgs/include/px4_msgs/px4_msgs/msg/detail/sensor_gps__rosidl_typesupport_introspection_cpp.hpp\n'}
[6.565712] (px4_msgs) StdoutLine: {'line': b'-- Up-to-date symlink: /home/giromi/Repos/VTOL/ws_sensor_combined_src/install/px4_msgs/include/px4_msgs/px4_msgs/msg/detail/sensor_gyro__rosidl_typesupport_introspection_cpp.hpp\n'}
[6.565878] (px4_msgs) StdoutLine: {'line': b'-- Up-to-date symlink: /home/giromi/Repos/VTOL/ws_sensor_combined_src/install/px4_msgs/include/px4_msgs/px4_msgs/msg/detail/sensor_gyro_fft__rosidl_typesupport_introspection_cpp.hpp\n'}
[6.566000] (px4_msgs) StdoutLine: {'line': b'-- Up-to-date symlink: /home/giromi/Repos/VTOL/ws_sensor_combined_src/install/px4_msgs/include/px4_msgs/px4_msgs/msg/detail/sensor_gyro_fifo__rosidl_typesupport_introspection_cpp.hpp\n'}
[6.566136] (px4_msgs) StdoutLine: {'line': b'-- Up-to-date symlink: /home/giromi/Repos/VTOL/ws_sensor_combined_src/install/px4_msgs/include/px4_msgs/px4_msgs/msg/detail/sensor_hygrometer__rosidl_typesupport_introspection_cpp.hpp\n'}
[6.566274] (px4_msgs) StdoutLine: {'line': b'-- Up-to-date symlink: /home/giromi/Repos/VTOL/ws_sensor_combined_src/install/px4_msgs/include/px4_msgs/px4_msgs/msg/detail/sensor_mag__rosidl_typesupport_introspection_cpp.hpp\n'}
[6.566411] (px4_msgs) StdoutLine: {'line': b'-- Up-to-date symlink: /home/giromi/Repos/VTOL/ws_sensor_combined_src/install/px4_msgs/include/px4_msgs/px4_msgs/msg/detail/sensor_optical_flow__rosidl_typesupport_introspection_cpp.hpp\n'}
[6.566642] (px4_msgs) StdoutLine: {'line': b'-- Up-to-date symlink: /home/giromi/Repos/VTOL/ws_sensor_combined_src/install/px4_msgs/include/px4_msgs/px4_msgs/msg/detail/sensor_preflight_mag__rosidl_typesupport_introspection_cpp.hpp\n'}
[6.566810] (px4_msgs) StdoutLine: {'line': b'-- Up-to-date symlink: /home/giromi/Repos/VTOL/ws_sensor_combined_src/install/px4_msgs/include/px4_msgs/px4_msgs/msg/detail/sensor_selection__rosidl_typesupport_introspection_cpp.hpp\n'}
[6.566976] (px4_msgs) StdoutLine: {'line': b'-- Up-to-date symlink: /home/giromi/Repos/VTOL/ws_sensor_combined_src/install/px4_msgs/include/px4_msgs/px4_msgs/msg/detail/sensor_uwb__rosidl_typesupport_introspection_cpp.hpp\n'}
[6.567143] (px4_msgs) StdoutLine: {'line': b'-- Up-to-date symlink: /home/giromi/Repos/VTOL/ws_sensor_combined_src/install/px4_msgs/include/px4_msgs/px4_msgs/msg/detail/sensors_status__rosidl_typesupport_introspection_cpp.hpp\n'}
[6.567322] (px4_msgs) StdoutLine: {'line': b'-- Up-to-date symlink: /home/giromi/Repos/VTOL/ws_sensor_combined_src/install/px4_msgs/include/px4_msgs/px4_msgs/msg/detail/sensors_status_imu__rosidl_typesupport_introspection_cpp.hpp\n'}
[6.567446] (px4_msgs) StdoutLine: {'line': b'-- Up-to-date symlink: /home/giromi/Repos/VTOL/ws_sensor_combined_src/install/px4_msgs/include/px4_msgs/px4_msgs/msg/detail/system_power__rosidl_typesupport_introspection_cpp.hpp\n'}
[6.567627] (px4_msgs) StdoutLine: {'line': b'-- Up-to-date symlink: /home/giromi/Repos/VTOL/ws_sensor_combined_src/install/px4_msgs/include/px4_msgs/px4_msgs/msg/detail/takeoff_status__rosidl_typesupport_introspection_cpp.hpp\n'}
[6.567790] (px4_msgs) StdoutLine: {'line': b'-- Up-to-date symlink: /home/giromi/Repos/VTOL/ws_sensor_combined_src/install/px4_msgs/include/px4_msgs/px4_msgs/msg/detail/task_stack_info__rosidl_typesupport_introspection_cpp.hpp\n'}
[6.567936] (px4_msgs) StdoutLine: {'line': b'-- Up-to-date symlink: /home/giromi/Repos/VTOL/ws_sensor_combined_src/install/px4_msgs/include/px4_msgs/px4_msgs/msg/detail/tecs_status__rosidl_typesupport_introspection_cpp.hpp\n'}
[6.568091] (px4_msgs) StdoutLine: {'line': b'-- Up-to-date symlink: /home/giromi/Repos/VTOL/ws_sensor_combined_src/install/px4_msgs/include/px4_msgs/px4_msgs/msg/detail/telemetry_status__rosidl_typesupport_introspection_cpp.hpp\n'}
[6.568252] (px4_msgs) StdoutLine: {'line': b'-- Up-to-date symlink: /home/giromi/Repos/VTOL/ws_sensor_combined_src/install/px4_msgs/include/px4_msgs/px4_msgs/msg/detail/tiltrotor_extra_controls__rosidl_typesupport_introspection_cpp.hpp\n'}
[6.568413] (px4_msgs) StdoutLine: {'line': b'-- Up-to-date symlink: /home/giromi/Repos/VTOL/ws_sensor_combined_src/install/px4_msgs/include/px4_msgs/px4_msgs/msg/detail/timesync_status__rosidl_typesupport_introspection_cpp.hpp\n'}
[6.568576] (px4_msgs) StdoutLine: {'line': b'-- Up-to-date symlink: /home/giromi/Repos/VTOL/ws_sensor_combined_src/install/px4_msgs/include/px4_msgs/px4_msgs/msg/detail/trajectory_bezier__rosidl_typesupport_introspection_cpp.hpp\n'}
[6.568738] (px4_msgs) StdoutLine: {'line': b'-- Up-to-date symlink: /home/giromi/Repos/VTOL/ws_sensor_combined_src/install/px4_msgs/include/px4_msgs/px4_msgs/msg/detail/trajectory_setpoint__rosidl_typesupport_introspection_cpp.hpp\n'}
[6.568902] (px4_msgs) StdoutLine: {'line': b'-- Up-to-date symlink: /home/giromi/Repos/VTOL/ws_sensor_combined_src/install/px4_msgs/include/px4_msgs/px4_msgs/msg/detail/trajectory_waypoint__rosidl_typesupport_introspection_cpp.hpp\n'}
[6.569042] (px4_msgs) StdoutLine: {'line': b'-- Up-to-date symlink: /home/giromi/Repos/VTOL/ws_sensor_combined_src/install/px4_msgs/include/px4_msgs/px4_msgs/msg/detail/transponder_report__rosidl_typesupport_introspection_cpp.hpp\n'}
[6.569179] (px4_msgs) StdoutLine: {'line': b'-- Up-to-date symlink: /home/giromi/Repos/VTOL/ws_sensor_combined_src/install/px4_msgs/include/px4_msgs/px4_msgs/msg/detail/tune_control__rosidl_typesupport_introspection_cpp.hpp\n'}
[6.569316] (px4_msgs) StdoutLine: {'line': b'-- Up-to-date symlink: /home/giromi/Repos/VTOL/ws_sensor_combined_src/install/px4_msgs/include/px4_msgs/px4_msgs/msg/detail/uavcan_parameter_request__rosidl_typesupport_introspection_cpp.hpp\n'}
[6.569451] (px4_msgs) StdoutLine: {'line': b'-- Up-to-date symlink: /home/giromi/Repos/VTOL/ws_sensor_combined_src/install/px4_msgs/include/px4_msgs/px4_msgs/msg/detail/uavcan_parameter_value__rosidl_typesupport_introspection_cpp.hpp\n'}
[6.569622] (px4_msgs) StdoutLine: {'line': b'-- Up-to-date symlink: /home/giromi/Repos/VTOL/ws_sensor_combined_src/install/px4_msgs/include/px4_msgs/px4_msgs/msg/detail/ulog_stream__rosidl_typesupport_introspection_cpp.hpp\n'}
[6.569770] (px4_msgs) StdoutLine: {'line': b'-- Up-to-date symlink: /home/giromi/Repos/VTOL/ws_sensor_combined_src/install/px4_msgs/include/px4_msgs/px4_msgs/msg/detail/ulog_stream_ack__rosidl_typesupport_introspection_cpp.hpp\n'}
[6.569943] (px4_msgs) StdoutLine: {'line': b'-- Up-to-date symlink: /home/giromi/Repos/VTOL/ws_sensor_combined_src/install/px4_msgs/include/px4_msgs/px4_msgs/msg/detail/unregister_ext_component__rosidl_typesupport_introspection_cpp.hpp\n'}
[6.570134] (px4_msgs) StdoutLine: {'line': b'-- Up-to-date symlink: /home/giromi/Repos/VTOL/ws_sensor_combined_src/install/px4_msgs/include/px4_msgs/px4_msgs/msg/detail/vehicle_acceleration__rosidl_typesupport_introspection_cpp.hpp\n'}
[6.570264] (px4_msgs) StdoutLine: {'line': b'-- Up-to-date symlink: /home/giromi/Repos/VTOL/ws_sensor_combined_src/install/px4_msgs/include/px4_msgs/px4_msgs/msg/detail/vehicle_air_data__rosidl_typesupport_introspection_cpp.hpp\n'}
[6.570401] (px4_msgs) StdoutLine: {'line': b'-- Up-to-date symlink: /home/giromi/Repos/VTOL/ws_sensor_combined_src/install/px4_msgs/include/px4_msgs/px4_msgs/msg/detail/vehicle_angular_acceleration_setpoint__rosidl_typesupport_introspection_cpp.hpp\n'}
[6.570634] (px4_msgs) StdoutLine: {'line': b'-- Up-to-date symlink: /home/giromi/Repos/VTOL/ws_sensor_combined_src/install/px4_msgs/include/px4_msgs/px4_msgs/msg/detail/vehicle_angular_velocity__rosidl_typesupport_introspection_cpp.hpp\n'}
[6.570803] (px4_msgs) StdoutLine: {'line': b'-- Up-to-date symlink: /home/giromi/Repos/VTOL/ws_sensor_combined_src/install/px4_msgs/include/px4_msgs/px4_msgs/msg/detail/vehicle_attitude__rosidl_typesupport_introspection_cpp.hpp\n'}
[6.570970] (px4_msgs) StdoutLine: {'line': b'-- Up-to-date symlink: /home/giromi/Repos/VTOL/ws_sensor_combined_src/install/px4_msgs/include/px4_msgs/px4_msgs/msg/detail/vehicle_attitude_setpoint__rosidl_typesupport_introspection_cpp.hpp\n'}
[6.571148] (px4_msgs) StdoutLine: {'line': b'-- Up-to-date symlink: /home/giromi/Repos/VTOL/ws_sensor_combined_src/install/px4_msgs/include/px4_msgs/px4_msgs/msg/detail/vehicle_command__rosidl_typesupport_introspection_cpp.hpp\n'}
[6.571274] (px4_msgs) StdoutLine: {'line': b'-- Up-to-date symlink: /home/giromi/Repos/VTOL/ws_sensor_combined_src/install/px4_msgs/include/px4_msgs/px4_msgs/msg/detail/vehicle_command_ack__rosidl_typesupport_introspection_cpp.hpp\n'}
[6.571431] (px4_msgs) StdoutLine: {'line': b'-- Up-to-date symlink: /home/giromi/Repos/VTOL/ws_sensor_combined_src/install/px4_msgs/include/px4_msgs/px4_msgs/msg/detail/vehicle_constraints__rosidl_typesupport_introspection_cpp.hpp\n'}
[6.571589] (px4_msgs) StdoutLine: {'line': b'-- Up-to-date symlink: /home/giromi/Repos/VTOL/ws_sensor_combined_src/install/px4_msgs/include/px4_msgs/px4_msgs/msg/detail/vehicle_control_mode__rosidl_typesupport_introspection_cpp.hpp\n'}
[6.571784] (px4_msgs) StdoutLine: {'line': b'-- Up-to-date symlink: /home/giromi/Repos/VTOL/ws_sensor_combined_src/install/px4_msgs/include/px4_msgs/px4_msgs/msg/detail/vehicle_global_position__rosidl_typesupport_introspection_cpp.hpp\n'}
[6.571945] (px4_msgs) StdoutLine: {'line': b'-- Up-to-date symlink: /home/giromi/Repos/VTOL/ws_sensor_combined_src/install/px4_msgs/include/px4_msgs/px4_msgs/msg/detail/vehicle_imu__rosidl_typesupport_introspection_cpp.hpp\n'}
[6.572106] (px4_msgs) StdoutLine: {'line': b'-- Up-to-date symlink: /home/giromi/Repos/VTOL/ws_sensor_combined_src/install/px4_msgs/include/px4_msgs/px4_msgs/msg/detail/vehicle_imu_status__rosidl_typesupport_introspection_cpp.hpp\n'}
[6.572272] (px4_msgs) StdoutLine: {'line': b'-- Up-to-date symlink: /home/giromi/Repos/VTOL/ws_sensor_combined_src/install/px4_msgs/include/px4_msgs/px4_msgs/msg/detail/vehicle_land_detected__rosidl_typesupport_introspection_cpp.hpp\n'}
[6.572427] (px4_msgs) StdoutLine: {'line': b'-- Up-to-date symlink: /home/giromi/Repos/VTOL/ws_sensor_combined_src/install/px4_msgs/include/px4_msgs/px4_msgs/msg/detail/vehicle_local_position__rosidl_typesupport_introspection_cpp.hpp\n'}
[6.572554] (px4_msgs) StdoutLine: {'line': b'-- Up-to-date symlink: /home/giromi/Repos/VTOL/ws_sensor_combined_src/install/px4_msgs/include/px4_msgs/px4_msgs/msg/detail/vehicle_local_position_setpoint__rosidl_typesupport_introspection_cpp.hpp\n'}
[6.572691] (px4_msgs) StdoutLine: {'line': b'-- Up-to-date symlink: /home/giromi/Repos/VTOL/ws_sensor_combined_src/install/px4_msgs/include/px4_msgs/px4_msgs/msg/detail/vehicle_magnetometer__rosidl_typesupport_introspection_cpp.hpp\n'}
[6.572827] (px4_msgs) StdoutLine: {'line': b'-- Up-to-date symlink: /home/giromi/Repos/VTOL/ws_sensor_combined_src/install/px4_msgs/include/px4_msgs/px4_msgs/msg/detail/vehicle_odometry__rosidl_typesupport_introspection_cpp.hpp\n'}
[6.572965] (px4_msgs) StdoutLine: {'line': b'-- Up-to-date symlink: /home/giromi/Repos/VTOL/ws_sensor_combined_src/install/px4_msgs/include/px4_msgs/px4_msgs/msg/detail/vehicle_optical_flow__rosidl_typesupport_introspection_cpp.hpp\n'}
[6.573101] (px4_msgs) StdoutLine: {'line': b'-- Up-to-date symlink: /home/giromi/Repos/VTOL/ws_sensor_combined_src/install/px4_msgs/include/px4_msgs/px4_msgs/msg/detail/vehicle_optical_flow_vel__rosidl_typesupport_introspection_cpp.hpp\n'}
[6.573243] (px4_msgs) StdoutLine: {'line': b'-- Up-to-date symlink: /home/giromi/Repos/VTOL/ws_sensor_combined_src/install/px4_msgs/include/px4_msgs/px4_msgs/msg/detail/vehicle_rates_setpoint__rosidl_typesupport_introspection_cpp.hpp\n'}
[6.573379] (px4_msgs) StdoutLine: {'line': b'-- Up-to-date symlink: /home/giromi/Repos/VTOL/ws_sensor_combined_src/install/px4_msgs/include/px4_msgs/px4_msgs/msg/detail/vehicle_roi__rosidl_typesupport_introspection_cpp.hpp\n'}
[6.573515] (px4_msgs) StdoutLine: {'line': b'-- Up-to-date symlink: /home/giromi/Repos/VTOL/ws_sensor_combined_src/install/px4_msgs/include/px4_msgs/px4_msgs/msg/detail/vehicle_status__rosidl_typesupport_introspection_cpp.hpp\n'}
[6.573686] (px4_msgs) StdoutLine: {'line': b'-- Up-to-date symlink: /home/giromi/Repos/VTOL/ws_sensor_combined_src/install/px4_msgs/include/px4_msgs/px4_msgs/msg/detail/vehicle_thrust_setpoint__rosidl_typesupport_introspection_cpp.hpp\n'}
[6.573846] (px4_msgs) StdoutLine: {'line': b'-- Up-to-date symlink: /home/giromi/Repos/VTOL/ws_sensor_combined_src/install/px4_msgs/include/px4_msgs/px4_msgs/msg/detail/vehicle_torque_setpoint__rosidl_typesupport_introspection_cpp.hpp\n'}
[6.574006] (px4_msgs) StdoutLine: {'line': b'-- Up-to-date symlink: /home/giromi/Repos/VTOL/ws_sensor_combined_src/install/px4_msgs/include/px4_msgs/px4_msgs/msg/detail/vehicle_trajectory_bezier__rosidl_typesupport_introspection_cpp.hpp\n'}
[6.574167] (px4_msgs) StdoutLine: {'line': b'-- Up-to-date symlink: /home/giromi/Repos/VTOL/ws_sensor_combined_src/install/px4_msgs/include/px4_msgs/px4_msgs/msg/detail/vehicle_trajectory_waypoint__rosidl_typesupport_introspection_cpp.hpp\n'}
[6.574295] (px4_msgs) StdoutLine: {'line': b'-- Up-to-date symlink: /home/giromi/Repos/VTOL/ws_sensor_combined_src/install/px4_msgs/include/px4_msgs/px4_msgs/msg/detail/velocity_limits__rosidl_typesupport_introspection_cpp.hpp\n'}
[6.574463] (px4_msgs) StdoutLine: {'line': b'-- Up-to-date symlink: /home/giromi/Repos/VTOL/ws_sensor_combined_src/install/px4_msgs/include/px4_msgs/px4_msgs/msg/detail/vtol_vehicle_status__rosidl_typesupport_introspection_cpp.hpp\n'}
[6.574604] (px4_msgs) StdoutLine: {'line': b'-- Up-to-date symlink: /home/giromi/Repos/VTOL/ws_sensor_combined_src/install/px4_msgs/include/px4_msgs/px4_msgs/msg/detail/wheel_encoders__rosidl_typesupport_introspection_cpp.hpp\n'}
[6.574752] (px4_msgs) StdoutLine: {'line': b'-- Up-to-date symlink: /home/giromi/Repos/VTOL/ws_sensor_combined_src/install/px4_msgs/include/px4_msgs/px4_msgs/msg/detail/wind__rosidl_typesupport_introspection_cpp.hpp\n'}
[6.574899] (px4_msgs) StdoutLine: {'line': b'-- Up-to-date symlink: /home/giromi/Repos/VTOL/ws_sensor_combined_src/install/px4_msgs/include/px4_msgs/px4_msgs/msg/detail/yaw_estimator_status__rosidl_typesupport_introspection_cpp.hpp\n'}
[6.575048] (px4_msgs) StdoutLine: {'line': b'-- Up-to-date symlink: /home/giromi/Repos/VTOL/ws_sensor_combined_src/install/px4_msgs/include/px4_msgs/px4_msgs/srv/detail/vehicle_command__rosidl_typesupport_introspection_cpp.hpp\n'}
[6.575297] (px4_msgs) StdoutLine: {'line': b'-- Up-to-date symlink: /home/giromi/Repos/VTOL/ws_sensor_combined_src/install/px4_msgs/share/px4_msgs/environment/pythonpath.sh\n'}
[6.575495] (px4_msgs) StdoutLine: {'line': b'-- Up-to-date symlink: /home/giromi/Repos/VTOL/ws_sensor_combined_src/install/px4_msgs/share/px4_msgs/environment/pythonpath.dsv\n'}
[6.575877] (px4_msgs) StdoutLine: {'line': b'-- Up-to-date symlink: /home/giromi/Repos/VTOL/ws_sensor_combined_src/install/px4_msgs/local/lib/python3.10/dist-packages/px4_msgs-2.0.1-py3.10.egg-info/PKG-INFO\n'}
[6.576023] (px4_msgs) StdoutLine: {'line': b'-- Up-to-date symlink: /home/giromi/Repos/VTOL/ws_sensor_combined_src/install/px4_msgs/local/lib/python3.10/dist-packages/px4_msgs-2.0.1-py3.10.egg-info/SOURCES.txt\n'}
[6.576161] (px4_msgs) StdoutLine: {'line': b'-- Up-to-date symlink: /home/giromi/Repos/VTOL/ws_sensor_combined_src/install/px4_msgs/local/lib/python3.10/dist-packages/px4_msgs-2.0.1-py3.10.egg-info/dependency_links.txt\n'}
[6.576376] (px4_msgs) StdoutLine: {'line': b'-- Up-to-date symlink: /home/giromi/Repos/VTOL/ws_sensor_combined_src/install/px4_msgs/local/lib/python3.10/dist-packages/px4_msgs-2.0.1-py3.10.egg-info/top_level.txt\n'}
[6.584528] (px4_msgs) StdoutLine: {'line': b'-- Up-to-date symlink: /home/giromi/Repos/VTOL/ws_sensor_combined_src/install/px4_msgs/local/lib/python3.10/dist-packages/px4_msgs/__init__.py\n'}
[6.584690] (px4_msgs) StdoutLine: {'line': b'-- Up-to-date symlink: /home/giromi/Repos/VTOL/ws_sensor_combined_src/install/px4_msgs/local/lib/python3.10/dist-packages/px4_msgs/_px4_msgs_s.ep.rosidl_typesupport_c.c\n'}
[6.584878] (px4_msgs) StdoutLine: {'line': b'-- Up-to-date symlink: /home/giromi/Repos/VTOL/ws_sensor_combined_src/install/px4_msgs/local/lib/python3.10/dist-packages/px4_msgs/_px4_msgs_s.ep.rosidl_typesupport_fastrtps_c.c\n'}
[6.585088] (px4_msgs) StdoutLine: {'line': b'-- Up-to-date symlink: /home/giromi/Repos/VTOL/ws_sensor_combined_src/install/px4_msgs/local/lib/python3.10/dist-packages/px4_msgs/_px4_msgs_s.ep.rosidl_typesupport_introspection_c.c\n'}
[6.585241] (px4_msgs) StdoutLine: {'line': b'-- Up-to-date symlink: /home/giromi/Repos/VTOL/ws_sensor_combined_src/install/px4_msgs/local/lib/python3.10/dist-packages/px4_msgs/libpx4_msgs__rosidl_generator_py.so\n'}
[6.585422] (px4_msgs) StdoutLine: {'line': b'-- Up-to-date symlink: /home/giromi/Repos/VTOL/ws_sensor_combined_src/install/px4_msgs/local/lib/python3.10/dist-packages/px4_msgs/msg/__init__.py\n'}
[6.585583] (px4_msgs) StdoutLine: {'line': b'-- Up-to-date symlink: /home/giromi/Repos/VTOL/ws_sensor_combined_src/install/px4_msgs/local/lib/python3.10/dist-packages/px4_msgs/msg/_action_request.py\n'}
[6.585761] (px4_msgs) StdoutLine: {'line': b'-- Up-to-date symlink: /home/giromi/Repos/VTOL/ws_sensor_combined_src/install/px4_msgs/local/lib/python3.10/dist-packages/px4_msgs/msg/_action_request_s.c\n'}
[6.585947] (px4_msgs) StdoutLine: {'line': b'-- Up-to-date symlink: /home/giromi/Repos/VTOL/ws_sensor_combined_src/install/px4_msgs/local/lib/python3.10/dist-packages/px4_msgs/msg/_actuator_armed.py\n'}
[6.586098] (px4_msgs) StdoutLine: {'line': b'-- Up-to-date symlink: /home/giromi/Repos/VTOL/ws_sensor_combined_src/install/px4_msgs/local/lib/python3.10/dist-packages/px4_msgs/msg/_actuator_armed_s.c\n'}
[6.586253] (px4_msgs) StdoutLine: {'line': b'-- Up-to-date symlink: /home/giromi/Repos/VTOL/ws_sensor_combined_src/install/px4_msgs/local/lib/python3.10/dist-packages/px4_msgs/msg/_actuator_controls_status.py\n'}
[6.586420] (px4_msgs) StdoutLine: {'line': b'-- Up-to-date symlink: /home/giromi/Repos/VTOL/ws_sensor_combined_src/install/px4_msgs/local/lib/python3.10/dist-packages/px4_msgs/msg/_actuator_controls_status_s.c\n'}
[6.586664] (px4_msgs) StdoutLine: {'line': b'-- Up-to-date symlink: /home/giromi/Repos/VTOL/ws_sensor_combined_src/install/px4_msgs/local/lib/python3.10/dist-packages/px4_msgs/msg/_actuator_motors.py\n'}
[6.586851] (px4_msgs) StdoutLine: {'line': b'-- Up-to-date symlink: /home/giromi/Repos/VTOL/ws_sensor_combined_src/install/px4_msgs/local/lib/python3.10/dist-packages/px4_msgs/msg/_actuator_motors_s.c\n'}
[6.587014] (px4_msgs) StdoutLine: {'line': b'-- Up-to-date symlink: /home/giromi/Repos/VTOL/ws_sensor_combined_src/install/px4_msgs/local/lib/python3.10/dist-packages/px4_msgs/msg/_actuator_outputs.py\n'}
[6.587212] (px4_msgs) StdoutLine: {'line': b'-- Up-to-date symlink: /home/giromi/Repos/VTOL/ws_sensor_combined_src/install/px4_msgs/local/lib/python3.10/dist-packages/px4_msgs/msg/_actuator_outputs_s.c\n'}
[6.587384] (px4_msgs) StdoutLine: {'line': b'-- Up-to-date symlink: /home/giromi/Repos/VTOL/ws_sensor_combined_src/install/px4_msgs/local/lib/python3.10/dist-packages/px4_msgs/msg/_actuator_servos.py\n'}
[6.587520] (px4_msgs) StdoutLine: {'line': b'-- Up-to-date symlink: /home/giromi/Repos/VTOL/ws_sensor_combined_src/install/px4_msgs/local/lib/python3.10/dist-packages/px4_msgs/msg/_actuator_servos_s.c\n'}
[6.587688] (px4_msgs) StdoutLine: {'line': b'-- Up-to-date symlink: /home/giromi/Repos/VTOL/ws_sensor_combined_src/install/px4_msgs/local/lib/python3.10/dist-packages/px4_msgs/msg/_actuator_servos_trim.py\n'}
[6.587850] (px4_msgs) StdoutLine: {'line': b'-- Up-to-date symlink: /home/giromi/Repos/VTOL/ws_sensor_combined_src/install/px4_msgs/local/lib/python3.10/dist-packages/px4_msgs/msg/_actuator_servos_trim_s.c\n'}
[6.588049] (px4_msgs) StdoutLine: {'line': b'-- Up-to-date symlink: /home/giromi/Repos/VTOL/ws_sensor_combined_src/install/px4_msgs/local/lib/python3.10/dist-packages/px4_msgs/msg/_actuator_test.py\n'}
[6.588184] (px4_msgs) StdoutLine: {'line': b'-- Up-to-date symlink: /home/giromi/Repos/VTOL/ws_sensor_combined_src/install/px4_msgs/local/lib/python3.10/dist-packages/px4_msgs/msg/_actuator_test_s.c\n'}
[6.588308] (px4_msgs) StdoutLine: {'line': b'-- Up-to-date symlink: /home/giromi/Repos/VTOL/ws_sensor_combined_src/install/px4_msgs/local/lib/python3.10/dist-packages/px4_msgs/msg/_adc_report.py\n'}
[6.588429] (px4_msgs) StdoutLine: {'line': b'-- Up-to-date symlink: /home/giromi/Repos/VTOL/ws_sensor_combined_src/install/px4_msgs/local/lib/python3.10/dist-packages/px4_msgs/msg/_adc_report_s.c\n'}
[6.588560] (px4_msgs) StdoutLine: {'line': b'-- Up-to-date symlink: /home/giromi/Repos/VTOL/ws_sensor_combined_src/install/px4_msgs/local/lib/python3.10/dist-packages/px4_msgs/msg/_airspeed.py\n'}
[6.588695] (px4_msgs) StdoutLine: {'line': b'-- Up-to-date symlink: /home/giromi/Repos/VTOL/ws_sensor_combined_src/install/px4_msgs/local/lib/python3.10/dist-packages/px4_msgs/msg/_airspeed_s.c\n'}
[6.588829] (px4_msgs) StdoutLine: {'line': b'-- Up-to-date symlink: /home/giromi/Repos/VTOL/ws_sensor_combined_src/install/px4_msgs/local/lib/python3.10/dist-packages/px4_msgs/msg/_airspeed_validated.py\n'}
[6.588963] (px4_msgs) StdoutLine: {'line': b'-- Up-to-date symlink: /home/giromi/Repos/VTOL/ws_sensor_combined_src/install/px4_msgs/local/lib/python3.10/dist-packages/px4_msgs/msg/_airspeed_validated_s.c\n'}
[6.589096] (px4_msgs) StdoutLine: {'line': b'-- Up-to-date symlink: /home/giromi/Repos/VTOL/ws_sensor_combined_src/install/px4_msgs/local/lib/python3.10/dist-packages/px4_msgs/msg/_airspeed_wind.py\n'}
[6.589230] (px4_msgs) StdoutLine: {'line': b'-- Up-to-date symlink: /home/giromi/Repos/VTOL/ws_sensor_combined_src/install/px4_msgs/local/lib/python3.10/dist-packages/px4_msgs/msg/_airspeed_wind_s.c\n'}
[6.589364] (px4_msgs) StdoutLine: {'line': b'-- Up-to-date symlink: /home/giromi/Repos/VTOL/ws_sensor_combined_src/install/px4_msgs/local/lib/python3.10/dist-packages/px4_msgs/msg/_arming_check_reply.py\n'}
[6.589497] (px4_msgs) StdoutLine: {'line': b'-- Up-to-date symlink: /home/giromi/Repos/VTOL/ws_sensor_combined_src/install/px4_msgs/local/lib/python3.10/dist-packages/px4_msgs/msg/_arming_check_reply_s.c\n'}
[6.589631] (px4_msgs) StdoutLine: {'line': b'-- Up-to-date symlink: /home/giromi/Repos/VTOL/ws_sensor_combined_src/install/px4_msgs/local/lib/python3.10/dist-packages/px4_msgs/msg/_arming_check_request.py\n'}
[6.589765] (px4_msgs) StdoutLine: {'line': b'-- Up-to-date symlink: /home/giromi/Repos/VTOL/ws_sensor_combined_src/install/px4_msgs/local/lib/python3.10/dist-packages/px4_msgs/msg/_arming_check_request_s.c\n'}
[6.589905] (px4_msgs) StdoutLine: {'line': b'-- Up-to-date symlink: /home/giromi/Repos/VTOL/ws_sensor_combined_src/install/px4_msgs/local/lib/python3.10/dist-packages/px4_msgs/msg/_autotune_attitude_control_status.py\n'}
[6.590042] (px4_msgs) StdoutLine: {'line': b'-- Up-to-date symlink: /home/giromi/Repos/VTOL/ws_sensor_combined_src/install/px4_msgs/local/lib/python3.10/dist-packages/px4_msgs/msg/_autotune_attitude_control_status_s.c\n'}
[6.590177] (px4_msgs) StdoutLine: {'line': b'-- Up-to-date symlink: /home/giromi/Repos/VTOL/ws_sensor_combined_src/install/px4_msgs/local/lib/python3.10/dist-packages/px4_msgs/msg/_battery_status.py\n'}
[6.590312] (px4_msgs) StdoutLine: {'line': b'-- Up-to-date symlink: /home/giromi/Repos/VTOL/ws_sensor_combined_src/install/px4_msgs/local/lib/python3.10/dist-packages/px4_msgs/msg/_battery_status_s.c\n'}
[6.590446] (px4_msgs) StdoutLine: {'line': b'-- Up-to-date symlink: /home/giromi/Repos/VTOL/ws_sensor_combined_src/install/px4_msgs/local/lib/python3.10/dist-packages/px4_msgs/msg/_buffer128.py\n'}
[6.590625] (px4_msgs) StdoutLine: {'line': b'-- Up-to-date symlink: /home/giromi/Repos/VTOL/ws_sensor_combined_src/install/px4_msgs/local/lib/python3.10/dist-packages/px4_msgs/msg/_buffer128_s.c\n'}
[6.590758] (px4_msgs) StdoutLine: {'line': b'-- Up-to-date symlink: /home/giromi/Repos/VTOL/ws_sensor_combined_src/install/px4_msgs/local/lib/python3.10/dist-packages/px4_msgs/msg/_button_event.py\n'}
[6.590915] (px4_msgs) StdoutLine: {'line': b'-- Up-to-date symlink: /home/giromi/Repos/VTOL/ws_sensor_combined_src/install/px4_msgs/local/lib/python3.10/dist-packages/px4_msgs/msg/_button_event_s.c\n'}
[6.591088] (px4_msgs) StdoutLine: {'line': b'-- Up-to-date symlink: /home/giromi/Repos/VTOL/ws_sensor_combined_src/install/px4_msgs/local/lib/python3.10/dist-packages/px4_msgs/msg/_camera_capture.py\n'}
[6.591236] (px4_msgs) StdoutLine: {'line': b'-- Up-to-date symlink: /home/giromi/Repos/VTOL/ws_sensor_combined_src/install/px4_msgs/local/lib/python3.10/dist-packages/px4_msgs/msg/_camera_capture_s.c\n'}
[6.591369] (px4_msgs) StdoutLine: {'line': b'-- Up-to-date symlink: /home/giromi/Repos/VTOL/ws_sensor_combined_src/install/px4_msgs/local/lib/python3.10/dist-packages/px4_msgs/msg/_camera_status.py\n'}
[6.591502] (px4_msgs) StdoutLine: {'line': b'-- Up-to-date symlink: /home/giromi/Repos/VTOL/ws_sensor_combined_src/install/px4_msgs/local/lib/python3.10/dist-packages/px4_msgs/msg/_camera_status_s.c\n'}
[6.591633] (px4_msgs) StdoutLine: {'line': b'-- Up-to-date symlink: /home/giromi/Repos/VTOL/ws_sensor_combined_src/install/px4_msgs/local/lib/python3.10/dist-packages/px4_msgs/msg/_camera_trigger.py\n'}
[6.591766] (px4_msgs) StdoutLine: {'line': b'-- Up-to-date symlink: /home/giromi/Repos/VTOL/ws_sensor_combined_src/install/px4_msgs/local/lib/python3.10/dist-packages/px4_msgs/msg/_camera_trigger_s.c\n'}
[6.591898] (px4_msgs) StdoutLine: {'line': b'-- Up-to-date symlink: /home/giromi/Repos/VTOL/ws_sensor_combined_src/install/px4_msgs/local/lib/python3.10/dist-packages/px4_msgs/msg/_cellular_status.py\n'}
[6.592033] (px4_msgs) StdoutLine: {'line': b'-- Up-to-date symlink: /home/giromi/Repos/VTOL/ws_sensor_combined_src/install/px4_msgs/local/lib/python3.10/dist-packages/px4_msgs/msg/_cellular_status_s.c\n'}
[6.592172] (px4_msgs) StdoutLine: {'line': b'-- Up-to-date symlink: /home/giromi/Repos/VTOL/ws_sensor_combined_src/install/px4_msgs/local/lib/python3.10/dist-packages/px4_msgs/msg/_collision_constraints.py\n'}
[6.592305] (px4_msgs) StdoutLine: {'line': b'-- Up-to-date symlink: /home/giromi/Repos/VTOL/ws_sensor_combined_src/install/px4_msgs/local/lib/python3.10/dist-packages/px4_msgs/msg/_collision_constraints_s.c\n'}
[6.592441] (px4_msgs) StdoutLine: {'line': b'-- Up-to-date symlink: /home/giromi/Repos/VTOL/ws_sensor_combined_src/install/px4_msgs/local/lib/python3.10/dist-packages/px4_msgs/msg/_collision_report.py\n'}
[6.592618] (px4_msgs) StdoutLine: {'line': b'-- Up-to-date symlink: /home/giromi/Repos/VTOL/ws_sensor_combined_src/install/px4_msgs/local/lib/python3.10/dist-packages/px4_msgs/msg/_collision_report_s.c\n'}
[6.592761] (px4_msgs) StdoutLine: {'line': b'-- Up-to-date symlink: /home/giromi/Repos/VTOL/ws_sensor_combined_src/install/px4_msgs/local/lib/python3.10/dist-packages/px4_msgs/msg/_config_overrides.py\n'}
[6.592896] (px4_msgs) StdoutLine: {'line': b'-- Up-to-date symlink: /home/giromi/Repos/VTOL/ws_sensor_combined_src/install/px4_msgs/local/lib/python3.10/dist-packages/px4_msgs/msg/_config_overrides_s.c\n'}
[6.593030] (px4_msgs) StdoutLine: {'line': b'-- Up-to-date symlink: /home/giromi/Repos/VTOL/ws_sensor_combined_src/install/px4_msgs/local/lib/python3.10/dist-packages/px4_msgs/msg/_control_allocator_status.py\n'}
[6.593167] (px4_msgs) StdoutLine: {'line': b'-- Up-to-date symlink: /home/giromi/Repos/VTOL/ws_sensor_combined_src/install/px4_msgs/local/lib/python3.10/dist-packages/px4_msgs/msg/_control_allocator_status_s.c\n'}
[6.593303] (px4_msgs) StdoutLine: {'line': b'-- Up-to-date symlink: /home/giromi/Repos/VTOL/ws_sensor_combined_src/install/px4_msgs/local/lib/python3.10/dist-packages/px4_msgs/msg/_cpuload.py\n'}
[6.593440] (px4_msgs) StdoutLine: {'line': b'-- Up-to-date symlink: /home/giromi/Repos/VTOL/ws_sensor_combined_src/install/px4_msgs/local/lib/python3.10/dist-packages/px4_msgs/msg/_cpuload_s.c\n'}
[6.593576] (px4_msgs) StdoutLine: {'line': b'-- Up-to-date symlink: /home/giromi/Repos/VTOL/ws_sensor_combined_src/install/px4_msgs/local/lib/python3.10/dist-packages/px4_msgs/msg/_dataman_request.py\n'}
[6.593711] (px4_msgs) StdoutLine: {'line': b'-- Up-to-date symlink: /home/giromi/Repos/VTOL/ws_sensor_combined_src/install/px4_msgs/local/lib/python3.10/dist-packages/px4_msgs/msg/_dataman_request_s.c\n'}
[6.593848] (px4_msgs) StdoutLine: {'line': b'-- Up-to-date symlink: /home/giromi/Repos/VTOL/ws_sensor_combined_src/install/px4_msgs/local/lib/python3.10/dist-packages/px4_msgs/msg/_dataman_response.py\n'}
[6.593984] (px4_msgs) StdoutLine: {'line': b'-- Up-to-date symlink: /home/giromi/Repos/VTOL/ws_sensor_combined_src/install/px4_msgs/local/lib/python3.10/dist-packages/px4_msgs/msg/_dataman_response_s.c\n'}
[6.594154] (px4_msgs) StdoutLine: {'line': b'-- Up-to-date symlink: /home/giromi/Repos/VTOL/ws_sensor_combined_src/install/px4_msgs/local/lib/python3.10/dist-packages/px4_msgs/msg/_debug_array.py\n'}
[6.594289] (px4_msgs) StdoutLine: {'line': b'-- Up-to-date symlink: /home/giromi/Repos/VTOL/ws_sensor_combined_src/install/px4_msgs/local/lib/python3.10/dist-packages/px4_msgs/msg/_debug_array_s.c\n'}
[6.594423] (px4_msgs) StdoutLine: {'line': b'-- Up-to-date symlink: /home/giromi/Repos/VTOL/ws_sensor_combined_src/install/px4_msgs/local/lib/python3.10/dist-packages/px4_msgs/msg/_debug_key_value.py\n'}
[6.594612] (px4_msgs) StdoutLine: {'line': b'-- Up-to-date symlink: /home/giromi/Repos/VTOL/ws_sensor_combined_src/install/px4_msgs/local/lib/python3.10/dist-packages/px4_msgs/msg/_debug_key_value_s.c\n'}
[6.594747] (px4_msgs) StdoutLine: {'line': b'-- Up-to-date symlink: /home/giromi/Repos/VTOL/ws_sensor_combined_src/install/px4_msgs/local/lib/python3.10/dist-packages/px4_msgs/msg/_debug_value.py\n'}
[6.594884] (px4_msgs) StdoutLine: {'line': b'-- Up-to-date symlink: /home/giromi/Repos/VTOL/ws_sensor_combined_src/install/px4_msgs/local/lib/python3.10/dist-packages/px4_msgs/msg/_debug_value_s.c\n'}
[6.595015] (px4_msgs) StdoutLine: {'line': b'-- Up-to-date symlink: /home/giromi/Repos/VTOL/ws_sensor_combined_src/install/px4_msgs/local/lib/python3.10/dist-packages/px4_msgs/msg/_debug_vect.py\n'}
[6.595149] (px4_msgs) StdoutLine: {'line': b'-- Up-to-date symlink: /home/giromi/Repos/VTOL/ws_sensor_combined_src/install/px4_msgs/local/lib/python3.10/dist-packages/px4_msgs/msg/_debug_vect_s.c\n'}
[6.595285] (px4_msgs) StdoutLine: {'line': b'-- Up-to-date symlink: /home/giromi/Repos/VTOL/ws_sensor_combined_src/install/px4_msgs/local/lib/python3.10/dist-packages/px4_msgs/msg/_differential_drive_setpoint.py\n'}
[6.595425] (px4_msgs) StdoutLine: {'line': b'-- Up-to-date symlink: /home/giromi/Repos/VTOL/ws_sensor_combined_src/install/px4_msgs/local/lib/python3.10/dist-packages/px4_msgs/msg/_differential_drive_setpoint_s.c\n'}
[6.595559] (px4_msgs) StdoutLine: {'line': b'-- Up-to-date symlink: /home/giromi/Repos/VTOL/ws_sensor_combined_src/install/px4_msgs/local/lib/python3.10/dist-packages/px4_msgs/msg/_differential_pressure.py\n'}
[6.595693] (px4_msgs) StdoutLine: {'line': b'-- Up-to-date symlink: /home/giromi/Repos/VTOL/ws_sensor_combined_src/install/px4_msgs/local/lib/python3.10/dist-packages/px4_msgs/msg/_differential_pressure_s.c\n'}
[6.595827] (px4_msgs) StdoutLine: {'line': b'-- Up-to-date symlink: /home/giromi/Repos/VTOL/ws_sensor_combined_src/install/px4_msgs/local/lib/python3.10/dist-packages/px4_msgs/msg/_distance_sensor.py\n'}
[6.595962] (px4_msgs) StdoutLine: {'line': b'-- Up-to-date symlink: /home/giromi/Repos/VTOL/ws_sensor_combined_src/install/px4_msgs/local/lib/python3.10/dist-packages/px4_msgs/msg/_distance_sensor_s.c\n'}
[6.596097] (px4_msgs) StdoutLine: {'line': b'-- Up-to-date symlink: /home/giromi/Repos/VTOL/ws_sensor_combined_src/install/px4_msgs/local/lib/python3.10/dist-packages/px4_msgs/msg/_ekf2_timestamps.py\n'}
[6.596229] (px4_msgs) StdoutLine: {'line': b'-- Up-to-date symlink: /home/giromi/Repos/VTOL/ws_sensor_combined_src/install/px4_msgs/local/lib/python3.10/dist-packages/px4_msgs/msg/_ekf2_timestamps_s.c\n'}
[6.596362] (px4_msgs) StdoutLine: {'line': b'-- Up-to-date symlink: /home/giromi/Repos/VTOL/ws_sensor_combined_src/install/px4_msgs/local/lib/python3.10/dist-packages/px4_msgs/msg/_esc_report.py\n'}
[6.596530] (px4_msgs) StdoutLine: {'line': b'-- Up-to-date symlink: /home/giromi/Repos/VTOL/ws_sensor_combined_src/install/px4_msgs/local/lib/python3.10/dist-packages/px4_msgs/msg/_esc_report_s.c\n'}
[6.596665] (px4_msgs) StdoutLine: {'line': b'-- Up-to-date symlink: /home/giromi/Repos/VTOL/ws_sensor_combined_src/install/px4_msgs/local/lib/python3.10/dist-packages/px4_msgs/msg/_esc_status.py\n'}
[6.596797] (px4_msgs) StdoutLine: {'line': b'-- Up-to-date symlink: /home/giromi/Repos/VTOL/ws_sensor_combined_src/install/px4_msgs/local/lib/python3.10/dist-packages/px4_msgs/msg/_esc_status_s.c\n'}
[6.596933] (px4_msgs) StdoutLine: {'line': b'-- Up-to-date symlink: /home/giromi/Repos/VTOL/ws_sensor_combined_src/install/px4_msgs/local/lib/python3.10/dist-packages/px4_msgs/msg/_estimator_aid_source1d.py\n'}
[6.597075] (px4_msgs) StdoutLine: {'line': b'-- Up-to-date symlink: /home/giromi/Repos/VTOL/ws_sensor_combined_src/install/px4_msgs/local/lib/python3.10/dist-packages/px4_msgs/msg/_estimator_aid_source1d_s.c\n'}
[6.597208] (px4_msgs) StdoutLine: {'line': b'-- Up-to-date symlink: /home/giromi/Repos/VTOL/ws_sensor_combined_src/install/px4_msgs/local/lib/python3.10/dist-packages/px4_msgs/msg/_estimator_aid_source2d.py\n'}
[6.597344] (px4_msgs) StdoutLine: {'line': b'-- Up-to-date symlink: /home/giromi/Repos/VTOL/ws_sensor_combined_src/install/px4_msgs/local/lib/python3.10/dist-packages/px4_msgs/msg/_estimator_aid_source2d_s.c\n'}
[6.597477] (px4_msgs) StdoutLine: {'line': b'-- Up-to-date symlink: /home/giromi/Repos/VTOL/ws_sensor_combined_src/install/px4_msgs/local/lib/python3.10/dist-packages/px4_msgs/msg/_estimator_aid_source3d.py\n'}
[6.597611] (px4_msgs) StdoutLine: {'line': b'-- Up-to-date symlink: /home/giromi/Repos/VTOL/ws_sensor_combined_src/install/px4_msgs/local/lib/python3.10/dist-packages/px4_msgs/msg/_estimator_aid_source3d_s.c\n'}
[6.597744] (px4_msgs) StdoutLine: {'line': b'-- Up-to-date symlink: /home/giromi/Repos/VTOL/ws_sensor_combined_src/install/px4_msgs/local/lib/python3.10/dist-packages/px4_msgs/msg/_estimator_bias.py\n'}
[6.597881] (px4_msgs) StdoutLine: {'line': b'-- Up-to-date symlink: /home/giromi/Repos/VTOL/ws_sensor_combined_src/install/px4_msgs/local/lib/python3.10/dist-packages/px4_msgs/msg/_estimator_bias3d.py\n'}
[6.598048] (px4_msgs) StdoutLine: {'line': b'-- Up-to-date symlink: /home/giromi/Repos/VTOL/ws_sensor_combined_src/install/px4_msgs/local/lib/python3.10/dist-packages/px4_msgs/msg/_estimator_bias3d_s.c\n'}
[6.598185] (px4_msgs) StdoutLine: {'line': b'-- Up-to-date symlink: /home/giromi/Repos/VTOL/ws_sensor_combined_src/install/px4_msgs/local/lib/python3.10/dist-packages/px4_msgs/msg/_estimator_bias_s.c\n'}
[6.598319] (px4_msgs) StdoutLine: {'line': b'-- Up-to-date symlink: /home/giromi/Repos/VTOL/ws_sensor_combined_src/install/px4_msgs/local/lib/python3.10/dist-packages/px4_msgs/msg/_estimator_event_flags.py\n'}
[6.598479] (px4_msgs) StdoutLine: {'line': b'-- Up-to-date symlink: /home/giromi/Repos/VTOL/ws_sensor_combined_src/install/px4_msgs/local/lib/python3.10/dist-packages/px4_msgs/msg/_estimator_event_flags_s.c\n'}
[6.598665] (px4_msgs) StdoutLine: {'line': b'-- Up-to-date symlink: /home/giromi/Repos/VTOL/ws_sensor_combined_src/install/px4_msgs/local/lib/python3.10/dist-packages/px4_msgs/msg/_estimator_gps_status.py\n'}
[6.598798] (px4_msgs) StdoutLine: {'line': b'-- Up-to-date symlink: /home/giromi/Repos/VTOL/ws_sensor_combined_src/install/px4_msgs/local/lib/python3.10/dist-packages/px4_msgs/msg/_estimator_gps_status_s.c\n'}
[6.598932] (px4_msgs) StdoutLine: {'line': b'-- Up-to-date symlink: /home/giromi/Repos/VTOL/ws_sensor_combined_src/install/px4_msgs/local/lib/python3.10/dist-packages/px4_msgs/msg/_estimator_innovations.py\n'}
[6.599102] (px4_msgs) StdoutLine: {'line': b'-- Up-to-date symlink: /home/giromi/Repos/VTOL/ws_sensor_combined_src/install/px4_msgs/local/lib/python3.10/dist-packages/px4_msgs/msg/_estimator_innovations_s.c\n'}
[6.599238] (px4_msgs) StdoutLine: {'line': b'-- Up-to-date symlink: /home/giromi/Repos/VTOL/ws_sensor_combined_src/install/px4_msgs/local/lib/python3.10/dist-packages/px4_msgs/msg/_estimator_selector_status.py\n'}
[6.599370] (px4_msgs) StdoutLine: {'line': b'-- Up-to-date symlink: /home/giromi/Repos/VTOL/ws_sensor_combined_src/install/px4_msgs/local/lib/python3.10/dist-packages/px4_msgs/msg/_estimator_selector_status_s.c\n'}
[6.599505] (px4_msgs) StdoutLine: {'line': b'-- Up-to-date symlink: /home/giromi/Repos/VTOL/ws_sensor_combined_src/install/px4_msgs/local/lib/python3.10/dist-packages/px4_msgs/msg/_estimator_sensor_bias.py\n'}
[6.599639] (px4_msgs) StdoutLine: {'line': b'-- Up-to-date symlink: /home/giromi/Repos/VTOL/ws_sensor_combined_src/install/px4_msgs/local/lib/python3.10/dist-packages/px4_msgs/msg/_estimator_sensor_bias_s.c\n'}
[6.599772] (px4_msgs) StdoutLine: {'line': b'-- Up-to-date symlink: /home/giromi/Repos/VTOL/ws_sensor_combined_src/install/px4_msgs/local/lib/python3.10/dist-packages/px4_msgs/msg/_estimator_states.py\n'}
[6.599905] (px4_msgs) StdoutLine: {'line': b'-- Up-to-date symlink: /home/giromi/Repos/VTOL/ws_sensor_combined_src/install/px4_msgs/local/lib/python3.10/dist-packages/px4_msgs/msg/_estimator_states_s.c\n'}
[6.600039] (px4_msgs) StdoutLine: {'line': b'-- Up-to-date symlink: /home/giromi/Repos/VTOL/ws_sensor_combined_src/install/px4_msgs/local/lib/python3.10/dist-packages/px4_msgs/msg/_estimator_status.py\n'}
[6.600173] (px4_msgs) StdoutLine: {'line': b'-- Up-to-date symlink: /home/giromi/Repos/VTOL/ws_sensor_combined_src/install/px4_msgs/local/lib/python3.10/dist-packages/px4_msgs/msg/_estimator_status_flags.py\n'}
[6.600308] (px4_msgs) StdoutLine: {'line': b'-- Up-to-date symlink: /home/giromi/Repos/VTOL/ws_sensor_combined_src/install/px4_msgs/local/lib/python3.10/dist-packages/px4_msgs/msg/_estimator_status_flags_s.c\n'}
[6.600443] (px4_msgs) StdoutLine: {'line': b'-- Up-to-date symlink: /home/giromi/Repos/VTOL/ws_sensor_combined_src/install/px4_msgs/local/lib/python3.10/dist-packages/px4_msgs/msg/_estimator_status_s.c\n'}
[6.600577] (px4_msgs) StdoutLine: {'line': b'-- Up-to-date symlink: /home/giromi/Repos/VTOL/ws_sensor_combined_src/install/px4_msgs/local/lib/python3.10/dist-packages/px4_msgs/msg/_event.py\n'}
[6.600710] (px4_msgs) StdoutLine: {'line': b'-- Up-to-date symlink: /home/giromi/Repos/VTOL/ws_sensor_combined_src/install/px4_msgs/local/lib/python3.10/dist-packages/px4_msgs/msg/_event_s.c\n'}
[6.600845] (px4_msgs) StdoutLine: {'line': b'-- Up-to-date symlink: /home/giromi/Repos/VTOL/ws_sensor_combined_src/install/px4_msgs/local/lib/python3.10/dist-packages/px4_msgs/msg/_failsafe_flags.py\n'}
[6.600978] (px4_msgs) StdoutLine: {'line': b'-- Up-to-date symlink: /home/giromi/Repos/VTOL/ws_sensor_combined_src/install/px4_msgs/local/lib/python3.10/dist-packages/px4_msgs/msg/_failsafe_flags_s.c\n'}
[6.601113] (px4_msgs) StdoutLine: {'line': b'-- Up-to-date symlink: /home/giromi/Repos/VTOL/ws_sensor_combined_src/install/px4_msgs/local/lib/python3.10/dist-packages/px4_msgs/msg/_failure_detector_status.py\n'}
[6.601254] (px4_msgs) StdoutLine: {'line': b'-- Up-to-date symlink: /home/giromi/Repos/VTOL/ws_sensor_combined_src/install/px4_msgs/local/lib/python3.10/dist-packages/px4_msgs/msg/_failure_detector_status_s.c\n'}
[6.601390] (px4_msgs) StdoutLine: {'line': b'-- Up-to-date symlink: /home/giromi/Repos/VTOL/ws_sensor_combined_src/install/px4_msgs/local/lib/python3.10/dist-packages/px4_msgs/msg/_figure_eight_status.py\n'}
[6.601525] (px4_msgs) StdoutLine: {'line': b'-- Up-to-date symlink: /home/giromi/Repos/VTOL/ws_sensor_combined_src/install/px4_msgs/local/lib/python3.10/dist-packages/px4_msgs/msg/_figure_eight_status_s.c\n'}
[6.601659] (px4_msgs) StdoutLine: {'line': b'-- Up-to-date symlink: /home/giromi/Repos/VTOL/ws_sensor_combined_src/install/px4_msgs/local/lib/python3.10/dist-packages/px4_msgs/msg/_follow_target.py\n'}
[6.601802] (px4_msgs) StdoutLine: {'line': b'-- Up-to-date symlink: /home/giromi/Repos/VTOL/ws_sensor_combined_src/install/px4_msgs/local/lib/python3.10/dist-packages/px4_msgs/msg/_follow_target_estimator.py\n'}
[6.601935] (px4_msgs) StdoutLine: {'line': b'-- Up-to-date symlink: /home/giromi/Repos/VTOL/ws_sensor_combined_src/install/px4_msgs/local/lib/python3.10/dist-packages/px4_msgs/msg/_follow_target_estimator_s.c\n'}
[6.602069] (px4_msgs) StdoutLine: {'line': b'-- Up-to-date symlink: /home/giromi/Repos/VTOL/ws_sensor_combined_src/install/px4_msgs/local/lib/python3.10/dist-packages/px4_msgs/msg/_follow_target_s.c\n'}
[6.602203] (px4_msgs) StdoutLine: {'line': b'-- Up-to-date symlink: /home/giromi/Repos/VTOL/ws_sensor_combined_src/install/px4_msgs/local/lib/python3.10/dist-packages/px4_msgs/msg/_follow_target_status.py\n'}
[6.602337] (px4_msgs) StdoutLine: {'line': b'-- Up-to-date symlink: /home/giromi/Repos/VTOL/ws_sensor_combined_src/install/px4_msgs/local/lib/python3.10/dist-packages/px4_msgs/msg/_follow_target_status_s.c\n'}
[6.602522] (px4_msgs) StdoutLine: {'line': b'-- Up-to-date symlink: /home/giromi/Repos/VTOL/ws_sensor_combined_src/install/px4_msgs/local/lib/python3.10/dist-packages/px4_msgs/msg/_generator_status.py\n'}
[6.602694] (px4_msgs) StdoutLine: {'line': b'-- Up-to-date symlink: /home/giromi/Repos/VTOL/ws_sensor_combined_src/install/px4_msgs/local/lib/python3.10/dist-packages/px4_msgs/msg/_generator_status_s.c\n'}
[6.602864] (px4_msgs) StdoutLine: {'line': b'-- Up-to-date symlink: /home/giromi/Repos/VTOL/ws_sensor_combined_src/install/px4_msgs/local/lib/python3.10/dist-packages/px4_msgs/msg/_geofence_result.py\n'}
[6.603036] (px4_msgs) StdoutLine: {'line': b'-- Up-to-date symlink: /home/giromi/Repos/VTOL/ws_sensor_combined_src/install/px4_msgs/local/lib/python3.10/dist-packages/px4_msgs/msg/_geofence_result_s.c\n'}
[6.603204] (px4_msgs) StdoutLine: {'line': b'-- Up-to-date symlink: /home/giromi/Repos/VTOL/ws_sensor_combined_src/install/px4_msgs/local/lib/python3.10/dist-packages/px4_msgs/msg/_gimbal_controls.py\n'}
[6.603374] (px4_msgs) StdoutLine: {'line': b'-- Up-to-date symlink: /home/giromi/Repos/VTOL/ws_sensor_combined_src/install/px4_msgs/local/lib/python3.10/dist-packages/px4_msgs/msg/_gimbal_controls_s.c\n'}
[6.603548] (px4_msgs) StdoutLine: {'line': b'-- Up-to-date symlink: /home/giromi/Repos/VTOL/ws_sensor_combined_src/install/px4_msgs/local/lib/python3.10/dist-packages/px4_msgs/msg/_gimbal_device_attitude_status.py\n'}
[6.603720] (px4_msgs) StdoutLine: {'line': b'-- Up-to-date symlink: /home/giromi/Repos/VTOL/ws_sensor_combined_src/install/px4_msgs/local/lib/python3.10/dist-packages/px4_msgs/msg/_gimbal_device_attitude_status_s.c\n'}
[6.603893] (px4_msgs) StdoutLine: {'line': b'-- Up-to-date symlink: /home/giromi/Repos/VTOL/ws_sensor_combined_src/install/px4_msgs/local/lib/python3.10/dist-packages/px4_msgs/msg/_gimbal_device_information.py\n'}
[6.604070] (px4_msgs) StdoutLine: {'line': b'-- Up-to-date symlink: /home/giromi/Repos/VTOL/ws_sensor_combined_src/install/px4_msgs/local/lib/python3.10/dist-packages/px4_msgs/msg/_gimbal_device_information_s.c\n'}
[6.604293] (px4_msgs) StdoutLine: {'line': b'-- Up-to-date symlink: /home/giromi/Repos/VTOL/ws_sensor_combined_src/install/px4_msgs/local/lib/python3.10/dist-packages/px4_msgs/msg/_gimbal_device_set_attitude.py\n'}
[6.604465] (px4_msgs) StdoutLine: {'line': b'-- Up-to-date symlink: /home/giromi/Repos/VTOL/ws_sensor_combined_src/install/px4_msgs/local/lib/python3.10/dist-packages/px4_msgs/msg/_gimbal_device_set_attitude_s.c\n'}
[6.604620] (px4_msgs) StdoutLine: {'line': b'-- Up-to-date symlink: /home/giromi/Repos/VTOL/ws_sensor_combined_src/install/px4_msgs/local/lib/python3.10/dist-packages/px4_msgs/msg/_gimbal_manager_information.py\n'}
[6.604797] (px4_msgs) StdoutLine: {'line': b'-- Up-to-date symlink: /home/giromi/Repos/VTOL/ws_sensor_combined_src/install/px4_msgs/local/lib/python3.10/dist-packages/px4_msgs/msg/_gimbal_manager_information_s.c\n'}
[6.604948] (px4_msgs) StdoutLine: {'line': b'-- Up-to-date symlink: /home/giromi/Repos/VTOL/ws_sensor_combined_src/install/px4_msgs/local/lib/python3.10/dist-packages/px4_msgs/msg/_gimbal_manager_set_attitude.py\n'}
[6.605111] (px4_msgs) StdoutLine: {'line': b'-- Up-to-date symlink: /home/giromi/Repos/VTOL/ws_sensor_combined_src/install/px4_msgs/local/lib/python3.10/dist-packages/px4_msgs/msg/_gimbal_manager_set_attitude_s.c\n'}
[6.605276] (px4_msgs) StdoutLine: {'line': b'-- Up-to-date symlink: /home/giromi/Repos/VTOL/ws_sensor_combined_src/install/px4_msgs/local/lib/python3.10/dist-packages/px4_msgs/msg/_gimbal_manager_set_manual_control.py\n'}
[6.605407] (px4_msgs) StdoutLine: {'line': b'-- Up-to-date symlink: /home/giromi/Repos/VTOL/ws_sensor_combined_src/install/px4_msgs/local/lib/python3.10/dist-packages/px4_msgs/msg/_gimbal_manager_set_manual_control_s.c\n'}
[6.605546] (px4_msgs) StdoutLine: {'line': b'-- Up-to-date symlink: /home/giromi/Repos/VTOL/ws_sensor_combined_src/install/px4_msgs/local/lib/python3.10/dist-packages/px4_msgs/msg/_gimbal_manager_status.py\n'}
[6.605685] (px4_msgs) StdoutLine: {'line': b'-- Up-to-date symlink: /home/giromi/Repos/VTOL/ws_sensor_combined_src/install/px4_msgs/local/lib/python3.10/dist-packages/px4_msgs/msg/_gimbal_manager_status_s.c\n'}
[6.605830] (px4_msgs) StdoutLine: {'line': b'-- Up-to-date symlink: /home/giromi/Repos/VTOL/ws_sensor_combined_src/install/px4_msgs/local/lib/python3.10/dist-packages/px4_msgs/msg/_goto_setpoint.py\n'}
[6.605968] (px4_msgs) StdoutLine: {'line': b'-- Up-to-date symlink: /home/giromi/Repos/VTOL/ws_sensor_combined_src/install/px4_msgs/local/lib/python3.10/dist-packages/px4_msgs/msg/_goto_setpoint_s.c\n'}
[6.606119] (px4_msgs) StdoutLine: {'line': b'-- Up-to-date symlink: /home/giromi/Repos/VTOL/ws_sensor_combined_src/install/px4_msgs/local/lib/python3.10/dist-packages/px4_msgs/msg/_gpio_config.py\n'}
[6.606288] (px4_msgs) StdoutLine: {'line': b'-- Up-to-date symlink: /home/giromi/Repos/VTOL/ws_sensor_combined_src/install/px4_msgs/local/lib/python3.10/dist-packages/px4_msgs/msg/_gpio_config_s.c\n'}
[6.606437] (px4_msgs) StdoutLine: {'line': b'-- Up-to-date symlink: /home/giromi/Repos/VTOL/ws_sensor_combined_src/install/px4_msgs/local/lib/python3.10/dist-packages/px4_msgs/msg/_gpio_in.py\n'}
[6.606623] (px4_msgs) StdoutLine: {'line': b'-- Up-to-date symlink: /home/giromi/Repos/VTOL/ws_sensor_combined_src/install/px4_msgs/local/lib/python3.10/dist-packages/px4_msgs/msg/_gpio_in_s.c\n'}
[6.606748] (px4_msgs) StdoutLine: {'line': b'-- Up-to-date symlink: /home/giromi/Repos/VTOL/ws_sensor_combined_src/install/px4_msgs/local/lib/python3.10/dist-packages/px4_msgs/msg/_gpio_out.py\n'}
[6.606879] (px4_msgs) StdoutLine: {'line': b'-- Up-to-date symlink: /home/giromi/Repos/VTOL/ws_sensor_combined_src/install/px4_msgs/local/lib/python3.10/dist-packages/px4_msgs/msg/_gpio_out_s.c\n'}
[6.607013] (px4_msgs) StdoutLine: {'line': b'-- Up-to-date symlink: /home/giromi/Repos/VTOL/ws_sensor_combined_src/install/px4_msgs/local/lib/python3.10/dist-packages/px4_msgs/msg/_gpio_request.py\n'}
[6.607146] (px4_msgs) StdoutLine: {'line': b'-- Up-to-date symlink: /home/giromi/Repos/VTOL/ws_sensor_combined_src/install/px4_msgs/local/lib/python3.10/dist-packages/px4_msgs/msg/_gpio_request_s.c\n'}
[6.607329] (px4_msgs) StdoutLine: {'line': b'-- Up-to-date symlink: /home/giromi/Repos/VTOL/ws_sensor_combined_src/install/px4_msgs/local/lib/python3.10/dist-packages/px4_msgs/msg/_gps_dump.py\n'}
[6.607494] (px4_msgs) StdoutLine: {'line': b'-- Up-to-date symlink: /home/giromi/Repos/VTOL/ws_sensor_combined_src/install/px4_msgs/local/lib/python3.10/dist-packages/px4_msgs/msg/_gps_dump_s.c\n'}
[6.607661] (px4_msgs) StdoutLine: {'line': b'-- Up-to-date symlink: /home/giromi/Repos/VTOL/ws_sensor_combined_src/install/px4_msgs/local/lib/python3.10/dist-packages/px4_msgs/msg/_gps_inject_data.py\n'}
[6.607832] (px4_msgs) StdoutLine: {'line': b'-- Up-to-date symlink: /home/giromi/Repos/VTOL/ws_sensor_combined_src/install/px4_msgs/local/lib/python3.10/dist-packages/px4_msgs/msg/_gps_inject_data_s.c\n'}
[6.607995] (px4_msgs) StdoutLine: {'line': b'-- Up-to-date symlink: /home/giromi/Repos/VTOL/ws_sensor_combined_src/install/px4_msgs/local/lib/python3.10/dist-packages/px4_msgs/msg/_gripper.py\n'}
[6.608165] (px4_msgs) StdoutLine: {'line': b'-- Up-to-date symlink: /home/giromi/Repos/VTOL/ws_sensor_combined_src/install/px4_msgs/local/lib/python3.10/dist-packages/px4_msgs/msg/_gripper_s.c\n'}
[6.608333] (px4_msgs) StdoutLine: {'line': b'-- Up-to-date symlink: /home/giromi/Repos/VTOL/ws_sensor_combined_src/install/px4_msgs/local/lib/python3.10/dist-packages/px4_msgs/msg/_health_report.py\n'}
[6.608452] (px4_msgs) StdoutLine: {'line': b'-- Up-to-date symlink: /home/giromi/Repos/VTOL/ws_sensor_combined_src/install/px4_msgs/local/lib/python3.10/dist-packages/px4_msgs/msg/_health_report_s.c\n'}
[6.608584] (px4_msgs) StdoutLine: {'line': b'-- Up-to-date symlink: /home/giromi/Repos/VTOL/ws_sensor_combined_src/install/px4_msgs/local/lib/python3.10/dist-packages/px4_msgs/msg/_heater_status.py\n'}
[6.608719] (px4_msgs) StdoutLine: {'line': b'-- Up-to-date symlink: /home/giromi/Repos/VTOL/ws_sensor_combined_src/install/px4_msgs/local/lib/python3.10/dist-packages/px4_msgs/msg/_heater_status_s.c\n'}
[6.608862] (px4_msgs) StdoutLine: {'line': b'-- Up-to-date symlink: /home/giromi/Repos/VTOL/ws_sensor_combined_src/install/px4_msgs/local/lib/python3.10/dist-packages/px4_msgs/msg/_home_position.py\n'}
[6.608993] (px4_msgs) StdoutLine: {'line': b'-- Up-to-date symlink: /home/giromi/Repos/VTOL/ws_sensor_combined_src/install/px4_msgs/local/lib/python3.10/dist-packages/px4_msgs/msg/_home_position_s.c\n'}
[6.609128] (px4_msgs) StdoutLine: {'line': b'-- Up-to-date symlink: /home/giromi/Repos/VTOL/ws_sensor_combined_src/install/px4_msgs/local/lib/python3.10/dist-packages/px4_msgs/msg/_hover_thrust_estimate.py\n'}
[6.609267] (px4_msgs) StdoutLine: {'line': b'-- Up-to-date symlink: /home/giromi/Repos/VTOL/ws_sensor_combined_src/install/px4_msgs/local/lib/python3.10/dist-packages/px4_msgs/msg/_hover_thrust_estimate_s.c\n'}
[6.609404] (px4_msgs) StdoutLine: {'line': b'-- Up-to-date symlink: /home/giromi/Repos/VTOL/ws_sensor_combined_src/install/px4_msgs/local/lib/python3.10/dist-packages/px4_msgs/msg/_input_rc.py\n'}
[6.609540] (px4_msgs) StdoutLine: {'line': b'-- Up-to-date symlink: /home/giromi/Repos/VTOL/ws_sensor_combined_src/install/px4_msgs/local/lib/python3.10/dist-packages/px4_msgs/msg/_input_rc_s.c\n'}
[6.609720] (px4_msgs) StdoutLine: {'line': b'-- Up-to-date symlink: /home/giromi/Repos/VTOL/ws_sensor_combined_src/install/px4_msgs/local/lib/python3.10/dist-packages/px4_msgs/msg/_internal_combustion_engine_status.py\n'}
[6.609851] (px4_msgs) StdoutLine: {'line': b'-- Up-to-date symlink: /home/giromi/Repos/VTOL/ws_sensor_combined_src/install/px4_msgs/local/lib/python3.10/dist-packages/px4_msgs/msg/_internal_combustion_engine_status_s.c\n'}
[6.609989] (px4_msgs) StdoutLine: {'line': b'-- Up-to-date symlink: /home/giromi/Repos/VTOL/ws_sensor_combined_src/install/px4_msgs/local/lib/python3.10/dist-packages/px4_msgs/msg/_iridiumsbd_status.py\n'}
[6.610127] (px4_msgs) StdoutLine: {'line': b'-- Up-to-date symlink: /home/giromi/Repos/VTOL/ws_sensor_combined_src/install/px4_msgs/local/lib/python3.10/dist-packages/px4_msgs/msg/_iridiumsbd_status_s.c\n'}
[6.610275] (px4_msgs) StdoutLine: {'line': b'-- Up-to-date symlink: /home/giromi/Repos/VTOL/ws_sensor_combined_src/install/px4_msgs/local/lib/python3.10/dist-packages/px4_msgs/msg/_irlock_report.py\n'}
[6.610409] (px4_msgs) StdoutLine: {'line': b'-- Up-to-date symlink: /home/giromi/Repos/VTOL/ws_sensor_combined_src/install/px4_msgs/local/lib/python3.10/dist-packages/px4_msgs/msg/_irlock_report_s.c\n'}
[6.610643] (px4_msgs) StdoutLine: {'line': b'-- Up-to-date symlink: /home/giromi/Repos/VTOL/ws_sensor_combined_src/install/px4_msgs/local/lib/python3.10/dist-packages/px4_msgs/msg/_landing_gear.py\n'}
[6.610806] (px4_msgs) StdoutLine: {'line': b'-- Up-to-date symlink: /home/giromi/Repos/VTOL/ws_sensor_combined_src/install/px4_msgs/local/lib/python3.10/dist-packages/px4_msgs/msg/_landing_gear_s.c\n'}
[6.610970] (px4_msgs) StdoutLine: {'line': b'-- Up-to-date symlink: /home/giromi/Repos/VTOL/ws_sensor_combined_src/install/px4_msgs/local/lib/python3.10/dist-packages/px4_msgs/msg/_landing_gear_wheel.py\n'}
[6.611132] (px4_msgs) StdoutLine: {'line': b'-- Up-to-date symlink: /home/giromi/Repos/VTOL/ws_sensor_combined_src/install/px4_msgs/local/lib/python3.10/dist-packages/px4_msgs/msg/_landing_gear_wheel_s.c\n'}
[6.611296] (px4_msgs) StdoutLine: {'line': b'-- Up-to-date symlink: /home/giromi/Repos/VTOL/ws_sensor_combined_src/install/px4_msgs/local/lib/python3.10/dist-packages/px4_msgs/msg/_landing_target_innovations.py\n'}
[6.611412] (px4_msgs) StdoutLine: {'line': b'-- Up-to-date symlink: /home/giromi/Repos/VTOL/ws_sensor_combined_src/install/px4_msgs/local/lib/python3.10/dist-packages/px4_msgs/msg/_landing_target_innovations_s.c\n'}
[6.611543] (px4_msgs) StdoutLine: {'line': b'-- Up-to-date symlink: /home/giromi/Repos/VTOL/ws_sensor_combined_src/install/px4_msgs/local/lib/python3.10/dist-packages/px4_msgs/msg/_landing_target_pose.py\n'}
[6.611674] (px4_msgs) StdoutLine: {'line': b'-- Up-to-date symlink: /home/giromi/Repos/VTOL/ws_sensor_combined_src/install/px4_msgs/local/lib/python3.10/dist-packages/px4_msgs/msg/_landing_target_pose_s.c\n'}
[6.611807] (px4_msgs) StdoutLine: {'line': b'-- Up-to-date symlink: /home/giromi/Repos/VTOL/ws_sensor_combined_src/install/px4_msgs/local/lib/python3.10/dist-packages/px4_msgs/msg/_launch_detection_status.py\n'}
[6.611941] (px4_msgs) StdoutLine: {'line': b'-- Up-to-date symlink: /home/giromi/Repos/VTOL/ws_sensor_combined_src/install/px4_msgs/local/lib/python3.10/dist-packages/px4_msgs/msg/_launch_detection_status_s.c\n'}
[6.612076] (px4_msgs) StdoutLine: {'line': b'-- Up-to-date symlink: /home/giromi/Repos/VTOL/ws_sensor_combined_src/install/px4_msgs/local/lib/python3.10/dist-packages/px4_msgs/msg/_led_control.py\n'}
[6.612207] (px4_msgs) StdoutLine: {'line': b'-- Up-to-date symlink: /home/giromi/Repos/VTOL/ws_sensor_combined_src/install/px4_msgs/local/lib/python3.10/dist-packages/px4_msgs/msg/_led_control_s.c\n'}
[6.612340] (px4_msgs) StdoutLine: {'line': b'-- Up-to-date symlink: /home/giromi/Repos/VTOL/ws_sensor_combined_src/install/px4_msgs/local/lib/python3.10/dist-packages/px4_msgs/msg/_log_message.py\n'}
[6.612509] (px4_msgs) StdoutLine: {'line': b'-- Up-to-date symlink: /home/giromi/Repos/VTOL/ws_sensor_combined_src/install/px4_msgs/local/lib/python3.10/dist-packages/px4_msgs/msg/_log_message_s.c\n'}
[6.612669] (px4_msgs) StdoutLine: {'line': b'-- Up-to-date symlink: /home/giromi/Repos/VTOL/ws_sensor_combined_src/install/px4_msgs/local/lib/python3.10/dist-packages/px4_msgs/msg/_logger_status.py\n'}
[6.612791] (px4_msgs) StdoutLine: {'line': b'-- Up-to-date symlink: /home/giromi/Repos/VTOL/ws_sensor_combined_src/install/px4_msgs/local/lib/python3.10/dist-packages/px4_msgs/msg/_logger_status_s.c\n'}
[6.612923] (px4_msgs) StdoutLine: {'line': b'-- Up-to-date symlink: /home/giromi/Repos/VTOL/ws_sensor_combined_src/install/px4_msgs/local/lib/python3.10/dist-packages/px4_msgs/msg/_mag_worker_data.py\n'}
[6.613061] (px4_msgs) StdoutLine: {'line': b'-- Up-to-date symlink: /home/giromi/Repos/VTOL/ws_sensor_combined_src/install/px4_msgs/local/lib/python3.10/dist-packages/px4_msgs/msg/_mag_worker_data_s.c\n'}
[6.613194] (px4_msgs) StdoutLine: {'line': b'-- Up-to-date symlink: /home/giromi/Repos/VTOL/ws_sensor_combined_src/install/px4_msgs/local/lib/python3.10/dist-packages/px4_msgs/msg/_magnetometer_bias_estimate.py\n'}
[6.613328] (px4_msgs) StdoutLine: {'line': b'-- Up-to-date symlink: /home/giromi/Repos/VTOL/ws_sensor_combined_src/install/px4_msgs/local/lib/python3.10/dist-packages/px4_msgs/msg/_magnetometer_bias_estimate_s.c\n'}
[6.613463] (px4_msgs) StdoutLine: {'line': b'-- Up-to-date symlink: /home/giromi/Repos/VTOL/ws_sensor_combined_src/install/px4_msgs/local/lib/python3.10/dist-packages/px4_msgs/msg/_manual_control_setpoint.py\n'}
[6.613594] (px4_msgs) StdoutLine: {'line': b'-- Up-to-date symlink: /home/giromi/Repos/VTOL/ws_sensor_combined_src/install/px4_msgs/local/lib/python3.10/dist-packages/px4_msgs/msg/_manual_control_setpoint_s.c\n'}
[6.613726] (px4_msgs) StdoutLine: {'line': b'-- Up-to-date symlink: /home/giromi/Repos/VTOL/ws_sensor_combined_src/install/px4_msgs/local/lib/python3.10/dist-packages/px4_msgs/msg/_manual_control_switches.py\n'}
[6.613895] (px4_msgs) StdoutLine: {'line': b'-- Up-to-date symlink: /home/giromi/Repos/VTOL/ws_sensor_combined_src/install/px4_msgs/local/lib/python3.10/dist-packages/px4_msgs/msg/_manual_control_switches_s.c\n'}
[6.614020] (px4_msgs) StdoutLine: {'line': b'-- Up-to-date symlink: /home/giromi/Repos/VTOL/ws_sensor_combined_src/install/px4_msgs/local/lib/python3.10/dist-packages/px4_msgs/msg/_mavlink_log.py\n'}
[6.614157] (px4_msgs) StdoutLine: {'line': b'-- Up-to-date symlink: /home/giromi/Repos/VTOL/ws_sensor_combined_src/install/px4_msgs/local/lib/python3.10/dist-packages/px4_msgs/msg/_mavlink_log_s.c\n'}
[6.614289] (px4_msgs) StdoutLine: {'line': b'-- Up-to-date symlink: /home/giromi/Repos/VTOL/ws_sensor_combined_src/install/px4_msgs/local/lib/python3.10/dist-packages/px4_msgs/msg/_mavlink_tunnel.py\n'}
[6.614422] (px4_msgs) StdoutLine: {'line': b'-- Up-to-date symlink: /home/giromi/Repos/VTOL/ws_sensor_combined_src/install/px4_msgs/local/lib/python3.10/dist-packages/px4_msgs/msg/_mavlink_tunnel_s.c\n'}
[6.614601] (px4_msgs) StdoutLine: {'line': b'-- Up-to-date symlink: /home/giromi/Repos/VTOL/ws_sensor_combined_src/install/px4_msgs/local/lib/python3.10/dist-packages/px4_msgs/msg/_message_format_request.py\n'}
[6.614735] (px4_msgs) StdoutLine: {'line': b'-- Up-to-date symlink: /home/giromi/Repos/VTOL/ws_sensor_combined_src/install/px4_msgs/local/lib/python3.10/dist-packages/px4_msgs/msg/_message_format_request_s.c\n'}
[6.614930] (px4_msgs) StdoutLine: {'line': b'-- Up-to-date symlink: /home/giromi/Repos/VTOL/ws_sensor_combined_src/install/px4_msgs/local/lib/python3.10/dist-packages/px4_msgs/msg/_message_format_response.py\n'}
[6.615092] (px4_msgs) StdoutLine: {'line': b'-- Up-to-date symlink: /home/giromi/Repos/VTOL/ws_sensor_combined_src/install/px4_msgs/local/lib/python3.10/dist-packages/px4_msgs/msg/_message_format_response_s.c\n'}
[6.615161] (-) TimerEvent: {}
[6.615365] (px4_msgs) StdoutLine: {'line': b'-- Up-to-date symlink: /home/giromi/Repos/VTOL/ws_sensor_combined_src/install/px4_msgs/local/lib/python3.10/dist-packages/px4_msgs/msg/_mission.py\n'}
[6.615679] (px4_msgs) StdoutLine: {'line': b'-- Up-to-date symlink: /home/giromi/Repos/VTOL/ws_sensor_combined_src/install/px4_msgs/local/lib/python3.10/dist-packages/px4_msgs/msg/_mission_result.py\n'}
[6.615813] (px4_msgs) StdoutLine: {'line': b'-- Up-to-date symlink: /home/giromi/Repos/VTOL/ws_sensor_combined_src/install/px4_msgs/local/lib/python3.10/dist-packages/px4_msgs/msg/_mission_result_s.c\n'}
[6.616036] (px4_msgs) StdoutLine: {'line': b'-- Up-to-date symlink: /home/giromi/Repos/VTOL/ws_sensor_combined_src/install/px4_msgs/local/lib/python3.10/dist-packages/px4_msgs/msg/_mission_s.c\n'}
[6.616189] (px4_msgs) StdoutLine: {'line': b'-- Up-to-date symlink: /home/giromi/Repos/VTOL/ws_sensor_combined_src/install/px4_msgs/local/lib/python3.10/dist-packages/px4_msgs/msg/_mode_completed.py\n'}
[6.616381] (px4_msgs) StdoutLine: {'line': b'-- Up-to-date symlink: /home/giromi/Repos/VTOL/ws_sensor_combined_src/install/px4_msgs/local/lib/python3.10/dist-packages/px4_msgs/msg/_mode_completed_s.c\n'}
[6.616514] (px4_msgs) StdoutLine: {'line': b'-- Up-to-date symlink: /home/giromi/Repos/VTOL/ws_sensor_combined_src/install/px4_msgs/local/lib/python3.10/dist-packages/px4_msgs/msg/_mount_orientation.py\n'}
[6.616718] (px4_msgs) StdoutLine: {'line': b'-- Up-to-date symlink: /home/giromi/Repos/VTOL/ws_sensor_combined_src/install/px4_msgs/local/lib/python3.10/dist-packages/px4_msgs/msg/_mount_orientation_s.c\n'}
[6.616872] (px4_msgs) StdoutLine: {'line': b'-- Up-to-date symlink: /home/giromi/Repos/VTOL/ws_sensor_combined_src/install/px4_msgs/local/lib/python3.10/dist-packages/px4_msgs/msg/_navigator_mission_item.py\n'}
[6.617011] (px4_msgs) StdoutLine: {'line': b'-- Up-to-date symlink: /home/giromi/Repos/VTOL/ws_sensor_combined_src/install/px4_msgs/local/lib/python3.10/dist-packages/px4_msgs/msg/_navigator_mission_item_s.c\n'}
[6.617159] (px4_msgs) StdoutLine: {'line': b'-- Up-to-date symlink: /home/giromi/Repos/VTOL/ws_sensor_combined_src/install/px4_msgs/local/lib/python3.10/dist-packages/px4_msgs/msg/_normalized_unsigned_setpoint.py\n'}
[6.617295] (px4_msgs) StdoutLine: {'line': b'-- Up-to-date symlink: /home/giromi/Repos/VTOL/ws_sensor_combined_src/install/px4_msgs/local/lib/python3.10/dist-packages/px4_msgs/msg/_normalized_unsigned_setpoint_s.c\n'}
[6.617434] (px4_msgs) StdoutLine: {'line': b'-- Up-to-date symlink: /home/giromi/Repos/VTOL/ws_sensor_combined_src/install/px4_msgs/local/lib/python3.10/dist-packages/px4_msgs/msg/_npfg_status.py\n'}
[6.617631] (px4_msgs) StdoutLine: {'line': b'-- Up-to-date symlink: /home/giromi/Repos/VTOL/ws_sensor_combined_src/install/px4_msgs/local/lib/python3.10/dist-packages/px4_msgs/msg/_npfg_status_s.c\n'}
[6.617813] (px4_msgs) StdoutLine: {'line': b'-- Up-to-date symlink: /home/giromi/Repos/VTOL/ws_sensor_combined_src/install/px4_msgs/local/lib/python3.10/dist-packages/px4_msgs/msg/_obstacle_distance.py\n'}
[6.617988] (px4_msgs) StdoutLine: {'line': b'-- Up-to-date symlink: /home/giromi/Repos/VTOL/ws_sensor_combined_src/install/px4_msgs/local/lib/python3.10/dist-packages/px4_msgs/msg/_obstacle_distance_s.c\n'}
[6.618172] (px4_msgs) StdoutLine: {'line': b'-- Up-to-date symlink: /home/giromi/Repos/VTOL/ws_sensor_combined_src/install/px4_msgs/local/lib/python3.10/dist-packages/px4_msgs/msg/_offboard_control_mode.py\n'}
[6.618309] (px4_msgs) StdoutLine: {'line': b'-- Up-to-date symlink: /home/giromi/Repos/VTOL/ws_sensor_combined_src/install/px4_msgs/local/lib/python3.10/dist-packages/px4_msgs/msg/_offboard_control_mode_s.c\n'}
[6.618442] (px4_msgs) StdoutLine: {'line': b'-- Up-to-date symlink: /home/giromi/Repos/VTOL/ws_sensor_combined_src/install/px4_msgs/local/lib/python3.10/dist-packages/px4_msgs/msg/_onboard_computer_status.py\n'}
[6.618695] (px4_msgs) StdoutLine: {'line': b'-- Up-to-date symlink: /home/giromi/Repos/VTOL/ws_sensor_combined_src/install/px4_msgs/local/lib/python3.10/dist-packages/px4_msgs/msg/_onboard_computer_status_s.c\n'}
[6.618893] (px4_msgs) StdoutLine: {'line': b'-- Up-to-date symlink: /home/giromi/Repos/VTOL/ws_sensor_combined_src/install/px4_msgs/local/lib/python3.10/dist-packages/px4_msgs/msg/_orb_test.py\n'}
[6.619097] (px4_msgs) StdoutLine: {'line': b'-- Up-to-date symlink: /home/giromi/Repos/VTOL/ws_sensor_combined_src/install/px4_msgs/local/lib/python3.10/dist-packages/px4_msgs/msg/_orb_test_large.py\n'}
[6.619314] (px4_msgs) StdoutLine: {'line': b'-- Up-to-date symlink: /home/giromi/Repos/VTOL/ws_sensor_combined_src/install/px4_msgs/local/lib/python3.10/dist-packages/px4_msgs/msg/_orb_test_large_s.c\n'}
[6.619486] (px4_msgs) StdoutLine: {'line': b'-- Up-to-date symlink: /home/giromi/Repos/VTOL/ws_sensor_combined_src/install/px4_msgs/local/lib/python3.10/dist-packages/px4_msgs/msg/_orb_test_medium.py\n'}
[6.619703] (px4_msgs) StdoutLine: {'line': b'-- Up-to-date symlink: /home/giromi/Repos/VTOL/ws_sensor_combined_src/install/px4_msgs/local/lib/python3.10/dist-packages/px4_msgs/msg/_orb_test_medium_s.c\n'}
[6.619854] (px4_msgs) StdoutLine: {'line': b'-- Up-to-date symlink: /home/giromi/Repos/VTOL/ws_sensor_combined_src/install/px4_msgs/local/lib/python3.10/dist-packages/px4_msgs/msg/_orb_test_s.c\n'}
[6.620001] (px4_msgs) StdoutLine: {'line': b'-- Up-to-date symlink: /home/giromi/Repos/VTOL/ws_sensor_combined_src/install/px4_msgs/local/lib/python3.10/dist-packages/px4_msgs/msg/_orbit_status.py\n'}
[6.620142] (px4_msgs) StdoutLine: {'line': b'-- Up-to-date symlink: /home/giromi/Repos/VTOL/ws_sensor_combined_src/install/px4_msgs/local/lib/python3.10/dist-packages/px4_msgs/msg/_orbit_status_s.c\n'}
[6.620308] (px4_msgs) StdoutLine: {'line': b'-- Up-to-date symlink: /home/giromi/Repos/VTOL/ws_sensor_combined_src/install/px4_msgs/local/lib/python3.10/dist-packages/px4_msgs/msg/_parameter_update.py\n'}
[6.620477] (px4_msgs) StdoutLine: {'line': b'-- Up-to-date symlink: /home/giromi/Repos/VTOL/ws_sensor_combined_src/install/px4_msgs/local/lib/python3.10/dist-packages/px4_msgs/msg/_parameter_update_s.c\n'}
[6.620626] (px4_msgs) StdoutLine: {'line': b'-- Up-to-date symlink: /home/giromi/Repos/VTOL/ws_sensor_combined_src/install/px4_msgs/local/lib/python3.10/dist-packages/px4_msgs/msg/_ping.py\n'}
[6.620807] (px4_msgs) StdoutLine: {'line': b'-- Up-to-date symlink: /home/giromi/Repos/VTOL/ws_sensor_combined_src/install/px4_msgs/local/lib/python3.10/dist-packages/px4_msgs/msg/_ping_s.c\n'}
[6.621004] (px4_msgs) StdoutLine: {'line': b'-- Up-to-date symlink: /home/giromi/Repos/VTOL/ws_sensor_combined_src/install/px4_msgs/local/lib/python3.10/dist-packages/px4_msgs/msg/_position_controller_landing_status.py\n'}
[6.621192] (px4_msgs) StdoutLine: {'line': b'-- Up-to-date symlink: /home/giromi/Repos/VTOL/ws_sensor_combined_src/install/px4_msgs/local/lib/python3.10/dist-packages/px4_msgs/msg/_position_controller_landing_status_s.c\n'}
[6.621379] (px4_msgs) StdoutLine: {'line': b'-- Up-to-date symlink: /home/giromi/Repos/VTOL/ws_sensor_combined_src/install/px4_msgs/local/lib/python3.10/dist-packages/px4_msgs/msg/_position_controller_status.py\n'}
[6.621564] (px4_msgs) StdoutLine: {'line': b'-- Up-to-date symlink: /home/giromi/Repos/VTOL/ws_sensor_combined_src/install/px4_msgs/local/lib/python3.10/dist-packages/px4_msgs/msg/_position_controller_status_s.c\n'}
[6.621751] (px4_msgs) StdoutLine: {'line': b'-- Up-to-date symlink: /home/giromi/Repos/VTOL/ws_sensor_combined_src/install/px4_msgs/local/lib/python3.10/dist-packages/px4_msgs/msg/_position_setpoint.py\n'}
[6.621901] (px4_msgs) StdoutLine: {'line': b'-- Up-to-date symlink: /home/giromi/Repos/VTOL/ws_sensor_combined_src/install/px4_msgs/local/lib/python3.10/dist-packages/px4_msgs/msg/_position_setpoint_s.c\n'}
[6.622063] (px4_msgs) StdoutLine: {'line': b'-- Up-to-date symlink: /home/giromi/Repos/VTOL/ws_sensor_combined_src/install/px4_msgs/local/lib/python3.10/dist-packages/px4_msgs/msg/_position_setpoint_triplet.py\n'}
[6.622229] (px4_msgs) StdoutLine: {'line': b'-- Up-to-date symlink: /home/giromi/Repos/VTOL/ws_sensor_combined_src/install/px4_msgs/local/lib/python3.10/dist-packages/px4_msgs/msg/_position_setpoint_triplet_s.c\n'}
[6.622401] (px4_msgs) StdoutLine: {'line': b'-- Up-to-date symlink: /home/giromi/Repos/VTOL/ws_sensor_combined_src/install/px4_msgs/local/lib/python3.10/dist-packages/px4_msgs/msg/_power_button_state.py\n'}
[6.622540] (px4_msgs) StdoutLine: {'line': b'-- Up-to-date symlink: /home/giromi/Repos/VTOL/ws_sensor_combined_src/install/px4_msgs/local/lib/python3.10/dist-packages/px4_msgs/msg/_power_button_state_s.c\n'}
[6.622677] (px4_msgs) StdoutLine: {'line': b'-- Up-to-date symlink: /home/giromi/Repos/VTOL/ws_sensor_combined_src/install/px4_msgs/local/lib/python3.10/dist-packages/px4_msgs/msg/_power_monitor.py\n'}
[6.622816] (px4_msgs) StdoutLine: {'line': b'-- Up-to-date symlink: /home/giromi/Repos/VTOL/ws_sensor_combined_src/install/px4_msgs/local/lib/python3.10/dist-packages/px4_msgs/msg/_power_monitor_s.c\n'}
[6.622955] (px4_msgs) StdoutLine: {'line': b'-- Up-to-date symlink: /home/giromi/Repos/VTOL/ws_sensor_combined_src/install/px4_msgs/local/lib/python3.10/dist-packages/px4_msgs/msg/_pps_capture.py\n'}
[6.623093] (px4_msgs) StdoutLine: {'line': b'-- Up-to-date symlink: /home/giromi/Repos/VTOL/ws_sensor_combined_src/install/px4_msgs/local/lib/python3.10/dist-packages/px4_msgs/msg/_pps_capture_s.c\n'}
[6.623237] (px4_msgs) StdoutLine: {'line': b'-- Up-to-date symlink: /home/giromi/Repos/VTOL/ws_sensor_combined_src/install/px4_msgs/local/lib/python3.10/dist-packages/px4_msgs/msg/_pwm_input.py\n'}
[6.623374] (px4_msgs) StdoutLine: {'line': b'-- Up-to-date symlink: /home/giromi/Repos/VTOL/ws_sensor_combined_src/install/px4_msgs/local/lib/python3.10/dist-packages/px4_msgs/msg/_pwm_input_s.c\n'}
[6.623510] (px4_msgs) StdoutLine: {'line': b'-- Up-to-date symlink: /home/giromi/Repos/VTOL/ws_sensor_combined_src/install/px4_msgs/local/lib/python3.10/dist-packages/px4_msgs/msg/_px4io_status.py\n'}
[6.623647] (px4_msgs) StdoutLine: {'line': b'-- Up-to-date symlink: /home/giromi/Repos/VTOL/ws_sensor_combined_src/install/px4_msgs/local/lib/python3.10/dist-packages/px4_msgs/msg/_px4io_status_s.c\n'}
[6.623784] (px4_msgs) StdoutLine: {'line': b'-- Up-to-date symlink: /home/giromi/Repos/VTOL/ws_sensor_combined_src/install/px4_msgs/local/lib/python3.10/dist-packages/px4_msgs/msg/_qshell_req.py\n'}
[6.623920] (px4_msgs) StdoutLine: {'line': b'-- Up-to-date symlink: /home/giromi/Repos/VTOL/ws_sensor_combined_src/install/px4_msgs/local/lib/python3.10/dist-packages/px4_msgs/msg/_qshell_req_s.c\n'}
[6.624057] (px4_msgs) StdoutLine: {'line': b'-- Up-to-date symlink: /home/giromi/Repos/VTOL/ws_sensor_combined_src/install/px4_msgs/local/lib/python3.10/dist-packages/px4_msgs/msg/_qshell_retval.py\n'}
[6.624193] (px4_msgs) StdoutLine: {'line': b'-- Up-to-date symlink: /home/giromi/Repos/VTOL/ws_sensor_combined_src/install/px4_msgs/local/lib/python3.10/dist-packages/px4_msgs/msg/_qshell_retval_s.c\n'}
[6.624329] (px4_msgs) StdoutLine: {'line': b'-- Up-to-date symlink: /home/giromi/Repos/VTOL/ws_sensor_combined_src/install/px4_msgs/local/lib/python3.10/dist-packages/px4_msgs/msg/_radio_status.py\n'}
[6.624465] (px4_msgs) StdoutLine: {'line': b'-- Up-to-date symlink: /home/giromi/Repos/VTOL/ws_sensor_combined_src/install/px4_msgs/local/lib/python3.10/dist-packages/px4_msgs/msg/_radio_status_s.c\n'}
[6.624602] (px4_msgs) StdoutLine: {'line': b'-- Up-to-date symlink: /home/giromi/Repos/VTOL/ws_sensor_combined_src/install/px4_msgs/local/lib/python3.10/dist-packages/px4_msgs/msg/_rate_ctrl_status.py\n'}
[6.624744] (px4_msgs) StdoutLine: {'line': b'-- Up-to-date symlink: /home/giromi/Repos/VTOL/ws_sensor_combined_src/install/px4_msgs/local/lib/python3.10/dist-packages/px4_msgs/msg/_rate_ctrl_status_s.c\n'}
[6.624881] (px4_msgs) StdoutLine: {'line': b'-- Up-to-date symlink: /home/giromi/Repos/VTOL/ws_sensor_combined_src/install/px4_msgs/local/lib/python3.10/dist-packages/px4_msgs/msg/_rc_channels.py\n'}
[6.625021] (px4_msgs) StdoutLine: {'line': b'-- Up-to-date symlink: /home/giromi/Repos/VTOL/ws_sensor_combined_src/install/px4_msgs/local/lib/python3.10/dist-packages/px4_msgs/msg/_rc_channels_s.c\n'}
[6.625159] (px4_msgs) StdoutLine: {'line': b'-- Up-to-date symlink: /home/giromi/Repos/VTOL/ws_sensor_combined_src/install/px4_msgs/local/lib/python3.10/dist-packages/px4_msgs/msg/_rc_parameter_map.py\n'}
[6.625296] (px4_msgs) StdoutLine: {'line': b'-- Up-to-date symlink: /home/giromi/Repos/VTOL/ws_sensor_combined_src/install/px4_msgs/local/lib/python3.10/dist-packages/px4_msgs/msg/_rc_parameter_map_s.c\n'}
[6.625435] (px4_msgs) StdoutLine: {'line': b'-- Up-to-date symlink: /home/giromi/Repos/VTOL/ws_sensor_combined_src/install/px4_msgs/local/lib/python3.10/dist-packages/px4_msgs/msg/_register_ext_component_reply.py\n'}
[6.625619] (px4_msgs) StdoutLine: {'line': b'-- Up-to-date symlink: /home/giromi/Repos/VTOL/ws_sensor_combined_src/install/px4_msgs/local/lib/python3.10/dist-packages/px4_msgs/msg/_register_ext_component_reply_s.c\n'}
[6.625789] (px4_msgs) StdoutLine: {'line': b'-- Up-to-date symlink: /home/giromi/Repos/VTOL/ws_sensor_combined_src/install/px4_msgs/local/lib/python3.10/dist-packages/px4_msgs/msg/_register_ext_component_request.py\n'}
[6.625951] (px4_msgs) StdoutLine: {'line': b'-- Up-to-date symlink: /home/giromi/Repos/VTOL/ws_sensor_combined_src/install/px4_msgs/local/lib/python3.10/dist-packages/px4_msgs/msg/_register_ext_component_request_s.c\n'}
[6.626103] (px4_msgs) StdoutLine: {'line': b'-- Up-to-date symlink: /home/giromi/Repos/VTOL/ws_sensor_combined_src/install/px4_msgs/local/lib/python3.10/dist-packages/px4_msgs/msg/_rpm.py\n'}
[6.626239] (px4_msgs) StdoutLine: {'line': b'-- Up-to-date symlink: /home/giromi/Repos/VTOL/ws_sensor_combined_src/install/px4_msgs/local/lib/python3.10/dist-packages/px4_msgs/msg/_rpm_s.c\n'}
[6.626377] (px4_msgs) StdoutLine: {'line': b'-- Up-to-date symlink: /home/giromi/Repos/VTOL/ws_sensor_combined_src/install/px4_msgs/local/lib/python3.10/dist-packages/px4_msgs/msg/_rtl_time_estimate.py\n'}
[6.626524] (px4_msgs) StdoutLine: {'line': b'-- Up-to-date symlink: /home/giromi/Repos/VTOL/ws_sensor_combined_src/install/px4_msgs/local/lib/python3.10/dist-packages/px4_msgs/msg/_rtl_time_estimate_s.c\n'}
[6.626678] (px4_msgs) StdoutLine: {'line': b'-- Up-to-date symlink: /home/giromi/Repos/VTOL/ws_sensor_combined_src/install/px4_msgs/local/lib/python3.10/dist-packages/px4_msgs/msg/_satellite_info.py\n'}
[6.626848] (px4_msgs) StdoutLine: {'line': b'-- Up-to-date symlink: /home/giromi/Repos/VTOL/ws_sensor_combined_src/install/px4_msgs/local/lib/python3.10/dist-packages/px4_msgs/msg/_satellite_info_s.c\n'}
[6.627017] (px4_msgs) StdoutLine: {'line': b'-- Up-to-date symlink: /home/giromi/Repos/VTOL/ws_sensor_combined_src/install/px4_msgs/local/lib/python3.10/dist-packages/px4_msgs/msg/_sensor_accel.py\n'}
[6.627162] (px4_msgs) StdoutLine: {'line': b'-- Up-to-date symlink: /home/giromi/Repos/VTOL/ws_sensor_combined_src/install/px4_msgs/local/lib/python3.10/dist-packages/px4_msgs/msg/_sensor_accel_fifo.py\n'}
[6.627290] (px4_msgs) StdoutLine: {'line': b'-- Up-to-date symlink: /home/giromi/Repos/VTOL/ws_sensor_combined_src/install/px4_msgs/local/lib/python3.10/dist-packages/px4_msgs/msg/_sensor_accel_fifo_s.c\n'}
[6.627424] (px4_msgs) StdoutLine: {'line': b'-- Up-to-date symlink: /home/giromi/Repos/VTOL/ws_sensor_combined_src/install/px4_msgs/local/lib/python3.10/dist-packages/px4_msgs/msg/_sensor_accel_s.c\n'}
[6.627614] (px4_msgs) StdoutLine: {'line': b'-- Up-to-date symlink: /home/giromi/Repos/VTOL/ws_sensor_combined_src/install/px4_msgs/local/lib/python3.10/dist-packages/px4_msgs/msg/_sensor_airflow.py\n'}
[6.627790] (px4_msgs) StdoutLine: {'line': b'-- Up-to-date symlink: /home/giromi/Repos/VTOL/ws_sensor_combined_src/install/px4_msgs/local/lib/python3.10/dist-packages/px4_msgs/msg/_sensor_airflow_s.c\n'}
[6.627954] (px4_msgs) StdoutLine: {'line': b'-- Up-to-date symlink: /home/giromi/Repos/VTOL/ws_sensor_combined_src/install/px4_msgs/local/lib/python3.10/dist-packages/px4_msgs/msg/_sensor_baro.py\n'}
[6.628154] (px4_msgs) StdoutLine: {'line': b'-- Up-to-date symlink: /home/giromi/Repos/VTOL/ws_sensor_combined_src/install/px4_msgs/local/lib/python3.10/dist-packages/px4_msgs/msg/_sensor_baro_s.c\n'}
[6.628321] (px4_msgs) StdoutLine: {'line': b'-- Up-to-date symlink: /home/giromi/Repos/VTOL/ws_sensor_combined_src/install/px4_msgs/local/lib/python3.10/dist-packages/px4_msgs/msg/_sensor_combined.py\n'}
[6.628485] (px4_msgs) StdoutLine: {'line': b'-- Up-to-date symlink: /home/giromi/Repos/VTOL/ws_sensor_combined_src/install/px4_msgs/local/lib/python3.10/dist-packages/px4_msgs/msg/_sensor_combined_s.c\n'}
[6.628638] (px4_msgs) StdoutLine: {'line': b'-- Up-to-date symlink: /home/giromi/Repos/VTOL/ws_sensor_combined_src/install/px4_msgs/local/lib/python3.10/dist-packages/px4_msgs/msg/_sensor_correction.py\n'}
[6.628771] (px4_msgs) StdoutLine: {'line': b'-- Up-to-date symlink: /home/giromi/Repos/VTOL/ws_sensor_combined_src/install/px4_msgs/local/lib/python3.10/dist-packages/px4_msgs/msg/_sensor_correction_s.c\n'}
[6.628904] (px4_msgs) StdoutLine: {'line': b'-- Up-to-date symlink: /home/giromi/Repos/VTOL/ws_sensor_combined_src/install/px4_msgs/local/lib/python3.10/dist-packages/px4_msgs/msg/_sensor_gnss_relative.py\n'}
[6.629038] (px4_msgs) StdoutLine: {'line': b'-- Up-to-date symlink: /home/giromi/Repos/VTOL/ws_sensor_combined_src/install/px4_msgs/local/lib/python3.10/dist-packages/px4_msgs/msg/_sensor_gnss_relative_s.c\n'}
[6.629182] (px4_msgs) StdoutLine: {'line': b'-- Up-to-date symlink: /home/giromi/Repos/VTOL/ws_sensor_combined_src/install/px4_msgs/local/lib/python3.10/dist-packages/px4_msgs/msg/_sensor_gps.py\n'}
[6.629326] (px4_msgs) StdoutLine: {'line': b'-- Up-to-date symlink: /home/giromi/Repos/VTOL/ws_sensor_combined_src/install/px4_msgs/local/lib/python3.10/dist-packages/px4_msgs/msg/_sensor_gps_s.c\n'}
[6.629464] (px4_msgs) StdoutLine: {'line': b'-- Up-to-date symlink: /home/giromi/Repos/VTOL/ws_sensor_combined_src/install/px4_msgs/local/lib/python3.10/dist-packages/px4_msgs/msg/_sensor_gyro.py\n'}
[6.629624] (px4_msgs) StdoutLine: {'line': b'-- Up-to-date symlink: /home/giromi/Repos/VTOL/ws_sensor_combined_src/install/px4_msgs/local/lib/python3.10/dist-packages/px4_msgs/msg/_sensor_gyro_fft.py\n'}
[6.629791] (px4_msgs) StdoutLine: {'line': b'-- Up-to-date symlink: /home/giromi/Repos/VTOL/ws_sensor_combined_src/install/px4_msgs/local/lib/python3.10/dist-packages/px4_msgs/msg/_sensor_gyro_fft_s.c\n'}
[6.629946] (px4_msgs) StdoutLine: {'line': b'-- Up-to-date symlink: /home/giromi/Repos/VTOL/ws_sensor_combined_src/install/px4_msgs/local/lib/python3.10/dist-packages/px4_msgs/msg/_sensor_gyro_fifo.py\n'}
[6.630090] (px4_msgs) StdoutLine: {'line': b'-- Up-to-date symlink: /home/giromi/Repos/VTOL/ws_sensor_combined_src/install/px4_msgs/local/lib/python3.10/dist-packages/px4_msgs/msg/_sensor_gyro_fifo_s.c\n'}
[6.630232] (px4_msgs) StdoutLine: {'line': b'-- Up-to-date symlink: /home/giromi/Repos/VTOL/ws_sensor_combined_src/install/px4_msgs/local/lib/python3.10/dist-packages/px4_msgs/msg/_sensor_gyro_s.c\n'}
[6.630365] (px4_msgs) StdoutLine: {'line': b'-- Up-to-date symlink: /home/giromi/Repos/VTOL/ws_sensor_combined_src/install/px4_msgs/local/lib/python3.10/dist-packages/px4_msgs/msg/_sensor_hygrometer.py\n'}
[6.630547] (px4_msgs) StdoutLine: {'line': b'-- Up-to-date symlink: /home/giromi/Repos/VTOL/ws_sensor_combined_src/install/px4_msgs/local/lib/python3.10/dist-packages/px4_msgs/msg/_sensor_hygrometer_s.c\n'}
[6.630721] (px4_msgs) StdoutLine: {'line': b'-- Up-to-date symlink: /home/giromi/Repos/VTOL/ws_sensor_combined_src/install/px4_msgs/local/lib/python3.10/dist-packages/px4_msgs/msg/_sensor_mag.py\n'}
[6.630884] (px4_msgs) StdoutLine: {'line': b'-- Up-to-date symlink: /home/giromi/Repos/VTOL/ws_sensor_combined_src/install/px4_msgs/local/lib/python3.10/dist-packages/px4_msgs/msg/_sensor_mag_s.c\n'}
[6.631052] (px4_msgs) StdoutLine: {'line': b'-- Up-to-date symlink: /home/giromi/Repos/VTOL/ws_sensor_combined_src/install/px4_msgs/local/lib/python3.10/dist-packages/px4_msgs/msg/_sensor_optical_flow.py\n'}
[6.631216] (px4_msgs) StdoutLine: {'line': b'-- Up-to-date symlink: /home/giromi/Repos/VTOL/ws_sensor_combined_src/install/px4_msgs/local/lib/python3.10/dist-packages/px4_msgs/msg/_sensor_optical_flow_s.c\n'}
[6.631378] (px4_msgs) StdoutLine: {'line': b'-- Up-to-date symlink: /home/giromi/Repos/VTOL/ws_sensor_combined_src/install/px4_msgs/local/lib/python3.10/dist-packages/px4_msgs/msg/_sensor_preflight_mag.py\n'}
[6.631541] (px4_msgs) StdoutLine: {'line': b'-- Up-to-date symlink: /home/giromi/Repos/VTOL/ws_sensor_combined_src/install/px4_msgs/local/lib/python3.10/dist-packages/px4_msgs/msg/_sensor_preflight_mag_s.c\n'}
[6.631693] (px4_msgs) StdoutLine: {'line': b'-- Up-to-date symlink: /home/giromi/Repos/VTOL/ws_sensor_combined_src/install/px4_msgs/local/lib/python3.10/dist-packages/px4_msgs/msg/_sensor_selection.py\n'}
[6.631837] (px4_msgs) StdoutLine: {'line': b'-- Up-to-date symlink: /home/giromi/Repos/VTOL/ws_sensor_combined_src/install/px4_msgs/local/lib/python3.10/dist-packages/px4_msgs/msg/_sensor_selection_s.c\n'}
[6.631971] (px4_msgs) StdoutLine: {'line': b'-- Up-to-date symlink: /home/giromi/Repos/VTOL/ws_sensor_combined_src/install/px4_msgs/local/lib/python3.10/dist-packages/px4_msgs/msg/_sensor_uwb.py\n'}
[6.632104] (px4_msgs) StdoutLine: {'line': b'-- Up-to-date symlink: /home/giromi/Repos/VTOL/ws_sensor_combined_src/install/px4_msgs/local/lib/python3.10/dist-packages/px4_msgs/msg/_sensor_uwb_s.c\n'}
[6.632237] (px4_msgs) StdoutLine: {'line': b'-- Up-to-date symlink: /home/giromi/Repos/VTOL/ws_sensor_combined_src/install/px4_msgs/local/lib/python3.10/dist-packages/px4_msgs/msg/_sensors_status.py\n'}
[6.632384] (px4_msgs) StdoutLine: {'line': b'-- Up-to-date symlink: /home/giromi/Repos/VTOL/ws_sensor_combined_src/install/px4_msgs/local/lib/python3.10/dist-packages/px4_msgs/msg/_sensors_status_imu.py\n'}
[6.632544] (px4_msgs) StdoutLine: {'line': b'-- Up-to-date symlink: /home/giromi/Repos/VTOL/ws_sensor_combined_src/install/px4_msgs/local/lib/python3.10/dist-packages/px4_msgs/msg/_sensors_status_imu_s.c\n'}
[6.632702] (px4_msgs) StdoutLine: {'line': b'-- Up-to-date symlink: /home/giromi/Repos/VTOL/ws_sensor_combined_src/install/px4_msgs/local/lib/python3.10/dist-packages/px4_msgs/msg/_sensors_status_s.c\n'}
[6.632857] (px4_msgs) StdoutLine: {'line': b'-- Up-to-date symlink: /home/giromi/Repos/VTOL/ws_sensor_combined_src/install/px4_msgs/local/lib/python3.10/dist-packages/px4_msgs/msg/_system_power.py\n'}
[6.633016] (px4_msgs) StdoutLine: {'line': b'-- Up-to-date symlink: /home/giromi/Repos/VTOL/ws_sensor_combined_src/install/px4_msgs/local/lib/python3.10/dist-packages/px4_msgs/msg/_system_power_s.c\n'}
[6.633160] (px4_msgs) StdoutLine: {'line': b'-- Up-to-date symlink: /home/giromi/Repos/VTOL/ws_sensor_combined_src/install/px4_msgs/local/lib/python3.10/dist-packages/px4_msgs/msg/_takeoff_status.py\n'}
[6.633291] (px4_msgs) StdoutLine: {'line': b'-- Up-to-date symlink: /home/giromi/Repos/VTOL/ws_sensor_combined_src/install/px4_msgs/local/lib/python3.10/dist-packages/px4_msgs/msg/_takeoff_status_s.c\n'}
[6.633482] (px4_msgs) StdoutLine: {'line': b'-- Up-to-date symlink: /home/giromi/Repos/VTOL/ws_sensor_combined_src/install/px4_msgs/local/lib/python3.10/dist-packages/px4_msgs/msg/_task_stack_info.py\n'}
[6.633621] (px4_msgs) StdoutLine: {'line': b'-- Up-to-date symlink: /home/giromi/Repos/VTOL/ws_sensor_combined_src/install/px4_msgs/local/lib/python3.10/dist-packages/px4_msgs/msg/_task_stack_info_s.c\n'}
[6.633754] (px4_msgs) StdoutLine: {'line': b'-- Up-to-date symlink: /home/giromi/Repos/VTOL/ws_sensor_combined_src/install/px4_msgs/local/lib/python3.10/dist-packages/px4_msgs/msg/_tecs_status.py\n'}
[6.633888] (px4_msgs) StdoutLine: {'line': b'-- Up-to-date symlink: /home/giromi/Repos/VTOL/ws_sensor_combined_src/install/px4_msgs/local/lib/python3.10/dist-packages/px4_msgs/msg/_tecs_status_s.c\n'}
[6.634035] (px4_msgs) StdoutLine: {'line': b'-- Up-to-date symlink: /home/giromi/Repos/VTOL/ws_sensor_combined_src/install/px4_msgs/local/lib/python3.10/dist-packages/px4_msgs/msg/_telemetry_status.py\n'}
[6.634194] (px4_msgs) StdoutLine: {'line': b'-- Up-to-date symlink: /home/giromi/Repos/VTOL/ws_sensor_combined_src/install/px4_msgs/local/lib/python3.10/dist-packages/px4_msgs/msg/_telemetry_status_s.c\n'}
[6.634338] (px4_msgs) StdoutLine: {'line': b'-- Up-to-date symlink: /home/giromi/Repos/VTOL/ws_sensor_combined_src/install/px4_msgs/local/lib/python3.10/dist-packages/px4_msgs/msg/_tiltrotor_extra_controls.py\n'}
[6.634520] (px4_msgs) StdoutLine: {'line': b'-- Up-to-date symlink: /home/giromi/Repos/VTOL/ws_sensor_combined_src/install/px4_msgs/local/lib/python3.10/dist-packages/px4_msgs/msg/_tiltrotor_extra_controls_s.c\n'}
[6.634686] (px4_msgs) StdoutLine: {'line': b'-- Up-to-date symlink: /home/giromi/Repos/VTOL/ws_sensor_combined_src/install/px4_msgs/local/lib/python3.10/dist-packages/px4_msgs/msg/_timesync_status.py\n'}
[6.634841] (px4_msgs) StdoutLine: {'line': b'-- Up-to-date symlink: /home/giromi/Repos/VTOL/ws_sensor_combined_src/install/px4_msgs/local/lib/python3.10/dist-packages/px4_msgs/msg/_timesync_status_s.c\n'}
[6.634986] (px4_msgs) StdoutLine: {'line': b'-- Up-to-date symlink: /home/giromi/Repos/VTOL/ws_sensor_combined_src/install/px4_msgs/local/lib/python3.10/dist-packages/px4_msgs/msg/_trajectory_bezier.py\n'}
[6.635116] (px4_msgs) StdoutLine: {'line': b'-- Up-to-date symlink: /home/giromi/Repos/VTOL/ws_sensor_combined_src/install/px4_msgs/local/lib/python3.10/dist-packages/px4_msgs/msg/_trajectory_bezier_s.c\n'}
[6.635261] (px4_msgs) StdoutLine: {'line': b'-- Up-to-date symlink: /home/giromi/Repos/VTOL/ws_sensor_combined_src/install/px4_msgs/local/lib/python3.10/dist-packages/px4_msgs/msg/_trajectory_setpoint.py\n'}
[6.635425] (px4_msgs) StdoutLine: {'line': b'-- Up-to-date symlink: /home/giromi/Repos/VTOL/ws_sensor_combined_src/install/px4_msgs/local/lib/python3.10/dist-packages/px4_msgs/msg/_trajectory_setpoint_s.c\n'}
[6.635567] (px4_msgs) StdoutLine: {'line': b'-- Up-to-date symlink: /home/giromi/Repos/VTOL/ws_sensor_combined_src/install/px4_msgs/local/lib/python3.10/dist-packages/px4_msgs/msg/_trajectory_waypoint.py\n'}
[6.635696] (px4_msgs) StdoutLine: {'line': b'-- Up-to-date symlink: /home/giromi/Repos/VTOL/ws_sensor_combined_src/install/px4_msgs/local/lib/python3.10/dist-packages/px4_msgs/msg/_trajectory_waypoint_s.c\n'}
[6.635841] (px4_msgs) StdoutLine: {'line': b'-- Up-to-date symlink: /home/giromi/Repos/VTOL/ws_sensor_combined_src/install/px4_msgs/local/lib/python3.10/dist-packages/px4_msgs/msg/_transponder_report.py\n'}
[6.636003] (px4_msgs) StdoutLine: {'line': b'-- Up-to-date symlink: /home/giromi/Repos/VTOL/ws_sensor_combined_src/install/px4_msgs/local/lib/python3.10/dist-packages/px4_msgs/msg/_transponder_report_s.c\n'}
[6.636166] (px4_msgs) StdoutLine: {'line': b'-- Up-to-date symlink: /home/giromi/Repos/VTOL/ws_sensor_combined_src/install/px4_msgs/local/lib/python3.10/dist-packages/px4_msgs/msg/_tune_control.py\n'}
[6.636312] (px4_msgs) StdoutLine: {'line': b'-- Up-to-date symlink: /home/giromi/Repos/VTOL/ws_sensor_combined_src/install/px4_msgs/local/lib/python3.10/dist-packages/px4_msgs/msg/_tune_control_s.c\n'}
[6.636441] (px4_msgs) StdoutLine: {'line': b'-- Up-to-date symlink: /home/giromi/Repos/VTOL/ws_sensor_combined_src/install/px4_msgs/local/lib/python3.10/dist-packages/px4_msgs/msg/_uavcan_parameter_request.py\n'}
[6.636589] (px4_msgs) StdoutLine: {'line': b'-- Up-to-date symlink: /home/giromi/Repos/VTOL/ws_sensor_combined_src/install/px4_msgs/local/lib/python3.10/dist-packages/px4_msgs/msg/_uavcan_parameter_request_s.c\n'}
[6.636750] (px4_msgs) StdoutLine: {'line': b'-- Up-to-date symlink: /home/giromi/Repos/VTOL/ws_sensor_combined_src/install/px4_msgs/local/lib/python3.10/dist-packages/px4_msgs/msg/_uavcan_parameter_value.py\n'}
[6.636894] (px4_msgs) StdoutLine: {'line': b'-- Up-to-date symlink: /home/giromi/Repos/VTOL/ws_sensor_combined_src/install/px4_msgs/local/lib/python3.10/dist-packages/px4_msgs/msg/_uavcan_parameter_value_s.c\n'}
[6.637029] (px4_msgs) StdoutLine: {'line': b'-- Up-to-date symlink: /home/giromi/Repos/VTOL/ws_sensor_combined_src/install/px4_msgs/local/lib/python3.10/dist-packages/px4_msgs/msg/_ulog_stream.py\n'}
[6.637174] (px4_msgs) StdoutLine: {'line': b'-- Up-to-date symlink: /home/giromi/Repos/VTOL/ws_sensor_combined_src/install/px4_msgs/local/lib/python3.10/dist-packages/px4_msgs/msg/_ulog_stream_ack.py\n'}
[6.637332] (px4_msgs) StdoutLine: {'line': b'-- Up-to-date symlink: /home/giromi/Repos/VTOL/ws_sensor_combined_src/install/px4_msgs/local/lib/python3.10/dist-packages/px4_msgs/msg/_ulog_stream_ack_s.c\n'}
[6.637490] (px4_msgs) StdoutLine: {'line': b'-- Up-to-date symlink: /home/giromi/Repos/VTOL/ws_sensor_combined_src/install/px4_msgs/local/lib/python3.10/dist-packages/px4_msgs/msg/_ulog_stream_s.c\n'}
[6.637637] (px4_msgs) StdoutLine: {'line': b'-- Up-to-date symlink: /home/giromi/Repos/VTOL/ws_sensor_combined_src/install/px4_msgs/local/lib/python3.10/dist-packages/px4_msgs/msg/_unregister_ext_component.py\n'}
[6.637768] (px4_msgs) StdoutLine: {'line': b'-- Up-to-date symlink: /home/giromi/Repos/VTOL/ws_sensor_combined_src/install/px4_msgs/local/lib/python3.10/dist-packages/px4_msgs/msg/_unregister_ext_component_s.c\n'}
[6.637915] (px4_msgs) StdoutLine: {'line': b'-- Up-to-date symlink: /home/giromi/Repos/VTOL/ws_sensor_combined_src/install/px4_msgs/local/lib/python3.10/dist-packages/px4_msgs/msg/_vehicle_acceleration.py\n'}
[6.638077] (px4_msgs) StdoutLine: {'line': b'-- Up-to-date symlink: /home/giromi/Repos/VTOL/ws_sensor_combined_src/install/px4_msgs/local/lib/python3.10/dist-packages/px4_msgs/msg/_vehicle_acceleration_s.c\n'}
[6.638221] (px4_msgs) StdoutLine: {'line': b'-- Up-to-date symlink: /home/giromi/Repos/VTOL/ws_sensor_combined_src/install/px4_msgs/local/lib/python3.10/dist-packages/px4_msgs/msg/_vehicle_air_data.py\n'}
[6.638353] (px4_msgs) StdoutLine: {'line': b'-- Up-to-date symlink: /home/giromi/Repos/VTOL/ws_sensor_combined_src/install/px4_msgs/local/lib/python3.10/dist-packages/px4_msgs/msg/_vehicle_air_data_s.c\n'}
[6.638535] (px4_msgs) StdoutLine: {'line': b'-- Up-to-date symlink: /home/giromi/Repos/VTOL/ws_sensor_combined_src/install/px4_msgs/local/lib/python3.10/dist-packages/px4_msgs/msg/_vehicle_angular_acceleration_setpoint.py\n'}
[6.638697] (px4_msgs) StdoutLine: {'line': b'-- Up-to-date symlink: /home/giromi/Repos/VTOL/ws_sensor_combined_src/install/px4_msgs/local/lib/python3.10/dist-packages/px4_msgs/msg/_vehicle_angular_acceleration_setpoint_s.c\n'}
[6.638859] (px4_msgs) StdoutLine: {'line': b'-- Up-to-date symlink: /home/giromi/Repos/VTOL/ws_sensor_combined_src/install/px4_msgs/local/lib/python3.10/dist-packages/px4_msgs/msg/_vehicle_angular_velocity.py\n'}
[6.639022] (px4_msgs) StdoutLine: {'line': b'-- Up-to-date symlink: /home/giromi/Repos/VTOL/ws_sensor_combined_src/install/px4_msgs/local/lib/python3.10/dist-packages/px4_msgs/msg/_vehicle_angular_velocity_s.c\n'}
[6.639182] (px4_msgs) StdoutLine: {'line': b'-- Up-to-date symlink: /home/giromi/Repos/VTOL/ws_sensor_combined_src/install/px4_msgs/local/lib/python3.10/dist-packages/px4_msgs/msg/_vehicle_attitude.py\n'}
[6.639363] (px4_msgs) StdoutLine: {'line': b'-- Up-to-date symlink: /home/giromi/Repos/VTOL/ws_sensor_combined_src/install/px4_msgs/local/lib/python3.10/dist-packages/px4_msgs/msg/_vehicle_attitude_s.c\n'}
[6.639532] (px4_msgs) StdoutLine: {'line': b'-- Up-to-date symlink: /home/giromi/Repos/VTOL/ws_sensor_combined_src/install/px4_msgs/local/lib/python3.10/dist-packages/px4_msgs/msg/_vehicle_attitude_setpoint.py\n'}
[6.639693] (px4_msgs) StdoutLine: {'line': b'-- Up-to-date symlink: /home/giromi/Repos/VTOL/ws_sensor_combined_src/install/px4_msgs/local/lib/python3.10/dist-packages/px4_msgs/msg/_vehicle_attitude_setpoint_s.c\n'}
[6.639878] (px4_msgs) StdoutLine: {'line': b'-- Up-to-date symlink: /home/giromi/Repos/VTOL/ws_sensor_combined_src/install/px4_msgs/local/lib/python3.10/dist-packages/px4_msgs/msg/_vehicle_command.py\n'}
[6.640041] (px4_msgs) StdoutLine: {'line': b'-- Up-to-date symlink: /home/giromi/Repos/VTOL/ws_sensor_combined_src/install/px4_msgs/local/lib/python3.10/dist-packages/px4_msgs/msg/_vehicle_command_ack.py\n'}
[6.640184] (px4_msgs) StdoutLine: {'line': b'-- Up-to-date symlink: /home/giromi/Repos/VTOL/ws_sensor_combined_src/install/px4_msgs/local/lib/python3.10/dist-packages/px4_msgs/msg/_vehicle_command_ack_s.c\n'}
[6.640291] (px4_msgs) StdoutLine: {'line': b'-- Up-to-date symlink: /home/giromi/Repos/VTOL/ws_sensor_combined_src/install/px4_msgs/local/lib/python3.10/dist-packages/px4_msgs/msg/_vehicle_command_s.c\n'}
[6.640484] (px4_msgs) StdoutLine: {'line': b'-- Up-to-date symlink: /home/giromi/Repos/VTOL/ws_sensor_combined_src/install/px4_msgs/local/lib/python3.10/dist-packages/px4_msgs/msg/_vehicle_constraints.py\n'}
[6.640665] (px4_msgs) StdoutLine: {'line': b'-- Up-to-date symlink: /home/giromi/Repos/VTOL/ws_sensor_combined_src/install/px4_msgs/local/lib/python3.10/dist-packages/px4_msgs/msg/_vehicle_constraints_s.c\n'}
[6.640817] (px4_msgs) StdoutLine: {'line': b'-- Up-to-date symlink: /home/giromi/Repos/VTOL/ws_sensor_combined_src/install/px4_msgs/local/lib/python3.10/dist-packages/px4_msgs/msg/_vehicle_control_mode.py\n'}
[6.640951] (px4_msgs) StdoutLine: {'line': b'-- Up-to-date symlink: /home/giromi/Repos/VTOL/ws_sensor_combined_src/install/px4_msgs/local/lib/python3.10/dist-packages/px4_msgs/msg/_vehicle_control_mode_s.c\n'}
[6.641080] (px4_msgs) StdoutLine: {'line': b'-- Up-to-date symlink: /home/giromi/Repos/VTOL/ws_sensor_combined_src/install/px4_msgs/local/lib/python3.10/dist-packages/px4_msgs/msg/_vehicle_global_position.py\n'}
[6.641210] (px4_msgs) StdoutLine: {'line': b'-- Up-to-date symlink: /home/giromi/Repos/VTOL/ws_sensor_combined_src/install/px4_msgs/local/lib/python3.10/dist-packages/px4_msgs/msg/_vehicle_global_position_s.c\n'}
[6.641337] (px4_msgs) StdoutLine: {'line': b'-- Up-to-date symlink: /home/giromi/Repos/VTOL/ws_sensor_combined_src/install/px4_msgs/local/lib/python3.10/dist-packages/px4_msgs/msg/_vehicle_imu.py\n'}
[6.641472] (px4_msgs) StdoutLine: {'line': b'-- Up-to-date symlink: /home/giromi/Repos/VTOL/ws_sensor_combined_src/install/px4_msgs/local/lib/python3.10/dist-packages/px4_msgs/msg/_vehicle_imu_s.c\n'}
[6.641618] (px4_msgs) StdoutLine: {'line': b'-- Up-to-date symlink: /home/giromi/Repos/VTOL/ws_sensor_combined_src/install/px4_msgs/local/lib/python3.10/dist-packages/px4_msgs/msg/_vehicle_imu_status.py\n'}
[6.641762] (px4_msgs) StdoutLine: {'line': b'-- Up-to-date symlink: /home/giromi/Repos/VTOL/ws_sensor_combined_src/install/px4_msgs/local/lib/python3.10/dist-packages/px4_msgs/msg/_vehicle_imu_status_s.c\n'}
[6.641895] (px4_msgs) StdoutLine: {'line': b'-- Up-to-date symlink: /home/giromi/Repos/VTOL/ws_sensor_combined_src/install/px4_msgs/local/lib/python3.10/dist-packages/px4_msgs/msg/_vehicle_land_detected.py\n'}
[6.642040] (px4_msgs) StdoutLine: {'line': b'-- Up-to-date symlink: /home/giromi/Repos/VTOL/ws_sensor_combined_src/install/px4_msgs/local/lib/python3.10/dist-packages/px4_msgs/msg/_vehicle_land_detected_s.c\n'}
[6.642174] (px4_msgs) StdoutLine: {'line': b'-- Up-to-date symlink: /home/giromi/Repos/VTOL/ws_sensor_combined_src/install/px4_msgs/local/lib/python3.10/dist-packages/px4_msgs/msg/_vehicle_local_position.py\n'}
[6.642309] (px4_msgs) StdoutLine: {'line': b'-- Up-to-date symlink: /home/giromi/Repos/VTOL/ws_sensor_combined_src/install/px4_msgs/local/lib/python3.10/dist-packages/px4_msgs/msg/_vehicle_local_position_s.c\n'}
[6.642443] (px4_msgs) StdoutLine: {'line': b'-- Up-to-date symlink: /home/giromi/Repos/VTOL/ws_sensor_combined_src/install/px4_msgs/local/lib/python3.10/dist-packages/px4_msgs/msg/_vehicle_local_position_setpoint.py\n'}
[6.642601] (px4_msgs) StdoutLine: {'line': b'-- Up-to-date symlink: /home/giromi/Repos/VTOL/ws_sensor_combined_src/install/px4_msgs/local/lib/python3.10/dist-packages/px4_msgs/msg/_vehicle_local_position_setpoint_s.c\n'}
[6.642736] (px4_msgs) StdoutLine: {'line': b'-- Up-to-date symlink: /home/giromi/Repos/VTOL/ws_sensor_combined_src/install/px4_msgs/local/lib/python3.10/dist-packages/px4_msgs/msg/_vehicle_magnetometer.py\n'}
[6.642872] (px4_msgs) StdoutLine: {'line': b'-- Up-to-date symlink: /home/giromi/Repos/VTOL/ws_sensor_combined_src/install/px4_msgs/local/lib/python3.10/dist-packages/px4_msgs/msg/_vehicle_magnetometer_s.c\n'}
[6.643027] (px4_msgs) StdoutLine: {'line': b'-- Up-to-date symlink: /home/giromi/Repos/VTOL/ws_sensor_combined_src/install/px4_msgs/local/lib/python3.10/dist-packages/px4_msgs/msg/_vehicle_odometry.py\n'}
[6.643214] (px4_msgs) StdoutLine: {'line': b'-- Up-to-date symlink: /home/giromi/Repos/VTOL/ws_sensor_combined_src/install/px4_msgs/local/lib/python3.10/dist-packages/px4_msgs/msg/_vehicle_odometry_s.c\n'}
[6.643375] (px4_msgs) StdoutLine: {'line': b'-- Up-to-date symlink: /home/giromi/Repos/VTOL/ws_sensor_combined_src/install/px4_msgs/local/lib/python3.10/dist-packages/px4_msgs/msg/_vehicle_optical_flow.py\n'}
[6.643543] (px4_msgs) StdoutLine: {'line': b'-- Up-to-date symlink: /home/giromi/Repos/VTOL/ws_sensor_combined_src/install/px4_msgs/local/lib/python3.10/dist-packages/px4_msgs/msg/_vehicle_optical_flow_s.c\n'}
[6.643705] (px4_msgs) StdoutLine: {'line': b'-- Up-to-date symlink: /home/giromi/Repos/VTOL/ws_sensor_combined_src/install/px4_msgs/local/lib/python3.10/dist-packages/px4_msgs/msg/_vehicle_optical_flow_vel.py\n'}
[6.643866] (px4_msgs) StdoutLine: {'line': b'-- Up-to-date symlink: /home/giromi/Repos/VTOL/ws_sensor_combined_src/install/px4_msgs/local/lib/python3.10/dist-packages/px4_msgs/msg/_vehicle_optical_flow_vel_s.c\n'}
[6.644056] (px4_msgs) StdoutLine: {'line': b'-- Up-to-date symlink: /home/giromi/Repos/VTOL/ws_sensor_combined_src/install/px4_msgs/local/lib/python3.10/dist-packages/px4_msgs/msg/_vehicle_rates_setpoint.py\n'}
[6.644219] (px4_msgs) StdoutLine: {'line': b'-- Up-to-date symlink: /home/giromi/Repos/VTOL/ws_sensor_combined_src/install/px4_msgs/local/lib/python3.10/dist-packages/px4_msgs/msg/_vehicle_rates_setpoint_s.c\n'}
[6.644369] (px4_msgs) StdoutLine: {'line': b'-- Up-to-date symlink: /home/giromi/Repos/VTOL/ws_sensor_combined_src/install/px4_msgs/local/lib/python3.10/dist-packages/px4_msgs/msg/_vehicle_roi.py\n'}
[6.644507] (px4_msgs) StdoutLine: {'line': b'-- Up-to-date symlink: /home/giromi/Repos/VTOL/ws_sensor_combined_src/install/px4_msgs/local/lib/python3.10/dist-packages/px4_msgs/msg/_vehicle_roi_s.c\n'}
[6.644644] (px4_msgs) StdoutLine: {'line': b'-- Up-to-date symlink: /home/giromi/Repos/VTOL/ws_sensor_combined_src/install/px4_msgs/local/lib/python3.10/dist-packages/px4_msgs/msg/_vehicle_status.py\n'}
[6.644792] (px4_msgs) StdoutLine: {'line': b'-- Up-to-date symlink: /home/giromi/Repos/VTOL/ws_sensor_combined_src/install/px4_msgs/local/lib/python3.10/dist-packages/px4_msgs/msg/_vehicle_status_s.c\n'}
[6.644939] (px4_msgs) StdoutLine: {'line': b'-- Up-to-date symlink: /home/giromi/Repos/VTOL/ws_sensor_combined_src/install/px4_msgs/local/lib/python3.10/dist-packages/px4_msgs/msg/_vehicle_thrust_setpoint.py\n'}
[6.645074] (px4_msgs) StdoutLine: {'line': b'-- Up-to-date symlink: /home/giromi/Repos/VTOL/ws_sensor_combined_src/install/px4_msgs/local/lib/python3.10/dist-packages/px4_msgs/msg/_vehicle_thrust_setpoint_s.c\n'}
[6.645211] (px4_msgs) StdoutLine: {'line': b'-- Up-to-date symlink: /home/giromi/Repos/VTOL/ws_sensor_combined_src/install/px4_msgs/local/lib/python3.10/dist-packages/px4_msgs/msg/_vehicle_torque_setpoint.py\n'}
[6.645350] (px4_msgs) StdoutLine: {'line': b'-- Up-to-date symlink: /home/giromi/Repos/VTOL/ws_sensor_combined_src/install/px4_msgs/local/lib/python3.10/dist-packages/px4_msgs/msg/_vehicle_torque_setpoint_s.c\n'}
[6.645488] (px4_msgs) StdoutLine: {'line': b'-- Up-to-date symlink: /home/giromi/Repos/VTOL/ws_sensor_combined_src/install/px4_msgs/local/lib/python3.10/dist-packages/px4_msgs/msg/_vehicle_trajectory_bezier.py\n'}
[6.645627] (px4_msgs) StdoutLine: {'line': b'-- Up-to-date symlink: /home/giromi/Repos/VTOL/ws_sensor_combined_src/install/px4_msgs/local/lib/python3.10/dist-packages/px4_msgs/msg/_vehicle_trajectory_bezier_s.c\n'}
[6.645776] (px4_msgs) StdoutLine: {'line': b'-- Up-to-date symlink: /home/giromi/Repos/VTOL/ws_sensor_combined_src/install/px4_msgs/local/lib/python3.10/dist-packages/px4_msgs/msg/_vehicle_trajectory_waypoint.py\n'}
[6.645908] (px4_msgs) StdoutLine: {'line': b'-- Up-to-date symlink: /home/giromi/Repos/VTOL/ws_sensor_combined_src/install/px4_msgs/local/lib/python3.10/dist-packages/px4_msgs/msg/_vehicle_trajectory_waypoint_s.c\n'}
[6.646044] (px4_msgs) StdoutLine: {'line': b'-- Up-to-date symlink: /home/giromi/Repos/VTOL/ws_sensor_combined_src/install/px4_msgs/local/lib/python3.10/dist-packages/px4_msgs/msg/_velocity_limits.py\n'}
[6.646194] (px4_msgs) StdoutLine: {'line': b'-- Up-to-date symlink: /home/giromi/Repos/VTOL/ws_sensor_combined_src/install/px4_msgs/local/lib/python3.10/dist-packages/px4_msgs/msg/_velocity_limits_s.c\n'}
[6.646349] (px4_msgs) StdoutLine: {'line': b'-- Up-to-date symlink: /home/giromi/Repos/VTOL/ws_sensor_combined_src/install/px4_msgs/local/lib/python3.10/dist-packages/px4_msgs/msg/_vtol_vehicle_status.py\n'}
[6.646552] (px4_msgs) StdoutLine: {'line': b'-- Up-to-date symlink: /home/giromi/Repos/VTOL/ws_sensor_combined_src/install/px4_msgs/local/lib/python3.10/dist-packages/px4_msgs/msg/_vtol_vehicle_status_s.c\n'}
[6.646705] (px4_msgs) StdoutLine: {'line': b'-- Up-to-date symlink: /home/giromi/Repos/VTOL/ws_sensor_combined_src/install/px4_msgs/local/lib/python3.10/dist-packages/px4_msgs/msg/_wheel_encoders.py\n'}
[6.646839] (px4_msgs) StdoutLine: {'line': b'-- Up-to-date symlink: /home/giromi/Repos/VTOL/ws_sensor_combined_src/install/px4_msgs/local/lib/python3.10/dist-packages/px4_msgs/msg/_wheel_encoders_s.c\n'}
[6.646979] (px4_msgs) StdoutLine: {'line': b'-- Up-to-date symlink: /home/giromi/Repos/VTOL/ws_sensor_combined_src/install/px4_msgs/local/lib/python3.10/dist-packages/px4_msgs/msg/_wind.py\n'}
[6.647255] (px4_msgs) StdoutLine: {'line': b'-- Up-to-date symlink: /home/giromi/Repos/VTOL/ws_sensor_combined_src/install/px4_msgs/local/lib/python3.10/dist-packages/px4_msgs/msg/_wind_s.c\n'}
[6.647418] (px4_msgs) StdoutLine: {'line': b'-- Up-to-date symlink: /home/giromi/Repos/VTOL/ws_sensor_combined_src/install/px4_msgs/local/lib/python3.10/dist-packages/px4_msgs/msg/_yaw_estimator_status.py\n'}
[6.647586] (px4_msgs) StdoutLine: {'line': b'-- Up-to-date symlink: /home/giromi/Repos/VTOL/ws_sensor_combined_src/install/px4_msgs/local/lib/python3.10/dist-packages/px4_msgs/msg/_yaw_estimator_status_s.c\n'}
[6.647755] (px4_msgs) StdoutLine: {'line': b'-- Up-to-date symlink: /home/giromi/Repos/VTOL/ws_sensor_combined_src/install/px4_msgs/local/lib/python3.10/dist-packages/px4_msgs/px4_msgs_s__rosidl_typesupport_c.cpython-310-x86_64-linux-gnu.so\n'}
[6.647912] (px4_msgs) StdoutLine: {'line': b'-- Up-to-date symlink: /home/giromi/Repos/VTOL/ws_sensor_combined_src/install/px4_msgs/local/lib/python3.10/dist-packages/px4_msgs/px4_msgs_s__rosidl_typesupport_fastrtps_c.cpython-310-x86_64-linux-gnu.so\n'}
[6.648079] (px4_msgs) StdoutLine: {'line': b'-- Up-to-date symlink: /home/giromi/Repos/VTOL/ws_sensor_combined_src/install/px4_msgs/local/lib/python3.10/dist-packages/px4_msgs/px4_msgs_s__rosidl_typesupport_introspection_c.cpython-310-x86_64-linux-gnu.so\n'}
[6.648248] (px4_msgs) StdoutLine: {'line': b'-- Up-to-date symlink: /home/giromi/Repos/VTOL/ws_sensor_combined_src/install/px4_msgs/local/lib/python3.10/dist-packages/px4_msgs/srv/__init__.py\n'}
[6.648395] (px4_msgs) StdoutLine: {'line': b'-- Up-to-date symlink: /home/giromi/Repos/VTOL/ws_sensor_combined_src/install/px4_msgs/local/lib/python3.10/dist-packages/px4_msgs/srv/_vehicle_command.py\n'}
[6.648534] (px4_msgs) StdoutLine: {'line': b'-- Up-to-date symlink: /home/giromi/Repos/VTOL/ws_sensor_combined_src/install/px4_msgs/local/lib/python3.10/dist-packages/px4_msgs/srv/_vehicle_command_s.c\n'}
[6.648858] (px4_msgs) StdoutLine: {'line': b'-- Up-to-date symlink: /home/giromi/Repos/VTOL/ws_sensor_combined_src/install/px4_msgs/local/lib/python3.10/dist-packages/px4_msgs/px4_msgs_s__rosidl_typesupport_fastrtps_c.cpython-310-x86_64-linux-gnu.so\n'}
[6.649148] (px4_msgs) StdoutLine: {'line': b'-- Up-to-date symlink: /home/giromi/Repos/VTOL/ws_sensor_combined_src/install/px4_msgs/local/lib/python3.10/dist-packages/px4_msgs/px4_msgs_s__rosidl_typesupport_introspection_c.cpython-310-x86_64-linux-gnu.so\n'}
[6.649490] (px4_msgs) StdoutLine: {'line': b'-- Up-to-date symlink: /home/giromi/Repos/VTOL/ws_sensor_combined_src/install/px4_msgs/local/lib/python3.10/dist-packages/px4_msgs/px4_msgs_s__rosidl_typesupport_c.cpython-310-x86_64-linux-gnu.so\n'}
[6.676630] (px4_msgs) StdoutLine: {'line': b'-- Up-to-date symlink: /home/giromi/Repos/VTOL/ws_sensor_combined_src/install/px4_msgs/share/px4_msgs/msg/ActionRequest.idl\n'}
[6.677025] (px4_msgs) StdoutLine: {'line': b'-- Up-to-date symlink: /home/giromi/Repos/VTOL/ws_sensor_combined_src/install/px4_msgs/share/px4_msgs/msg/ActuatorArmed.idl\n'}
[6.677374] (px4_msgs) StdoutLine: {'line': b'-- Up-to-date symlink: /home/giromi/Repos/VTOL/ws_sensor_combined_src/install/px4_msgs/share/px4_msgs/msg/ActuatorControlsStatus.idl\n'}
[6.677659] (px4_msgs) StdoutLine: {'line': b'-- Up-to-date symlink: /home/giromi/Repos/VTOL/ws_sensor_combined_src/install/px4_msgs/share/px4_msgs/msg/ActuatorMotors.idl\n'}
[6.677945] (px4_msgs) StdoutLine: {'line': b'-- Up-to-date symlink: /home/giromi/Repos/VTOL/ws_sensor_combined_src/install/px4_msgs/share/px4_msgs/msg/ActuatorOutputs.idl\n'}
[6.678213] (px4_msgs) StdoutLine: {'line': b'-- Up-to-date symlink: /home/giromi/Repos/VTOL/ws_sensor_combined_src/install/px4_msgs/share/px4_msgs/msg/ActuatorServos.idl\n'}
[6.678518] (px4_msgs) StdoutLine: {'line': b'-- Up-to-date symlink: /home/giromi/Repos/VTOL/ws_sensor_combined_src/install/px4_msgs/share/px4_msgs/msg/ActuatorServosTrim.idl\n'}
[6.678853] (px4_msgs) StdoutLine: {'line': b'-- Up-to-date symlink: /home/giromi/Repos/VTOL/ws_sensor_combined_src/install/px4_msgs/share/px4_msgs/msg/ActuatorTest.idl\n'}
[6.679140] (px4_msgs) StdoutLine: {'line': b'-- Up-to-date symlink: /home/giromi/Repos/VTOL/ws_sensor_combined_src/install/px4_msgs/share/px4_msgs/msg/AdcReport.idl\n'}
[6.679406] (px4_msgs) StdoutLine: {'line': b'-- Up-to-date symlink: /home/giromi/Repos/VTOL/ws_sensor_combined_src/install/px4_msgs/share/px4_msgs/msg/Airspeed.idl\n'}
[6.679681] (px4_msgs) StdoutLine: {'line': b'-- Up-to-date symlink: /home/giromi/Repos/VTOL/ws_sensor_combined_src/install/px4_msgs/share/px4_msgs/msg/AirspeedValidated.idl\n'}
[6.679956] (px4_msgs) StdoutLine: {'line': b'-- Up-to-date symlink: /home/giromi/Repos/VTOL/ws_sensor_combined_src/install/px4_msgs/share/px4_msgs/msg/AirspeedWind.idl\n'}
[6.680252] (px4_msgs) StdoutLine: {'line': b'-- Up-to-date symlink: /home/giromi/Repos/VTOL/ws_sensor_combined_src/install/px4_msgs/share/px4_msgs/msg/ArmingCheckReply.idl\n'}
[6.680523] (px4_msgs) StdoutLine: {'line': b'-- Up-to-date symlink: /home/giromi/Repos/VTOL/ws_sensor_combined_src/install/px4_msgs/share/px4_msgs/msg/ArmingCheckRequest.idl\n'}
[6.680775] (px4_msgs) StdoutLine: {'line': b'-- Up-to-date symlink: /home/giromi/Repos/VTOL/ws_sensor_combined_src/install/px4_msgs/share/px4_msgs/msg/AutotuneAttitudeControlStatus.idl\n'}
[6.681087] (px4_msgs) StdoutLine: {'line': b'-- Up-to-date symlink: /home/giromi/Repos/VTOL/ws_sensor_combined_src/install/px4_msgs/share/px4_msgs/msg/BatteryStatus.idl\n'}
[6.681367] (px4_msgs) StdoutLine: {'line': b'-- Up-to-date symlink: /home/giromi/Repos/VTOL/ws_sensor_combined_src/install/px4_msgs/share/px4_msgs/msg/Buffer128.idl\n'}
[6.681734] (px4_msgs) StdoutLine: {'line': b'-- Up-to-date symlink: /home/giromi/Repos/VTOL/ws_sensor_combined_src/install/px4_msgs/share/px4_msgs/msg/ButtonEvent.idl\n'}
[6.682042] (px4_msgs) StdoutLine: {'line': b'-- Up-to-date symlink: /home/giromi/Repos/VTOL/ws_sensor_combined_src/install/px4_msgs/share/px4_msgs/msg/CameraCapture.idl\n'}
[6.682347] (px4_msgs) StdoutLine: {'line': b'-- Up-to-date symlink: /home/giromi/Repos/VTOL/ws_sensor_combined_src/install/px4_msgs/share/px4_msgs/msg/CameraStatus.idl\n'}
[6.682665] (px4_msgs) StdoutLine: {'line': b'-- Up-to-date symlink: /home/giromi/Repos/VTOL/ws_sensor_combined_src/install/px4_msgs/share/px4_msgs/msg/CameraTrigger.idl\n'}
[6.682968] (px4_msgs) StdoutLine: {'line': b'-- Up-to-date symlink: /home/giromi/Repos/VTOL/ws_sensor_combined_src/install/px4_msgs/share/px4_msgs/msg/CellularStatus.idl\n'}
[6.683260] (px4_msgs) StdoutLine: {'line': b'-- Up-to-date symlink: /home/giromi/Repos/VTOL/ws_sensor_combined_src/install/px4_msgs/share/px4_msgs/msg/CollisionConstraints.idl\n'}
[6.683577] (px4_msgs) StdoutLine: {'line': b'-- Up-to-date symlink: /home/giromi/Repos/VTOL/ws_sensor_combined_src/install/px4_msgs/share/px4_msgs/msg/CollisionReport.idl\n'}
[6.683873] (px4_msgs) StdoutLine: {'line': b'-- Up-to-date symlink: /home/giromi/Repos/VTOL/ws_sensor_combined_src/install/px4_msgs/share/px4_msgs/msg/ConfigOverrides.idl\n'}
[6.684169] (px4_msgs) StdoutLine: {'line': b'-- Up-to-date symlink: /home/giromi/Repos/VTOL/ws_sensor_combined_src/install/px4_msgs/share/px4_msgs/msg/ControlAllocatorStatus.idl\n'}
[6.684457] (px4_msgs) StdoutLine: {'line': b'-- Up-to-date symlink: /home/giromi/Repos/VTOL/ws_sensor_combined_src/install/px4_msgs/share/px4_msgs/msg/Cpuload.idl\n'}
[6.684772] (px4_msgs) StdoutLine: {'line': b'-- Up-to-date symlink: /home/giromi/Repos/VTOL/ws_sensor_combined_src/install/px4_msgs/share/px4_msgs/msg/DatamanRequest.idl\n'}
[6.685095] (px4_msgs) StdoutLine: {'line': b'-- Up-to-date symlink: /home/giromi/Repos/VTOL/ws_sensor_combined_src/install/px4_msgs/share/px4_msgs/msg/DatamanResponse.idl\n'}
[6.685417] (px4_msgs) StdoutLine: {'line': b'-- Up-to-date symlink: /home/giromi/Repos/VTOL/ws_sensor_combined_src/install/px4_msgs/share/px4_msgs/msg/DebugArray.idl\n'}
[6.685710] (px4_msgs) StdoutLine: {'line': b'-- Up-to-date symlink: /home/giromi/Repos/VTOL/ws_sensor_combined_src/install/px4_msgs/share/px4_msgs/msg/DebugKeyValue.idl\n'}
[6.686099] (px4_msgs) StdoutLine: {'line': b'-- Up-to-date symlink: /home/giromi/Repos/VTOL/ws_sensor_combined_src/install/px4_msgs/share/px4_msgs/msg/DebugValue.idl\n'}
[6.686504] (px4_msgs) StdoutLine: {'line': b'-- Up-to-date symlink: /home/giromi/Repos/VTOL/ws_sensor_combined_src/install/px4_msgs/share/px4_msgs/msg/DebugVect.idl\n'}
[6.686857] (px4_msgs) StdoutLine: {'line': b'-- Up-to-date symlink: /home/giromi/Repos/VTOL/ws_sensor_combined_src/install/px4_msgs/share/px4_msgs/msg/DifferentialDriveSetpoint.idl\n'}
[6.687201] (px4_msgs) StdoutLine: {'line': b'-- Up-to-date symlink: /home/giromi/Repos/VTOL/ws_sensor_combined_src/install/px4_msgs/share/px4_msgs/msg/DifferentialPressure.idl\n'}
[6.687488] (px4_msgs) StdoutLine: {'line': b'-- Up-to-date symlink: /home/giromi/Repos/VTOL/ws_sensor_combined_src/install/px4_msgs/share/px4_msgs/msg/DistanceSensor.idl\n'}
[6.687802] (px4_msgs) StdoutLine: {'line': b'-- Up-to-date symlink: /home/giromi/Repos/VTOL/ws_sensor_combined_src/install/px4_msgs/share/px4_msgs/msg/Ekf2Timestamps.idl\n'}
[6.688126] (px4_msgs) StdoutLine: {'line': b'-- Up-to-date symlink: /home/giromi/Repos/VTOL/ws_sensor_combined_src/install/px4_msgs/share/px4_msgs/msg/EscReport.idl\n'}
[6.688450] (px4_msgs) StdoutLine: {'line': b'-- Up-to-date symlink: /home/giromi/Repos/VTOL/ws_sensor_combined_src/install/px4_msgs/share/px4_msgs/msg/EscStatus.idl\n'}
[6.688755] (px4_msgs) StdoutLine: {'line': b'-- Up-to-date symlink: /home/giromi/Repos/VTOL/ws_sensor_combined_src/install/px4_msgs/share/px4_msgs/msg/EstimatorAidSource1d.idl\n'}
[6.689076] (px4_msgs) StdoutLine: {'line': b'-- Up-to-date symlink: /home/giromi/Repos/VTOL/ws_sensor_combined_src/install/px4_msgs/share/px4_msgs/msg/EstimatorAidSource2d.idl\n'}
[6.689367] (px4_msgs) StdoutLine: {'line': b'-- Up-to-date symlink: /home/giromi/Repos/VTOL/ws_sensor_combined_src/install/px4_msgs/share/px4_msgs/msg/EstimatorAidSource3d.idl\n'}
[6.689681] (px4_msgs) StdoutLine: {'line': b'-- Up-to-date symlink: /home/giromi/Repos/VTOL/ws_sensor_combined_src/install/px4_msgs/share/px4_msgs/msg/EstimatorBias.idl\n'}
[6.689999] (px4_msgs) StdoutLine: {'line': b'-- Up-to-date symlink: /home/giromi/Repos/VTOL/ws_sensor_combined_src/install/px4_msgs/share/px4_msgs/msg/EstimatorBias3d.idl\n'}
[6.690318] (px4_msgs) StdoutLine: {'line': b'-- Up-to-date symlink: /home/giromi/Repos/VTOL/ws_sensor_combined_src/install/px4_msgs/share/px4_msgs/msg/EstimatorEventFlags.idl\n'}
[6.690668] (px4_msgs) StdoutLine: {'line': b'-- Up-to-date symlink: /home/giromi/Repos/VTOL/ws_sensor_combined_src/install/px4_msgs/share/px4_msgs/msg/EstimatorGpsStatus.idl\n'}
[6.690986] (px4_msgs) StdoutLine: {'line': b'-- Up-to-date symlink: /home/giromi/Repos/VTOL/ws_sensor_combined_src/install/px4_msgs/share/px4_msgs/msg/EstimatorInnovations.idl\n'}
[6.691246] (px4_msgs) StdoutLine: {'line': b'-- Up-to-date symlink: /home/giromi/Repos/VTOL/ws_sensor_combined_src/install/px4_msgs/share/px4_msgs/msg/EstimatorSelectorStatus.idl\n'}
[6.691622] (px4_msgs) StdoutLine: {'line': b'-- Up-to-date symlink: /home/giromi/Repos/VTOL/ws_sensor_combined_src/install/px4_msgs/share/px4_msgs/msg/EstimatorSensorBias.idl\n'}
[6.691926] (px4_msgs) StdoutLine: {'line': b'-- Up-to-date symlink: /home/giromi/Repos/VTOL/ws_sensor_combined_src/install/px4_msgs/share/px4_msgs/msg/EstimatorStates.idl\n'}
[6.692212] (px4_msgs) StdoutLine: {'line': b'-- Up-to-date symlink: /home/giromi/Repos/VTOL/ws_sensor_combined_src/install/px4_msgs/share/px4_msgs/msg/EstimatorStatus.idl\n'}
[6.692575] (px4_msgs) StdoutLine: {'line': b'-- Up-to-date symlink: /home/giromi/Repos/VTOL/ws_sensor_combined_src/install/px4_msgs/share/px4_msgs/msg/EstimatorStatusFlags.idl\n'}
[6.692892] (px4_msgs) StdoutLine: {'line': b'-- Up-to-date symlink: /home/giromi/Repos/VTOL/ws_sensor_combined_src/install/px4_msgs/share/px4_msgs/msg/Event.idl\n'}
[6.693200] (px4_msgs) StdoutLine: {'line': b'-- Up-to-date symlink: /home/giromi/Repos/VTOL/ws_sensor_combined_src/install/px4_msgs/share/px4_msgs/msg/FailsafeFlags.idl\n'}
[6.693516] (px4_msgs) StdoutLine: {'line': b'-- Up-to-date symlink: /home/giromi/Repos/VTOL/ws_sensor_combined_src/install/px4_msgs/share/px4_msgs/msg/FailureDetectorStatus.idl\n'}
[6.693826] (px4_msgs) StdoutLine: {'line': b'-- Up-to-date symlink: /home/giromi/Repos/VTOL/ws_sensor_combined_src/install/px4_msgs/share/px4_msgs/msg/FigureEightStatus.idl\n'}
[6.694143] (px4_msgs) StdoutLine: {'line': b'-- Up-to-date symlink: /home/giromi/Repos/VTOL/ws_sensor_combined_src/install/px4_msgs/share/px4_msgs/msg/FollowTarget.idl\n'}
[6.694433] (px4_msgs) StdoutLine: {'line': b'-- Up-to-date symlink: /home/giromi/Repos/VTOL/ws_sensor_combined_src/install/px4_msgs/share/px4_msgs/msg/FollowTargetEstimator.idl\n'}
[6.694802] (px4_msgs) StdoutLine: {'line': b'-- Up-to-date symlink: /home/giromi/Repos/VTOL/ws_sensor_combined_src/install/px4_msgs/share/px4_msgs/msg/FollowTargetStatus.idl\n'}
[6.695120] (px4_msgs) StdoutLine: {'line': b'-- Up-to-date symlink: /home/giromi/Repos/VTOL/ws_sensor_combined_src/install/px4_msgs/share/px4_msgs/msg/GeneratorStatus.idl\n'}
[6.695435] (px4_msgs) StdoutLine: {'line': b'-- Up-to-date symlink: /home/giromi/Repos/VTOL/ws_sensor_combined_src/install/px4_msgs/share/px4_msgs/msg/GeofenceResult.idl\n'}
[6.695967] (px4_msgs) StdoutLine: {'line': b'-- Up-to-date symlink: /home/giromi/Repos/VTOL/ws_sensor_combined_src/install/px4_msgs/share/px4_msgs/msg/GimbalControls.idl\n'}
[6.696286] (px4_msgs) StdoutLine: {'line': b'-- Up-to-date symlink: /home/giromi/Repos/VTOL/ws_sensor_combined_src/install/px4_msgs/share/px4_msgs/msg/GimbalDeviceAttitudeStatus.idl\n'}
[6.696608] (px4_msgs) StdoutLine: {'line': b'-- Up-to-date symlink: /home/giromi/Repos/VTOL/ws_sensor_combined_src/install/px4_msgs/share/px4_msgs/msg/GimbalDeviceInformation.idl\n'}
[6.696913] (px4_msgs) StdoutLine: {'line': b'-- Up-to-date symlink: /home/giromi/Repos/VTOL/ws_sensor_combined_src/install/px4_msgs/share/px4_msgs/msg/GimbalDeviceSetAttitude.idl\n'}
[6.697234] (px4_msgs) StdoutLine: {'line': b'-- Up-to-date symlink: /home/giromi/Repos/VTOL/ws_sensor_combined_src/install/px4_msgs/share/px4_msgs/msg/GimbalManagerInformation.idl\n'}
[6.697551] (px4_msgs) StdoutLine: {'line': b'-- Up-to-date symlink: /home/giromi/Repos/VTOL/ws_sensor_combined_src/install/px4_msgs/share/px4_msgs/msg/GimbalManagerSetAttitude.idl\n'}
[6.697913] (px4_msgs) StdoutLine: {'line': b'-- Up-to-date symlink: /home/giromi/Repos/VTOL/ws_sensor_combined_src/install/px4_msgs/share/px4_msgs/msg/GimbalManagerSetManualControl.idl\n'}
[6.698224] (px4_msgs) StdoutLine: {'line': b'-- Up-to-date symlink: /home/giromi/Repos/VTOL/ws_sensor_combined_src/install/px4_msgs/share/px4_msgs/msg/GimbalManagerStatus.idl\n'}
[6.698631] (px4_msgs) StdoutLine: {'line': b'-- Up-to-date symlink: /home/giromi/Repos/VTOL/ws_sensor_combined_src/install/px4_msgs/share/px4_msgs/msg/GotoSetpoint.idl\n'}
[6.698926] (px4_msgs) StdoutLine: {'line': b'-- Up-to-date symlink: /home/giromi/Repos/VTOL/ws_sensor_combined_src/install/px4_msgs/share/px4_msgs/msg/GpioConfig.idl\n'}
[6.699218] (px4_msgs) StdoutLine: {'line': b'-- Up-to-date symlink: /home/giromi/Repos/VTOL/ws_sensor_combined_src/install/px4_msgs/share/px4_msgs/msg/GpioIn.idl\n'}
[6.699533] (px4_msgs) StdoutLine: {'line': b'-- Up-to-date symlink: /home/giromi/Repos/VTOL/ws_sensor_combined_src/install/px4_msgs/share/px4_msgs/msg/GpioOut.idl\n'}
[6.699856] (px4_msgs) StdoutLine: {'line': b'-- Up-to-date symlink: /home/giromi/Repos/VTOL/ws_sensor_combined_src/install/px4_msgs/share/px4_msgs/msg/GpioRequest.idl\n'}
[6.700175] (px4_msgs) StdoutLine: {'line': b'-- Up-to-date symlink: /home/giromi/Repos/VTOL/ws_sensor_combined_src/install/px4_msgs/share/px4_msgs/msg/GpsDump.idl\n'}
[6.700490] (px4_msgs) StdoutLine: {'line': b'-- Up-to-date symlink: /home/giromi/Repos/VTOL/ws_sensor_combined_src/install/px4_msgs/share/px4_msgs/msg/GpsInjectData.idl\n'}
[6.700773] (px4_msgs) StdoutLine: {'line': b'-- Up-to-date symlink: /home/giromi/Repos/VTOL/ws_sensor_combined_src/install/px4_msgs/share/px4_msgs/msg/Gripper.idl\n'}
[6.701081] (px4_msgs) StdoutLine: {'line': b'-- Up-to-date symlink: /home/giromi/Repos/VTOL/ws_sensor_combined_src/install/px4_msgs/share/px4_msgs/msg/HealthReport.idl\n'}
[6.701397] (px4_msgs) StdoutLine: {'line': b'-- Up-to-date symlink: /home/giromi/Repos/VTOL/ws_sensor_combined_src/install/px4_msgs/share/px4_msgs/msg/HeaterStatus.idl\n'}
[6.701709] (px4_msgs) StdoutLine: {'line': b'-- Up-to-date symlink: /home/giromi/Repos/VTOL/ws_sensor_combined_src/install/px4_msgs/share/px4_msgs/msg/HomePosition.idl\n'}
[6.702032] (px4_msgs) StdoutLine: {'line': b'-- Up-to-date symlink: /home/giromi/Repos/VTOL/ws_sensor_combined_src/install/px4_msgs/share/px4_msgs/msg/HoverThrustEstimate.idl\n'}
[6.702329] (px4_msgs) StdoutLine: {'line': b'-- Up-to-date symlink: /home/giromi/Repos/VTOL/ws_sensor_combined_src/install/px4_msgs/share/px4_msgs/msg/InputRc.idl\n'}
[6.702731] (px4_msgs) StdoutLine: {'line': b'-- Up-to-date symlink: /home/giromi/Repos/VTOL/ws_sensor_combined_src/install/px4_msgs/share/px4_msgs/msg/InternalCombustionEngineStatus.idl\n'}
[6.703038] (px4_msgs) StdoutLine: {'line': b'-- Up-to-date symlink: /home/giromi/Repos/VTOL/ws_sensor_combined_src/install/px4_msgs/share/px4_msgs/msg/IridiumsbdStatus.idl\n'}
[6.703321] (px4_msgs) StdoutLine: {'line': b'-- Up-to-date symlink: /home/giromi/Repos/VTOL/ws_sensor_combined_src/install/px4_msgs/share/px4_msgs/msg/IrlockReport.idl\n'}
[6.703681] (px4_msgs) StdoutLine: {'line': b'-- Up-to-date symlink: /home/giromi/Repos/VTOL/ws_sensor_combined_src/install/px4_msgs/share/px4_msgs/msg/LandingGear.idl\n'}
[6.704021] (px4_msgs) StdoutLine: {'line': b'-- Up-to-date symlink: /home/giromi/Repos/VTOL/ws_sensor_combined_src/install/px4_msgs/share/px4_msgs/msg/LandingGearWheel.idl\n'}
[6.704341] (px4_msgs) StdoutLine: {'line': b'-- Up-to-date symlink: /home/giromi/Repos/VTOL/ws_sensor_combined_src/install/px4_msgs/share/px4_msgs/msg/LandingTargetInnovations.idl\n'}
[6.704649] (px4_msgs) StdoutLine: {'line': b'-- Up-to-date symlink: /home/giromi/Repos/VTOL/ws_sensor_combined_src/install/px4_msgs/share/px4_msgs/msg/LandingTargetPose.idl\n'}
[6.704956] (px4_msgs) StdoutLine: {'line': b'-- Up-to-date symlink: /home/giromi/Repos/VTOL/ws_sensor_combined_src/install/px4_msgs/share/px4_msgs/msg/LaunchDetectionStatus.idl\n'}
[6.705402] (px4_msgs) StdoutLine: {'line': b'-- Up-to-date symlink: /home/giromi/Repos/VTOL/ws_sensor_combined_src/install/px4_msgs/share/px4_msgs/msg/LedControl.idl\n'}
[6.705717] (px4_msgs) StdoutLine: {'line': b'-- Up-to-date symlink: /home/giromi/Repos/VTOL/ws_sensor_combined_src/install/px4_msgs/share/px4_msgs/msg/LogMessage.idl\n'}
[6.706030] (px4_msgs) StdoutLine: {'line': b'-- Up-to-date symlink: /home/giromi/Repos/VTOL/ws_sensor_combined_src/install/px4_msgs/share/px4_msgs/msg/LoggerStatus.idl\n'}
[6.706335] (px4_msgs) StdoutLine: {'line': b'-- Up-to-date symlink: /home/giromi/Repos/VTOL/ws_sensor_combined_src/install/px4_msgs/share/px4_msgs/msg/MagWorkerData.idl\n'}
[6.706672] (px4_msgs) StdoutLine: {'line': b'-- Up-to-date symlink: /home/giromi/Repos/VTOL/ws_sensor_combined_src/install/px4_msgs/share/px4_msgs/msg/MagnetometerBiasEstimate.idl\n'}
[6.706997] (px4_msgs) StdoutLine: {'line': b'-- Up-to-date symlink: /home/giromi/Repos/VTOL/ws_sensor_combined_src/install/px4_msgs/share/px4_msgs/msg/ManualControlSetpoint.idl\n'}
[6.707309] (px4_msgs) StdoutLine: {'line': b'-- Up-to-date symlink: /home/giromi/Repos/VTOL/ws_sensor_combined_src/install/px4_msgs/share/px4_msgs/msg/ManualControlSwitches.idl\n'}
[6.707556] (px4_msgs) StdoutLine: {'line': b'-- Up-to-date symlink: /home/giromi/Repos/VTOL/ws_sensor_combined_src/install/px4_msgs/share/px4_msgs/msg/MavlinkLog.idl\n'}
[6.707823] (px4_msgs) StdoutLine: {'line': b'-- Up-to-date symlink: /home/giromi/Repos/VTOL/ws_sensor_combined_src/install/px4_msgs/share/px4_msgs/msg/MavlinkTunnel.idl\n'}
[6.708090] (px4_msgs) StdoutLine: {'line': b'-- Up-to-date symlink: /home/giromi/Repos/VTOL/ws_sensor_combined_src/install/px4_msgs/share/px4_msgs/msg/MessageFormatRequest.idl\n'}
[6.708370] (px4_msgs) StdoutLine: {'line': b'-- Up-to-date symlink: /home/giromi/Repos/VTOL/ws_sensor_combined_src/install/px4_msgs/share/px4_msgs/msg/MessageFormatResponse.idl\n'}
[6.708647] (px4_msgs) StdoutLine: {'line': b'-- Up-to-date symlink: /home/giromi/Repos/VTOL/ws_sensor_combined_src/install/px4_msgs/share/px4_msgs/msg/Mission.idl\n'}
[6.708925] (px4_msgs) StdoutLine: {'line': b'-- Up-to-date symlink: /home/giromi/Repos/VTOL/ws_sensor_combined_src/install/px4_msgs/share/px4_msgs/msg/MissionResult.idl\n'}
[6.709217] (px4_msgs) StdoutLine: {'line': b'-- Up-to-date symlink: /home/giromi/Repos/VTOL/ws_sensor_combined_src/install/px4_msgs/share/px4_msgs/msg/ModeCompleted.idl\n'}
[6.709520] (px4_msgs) StdoutLine: {'line': b'-- Up-to-date symlink: /home/giromi/Repos/VTOL/ws_sensor_combined_src/install/px4_msgs/share/px4_msgs/msg/MountOrientation.idl\n'}
[6.709798] (px4_msgs) StdoutLine: {'line': b'-- Up-to-date symlink: /home/giromi/Repos/VTOL/ws_sensor_combined_src/install/px4_msgs/share/px4_msgs/msg/NavigatorMissionItem.idl\n'}
[6.710073] (px4_msgs) StdoutLine: {'line': b'-- Up-to-date symlink: /home/giromi/Repos/VTOL/ws_sensor_combined_src/install/px4_msgs/share/px4_msgs/msg/NormalizedUnsignedSetpoint.idl\n'}
[6.710353] (px4_msgs) StdoutLine: {'line': b'-- Up-to-date symlink: /home/giromi/Repos/VTOL/ws_sensor_combined_src/install/px4_msgs/share/px4_msgs/msg/NpfgStatus.idl\n'}
[6.710684] (px4_msgs) StdoutLine: {'line': b'-- Up-to-date symlink: /home/giromi/Repos/VTOL/ws_sensor_combined_src/install/px4_msgs/share/px4_msgs/msg/ObstacleDistance.idl\n'}
[6.711087] (px4_msgs) StdoutLine: {'line': b'-- Up-to-date symlink: /home/giromi/Repos/VTOL/ws_sensor_combined_src/install/px4_msgs/share/px4_msgs/msg/OffboardControlMode.idl\n'}
[6.711464] (px4_msgs) StdoutLine: {'line': b'-- Up-to-date symlink: /home/giromi/Repos/VTOL/ws_sensor_combined_src/install/px4_msgs/share/px4_msgs/msg/OnboardComputerStatus.idl\n'}
[6.711831] (px4_msgs) StdoutLine: {'line': b'-- Up-to-date symlink: /home/giromi/Repos/VTOL/ws_sensor_combined_src/install/px4_msgs/share/px4_msgs/msg/OrbTest.idl\n'}
[6.712198] (px4_msgs) StdoutLine: {'line': b'-- Up-to-date symlink: /home/giromi/Repos/VTOL/ws_sensor_combined_src/install/px4_msgs/share/px4_msgs/msg/OrbTestLarge.idl\n'}
[6.712564] (px4_msgs) StdoutLine: {'line': b'-- Up-to-date symlink: /home/giromi/Repos/VTOL/ws_sensor_combined_src/install/px4_msgs/share/px4_msgs/msg/OrbTestMedium.idl\n'}
[6.712928] (px4_msgs) StdoutLine: {'line': b'-- Up-to-date symlink: /home/giromi/Repos/VTOL/ws_sensor_combined_src/install/px4_msgs/share/px4_msgs/msg/OrbitStatus.idl\n'}
[6.713294] (px4_msgs) StdoutLine: {'line': b'-- Up-to-date symlink: /home/giromi/Repos/VTOL/ws_sensor_combined_src/install/px4_msgs/share/px4_msgs/msg/ParameterUpdate.idl\n'}
[6.713666] (px4_msgs) StdoutLine: {'line': b'-- Up-to-date symlink: /home/giromi/Repos/VTOL/ws_sensor_combined_src/install/px4_msgs/share/px4_msgs/msg/Ping.idl\n'}
[6.714034] (px4_msgs) StdoutLine: {'line': b'-- Up-to-date symlink: /home/giromi/Repos/VTOL/ws_sensor_combined_src/install/px4_msgs/share/px4_msgs/msg/PositionControllerLandingStatus.idl\n'}
[6.714406] (px4_msgs) StdoutLine: {'line': b'-- Up-to-date symlink: /home/giromi/Repos/VTOL/ws_sensor_combined_src/install/px4_msgs/share/px4_msgs/msg/PositionControllerStatus.idl\n'}
[6.714836] (px4_msgs) StdoutLine: {'line': b'-- Up-to-date symlink: /home/giromi/Repos/VTOL/ws_sensor_combined_src/install/px4_msgs/share/px4_msgs/msg/PositionSetpoint.idl\n'}
[6.715202] (px4_msgs) StdoutLine: {'line': b'-- Up-to-date symlink: /home/giromi/Repos/VTOL/ws_sensor_combined_src/install/px4_msgs/share/px4_msgs/msg/PositionSetpointTriplet.idl\n'}
[6.715261] (-) TimerEvent: {}
[6.715672] (px4_msgs) StdoutLine: {'line': b'-- Up-to-date symlink: /home/giromi/Repos/VTOL/ws_sensor_combined_src/install/px4_msgs/share/px4_msgs/msg/PowerButtonState.idl\n'}
[6.716060] (px4_msgs) StdoutLine: {'line': b'-- Up-to-date symlink: /home/giromi/Repos/VTOL/ws_sensor_combined_src/install/px4_msgs/share/px4_msgs/msg/PowerMonitor.idl\n'}
[6.716445] (px4_msgs) StdoutLine: {'line': b'-- Up-to-date symlink: /home/giromi/Repos/VTOL/ws_sensor_combined_src/install/px4_msgs/share/px4_msgs/msg/PpsCapture.idl\n'}
[6.716852] (px4_msgs) StdoutLine: {'line': b'-- Up-to-date symlink: /home/giromi/Repos/VTOL/ws_sensor_combined_src/install/px4_msgs/share/px4_msgs/msg/PwmInput.idl\n'}
[6.717250] (px4_msgs) StdoutLine: {'line': b'-- Up-to-date symlink: /home/giromi/Repos/VTOL/ws_sensor_combined_src/install/px4_msgs/share/px4_msgs/msg/Px4ioStatus.idl\n'}
[6.717640] (px4_msgs) StdoutLine: {'line': b'-- Up-to-date symlink: /home/giromi/Repos/VTOL/ws_sensor_combined_src/install/px4_msgs/share/px4_msgs/msg/QshellReq.idl\n'}
[6.718022] (px4_msgs) StdoutLine: {'line': b'-- Up-to-date symlink: /home/giromi/Repos/VTOL/ws_sensor_combined_src/install/px4_msgs/share/px4_msgs/msg/QshellRetval.idl\n'}
[6.718420] (px4_msgs) StdoutLine: {'line': b'-- Up-to-date symlink: /home/giromi/Repos/VTOL/ws_sensor_combined_src/install/px4_msgs/share/px4_msgs/msg/RadioStatus.idl\n'}
[6.718830] (px4_msgs) StdoutLine: {'line': b'-- Up-to-date symlink: /home/giromi/Repos/VTOL/ws_sensor_combined_src/install/px4_msgs/share/px4_msgs/msg/RateCtrlStatus.idl\n'}
[6.719226] (px4_msgs) StdoutLine: {'line': b'-- Up-to-date symlink: /home/giromi/Repos/VTOL/ws_sensor_combined_src/install/px4_msgs/share/px4_msgs/msg/RcChannels.idl\n'}
[6.719626] (px4_msgs) StdoutLine: {'line': b'-- Up-to-date symlink: /home/giromi/Repos/VTOL/ws_sensor_combined_src/install/px4_msgs/share/px4_msgs/msg/RcParameterMap.idl\n'}
[6.720021] (px4_msgs) StdoutLine: {'line': b'-- Up-to-date symlink: /home/giromi/Repos/VTOL/ws_sensor_combined_src/install/px4_msgs/share/px4_msgs/msg/RegisterExtComponentReply.idl\n'}
[6.720414] (px4_msgs) StdoutLine: {'line': b'-- Up-to-date symlink: /home/giromi/Repos/VTOL/ws_sensor_combined_src/install/px4_msgs/share/px4_msgs/msg/RegisterExtComponentRequest.idl\n'}
[6.720825] (px4_msgs) StdoutLine: {'line': b'-- Up-to-date symlink: /home/giromi/Repos/VTOL/ws_sensor_combined_src/install/px4_msgs/share/px4_msgs/msg/Rpm.idl\n'}
[6.721228] (px4_msgs) StdoutLine: {'line': b'-- Up-to-date symlink: /home/giromi/Repos/VTOL/ws_sensor_combined_src/install/px4_msgs/share/px4_msgs/msg/RtlTimeEstimate.idl\n'}
[6.721595] (px4_msgs) StdoutLine: {'line': b'-- Up-to-date symlink: /home/giromi/Repos/VTOL/ws_sensor_combined_src/install/px4_msgs/share/px4_msgs/msg/SatelliteInfo.idl\n'}
[6.721900] (px4_msgs) StdoutLine: {'line': b'-- Up-to-date symlink: /home/giromi/Repos/VTOL/ws_sensor_combined_src/install/px4_msgs/share/px4_msgs/msg/SensorAccel.idl\n'}
[6.722204] (px4_msgs) StdoutLine: {'line': b'-- Up-to-date symlink: /home/giromi/Repos/VTOL/ws_sensor_combined_src/install/px4_msgs/share/px4_msgs/msg/SensorAccelFifo.idl\n'}
[6.722539] (px4_msgs) StdoutLine: {'line': b'-- Up-to-date symlink: /home/giromi/Repos/VTOL/ws_sensor_combined_src/install/px4_msgs/share/px4_msgs/msg/SensorAirflow.idl\n'}
[6.722867] (px4_msgs) StdoutLine: {'line': b'-- Up-to-date symlink: /home/giromi/Repos/VTOL/ws_sensor_combined_src/install/px4_msgs/share/px4_msgs/msg/SensorBaro.idl\n'}
[6.723190] (px4_msgs) StdoutLine: {'line': b'-- Up-to-date symlink: /home/giromi/Repos/VTOL/ws_sensor_combined_src/install/px4_msgs/share/px4_msgs/msg/SensorCombined.idl\n'}
[6.723513] (px4_msgs) StdoutLine: {'line': b'-- Up-to-date symlink: /home/giromi/Repos/VTOL/ws_sensor_combined_src/install/px4_msgs/share/px4_msgs/msg/SensorCorrection.idl\n'}
[6.723837] (px4_msgs) StdoutLine: {'line': b'-- Up-to-date symlink: /home/giromi/Repos/VTOL/ws_sensor_combined_src/install/px4_msgs/share/px4_msgs/msg/SensorGnssRelative.idl\n'}
[6.724164] (px4_msgs) StdoutLine: {'line': b'-- Up-to-date symlink: /home/giromi/Repos/VTOL/ws_sensor_combined_src/install/px4_msgs/share/px4_msgs/msg/SensorGps.idl\n'}
[6.724492] (px4_msgs) StdoutLine: {'line': b'-- Up-to-date symlink: /home/giromi/Repos/VTOL/ws_sensor_combined_src/install/px4_msgs/share/px4_msgs/msg/SensorGyro.idl\n'}
[6.724814] (px4_msgs) StdoutLine: {'line': b'-- Up-to-date symlink: /home/giromi/Repos/VTOL/ws_sensor_combined_src/install/px4_msgs/share/px4_msgs/msg/SensorGyroFft.idl\n'}
[6.725109] (px4_msgs) StdoutLine: {'line': b'-- Up-to-date symlink: /home/giromi/Repos/VTOL/ws_sensor_combined_src/install/px4_msgs/share/px4_msgs/msg/SensorGyroFifo.idl\n'}
[6.725422] (px4_msgs) StdoutLine: {'line': b'-- Up-to-date symlink: /home/giromi/Repos/VTOL/ws_sensor_combined_src/install/px4_msgs/share/px4_msgs/msg/SensorHygrometer.idl\n'}
[6.725704] (px4_msgs) StdoutLine: {'line': b'-- Up-to-date symlink: /home/giromi/Repos/VTOL/ws_sensor_combined_src/install/px4_msgs/share/px4_msgs/msg/SensorMag.idl\n'}
[6.726001] (px4_msgs) StdoutLine: {'line': b'-- Up-to-date symlink: /home/giromi/Repos/VTOL/ws_sensor_combined_src/install/px4_msgs/share/px4_msgs/msg/SensorOpticalFlow.idl\n'}
[6.726305] (px4_msgs) StdoutLine: {'line': b'-- Up-to-date symlink: /home/giromi/Repos/VTOL/ws_sensor_combined_src/install/px4_msgs/share/px4_msgs/msg/SensorPreflightMag.idl\n'}
[6.726636] (px4_msgs) StdoutLine: {'line': b'-- Up-to-date symlink: /home/giromi/Repos/VTOL/ws_sensor_combined_src/install/px4_msgs/share/px4_msgs/msg/SensorSelection.idl\n'}
[6.727013] (px4_msgs) StdoutLine: {'line': b'-- Up-to-date symlink: /home/giromi/Repos/VTOL/ws_sensor_combined_src/install/px4_msgs/share/px4_msgs/msg/SensorUwb.idl\n'}
[6.727322] (px4_msgs) StdoutLine: {'line': b'-- Up-to-date symlink: /home/giromi/Repos/VTOL/ws_sensor_combined_src/install/px4_msgs/share/px4_msgs/msg/SensorsStatus.idl\n'}
[6.727641] (px4_msgs) StdoutLine: {'line': b'-- Up-to-date symlink: /home/giromi/Repos/VTOL/ws_sensor_combined_src/install/px4_msgs/share/px4_msgs/msg/SensorsStatusImu.idl\n'}
[6.727923] (px4_msgs) StdoutLine: {'line': b'-- Up-to-date symlink: /home/giromi/Repos/VTOL/ws_sensor_combined_src/install/px4_msgs/share/px4_msgs/msg/SystemPower.idl\n'}
[6.728219] (px4_msgs) StdoutLine: {'line': b'-- Up-to-date symlink: /home/giromi/Repos/VTOL/ws_sensor_combined_src/install/px4_msgs/share/px4_msgs/msg/TakeoffStatus.idl\n'}
[6.728570] (px4_msgs) StdoutLine: {'line': b'-- Up-to-date symlink: /home/giromi/Repos/VTOL/ws_sensor_combined_src/install/px4_msgs/share/px4_msgs/msg/TaskStackInfo.idl\n'}
[6.728890] (px4_msgs) StdoutLine: {'line': b'-- Up-to-date symlink: /home/giromi/Repos/VTOL/ws_sensor_combined_src/install/px4_msgs/share/px4_msgs/msg/TecsStatus.idl\n'}
[6.729196] (px4_msgs) StdoutLine: {'line': b'-- Up-to-date symlink: /home/giromi/Repos/VTOL/ws_sensor_combined_src/install/px4_msgs/share/px4_msgs/msg/TelemetryStatus.idl\n'}
[6.729500] (px4_msgs) StdoutLine: {'line': b'-- Up-to-date symlink: /home/giromi/Repos/VTOL/ws_sensor_combined_src/install/px4_msgs/share/px4_msgs/msg/TiltrotorExtraControls.idl\n'}
[6.729808] (px4_msgs) StdoutLine: {'line': b'-- Up-to-date symlink: /home/giromi/Repos/VTOL/ws_sensor_combined_src/install/px4_msgs/share/px4_msgs/msg/TimesyncStatus.idl\n'}
[6.730107] (px4_msgs) StdoutLine: {'line': b'-- Up-to-date symlink: /home/giromi/Repos/VTOL/ws_sensor_combined_src/install/px4_msgs/share/px4_msgs/msg/TrajectoryBezier.idl\n'}
[6.730392] (px4_msgs) StdoutLine: {'line': b'-- Up-to-date symlink: /home/giromi/Repos/VTOL/ws_sensor_combined_src/install/px4_msgs/share/px4_msgs/msg/TrajectorySetpoint.idl\n'}
[6.730734] (px4_msgs) StdoutLine: {'line': b'-- Up-to-date symlink: /home/giromi/Repos/VTOL/ws_sensor_combined_src/install/px4_msgs/share/px4_msgs/msg/TrajectoryWaypoint.idl\n'}
[6.731033] (px4_msgs) StdoutLine: {'line': b'-- Up-to-date symlink: /home/giromi/Repos/VTOL/ws_sensor_combined_src/install/px4_msgs/share/px4_msgs/msg/TransponderReport.idl\n'}
[6.731344] (px4_msgs) StdoutLine: {'line': b'-- Up-to-date symlink: /home/giromi/Repos/VTOL/ws_sensor_combined_src/install/px4_msgs/share/px4_msgs/msg/TuneControl.idl\n'}
[6.731648] (px4_msgs) StdoutLine: {'line': b'-- Up-to-date symlink: /home/giromi/Repos/VTOL/ws_sensor_combined_src/install/px4_msgs/share/px4_msgs/msg/UavcanParameterRequest.idl\n'}
[6.731950] (px4_msgs) StdoutLine: {'line': b'-- Up-to-date symlink: /home/giromi/Repos/VTOL/ws_sensor_combined_src/install/px4_msgs/share/px4_msgs/msg/UavcanParameterValue.idl\n'}
[6.732268] (px4_msgs) StdoutLine: {'line': b'-- Up-to-date symlink: /home/giromi/Repos/VTOL/ws_sensor_combined_src/install/px4_msgs/share/px4_msgs/msg/UlogStream.idl\n'}
[6.732568] (px4_msgs) StdoutLine: {'line': b'-- Up-to-date symlink: /home/giromi/Repos/VTOL/ws_sensor_combined_src/install/px4_msgs/share/px4_msgs/msg/UlogStreamAck.idl\n'}
[6.732873] (px4_msgs) StdoutLine: {'line': b'-- Up-to-date symlink: /home/giromi/Repos/VTOL/ws_sensor_combined_src/install/px4_msgs/share/px4_msgs/msg/UnregisterExtComponent.idl\n'}
[6.733176] (px4_msgs) StdoutLine: {'line': b'-- Up-to-date symlink: /home/giromi/Repos/VTOL/ws_sensor_combined_src/install/px4_msgs/share/px4_msgs/msg/VehicleAcceleration.idl\n'}
[6.733518] (px4_msgs) StdoutLine: {'line': b'-- Up-to-date symlink: /home/giromi/Repos/VTOL/ws_sensor_combined_src/install/px4_msgs/share/px4_msgs/msg/VehicleAirData.idl\n'}
[6.733835] (px4_msgs) StdoutLine: {'line': b'-- Up-to-date symlink: /home/giromi/Repos/VTOL/ws_sensor_combined_src/install/px4_msgs/share/px4_msgs/msg/VehicleAngularAccelerationSetpoint.idl\n'}
[6.734140] (px4_msgs) StdoutLine: {'line': b'-- Up-to-date symlink: /home/giromi/Repos/VTOL/ws_sensor_combined_src/install/px4_msgs/share/px4_msgs/msg/VehicleAngularVelocity.idl\n'}
[6.734425] (px4_msgs) StdoutLine: {'line': b'-- Up-to-date symlink: /home/giromi/Repos/VTOL/ws_sensor_combined_src/install/px4_msgs/share/px4_msgs/msg/VehicleAttitude.idl\n'}
[6.734780] (px4_msgs) StdoutLine: {'line': b'-- Up-to-date symlink: /home/giromi/Repos/VTOL/ws_sensor_combined_src/install/px4_msgs/share/px4_msgs/msg/VehicleAttitudeSetpoint.idl\n'}
[6.735081] (px4_msgs) StdoutLine: {'line': b'-- Up-to-date symlink: /home/giromi/Repos/VTOL/ws_sensor_combined_src/install/px4_msgs/share/px4_msgs/msg/VehicleCommand.idl\n'}
[6.735384] (px4_msgs) StdoutLine: {'line': b'-- Up-to-date symlink: /home/giromi/Repos/VTOL/ws_sensor_combined_src/install/px4_msgs/share/px4_msgs/msg/VehicleCommandAck.idl\n'}
[6.735695] (px4_msgs) StdoutLine: {'line': b'-- Up-to-date symlink: /home/giromi/Repos/VTOL/ws_sensor_combined_src/install/px4_msgs/share/px4_msgs/msg/VehicleConstraints.idl\n'}
[6.735995] (px4_msgs) StdoutLine: {'line': b'-- Up-to-date symlink: /home/giromi/Repos/VTOL/ws_sensor_combined_src/install/px4_msgs/share/px4_msgs/msg/VehicleControlMode.idl\n'}
[6.736271] (px4_msgs) StdoutLine: {'line': b'-- Up-to-date symlink: /home/giromi/Repos/VTOL/ws_sensor_combined_src/install/px4_msgs/share/px4_msgs/msg/VehicleGlobalPosition.idl\n'}
[6.736585] (px4_msgs) StdoutLine: {'line': b'-- Up-to-date symlink: /home/giromi/Repos/VTOL/ws_sensor_combined_src/install/px4_msgs/share/px4_msgs/msg/VehicleImu.idl\n'}
[6.736868] (px4_msgs) StdoutLine: {'line': b'-- Up-to-date symlink: /home/giromi/Repos/VTOL/ws_sensor_combined_src/install/px4_msgs/share/px4_msgs/msg/VehicleImuStatus.idl\n'}
[6.737171] (px4_msgs) StdoutLine: {'line': b'-- Up-to-date symlink: /home/giromi/Repos/VTOL/ws_sensor_combined_src/install/px4_msgs/share/px4_msgs/msg/VehicleLandDetected.idl\n'}
[6.737481] (px4_msgs) StdoutLine: {'line': b'-- Up-to-date symlink: /home/giromi/Repos/VTOL/ws_sensor_combined_src/install/px4_msgs/share/px4_msgs/msg/VehicleLocalPosition.idl\n'}
[6.737779] (px4_msgs) StdoutLine: {'line': b'-- Up-to-date symlink: /home/giromi/Repos/VTOL/ws_sensor_combined_src/install/px4_msgs/share/px4_msgs/msg/VehicleLocalPositionSetpoint.idl\n'}
[6.738144] (px4_msgs) StdoutLine: {'line': b'-- Up-to-date symlink: /home/giromi/Repos/VTOL/ws_sensor_combined_src/install/px4_msgs/share/px4_msgs/msg/VehicleMagnetometer.idl\n'}
[6.738422] (px4_msgs) StdoutLine: {'line': b'-- Up-to-date symlink: /home/giromi/Repos/VTOL/ws_sensor_combined_src/install/px4_msgs/share/px4_msgs/msg/VehicleOdometry.idl\n'}
[6.738795] (px4_msgs) StdoutLine: {'line': b'-- Up-to-date symlink: /home/giromi/Repos/VTOL/ws_sensor_combined_src/install/px4_msgs/share/px4_msgs/msg/VehicleOpticalFlow.idl\n'}
[6.739093] (px4_msgs) StdoutLine: {'line': b'-- Up-to-date symlink: /home/giromi/Repos/VTOL/ws_sensor_combined_src/install/px4_msgs/share/px4_msgs/msg/VehicleOpticalFlowVel.idl\n'}
[6.739399] (px4_msgs) StdoutLine: {'line': b'-- Up-to-date symlink: /home/giromi/Repos/VTOL/ws_sensor_combined_src/install/px4_msgs/share/px4_msgs/msg/VehicleRatesSetpoint.idl\n'}
[6.739707] (px4_msgs) StdoutLine: {'line': b'-- Up-to-date symlink: /home/giromi/Repos/VTOL/ws_sensor_combined_src/install/px4_msgs/share/px4_msgs/msg/VehicleRoi.idl\n'}
[6.740011] (px4_msgs) StdoutLine: {'line': b'-- Up-to-date symlink: /home/giromi/Repos/VTOL/ws_sensor_combined_src/install/px4_msgs/share/px4_msgs/msg/VehicleStatus.idl\n'}
[6.740311] (px4_msgs) StdoutLine: {'line': b'-- Up-to-date symlink: /home/giromi/Repos/VTOL/ws_sensor_combined_src/install/px4_msgs/share/px4_msgs/msg/VehicleThrustSetpoint.idl\n'}
[6.740616] (px4_msgs) StdoutLine: {'line': b'-- Up-to-date symlink: /home/giromi/Repos/VTOL/ws_sensor_combined_src/install/px4_msgs/share/px4_msgs/msg/VehicleTorqueSetpoint.idl\n'}
[6.740919] (px4_msgs) StdoutLine: {'line': b'-- Up-to-date symlink: /home/giromi/Repos/VTOL/ws_sensor_combined_src/install/px4_msgs/share/px4_msgs/msg/VehicleTrajectoryBezier.idl\n'}
[6.741224] (px4_msgs) StdoutLine: {'line': b'-- Up-to-date symlink: /home/giromi/Repos/VTOL/ws_sensor_combined_src/install/px4_msgs/share/px4_msgs/msg/VehicleTrajectoryWaypoint.idl\n'}
[6.741527] (px4_msgs) StdoutLine: {'line': b'-- Up-to-date symlink: /home/giromi/Repos/VTOL/ws_sensor_combined_src/install/px4_msgs/share/px4_msgs/msg/VelocityLimits.idl\n'}
[6.741823] (px4_msgs) StdoutLine: {'line': b'-- Up-to-date symlink: /home/giromi/Repos/VTOL/ws_sensor_combined_src/install/px4_msgs/share/px4_msgs/msg/VtolVehicleStatus.idl\n'}
[6.742107] (px4_msgs) StdoutLine: {'line': b'-- Up-to-date symlink: /home/giromi/Repos/VTOL/ws_sensor_combined_src/install/px4_msgs/share/px4_msgs/msg/WheelEncoders.idl\n'}
[6.742389] (px4_msgs) StdoutLine: {'line': b'-- Up-to-date symlink: /home/giromi/Repos/VTOL/ws_sensor_combined_src/install/px4_msgs/share/px4_msgs/msg/Wind.idl\n'}
[6.742697] (px4_msgs) StdoutLine: {'line': b'-- Up-to-date symlink: /home/giromi/Repos/VTOL/ws_sensor_combined_src/install/px4_msgs/share/px4_msgs/msg/YawEstimatorStatus.idl\n'}
[6.742958] (px4_msgs) StdoutLine: {'line': b'-- Up-to-date symlink: /home/giromi/Repos/VTOL/ws_sensor_combined_src/install/px4_msgs/share/px4_msgs/srv/VehicleCommand.idl\n'}
[6.743232] (px4_msgs) StdoutLine: {'line': b'-- Up-to-date symlink: /home/giromi/Repos/VTOL/ws_sensor_combined_src/install/px4_msgs/share/px4_msgs/msg/ActionRequest.msg\n'}
[6.743501] (px4_msgs) StdoutLine: {'line': b'-- Up-to-date symlink: /home/giromi/Repos/VTOL/ws_sensor_combined_src/install/px4_msgs/share/px4_msgs/msg/ActuatorArmed.msg\n'}
[6.743765] (px4_msgs) StdoutLine: {'line': b'-- Up-to-date symlink: /home/giromi/Repos/VTOL/ws_sensor_combined_src/install/px4_msgs/share/px4_msgs/msg/ActuatorControlsStatus.msg\n'}
[6.744043] (px4_msgs) StdoutLine: {'line': b'-- Up-to-date symlink: /home/giromi/Repos/VTOL/ws_sensor_combined_src/install/px4_msgs/share/px4_msgs/msg/ActuatorMotors.msg\n'}
[6.744310] (px4_msgs) StdoutLine: {'line': b'-- Up-to-date symlink: /home/giromi/Repos/VTOL/ws_sensor_combined_src/install/px4_msgs/share/px4_msgs/msg/ActuatorOutputs.msg\n'}
[6.744575] (px4_msgs) StdoutLine: {'line': b'-- Up-to-date symlink: /home/giromi/Repos/VTOL/ws_sensor_combined_src/install/px4_msgs/share/px4_msgs/msg/ActuatorServos.msg\n'}
[6.744847] (px4_msgs) StdoutLine: {'line': b'-- Up-to-date symlink: /home/giromi/Repos/VTOL/ws_sensor_combined_src/install/px4_msgs/share/px4_msgs/msg/ActuatorServosTrim.msg\n'}
[6.745128] (px4_msgs) StdoutLine: {'line': b'-- Up-to-date symlink: /home/giromi/Repos/VTOL/ws_sensor_combined_src/install/px4_msgs/share/px4_msgs/msg/ActuatorTest.msg\n'}
[6.745395] (px4_msgs) StdoutLine: {'line': b'-- Up-to-date symlink: /home/giromi/Repos/VTOL/ws_sensor_combined_src/install/px4_msgs/share/px4_msgs/msg/AdcReport.msg\n'}
[6.745660] (px4_msgs) StdoutLine: {'line': b'-- Up-to-date symlink: /home/giromi/Repos/VTOL/ws_sensor_combined_src/install/px4_msgs/share/px4_msgs/msg/Airspeed.msg\n'}
[6.745934] (px4_msgs) StdoutLine: {'line': b'-- Up-to-date symlink: /home/giromi/Repos/VTOL/ws_sensor_combined_src/install/px4_msgs/share/px4_msgs/msg/AirspeedValidated.msg\n'}
[6.746234] (px4_msgs) StdoutLine: {'line': b'-- Up-to-date symlink: /home/giromi/Repos/VTOL/ws_sensor_combined_src/install/px4_msgs/share/px4_msgs/msg/AirspeedWind.msg\n'}
[6.746505] (px4_msgs) StdoutLine: {'line': b'-- Up-to-date symlink: /home/giromi/Repos/VTOL/ws_sensor_combined_src/install/px4_msgs/share/px4_msgs/msg/ArmingCheckReply.msg\n'}
[6.746769] (px4_msgs) StdoutLine: {'line': b'-- Up-to-date symlink: /home/giromi/Repos/VTOL/ws_sensor_combined_src/install/px4_msgs/share/px4_msgs/msg/ArmingCheckRequest.msg\n'}
[6.747041] (px4_msgs) StdoutLine: {'line': b'-- Up-to-date symlink: /home/giromi/Repos/VTOL/ws_sensor_combined_src/install/px4_msgs/share/px4_msgs/msg/AutotuneAttitudeControlStatus.msg\n'}
[6.747383] (px4_msgs) StdoutLine: {'line': b'-- Up-to-date symlink: /home/giromi/Repos/VTOL/ws_sensor_combined_src/install/px4_msgs/share/px4_msgs/msg/BatteryStatus.msg\n'}
[6.747751] (px4_msgs) StdoutLine: {'line': b'-- Up-to-date symlink: /home/giromi/Repos/VTOL/ws_sensor_combined_src/install/px4_msgs/share/px4_msgs/msg/Buffer128.msg\n'}
[6.748115] (px4_msgs) StdoutLine: {'line': b'-- Up-to-date symlink: /home/giromi/Repos/VTOL/ws_sensor_combined_src/install/px4_msgs/share/px4_msgs/msg/ButtonEvent.msg\n'}
[6.748480] (px4_msgs) StdoutLine: {'line': b'-- Up-to-date symlink: /home/giromi/Repos/VTOL/ws_sensor_combined_src/install/px4_msgs/share/px4_msgs/msg/CameraCapture.msg\n'}
[6.748796] (px4_msgs) StdoutLine: {'line': b'-- Up-to-date symlink: /home/giromi/Repos/VTOL/ws_sensor_combined_src/install/px4_msgs/share/px4_msgs/msg/CameraStatus.msg\n'}
[6.749096] (px4_msgs) StdoutLine: {'line': b'-- Up-to-date symlink: /home/giromi/Repos/VTOL/ws_sensor_combined_src/install/px4_msgs/share/px4_msgs/msg/CameraTrigger.msg\n'}
[6.749412] (px4_msgs) StdoutLine: {'line': b'-- Up-to-date symlink: /home/giromi/Repos/VTOL/ws_sensor_combined_src/install/px4_msgs/share/px4_msgs/msg/CellularStatus.msg\n'}
[6.749707] (px4_msgs) StdoutLine: {'line': b'-- Up-to-date symlink: /home/giromi/Repos/VTOL/ws_sensor_combined_src/install/px4_msgs/share/px4_msgs/msg/CollisionConstraints.msg\n'}
[6.750000] (px4_msgs) StdoutLine: {'line': b'-- Up-to-date symlink: /home/giromi/Repos/VTOL/ws_sensor_combined_src/install/px4_msgs/share/px4_msgs/msg/CollisionReport.msg\n'}
[6.750439] (px4_msgs) StdoutLine: {'line': b'-- Up-to-date symlink: /home/giromi/Repos/VTOL/ws_sensor_combined_src/install/px4_msgs/share/px4_msgs/msg/ConfigOverrides.msg\n'}
[6.750902] (px4_msgs) StdoutLine: {'line': b'-- Up-to-date symlink: /home/giromi/Repos/VTOL/ws_sensor_combined_src/install/px4_msgs/share/px4_msgs/msg/ControlAllocatorStatus.msg\n'}
[6.751202] (px4_msgs) StdoutLine: {'line': b'-- Up-to-date symlink: /home/giromi/Repos/VTOL/ws_sensor_combined_src/install/px4_msgs/share/px4_msgs/msg/Cpuload.msg\n'}
[6.751483] (px4_msgs) StdoutLine: {'line': b'-- Up-to-date symlink: /home/giromi/Repos/VTOL/ws_sensor_combined_src/install/px4_msgs/share/px4_msgs/msg/DatamanRequest.msg\n'}
[6.751771] (px4_msgs) StdoutLine: {'line': b'-- Up-to-date symlink: /home/giromi/Repos/VTOL/ws_sensor_combined_src/install/px4_msgs/share/px4_msgs/msg/DatamanResponse.msg\n'}
[6.752057] (px4_msgs) StdoutLine: {'line': b'-- Up-to-date symlink: /home/giromi/Repos/VTOL/ws_sensor_combined_src/install/px4_msgs/share/px4_msgs/msg/DebugArray.msg\n'}
[6.752346] (px4_msgs) StdoutLine: {'line': b'-- Up-to-date symlink: /home/giromi/Repos/VTOL/ws_sensor_combined_src/install/px4_msgs/share/px4_msgs/msg/DebugKeyValue.msg\n'}
[6.752635] (px4_msgs) StdoutLine: {'line': b'-- Up-to-date symlink: /home/giromi/Repos/VTOL/ws_sensor_combined_src/install/px4_msgs/share/px4_msgs/msg/DebugValue.msg\n'}
[6.752924] (px4_msgs) StdoutLine: {'line': b'-- Up-to-date symlink: /home/giromi/Repos/VTOL/ws_sensor_combined_src/install/px4_msgs/share/px4_msgs/msg/DebugVect.msg\n'}
[6.753212] (px4_msgs) StdoutLine: {'line': b'-- Up-to-date symlink: /home/giromi/Repos/VTOL/ws_sensor_combined_src/install/px4_msgs/share/px4_msgs/msg/DifferentialDriveSetpoint.msg\n'}
[6.753558] (px4_msgs) StdoutLine: {'line': b'-- Up-to-date symlink: /home/giromi/Repos/VTOL/ws_sensor_combined_src/install/px4_msgs/share/px4_msgs/msg/DifferentialPressure.msg\n'}
[6.753911] (px4_msgs) StdoutLine: {'line': b'-- Up-to-date symlink: /home/giromi/Repos/VTOL/ws_sensor_combined_src/install/px4_msgs/share/px4_msgs/msg/DistanceSensor.msg\n'}
[6.754263] (px4_msgs) StdoutLine: {'line': b'-- Up-to-date symlink: /home/giromi/Repos/VTOL/ws_sensor_combined_src/install/px4_msgs/share/px4_msgs/msg/Ekf2Timestamps.msg\n'}
[6.754631] (px4_msgs) StdoutLine: {'line': b'-- Up-to-date symlink: /home/giromi/Repos/VTOL/ws_sensor_combined_src/install/px4_msgs/share/px4_msgs/msg/EscReport.msg\n'}
[6.754916] (px4_msgs) StdoutLine: {'line': b'-- Up-to-date symlink: /home/giromi/Repos/VTOL/ws_sensor_combined_src/install/px4_msgs/share/px4_msgs/msg/EscStatus.msg\n'}
[6.755261] (px4_msgs) StdoutLine: {'line': b'-- Up-to-date symlink: /home/giromi/Repos/VTOL/ws_sensor_combined_src/install/px4_msgs/share/px4_msgs/msg/EstimatorAidSource1d.msg\n'}
[6.755588] (px4_msgs) StdoutLine: {'line': b'-- Up-to-date symlink: /home/giromi/Repos/VTOL/ws_sensor_combined_src/install/px4_msgs/share/px4_msgs/msg/EstimatorAidSource2d.msg\n'}
[6.755876] (px4_msgs) StdoutLine: {'line': b'-- Up-to-date symlink: /home/giromi/Repos/VTOL/ws_sensor_combined_src/install/px4_msgs/share/px4_msgs/msg/EstimatorAidSource3d.msg\n'}
[6.756162] (px4_msgs) StdoutLine: {'line': b'-- Up-to-date symlink: /home/giromi/Repos/VTOL/ws_sensor_combined_src/install/px4_msgs/share/px4_msgs/msg/EstimatorBias.msg\n'}
[6.756444] (px4_msgs) StdoutLine: {'line': b'-- Up-to-date symlink: /home/giromi/Repos/VTOL/ws_sensor_combined_src/install/px4_msgs/share/px4_msgs/msg/EstimatorBias3d.msg\n'}
[6.756730] (px4_msgs) StdoutLine: {'line': b'-- Up-to-date symlink: /home/giromi/Repos/VTOL/ws_sensor_combined_src/install/px4_msgs/share/px4_msgs/msg/EstimatorEventFlags.msg\n'}
[6.757034] (px4_msgs) StdoutLine: {'line': b'-- Up-to-date symlink: /home/giromi/Repos/VTOL/ws_sensor_combined_src/install/px4_msgs/share/px4_msgs/msg/EstimatorGpsStatus.msg\n'}
[6.757391] (px4_msgs) StdoutLine: {'line': b'-- Up-to-date symlink: /home/giromi/Repos/VTOL/ws_sensor_combined_src/install/px4_msgs/share/px4_msgs/msg/EstimatorInnovations.msg\n'}
[6.757743] (px4_msgs) StdoutLine: {'line': b'-- Up-to-date symlink: /home/giromi/Repos/VTOL/ws_sensor_combined_src/install/px4_msgs/share/px4_msgs/msg/EstimatorSelectorStatus.msg\n'}
[6.758097] (px4_msgs) StdoutLine: {'line': b'-- Up-to-date symlink: /home/giromi/Repos/VTOL/ws_sensor_combined_src/install/px4_msgs/share/px4_msgs/msg/EstimatorSensorBias.msg\n'}
[6.758948] (px4_msgs) StdoutLine: {'line': b'-- Up-to-date symlink: /home/giromi/Repos/VTOL/ws_sensor_combined_src/install/px4_msgs/share/px4_msgs/msg/EstimatorStates.msg\n'}
[6.759234] (px4_msgs) StdoutLine: {'line': b'-- Up-to-date symlink: /home/giromi/Repos/VTOL/ws_sensor_combined_src/install/px4_msgs/share/px4_msgs/msg/EstimatorStatus.msg\n'}
[6.759517] (px4_msgs) StdoutLine: {'line': b'-- Up-to-date symlink: /home/giromi/Repos/VTOL/ws_sensor_combined_src/install/px4_msgs/share/px4_msgs/msg/EstimatorStatusFlags.msg\n'}
[6.759805] (px4_msgs) StdoutLine: {'line': b'-- Up-to-date symlink: /home/giromi/Repos/VTOL/ws_sensor_combined_src/install/px4_msgs/share/px4_msgs/msg/Event.msg\n'}
[6.760095] (px4_msgs) StdoutLine: {'line': b'-- Up-to-date symlink: /home/giromi/Repos/VTOL/ws_sensor_combined_src/install/px4_msgs/share/px4_msgs/msg/FailsafeFlags.msg\n'}
[6.760380] (px4_msgs) StdoutLine: {'line': b'-- Up-to-date symlink: /home/giromi/Repos/VTOL/ws_sensor_combined_src/install/px4_msgs/share/px4_msgs/msg/FailureDetectorStatus.msg\n'}
[6.760666] (px4_msgs) StdoutLine: {'line': b'-- Up-to-date symlink: /home/giromi/Repos/VTOL/ws_sensor_combined_src/install/px4_msgs/share/px4_msgs/msg/FigureEightStatus.msg\n'}
[6.761017] (px4_msgs) StdoutLine: {'line': b'-- Up-to-date symlink: /home/giromi/Repos/VTOL/ws_sensor_combined_src/install/px4_msgs/share/px4_msgs/msg/FollowTarget.msg\n'}
[6.761465] (px4_msgs) StdoutLine: {'line': b'-- Up-to-date symlink: /home/giromi/Repos/VTOL/ws_sensor_combined_src/install/px4_msgs/share/px4_msgs/msg/FollowTargetEstimator.msg\n'}
[6.761823] (px4_msgs) StdoutLine: {'line': b'-- Up-to-date symlink: /home/giromi/Repos/VTOL/ws_sensor_combined_src/install/px4_msgs/share/px4_msgs/msg/FollowTargetStatus.msg\n'}
[6.762109] (px4_msgs) StdoutLine: {'line': b'-- Up-to-date symlink: /home/giromi/Repos/VTOL/ws_sensor_combined_src/install/px4_msgs/share/px4_msgs/msg/GeneratorStatus.msg\n'}
[6.762395] (px4_msgs) StdoutLine: {'line': b'-- Up-to-date symlink: /home/giromi/Repos/VTOL/ws_sensor_combined_src/install/px4_msgs/share/px4_msgs/msg/GeofenceResult.msg\n'}
[6.762778] (px4_msgs) StdoutLine: {'line': b'-- Up-to-date symlink: /home/giromi/Repos/VTOL/ws_sensor_combined_src/install/px4_msgs/share/px4_msgs/msg/GimbalControls.msg\n'}
[6.763068] (px4_msgs) StdoutLine: {'line': b'-- Up-to-date symlink: /home/giromi/Repos/VTOL/ws_sensor_combined_src/install/px4_msgs/share/px4_msgs/msg/GimbalDeviceAttitudeStatus.msg\n'}
[6.763356] (px4_msgs) StdoutLine: {'line': b'-- Up-to-date symlink: /home/giromi/Repos/VTOL/ws_sensor_combined_src/install/px4_msgs/share/px4_msgs/msg/GimbalDeviceInformation.msg\n'}
[6.763641] (px4_msgs) StdoutLine: {'line': b'-- Up-to-date symlink: /home/giromi/Repos/VTOL/ws_sensor_combined_src/install/px4_msgs/share/px4_msgs/msg/GimbalDeviceSetAttitude.msg\n'}
[6.763993] (px4_msgs) StdoutLine: {'line': b'-- Up-to-date symlink: /home/giromi/Repos/VTOL/ws_sensor_combined_src/install/px4_msgs/share/px4_msgs/msg/GimbalManagerInformation.msg\n'}
[6.764343] (px4_msgs) StdoutLine: {'line': b'-- Up-to-date symlink: /home/giromi/Repos/VTOL/ws_sensor_combined_src/install/px4_msgs/share/px4_msgs/msg/GimbalManagerSetAttitude.msg\n'}
[6.764731] (px4_msgs) StdoutLine: {'line': b'-- Up-to-date symlink: /home/giromi/Repos/VTOL/ws_sensor_combined_src/install/px4_msgs/share/px4_msgs/msg/GimbalManagerSetManualControl.msg\n'}
[6.765019] (px4_msgs) StdoutLine: {'line': b'-- Up-to-date symlink: /home/giromi/Repos/VTOL/ws_sensor_combined_src/install/px4_msgs/share/px4_msgs/msg/GimbalManagerStatus.msg\n'}
[6.765341] (px4_msgs) StdoutLine: {'line': b'-- Up-to-date symlink: /home/giromi/Repos/VTOL/ws_sensor_combined_src/install/px4_msgs/share/px4_msgs/msg/GotoSetpoint.msg\n'}
[6.765627] (px4_msgs) StdoutLine: {'line': b'-- Up-to-date symlink: /home/giromi/Repos/VTOL/ws_sensor_combined_src/install/px4_msgs/share/px4_msgs/msg/GpioConfig.msg\n'}
[6.765914] (px4_msgs) StdoutLine: {'line': b'-- Up-to-date symlink: /home/giromi/Repos/VTOL/ws_sensor_combined_src/install/px4_msgs/share/px4_msgs/msg/GpioIn.msg\n'}
[6.766191] (px4_msgs) StdoutLine: {'line': b'-- Up-to-date symlink: /home/giromi/Repos/VTOL/ws_sensor_combined_src/install/px4_msgs/share/px4_msgs/msg/GpioOut.msg\n'}
[6.766510] (px4_msgs) StdoutLine: {'line': b'-- Up-to-date symlink: /home/giromi/Repos/VTOL/ws_sensor_combined_src/install/px4_msgs/share/px4_msgs/msg/GpioRequest.msg\n'}
[6.766824] (px4_msgs) StdoutLine: {'line': b'-- Up-to-date symlink: /home/giromi/Repos/VTOL/ws_sensor_combined_src/install/px4_msgs/share/px4_msgs/msg/GpsDump.msg\n'}
[6.767103] (px4_msgs) StdoutLine: {'line': b'-- Up-to-date symlink: /home/giromi/Repos/VTOL/ws_sensor_combined_src/install/px4_msgs/share/px4_msgs/msg/GpsInjectData.msg\n'}
[6.767388] (px4_msgs) StdoutLine: {'line': b'-- Up-to-date symlink: /home/giromi/Repos/VTOL/ws_sensor_combined_src/install/px4_msgs/share/px4_msgs/msg/Gripper.msg\n'}
[6.767674] (px4_msgs) StdoutLine: {'line': b'-- Up-to-date symlink: /home/giromi/Repos/VTOL/ws_sensor_combined_src/install/px4_msgs/share/px4_msgs/msg/HealthReport.msg\n'}
[6.768023] (px4_msgs) StdoutLine: {'line': b'-- Up-to-date symlink: /home/giromi/Repos/VTOL/ws_sensor_combined_src/install/px4_msgs/share/px4_msgs/msg/HeaterStatus.msg\n'}
[6.768371] (px4_msgs) StdoutLine: {'line': b'-- Up-to-date symlink: /home/giromi/Repos/VTOL/ws_sensor_combined_src/install/px4_msgs/share/px4_msgs/msg/HomePosition.msg\n'}
[6.768725] (px4_msgs) StdoutLine: {'line': b'-- Up-to-date symlink: /home/giromi/Repos/VTOL/ws_sensor_combined_src/install/px4_msgs/share/px4_msgs/msg/HoverThrustEstimate.msg\n'}
[6.769109] (px4_msgs) StdoutLine: {'line': b'-- Up-to-date symlink: /home/giromi/Repos/VTOL/ws_sensor_combined_src/install/px4_msgs/share/px4_msgs/msg/InputRc.msg\n'}
[6.769462] (px4_msgs) StdoutLine: {'line': b'-- Up-to-date symlink: /home/giromi/Repos/VTOL/ws_sensor_combined_src/install/px4_msgs/share/px4_msgs/msg/InternalCombustionEngineStatus.msg\n'}
[6.769886] (px4_msgs) StdoutLine: {'line': b'-- Up-to-date symlink: /home/giromi/Repos/VTOL/ws_sensor_combined_src/install/px4_msgs/share/px4_msgs/msg/IridiumsbdStatus.msg\n'}
[6.770180] (px4_msgs) StdoutLine: {'line': b'-- Up-to-date symlink: /home/giromi/Repos/VTOL/ws_sensor_combined_src/install/px4_msgs/share/px4_msgs/msg/IrlockReport.msg\n'}
[6.770491] (px4_msgs) StdoutLine: {'line': b'-- Up-to-date symlink: /home/giromi/Repos/VTOL/ws_sensor_combined_src/install/px4_msgs/share/px4_msgs/msg/LandingGear.msg\n'}
[6.770824] (px4_msgs) StdoutLine: {'line': b'-- Up-to-date symlink: /home/giromi/Repos/VTOL/ws_sensor_combined_src/install/px4_msgs/share/px4_msgs/msg/LandingGearWheel.msg\n'}
[6.771115] (px4_msgs) StdoutLine: {'line': b'-- Up-to-date symlink: /home/giromi/Repos/VTOL/ws_sensor_combined_src/install/px4_msgs/share/px4_msgs/msg/LandingTargetInnovations.msg\n'}
[6.771398] (px4_msgs) StdoutLine: {'line': b'-- Up-to-date symlink: /home/giromi/Repos/VTOL/ws_sensor_combined_src/install/px4_msgs/share/px4_msgs/msg/LandingTargetPose.msg\n'}
[6.771685] (px4_msgs) StdoutLine: {'line': b'-- Up-to-date symlink: /home/giromi/Repos/VTOL/ws_sensor_combined_src/install/px4_msgs/share/px4_msgs/msg/LaunchDetectionStatus.msg\n'}
[6.771998] (px4_msgs) StdoutLine: {'line': b'-- Up-to-date symlink: /home/giromi/Repos/VTOL/ws_sensor_combined_src/install/px4_msgs/share/px4_msgs/msg/LedControl.msg\n'}
[6.772340] (px4_msgs) StdoutLine: {'line': b'-- Up-to-date symlink: /home/giromi/Repos/VTOL/ws_sensor_combined_src/install/px4_msgs/share/px4_msgs/msg/LogMessage.msg\n'}
[6.772769] (px4_msgs) StdoutLine: {'line': b'-- Up-to-date symlink: /home/giromi/Repos/VTOL/ws_sensor_combined_src/install/px4_msgs/share/px4_msgs/msg/LoggerStatus.msg\n'}
[6.773427] (px4_msgs) StdoutLine: {'line': b'-- Up-to-date symlink: /home/giromi/Repos/VTOL/ws_sensor_combined_src/install/px4_msgs/share/px4_msgs/msg/MagWorkerData.msg\n'}
[6.773720] (px4_msgs) StdoutLine: {'line': b'-- Up-to-date symlink: /home/giromi/Repos/VTOL/ws_sensor_combined_src/install/px4_msgs/share/px4_msgs/msg/MagnetometerBiasEstimate.msg\n'}
[6.773991] (px4_msgs) StdoutLine: {'line': b'-- Up-to-date symlink: /home/giromi/Repos/VTOL/ws_sensor_combined_src/install/px4_msgs/share/px4_msgs/msg/ManualControlSetpoint.msg\n'}
[6.774247] (px4_msgs) StdoutLine: {'line': b'-- Up-to-date symlink: /home/giromi/Repos/VTOL/ws_sensor_combined_src/install/px4_msgs/share/px4_msgs/msg/ManualControlSwitches.msg\n'}
[6.774621] (px4_msgs) StdoutLine: {'line': b'-- Up-to-date symlink: /home/giromi/Repos/VTOL/ws_sensor_combined_src/install/px4_msgs/share/px4_msgs/msg/MavlinkLog.msg\n'}
[6.774888] (px4_msgs) StdoutLine: {'line': b'-- Up-to-date symlink: /home/giromi/Repos/VTOL/ws_sensor_combined_src/install/px4_msgs/share/px4_msgs/msg/MavlinkTunnel.msg\n'}
[6.775228] (px4_msgs) StdoutLine: {'line': b'-- Up-to-date symlink: /home/giromi/Repos/VTOL/ws_sensor_combined_src/install/px4_msgs/share/px4_msgs/msg/MessageFormatRequest.msg\n'}
[6.775539] (px4_msgs) StdoutLine: {'line': b'-- Up-to-date symlink: /home/giromi/Repos/VTOL/ws_sensor_combined_src/install/px4_msgs/share/px4_msgs/msg/MessageFormatResponse.msg\n'}
[6.775830] (px4_msgs) StdoutLine: {'line': b'-- Up-to-date symlink: /home/giromi/Repos/VTOL/ws_sensor_combined_src/install/px4_msgs/share/px4_msgs/msg/Mission.msg\n'}
[6.776107] (px4_msgs) StdoutLine: {'line': b'-- Up-to-date symlink: /home/giromi/Repos/VTOL/ws_sensor_combined_src/install/px4_msgs/share/px4_msgs/msg/MissionResult.msg\n'}
[6.776450] (px4_msgs) StdoutLine: {'line': b'-- Up-to-date symlink: /home/giromi/Repos/VTOL/ws_sensor_combined_src/install/px4_msgs/share/px4_msgs/msg/ModeCompleted.msg\n'}
[6.776725] (px4_msgs) StdoutLine: {'line': b'-- Up-to-date symlink: /home/giromi/Repos/VTOL/ws_sensor_combined_src/install/px4_msgs/share/px4_msgs/msg/MountOrientation.msg\n'}
[6.776985] (px4_msgs) StdoutLine: {'line': b'-- Up-to-date symlink: /home/giromi/Repos/VTOL/ws_sensor_combined_src/install/px4_msgs/share/px4_msgs/msg/NavigatorMissionItem.msg\n'}
[6.777339] (px4_msgs) StdoutLine: {'line': b'-- Up-to-date symlink: /home/giromi/Repos/VTOL/ws_sensor_combined_src/install/px4_msgs/share/px4_msgs/msg/NormalizedUnsignedSetpoint.msg\n'}
[6.777703] (px4_msgs) StdoutLine: {'line': b'-- Up-to-date symlink: /home/giromi/Repos/VTOL/ws_sensor_combined_src/install/px4_msgs/share/px4_msgs/msg/NpfgStatus.msg\n'}
[6.778095] (px4_msgs) StdoutLine: {'line': b'-- Up-to-date symlink: /home/giromi/Repos/VTOL/ws_sensor_combined_src/install/px4_msgs/share/px4_msgs/msg/ObstacleDistance.msg\n'}
[6.778360] (px4_msgs) StdoutLine: {'line': b'-- Up-to-date symlink: /home/giromi/Repos/VTOL/ws_sensor_combined_src/install/px4_msgs/share/px4_msgs/msg/OffboardControlMode.msg\n'}
[6.778773] (px4_msgs) StdoutLine: {'line': b'-- Up-to-date symlink: /home/giromi/Repos/VTOL/ws_sensor_combined_src/install/px4_msgs/share/px4_msgs/msg/OnboardComputerStatus.msg\n'}
[6.779064] (px4_msgs) StdoutLine: {'line': b'-- Up-to-date symlink: /home/giromi/Repos/VTOL/ws_sensor_combined_src/install/px4_msgs/share/px4_msgs/msg/OrbTest.msg\n'}
[6.779349] (px4_msgs) StdoutLine: {'line': b'-- Up-to-date symlink: /home/giromi/Repos/VTOL/ws_sensor_combined_src/install/px4_msgs/share/px4_msgs/msg/OrbTestLarge.msg\n'}
[6.779640] (px4_msgs) StdoutLine: {'line': b'-- Up-to-date symlink: /home/giromi/Repos/VTOL/ws_sensor_combined_src/install/px4_msgs/share/px4_msgs/msg/OrbTestMedium.msg\n'}
[6.779913] (px4_msgs) StdoutLine: {'line': b'-- Up-to-date symlink: /home/giromi/Repos/VTOL/ws_sensor_combined_src/install/px4_msgs/share/px4_msgs/msg/OrbitStatus.msg\n'}
[6.780188] (px4_msgs) StdoutLine: {'line': b'-- Up-to-date symlink: /home/giromi/Repos/VTOL/ws_sensor_combined_src/install/px4_msgs/share/px4_msgs/msg/ParameterUpdate.msg\n'}
[6.780566] (px4_msgs) StdoutLine: {'line': b'-- Up-to-date symlink: /home/giromi/Repos/VTOL/ws_sensor_combined_src/install/px4_msgs/share/px4_msgs/msg/Ping.msg\n'}
[6.780982] (px4_msgs) StdoutLine: {'line': b'-- Up-to-date symlink: /home/giromi/Repos/VTOL/ws_sensor_combined_src/install/px4_msgs/share/px4_msgs/msg/PositionControllerLandingStatus.msg\n'}
[6.781362] (px4_msgs) StdoutLine: {'line': b'-- Up-to-date symlink: /home/giromi/Repos/VTOL/ws_sensor_combined_src/install/px4_msgs/share/px4_msgs/msg/PositionControllerStatus.msg\n'}
[6.781634] (px4_msgs) StdoutLine: {'line': b'-- Up-to-date symlink: /home/giromi/Repos/VTOL/ws_sensor_combined_src/install/px4_msgs/share/px4_msgs/msg/PositionSetpoint.msg\n'}
[6.782011] (px4_msgs) StdoutLine: {'line': b'-- Up-to-date symlink: /home/giromi/Repos/VTOL/ws_sensor_combined_src/install/px4_msgs/share/px4_msgs/msg/PositionSetpointTriplet.msg\n'}
[6.782321] (px4_msgs) StdoutLine: {'line': b'-- Up-to-date symlink: /home/giromi/Repos/VTOL/ws_sensor_combined_src/install/px4_msgs/share/px4_msgs/msg/PowerButtonState.msg\n'}
[6.782670] (px4_msgs) StdoutLine: {'line': b'-- Up-to-date symlink: /home/giromi/Repos/VTOL/ws_sensor_combined_src/install/px4_msgs/share/px4_msgs/msg/PowerMonitor.msg\n'}
[6.782998] (px4_msgs) StdoutLine: {'line': b'-- Up-to-date symlink: /home/giromi/Repos/VTOL/ws_sensor_combined_src/install/px4_msgs/share/px4_msgs/msg/PpsCapture.msg\n'}
[6.783322] (px4_msgs) StdoutLine: {'line': b'-- Up-to-date symlink: /home/giromi/Repos/VTOL/ws_sensor_combined_src/install/px4_msgs/share/px4_msgs/msg/PwmInput.msg\n'}
[6.783642] (px4_msgs) StdoutLine: {'line': b'-- Up-to-date symlink: /home/giromi/Repos/VTOL/ws_sensor_combined_src/install/px4_msgs/share/px4_msgs/msg/Px4ioStatus.msg\n'}
[6.783961] (px4_msgs) StdoutLine: {'line': b'-- Up-to-date symlink: /home/giromi/Repos/VTOL/ws_sensor_combined_src/install/px4_msgs/share/px4_msgs/msg/QshellReq.msg\n'}
[6.784284] (px4_msgs) StdoutLine: {'line': b'-- Up-to-date symlink: /home/giromi/Repos/VTOL/ws_sensor_combined_src/install/px4_msgs/share/px4_msgs/msg/QshellRetval.msg\n'}
[6.784604] (px4_msgs) StdoutLine: {'line': b'-- Up-to-date symlink: /home/giromi/Repos/VTOL/ws_sensor_combined_src/install/px4_msgs/share/px4_msgs/msg/RadioStatus.msg\n'}
[6.784912] (px4_msgs) StdoutLine: {'line': b'-- Up-to-date symlink: /home/giromi/Repos/VTOL/ws_sensor_combined_src/install/px4_msgs/share/px4_msgs/msg/RateCtrlStatus.msg\n'}
[6.785241] (px4_msgs) StdoutLine: {'line': b'-- Up-to-date symlink: /home/giromi/Repos/VTOL/ws_sensor_combined_src/install/px4_msgs/share/px4_msgs/msg/RcChannels.msg\n'}
[6.785637] (px4_msgs) StdoutLine: {'line': b'-- Up-to-date symlink: /home/giromi/Repos/VTOL/ws_sensor_combined_src/install/px4_msgs/share/px4_msgs/msg/RcParameterMap.msg\n'}
[6.786042] (px4_msgs) StdoutLine: {'line': b'-- Up-to-date symlink: /home/giromi/Repos/VTOL/ws_sensor_combined_src/install/px4_msgs/share/px4_msgs/msg/RegisterExtComponentReply.msg\n'}
[6.786446] (px4_msgs) StdoutLine: {'line': b'-- Up-to-date symlink: /home/giromi/Repos/VTOL/ws_sensor_combined_src/install/px4_msgs/share/px4_msgs/msg/RegisterExtComponentRequest.msg\n'}
[6.786855] (px4_msgs) StdoutLine: {'line': b'-- Up-to-date symlink: /home/giromi/Repos/VTOL/ws_sensor_combined_src/install/px4_msgs/share/px4_msgs/msg/Rpm.msg\n'}
[6.787177] (px4_msgs) StdoutLine: {'line': b'-- Up-to-date symlink: /home/giromi/Repos/VTOL/ws_sensor_combined_src/install/px4_msgs/share/px4_msgs/msg/RtlTimeEstimate.msg\n'}
[6.787497] (px4_msgs) StdoutLine: {'line': b'-- Up-to-date symlink: /home/giromi/Repos/VTOL/ws_sensor_combined_src/install/px4_msgs/share/px4_msgs/msg/SatelliteInfo.msg\n'}
[6.787807] (px4_msgs) StdoutLine: {'line': b'-- Up-to-date symlink: /home/giromi/Repos/VTOL/ws_sensor_combined_src/install/px4_msgs/share/px4_msgs/msg/SensorAccel.msg\n'}
[6.788096] (px4_msgs) StdoutLine: {'line': b'-- Up-to-date symlink: /home/giromi/Repos/VTOL/ws_sensor_combined_src/install/px4_msgs/share/px4_msgs/msg/SensorAccelFifo.msg\n'}
[6.788403] (px4_msgs) StdoutLine: {'line': b'-- Up-to-date symlink: /home/giromi/Repos/VTOL/ws_sensor_combined_src/install/px4_msgs/share/px4_msgs/msg/SensorAirflow.msg\n'}
[6.788818] (px4_msgs) StdoutLine: {'line': b'-- Up-to-date symlink: /home/giromi/Repos/VTOL/ws_sensor_combined_src/install/px4_msgs/share/px4_msgs/msg/SensorBaro.msg\n'}
[6.789193] (px4_msgs) StdoutLine: {'line': b'-- Up-to-date symlink: /home/giromi/Repos/VTOL/ws_sensor_combined_src/install/px4_msgs/share/px4_msgs/msg/SensorCombined.msg\n'}
[6.789595] (px4_msgs) StdoutLine: {'line': b'-- Up-to-date symlink: /home/giromi/Repos/VTOL/ws_sensor_combined_src/install/px4_msgs/share/px4_msgs/msg/SensorCorrection.msg\n'}
[6.789956] (px4_msgs) StdoutLine: {'line': b'-- Up-to-date symlink: /home/giromi/Repos/VTOL/ws_sensor_combined_src/install/px4_msgs/share/px4_msgs/msg/SensorGnssRelative.msg\n'}
[6.790266] (px4_msgs) StdoutLine: {'line': b'-- Up-to-date symlink: /home/giromi/Repos/VTOL/ws_sensor_combined_src/install/px4_msgs/share/px4_msgs/msg/SensorGps.msg\n'}
[6.790649] (px4_msgs) StdoutLine: {'line': b'-- Up-to-date symlink: /home/giromi/Repos/VTOL/ws_sensor_combined_src/install/px4_msgs/share/px4_msgs/msg/SensorGyro.msg\n'}
[6.790986] (px4_msgs) StdoutLine: {'line': b'-- Up-to-date symlink: /home/giromi/Repos/VTOL/ws_sensor_combined_src/install/px4_msgs/share/px4_msgs/msg/SensorGyroFft.msg\n'}
[6.791268] (px4_msgs) StdoutLine: {'line': b'-- Up-to-date symlink: /home/giromi/Repos/VTOL/ws_sensor_combined_src/install/px4_msgs/share/px4_msgs/msg/SensorGyroFifo.msg\n'}
[6.791576] (px4_msgs) StdoutLine: {'line': b'-- Up-to-date symlink: /home/giromi/Repos/VTOL/ws_sensor_combined_src/install/px4_msgs/share/px4_msgs/msg/SensorHygrometer.msg\n'}
[6.791884] (px4_msgs) StdoutLine: {'line': b'-- Up-to-date symlink: /home/giromi/Repos/VTOL/ws_sensor_combined_src/install/px4_msgs/share/px4_msgs/msg/SensorMag.msg\n'}
[6.792129] (px4_msgs) StdoutLine: {'line': b'-- Up-to-date symlink: /home/giromi/Repos/VTOL/ws_sensor_combined_src/install/px4_msgs/share/px4_msgs/msg/SensorOpticalFlow.msg\n'}
[6.792424] (px4_msgs) StdoutLine: {'line': b'-- Up-to-date symlink: /home/giromi/Repos/VTOL/ws_sensor_combined_src/install/px4_msgs/share/px4_msgs/msg/SensorPreflightMag.msg\n'}
[6.792739] (px4_msgs) StdoutLine: {'line': b'-- Up-to-date symlink: /home/giromi/Repos/VTOL/ws_sensor_combined_src/install/px4_msgs/share/px4_msgs/msg/SensorSelection.msg\n'}
[6.793032] (px4_msgs) StdoutLine: {'line': b'-- Up-to-date symlink: /home/giromi/Repos/VTOL/ws_sensor_combined_src/install/px4_msgs/share/px4_msgs/msg/SensorUwb.msg\n'}
[6.793463] (px4_msgs) StdoutLine: {'line': b'-- Up-to-date symlink: /home/giromi/Repos/VTOL/ws_sensor_combined_src/install/px4_msgs/share/px4_msgs/msg/SensorsStatus.msg\n'}
[6.793848] (px4_msgs) StdoutLine: {'line': b'-- Up-to-date symlink: /home/giromi/Repos/VTOL/ws_sensor_combined_src/install/px4_msgs/share/px4_msgs/msg/SensorsStatusImu.msg\n'}
[6.794222] (px4_msgs) StdoutLine: {'line': b'-- Up-to-date symlink: /home/giromi/Repos/VTOL/ws_sensor_combined_src/install/px4_msgs/share/px4_msgs/msg/SystemPower.msg\n'}
[6.794576] (px4_msgs) StdoutLine: {'line': b'-- Up-to-date symlink: /home/giromi/Repos/VTOL/ws_sensor_combined_src/install/px4_msgs/share/px4_msgs/msg/TakeoffStatus.msg\n'}
[6.794910] (px4_msgs) StdoutLine: {'line': b'-- Up-to-date symlink: /home/giromi/Repos/VTOL/ws_sensor_combined_src/install/px4_msgs/share/px4_msgs/msg/TaskStackInfo.msg\n'}
[6.795221] (px4_msgs) StdoutLine: {'line': b'-- Up-to-date symlink: /home/giromi/Repos/VTOL/ws_sensor_combined_src/install/px4_msgs/share/px4_msgs/msg/TecsStatus.msg\n'}
[6.795517] (px4_msgs) StdoutLine: {'line': b'-- Up-to-date symlink: /home/giromi/Repos/VTOL/ws_sensor_combined_src/install/px4_msgs/share/px4_msgs/msg/TelemetryStatus.msg\n'}
[6.795828] (px4_msgs) StdoutLine: {'line': b'-- Up-to-date symlink: /home/giromi/Repos/VTOL/ws_sensor_combined_src/install/px4_msgs/share/px4_msgs/msg/TiltrotorExtraControls.msg\n'}
[6.796146] (px4_msgs) StdoutLine: {'line': b'-- Up-to-date symlink: /home/giromi/Repos/VTOL/ws_sensor_combined_src/install/px4_msgs/share/px4_msgs/msg/TimesyncStatus.msg\n'}
[6.796535] (px4_msgs) StdoutLine: {'line': b'-- Up-to-date symlink: /home/giromi/Repos/VTOL/ws_sensor_combined_src/install/px4_msgs/share/px4_msgs/msg/TrajectoryBezier.msg\n'}
[6.796933] (px4_msgs) StdoutLine: {'line': b'-- Up-to-date symlink: /home/giromi/Repos/VTOL/ws_sensor_combined_src/install/px4_msgs/share/px4_msgs/msg/TrajectorySetpoint.msg\n'}
[6.797236] (px4_msgs) StdoutLine: {'line': b'-- Up-to-date symlink: /home/giromi/Repos/VTOL/ws_sensor_combined_src/install/px4_msgs/share/px4_msgs/msg/TrajectoryWaypoint.msg\n'}
[6.797572] (px4_msgs) StdoutLine: {'line': b'-- Up-to-date symlink: /home/giromi/Repos/VTOL/ws_sensor_combined_src/install/px4_msgs/share/px4_msgs/msg/TransponderReport.msg\n'}
[6.797866] (px4_msgs) StdoutLine: {'line': b'-- Up-to-date symlink: /home/giromi/Repos/VTOL/ws_sensor_combined_src/install/px4_msgs/share/px4_msgs/msg/TuneControl.msg\n'}
[6.798243] (px4_msgs) StdoutLine: {'line': b'-- Up-to-date symlink: /home/giromi/Repos/VTOL/ws_sensor_combined_src/install/px4_msgs/share/px4_msgs/msg/UavcanParameterRequest.msg\n'}
[6.798599] (px4_msgs) StdoutLine: {'line': b'-- Up-to-date symlink: /home/giromi/Repos/VTOL/ws_sensor_combined_src/install/px4_msgs/share/px4_msgs/msg/UavcanParameterValue.msg\n'}
[6.798913] (px4_msgs) StdoutLine: {'line': b'-- Up-to-date symlink: /home/giromi/Repos/VTOL/ws_sensor_combined_src/install/px4_msgs/share/px4_msgs/msg/UlogStream.msg\n'}
[6.799224] (px4_msgs) StdoutLine: {'line': b'-- Up-to-date symlink: /home/giromi/Repos/VTOL/ws_sensor_combined_src/install/px4_msgs/share/px4_msgs/msg/UlogStreamAck.msg\n'}
[6.799522] (px4_msgs) StdoutLine: {'line': b'-- Up-to-date symlink: /home/giromi/Repos/VTOL/ws_sensor_combined_src/install/px4_msgs/share/px4_msgs/msg/UnregisterExtComponent.msg\n'}
[6.799827] (px4_msgs) StdoutLine: {'line': b'-- Up-to-date symlink: /home/giromi/Repos/VTOL/ws_sensor_combined_src/install/px4_msgs/share/px4_msgs/msg/VehicleAcceleration.msg\n'}
[6.800211] (px4_msgs) StdoutLine: {'line': b'-- Up-to-date symlink: /home/giromi/Repos/VTOL/ws_sensor_combined_src/install/px4_msgs/share/px4_msgs/msg/VehicleAirData.msg\n'}
[6.800514] (px4_msgs) StdoutLine: {'line': b'-- Up-to-date symlink: /home/giromi/Repos/VTOL/ws_sensor_combined_src/install/px4_msgs/share/px4_msgs/msg/VehicleAngularAccelerationSetpoint.msg\n'}
[6.800852] (px4_msgs) StdoutLine: {'line': b'-- Up-to-date symlink: /home/giromi/Repos/VTOL/ws_sensor_combined_src/install/px4_msgs/share/px4_msgs/msg/VehicleAngularVelocity.msg\n'}
[6.801153] (px4_msgs) StdoutLine: {'line': b'-- Up-to-date symlink: /home/giromi/Repos/VTOL/ws_sensor_combined_src/install/px4_msgs/share/px4_msgs/msg/VehicleAttitude.msg\n'}
[6.801532] (px4_msgs) StdoutLine: {'line': b'-- Up-to-date symlink: /home/giromi/Repos/VTOL/ws_sensor_combined_src/install/px4_msgs/share/px4_msgs/msg/VehicleAttitudeSetpoint.msg\n'}
[6.801881] (px4_msgs) StdoutLine: {'line': b'-- Up-to-date symlink: /home/giromi/Repos/VTOL/ws_sensor_combined_src/install/px4_msgs/share/px4_msgs/msg/VehicleCommand.msg\n'}
[6.802179] (px4_msgs) StdoutLine: {'line': b'-- Up-to-date symlink: /home/giromi/Repos/VTOL/ws_sensor_combined_src/install/px4_msgs/share/px4_msgs/msg/VehicleCommandAck.msg\n'}
[6.802496] (px4_msgs) StdoutLine: {'line': b'-- Up-to-date symlink: /home/giromi/Repos/VTOL/ws_sensor_combined_src/install/px4_msgs/share/px4_msgs/msg/VehicleConstraints.msg\n'}
[6.802842] (px4_msgs) StdoutLine: {'line': b'-- Up-to-date symlink: /home/giromi/Repos/VTOL/ws_sensor_combined_src/install/px4_msgs/share/px4_msgs/msg/VehicleControlMode.msg\n'}
[6.803146] (px4_msgs) StdoutLine: {'line': b'-- Up-to-date symlink: /home/giromi/Repos/VTOL/ws_sensor_combined_src/install/px4_msgs/share/px4_msgs/msg/VehicleGlobalPosition.msg\n'}
[6.803447] (px4_msgs) StdoutLine: {'line': b'-- Up-to-date symlink: /home/giromi/Repos/VTOL/ws_sensor_combined_src/install/px4_msgs/share/px4_msgs/msg/VehicleImu.msg\n'}
[6.803740] (px4_msgs) StdoutLine: {'line': b'-- Up-to-date symlink: /home/giromi/Repos/VTOL/ws_sensor_combined_src/install/px4_msgs/share/px4_msgs/msg/VehicleImuStatus.msg\n'}
[6.804083] (px4_msgs) StdoutLine: {'line': b'-- Up-to-date symlink: /home/giromi/Repos/VTOL/ws_sensor_combined_src/install/px4_msgs/share/px4_msgs/msg/VehicleLandDetected.msg\n'}
[6.804403] (px4_msgs) StdoutLine: {'line': b'-- Up-to-date symlink: /home/giromi/Repos/VTOL/ws_sensor_combined_src/install/px4_msgs/share/px4_msgs/msg/VehicleLocalPosition.msg\n'}
[6.804785] (px4_msgs) StdoutLine: {'line': b'-- Up-to-date symlink: /home/giromi/Repos/VTOL/ws_sensor_combined_src/install/px4_msgs/share/px4_msgs/msg/VehicleLocalPositionSetpoint.msg\n'}
[6.805137] (px4_msgs) StdoutLine: {'line': b'-- Up-to-date symlink: /home/giromi/Repos/VTOL/ws_sensor_combined_src/install/px4_msgs/share/px4_msgs/msg/VehicleMagnetometer.msg\n'}
[6.805554] (px4_msgs) StdoutLine: {'line': b'-- Up-to-date symlink: /home/giromi/Repos/VTOL/ws_sensor_combined_src/install/px4_msgs/share/px4_msgs/msg/VehicleOdometry.msg\n'}
[6.805855] (px4_msgs) StdoutLine: {'line': b'-- Up-to-date symlink: /home/giromi/Repos/VTOL/ws_sensor_combined_src/install/px4_msgs/share/px4_msgs/msg/VehicleOpticalFlow.msg\n'}
[6.806172] (px4_msgs) StdoutLine: {'line': b'-- Up-to-date symlink: /home/giromi/Repos/VTOL/ws_sensor_combined_src/install/px4_msgs/share/px4_msgs/msg/VehicleOpticalFlowVel.msg\n'}
[6.806440] (px4_msgs) StdoutLine: {'line': b'-- Up-to-date symlink: /home/giromi/Repos/VTOL/ws_sensor_combined_src/install/px4_msgs/share/px4_msgs/msg/VehicleRatesSetpoint.msg\n'}
[6.806839] (px4_msgs) StdoutLine: {'line': b'-- Up-to-date symlink: /home/giromi/Repos/VTOL/ws_sensor_combined_src/install/px4_msgs/share/px4_msgs/msg/VehicleRoi.msg\n'}
[6.807140] (px4_msgs) StdoutLine: {'line': b'-- Up-to-date symlink: /home/giromi/Repos/VTOL/ws_sensor_combined_src/install/px4_msgs/share/px4_msgs/msg/VehicleStatus.msg\n'}
[6.807446] (px4_msgs) StdoutLine: {'line': b'-- Up-to-date symlink: /home/giromi/Repos/VTOL/ws_sensor_combined_src/install/px4_msgs/share/px4_msgs/msg/VehicleThrustSetpoint.msg\n'}
[6.807687] (px4_msgs) StdoutLine: {'line': b'-- Up-to-date symlink: /home/giromi/Repos/VTOL/ws_sensor_combined_src/install/px4_msgs/share/px4_msgs/msg/VehicleTorqueSetpoint.msg\n'}
[6.808140] (px4_msgs) StdoutLine: {'line': b'-- Up-to-date symlink: /home/giromi/Repos/VTOL/ws_sensor_combined_src/install/px4_msgs/share/px4_msgs/msg/VehicleTrajectoryBezier.msg\n'}
[6.808419] (px4_msgs) StdoutLine: {'line': b'-- Up-to-date symlink: /home/giromi/Repos/VTOL/ws_sensor_combined_src/install/px4_msgs/share/px4_msgs/msg/VehicleTrajectoryWaypoint.msg\n'}
[6.808797] (px4_msgs) StdoutLine: {'line': b'-- Up-to-date symlink: /home/giromi/Repos/VTOL/ws_sensor_combined_src/install/px4_msgs/share/px4_msgs/msg/VelocityLimits.msg\n'}
[6.809094] (px4_msgs) StdoutLine: {'line': b'-- Up-to-date symlink: /home/giromi/Repos/VTOL/ws_sensor_combined_src/install/px4_msgs/share/px4_msgs/msg/VtolVehicleStatus.msg\n'}
[6.809481] (px4_msgs) StdoutLine: {'line': b'-- Up-to-date symlink: /home/giromi/Repos/VTOL/ws_sensor_combined_src/install/px4_msgs/share/px4_msgs/msg/WheelEncoders.msg\n'}
[6.809811] (px4_msgs) StdoutLine: {'line': b'-- Up-to-date symlink: /home/giromi/Repos/VTOL/ws_sensor_combined_src/install/px4_msgs/share/px4_msgs/msg/Wind.msg\n'}
[6.810109] (px4_msgs) StdoutLine: {'line': b'-- Up-to-date symlink: /home/giromi/Repos/VTOL/ws_sensor_combined_src/install/px4_msgs/share/px4_msgs/msg/YawEstimatorStatus.msg\n'}
[6.810311] (px4_msgs) StdoutLine: {'line': b'-- Up-to-date symlink: /home/giromi/Repos/VTOL/ws_sensor_combined_src/install/px4_msgs/share/px4_msgs/srv/VehicleCommand.srv\n'}
[6.810503] (px4_msgs) StdoutLine: {'line': b'-- Up-to-date symlink: /home/giromi/Repos/VTOL/ws_sensor_combined_src/install/px4_msgs/share/px4_msgs/srv/VehicleCommand_Request.msg\n'}
[6.810786] (px4_msgs) StdoutLine: {'line': b'-- Up-to-date symlink: /home/giromi/Repos/VTOL/ws_sensor_combined_src/install/px4_msgs/share/px4_msgs/srv/VehicleCommand_Response.msg\n'}
[6.811014] (px4_msgs) StdoutLine: {'line': b'-- Up-to-date symlink: /home/giromi/Repos/VTOL/ws_sensor_combined_src/install/px4_msgs/share/ament_index/resource_index/package_run_dependencies/px4_msgs\n'}
[6.811336] (px4_msgs) StdoutLine: {'line': b'-- Up-to-date symlink: /home/giromi/Repos/VTOL/ws_sensor_combined_src/install/px4_msgs/share/ament_index/resource_index/parent_prefix_path/px4_msgs\n'}
[6.811641] (px4_msgs) StdoutLine: {'line': b'-- Up-to-date symlink: /home/giromi/Repos/VTOL/ws_sensor_combined_src/install/px4_msgs/share/px4_msgs/environment/ament_prefix_path.sh\n'}
[6.811860] (px4_msgs) StdoutLine: {'line': b'-- Up-to-date symlink: /home/giromi/Repos/VTOL/ws_sensor_combined_src/install/px4_msgs/share/px4_msgs/environment/ament_prefix_path.dsv\n'}
[6.812166] (px4_msgs) StdoutLine: {'line': b'-- Up-to-date symlink: /home/giromi/Repos/VTOL/ws_sensor_combined_src/install/px4_msgs/share/px4_msgs/environment/path.sh\n'}
[6.812386] (px4_msgs) StdoutLine: {'line': b'-- Up-to-date symlink: /home/giromi/Repos/VTOL/ws_sensor_combined_src/install/px4_msgs/share/px4_msgs/environment/path.dsv\n'}
[6.812597] (px4_msgs) StdoutLine: {'line': b'-- Up-to-date symlink: /home/giromi/Repos/VTOL/ws_sensor_combined_src/install/px4_msgs/share/px4_msgs/local_setup.bash\n'}
[6.812837] (px4_msgs) StdoutLine: {'line': b'-- Up-to-date symlink: /home/giromi/Repos/VTOL/ws_sensor_combined_src/install/px4_msgs/share/px4_msgs/local_setup.sh\n'}
[6.813065] (px4_msgs) StdoutLine: {'line': b'-- Up-to-date symlink: /home/giromi/Repos/VTOL/ws_sensor_combined_src/install/px4_msgs/share/px4_msgs/local_setup.zsh\n'}
[6.813268] (px4_msgs) StdoutLine: {'line': b'-- Up-to-date symlink: /home/giromi/Repos/VTOL/ws_sensor_combined_src/install/px4_msgs/share/px4_msgs/local_setup.dsv\n'}
[6.813401] (px4_msgs) StdoutLine: {'line': b'-- Symlinking: /home/giromi/Repos/VTOL/ws_sensor_combined_src/install/px4_msgs/share/px4_msgs/package.dsv\n'}
[6.815364] (-) TimerEvent: {}
[6.817814] (px4_msgs) StdoutLine: {'line': b'-- Up-to-date symlink: /home/giromi/Repos/VTOL/ws_sensor_combined_src/install/px4_msgs/share/ament_index/resource_index/packages/px4_msgs\n'}
[6.818030] (px4_msgs) StdoutLine: {'line': b'-- Up-to-date symlink: /home/giromi/Repos/VTOL/ws_sensor_combined_src/install/px4_msgs/share/px4_msgs/cmake/rosidl_cmake-extras.cmake\n'}
[6.818245] (px4_msgs) StdoutLine: {'line': b'-- Up-to-date symlink: /home/giromi/Repos/VTOL/ws_sensor_combined_src/install/px4_msgs/share/px4_msgs/cmake/ament_cmake_export_dependencies-extras.cmake\n'}
[6.818415] (px4_msgs) StdoutLine: {'line': b'-- Up-to-date symlink: /home/giromi/Repos/VTOL/ws_sensor_combined_src/install/px4_msgs/share/px4_msgs/cmake/ament_cmake_export_include_directories-extras.cmake\n'}
[6.818797] (px4_msgs) StdoutLine: {'line': b'-- Up-to-date symlink: /home/giromi/Repos/VTOL/ws_sensor_combined_src/install/px4_msgs/share/px4_msgs/cmake/ament_cmake_export_libraries-extras.cmake\n'}
[6.819007] (px4_msgs) StdoutLine: {'line': b'-- Up-to-date symlink: /home/giromi/Repos/VTOL/ws_sensor_combined_src/install/px4_msgs/share/px4_msgs/cmake/ament_cmake_export_targets-extras.cmake\n'}
[6.819169] (px4_msgs) StdoutLine: {'line': b'-- Up-to-date symlink: /home/giromi/Repos/VTOL/ws_sensor_combined_src/install/px4_msgs/share/px4_msgs/cmake/rosidl_cmake_export_typesupport_targets-extras.cmake\n'}
[6.819479] (px4_msgs) StdoutLine: {'line': b'-- Up-to-date symlink: /home/giromi/Repos/VTOL/ws_sensor_combined_src/install/px4_msgs/share/px4_msgs/cmake/rosidl_cmake_export_typesupport_libraries-extras.cmake\n'}
[6.819765] (px4_msgs) StdoutLine: {'line': b'-- Up-to-date symlink: /home/giromi/Repos/VTOL/ws_sensor_combined_src/install/px4_msgs/share/px4_msgs/cmake/px4_msgsConfig.cmake\n'}
[6.820008] (px4_msgs) StdoutLine: {'line': b'-- Up-to-date symlink: /home/giromi/Repos/VTOL/ws_sensor_combined_src/install/px4_msgs/share/px4_msgs/cmake/px4_msgsConfig-version.cmake\n'}
[6.820211] (px4_msgs) StdoutLine: {'line': b'-- Up-to-date symlink: /home/giromi/Repos/VTOL/ws_sensor_combined_src/install/px4_msgs/share/px4_msgs/package.xml\n'}
[6.839673] (px4_msgs) StdoutLine: {'line': b'-- Up-to-date: /home/giromi/Repos/VTOL/ws_sensor_combined_src/install/px4_msgs/lib/libpx4_msgs__rosidl_generator_c.so\n'}
[6.849982] (px4_msgs) StdoutLine: {'line': b'-- Up-to-date: /home/giromi/Repos/VTOL/ws_sensor_combined_src/install/px4_msgs/lib/libpx4_msgs__rosidl_typesupport_fastrtps_c.so\n'}
[6.863273] (px4_msgs) StdoutLine: {'line': b'-- Installing: /home/giromi/Repos/VTOL/ws_sensor_combined_src/install/px4_msgs/lib/libpx4_msgs__rosidl_typesupport_fastrtps_cpp.so\n'}
[6.870606] (px4_msgs) StdoutLine: {'line': b'-- Set non-toolchain portion of runtime path of "/home/giromi/Repos/VTOL/ws_sensor_combined_src/install/px4_msgs/lib/libpx4_msgs__rosidl_typesupport_fastrtps_cpp.so" to ""\n'}
[6.877356] (px4_msgs) StdoutLine: {'line': b'-- Up-to-date: /home/giromi/Repos/VTOL/ws_sensor_combined_src/install/px4_msgs/lib/libpx4_msgs__rosidl_typesupport_introspection_c.so\n'}
[6.888128] (px4_msgs) StdoutLine: {'line': b'-- Up-to-date: /home/giromi/Repos/VTOL/ws_sensor_combined_src/install/px4_msgs/lib/libpx4_msgs__rosidl_typesupport_c.so\n'}
[6.904466] (px4_msgs) StdoutLine: {'line': b'-- Installing: /home/giromi/Repos/VTOL/ws_sensor_combined_src/install/px4_msgs/lib/libpx4_msgs__rosidl_typesupport_introspection_cpp.so\n'}
[6.913710] (px4_msgs) StdoutLine: {'line': b'-- Set non-toolchain portion of runtime path of "/home/giromi/Repos/VTOL/ws_sensor_combined_src/install/px4_msgs/lib/libpx4_msgs__rosidl_typesupport_introspection_cpp.so" to ""\n'}
[6.915563] (-) TimerEvent: {}
[6.928113] (px4_msgs) StdoutLine: {'line': b'-- Installing: /home/giromi/Repos/VTOL/ws_sensor_combined_src/install/px4_msgs/lib/libpx4_msgs__rosidl_typesupport_cpp.so\n'}
[6.931848] (px4_msgs) StdoutLine: {'line': b'-- Set non-toolchain portion of runtime path of "/home/giromi/Repos/VTOL/ws_sensor_combined_src/install/px4_msgs/lib/libpx4_msgs__rosidl_typesupport_cpp.so" to ""\n'}
[7.015686] (-) TimerEvent: {}
[7.116017] (-) TimerEvent: {}
[7.148510] (px4_msgs) StdoutLine: {'line': b"Listing '/home/giromi/Repos/VTOL/ws_sensor_combined_src/install/px4_msgs/local/lib/python3.10/dist-packages/px4_msgs'...\n"}
[7.148907] (px4_msgs) StdoutLine: {'line': b"Compiling '/home/giromi/Repos/VTOL/ws_sensor_combined_src/install/px4_msgs/local/lib/python3.10/dist-packages/px4_msgs/__init__.py'...\n"}
[7.149147] (px4_msgs) StdoutLine: {'line': b"Listing '/home/giromi/Repos/VTOL/ws_sensor_combined_src/install/px4_msgs/local/lib/python3.10/dist-packages/px4_msgs/msg'...\n"}
[7.149367] (px4_msgs) StdoutLine: {'line': b"Listing '/home/giromi/Repos/VTOL/ws_sensor_combined_src/install/px4_msgs/local/lib/python3.10/dist-packages/px4_msgs/srv'...\n"}
[7.172726] (px4_msgs) StdoutLine: {'line': b'-- Up-to-date: /home/giromi/Repos/VTOL/ws_sensor_combined_src/install/px4_msgs/lib/libpx4_msgs__rosidl_generator_py.so\n'}
[7.173111] (px4_msgs) StdoutLine: {'line': b'-- Up-to-date: /home/giromi/Repos/VTOL/ws_sensor_combined_src/install/px4_msgs/share/px4_msgs/cmake/export_px4_msgs__rosidl_generator_cExport.cmake\n'}
[7.173299] (px4_msgs) StdoutLine: {'line': b'-- Up-to-date: /home/giromi/Repos/VTOL/ws_sensor_combined_src/install/px4_msgs/share/px4_msgs/cmake/export_px4_msgs__rosidl_generator_cExport-noconfig.cmake\n'}
[7.173517] (px4_msgs) StdoutLine: {'line': b'-- Up-to-date: /home/giromi/Repos/VTOL/ws_sensor_combined_src/install/px4_msgs/share/px4_msgs/cmake/export_px4_msgs__rosidl_typesupport_fastrtps_cExport.cmake\n'}
[7.173719] (px4_msgs) StdoutLine: {'line': b'-- Up-to-date: /home/giromi/Repos/VTOL/ws_sensor_combined_src/install/px4_msgs/share/px4_msgs/cmake/export_px4_msgs__rosidl_typesupport_fastrtps_cExport-noconfig.cmake\n'}
[7.173940] (px4_msgs) StdoutLine: {'line': b'-- Up-to-date: /home/giromi/Repos/VTOL/ws_sensor_combined_src/install/px4_msgs/share/px4_msgs/cmake/export_px4_msgs__rosidl_generator_cppExport.cmake\n'}
[7.174150] (px4_msgs) StdoutLine: {'line': b'-- Up-to-date: /home/giromi/Repos/VTOL/ws_sensor_combined_src/install/px4_msgs/share/px4_msgs/cmake/export_px4_msgs__rosidl_typesupport_fastrtps_cppExport.cmake\n'}
[7.174334] (px4_msgs) StdoutLine: {'line': b'-- Up-to-date: /home/giromi/Repos/VTOL/ws_sensor_combined_src/install/px4_msgs/share/px4_msgs/cmake/export_px4_msgs__rosidl_typesupport_fastrtps_cppExport-noconfig.cmake\n'}
[7.174517] (px4_msgs) StdoutLine: {'line': b'-- Up-to-date: /home/giromi/Repos/VTOL/ws_sensor_combined_src/install/px4_msgs/share/px4_msgs/cmake/px4_msgs__rosidl_typesupport_introspection_cExport.cmake\n'}
[7.174634] (px4_msgs) StdoutLine: {'line': b'-- Up-to-date: /home/giromi/Repos/VTOL/ws_sensor_combined_src/install/px4_msgs/share/px4_msgs/cmake/px4_msgs__rosidl_typesupport_introspection_cExport-noconfig.cmake\n'}
[7.174754] (px4_msgs) StdoutLine: {'line': b'-- Up-to-date: /home/giromi/Repos/VTOL/ws_sensor_combined_src/install/px4_msgs/share/px4_msgs/cmake/px4_msgs__rosidl_typesupport_cExport.cmake\n'}
[7.174872] (px4_msgs) StdoutLine: {'line': b'-- Up-to-date: /home/giromi/Repos/VTOL/ws_sensor_combined_src/install/px4_msgs/share/px4_msgs/cmake/px4_msgs__rosidl_typesupport_cExport-noconfig.cmake\n'}
[7.174986] (px4_msgs) StdoutLine: {'line': b'-- Up-to-date: /home/giromi/Repos/VTOL/ws_sensor_combined_src/install/px4_msgs/share/px4_msgs/cmake/px4_msgs__rosidl_typesupport_introspection_cppExport.cmake\n'}
[7.175099] (px4_msgs) StdoutLine: {'line': b'-- Up-to-date: /home/giromi/Repos/VTOL/ws_sensor_combined_src/install/px4_msgs/share/px4_msgs/cmake/px4_msgs__rosidl_typesupport_introspection_cppExport-noconfig.cmake\n'}
[7.175211] (px4_msgs) StdoutLine: {'line': b'-- Up-to-date: /home/giromi/Repos/VTOL/ws_sensor_combined_src/install/px4_msgs/share/px4_msgs/cmake/px4_msgs__rosidl_typesupport_cppExport.cmake\n'}
[7.175323] (px4_msgs) StdoutLine: {'line': b'-- Up-to-date: /home/giromi/Repos/VTOL/ws_sensor_combined_src/install/px4_msgs/share/px4_msgs/cmake/px4_msgs__rosidl_typesupport_cppExport-noconfig.cmake\n'}
[7.175436] (px4_msgs) StdoutLine: {'line': b'-- Up-to-date: /home/giromi/Repos/VTOL/ws_sensor_combined_src/install/px4_msgs/share/px4_msgs/cmake/export_px4_msgs__rosidl_generator_pyExport.cmake\n'}
[7.175548] (px4_msgs) StdoutLine: {'line': b'-- Up-to-date: /home/giromi/Repos/VTOL/ws_sensor_combined_src/install/px4_msgs/share/px4_msgs/cmake/export_px4_msgs__rosidl_generator_pyExport-noconfig.cmake\n'}
[7.176320] (px4_msgs) CommandEnded: {'returncode': 0}
[7.216213] (-) TimerEvent: {}
[7.316544] (-) TimerEvent: {}
[7.416846] (-) TimerEvent: {}
[7.517136] (-) TimerEvent: {}
[7.617425] (-) TimerEvent: {}
[7.717715] (-) TimerEvent: {}
[7.818013] (-) TimerEvent: {}
[7.918296] (-) TimerEvent: {}
[8.018533] (-) TimerEvent: {}
[8.118758] (-) TimerEvent: {}
[8.219096] (-) TimerEvent: {}
[8.319376] (-) TimerEvent: {}
[8.419629] (-) TimerEvent: {}
[8.519900] (-) TimerEvent: {}
[8.620203] (-) TimerEvent: {}
[8.720428] (-) TimerEvent: {}
[8.820695] (-) TimerEvent: {}
[8.920915] (-) TimerEvent: {}
[9.021168] (-) TimerEvent: {}
[9.121423] (-) TimerEvent: {}
[9.221641] (-) TimerEvent: {}
[9.321920] (-) TimerEvent: {}
[9.422216] (-) TimerEvent: {}
[9.522443] (-) TimerEvent: {}
[9.622769] (-) TimerEvent: {}
[9.723035] (-) TimerEvent: {}
[9.823284] (-) TimerEvent: {}
[9.923539] (-) TimerEvent: {}
[10.023776] (-) TimerEvent: {}
[10.124037] (-) TimerEvent: {}
[10.224291] (-) TimerEvent: {}
[10.324541] (-) TimerEvent: {}
[10.424782] (-) TimerEvent: {}
[10.525190] (-) TimerEvent: {}
[10.625450] (-) TimerEvent: {}
[10.725816] (-) TimerEvent: {}
[10.826070] (-) TimerEvent: {}
[10.926288] (-) TimerEvent: {}
[11.026569] (-) TimerEvent: {}
[11.126867] (-) TimerEvent: {}
[11.227120] (-) TimerEvent: {}
[11.327343] (-) TimerEvent: {}
[11.427603] (-) TimerEvent: {}
[11.527971] (-) TimerEvent: {}
[11.628183] (-) TimerEvent: {}
[11.728396] (-) TimerEvent: {}
[11.828844] (-) TimerEvent: {}
[11.920556] (px4_msgs) JobEnded: {'identifier': 'px4_msgs', 'rc': 0}
[11.921202] (px4_ros2_cpp) JobStarted: {'identifier': 'px4_ros2_cpp'}
[11.929224] (-) TimerEvent: {}
[11.973018] (px4_ros_com) JobStarted: {'identifier': 'px4_ros_com'}
[12.027827] (px4_ros2_cpp) JobProgress: {'identifier': 'px4_ros2_cpp', 'progress': 'cmake'}
[12.029342] (-) TimerEvent: {}
[12.049250] (px4_ros2_cpp) Command: {'cmd': ['/usr/local/bin/cmake', '/home/giromi/Repos/VTOL/ws_sensor_combined_src/src/px4-ros2-interface-lib/px4_ros2_cpp', '-DAMENT_CMAKE_SYMLINK_INSTALL=1', '-DCMAKE_INSTALL_PREFIX=/home/giromi/Repos/VTOL/ws_sensor_combined_src/install/px4_ros2_cpp'], 'cwd': '/home/giromi/Repos/VTOL/ws_sensor_combined_src/build/px4_ros2_cpp', 'env': OrderedDict([('LESSOPEN', '| /usr/bin/lesspipe %s'), ('TMUX', '/tmp/tmux-1000/default,4900,2'), ('USER', 'giromi'), ('LC_TIME', 'ko_KR.UTF-8'), ('XDG_SESSION_TYPE', 'x11'), ('SHLVL', '2'), ('LD_LIBRARY_PATH', '/home/giromi/Repos/VTOL/ws_sensor_combined_src/install/px4_msgs/lib:/opt/ros/humble/opt/rviz_ogre_vendor/lib:/opt/ros/humble/lib/x86_64-linux-gnu:/opt/ros/humble/lib'), ('HOME', '/home/giromi'), ('OLDPWD', '/home/giromi/Repos/VTOL'), ('TERM_PROGRAM_VERSION', '3.2a'), ('DESKTOP_SESSION', 'ubuntu'), ('NVM_BIN', '/home/giromi/.nvm/versions/node/v20.11.0/bin'), ('NVM_INC', '/home/giromi/.nvm/versions/node/v20.11.0/include/node'), ('ROS_PYTHON_VERSION', '3'), ('GNOME_SHELL_SESSION_MODE', 'ubuntu'), ('GTK_MODULES', 'gail:atk-bridge'), ('PS1', "\\[\\e[01;32m\\]\\u@\\h \\[\\e[34m\\]\\w \\[\\e[1;31m\\]$(git branch 2> /dev/null | sed -e '/^[^*]/d' -e 's/* \\(.*\\)/(\\1)/')\\[\\e[00m\\]$"), ('LC_MONETARY', 'ko_KR.UTF-8'), ('SYSTEMD_EXEC_PID', '2073'), ('DBUS_SESSION_BUS_ADDRESS', 'unix:path=/run/user/1000/bus'), ('COLORTERM', 'truecolor'), ('NVM_DIR', '/home/giromi/.nvm'), ('ROS_DISTRO', 'humble'), ('GTK_IM_MODULE', 'ibus'), ('LOGNAME', 'giromi'), ('_', '/usr/bin/colcon'), ('ROS_VERSION', '2'), ('XDG_SESSION_CLASS', 'user'), ('USERNAME', 'giromi'), ('TERM', 'screen-256color'), ('GNOME_DESKTOP_SESSION_ID', 'this-is-deprecated'), ('ROS_LOCALHOST_ONLY', '0'), ('WINDOWPATH', '2'), ('PATH', '/opt/gcc-arm-none-eabi-9-2020-q2-update/bin:/home/giromi/.local/bin:/home/giromi/.nvm/versions/node/v20.11.0/bin:/opt/ros/humble/bin:/opt/gcc-arm-none-eabi-9-2020-q2-update/bin:/home/giromi/.local/bin:/usr/local/sbin:/usr/local/bin:/usr/sbin:/usr/bin:/sbin:/bin:/usr/games:/usr/local/games:/snap/bin:/snap/bin:/home/giromi/Bashes:/home/giromi/Bashes'), ('SESSION_MANAGER', 'local/ubuntu22:@/tmp/.ICE-unix/2044,unix/ubuntu22:/tmp/.ICE-unix/2044'), ('XDG_MENU_PREFIX', 'gnome-'), ('LC_ADDRESS', 'ko_KR.UTF-8'), ('GNOME_TERMINAL_SCREEN', '/org/gnome/Terminal/screen/7c38761a_019b_4274_8719_b3f2320c43bd'), ('XDG_RUNTIME_DIR', '/run/user/1000'), ('DISPLAY', ':1'), ('LANG', 'en_US.UTF-8'), ('XDG_CURRENT_DESKTOP', 'ubuntu:GNOME'), ('LC_TELEPHONE', 'ko_KR.UTF-8'), ('XMODIFIERS', '@im=ibus'), ('XDG_SESSION_DESKTOP', 'ubuntu'), ('XAUTHORITY', '/run/user/1000/gdm/Xauthority'), ('LS_COLORS', 'rs=0:di=01;34:ln=01;36:mh=00:pi=40;33:so=01;35:do=01;35:bd=40;33;01:cd=40;33;01:or=40;31;01:mi=00:su=37;41:sg=30;43:ca=30;41:tw=30;42:ow=34;42:st=37;44:ex=01;32:*.tar=01;31:*.tgz=01;31:*.arc=01;31:*.arj=01;31:*.taz=01;31:*.lha=01;31:*.lz4=01;31:*.lzh=01;31:*.lzma=01;31:*.tlz=01;31:*.txz=01;31:*.tzo=01;31:*.t7z=01;31:*.zip=01;31:*.z=01;31:*.dz=01;31:*.gz=01;31:*.lrz=01;31:*.lz=01;31:*.lzo=01;31:*.xz=01;31:*.zst=01;31:*.tzst=01;31:*.bz2=01;31:*.bz=01;31:*.tbz=01;31:*.tbz2=01;31:*.tz=01;31:*.deb=01;31:*.rpm=01;31:*.jar=01;31:*.war=01;31:*.ear=01;31:*.sar=01;31:*.rar=01;31:*.alz=01;31:*.ace=01;31:*.zoo=01;31:*.cpio=01;31:*.7z=01;31:*.rz=01;31:*.cab=01;31:*.wim=01;31:*.swm=01;31:*.dwm=01;31:*.esd=01;31:*.jpg=01;35:*.jpeg=01;35:*.mjpg=01;35:*.mjpeg=01;35:*.gif=01;35:*.bmp=01;35:*.pbm=01;35:*.pgm=01;35:*.ppm=01;35:*.tga=01;35:*.xbm=01;35:*.xpm=01;35:*.tif=01;35:*.tiff=01;35:*.png=01;35:*.svg=01;35:*.svgz=01;35:*.mng=01;35:*.pcx=01;35:*.mov=01;35:*.mpg=01;35:*.mpeg=01;35:*.m2v=01;35:*.mkv=01;35:*.webm=01;35:*.webp=01;35:*.ogm=01;35:*.mp4=01;35:*.m4v=01;35:*.mp4v=01;35:*.vob=01;35:*.qt=01;35:*.nuv=01;35:*.wmv=01;35:*.asf=01;35:*.rm=01;35:*.rmvb=01;35:*.flc=01;35:*.avi=01;35:*.fli=01;35:*.flv=01;35:*.gl=01;35:*.dl=01;35:*.xcf=01;35:*.xwd=01;35:*.yuv=01;35:*.cgm=01;35:*.emf=01;35:*.ogv=01;35:*.ogx=01;35:*.aac=00;36:*.au=00;36:*.flac=00;36:*.m4a=00;36:*.mid=00;36:*.midi=00;36:*.mka=00;36:*.mp3=00;36:*.mpc=00;36:*.ogg=00;36:*.ra=00;36:*.wav=00;36:*.oga=00;36:*.opus=00;36:*.spx=00;36:*.xspf=00;36:'), ('GNOME_TERMINAL_SERVICE', ':1.100'), ('TERM_PROGRAM', 'tmux'), ('SSH_AGENT_LAUNCHER', 'gnome-keyring'), ('SSH_AUTH_SOCK', '/run/user/1000/keyring/ssh'), ('AMENT_PREFIX_PATH', '/home/giromi/Repos/VTOL/ws_sensor_combined_src/install/px4_msgs:/opt/ros/humble'), ('SHELL', '/bin/bash'), ('LC_NAME', 'ko_KR.UTF-8'), ('QT_ACCESSIBILITY', '1'), ('GDMSESSION', 'ubuntu'), ('LESSCLOSE', '/usr/bin/lesspipe %s %s'), ('LC_MEASUREMENT', 'ko_KR.UTF-8'), ('GPG_AGENT_INFO', '/run/user/1000/gnupg/S.gpg-agent:0:1'), ('LC_IDENTIFICATION', 'ko_KR.UTF-8'), ('QT_IM_MODULE', 'ibus'), ('PWD', '/home/giromi/Repos/VTOL/ws_sensor_combined_src/build/px4_ros2_cpp'), ('LC_ALL', 'en_US.UTF-8'), ('XDG_CONFIG_DIRS', '/etc/xdg/xdg-ubuntu:/etc/xdg'), ('NVM_CD_FLAGS', ''), ('XDG_DATA_DIRS', '/usr/share/ubuntu:/usr/share/gnome:/usr/local/share/:/usr/share/:/var/lib/snapd/desktop'), ('PYTHONPATH', '/home/giromi/Repos/VTOL/ws_sensor_combined_src/install/px4_msgs/local/lib/python3.10/dist-packages:/opt/ros/humble/lib/python3.10/site-packages:/opt/ros/humble/local/lib/python3.10/dist-packages'), ('LC_NUMERIC', 'ko_KR.UTF-8'), ('TMUX_PLUGIN_MANAGER_PATH', '/home/giromi/.tmux/plugins/'), ('LC_PAPER', 'ko_KR.UTF-8'), ('COLCON', '1'), ('VTE_VERSION', '6800'), ('TMUX_PANE', '%2'), ('CMAKE_PREFIX_PATH', '/home/giromi/Repos/VTOL/ws_sensor_combined_src/install/px4_msgs:/opt/ros/humble')]), 'shell': False}
[12.051874] (px4_ros_com) JobProgress: {'identifier': 'px4_ros_com', 'progress': 'cmake'}
[12.053070] (px4_ros_com) Command: {'cmd': ['/usr/local/bin/cmake', '/home/giromi/Repos/VTOL/ws_sensor_combined_src/src/px4_ros_com', '-DAMENT_CMAKE_SYMLINK_INSTALL=1', '-DCMAKE_INSTALL_PREFIX=/home/giromi/Repos/VTOL/ws_sensor_combined_src/install/px4_ros_com'], 'cwd': '/home/giromi/Repos/VTOL/ws_sensor_combined_src/build/px4_ros_com', 'env': OrderedDict([('LESSOPEN', '| /usr/bin/lesspipe %s'), ('TMUX', '/tmp/tmux-1000/default,4900,2'), ('USER', 'giromi'), ('LC_TIME', 'ko_KR.UTF-8'), ('XDG_SESSION_TYPE', 'x11'), ('SHLVL', '2'), ('LD_LIBRARY_PATH', '/home/giromi/Repos/VTOL/ws_sensor_combined_src/install/px4_msgs/lib:/opt/ros/humble/opt/rviz_ogre_vendor/lib:/opt/ros/humble/lib/x86_64-linux-gnu:/opt/ros/humble/lib'), ('HOME', '/home/giromi'), ('OLDPWD', '/home/giromi/Repos/VTOL'), ('TERM_PROGRAM_VERSION', '3.2a'), ('DESKTOP_SESSION', 'ubuntu'), ('NVM_BIN', '/home/giromi/.nvm/versions/node/v20.11.0/bin'), ('NVM_INC', '/home/giromi/.nvm/versions/node/v20.11.0/include/node'), ('ROS_PYTHON_VERSION', '3'), ('GNOME_SHELL_SESSION_MODE', 'ubuntu'), ('GTK_MODULES', 'gail:atk-bridge'), ('PS1', "\\[\\e[01;32m\\]\\u@\\h \\[\\e[34m\\]\\w \\[\\e[1;31m\\]$(git branch 2> /dev/null | sed -e '/^[^*]/d' -e 's/* \\(.*\\)/(\\1)/')\\[\\e[00m\\]$"), ('LC_MONETARY', 'ko_KR.UTF-8'), ('SYSTEMD_EXEC_PID', '2073'), ('DBUS_SESSION_BUS_ADDRESS', 'unix:path=/run/user/1000/bus'), ('COLORTERM', 'truecolor'), ('NVM_DIR', '/home/giromi/.nvm'), ('ROS_DISTRO', 'humble'), ('GTK_IM_MODULE', 'ibus'), ('LOGNAME', 'giromi'), ('_', '/usr/bin/colcon'), ('ROS_VERSION', '2'), ('XDG_SESSION_CLASS', 'user'), ('USERNAME', 'giromi'), ('TERM', 'screen-256color'), ('GNOME_DESKTOP_SESSION_ID', 'this-is-deprecated'), ('ROS_LOCALHOST_ONLY', '0'), ('WINDOWPATH', '2'), ('PATH', '/opt/gcc-arm-none-eabi-9-2020-q2-update/bin:/home/giromi/.local/bin:/home/giromi/.nvm/versions/node/v20.11.0/bin:/opt/ros/humble/bin:/opt/gcc-arm-none-eabi-9-2020-q2-update/bin:/home/giromi/.local/bin:/usr/local/sbin:/usr/local/bin:/usr/sbin:/usr/bin:/sbin:/bin:/usr/games:/usr/local/games:/snap/bin:/snap/bin:/home/giromi/Bashes:/home/giromi/Bashes'), ('SESSION_MANAGER', 'local/ubuntu22:@/tmp/.ICE-unix/2044,unix/ubuntu22:/tmp/.ICE-unix/2044'), ('XDG_MENU_PREFIX', 'gnome-'), ('LC_ADDRESS', 'ko_KR.UTF-8'), ('GNOME_TERMINAL_SCREEN', '/org/gnome/Terminal/screen/7c38761a_019b_4274_8719_b3f2320c43bd'), ('XDG_RUNTIME_DIR', '/run/user/1000'), ('DISPLAY', ':1'), ('LANG', 'en_US.UTF-8'), ('XDG_CURRENT_DESKTOP', 'ubuntu:GNOME'), ('LC_TELEPHONE', 'ko_KR.UTF-8'), ('XMODIFIERS', '@im=ibus'), ('XDG_SESSION_DESKTOP', 'ubuntu'), ('XAUTHORITY', '/run/user/1000/gdm/Xauthority'), ('LS_COLORS', 'rs=0:di=01;34:ln=01;36:mh=00:pi=40;33:so=01;35:do=01;35:bd=40;33;01:cd=40;33;01:or=40;31;01:mi=00:su=37;41:sg=30;43:ca=30;41:tw=30;42:ow=34;42:st=37;44:ex=01;32:*.tar=01;31:*.tgz=01;31:*.arc=01;31:*.arj=01;31:*.taz=01;31:*.lha=01;31:*.lz4=01;31:*.lzh=01;31:*.lzma=01;31:*.tlz=01;31:*.txz=01;31:*.tzo=01;31:*.t7z=01;31:*.zip=01;31:*.z=01;31:*.dz=01;31:*.gz=01;31:*.lrz=01;31:*.lz=01;31:*.lzo=01;31:*.xz=01;31:*.zst=01;31:*.tzst=01;31:*.bz2=01;31:*.bz=01;31:*.tbz=01;31:*.tbz2=01;31:*.tz=01;31:*.deb=01;31:*.rpm=01;31:*.jar=01;31:*.war=01;31:*.ear=01;31:*.sar=01;31:*.rar=01;31:*.alz=01;31:*.ace=01;31:*.zoo=01;31:*.cpio=01;31:*.7z=01;31:*.rz=01;31:*.cab=01;31:*.wim=01;31:*.swm=01;31:*.dwm=01;31:*.esd=01;31:*.jpg=01;35:*.jpeg=01;35:*.mjpg=01;35:*.mjpeg=01;35:*.gif=01;35:*.bmp=01;35:*.pbm=01;35:*.pgm=01;35:*.ppm=01;35:*.tga=01;35:*.xbm=01;35:*.xpm=01;35:*.tif=01;35:*.tiff=01;35:*.png=01;35:*.svg=01;35:*.svgz=01;35:*.mng=01;35:*.pcx=01;35:*.mov=01;35:*.mpg=01;35:*.mpeg=01;35:*.m2v=01;35:*.mkv=01;35:*.webm=01;35:*.webp=01;35:*.ogm=01;35:*.mp4=01;35:*.m4v=01;35:*.mp4v=01;35:*.vob=01;35:*.qt=01;35:*.nuv=01;35:*.wmv=01;35:*.asf=01;35:*.rm=01;35:*.rmvb=01;35:*.flc=01;35:*.avi=01;35:*.fli=01;35:*.flv=01;35:*.gl=01;35:*.dl=01;35:*.xcf=01;35:*.xwd=01;35:*.yuv=01;35:*.cgm=01;35:*.emf=01;35:*.ogv=01;35:*.ogx=01;35:*.aac=00;36:*.au=00;36:*.flac=00;36:*.m4a=00;36:*.mid=00;36:*.midi=00;36:*.mka=00;36:*.mp3=00;36:*.mpc=00;36:*.ogg=00;36:*.ra=00;36:*.wav=00;36:*.oga=00;36:*.opus=00;36:*.spx=00;36:*.xspf=00;36:'), ('GNOME_TERMINAL_SERVICE', ':1.100'), ('TERM_PROGRAM', 'tmux'), ('SSH_AGENT_LAUNCHER', 'gnome-keyring'), ('SSH_AUTH_SOCK', '/run/user/1000/keyring/ssh'), ('AMENT_PREFIX_PATH', '/home/giromi/Repos/VTOL/ws_sensor_combined_src/install/px4_msgs:/opt/ros/humble'), ('SHELL', '/bin/bash'), ('LC_NAME', 'ko_KR.UTF-8'), ('QT_ACCESSIBILITY', '1'), ('GDMSESSION', 'ubuntu'), ('LESSCLOSE', '/usr/bin/lesspipe %s %s'), ('LC_MEASUREMENT', 'ko_KR.UTF-8'), ('GPG_AGENT_INFO', '/run/user/1000/gnupg/S.gpg-agent:0:1'), ('LC_IDENTIFICATION', 'ko_KR.UTF-8'), ('QT_IM_MODULE', 'ibus'), ('PWD', '/home/giromi/Repos/VTOL/ws_sensor_combined_src/build/px4_ros_com'), ('LC_ALL', 'en_US.UTF-8'), ('XDG_CONFIG_DIRS', '/etc/xdg/xdg-ubuntu:/etc/xdg'), ('NVM_CD_FLAGS', ''), ('XDG_DATA_DIRS', '/usr/share/ubuntu:/usr/share/gnome:/usr/local/share/:/usr/share/:/var/lib/snapd/desktop'), ('PYTHONPATH', '/home/giromi/Repos/VTOL/ws_sensor_combined_src/install/px4_msgs/local/lib/python3.10/dist-packages:/opt/ros/humble/lib/python3.10/site-packages:/opt/ros/humble/local/lib/python3.10/dist-packages'), ('LC_NUMERIC', 'ko_KR.UTF-8'), ('TMUX_PLUGIN_MANAGER_PATH', '/home/giromi/.tmux/plugins/'), ('LC_PAPER', 'ko_KR.UTF-8'), ('COLCON', '1'), ('VTE_VERSION', '6800'), ('TMUX_PANE', '%2'), ('CMAKE_PREFIX_PATH', '/home/giromi/Repos/VTOL/ws_sensor_combined_src/install/px4_msgs:/opt/ros/humble')]), 'shell': False}
[12.064138] (px4_ros_com) StdoutLine: {'line': b'-- Found ament_cmake: 1.3.7 (/opt/ros/humble/share/ament_cmake/cmake)\n'}
[12.086548] (px4_ros2_cpp) StdoutLine: {'line': b'-- Found ament_cmake: 1.3.7 (/opt/ros/humble/share/ament_cmake/cmake)\n'}
[12.129464] (-) TimerEvent: {}
[12.229814] (-) TimerEvent: {}
[12.318273] (px4_ros_com) StdoutLine: {'line': b'-- Override CMake install command with custom implementation using symlinks instead of copying resources\n'}
[12.326909] (px4_ros_com) StdoutLine: {'line': b'-- Found builtin_interfaces: 1.2.1 (/opt/ros/humble/share/builtin_interfaces/cmake)\n'}
[12.329917] (-) TimerEvent: {}
[12.331765] (px4_ros2_cpp) StdoutLine: {'line': b'-- Override CMake install command with custom implementation using symlinks instead of copying resources\n'}
[12.340740] (px4_ros2_cpp) StdoutLine: {'line': b'-- Found ament_index_cpp: 1.4.0 (/opt/ros/humble/share/ament_index_cpp/cmake)\n'}
[12.341472] (px4_ros2_cpp) StdoutLine: {'line': b'-- Found rclcpp: 16.0.8 (/opt/ros/humble/share/rclcpp/cmake)\n'}
[12.356424] (px4_ros_com) StdoutLine: {'line': b'-- Found rosidl_generator_c: 3.1.5 (/opt/ros/humble/share/rosidl_generator_c/cmake)\n'}
[12.359807] (px4_ros_com) StdoutLine: {'line': b'-- Found rosidl_adapter: 3.1.5 (/opt/ros/humble/share/rosidl_adapter/cmake)\n'}
[12.367321] (px4_ros_com) StdoutLine: {'line': b'-- Found rosidl_generator_cpp: 3.1.5 (/opt/ros/humble/share/rosidl_generator_cpp/cmake)\n'}
[12.376529] (px4_ros2_cpp) StdoutLine: {'line': b'-- Found rosidl_generator_c: 3.1.5 (/opt/ros/humble/share/rosidl_generator_c/cmake)\n'}
[12.379686] (px4_ros2_cpp) StdoutLine: {'line': b'-- Found rosidl_adapter: 3.1.5 (/opt/ros/humble/share/rosidl_adapter/cmake)\n'}
[12.381225] (px4_ros_com) StdoutLine: {'line': b'-- Using all available rosidl_typesupport_c: rosidl_typesupport_fastrtps_c;rosidl_typesupport_introspection_c\n'}
[12.387472] (px4_ros2_cpp) StdoutLine: {'line': b'-- Found rosidl_generator_cpp: 3.1.5 (/opt/ros/humble/share/rosidl_generator_cpp/cmake)\n'}
[12.400553] (px4_ros_com) StdoutLine: {'line': b'-- Using all available rosidl_typesupport_cpp: rosidl_typesupport_fastrtps_cpp;rosidl_typesupport_introspection_cpp\n'}
[12.400972] (px4_ros2_cpp) StdoutLine: {'line': b'-- Using all available rosidl_typesupport_c: rosidl_typesupport_fastrtps_c;rosidl_typesupport_introspection_c\n'}
[12.417883] (px4_ros_com) StdoutLine: {'line': b'-- Found eigen3_cmake_module: 0.1.1 (/opt/ros/humble/share/eigen3_cmake_module/cmake)\n'}
[12.419681] (px4_ros_com) StdoutLine: {'line': b'-- Found geometry_msgs: 4.2.3 (/opt/ros/humble/share/geometry_msgs/cmake)\n'}
[12.420245] (px4_ros2_cpp) StdoutLine: {'line': b'-- Using all available rosidl_typesupport_cpp: rosidl_typesupport_fastrtps_cpp;rosidl_typesupport_introspection_cpp\n'}
[12.429993] (-) TimerEvent: {}
[12.492183] (px4_ros2_cpp) StdoutLine: {'line': b'-- Found rmw_implementation_cmake: 6.1.1 (/opt/ros/humble/share/rmw_implementation_cmake/cmake)\n'}
[12.493748] (px4_ros2_cpp) StdoutLine: {'line': b'-- Found rmw_fastrtps_cpp: 6.2.6 (/opt/ros/humble/share/rmw_fastrtps_cpp/cmake)\n'}
[12.530094] (-) TimerEvent: {}
[12.532843] (px4_ros_com) StdoutLine: {'line': b'-- Found px4_msgs: 2.0.1 (/home/giromi/Repos/VTOL/ws_sensor_combined_src/install/px4_msgs/share/px4_msgs/cmake)\n'}
[12.573542] (px4_ros_com) StdoutLine: {'line': b'-- Found rclcpp: 16.0.8 (/opt/ros/humble/share/rclcpp/cmake)\n'}
[12.630197] (-) TimerEvent: {}
[12.644254] (px4_ros_com) StdoutLine: {'line': b'-- Found rmw_implementation_cmake: 6.1.1 (/opt/ros/humble/share/rmw_implementation_cmake/cmake)\n'}
[12.646185] (px4_ros_com) StdoutLine: {'line': b'-- Found rmw_fastrtps_cpp: 6.2.6 (/opt/ros/humble/share/rmw_fastrtps_cpp/cmake)\n'}
[12.653349] (px4_ros2_cpp) StdoutLine: {'line': b"-- Using RMW implementation 'rmw_fastrtps_cpp' as default\n"}
[12.730297] (-) TimerEvent: {}
[12.830674] (px4_ros_com) StdoutLine: {'line': b"-- Using RMW implementation 'rmw_fastrtps_cpp' as default\n"}
[12.830898] (-) TimerEvent: {}
[12.931180] (-) TimerEvent: {}
[12.955852] (px4_ros2_cpp) StdoutLine: {'line': b'-- Found px4_msgs: 2.0.1 (/home/giromi/Repos/VTOL/ws_sensor_combined_src/install/px4_msgs/share/px4_msgs/cmake)\n'}
[12.997493] (px4_ros2_cpp) StdoutLine: {'line': b'-- Found eigen3_cmake_module: 0.1.1 (/opt/ros/humble/share/eigen3_cmake_module/cmake)\n'}
[12.997937] (px4_ros_com) StdoutLine: {'line': b'-- Found sensor_msgs: 4.2.3 (/opt/ros/humble/share/sensor_msgs/cmake)\n'}
[13.002854] (px4_ros2_cpp) StdoutLine: {'line': b'-- Found ament_lint_auto: 0.12.10 (/opt/ros/humble/share/ament_lint_auto/cmake)\n'}
[13.003645] (px4_ros2_cpp) StdoutLine: {'line': b'-- Found ament_cmake_gtest: 1.3.7 (/opt/ros/humble/share/ament_cmake_gtest/cmake)\n'}
[13.031287] (-) TimerEvent: {}
[13.090143] (px4_ros2_cpp) StdoutLine: {'line': b"-- Found gtest sources under '/opt/ros/humble/src/gtest_vendor': C++ tests using 'Google Test' will be built\n"}
[13.107828] (px4_ros_com) StdoutLine: {'line': b'-- Found mavros_msgs: 2.6.0 (/opt/ros/humble/share/mavros_msgs/cmake)\n'}
[13.116702] (px4_ros2_cpp) StdoutLine: {'line': b"-- Added test 'copyright' to check source files copyright and LICENSE\n"}
[13.122917] (px4_ros2_cpp) StdoutLine: {'line': b"-- Added test 'cppcheck' to perform static code analysis on C / C++ code\n"}
[13.123591] (px4_ros2_cpp) StdoutLine: {'line': b'-- Configured cppcheck include dirs: /home/giromi/Repos/VTOL/ws_sensor_combined_src/src/px4-ros2-interface-lib/px4_ros2_cpp/include\n'}
[13.123763] (px4_ros2_cpp) StdoutLine: {'line': b'-- Configured cppcheck exclude dirs and/or files: \n'}
[13.129040] (px4_ros2_cpp) StdoutLine: {'line': b"-- Added test 'cpplint' to check C / C++ code against the Google style\n"}
[13.129269] (px4_ros2_cpp) StdoutLine: {'line': b'-- Configured cpplint exclude dirs and/or files: \n'}
[13.131384] (-) TimerEvent: {}
[13.131635] (px4_ros2_cpp) StdoutLine: {'line': b"-- Added test 'lint_cmake' to check CMake code style\n"}
[13.141065] (px4_ros2_cpp) StdoutLine: {'line': b"-- Added test 'uncrustify' to check C / C++ code style\n"}
[13.141289] (px4_ros2_cpp) StdoutLine: {'line': b'-- Configured uncrustify additional arguments: \n'}
[13.143162] (px4_ros2_cpp) StdoutLine: {'line': b"-- Added test 'xmllint' to check XML markup files\n"}
[13.147873] (px4_ros2_cpp) StdoutLine: {'line': b'-- Configuring done (1.1s)\n'}
[13.221872] (px4_ros2_cpp) StdoutLine: {'line': b'-- Generating done (0.1s)\n'}
[13.224822] (px4_ros2_cpp) StdoutLine: {'line': b'-- Build files have been written to: /home/giromi/Repos/VTOL/ws_sensor_combined_src/build/px4_ros2_cpp\n'}
[13.231501] (-) TimerEvent: {}
[13.236285] (px4_ros2_cpp) CommandEnded: {'returncode': 0}
[13.237278] (px4_ros2_cpp) JobProgress: {'identifier': 'px4_ros2_cpp', 'progress': 'build'}
[13.237905] (px4_ros2_cpp) Command: {'cmd': ['/usr/local/bin/cmake', '--build', '/home/giromi/Repos/VTOL/ws_sensor_combined_src/build/px4_ros2_cpp', '--', '-j8', '-l8'], 'cwd': '/home/giromi/Repos/VTOL/ws_sensor_combined_src/build/px4_ros2_cpp', 'env': OrderedDict([('LESSOPEN', '| /usr/bin/lesspipe %s'), ('TMUX', '/tmp/tmux-1000/default,4900,2'), ('USER', 'giromi'), ('LC_TIME', 'ko_KR.UTF-8'), ('XDG_SESSION_TYPE', 'x11'), ('SHLVL', '2'), ('LD_LIBRARY_PATH', '/home/giromi/Repos/VTOL/ws_sensor_combined_src/install/px4_msgs/lib:/opt/ros/humble/opt/rviz_ogre_vendor/lib:/opt/ros/humble/lib/x86_64-linux-gnu:/opt/ros/humble/lib'), ('HOME', '/home/giromi'), ('OLDPWD', '/home/giromi/Repos/VTOL'), ('TERM_PROGRAM_VERSION', '3.2a'), ('DESKTOP_SESSION', 'ubuntu'), ('NVM_BIN', '/home/giromi/.nvm/versions/node/v20.11.0/bin'), ('NVM_INC', '/home/giromi/.nvm/versions/node/v20.11.0/include/node'), ('ROS_PYTHON_VERSION', '3'), ('GNOME_SHELL_SESSION_MODE', 'ubuntu'), ('GTK_MODULES', 'gail:atk-bridge'), ('PS1', "\\[\\e[01;32m\\]\\u@\\h \\[\\e[34m\\]\\w \\[\\e[1;31m\\]$(git branch 2> /dev/null | sed -e '/^[^*]/d' -e 's/* \\(.*\\)/(\\1)/')\\[\\e[00m\\]$"), ('LC_MONETARY', 'ko_KR.UTF-8'), ('SYSTEMD_EXEC_PID', '2073'), ('DBUS_SESSION_BUS_ADDRESS', 'unix:path=/run/user/1000/bus'), ('COLORTERM', 'truecolor'), ('NVM_DIR', '/home/giromi/.nvm'), ('ROS_DISTRO', 'humble'), ('GTK_IM_MODULE', 'ibus'), ('LOGNAME', 'giromi'), ('_', '/usr/bin/colcon'), ('ROS_VERSION', '2'), ('XDG_SESSION_CLASS', 'user'), ('USERNAME', 'giromi'), ('TERM', 'screen-256color'), ('GNOME_DESKTOP_SESSION_ID', 'this-is-deprecated'), ('ROS_LOCALHOST_ONLY', '0'), ('WINDOWPATH', '2'), ('PATH', '/opt/gcc-arm-none-eabi-9-2020-q2-update/bin:/home/giromi/.local/bin:/home/giromi/.nvm/versions/node/v20.11.0/bin:/opt/ros/humble/bin:/opt/gcc-arm-none-eabi-9-2020-q2-update/bin:/home/giromi/.local/bin:/usr/local/sbin:/usr/local/bin:/usr/sbin:/usr/bin:/sbin:/bin:/usr/games:/usr/local/games:/snap/bin:/snap/bin:/home/giromi/Bashes:/home/giromi/Bashes'), ('SESSION_MANAGER', 'local/ubuntu22:@/tmp/.ICE-unix/2044,unix/ubuntu22:/tmp/.ICE-unix/2044'), ('XDG_MENU_PREFIX', 'gnome-'), ('LC_ADDRESS', 'ko_KR.UTF-8'), ('GNOME_TERMINAL_SCREEN', '/org/gnome/Terminal/screen/7c38761a_019b_4274_8719_b3f2320c43bd'), ('XDG_RUNTIME_DIR', '/run/user/1000'), ('DISPLAY', ':1'), ('LANG', 'en_US.UTF-8'), ('XDG_CURRENT_DESKTOP', 'ubuntu:GNOME'), ('LC_TELEPHONE', 'ko_KR.UTF-8'), ('XMODIFIERS', '@im=ibus'), ('XDG_SESSION_DESKTOP', 'ubuntu'), ('XAUTHORITY', '/run/user/1000/gdm/Xauthority'), ('LS_COLORS', 'rs=0:di=01;34:ln=01;36:mh=00:pi=40;33:so=01;35:do=01;35:bd=40;33;01:cd=40;33;01:or=40;31;01:mi=00:su=37;41:sg=30;43:ca=30;41:tw=30;42:ow=34;42:st=37;44:ex=01;32:*.tar=01;31:*.tgz=01;31:*.arc=01;31:*.arj=01;31:*.taz=01;31:*.lha=01;31:*.lz4=01;31:*.lzh=01;31:*.lzma=01;31:*.tlz=01;31:*.txz=01;31:*.tzo=01;31:*.t7z=01;31:*.zip=01;31:*.z=01;31:*.dz=01;31:*.gz=01;31:*.lrz=01;31:*.lz=01;31:*.lzo=01;31:*.xz=01;31:*.zst=01;31:*.tzst=01;31:*.bz2=01;31:*.bz=01;31:*.tbz=01;31:*.tbz2=01;31:*.tz=01;31:*.deb=01;31:*.rpm=01;31:*.jar=01;31:*.war=01;31:*.ear=01;31:*.sar=01;31:*.rar=01;31:*.alz=01;31:*.ace=01;31:*.zoo=01;31:*.cpio=01;31:*.7z=01;31:*.rz=01;31:*.cab=01;31:*.wim=01;31:*.swm=01;31:*.dwm=01;31:*.esd=01;31:*.jpg=01;35:*.jpeg=01;35:*.mjpg=01;35:*.mjpeg=01;35:*.gif=01;35:*.bmp=01;35:*.pbm=01;35:*.pgm=01;35:*.ppm=01;35:*.tga=01;35:*.xbm=01;35:*.xpm=01;35:*.tif=01;35:*.tiff=01;35:*.png=01;35:*.svg=01;35:*.svgz=01;35:*.mng=01;35:*.pcx=01;35:*.mov=01;35:*.mpg=01;35:*.mpeg=01;35:*.m2v=01;35:*.mkv=01;35:*.webm=01;35:*.webp=01;35:*.ogm=01;35:*.mp4=01;35:*.m4v=01;35:*.mp4v=01;35:*.vob=01;35:*.qt=01;35:*.nuv=01;35:*.wmv=01;35:*.asf=01;35:*.rm=01;35:*.rmvb=01;35:*.flc=01;35:*.avi=01;35:*.fli=01;35:*.flv=01;35:*.gl=01;35:*.dl=01;35:*.xcf=01;35:*.xwd=01;35:*.yuv=01;35:*.cgm=01;35:*.emf=01;35:*.ogv=01;35:*.ogx=01;35:*.aac=00;36:*.au=00;36:*.flac=00;36:*.m4a=00;36:*.mid=00;36:*.midi=00;36:*.mka=00;36:*.mp3=00;36:*.mpc=00;36:*.ogg=00;36:*.ra=00;36:*.wav=00;36:*.oga=00;36:*.opus=00;36:*.spx=00;36:*.xspf=00;36:'), ('GNOME_TERMINAL_SERVICE', ':1.100'), ('TERM_PROGRAM', 'tmux'), ('SSH_AGENT_LAUNCHER', 'gnome-keyring'), ('SSH_AUTH_SOCK', '/run/user/1000/keyring/ssh'), ('AMENT_PREFIX_PATH', '/home/giromi/Repos/VTOL/ws_sensor_combined_src/install/px4_msgs:/opt/ros/humble'), ('SHELL', '/bin/bash'), ('LC_NAME', 'ko_KR.UTF-8'), ('QT_ACCESSIBILITY', '1'), ('GDMSESSION', 'ubuntu'), ('LESSCLOSE', '/usr/bin/lesspipe %s %s'), ('LC_MEASUREMENT', 'ko_KR.UTF-8'), ('GPG_AGENT_INFO', '/run/user/1000/gnupg/S.gpg-agent:0:1'), ('LC_IDENTIFICATION', 'ko_KR.UTF-8'), ('QT_IM_MODULE', 'ibus'), ('PWD', '/home/giromi/Repos/VTOL/ws_sensor_combined_src/build/px4_ros2_cpp'), ('LC_ALL', 'en_US.UTF-8'), ('XDG_CONFIG_DIRS', '/etc/xdg/xdg-ubuntu:/etc/xdg'), ('NVM_CD_FLAGS', ''), ('XDG_DATA_DIRS', '/usr/share/ubuntu:/usr/share/gnome:/usr/local/share/:/usr/share/:/var/lib/snapd/desktop'), ('PYTHONPATH', '/home/giromi/Repos/VTOL/ws_sensor_combined_src/install/px4_msgs/local/lib/python3.10/dist-packages:/opt/ros/humble/lib/python3.10/site-packages:/opt/ros/humble/local/lib/python3.10/dist-packages'), ('LC_NUMERIC', 'ko_KR.UTF-8'), ('TMUX_PLUGIN_MANAGER_PATH', '/home/giromi/.tmux/plugins/'), ('LC_PAPER', 'ko_KR.UTF-8'), ('COLCON', '1'), ('VTE_VERSION', '6800'), ('TMUX_PANE', '%2'), ('CMAKE_PREFIX_PATH', '/home/giromi/Repos/VTOL/ws_sensor_combined_src/install/px4_msgs:/opt/ros/humble')]), 'shell': False}
[13.331661] (px4_ros2_cpp) StdoutLine: {'line': b'[  5%] Built target gtest_main\n'}
[13.331868] (-) TimerEvent: {}
[13.384737] (px4_ros2_cpp) StdoutLine: {'line': b'[ 10%] Built target gtest\n'}
[13.432024] (-) TimerEvent: {}
[13.532350] (-) TimerEvent: {}
[13.568299] (px4_ros2_cpp) StdoutLine: {'line': b'[ 13%] \x1b[32mBuilding CXX object CMakeFiles/integration_utils.dir/test/integration/util.cpp.o\x1b[0m\n'}
[13.632459] (-) TimerEvent: {}
[13.696270] (px4_ros_com) StdoutLine: {'line': b'-- Found ament_lint_auto: 0.12.10 (/opt/ros/humble/share/ament_lint_auto/cmake)\n'}
[13.732553] (-) TimerEvent: {}
[13.747315] (px4_ros2_cpp) StdoutLine: {'line': b'[ 16%] \x1b[32mBuilding CXX object CMakeFiles/px4_ros2_cpp.dir/src/components/mode_executor.cpp.o\x1b[0m\n'}
[13.748484] (px4_ros2_cpp) StdoutLine: {'line': b'[ 18%] \x1b[32mBuilding CXX object CMakeFiles/px4_ros2_cpp.dir/src/control/peripheral_actuators.cpp.o\x1b[0m\n'}
[13.780669] (px4_ros_com) StdoutLine: {'line': b"-- Added test 'copyright' to check source files copyright and LICENSE\n"}
[13.796283] (px4_ros_com) StdoutLine: {'line': b"-- Added test 'cppcheck' to perform static code analysis on C / C++ code\n"}
[13.797801] (px4_ros_com) StdoutLine: {'line': b'-- Configured cppcheck include dirs: /home/giromi/Repos/VTOL/ws_sensor_combined_src/src/px4_ros_com/include;$<BUILD_INTERFACE:/home/giromi/Repos/VTOL/ws_sensor_combined_src/src/px4_ros_com/include/px4_ros_com>\n'}
[13.797938] (px4_ros_com) StdoutLine: {'line': b'-- Configured cppcheck exclude dirs and/or files: \n'}
[13.813052] (px4_ros_com) StdoutLine: {'line': b"-- Added test 'cpplint' to check C / C++ code against the Google style\n"}
[13.813217] (px4_ros_com) StdoutLine: {'line': b'-- Configured cpplint exclude dirs and/or files: \n'}
[13.815402] (px4_ros_com) StdoutLine: {'line': b"-- Added test 'flake8' to check Python code syntax and style conventions\n"}
[13.819502] (px4_ros_com) StdoutLine: {'line': b"-- Added test 'lint_cmake' to check CMake code style\n"}
[13.821762] (px4_ros_com) StdoutLine: {'line': b"-- Added test 'pep257' to check Python code against some of the docstring style conventions in PEP 257\n"}
[13.832655] (-) TimerEvent: {}
[13.837027] (px4_ros_com) StdoutLine: {'line': b"-- Added test 'uncrustify' to check C / C++ code style\n"}
[13.837166] (px4_ros_com) StdoutLine: {'line': b'-- Configured uncrustify additional arguments: \n'}
[13.839295] (px4_ros_com) StdoutLine: {'line': b"-- Added test 'xmllint' to check XML markup files\n"}
[13.841627] (px4_ros_com) StdoutLine: {'line': b'-- Configuring done (1.8s)\n'}
[13.932760] (-) TimerEvent: {}
[13.939717] (px4_ros_com) StdoutLine: {'line': b'-- Generating done (0.1s)\n'}
[13.944285] (px4_ros_com) StdoutLine: {'line': b'-- Build files have been written to: /home/giromi/Repos/VTOL/ws_sensor_combined_src/build/px4_ros_com\n'}
[13.958019] (px4_ros_com) CommandEnded: {'returncode': 0}
[13.958883] (px4_ros_com) JobProgress: {'identifier': 'px4_ros_com', 'progress': 'build'}
[13.959314] (px4_ros_com) Command: {'cmd': ['/usr/local/bin/cmake', '--build', '/home/giromi/Repos/VTOL/ws_sensor_combined_src/build/px4_ros_com', '--', '-j8', '-l8'], 'cwd': '/home/giromi/Repos/VTOL/ws_sensor_combined_src/build/px4_ros_com', 'env': OrderedDict([('LESSOPEN', '| /usr/bin/lesspipe %s'), ('TMUX', '/tmp/tmux-1000/default,4900,2'), ('USER', 'giromi'), ('LC_TIME', 'ko_KR.UTF-8'), ('XDG_SESSION_TYPE', 'x11'), ('SHLVL', '2'), ('LD_LIBRARY_PATH', '/home/giromi/Repos/VTOL/ws_sensor_combined_src/install/px4_msgs/lib:/opt/ros/humble/opt/rviz_ogre_vendor/lib:/opt/ros/humble/lib/x86_64-linux-gnu:/opt/ros/humble/lib'), ('HOME', '/home/giromi'), ('OLDPWD', '/home/giromi/Repos/VTOL'), ('TERM_PROGRAM_VERSION', '3.2a'), ('DESKTOP_SESSION', 'ubuntu'), ('NVM_BIN', '/home/giromi/.nvm/versions/node/v20.11.0/bin'), ('NVM_INC', '/home/giromi/.nvm/versions/node/v20.11.0/include/node'), ('ROS_PYTHON_VERSION', '3'), ('GNOME_SHELL_SESSION_MODE', 'ubuntu'), ('GTK_MODULES', 'gail:atk-bridge'), ('PS1', "\\[\\e[01;32m\\]\\u@\\h \\[\\e[34m\\]\\w \\[\\e[1;31m\\]$(git branch 2> /dev/null | sed -e '/^[^*]/d' -e 's/* \\(.*\\)/(\\1)/')\\[\\e[00m\\]$"), ('LC_MONETARY', 'ko_KR.UTF-8'), ('SYSTEMD_EXEC_PID', '2073'), ('DBUS_SESSION_BUS_ADDRESS', 'unix:path=/run/user/1000/bus'), ('COLORTERM', 'truecolor'), ('NVM_DIR', '/home/giromi/.nvm'), ('ROS_DISTRO', 'humble'), ('GTK_IM_MODULE', 'ibus'), ('LOGNAME', 'giromi'), ('_', '/usr/bin/colcon'), ('ROS_VERSION', '2'), ('XDG_SESSION_CLASS', 'user'), ('USERNAME', 'giromi'), ('TERM', 'screen-256color'), ('GNOME_DESKTOP_SESSION_ID', 'this-is-deprecated'), ('ROS_LOCALHOST_ONLY', '0'), ('WINDOWPATH', '2'), ('PATH', '/opt/gcc-arm-none-eabi-9-2020-q2-update/bin:/home/giromi/.local/bin:/home/giromi/.nvm/versions/node/v20.11.0/bin:/opt/ros/humble/bin:/opt/gcc-arm-none-eabi-9-2020-q2-update/bin:/home/giromi/.local/bin:/usr/local/sbin:/usr/local/bin:/usr/sbin:/usr/bin:/sbin:/bin:/usr/games:/usr/local/games:/snap/bin:/snap/bin:/home/giromi/Bashes:/home/giromi/Bashes'), ('SESSION_MANAGER', 'local/ubuntu22:@/tmp/.ICE-unix/2044,unix/ubuntu22:/tmp/.ICE-unix/2044'), ('XDG_MENU_PREFIX', 'gnome-'), ('LC_ADDRESS', 'ko_KR.UTF-8'), ('GNOME_TERMINAL_SCREEN', '/org/gnome/Terminal/screen/7c38761a_019b_4274_8719_b3f2320c43bd'), ('XDG_RUNTIME_DIR', '/run/user/1000'), ('DISPLAY', ':1'), ('LANG', 'en_US.UTF-8'), ('XDG_CURRENT_DESKTOP', 'ubuntu:GNOME'), ('LC_TELEPHONE', 'ko_KR.UTF-8'), ('XMODIFIERS', '@im=ibus'), ('XDG_SESSION_DESKTOP', 'ubuntu'), ('XAUTHORITY', '/run/user/1000/gdm/Xauthority'), ('LS_COLORS', 'rs=0:di=01;34:ln=01;36:mh=00:pi=40;33:so=01;35:do=01;35:bd=40;33;01:cd=40;33;01:or=40;31;01:mi=00:su=37;41:sg=30;43:ca=30;41:tw=30;42:ow=34;42:st=37;44:ex=01;32:*.tar=01;31:*.tgz=01;31:*.arc=01;31:*.arj=01;31:*.taz=01;31:*.lha=01;31:*.lz4=01;31:*.lzh=01;31:*.lzma=01;31:*.tlz=01;31:*.txz=01;31:*.tzo=01;31:*.t7z=01;31:*.zip=01;31:*.z=01;31:*.dz=01;31:*.gz=01;31:*.lrz=01;31:*.lz=01;31:*.lzo=01;31:*.xz=01;31:*.zst=01;31:*.tzst=01;31:*.bz2=01;31:*.bz=01;31:*.tbz=01;31:*.tbz2=01;31:*.tz=01;31:*.deb=01;31:*.rpm=01;31:*.jar=01;31:*.war=01;31:*.ear=01;31:*.sar=01;31:*.rar=01;31:*.alz=01;31:*.ace=01;31:*.zoo=01;31:*.cpio=01;31:*.7z=01;31:*.rz=01;31:*.cab=01;31:*.wim=01;31:*.swm=01;31:*.dwm=01;31:*.esd=01;31:*.jpg=01;35:*.jpeg=01;35:*.mjpg=01;35:*.mjpeg=01;35:*.gif=01;35:*.bmp=01;35:*.pbm=01;35:*.pgm=01;35:*.ppm=01;35:*.tga=01;35:*.xbm=01;35:*.xpm=01;35:*.tif=01;35:*.tiff=01;35:*.png=01;35:*.svg=01;35:*.svgz=01;35:*.mng=01;35:*.pcx=01;35:*.mov=01;35:*.mpg=01;35:*.mpeg=01;35:*.m2v=01;35:*.mkv=01;35:*.webm=01;35:*.webp=01;35:*.ogm=01;35:*.mp4=01;35:*.m4v=01;35:*.mp4v=01;35:*.vob=01;35:*.qt=01;35:*.nuv=01;35:*.wmv=01;35:*.asf=01;35:*.rm=01;35:*.rmvb=01;35:*.flc=01;35:*.avi=01;35:*.fli=01;35:*.flv=01;35:*.gl=01;35:*.dl=01;35:*.xcf=01;35:*.xwd=01;35:*.yuv=01;35:*.cgm=01;35:*.emf=01;35:*.ogv=01;35:*.ogx=01;35:*.aac=00;36:*.au=00;36:*.flac=00;36:*.m4a=00;36:*.mid=00;36:*.midi=00;36:*.mka=00;36:*.mp3=00;36:*.mpc=00;36:*.ogg=00;36:*.ra=00;36:*.wav=00;36:*.oga=00;36:*.opus=00;36:*.spx=00;36:*.xspf=00;36:'), ('GNOME_TERMINAL_SERVICE', ':1.100'), ('TERM_PROGRAM', 'tmux'), ('SSH_AGENT_LAUNCHER', 'gnome-keyring'), ('SSH_AUTH_SOCK', '/run/user/1000/keyring/ssh'), ('AMENT_PREFIX_PATH', '/home/giromi/Repos/VTOL/ws_sensor_combined_src/install/px4_msgs:/opt/ros/humble'), ('SHELL', '/bin/bash'), ('LC_NAME', 'ko_KR.UTF-8'), ('QT_ACCESSIBILITY', '1'), ('GDMSESSION', 'ubuntu'), ('LESSCLOSE', '/usr/bin/lesspipe %s %s'), ('LC_MEASUREMENT', 'ko_KR.UTF-8'), ('GPG_AGENT_INFO', '/run/user/1000/gnupg/S.gpg-agent:0:1'), ('LC_IDENTIFICATION', 'ko_KR.UTF-8'), ('QT_IM_MODULE', 'ibus'), ('PWD', '/home/giromi/Repos/VTOL/ws_sensor_combined_src/build/px4_ros_com'), ('LC_ALL', 'en_US.UTF-8'), ('XDG_CONFIG_DIRS', '/etc/xdg/xdg-ubuntu:/etc/xdg'), ('NVM_CD_FLAGS', ''), ('XDG_DATA_DIRS', '/usr/share/ubuntu:/usr/share/gnome:/usr/local/share/:/usr/share/:/var/lib/snapd/desktop'), ('PYTHONPATH', '/home/giromi/Repos/VTOL/ws_sensor_combined_src/install/px4_msgs/local/lib/python3.10/dist-packages:/opt/ros/humble/lib/python3.10/site-packages:/opt/ros/humble/local/lib/python3.10/dist-packages'), ('LC_NUMERIC', 'ko_KR.UTF-8'), ('TMUX_PLUGIN_MANAGER_PATH', '/home/giromi/.tmux/plugins/'), ('LC_PAPER', 'ko_KR.UTF-8'), ('COLCON', '1'), ('VTE_VERSION', '6800'), ('TMUX_PANE', '%2'), ('CMAKE_PREFIX_PATH', '/home/giromi/Repos/VTOL/ws_sensor_combined_src/install/px4_msgs:/opt/ros/humble')]), 'shell': False}
[14.029297] (px4_ros_com) StdoutLine: {'line': b'[  3%] \x1b[32m\x1b[1mLinking CXX shared library libOffboardControl.so\x1b[0m\n'}
[14.039267] (px4_ros_com) StdoutLine: {'line': b'[  7%] \x1b[32m\x1b[1mLinking CXX executable debug_vect_advertiser\x1b[0m\n'}
[14.039511] (-) TimerEvent: {}
[14.052680] (px4_ros_com) StdoutLine: {'line': b'[ 11%] \x1b[32m\x1b[1mLinking CXX shared library libServoControlPublisher.so\x1b[0m\n'}
[14.052972] (px4_ros_com) StdoutLine: {'line': b'[ 15%] \x1b[32m\x1b[1mLinking CXX shared library libDubins.so\x1b[0m\n'}
[14.059470] (px4_ros_com) StdoutLine: {'line': b'[ 19%] \x1b[32m\x1b[1mLinking CXX executable sensor_combined_listener\x1b[0m\n'}
[14.061604] (px4_ros_com) StdoutLine: {'line': b'[ 23%] \x1b[32m\x1b[1mLinking CXX executable vehicle_gps_position_listener\x1b[0m\n'}
[14.072060] (px4_ros_com) StdoutLine: {'line': b'[ 26%] \x1b[32m\x1b[1mLinking CXX shared library libframe_transforms.so\x1b[0m\n'}
[14.078540] (px4_ros_com) StdoutLine: {'line': b'[ 30%] \x1b[32m\x1b[1mLinking CXX executable key_event_pub\x1b[0m\n'}
[14.139665] (-) TimerEvent: {}
[14.240039] (-) TimerEvent: {}
[14.340383] (-) TimerEvent: {}
[14.440707] (-) TimerEvent: {}
[14.464422] (px4_ros_com) StdoutLine: {'line': b'[ 34%] Built target ServoControlPublisher\n'}
[14.493692] (px4_ros_com) StdoutLine: {'line': b'[ 38%] \x1b[32m\x1b[1mLinking CXX executable key_event_sub\x1b[0m\n'}
[14.509504] (px4_ros_com) StdoutLine: {'line': b'[ 42%] Built target Dubins\n'}
[14.533144] (px4_ros_com) StdoutLine: {'line': b'[ 46%] \x1b[32m\x1b[1mLinking CXX executable gripper_servo\x1b[0m\n'}
[14.540822] (-) TimerEvent: {}
[14.641201] (-) TimerEvent: {}
[14.741710] (-) TimerEvent: {}
[14.842129] (-) TimerEvent: {}
[14.942420] (-) TimerEvent: {}
[14.948953] (px4_ros_com) StdoutLine: {'line': b'[ 50%] Built target debug_vect_advertiser\n'}
[14.979040] (px4_ros_com) StdoutLine: {'line': b'[ 53%] \x1b[32m\x1b[1mLinking CXX executable offb_node\x1b[0m\n'}
[15.042570] (-) TimerEvent: {}
[15.143290] (-) TimerEvent: {}
[15.244295] (-) TimerEvent: {}
[15.345356] (-) TimerEvent: {}
[15.446404] (-) TimerEvent: {}
[15.547290] (-) TimerEvent: {}
[15.647987] (-) TimerEvent: {}
[15.749165] (-) TimerEvent: {}
[15.849689] (-) TimerEvent: {}
[15.952257] (-) TimerEvent: {}
[15.962850] (px4_ros_com) StdoutLine: {'line': b'[ 57%] Built target key_event_pub\n'}
[16.052411] (-) TimerEvent: {}
[16.134669] (px4_ros_com) StdoutLine: {'line': b'[ 61%] Built target gripper_servo\n'}
[16.152520] (-) TimerEvent: {}
[16.253163] (-) TimerEvent: {}
[16.353770] (-) TimerEvent: {}
[16.454389] (-) TimerEvent: {}
[16.555090] (-) TimerEvent: {}
[16.567728] (px4_ros_com) StdoutLine: {'line': b'[ 65%] Built target OffboardControl\n'}
[16.655233] (-) TimerEvent: {}
[16.668247] (px4_ros_com) StdoutLine: {'line': b'[ 69%] \x1b[32m\x1b[1mLinking CXX executable offboard_control\x1b[0m\n'}
[16.685949] (px4_ros_com) StdoutLine: {'line': b'[ 73%] Built target frame_transforms\n'}
[16.755359] (-) TimerEvent: {}
[16.760515] (px4_ros_com) StdoutLine: {'line': b'[ 76%] Built target vehicle_gps_position_listener\n'}
[16.779305] (px4_ros_com) StdoutLine: {'line': b'[ 80%] Built target key_event_sub\n'}
[16.791118] (px4_ros_com) StdoutLine: {'line': b'[ 84%] \x1b[32m\x1b[1mLinking CXX executable pwm_aux_output\x1b[0m\n'}
[16.852877] (px4_ros_com) StdoutLine: {'line': b'[ 88%] Built target sensor_combined_listener\n'}
[16.856778] (-) TimerEvent: {}
[16.870277] (px4_ros_com) StdoutLine: {'line': b'[ 92%] Built target offb_node\n'}
[16.956935] (-) TimerEvent: {}
[17.057935] (-) TimerEvent: {}
[17.159156] (-) TimerEvent: {}
[17.221673] (px4_ros_com) StdoutLine: {'line': b'[ 96%] Built target pwm_aux_output\n'}
[17.251840] (px4_ros_com) StdoutLine: {'line': b'[100%] Built target offboard_control\n'}
[17.259261] (-) TimerEvent: {}
[17.260494] (px4_ros_com) CommandEnded: {'returncode': 0}
[17.338154] (px4_ros_com) JobProgress: {'identifier': 'px4_ros_com', 'progress': 'install'}
[17.338824] (px4_ros_com) Command: {'cmd': ['/usr/local/bin/cmake', '--install', '/home/giromi/Repos/VTOL/ws_sensor_combined_src/build/px4_ros_com'], 'cwd': '/home/giromi/Repos/VTOL/ws_sensor_combined_src/build/px4_ros_com', 'env': OrderedDict([('LESSOPEN', '| /usr/bin/lesspipe %s'), ('TMUX', '/tmp/tmux-1000/default,4900,2'), ('USER', 'giromi'), ('LC_TIME', 'ko_KR.UTF-8'), ('XDG_SESSION_TYPE', 'x11'), ('SHLVL', '2'), ('LD_LIBRARY_PATH', '/home/giromi/Repos/VTOL/ws_sensor_combined_src/install/px4_msgs/lib:/opt/ros/humble/opt/rviz_ogre_vendor/lib:/opt/ros/humble/lib/x86_64-linux-gnu:/opt/ros/humble/lib'), ('HOME', '/home/giromi'), ('OLDPWD', '/home/giromi/Repos/VTOL'), ('TERM_PROGRAM_VERSION', '3.2a'), ('DESKTOP_SESSION', 'ubuntu'), ('NVM_BIN', '/home/giromi/.nvm/versions/node/v20.11.0/bin'), ('NVM_INC', '/home/giromi/.nvm/versions/node/v20.11.0/include/node'), ('ROS_PYTHON_VERSION', '3'), ('GNOME_SHELL_SESSION_MODE', 'ubuntu'), ('GTK_MODULES', 'gail:atk-bridge'), ('PS1', "\\[\\e[01;32m\\]\\u@\\h \\[\\e[34m\\]\\w \\[\\e[1;31m\\]$(git branch 2> /dev/null | sed -e '/^[^*]/d' -e 's/* \\(.*\\)/(\\1)/')\\[\\e[00m\\]$"), ('LC_MONETARY', 'ko_KR.UTF-8'), ('SYSTEMD_EXEC_PID', '2073'), ('DBUS_SESSION_BUS_ADDRESS', 'unix:path=/run/user/1000/bus'), ('COLORTERM', 'truecolor'), ('NVM_DIR', '/home/giromi/.nvm'), ('ROS_DISTRO', 'humble'), ('GTK_IM_MODULE', 'ibus'), ('LOGNAME', 'giromi'), ('_', '/usr/bin/colcon'), ('ROS_VERSION', '2'), ('XDG_SESSION_CLASS', 'user'), ('USERNAME', 'giromi'), ('TERM', 'screen-256color'), ('GNOME_DESKTOP_SESSION_ID', 'this-is-deprecated'), ('ROS_LOCALHOST_ONLY', '0'), ('WINDOWPATH', '2'), ('PATH', '/opt/gcc-arm-none-eabi-9-2020-q2-update/bin:/home/giromi/.local/bin:/home/giromi/.nvm/versions/node/v20.11.0/bin:/opt/ros/humble/bin:/opt/gcc-arm-none-eabi-9-2020-q2-update/bin:/home/giromi/.local/bin:/usr/local/sbin:/usr/local/bin:/usr/sbin:/usr/bin:/sbin:/bin:/usr/games:/usr/local/games:/snap/bin:/snap/bin:/home/giromi/Bashes:/home/giromi/Bashes'), ('SESSION_MANAGER', 'local/ubuntu22:@/tmp/.ICE-unix/2044,unix/ubuntu22:/tmp/.ICE-unix/2044'), ('XDG_MENU_PREFIX', 'gnome-'), ('LC_ADDRESS', 'ko_KR.UTF-8'), ('GNOME_TERMINAL_SCREEN', '/org/gnome/Terminal/screen/7c38761a_019b_4274_8719_b3f2320c43bd'), ('XDG_RUNTIME_DIR', '/run/user/1000'), ('DISPLAY', ':1'), ('LANG', 'en_US.UTF-8'), ('XDG_CURRENT_DESKTOP', 'ubuntu:GNOME'), ('LC_TELEPHONE', 'ko_KR.UTF-8'), ('XMODIFIERS', '@im=ibus'), ('XDG_SESSION_DESKTOP', 'ubuntu'), ('XAUTHORITY', '/run/user/1000/gdm/Xauthority'), ('LS_COLORS', 'rs=0:di=01;34:ln=01;36:mh=00:pi=40;33:so=01;35:do=01;35:bd=40;33;01:cd=40;33;01:or=40;31;01:mi=00:su=37;41:sg=30;43:ca=30;41:tw=30;42:ow=34;42:st=37;44:ex=01;32:*.tar=01;31:*.tgz=01;31:*.arc=01;31:*.arj=01;31:*.taz=01;31:*.lha=01;31:*.lz4=01;31:*.lzh=01;31:*.lzma=01;31:*.tlz=01;31:*.txz=01;31:*.tzo=01;31:*.t7z=01;31:*.zip=01;31:*.z=01;31:*.dz=01;31:*.gz=01;31:*.lrz=01;31:*.lz=01;31:*.lzo=01;31:*.xz=01;31:*.zst=01;31:*.tzst=01;31:*.bz2=01;31:*.bz=01;31:*.tbz=01;31:*.tbz2=01;31:*.tz=01;31:*.deb=01;31:*.rpm=01;31:*.jar=01;31:*.war=01;31:*.ear=01;31:*.sar=01;31:*.rar=01;31:*.alz=01;31:*.ace=01;31:*.zoo=01;31:*.cpio=01;31:*.7z=01;31:*.rz=01;31:*.cab=01;31:*.wim=01;31:*.swm=01;31:*.dwm=01;31:*.esd=01;31:*.jpg=01;35:*.jpeg=01;35:*.mjpg=01;35:*.mjpeg=01;35:*.gif=01;35:*.bmp=01;35:*.pbm=01;35:*.pgm=01;35:*.ppm=01;35:*.tga=01;35:*.xbm=01;35:*.xpm=01;35:*.tif=01;35:*.tiff=01;35:*.png=01;35:*.svg=01;35:*.svgz=01;35:*.mng=01;35:*.pcx=01;35:*.mov=01;35:*.mpg=01;35:*.mpeg=01;35:*.m2v=01;35:*.mkv=01;35:*.webm=01;35:*.webp=01;35:*.ogm=01;35:*.mp4=01;35:*.m4v=01;35:*.mp4v=01;35:*.vob=01;35:*.qt=01;35:*.nuv=01;35:*.wmv=01;35:*.asf=01;35:*.rm=01;35:*.rmvb=01;35:*.flc=01;35:*.avi=01;35:*.fli=01;35:*.flv=01;35:*.gl=01;35:*.dl=01;35:*.xcf=01;35:*.xwd=01;35:*.yuv=01;35:*.cgm=01;35:*.emf=01;35:*.ogv=01;35:*.ogx=01;35:*.aac=00;36:*.au=00;36:*.flac=00;36:*.m4a=00;36:*.mid=00;36:*.midi=00;36:*.mka=00;36:*.mp3=00;36:*.mpc=00;36:*.ogg=00;36:*.ra=00;36:*.wav=00;36:*.oga=00;36:*.opus=00;36:*.spx=00;36:*.xspf=00;36:'), ('GNOME_TERMINAL_SERVICE', ':1.100'), ('TERM_PROGRAM', 'tmux'), ('SSH_AGENT_LAUNCHER', 'gnome-keyring'), ('SSH_AUTH_SOCK', '/run/user/1000/keyring/ssh'), ('AMENT_PREFIX_PATH', '/home/giromi/Repos/VTOL/ws_sensor_combined_src/install/px4_msgs:/opt/ros/humble'), ('SHELL', '/bin/bash'), ('LC_NAME', 'ko_KR.UTF-8'), ('QT_ACCESSIBILITY', '1'), ('GDMSESSION', 'ubuntu'), ('LESSCLOSE', '/usr/bin/lesspipe %s %s'), ('LC_MEASUREMENT', 'ko_KR.UTF-8'), ('GPG_AGENT_INFO', '/run/user/1000/gnupg/S.gpg-agent:0:1'), ('LC_IDENTIFICATION', 'ko_KR.UTF-8'), ('QT_IM_MODULE', 'ibus'), ('PWD', '/home/giromi/Repos/VTOL/ws_sensor_combined_src/build/px4_ros_com'), ('LC_ALL', 'en_US.UTF-8'), ('XDG_CONFIG_DIRS', '/etc/xdg/xdg-ubuntu:/etc/xdg'), ('NVM_CD_FLAGS', ''), ('XDG_DATA_DIRS', '/usr/share/ubuntu:/usr/share/gnome:/usr/local/share/:/usr/share/:/var/lib/snapd/desktop'), ('PYTHONPATH', '/home/giromi/Repos/VTOL/ws_sensor_combined_src/install/px4_msgs/local/lib/python3.10/dist-packages:/opt/ros/humble/lib/python3.10/site-packages:/opt/ros/humble/local/lib/python3.10/dist-packages'), ('LC_NUMERIC', 'ko_KR.UTF-8'), ('TMUX_PLUGIN_MANAGER_PATH', '/home/giromi/.tmux/plugins/'), ('LC_PAPER', 'ko_KR.UTF-8'), ('COLCON', '1'), ('VTE_VERSION', '6800'), ('TMUX_PANE', '%2'), ('CMAKE_PREFIX_PATH', '/home/giromi/Repos/VTOL/ws_sensor_combined_src/install/px4_msgs:/opt/ros/humble')]), 'shell': False}
[17.344038] (px4_ros_com) StdoutLine: {'line': b'-- Install configuration: ""\n'}
[17.344828] (px4_ros_com) StdoutLine: {'line': b'-- Execute custom install script\n'}
[17.345473] (px4_ros_com) StdoutLine: {'line': b'-- Up-to-date symlink: /home/giromi/Repos/VTOL/ws_sensor_combined_src/install/px4_ros_com/lib/px4_ros_com/sensor_combined_listener\n'}
[17.346092] (px4_ros_com) StdoutLine: {'line': b'-- Up-to-date symlink: /home/giromi/Repos/VTOL/ws_sensor_combined_src/install/px4_ros_com/lib/px4_ros_com/vehicle_gps_position_listener\n'}
[17.346624] (px4_ros_com) StdoutLine: {'line': b'-- Up-to-date symlink: /home/giromi/Repos/VTOL/ws_sensor_combined_src/install/px4_ros_com/lib/px4_ros_com/debug_vect_advertiser\n'}
[17.347246] (px4_ros_com) StdoutLine: {'line': b'-- Up-to-date symlink: /home/giromi/Repos/VTOL/ws_sensor_combined_src/install/px4_ros_com/lib/px4_ros_com/offboard_control\n'}
[17.347750] (px4_ros_com) StdoutLine: {'line': b'-- Up-to-date symlink: /home/giromi/Repos/VTOL/ws_sensor_combined_src/install/px4_ros_com/lib/px4_ros_com/key_event_pub\n'}
[17.348076] (px4_ros_com) StdoutLine: {'line': b'-- Up-to-date symlink: /home/giromi/Repos/VTOL/ws_sensor_combined_src/install/px4_ros_com/lib/px4_ros_com/key_event_sub\n'}
[17.348389] (px4_ros_com) StdoutLine: {'line': b'-- Up-to-date symlink: /home/giromi/Repos/VTOL/ws_sensor_combined_src/install/px4_ros_com/lib/px4_ros_com/pwm_aux_output\n'}
[17.348810] (px4_ros_com) StdoutLine: {'line': b'-- Up-to-date symlink: /home/giromi/Repos/VTOL/ws_sensor_combined_src/install/px4_ros_com/lib/px4_ros_com/gripper_servo\n'}
[17.349255] (px4_ros_com) StdoutLine: {'line': b'-- Up-to-date symlink: /home/giromi/Repos/VTOL/ws_sensor_combined_src/install/px4_ros_com/lib/px4_ros_com/offb_node\n'}
[17.349600] (px4_ros_com) StdoutLine: {'line': b'-- Up-to-date symlink: /home/giromi/Repos/VTOL/ws_sensor_combined_src/install/px4_ros_com/share/px4_ros_com/environment/library_path.sh\n'}
[17.349999] (px4_ros_com) StdoutLine: {'line': b'-- Up-to-date symlink: /home/giromi/Repos/VTOL/ws_sensor_combined_src/install/px4_ros_com/share/px4_ros_com/environment/library_path.dsv\n'}
[17.350678] (px4_ros_com) StdoutLine: {'line': b'-- Up-to-date symlink: /home/giromi/Repos/VTOL/ws_sensor_combined_src/install/px4_ros_com/include/px4_ros_com/1st_ServoControlPublisher.hpp\n'}
[17.350898] (px4_ros_com) StdoutLine: {'line': b'-- Up-to-date symlink: /home/giromi/Repos/VTOL/ws_sensor_combined_src/install/px4_ros_com/include/px4_ros_com/A.hpp\n'}
[17.351104] (px4_ros_com) StdoutLine: {'line': b'-- Up-to-date symlink: /home/giromi/Repos/VTOL/ws_sensor_combined_src/install/px4_ros_com/include/px4_ros_com/Dubins.hpp\n'}
[17.351307] (px4_ros_com) StdoutLine: {'line': b'-- Up-to-date symlink: /home/giromi/Repos/VTOL/ws_sensor_combined_src/install/px4_ros_com/include/px4_ros_com/OffboardControl.hpp\n'}
[17.351543] (px4_ros_com) StdoutLine: {'line': b'-- Up-to-date symlink: /home/giromi/Repos/VTOL/ws_sensor_combined_src/install/px4_ros_com/include/px4_ros_com/ServoControlPublisher.hpp\n'}
[17.351827] (px4_ros_com) StdoutLine: {'line': b'-- Up-to-date symlink: /home/giromi/Repos/VTOL/ws_sensor_combined_src/install/px4_ros_com/include/px4_ros_com/frame_transforms.h\n'}
[17.352397] (px4_ros_com) StdoutLine: {'line': b'-- Up-to-date symlink: /home/giromi/Repos/VTOL/ws_sensor_combined_src/install/px4_ros_com/share/px4_ros_com//launch/offboard_control_launch.yaml\n'}
[17.352603] (px4_ros_com) StdoutLine: {'line': b'-- Up-to-date symlink: /home/giromi/Repos/VTOL/ws_sensor_combined_src/install/px4_ros_com/share/px4_ros_com//launch/sensor_combined_listener.launch.py\n'}
[17.353220] (px4_ros_com) StdoutLine: {'line': b'-- Up-to-date symlink: /home/giromi/Repos/VTOL/ws_sensor_combined_src/install/px4_ros_com/share/px4_ros_com//test/__init__.py\n'}
[17.353416] (px4_ros_com) StdoutLine: {'line': b'-- Up-to-date symlink: /home/giromi/Repos/VTOL/ws_sensor_combined_src/install/px4_ros_com/share/px4_ros_com//test/pipeline_io_test.py\n'}
[17.353602] (px4_ros_com) StdoutLine: {'line': b'-- Up-to-date symlink: /home/giromi/Repos/VTOL/ws_sensor_combined_src/install/px4_ros_com/share/px4_ros_com//test/test_input.py\n'}
[17.353858] (px4_ros_com) StdoutLine: {'line': b'-- Up-to-date symlink: /home/giromi/Repos/VTOL/ws_sensor_combined_src/install/px4_ros_com/share/px4_ros_com//test/test_output.py\n'}
[17.354176] (px4_ros_com) StdoutLine: {'line': b'-- Up-to-date symlink: /home/giromi/Repos/VTOL/ws_sensor_combined_src/install/px4_ros_com/share/ament_index/resource_index/package_run_dependencies/px4_ros_com\n'}
[17.354504] (px4_ros_com) StdoutLine: {'line': b'-- Up-to-date symlink: /home/giromi/Repos/VTOL/ws_sensor_combined_src/install/px4_ros_com/share/ament_index/resource_index/parent_prefix_path/px4_ros_com\n'}
[17.355058] (px4_ros_com) StdoutLine: {'line': b'-- Up-to-date symlink: /home/giromi/Repos/VTOL/ws_sensor_combined_src/install/px4_ros_com/share/px4_ros_com/environment/ament_prefix_path.sh\n'}
[17.355354] (px4_ros_com) StdoutLine: {'line': b'-- Up-to-date symlink: /home/giromi/Repos/VTOL/ws_sensor_combined_src/install/px4_ros_com/share/px4_ros_com/environment/ament_prefix_path.dsv\n'}
[17.355695] (px4_ros_com) StdoutLine: {'line': b'-- Up-to-date symlink: /home/giromi/Repos/VTOL/ws_sensor_combined_src/install/px4_ros_com/share/px4_ros_com/environment/path.sh\n'}
[17.356013] (px4_ros_com) StdoutLine: {'line': b'-- Up-to-date symlink: /home/giromi/Repos/VTOL/ws_sensor_combined_src/install/px4_ros_com/share/px4_ros_com/environment/path.dsv\n'}
[17.356294] (px4_ros_com) StdoutLine: {'line': b'-- Up-to-date symlink: /home/giromi/Repos/VTOL/ws_sensor_combined_src/install/px4_ros_com/share/px4_ros_com/local_setup.bash\n'}
[17.356585] (px4_ros_com) StdoutLine: {'line': b'-- Up-to-date symlink: /home/giromi/Repos/VTOL/ws_sensor_combined_src/install/px4_ros_com/share/px4_ros_com/local_setup.sh\n'}
[17.356788] (px4_ros_com) StdoutLine: {'line': b'-- Up-to-date symlink: /home/giromi/Repos/VTOL/ws_sensor_combined_src/install/px4_ros_com/share/px4_ros_com/local_setup.zsh\n'}
[17.356979] (px4_ros_com) StdoutLine: {'line': b'-- Up-to-date symlink: /home/giromi/Repos/VTOL/ws_sensor_combined_src/install/px4_ros_com/share/px4_ros_com/local_setup.dsv\n'}
[17.357108] (px4_ros_com) StdoutLine: {'line': b'-- Symlinking: /home/giromi/Repos/VTOL/ws_sensor_combined_src/install/px4_ros_com/share/px4_ros_com/package.dsv\n'}
[17.359397] (-) TimerEvent: {}
[17.362082] (px4_ros_com) StdoutLine: {'line': b'-- Up-to-date symlink: /home/giromi/Repos/VTOL/ws_sensor_combined_src/install/px4_ros_com/share/ament_index/resource_index/packages/px4_ros_com\n'}
[17.362355] (px4_ros_com) StdoutLine: {'line': b'-- Up-to-date symlink: /home/giromi/Repos/VTOL/ws_sensor_combined_src/install/px4_ros_com/share/px4_ros_com/cmake/ament_cmake_export_dependencies-extras.cmake\n'}
[17.362757] (px4_ros_com) StdoutLine: {'line': b'-- Up-to-date symlink: /home/giromi/Repos/VTOL/ws_sensor_combined_src/install/px4_ros_com/share/px4_ros_com/cmake/ament_cmake_export_targets-extras.cmake\n'}
[17.363046] (px4_ros_com) StdoutLine: {'line': b'-- Up-to-date symlink: /home/giromi/Repos/VTOL/ws_sensor_combined_src/install/px4_ros_com/share/px4_ros_com/cmake/ament_cmake_export_include_directories-extras.cmake\n'}
[17.363333] (px4_ros_com) StdoutLine: {'line': b'-- Up-to-date symlink: /home/giromi/Repos/VTOL/ws_sensor_combined_src/install/px4_ros_com/share/px4_ros_com/cmake/ament_cmake_export_libraries-extras.cmake\n'}
[17.363642] (px4_ros_com) StdoutLine: {'line': b'-- Up-to-date symlink: /home/giromi/Repos/VTOL/ws_sensor_combined_src/install/px4_ros_com/share/px4_ros_com/cmake/px4_ros_comConfig.cmake\n'}
[17.363869] (px4_ros_com) StdoutLine: {'line': b'-- Up-to-date symlink: /home/giromi/Repos/VTOL/ws_sensor_combined_src/install/px4_ros_com/share/px4_ros_com/cmake/px4_ros_comConfig-version.cmake\n'}
[17.364258] (px4_ros_com) StdoutLine: {'line': b'-- Up-to-date symlink: /home/giromi/Repos/VTOL/ws_sensor_combined_src/install/px4_ros_com/share/px4_ros_com/package.xml\n'}
[17.364640] (px4_ros_com) StdoutLine: {'line': b'-- Installing: /home/giromi/Repos/VTOL/ws_sensor_combined_src/install/px4_ros_com/lib/libframe_transforms.so\n'}
[17.369881] (px4_ros_com) StdoutLine: {'line': b'-- Set non-toolchain portion of runtime path of "/home/giromi/Repos/VTOL/ws_sensor_combined_src/install/px4_ros_com/lib/libframe_transforms.so" to ""\n'}
[17.370234] (px4_ros_com) StdoutLine: {'line': b'-- Installing: /home/giromi/Repos/VTOL/ws_sensor_combined_src/install/px4_ros_com/lib/libOffboardControl.so\n'}
[17.379284] (px4_ros_com) StdoutLine: {'line': b'-- Set non-toolchain portion of runtime path of "/home/giromi/Repos/VTOL/ws_sensor_combined_src/install/px4_ros_com/lib/libOffboardControl.so" to ""\n'}
[17.379687] (px4_ros_com) StdoutLine: {'line': b'-- Installing: /home/giromi/Repos/VTOL/ws_sensor_combined_src/install/px4_ros_com/lib/libDubins.so\n'}
[17.380186] (px4_ros_com) StdoutLine: {'line': b'-- Set non-toolchain portion of runtime path of "/home/giromi/Repos/VTOL/ws_sensor_combined_src/install/px4_ros_com/lib/libDubins.so" to ""\n'}
[17.380517] (px4_ros_com) StdoutLine: {'line': b'-- Installing: /home/giromi/Repos/VTOL/ws_sensor_combined_src/install/px4_ros_com/lib/libServoControlPublisher.so\n'}
[17.384077] (px4_ros_com) StdoutLine: {'line': b'-- Set non-toolchain portion of runtime path of "/home/giromi/Repos/VTOL/ws_sensor_combined_src/install/px4_ros_com/lib/libServoControlPublisher.so" to ""\n'}
[17.384443] (px4_ros_com) StdoutLine: {'line': b'-- Up-to-date: /home/giromi/Repos/VTOL/ws_sensor_combined_src/install/px4_ros_com/share/px4_ros_com/cmake/export_frame_transformsExport.cmake\n'}
[17.384597] (px4_ros_com) StdoutLine: {'line': b'-- Up-to-date: /home/giromi/Repos/VTOL/ws_sensor_combined_src/install/px4_ros_com/share/px4_ros_com/cmake/export_frame_transformsExport-noconfig.cmake\n'}
[17.386170] (px4_ros_com) CommandEnded: {'returncode': 0}
[17.459519] (-) TimerEvent: {}
[17.560047] (-) TimerEvent: {}
[17.645911] (px4_ros_com) JobEnded: {'identifier': 'px4_ros_com', 'rc': 0}
[17.660160] (-) TimerEvent: {}
[17.760477] (-) TimerEvent: {}
[17.860865] (-) TimerEvent: {}
[17.961226] (-) TimerEvent: {}
[18.061578] (-) TimerEvent: {}
[18.161914] (-) TimerEvent: {}
[18.262230] (-) TimerEvent: {}
[18.362509] (-) TimerEvent: {}
[18.462833] (-) TimerEvent: {}
[18.563145] (-) TimerEvent: {}
[18.663402] (-) TimerEvent: {}
[18.763676] (-) TimerEvent: {}
[18.863962] (-) TimerEvent: {}
[18.964253] (-) TimerEvent: {}
[19.064510] (-) TimerEvent: {}
[19.164822] (-) TimerEvent: {}
[19.265112] (-) TimerEvent: {}
[19.365474] (-) TimerEvent: {}
[19.465756] (-) TimerEvent: {}
[19.566027] (-) TimerEvent: {}
[19.666351] (-) TimerEvent: {}
[19.766699] (-) TimerEvent: {}
[19.867034] (-) TimerEvent: {}
[19.967399] (-) TimerEvent: {}
[20.067879] (-) TimerEvent: {}
[20.168171] (-) TimerEvent: {}
[20.268461] (-) TimerEvent: {}
[20.368772] (-) TimerEvent: {}
[20.469037] (-) TimerEvent: {}
[20.569334] (-) TimerEvent: {}
[20.669590] (-) TimerEvent: {}
[20.769881] (-) TimerEvent: {}
[20.870183] (-) TimerEvent: {}
[20.970509] (-) TimerEvent: {}
[21.070782] (-) TimerEvent: {}
[21.171074] (-) TimerEvent: {}
[21.271369] (-) TimerEvent: {}
[21.371650] (-) TimerEvent: {}
[21.472045] (-) TimerEvent: {}
[21.572393] (-) TimerEvent: {}
[21.672756] (-) TimerEvent: {}
[21.773181] (-) TimerEvent: {}
[21.873484] (-) TimerEvent: {}
[21.973802] (-) TimerEvent: {}
[22.074092] (-) TimerEvent: {}
[22.174362] (-) TimerEvent: {}
[22.274690] (-) TimerEvent: {}
[22.375114] (-) TimerEvent: {}
[22.475472] (-) TimerEvent: {}
[22.575885] (-) TimerEvent: {}
[22.676190] (-) TimerEvent: {}
[22.776465] (-) TimerEvent: {}
[22.876726] (-) TimerEvent: {}
[22.977047] (-) TimerEvent: {}
[23.077343] (-) TimerEvent: {}
[23.177630] (-) TimerEvent: {}
[23.277924] (-) TimerEvent: {}
[23.378199] (-) TimerEvent: {}
[23.478533] (-) TimerEvent: {}
[23.578814] (-) TimerEvent: {}
[23.679115] (-) TimerEvent: {}
[23.779405] (-) TimerEvent: {}
[23.879675] (-) TimerEvent: {}
[23.980041] (-) TimerEvent: {}
[24.080354] (-) TimerEvent: {}
[24.180612] (-) TimerEvent: {}
[24.280934] (-) TimerEvent: {}
[24.381232] (-) TimerEvent: {}
[24.481524] (-) TimerEvent: {}
[24.581824] (-) TimerEvent: {}
[24.682113] (-) TimerEvent: {}
[24.782390] (-) TimerEvent: {}
[24.882692] (-) TimerEvent: {}
[24.982982] (-) TimerEvent: {}
[25.083265] (-) TimerEvent: {}
[25.183542] (-) TimerEvent: {}
[25.283898] (-) TimerEvent: {}
[25.384208] (-) TimerEvent: {}
[25.484491] (-) TimerEvent: {}
[25.584746] (-) TimerEvent: {}
[25.685014] (-) TimerEvent: {}
[25.785332] (-) TimerEvent: {}
[25.885694] (-) TimerEvent: {}
[25.985993] (-) TimerEvent: {}
[26.086332] (-) TimerEvent: {}
[26.166461] (px4_ros2_cpp) StdoutLine: {'line': b'[ 21%] \x1b[32m\x1b[1mLinking CXX shared library libintegration_utils.so\x1b[0m\n'}
[26.186482] (-) TimerEvent: {}
[26.286806] (-) TimerEvent: {}
[26.387156] (-) TimerEvent: {}
[26.487588] (-) TimerEvent: {}
[26.588073] (-) TimerEvent: {}
[26.688400] (-) TimerEvent: {}
[26.788710] (-) TimerEvent: {}
[26.844434] (px4_ros2_cpp) StdoutLine: {'line': b'[ 21%] Built target integration_utils\n'}
[26.888827] (-) TimerEvent: {}
[26.989104] (-) TimerEvent: {}
[27.089448] (-) TimerEvent: {}
[27.189772] (-) TimerEvent: {}
[27.290049] (-) TimerEvent: {}
[27.390368] (-) TimerEvent: {}
[27.490711] (-) TimerEvent: {}
[27.591074] (-) TimerEvent: {}
[27.691450] (-) TimerEvent: {}
[27.791738] (-) TimerEvent: {}
[27.892082] (-) TimerEvent: {}
[27.992390] (-) TimerEvent: {}
[28.092704] (-) TimerEvent: {}
[28.193015] (-) TimerEvent: {}
[28.293302] (-) TimerEvent: {}
[28.393578] (-) TimerEvent: {}
[28.493848] (-) TimerEvent: {}
[28.594122] (-) TimerEvent: {}
[28.694403] (-) TimerEvent: {}
[28.794709] (-) TimerEvent: {}
[28.894976] (-) TimerEvent: {}
[28.995309] (-) TimerEvent: {}
[29.095608] (-) TimerEvent: {}
[29.195867] (-) TimerEvent: {}
[29.296210] (-) TimerEvent: {}
[29.396504] (-) TimerEvent: {}
[29.496811] (-) TimerEvent: {}
[29.597097] (-) TimerEvent: {}
[29.697368] (-) TimerEvent: {}
[29.797643] (-) TimerEvent: {}
[29.897912] (-) TimerEvent: {}
[29.998179] (-) TimerEvent: {}
[30.098517] (-) TimerEvent: {}
[30.198832] (-) TimerEvent: {}
[30.299154] (-) TimerEvent: {}
[30.399424] (-) TimerEvent: {}
[30.499755] (-) TimerEvent: {}
[30.600214] (-) TimerEvent: {}
[30.700510] (-) TimerEvent: {}
[30.800850] (-) TimerEvent: {}
[30.901180] (-) TimerEvent: {}
[31.001474] (-) TimerEvent: {}
[31.101734] (-) TimerEvent: {}
[31.202086] (-) TimerEvent: {}
[31.302364] (-) TimerEvent: {}
[31.402637] (-) TimerEvent: {}
[31.502918] (-) TimerEvent: {}
[31.603248] (-) TimerEvent: {}
[31.703521] (-) TimerEvent: {}
[31.803819] (-) TimerEvent: {}
[31.989893] (-) TimerEvent: {}
[32.090152] (-) TimerEvent: {}
[32.190486] (-) TimerEvent: {}
[32.290766] (-) TimerEvent: {}
[32.391033] (-) TimerEvent: {}
[32.491298] (-) TimerEvent: {}
[32.591552] (-) TimerEvent: {}
[32.691837] (-) TimerEvent: {}
[32.792111] (-) TimerEvent: {}
[32.892436] (-) TimerEvent: {}
[32.992740] (-) TimerEvent: {}
[33.093065] (-) TimerEvent: {}
[33.193458] (-) TimerEvent: {}
[33.293754] (-) TimerEvent: {}
[33.394045] (-) TimerEvent: {}
[33.494363] (-) TimerEvent: {}
[33.594723] (-) TimerEvent: {}
[33.695177] (-) TimerEvent: {}
[33.795663] (-) TimerEvent: {}
[33.896016] (-) TimerEvent: {}
[33.996683] (-) TimerEvent: {}
[34.096936] (-) TimerEvent: {}
[34.197213] (-) TimerEvent: {}
[34.297528] (-) TimerEvent: {}
[34.397864] (-) TimerEvent: {}
[34.498178] (-) TimerEvent: {}
[34.598558] (-) TimerEvent: {}
[34.698839] (-) TimerEvent: {}
[34.799162] (-) TimerEvent: {}
[34.899562] (-) TimerEvent: {}
[35.000029] (-) TimerEvent: {}
[35.100380] (-) TimerEvent: {}
[35.200727] (-) TimerEvent: {}
[35.301048] (-) TimerEvent: {}
[35.401374] (-) TimerEvent: {}
[35.423124] (px4_ros2_cpp) StdoutLine: {'line': b'[ 24%] \x1b[32m\x1b[1mLinking CXX shared library libpx4_ros2_cpp.so\x1b[0m\n'}
[35.501577] (-) TimerEvent: {}
[35.602352] (-) TimerEvent: {}
[35.702992] (-) TimerEvent: {}
[35.803378] (-) TimerEvent: {}
[35.904101] (-) TimerEvent: {}
[36.004704] (-) TimerEvent: {}
[36.105027] (-) TimerEvent: {}
[36.205362] (-) TimerEvent: {}
[36.305800] (-) TimerEvent: {}
[36.406176] (-) TimerEvent: {}
[36.506595] (-) TimerEvent: {}
[36.606933] (-) TimerEvent: {}
[36.707420] (-) TimerEvent: {}
[36.807753] (-) TimerEvent: {}
[36.908107] (-) TimerEvent: {}
[37.008416] (-) TimerEvent: {}
[37.108750] (-) TimerEvent: {}
[37.209189] (-) TimerEvent: {}
[37.309518] (-) TimerEvent: {}
[37.410259] (-) TimerEvent: {}
[37.510920] (-) TimerEvent: {}
[37.611602] (-) TimerEvent: {}
[37.712226] (-) TimerEvent: {}
[37.812821] (-) TimerEvent: {}
[37.913268] (-) TimerEvent: {}
[38.013826] (-) TimerEvent: {}
[38.114183] (-) TimerEvent: {}
[38.214579] (-) TimerEvent: {}
[38.314945] (-) TimerEvent: {}
[38.415341] (-) TimerEvent: {}
[38.515683] (-) TimerEvent: {}
[38.616063] (-) TimerEvent: {}
[38.716370] (-) TimerEvent: {}
[38.816694] (-) TimerEvent: {}
[38.916986] (-) TimerEvent: {}
[39.017336] (-) TimerEvent: {}
[39.117727] (-) TimerEvent: {}
[39.218039] (-) TimerEvent: {}
[39.318342] (-) TimerEvent: {}
[39.418623] (-) TimerEvent: {}
[39.518950] (-) TimerEvent: {}
[39.619262] (-) TimerEvent: {}
[39.719555] (-) TimerEvent: {}
[39.819874] (-) TimerEvent: {}
[39.920218] (-) TimerEvent: {}
[40.020534] (-) TimerEvent: {}
[40.120829] (-) TimerEvent: {}
[40.221227] (-) TimerEvent: {}
[40.321542] (-) TimerEvent: {}
[40.421856] (-) TimerEvent: {}
[40.522157] (-) TimerEvent: {}
[40.622466] (-) TimerEvent: {}
[40.722762] (-) TimerEvent: {}
[40.823038] (-) TimerEvent: {}
[40.923331] (-) TimerEvent: {}
[41.023698] (-) TimerEvent: {}
[41.124107] (-) TimerEvent: {}
[41.224415] (-) TimerEvent: {}
[41.324700] (-) TimerEvent: {}
[41.425051] (-) TimerEvent: {}
[41.525368] (-) TimerEvent: {}
[41.625725] (-) TimerEvent: {}
[41.726051] (-) TimerEvent: {}
[41.826373] (-) TimerEvent: {}
[41.926723] (-) TimerEvent: {}
[42.008526] (px4_ros2_cpp) StdoutLine: {'line': b'[ 67%] Built target px4_ros2_cpp\n'}
[42.026823] (-) TimerEvent: {}
[42.100389] (px4_ros2_cpp) StdoutLine: {'line': b'[ 70%] \x1b[32m\x1b[1mLinking CXX executable px4_ros2_cpp_unit_tests\x1b[0m\n'}
[42.121566] (px4_ros2_cpp) StdoutLine: {'line': b'[ 72%] \x1b[32mBuilding CXX object CMakeFiles/integration_tests.dir/test/integration/arming_check.cpp.o\x1b[0m\n'}
[42.123457] (px4_ros2_cpp) StdoutLine: {'line': b'[ 75%] \x1b[32mBuilding CXX object CMakeFiles/integration_tests.dir/test/integration/global_navigation.cpp.o\x1b[0m\n'}
[42.124362] (px4_ros2_cpp) StdoutLine: {'line': b'[ 78%] \x1b[32mBuilding CXX object CMakeFiles/integration_tests.dir/test/integration/local_navigation.cpp.o\x1b[0m\n'}
[42.125576] (px4_ros2_cpp) StdoutLine: {'line': b'[ 81%] \x1b[32mBuilding CXX object CMakeFiles/integration_tests.dir/test/integration/mode.cpp.o\x1b[0m\n'}
[42.126911] (-) TimerEvent: {}
[42.128110] (px4_ros2_cpp) StdoutLine: {'line': b'[ 83%] \x1b[32mBuilding CXX object CMakeFiles/integration_tests.dir/test/integration/mode_executor.cpp.o\x1b[0m\n'}
[42.131276] (px4_ros2_cpp) StdoutLine: {'line': b'[ 86%] \x1b[32mBuilding CXX object CMakeFiles/integration_tests.dir/test/integration/overrides.cpp.o\x1b[0m\n'}
[42.227092] (-) TimerEvent: {}
[42.327443] (-) TimerEvent: {}
[42.427957] (-) TimerEvent: {}
[42.528525] (-) TimerEvent: {}
[42.632143] (-) TimerEvent: {}
[42.733653] (-) TimerEvent: {}
[42.834594] (-) TimerEvent: {}
[42.935013] (-) TimerEvent: {}
[43.035408] (-) TimerEvent: {}
[43.135800] (-) TimerEvent: {}
[43.236233] (-) TimerEvent: {}
[43.337389] (-) TimerEvent: {}
[43.437968] (-) TimerEvent: {}
[43.538516] (-) TimerEvent: {}
[43.639059] (-) TimerEvent: {}
[43.739608] (-) TimerEvent: {}
[43.840178] (-) TimerEvent: {}
[43.886642] (px4_ros2_cpp) StdoutLine: {'line': b'[ 97%] Built target px4_ros2_cpp_unit_tests\n'}
[43.940315] (-) TimerEvent: {}
[44.040734] (-) TimerEvent: {}
[44.141509] (-) TimerEvent: {}
[44.242206] (-) TimerEvent: {}
[44.342974] (-) TimerEvent: {}
[44.443331] (-) TimerEvent: {}
[44.543738] (-) TimerEvent: {}
[44.644124] (-) TimerEvent: {}
[44.745154] (-) TimerEvent: {}
[44.845539] (-) TimerEvent: {}
[44.946290] (-) TimerEvent: {}
[45.047031] (-) TimerEvent: {}
[45.147631] (-) TimerEvent: {}
[45.248328] (-) TimerEvent: {}
[45.349062] (-) TimerEvent: {}
[45.449809] (-) TimerEvent: {}
[45.550300] (-) TimerEvent: {}
[45.651169] (-) TimerEvent: {}
[45.751537] (-) TimerEvent: {}
[45.852370] (-) TimerEvent: {}
[45.953034] (-) TimerEvent: {}
[46.053579] (-) TimerEvent: {}
[46.153929] (-) TimerEvent: {}
[46.254605] (-) TimerEvent: {}
[46.354966] (-) TimerEvent: {}
[46.455657] (-) TimerEvent: {}
[46.556344] (-) TimerEvent: {}
[46.656966] (-) TimerEvent: {}
[46.757556] (-) TimerEvent: {}
[46.858254] (-) TimerEvent: {}
[46.958926] (-) TimerEvent: {}
[47.059539] (-) TimerEvent: {}
[47.160097] (-) TimerEvent: {}
[47.260465] (-) TimerEvent: {}
[47.361579] (-) TimerEvent: {}
[47.463061] (-) TimerEvent: {}
[47.563627] (-) TimerEvent: {}
[47.664310] (-) TimerEvent: {}
[47.765019] (-) TimerEvent: {}
[47.865560] (-) TimerEvent: {}
[47.965940] (-) TimerEvent: {}
[48.066304] (-) TimerEvent: {}
[48.166751] (-) TimerEvent: {}
[48.267193] (-) TimerEvent: {}
[48.367606] (-) TimerEvent: {}
[48.468279] (-) TimerEvent: {}
[48.568642] (-) TimerEvent: {}
[48.669233] (-) TimerEvent: {}
[48.769906] (-) TimerEvent: {}
[48.870589] (-) TimerEvent: {}
[48.970979] (-) TimerEvent: {}
[49.071315] (-) TimerEvent: {}
[49.172063] (-) TimerEvent: {}
[49.272443] (-) TimerEvent: {}
[49.372877] (-) TimerEvent: {}
[49.473245] (-) TimerEvent: {}
[49.573607] (-) TimerEvent: {}
[49.673968] (-) TimerEvent: {}
[49.774331] (-) TimerEvent: {}
[49.874715] (-) TimerEvent: {}
[49.975152] (-) TimerEvent: {}
[50.075571] (-) TimerEvent: {}
[50.179637] (-) TimerEvent: {}
[50.280006] (-) TimerEvent: {}
[50.380708] (-) TimerEvent: {}
[50.481079] (-) TimerEvent: {}
[50.581456] (-) TimerEvent: {}
[50.681806] (-) TimerEvent: {}
[50.782173] (-) TimerEvent: {}
[50.884706] (-) TimerEvent: {}
[50.985095] (-) TimerEvent: {}
[51.085426] (-) TimerEvent: {}
[51.185765] (-) TimerEvent: {}
[51.286101] (-) TimerEvent: {}
[51.386432] (-) TimerEvent: {}
[51.486786] (-) TimerEvent: {}
[51.587126] (-) TimerEvent: {}
[51.687485] (-) TimerEvent: {}
[51.787803] (-) TimerEvent: {}
[51.888162] (-) TimerEvent: {}
[51.988621] (-) TimerEvent: {}
[52.088923] (-) TimerEvent: {}
[52.189305] (-) TimerEvent: {}
[52.289628] (-) TimerEvent: {}
[52.389917] (-) TimerEvent: {}
[52.490274] (-) TimerEvent: {}
[52.590657] (-) TimerEvent: {}
[52.691025] (-) TimerEvent: {}
[52.791315] (-) TimerEvent: {}
[52.891589] (-) TimerEvent: {}
[52.991880] (-) TimerEvent: {}
[53.092201] (-) TimerEvent: {}
[53.192558] (-) TimerEvent: {}
[53.292863] (-) TimerEvent: {}
[53.393163] (-) TimerEvent: {}
[53.493429] (-) TimerEvent: {}
[53.593782] (-) TimerEvent: {}
[53.694063] (-) TimerEvent: {}
[53.794375] (-) TimerEvent: {}
[53.894689] (-) TimerEvent: {}
[53.995028] (-) TimerEvent: {}
[54.095308] (-) TimerEvent: {}
[54.195582] (-) TimerEvent: {}
[54.295836] (-) TimerEvent: {}
[54.396094] (-) TimerEvent: {}
[54.496381] (-) TimerEvent: {}
[54.596656] (-) TimerEvent: {}
[54.696943] (-) TimerEvent: {}
[54.797200] (-) TimerEvent: {}
[54.897508] (-) TimerEvent: {}
[54.997834] (-) TimerEvent: {}
[55.098132] (-) TimerEvent: {}
[55.198442] (-) TimerEvent: {}
[55.298796] (-) TimerEvent: {}
[55.399123] (-) TimerEvent: {}
[55.499381] (-) TimerEvent: {}
[55.599674] (-) TimerEvent: {}
[55.699985] (-) TimerEvent: {}
[55.800307] (-) TimerEvent: {}
[55.900600] (-) TimerEvent: {}
[56.000869] (-) TimerEvent: {}
[56.101154] (-) TimerEvent: {}
[56.201419] (-) TimerEvent: {}
[56.301700] (-) TimerEvent: {}
[56.401960] (-) TimerEvent: {}
[56.502227] (-) TimerEvent: {}
[56.602539] (-) TimerEvent: {}
[56.702794] (-) TimerEvent: {}
[56.803075] (-) TimerEvent: {}
[56.903365] (-) TimerEvent: {}
[57.003639] (-) TimerEvent: {}
[57.103910] (-) TimerEvent: {}
[57.204247] (-) TimerEvent: {}
[57.304570] (-) TimerEvent: {}
[57.404861] (-) TimerEvent: {}
[57.505152] (-) TimerEvent: {}
[57.605434] (-) TimerEvent: {}
[57.705706] (-) TimerEvent: {}
[57.805996] (-) TimerEvent: {}
[57.906276] (-) TimerEvent: {}
[58.006561] (-) TimerEvent: {}
[58.106834] (-) TimerEvent: {}
[58.207196] (-) TimerEvent: {}
[58.307518] (-) TimerEvent: {}
[58.407925] (-) TimerEvent: {}
[58.508366] (-) TimerEvent: {}
[58.608915] (-) TimerEvent: {}
[58.709172] (-) TimerEvent: {}
[58.809423] (-) TimerEvent: {}
[58.909738] (-) TimerEvent: {}
[59.010194] (-) TimerEvent: {}
[59.110612] (-) TimerEvent: {}
[59.210958] (-) TimerEvent: {}
[59.243683] (px4_ros2_cpp) StdoutLine: {'line': b'[100%] \x1b[32m\x1b[1mLinking CXX executable integration_tests\x1b[0m\n'}
[59.311080] (-) TimerEvent: {}
[59.411369] (-) TimerEvent: {}
[59.511686] (-) TimerEvent: {}
[59.612031] (-) TimerEvent: {}
[59.712367] (-) TimerEvent: {}
[59.812636] (-) TimerEvent: {}
[59.912950] (-) TimerEvent: {}
[60.013254] (-) TimerEvent: {}
[60.113582] (-) TimerEvent: {}
[60.213895] (-) TimerEvent: {}
[60.314202] (-) TimerEvent: {}
[60.414545] (-) TimerEvent: {}
[60.514832] (-) TimerEvent: {}
[60.615119] (-) TimerEvent: {}
[60.715425] (-) TimerEvent: {}
[60.755929] (px4_ros2_cpp) StdoutLine: {'line': b'[100%] Built target integration_tests\n'}
[60.764913] (px4_ros2_cpp) CommandEnded: {'returncode': 0}
[60.815513] (-) TimerEvent: {}
[60.866994] (px4_ros2_cpp) JobProgress: {'identifier': 'px4_ros2_cpp', 'progress': 'install'}
[60.867439] (px4_ros2_cpp) Command: {'cmd': ['/usr/local/bin/cmake', '--install', '/home/giromi/Repos/VTOL/ws_sensor_combined_src/build/px4_ros2_cpp'], 'cwd': '/home/giromi/Repos/VTOL/ws_sensor_combined_src/build/px4_ros2_cpp', 'env': OrderedDict([('LESSOPEN', '| /usr/bin/lesspipe %s'), ('TMUX', '/tmp/tmux-1000/default,4900,2'), ('USER', 'giromi'), ('LC_TIME', 'ko_KR.UTF-8'), ('XDG_SESSION_TYPE', 'x11'), ('SHLVL', '2'), ('LD_LIBRARY_PATH', '/home/giromi/Repos/VTOL/ws_sensor_combined_src/install/px4_msgs/lib:/opt/ros/humble/opt/rviz_ogre_vendor/lib:/opt/ros/humble/lib/x86_64-linux-gnu:/opt/ros/humble/lib'), ('HOME', '/home/giromi'), ('OLDPWD', '/home/giromi/Repos/VTOL'), ('TERM_PROGRAM_VERSION', '3.2a'), ('DESKTOP_SESSION', 'ubuntu'), ('NVM_BIN', '/home/giromi/.nvm/versions/node/v20.11.0/bin'), ('NVM_INC', '/home/giromi/.nvm/versions/node/v20.11.0/include/node'), ('ROS_PYTHON_VERSION', '3'), ('GNOME_SHELL_SESSION_MODE', 'ubuntu'), ('GTK_MODULES', 'gail:atk-bridge'), ('PS1', "\\[\\e[01;32m\\]\\u@\\h \\[\\e[34m\\]\\w \\[\\e[1;31m\\]$(git branch 2> /dev/null | sed -e '/^[^*]/d' -e 's/* \\(.*\\)/(\\1)/')\\[\\e[00m\\]$"), ('LC_MONETARY', 'ko_KR.UTF-8'), ('SYSTEMD_EXEC_PID', '2073'), ('DBUS_SESSION_BUS_ADDRESS', 'unix:path=/run/user/1000/bus'), ('COLORTERM', 'truecolor'), ('NVM_DIR', '/home/giromi/.nvm'), ('ROS_DISTRO', 'humble'), ('GTK_IM_MODULE', 'ibus'), ('LOGNAME', 'giromi'), ('_', '/usr/bin/colcon'), ('ROS_VERSION', '2'), ('XDG_SESSION_CLASS', 'user'), ('USERNAME', 'giromi'), ('TERM', 'screen-256color'), ('GNOME_DESKTOP_SESSION_ID', 'this-is-deprecated'), ('ROS_LOCALHOST_ONLY', '0'), ('WINDOWPATH', '2'), ('PATH', '/opt/gcc-arm-none-eabi-9-2020-q2-update/bin:/home/giromi/.local/bin:/home/giromi/.nvm/versions/node/v20.11.0/bin:/opt/ros/humble/bin:/opt/gcc-arm-none-eabi-9-2020-q2-update/bin:/home/giromi/.local/bin:/usr/local/sbin:/usr/local/bin:/usr/sbin:/usr/bin:/sbin:/bin:/usr/games:/usr/local/games:/snap/bin:/snap/bin:/home/giromi/Bashes:/home/giromi/Bashes'), ('SESSION_MANAGER', 'local/ubuntu22:@/tmp/.ICE-unix/2044,unix/ubuntu22:/tmp/.ICE-unix/2044'), ('XDG_MENU_PREFIX', 'gnome-'), ('LC_ADDRESS', 'ko_KR.UTF-8'), ('GNOME_TERMINAL_SCREEN', '/org/gnome/Terminal/screen/7c38761a_019b_4274_8719_b3f2320c43bd'), ('XDG_RUNTIME_DIR', '/run/user/1000'), ('DISPLAY', ':1'), ('LANG', 'en_US.UTF-8'), ('XDG_CURRENT_DESKTOP', 'ubuntu:GNOME'), ('LC_TELEPHONE', 'ko_KR.UTF-8'), ('XMODIFIERS', '@im=ibus'), ('XDG_SESSION_DESKTOP', 'ubuntu'), ('XAUTHORITY', '/run/user/1000/gdm/Xauthority'), ('LS_COLORS', 'rs=0:di=01;34:ln=01;36:mh=00:pi=40;33:so=01;35:do=01;35:bd=40;33;01:cd=40;33;01:or=40;31;01:mi=00:su=37;41:sg=30;43:ca=30;41:tw=30;42:ow=34;42:st=37;44:ex=01;32:*.tar=01;31:*.tgz=01;31:*.arc=01;31:*.arj=01;31:*.taz=01;31:*.lha=01;31:*.lz4=01;31:*.lzh=01;31:*.lzma=01;31:*.tlz=01;31:*.txz=01;31:*.tzo=01;31:*.t7z=01;31:*.zip=01;31:*.z=01;31:*.dz=01;31:*.gz=01;31:*.lrz=01;31:*.lz=01;31:*.lzo=01;31:*.xz=01;31:*.zst=01;31:*.tzst=01;31:*.bz2=01;31:*.bz=01;31:*.tbz=01;31:*.tbz2=01;31:*.tz=01;31:*.deb=01;31:*.rpm=01;31:*.jar=01;31:*.war=01;31:*.ear=01;31:*.sar=01;31:*.rar=01;31:*.alz=01;31:*.ace=01;31:*.zoo=01;31:*.cpio=01;31:*.7z=01;31:*.rz=01;31:*.cab=01;31:*.wim=01;31:*.swm=01;31:*.dwm=01;31:*.esd=01;31:*.jpg=01;35:*.jpeg=01;35:*.mjpg=01;35:*.mjpeg=01;35:*.gif=01;35:*.bmp=01;35:*.pbm=01;35:*.pgm=01;35:*.ppm=01;35:*.tga=01;35:*.xbm=01;35:*.xpm=01;35:*.tif=01;35:*.tiff=01;35:*.png=01;35:*.svg=01;35:*.svgz=01;35:*.mng=01;35:*.pcx=01;35:*.mov=01;35:*.mpg=01;35:*.mpeg=01;35:*.m2v=01;35:*.mkv=01;35:*.webm=01;35:*.webp=01;35:*.ogm=01;35:*.mp4=01;35:*.m4v=01;35:*.mp4v=01;35:*.vob=01;35:*.qt=01;35:*.nuv=01;35:*.wmv=01;35:*.asf=01;35:*.rm=01;35:*.rmvb=01;35:*.flc=01;35:*.avi=01;35:*.fli=01;35:*.flv=01;35:*.gl=01;35:*.dl=01;35:*.xcf=01;35:*.xwd=01;35:*.yuv=01;35:*.cgm=01;35:*.emf=01;35:*.ogv=01;35:*.ogx=01;35:*.aac=00;36:*.au=00;36:*.flac=00;36:*.m4a=00;36:*.mid=00;36:*.midi=00;36:*.mka=00;36:*.mp3=00;36:*.mpc=00;36:*.ogg=00;36:*.ra=00;36:*.wav=00;36:*.oga=00;36:*.opus=00;36:*.spx=00;36:*.xspf=00;36:'), ('GNOME_TERMINAL_SERVICE', ':1.100'), ('TERM_PROGRAM', 'tmux'), ('SSH_AGENT_LAUNCHER', 'gnome-keyring'), ('SSH_AUTH_SOCK', '/run/user/1000/keyring/ssh'), ('AMENT_PREFIX_PATH', '/home/giromi/Repos/VTOL/ws_sensor_combined_src/install/px4_msgs:/opt/ros/humble'), ('SHELL', '/bin/bash'), ('LC_NAME', 'ko_KR.UTF-8'), ('QT_ACCESSIBILITY', '1'), ('GDMSESSION', 'ubuntu'), ('LESSCLOSE', '/usr/bin/lesspipe %s %s'), ('LC_MEASUREMENT', 'ko_KR.UTF-8'), ('GPG_AGENT_INFO', '/run/user/1000/gnupg/S.gpg-agent:0:1'), ('LC_IDENTIFICATION', 'ko_KR.UTF-8'), ('QT_IM_MODULE', 'ibus'), ('PWD', '/home/giromi/Repos/VTOL/ws_sensor_combined_src/build/px4_ros2_cpp'), ('LC_ALL', 'en_US.UTF-8'), ('XDG_CONFIG_DIRS', '/etc/xdg/xdg-ubuntu:/etc/xdg'), ('NVM_CD_FLAGS', ''), ('XDG_DATA_DIRS', '/usr/share/ubuntu:/usr/share/gnome:/usr/local/share/:/usr/share/:/var/lib/snapd/desktop'), ('PYTHONPATH', '/home/giromi/Repos/VTOL/ws_sensor_combined_src/install/px4_msgs/local/lib/python3.10/dist-packages:/opt/ros/humble/lib/python3.10/site-packages:/opt/ros/humble/local/lib/python3.10/dist-packages'), ('LC_NUMERIC', 'ko_KR.UTF-8'), ('TMUX_PLUGIN_MANAGER_PATH', '/home/giromi/.tmux/plugins/'), ('LC_PAPER', 'ko_KR.UTF-8'), ('COLCON', '1'), ('VTE_VERSION', '6800'), ('TMUX_PANE', '%2'), ('CMAKE_PREFIX_PATH', '/home/giromi/Repos/VTOL/ws_sensor_combined_src/install/px4_msgs:/opt/ros/humble')]), 'shell': False}
[60.872379] (px4_ros2_cpp) StdoutLine: {'line': b'-- Install configuration: ""\n'}
[60.873180] (px4_ros2_cpp) StdoutLine: {'line': b'-- Execute custom install script\n'}
[60.873707] (px4_ros2_cpp) StdoutLine: {'line': b'-- Up-to-date symlink: /home/giromi/Repos/VTOL/ws_sensor_combined_src/install/px4_ros2_cpp/share/px4_ros2_cpp/environment/library_path.sh\n'}
[60.874093] (px4_ros2_cpp) StdoutLine: {'line': b'-- Up-to-date symlink: /home/giromi/Repos/VTOL/ws_sensor_combined_src/install/px4_ros2_cpp/share/px4_ros2_cpp/environment/library_path.dsv\n'}
[60.883186] (px4_ros2_cpp) StdoutLine: {'line': b'-- Up-to-date symlink: /home/giromi/Repos/VTOL/ws_sensor_combined_src/install/px4_ros2_cpp/include/px4_ros2/common/context.hpp\n'}
[60.883472] (px4_ros2_cpp) StdoutLine: {'line': b'-- Up-to-date symlink: /home/giromi/Repos/VTOL/ws_sensor_combined_src/install/px4_ros2_cpp/include/px4_ros2/common/frame.hpp\n'}
[60.883776] (px4_ros2_cpp) StdoutLine: {'line': b'-- Up-to-date symlink: /home/giromi/Repos/VTOL/ws_sensor_combined_src/install/px4_ros2_cpp/include/px4_ros2/common/requirement_flags.hpp\n'}
[60.884082] (px4_ros2_cpp) StdoutLine: {'line': b'-- Up-to-date symlink: /home/giromi/Repos/VTOL/ws_sensor_combined_src/install/px4_ros2_cpp/include/px4_ros2/common/setpoint_base.hpp\n'}
[60.884391] (px4_ros2_cpp) StdoutLine: {'line': b'-- Up-to-date symlink: /home/giromi/Repos/VTOL/ws_sensor_combined_src/install/px4_ros2_cpp/include/px4_ros2/components/events.hpp\n'}
[60.884679] (px4_ros2_cpp) StdoutLine: {'line': b'-- Up-to-date symlink: /home/giromi/Repos/VTOL/ws_sensor_combined_src/install/px4_ros2_cpp/include/px4_ros2/components/groups.dox\n'}
[60.884978] (px4_ros2_cpp) StdoutLine: {'line': b'-- Up-to-date symlink: /home/giromi/Repos/VTOL/ws_sensor_combined_src/install/px4_ros2_cpp/include/px4_ros2/components/health_and_arming_checks.hpp\n'}
[60.885264] (px4_ros2_cpp) StdoutLine: {'line': b'-- Up-to-date symlink: /home/giromi/Repos/VTOL/ws_sensor_combined_src/install/px4_ros2_cpp/include/px4_ros2/components/manual_control_input.hpp\n'}
[60.885524] (px4_ros2_cpp) StdoutLine: {'line': b'-- Up-to-date symlink: /home/giromi/Repos/VTOL/ws_sensor_combined_src/install/px4_ros2_cpp/include/px4_ros2/components/message_compatibility_check.hpp\n'}
[60.885821] (px4_ros2_cpp) StdoutLine: {'line': b'-- Up-to-date symlink: /home/giromi/Repos/VTOL/ws_sensor_combined_src/install/px4_ros2_cpp/include/px4_ros2/components/mode.hpp\n'}
[60.886148] (px4_ros2_cpp) StdoutLine: {'line': b'-- Up-to-date symlink: /home/giromi/Repos/VTOL/ws_sensor_combined_src/install/px4_ros2_cpp/include/px4_ros2/components/mode_executor.hpp\n'}
[60.886427] (px4_ros2_cpp) StdoutLine: {'line': b'-- Up-to-date symlink: /home/giromi/Repos/VTOL/ws_sensor_combined_src/install/px4_ros2_cpp/include/px4_ros2/components/overrides.hpp\n'}
[60.886796] (px4_ros2_cpp) StdoutLine: {'line': b'-- Up-to-date symlink: /home/giromi/Repos/VTOL/ws_sensor_combined_src/install/px4_ros2_cpp/include/px4_ros2/components/wait_for_fmu.hpp\n'}
[60.887051] (px4_ros2_cpp) StdoutLine: {'line': b'-- Up-to-date symlink: /home/giromi/Repos/VTOL/ws_sensor_combined_src/install/px4_ros2_cpp/include/px4_ros2/control/groups.dox\n'}
[60.887311] (px4_ros2_cpp) StdoutLine: {'line': b'-- Up-to-date symlink: /home/giromi/Repos/VTOL/ws_sensor_combined_src/install/px4_ros2_cpp/include/px4_ros2/control/peripheral_actuators.hpp\n'}
[60.887633] (px4_ros2_cpp) StdoutLine: {'line': b'-- Up-to-date symlink: /home/giromi/Repos/VTOL/ws_sensor_combined_src/install/px4_ros2_cpp/include/px4_ros2/control/setpoint_types/direct_actuators.hpp\n'}
[60.887940] (px4_ros2_cpp) StdoutLine: {'line': b'-- Up-to-date symlink: /home/giromi/Repos/VTOL/ws_sensor_combined_src/install/px4_ros2_cpp/include/px4_ros2/control/setpoint_types/experimental/attitude.hpp\n'}
[60.888265] (px4_ros2_cpp) StdoutLine: {'line': b'-- Up-to-date symlink: /home/giromi/Repos/VTOL/ws_sensor_combined_src/install/px4_ros2_cpp/include/px4_ros2/control/setpoint_types/experimental/rates.hpp\n'}
[60.888547] (px4_ros2_cpp) StdoutLine: {'line': b'-- Up-to-date symlink: /home/giromi/Repos/VTOL/ws_sensor_combined_src/install/px4_ros2_cpp/include/px4_ros2/control/setpoint_types/experimental/trajectory.hpp\n'}
[60.888847] (px4_ros2_cpp) StdoutLine: {'line': b'-- Up-to-date symlink: /home/giromi/Repos/VTOL/ws_sensor_combined_src/install/px4_ros2_cpp/include/px4_ros2/control/setpoint_types/goto.hpp\n'}
[60.889145] (px4_ros2_cpp) StdoutLine: {'line': b'-- Up-to-date symlink: /home/giromi/Repos/VTOL/ws_sensor_combined_src/install/px4_ros2_cpp/include/px4_ros2/control/setpoint_types/groups.dox\n'}
[60.889446] (px4_ros2_cpp) StdoutLine: {'line': b'-- Up-to-date symlink: /home/giromi/Repos/VTOL/ws_sensor_combined_src/install/px4_ros2_cpp/include/px4_ros2/navigation/experimental/global_position_measurement_interface.hpp\n'}
[60.889750] (px4_ros2_cpp) StdoutLine: {'line': b'-- Up-to-date symlink: /home/giromi/Repos/VTOL/ws_sensor_combined_src/install/px4_ros2_cpp/include/px4_ros2/navigation/experimental/local_position_measurement_interface.hpp\n'}
[60.890126] (px4_ros2_cpp) StdoutLine: {'line': b'-- Up-to-date symlink: /home/giromi/Repos/VTOL/ws_sensor_combined_src/install/px4_ros2_cpp/include/px4_ros2/navigation/experimental/navigation_interface_base.hpp\n'}
[60.890463] (px4_ros2_cpp) StdoutLine: {'line': b'-- Up-to-date symlink: /home/giromi/Repos/VTOL/ws_sensor_combined_src/install/px4_ros2_cpp/include/px4_ros2/navigation/groups.dox\n'}
[60.890878] (px4_ros2_cpp) StdoutLine: {'line': b'-- Up-to-date symlink: /home/giromi/Repos/VTOL/ws_sensor_combined_src/install/px4_ros2_cpp/include/px4_ros2/odometry/global_position.hpp\n'}
[60.891241] (px4_ros2_cpp) StdoutLine: {'line': b'-- Up-to-date symlink: /home/giromi/Repos/VTOL/ws_sensor_combined_src/install/px4_ros2_cpp/include/px4_ros2/odometry/groups.dox\n'}
[60.891642] (px4_ros2_cpp) StdoutLine: {'line': b'-- Up-to-date symlink: /home/giromi/Repos/VTOL/ws_sensor_combined_src/install/px4_ros2_cpp/include/px4_ros2/odometry/local_position.hpp\n'}
[60.892018] (px4_ros2_cpp) StdoutLine: {'line': b'-- Up-to-date symlink: /home/giromi/Repos/VTOL/ws_sensor_combined_src/install/px4_ros2_cpp/include/px4_ros2/odometry/subscription.hpp\n'}
[60.892432] (px4_ros2_cpp) StdoutLine: {'line': b'-- Up-to-date symlink: /home/giromi/Repos/VTOL/ws_sensor_combined_src/install/px4_ros2_cpp/share/ament_index/resource_index/package_run_dependencies/px4_ros2_cpp\n'}
[60.892955] (px4_ros2_cpp) StdoutLine: {'line': b'-- Up-to-date symlink: /home/giromi/Repos/VTOL/ws_sensor_combined_src/install/px4_ros2_cpp/share/ament_index/resource_index/parent_prefix_path/px4_ros2_cpp\n'}
[60.893279] (px4_ros2_cpp) StdoutLine: {'line': b'-- Up-to-date symlink: /home/giromi/Repos/VTOL/ws_sensor_combined_src/install/px4_ros2_cpp/share/px4_ros2_cpp/environment/ament_prefix_path.sh\n'}
[60.893605] (px4_ros2_cpp) StdoutLine: {'line': b'-- Up-to-date symlink: /home/giromi/Repos/VTOL/ws_sensor_combined_src/install/px4_ros2_cpp/share/px4_ros2_cpp/environment/ament_prefix_path.dsv\n'}
[60.893935] (px4_ros2_cpp) StdoutLine: {'line': b'-- Up-to-date symlink: /home/giromi/Repos/VTOL/ws_sensor_combined_src/install/px4_ros2_cpp/share/px4_ros2_cpp/environment/path.sh\n'}
[60.894284] (px4_ros2_cpp) StdoutLine: {'line': b'-- Up-to-date symlink: /home/giromi/Repos/VTOL/ws_sensor_combined_src/install/px4_ros2_cpp/share/px4_ros2_cpp/environment/path.dsv\n'}
[60.894647] (px4_ros2_cpp) StdoutLine: {'line': b'-- Up-to-date symlink: /home/giromi/Repos/VTOL/ws_sensor_combined_src/install/px4_ros2_cpp/share/px4_ros2_cpp/local_setup.bash\n'}
[60.894955] (px4_ros2_cpp) StdoutLine: {'line': b'-- Up-to-date symlink: /home/giromi/Repos/VTOL/ws_sensor_combined_src/install/px4_ros2_cpp/share/px4_ros2_cpp/local_setup.sh\n'}
[60.895188] (px4_ros2_cpp) StdoutLine: {'line': b'-- Up-to-date symlink: /home/giromi/Repos/VTOL/ws_sensor_combined_src/install/px4_ros2_cpp/share/px4_ros2_cpp/local_setup.zsh\n'}
[60.895486] (px4_ros2_cpp) StdoutLine: {'line': b'-- Up-to-date symlink: /home/giromi/Repos/VTOL/ws_sensor_combined_src/install/px4_ros2_cpp/share/px4_ros2_cpp/local_setup.dsv\n'}
[60.895690] (px4_ros2_cpp) StdoutLine: {'line': b'-- Symlinking: /home/giromi/Repos/VTOL/ws_sensor_combined_src/install/px4_ros2_cpp/share/px4_ros2_cpp/package.dsv\n'}
[60.900277] (px4_ros2_cpp) StdoutLine: {'line': b'-- Up-to-date symlink: /home/giromi/Repos/VTOL/ws_sensor_combined_src/install/px4_ros2_cpp/share/ament_index/resource_index/packages/px4_ros2_cpp\n'}
[60.900490] (px4_ros2_cpp) StdoutLine: {'line': b'-- Up-to-date symlink: /home/giromi/Repos/VTOL/ws_sensor_combined_src/install/px4_ros2_cpp/share/px4_ros2_cpp/cmake/ament_cmake_export_targets-extras.cmake\n'}
[60.900666] (px4_ros2_cpp) StdoutLine: {'line': b'-- Up-to-date symlink: /home/giromi/Repos/VTOL/ws_sensor_combined_src/install/px4_ros2_cpp/share/px4_ros2_cpp/cmake/ament_cmake_export_dependencies-extras.cmake\n'}
[60.900803] (px4_ros2_cpp) StdoutLine: {'line': b'-- Up-to-date symlink: /home/giromi/Repos/VTOL/ws_sensor_combined_src/install/px4_ros2_cpp/share/px4_ros2_cpp/cmake/px4_ros2_cppConfig.cmake\n'}
[60.900920] (px4_ros2_cpp) StdoutLine: {'line': b'-- Up-to-date symlink: /home/giromi/Repos/VTOL/ws_sensor_combined_src/install/px4_ros2_cpp/share/px4_ros2_cpp/cmake/px4_ros2_cppConfig-version.cmake\n'}
[60.901099] (px4_ros2_cpp) StdoutLine: {'line': b'-- Up-to-date symlink: /home/giromi/Repos/VTOL/ws_sensor_combined_src/install/px4_ros2_cpp/share/px4_ros2_cpp/package.xml\n'}
[60.915738] (-) TimerEvent: {}
[60.924235] (px4_ros2_cpp) StdoutLine: {'line': b'-- Installing: /home/giromi/Repos/VTOL/ws_sensor_combined_src/install/px4_ros2_cpp/lib/libpx4_ros2_cpp.so\n'}
[60.997888] (px4_ros2_cpp) StdoutLine: {'line': b'-- Set non-toolchain portion of runtime path of "/home/giromi/Repos/VTOL/ws_sensor_combined_src/install/px4_ros2_cpp/lib/libpx4_ros2_cpp.so" to ""\n'}
[61.007868] (px4_ros2_cpp) StdoutLine: {'line': b'-- Up-to-date: /home/giromi/Repos/VTOL/ws_sensor_combined_src/install/px4_ros2_cpp/share/px4_ros2_cpp/cmake/px4_ros2_cppExport.cmake\n'}
[61.008143] (px4_ros2_cpp) StdoutLine: {'line': b'-- Up-to-date: /home/giromi/Repos/VTOL/ws_sensor_combined_src/install/px4_ros2_cpp/share/px4_ros2_cpp/cmake/px4_ros2_cppExport-noconfig.cmake\n'}
[61.010225] (px4_ros2_cpp) CommandEnded: {'returncode': 0}
[61.015967] (-) TimerEvent: {}
[61.116294] (-) TimerEvent: {}
[61.216635] (-) TimerEvent: {}
[61.311109] (px4_ros2_cpp) JobEnded: {'identifier': 'px4_ros2_cpp', 'rc': 0}
[61.311713] (example_global_navigation_cpp) JobStarted: {'identifier': 'example_global_navigation_cpp'}
[61.316877] (-) TimerEvent: {}
[61.372147] (example_local_navigation_cpp) JobStarted: {'identifier': 'example_local_navigation_cpp'}
[61.417157] (-) TimerEvent: {}
[61.444693] (example_mode_goto_cpp) JobStarted: {'identifier': 'example_mode_goto_cpp'}
[61.512936] (example_mode_manual_cpp) JobStarted: {'identifier': 'example_mode_manual_cpp'}
[61.517476] (-) TimerEvent: {}
[61.586211] (example_mode_rtl_replacement_cpp) JobStarted: {'identifier': 'example_mode_rtl_replacement_cpp'}
[61.617616] (-) TimerEvent: {}
[61.641994] (example_mode_with_executor_cpp) JobStarted: {'identifier': 'example_mode_with_executor_cpp'}
[61.700015] (example_global_navigation_cpp) JobProgress: {'identifier': 'example_global_navigation_cpp', 'progress': 'cmake'}
[61.717781] (-) TimerEvent: {}
[61.724278] (example_global_navigation_cpp) Command: {'cmd': ['/usr/local/bin/cmake', '/home/giromi/Repos/VTOL/ws_sensor_combined_src/src/px4-ros2-interface-lib/examples/cpp/navigation/global_navigation', '-DAMENT_CMAKE_SYMLINK_INSTALL=1', '-DCMAKE_INSTALL_PREFIX=/home/giromi/Repos/VTOL/ws_sensor_combined_src/install/example_global_navigation_cpp'], 'cwd': '/home/giromi/Repos/VTOL/ws_sensor_combined_src/build/example_global_navigation_cpp', 'env': OrderedDict([('LESSOPEN', '| /usr/bin/lesspipe %s'), ('TMUX', '/tmp/tmux-1000/default,4900,2'), ('USER', 'giromi'), ('LC_TIME', 'ko_KR.UTF-8'), ('XDG_SESSION_TYPE', 'x11'), ('SHLVL', '2'), ('LD_LIBRARY_PATH', '/home/giromi/Repos/VTOL/ws_sensor_combined_src/install/px4_ros2_cpp/lib:/home/giromi/Repos/VTOL/ws_sensor_combined_src/install/px4_msgs/lib:/opt/ros/humble/opt/rviz_ogre_vendor/lib:/opt/ros/humble/lib/x86_64-linux-gnu:/opt/ros/humble/lib'), ('HOME', '/home/giromi'), ('OLDPWD', '/home/giromi/Repos/VTOL'), ('TERM_PROGRAM_VERSION', '3.2a'), ('DESKTOP_SESSION', 'ubuntu'), ('NVM_BIN', '/home/giromi/.nvm/versions/node/v20.11.0/bin'), ('NVM_INC', '/home/giromi/.nvm/versions/node/v20.11.0/include/node'), ('ROS_PYTHON_VERSION', '3'), ('GNOME_SHELL_SESSION_MODE', 'ubuntu'), ('GTK_MODULES', 'gail:atk-bridge'), ('PS1', "\\[\\e[01;32m\\]\\u@\\h \\[\\e[34m\\]\\w \\[\\e[1;31m\\]$(git branch 2> /dev/null | sed -e '/^[^*]/d' -e 's/* \\(.*\\)/(\\1)/')\\[\\e[00m\\]$"), ('LC_MONETARY', 'ko_KR.UTF-8'), ('SYSTEMD_EXEC_PID', '2073'), ('DBUS_SESSION_BUS_ADDRESS', 'unix:path=/run/user/1000/bus'), ('COLORTERM', 'truecolor'), ('NVM_DIR', '/home/giromi/.nvm'), ('ROS_DISTRO', 'humble'), ('GTK_IM_MODULE', 'ibus'), ('LOGNAME', 'giromi'), ('_', '/usr/bin/colcon'), ('ROS_VERSION', '2'), ('XDG_SESSION_CLASS', 'user'), ('USERNAME', 'giromi'), ('TERM', 'screen-256color'), ('GNOME_DESKTOP_SESSION_ID', 'this-is-deprecated'), ('ROS_LOCALHOST_ONLY', '0'), ('WINDOWPATH', '2'), ('PATH', '/opt/gcc-arm-none-eabi-9-2020-q2-update/bin:/home/giromi/.local/bin:/home/giromi/.nvm/versions/node/v20.11.0/bin:/opt/ros/humble/bin:/opt/gcc-arm-none-eabi-9-2020-q2-update/bin:/home/giromi/.local/bin:/usr/local/sbin:/usr/local/bin:/usr/sbin:/usr/bin:/sbin:/bin:/usr/games:/usr/local/games:/snap/bin:/snap/bin:/home/giromi/Bashes:/home/giromi/Bashes'), ('SESSION_MANAGER', 'local/ubuntu22:@/tmp/.ICE-unix/2044,unix/ubuntu22:/tmp/.ICE-unix/2044'), ('XDG_MENU_PREFIX', 'gnome-'), ('LC_ADDRESS', 'ko_KR.UTF-8'), ('GNOME_TERMINAL_SCREEN', '/org/gnome/Terminal/screen/7c38761a_019b_4274_8719_b3f2320c43bd'), ('XDG_RUNTIME_DIR', '/run/user/1000'), ('DISPLAY', ':1'), ('LANG', 'en_US.UTF-8'), ('XDG_CURRENT_DESKTOP', 'ubuntu:GNOME'), ('LC_TELEPHONE', 'ko_KR.UTF-8'), ('XMODIFIERS', '@im=ibus'), ('XDG_SESSION_DESKTOP', 'ubuntu'), ('XAUTHORITY', '/run/user/1000/gdm/Xauthority'), ('LS_COLORS', 'rs=0:di=01;34:ln=01;36:mh=00:pi=40;33:so=01;35:do=01;35:bd=40;33;01:cd=40;33;01:or=40;31;01:mi=00:su=37;41:sg=30;43:ca=30;41:tw=30;42:ow=34;42:st=37;44:ex=01;32:*.tar=01;31:*.tgz=01;31:*.arc=01;31:*.arj=01;31:*.taz=01;31:*.lha=01;31:*.lz4=01;31:*.lzh=01;31:*.lzma=01;31:*.tlz=01;31:*.txz=01;31:*.tzo=01;31:*.t7z=01;31:*.zip=01;31:*.z=01;31:*.dz=01;31:*.gz=01;31:*.lrz=01;31:*.lz=01;31:*.lzo=01;31:*.xz=01;31:*.zst=01;31:*.tzst=01;31:*.bz2=01;31:*.bz=01;31:*.tbz=01;31:*.tbz2=01;31:*.tz=01;31:*.deb=01;31:*.rpm=01;31:*.jar=01;31:*.war=01;31:*.ear=01;31:*.sar=01;31:*.rar=01;31:*.alz=01;31:*.ace=01;31:*.zoo=01;31:*.cpio=01;31:*.7z=01;31:*.rz=01;31:*.cab=01;31:*.wim=01;31:*.swm=01;31:*.dwm=01;31:*.esd=01;31:*.jpg=01;35:*.jpeg=01;35:*.mjpg=01;35:*.mjpeg=01;35:*.gif=01;35:*.bmp=01;35:*.pbm=01;35:*.pgm=01;35:*.ppm=01;35:*.tga=01;35:*.xbm=01;35:*.xpm=01;35:*.tif=01;35:*.tiff=01;35:*.png=01;35:*.svg=01;35:*.svgz=01;35:*.mng=01;35:*.pcx=01;35:*.mov=01;35:*.mpg=01;35:*.mpeg=01;35:*.m2v=01;35:*.mkv=01;35:*.webm=01;35:*.webp=01;35:*.ogm=01;35:*.mp4=01;35:*.m4v=01;35:*.mp4v=01;35:*.vob=01;35:*.qt=01;35:*.nuv=01;35:*.wmv=01;35:*.asf=01;35:*.rm=01;35:*.rmvb=01;35:*.flc=01;35:*.avi=01;35:*.fli=01;35:*.flv=01;35:*.gl=01;35:*.dl=01;35:*.xcf=01;35:*.xwd=01;35:*.yuv=01;35:*.cgm=01;35:*.emf=01;35:*.ogv=01;35:*.ogx=01;35:*.aac=00;36:*.au=00;36:*.flac=00;36:*.m4a=00;36:*.mid=00;36:*.midi=00;36:*.mka=00;36:*.mp3=00;36:*.mpc=00;36:*.ogg=00;36:*.ra=00;36:*.wav=00;36:*.oga=00;36:*.opus=00;36:*.spx=00;36:*.xspf=00;36:'), ('GNOME_TERMINAL_SERVICE', ':1.100'), ('TERM_PROGRAM', 'tmux'), ('SSH_AGENT_LAUNCHER', 'gnome-keyring'), ('SSH_AUTH_SOCK', '/run/user/1000/keyring/ssh'), ('AMENT_PREFIX_PATH', '/home/giromi/Repos/VTOL/ws_sensor_combined_src/install/px4_ros2_cpp:/home/giromi/Repos/VTOL/ws_sensor_combined_src/install/px4_msgs:/opt/ros/humble'), ('SHELL', '/bin/bash'), ('LC_NAME', 'ko_KR.UTF-8'), ('QT_ACCESSIBILITY', '1'), ('GDMSESSION', 'ubuntu'), ('LESSCLOSE', '/usr/bin/lesspipe %s %s'), ('LC_MEASUREMENT', 'ko_KR.UTF-8'), ('GPG_AGENT_INFO', '/run/user/1000/gnupg/S.gpg-agent:0:1'), ('LC_IDENTIFICATION', 'ko_KR.UTF-8'), ('QT_IM_MODULE', 'ibus'), ('PWD', '/home/giromi/Repos/VTOL/ws_sensor_combined_src/build/example_global_navigation_cpp'), ('LC_ALL', 'en_US.UTF-8'), ('XDG_CONFIG_DIRS', '/etc/xdg/xdg-ubuntu:/etc/xdg'), ('NVM_CD_FLAGS', ''), ('XDG_DATA_DIRS', '/usr/share/ubuntu:/usr/share/gnome:/usr/local/share/:/usr/share/:/var/lib/snapd/desktop'), ('PYTHONPATH', '/home/giromi/Repos/VTOL/ws_sensor_combined_src/install/px4_msgs/local/lib/python3.10/dist-packages:/opt/ros/humble/lib/python3.10/site-packages:/opt/ros/humble/local/lib/python3.10/dist-packages'), ('LC_NUMERIC', 'ko_KR.UTF-8'), ('TMUX_PLUGIN_MANAGER_PATH', '/home/giromi/.tmux/plugins/'), ('LC_PAPER', 'ko_KR.UTF-8'), ('COLCON', '1'), ('VTE_VERSION', '6800'), ('TMUX_PANE', '%2'), ('CMAKE_PREFIX_PATH', '/home/giromi/Repos/VTOL/ws_sensor_combined_src/install/px4_ros2_cpp:/home/giromi/Repos/VTOL/ws_sensor_combined_src/install/px4_msgs:/opt/ros/humble')]), 'shell': False}
[61.726180] (example_local_navigation_cpp) JobProgress: {'identifier': 'example_local_navigation_cpp', 'progress': 'cmake'}
[61.727423] (example_local_navigation_cpp) Command: {'cmd': ['/usr/local/bin/cmake', '/home/giromi/Repos/VTOL/ws_sensor_combined_src/src/px4-ros2-interface-lib/examples/cpp/navigation/local_navigation', '-DAMENT_CMAKE_SYMLINK_INSTALL=1', '-DCMAKE_INSTALL_PREFIX=/home/giromi/Repos/VTOL/ws_sensor_combined_src/install/example_local_navigation_cpp'], 'cwd': '/home/giromi/Repos/VTOL/ws_sensor_combined_src/build/example_local_navigation_cpp', 'env': OrderedDict([('LESSOPEN', '| /usr/bin/lesspipe %s'), ('TMUX', '/tmp/tmux-1000/default,4900,2'), ('USER', 'giromi'), ('LC_TIME', 'ko_KR.UTF-8'), ('XDG_SESSION_TYPE', 'x11'), ('SHLVL', '2'), ('LD_LIBRARY_PATH', '/home/giromi/Repos/VTOL/ws_sensor_combined_src/install/px4_ros2_cpp/lib:/home/giromi/Repos/VTOL/ws_sensor_combined_src/install/px4_msgs/lib:/opt/ros/humble/opt/rviz_ogre_vendor/lib:/opt/ros/humble/lib/x86_64-linux-gnu:/opt/ros/humble/lib'), ('HOME', '/home/giromi'), ('OLDPWD', '/home/giromi/Repos/VTOL'), ('TERM_PROGRAM_VERSION', '3.2a'), ('DESKTOP_SESSION', 'ubuntu'), ('NVM_BIN', '/home/giromi/.nvm/versions/node/v20.11.0/bin'), ('NVM_INC', '/home/giromi/.nvm/versions/node/v20.11.0/include/node'), ('ROS_PYTHON_VERSION', '3'), ('GNOME_SHELL_SESSION_MODE', 'ubuntu'), ('GTK_MODULES', 'gail:atk-bridge'), ('PS1', "\\[\\e[01;32m\\]\\u@\\h \\[\\e[34m\\]\\w \\[\\e[1;31m\\]$(git branch 2> /dev/null | sed -e '/^[^*]/d' -e 's/* \\(.*\\)/(\\1)/')\\[\\e[00m\\]$"), ('LC_MONETARY', 'ko_KR.UTF-8'), ('SYSTEMD_EXEC_PID', '2073'), ('DBUS_SESSION_BUS_ADDRESS', 'unix:path=/run/user/1000/bus'), ('COLORTERM', 'truecolor'), ('NVM_DIR', '/home/giromi/.nvm'), ('ROS_DISTRO', 'humble'), ('GTK_IM_MODULE', 'ibus'), ('LOGNAME', 'giromi'), ('_', '/usr/bin/colcon'), ('ROS_VERSION', '2'), ('XDG_SESSION_CLASS', 'user'), ('USERNAME', 'giromi'), ('TERM', 'screen-256color'), ('GNOME_DESKTOP_SESSION_ID', 'this-is-deprecated'), ('ROS_LOCALHOST_ONLY', '0'), ('WINDOWPATH', '2'), ('PATH', '/opt/gcc-arm-none-eabi-9-2020-q2-update/bin:/home/giromi/.local/bin:/home/giromi/.nvm/versions/node/v20.11.0/bin:/opt/ros/humble/bin:/opt/gcc-arm-none-eabi-9-2020-q2-update/bin:/home/giromi/.local/bin:/usr/local/sbin:/usr/local/bin:/usr/sbin:/usr/bin:/sbin:/bin:/usr/games:/usr/local/games:/snap/bin:/snap/bin:/home/giromi/Bashes:/home/giromi/Bashes'), ('SESSION_MANAGER', 'local/ubuntu22:@/tmp/.ICE-unix/2044,unix/ubuntu22:/tmp/.ICE-unix/2044'), ('XDG_MENU_PREFIX', 'gnome-'), ('LC_ADDRESS', 'ko_KR.UTF-8'), ('GNOME_TERMINAL_SCREEN', '/org/gnome/Terminal/screen/7c38761a_019b_4274_8719_b3f2320c43bd'), ('XDG_RUNTIME_DIR', '/run/user/1000'), ('DISPLAY', ':1'), ('LANG', 'en_US.UTF-8'), ('XDG_CURRENT_DESKTOP', 'ubuntu:GNOME'), ('LC_TELEPHONE', 'ko_KR.UTF-8'), ('XMODIFIERS', '@im=ibus'), ('XDG_SESSION_DESKTOP', 'ubuntu'), ('XAUTHORITY', '/run/user/1000/gdm/Xauthority'), ('LS_COLORS', 'rs=0:di=01;34:ln=01;36:mh=00:pi=40;33:so=01;35:do=01;35:bd=40;33;01:cd=40;33;01:or=40;31;01:mi=00:su=37;41:sg=30;43:ca=30;41:tw=30;42:ow=34;42:st=37;44:ex=01;32:*.tar=01;31:*.tgz=01;31:*.arc=01;31:*.arj=01;31:*.taz=01;31:*.lha=01;31:*.lz4=01;31:*.lzh=01;31:*.lzma=01;31:*.tlz=01;31:*.txz=01;31:*.tzo=01;31:*.t7z=01;31:*.zip=01;31:*.z=01;31:*.dz=01;31:*.gz=01;31:*.lrz=01;31:*.lz=01;31:*.lzo=01;31:*.xz=01;31:*.zst=01;31:*.tzst=01;31:*.bz2=01;31:*.bz=01;31:*.tbz=01;31:*.tbz2=01;31:*.tz=01;31:*.deb=01;31:*.rpm=01;31:*.jar=01;31:*.war=01;31:*.ear=01;31:*.sar=01;31:*.rar=01;31:*.alz=01;31:*.ace=01;31:*.zoo=01;31:*.cpio=01;31:*.7z=01;31:*.rz=01;31:*.cab=01;31:*.wim=01;31:*.swm=01;31:*.dwm=01;31:*.esd=01;31:*.jpg=01;35:*.jpeg=01;35:*.mjpg=01;35:*.mjpeg=01;35:*.gif=01;35:*.bmp=01;35:*.pbm=01;35:*.pgm=01;35:*.ppm=01;35:*.tga=01;35:*.xbm=01;35:*.xpm=01;35:*.tif=01;35:*.tiff=01;35:*.png=01;35:*.svg=01;35:*.svgz=01;35:*.mng=01;35:*.pcx=01;35:*.mov=01;35:*.mpg=01;35:*.mpeg=01;35:*.m2v=01;35:*.mkv=01;35:*.webm=01;35:*.webp=01;35:*.ogm=01;35:*.mp4=01;35:*.m4v=01;35:*.mp4v=01;35:*.vob=01;35:*.qt=01;35:*.nuv=01;35:*.wmv=01;35:*.asf=01;35:*.rm=01;35:*.rmvb=01;35:*.flc=01;35:*.avi=01;35:*.fli=01;35:*.flv=01;35:*.gl=01;35:*.dl=01;35:*.xcf=01;35:*.xwd=01;35:*.yuv=01;35:*.cgm=01;35:*.emf=01;35:*.ogv=01;35:*.ogx=01;35:*.aac=00;36:*.au=00;36:*.flac=00;36:*.m4a=00;36:*.mid=00;36:*.midi=00;36:*.mka=00;36:*.mp3=00;36:*.mpc=00;36:*.ogg=00;36:*.ra=00;36:*.wav=00;36:*.oga=00;36:*.opus=00;36:*.spx=00;36:*.xspf=00;36:'), ('GNOME_TERMINAL_SERVICE', ':1.100'), ('TERM_PROGRAM', 'tmux'), ('SSH_AGENT_LAUNCHER', 'gnome-keyring'), ('SSH_AUTH_SOCK', '/run/user/1000/keyring/ssh'), ('AMENT_PREFIX_PATH', '/home/giromi/Repos/VTOL/ws_sensor_combined_src/install/px4_ros2_cpp:/home/giromi/Repos/VTOL/ws_sensor_combined_src/install/px4_msgs:/opt/ros/humble'), ('SHELL', '/bin/bash'), ('LC_NAME', 'ko_KR.UTF-8'), ('QT_ACCESSIBILITY', '1'), ('GDMSESSION', 'ubuntu'), ('LESSCLOSE', '/usr/bin/lesspipe %s %s'), ('LC_MEASUREMENT', 'ko_KR.UTF-8'), ('GPG_AGENT_INFO', '/run/user/1000/gnupg/S.gpg-agent:0:1'), ('LC_IDENTIFICATION', 'ko_KR.UTF-8'), ('QT_IM_MODULE', 'ibus'), ('PWD', '/home/giromi/Repos/VTOL/ws_sensor_combined_src/build/example_local_navigation_cpp'), ('LC_ALL', 'en_US.UTF-8'), ('XDG_CONFIG_DIRS', '/etc/xdg/xdg-ubuntu:/etc/xdg'), ('NVM_CD_FLAGS', ''), ('XDG_DATA_DIRS', '/usr/share/ubuntu:/usr/share/gnome:/usr/local/share/:/usr/share/:/var/lib/snapd/desktop'), ('PYTHONPATH', '/home/giromi/Repos/VTOL/ws_sensor_combined_src/install/px4_msgs/local/lib/python3.10/dist-packages:/opt/ros/humble/lib/python3.10/site-packages:/opt/ros/humble/local/lib/python3.10/dist-packages'), ('LC_NUMERIC', 'ko_KR.UTF-8'), ('TMUX_PLUGIN_MANAGER_PATH', '/home/giromi/.tmux/plugins/'), ('LC_PAPER', 'ko_KR.UTF-8'), ('COLCON', '1'), ('VTE_VERSION', '6800'), ('TMUX_PANE', '%2'), ('CMAKE_PREFIX_PATH', '/home/giromi/Repos/VTOL/ws_sensor_combined_src/install/px4_ros2_cpp:/home/giromi/Repos/VTOL/ws_sensor_combined_src/install/px4_msgs:/opt/ros/humble')]), 'shell': False}
[61.729280] (example_mode_goto_cpp) JobProgress: {'identifier': 'example_mode_goto_cpp', 'progress': 'cmake'}
[61.737079] (example_mode_goto_cpp) Command: {'cmd': ['/usr/local/bin/cmake', '/home/giromi/Repos/VTOL/ws_sensor_combined_src/src/px4-ros2-interface-lib/examples/cpp/modes/goto', '-DAMENT_CMAKE_SYMLINK_INSTALL=1', '-DCMAKE_INSTALL_PREFIX=/home/giromi/Repos/VTOL/ws_sensor_combined_src/install/example_mode_goto_cpp'], 'cwd': '/home/giromi/Repos/VTOL/ws_sensor_combined_src/build/example_mode_goto_cpp', 'env': OrderedDict([('LESSOPEN', '| /usr/bin/lesspipe %s'), ('TMUX', '/tmp/tmux-1000/default,4900,2'), ('USER', 'giromi'), ('LC_TIME', 'ko_KR.UTF-8'), ('XDG_SESSION_TYPE', 'x11'), ('SHLVL', '2'), ('LD_LIBRARY_PATH', '/home/giromi/Repos/VTOL/ws_sensor_combined_src/install/px4_ros2_cpp/lib:/home/giromi/Repos/VTOL/ws_sensor_combined_src/install/px4_msgs/lib:/opt/ros/humble/opt/rviz_ogre_vendor/lib:/opt/ros/humble/lib/x86_64-linux-gnu:/opt/ros/humble/lib'), ('HOME', '/home/giromi'), ('OLDPWD', '/home/giromi/Repos/VTOL'), ('TERM_PROGRAM_VERSION', '3.2a'), ('DESKTOP_SESSION', 'ubuntu'), ('NVM_BIN', '/home/giromi/.nvm/versions/node/v20.11.0/bin'), ('NVM_INC', '/home/giromi/.nvm/versions/node/v20.11.0/include/node'), ('ROS_PYTHON_VERSION', '3'), ('GNOME_SHELL_SESSION_MODE', 'ubuntu'), ('GTK_MODULES', 'gail:atk-bridge'), ('PS1', "\\[\\e[01;32m\\]\\u@\\h \\[\\e[34m\\]\\w \\[\\e[1;31m\\]$(git branch 2> /dev/null | sed -e '/^[^*]/d' -e 's/* \\(.*\\)/(\\1)/')\\[\\e[00m\\]$"), ('LC_MONETARY', 'ko_KR.UTF-8'), ('SYSTEMD_EXEC_PID', '2073'), ('DBUS_SESSION_BUS_ADDRESS', 'unix:path=/run/user/1000/bus'), ('COLORTERM', 'truecolor'), ('NVM_DIR', '/home/giromi/.nvm'), ('ROS_DISTRO', 'humble'), ('GTK_IM_MODULE', 'ibus'), ('LOGNAME', 'giromi'), ('_', '/usr/bin/colcon'), ('ROS_VERSION', '2'), ('XDG_SESSION_CLASS', 'user'), ('USERNAME', 'giromi'), ('TERM', 'screen-256color'), ('GNOME_DESKTOP_SESSION_ID', 'this-is-deprecated'), ('ROS_LOCALHOST_ONLY', '0'), ('WINDOWPATH', '2'), ('PATH', '/opt/gcc-arm-none-eabi-9-2020-q2-update/bin:/home/giromi/.local/bin:/home/giromi/.nvm/versions/node/v20.11.0/bin:/opt/ros/humble/bin:/opt/gcc-arm-none-eabi-9-2020-q2-update/bin:/home/giromi/.local/bin:/usr/local/sbin:/usr/local/bin:/usr/sbin:/usr/bin:/sbin:/bin:/usr/games:/usr/local/games:/snap/bin:/snap/bin:/home/giromi/Bashes:/home/giromi/Bashes'), ('SESSION_MANAGER', 'local/ubuntu22:@/tmp/.ICE-unix/2044,unix/ubuntu22:/tmp/.ICE-unix/2044'), ('XDG_MENU_PREFIX', 'gnome-'), ('LC_ADDRESS', 'ko_KR.UTF-8'), ('GNOME_TERMINAL_SCREEN', '/org/gnome/Terminal/screen/7c38761a_019b_4274_8719_b3f2320c43bd'), ('XDG_RUNTIME_DIR', '/run/user/1000'), ('DISPLAY', ':1'), ('LANG', 'en_US.UTF-8'), ('XDG_CURRENT_DESKTOP', 'ubuntu:GNOME'), ('LC_TELEPHONE', 'ko_KR.UTF-8'), ('XMODIFIERS', '@im=ibus'), ('XDG_SESSION_DESKTOP', 'ubuntu'), ('XAUTHORITY', '/run/user/1000/gdm/Xauthority'), ('LS_COLORS', 'rs=0:di=01;34:ln=01;36:mh=00:pi=40;33:so=01;35:do=01;35:bd=40;33;01:cd=40;33;01:or=40;31;01:mi=00:su=37;41:sg=30;43:ca=30;41:tw=30;42:ow=34;42:st=37;44:ex=01;32:*.tar=01;31:*.tgz=01;31:*.arc=01;31:*.arj=01;31:*.taz=01;31:*.lha=01;31:*.lz4=01;31:*.lzh=01;31:*.lzma=01;31:*.tlz=01;31:*.txz=01;31:*.tzo=01;31:*.t7z=01;31:*.zip=01;31:*.z=01;31:*.dz=01;31:*.gz=01;31:*.lrz=01;31:*.lz=01;31:*.lzo=01;31:*.xz=01;31:*.zst=01;31:*.tzst=01;31:*.bz2=01;31:*.bz=01;31:*.tbz=01;31:*.tbz2=01;31:*.tz=01;31:*.deb=01;31:*.rpm=01;31:*.jar=01;31:*.war=01;31:*.ear=01;31:*.sar=01;31:*.rar=01;31:*.alz=01;31:*.ace=01;31:*.zoo=01;31:*.cpio=01;31:*.7z=01;31:*.rz=01;31:*.cab=01;31:*.wim=01;31:*.swm=01;31:*.dwm=01;31:*.esd=01;31:*.jpg=01;35:*.jpeg=01;35:*.mjpg=01;35:*.mjpeg=01;35:*.gif=01;35:*.bmp=01;35:*.pbm=01;35:*.pgm=01;35:*.ppm=01;35:*.tga=01;35:*.xbm=01;35:*.xpm=01;35:*.tif=01;35:*.tiff=01;35:*.png=01;35:*.svg=01;35:*.svgz=01;35:*.mng=01;35:*.pcx=01;35:*.mov=01;35:*.mpg=01;35:*.mpeg=01;35:*.m2v=01;35:*.mkv=01;35:*.webm=01;35:*.webp=01;35:*.ogm=01;35:*.mp4=01;35:*.m4v=01;35:*.mp4v=01;35:*.vob=01;35:*.qt=01;35:*.nuv=01;35:*.wmv=01;35:*.asf=01;35:*.rm=01;35:*.rmvb=01;35:*.flc=01;35:*.avi=01;35:*.fli=01;35:*.flv=01;35:*.gl=01;35:*.dl=01;35:*.xcf=01;35:*.xwd=01;35:*.yuv=01;35:*.cgm=01;35:*.emf=01;35:*.ogv=01;35:*.ogx=01;35:*.aac=00;36:*.au=00;36:*.flac=00;36:*.m4a=00;36:*.mid=00;36:*.midi=00;36:*.mka=00;36:*.mp3=00;36:*.mpc=00;36:*.ogg=00;36:*.ra=00;36:*.wav=00;36:*.oga=00;36:*.opus=00;36:*.spx=00;36:*.xspf=00;36:'), ('GNOME_TERMINAL_SERVICE', ':1.100'), ('TERM_PROGRAM', 'tmux'), ('SSH_AGENT_LAUNCHER', 'gnome-keyring'), ('SSH_AUTH_SOCK', '/run/user/1000/keyring/ssh'), ('AMENT_PREFIX_PATH', '/home/giromi/Repos/VTOL/ws_sensor_combined_src/install/px4_ros2_cpp:/home/giromi/Repos/VTOL/ws_sensor_combined_src/install/px4_msgs:/opt/ros/humble'), ('SHELL', '/bin/bash'), ('LC_NAME', 'ko_KR.UTF-8'), ('QT_ACCESSIBILITY', '1'), ('GDMSESSION', 'ubuntu'), ('LESSCLOSE', '/usr/bin/lesspipe %s %s'), ('LC_MEASUREMENT', 'ko_KR.UTF-8'), ('GPG_AGENT_INFO', '/run/user/1000/gnupg/S.gpg-agent:0:1'), ('LC_IDENTIFICATION', 'ko_KR.UTF-8'), ('QT_IM_MODULE', 'ibus'), ('PWD', '/home/giromi/Repos/VTOL/ws_sensor_combined_src/build/example_mode_goto_cpp'), ('LC_ALL', 'en_US.UTF-8'), ('XDG_CONFIG_DIRS', '/etc/xdg/xdg-ubuntu:/etc/xdg'), ('NVM_CD_FLAGS', ''), ('XDG_DATA_DIRS', '/usr/share/ubuntu:/usr/share/gnome:/usr/local/share/:/usr/share/:/var/lib/snapd/desktop'), ('PYTHONPATH', '/home/giromi/Repos/VTOL/ws_sensor_combined_src/install/px4_msgs/local/lib/python3.10/dist-packages:/opt/ros/humble/lib/python3.10/site-packages:/opt/ros/humble/local/lib/python3.10/dist-packages'), ('LC_NUMERIC', 'ko_KR.UTF-8'), ('TMUX_PLUGIN_MANAGER_PATH', '/home/giromi/.tmux/plugins/'), ('LC_PAPER', 'ko_KR.UTF-8'), ('COLCON', '1'), ('VTE_VERSION', '6800'), ('TMUX_PANE', '%2'), ('CMAKE_PREFIX_PATH', '/home/giromi/Repos/VTOL/ws_sensor_combined_src/install/px4_ros2_cpp:/home/giromi/Repos/VTOL/ws_sensor_combined_src/install/px4_msgs:/opt/ros/humble')]), 'shell': False}
[61.738885] (example_mode_manual_cpp) JobProgress: {'identifier': 'example_mode_manual_cpp', 'progress': 'cmake'}
[61.748285] (example_mode_manual_cpp) Command: {'cmd': ['/usr/local/bin/cmake', '/home/giromi/Repos/VTOL/ws_sensor_combined_src/src/px4-ros2-interface-lib/examples/cpp/modes/manual', '-DAMENT_CMAKE_SYMLINK_INSTALL=1', '-DCMAKE_INSTALL_PREFIX=/home/giromi/Repos/VTOL/ws_sensor_combined_src/install/example_mode_manual_cpp'], 'cwd': '/home/giromi/Repos/VTOL/ws_sensor_combined_src/build/example_mode_manual_cpp', 'env': OrderedDict([('LESSOPEN', '| /usr/bin/lesspipe %s'), ('TMUX', '/tmp/tmux-1000/default,4900,2'), ('USER', 'giromi'), ('LC_TIME', 'ko_KR.UTF-8'), ('XDG_SESSION_TYPE', 'x11'), ('SHLVL', '2'), ('LD_LIBRARY_PATH', '/home/giromi/Repos/VTOL/ws_sensor_combined_src/install/px4_ros2_cpp/lib:/home/giromi/Repos/VTOL/ws_sensor_combined_src/install/px4_msgs/lib:/opt/ros/humble/opt/rviz_ogre_vendor/lib:/opt/ros/humble/lib/x86_64-linux-gnu:/opt/ros/humble/lib'), ('HOME', '/home/giromi'), ('OLDPWD', '/home/giromi/Repos/VTOL'), ('TERM_PROGRAM_VERSION', '3.2a'), ('DESKTOP_SESSION', 'ubuntu'), ('NVM_BIN', '/home/giromi/.nvm/versions/node/v20.11.0/bin'), ('NVM_INC', '/home/giromi/.nvm/versions/node/v20.11.0/include/node'), ('ROS_PYTHON_VERSION', '3'), ('GNOME_SHELL_SESSION_MODE', 'ubuntu'), ('GTK_MODULES', 'gail:atk-bridge'), ('PS1', "\\[\\e[01;32m\\]\\u@\\h \\[\\e[34m\\]\\w \\[\\e[1;31m\\]$(git branch 2> /dev/null | sed -e '/^[^*]/d' -e 's/* \\(.*\\)/(\\1)/')\\[\\e[00m\\]$"), ('LC_MONETARY', 'ko_KR.UTF-8'), ('SYSTEMD_EXEC_PID', '2073'), ('DBUS_SESSION_BUS_ADDRESS', 'unix:path=/run/user/1000/bus'), ('COLORTERM', 'truecolor'), ('NVM_DIR', '/home/giromi/.nvm'), ('ROS_DISTRO', 'humble'), ('GTK_IM_MODULE', 'ibus'), ('LOGNAME', 'giromi'), ('_', '/usr/bin/colcon'), ('ROS_VERSION', '2'), ('XDG_SESSION_CLASS', 'user'), ('USERNAME', 'giromi'), ('TERM', 'screen-256color'), ('GNOME_DESKTOP_SESSION_ID', 'this-is-deprecated'), ('ROS_LOCALHOST_ONLY', '0'), ('WINDOWPATH', '2'), ('PATH', '/opt/gcc-arm-none-eabi-9-2020-q2-update/bin:/home/giromi/.local/bin:/home/giromi/.nvm/versions/node/v20.11.0/bin:/opt/ros/humble/bin:/opt/gcc-arm-none-eabi-9-2020-q2-update/bin:/home/giromi/.local/bin:/usr/local/sbin:/usr/local/bin:/usr/sbin:/usr/bin:/sbin:/bin:/usr/games:/usr/local/games:/snap/bin:/snap/bin:/home/giromi/Bashes:/home/giromi/Bashes'), ('SESSION_MANAGER', 'local/ubuntu22:@/tmp/.ICE-unix/2044,unix/ubuntu22:/tmp/.ICE-unix/2044'), ('XDG_MENU_PREFIX', 'gnome-'), ('LC_ADDRESS', 'ko_KR.UTF-8'), ('GNOME_TERMINAL_SCREEN', '/org/gnome/Terminal/screen/7c38761a_019b_4274_8719_b3f2320c43bd'), ('XDG_RUNTIME_DIR', '/run/user/1000'), ('DISPLAY', ':1'), ('LANG', 'en_US.UTF-8'), ('XDG_CURRENT_DESKTOP', 'ubuntu:GNOME'), ('LC_TELEPHONE', 'ko_KR.UTF-8'), ('XMODIFIERS', '@im=ibus'), ('XDG_SESSION_DESKTOP', 'ubuntu'), ('XAUTHORITY', '/run/user/1000/gdm/Xauthority'), ('LS_COLORS', 'rs=0:di=01;34:ln=01;36:mh=00:pi=40;33:so=01;35:do=01;35:bd=40;33;01:cd=40;33;01:or=40;31;01:mi=00:su=37;41:sg=30;43:ca=30;41:tw=30;42:ow=34;42:st=37;44:ex=01;32:*.tar=01;31:*.tgz=01;31:*.arc=01;31:*.arj=01;31:*.taz=01;31:*.lha=01;31:*.lz4=01;31:*.lzh=01;31:*.lzma=01;31:*.tlz=01;31:*.txz=01;31:*.tzo=01;31:*.t7z=01;31:*.zip=01;31:*.z=01;31:*.dz=01;31:*.gz=01;31:*.lrz=01;31:*.lz=01;31:*.lzo=01;31:*.xz=01;31:*.zst=01;31:*.tzst=01;31:*.bz2=01;31:*.bz=01;31:*.tbz=01;31:*.tbz2=01;31:*.tz=01;31:*.deb=01;31:*.rpm=01;31:*.jar=01;31:*.war=01;31:*.ear=01;31:*.sar=01;31:*.rar=01;31:*.alz=01;31:*.ace=01;31:*.zoo=01;31:*.cpio=01;31:*.7z=01;31:*.rz=01;31:*.cab=01;31:*.wim=01;31:*.swm=01;31:*.dwm=01;31:*.esd=01;31:*.jpg=01;35:*.jpeg=01;35:*.mjpg=01;35:*.mjpeg=01;35:*.gif=01;35:*.bmp=01;35:*.pbm=01;35:*.pgm=01;35:*.ppm=01;35:*.tga=01;35:*.xbm=01;35:*.xpm=01;35:*.tif=01;35:*.tiff=01;35:*.png=01;35:*.svg=01;35:*.svgz=01;35:*.mng=01;35:*.pcx=01;35:*.mov=01;35:*.mpg=01;35:*.mpeg=01;35:*.m2v=01;35:*.mkv=01;35:*.webm=01;35:*.webp=01;35:*.ogm=01;35:*.mp4=01;35:*.m4v=01;35:*.mp4v=01;35:*.vob=01;35:*.qt=01;35:*.nuv=01;35:*.wmv=01;35:*.asf=01;35:*.rm=01;35:*.rmvb=01;35:*.flc=01;35:*.avi=01;35:*.fli=01;35:*.flv=01;35:*.gl=01;35:*.dl=01;35:*.xcf=01;35:*.xwd=01;35:*.yuv=01;35:*.cgm=01;35:*.emf=01;35:*.ogv=01;35:*.ogx=01;35:*.aac=00;36:*.au=00;36:*.flac=00;36:*.m4a=00;36:*.mid=00;36:*.midi=00;36:*.mka=00;36:*.mp3=00;36:*.mpc=00;36:*.ogg=00;36:*.ra=00;36:*.wav=00;36:*.oga=00;36:*.opus=00;36:*.spx=00;36:*.xspf=00;36:'), ('GNOME_TERMINAL_SERVICE', ':1.100'), ('TERM_PROGRAM', 'tmux'), ('SSH_AGENT_LAUNCHER', 'gnome-keyring'), ('SSH_AUTH_SOCK', '/run/user/1000/keyring/ssh'), ('AMENT_PREFIX_PATH', '/home/giromi/Repos/VTOL/ws_sensor_combined_src/install/px4_ros2_cpp:/home/giromi/Repos/VTOL/ws_sensor_combined_src/install/px4_msgs:/opt/ros/humble'), ('SHELL', '/bin/bash'), ('LC_NAME', 'ko_KR.UTF-8'), ('QT_ACCESSIBILITY', '1'), ('GDMSESSION', 'ubuntu'), ('LESSCLOSE', '/usr/bin/lesspipe %s %s'), ('LC_MEASUREMENT', 'ko_KR.UTF-8'), ('GPG_AGENT_INFO', '/run/user/1000/gnupg/S.gpg-agent:0:1'), ('LC_IDENTIFICATION', 'ko_KR.UTF-8'), ('QT_IM_MODULE', 'ibus'), ('PWD', '/home/giromi/Repos/VTOL/ws_sensor_combined_src/build/example_mode_manual_cpp'), ('LC_ALL', 'en_US.UTF-8'), ('XDG_CONFIG_DIRS', '/etc/xdg/xdg-ubuntu:/etc/xdg'), ('NVM_CD_FLAGS', ''), ('XDG_DATA_DIRS', '/usr/share/ubuntu:/usr/share/gnome:/usr/local/share/:/usr/share/:/var/lib/snapd/desktop'), ('PYTHONPATH', '/home/giromi/Repos/VTOL/ws_sensor_combined_src/install/px4_msgs/local/lib/python3.10/dist-packages:/opt/ros/humble/lib/python3.10/site-packages:/opt/ros/humble/local/lib/python3.10/dist-packages'), ('LC_NUMERIC', 'ko_KR.UTF-8'), ('TMUX_PLUGIN_MANAGER_PATH', '/home/giromi/.tmux/plugins/'), ('LC_PAPER', 'ko_KR.UTF-8'), ('COLCON', '1'), ('VTE_VERSION', '6800'), ('TMUX_PANE', '%2'), ('CMAKE_PREFIX_PATH', '/home/giromi/Repos/VTOL/ws_sensor_combined_src/install/px4_ros2_cpp:/home/giromi/Repos/VTOL/ws_sensor_combined_src/install/px4_msgs:/opt/ros/humble')]), 'shell': False}
[61.756675] (example_mode_rtl_replacement_cpp) JobProgress: {'identifier': 'example_mode_rtl_replacement_cpp', 'progress': 'cmake'}
[61.791248] (example_mode_rtl_replacement_cpp) Command: {'cmd': ['/usr/local/bin/cmake', '/home/giromi/Repos/VTOL/ws_sensor_combined_src/src/px4-ros2-interface-lib/examples/cpp/modes/rtl_replacement', '-DAMENT_CMAKE_SYMLINK_INSTALL=1', '-DCMAKE_INSTALL_PREFIX=/home/giromi/Repos/VTOL/ws_sensor_combined_src/install/example_mode_rtl_replacement_cpp'], 'cwd': '/home/giromi/Repos/VTOL/ws_sensor_combined_src/build/example_mode_rtl_replacement_cpp', 'env': OrderedDict([('LESSOPEN', '| /usr/bin/lesspipe %s'), ('TMUX', '/tmp/tmux-1000/default,4900,2'), ('USER', 'giromi'), ('LC_TIME', 'ko_KR.UTF-8'), ('XDG_SESSION_TYPE', 'x11'), ('SHLVL', '2'), ('LD_LIBRARY_PATH', '/home/giromi/Repos/VTOL/ws_sensor_combined_src/install/px4_ros2_cpp/lib:/home/giromi/Repos/VTOL/ws_sensor_combined_src/install/px4_msgs/lib:/opt/ros/humble/opt/rviz_ogre_vendor/lib:/opt/ros/humble/lib/x86_64-linux-gnu:/opt/ros/humble/lib'), ('HOME', '/home/giromi'), ('OLDPWD', '/home/giromi/Repos/VTOL'), ('TERM_PROGRAM_VERSION', '3.2a'), ('DESKTOP_SESSION', 'ubuntu'), ('NVM_BIN', '/home/giromi/.nvm/versions/node/v20.11.0/bin'), ('NVM_INC', '/home/giromi/.nvm/versions/node/v20.11.0/include/node'), ('ROS_PYTHON_VERSION', '3'), ('GNOME_SHELL_SESSION_MODE', 'ubuntu'), ('GTK_MODULES', 'gail:atk-bridge'), ('PS1', "\\[\\e[01;32m\\]\\u@\\h \\[\\e[34m\\]\\w \\[\\e[1;31m\\]$(git branch 2> /dev/null | sed -e '/^[^*]/d' -e 's/* \\(.*\\)/(\\1)/')\\[\\e[00m\\]$"), ('LC_MONETARY', 'ko_KR.UTF-8'), ('SYSTEMD_EXEC_PID', '2073'), ('DBUS_SESSION_BUS_ADDRESS', 'unix:path=/run/user/1000/bus'), ('COLORTERM', 'truecolor'), ('NVM_DIR', '/home/giromi/.nvm'), ('ROS_DISTRO', 'humble'), ('GTK_IM_MODULE', 'ibus'), ('LOGNAME', 'giromi'), ('_', '/usr/bin/colcon'), ('ROS_VERSION', '2'), ('XDG_SESSION_CLASS', 'user'), ('USERNAME', 'giromi'), ('TERM', 'screen-256color'), ('GNOME_DESKTOP_SESSION_ID', 'this-is-deprecated'), ('ROS_LOCALHOST_ONLY', '0'), ('WINDOWPATH', '2'), ('PATH', '/opt/gcc-arm-none-eabi-9-2020-q2-update/bin:/home/giromi/.local/bin:/home/giromi/.nvm/versions/node/v20.11.0/bin:/opt/ros/humble/bin:/opt/gcc-arm-none-eabi-9-2020-q2-update/bin:/home/giromi/.local/bin:/usr/local/sbin:/usr/local/bin:/usr/sbin:/usr/bin:/sbin:/bin:/usr/games:/usr/local/games:/snap/bin:/snap/bin:/home/giromi/Bashes:/home/giromi/Bashes'), ('SESSION_MANAGER', 'local/ubuntu22:@/tmp/.ICE-unix/2044,unix/ubuntu22:/tmp/.ICE-unix/2044'), ('XDG_MENU_PREFIX', 'gnome-'), ('LC_ADDRESS', 'ko_KR.UTF-8'), ('GNOME_TERMINAL_SCREEN', '/org/gnome/Terminal/screen/7c38761a_019b_4274_8719_b3f2320c43bd'), ('XDG_RUNTIME_DIR', '/run/user/1000'), ('DISPLAY', ':1'), ('LANG', 'en_US.UTF-8'), ('XDG_CURRENT_DESKTOP', 'ubuntu:GNOME'), ('LC_TELEPHONE', 'ko_KR.UTF-8'), ('XMODIFIERS', '@im=ibus'), ('XDG_SESSION_DESKTOP', 'ubuntu'), ('XAUTHORITY', '/run/user/1000/gdm/Xauthority'), ('LS_COLORS', 'rs=0:di=01;34:ln=01;36:mh=00:pi=40;33:so=01;35:do=01;35:bd=40;33;01:cd=40;33;01:or=40;31;01:mi=00:su=37;41:sg=30;43:ca=30;41:tw=30;42:ow=34;42:st=37;44:ex=01;32:*.tar=01;31:*.tgz=01;31:*.arc=01;31:*.arj=01;31:*.taz=01;31:*.lha=01;31:*.lz4=01;31:*.lzh=01;31:*.lzma=01;31:*.tlz=01;31:*.txz=01;31:*.tzo=01;31:*.t7z=01;31:*.zip=01;31:*.z=01;31:*.dz=01;31:*.gz=01;31:*.lrz=01;31:*.lz=01;31:*.lzo=01;31:*.xz=01;31:*.zst=01;31:*.tzst=01;31:*.bz2=01;31:*.bz=01;31:*.tbz=01;31:*.tbz2=01;31:*.tz=01;31:*.deb=01;31:*.rpm=01;31:*.jar=01;31:*.war=01;31:*.ear=01;31:*.sar=01;31:*.rar=01;31:*.alz=01;31:*.ace=01;31:*.zoo=01;31:*.cpio=01;31:*.7z=01;31:*.rz=01;31:*.cab=01;31:*.wim=01;31:*.swm=01;31:*.dwm=01;31:*.esd=01;31:*.jpg=01;35:*.jpeg=01;35:*.mjpg=01;35:*.mjpeg=01;35:*.gif=01;35:*.bmp=01;35:*.pbm=01;35:*.pgm=01;35:*.ppm=01;35:*.tga=01;35:*.xbm=01;35:*.xpm=01;35:*.tif=01;35:*.tiff=01;35:*.png=01;35:*.svg=01;35:*.svgz=01;35:*.mng=01;35:*.pcx=01;35:*.mov=01;35:*.mpg=01;35:*.mpeg=01;35:*.m2v=01;35:*.mkv=01;35:*.webm=01;35:*.webp=01;35:*.ogm=01;35:*.mp4=01;35:*.m4v=01;35:*.mp4v=01;35:*.vob=01;35:*.qt=01;35:*.nuv=01;35:*.wmv=01;35:*.asf=01;35:*.rm=01;35:*.rmvb=01;35:*.flc=01;35:*.avi=01;35:*.fli=01;35:*.flv=01;35:*.gl=01;35:*.dl=01;35:*.xcf=01;35:*.xwd=01;35:*.yuv=01;35:*.cgm=01;35:*.emf=01;35:*.ogv=01;35:*.ogx=01;35:*.aac=00;36:*.au=00;36:*.flac=00;36:*.m4a=00;36:*.mid=00;36:*.midi=00;36:*.mka=00;36:*.mp3=00;36:*.mpc=00;36:*.ogg=00;36:*.ra=00;36:*.wav=00;36:*.oga=00;36:*.opus=00;36:*.spx=00;36:*.xspf=00;36:'), ('GNOME_TERMINAL_SERVICE', ':1.100'), ('TERM_PROGRAM', 'tmux'), ('SSH_AGENT_LAUNCHER', 'gnome-keyring'), ('SSH_AUTH_SOCK', '/run/user/1000/keyring/ssh'), ('AMENT_PREFIX_PATH', '/home/giromi/Repos/VTOL/ws_sensor_combined_src/install/px4_ros2_cpp:/home/giromi/Repos/VTOL/ws_sensor_combined_src/install/px4_msgs:/opt/ros/humble'), ('SHELL', '/bin/bash'), ('LC_NAME', 'ko_KR.UTF-8'), ('QT_ACCESSIBILITY', '1'), ('GDMSESSION', 'ubuntu'), ('LESSCLOSE', '/usr/bin/lesspipe %s %s'), ('LC_MEASUREMENT', 'ko_KR.UTF-8'), ('GPG_AGENT_INFO', '/run/user/1000/gnupg/S.gpg-agent:0:1'), ('LC_IDENTIFICATION', 'ko_KR.UTF-8'), ('QT_IM_MODULE', 'ibus'), ('PWD', '/home/giromi/Repos/VTOL/ws_sensor_combined_src/build/example_mode_rtl_replacement_cpp'), ('LC_ALL', 'en_US.UTF-8'), ('XDG_CONFIG_DIRS', '/etc/xdg/xdg-ubuntu:/etc/xdg'), ('NVM_CD_FLAGS', ''), ('XDG_DATA_DIRS', '/usr/share/ubuntu:/usr/share/gnome:/usr/local/share/:/usr/share/:/var/lib/snapd/desktop'), ('PYTHONPATH', '/home/giromi/Repos/VTOL/ws_sensor_combined_src/install/px4_msgs/local/lib/python3.10/dist-packages:/opt/ros/humble/lib/python3.10/site-packages:/opt/ros/humble/local/lib/python3.10/dist-packages'), ('LC_NUMERIC', 'ko_KR.UTF-8'), ('TMUX_PLUGIN_MANAGER_PATH', '/home/giromi/.tmux/plugins/'), ('LC_PAPER', 'ko_KR.UTF-8'), ('COLCON', '1'), ('VTE_VERSION', '6800'), ('TMUX_PANE', '%2'), ('CMAKE_PREFIX_PATH', '/home/giromi/Repos/VTOL/ws_sensor_combined_src/install/px4_ros2_cpp:/home/giromi/Repos/VTOL/ws_sensor_combined_src/install/px4_msgs:/opt/ros/humble')]), 'shell': False}
[61.805557] (example_mode_with_executor_cpp) JobProgress: {'identifier': 'example_mode_with_executor_cpp', 'progress': 'cmake'}
[61.817982] (-) TimerEvent: {}
[61.821294] (example_local_navigation_cpp) StdoutLine: {'line': b'-- Found eigen3_cmake_module: 0.1.1 (/opt/ros/humble/share/eigen3_cmake_module/cmake)\n'}
[61.826065] (example_mode_goto_cpp) StdoutLine: {'line': b'-- Found eigen3_cmake_module: 0.1.1 (/opt/ros/humble/share/eigen3_cmake_module/cmake)\n'}
[61.826555] (example_local_navigation_cpp) StdoutLine: {'line': b'-- Found ament_cmake: 1.3.7 (/opt/ros/humble/share/ament_cmake/cmake)\n'}
[61.829469] (example_mode_goto_cpp) StdoutLine: {'line': b'-- Found ament_cmake: 1.3.7 (/opt/ros/humble/share/ament_cmake/cmake)\n'}
[61.830773] (example_mode_manual_cpp) StdoutLine: {'line': b'-- Found eigen3_cmake_module: 0.1.1 (/opt/ros/humble/share/eigen3_cmake_module/cmake)\n'}
[61.831057] (example_global_navigation_cpp) StdoutLine: {'line': b'-- Found eigen3_cmake_module: 0.1.1 (/opt/ros/humble/share/eigen3_cmake_module/cmake)\n'}
[61.833544] (example_mode_with_executor_cpp) Command: {'cmd': ['/usr/local/bin/cmake', '/home/giromi/Repos/VTOL/ws_sensor_combined_src/src/px4-ros2-interface-lib/examples/cpp/modes/mode_with_executor', '-DAMENT_CMAKE_SYMLINK_INSTALL=1', '-DCMAKE_INSTALL_PREFIX=/home/giromi/Repos/VTOL/ws_sensor_combined_src/install/example_mode_with_executor_cpp'], 'cwd': '/home/giromi/Repos/VTOL/ws_sensor_combined_src/build/example_mode_with_executor_cpp', 'env': OrderedDict([('LESSOPEN', '| /usr/bin/lesspipe %s'), ('TMUX', '/tmp/tmux-1000/default,4900,2'), ('USER', 'giromi'), ('LC_TIME', 'ko_KR.UTF-8'), ('XDG_SESSION_TYPE', 'x11'), ('SHLVL', '2'), ('LD_LIBRARY_PATH', '/home/giromi/Repos/VTOL/ws_sensor_combined_src/install/px4_ros2_cpp/lib:/home/giromi/Repos/VTOL/ws_sensor_combined_src/install/px4_msgs/lib:/opt/ros/humble/opt/rviz_ogre_vendor/lib:/opt/ros/humble/lib/x86_64-linux-gnu:/opt/ros/humble/lib'), ('HOME', '/home/giromi'), ('OLDPWD', '/home/giromi/Repos/VTOL'), ('TERM_PROGRAM_VERSION', '3.2a'), ('DESKTOP_SESSION', 'ubuntu'), ('NVM_BIN', '/home/giromi/.nvm/versions/node/v20.11.0/bin'), ('NVM_INC', '/home/giromi/.nvm/versions/node/v20.11.0/include/node'), ('ROS_PYTHON_VERSION', '3'), ('GNOME_SHELL_SESSION_MODE', 'ubuntu'), ('GTK_MODULES', 'gail:atk-bridge'), ('PS1', "\\[\\e[01;32m\\]\\u@\\h \\[\\e[34m\\]\\w \\[\\e[1;31m\\]$(git branch 2> /dev/null | sed -e '/^[^*]/d' -e 's/* \\(.*\\)/(\\1)/')\\[\\e[00m\\]$"), ('LC_MONETARY', 'ko_KR.UTF-8'), ('SYSTEMD_EXEC_PID', '2073'), ('DBUS_SESSION_BUS_ADDRESS', 'unix:path=/run/user/1000/bus'), ('COLORTERM', 'truecolor'), ('NVM_DIR', '/home/giromi/.nvm'), ('ROS_DISTRO', 'humble'), ('GTK_IM_MODULE', 'ibus'), ('LOGNAME', 'giromi'), ('_', '/usr/bin/colcon'), ('ROS_VERSION', '2'), ('XDG_SESSION_CLASS', 'user'), ('USERNAME', 'giromi'), ('TERM', 'screen-256color'), ('GNOME_DESKTOP_SESSION_ID', 'this-is-deprecated'), ('ROS_LOCALHOST_ONLY', '0'), ('WINDOWPATH', '2'), ('PATH', '/opt/gcc-arm-none-eabi-9-2020-q2-update/bin:/home/giromi/.local/bin:/home/giromi/.nvm/versions/node/v20.11.0/bin:/opt/ros/humble/bin:/opt/gcc-arm-none-eabi-9-2020-q2-update/bin:/home/giromi/.local/bin:/usr/local/sbin:/usr/local/bin:/usr/sbin:/usr/bin:/sbin:/bin:/usr/games:/usr/local/games:/snap/bin:/snap/bin:/home/giromi/Bashes:/home/giromi/Bashes'), ('SESSION_MANAGER', 'local/ubuntu22:@/tmp/.ICE-unix/2044,unix/ubuntu22:/tmp/.ICE-unix/2044'), ('XDG_MENU_PREFIX', 'gnome-'), ('LC_ADDRESS', 'ko_KR.UTF-8'), ('GNOME_TERMINAL_SCREEN', '/org/gnome/Terminal/screen/7c38761a_019b_4274_8719_b3f2320c43bd'), ('XDG_RUNTIME_DIR', '/run/user/1000'), ('DISPLAY', ':1'), ('LANG', 'en_US.UTF-8'), ('XDG_CURRENT_DESKTOP', 'ubuntu:GNOME'), ('LC_TELEPHONE', 'ko_KR.UTF-8'), ('XMODIFIERS', '@im=ibus'), ('XDG_SESSION_DESKTOP', 'ubuntu'), ('XAUTHORITY', '/run/user/1000/gdm/Xauthority'), ('LS_COLORS', 'rs=0:di=01;34:ln=01;36:mh=00:pi=40;33:so=01;35:do=01;35:bd=40;33;01:cd=40;33;01:or=40;31;01:mi=00:su=37;41:sg=30;43:ca=30;41:tw=30;42:ow=34;42:st=37;44:ex=01;32:*.tar=01;31:*.tgz=01;31:*.arc=01;31:*.arj=01;31:*.taz=01;31:*.lha=01;31:*.lz4=01;31:*.lzh=01;31:*.lzma=01;31:*.tlz=01;31:*.txz=01;31:*.tzo=01;31:*.t7z=01;31:*.zip=01;31:*.z=01;31:*.dz=01;31:*.gz=01;31:*.lrz=01;31:*.lz=01;31:*.lzo=01;31:*.xz=01;31:*.zst=01;31:*.tzst=01;31:*.bz2=01;31:*.bz=01;31:*.tbz=01;31:*.tbz2=01;31:*.tz=01;31:*.deb=01;31:*.rpm=01;31:*.jar=01;31:*.war=01;31:*.ear=01;31:*.sar=01;31:*.rar=01;31:*.alz=01;31:*.ace=01;31:*.zoo=01;31:*.cpio=01;31:*.7z=01;31:*.rz=01;31:*.cab=01;31:*.wim=01;31:*.swm=01;31:*.dwm=01;31:*.esd=01;31:*.jpg=01;35:*.jpeg=01;35:*.mjpg=01;35:*.mjpeg=01;35:*.gif=01;35:*.bmp=01;35:*.pbm=01;35:*.pgm=01;35:*.ppm=01;35:*.tga=01;35:*.xbm=01;35:*.xpm=01;35:*.tif=01;35:*.tiff=01;35:*.png=01;35:*.svg=01;35:*.svgz=01;35:*.mng=01;35:*.pcx=01;35:*.mov=01;35:*.mpg=01;35:*.mpeg=01;35:*.m2v=01;35:*.mkv=01;35:*.webm=01;35:*.webp=01;35:*.ogm=01;35:*.mp4=01;35:*.m4v=01;35:*.mp4v=01;35:*.vob=01;35:*.qt=01;35:*.nuv=01;35:*.wmv=01;35:*.asf=01;35:*.rm=01;35:*.rmvb=01;35:*.flc=01;35:*.avi=01;35:*.fli=01;35:*.flv=01;35:*.gl=01;35:*.dl=01;35:*.xcf=01;35:*.xwd=01;35:*.yuv=01;35:*.cgm=01;35:*.emf=01;35:*.ogv=01;35:*.ogx=01;35:*.aac=00;36:*.au=00;36:*.flac=00;36:*.m4a=00;36:*.mid=00;36:*.midi=00;36:*.mka=00;36:*.mp3=00;36:*.mpc=00;36:*.ogg=00;36:*.ra=00;36:*.wav=00;36:*.oga=00;36:*.opus=00;36:*.spx=00;36:*.xspf=00;36:'), ('GNOME_TERMINAL_SERVICE', ':1.100'), ('TERM_PROGRAM', 'tmux'), ('SSH_AGENT_LAUNCHER', 'gnome-keyring'), ('SSH_AUTH_SOCK', '/run/user/1000/keyring/ssh'), ('AMENT_PREFIX_PATH', '/home/giromi/Repos/VTOL/ws_sensor_combined_src/install/px4_ros2_cpp:/home/giromi/Repos/VTOL/ws_sensor_combined_src/install/px4_msgs:/opt/ros/humble'), ('SHELL', '/bin/bash'), ('LC_NAME', 'ko_KR.UTF-8'), ('QT_ACCESSIBILITY', '1'), ('GDMSESSION', 'ubuntu'), ('LESSCLOSE', '/usr/bin/lesspipe %s %s'), ('LC_MEASUREMENT', 'ko_KR.UTF-8'), ('GPG_AGENT_INFO', '/run/user/1000/gnupg/S.gpg-agent:0:1'), ('LC_IDENTIFICATION', 'ko_KR.UTF-8'), ('QT_IM_MODULE', 'ibus'), ('PWD', '/home/giromi/Repos/VTOL/ws_sensor_combined_src/build/example_mode_with_executor_cpp'), ('LC_ALL', 'en_US.UTF-8'), ('XDG_CONFIG_DIRS', '/etc/xdg/xdg-ubuntu:/etc/xdg'), ('NVM_CD_FLAGS', ''), ('XDG_DATA_DIRS', '/usr/share/ubuntu:/usr/share/gnome:/usr/local/share/:/usr/share/:/var/lib/snapd/desktop'), ('PYTHONPATH', '/home/giromi/Repos/VTOL/ws_sensor_combined_src/install/px4_msgs/local/lib/python3.10/dist-packages:/opt/ros/humble/lib/python3.10/site-packages:/opt/ros/humble/local/lib/python3.10/dist-packages'), ('LC_NUMERIC', 'ko_KR.UTF-8'), ('TMUX_PLUGIN_MANAGER_PATH', '/home/giromi/.tmux/plugins/'), ('LC_PAPER', 'ko_KR.UTF-8'), ('COLCON', '1'), ('VTE_VERSION', '6800'), ('TMUX_PANE', '%2'), ('CMAKE_PREFIX_PATH', '/home/giromi/Repos/VTOL/ws_sensor_combined_src/install/px4_ros2_cpp:/home/giromi/Repos/VTOL/ws_sensor_combined_src/install/px4_msgs:/opt/ros/humble')]), 'shell': False}
[61.836929] (example_global_navigation_cpp) StdoutLine: {'line': b'-- Found ament_cmake: 1.3.7 (/opt/ros/humble/share/ament_cmake/cmake)\n'}
[61.837460] (example_mode_manual_cpp) StdoutLine: {'line': b'-- Found ament_cmake: 1.3.7 (/opt/ros/humble/share/ament_cmake/cmake)\n'}
[61.837635] (example_mode_rtl_replacement_cpp) StdoutLine: {'line': b'-- Found eigen3_cmake_module: 0.1.1 (/opt/ros/humble/share/eigen3_cmake_module/cmake)\n'}
[61.840826] (example_mode_rtl_replacement_cpp) StdoutLine: {'line': b'-- Found ament_cmake: 1.3.7 (/opt/ros/humble/share/ament_cmake/cmake)\n'}
[61.867904] (example_mode_with_executor_cpp) StdoutLine: {'line': b'-- Found eigen3_cmake_module: 0.1.1 (/opt/ros/humble/share/eigen3_cmake_module/cmake)\n'}
[61.870997] (example_mode_with_executor_cpp) StdoutLine: {'line': b'-- Found ament_cmake: 1.3.7 (/opt/ros/humble/share/ament_cmake/cmake)\n'}
[61.918068] (-) TimerEvent: {}
[62.018472] (-) TimerEvent: {}
[62.118829] (-) TimerEvent: {}
[62.199652] (example_mode_manual_cpp) StdoutLine: {'line': b'-- Override CMake install command with custom implementation using symlinks instead of copying resources\n'}
[62.200395] (example_mode_goto_cpp) StdoutLine: {'line': b'-- Override CMake install command with custom implementation using symlinks instead of copying resources\n'}
[62.215684] (example_global_navigation_cpp) StdoutLine: {'line': b'-- Override CMake install command with custom implementation using symlinks instead of copying resources\n'}
[62.216967] (example_mode_manual_cpp) StdoutLine: {'line': b'-- Found rclcpp: 16.0.8 (/opt/ros/humble/share/rclcpp/cmake)\n'}
[62.219190] (example_mode_goto_cpp) StdoutLine: {'line': b'-- Found rclcpp: 16.0.8 (/opt/ros/humble/share/rclcpp/cmake)\n'}
[62.219442] (-) TimerEvent: {}
[62.226123] (example_local_navigation_cpp) StdoutLine: {'line': b'-- Override CMake install command with custom implementation using symlinks instead of copying resources\n'}
[62.234429] (example_global_navigation_cpp) StdoutLine: {'line': b'-- Found rclcpp: 16.0.8 (/opt/ros/humble/share/rclcpp/cmake)\n'}
[62.243524] (example_local_navigation_cpp) StdoutLine: {'line': b'-- Found rclcpp: 16.0.8 (/opt/ros/humble/share/rclcpp/cmake)\n'}
[62.252931] (example_mode_with_executor_cpp) StdoutLine: {'line': b'-- Override CMake install command with custom implementation using symlinks instead of copying resources\n'}
[62.257157] (example_mode_rtl_replacement_cpp) StdoutLine: {'line': b'-- Override CMake install command with custom implementation using symlinks instead of copying resources\n'}
[62.268335] (example_mode_with_executor_cpp) StdoutLine: {'line': b'-- Found rclcpp: 16.0.8 (/opt/ros/humble/share/rclcpp/cmake)\n'}
[62.278877] (example_mode_rtl_replacement_cpp) StdoutLine: {'line': b'-- Found rclcpp: 16.0.8 (/opt/ros/humble/share/rclcpp/cmake)\n'}
[62.286919] (example_mode_manual_cpp) StdoutLine: {'line': b'-- Found rosidl_generator_c: 3.1.5 (/opt/ros/humble/share/rosidl_generator_c/cmake)\n'}
[62.291407] (example_mode_goto_cpp) StdoutLine: {'line': b'-- Found rosidl_generator_c: 3.1.5 (/opt/ros/humble/share/rosidl_generator_c/cmake)\n'}
[62.293663] (example_mode_manual_cpp) StdoutLine: {'line': b'-- Found rosidl_adapter: 3.1.5 (/opt/ros/humble/share/rosidl_adapter/cmake)\n'}
[62.299037] (example_mode_goto_cpp) StdoutLine: {'line': b'-- Found rosidl_adapter: 3.1.5 (/opt/ros/humble/share/rosidl_adapter/cmake)\n'}
[62.304223] (example_global_navigation_cpp) StdoutLine: {'line': b'-- Found rosidl_generator_c: 3.1.5 (/opt/ros/humble/share/rosidl_generator_c/cmake)\n'}
[62.308115] (example_mode_manual_cpp) StdoutLine: {'line': b'-- Found rosidl_generator_cpp: 3.1.5 (/opt/ros/humble/share/rosidl_generator_cpp/cmake)\n'}
[62.311381] (example_global_navigation_cpp) StdoutLine: {'line': b'-- Found rosidl_adapter: 3.1.5 (/opt/ros/humble/share/rosidl_adapter/cmake)\n'}
[62.314229] (example_local_navigation_cpp) StdoutLine: {'line': b'-- Found rosidl_generator_c: 3.1.5 (/opt/ros/humble/share/rosidl_generator_c/cmake)\n'}
[62.316649] (example_mode_goto_cpp) StdoutLine: {'line': b'-- Found rosidl_generator_cpp: 3.1.5 (/opt/ros/humble/share/rosidl_generator_cpp/cmake)\n'}
[62.320130] (example_local_navigation_cpp) StdoutLine: {'line': b'-- Found rosidl_adapter: 3.1.5 (/opt/ros/humble/share/rosidl_adapter/cmake)\n'}
[62.320367] (-) TimerEvent: {}
[62.328792] (example_global_navigation_cpp) StdoutLine: {'line': b'-- Found rosidl_generator_cpp: 3.1.5 (/opt/ros/humble/share/rosidl_generator_cpp/cmake)\n'}
[62.334597] (example_local_navigation_cpp) StdoutLine: {'line': b'-- Found rosidl_generator_cpp: 3.1.5 (/opt/ros/humble/share/rosidl_generator_cpp/cmake)\n'}
[62.337432] (example_mode_manual_cpp) StdoutLine: {'line': b'-- Using all available rosidl_typesupport_c: rosidl_typesupport_fastrtps_c;rosidl_typesupport_introspection_c\n'}
[62.339195] (example_mode_with_executor_cpp) StdoutLine: {'line': b'-- Found rosidl_generator_c: 3.1.5 (/opt/ros/humble/share/rosidl_generator_c/cmake)\n'}
[62.344253] (example_mode_goto_cpp) StdoutLine: {'line': b'-- Using all available rosidl_typesupport_c: rosidl_typesupport_fastrtps_c;rosidl_typesupport_introspection_c\n'}
[62.346022] (example_mode_with_executor_cpp) StdoutLine: {'line': b'-- Found rosidl_adapter: 3.1.5 (/opt/ros/humble/share/rosidl_adapter/cmake)\n'}
[62.348112] (example_mode_rtl_replacement_cpp) StdoutLine: {'line': b'-- Found rosidl_generator_c: 3.1.5 (/opt/ros/humble/share/rosidl_generator_c/cmake)\n'}
[62.351797] (example_global_navigation_cpp) StdoutLine: {'line': b'-- Using all available rosidl_typesupport_c: rosidl_typesupport_fastrtps_c;rosidl_typesupport_introspection_c\n'}
[62.354511] (example_mode_rtl_replacement_cpp) StdoutLine: {'line': b'-- Found rosidl_adapter: 3.1.5 (/opt/ros/humble/share/rosidl_adapter/cmake)\n'}
[62.361364] (example_local_navigation_cpp) StdoutLine: {'line': b'-- Using all available rosidl_typesupport_c: rosidl_typesupport_fastrtps_c;rosidl_typesupport_introspection_c\n'}
[62.362576] (example_mode_with_executor_cpp) StdoutLine: {'line': b'-- Found rosidl_generator_cpp: 3.1.5 (/opt/ros/humble/share/rosidl_generator_cpp/cmake)\n'}
[62.369018] (example_mode_rtl_replacement_cpp) StdoutLine: {'line': b'-- Found rosidl_generator_cpp: 3.1.5 (/opt/ros/humble/share/rosidl_generator_cpp/cmake)\n'}
[62.370042] (example_mode_goto_cpp) StdoutLine: {'line': b'-- Using all available rosidl_typesupport_cpp: rosidl_typesupport_fastrtps_cpp;rosidl_typesupport_introspection_cpp\n'}
[62.376918] (example_mode_manual_cpp) StdoutLine: {'line': b'-- Using all available rosidl_typesupport_cpp: rosidl_typesupport_fastrtps_cpp;rosidl_typesupport_introspection_cpp\n'}
[62.379040] (example_global_navigation_cpp) StdoutLine: {'line': b'-- Using all available rosidl_typesupport_cpp: rosidl_typesupport_fastrtps_cpp;rosidl_typesupport_introspection_cpp\n'}
[62.389816] (example_local_navigation_cpp) StdoutLine: {'line': b'-- Using all available rosidl_typesupport_cpp: rosidl_typesupport_fastrtps_cpp;rosidl_typesupport_introspection_cpp\n'}
[62.392477] (example_mode_with_executor_cpp) StdoutLine: {'line': b'-- Using all available rosidl_typesupport_c: rosidl_typesupport_fastrtps_c;rosidl_typesupport_introspection_c\n'}
[62.397017] (example_mode_rtl_replacement_cpp) StdoutLine: {'line': b'-- Using all available rosidl_typesupport_c: rosidl_typesupport_fastrtps_c;rosidl_typesupport_introspection_c\n'}
[62.420484] (-) TimerEvent: {}
[62.431890] (example_mode_with_executor_cpp) StdoutLine: {'line': b'-- Using all available rosidl_typesupport_cpp: rosidl_typesupport_fastrtps_cpp;rosidl_typesupport_introspection_cpp\n'}
[62.436996] (example_mode_rtl_replacement_cpp) StdoutLine: {'line': b'-- Using all available rosidl_typesupport_cpp: rosidl_typesupport_fastrtps_cpp;rosidl_typesupport_introspection_cpp\n'}
[62.475576] (example_local_navigation_cpp) StdoutLine: {'line': b'-- Found rmw_implementation_cmake: 6.1.1 (/opt/ros/humble/share/rmw_implementation_cmake/cmake)\n'}
[62.478562] (example_local_navigation_cpp) StdoutLine: {'line': b'-- Found rmw_fastrtps_cpp: 6.2.6 (/opt/ros/humble/share/rmw_fastrtps_cpp/cmake)\n'}
[62.478883] (example_global_navigation_cpp) StdoutLine: {'line': b'-- Found rmw_implementation_cmake: 6.1.1 (/opt/ros/humble/share/rmw_implementation_cmake/cmake)\n'}
[62.481710] (example_global_navigation_cpp) StdoutLine: {'line': b'-- Found rmw_fastrtps_cpp: 6.2.6 (/opt/ros/humble/share/rmw_fastrtps_cpp/cmake)\n'}
[62.495825] (example_mode_goto_cpp) StdoutLine: {'line': b'-- Found rmw_implementation_cmake: 6.1.1 (/opt/ros/humble/share/rmw_implementation_cmake/cmake)\n'}
[62.498021] (example_mode_goto_cpp) StdoutLine: {'line': b'-- Found rmw_fastrtps_cpp: 6.2.6 (/opt/ros/humble/share/rmw_fastrtps_cpp/cmake)\n'}
[62.502814] (example_mode_manual_cpp) StdoutLine: {'line': b'-- Found rmw_implementation_cmake: 6.1.1 (/opt/ros/humble/share/rmw_implementation_cmake/cmake)\n'}
[62.505889] (example_mode_manual_cpp) StdoutLine: {'line': b'-- Found rmw_fastrtps_cpp: 6.2.6 (/opt/ros/humble/share/rmw_fastrtps_cpp/cmake)\n'}
[62.520591] (-) TimerEvent: {}
[62.598505] (example_mode_rtl_replacement_cpp) StdoutLine: {'line': b'-- Found rmw_implementation_cmake: 6.1.1 (/opt/ros/humble/share/rmw_implementation_cmake/cmake)\n'}
[62.601760] (example_mode_rtl_replacement_cpp) StdoutLine: {'line': b'-- Found rmw_fastrtps_cpp: 6.2.6 (/opt/ros/humble/share/rmw_fastrtps_cpp/cmake)\n'}
[62.620711] (-) TimerEvent: {}
[62.632039] (example_mode_with_executor_cpp) StdoutLine: {'line': b'-- Found rmw_implementation_cmake: 6.1.1 (/opt/ros/humble/share/rmw_implementation_cmake/cmake)\n'}
[62.632279] (example_mode_with_executor_cpp) StdoutLine: {'line': b'-- Found rmw_fastrtps_cpp: 6.2.6 (/opt/ros/humble/share/rmw_fastrtps_cpp/cmake)\n'}
[62.717937] (example_local_navigation_cpp) StdoutLine: {'line': b"-- Using RMW implementation 'rmw_fastrtps_cpp' as default\n"}
[62.720812] (-) TimerEvent: {}
[62.754763] (example_global_navigation_cpp) StdoutLine: {'line': b"-- Using RMW implementation 'rmw_fastrtps_cpp' as default\n"}
[62.772271] (example_mode_goto_cpp) StdoutLine: {'line': b"-- Using RMW implementation 'rmw_fastrtps_cpp' as default\n"}
[62.794146] (example_mode_manual_cpp) StdoutLine: {'line': b"-- Using RMW implementation 'rmw_fastrtps_cpp' as default\n"}
[62.820937] (-) TimerEvent: {}
[62.871795] (example_mode_rtl_replacement_cpp) StdoutLine: {'line': b"-- Using RMW implementation 'rmw_fastrtps_cpp' as default\n"}
[62.912175] (example_mode_with_executor_cpp) StdoutLine: {'line': b"-- Using RMW implementation 'rmw_fastrtps_cpp' as default\n"}
[62.921043] (-) TimerEvent: {}
[63.021716] (-) TimerEvent: {}
[63.107704] (example_local_navigation_cpp) StdoutLine: {'line': b'-- Found px4_ros2_cpp: 0.0.1 (/home/giromi/Repos/VTOL/ws_sensor_combined_src/install/px4_ros2_cpp/share/px4_ros2_cpp/cmake)\n'}
[63.121190] (example_mode_manual_cpp) StdoutLine: {'line': b'-- Found px4_ros2_cpp: 0.0.1 (/home/giromi/Repos/VTOL/ws_sensor_combined_src/install/px4_ros2_cpp/share/px4_ros2_cpp/cmake)\n'}
[63.121791] (-) TimerEvent: {}
[63.164652] (example_global_navigation_cpp) StdoutLine: {'line': b'-- Found px4_ros2_cpp: 0.0.1 (/home/giromi/Repos/VTOL/ws_sensor_combined_src/install/px4_ros2_cpp/share/px4_ros2_cpp/cmake)\n'}
[63.165075] (example_mode_goto_cpp) StdoutLine: {'line': b'-- Found px4_ros2_cpp: 0.0.1 (/home/giromi/Repos/VTOL/ws_sensor_combined_src/install/px4_ros2_cpp/share/px4_ros2_cpp/cmake)\n'}
[63.221926] (-) TimerEvent: {}
[63.240651] (example_local_navigation_cpp) StdoutLine: {'line': b'-- Found ament_lint_auto: 0.12.10 (/opt/ros/humble/share/ament_lint_auto/cmake)\n'}
[63.246216] (example_mode_rtl_replacement_cpp) StdoutLine: {'line': b'-- Found px4_ros2_cpp: 0.0.1 (/home/giromi/Repos/VTOL/ws_sensor_combined_src/install/px4_ros2_cpp/share/px4_ros2_cpp/cmake)\n'}
[63.259711] (example_mode_manual_cpp) StdoutLine: {'line': b'-- Found ament_lint_auto: 0.12.10 (/opt/ros/humble/share/ament_lint_auto/cmake)\n'}
[63.281247] (example_mode_goto_cpp) StdoutLine: {'line': b'-- Found ament_lint_auto: 0.12.10 (/opt/ros/humble/share/ament_lint_auto/cmake)\n'}
[63.304772] (example_global_navigation_cpp) StdoutLine: {'line': b'-- Found ament_lint_auto: 0.12.10 (/opt/ros/humble/share/ament_lint_auto/cmake)\n'}
[63.322024] (-) TimerEvent: {}
[63.344471] (example_mode_with_executor_cpp) StdoutLine: {'line': b'-- Found px4_ros2_cpp: 0.0.1 (/home/giromi/Repos/VTOL/ws_sensor_combined_src/install/px4_ros2_cpp/share/px4_ros2_cpp/cmake)\n'}
[63.375313] (example_mode_rtl_replacement_cpp) StdoutLine: {'line': b'-- Found ament_lint_auto: 0.12.10 (/opt/ros/humble/share/ament_lint_auto/cmake)\n'}
[63.422124] (-) TimerEvent: {}
[63.449967] (example_mode_with_executor_cpp) StdoutLine: {'line': b'-- Found ament_lint_auto: 0.12.10 (/opt/ros/humble/share/ament_lint_auto/cmake)\n'}
[63.522236] (-) TimerEvent: {}
[63.622607] (-) TimerEvent: {}
[63.651235] (example_global_navigation_cpp) StdoutLine: {'line': b"-- Added test 'copyright' to check source files copyright and LICENSE\n"}
[63.651529] (example_mode_goto_cpp) StdoutLine: {'line': b"-- Added test 'copyright' to check source files copyright and LICENSE\n"}
[63.653108] (example_global_navigation_cpp) StdoutLine: {'line': b"-- Added test 'cppcheck' to perform static code analysis on C / C++ code\n"}
[63.653389] (example_mode_goto_cpp) StdoutLine: {'line': b"-- Added test 'cppcheck' to perform static code analysis on C / C++ code\n"}
[63.653707] (example_global_navigation_cpp) StdoutLine: {'line': b'-- Configured cppcheck include dirs: /home/giromi/Repos/VTOL/ws_sensor_combined_src/src/px4-ros2-interface-lib/examples/cpp/navigation/global_navigation/include\n'}
[63.653940] (example_global_navigation_cpp) StdoutLine: {'line': b'-- Configured cppcheck exclude dirs and/or files: \n'}
[63.654159] (example_mode_goto_cpp) StdoutLine: {'line': b'-- Configured cppcheck include dirs: /home/giromi/Repos/VTOL/ws_sensor_combined_src/src/px4-ros2-interface-lib/examples/cpp/modes/goto/include\n'}
[63.654313] (example_mode_goto_cpp) StdoutLine: {'line': b'-- Configured cppcheck exclude dirs and/or files: \n'}
[63.655197] (example_global_navigation_cpp) StdoutLine: {'line': b"-- Added test 'cpplint' to check C / C++ code against the Google style\n"}
[63.655449] (example_global_navigation_cpp) StdoutLine: {'line': b'-- Configured cpplint exclude dirs and/or files: \n'}
[63.655644] (example_mode_goto_cpp) StdoutLine: {'line': b"-- Added test 'cpplint' to check C / C++ code against the Google style\n"}
[63.655805] (example_mode_goto_cpp) StdoutLine: {'line': b'-- Configured cpplint exclude dirs and/or files: \n'}
[63.656613] (example_global_navigation_cpp) StdoutLine: {'line': b"-- Added test 'lint_cmake' to check CMake code style\n"}
[63.656909] (example_mode_goto_cpp) StdoutLine: {'line': b"-- Added test 'lint_cmake' to check CMake code style\n"}
[63.658513] (example_global_navigation_cpp) StdoutLine: {'line': b"-- Added test 'uncrustify' to check C / C++ code style\n"}
[63.658763] (example_global_navigation_cpp) StdoutLine: {'line': b'-- Configured uncrustify additional arguments: \n'}
[63.658976] (example_mode_goto_cpp) StdoutLine: {'line': b"-- Added test 'uncrustify' to check C / C++ code style\n"}
[63.659114] (example_mode_goto_cpp) StdoutLine: {'line': b'-- Configured uncrustify additional arguments: \n'}
[63.659316] (example_global_navigation_cpp) StdoutLine: {'line': b"-- Added test 'xmllint' to check XML markup files\n"}
[63.659682] (example_mode_goto_cpp) StdoutLine: {'line': b"-- Added test 'xmllint' to check XML markup files\n"}
[63.722733] (-) TimerEvent: {}
[63.823248] (-) TimerEvent: {}
[63.924058] (-) TimerEvent: {}
[63.957392] (example_global_navigation_cpp) StdoutLine: {'line': b'-- Configuring done (2.2s)\n'}
[63.960838] (example_mode_goto_cpp) StdoutLine: {'line': b'-- Configuring done (2.2s)\n'}
[63.961358] (example_local_navigation_cpp) StdoutLine: {'line': b"-- Added test 'copyright' to check source files copyright and LICENSE\n"}
[63.961677] (example_mode_manual_cpp) StdoutLine: {'line': b"-- Added test 'copyright' to check source files copyright and LICENSE\n"}
[63.962498] (example_mode_rtl_replacement_cpp) StdoutLine: {'line': b"-- Added test 'copyright' to check source files copyright and LICENSE\n"}
[63.964557] (example_local_navigation_cpp) StdoutLine: {'line': b"-- Added test 'cppcheck' to perform static code analysis on C / C++ code\n"}
[63.964898] (example_mode_manual_cpp) StdoutLine: {'line': b"-- Added test 'cppcheck' to perform static code analysis on C / C++ code\n"}
[63.965589] (example_mode_manual_cpp) StdoutLine: {'line': b'-- Configured cppcheck include dirs: /home/giromi/Repos/VTOL/ws_sensor_combined_src/src/px4-ros2-interface-lib/examples/cpp/modes/manual/include\n'}
[63.966049] (example_mode_manual_cpp) StdoutLine: {'line': b'-- Configured cppcheck exclude dirs and/or files: \n'}
[63.966309] (example_mode_rtl_replacement_cpp) StdoutLine: {'line': b"-- Added test 'cppcheck' to perform static code analysis on C / C++ code\n"}
[63.967891] (example_local_navigation_cpp) StdoutLine: {'line': b'-- Configured cppcheck include dirs: /home/giromi/Repos/VTOL/ws_sensor_combined_src/src/px4-ros2-interface-lib/examples/cpp/navigation/local_navigation/include\n'}
[63.968527] (example_mode_manual_cpp) StdoutLine: {'line': b"-- Added test 'cpplint' to check C / C++ code against the Google style\n"}
[63.968930] (example_mode_manual_cpp) StdoutLine: {'line': b'-- Configured cpplint exclude dirs and/or files: \n'}
[63.969165] (example_mode_rtl_replacement_cpp) StdoutLine: {'line': b'-- Configured cppcheck include dirs: /home/giromi/Repos/VTOL/ws_sensor_combined_src/src/px4-ros2-interface-lib/examples/cpp/modes/rtl_replacement/include\n'}
[63.969395] (example_mode_rtl_replacement_cpp) StdoutLine: {'line': b'-- Configured cppcheck exclude dirs and/or files: \n'}
[63.969789] (example_local_navigation_cpp) StdoutLine: {'line': b'-- Configured cppcheck exclude dirs and/or files: \n'}
[63.970855] (example_mode_manual_cpp) StdoutLine: {'line': b"-- Added test 'lint_cmake' to check CMake code style\n"}
[63.971319] (example_mode_rtl_replacement_cpp) StdoutLine: {'line': b"-- Added test 'cpplint' to check C / C++ code against the Google style\n"}
[63.971585] (example_mode_rtl_replacement_cpp) StdoutLine: {'line': b'-- Configured cpplint exclude dirs and/or files: \n'}
[63.973527] (example_mode_rtl_replacement_cpp) StdoutLine: {'line': b"-- Added test 'lint_cmake' to check CMake code style\n"}
[63.974049] (example_mode_manual_cpp) StdoutLine: {'line': b"-- Added test 'uncrustify' to check C / C++ code style\n"}
[63.974313] (example_mode_manual_cpp) StdoutLine: {'line': b'-- Configured uncrustify additional arguments: \n'}
[63.975445] (example_mode_manual_cpp) StdoutLine: {'line': b"-- Added test 'xmllint' to check XML markup files\n"}
[63.976032] (example_mode_rtl_replacement_cpp) StdoutLine: {'line': b"-- Added test 'uncrustify' to check C / C++ code style\n"}
[63.976417] (example_mode_rtl_replacement_cpp) StdoutLine: {'line': b'-- Configured uncrustify additional arguments: \n'}
[63.977304] (example_local_navigation_cpp) StdoutLine: {'line': b"-- Added test 'cpplint' to check C / C++ code against the Google style\n"}
[63.977631] (example_local_navigation_cpp) StdoutLine: {'line': b'-- Configured cpplint exclude dirs and/or files: \n'}
[63.978057] (example_mode_rtl_replacement_cpp) StdoutLine: {'line': b"-- Added test 'xmllint' to check XML markup files\n"}
[63.979293] (example_local_navigation_cpp) StdoutLine: {'line': b"-- Added test 'lint_cmake' to check CMake code style\n"}
[63.981384] (example_mode_manual_cpp) StdoutLine: {'line': b'-- Configuring done (2.2s)\n'}
[63.982328] (example_local_navigation_cpp) StdoutLine: {'line': b"-- Added test 'uncrustify' to check C / C++ code style\n"}
[63.982841] (example_local_navigation_cpp) StdoutLine: {'line': b'-- Configured uncrustify additional arguments: \n'}
[63.983476] (example_local_navigation_cpp) StdoutLine: {'line': b"-- Added test 'xmllint' to check XML markup files\n"}
[63.987201] (example_local_navigation_cpp) StdoutLine: {'line': b'-- Configuring done (2.3s)\n'}
[63.999624] (example_mode_with_executor_cpp) StdoutLine: {'line': b"-- Added test 'copyright' to check source files copyright and LICENSE\n"}
[64.030575] (-) TimerEvent: {}
[64.030799] (example_mode_with_executor_cpp) StdoutLine: {'line': b"-- Added test 'cppcheck' to perform static code analysis on C / C++ code\n"}
[64.030965] (example_mode_with_executor_cpp) StdoutLine: {'line': b'-- Configured cppcheck include dirs: /home/giromi/Repos/VTOL/ws_sensor_combined_src/src/px4-ros2-interface-lib/examples/cpp/modes/mode_with_executor/include\n'}
[64.031106] (example_mode_with_executor_cpp) StdoutLine: {'line': b'-- Configured cppcheck exclude dirs and/or files: \n'}
[64.031239] (example_mode_with_executor_cpp) StdoutLine: {'line': b"-- Added test 'cpplint' to check C / C++ code against the Google style\n"}
[64.031370] (example_mode_with_executor_cpp) StdoutLine: {'line': b'-- Configured cpplint exclude dirs and/or files: \n'}
[64.031502] (example_mode_rtl_replacement_cpp) StdoutLine: {'line': b'-- Configuring done (2.2s)\n'}
[64.031640] (example_mode_with_executor_cpp) StdoutLine: {'line': b"-- Added test 'lint_cmake' to check CMake code style\n"}
[64.031774] (example_mode_with_executor_cpp) StdoutLine: {'line': b"-- Added test 'uncrustify' to check C / C++ code style\n"}
[64.031905] (example_mode_with_executor_cpp) StdoutLine: {'line': b'-- Configured uncrustify additional arguments: \n'}
[64.032036] (example_mode_with_executor_cpp) StdoutLine: {'line': b"-- Added test 'xmllint' to check XML markup files\n"}
[64.032166] (example_mode_with_executor_cpp) StdoutLine: {'line': b'-- Configuring done (2.2s)\n'}
[64.117761] (example_local_navigation_cpp) StdoutLine: {'line': b'-- Generating done (0.1s)\n'}
[64.130753] (-) TimerEvent: {}
[64.153652] (example_global_navigation_cpp) StdoutLine: {'line': b'-- Generating done (0.2s)\n'}
[64.154364] (example_mode_goto_cpp) StdoutLine: {'line': b'-- Generating done (0.2s)\n'}
[64.206327] (example_mode_manual_cpp) StdoutLine: {'line': b'-- Generating done (0.2s)\n'}
[64.218853] (example_mode_with_executor_cpp) StdoutLine: {'line': b'-- Generating done (0.2s)\n'}
[64.219446] (example_mode_rtl_replacement_cpp) StdoutLine: {'line': b'-- Generating done (0.2s)\n'}
[64.224324] (example_local_navigation_cpp) StdoutLine: {'line': b'-- Build files have been written to: /home/giromi/Repos/VTOL/ws_sensor_combined_src/build/example_local_navigation_cpp\n'}
[64.230917] (-) TimerEvent: {}
[64.242863] (example_mode_goto_cpp) StdoutLine: {'line': b'-- Build files have been written to: /home/giromi/Repos/VTOL/ws_sensor_combined_src/build/example_mode_goto_cpp\n'}
[64.243632] (example_global_navigation_cpp) StdoutLine: {'line': b'-- Build files have been written to: /home/giromi/Repos/VTOL/ws_sensor_combined_src/build/example_global_navigation_cpp\n'}
[64.247896] (example_mode_with_executor_cpp) StdoutLine: {'line': b'-- Build files have been written to: /home/giromi/Repos/VTOL/ws_sensor_combined_src/build/example_mode_with_executor_cpp\n'}
[64.248643] (example_mode_manual_cpp) StdoutLine: {'line': b'-- Build files have been written to: /home/giromi/Repos/VTOL/ws_sensor_combined_src/build/example_mode_manual_cpp\n'}
[64.252203] (example_local_navigation_cpp) CommandEnded: {'returncode': 0}
[64.255167] (example_local_navigation_cpp) JobProgress: {'identifier': 'example_local_navigation_cpp', 'progress': 'build'}
[64.257673] (example_local_navigation_cpp) Command: {'cmd': ['/usr/local/bin/cmake', '--build', '/home/giromi/Repos/VTOL/ws_sensor_combined_src/build/example_local_navigation_cpp', '--', '-j8', '-l8'], 'cwd': '/home/giromi/Repos/VTOL/ws_sensor_combined_src/build/example_local_navigation_cpp', 'env': OrderedDict([('LESSOPEN', '| /usr/bin/lesspipe %s'), ('TMUX', '/tmp/tmux-1000/default,4900,2'), ('USER', 'giromi'), ('LC_TIME', 'ko_KR.UTF-8'), ('XDG_SESSION_TYPE', 'x11'), ('SHLVL', '2'), ('LD_LIBRARY_PATH', '/home/giromi/Repos/VTOL/ws_sensor_combined_src/install/px4_ros2_cpp/lib:/home/giromi/Repos/VTOL/ws_sensor_combined_src/install/px4_msgs/lib:/opt/ros/humble/opt/rviz_ogre_vendor/lib:/opt/ros/humble/lib/x86_64-linux-gnu:/opt/ros/humble/lib'), ('HOME', '/home/giromi'), ('OLDPWD', '/home/giromi/Repos/VTOL'), ('TERM_PROGRAM_VERSION', '3.2a'), ('DESKTOP_SESSION', 'ubuntu'), ('NVM_BIN', '/home/giromi/.nvm/versions/node/v20.11.0/bin'), ('NVM_INC', '/home/giromi/.nvm/versions/node/v20.11.0/include/node'), ('ROS_PYTHON_VERSION', '3'), ('GNOME_SHELL_SESSION_MODE', 'ubuntu'), ('GTK_MODULES', 'gail:atk-bridge'), ('PS1', "\\[\\e[01;32m\\]\\u@\\h \\[\\e[34m\\]\\w \\[\\e[1;31m\\]$(git branch 2> /dev/null | sed -e '/^[^*]/d' -e 's/* \\(.*\\)/(\\1)/')\\[\\e[00m\\]$"), ('LC_MONETARY', 'ko_KR.UTF-8'), ('SYSTEMD_EXEC_PID', '2073'), ('DBUS_SESSION_BUS_ADDRESS', 'unix:path=/run/user/1000/bus'), ('COLORTERM', 'truecolor'), ('NVM_DIR', '/home/giromi/.nvm'), ('ROS_DISTRO', 'humble'), ('GTK_IM_MODULE', 'ibus'), ('LOGNAME', 'giromi'), ('_', '/usr/bin/colcon'), ('ROS_VERSION', '2'), ('XDG_SESSION_CLASS', 'user'), ('USERNAME', 'giromi'), ('TERM', 'screen-256color'), ('GNOME_DESKTOP_SESSION_ID', 'this-is-deprecated'), ('ROS_LOCALHOST_ONLY', '0'), ('WINDOWPATH', '2'), ('PATH', '/opt/gcc-arm-none-eabi-9-2020-q2-update/bin:/home/giromi/.local/bin:/home/giromi/.nvm/versions/node/v20.11.0/bin:/opt/ros/humble/bin:/opt/gcc-arm-none-eabi-9-2020-q2-update/bin:/home/giromi/.local/bin:/usr/local/sbin:/usr/local/bin:/usr/sbin:/usr/bin:/sbin:/bin:/usr/games:/usr/local/games:/snap/bin:/snap/bin:/home/giromi/Bashes:/home/giromi/Bashes'), ('SESSION_MANAGER', 'local/ubuntu22:@/tmp/.ICE-unix/2044,unix/ubuntu22:/tmp/.ICE-unix/2044'), ('XDG_MENU_PREFIX', 'gnome-'), ('LC_ADDRESS', 'ko_KR.UTF-8'), ('GNOME_TERMINAL_SCREEN', '/org/gnome/Terminal/screen/7c38761a_019b_4274_8719_b3f2320c43bd'), ('XDG_RUNTIME_DIR', '/run/user/1000'), ('DISPLAY', ':1'), ('LANG', 'en_US.UTF-8'), ('XDG_CURRENT_DESKTOP', 'ubuntu:GNOME'), ('LC_TELEPHONE', 'ko_KR.UTF-8'), ('XMODIFIERS', '@im=ibus'), ('XDG_SESSION_DESKTOP', 'ubuntu'), ('XAUTHORITY', '/run/user/1000/gdm/Xauthority'), ('LS_COLORS', 'rs=0:di=01;34:ln=01;36:mh=00:pi=40;33:so=01;35:do=01;35:bd=40;33;01:cd=40;33;01:or=40;31;01:mi=00:su=37;41:sg=30;43:ca=30;41:tw=30;42:ow=34;42:st=37;44:ex=01;32:*.tar=01;31:*.tgz=01;31:*.arc=01;31:*.arj=01;31:*.taz=01;31:*.lha=01;31:*.lz4=01;31:*.lzh=01;31:*.lzma=01;31:*.tlz=01;31:*.txz=01;31:*.tzo=01;31:*.t7z=01;31:*.zip=01;31:*.z=01;31:*.dz=01;31:*.gz=01;31:*.lrz=01;31:*.lz=01;31:*.lzo=01;31:*.xz=01;31:*.zst=01;31:*.tzst=01;31:*.bz2=01;31:*.bz=01;31:*.tbz=01;31:*.tbz2=01;31:*.tz=01;31:*.deb=01;31:*.rpm=01;31:*.jar=01;31:*.war=01;31:*.ear=01;31:*.sar=01;31:*.rar=01;31:*.alz=01;31:*.ace=01;31:*.zoo=01;31:*.cpio=01;31:*.7z=01;31:*.rz=01;31:*.cab=01;31:*.wim=01;31:*.swm=01;31:*.dwm=01;31:*.esd=01;31:*.jpg=01;35:*.jpeg=01;35:*.mjpg=01;35:*.mjpeg=01;35:*.gif=01;35:*.bmp=01;35:*.pbm=01;35:*.pgm=01;35:*.ppm=01;35:*.tga=01;35:*.xbm=01;35:*.xpm=01;35:*.tif=01;35:*.tiff=01;35:*.png=01;35:*.svg=01;35:*.svgz=01;35:*.mng=01;35:*.pcx=01;35:*.mov=01;35:*.mpg=01;35:*.mpeg=01;35:*.m2v=01;35:*.mkv=01;35:*.webm=01;35:*.webp=01;35:*.ogm=01;35:*.mp4=01;35:*.m4v=01;35:*.mp4v=01;35:*.vob=01;35:*.qt=01;35:*.nuv=01;35:*.wmv=01;35:*.asf=01;35:*.rm=01;35:*.rmvb=01;35:*.flc=01;35:*.avi=01;35:*.fli=01;35:*.flv=01;35:*.gl=01;35:*.dl=01;35:*.xcf=01;35:*.xwd=01;35:*.yuv=01;35:*.cgm=01;35:*.emf=01;35:*.ogv=01;35:*.ogx=01;35:*.aac=00;36:*.au=00;36:*.flac=00;36:*.m4a=00;36:*.mid=00;36:*.midi=00;36:*.mka=00;36:*.mp3=00;36:*.mpc=00;36:*.ogg=00;36:*.ra=00;36:*.wav=00;36:*.oga=00;36:*.opus=00;36:*.spx=00;36:*.xspf=00;36:'), ('GNOME_TERMINAL_SERVICE', ':1.100'), ('TERM_PROGRAM', 'tmux'), ('SSH_AGENT_LAUNCHER', 'gnome-keyring'), ('SSH_AUTH_SOCK', '/run/user/1000/keyring/ssh'), ('AMENT_PREFIX_PATH', '/home/giromi/Repos/VTOL/ws_sensor_combined_src/install/px4_ros2_cpp:/home/giromi/Repos/VTOL/ws_sensor_combined_src/install/px4_msgs:/opt/ros/humble'), ('SHELL', '/bin/bash'), ('LC_NAME', 'ko_KR.UTF-8'), ('QT_ACCESSIBILITY', '1'), ('GDMSESSION', 'ubuntu'), ('LESSCLOSE', '/usr/bin/lesspipe %s %s'), ('LC_MEASUREMENT', 'ko_KR.UTF-8'), ('GPG_AGENT_INFO', '/run/user/1000/gnupg/S.gpg-agent:0:1'), ('LC_IDENTIFICATION', 'ko_KR.UTF-8'), ('QT_IM_MODULE', 'ibus'), ('PWD', '/home/giromi/Repos/VTOL/ws_sensor_combined_src/build/example_local_navigation_cpp'), ('LC_ALL', 'en_US.UTF-8'), ('XDG_CONFIG_DIRS', '/etc/xdg/xdg-ubuntu:/etc/xdg'), ('NVM_CD_FLAGS', ''), ('XDG_DATA_DIRS', '/usr/share/ubuntu:/usr/share/gnome:/usr/local/share/:/usr/share/:/var/lib/snapd/desktop'), ('PYTHONPATH', '/home/giromi/Repos/VTOL/ws_sensor_combined_src/install/px4_msgs/local/lib/python3.10/dist-packages:/opt/ros/humble/lib/python3.10/site-packages:/opt/ros/humble/local/lib/python3.10/dist-packages'), ('LC_NUMERIC', 'ko_KR.UTF-8'), ('TMUX_PLUGIN_MANAGER_PATH', '/home/giromi/.tmux/plugins/'), ('LC_PAPER', 'ko_KR.UTF-8'), ('COLCON', '1'), ('VTE_VERSION', '6800'), ('TMUX_PANE', '%2'), ('CMAKE_PREFIX_PATH', '/home/giromi/Repos/VTOL/ws_sensor_combined_src/install/px4_ros2_cpp:/home/giromi/Repos/VTOL/ws_sensor_combined_src/install/px4_msgs:/opt/ros/humble')]), 'shell': False}
[64.263396] (example_mode_rtl_replacement_cpp) StdoutLine: {'line': b'-- Build files have been written to: /home/giromi/Repos/VTOL/ws_sensor_combined_src/build/example_mode_rtl_replacement_cpp\n'}
[64.277712] (example_mode_goto_cpp) CommandEnded: {'returncode': 0}
[64.281960] (example_mode_goto_cpp) JobProgress: {'identifier': 'example_mode_goto_cpp', 'progress': 'build'}
[64.282133] (example_mode_goto_cpp) Command: {'cmd': ['/usr/local/bin/cmake', '--build', '/home/giromi/Repos/VTOL/ws_sensor_combined_src/build/example_mode_goto_cpp', '--', '-j8', '-l8'], 'cwd': '/home/giromi/Repos/VTOL/ws_sensor_combined_src/build/example_mode_goto_cpp', 'env': OrderedDict([('LESSOPEN', '| /usr/bin/lesspipe %s'), ('TMUX', '/tmp/tmux-1000/default,4900,2'), ('USER', 'giromi'), ('LC_TIME', 'ko_KR.UTF-8'), ('XDG_SESSION_TYPE', 'x11'), ('SHLVL', '2'), ('LD_LIBRARY_PATH', '/home/giromi/Repos/VTOL/ws_sensor_combined_src/install/px4_ros2_cpp/lib:/home/giromi/Repos/VTOL/ws_sensor_combined_src/install/px4_msgs/lib:/opt/ros/humble/opt/rviz_ogre_vendor/lib:/opt/ros/humble/lib/x86_64-linux-gnu:/opt/ros/humble/lib'), ('HOME', '/home/giromi'), ('OLDPWD', '/home/giromi/Repos/VTOL'), ('TERM_PROGRAM_VERSION', '3.2a'), ('DESKTOP_SESSION', 'ubuntu'), ('NVM_BIN', '/home/giromi/.nvm/versions/node/v20.11.0/bin'), ('NVM_INC', '/home/giromi/.nvm/versions/node/v20.11.0/include/node'), ('ROS_PYTHON_VERSION', '3'), ('GNOME_SHELL_SESSION_MODE', 'ubuntu'), ('GTK_MODULES', 'gail:atk-bridge'), ('PS1', "\\[\\e[01;32m\\]\\u@\\h \\[\\e[34m\\]\\w \\[\\e[1;31m\\]$(git branch 2> /dev/null | sed -e '/^[^*]/d' -e 's/* \\(.*\\)/(\\1)/')\\[\\e[00m\\]$"), ('LC_MONETARY', 'ko_KR.UTF-8'), ('SYSTEMD_EXEC_PID', '2073'), ('DBUS_SESSION_BUS_ADDRESS', 'unix:path=/run/user/1000/bus'), ('COLORTERM', 'truecolor'), ('NVM_DIR', '/home/giromi/.nvm'), ('ROS_DISTRO', 'humble'), ('GTK_IM_MODULE', 'ibus'), ('LOGNAME', 'giromi'), ('_', '/usr/bin/colcon'), ('ROS_VERSION', '2'), ('XDG_SESSION_CLASS', 'user'), ('USERNAME', 'giromi'), ('TERM', 'screen-256color'), ('GNOME_DESKTOP_SESSION_ID', 'this-is-deprecated'), ('ROS_LOCALHOST_ONLY', '0'), ('WINDOWPATH', '2'), ('PATH', '/opt/gcc-arm-none-eabi-9-2020-q2-update/bin:/home/giromi/.local/bin:/home/giromi/.nvm/versions/node/v20.11.0/bin:/opt/ros/humble/bin:/opt/gcc-arm-none-eabi-9-2020-q2-update/bin:/home/giromi/.local/bin:/usr/local/sbin:/usr/local/bin:/usr/sbin:/usr/bin:/sbin:/bin:/usr/games:/usr/local/games:/snap/bin:/snap/bin:/home/giromi/Bashes:/home/giromi/Bashes'), ('SESSION_MANAGER', 'local/ubuntu22:@/tmp/.ICE-unix/2044,unix/ubuntu22:/tmp/.ICE-unix/2044'), ('XDG_MENU_PREFIX', 'gnome-'), ('LC_ADDRESS', 'ko_KR.UTF-8'), ('GNOME_TERMINAL_SCREEN', '/org/gnome/Terminal/screen/7c38761a_019b_4274_8719_b3f2320c43bd'), ('XDG_RUNTIME_DIR', '/run/user/1000'), ('DISPLAY', ':1'), ('LANG', 'en_US.UTF-8'), ('XDG_CURRENT_DESKTOP', 'ubuntu:GNOME'), ('LC_TELEPHONE', 'ko_KR.UTF-8'), ('XMODIFIERS', '@im=ibus'), ('XDG_SESSION_DESKTOP', 'ubuntu'), ('XAUTHORITY', '/run/user/1000/gdm/Xauthority'), ('LS_COLORS', 'rs=0:di=01;34:ln=01;36:mh=00:pi=40;33:so=01;35:do=01;35:bd=40;33;01:cd=40;33;01:or=40;31;01:mi=00:su=37;41:sg=30;43:ca=30;41:tw=30;42:ow=34;42:st=37;44:ex=01;32:*.tar=01;31:*.tgz=01;31:*.arc=01;31:*.arj=01;31:*.taz=01;31:*.lha=01;31:*.lz4=01;31:*.lzh=01;31:*.lzma=01;31:*.tlz=01;31:*.txz=01;31:*.tzo=01;31:*.t7z=01;31:*.zip=01;31:*.z=01;31:*.dz=01;31:*.gz=01;31:*.lrz=01;31:*.lz=01;31:*.lzo=01;31:*.xz=01;31:*.zst=01;31:*.tzst=01;31:*.bz2=01;31:*.bz=01;31:*.tbz=01;31:*.tbz2=01;31:*.tz=01;31:*.deb=01;31:*.rpm=01;31:*.jar=01;31:*.war=01;31:*.ear=01;31:*.sar=01;31:*.rar=01;31:*.alz=01;31:*.ace=01;31:*.zoo=01;31:*.cpio=01;31:*.7z=01;31:*.rz=01;31:*.cab=01;31:*.wim=01;31:*.swm=01;31:*.dwm=01;31:*.esd=01;31:*.jpg=01;35:*.jpeg=01;35:*.mjpg=01;35:*.mjpeg=01;35:*.gif=01;35:*.bmp=01;35:*.pbm=01;35:*.pgm=01;35:*.ppm=01;35:*.tga=01;35:*.xbm=01;35:*.xpm=01;35:*.tif=01;35:*.tiff=01;35:*.png=01;35:*.svg=01;35:*.svgz=01;35:*.mng=01;35:*.pcx=01;35:*.mov=01;35:*.mpg=01;35:*.mpeg=01;35:*.m2v=01;35:*.mkv=01;35:*.webm=01;35:*.webp=01;35:*.ogm=01;35:*.mp4=01;35:*.m4v=01;35:*.mp4v=01;35:*.vob=01;35:*.qt=01;35:*.nuv=01;35:*.wmv=01;35:*.asf=01;35:*.rm=01;35:*.rmvb=01;35:*.flc=01;35:*.avi=01;35:*.fli=01;35:*.flv=01;35:*.gl=01;35:*.dl=01;35:*.xcf=01;35:*.xwd=01;35:*.yuv=01;35:*.cgm=01;35:*.emf=01;35:*.ogv=01;35:*.ogx=01;35:*.aac=00;36:*.au=00;36:*.flac=00;36:*.m4a=00;36:*.mid=00;36:*.midi=00;36:*.mka=00;36:*.mp3=00;36:*.mpc=00;36:*.ogg=00;36:*.ra=00;36:*.wav=00;36:*.oga=00;36:*.opus=00;36:*.spx=00;36:*.xspf=00;36:'), ('GNOME_TERMINAL_SERVICE', ':1.100'), ('TERM_PROGRAM', 'tmux'), ('SSH_AGENT_LAUNCHER', 'gnome-keyring'), ('SSH_AUTH_SOCK', '/run/user/1000/keyring/ssh'), ('AMENT_PREFIX_PATH', '/home/giromi/Repos/VTOL/ws_sensor_combined_src/install/px4_ros2_cpp:/home/giromi/Repos/VTOL/ws_sensor_combined_src/install/px4_msgs:/opt/ros/humble'), ('SHELL', '/bin/bash'), ('LC_NAME', 'ko_KR.UTF-8'), ('QT_ACCESSIBILITY', '1'), ('GDMSESSION', 'ubuntu'), ('LESSCLOSE', '/usr/bin/lesspipe %s %s'), ('LC_MEASUREMENT', 'ko_KR.UTF-8'), ('GPG_AGENT_INFO', '/run/user/1000/gnupg/S.gpg-agent:0:1'), ('LC_IDENTIFICATION', 'ko_KR.UTF-8'), ('QT_IM_MODULE', 'ibus'), ('PWD', '/home/giromi/Repos/VTOL/ws_sensor_combined_src/build/example_mode_goto_cpp'), ('LC_ALL', 'en_US.UTF-8'), ('XDG_CONFIG_DIRS', '/etc/xdg/xdg-ubuntu:/etc/xdg'), ('NVM_CD_FLAGS', ''), ('XDG_DATA_DIRS', '/usr/share/ubuntu:/usr/share/gnome:/usr/local/share/:/usr/share/:/var/lib/snapd/desktop'), ('PYTHONPATH', '/home/giromi/Repos/VTOL/ws_sensor_combined_src/install/px4_msgs/local/lib/python3.10/dist-packages:/opt/ros/humble/lib/python3.10/site-packages:/opt/ros/humble/local/lib/python3.10/dist-packages'), ('LC_NUMERIC', 'ko_KR.UTF-8'), ('TMUX_PLUGIN_MANAGER_PATH', '/home/giromi/.tmux/plugins/'), ('LC_PAPER', 'ko_KR.UTF-8'), ('COLCON', '1'), ('VTE_VERSION', '6800'), ('TMUX_PANE', '%2'), ('CMAKE_PREFIX_PATH', '/home/giromi/Repos/VTOL/ws_sensor_combined_src/install/px4_ros2_cpp:/home/giromi/Repos/VTOL/ws_sensor_combined_src/install/px4_msgs:/opt/ros/humble')]), 'shell': False}
[64.291931] (example_mode_manual_cpp) CommandEnded: {'returncode': 0}
[64.295109] (example_mode_manual_cpp) JobProgress: {'identifier': 'example_mode_manual_cpp', 'progress': 'build'}
[64.296467] (example_mode_manual_cpp) Command: {'cmd': ['/usr/local/bin/cmake', '--build', '/home/giromi/Repos/VTOL/ws_sensor_combined_src/build/example_mode_manual_cpp', '--', '-j8', '-l8'], 'cwd': '/home/giromi/Repos/VTOL/ws_sensor_combined_src/build/example_mode_manual_cpp', 'env': OrderedDict([('LESSOPEN', '| /usr/bin/lesspipe %s'), ('TMUX', '/tmp/tmux-1000/default,4900,2'), ('USER', 'giromi'), ('LC_TIME', 'ko_KR.UTF-8'), ('XDG_SESSION_TYPE', 'x11'), ('SHLVL', '2'), ('LD_LIBRARY_PATH', '/home/giromi/Repos/VTOL/ws_sensor_combined_src/install/px4_ros2_cpp/lib:/home/giromi/Repos/VTOL/ws_sensor_combined_src/install/px4_msgs/lib:/opt/ros/humble/opt/rviz_ogre_vendor/lib:/opt/ros/humble/lib/x86_64-linux-gnu:/opt/ros/humble/lib'), ('HOME', '/home/giromi'), ('OLDPWD', '/home/giromi/Repos/VTOL'), ('TERM_PROGRAM_VERSION', '3.2a'), ('DESKTOP_SESSION', 'ubuntu'), ('NVM_BIN', '/home/giromi/.nvm/versions/node/v20.11.0/bin'), ('NVM_INC', '/home/giromi/.nvm/versions/node/v20.11.0/include/node'), ('ROS_PYTHON_VERSION', '3'), ('GNOME_SHELL_SESSION_MODE', 'ubuntu'), ('GTK_MODULES', 'gail:atk-bridge'), ('PS1', "\\[\\e[01;32m\\]\\u@\\h \\[\\e[34m\\]\\w \\[\\e[1;31m\\]$(git branch 2> /dev/null | sed -e '/^[^*]/d' -e 's/* \\(.*\\)/(\\1)/')\\[\\e[00m\\]$"), ('LC_MONETARY', 'ko_KR.UTF-8'), ('SYSTEMD_EXEC_PID', '2073'), ('DBUS_SESSION_BUS_ADDRESS', 'unix:path=/run/user/1000/bus'), ('COLORTERM', 'truecolor'), ('NVM_DIR', '/home/giromi/.nvm'), ('ROS_DISTRO', 'humble'), ('GTK_IM_MODULE', 'ibus'), ('LOGNAME', 'giromi'), ('_', '/usr/bin/colcon'), ('ROS_VERSION', '2'), ('XDG_SESSION_CLASS', 'user'), ('USERNAME', 'giromi'), ('TERM', 'screen-256color'), ('GNOME_DESKTOP_SESSION_ID', 'this-is-deprecated'), ('ROS_LOCALHOST_ONLY', '0'), ('WINDOWPATH', '2'), ('PATH', '/opt/gcc-arm-none-eabi-9-2020-q2-update/bin:/home/giromi/.local/bin:/home/giromi/.nvm/versions/node/v20.11.0/bin:/opt/ros/humble/bin:/opt/gcc-arm-none-eabi-9-2020-q2-update/bin:/home/giromi/.local/bin:/usr/local/sbin:/usr/local/bin:/usr/sbin:/usr/bin:/sbin:/bin:/usr/games:/usr/local/games:/snap/bin:/snap/bin:/home/giromi/Bashes:/home/giromi/Bashes'), ('SESSION_MANAGER', 'local/ubuntu22:@/tmp/.ICE-unix/2044,unix/ubuntu22:/tmp/.ICE-unix/2044'), ('XDG_MENU_PREFIX', 'gnome-'), ('LC_ADDRESS', 'ko_KR.UTF-8'), ('GNOME_TERMINAL_SCREEN', '/org/gnome/Terminal/screen/7c38761a_019b_4274_8719_b3f2320c43bd'), ('XDG_RUNTIME_DIR', '/run/user/1000'), ('DISPLAY', ':1'), ('LANG', 'en_US.UTF-8'), ('XDG_CURRENT_DESKTOP', 'ubuntu:GNOME'), ('LC_TELEPHONE', 'ko_KR.UTF-8'), ('XMODIFIERS', '@im=ibus'), ('XDG_SESSION_DESKTOP', 'ubuntu'), ('XAUTHORITY', '/run/user/1000/gdm/Xauthority'), ('LS_COLORS', 'rs=0:di=01;34:ln=01;36:mh=00:pi=40;33:so=01;35:do=01;35:bd=40;33;01:cd=40;33;01:or=40;31;01:mi=00:su=37;41:sg=30;43:ca=30;41:tw=30;42:ow=34;42:st=37;44:ex=01;32:*.tar=01;31:*.tgz=01;31:*.arc=01;31:*.arj=01;31:*.taz=01;31:*.lha=01;31:*.lz4=01;31:*.lzh=01;31:*.lzma=01;31:*.tlz=01;31:*.txz=01;31:*.tzo=01;31:*.t7z=01;31:*.zip=01;31:*.z=01;31:*.dz=01;31:*.gz=01;31:*.lrz=01;31:*.lz=01;31:*.lzo=01;31:*.xz=01;31:*.zst=01;31:*.tzst=01;31:*.bz2=01;31:*.bz=01;31:*.tbz=01;31:*.tbz2=01;31:*.tz=01;31:*.deb=01;31:*.rpm=01;31:*.jar=01;31:*.war=01;31:*.ear=01;31:*.sar=01;31:*.rar=01;31:*.alz=01;31:*.ace=01;31:*.zoo=01;31:*.cpio=01;31:*.7z=01;31:*.rz=01;31:*.cab=01;31:*.wim=01;31:*.swm=01;31:*.dwm=01;31:*.esd=01;31:*.jpg=01;35:*.jpeg=01;35:*.mjpg=01;35:*.mjpeg=01;35:*.gif=01;35:*.bmp=01;35:*.pbm=01;35:*.pgm=01;35:*.ppm=01;35:*.tga=01;35:*.xbm=01;35:*.xpm=01;35:*.tif=01;35:*.tiff=01;35:*.png=01;35:*.svg=01;35:*.svgz=01;35:*.mng=01;35:*.pcx=01;35:*.mov=01;35:*.mpg=01;35:*.mpeg=01;35:*.m2v=01;35:*.mkv=01;35:*.webm=01;35:*.webp=01;35:*.ogm=01;35:*.mp4=01;35:*.m4v=01;35:*.mp4v=01;35:*.vob=01;35:*.qt=01;35:*.nuv=01;35:*.wmv=01;35:*.asf=01;35:*.rm=01;35:*.rmvb=01;35:*.flc=01;35:*.avi=01;35:*.fli=01;35:*.flv=01;35:*.gl=01;35:*.dl=01;35:*.xcf=01;35:*.xwd=01;35:*.yuv=01;35:*.cgm=01;35:*.emf=01;35:*.ogv=01;35:*.ogx=01;35:*.aac=00;36:*.au=00;36:*.flac=00;36:*.m4a=00;36:*.mid=00;36:*.midi=00;36:*.mka=00;36:*.mp3=00;36:*.mpc=00;36:*.ogg=00;36:*.ra=00;36:*.wav=00;36:*.oga=00;36:*.opus=00;36:*.spx=00;36:*.xspf=00;36:'), ('GNOME_TERMINAL_SERVICE', ':1.100'), ('TERM_PROGRAM', 'tmux'), ('SSH_AGENT_LAUNCHER', 'gnome-keyring'), ('SSH_AUTH_SOCK', '/run/user/1000/keyring/ssh'), ('AMENT_PREFIX_PATH', '/home/giromi/Repos/VTOL/ws_sensor_combined_src/install/px4_ros2_cpp:/home/giromi/Repos/VTOL/ws_sensor_combined_src/install/px4_msgs:/opt/ros/humble'), ('SHELL', '/bin/bash'), ('LC_NAME', 'ko_KR.UTF-8'), ('QT_ACCESSIBILITY', '1'), ('GDMSESSION', 'ubuntu'), ('LESSCLOSE', '/usr/bin/lesspipe %s %s'), ('LC_MEASUREMENT', 'ko_KR.UTF-8'), ('GPG_AGENT_INFO', '/run/user/1000/gnupg/S.gpg-agent:0:1'), ('LC_IDENTIFICATION', 'ko_KR.UTF-8'), ('QT_IM_MODULE', 'ibus'), ('PWD', '/home/giromi/Repos/VTOL/ws_sensor_combined_src/build/example_mode_manual_cpp'), ('LC_ALL', 'en_US.UTF-8'), ('XDG_CONFIG_DIRS', '/etc/xdg/xdg-ubuntu:/etc/xdg'), ('NVM_CD_FLAGS', ''), ('XDG_DATA_DIRS', '/usr/share/ubuntu:/usr/share/gnome:/usr/local/share/:/usr/share/:/var/lib/snapd/desktop'), ('PYTHONPATH', '/home/giromi/Repos/VTOL/ws_sensor_combined_src/install/px4_msgs/local/lib/python3.10/dist-packages:/opt/ros/humble/lib/python3.10/site-packages:/opt/ros/humble/local/lib/python3.10/dist-packages'), ('LC_NUMERIC', 'ko_KR.UTF-8'), ('TMUX_PLUGIN_MANAGER_PATH', '/home/giromi/.tmux/plugins/'), ('LC_PAPER', 'ko_KR.UTF-8'), ('COLCON', '1'), ('VTE_VERSION', '6800'), ('TMUX_PANE', '%2'), ('CMAKE_PREFIX_PATH', '/home/giromi/Repos/VTOL/ws_sensor_combined_src/install/px4_ros2_cpp:/home/giromi/Repos/VTOL/ws_sensor_combined_src/install/px4_msgs:/opt/ros/humble')]), 'shell': False}
[64.302004] (example_global_navigation_cpp) CommandEnded: {'returncode': 0}
[64.304841] (example_global_navigation_cpp) JobProgress: {'identifier': 'example_global_navigation_cpp', 'progress': 'build'}
[64.306884] (example_global_navigation_cpp) Command: {'cmd': ['/usr/local/bin/cmake', '--build', '/home/giromi/Repos/VTOL/ws_sensor_combined_src/build/example_global_navigation_cpp', '--', '-j8', '-l8'], 'cwd': '/home/giromi/Repos/VTOL/ws_sensor_combined_src/build/example_global_navigation_cpp', 'env': OrderedDict([('LESSOPEN', '| /usr/bin/lesspipe %s'), ('TMUX', '/tmp/tmux-1000/default,4900,2'), ('USER', 'giromi'), ('LC_TIME', 'ko_KR.UTF-8'), ('XDG_SESSION_TYPE', 'x11'), ('SHLVL', '2'), ('LD_LIBRARY_PATH', '/home/giromi/Repos/VTOL/ws_sensor_combined_src/install/px4_ros2_cpp/lib:/home/giromi/Repos/VTOL/ws_sensor_combined_src/install/px4_msgs/lib:/opt/ros/humble/opt/rviz_ogre_vendor/lib:/opt/ros/humble/lib/x86_64-linux-gnu:/opt/ros/humble/lib'), ('HOME', '/home/giromi'), ('OLDPWD', '/home/giromi/Repos/VTOL'), ('TERM_PROGRAM_VERSION', '3.2a'), ('DESKTOP_SESSION', 'ubuntu'), ('NVM_BIN', '/home/giromi/.nvm/versions/node/v20.11.0/bin'), ('NVM_INC', '/home/giromi/.nvm/versions/node/v20.11.0/include/node'), ('ROS_PYTHON_VERSION', '3'), ('GNOME_SHELL_SESSION_MODE', 'ubuntu'), ('GTK_MODULES', 'gail:atk-bridge'), ('PS1', "\\[\\e[01;32m\\]\\u@\\h \\[\\e[34m\\]\\w \\[\\e[1;31m\\]$(git branch 2> /dev/null | sed -e '/^[^*]/d' -e 's/* \\(.*\\)/(\\1)/')\\[\\e[00m\\]$"), ('LC_MONETARY', 'ko_KR.UTF-8'), ('SYSTEMD_EXEC_PID', '2073'), ('DBUS_SESSION_BUS_ADDRESS', 'unix:path=/run/user/1000/bus'), ('COLORTERM', 'truecolor'), ('NVM_DIR', '/home/giromi/.nvm'), ('ROS_DISTRO', 'humble'), ('GTK_IM_MODULE', 'ibus'), ('LOGNAME', 'giromi'), ('_', '/usr/bin/colcon'), ('ROS_VERSION', '2'), ('XDG_SESSION_CLASS', 'user'), ('USERNAME', 'giromi'), ('TERM', 'screen-256color'), ('GNOME_DESKTOP_SESSION_ID', 'this-is-deprecated'), ('ROS_LOCALHOST_ONLY', '0'), ('WINDOWPATH', '2'), ('PATH', '/opt/gcc-arm-none-eabi-9-2020-q2-update/bin:/home/giromi/.local/bin:/home/giromi/.nvm/versions/node/v20.11.0/bin:/opt/ros/humble/bin:/opt/gcc-arm-none-eabi-9-2020-q2-update/bin:/home/giromi/.local/bin:/usr/local/sbin:/usr/local/bin:/usr/sbin:/usr/bin:/sbin:/bin:/usr/games:/usr/local/games:/snap/bin:/snap/bin:/home/giromi/Bashes:/home/giromi/Bashes'), ('SESSION_MANAGER', 'local/ubuntu22:@/tmp/.ICE-unix/2044,unix/ubuntu22:/tmp/.ICE-unix/2044'), ('XDG_MENU_PREFIX', 'gnome-'), ('LC_ADDRESS', 'ko_KR.UTF-8'), ('GNOME_TERMINAL_SCREEN', '/org/gnome/Terminal/screen/7c38761a_019b_4274_8719_b3f2320c43bd'), ('XDG_RUNTIME_DIR', '/run/user/1000'), ('DISPLAY', ':1'), ('LANG', 'en_US.UTF-8'), ('XDG_CURRENT_DESKTOP', 'ubuntu:GNOME'), ('LC_TELEPHONE', 'ko_KR.UTF-8'), ('XMODIFIERS', '@im=ibus'), ('XDG_SESSION_DESKTOP', 'ubuntu'), ('XAUTHORITY', '/run/user/1000/gdm/Xauthority'), ('LS_COLORS', 'rs=0:di=01;34:ln=01;36:mh=00:pi=40;33:so=01;35:do=01;35:bd=40;33;01:cd=40;33;01:or=40;31;01:mi=00:su=37;41:sg=30;43:ca=30;41:tw=30;42:ow=34;42:st=37;44:ex=01;32:*.tar=01;31:*.tgz=01;31:*.arc=01;31:*.arj=01;31:*.taz=01;31:*.lha=01;31:*.lz4=01;31:*.lzh=01;31:*.lzma=01;31:*.tlz=01;31:*.txz=01;31:*.tzo=01;31:*.t7z=01;31:*.zip=01;31:*.z=01;31:*.dz=01;31:*.gz=01;31:*.lrz=01;31:*.lz=01;31:*.lzo=01;31:*.xz=01;31:*.zst=01;31:*.tzst=01;31:*.bz2=01;31:*.bz=01;31:*.tbz=01;31:*.tbz2=01;31:*.tz=01;31:*.deb=01;31:*.rpm=01;31:*.jar=01;31:*.war=01;31:*.ear=01;31:*.sar=01;31:*.rar=01;31:*.alz=01;31:*.ace=01;31:*.zoo=01;31:*.cpio=01;31:*.7z=01;31:*.rz=01;31:*.cab=01;31:*.wim=01;31:*.swm=01;31:*.dwm=01;31:*.esd=01;31:*.jpg=01;35:*.jpeg=01;35:*.mjpg=01;35:*.mjpeg=01;35:*.gif=01;35:*.bmp=01;35:*.pbm=01;35:*.pgm=01;35:*.ppm=01;35:*.tga=01;35:*.xbm=01;35:*.xpm=01;35:*.tif=01;35:*.tiff=01;35:*.png=01;35:*.svg=01;35:*.svgz=01;35:*.mng=01;35:*.pcx=01;35:*.mov=01;35:*.mpg=01;35:*.mpeg=01;35:*.m2v=01;35:*.mkv=01;35:*.webm=01;35:*.webp=01;35:*.ogm=01;35:*.mp4=01;35:*.m4v=01;35:*.mp4v=01;35:*.vob=01;35:*.qt=01;35:*.nuv=01;35:*.wmv=01;35:*.asf=01;35:*.rm=01;35:*.rmvb=01;35:*.flc=01;35:*.avi=01;35:*.fli=01;35:*.flv=01;35:*.gl=01;35:*.dl=01;35:*.xcf=01;35:*.xwd=01;35:*.yuv=01;35:*.cgm=01;35:*.emf=01;35:*.ogv=01;35:*.ogx=01;35:*.aac=00;36:*.au=00;36:*.flac=00;36:*.m4a=00;36:*.mid=00;36:*.midi=00;36:*.mka=00;36:*.mp3=00;36:*.mpc=00;36:*.ogg=00;36:*.ra=00;36:*.wav=00;36:*.oga=00;36:*.opus=00;36:*.spx=00;36:*.xspf=00;36:'), ('GNOME_TERMINAL_SERVICE', ':1.100'), ('TERM_PROGRAM', 'tmux'), ('SSH_AGENT_LAUNCHER', 'gnome-keyring'), ('SSH_AUTH_SOCK', '/run/user/1000/keyring/ssh'), ('AMENT_PREFIX_PATH', '/home/giromi/Repos/VTOL/ws_sensor_combined_src/install/px4_ros2_cpp:/home/giromi/Repos/VTOL/ws_sensor_combined_src/install/px4_msgs:/opt/ros/humble'), ('SHELL', '/bin/bash'), ('LC_NAME', 'ko_KR.UTF-8'), ('QT_ACCESSIBILITY', '1'), ('GDMSESSION', 'ubuntu'), ('LESSCLOSE', '/usr/bin/lesspipe %s %s'), ('LC_MEASUREMENT', 'ko_KR.UTF-8'), ('GPG_AGENT_INFO', '/run/user/1000/gnupg/S.gpg-agent:0:1'), ('LC_IDENTIFICATION', 'ko_KR.UTF-8'), ('QT_IM_MODULE', 'ibus'), ('PWD', '/home/giromi/Repos/VTOL/ws_sensor_combined_src/build/example_global_navigation_cpp'), ('LC_ALL', 'en_US.UTF-8'), ('XDG_CONFIG_DIRS', '/etc/xdg/xdg-ubuntu:/etc/xdg'), ('NVM_CD_FLAGS', ''), ('XDG_DATA_DIRS', '/usr/share/ubuntu:/usr/share/gnome:/usr/local/share/:/usr/share/:/var/lib/snapd/desktop'), ('PYTHONPATH', '/home/giromi/Repos/VTOL/ws_sensor_combined_src/install/px4_msgs/local/lib/python3.10/dist-packages:/opt/ros/humble/lib/python3.10/site-packages:/opt/ros/humble/local/lib/python3.10/dist-packages'), ('LC_NUMERIC', 'ko_KR.UTF-8'), ('TMUX_PLUGIN_MANAGER_PATH', '/home/giromi/.tmux/plugins/'), ('LC_PAPER', 'ko_KR.UTF-8'), ('COLCON', '1'), ('VTE_VERSION', '6800'), ('TMUX_PANE', '%2'), ('CMAKE_PREFIX_PATH', '/home/giromi/Repos/VTOL/ws_sensor_combined_src/install/px4_ros2_cpp:/home/giromi/Repos/VTOL/ws_sensor_combined_src/install/px4_msgs:/opt/ros/humble')]), 'shell': False}
[64.312678] (example_mode_with_executor_cpp) CommandEnded: {'returncode': 0}
[64.318549] (example_mode_with_executor_cpp) JobProgress: {'identifier': 'example_mode_with_executor_cpp', 'progress': 'build'}
[64.318644] (example_mode_with_executor_cpp) Command: {'cmd': ['/usr/local/bin/cmake', '--build', '/home/giromi/Repos/VTOL/ws_sensor_combined_src/build/example_mode_with_executor_cpp', '--', '-j8', '-l8'], 'cwd': '/home/giromi/Repos/VTOL/ws_sensor_combined_src/build/example_mode_with_executor_cpp', 'env': OrderedDict([('LESSOPEN', '| /usr/bin/lesspipe %s'), ('TMUX', '/tmp/tmux-1000/default,4900,2'), ('USER', 'giromi'), ('LC_TIME', 'ko_KR.UTF-8'), ('XDG_SESSION_TYPE', 'x11'), ('SHLVL', '2'), ('LD_LIBRARY_PATH', '/home/giromi/Repos/VTOL/ws_sensor_combined_src/install/px4_ros2_cpp/lib:/home/giromi/Repos/VTOL/ws_sensor_combined_src/install/px4_msgs/lib:/opt/ros/humble/opt/rviz_ogre_vendor/lib:/opt/ros/humble/lib/x86_64-linux-gnu:/opt/ros/humble/lib'), ('HOME', '/home/giromi'), ('OLDPWD', '/home/giromi/Repos/VTOL'), ('TERM_PROGRAM_VERSION', '3.2a'), ('DESKTOP_SESSION', 'ubuntu'), ('NVM_BIN', '/home/giromi/.nvm/versions/node/v20.11.0/bin'), ('NVM_INC', '/home/giromi/.nvm/versions/node/v20.11.0/include/node'), ('ROS_PYTHON_VERSION', '3'), ('GNOME_SHELL_SESSION_MODE', 'ubuntu'), ('GTK_MODULES', 'gail:atk-bridge'), ('PS1', "\\[\\e[01;32m\\]\\u@\\h \\[\\e[34m\\]\\w \\[\\e[1;31m\\]$(git branch 2> /dev/null | sed -e '/^[^*]/d' -e 's/* \\(.*\\)/(\\1)/')\\[\\e[00m\\]$"), ('LC_MONETARY', 'ko_KR.UTF-8'), ('SYSTEMD_EXEC_PID', '2073'), ('DBUS_SESSION_BUS_ADDRESS', 'unix:path=/run/user/1000/bus'), ('COLORTERM', 'truecolor'), ('NVM_DIR', '/home/giromi/.nvm'), ('ROS_DISTRO', 'humble'), ('GTK_IM_MODULE', 'ibus'), ('LOGNAME', 'giromi'), ('_', '/usr/bin/colcon'), ('ROS_VERSION', '2'), ('XDG_SESSION_CLASS', 'user'), ('USERNAME', 'giromi'), ('TERM', 'screen-256color'), ('GNOME_DESKTOP_SESSION_ID', 'this-is-deprecated'), ('ROS_LOCALHOST_ONLY', '0'), ('WINDOWPATH', '2'), ('PATH', '/opt/gcc-arm-none-eabi-9-2020-q2-update/bin:/home/giromi/.local/bin:/home/giromi/.nvm/versions/node/v20.11.0/bin:/opt/ros/humble/bin:/opt/gcc-arm-none-eabi-9-2020-q2-update/bin:/home/giromi/.local/bin:/usr/local/sbin:/usr/local/bin:/usr/sbin:/usr/bin:/sbin:/bin:/usr/games:/usr/local/games:/snap/bin:/snap/bin:/home/giromi/Bashes:/home/giromi/Bashes'), ('SESSION_MANAGER', 'local/ubuntu22:@/tmp/.ICE-unix/2044,unix/ubuntu22:/tmp/.ICE-unix/2044'), ('XDG_MENU_PREFIX', 'gnome-'), ('LC_ADDRESS', 'ko_KR.UTF-8'), ('GNOME_TERMINAL_SCREEN', '/org/gnome/Terminal/screen/7c38761a_019b_4274_8719_b3f2320c43bd'), ('XDG_RUNTIME_DIR', '/run/user/1000'), ('DISPLAY', ':1'), ('LANG', 'en_US.UTF-8'), ('XDG_CURRENT_DESKTOP', 'ubuntu:GNOME'), ('LC_TELEPHONE', 'ko_KR.UTF-8'), ('XMODIFIERS', '@im=ibus'), ('XDG_SESSION_DESKTOP', 'ubuntu'), ('XAUTHORITY', '/run/user/1000/gdm/Xauthority'), ('LS_COLORS', 'rs=0:di=01;34:ln=01;36:mh=00:pi=40;33:so=01;35:do=01;35:bd=40;33;01:cd=40;33;01:or=40;31;01:mi=00:su=37;41:sg=30;43:ca=30;41:tw=30;42:ow=34;42:st=37;44:ex=01;32:*.tar=01;31:*.tgz=01;31:*.arc=01;31:*.arj=01;31:*.taz=01;31:*.lha=01;31:*.lz4=01;31:*.lzh=01;31:*.lzma=01;31:*.tlz=01;31:*.txz=01;31:*.tzo=01;31:*.t7z=01;31:*.zip=01;31:*.z=01;31:*.dz=01;31:*.gz=01;31:*.lrz=01;31:*.lz=01;31:*.lzo=01;31:*.xz=01;31:*.zst=01;31:*.tzst=01;31:*.bz2=01;31:*.bz=01;31:*.tbz=01;31:*.tbz2=01;31:*.tz=01;31:*.deb=01;31:*.rpm=01;31:*.jar=01;31:*.war=01;31:*.ear=01;31:*.sar=01;31:*.rar=01;31:*.alz=01;31:*.ace=01;31:*.zoo=01;31:*.cpio=01;31:*.7z=01;31:*.rz=01;31:*.cab=01;31:*.wim=01;31:*.swm=01;31:*.dwm=01;31:*.esd=01;31:*.jpg=01;35:*.jpeg=01;35:*.mjpg=01;35:*.mjpeg=01;35:*.gif=01;35:*.bmp=01;35:*.pbm=01;35:*.pgm=01;35:*.ppm=01;35:*.tga=01;35:*.xbm=01;35:*.xpm=01;35:*.tif=01;35:*.tiff=01;35:*.png=01;35:*.svg=01;35:*.svgz=01;35:*.mng=01;35:*.pcx=01;35:*.mov=01;35:*.mpg=01;35:*.mpeg=01;35:*.m2v=01;35:*.mkv=01;35:*.webm=01;35:*.webp=01;35:*.ogm=01;35:*.mp4=01;35:*.m4v=01;35:*.mp4v=01;35:*.vob=01;35:*.qt=01;35:*.nuv=01;35:*.wmv=01;35:*.asf=01;35:*.rm=01;35:*.rmvb=01;35:*.flc=01;35:*.avi=01;35:*.fli=01;35:*.flv=01;35:*.gl=01;35:*.dl=01;35:*.xcf=01;35:*.xwd=01;35:*.yuv=01;35:*.cgm=01;35:*.emf=01;35:*.ogv=01;35:*.ogx=01;35:*.aac=00;36:*.au=00;36:*.flac=00;36:*.m4a=00;36:*.mid=00;36:*.midi=00;36:*.mka=00;36:*.mp3=00;36:*.mpc=00;36:*.ogg=00;36:*.ra=00;36:*.wav=00;36:*.oga=00;36:*.opus=00;36:*.spx=00;36:*.xspf=00;36:'), ('GNOME_TERMINAL_SERVICE', ':1.100'), ('TERM_PROGRAM', 'tmux'), ('SSH_AGENT_LAUNCHER', 'gnome-keyring'), ('SSH_AUTH_SOCK', '/run/user/1000/keyring/ssh'), ('AMENT_PREFIX_PATH', '/home/giromi/Repos/VTOL/ws_sensor_combined_src/install/px4_ros2_cpp:/home/giromi/Repos/VTOL/ws_sensor_combined_src/install/px4_msgs:/opt/ros/humble'), ('SHELL', '/bin/bash'), ('LC_NAME', 'ko_KR.UTF-8'), ('QT_ACCESSIBILITY', '1'), ('GDMSESSION', 'ubuntu'), ('LESSCLOSE', '/usr/bin/lesspipe %s %s'), ('LC_MEASUREMENT', 'ko_KR.UTF-8'), ('GPG_AGENT_INFO', '/run/user/1000/gnupg/S.gpg-agent:0:1'), ('LC_IDENTIFICATION', 'ko_KR.UTF-8'), ('QT_IM_MODULE', 'ibus'), ('PWD', '/home/giromi/Repos/VTOL/ws_sensor_combined_src/build/example_mode_with_executor_cpp'), ('LC_ALL', 'en_US.UTF-8'), ('XDG_CONFIG_DIRS', '/etc/xdg/xdg-ubuntu:/etc/xdg'), ('NVM_CD_FLAGS', ''), ('XDG_DATA_DIRS', '/usr/share/ubuntu:/usr/share/gnome:/usr/local/share/:/usr/share/:/var/lib/snapd/desktop'), ('PYTHONPATH', '/home/giromi/Repos/VTOL/ws_sensor_combined_src/install/px4_msgs/local/lib/python3.10/dist-packages:/opt/ros/humble/lib/python3.10/site-packages:/opt/ros/humble/local/lib/python3.10/dist-packages'), ('LC_NUMERIC', 'ko_KR.UTF-8'), ('TMUX_PLUGIN_MANAGER_PATH', '/home/giromi/.tmux/plugins/'), ('LC_PAPER', 'ko_KR.UTF-8'), ('COLCON', '1'), ('VTE_VERSION', '6800'), ('TMUX_PANE', '%2'), ('CMAKE_PREFIX_PATH', '/home/giromi/Repos/VTOL/ws_sensor_combined_src/install/px4_ros2_cpp:/home/giromi/Repos/VTOL/ws_sensor_combined_src/install/px4_msgs:/opt/ros/humble')]), 'shell': False}
[64.321609] (example_mode_rtl_replacement_cpp) CommandEnded: {'returncode': 0}
[64.323399] (example_mode_rtl_replacement_cpp) JobProgress: {'identifier': 'example_mode_rtl_replacement_cpp', 'progress': 'build'}
[64.324372] (example_mode_rtl_replacement_cpp) Command: {'cmd': ['/usr/local/bin/cmake', '--build', '/home/giromi/Repos/VTOL/ws_sensor_combined_src/build/example_mode_rtl_replacement_cpp', '--', '-j8', '-l8'], 'cwd': '/home/giromi/Repos/VTOL/ws_sensor_combined_src/build/example_mode_rtl_replacement_cpp', 'env': OrderedDict([('LESSOPEN', '| /usr/bin/lesspipe %s'), ('TMUX', '/tmp/tmux-1000/default,4900,2'), ('USER', 'giromi'), ('LC_TIME', 'ko_KR.UTF-8'), ('XDG_SESSION_TYPE', 'x11'), ('SHLVL', '2'), ('LD_LIBRARY_PATH', '/home/giromi/Repos/VTOL/ws_sensor_combined_src/install/px4_ros2_cpp/lib:/home/giromi/Repos/VTOL/ws_sensor_combined_src/install/px4_msgs/lib:/opt/ros/humble/opt/rviz_ogre_vendor/lib:/opt/ros/humble/lib/x86_64-linux-gnu:/opt/ros/humble/lib'), ('HOME', '/home/giromi'), ('OLDPWD', '/home/giromi/Repos/VTOL'), ('TERM_PROGRAM_VERSION', '3.2a'), ('DESKTOP_SESSION', 'ubuntu'), ('NVM_BIN', '/home/giromi/.nvm/versions/node/v20.11.0/bin'), ('NVM_INC', '/home/giromi/.nvm/versions/node/v20.11.0/include/node'), ('ROS_PYTHON_VERSION', '3'), ('GNOME_SHELL_SESSION_MODE', 'ubuntu'), ('GTK_MODULES', 'gail:atk-bridge'), ('PS1', "\\[\\e[01;32m\\]\\u@\\h \\[\\e[34m\\]\\w \\[\\e[1;31m\\]$(git branch 2> /dev/null | sed -e '/^[^*]/d' -e 's/* \\(.*\\)/(\\1)/')\\[\\e[00m\\]$"), ('LC_MONETARY', 'ko_KR.UTF-8'), ('SYSTEMD_EXEC_PID', '2073'), ('DBUS_SESSION_BUS_ADDRESS', 'unix:path=/run/user/1000/bus'), ('COLORTERM', 'truecolor'), ('NVM_DIR', '/home/giromi/.nvm'), ('ROS_DISTRO', 'humble'), ('GTK_IM_MODULE', 'ibus'), ('LOGNAME', 'giromi'), ('_', '/usr/bin/colcon'), ('ROS_VERSION', '2'), ('XDG_SESSION_CLASS', 'user'), ('USERNAME', 'giromi'), ('TERM', 'screen-256color'), ('GNOME_DESKTOP_SESSION_ID', 'this-is-deprecated'), ('ROS_LOCALHOST_ONLY', '0'), ('WINDOWPATH', '2'), ('PATH', '/opt/gcc-arm-none-eabi-9-2020-q2-update/bin:/home/giromi/.local/bin:/home/giromi/.nvm/versions/node/v20.11.0/bin:/opt/ros/humble/bin:/opt/gcc-arm-none-eabi-9-2020-q2-update/bin:/home/giromi/.local/bin:/usr/local/sbin:/usr/local/bin:/usr/sbin:/usr/bin:/sbin:/bin:/usr/games:/usr/local/games:/snap/bin:/snap/bin:/home/giromi/Bashes:/home/giromi/Bashes'), ('SESSION_MANAGER', 'local/ubuntu22:@/tmp/.ICE-unix/2044,unix/ubuntu22:/tmp/.ICE-unix/2044'), ('XDG_MENU_PREFIX', 'gnome-'), ('LC_ADDRESS', 'ko_KR.UTF-8'), ('GNOME_TERMINAL_SCREEN', '/org/gnome/Terminal/screen/7c38761a_019b_4274_8719_b3f2320c43bd'), ('XDG_RUNTIME_DIR', '/run/user/1000'), ('DISPLAY', ':1'), ('LANG', 'en_US.UTF-8'), ('XDG_CURRENT_DESKTOP', 'ubuntu:GNOME'), ('LC_TELEPHONE', 'ko_KR.UTF-8'), ('XMODIFIERS', '@im=ibus'), ('XDG_SESSION_DESKTOP', 'ubuntu'), ('XAUTHORITY', '/run/user/1000/gdm/Xauthority'), ('LS_COLORS', 'rs=0:di=01;34:ln=01;36:mh=00:pi=40;33:so=01;35:do=01;35:bd=40;33;01:cd=40;33;01:or=40;31;01:mi=00:su=37;41:sg=30;43:ca=30;41:tw=30;42:ow=34;42:st=37;44:ex=01;32:*.tar=01;31:*.tgz=01;31:*.arc=01;31:*.arj=01;31:*.taz=01;31:*.lha=01;31:*.lz4=01;31:*.lzh=01;31:*.lzma=01;31:*.tlz=01;31:*.txz=01;31:*.tzo=01;31:*.t7z=01;31:*.zip=01;31:*.z=01;31:*.dz=01;31:*.gz=01;31:*.lrz=01;31:*.lz=01;31:*.lzo=01;31:*.xz=01;31:*.zst=01;31:*.tzst=01;31:*.bz2=01;31:*.bz=01;31:*.tbz=01;31:*.tbz2=01;31:*.tz=01;31:*.deb=01;31:*.rpm=01;31:*.jar=01;31:*.war=01;31:*.ear=01;31:*.sar=01;31:*.rar=01;31:*.alz=01;31:*.ace=01;31:*.zoo=01;31:*.cpio=01;31:*.7z=01;31:*.rz=01;31:*.cab=01;31:*.wim=01;31:*.swm=01;31:*.dwm=01;31:*.esd=01;31:*.jpg=01;35:*.jpeg=01;35:*.mjpg=01;35:*.mjpeg=01;35:*.gif=01;35:*.bmp=01;35:*.pbm=01;35:*.pgm=01;35:*.ppm=01;35:*.tga=01;35:*.xbm=01;35:*.xpm=01;35:*.tif=01;35:*.tiff=01;35:*.png=01;35:*.svg=01;35:*.svgz=01;35:*.mng=01;35:*.pcx=01;35:*.mov=01;35:*.mpg=01;35:*.mpeg=01;35:*.m2v=01;35:*.mkv=01;35:*.webm=01;35:*.webp=01;35:*.ogm=01;35:*.mp4=01;35:*.m4v=01;35:*.mp4v=01;35:*.vob=01;35:*.qt=01;35:*.nuv=01;35:*.wmv=01;35:*.asf=01;35:*.rm=01;35:*.rmvb=01;35:*.flc=01;35:*.avi=01;35:*.fli=01;35:*.flv=01;35:*.gl=01;35:*.dl=01;35:*.xcf=01;35:*.xwd=01;35:*.yuv=01;35:*.cgm=01;35:*.emf=01;35:*.ogv=01;35:*.ogx=01;35:*.aac=00;36:*.au=00;36:*.flac=00;36:*.m4a=00;36:*.mid=00;36:*.midi=00;36:*.mka=00;36:*.mp3=00;36:*.mpc=00;36:*.ogg=00;36:*.ra=00;36:*.wav=00;36:*.oga=00;36:*.opus=00;36:*.spx=00;36:*.xspf=00;36:'), ('GNOME_TERMINAL_SERVICE', ':1.100'), ('TERM_PROGRAM', 'tmux'), ('SSH_AGENT_LAUNCHER', 'gnome-keyring'), ('SSH_AUTH_SOCK', '/run/user/1000/keyring/ssh'), ('AMENT_PREFIX_PATH', '/home/giromi/Repos/VTOL/ws_sensor_combined_src/install/px4_ros2_cpp:/home/giromi/Repos/VTOL/ws_sensor_combined_src/install/px4_msgs:/opt/ros/humble'), ('SHELL', '/bin/bash'), ('LC_NAME', 'ko_KR.UTF-8'), ('QT_ACCESSIBILITY', '1'), ('GDMSESSION', 'ubuntu'), ('LESSCLOSE', '/usr/bin/lesspipe %s %s'), ('LC_MEASUREMENT', 'ko_KR.UTF-8'), ('GPG_AGENT_INFO', '/run/user/1000/gnupg/S.gpg-agent:0:1'), ('LC_IDENTIFICATION', 'ko_KR.UTF-8'), ('QT_IM_MODULE', 'ibus'), ('PWD', '/home/giromi/Repos/VTOL/ws_sensor_combined_src/build/example_mode_rtl_replacement_cpp'), ('LC_ALL', 'en_US.UTF-8'), ('XDG_CONFIG_DIRS', '/etc/xdg/xdg-ubuntu:/etc/xdg'), ('NVM_CD_FLAGS', ''), ('XDG_DATA_DIRS', '/usr/share/ubuntu:/usr/share/gnome:/usr/local/share/:/usr/share/:/var/lib/snapd/desktop'), ('PYTHONPATH', '/home/giromi/Repos/VTOL/ws_sensor_combined_src/install/px4_msgs/local/lib/python3.10/dist-packages:/opt/ros/humble/lib/python3.10/site-packages:/opt/ros/humble/local/lib/python3.10/dist-packages'), ('LC_NUMERIC', 'ko_KR.UTF-8'), ('TMUX_PLUGIN_MANAGER_PATH', '/home/giromi/.tmux/plugins/'), ('LC_PAPER', 'ko_KR.UTF-8'), ('COLCON', '1'), ('VTE_VERSION', '6800'), ('TMUX_PANE', '%2'), ('CMAKE_PREFIX_PATH', '/home/giromi/Repos/VTOL/ws_sensor_combined_src/install/px4_ros2_cpp:/home/giromi/Repos/VTOL/ws_sensor_combined_src/install/px4_msgs:/opt/ros/humble')]), 'shell': False}
[64.331051] (-) TimerEvent: {}
[64.370464] (example_local_navigation_cpp) StdoutLine: {'line': b'[ 50%] \x1b[32m\x1b[1mLinking CXX executable example_local_navigation\x1b[0m\n'}
[64.382702] (example_mode_manual_cpp) StdoutLine: {'line': b'[ 50%] \x1b[32mBuilding CXX object CMakeFiles/example_mode_manual.dir/src/main.cpp.o\x1b[0m\n'}
[64.402010] (example_global_navigation_cpp) StdoutLine: {'line': b'[ 50%] \x1b[32m\x1b[1mLinking CXX executable example_global_navigation\x1b[0m\n'}
[64.402689] (example_mode_rtl_replacement_cpp) StdoutLine: {'line': b'[ 50%] \x1b[32mBuilding CXX object CMakeFiles/example_mode_rtl.dir/src/main.cpp.o\x1b[0m\n'}
[64.404471] (example_mode_goto_cpp) StdoutLine: {'line': b'[ 50%] \x1b[32m\x1b[1mLinking CXX executable example_mode_goto\x1b[0m\n'}
[64.410134] (example_mode_with_executor_cpp) StdoutLine: {'line': b'[ 50%] \x1b[32mBuilding CXX object CMakeFiles/example_mode_with_executor.dir/src/main.cpp.o\x1b[0m\n'}
[64.431137] (-) TimerEvent: {}
[64.532047] (-) TimerEvent: {}
[64.632806] (-) TimerEvent: {}
[64.733368] (-) TimerEvent: {}
[64.833966] (-) TimerEvent: {}
[64.935121] (-) TimerEvent: {}
[65.035676] (-) TimerEvent: {}
[65.136276] (-) TimerEvent: {}
[65.236872] (-) TimerEvent: {}
[65.337466] (-) TimerEvent: {}
[65.438055] (-) TimerEvent: {}
[65.538672] (-) TimerEvent: {}
[65.639410] (-) TimerEvent: {}
[65.739901] (-) TimerEvent: {}
[65.840519] (-) TimerEvent: {}
[65.940989] (-) TimerEvent: {}
[66.013000] (example_local_navigation_cpp) StdoutLine: {'line': b'[100%] Built target example_local_navigation\n'}
[66.027071] (example_local_navigation_cpp) CommandEnded: {'returncode': 0}
[66.041145] (-) TimerEvent: {}
[66.078335] (example_local_navigation_cpp) JobProgress: {'identifier': 'example_local_navigation_cpp', 'progress': 'install'}
[66.078515] (example_local_navigation_cpp) Command: {'cmd': ['/usr/local/bin/cmake', '--install', '/home/giromi/Repos/VTOL/ws_sensor_combined_src/build/example_local_navigation_cpp'], 'cwd': '/home/giromi/Repos/VTOL/ws_sensor_combined_src/build/example_local_navigation_cpp', 'env': OrderedDict([('LESSOPEN', '| /usr/bin/lesspipe %s'), ('TMUX', '/tmp/tmux-1000/default,4900,2'), ('USER', 'giromi'), ('LC_TIME', 'ko_KR.UTF-8'), ('XDG_SESSION_TYPE', 'x11'), ('SHLVL', '2'), ('LD_LIBRARY_PATH', '/home/giromi/Repos/VTOL/ws_sensor_combined_src/install/px4_ros2_cpp/lib:/home/giromi/Repos/VTOL/ws_sensor_combined_src/install/px4_msgs/lib:/opt/ros/humble/opt/rviz_ogre_vendor/lib:/opt/ros/humble/lib/x86_64-linux-gnu:/opt/ros/humble/lib'), ('HOME', '/home/giromi'), ('OLDPWD', '/home/giromi/Repos/VTOL'), ('TERM_PROGRAM_VERSION', '3.2a'), ('DESKTOP_SESSION', 'ubuntu'), ('NVM_BIN', '/home/giromi/.nvm/versions/node/v20.11.0/bin'), ('NVM_INC', '/home/giromi/.nvm/versions/node/v20.11.0/include/node'), ('ROS_PYTHON_VERSION', '3'), ('GNOME_SHELL_SESSION_MODE', 'ubuntu'), ('GTK_MODULES', 'gail:atk-bridge'), ('PS1', "\\[\\e[01;32m\\]\\u@\\h \\[\\e[34m\\]\\w \\[\\e[1;31m\\]$(git branch 2> /dev/null | sed -e '/^[^*]/d' -e 's/* \\(.*\\)/(\\1)/')\\[\\e[00m\\]$"), ('LC_MONETARY', 'ko_KR.UTF-8'), ('SYSTEMD_EXEC_PID', '2073'), ('DBUS_SESSION_BUS_ADDRESS', 'unix:path=/run/user/1000/bus'), ('COLORTERM', 'truecolor'), ('NVM_DIR', '/home/giromi/.nvm'), ('ROS_DISTRO', 'humble'), ('GTK_IM_MODULE', 'ibus'), ('LOGNAME', 'giromi'), ('_', '/usr/bin/colcon'), ('ROS_VERSION', '2'), ('XDG_SESSION_CLASS', 'user'), ('USERNAME', 'giromi'), ('TERM', 'screen-256color'), ('GNOME_DESKTOP_SESSION_ID', 'this-is-deprecated'), ('ROS_LOCALHOST_ONLY', '0'), ('WINDOWPATH', '2'), ('PATH', '/opt/gcc-arm-none-eabi-9-2020-q2-update/bin:/home/giromi/.local/bin:/home/giromi/.nvm/versions/node/v20.11.0/bin:/opt/ros/humble/bin:/opt/gcc-arm-none-eabi-9-2020-q2-update/bin:/home/giromi/.local/bin:/usr/local/sbin:/usr/local/bin:/usr/sbin:/usr/bin:/sbin:/bin:/usr/games:/usr/local/games:/snap/bin:/snap/bin:/home/giromi/Bashes:/home/giromi/Bashes'), ('SESSION_MANAGER', 'local/ubuntu22:@/tmp/.ICE-unix/2044,unix/ubuntu22:/tmp/.ICE-unix/2044'), ('XDG_MENU_PREFIX', 'gnome-'), ('LC_ADDRESS', 'ko_KR.UTF-8'), ('GNOME_TERMINAL_SCREEN', '/org/gnome/Terminal/screen/7c38761a_019b_4274_8719_b3f2320c43bd'), ('XDG_RUNTIME_DIR', '/run/user/1000'), ('DISPLAY', ':1'), ('LANG', 'en_US.UTF-8'), ('XDG_CURRENT_DESKTOP', 'ubuntu:GNOME'), ('LC_TELEPHONE', 'ko_KR.UTF-8'), ('XMODIFIERS', '@im=ibus'), ('XDG_SESSION_DESKTOP', 'ubuntu'), ('XAUTHORITY', '/run/user/1000/gdm/Xauthority'), ('LS_COLORS', 'rs=0:di=01;34:ln=01;36:mh=00:pi=40;33:so=01;35:do=01;35:bd=40;33;01:cd=40;33;01:or=40;31;01:mi=00:su=37;41:sg=30;43:ca=30;41:tw=30;42:ow=34;42:st=37;44:ex=01;32:*.tar=01;31:*.tgz=01;31:*.arc=01;31:*.arj=01;31:*.taz=01;31:*.lha=01;31:*.lz4=01;31:*.lzh=01;31:*.lzma=01;31:*.tlz=01;31:*.txz=01;31:*.tzo=01;31:*.t7z=01;31:*.zip=01;31:*.z=01;31:*.dz=01;31:*.gz=01;31:*.lrz=01;31:*.lz=01;31:*.lzo=01;31:*.xz=01;31:*.zst=01;31:*.tzst=01;31:*.bz2=01;31:*.bz=01;31:*.tbz=01;31:*.tbz2=01;31:*.tz=01;31:*.deb=01;31:*.rpm=01;31:*.jar=01;31:*.war=01;31:*.ear=01;31:*.sar=01;31:*.rar=01;31:*.alz=01;31:*.ace=01;31:*.zoo=01;31:*.cpio=01;31:*.7z=01;31:*.rz=01;31:*.cab=01;31:*.wim=01;31:*.swm=01;31:*.dwm=01;31:*.esd=01;31:*.jpg=01;35:*.jpeg=01;35:*.mjpg=01;35:*.mjpeg=01;35:*.gif=01;35:*.bmp=01;35:*.pbm=01;35:*.pgm=01;35:*.ppm=01;35:*.tga=01;35:*.xbm=01;35:*.xpm=01;35:*.tif=01;35:*.tiff=01;35:*.png=01;35:*.svg=01;35:*.svgz=01;35:*.mng=01;35:*.pcx=01;35:*.mov=01;35:*.mpg=01;35:*.mpeg=01;35:*.m2v=01;35:*.mkv=01;35:*.webm=01;35:*.webp=01;35:*.ogm=01;35:*.mp4=01;35:*.m4v=01;35:*.mp4v=01;35:*.vob=01;35:*.qt=01;35:*.nuv=01;35:*.wmv=01;35:*.asf=01;35:*.rm=01;35:*.rmvb=01;35:*.flc=01;35:*.avi=01;35:*.fli=01;35:*.flv=01;35:*.gl=01;35:*.dl=01;35:*.xcf=01;35:*.xwd=01;35:*.yuv=01;35:*.cgm=01;35:*.emf=01;35:*.ogv=01;35:*.ogx=01;35:*.aac=00;36:*.au=00;36:*.flac=00;36:*.m4a=00;36:*.mid=00;36:*.midi=00;36:*.mka=00;36:*.mp3=00;36:*.mpc=00;36:*.ogg=00;36:*.ra=00;36:*.wav=00;36:*.oga=00;36:*.opus=00;36:*.spx=00;36:*.xspf=00;36:'), ('GNOME_TERMINAL_SERVICE', ':1.100'), ('TERM_PROGRAM', 'tmux'), ('SSH_AGENT_LAUNCHER', 'gnome-keyring'), ('SSH_AUTH_SOCK', '/run/user/1000/keyring/ssh'), ('AMENT_PREFIX_PATH', '/home/giromi/Repos/VTOL/ws_sensor_combined_src/install/px4_ros2_cpp:/home/giromi/Repos/VTOL/ws_sensor_combined_src/install/px4_msgs:/opt/ros/humble'), ('SHELL', '/bin/bash'), ('LC_NAME', 'ko_KR.UTF-8'), ('QT_ACCESSIBILITY', '1'), ('GDMSESSION', 'ubuntu'), ('LESSCLOSE', '/usr/bin/lesspipe %s %s'), ('LC_MEASUREMENT', 'ko_KR.UTF-8'), ('GPG_AGENT_INFO', '/run/user/1000/gnupg/S.gpg-agent:0:1'), ('LC_IDENTIFICATION', 'ko_KR.UTF-8'), ('QT_IM_MODULE', 'ibus'), ('PWD', '/home/giromi/Repos/VTOL/ws_sensor_combined_src/build/example_local_navigation_cpp'), ('LC_ALL', 'en_US.UTF-8'), ('XDG_CONFIG_DIRS', '/etc/xdg/xdg-ubuntu:/etc/xdg'), ('NVM_CD_FLAGS', ''), ('XDG_DATA_DIRS', '/usr/share/ubuntu:/usr/share/gnome:/usr/local/share/:/usr/share/:/var/lib/snapd/desktop'), ('PYTHONPATH', '/home/giromi/Repos/VTOL/ws_sensor_combined_src/install/px4_msgs/local/lib/python3.10/dist-packages:/opt/ros/humble/lib/python3.10/site-packages:/opt/ros/humble/local/lib/python3.10/dist-packages'), ('LC_NUMERIC', 'ko_KR.UTF-8'), ('TMUX_PLUGIN_MANAGER_PATH', '/home/giromi/.tmux/plugins/'), ('LC_PAPER', 'ko_KR.UTF-8'), ('COLCON', '1'), ('VTE_VERSION', '6800'), ('TMUX_PANE', '%2'), ('CMAKE_PREFIX_PATH', '/home/giromi/Repos/VTOL/ws_sensor_combined_src/install/px4_ros2_cpp:/home/giromi/Repos/VTOL/ws_sensor_combined_src/install/px4_msgs:/opt/ros/humble')]), 'shell': False}
[66.083092] (example_local_navigation_cpp) StdoutLine: {'line': b'-- Install configuration: ""\n'}
[66.083865] (example_local_navigation_cpp) StdoutLine: {'line': b'-- Execute custom install script\n'}
[66.090022] (example_local_navigation_cpp) StdoutLine: {'line': b'-- Up-to-date symlink: /home/giromi/Repos/VTOL/ws_sensor_combined_src/install/example_local_navigation_cpp/lib/example_local_navigation_cpp/example_local_navigation\n'}
[66.091040] (example_local_navigation_cpp) StdoutLine: {'line': b'-- Up-to-date symlink: /home/giromi/Repos/VTOL/ws_sensor_combined_src/install/example_local_navigation_cpp/share/ament_index/resource_index/package_run_dependencies/example_local_navigation_cpp\n'}
[66.092104] (example_local_navigation_cpp) StdoutLine: {'line': b'-- Up-to-date symlink: /home/giromi/Repos/VTOL/ws_sensor_combined_src/install/example_local_navigation_cpp/share/ament_index/resource_index/parent_prefix_path/example_local_navigation_cpp\n'}
[66.092562] (example_local_navigation_cpp) StdoutLine: {'line': b'-- Up-to-date symlink: /home/giromi/Repos/VTOL/ws_sensor_combined_src/install/example_local_navigation_cpp/share/example_local_navigation_cpp/environment/ament_prefix_path.sh\n'}
[66.093111] (example_local_navigation_cpp) StdoutLine: {'line': b'-- Up-to-date symlink: /home/giromi/Repos/VTOL/ws_sensor_combined_src/install/example_local_navigation_cpp/share/example_local_navigation_cpp/environment/ament_prefix_path.dsv\n'}
[66.093508] (example_local_navigation_cpp) StdoutLine: {'line': b'-- Up-to-date symlink: /home/giromi/Repos/VTOL/ws_sensor_combined_src/install/example_local_navigation_cpp/share/example_local_navigation_cpp/environment/path.sh\n'}
[66.094078] (example_local_navigation_cpp) StdoutLine: {'line': b'-- Up-to-date symlink: /home/giromi/Repos/VTOL/ws_sensor_combined_src/install/example_local_navigation_cpp/share/example_local_navigation_cpp/environment/path.dsv\n'}
[66.094518] (example_local_navigation_cpp) StdoutLine: {'line': b'-- Up-to-date symlink: /home/giromi/Repos/VTOL/ws_sensor_combined_src/install/example_local_navigation_cpp/share/example_local_navigation_cpp/local_setup.bash\n'}
[66.095135] (example_local_navigation_cpp) StdoutLine: {'line': b'-- Up-to-date symlink: /home/giromi/Repos/VTOL/ws_sensor_combined_src/install/example_local_navigation_cpp/share/example_local_navigation_cpp/local_setup.sh\n'}
[66.095751] (example_local_navigation_cpp) StdoutLine: {'line': b'-- Up-to-date symlink: /home/giromi/Repos/VTOL/ws_sensor_combined_src/install/example_local_navigation_cpp/share/example_local_navigation_cpp/local_setup.zsh\n'}
[66.096491] (example_local_navigation_cpp) StdoutLine: {'line': b'-- Up-to-date symlink: /home/giromi/Repos/VTOL/ws_sensor_combined_src/install/example_local_navigation_cpp/share/example_local_navigation_cpp/local_setup.dsv\n'}
[66.096799] (example_local_navigation_cpp) StdoutLine: {'line': b'-- Symlinking: /home/giromi/Repos/VTOL/ws_sensor_combined_src/install/example_local_navigation_cpp/share/example_local_navigation_cpp/package.dsv\n'}
[66.103539] (example_global_navigation_cpp) StdoutLine: {'line': b'[100%] Built target example_global_navigation\n'}
[66.105584] (example_local_navigation_cpp) StdoutLine: {'line': b'-- Up-to-date symlink: /home/giromi/Repos/VTOL/ws_sensor_combined_src/install/example_local_navigation_cpp/share/ament_index/resource_index/packages/example_local_navigation_cpp\n'}
[66.105854] (example_local_navigation_cpp) StdoutLine: {'line': b'-- Up-to-date symlink: /home/giromi/Repos/VTOL/ws_sensor_combined_src/install/example_local_navigation_cpp/share/example_local_navigation_cpp/cmake/example_local_navigation_cppConfig.cmake\n'}
[66.106891] (example_local_navigation_cpp) StdoutLine: {'line': b'-- Up-to-date symlink: /home/giromi/Repos/VTOL/ws_sensor_combined_src/install/example_local_navigation_cpp/share/example_local_navigation_cpp/cmake/example_local_navigation_cppConfig-version.cmake\n'}
[66.108420] (example_local_navigation_cpp) StdoutLine: {'line': b'-- Up-to-date symlink: /home/giromi/Repos/VTOL/ws_sensor_combined_src/install/example_local_navigation_cpp/share/example_local_navigation_cpp/package.xml\n'}
[66.112821] (example_local_navigation_cpp) CommandEnded: {'returncode': 0}
[66.141479] (-) TimerEvent: {}
[66.226556] (example_global_navigation_cpp) CommandEnded: {'returncode': 0}
[66.241588] (-) TimerEvent: {}
[66.342051] (-) TimerEvent: {}
[66.409767] (example_local_navigation_cpp) JobEnded: {'identifier': 'example_local_navigation_cpp', 'rc': 0}
[66.414420] (example_global_navigation_cpp) JobProgress: {'identifier': 'example_global_navigation_cpp', 'progress': 'install'}
[66.418559] (example_global_navigation_cpp) Command: {'cmd': ['/usr/local/bin/cmake', '--install', '/home/giromi/Repos/VTOL/ws_sensor_combined_src/build/example_global_navigation_cpp'], 'cwd': '/home/giromi/Repos/VTOL/ws_sensor_combined_src/build/example_global_navigation_cpp', 'env': OrderedDict([('LESSOPEN', '| /usr/bin/lesspipe %s'), ('TMUX', '/tmp/tmux-1000/default,4900,2'), ('USER', 'giromi'), ('LC_TIME', 'ko_KR.UTF-8'), ('XDG_SESSION_TYPE', 'x11'), ('SHLVL', '2'), ('LD_LIBRARY_PATH', '/home/giromi/Repos/VTOL/ws_sensor_combined_src/install/px4_ros2_cpp/lib:/home/giromi/Repos/VTOL/ws_sensor_combined_src/install/px4_msgs/lib:/opt/ros/humble/opt/rviz_ogre_vendor/lib:/opt/ros/humble/lib/x86_64-linux-gnu:/opt/ros/humble/lib'), ('HOME', '/home/giromi'), ('OLDPWD', '/home/giromi/Repos/VTOL'), ('TERM_PROGRAM_VERSION', '3.2a'), ('DESKTOP_SESSION', 'ubuntu'), ('NVM_BIN', '/home/giromi/.nvm/versions/node/v20.11.0/bin'), ('NVM_INC', '/home/giromi/.nvm/versions/node/v20.11.0/include/node'), ('ROS_PYTHON_VERSION', '3'), ('GNOME_SHELL_SESSION_MODE', 'ubuntu'), ('GTK_MODULES', 'gail:atk-bridge'), ('PS1', "\\[\\e[01;32m\\]\\u@\\h \\[\\e[34m\\]\\w \\[\\e[1;31m\\]$(git branch 2> /dev/null | sed -e '/^[^*]/d' -e 's/* \\(.*\\)/(\\1)/')\\[\\e[00m\\]$"), ('LC_MONETARY', 'ko_KR.UTF-8'), ('SYSTEMD_EXEC_PID', '2073'), ('DBUS_SESSION_BUS_ADDRESS', 'unix:path=/run/user/1000/bus'), ('COLORTERM', 'truecolor'), ('NVM_DIR', '/home/giromi/.nvm'), ('ROS_DISTRO', 'humble'), ('GTK_IM_MODULE', 'ibus'), ('LOGNAME', 'giromi'), ('_', '/usr/bin/colcon'), ('ROS_VERSION', '2'), ('XDG_SESSION_CLASS', 'user'), ('USERNAME', 'giromi'), ('TERM', 'screen-256color'), ('GNOME_DESKTOP_SESSION_ID', 'this-is-deprecated'), ('ROS_LOCALHOST_ONLY', '0'), ('WINDOWPATH', '2'), ('PATH', '/opt/gcc-arm-none-eabi-9-2020-q2-update/bin:/home/giromi/.local/bin:/home/giromi/.nvm/versions/node/v20.11.0/bin:/opt/ros/humble/bin:/opt/gcc-arm-none-eabi-9-2020-q2-update/bin:/home/giromi/.local/bin:/usr/local/sbin:/usr/local/bin:/usr/sbin:/usr/bin:/sbin:/bin:/usr/games:/usr/local/games:/snap/bin:/snap/bin:/home/giromi/Bashes:/home/giromi/Bashes'), ('SESSION_MANAGER', 'local/ubuntu22:@/tmp/.ICE-unix/2044,unix/ubuntu22:/tmp/.ICE-unix/2044'), ('XDG_MENU_PREFIX', 'gnome-'), ('LC_ADDRESS', 'ko_KR.UTF-8'), ('GNOME_TERMINAL_SCREEN', '/org/gnome/Terminal/screen/7c38761a_019b_4274_8719_b3f2320c43bd'), ('XDG_RUNTIME_DIR', '/run/user/1000'), ('DISPLAY', ':1'), ('LANG', 'en_US.UTF-8'), ('XDG_CURRENT_DESKTOP', 'ubuntu:GNOME'), ('LC_TELEPHONE', 'ko_KR.UTF-8'), ('XMODIFIERS', '@im=ibus'), ('XDG_SESSION_DESKTOP', 'ubuntu'), ('XAUTHORITY', '/run/user/1000/gdm/Xauthority'), ('LS_COLORS', 'rs=0:di=01;34:ln=01;36:mh=00:pi=40;33:so=01;35:do=01;35:bd=40;33;01:cd=40;33;01:or=40;31;01:mi=00:su=37;41:sg=30;43:ca=30;41:tw=30;42:ow=34;42:st=37;44:ex=01;32:*.tar=01;31:*.tgz=01;31:*.arc=01;31:*.arj=01;31:*.taz=01;31:*.lha=01;31:*.lz4=01;31:*.lzh=01;31:*.lzma=01;31:*.tlz=01;31:*.txz=01;31:*.tzo=01;31:*.t7z=01;31:*.zip=01;31:*.z=01;31:*.dz=01;31:*.gz=01;31:*.lrz=01;31:*.lz=01;31:*.lzo=01;31:*.xz=01;31:*.zst=01;31:*.tzst=01;31:*.bz2=01;31:*.bz=01;31:*.tbz=01;31:*.tbz2=01;31:*.tz=01;31:*.deb=01;31:*.rpm=01;31:*.jar=01;31:*.war=01;31:*.ear=01;31:*.sar=01;31:*.rar=01;31:*.alz=01;31:*.ace=01;31:*.zoo=01;31:*.cpio=01;31:*.7z=01;31:*.rz=01;31:*.cab=01;31:*.wim=01;31:*.swm=01;31:*.dwm=01;31:*.esd=01;31:*.jpg=01;35:*.jpeg=01;35:*.mjpg=01;35:*.mjpeg=01;35:*.gif=01;35:*.bmp=01;35:*.pbm=01;35:*.pgm=01;35:*.ppm=01;35:*.tga=01;35:*.xbm=01;35:*.xpm=01;35:*.tif=01;35:*.tiff=01;35:*.png=01;35:*.svg=01;35:*.svgz=01;35:*.mng=01;35:*.pcx=01;35:*.mov=01;35:*.mpg=01;35:*.mpeg=01;35:*.m2v=01;35:*.mkv=01;35:*.webm=01;35:*.webp=01;35:*.ogm=01;35:*.mp4=01;35:*.m4v=01;35:*.mp4v=01;35:*.vob=01;35:*.qt=01;35:*.nuv=01;35:*.wmv=01;35:*.asf=01;35:*.rm=01;35:*.rmvb=01;35:*.flc=01;35:*.avi=01;35:*.fli=01;35:*.flv=01;35:*.gl=01;35:*.dl=01;35:*.xcf=01;35:*.xwd=01;35:*.yuv=01;35:*.cgm=01;35:*.emf=01;35:*.ogv=01;35:*.ogx=01;35:*.aac=00;36:*.au=00;36:*.flac=00;36:*.m4a=00;36:*.mid=00;36:*.midi=00;36:*.mka=00;36:*.mp3=00;36:*.mpc=00;36:*.ogg=00;36:*.ra=00;36:*.wav=00;36:*.oga=00;36:*.opus=00;36:*.spx=00;36:*.xspf=00;36:'), ('GNOME_TERMINAL_SERVICE', ':1.100'), ('TERM_PROGRAM', 'tmux'), ('SSH_AGENT_LAUNCHER', 'gnome-keyring'), ('SSH_AUTH_SOCK', '/run/user/1000/keyring/ssh'), ('AMENT_PREFIX_PATH', '/home/giromi/Repos/VTOL/ws_sensor_combined_src/install/px4_ros2_cpp:/home/giromi/Repos/VTOL/ws_sensor_combined_src/install/px4_msgs:/opt/ros/humble'), ('SHELL', '/bin/bash'), ('LC_NAME', 'ko_KR.UTF-8'), ('QT_ACCESSIBILITY', '1'), ('GDMSESSION', 'ubuntu'), ('LESSCLOSE', '/usr/bin/lesspipe %s %s'), ('LC_MEASUREMENT', 'ko_KR.UTF-8'), ('GPG_AGENT_INFO', '/run/user/1000/gnupg/S.gpg-agent:0:1'), ('LC_IDENTIFICATION', 'ko_KR.UTF-8'), ('QT_IM_MODULE', 'ibus'), ('PWD', '/home/giromi/Repos/VTOL/ws_sensor_combined_src/build/example_global_navigation_cpp'), ('LC_ALL', 'en_US.UTF-8'), ('XDG_CONFIG_DIRS', '/etc/xdg/xdg-ubuntu:/etc/xdg'), ('NVM_CD_FLAGS', ''), ('XDG_DATA_DIRS', '/usr/share/ubuntu:/usr/share/gnome:/usr/local/share/:/usr/share/:/var/lib/snapd/desktop'), ('PYTHONPATH', '/home/giromi/Repos/VTOL/ws_sensor_combined_src/install/px4_msgs/local/lib/python3.10/dist-packages:/opt/ros/humble/lib/python3.10/site-packages:/opt/ros/humble/local/lib/python3.10/dist-packages'), ('LC_NUMERIC', 'ko_KR.UTF-8'), ('TMUX_PLUGIN_MANAGER_PATH', '/home/giromi/.tmux/plugins/'), ('LC_PAPER', 'ko_KR.UTF-8'), ('COLCON', '1'), ('VTE_VERSION', '6800'), ('TMUX_PANE', '%2'), ('CMAKE_PREFIX_PATH', '/home/giromi/Repos/VTOL/ws_sensor_combined_src/install/px4_ros2_cpp:/home/giromi/Repos/VTOL/ws_sensor_combined_src/install/px4_msgs:/opt/ros/humble')]), 'shell': False}
[66.426177] (example_global_navigation_cpp) StdoutLine: {'line': b'-- Install configuration: ""\n'}
[66.427223] (example_global_navigation_cpp) StdoutLine: {'line': b'-- Execute custom install script\n'}
[66.438362] (example_global_navigation_cpp) StdoutLine: {'line': b'-- Up-to-date symlink: /home/giromi/Repos/VTOL/ws_sensor_combined_src/install/example_global_navigation_cpp/lib/example_global_navigation_cpp/example_global_navigation\n'}
[66.438773] (example_global_navigation_cpp) StdoutLine: {'line': b'-- Up-to-date symlink: /home/giromi/Repos/VTOL/ws_sensor_combined_src/install/example_global_navigation_cpp/share/ament_index/resource_index/package_run_dependencies/example_global_navigation_cpp\n'}
[66.440777] (example_global_navigation_cpp) StdoutLine: {'line': b'-- Up-to-date symlink: /home/giromi/Repos/VTOL/ws_sensor_combined_src/install/example_global_navigation_cpp/share/ament_index/resource_index/parent_prefix_path/example_global_navigation_cpp\n'}
[66.442175] (-) TimerEvent: {}
[66.450536] (example_global_navigation_cpp) StdoutLine: {'line': b'-- Up-to-date symlink: /home/giromi/Repos/VTOL/ws_sensor_combined_src/install/example_global_navigation_cpp/share/example_global_navigation_cpp/environment/ament_prefix_path.sh\n'}
[66.450915] (example_global_navigation_cpp) StdoutLine: {'line': b'-- Up-to-date symlink: /home/giromi/Repos/VTOL/ws_sensor_combined_src/install/example_global_navigation_cpp/share/example_global_navigation_cpp/environment/ament_prefix_path.dsv\n'}
[66.451594] (example_global_navigation_cpp) StdoutLine: {'line': b'-- Up-to-date symlink: /home/giromi/Repos/VTOL/ws_sensor_combined_src/install/example_global_navigation_cpp/share/example_global_navigation_cpp/environment/path.sh\n'}
[66.451917] (example_global_navigation_cpp) StdoutLine: {'line': b'-- Up-to-date symlink: /home/giromi/Repos/VTOL/ws_sensor_combined_src/install/example_global_navigation_cpp/share/example_global_navigation_cpp/environment/path.dsv\n'}
[66.465976] (example_global_navigation_cpp) StdoutLine: {'line': b'-- Up-to-date symlink: /home/giromi/Repos/VTOL/ws_sensor_combined_src/install/example_global_navigation_cpp/share/example_global_navigation_cpp/local_setup.bash\n'}
[66.468428] (example_global_navigation_cpp) StdoutLine: {'line': b'-- Up-to-date symlink: /home/giromi/Repos/VTOL/ws_sensor_combined_src/install/example_global_navigation_cpp/share/example_global_navigation_cpp/local_setup.sh\n'}
[66.479586] (example_global_navigation_cpp) StdoutLine: {'line': b'-- Up-to-date symlink: /home/giromi/Repos/VTOL/ws_sensor_combined_src/install/example_global_navigation_cpp/share/example_global_navigation_cpp/local_setup.zsh\n'}
[66.479928] (example_global_navigation_cpp) StdoutLine: {'line': b'-- Up-to-date symlink: /home/giromi/Repos/VTOL/ws_sensor_combined_src/install/example_global_navigation_cpp/share/example_global_navigation_cpp/local_setup.dsv\n'}
[66.480154] (example_global_navigation_cpp) StdoutLine: {'line': b'-- Symlinking: /home/giromi/Repos/VTOL/ws_sensor_combined_src/install/example_global_navigation_cpp/share/example_global_navigation_cpp/package.dsv\n'}
[66.486123] (example_global_navigation_cpp) StdoutLine: {'line': b'-- Up-to-date symlink: /home/giromi/Repos/VTOL/ws_sensor_combined_src/install/example_global_navigation_cpp/share/ament_index/resource_index/packages/example_global_navigation_cpp\n'}
[66.486645] (example_global_navigation_cpp) StdoutLine: {'line': b'-- Up-to-date symlink: /home/giromi/Repos/VTOL/ws_sensor_combined_src/install/example_global_navigation_cpp/share/example_global_navigation_cpp/cmake/example_global_navigation_cppConfig.cmake\n'}
[66.487059] (example_global_navigation_cpp) StdoutLine: {'line': b'-- Up-to-date symlink: /home/giromi/Repos/VTOL/ws_sensor_combined_src/install/example_global_navigation_cpp/share/example_global_navigation_cpp/cmake/example_global_navigation_cppConfig-version.cmake\n'}
[66.487554] (example_global_navigation_cpp) StdoutLine: {'line': b'-- Up-to-date symlink: /home/giromi/Repos/VTOL/ws_sensor_combined_src/install/example_global_navigation_cpp/share/example_global_navigation_cpp/package.xml\n'}
[66.492035] (example_global_navigation_cpp) CommandEnded: {'returncode': 0}
[66.542288] (-) TimerEvent: {}
[66.642907] (-) TimerEvent: {}
[66.718116] (example_mode_goto_cpp) StdoutLine: {'line': b'[100%] Built target example_mode_goto\n'}
[66.743410] (-) TimerEvent: {}
[66.765248] (example_global_navigation_cpp) JobEnded: {'identifier': 'example_global_navigation_cpp', 'rc': 0}
[66.767079] (example_mode_goto_cpp) CommandEnded: {'returncode': 0}
[66.791956] (example_mode_goto_cpp) JobProgress: {'identifier': 'example_mode_goto_cpp', 'progress': 'install'}
[66.792652] (example_mode_goto_cpp) Command: {'cmd': ['/usr/local/bin/cmake', '--install', '/home/giromi/Repos/VTOL/ws_sensor_combined_src/build/example_mode_goto_cpp'], 'cwd': '/home/giromi/Repos/VTOL/ws_sensor_combined_src/build/example_mode_goto_cpp', 'env': OrderedDict([('LESSOPEN', '| /usr/bin/lesspipe %s'), ('TMUX', '/tmp/tmux-1000/default,4900,2'), ('USER', 'giromi'), ('LC_TIME', 'ko_KR.UTF-8'), ('XDG_SESSION_TYPE', 'x11'), ('SHLVL', '2'), ('LD_LIBRARY_PATH', '/home/giromi/Repos/VTOL/ws_sensor_combined_src/install/px4_ros2_cpp/lib:/home/giromi/Repos/VTOL/ws_sensor_combined_src/install/px4_msgs/lib:/opt/ros/humble/opt/rviz_ogre_vendor/lib:/opt/ros/humble/lib/x86_64-linux-gnu:/opt/ros/humble/lib'), ('HOME', '/home/giromi'), ('OLDPWD', '/home/giromi/Repos/VTOL'), ('TERM_PROGRAM_VERSION', '3.2a'), ('DESKTOP_SESSION', 'ubuntu'), ('NVM_BIN', '/home/giromi/.nvm/versions/node/v20.11.0/bin'), ('NVM_INC', '/home/giromi/.nvm/versions/node/v20.11.0/include/node'), ('ROS_PYTHON_VERSION', '3'), ('GNOME_SHELL_SESSION_MODE', 'ubuntu'), ('GTK_MODULES', 'gail:atk-bridge'), ('PS1', "\\[\\e[01;32m\\]\\u@\\h \\[\\e[34m\\]\\w \\[\\e[1;31m\\]$(git branch 2> /dev/null | sed -e '/^[^*]/d' -e 's/* \\(.*\\)/(\\1)/')\\[\\e[00m\\]$"), ('LC_MONETARY', 'ko_KR.UTF-8'), ('SYSTEMD_EXEC_PID', '2073'), ('DBUS_SESSION_BUS_ADDRESS', 'unix:path=/run/user/1000/bus'), ('COLORTERM', 'truecolor'), ('NVM_DIR', '/home/giromi/.nvm'), ('ROS_DISTRO', 'humble'), ('GTK_IM_MODULE', 'ibus'), ('LOGNAME', 'giromi'), ('_', '/usr/bin/colcon'), ('ROS_VERSION', '2'), ('XDG_SESSION_CLASS', 'user'), ('USERNAME', 'giromi'), ('TERM', 'screen-256color'), ('GNOME_DESKTOP_SESSION_ID', 'this-is-deprecated'), ('ROS_LOCALHOST_ONLY', '0'), ('WINDOWPATH', '2'), ('PATH', '/opt/gcc-arm-none-eabi-9-2020-q2-update/bin:/home/giromi/.local/bin:/home/giromi/.nvm/versions/node/v20.11.0/bin:/opt/ros/humble/bin:/opt/gcc-arm-none-eabi-9-2020-q2-update/bin:/home/giromi/.local/bin:/usr/local/sbin:/usr/local/bin:/usr/sbin:/usr/bin:/sbin:/bin:/usr/games:/usr/local/games:/snap/bin:/snap/bin:/home/giromi/Bashes:/home/giromi/Bashes'), ('SESSION_MANAGER', 'local/ubuntu22:@/tmp/.ICE-unix/2044,unix/ubuntu22:/tmp/.ICE-unix/2044'), ('XDG_MENU_PREFIX', 'gnome-'), ('LC_ADDRESS', 'ko_KR.UTF-8'), ('GNOME_TERMINAL_SCREEN', '/org/gnome/Terminal/screen/7c38761a_019b_4274_8719_b3f2320c43bd'), ('XDG_RUNTIME_DIR', '/run/user/1000'), ('DISPLAY', ':1'), ('LANG', 'en_US.UTF-8'), ('XDG_CURRENT_DESKTOP', 'ubuntu:GNOME'), ('LC_TELEPHONE', 'ko_KR.UTF-8'), ('XMODIFIERS', '@im=ibus'), ('XDG_SESSION_DESKTOP', 'ubuntu'), ('XAUTHORITY', '/run/user/1000/gdm/Xauthority'), ('LS_COLORS', 'rs=0:di=01;34:ln=01;36:mh=00:pi=40;33:so=01;35:do=01;35:bd=40;33;01:cd=40;33;01:or=40;31;01:mi=00:su=37;41:sg=30;43:ca=30;41:tw=30;42:ow=34;42:st=37;44:ex=01;32:*.tar=01;31:*.tgz=01;31:*.arc=01;31:*.arj=01;31:*.taz=01;31:*.lha=01;31:*.lz4=01;31:*.lzh=01;31:*.lzma=01;31:*.tlz=01;31:*.txz=01;31:*.tzo=01;31:*.t7z=01;31:*.zip=01;31:*.z=01;31:*.dz=01;31:*.gz=01;31:*.lrz=01;31:*.lz=01;31:*.lzo=01;31:*.xz=01;31:*.zst=01;31:*.tzst=01;31:*.bz2=01;31:*.bz=01;31:*.tbz=01;31:*.tbz2=01;31:*.tz=01;31:*.deb=01;31:*.rpm=01;31:*.jar=01;31:*.war=01;31:*.ear=01;31:*.sar=01;31:*.rar=01;31:*.alz=01;31:*.ace=01;31:*.zoo=01;31:*.cpio=01;31:*.7z=01;31:*.rz=01;31:*.cab=01;31:*.wim=01;31:*.swm=01;31:*.dwm=01;31:*.esd=01;31:*.jpg=01;35:*.jpeg=01;35:*.mjpg=01;35:*.mjpeg=01;35:*.gif=01;35:*.bmp=01;35:*.pbm=01;35:*.pgm=01;35:*.ppm=01;35:*.tga=01;35:*.xbm=01;35:*.xpm=01;35:*.tif=01;35:*.tiff=01;35:*.png=01;35:*.svg=01;35:*.svgz=01;35:*.mng=01;35:*.pcx=01;35:*.mov=01;35:*.mpg=01;35:*.mpeg=01;35:*.m2v=01;35:*.mkv=01;35:*.webm=01;35:*.webp=01;35:*.ogm=01;35:*.mp4=01;35:*.m4v=01;35:*.mp4v=01;35:*.vob=01;35:*.qt=01;35:*.nuv=01;35:*.wmv=01;35:*.asf=01;35:*.rm=01;35:*.rmvb=01;35:*.flc=01;35:*.avi=01;35:*.fli=01;35:*.flv=01;35:*.gl=01;35:*.dl=01;35:*.xcf=01;35:*.xwd=01;35:*.yuv=01;35:*.cgm=01;35:*.emf=01;35:*.ogv=01;35:*.ogx=01;35:*.aac=00;36:*.au=00;36:*.flac=00;36:*.m4a=00;36:*.mid=00;36:*.midi=00;36:*.mka=00;36:*.mp3=00;36:*.mpc=00;36:*.ogg=00;36:*.ra=00;36:*.wav=00;36:*.oga=00;36:*.opus=00;36:*.spx=00;36:*.xspf=00;36:'), ('GNOME_TERMINAL_SERVICE', ':1.100'), ('TERM_PROGRAM', 'tmux'), ('SSH_AGENT_LAUNCHER', 'gnome-keyring'), ('SSH_AUTH_SOCK', '/run/user/1000/keyring/ssh'), ('AMENT_PREFIX_PATH', '/home/giromi/Repos/VTOL/ws_sensor_combined_src/install/px4_ros2_cpp:/home/giromi/Repos/VTOL/ws_sensor_combined_src/install/px4_msgs:/opt/ros/humble'), ('SHELL', '/bin/bash'), ('LC_NAME', 'ko_KR.UTF-8'), ('QT_ACCESSIBILITY', '1'), ('GDMSESSION', 'ubuntu'), ('LESSCLOSE', '/usr/bin/lesspipe %s %s'), ('LC_MEASUREMENT', 'ko_KR.UTF-8'), ('GPG_AGENT_INFO', '/run/user/1000/gnupg/S.gpg-agent:0:1'), ('LC_IDENTIFICATION', 'ko_KR.UTF-8'), ('QT_IM_MODULE', 'ibus'), ('PWD', '/home/giromi/Repos/VTOL/ws_sensor_combined_src/build/example_mode_goto_cpp'), ('LC_ALL', 'en_US.UTF-8'), ('XDG_CONFIG_DIRS', '/etc/xdg/xdg-ubuntu:/etc/xdg'), ('NVM_CD_FLAGS', ''), ('XDG_DATA_DIRS', '/usr/share/ubuntu:/usr/share/gnome:/usr/local/share/:/usr/share/:/var/lib/snapd/desktop'), ('PYTHONPATH', '/home/giromi/Repos/VTOL/ws_sensor_combined_src/install/px4_msgs/local/lib/python3.10/dist-packages:/opt/ros/humble/lib/python3.10/site-packages:/opt/ros/humble/local/lib/python3.10/dist-packages'), ('LC_NUMERIC', 'ko_KR.UTF-8'), ('TMUX_PLUGIN_MANAGER_PATH', '/home/giromi/.tmux/plugins/'), ('LC_PAPER', 'ko_KR.UTF-8'), ('COLCON', '1'), ('VTE_VERSION', '6800'), ('TMUX_PANE', '%2'), ('CMAKE_PREFIX_PATH', '/home/giromi/Repos/VTOL/ws_sensor_combined_src/install/px4_ros2_cpp:/home/giromi/Repos/VTOL/ws_sensor_combined_src/install/px4_msgs:/opt/ros/humble')]), 'shell': False}
[66.797580] (example_mode_goto_cpp) StdoutLine: {'line': b'-- Install configuration: ""\n'}
[66.798281] (example_mode_goto_cpp) StdoutLine: {'line': b'-- Execute custom install script\n'}
[66.811829] (example_mode_goto_cpp) StdoutLine: {'line': b'-- Up-to-date symlink: /home/giromi/Repos/VTOL/ws_sensor_combined_src/install/example_mode_goto_cpp/lib/example_mode_goto_cpp/example_mode_goto\n'}
[66.812174] (example_mode_goto_cpp) StdoutLine: {'line': b'-- Up-to-date symlink: /home/giromi/Repos/VTOL/ws_sensor_combined_src/install/example_mode_goto_cpp/share/ament_index/resource_index/package_run_dependencies/example_mode_goto_cpp\n'}
[66.816154] (example_mode_goto_cpp) StdoutLine: {'line': b'-- Up-to-date symlink: /home/giromi/Repos/VTOL/ws_sensor_combined_src/install/example_mode_goto_cpp/share/ament_index/resource_index/parent_prefix_path/example_mode_goto_cpp\n'}
[66.816596] (example_mode_goto_cpp) StdoutLine: {'line': b'-- Up-to-date symlink: /home/giromi/Repos/VTOL/ws_sensor_combined_src/install/example_mode_goto_cpp/share/example_mode_goto_cpp/environment/ament_prefix_path.sh\n'}
[66.816902] (example_mode_goto_cpp) StdoutLine: {'line': b'-- Up-to-date symlink: /home/giromi/Repos/VTOL/ws_sensor_combined_src/install/example_mode_goto_cpp/share/example_mode_goto_cpp/environment/ament_prefix_path.dsv\n'}
[66.817393] (example_mode_goto_cpp) StdoutLine: {'line': b'-- Up-to-date symlink: /home/giromi/Repos/VTOL/ws_sensor_combined_src/install/example_mode_goto_cpp/share/example_mode_goto_cpp/environment/path.sh\n'}
[66.817699] (example_mode_goto_cpp) StdoutLine: {'line': b'-- Up-to-date symlink: /home/giromi/Repos/VTOL/ws_sensor_combined_src/install/example_mode_goto_cpp/share/example_mode_goto_cpp/environment/path.dsv\n'}
[66.818153] (example_mode_goto_cpp) StdoutLine: {'line': b'-- Up-to-date symlink: /home/giromi/Repos/VTOL/ws_sensor_combined_src/install/example_mode_goto_cpp/share/example_mode_goto_cpp/local_setup.bash\n'}
[66.818638] (example_mode_goto_cpp) StdoutLine: {'line': b'-- Up-to-date symlink: /home/giromi/Repos/VTOL/ws_sensor_combined_src/install/example_mode_goto_cpp/share/example_mode_goto_cpp/local_setup.sh\n'}
[66.819087] (example_mode_goto_cpp) StdoutLine: {'line': b'-- Up-to-date symlink: /home/giromi/Repos/VTOL/ws_sensor_combined_src/install/example_mode_goto_cpp/share/example_mode_goto_cpp/local_setup.zsh\n'}
[66.819408] (example_mode_goto_cpp) StdoutLine: {'line': b'-- Up-to-date symlink: /home/giromi/Repos/VTOL/ws_sensor_combined_src/install/example_mode_goto_cpp/share/example_mode_goto_cpp/local_setup.dsv\n'}
[66.819648] (example_mode_goto_cpp) StdoutLine: {'line': b'-- Symlinking: /home/giromi/Repos/VTOL/ws_sensor_combined_src/install/example_mode_goto_cpp/share/example_mode_goto_cpp/package.dsv\n'}
[66.825184] (example_mode_goto_cpp) StdoutLine: {'line': b'-- Up-to-date symlink: /home/giromi/Repos/VTOL/ws_sensor_combined_src/install/example_mode_goto_cpp/share/ament_index/resource_index/packages/example_mode_goto_cpp\n'}
[66.825533] (example_mode_goto_cpp) StdoutLine: {'line': b'-- Up-to-date symlink: /home/giromi/Repos/VTOL/ws_sensor_combined_src/install/example_mode_goto_cpp/share/example_mode_goto_cpp/cmake/example_mode_goto_cppConfig.cmake\n'}
[66.825868] (example_mode_goto_cpp) StdoutLine: {'line': b'-- Up-to-date symlink: /home/giromi/Repos/VTOL/ws_sensor_combined_src/install/example_mode_goto_cpp/share/example_mode_goto_cpp/cmake/example_mode_goto_cppConfig-version.cmake\n'}
[66.826217] (example_mode_goto_cpp) StdoutLine: {'line': b'-- Up-to-date symlink: /home/giromi/Repos/VTOL/ws_sensor_combined_src/install/example_mode_goto_cpp/share/example_mode_goto_cpp/package.xml\n'}
[66.827850] (example_mode_goto_cpp) CommandEnded: {'returncode': 0}
[66.843558] (-) TimerEvent: {}
[66.943937] (-) TimerEvent: {}
[67.044445] (-) TimerEvent: {}
[67.072609] (example_mode_goto_cpp) JobEnded: {'identifier': 'example_mode_goto_cpp', 'rc': 0}
[67.144536] (-) TimerEvent: {}
[67.244835] (-) TimerEvent: {}
[67.345159] (-) TimerEvent: {}
[67.445496] (-) TimerEvent: {}
[67.545790] (-) TimerEvent: {}
[67.646126] (-) TimerEvent: {}
[67.746479] (-) TimerEvent: {}
[67.846767] (-) TimerEvent: {}
[67.947133] (-) TimerEvent: {}
[68.047446] (-) TimerEvent: {}
[68.147790] (-) TimerEvent: {}
[68.248155] (-) TimerEvent: {}
[68.348460] (-) TimerEvent: {}
[68.448754] (-) TimerEvent: {}
[68.549034] (-) TimerEvent: {}
[68.649357] (-) TimerEvent: {}
[68.749631] (-) TimerEvent: {}
[68.849993] (-) TimerEvent: {}
[68.950378] (-) TimerEvent: {}
[69.050815] (-) TimerEvent: {}
[69.151170] (-) TimerEvent: {}
[69.251483] (-) TimerEvent: {}
[69.351795] (-) TimerEvent: {}
[69.452098] (-) TimerEvent: {}
[69.552364] (-) TimerEvent: {}
[69.652672] (-) TimerEvent: {}
[69.753024] (-) TimerEvent: {}
[69.853354] (-) TimerEvent: {}
[69.953643] (-) TimerEvent: {}
[70.053993] (-) TimerEvent: {}
[70.154264] (-) TimerEvent: {}
[70.254526] (-) TimerEvent: {}
[70.354844] (-) TimerEvent: {}
[70.455135] (-) TimerEvent: {}
[70.555496] (-) TimerEvent: {}
[70.655886] (-) TimerEvent: {}
[70.756219] (-) TimerEvent: {}
[70.815991] (example_mode_with_executor_cpp) StdoutLine: {'line': b'[100%] \x1b[32m\x1b[1mLinking CXX executable example_mode_with_executor\x1b[0m\n'}
[70.856341] (-) TimerEvent: {}
[70.956677] (-) TimerEvent: {}
[71.057050] (-) TimerEvent: {}
[71.157465] (-) TimerEvent: {}
[71.195871] (example_mode_manual_cpp) StdoutLine: {'line': b'[100%] \x1b[32m\x1b[1mLinking CXX executable example_mode_manual\x1b[0m\n'}
[71.257614] (-) TimerEvent: {}
[71.358041] (-) TimerEvent: {}
[71.458474] (-) TimerEvent: {}
[71.558871] (-) TimerEvent: {}
[71.659266] (-) TimerEvent: {}
[71.759608] (-) TimerEvent: {}
[71.764100] (example_mode_with_executor_cpp) StdoutLine: {'line': b'[100%] Built target example_mode_with_executor\n'}
[71.772068] (example_mode_with_executor_cpp) CommandEnded: {'returncode': 0}
[71.799268] (example_mode_with_executor_cpp) JobProgress: {'identifier': 'example_mode_with_executor_cpp', 'progress': 'install'}
[71.799759] (example_mode_with_executor_cpp) Command: {'cmd': ['/usr/local/bin/cmake', '--install', '/home/giromi/Repos/VTOL/ws_sensor_combined_src/build/example_mode_with_executor_cpp'], 'cwd': '/home/giromi/Repos/VTOL/ws_sensor_combined_src/build/example_mode_with_executor_cpp', 'env': OrderedDict([('LESSOPEN', '| /usr/bin/lesspipe %s'), ('TMUX', '/tmp/tmux-1000/default,4900,2'), ('USER', 'giromi'), ('LC_TIME', 'ko_KR.UTF-8'), ('XDG_SESSION_TYPE', 'x11'), ('SHLVL', '2'), ('LD_LIBRARY_PATH', '/home/giromi/Repos/VTOL/ws_sensor_combined_src/install/px4_ros2_cpp/lib:/home/giromi/Repos/VTOL/ws_sensor_combined_src/install/px4_msgs/lib:/opt/ros/humble/opt/rviz_ogre_vendor/lib:/opt/ros/humble/lib/x86_64-linux-gnu:/opt/ros/humble/lib'), ('HOME', '/home/giromi'), ('OLDPWD', '/home/giromi/Repos/VTOL'), ('TERM_PROGRAM_VERSION', '3.2a'), ('DESKTOP_SESSION', 'ubuntu'), ('NVM_BIN', '/home/giromi/.nvm/versions/node/v20.11.0/bin'), ('NVM_INC', '/home/giromi/.nvm/versions/node/v20.11.0/include/node'), ('ROS_PYTHON_VERSION', '3'), ('GNOME_SHELL_SESSION_MODE', 'ubuntu'), ('GTK_MODULES', 'gail:atk-bridge'), ('PS1', "\\[\\e[01;32m\\]\\u@\\h \\[\\e[34m\\]\\w \\[\\e[1;31m\\]$(git branch 2> /dev/null | sed -e '/^[^*]/d' -e 's/* \\(.*\\)/(\\1)/')\\[\\e[00m\\]$"), ('LC_MONETARY', 'ko_KR.UTF-8'), ('SYSTEMD_EXEC_PID', '2073'), ('DBUS_SESSION_BUS_ADDRESS', 'unix:path=/run/user/1000/bus'), ('COLORTERM', 'truecolor'), ('NVM_DIR', '/home/giromi/.nvm'), ('ROS_DISTRO', 'humble'), ('GTK_IM_MODULE', 'ibus'), ('LOGNAME', 'giromi'), ('_', '/usr/bin/colcon'), ('ROS_VERSION', '2'), ('XDG_SESSION_CLASS', 'user'), ('USERNAME', 'giromi'), ('TERM', 'screen-256color'), ('GNOME_DESKTOP_SESSION_ID', 'this-is-deprecated'), ('ROS_LOCALHOST_ONLY', '0'), ('WINDOWPATH', '2'), ('PATH', '/opt/gcc-arm-none-eabi-9-2020-q2-update/bin:/home/giromi/.local/bin:/home/giromi/.nvm/versions/node/v20.11.0/bin:/opt/ros/humble/bin:/opt/gcc-arm-none-eabi-9-2020-q2-update/bin:/home/giromi/.local/bin:/usr/local/sbin:/usr/local/bin:/usr/sbin:/usr/bin:/sbin:/bin:/usr/games:/usr/local/games:/snap/bin:/snap/bin:/home/giromi/Bashes:/home/giromi/Bashes'), ('SESSION_MANAGER', 'local/ubuntu22:@/tmp/.ICE-unix/2044,unix/ubuntu22:/tmp/.ICE-unix/2044'), ('XDG_MENU_PREFIX', 'gnome-'), ('LC_ADDRESS', 'ko_KR.UTF-8'), ('GNOME_TERMINAL_SCREEN', '/org/gnome/Terminal/screen/7c38761a_019b_4274_8719_b3f2320c43bd'), ('XDG_RUNTIME_DIR', '/run/user/1000'), ('DISPLAY', ':1'), ('LANG', 'en_US.UTF-8'), ('XDG_CURRENT_DESKTOP', 'ubuntu:GNOME'), ('LC_TELEPHONE', 'ko_KR.UTF-8'), ('XMODIFIERS', '@im=ibus'), ('XDG_SESSION_DESKTOP', 'ubuntu'), ('XAUTHORITY', '/run/user/1000/gdm/Xauthority'), ('LS_COLORS', 'rs=0:di=01;34:ln=01;36:mh=00:pi=40;33:so=01;35:do=01;35:bd=40;33;01:cd=40;33;01:or=40;31;01:mi=00:su=37;41:sg=30;43:ca=30;41:tw=30;42:ow=34;42:st=37;44:ex=01;32:*.tar=01;31:*.tgz=01;31:*.arc=01;31:*.arj=01;31:*.taz=01;31:*.lha=01;31:*.lz4=01;31:*.lzh=01;31:*.lzma=01;31:*.tlz=01;31:*.txz=01;31:*.tzo=01;31:*.t7z=01;31:*.zip=01;31:*.z=01;31:*.dz=01;31:*.gz=01;31:*.lrz=01;31:*.lz=01;31:*.lzo=01;31:*.xz=01;31:*.zst=01;31:*.tzst=01;31:*.bz2=01;31:*.bz=01;31:*.tbz=01;31:*.tbz2=01;31:*.tz=01;31:*.deb=01;31:*.rpm=01;31:*.jar=01;31:*.war=01;31:*.ear=01;31:*.sar=01;31:*.rar=01;31:*.alz=01;31:*.ace=01;31:*.zoo=01;31:*.cpio=01;31:*.7z=01;31:*.rz=01;31:*.cab=01;31:*.wim=01;31:*.swm=01;31:*.dwm=01;31:*.esd=01;31:*.jpg=01;35:*.jpeg=01;35:*.mjpg=01;35:*.mjpeg=01;35:*.gif=01;35:*.bmp=01;35:*.pbm=01;35:*.pgm=01;35:*.ppm=01;35:*.tga=01;35:*.xbm=01;35:*.xpm=01;35:*.tif=01;35:*.tiff=01;35:*.png=01;35:*.svg=01;35:*.svgz=01;35:*.mng=01;35:*.pcx=01;35:*.mov=01;35:*.mpg=01;35:*.mpeg=01;35:*.m2v=01;35:*.mkv=01;35:*.webm=01;35:*.webp=01;35:*.ogm=01;35:*.mp4=01;35:*.m4v=01;35:*.mp4v=01;35:*.vob=01;35:*.qt=01;35:*.nuv=01;35:*.wmv=01;35:*.asf=01;35:*.rm=01;35:*.rmvb=01;35:*.flc=01;35:*.avi=01;35:*.fli=01;35:*.flv=01;35:*.gl=01;35:*.dl=01;35:*.xcf=01;35:*.xwd=01;35:*.yuv=01;35:*.cgm=01;35:*.emf=01;35:*.ogv=01;35:*.ogx=01;35:*.aac=00;36:*.au=00;36:*.flac=00;36:*.m4a=00;36:*.mid=00;36:*.midi=00;36:*.mka=00;36:*.mp3=00;36:*.mpc=00;36:*.ogg=00;36:*.ra=00;36:*.wav=00;36:*.oga=00;36:*.opus=00;36:*.spx=00;36:*.xspf=00;36:'), ('GNOME_TERMINAL_SERVICE', ':1.100'), ('TERM_PROGRAM', 'tmux'), ('SSH_AGENT_LAUNCHER', 'gnome-keyring'), ('SSH_AUTH_SOCK', '/run/user/1000/keyring/ssh'), ('AMENT_PREFIX_PATH', '/home/giromi/Repos/VTOL/ws_sensor_combined_src/install/px4_ros2_cpp:/home/giromi/Repos/VTOL/ws_sensor_combined_src/install/px4_msgs:/opt/ros/humble'), ('SHELL', '/bin/bash'), ('LC_NAME', 'ko_KR.UTF-8'), ('QT_ACCESSIBILITY', '1'), ('GDMSESSION', 'ubuntu'), ('LESSCLOSE', '/usr/bin/lesspipe %s %s'), ('LC_MEASUREMENT', 'ko_KR.UTF-8'), ('GPG_AGENT_INFO', '/run/user/1000/gnupg/S.gpg-agent:0:1'), ('LC_IDENTIFICATION', 'ko_KR.UTF-8'), ('QT_IM_MODULE', 'ibus'), ('PWD', '/home/giromi/Repos/VTOL/ws_sensor_combined_src/build/example_mode_with_executor_cpp'), ('LC_ALL', 'en_US.UTF-8'), ('XDG_CONFIG_DIRS', '/etc/xdg/xdg-ubuntu:/etc/xdg'), ('NVM_CD_FLAGS', ''), ('XDG_DATA_DIRS', '/usr/share/ubuntu:/usr/share/gnome:/usr/local/share/:/usr/share/:/var/lib/snapd/desktop'), ('PYTHONPATH', '/home/giromi/Repos/VTOL/ws_sensor_combined_src/install/px4_msgs/local/lib/python3.10/dist-packages:/opt/ros/humble/lib/python3.10/site-packages:/opt/ros/humble/local/lib/python3.10/dist-packages'), ('LC_NUMERIC', 'ko_KR.UTF-8'), ('TMUX_PLUGIN_MANAGER_PATH', '/home/giromi/.tmux/plugins/'), ('LC_PAPER', 'ko_KR.UTF-8'), ('COLCON', '1'), ('VTE_VERSION', '6800'), ('TMUX_PANE', '%2'), ('CMAKE_PREFIX_PATH', '/home/giromi/Repos/VTOL/ws_sensor_combined_src/install/px4_ros2_cpp:/home/giromi/Repos/VTOL/ws_sensor_combined_src/install/px4_msgs:/opt/ros/humble')]), 'shell': False}
[71.805216] (example_mode_with_executor_cpp) StdoutLine: {'line': b'-- Install configuration: ""\n'}
[71.805800] (example_mode_with_executor_cpp) StdoutLine: {'line': b'-- Execute custom install script\n'}
[71.814416] (example_mode_with_executor_cpp) StdoutLine: {'line': b'-- Up-to-date symlink: /home/giromi/Repos/VTOL/ws_sensor_combined_src/install/example_mode_with_executor_cpp/lib/example_mode_with_executor_cpp/example_mode_with_executor\n'}
[71.814775] (example_mode_with_executor_cpp) StdoutLine: {'line': b'-- Up-to-date symlink: /home/giromi/Repos/VTOL/ws_sensor_combined_src/install/example_mode_with_executor_cpp/share/ament_index/resource_index/package_run_dependencies/example_mode_with_executor_cpp\n'}
[71.816499] (example_mode_with_executor_cpp) StdoutLine: {'line': b'-- Up-to-date symlink: /home/giromi/Repos/VTOL/ws_sensor_combined_src/install/example_mode_with_executor_cpp/share/ament_index/resource_index/parent_prefix_path/example_mode_with_executor_cpp\n'}
[71.816836] (example_mode_with_executor_cpp) StdoutLine: {'line': b'-- Up-to-date symlink: /home/giromi/Repos/VTOL/ws_sensor_combined_src/install/example_mode_with_executor_cpp/share/example_mode_with_executor_cpp/environment/ament_prefix_path.sh\n'}
[71.817071] (example_mode_with_executor_cpp) StdoutLine: {'line': b'-- Up-to-date symlink: /home/giromi/Repos/VTOL/ws_sensor_combined_src/install/example_mode_with_executor_cpp/share/example_mode_with_executor_cpp/environment/ament_prefix_path.dsv\n'}
[71.817389] (example_mode_with_executor_cpp) StdoutLine: {'line': b'-- Up-to-date symlink: /home/giromi/Repos/VTOL/ws_sensor_combined_src/install/example_mode_with_executor_cpp/share/example_mode_with_executor_cpp/environment/path.sh\n'}
[71.817592] (example_mode_with_executor_cpp) StdoutLine: {'line': b'-- Up-to-date symlink: /home/giromi/Repos/VTOL/ws_sensor_combined_src/install/example_mode_with_executor_cpp/share/example_mode_with_executor_cpp/environment/path.dsv\n'}
[71.817950] (example_mode_with_executor_cpp) StdoutLine: {'line': b'-- Up-to-date symlink: /home/giromi/Repos/VTOL/ws_sensor_combined_src/install/example_mode_with_executor_cpp/share/example_mode_with_executor_cpp/local_setup.bash\n'}
[71.818398] (example_mode_with_executor_cpp) StdoutLine: {'line': b'-- Up-to-date symlink: /home/giromi/Repos/VTOL/ws_sensor_combined_src/install/example_mode_with_executor_cpp/share/example_mode_with_executor_cpp/local_setup.sh\n'}
[71.818998] (example_mode_with_executor_cpp) StdoutLine: {'line': b'-- Up-to-date symlink: /home/giromi/Repos/VTOL/ws_sensor_combined_src/install/example_mode_with_executor_cpp/share/example_mode_with_executor_cpp/local_setup.zsh\n'}
[71.819214] (example_mode_with_executor_cpp) StdoutLine: {'line': b'-- Up-to-date symlink: /home/giromi/Repos/VTOL/ws_sensor_combined_src/install/example_mode_with_executor_cpp/share/example_mode_with_executor_cpp/local_setup.dsv\n'}
[71.819424] (example_mode_with_executor_cpp) StdoutLine: {'line': b'-- Symlinking: /home/giromi/Repos/VTOL/ws_sensor_combined_src/install/example_mode_with_executor_cpp/share/example_mode_with_executor_cpp/package.dsv\n'}
[71.826065] (example_mode_with_executor_cpp) StdoutLine: {'line': b'-- Up-to-date symlink: /home/giromi/Repos/VTOL/ws_sensor_combined_src/install/example_mode_with_executor_cpp/share/ament_index/resource_index/packages/example_mode_with_executor_cpp\n'}
[71.826555] (example_mode_with_executor_cpp) StdoutLine: {'line': b'-- Up-to-date symlink: /home/giromi/Repos/VTOL/ws_sensor_combined_src/install/example_mode_with_executor_cpp/share/example_mode_with_executor_cpp/cmake/example_mode_with_executor_cppConfig.cmake\n'}
[71.826895] (example_mode_with_executor_cpp) StdoutLine: {'line': b'-- Up-to-date symlink: /home/giromi/Repos/VTOL/ws_sensor_combined_src/install/example_mode_with_executor_cpp/share/example_mode_with_executor_cpp/cmake/example_mode_with_executor_cppConfig-version.cmake\n'}
[71.827571] (example_mode_with_executor_cpp) StdoutLine: {'line': b'-- Up-to-date symlink: /home/giromi/Repos/VTOL/ws_sensor_combined_src/install/example_mode_with_executor_cpp/share/example_mode_with_executor_cpp/package.xml\n'}
[71.829412] (example_mode_with_executor_cpp) CommandEnded: {'returncode': 0}
[71.859738] (-) TimerEvent: {}
[71.960285] (-) TimerEvent: {}
[72.044093] (example_mode_with_executor_cpp) JobEnded: {'identifier': 'example_mode_with_executor_cpp', 'rc': 0}
[72.060453] (-) TimerEvent: {}
[72.160806] (-) TimerEvent: {}
[72.171519] (example_mode_manual_cpp) StdoutLine: {'line': b'[100%] Built target example_mode_manual\n'}
[72.178568] (example_mode_manual_cpp) CommandEnded: {'returncode': 0}
[72.202828] (example_mode_manual_cpp) JobProgress: {'identifier': 'example_mode_manual_cpp', 'progress': 'install'}
[72.203379] (example_mode_manual_cpp) Command: {'cmd': ['/usr/local/bin/cmake', '--install', '/home/giromi/Repos/VTOL/ws_sensor_combined_src/build/example_mode_manual_cpp'], 'cwd': '/home/giromi/Repos/VTOL/ws_sensor_combined_src/build/example_mode_manual_cpp', 'env': OrderedDict([('LESSOPEN', '| /usr/bin/lesspipe %s'), ('TMUX', '/tmp/tmux-1000/default,4900,2'), ('USER', 'giromi'), ('LC_TIME', 'ko_KR.UTF-8'), ('XDG_SESSION_TYPE', 'x11'), ('SHLVL', '2'), ('LD_LIBRARY_PATH', '/home/giromi/Repos/VTOL/ws_sensor_combined_src/install/px4_ros2_cpp/lib:/home/giromi/Repos/VTOL/ws_sensor_combined_src/install/px4_msgs/lib:/opt/ros/humble/opt/rviz_ogre_vendor/lib:/opt/ros/humble/lib/x86_64-linux-gnu:/opt/ros/humble/lib'), ('HOME', '/home/giromi'), ('OLDPWD', '/home/giromi/Repos/VTOL'), ('TERM_PROGRAM_VERSION', '3.2a'), ('DESKTOP_SESSION', 'ubuntu'), ('NVM_BIN', '/home/giromi/.nvm/versions/node/v20.11.0/bin'), ('NVM_INC', '/home/giromi/.nvm/versions/node/v20.11.0/include/node'), ('ROS_PYTHON_VERSION', '3'), ('GNOME_SHELL_SESSION_MODE', 'ubuntu'), ('GTK_MODULES', 'gail:atk-bridge'), ('PS1', "\\[\\e[01;32m\\]\\u@\\h \\[\\e[34m\\]\\w \\[\\e[1;31m\\]$(git branch 2> /dev/null | sed -e '/^[^*]/d' -e 's/* \\(.*\\)/(\\1)/')\\[\\e[00m\\]$"), ('LC_MONETARY', 'ko_KR.UTF-8'), ('SYSTEMD_EXEC_PID', '2073'), ('DBUS_SESSION_BUS_ADDRESS', 'unix:path=/run/user/1000/bus'), ('COLORTERM', 'truecolor'), ('NVM_DIR', '/home/giromi/.nvm'), ('ROS_DISTRO', 'humble'), ('GTK_IM_MODULE', 'ibus'), ('LOGNAME', 'giromi'), ('_', '/usr/bin/colcon'), ('ROS_VERSION', '2'), ('XDG_SESSION_CLASS', 'user'), ('USERNAME', 'giromi'), ('TERM', 'screen-256color'), ('GNOME_DESKTOP_SESSION_ID', 'this-is-deprecated'), ('ROS_LOCALHOST_ONLY', '0'), ('WINDOWPATH', '2'), ('PATH', '/opt/gcc-arm-none-eabi-9-2020-q2-update/bin:/home/giromi/.local/bin:/home/giromi/.nvm/versions/node/v20.11.0/bin:/opt/ros/humble/bin:/opt/gcc-arm-none-eabi-9-2020-q2-update/bin:/home/giromi/.local/bin:/usr/local/sbin:/usr/local/bin:/usr/sbin:/usr/bin:/sbin:/bin:/usr/games:/usr/local/games:/snap/bin:/snap/bin:/home/giromi/Bashes:/home/giromi/Bashes'), ('SESSION_MANAGER', 'local/ubuntu22:@/tmp/.ICE-unix/2044,unix/ubuntu22:/tmp/.ICE-unix/2044'), ('XDG_MENU_PREFIX', 'gnome-'), ('LC_ADDRESS', 'ko_KR.UTF-8'), ('GNOME_TERMINAL_SCREEN', '/org/gnome/Terminal/screen/7c38761a_019b_4274_8719_b3f2320c43bd'), ('XDG_RUNTIME_DIR', '/run/user/1000'), ('DISPLAY', ':1'), ('LANG', 'en_US.UTF-8'), ('XDG_CURRENT_DESKTOP', 'ubuntu:GNOME'), ('LC_TELEPHONE', 'ko_KR.UTF-8'), ('XMODIFIERS', '@im=ibus'), ('XDG_SESSION_DESKTOP', 'ubuntu'), ('XAUTHORITY', '/run/user/1000/gdm/Xauthority'), ('LS_COLORS', 'rs=0:di=01;34:ln=01;36:mh=00:pi=40;33:so=01;35:do=01;35:bd=40;33;01:cd=40;33;01:or=40;31;01:mi=00:su=37;41:sg=30;43:ca=30;41:tw=30;42:ow=34;42:st=37;44:ex=01;32:*.tar=01;31:*.tgz=01;31:*.arc=01;31:*.arj=01;31:*.taz=01;31:*.lha=01;31:*.lz4=01;31:*.lzh=01;31:*.lzma=01;31:*.tlz=01;31:*.txz=01;31:*.tzo=01;31:*.t7z=01;31:*.zip=01;31:*.z=01;31:*.dz=01;31:*.gz=01;31:*.lrz=01;31:*.lz=01;31:*.lzo=01;31:*.xz=01;31:*.zst=01;31:*.tzst=01;31:*.bz2=01;31:*.bz=01;31:*.tbz=01;31:*.tbz2=01;31:*.tz=01;31:*.deb=01;31:*.rpm=01;31:*.jar=01;31:*.war=01;31:*.ear=01;31:*.sar=01;31:*.rar=01;31:*.alz=01;31:*.ace=01;31:*.zoo=01;31:*.cpio=01;31:*.7z=01;31:*.rz=01;31:*.cab=01;31:*.wim=01;31:*.swm=01;31:*.dwm=01;31:*.esd=01;31:*.jpg=01;35:*.jpeg=01;35:*.mjpg=01;35:*.mjpeg=01;35:*.gif=01;35:*.bmp=01;35:*.pbm=01;35:*.pgm=01;35:*.ppm=01;35:*.tga=01;35:*.xbm=01;35:*.xpm=01;35:*.tif=01;35:*.tiff=01;35:*.png=01;35:*.svg=01;35:*.svgz=01;35:*.mng=01;35:*.pcx=01;35:*.mov=01;35:*.mpg=01;35:*.mpeg=01;35:*.m2v=01;35:*.mkv=01;35:*.webm=01;35:*.webp=01;35:*.ogm=01;35:*.mp4=01;35:*.m4v=01;35:*.mp4v=01;35:*.vob=01;35:*.qt=01;35:*.nuv=01;35:*.wmv=01;35:*.asf=01;35:*.rm=01;35:*.rmvb=01;35:*.flc=01;35:*.avi=01;35:*.fli=01;35:*.flv=01;35:*.gl=01;35:*.dl=01;35:*.xcf=01;35:*.xwd=01;35:*.yuv=01;35:*.cgm=01;35:*.emf=01;35:*.ogv=01;35:*.ogx=01;35:*.aac=00;36:*.au=00;36:*.flac=00;36:*.m4a=00;36:*.mid=00;36:*.midi=00;36:*.mka=00;36:*.mp3=00;36:*.mpc=00;36:*.ogg=00;36:*.ra=00;36:*.wav=00;36:*.oga=00;36:*.opus=00;36:*.spx=00;36:*.xspf=00;36:'), ('GNOME_TERMINAL_SERVICE', ':1.100'), ('TERM_PROGRAM', 'tmux'), ('SSH_AGENT_LAUNCHER', 'gnome-keyring'), ('SSH_AUTH_SOCK', '/run/user/1000/keyring/ssh'), ('AMENT_PREFIX_PATH', '/home/giromi/Repos/VTOL/ws_sensor_combined_src/install/px4_ros2_cpp:/home/giromi/Repos/VTOL/ws_sensor_combined_src/install/px4_msgs:/opt/ros/humble'), ('SHELL', '/bin/bash'), ('LC_NAME', 'ko_KR.UTF-8'), ('QT_ACCESSIBILITY', '1'), ('GDMSESSION', 'ubuntu'), ('LESSCLOSE', '/usr/bin/lesspipe %s %s'), ('LC_MEASUREMENT', 'ko_KR.UTF-8'), ('GPG_AGENT_INFO', '/run/user/1000/gnupg/S.gpg-agent:0:1'), ('LC_IDENTIFICATION', 'ko_KR.UTF-8'), ('QT_IM_MODULE', 'ibus'), ('PWD', '/home/giromi/Repos/VTOL/ws_sensor_combined_src/build/example_mode_manual_cpp'), ('LC_ALL', 'en_US.UTF-8'), ('XDG_CONFIG_DIRS', '/etc/xdg/xdg-ubuntu:/etc/xdg'), ('NVM_CD_FLAGS', ''), ('XDG_DATA_DIRS', '/usr/share/ubuntu:/usr/share/gnome:/usr/local/share/:/usr/share/:/var/lib/snapd/desktop'), ('PYTHONPATH', '/home/giromi/Repos/VTOL/ws_sensor_combined_src/install/px4_msgs/local/lib/python3.10/dist-packages:/opt/ros/humble/lib/python3.10/site-packages:/opt/ros/humble/local/lib/python3.10/dist-packages'), ('LC_NUMERIC', 'ko_KR.UTF-8'), ('TMUX_PLUGIN_MANAGER_PATH', '/home/giromi/.tmux/plugins/'), ('LC_PAPER', 'ko_KR.UTF-8'), ('COLCON', '1'), ('VTE_VERSION', '6800'), ('TMUX_PANE', '%2'), ('CMAKE_PREFIX_PATH', '/home/giromi/Repos/VTOL/ws_sensor_combined_src/install/px4_ros2_cpp:/home/giromi/Repos/VTOL/ws_sensor_combined_src/install/px4_msgs:/opt/ros/humble')]), 'shell': False}
[72.208280] (example_mode_manual_cpp) StdoutLine: {'line': b'-- Install configuration: ""\n'}
[72.208767] (example_mode_manual_cpp) StdoutLine: {'line': b'-- Execute custom install script\n'}
[72.209318] (example_mode_manual_cpp) StdoutLine: {'line': b'-- Up-to-date symlink: /home/giromi/Repos/VTOL/ws_sensor_combined_src/install/example_mode_manual_cpp/lib/example_mode_manual_cpp/example_mode_manual\n'}
[72.209671] (example_mode_manual_cpp) StdoutLine: {'line': b'-- Up-to-date symlink: /home/giromi/Repos/VTOL/ws_sensor_combined_src/install/example_mode_manual_cpp/share/ament_index/resource_index/package_run_dependencies/example_mode_manual_cpp\n'}
[72.210050] (example_mode_manual_cpp) StdoutLine: {'line': b'-- Up-to-date symlink: /home/giromi/Repos/VTOL/ws_sensor_combined_src/install/example_mode_manual_cpp/share/ament_index/resource_index/parent_prefix_path/example_mode_manual_cpp\n'}
[72.210360] (example_mode_manual_cpp) StdoutLine: {'line': b'-- Up-to-date symlink: /home/giromi/Repos/VTOL/ws_sensor_combined_src/install/example_mode_manual_cpp/share/example_mode_manual_cpp/environment/ament_prefix_path.sh\n'}
[72.210654] (example_mode_manual_cpp) StdoutLine: {'line': b'-- Up-to-date symlink: /home/giromi/Repos/VTOL/ws_sensor_combined_src/install/example_mode_manual_cpp/share/example_mode_manual_cpp/environment/ament_prefix_path.dsv\n'}
[72.211026] (example_mode_manual_cpp) StdoutLine: {'line': b'-- Up-to-date symlink: /home/giromi/Repos/VTOL/ws_sensor_combined_src/install/example_mode_manual_cpp/share/example_mode_manual_cpp/environment/path.sh\n'}
[72.211249] (example_mode_manual_cpp) StdoutLine: {'line': b'-- Up-to-date symlink: /home/giromi/Repos/VTOL/ws_sensor_combined_src/install/example_mode_manual_cpp/share/example_mode_manual_cpp/environment/path.dsv\n'}
[72.211548] (example_mode_manual_cpp) StdoutLine: {'line': b'-- Up-to-date symlink: /home/giromi/Repos/VTOL/ws_sensor_combined_src/install/example_mode_manual_cpp/share/example_mode_manual_cpp/local_setup.bash\n'}
[72.211873] (example_mode_manual_cpp) StdoutLine: {'line': b'-- Up-to-date symlink: /home/giromi/Repos/VTOL/ws_sensor_combined_src/install/example_mode_manual_cpp/share/example_mode_manual_cpp/local_setup.sh\n'}
[72.212177] (example_mode_manual_cpp) StdoutLine: {'line': b'-- Up-to-date symlink: /home/giromi/Repos/VTOL/ws_sensor_combined_src/install/example_mode_manual_cpp/share/example_mode_manual_cpp/local_setup.zsh\n'}
[72.212398] (example_mode_manual_cpp) StdoutLine: {'line': b'-- Up-to-date symlink: /home/giromi/Repos/VTOL/ws_sensor_combined_src/install/example_mode_manual_cpp/share/example_mode_manual_cpp/local_setup.dsv\n'}
[72.212585] (example_mode_manual_cpp) StdoutLine: {'line': b'-- Symlinking: /home/giromi/Repos/VTOL/ws_sensor_combined_src/install/example_mode_manual_cpp/share/example_mode_manual_cpp/package.dsv\n'}
[72.217339] (example_mode_manual_cpp) StdoutLine: {'line': b'-- Up-to-date symlink: /home/giromi/Repos/VTOL/ws_sensor_combined_src/install/example_mode_manual_cpp/share/ament_index/resource_index/packages/example_mode_manual_cpp\n'}
[72.217618] (example_mode_manual_cpp) StdoutLine: {'line': b'-- Up-to-date symlink: /home/giromi/Repos/VTOL/ws_sensor_combined_src/install/example_mode_manual_cpp/share/example_mode_manual_cpp/cmake/example_mode_manual_cppConfig.cmake\n'}
[72.217934] (example_mode_manual_cpp) StdoutLine: {'line': b'-- Up-to-date symlink: /home/giromi/Repos/VTOL/ws_sensor_combined_src/install/example_mode_manual_cpp/share/example_mode_manual_cpp/cmake/example_mode_manual_cppConfig-version.cmake\n'}
[72.218301] (example_mode_manual_cpp) StdoutLine: {'line': b'-- Up-to-date symlink: /home/giromi/Repos/VTOL/ws_sensor_combined_src/install/example_mode_manual_cpp/share/example_mode_manual_cpp/package.xml\n'}
[72.220160] (example_mode_manual_cpp) CommandEnded: {'returncode': 0}
[72.261037] (-) TimerEvent: {}
[72.362376] (-) TimerEvent: {}
[72.387113] (example_mode_manual_cpp) JobEnded: {'identifier': 'example_mode_manual_cpp', 'rc': 0}
[72.462527] (-) TimerEvent: {}
[72.562956] (-) TimerEvent: {}
[72.663312] (-) TimerEvent: {}
[72.763616] (-) TimerEvent: {}
[72.863935] (-) TimerEvent: {}
[72.964220] (-) TimerEvent: {}
[73.064523] (-) TimerEvent: {}
[73.164837] (-) TimerEvent: {}
[73.265149] (-) TimerEvent: {}
[73.365465] (-) TimerEvent: {}
[73.465802] (-) TimerEvent: {}
[73.566105] (-) TimerEvent: {}
[73.666390] (-) TimerEvent: {}
[73.766719] (-) TimerEvent: {}
[73.867035] (-) TimerEvent: {}
[73.967339] (-) TimerEvent: {}
[74.067640] (-) TimerEvent: {}
[74.168034] (-) TimerEvent: {}
[74.268317] (-) TimerEvent: {}
[74.368638] (-) TimerEvent: {}
[74.468980] (-) TimerEvent: {}
[74.569276] (-) TimerEvent: {}
[74.669559] (-) TimerEvent: {}
[74.769837] (-) TimerEvent: {}
[74.870126] (-) TimerEvent: {}
[74.970383] (-) TimerEvent: {}
[75.070703] (-) TimerEvent: {}
[75.171009] (-) TimerEvent: {}
[75.271337] (-) TimerEvent: {}
[75.371647] (-) TimerEvent: {}
[75.471912] (-) TimerEvent: {}
[75.572172] (-) TimerEvent: {}
[75.672480] (-) TimerEvent: {}
[75.772797] (-) TimerEvent: {}
[75.873096] (-) TimerEvent: {}
[75.973358] (-) TimerEvent: {}
[76.073699] (-) TimerEvent: {}
[76.174010] (-) TimerEvent: {}
[76.274439] (-) TimerEvent: {}
[76.375157] (-) TimerEvent: {}
[76.475504] (-) TimerEvent: {}
[76.575891] (-) TimerEvent: {}
[76.676169] (-) TimerEvent: {}
[76.776487] (-) TimerEvent: {}
[76.876833] (-) TimerEvent: {}
[76.894774] (example_mode_rtl_replacement_cpp) StdoutLine: {'line': b'[100%] \x1b[32m\x1b[1mLinking CXX executable example_mode_rtl\x1b[0m\n'}
[76.976949] (-) TimerEvent: {}
[77.077266] (-) TimerEvent: {}
[77.177631] (-) TimerEvent: {}
[77.277965] (-) TimerEvent: {}
[77.378336] (-) TimerEvent: {}
[77.478681] (-) TimerEvent: {}
[77.579009] (-) TimerEvent: {}
[77.679301] (-) TimerEvent: {}
[77.779598] (-) TimerEvent: {}
[77.879920] (-) TimerEvent: {}
[77.923529] (example_mode_rtl_replacement_cpp) StdoutLine: {'line': b'[100%] Built target example_mode_rtl\n'}
[77.929796] (example_mode_rtl_replacement_cpp) CommandEnded: {'returncode': 0}
[77.951735] (example_mode_rtl_replacement_cpp) JobProgress: {'identifier': 'example_mode_rtl_replacement_cpp', 'progress': 'install'}
[77.952555] (example_mode_rtl_replacement_cpp) Command: {'cmd': ['/usr/local/bin/cmake', '--install', '/home/giromi/Repos/VTOL/ws_sensor_combined_src/build/example_mode_rtl_replacement_cpp'], 'cwd': '/home/giromi/Repos/VTOL/ws_sensor_combined_src/build/example_mode_rtl_replacement_cpp', 'env': OrderedDict([('LESSOPEN', '| /usr/bin/lesspipe %s'), ('TMUX', '/tmp/tmux-1000/default,4900,2'), ('USER', 'giromi'), ('LC_TIME', 'ko_KR.UTF-8'), ('XDG_SESSION_TYPE', 'x11'), ('SHLVL', '2'), ('LD_LIBRARY_PATH', '/home/giromi/Repos/VTOL/ws_sensor_combined_src/install/px4_ros2_cpp/lib:/home/giromi/Repos/VTOL/ws_sensor_combined_src/install/px4_msgs/lib:/opt/ros/humble/opt/rviz_ogre_vendor/lib:/opt/ros/humble/lib/x86_64-linux-gnu:/opt/ros/humble/lib'), ('HOME', '/home/giromi'), ('OLDPWD', '/home/giromi/Repos/VTOL'), ('TERM_PROGRAM_VERSION', '3.2a'), ('DESKTOP_SESSION', 'ubuntu'), ('NVM_BIN', '/home/giromi/.nvm/versions/node/v20.11.0/bin'), ('NVM_INC', '/home/giromi/.nvm/versions/node/v20.11.0/include/node'), ('ROS_PYTHON_VERSION', '3'), ('GNOME_SHELL_SESSION_MODE', 'ubuntu'), ('GTK_MODULES', 'gail:atk-bridge'), ('PS1', "\\[\\e[01;32m\\]\\u@\\h \\[\\e[34m\\]\\w \\[\\e[1;31m\\]$(git branch 2> /dev/null | sed -e '/^[^*]/d' -e 's/* \\(.*\\)/(\\1)/')\\[\\e[00m\\]$"), ('LC_MONETARY', 'ko_KR.UTF-8'), ('SYSTEMD_EXEC_PID', '2073'), ('DBUS_SESSION_BUS_ADDRESS', 'unix:path=/run/user/1000/bus'), ('COLORTERM', 'truecolor'), ('NVM_DIR', '/home/giromi/.nvm'), ('ROS_DISTRO', 'humble'), ('GTK_IM_MODULE', 'ibus'), ('LOGNAME', 'giromi'), ('_', '/usr/bin/colcon'), ('ROS_VERSION', '2'), ('XDG_SESSION_CLASS', 'user'), ('USERNAME', 'giromi'), ('TERM', 'screen-256color'), ('GNOME_DESKTOP_SESSION_ID', 'this-is-deprecated'), ('ROS_LOCALHOST_ONLY', '0'), ('WINDOWPATH', '2'), ('PATH', '/opt/gcc-arm-none-eabi-9-2020-q2-update/bin:/home/giromi/.local/bin:/home/giromi/.nvm/versions/node/v20.11.0/bin:/opt/ros/humble/bin:/opt/gcc-arm-none-eabi-9-2020-q2-update/bin:/home/giromi/.local/bin:/usr/local/sbin:/usr/local/bin:/usr/sbin:/usr/bin:/sbin:/bin:/usr/games:/usr/local/games:/snap/bin:/snap/bin:/home/giromi/Bashes:/home/giromi/Bashes'), ('SESSION_MANAGER', 'local/ubuntu22:@/tmp/.ICE-unix/2044,unix/ubuntu22:/tmp/.ICE-unix/2044'), ('XDG_MENU_PREFIX', 'gnome-'), ('LC_ADDRESS', 'ko_KR.UTF-8'), ('GNOME_TERMINAL_SCREEN', '/org/gnome/Terminal/screen/7c38761a_019b_4274_8719_b3f2320c43bd'), ('XDG_RUNTIME_DIR', '/run/user/1000'), ('DISPLAY', ':1'), ('LANG', 'en_US.UTF-8'), ('XDG_CURRENT_DESKTOP', 'ubuntu:GNOME'), ('LC_TELEPHONE', 'ko_KR.UTF-8'), ('XMODIFIERS', '@im=ibus'), ('XDG_SESSION_DESKTOP', 'ubuntu'), ('XAUTHORITY', '/run/user/1000/gdm/Xauthority'), ('LS_COLORS', 'rs=0:di=01;34:ln=01;36:mh=00:pi=40;33:so=01;35:do=01;35:bd=40;33;01:cd=40;33;01:or=40;31;01:mi=00:su=37;41:sg=30;43:ca=30;41:tw=30;42:ow=34;42:st=37;44:ex=01;32:*.tar=01;31:*.tgz=01;31:*.arc=01;31:*.arj=01;31:*.taz=01;31:*.lha=01;31:*.lz4=01;31:*.lzh=01;31:*.lzma=01;31:*.tlz=01;31:*.txz=01;31:*.tzo=01;31:*.t7z=01;31:*.zip=01;31:*.z=01;31:*.dz=01;31:*.gz=01;31:*.lrz=01;31:*.lz=01;31:*.lzo=01;31:*.xz=01;31:*.zst=01;31:*.tzst=01;31:*.bz2=01;31:*.bz=01;31:*.tbz=01;31:*.tbz2=01;31:*.tz=01;31:*.deb=01;31:*.rpm=01;31:*.jar=01;31:*.war=01;31:*.ear=01;31:*.sar=01;31:*.rar=01;31:*.alz=01;31:*.ace=01;31:*.zoo=01;31:*.cpio=01;31:*.7z=01;31:*.rz=01;31:*.cab=01;31:*.wim=01;31:*.swm=01;31:*.dwm=01;31:*.esd=01;31:*.jpg=01;35:*.jpeg=01;35:*.mjpg=01;35:*.mjpeg=01;35:*.gif=01;35:*.bmp=01;35:*.pbm=01;35:*.pgm=01;35:*.ppm=01;35:*.tga=01;35:*.xbm=01;35:*.xpm=01;35:*.tif=01;35:*.tiff=01;35:*.png=01;35:*.svg=01;35:*.svgz=01;35:*.mng=01;35:*.pcx=01;35:*.mov=01;35:*.mpg=01;35:*.mpeg=01;35:*.m2v=01;35:*.mkv=01;35:*.webm=01;35:*.webp=01;35:*.ogm=01;35:*.mp4=01;35:*.m4v=01;35:*.mp4v=01;35:*.vob=01;35:*.qt=01;35:*.nuv=01;35:*.wmv=01;35:*.asf=01;35:*.rm=01;35:*.rmvb=01;35:*.flc=01;35:*.avi=01;35:*.fli=01;35:*.flv=01;35:*.gl=01;35:*.dl=01;35:*.xcf=01;35:*.xwd=01;35:*.yuv=01;35:*.cgm=01;35:*.emf=01;35:*.ogv=01;35:*.ogx=01;35:*.aac=00;36:*.au=00;36:*.flac=00;36:*.m4a=00;36:*.mid=00;36:*.midi=00;36:*.mka=00;36:*.mp3=00;36:*.mpc=00;36:*.ogg=00;36:*.ra=00;36:*.wav=00;36:*.oga=00;36:*.opus=00;36:*.spx=00;36:*.xspf=00;36:'), ('GNOME_TERMINAL_SERVICE', ':1.100'), ('TERM_PROGRAM', 'tmux'), ('SSH_AGENT_LAUNCHER', 'gnome-keyring'), ('SSH_AUTH_SOCK', '/run/user/1000/keyring/ssh'), ('AMENT_PREFIX_PATH', '/home/giromi/Repos/VTOL/ws_sensor_combined_src/install/px4_ros2_cpp:/home/giromi/Repos/VTOL/ws_sensor_combined_src/install/px4_msgs:/opt/ros/humble'), ('SHELL', '/bin/bash'), ('LC_NAME', 'ko_KR.UTF-8'), ('QT_ACCESSIBILITY', '1'), ('GDMSESSION', 'ubuntu'), ('LESSCLOSE', '/usr/bin/lesspipe %s %s'), ('LC_MEASUREMENT', 'ko_KR.UTF-8'), ('GPG_AGENT_INFO', '/run/user/1000/gnupg/S.gpg-agent:0:1'), ('LC_IDENTIFICATION', 'ko_KR.UTF-8'), ('QT_IM_MODULE', 'ibus'), ('PWD', '/home/giromi/Repos/VTOL/ws_sensor_combined_src/build/example_mode_rtl_replacement_cpp'), ('LC_ALL', 'en_US.UTF-8'), ('XDG_CONFIG_DIRS', '/etc/xdg/xdg-ubuntu:/etc/xdg'), ('NVM_CD_FLAGS', ''), ('XDG_DATA_DIRS', '/usr/share/ubuntu:/usr/share/gnome:/usr/local/share/:/usr/share/:/var/lib/snapd/desktop'), ('PYTHONPATH', '/home/giromi/Repos/VTOL/ws_sensor_combined_src/install/px4_msgs/local/lib/python3.10/dist-packages:/opt/ros/humble/lib/python3.10/site-packages:/opt/ros/humble/local/lib/python3.10/dist-packages'), ('LC_NUMERIC', 'ko_KR.UTF-8'), ('TMUX_PLUGIN_MANAGER_PATH', '/home/giromi/.tmux/plugins/'), ('LC_PAPER', 'ko_KR.UTF-8'), ('COLCON', '1'), ('VTE_VERSION', '6800'), ('TMUX_PANE', '%2'), ('CMAKE_PREFIX_PATH', '/home/giromi/Repos/VTOL/ws_sensor_combined_src/install/px4_ros2_cpp:/home/giromi/Repos/VTOL/ws_sensor_combined_src/install/px4_msgs:/opt/ros/humble')]), 'shell': False}
[77.956351] (example_mode_rtl_replacement_cpp) StdoutLine: {'line': b'-- Install configuration: ""\n'}
[77.956893] (example_mode_rtl_replacement_cpp) StdoutLine: {'line': b'-- Execute custom install script\n'}
[77.967540] (example_mode_rtl_replacement_cpp) StdoutLine: {'line': b'-- Up-to-date symlink: /home/giromi/Repos/VTOL/ws_sensor_combined_src/install/example_mode_rtl_replacement_cpp/lib/example_mode_rtl_replacement_cpp/example_mode_rtl\n'}
[77.968005] (example_mode_rtl_replacement_cpp) StdoutLine: {'line': b'-- Up-to-date symlink: /home/giromi/Repos/VTOL/ws_sensor_combined_src/install/example_mode_rtl_replacement_cpp/share/ament_index/resource_index/package_run_dependencies/example_mode_rtl_replacement_cpp\n'}
[77.968496] (example_mode_rtl_replacement_cpp) StdoutLine: {'line': b'-- Up-to-date symlink: /home/giromi/Repos/VTOL/ws_sensor_combined_src/install/example_mode_rtl_replacement_cpp/share/ament_index/resource_index/parent_prefix_path/example_mode_rtl_replacement_cpp\n'}
[77.968932] (example_mode_rtl_replacement_cpp) StdoutLine: {'line': b'-- Up-to-date symlink: /home/giromi/Repos/VTOL/ws_sensor_combined_src/install/example_mode_rtl_replacement_cpp/share/example_mode_rtl_replacement_cpp/environment/ament_prefix_path.sh\n'}
[77.969198] (example_mode_rtl_replacement_cpp) StdoutLine: {'line': b'-- Up-to-date symlink: /home/giromi/Repos/VTOL/ws_sensor_combined_src/install/example_mode_rtl_replacement_cpp/share/example_mode_rtl_replacement_cpp/environment/ament_prefix_path.dsv\n'}
[77.969562] (example_mode_rtl_replacement_cpp) StdoutLine: {'line': b'-- Up-to-date symlink: /home/giromi/Repos/VTOL/ws_sensor_combined_src/install/example_mode_rtl_replacement_cpp/share/example_mode_rtl_replacement_cpp/environment/path.sh\n'}
[77.969758] (example_mode_rtl_replacement_cpp) StdoutLine: {'line': b'-- Up-to-date symlink: /home/giromi/Repos/VTOL/ws_sensor_combined_src/install/example_mode_rtl_replacement_cpp/share/example_mode_rtl_replacement_cpp/environment/path.dsv\n'}
[77.970057] (example_mode_rtl_replacement_cpp) StdoutLine: {'line': b'-- Up-to-date symlink: /home/giromi/Repos/VTOL/ws_sensor_combined_src/install/example_mode_rtl_replacement_cpp/share/example_mode_rtl_replacement_cpp/local_setup.bash\n'}
[77.970358] (example_mode_rtl_replacement_cpp) StdoutLine: {'line': b'-- Up-to-date symlink: /home/giromi/Repos/VTOL/ws_sensor_combined_src/install/example_mode_rtl_replacement_cpp/share/example_mode_rtl_replacement_cpp/local_setup.sh\n'}
[77.970875] (example_mode_rtl_replacement_cpp) StdoutLine: {'line': b'-- Up-to-date symlink: /home/giromi/Repos/VTOL/ws_sensor_combined_src/install/example_mode_rtl_replacement_cpp/share/example_mode_rtl_replacement_cpp/local_setup.zsh\n'}
[77.971092] (example_mode_rtl_replacement_cpp) StdoutLine: {'line': b'-- Up-to-date symlink: /home/giromi/Repos/VTOL/ws_sensor_combined_src/install/example_mode_rtl_replacement_cpp/share/example_mode_rtl_replacement_cpp/local_setup.dsv\n'}
[77.971270] (example_mode_rtl_replacement_cpp) StdoutLine: {'line': b'-- Symlinking: /home/giromi/Repos/VTOL/ws_sensor_combined_src/install/example_mode_rtl_replacement_cpp/share/example_mode_rtl_replacement_cpp/package.dsv\n'}
[77.975963] (example_mode_rtl_replacement_cpp) StdoutLine: {'line': b'-- Up-to-date symlink: /home/giromi/Repos/VTOL/ws_sensor_combined_src/install/example_mode_rtl_replacement_cpp/share/ament_index/resource_index/packages/example_mode_rtl_replacement_cpp\n'}
[77.976321] (example_mode_rtl_replacement_cpp) StdoutLine: {'line': b'-- Up-to-date symlink: /home/giromi/Repos/VTOL/ws_sensor_combined_src/install/example_mode_rtl_replacement_cpp/share/example_mode_rtl_replacement_cpp/cmake/example_mode_rtl_replacement_cppConfig.cmake\n'}
[77.976598] (example_mode_rtl_replacement_cpp) StdoutLine: {'line': b'-- Up-to-date symlink: /home/giromi/Repos/VTOL/ws_sensor_combined_src/install/example_mode_rtl_replacement_cpp/share/example_mode_rtl_replacement_cpp/cmake/example_mode_rtl_replacement_cppConfig-version.cmake\n'}
[77.976933] (example_mode_rtl_replacement_cpp) StdoutLine: {'line': b'-- Up-to-date symlink: /home/giromi/Repos/VTOL/ws_sensor_combined_src/install/example_mode_rtl_replacement_cpp/share/example_mode_rtl_replacement_cpp/package.xml\n'}
[77.978247] (example_mode_rtl_replacement_cpp) CommandEnded: {'returncode': 0}
[77.980050] (-) TimerEvent: {}
[78.080332] (-) TimerEvent: {}
[78.142501] (example_mode_rtl_replacement_cpp) JobEnded: {'identifier': 'example_mode_rtl_replacement_cpp', 'rc': 0}
[78.143493] (-) EventReactorShutdown: {}
