[1.674s] DEBUG:colcon:Command line arguments: ['/usr/bin/colcon', 'build']
[1.674s] DEBUG:colcon:Parsed command line arguments: Namespace(log_base=None, log_level=None, verb_name='build', build_base='build', install_base='install', merge_install=False, symlink_install=False, test_result_base=None, continue_on_error=False, executor='parallel', parallel_workers=8, event_handlers=None, ignore_user_meta=False, metas=['./colcon.meta'], base_paths=['.'], packages_ignore=None, packages_ignore_regex=None, paths=None, packages_up_to=None, packages_up_to_regex=None, packages_above=None, packages_above_and_dependencies=None, packages_above_depth=None, packages_select_by_dep=None, packages_skip_by_dep=None, packages_skip_up_to=None, packages_select_build_failed=False, packages_skip_build_finished=False, packages_select_test_failures=False, packages_skip_test_passed=False, packages_select=None, packages_skip=None, packages_select_regex=None, packages_skip_regex=None, packages_start=None, packages_end=None, allow_overriding=[], cmake_args=None, cmake_target=None, cmake_target_skip_unavailable=False, cmake_clean_cache=False, cmake_clean_first=False, cmake_force_configure=False, ament_cmake_args=None, catkin_cmake_args=None, catkin_skip_building_tests=False, verb_parser=<colcon_defaults.argument_parser.defaults.DefaultArgumentsDecorator object at 0x7f0ad24281c0>, verb_extension=<colcon_core.verb.build.BuildVerb object at 0x7f0ad2dfb850>, main=<bound method BuildVerb.main of <colcon_core.verb.build.BuildVerb object at 0x7f0ad2dfb850>>)
[1.765s] Level 1:colcon.colcon_core.package_discovery:discover_packages(colcon_meta) check parameters
[1.766s] Level 1:colcon.colcon_core.package_discovery:discover_packages(recursive) check parameters
[1.766s] Level 1:colcon.colcon_core.package_discovery:discover_packages(ignore) check parameters
[1.766s] Level 1:colcon.colcon_core.package_discovery:discover_packages(path) check parameters
[1.766s] Level 1:colcon.colcon_core.package_discovery:discover_packages(colcon_meta) discover
[1.766s] Level 1:colcon.colcon_core.package_discovery:discover_packages(recursive) discover
[1.766s] INFO:colcon.colcon_core.package_discovery:Crawling recursively for packages in '/home/giromi/Repos/ws_sensor_combined_src'
[1.767s] Level 1:colcon.colcon_core.package_identification:_identify(.) by extensions ['ignore', 'ignore_ament_install']
[1.767s] Level 1:colcon.colcon_core.package_identification:_identify(.) by extension 'ignore'
[1.767s] Level 1:colcon.colcon_core.package_identification:_identify(.) by extension 'ignore_ament_install'
[1.767s] Level 1:colcon.colcon_core.package_identification:_identify(.) by extensions ['colcon_pkg']
[1.767s] Level 1:colcon.colcon_core.package_identification:_identify(.) by extension 'colcon_pkg'
[1.767s] Level 1:colcon.colcon_core.package_identification:_identify(.) by extensions ['colcon_meta']
[1.767s] Level 1:colcon.colcon_core.package_identification:_identify(.) by extension 'colcon_meta'
[1.767s] Level 1:colcon.colcon_core.package_identification:_identify(.) by extensions ['ros']
[1.767s] Level 1:colcon.colcon_core.package_identification:_identify(.) by extension 'ros'
[1.795s] Level 1:colcon.colcon_core.package_identification:_identify(.) by extensions ['cmake', 'python']
[1.795s] Level 1:colcon.colcon_core.package_identification:_identify(.) by extension 'cmake'
[1.795s] Level 1:colcon.colcon_core.package_identification:_identify(.) by extension 'python'
[1.795s] Level 1:colcon.colcon_core.package_identification:_identify(.) by extensions ['python_setup_py']
[1.795s] Level 1:colcon.colcon_core.package_identification:_identify(.) by extension 'python_setup_py'
[1.795s] Level 1:colcon.colcon_core.package_identification:_identify(build) by extensions ['ignore', 'ignore_ament_install']
[1.795s] Level 1:colcon.colcon_core.package_identification:_identify(build) by extension 'ignore'
[1.795s] Level 1:colcon.colcon_core.package_identification:_identify(build) ignored
[1.795s] Level 1:colcon.colcon_core.package_identification:_identify(install) by extensions ['ignore', 'ignore_ament_install']
[1.795s] Level 1:colcon.colcon_core.package_identification:_identify(install) by extension 'ignore'
[1.795s] Level 1:colcon.colcon_core.package_identification:_identify(install) ignored
[1.796s] Level 1:colcon.colcon_core.package_identification:_identify(log) by extensions ['ignore', 'ignore_ament_install']
[1.796s] Level 1:colcon.colcon_core.package_identification:_identify(log) by extension 'ignore'
[1.796s] Level 1:colcon.colcon_core.package_identification:_identify(log) ignored
[1.796s] Level 1:colcon.colcon_core.package_identification:_identify(src) by extensions ['ignore', 'ignore_ament_install']
[1.796s] Level 1:colcon.colcon_core.package_identification:_identify(src) by extension 'ignore'
[1.796s] Level 1:colcon.colcon_core.package_identification:_identify(src) by extension 'ignore_ament_install'
[1.796s] Level 1:colcon.colcon_core.package_identification:_identify(src) by extensions ['colcon_pkg']
[1.796s] Level 1:colcon.colcon_core.package_identification:_identify(src) by extension 'colcon_pkg'
[1.796s] Level 1:colcon.colcon_core.package_identification:_identify(src) by extensions ['colcon_meta']
[1.796s] Level 1:colcon.colcon_core.package_identification:_identify(src) by extension 'colcon_meta'
[1.796s] Level 1:colcon.colcon_core.package_identification:_identify(src) by extensions ['ros']
[1.796s] Level 1:colcon.colcon_core.package_identification:_identify(src) by extension 'ros'
[1.796s] Level 1:colcon.colcon_core.package_identification:_identify(src) by extensions ['cmake', 'python']
[1.796s] Level 1:colcon.colcon_core.package_identification:_identify(src) by extension 'cmake'
[1.796s] Level 1:colcon.colcon_core.package_identification:_identify(src) by extension 'python'
[1.796s] Level 1:colcon.colcon_core.package_identification:_identify(src) by extensions ['python_setup_py']
[1.796s] Level 1:colcon.colcon_core.package_identification:_identify(src) by extension 'python_setup_py'
[1.796s] Level 1:colcon.colcon_core.package_identification:_identify(src/px4-ros2-interface-lib) by extensions ['ignore', 'ignore_ament_install']
[1.797s] Level 1:colcon.colcon_core.package_identification:_identify(src/px4-ros2-interface-lib) by extension 'ignore'
[1.797s] Level 1:colcon.colcon_core.package_identification:_identify(src/px4-ros2-interface-lib) by extension 'ignore_ament_install'
[1.797s] Level 1:colcon.colcon_core.package_identification:_identify(src/px4-ros2-interface-lib) by extensions ['colcon_pkg']
[1.797s] Level 1:colcon.colcon_core.package_identification:_identify(src/px4-ros2-interface-lib) by extension 'colcon_pkg'
[1.797s] Level 1:colcon.colcon_core.package_identification:_identify(src/px4-ros2-interface-lib) by extensions ['colcon_meta']
[1.797s] Level 1:colcon.colcon_core.package_identification:_identify(src/px4-ros2-interface-lib) by extension 'colcon_meta'
[1.797s] Level 1:colcon.colcon_core.package_identification:_identify(src/px4-ros2-interface-lib) by extensions ['ros']
[1.797s] Level 1:colcon.colcon_core.package_identification:_identify(src/px4-ros2-interface-lib) by extension 'ros'
[1.797s] Level 1:colcon.colcon_core.package_identification:_identify(src/px4-ros2-interface-lib) by extensions ['cmake', 'python']
[1.797s] Level 1:colcon.colcon_core.package_identification:_identify(src/px4-ros2-interface-lib) by extension 'cmake'
[1.797s] Level 1:colcon.colcon_core.package_identification:_identify(src/px4-ros2-interface-lib) by extension 'python'
[1.797s] Level 1:colcon.colcon_core.package_identification:_identify(src/px4-ros2-interface-lib) by extensions ['python_setup_py']
[1.797s] Level 1:colcon.colcon_core.package_identification:_identify(src/px4-ros2-interface-lib) by extension 'python_setup_py'
[1.797s] Level 1:colcon.colcon_core.package_identification:_identify(src/px4-ros2-interface-lib/examples) by extensions ['ignore', 'ignore_ament_install']
[1.798s] Level 1:colcon.colcon_core.package_identification:_identify(src/px4-ros2-interface-lib/examples) by extension 'ignore'
[1.798s] Level 1:colcon.colcon_core.package_identification:_identify(src/px4-ros2-interface-lib/examples) by extension 'ignore_ament_install'
[1.798s] Level 1:colcon.colcon_core.package_identification:_identify(src/px4-ros2-interface-lib/examples) by extensions ['colcon_pkg']
[1.798s] Level 1:colcon.colcon_core.package_identification:_identify(src/px4-ros2-interface-lib/examples) by extension 'colcon_pkg'
[1.798s] Level 1:colcon.colcon_core.package_identification:_identify(src/px4-ros2-interface-lib/examples) by extensions ['colcon_meta']
[1.798s] Level 1:colcon.colcon_core.package_identification:_identify(src/px4-ros2-interface-lib/examples) by extension 'colcon_meta'
[1.798s] Level 1:colcon.colcon_core.package_identification:_identify(src/px4-ros2-interface-lib/examples) by extensions ['ros']
[1.798s] Level 1:colcon.colcon_core.package_identification:_identify(src/px4-ros2-interface-lib/examples) by extension 'ros'
[1.798s] Level 1:colcon.colcon_core.package_identification:_identify(src/px4-ros2-interface-lib/examples) by extensions ['cmake', 'python']
[1.798s] Level 1:colcon.colcon_core.package_identification:_identify(src/px4-ros2-interface-lib/examples) by extension 'cmake'
[1.798s] Level 1:colcon.colcon_core.package_identification:_identify(src/px4-ros2-interface-lib/examples) by extension 'python'
[1.799s] Level 1:colcon.colcon_core.package_identification:_identify(src/px4-ros2-interface-lib/examples) by extensions ['python_setup_py']
[1.799s] Level 1:colcon.colcon_core.package_identification:_identify(src/px4-ros2-interface-lib/examples) by extension 'python_setup_py'
[1.799s] Level 1:colcon.colcon_core.package_identification:_identify(src/px4-ros2-interface-lib/examples/cpp) by extensions ['ignore', 'ignore_ament_install']
[1.799s] Level 1:colcon.colcon_core.package_identification:_identify(src/px4-ros2-interface-lib/examples/cpp) by extension 'ignore'
[1.799s] Level 1:colcon.colcon_core.package_identification:_identify(src/px4-ros2-interface-lib/examples/cpp) by extension 'ignore_ament_install'
[1.799s] Level 1:colcon.colcon_core.package_identification:_identify(src/px4-ros2-interface-lib/examples/cpp) by extensions ['colcon_pkg']
[1.799s] Level 1:colcon.colcon_core.package_identification:_identify(src/px4-ros2-interface-lib/examples/cpp) by extension 'colcon_pkg'
[1.799s] Level 1:colcon.colcon_core.package_identification:_identify(src/px4-ros2-interface-lib/examples/cpp) by extensions ['colcon_meta']
[1.799s] Level 1:colcon.colcon_core.package_identification:_identify(src/px4-ros2-interface-lib/examples/cpp) by extension 'colcon_meta'
[1.799s] Level 1:colcon.colcon_core.package_identification:_identify(src/px4-ros2-interface-lib/examples/cpp) by extensions ['ros']
[1.799s] Level 1:colcon.colcon_core.package_identification:_identify(src/px4-ros2-interface-lib/examples/cpp) by extension 'ros'
[1.799s] Level 1:colcon.colcon_core.package_identification:_identify(src/px4-ros2-interface-lib/examples/cpp) by extensions ['cmake', 'python']
[1.799s] Level 1:colcon.colcon_core.package_identification:_identify(src/px4-ros2-interface-lib/examples/cpp) by extension 'cmake'
[1.799s] Level 1:colcon.colcon_core.package_identification:_identify(src/px4-ros2-interface-lib/examples/cpp) by extension 'python'
[1.799s] Level 1:colcon.colcon_core.package_identification:_identify(src/px4-ros2-interface-lib/examples/cpp) by extensions ['python_setup_py']
[1.799s] Level 1:colcon.colcon_core.package_identification:_identify(src/px4-ros2-interface-lib/examples/cpp) by extension 'python_setup_py'
[1.799s] Level 1:colcon.colcon_core.package_identification:_identify(src/px4-ros2-interface-lib/examples/cpp/modes) by extensions ['ignore', 'ignore_ament_install']
[1.800s] Level 1:colcon.colcon_core.package_identification:_identify(src/px4-ros2-interface-lib/examples/cpp/modes) by extension 'ignore'
[1.800s] Level 1:colcon.colcon_core.package_identification:_identify(src/px4-ros2-interface-lib/examples/cpp/modes) by extension 'ignore_ament_install'
[1.800s] Level 1:colcon.colcon_core.package_identification:_identify(src/px4-ros2-interface-lib/examples/cpp/modes) by extensions ['colcon_pkg']
[1.800s] Level 1:colcon.colcon_core.package_identification:_identify(src/px4-ros2-interface-lib/examples/cpp/modes) by extension 'colcon_pkg'
[1.800s] Level 1:colcon.colcon_core.package_identification:_identify(src/px4-ros2-interface-lib/examples/cpp/modes) by extensions ['colcon_meta']
[1.800s] Level 1:colcon.colcon_core.package_identification:_identify(src/px4-ros2-interface-lib/examples/cpp/modes) by extension 'colcon_meta'
[1.800s] Level 1:colcon.colcon_core.package_identification:_identify(src/px4-ros2-interface-lib/examples/cpp/modes) by extensions ['ros']
[1.800s] Level 1:colcon.colcon_core.package_identification:_identify(src/px4-ros2-interface-lib/examples/cpp/modes) by extension 'ros'
[1.800s] Level 1:colcon.colcon_core.package_identification:_identify(src/px4-ros2-interface-lib/examples/cpp/modes) by extensions ['cmake', 'python']
[1.800s] Level 1:colcon.colcon_core.package_identification:_identify(src/px4-ros2-interface-lib/examples/cpp/modes) by extension 'cmake'
[1.800s] Level 1:colcon.colcon_core.package_identification:_identify(src/px4-ros2-interface-lib/examples/cpp/modes) by extension 'python'
[1.800s] Level 1:colcon.colcon_core.package_identification:_identify(src/px4-ros2-interface-lib/examples/cpp/modes) by extensions ['python_setup_py']
[1.800s] Level 1:colcon.colcon_core.package_identification:_identify(src/px4-ros2-interface-lib/examples/cpp/modes) by extension 'python_setup_py'
[1.801s] Level 1:colcon.colcon_core.package_identification:_identify(src/px4-ros2-interface-lib/examples/cpp/modes/goto) by extensions ['ignore', 'ignore_ament_install']
[1.801s] Level 1:colcon.colcon_core.package_identification:_identify(src/px4-ros2-interface-lib/examples/cpp/modes/goto) by extension 'ignore'
[1.801s] Level 1:colcon.colcon_core.package_identification:_identify(src/px4-ros2-interface-lib/examples/cpp/modes/goto) by extension 'ignore_ament_install'
[1.801s] Level 1:colcon.colcon_core.package_identification:_identify(src/px4-ros2-interface-lib/examples/cpp/modes/goto) by extensions ['colcon_pkg']
[1.802s] Level 1:colcon.colcon_core.package_identification:_identify(src/px4-ros2-interface-lib/examples/cpp/modes/goto) by extension 'colcon_pkg'
[1.802s] Level 1:colcon.colcon_core.package_identification:_identify(src/px4-ros2-interface-lib/examples/cpp/modes/goto) by extensions ['colcon_meta']
[1.802s] Level 1:colcon.colcon_core.package_identification:_identify(src/px4-ros2-interface-lib/examples/cpp/modes/goto) by extension 'colcon_meta'
[1.802s] Level 1:colcon.colcon_core.package_identification:_identify(src/px4-ros2-interface-lib/examples/cpp/modes/goto) by extensions ['ros']
[1.802s] Level 1:colcon.colcon_core.package_identification:_identify(src/px4-ros2-interface-lib/examples/cpp/modes/goto) by extension 'ros'
[1.807s] DEBUG:colcon.colcon_core.package_identification:Package 'src/px4-ros2-interface-lib/examples/cpp/modes/goto' with type 'ros.ament_cmake' and name 'example_mode_goto_cpp'
[1.807s] Level 1:colcon.colcon_core.package_identification:_identify(src/px4-ros2-interface-lib/examples/cpp/modes/manual) by extensions ['ignore', 'ignore_ament_install']
[1.807s] Level 1:colcon.colcon_core.package_identification:_identify(src/px4-ros2-interface-lib/examples/cpp/modes/manual) by extension 'ignore'
[1.807s] Level 1:colcon.colcon_core.package_identification:_identify(src/px4-ros2-interface-lib/examples/cpp/modes/manual) by extension 'ignore_ament_install'
[1.807s] Level 1:colcon.colcon_core.package_identification:_identify(src/px4-ros2-interface-lib/examples/cpp/modes/manual) by extensions ['colcon_pkg']
[1.807s] Level 1:colcon.colcon_core.package_identification:_identify(src/px4-ros2-interface-lib/examples/cpp/modes/manual) by extension 'colcon_pkg'
[1.807s] Level 1:colcon.colcon_core.package_identification:_identify(src/px4-ros2-interface-lib/examples/cpp/modes/manual) by extensions ['colcon_meta']
[1.807s] Level 1:colcon.colcon_core.package_identification:_identify(src/px4-ros2-interface-lib/examples/cpp/modes/manual) by extension 'colcon_meta'
[1.807s] Level 1:colcon.colcon_core.package_identification:_identify(src/px4-ros2-interface-lib/examples/cpp/modes/manual) by extensions ['ros']
[1.807s] Level 1:colcon.colcon_core.package_identification:_identify(src/px4-ros2-interface-lib/examples/cpp/modes/manual) by extension 'ros'
[1.808s] DEBUG:colcon.colcon_core.package_identification:Package 'src/px4-ros2-interface-lib/examples/cpp/modes/manual' with type 'ros.ament_cmake' and name 'example_mode_manual_cpp'
[1.808s] Level 1:colcon.colcon_core.package_identification:_identify(src/px4-ros2-interface-lib/examples/cpp/modes/mode_with_executor) by extensions ['ignore', 'ignore_ament_install']
[1.809s] Level 1:colcon.colcon_core.package_identification:_identify(src/px4-ros2-interface-lib/examples/cpp/modes/mode_with_executor) by extension 'ignore'
[1.809s] Level 1:colcon.colcon_core.package_identification:_identify(src/px4-ros2-interface-lib/examples/cpp/modes/mode_with_executor) by extension 'ignore_ament_install'
[1.809s] Level 1:colcon.colcon_core.package_identification:_identify(src/px4-ros2-interface-lib/examples/cpp/modes/mode_with_executor) by extensions ['colcon_pkg']
[1.809s] Level 1:colcon.colcon_core.package_identification:_identify(src/px4-ros2-interface-lib/examples/cpp/modes/mode_with_executor) by extension 'colcon_pkg'
[1.809s] Level 1:colcon.colcon_core.package_identification:_identify(src/px4-ros2-interface-lib/examples/cpp/modes/mode_with_executor) by extensions ['colcon_meta']
[1.809s] Level 1:colcon.colcon_core.package_identification:_identify(src/px4-ros2-interface-lib/examples/cpp/modes/mode_with_executor) by extension 'colcon_meta'
[1.809s] Level 1:colcon.colcon_core.package_identification:_identify(src/px4-ros2-interface-lib/examples/cpp/modes/mode_with_executor) by extensions ['ros']
[1.809s] Level 1:colcon.colcon_core.package_identification:_identify(src/px4-ros2-interface-lib/examples/cpp/modes/mode_with_executor) by extension 'ros'
[1.810s] DEBUG:colcon.colcon_core.package_identification:Package 'src/px4-ros2-interface-lib/examples/cpp/modes/mode_with_executor' with type 'ros.ament_cmake' and name 'example_mode_with_executor_cpp'
[1.810s] Level 1:colcon.colcon_core.package_identification:_identify(src/px4-ros2-interface-lib/examples/cpp/modes/rtl_replacement) by extensions ['ignore', 'ignore_ament_install']
[1.811s] Level 1:colcon.colcon_core.package_identification:_identify(src/px4-ros2-interface-lib/examples/cpp/modes/rtl_replacement) by extension 'ignore'
[1.811s] Level 1:colcon.colcon_core.package_identification:_identify(src/px4-ros2-interface-lib/examples/cpp/modes/rtl_replacement) by extension 'ignore_ament_install'
[1.811s] Level 1:colcon.colcon_core.package_identification:_identify(src/px4-ros2-interface-lib/examples/cpp/modes/rtl_replacement) by extensions ['colcon_pkg']
[1.811s] Level 1:colcon.colcon_core.package_identification:_identify(src/px4-ros2-interface-lib/examples/cpp/modes/rtl_replacement) by extension 'colcon_pkg'
[1.811s] Level 1:colcon.colcon_core.package_identification:_identify(src/px4-ros2-interface-lib/examples/cpp/modes/rtl_replacement) by extensions ['colcon_meta']
[1.811s] Level 1:colcon.colcon_core.package_identification:_identify(src/px4-ros2-interface-lib/examples/cpp/modes/rtl_replacement) by extension 'colcon_meta'
[1.811s] Level 1:colcon.colcon_core.package_identification:_identify(src/px4-ros2-interface-lib/examples/cpp/modes/rtl_replacement) by extensions ['ros']
[1.811s] Level 1:colcon.colcon_core.package_identification:_identify(src/px4-ros2-interface-lib/examples/cpp/modes/rtl_replacement) by extension 'ros'
[1.812s] DEBUG:colcon.colcon_core.package_identification:Package 'src/px4-ros2-interface-lib/examples/cpp/modes/rtl_replacement' with type 'ros.ament_cmake' and name 'example_mode_rtl_replacement_cpp'
[1.812s] Level 1:colcon.colcon_core.package_identification:_identify(src/px4-ros2-interface-lib/examples/cpp/navigation) by extensions ['ignore', 'ignore_ament_install']
[1.812s] Level 1:colcon.colcon_core.package_identification:_identify(src/px4-ros2-interface-lib/examples/cpp/navigation) by extension 'ignore'
[1.812s] Level 1:colcon.colcon_core.package_identification:_identify(src/px4-ros2-interface-lib/examples/cpp/navigation) by extension 'ignore_ament_install'
[1.812s] Level 1:colcon.colcon_core.package_identification:_identify(src/px4-ros2-interface-lib/examples/cpp/navigation) by extensions ['colcon_pkg']
[1.812s] Level 1:colcon.colcon_core.package_identification:_identify(src/px4-ros2-interface-lib/examples/cpp/navigation) by extension 'colcon_pkg'
[1.812s] Level 1:colcon.colcon_core.package_identification:_identify(src/px4-ros2-interface-lib/examples/cpp/navigation) by extensions ['colcon_meta']
[1.812s] Level 1:colcon.colcon_core.package_identification:_identify(src/px4-ros2-interface-lib/examples/cpp/navigation) by extension 'colcon_meta'
[1.812s] Level 1:colcon.colcon_core.package_identification:_identify(src/px4-ros2-interface-lib/examples/cpp/navigation) by extensions ['ros']
[1.812s] Level 1:colcon.colcon_core.package_identification:_identify(src/px4-ros2-interface-lib/examples/cpp/navigation) by extension 'ros'
[1.812s] Level 1:colcon.colcon_core.package_identification:_identify(src/px4-ros2-interface-lib/examples/cpp/navigation) by extensions ['cmake', 'python']
[1.812s] Level 1:colcon.colcon_core.package_identification:_identify(src/px4-ros2-interface-lib/examples/cpp/navigation) by extension 'cmake'
[1.812s] Level 1:colcon.colcon_core.package_identification:_identify(src/px4-ros2-interface-lib/examples/cpp/navigation) by extension 'python'
[1.812s] Level 1:colcon.colcon_core.package_identification:_identify(src/px4-ros2-interface-lib/examples/cpp/navigation) by extensions ['python_setup_py']
[1.812s] Level 1:colcon.colcon_core.package_identification:_identify(src/px4-ros2-interface-lib/examples/cpp/navigation) by extension 'python_setup_py'
[1.813s] Level 1:colcon.colcon_core.package_identification:_identify(src/px4-ros2-interface-lib/examples/cpp/navigation/global_navigation) by extensions ['ignore', 'ignore_ament_install']
[1.813s] Level 1:colcon.colcon_core.package_identification:_identify(src/px4-ros2-interface-lib/examples/cpp/navigation/global_navigation) by extension 'ignore'
[1.813s] Level 1:colcon.colcon_core.package_identification:_identify(src/px4-ros2-interface-lib/examples/cpp/navigation/global_navigation) by extension 'ignore_ament_install'
[1.813s] Level 1:colcon.colcon_core.package_identification:_identify(src/px4-ros2-interface-lib/examples/cpp/navigation/global_navigation) by extensions ['colcon_pkg']
[1.813s] Level 1:colcon.colcon_core.package_identification:_identify(src/px4-ros2-interface-lib/examples/cpp/navigation/global_navigation) by extension 'colcon_pkg'
[1.813s] Level 1:colcon.colcon_core.package_identification:_identify(src/px4-ros2-interface-lib/examples/cpp/navigation/global_navigation) by extensions ['colcon_meta']
[1.813s] Level 1:colcon.colcon_core.package_identification:_identify(src/px4-ros2-interface-lib/examples/cpp/navigation/global_navigation) by extension 'colcon_meta'
[1.813s] Level 1:colcon.colcon_core.package_identification:_identify(src/px4-ros2-interface-lib/examples/cpp/navigation/global_navigation) by extensions ['ros']
[1.813s] Level 1:colcon.colcon_core.package_identification:_identify(src/px4-ros2-interface-lib/examples/cpp/navigation/global_navigation) by extension 'ros'
[1.814s] DEBUG:colcon.colcon_core.package_identification:Package 'src/px4-ros2-interface-lib/examples/cpp/navigation/global_navigation' with type 'ros.ament_cmake' and name 'example_global_navigation_cpp'
[1.814s] Level 1:colcon.colcon_core.package_identification:_identify(src/px4-ros2-interface-lib/examples/cpp/navigation/local_navigation) by extensions ['ignore', 'ignore_ament_install']
[1.814s] Level 1:colcon.colcon_core.package_identification:_identify(src/px4-ros2-interface-lib/examples/cpp/navigation/local_navigation) by extension 'ignore'
[1.815s] Level 1:colcon.colcon_core.package_identification:_identify(src/px4-ros2-interface-lib/examples/cpp/navigation/local_navigation) by extension 'ignore_ament_install'
[1.815s] Level 1:colcon.colcon_core.package_identification:_identify(src/px4-ros2-interface-lib/examples/cpp/navigation/local_navigation) by extensions ['colcon_pkg']
[1.815s] Level 1:colcon.colcon_core.package_identification:_identify(src/px4-ros2-interface-lib/examples/cpp/navigation/local_navigation) by extension 'colcon_pkg'
[1.815s] Level 1:colcon.colcon_core.package_identification:_identify(src/px4-ros2-interface-lib/examples/cpp/navigation/local_navigation) by extensions ['colcon_meta']
[1.815s] Level 1:colcon.colcon_core.package_identification:_identify(src/px4-ros2-interface-lib/examples/cpp/navigation/local_navigation) by extension 'colcon_meta'
[1.815s] Level 1:colcon.colcon_core.package_identification:_identify(src/px4-ros2-interface-lib/examples/cpp/navigation/local_navigation) by extensions ['ros']
[1.815s] Level 1:colcon.colcon_core.package_identification:_identify(src/px4-ros2-interface-lib/examples/cpp/navigation/local_navigation) by extension 'ros'
[1.816s] DEBUG:colcon.colcon_core.package_identification:Package 'src/px4-ros2-interface-lib/examples/cpp/navigation/local_navigation' with type 'ros.ament_cmake' and name 'example_local_navigation_cpp'
[1.816s] Level 1:colcon.colcon_core.package_identification:_identify(src/px4-ros2-interface-lib/px4_ros2_cpp) by extensions ['ignore', 'ignore_ament_install']
[1.816s] Level 1:colcon.colcon_core.package_identification:_identify(src/px4-ros2-interface-lib/px4_ros2_cpp) by extension 'ignore'
[1.816s] Level 1:colcon.colcon_core.package_identification:_identify(src/px4-ros2-interface-lib/px4_ros2_cpp) by extension 'ignore_ament_install'
[1.816s] Level 1:colcon.colcon_core.package_identification:_identify(src/px4-ros2-interface-lib/px4_ros2_cpp) by extensions ['colcon_pkg']
[1.816s] Level 1:colcon.colcon_core.package_identification:_identify(src/px4-ros2-interface-lib/px4_ros2_cpp) by extension 'colcon_pkg'
[1.816s] Level 1:colcon.colcon_core.package_identification:_identify(src/px4-ros2-interface-lib/px4_ros2_cpp) by extensions ['colcon_meta']
[1.816s] Level 1:colcon.colcon_core.package_identification:_identify(src/px4-ros2-interface-lib/px4_ros2_cpp) by extension 'colcon_meta'
[1.816s] Level 1:colcon.colcon_core.package_identification:_identify(src/px4-ros2-interface-lib/px4_ros2_cpp) by extensions ['ros']
[1.816s] Level 1:colcon.colcon_core.package_identification:_identify(src/px4-ros2-interface-lib/px4_ros2_cpp) by extension 'ros'
[1.818s] DEBUG:colcon.colcon_core.package_identification:Package 'src/px4-ros2-interface-lib/px4_ros2_cpp' with type 'ros.ament_cmake' and name 'px4_ros2_cpp'
[1.818s] Level 1:colcon.colcon_core.package_identification:_identify(src/px4-ros2-interface-lib/scripts) by extensions ['ignore', 'ignore_ament_install']
[1.819s] Level 1:colcon.colcon_core.package_identification:_identify(src/px4-ros2-interface-lib/scripts) by extension 'ignore'
[1.819s] Level 1:colcon.colcon_core.package_identification:_identify(src/px4-ros2-interface-lib/scripts) by extension 'ignore_ament_install'
[1.819s] Level 1:colcon.colcon_core.package_identification:_identify(src/px4-ros2-interface-lib/scripts) by extensions ['colcon_pkg']
[1.819s] Level 1:colcon.colcon_core.package_identification:_identify(src/px4-ros2-interface-lib/scripts) by extension 'colcon_pkg'
[1.820s] Level 1:colcon.colcon_core.package_identification:_identify(src/px4-ros2-interface-lib/scripts) by extensions ['colcon_meta']
[1.820s] Level 1:colcon.colcon_core.package_identification:_identify(src/px4-ros2-interface-lib/scripts) by extension 'colcon_meta'
[1.820s] Level 1:colcon.colcon_core.package_identification:_identify(src/px4-ros2-interface-lib/scripts) by extensions ['ros']
[1.820s] Level 1:colcon.colcon_core.package_identification:_identify(src/px4-ros2-interface-lib/scripts) by extension 'ros'
[1.820s] Level 1:colcon.colcon_core.package_identification:_identify(src/px4-ros2-interface-lib/scripts) by extensions ['cmake', 'python']
[1.820s] Level 1:colcon.colcon_core.package_identification:_identify(src/px4-ros2-interface-lib/scripts) by extension 'cmake'
[1.820s] Level 1:colcon.colcon_core.package_identification:_identify(src/px4-ros2-interface-lib/scripts) by extension 'python'
[1.820s] Level 1:colcon.colcon_core.package_identification:_identify(src/px4-ros2-interface-lib/scripts) by extensions ['python_setup_py']
[1.820s] Level 1:colcon.colcon_core.package_identification:_identify(src/px4-ros2-interface-lib/scripts) by extension 'python_setup_py'
[1.820s] Level 1:colcon.colcon_core.package_identification:_identify(src/px4_msgs) by extensions ['ignore', 'ignore_ament_install']
[1.821s] Level 1:colcon.colcon_core.package_identification:_identify(src/px4_msgs) by extension 'ignore'
[1.821s] Level 1:colcon.colcon_core.package_identification:_identify(src/px4_msgs) by extension 'ignore_ament_install'
[1.821s] Level 1:colcon.colcon_core.package_identification:_identify(src/px4_msgs) by extensions ['colcon_pkg']
[1.821s] Level 1:colcon.colcon_core.package_identification:_identify(src/px4_msgs) by extension 'colcon_pkg'
[1.821s] Level 1:colcon.colcon_core.package_identification:_identify(src/px4_msgs) by extensions ['colcon_meta']
[1.821s] Level 1:colcon.colcon_core.package_identification:_identify(src/px4_msgs) by extension 'colcon_meta'
[1.821s] Level 1:colcon.colcon_core.package_identification:_identify(src/px4_msgs) by extensions ['ros']
[1.821s] Level 1:colcon.colcon_core.package_identification:_identify(src/px4_msgs) by extension 'ros'
[1.823s] DEBUG:colcon.colcon_core.package_identification:Package 'src/px4_msgs' with type 'ros.ament_cmake' and name 'px4_msgs'
[1.823s] Level 1:colcon.colcon_core.package_identification:_identify(src/px4_ros_com) by extensions ['ignore', 'ignore_ament_install']
[1.823s] Level 1:colcon.colcon_core.package_identification:_identify(src/px4_ros_com) by extension 'ignore'
[1.823s] Level 1:colcon.colcon_core.package_identification:_identify(src/px4_ros_com) by extension 'ignore_ament_install'
[1.823s] Level 1:colcon.colcon_core.package_identification:_identify(src/px4_ros_com) by extensions ['colcon_pkg']
[1.823s] Level 1:colcon.colcon_core.package_identification:_identify(src/px4_ros_com) by extension 'colcon_pkg'
[1.824s] Level 1:colcon.colcon_core.package_identification:_identify(src/px4_ros_com) by extensions ['colcon_meta']
[1.824s] Level 1:colcon.colcon_core.package_identification:_identify(src/px4_ros_com) by extension 'colcon_meta'
[1.824s] Level 1:colcon.colcon_core.package_identification:_identify(src/px4_ros_com) by extensions ['ros']
[1.824s] Level 1:colcon.colcon_core.package_identification:_identify(src/px4_ros_com) by extension 'ros'
[1.825s] DEBUG:colcon.colcon_core.package_identification:Package 'src/px4_ros_com' with type 'ros.ament_cmake' and name 'px4_ros_com'
[1.825s] Level 1:colcon.colcon_core.package_discovery:discover_packages(recursive) using defaults
[1.825s] Level 1:colcon.colcon_core.package_discovery:discover_packages(ignore) discover
[1.825s] Level 1:colcon.colcon_core.package_discovery:discover_packages(ignore) using defaults
[1.825s] Level 1:colcon.colcon_core.package_discovery:discover_packages(path) discover
[1.825s] Level 1:colcon.colcon_core.package_discovery:discover_packages(path) using defaults
[1.982s] Level 1:colcon.colcon_core.package_discovery:discover_packages(prefix_path) check parameters
[1.982s] Level 1:colcon.colcon_core.package_discovery:discover_packages(prefix_path) discover
[2.032s] DEBUG:colcon.colcon_installed_package_information.package_discovery:Found 9 installed packages in /home/giromi/Repos/ws_sensor_combined_src/install
[2.058s] DEBUG:colcon.colcon_installed_package_information.package_discovery:Found 0 installed packages in /home/giromi/Repos/ros2_ws/install
[2.083s] DEBUG:colcon.colcon_installed_package_information.package_discovery:Found 270 installed packages in /opt/ros/humble
[2.087s] Level 1:colcon.colcon_core.package_discovery:discover_packages(prefix_path) using defaults
[2.212s] Level 5:colcon.colcon_core.verb:set package 'px4_msgs' build argument 'cmake_args' from command line to 'None'
[2.212s] Level 5:colcon.colcon_core.verb:set package 'px4_msgs' build argument 'cmake_target' from command line to 'None'
[2.213s] Level 5:colcon.colcon_core.verb:set package 'px4_msgs' build argument 'cmake_target_skip_unavailable' from command line to 'False'
[2.213s] Level 5:colcon.colcon_core.verb:set package 'px4_msgs' build argument 'cmake_clean_cache' from command line to 'False'
[2.213s] Level 5:colcon.colcon_core.verb:set package 'px4_msgs' build argument 'cmake_clean_first' from command line to 'False'
[2.213s] Level 5:colcon.colcon_core.verb:set package 'px4_msgs' build argument 'cmake_force_configure' from command line to 'False'
[2.213s] Level 5:colcon.colcon_core.verb:set package 'px4_msgs' build argument 'ament_cmake_args' from command line to 'None'
[2.213s] Level 5:colcon.colcon_core.verb:set package 'px4_msgs' build argument 'catkin_cmake_args' from command line to 'None'
[2.213s] Level 5:colcon.colcon_core.verb:set package 'px4_msgs' build argument 'catkin_skip_building_tests' from command line to 'False'
[2.213s] DEBUG:colcon.colcon_core.verb:Building package 'px4_msgs' with the following arguments: {'ament_cmake_args': None, 'build_base': '/home/giromi/Repos/ws_sensor_combined_src/build/px4_msgs', 'catkin_cmake_args': None, 'catkin_skip_building_tests': False, 'cmake_args': None, 'cmake_clean_cache': False, 'cmake_clean_first': False, 'cmake_force_configure': False, 'cmake_target': None, 'cmake_target_skip_unavailable': False, 'install_base': '/home/giromi/Repos/ws_sensor_combined_src/install/px4_msgs', 'merge_install': False, 'path': '/home/giromi/Repos/ws_sensor_combined_src/src/px4_msgs', 'symlink_install': False, 'test_result_base': None}
[2.238s] Level 5:colcon.colcon_core.verb:set package 'px4_ros2_cpp' build argument 'cmake_args' from command line to 'None'
[2.238s] Level 5:colcon.colcon_core.verb:set package 'px4_ros2_cpp' build argument 'cmake_target' from command line to 'None'
[2.238s] Level 5:colcon.colcon_core.verb:set package 'px4_ros2_cpp' build argument 'cmake_target_skip_unavailable' from command line to 'False'
[2.238s] Level 5:colcon.colcon_core.verb:set package 'px4_ros2_cpp' build argument 'cmake_clean_cache' from command line to 'False'
[2.238s] Level 5:colcon.colcon_core.verb:set package 'px4_ros2_cpp' build argument 'cmake_clean_first' from command line to 'False'
[2.238s] Level 5:colcon.colcon_core.verb:set package 'px4_ros2_cpp' build argument 'cmake_force_configure' from command line to 'False'
[2.238s] Level 5:colcon.colcon_core.verb:set package 'px4_ros2_cpp' build argument 'ament_cmake_args' from command line to 'None'
[2.238s] Level 5:colcon.colcon_core.verb:set package 'px4_ros2_cpp' build argument 'catkin_cmake_args' from command line to 'None'
[2.238s] Level 5:colcon.colcon_core.verb:set package 'px4_ros2_cpp' build argument 'catkin_skip_building_tests' from command line to 'False'
[2.238s] DEBUG:colcon.colcon_core.verb:Building package 'px4_ros2_cpp' with the following arguments: {'ament_cmake_args': None, 'build_base': '/home/giromi/Repos/ws_sensor_combined_src/build/px4_ros2_cpp', 'catkin_cmake_args': None, 'catkin_skip_building_tests': False, 'cmake_args': None, 'cmake_clean_cache': False, 'cmake_clean_first': False, 'cmake_force_configure': False, 'cmake_target': None, 'cmake_target_skip_unavailable': False, 'install_base': '/home/giromi/Repos/ws_sensor_combined_src/install/px4_ros2_cpp', 'merge_install': False, 'path': '/home/giromi/Repos/ws_sensor_combined_src/src/px4-ros2-interface-lib/px4_ros2_cpp', 'symlink_install': False, 'test_result_base': None}
[2.279s] Level 5:colcon.colcon_core.verb:set package 'px4_ros_com' build argument 'cmake_args' from command line to 'None'
[2.279s] Level 5:colcon.colcon_core.verb:set package 'px4_ros_com' build argument 'cmake_target' from command line to 'None'
[2.279s] Level 5:colcon.colcon_core.verb:set package 'px4_ros_com' build argument 'cmake_target_skip_unavailable' from command line to 'False'
[2.279s] Level 5:colcon.colcon_core.verb:set package 'px4_ros_com' build argument 'cmake_clean_cache' from command line to 'False'
[2.279s] Level 5:colcon.colcon_core.verb:set package 'px4_ros_com' build argument 'cmake_clean_first' from command line to 'False'
[2.279s] Level 5:colcon.colcon_core.verb:set package 'px4_ros_com' build argument 'cmake_force_configure' from command line to 'False'
[2.279s] Level 5:colcon.colcon_core.verb:set package 'px4_ros_com' build argument 'ament_cmake_args' from command line to 'None'
[2.279s] Level 5:colcon.colcon_core.verb:set package 'px4_ros_com' build argument 'catkin_cmake_args' from command line to 'None'
[2.279s] Level 5:colcon.colcon_core.verb:set package 'px4_ros_com' build argument 'catkin_skip_building_tests' from command line to 'False'
[2.279s] DEBUG:colcon.colcon_core.verb:Building package 'px4_ros_com' with the following arguments: {'ament_cmake_args': None, 'build_base': '/home/giromi/Repos/ws_sensor_combined_src/build/px4_ros_com', 'catkin_cmake_args': None, 'catkin_skip_building_tests': False, 'cmake_args': None, 'cmake_clean_cache': False, 'cmake_clean_first': False, 'cmake_force_configure': False, 'cmake_target': None, 'cmake_target_skip_unavailable': False, 'install_base': '/home/giromi/Repos/ws_sensor_combined_src/install/px4_ros_com', 'merge_install': False, 'path': '/home/giromi/Repos/ws_sensor_combined_src/src/px4_ros_com', 'symlink_install': False, 'test_result_base': None}
[2.307s] Level 5:colcon.colcon_core.verb:set package 'example_global_navigation_cpp' build argument 'cmake_args' from command line to 'None'
[2.308s] Level 5:colcon.colcon_core.verb:set package 'example_global_navigation_cpp' build argument 'cmake_target' from command line to 'None'
[2.308s] Level 5:colcon.colcon_core.verb:set package 'example_global_navigation_cpp' build argument 'cmake_target_skip_unavailable' from command line to 'False'
[2.308s] Level 5:colcon.colcon_core.verb:set package 'example_global_navigation_cpp' build argument 'cmake_clean_cache' from command line to 'False'
[2.308s] Level 5:colcon.colcon_core.verb:set package 'example_global_navigation_cpp' build argument 'cmake_clean_first' from command line to 'False'
[2.308s] Level 5:colcon.colcon_core.verb:set package 'example_global_navigation_cpp' build argument 'cmake_force_configure' from command line to 'False'
[2.308s] Level 5:colcon.colcon_core.verb:set package 'example_global_navigation_cpp' build argument 'ament_cmake_args' from command line to 'None'
[2.308s] Level 5:colcon.colcon_core.verb:set package 'example_global_navigation_cpp' build argument 'catkin_cmake_args' from command line to 'None'
[2.308s] Level 5:colcon.colcon_core.verb:set package 'example_global_navigation_cpp' build argument 'catkin_skip_building_tests' from command line to 'False'
[2.308s] DEBUG:colcon.colcon_core.verb:Building package 'example_global_navigation_cpp' with the following arguments: {'ament_cmake_args': None, 'build_base': '/home/giromi/Repos/ws_sensor_combined_src/build/example_global_navigation_cpp', 'catkin_cmake_args': None, 'catkin_skip_building_tests': False, 'cmake_args': None, 'cmake_clean_cache': False, 'cmake_clean_first': False, 'cmake_force_configure': False, 'cmake_target': None, 'cmake_target_skip_unavailable': False, 'install_base': '/home/giromi/Repos/ws_sensor_combined_src/install/example_global_navigation_cpp', 'merge_install': False, 'path': '/home/giromi/Repos/ws_sensor_combined_src/src/px4-ros2-interface-lib/examples/cpp/navigation/global_navigation', 'symlink_install': False, 'test_result_base': None}
[2.331s] Level 5:colcon.colcon_core.verb:set package 'example_local_navigation_cpp' build argument 'cmake_args' from command line to 'None'
[2.331s] Level 5:colcon.colcon_core.verb:set package 'example_local_navigation_cpp' build argument 'cmake_target' from command line to 'None'
[2.331s] Level 5:colcon.colcon_core.verb:set package 'example_local_navigation_cpp' build argument 'cmake_target_skip_unavailable' from command line to 'False'
[2.331s] Level 5:colcon.colcon_core.verb:set package 'example_local_navigation_cpp' build argument 'cmake_clean_cache' from command line to 'False'
[2.331s] Level 5:colcon.colcon_core.verb:set package 'example_local_navigation_cpp' build argument 'cmake_clean_first' from command line to 'False'
[2.331s] Level 5:colcon.colcon_core.verb:set package 'example_local_navigation_cpp' build argument 'cmake_force_configure' from command line to 'False'
[2.331s] Level 5:colcon.colcon_core.verb:set package 'example_local_navigation_cpp' build argument 'ament_cmake_args' from command line to 'None'
[2.331s] Level 5:colcon.colcon_core.verb:set package 'example_local_navigation_cpp' build argument 'catkin_cmake_args' from command line to 'None'
[2.331s] Level 5:colcon.colcon_core.verb:set package 'example_local_navigation_cpp' build argument 'catkin_skip_building_tests' from command line to 'False'
[2.331s] DEBUG:colcon.colcon_core.verb:Building package 'example_local_navigation_cpp' with the following arguments: {'ament_cmake_args': None, 'build_base': '/home/giromi/Repos/ws_sensor_combined_src/build/example_local_navigation_cpp', 'catkin_cmake_args': None, 'catkin_skip_building_tests': False, 'cmake_args': None, 'cmake_clean_cache': False, 'cmake_clean_first': False, 'cmake_force_configure': False, 'cmake_target': None, 'cmake_target_skip_unavailable': False, 'install_base': '/home/giromi/Repos/ws_sensor_combined_src/install/example_local_navigation_cpp', 'merge_install': False, 'path': '/home/giromi/Repos/ws_sensor_combined_src/src/px4-ros2-interface-lib/examples/cpp/navigation/local_navigation', 'symlink_install': False, 'test_result_base': None}
[2.357s] Level 5:colcon.colcon_core.verb:set package 'example_mode_goto_cpp' build argument 'cmake_args' from command line to 'None'
[2.357s] Level 5:colcon.colcon_core.verb:set package 'example_mode_goto_cpp' build argument 'cmake_target' from command line to 'None'
[2.357s] Level 5:colcon.colcon_core.verb:set package 'example_mode_goto_cpp' build argument 'cmake_target_skip_unavailable' from command line to 'False'
[2.358s] Level 5:colcon.colcon_core.verb:set package 'example_mode_goto_cpp' build argument 'cmake_clean_cache' from command line to 'False'
[2.358s] Level 5:colcon.colcon_core.verb:set package 'example_mode_goto_cpp' build argument 'cmake_clean_first' from command line to 'False'
[2.358s] Level 5:colcon.colcon_core.verb:set package 'example_mode_goto_cpp' build argument 'cmake_force_configure' from command line to 'False'
[2.358s] Level 5:colcon.colcon_core.verb:set package 'example_mode_goto_cpp' build argument 'ament_cmake_args' from command line to 'None'
[2.358s] Level 5:colcon.colcon_core.verb:set package 'example_mode_goto_cpp' build argument 'catkin_cmake_args' from command line to 'None'
[2.358s] Level 5:colcon.colcon_core.verb:set package 'example_mode_goto_cpp' build argument 'catkin_skip_building_tests' from command line to 'False'
[2.358s] DEBUG:colcon.colcon_core.verb:Building package 'example_mode_goto_cpp' with the following arguments: {'ament_cmake_args': None, 'build_base': '/home/giromi/Repos/ws_sensor_combined_src/build/example_mode_goto_cpp', 'catkin_cmake_args': None, 'catkin_skip_building_tests': False, 'cmake_args': None, 'cmake_clean_cache': False, 'cmake_clean_first': False, 'cmake_force_configure': False, 'cmake_target': None, 'cmake_target_skip_unavailable': False, 'install_base': '/home/giromi/Repos/ws_sensor_combined_src/install/example_mode_goto_cpp', 'merge_install': False, 'path': '/home/giromi/Repos/ws_sensor_combined_src/src/px4-ros2-interface-lib/examples/cpp/modes/goto', 'symlink_install': False, 'test_result_base': None}
[2.380s] Level 5:colcon.colcon_core.verb:set package 'example_mode_manual_cpp' build argument 'cmake_args' from command line to 'None'
[2.380s] Level 5:colcon.colcon_core.verb:set package 'example_mode_manual_cpp' build argument 'cmake_target' from command line to 'None'
[2.380s] Level 5:colcon.colcon_core.verb:set package 'example_mode_manual_cpp' build argument 'cmake_target_skip_unavailable' from command line to 'False'
[2.380s] Level 5:colcon.colcon_core.verb:set package 'example_mode_manual_cpp' build argument 'cmake_clean_cache' from command line to 'False'
[2.380s] Level 5:colcon.colcon_core.verb:set package 'example_mode_manual_cpp' build argument 'cmake_clean_first' from command line to 'False'
[2.380s] Level 5:colcon.colcon_core.verb:set package 'example_mode_manual_cpp' build argument 'cmake_force_configure' from command line to 'False'
[2.380s] Level 5:colcon.colcon_core.verb:set package 'example_mode_manual_cpp' build argument 'ament_cmake_args' from command line to 'None'
[2.380s] Level 5:colcon.colcon_core.verb:set package 'example_mode_manual_cpp' build argument 'catkin_cmake_args' from command line to 'None'
[2.380s] Level 5:colcon.colcon_core.verb:set package 'example_mode_manual_cpp' build argument 'catkin_skip_building_tests' from command line to 'False'
[2.380s] DEBUG:colcon.colcon_core.verb:Building package 'example_mode_manual_cpp' with the following arguments: {'ament_cmake_args': None, 'build_base': '/home/giromi/Repos/ws_sensor_combined_src/build/example_mode_manual_cpp', 'catkin_cmake_args': None, 'catkin_skip_building_tests': False, 'cmake_args': None, 'cmake_clean_cache': False, 'cmake_clean_first': False, 'cmake_force_configure': False, 'cmake_target': None, 'cmake_target_skip_unavailable': False, 'install_base': '/home/giromi/Repos/ws_sensor_combined_src/install/example_mode_manual_cpp', 'merge_install': False, 'path': '/home/giromi/Repos/ws_sensor_combined_src/src/px4-ros2-interface-lib/examples/cpp/modes/manual', 'symlink_install': False, 'test_result_base': None}
[2.406s] Level 5:colcon.colcon_core.verb:set package 'example_mode_rtl_replacement_cpp' build argument 'cmake_args' from command line to 'None'
[2.406s] Level 5:colcon.colcon_core.verb:set package 'example_mode_rtl_replacement_cpp' build argument 'cmake_target' from command line to 'None'
[2.406s] Level 5:colcon.colcon_core.verb:set package 'example_mode_rtl_replacement_cpp' build argument 'cmake_target_skip_unavailable' from command line to 'False'
[2.406s] Level 5:colcon.colcon_core.verb:set package 'example_mode_rtl_replacement_cpp' build argument 'cmake_clean_cache' from command line to 'False'
[2.406s] Level 5:colcon.colcon_core.verb:set package 'example_mode_rtl_replacement_cpp' build argument 'cmake_clean_first' from command line to 'False'
[2.406s] Level 5:colcon.colcon_core.verb:set package 'example_mode_rtl_replacement_cpp' build argument 'cmake_force_configure' from command line to 'False'
[2.406s] Level 5:colcon.colcon_core.verb:set package 'example_mode_rtl_replacement_cpp' build argument 'ament_cmake_args' from command line to 'None'
[2.406s] Level 5:colcon.colcon_core.verb:set package 'example_mode_rtl_replacement_cpp' build argument 'catkin_cmake_args' from command line to 'None'
[2.406s] Level 5:colcon.colcon_core.verb:set package 'example_mode_rtl_replacement_cpp' build argument 'catkin_skip_building_tests' from command line to 'False'
[2.406s] DEBUG:colcon.colcon_core.verb:Building package 'example_mode_rtl_replacement_cpp' with the following arguments: {'ament_cmake_args': None, 'build_base': '/home/giromi/Repos/ws_sensor_combined_src/build/example_mode_rtl_replacement_cpp', 'catkin_cmake_args': None, 'catkin_skip_building_tests': False, 'cmake_args': None, 'cmake_clean_cache': False, 'cmake_clean_first': False, 'cmake_force_configure': False, 'cmake_target': None, 'cmake_target_skip_unavailable': False, 'install_base': '/home/giromi/Repos/ws_sensor_combined_src/install/example_mode_rtl_replacement_cpp', 'merge_install': False, 'path': '/home/giromi/Repos/ws_sensor_combined_src/src/px4-ros2-interface-lib/examples/cpp/modes/rtl_replacement', 'symlink_install': False, 'test_result_base': None}
[2.430s] Level 5:colcon.colcon_core.verb:set package 'example_mode_with_executor_cpp' build argument 'cmake_args' from command line to 'None'
[2.430s] Level 5:colcon.colcon_core.verb:set package 'example_mode_with_executor_cpp' build argument 'cmake_target' from command line to 'None'
[2.430s] Level 5:colcon.colcon_core.verb:set package 'example_mode_with_executor_cpp' build argument 'cmake_target_skip_unavailable' from command line to 'False'
[2.430s] Level 5:colcon.colcon_core.verb:set package 'example_mode_with_executor_cpp' build argument 'cmake_clean_cache' from command line to 'False'
[2.430s] Level 5:colcon.colcon_core.verb:set package 'example_mode_with_executor_cpp' build argument 'cmake_clean_first' from command line to 'False'
[2.430s] Level 5:colcon.colcon_core.verb:set package 'example_mode_with_executor_cpp' build argument 'cmake_force_configure' from command line to 'False'
[2.430s] Level 5:colcon.colcon_core.verb:set package 'example_mode_with_executor_cpp' build argument 'ament_cmake_args' from command line to 'None'
[2.430s] Level 5:colcon.colcon_core.verb:set package 'example_mode_with_executor_cpp' build argument 'catkin_cmake_args' from command line to 'None'
[2.430s] Level 5:colcon.colcon_core.verb:set package 'example_mode_with_executor_cpp' build argument 'catkin_skip_building_tests' from command line to 'False'
[2.430s] DEBUG:colcon.colcon_core.verb:Building package 'example_mode_with_executor_cpp' with the following arguments: {'ament_cmake_args': None, 'build_base': '/home/giromi/Repos/ws_sensor_combined_src/build/example_mode_with_executor_cpp', 'catkin_cmake_args': None, 'catkin_skip_building_tests': False, 'cmake_args': None, 'cmake_clean_cache': False, 'cmake_clean_first': False, 'cmake_force_configure': False, 'cmake_target': None, 'cmake_target_skip_unavailable': False, 'install_base': '/home/giromi/Repos/ws_sensor_combined_src/install/example_mode_with_executor_cpp', 'merge_install': False, 'path': '/home/giromi/Repos/ws_sensor_combined_src/src/px4-ros2-interface-lib/examples/cpp/modes/mode_with_executor', 'symlink_install': False, 'test_result_base': None}
[2.456s] INFO:colcon.colcon_core.executor:Executing jobs using 'parallel' executor
[2.480s] DEBUG:colcon.colcon_parallel_executor.executor.parallel:run_until_complete
[2.480s] INFO:colcon.colcon_ros.task.ament_cmake.build:Building ROS package in '/home/giromi/Repos/ws_sensor_combined_src/src/px4_msgs' with build type 'ament_cmake'
[2.480s] INFO:colcon.colcon_cmake.task.cmake.build:Building CMake package in '/home/giromi/Repos/ws_sensor_combined_src/src/px4_msgs'
[2.509s] INFO:colcon.colcon_core.plugin_system:Skipping extension 'colcon_core.shell.bat': Not used on non-Windows systems
[2.509s] INFO:colcon.colcon_core.shell:Skip shell extension 'powershell' for command environment: Not usable outside of PowerShell
[2.510s] DEBUG:colcon.colcon_core.shell:Skip shell extension 'dsv' for command environment
[2.627s] DEBUG:colcon.colcon_core.event_handler.log_command:Invoking command in '/home/giromi/Repos/ws_sensor_combined_src/build/px4_msgs': CMAKE_PREFIX_PATH=${CMAKE_PREFIX_PATH}:/opt/ros/humble /usr/bin/cmake --build /home/giromi/Repos/ws_sensor_combined_src/build/px4_msgs -- -j8 -l8
[4.891s] DEBUG:colcon.colcon_core.event_handler.log_command:Invoked command in '/home/giromi/Repos/ws_sensor_combined_src/build/px4_msgs' returned '0': CMAKE_PREFIX_PATH=${CMAKE_PREFIX_PATH}:/opt/ros/humble /usr/bin/cmake --build /home/giromi/Repos/ws_sensor_combined_src/build/px4_msgs -- -j8 -l8
[12.609s] DEBUG:colcon.colcon_core.event_handler.log_command:Invoking command in '/home/giromi/Repos/ws_sensor_combined_src/build/px4_msgs': CMAKE_PREFIX_PATH=${CMAKE_PREFIX_PATH}:/opt/ros/humble /usr/bin/cmake --install /home/giromi/Repos/ws_sensor_combined_src/build/px4_msgs
[13.204s] Level 1:colcon.colcon_core.environment:create_environment_scripts_only(px4_msgs)
[13.205s] DEBUG:colcon.colcon_core.event_handler.log_command:Invoked command in '/home/giromi/Repos/ws_sensor_combined_src/build/px4_msgs' returned '0': CMAKE_PREFIX_PATH=${CMAKE_PREFIX_PATH}:/opt/ros/humble /usr/bin/cmake --install /home/giromi/Repos/ws_sensor_combined_src/build/px4_msgs
[13.240s] Level 1:colcon.colcon_core.environment:checking '/home/giromi/Repos/ws_sensor_combined_src/install/px4_msgs' for CMake module files
[13.241s] Level 1:colcon.colcon_core.environment:checking '/home/giromi/Repos/ws_sensor_combined_src/install/px4_msgs' for CMake config files
[13.247s] Level 1:colcon.colcon_core.shell:create_environment_hook('px4_msgs', 'cmake_prefix_path')
[13.274s] INFO:colcon.colcon_core.shell:Creating environment hook '/home/giromi/Repos/ws_sensor_combined_src/install/px4_msgs/share/px4_msgs/hook/cmake_prefix_path.ps1'
[13.274s] INFO:colcon.colcon_core.shell:Creating environment descriptor '/home/giromi/Repos/ws_sensor_combined_src/install/px4_msgs/share/px4_msgs/hook/cmake_prefix_path.dsv'
[13.275s] INFO:colcon.colcon_core.shell:Creating environment hook '/home/giromi/Repos/ws_sensor_combined_src/install/px4_msgs/share/px4_msgs/hook/cmake_prefix_path.sh'
[13.276s] Level 1:colcon.colcon_core.environment:checking '/home/giromi/Repos/ws_sensor_combined_src/install/px4_msgs/lib'
[13.276s] Level 1:colcon.colcon_core.shell:create_environment_hook('px4_msgs', 'ld_library_path_lib')
[13.308s] INFO:colcon.colcon_core.shell:Creating environment hook '/home/giromi/Repos/ws_sensor_combined_src/install/px4_msgs/share/px4_msgs/hook/ld_library_path_lib.ps1'
[13.309s] INFO:colcon.colcon_core.shell:Creating environment descriptor '/home/giromi/Repos/ws_sensor_combined_src/install/px4_msgs/share/px4_msgs/hook/ld_library_path_lib.dsv'
[13.309s] INFO:colcon.colcon_core.shell:Creating environment hook '/home/giromi/Repos/ws_sensor_combined_src/install/px4_msgs/share/px4_msgs/hook/ld_library_path_lib.sh'
[13.310s] Level 1:colcon.colcon_core.environment:checking '/home/giromi/Repos/ws_sensor_combined_src/install/px4_msgs/bin'
[13.310s] Level 1:colcon.colcon_core.environment:checking '/home/giromi/Repos/ws_sensor_combined_src/install/px4_msgs/lib/pkgconfig/px4_msgs.pc'
[13.311s] Level 1:colcon.colcon_core.environment:checking '/home/giromi/Repos/ws_sensor_combined_src/install/px4_msgs/lib/python3.10/site-packages'
[13.311s] Level 1:colcon.colcon_core.environment:checking '/home/giromi/Repos/ws_sensor_combined_src/install/px4_msgs/bin'
[13.339s] INFO:colcon.colcon_core.shell:Creating package script '/home/giromi/Repos/ws_sensor_combined_src/install/px4_msgs/share/px4_msgs/package.ps1'
[13.340s] INFO:colcon.colcon_core.shell:Creating package descriptor '/home/giromi/Repos/ws_sensor_combined_src/install/px4_msgs/share/px4_msgs/package.dsv'
[13.341s] INFO:colcon.colcon_core.shell:Creating package script '/home/giromi/Repos/ws_sensor_combined_src/install/px4_msgs/share/px4_msgs/package.sh'
[13.342s] INFO:colcon.colcon_core.shell:Creating package script '/home/giromi/Repos/ws_sensor_combined_src/install/px4_msgs/share/px4_msgs/package.bash'
[13.343s] INFO:colcon.colcon_core.shell:Creating package script '/home/giromi/Repos/ws_sensor_combined_src/install/px4_msgs/share/px4_msgs/package.zsh'
[13.344s] Level 1:colcon.colcon_core.environment:create_file_with_runtime_dependencies(/home/giromi/Repos/ws_sensor_combined_src/install/px4_msgs/share/colcon-core/packages/px4_msgs)
[21.089s] Level 1:colcon.colcon_core.environment:create_environment_scripts_only(px4_msgs)
[21.117s] Level 1:colcon.colcon_core.environment:checking '/home/giromi/Repos/ws_sensor_combined_src/install/px4_msgs' for CMake module files
[21.118s] Level 1:colcon.colcon_core.environment:checking '/home/giromi/Repos/ws_sensor_combined_src/install/px4_msgs' for CMake config files
[21.124s] Level 1:colcon.colcon_core.shell:create_environment_hook('px4_msgs', 'cmake_prefix_path')
[21.150s] INFO:colcon.colcon_core.shell:Creating environment hook '/home/giromi/Repos/ws_sensor_combined_src/install/px4_msgs/share/px4_msgs/hook/cmake_prefix_path.ps1'
[21.151s] INFO:colcon.colcon_core.shell:Creating environment descriptor '/home/giromi/Repos/ws_sensor_combined_src/install/px4_msgs/share/px4_msgs/hook/cmake_prefix_path.dsv'
[21.151s] INFO:colcon.colcon_core.shell:Creating environment hook '/home/giromi/Repos/ws_sensor_combined_src/install/px4_msgs/share/px4_msgs/hook/cmake_prefix_path.sh'
[21.152s] Level 1:colcon.colcon_core.environment:checking '/home/giromi/Repos/ws_sensor_combined_src/install/px4_msgs/lib'
[21.153s] Level 1:colcon.colcon_core.shell:create_environment_hook('px4_msgs', 'ld_library_path_lib')
[21.175s] INFO:colcon.colcon_core.shell:Creating environment hook '/home/giromi/Repos/ws_sensor_combined_src/install/px4_msgs/share/px4_msgs/hook/ld_library_path_lib.ps1'
[21.176s] INFO:colcon.colcon_core.shell:Creating environment descriptor '/home/giromi/Repos/ws_sensor_combined_src/install/px4_msgs/share/px4_msgs/hook/ld_library_path_lib.dsv'
[21.176s] INFO:colcon.colcon_core.shell:Creating environment hook '/home/giromi/Repos/ws_sensor_combined_src/install/px4_msgs/share/px4_msgs/hook/ld_library_path_lib.sh'
[21.178s] Level 1:colcon.colcon_core.environment:checking '/home/giromi/Repos/ws_sensor_combined_src/install/px4_msgs/bin'
[21.178s] Level 1:colcon.colcon_core.environment:checking '/home/giromi/Repos/ws_sensor_combined_src/install/px4_msgs/lib/pkgconfig/px4_msgs.pc'
[21.178s] Level 1:colcon.colcon_core.environment:checking '/home/giromi/Repos/ws_sensor_combined_src/install/px4_msgs/lib/python3.10/site-packages'
[21.179s] Level 1:colcon.colcon_core.environment:checking '/home/giromi/Repos/ws_sensor_combined_src/install/px4_msgs/bin'
[21.203s] INFO:colcon.colcon_core.shell:Creating package script '/home/giromi/Repos/ws_sensor_combined_src/install/px4_msgs/share/px4_msgs/package.ps1'
[21.204s] INFO:colcon.colcon_core.shell:Creating package descriptor '/home/giromi/Repos/ws_sensor_combined_src/install/px4_msgs/share/px4_msgs/package.dsv'
[21.205s] INFO:colcon.colcon_core.shell:Creating package script '/home/giromi/Repos/ws_sensor_combined_src/install/px4_msgs/share/px4_msgs/package.sh'
[21.206s] INFO:colcon.colcon_core.shell:Creating package script '/home/giromi/Repos/ws_sensor_combined_src/install/px4_msgs/share/px4_msgs/package.bash'
[21.206s] INFO:colcon.colcon_core.shell:Creating package script '/home/giromi/Repos/ws_sensor_combined_src/install/px4_msgs/share/px4_msgs/package.zsh'
[21.206s] Level 1:colcon.colcon_core.environment:create_file_with_runtime_dependencies(/home/giromi/Repos/ws_sensor_combined_src/install/px4_msgs/share/colcon-core/packages/px4_msgs)
[21.207s] INFO:colcon.colcon_ros.task.ament_cmake.build:Building ROS package in '/home/giromi/Repos/ws_sensor_combined_src/src/px4-ros2-interface-lib/px4_ros2_cpp' with build type 'ament_cmake'
[21.207s] INFO:colcon.colcon_cmake.task.cmake.build:Building CMake package in '/home/giromi/Repos/ws_sensor_combined_src/src/px4-ros2-interface-lib/px4_ros2_cpp'
[21.234s] INFO:colcon.colcon_core.shell:Skip shell extension 'powershell' for command environment: Not usable outside of PowerShell
[21.234s] DEBUG:colcon.colcon_core.shell:Skip shell extension 'dsv' for command environment
[21.351s] INFO:colcon.colcon_ros.task.ament_cmake.build:Building ROS package in '/home/giromi/Repos/ws_sensor_combined_src/src/px4_ros_com' with build type 'ament_cmake'
[21.352s] INFO:colcon.colcon_cmake.task.cmake.build:Building CMake package in '/home/giromi/Repos/ws_sensor_combined_src/src/px4_ros_com'
[21.374s] INFO:colcon.colcon_core.shell:Skip shell extension 'powershell' for command environment: Not usable outside of PowerShell
[21.374s] DEBUG:colcon.colcon_core.shell:Skip shell extension 'dsv' for command environment
[21.494s] DEBUG:colcon.colcon_core.event_handler.log_command:Invoking command in '/home/giromi/Repos/ws_sensor_combined_src/build/px4_ros2_cpp': CMAKE_PREFIX_PATH=/home/giromi/Repos/ws_sensor_combined_src/install/px4_msgs:/home/giromi/Repos/ws_sensor_combined_src/install/example_mode_with_executor_cpp:/home/giromi/Repos/ws_sensor_combined_src/install/example_mode_rtl_replacement_cpp:/home/giromi/Repos/ws_sensor_combined_src/install/example_mode_manual_cpp:/home/giromi/Repos/ws_sensor_combined_src/install/example_mode_goto_cpp:/home/giromi/Repos/ws_sensor_combined_src/install/example_local_navigation_cpp:/home/giromi/Repos/ws_sensor_combined_src/install/example_global_navigation_cpp:/home/giromi/Repos/ws_sensor_combined_src/install/px4_ros2_cpp:/home/giromi/Repos/ws_sensor_combined_src/install/px4_ros_com:/opt/ros/humble LD_LIBRARY_PATH=/home/giromi/Repos/ws_sensor_combined_src/install/px4_msgs/lib:/home/giromi/Repos/ws_sensor_combined_src/install/px4_ros2_cpp/lib:/home/giromi/Repos/ws_sensor_combined_src/install/px4_ros_com/lib:/opt/ros/humble/opt/rviz_ogre_vendor/lib:/opt/ros/humble/lib/x86_64-linux-gnu:/opt/ros/humble/lib /usr/bin/cmake --build /home/giromi/Repos/ws_sensor_combined_src/build/px4_ros2_cpp -- -j8 -l8
[21.499s] DEBUG:colcon.colcon_core.event_handler.log_command:Invoking command in '/home/giromi/Repos/ws_sensor_combined_src/build/px4_ros_com': CMAKE_PREFIX_PATH=/home/giromi/Repos/ws_sensor_combined_src/install/px4_msgs:/home/giromi/Repos/ws_sensor_combined_src/install/example_mode_with_executor_cpp:/home/giromi/Repos/ws_sensor_combined_src/install/example_mode_rtl_replacement_cpp:/home/giromi/Repos/ws_sensor_combined_src/install/example_mode_manual_cpp:/home/giromi/Repos/ws_sensor_combined_src/install/example_mode_goto_cpp:/home/giromi/Repos/ws_sensor_combined_src/install/example_local_navigation_cpp:/home/giromi/Repos/ws_sensor_combined_src/install/example_global_navigation_cpp:/home/giromi/Repos/ws_sensor_combined_src/install/px4_ros2_cpp:/home/giromi/Repos/ws_sensor_combined_src/install/px4_ros_com:/opt/ros/humble LD_LIBRARY_PATH=/home/giromi/Repos/ws_sensor_combined_src/install/px4_msgs/lib:/home/giromi/Repos/ws_sensor_combined_src/install/px4_ros2_cpp/lib:/home/giromi/Repos/ws_sensor_combined_src/install/px4_ros_com/lib:/opt/ros/humble/opt/rviz_ogre_vendor/lib:/opt/ros/humble/lib/x86_64-linux-gnu:/opt/ros/humble/lib /usr/bin/cmake --build /home/giromi/Repos/ws_sensor_combined_src/build/px4_ros_com -- -j8 -l8
[21.712s] DEBUG:colcon.colcon_core.event_handler.log_command:Invoked command in '/home/giromi/Repos/ws_sensor_combined_src/build/px4_ros2_cpp' returned '0': CMAKE_PREFIX_PATH=/home/giromi/Repos/ws_sensor_combined_src/install/px4_msgs:/home/giromi/Repos/ws_sensor_combined_src/install/example_mode_with_executor_cpp:/home/giromi/Repos/ws_sensor_combined_src/install/example_mode_rtl_replacement_cpp:/home/giromi/Repos/ws_sensor_combined_src/install/example_mode_manual_cpp:/home/giromi/Repos/ws_sensor_combined_src/install/example_mode_goto_cpp:/home/giromi/Repos/ws_sensor_combined_src/install/example_local_navigation_cpp:/home/giromi/Repos/ws_sensor_combined_src/install/example_global_navigation_cpp:/home/giromi/Repos/ws_sensor_combined_src/install/px4_ros2_cpp:/home/giromi/Repos/ws_sensor_combined_src/install/px4_ros_com:/opt/ros/humble LD_LIBRARY_PATH=/home/giromi/Repos/ws_sensor_combined_src/install/px4_msgs/lib:/home/giromi/Repos/ws_sensor_combined_src/install/px4_ros2_cpp/lib:/home/giromi/Repos/ws_sensor_combined_src/install/px4_ros_com/lib:/opt/ros/humble/opt/rviz_ogre_vendor/lib:/opt/ros/humble/lib/x86_64-linux-gnu:/opt/ros/humble/lib /usr/bin/cmake --build /home/giromi/Repos/ws_sensor_combined_src/build/px4_ros2_cpp -- -j8 -l8
[21.873s] DEBUG:colcon.colcon_core.event_handler.log_command:Invoking command in '/home/giromi/Repos/ws_sensor_combined_src/build/px4_ros2_cpp': CMAKE_PREFIX_PATH=/home/giromi/Repos/ws_sensor_combined_src/install/px4_msgs:/home/giromi/Repos/ws_sensor_combined_src/install/example_mode_with_executor_cpp:/home/giromi/Repos/ws_sensor_combined_src/install/example_mode_rtl_replacement_cpp:/home/giromi/Repos/ws_sensor_combined_src/install/example_mode_manual_cpp:/home/giromi/Repos/ws_sensor_combined_src/install/example_mode_goto_cpp:/home/giromi/Repos/ws_sensor_combined_src/install/example_local_navigation_cpp:/home/giromi/Repos/ws_sensor_combined_src/install/example_global_navigation_cpp:/home/giromi/Repos/ws_sensor_combined_src/install/px4_ros2_cpp:/home/giromi/Repos/ws_sensor_combined_src/install/px4_ros_com:/opt/ros/humble LD_LIBRARY_PATH=/home/giromi/Repos/ws_sensor_combined_src/install/px4_msgs/lib:/home/giromi/Repos/ws_sensor_combined_src/install/px4_ros2_cpp/lib:/home/giromi/Repos/ws_sensor_combined_src/install/px4_ros_com/lib:/opt/ros/humble/opt/rviz_ogre_vendor/lib:/opt/ros/humble/lib/x86_64-linux-gnu:/opt/ros/humble/lib /usr/bin/cmake --install /home/giromi/Repos/ws_sensor_combined_src/build/px4_ros2_cpp
[21.888s] Level 1:colcon.colcon_core.environment:create_environment_scripts_only(px4_ros2_cpp)
[21.896s] DEBUG:colcon.colcon_core.event_handler.log_command:Invoked command in '/home/giromi/Repos/ws_sensor_combined_src/build/px4_ros2_cpp' returned '0': CMAKE_PREFIX_PATH=/home/giromi/Repos/ws_sensor_combined_src/install/px4_msgs:/home/giromi/Repos/ws_sensor_combined_src/install/example_mode_with_executor_cpp:/home/giromi/Repos/ws_sensor_combined_src/install/example_mode_rtl_replacement_cpp:/home/giromi/Repos/ws_sensor_combined_src/install/example_mode_manual_cpp:/home/giromi/Repos/ws_sensor_combined_src/install/example_mode_goto_cpp:/home/giromi/Repos/ws_sensor_combined_src/install/example_local_navigation_cpp:/home/giromi/Repos/ws_sensor_combined_src/install/example_global_navigation_cpp:/home/giromi/Repos/ws_sensor_combined_src/install/px4_ros2_cpp:/home/giromi/Repos/ws_sensor_combined_src/install/px4_ros_com:/opt/ros/humble LD_LIBRARY_PATH=/home/giromi/Repos/ws_sensor_combined_src/install/px4_msgs/lib:/home/giromi/Repos/ws_sensor_combined_src/install/px4_ros2_cpp/lib:/home/giromi/Repos/ws_sensor_combined_src/install/px4_ros_com/lib:/opt/ros/humble/opt/rviz_ogre_vendor/lib:/opt/ros/humble/lib/x86_64-linux-gnu:/opt/ros/humble/lib /usr/bin/cmake --install /home/giromi/Repos/ws_sensor_combined_src/build/px4_ros2_cpp
[21.929s] Level 1:colcon.colcon_core.environment:checking '/home/giromi/Repos/ws_sensor_combined_src/install/px4_ros2_cpp' for CMake module files
[21.930s] Level 1:colcon.colcon_core.environment:checking '/home/giromi/Repos/ws_sensor_combined_src/install/px4_ros2_cpp' for CMake config files
[21.931s] Level 1:colcon.colcon_core.shell:create_environment_hook('px4_ros2_cpp', 'cmake_prefix_path')
[21.959s] INFO:colcon.colcon_core.shell:Creating environment hook '/home/giromi/Repos/ws_sensor_combined_src/install/px4_ros2_cpp/share/px4_ros2_cpp/hook/cmake_prefix_path.ps1'
[21.959s] INFO:colcon.colcon_core.shell:Creating environment descriptor '/home/giromi/Repos/ws_sensor_combined_src/install/px4_ros2_cpp/share/px4_ros2_cpp/hook/cmake_prefix_path.dsv'
[21.960s] INFO:colcon.colcon_core.shell:Creating environment hook '/home/giromi/Repos/ws_sensor_combined_src/install/px4_ros2_cpp/share/px4_ros2_cpp/hook/cmake_prefix_path.sh'
[21.961s] Level 1:colcon.colcon_core.environment:checking '/home/giromi/Repos/ws_sensor_combined_src/install/px4_ros2_cpp/lib'
[21.961s] Level 1:colcon.colcon_core.shell:create_environment_hook('px4_ros2_cpp', 'ld_library_path_lib')
[21.986s] INFO:colcon.colcon_core.shell:Creating environment hook '/home/giromi/Repos/ws_sensor_combined_src/install/px4_ros2_cpp/share/px4_ros2_cpp/hook/ld_library_path_lib.ps1'
[21.987s] INFO:colcon.colcon_core.shell:Creating environment descriptor '/home/giromi/Repos/ws_sensor_combined_src/install/px4_ros2_cpp/share/px4_ros2_cpp/hook/ld_library_path_lib.dsv'
[21.988s] INFO:colcon.colcon_core.shell:Creating environment hook '/home/giromi/Repos/ws_sensor_combined_src/install/px4_ros2_cpp/share/px4_ros2_cpp/hook/ld_library_path_lib.sh'
[21.988s] Level 1:colcon.colcon_core.environment:checking '/home/giromi/Repos/ws_sensor_combined_src/install/px4_ros2_cpp/bin'
[21.988s] Level 1:colcon.colcon_core.environment:checking '/home/giromi/Repos/ws_sensor_combined_src/install/px4_ros2_cpp/lib/pkgconfig/px4_ros2_cpp.pc'
[21.989s] Level 1:colcon.colcon_core.environment:checking '/home/giromi/Repos/ws_sensor_combined_src/install/px4_ros2_cpp/lib/python3.10/site-packages'
[21.989s] Level 1:colcon.colcon_core.environment:checking '/home/giromi/Repos/ws_sensor_combined_src/install/px4_ros2_cpp/bin'
[22.013s] INFO:colcon.colcon_core.shell:Creating package script '/home/giromi/Repos/ws_sensor_combined_src/install/px4_ros2_cpp/share/px4_ros2_cpp/package.ps1'
[22.014s] INFO:colcon.colcon_core.shell:Creating package descriptor '/home/giromi/Repos/ws_sensor_combined_src/install/px4_ros2_cpp/share/px4_ros2_cpp/package.dsv'
[22.015s] INFO:colcon.colcon_core.shell:Creating package script '/home/giromi/Repos/ws_sensor_combined_src/install/px4_ros2_cpp/share/px4_ros2_cpp/package.sh'
[22.015s] INFO:colcon.colcon_core.shell:Creating package script '/home/giromi/Repos/ws_sensor_combined_src/install/px4_ros2_cpp/share/px4_ros2_cpp/package.bash'
[22.016s] INFO:colcon.colcon_core.shell:Creating package script '/home/giromi/Repos/ws_sensor_combined_src/install/px4_ros2_cpp/share/px4_ros2_cpp/package.zsh'
[22.016s] Level 1:colcon.colcon_core.environment:create_file_with_runtime_dependencies(/home/giromi/Repos/ws_sensor_combined_src/install/px4_ros2_cpp/share/colcon-core/packages/px4_ros2_cpp)
[22.202s] Level 1:colcon.colcon_core.environment:create_environment_scripts_only(px4_ros2_cpp)
[22.227s] Level 1:colcon.colcon_core.environment:checking '/home/giromi/Repos/ws_sensor_combined_src/install/px4_ros2_cpp' for CMake module files
[22.228s] Level 1:colcon.colcon_core.environment:checking '/home/giromi/Repos/ws_sensor_combined_src/install/px4_ros2_cpp' for CMake config files
[22.229s] Level 1:colcon.colcon_core.shell:create_environment_hook('px4_ros2_cpp', 'cmake_prefix_path')
[22.255s] INFO:colcon.colcon_core.shell:Creating environment hook '/home/giromi/Repos/ws_sensor_combined_src/install/px4_ros2_cpp/share/px4_ros2_cpp/hook/cmake_prefix_path.ps1'
[22.255s] INFO:colcon.colcon_core.shell:Creating environment descriptor '/home/giromi/Repos/ws_sensor_combined_src/install/px4_ros2_cpp/share/px4_ros2_cpp/hook/cmake_prefix_path.dsv'
[22.256s] INFO:colcon.colcon_core.shell:Creating environment hook '/home/giromi/Repos/ws_sensor_combined_src/install/px4_ros2_cpp/share/px4_ros2_cpp/hook/cmake_prefix_path.sh'
[22.256s] Level 1:colcon.colcon_core.environment:checking '/home/giromi/Repos/ws_sensor_combined_src/install/px4_ros2_cpp/lib'
[22.257s] Level 1:colcon.colcon_core.shell:create_environment_hook('px4_ros2_cpp', 'ld_library_path_lib')
[22.284s] INFO:colcon.colcon_core.shell:Creating environment hook '/home/giromi/Repos/ws_sensor_combined_src/install/px4_ros2_cpp/share/px4_ros2_cpp/hook/ld_library_path_lib.ps1'
[22.285s] INFO:colcon.colcon_core.shell:Creating environment descriptor '/home/giromi/Repos/ws_sensor_combined_src/install/px4_ros2_cpp/share/px4_ros2_cpp/hook/ld_library_path_lib.dsv'
[22.285s] INFO:colcon.colcon_core.shell:Creating environment hook '/home/giromi/Repos/ws_sensor_combined_src/install/px4_ros2_cpp/share/px4_ros2_cpp/hook/ld_library_path_lib.sh'
[22.286s] Level 1:colcon.colcon_core.environment:checking '/home/giromi/Repos/ws_sensor_combined_src/install/px4_ros2_cpp/bin'
[22.286s] Level 1:colcon.colcon_core.environment:checking '/home/giromi/Repos/ws_sensor_combined_src/install/px4_ros2_cpp/lib/pkgconfig/px4_ros2_cpp.pc'
[22.286s] Level 1:colcon.colcon_core.environment:checking '/home/giromi/Repos/ws_sensor_combined_src/install/px4_ros2_cpp/lib/python3.10/site-packages'
[22.287s] Level 1:colcon.colcon_core.environment:checking '/home/giromi/Repos/ws_sensor_combined_src/install/px4_ros2_cpp/bin'
[22.311s] INFO:colcon.colcon_core.shell:Creating package script '/home/giromi/Repos/ws_sensor_combined_src/install/px4_ros2_cpp/share/px4_ros2_cpp/package.ps1'
[22.312s] INFO:colcon.colcon_core.shell:Creating package descriptor '/home/giromi/Repos/ws_sensor_combined_src/install/px4_ros2_cpp/share/px4_ros2_cpp/package.dsv'
[22.313s] INFO:colcon.colcon_core.shell:Creating package script '/home/giromi/Repos/ws_sensor_combined_src/install/px4_ros2_cpp/share/px4_ros2_cpp/package.sh'
[22.314s] INFO:colcon.colcon_core.shell:Creating package script '/home/giromi/Repos/ws_sensor_combined_src/install/px4_ros2_cpp/share/px4_ros2_cpp/package.bash'
[22.315s] INFO:colcon.colcon_core.shell:Creating package script '/home/giromi/Repos/ws_sensor_combined_src/install/px4_ros2_cpp/share/px4_ros2_cpp/package.zsh'
[22.315s] Level 1:colcon.colcon_core.environment:create_file_with_runtime_dependencies(/home/giromi/Repos/ws_sensor_combined_src/install/px4_ros2_cpp/share/colcon-core/packages/px4_ros2_cpp)
[22.316s] INFO:colcon.colcon_ros.task.ament_cmake.build:Building ROS package in '/home/giromi/Repos/ws_sensor_combined_src/src/px4-ros2-interface-lib/examples/cpp/navigation/global_navigation' with build type 'ament_cmake'
[22.316s] INFO:colcon.colcon_cmake.task.cmake.build:Building CMake package in '/home/giromi/Repos/ws_sensor_combined_src/src/px4-ros2-interface-lib/examples/cpp/navigation/global_navigation'
[22.342s] INFO:colcon.colcon_core.shell:Skip shell extension 'powershell' for command environment: Not usable outside of PowerShell
[22.342s] DEBUG:colcon.colcon_core.shell:Skip shell extension 'dsv' for command environment
[22.456s] INFO:colcon.colcon_ros.task.ament_cmake.build:Building ROS package in '/home/giromi/Repos/ws_sensor_combined_src/src/px4-ros2-interface-lib/examples/cpp/navigation/local_navigation' with build type 'ament_cmake'
[22.456s] INFO:colcon.colcon_cmake.task.cmake.build:Building CMake package in '/home/giromi/Repos/ws_sensor_combined_src/src/px4-ros2-interface-lib/examples/cpp/navigation/local_navigation'
[22.487s] INFO:colcon.colcon_core.shell:Skip shell extension 'powershell' for command environment: Not usable outside of PowerShell
[22.487s] DEBUG:colcon.colcon_core.shell:Skip shell extension 'dsv' for command environment
[22.596s] INFO:colcon.colcon_ros.task.ament_cmake.build:Building ROS package in '/home/giromi/Repos/ws_sensor_combined_src/src/px4-ros2-interface-lib/examples/cpp/modes/goto' with build type 'ament_cmake'
[22.596s] INFO:colcon.colcon_cmake.task.cmake.build:Building CMake package in '/home/giromi/Repos/ws_sensor_combined_src/src/px4-ros2-interface-lib/examples/cpp/modes/goto'
[22.622s] INFO:colcon.colcon_core.shell:Skip shell extension 'powershell' for command environment: Not usable outside of PowerShell
[22.623s] DEBUG:colcon.colcon_core.shell:Skip shell extension 'dsv' for command environment
[22.734s] INFO:colcon.colcon_ros.task.ament_cmake.build:Building ROS package in '/home/giromi/Repos/ws_sensor_combined_src/src/px4-ros2-interface-lib/examples/cpp/modes/manual' with build type 'ament_cmake'
[22.735s] INFO:colcon.colcon_cmake.task.cmake.build:Building CMake package in '/home/giromi/Repos/ws_sensor_combined_src/src/px4-ros2-interface-lib/examples/cpp/modes/manual'
[22.763s] INFO:colcon.colcon_core.shell:Skip shell extension 'powershell' for command environment: Not usable outside of PowerShell
[22.764s] DEBUG:colcon.colcon_core.shell:Skip shell extension 'dsv' for command environment
[22.883s] INFO:colcon.colcon_ros.task.ament_cmake.build:Building ROS package in '/home/giromi/Repos/ws_sensor_combined_src/src/px4-ros2-interface-lib/examples/cpp/modes/rtl_replacement' with build type 'ament_cmake'
[22.884s] INFO:colcon.colcon_cmake.task.cmake.build:Building CMake package in '/home/giromi/Repos/ws_sensor_combined_src/src/px4-ros2-interface-lib/examples/cpp/modes/rtl_replacement'
[22.917s] INFO:colcon.colcon_core.shell:Skip shell extension 'powershell' for command environment: Not usable outside of PowerShell
[22.918s] DEBUG:colcon.colcon_core.shell:Skip shell extension 'dsv' for command environment
[23.055s] INFO:colcon.colcon_ros.task.ament_cmake.build:Building ROS package in '/home/giromi/Repos/ws_sensor_combined_src/src/px4-ros2-interface-lib/examples/cpp/modes/mode_with_executor' with build type 'ament_cmake'
[23.055s] INFO:colcon.colcon_cmake.task.cmake.build:Building CMake package in '/home/giromi/Repos/ws_sensor_combined_src/src/px4-ros2-interface-lib/examples/cpp/modes/mode_with_executor'
[23.083s] INFO:colcon.colcon_core.shell:Skip shell extension 'powershell' for command environment: Not usable outside of PowerShell
[23.083s] DEBUG:colcon.colcon_core.shell:Skip shell extension 'dsv' for command environment
[23.233s] DEBUG:colcon.colcon_core.event_handler.log_command:Invoking command in '/home/giromi/Repos/ws_sensor_combined_src/build/example_global_navigation_cpp': CMAKE_PREFIX_PATH=/home/giromi/Repos/ws_sensor_combined_src/install/px4_ros2_cpp:/home/giromi/Repos/ws_sensor_combined_src/install/px4_msgs:/home/giromi/Repos/ws_sensor_combined_src/install/example_mode_with_executor_cpp:/home/giromi/Repos/ws_sensor_combined_src/install/example_mode_rtl_replacement_cpp:/home/giromi/Repos/ws_sensor_combined_src/install/example_mode_manual_cpp:/home/giromi/Repos/ws_sensor_combined_src/install/example_mode_goto_cpp:/home/giromi/Repos/ws_sensor_combined_src/install/example_local_navigation_cpp:/home/giromi/Repos/ws_sensor_combined_src/install/example_global_navigation_cpp:/home/giromi/Repos/ws_sensor_combined_src/install/px4_ros_com:/opt/ros/humble LD_LIBRARY_PATH=/home/giromi/Repos/ws_sensor_combined_src/install/px4_ros2_cpp/lib:/home/giromi/Repos/ws_sensor_combined_src/install/px4_msgs/lib:/home/giromi/Repos/ws_sensor_combined_src/install/px4_ros_com/lib:/opt/ros/humble/opt/rviz_ogre_vendor/lib:/opt/ros/humble/lib/x86_64-linux-gnu:/opt/ros/humble/lib /usr/bin/cmake --build /home/giromi/Repos/ws_sensor_combined_src/build/example_global_navigation_cpp -- -j8 -l8
[23.237s] DEBUG:colcon.colcon_core.event_handler.log_command:Invoking command in '/home/giromi/Repos/ws_sensor_combined_src/build/example_local_navigation_cpp': CMAKE_PREFIX_PATH=/home/giromi/Repos/ws_sensor_combined_src/install/px4_ros2_cpp:/home/giromi/Repos/ws_sensor_combined_src/install/px4_msgs:/home/giromi/Repos/ws_sensor_combined_src/install/example_mode_with_executor_cpp:/home/giromi/Repos/ws_sensor_combined_src/install/example_mode_rtl_replacement_cpp:/home/giromi/Repos/ws_sensor_combined_src/install/example_mode_manual_cpp:/home/giromi/Repos/ws_sensor_combined_src/install/example_mode_goto_cpp:/home/giromi/Repos/ws_sensor_combined_src/install/example_local_navigation_cpp:/home/giromi/Repos/ws_sensor_combined_src/install/example_global_navigation_cpp:/home/giromi/Repos/ws_sensor_combined_src/install/px4_ros_com:/opt/ros/humble LD_LIBRARY_PATH=/home/giromi/Repos/ws_sensor_combined_src/install/px4_ros2_cpp/lib:/home/giromi/Repos/ws_sensor_combined_src/install/px4_msgs/lib:/home/giromi/Repos/ws_sensor_combined_src/install/px4_ros_com/lib:/opt/ros/humble/opt/rviz_ogre_vendor/lib:/opt/ros/humble/lib/x86_64-linux-gnu:/opt/ros/humble/lib /usr/bin/cmake --build /home/giromi/Repos/ws_sensor_combined_src/build/example_local_navigation_cpp -- -j8 -l8
[23.244s] DEBUG:colcon.colcon_core.event_handler.log_command:Invoking command in '/home/giromi/Repos/ws_sensor_combined_src/build/example_mode_goto_cpp': CMAKE_PREFIX_PATH=/home/giromi/Repos/ws_sensor_combined_src/install/px4_ros2_cpp:/home/giromi/Repos/ws_sensor_combined_src/install/px4_msgs:/home/giromi/Repos/ws_sensor_combined_src/install/example_mode_with_executor_cpp:/home/giromi/Repos/ws_sensor_combined_src/install/example_mode_rtl_replacement_cpp:/home/giromi/Repos/ws_sensor_combined_src/install/example_mode_manual_cpp:/home/giromi/Repos/ws_sensor_combined_src/install/example_mode_goto_cpp:/home/giromi/Repos/ws_sensor_combined_src/install/example_local_navigation_cpp:/home/giromi/Repos/ws_sensor_combined_src/install/example_global_navigation_cpp:/home/giromi/Repos/ws_sensor_combined_src/install/px4_ros_com:/opt/ros/humble LD_LIBRARY_PATH=/home/giromi/Repos/ws_sensor_combined_src/install/px4_ros2_cpp/lib:/home/giromi/Repos/ws_sensor_combined_src/install/px4_msgs/lib:/home/giromi/Repos/ws_sensor_combined_src/install/px4_ros_com/lib:/opt/ros/humble/opt/rviz_ogre_vendor/lib:/opt/ros/humble/lib/x86_64-linux-gnu:/opt/ros/humble/lib /usr/bin/cmake --build /home/giromi/Repos/ws_sensor_combined_src/build/example_mode_goto_cpp -- -j8 -l8
[23.251s] DEBUG:colcon.colcon_core.event_handler.log_command:Invoking command in '/home/giromi/Repos/ws_sensor_combined_src/build/example_mode_manual_cpp': CMAKE_PREFIX_PATH=/home/giromi/Repos/ws_sensor_combined_src/install/px4_ros2_cpp:/home/giromi/Repos/ws_sensor_combined_src/install/px4_msgs:/home/giromi/Repos/ws_sensor_combined_src/install/example_mode_with_executor_cpp:/home/giromi/Repos/ws_sensor_combined_src/install/example_mode_rtl_replacement_cpp:/home/giromi/Repos/ws_sensor_combined_src/install/example_mode_manual_cpp:/home/giromi/Repos/ws_sensor_combined_src/install/example_mode_goto_cpp:/home/giromi/Repos/ws_sensor_combined_src/install/example_local_navigation_cpp:/home/giromi/Repos/ws_sensor_combined_src/install/example_global_navigation_cpp:/home/giromi/Repos/ws_sensor_combined_src/install/px4_ros_com:/opt/ros/humble LD_LIBRARY_PATH=/home/giromi/Repos/ws_sensor_combined_src/install/px4_ros2_cpp/lib:/home/giromi/Repos/ws_sensor_combined_src/install/px4_msgs/lib:/home/giromi/Repos/ws_sensor_combined_src/install/px4_ros_com/lib:/opt/ros/humble/opt/rviz_ogre_vendor/lib:/opt/ros/humble/lib/x86_64-linux-gnu:/opt/ros/humble/lib /usr/bin/cmake --build /home/giromi/Repos/ws_sensor_combined_src/build/example_mode_manual_cpp -- -j8 -l8
[23.269s] DEBUG:colcon.colcon_core.event_handler.log_command:Invoking command in '/home/giromi/Repos/ws_sensor_combined_src/build/example_mode_rtl_replacement_cpp': CMAKE_PREFIX_PATH=/home/giromi/Repos/ws_sensor_combined_src/install/px4_ros2_cpp:/home/giromi/Repos/ws_sensor_combined_src/install/px4_msgs:/home/giromi/Repos/ws_sensor_combined_src/install/example_mode_with_executor_cpp:/home/giromi/Repos/ws_sensor_combined_src/install/example_mode_rtl_replacement_cpp:/home/giromi/Repos/ws_sensor_combined_src/install/example_mode_manual_cpp:/home/giromi/Repos/ws_sensor_combined_src/install/example_mode_goto_cpp:/home/giromi/Repos/ws_sensor_combined_src/install/example_local_navigation_cpp:/home/giromi/Repos/ws_sensor_combined_src/install/example_global_navigation_cpp:/home/giromi/Repos/ws_sensor_combined_src/install/px4_ros_com:/opt/ros/humble LD_LIBRARY_PATH=/home/giromi/Repos/ws_sensor_combined_src/install/px4_ros2_cpp/lib:/home/giromi/Repos/ws_sensor_combined_src/install/px4_msgs/lib:/home/giromi/Repos/ws_sensor_combined_src/install/px4_ros_com/lib:/opt/ros/humble/opt/rviz_ogre_vendor/lib:/opt/ros/humble/lib/x86_64-linux-gnu:/opt/ros/humble/lib /usr/bin/cmake --build /home/giromi/Repos/ws_sensor_combined_src/build/example_mode_rtl_replacement_cpp -- -j8 -l8
[23.312s] DEBUG:colcon.colcon_core.event_handler.log_command:Invoking command in '/home/giromi/Repos/ws_sensor_combined_src/build/example_mode_with_executor_cpp': CMAKE_PREFIX_PATH=/home/giromi/Repos/ws_sensor_combined_src/install/px4_ros2_cpp:/home/giromi/Repos/ws_sensor_combined_src/install/px4_msgs:/home/giromi/Repos/ws_sensor_combined_src/install/example_mode_with_executor_cpp:/home/giromi/Repos/ws_sensor_combined_src/install/example_mode_rtl_replacement_cpp:/home/giromi/Repos/ws_sensor_combined_src/install/example_mode_manual_cpp:/home/giromi/Repos/ws_sensor_combined_src/install/example_mode_goto_cpp:/home/giromi/Repos/ws_sensor_combined_src/install/example_local_navigation_cpp:/home/giromi/Repos/ws_sensor_combined_src/install/example_global_navigation_cpp:/home/giromi/Repos/ws_sensor_combined_src/install/px4_ros_com:/opt/ros/humble LD_LIBRARY_PATH=/home/giromi/Repos/ws_sensor_combined_src/install/px4_ros2_cpp/lib:/home/giromi/Repos/ws_sensor_combined_src/install/px4_msgs/lib:/home/giromi/Repos/ws_sensor_combined_src/install/px4_ros_com/lib:/opt/ros/humble/opt/rviz_ogre_vendor/lib:/opt/ros/humble/lib/x86_64-linux-gnu:/opt/ros/humble/lib /usr/bin/cmake --build /home/giromi/Repos/ws_sensor_combined_src/build/example_mode_with_executor_cpp -- -j8 -l8
[23.419s] DEBUG:colcon.colcon_core.event_handler.log_command:Invoked command in '/home/giromi/Repos/ws_sensor_combined_src/build/example_global_navigation_cpp' returned '0': CMAKE_PREFIX_PATH=/home/giromi/Repos/ws_sensor_combined_src/install/px4_ros2_cpp:/home/giromi/Repos/ws_sensor_combined_src/install/px4_msgs:/home/giromi/Repos/ws_sensor_combined_src/install/example_mode_with_executor_cpp:/home/giromi/Repos/ws_sensor_combined_src/install/example_mode_rtl_replacement_cpp:/home/giromi/Repos/ws_sensor_combined_src/install/example_mode_manual_cpp:/home/giromi/Repos/ws_sensor_combined_src/install/example_mode_goto_cpp:/home/giromi/Repos/ws_sensor_combined_src/install/example_local_navigation_cpp:/home/giromi/Repos/ws_sensor_combined_src/install/example_global_navigation_cpp:/home/giromi/Repos/ws_sensor_combined_src/install/px4_ros_com:/opt/ros/humble LD_LIBRARY_PATH=/home/giromi/Repos/ws_sensor_combined_src/install/px4_ros2_cpp/lib:/home/giromi/Repos/ws_sensor_combined_src/install/px4_msgs/lib:/home/giromi/Repos/ws_sensor_combined_src/install/px4_ros_com/lib:/opt/ros/humble/opt/rviz_ogre_vendor/lib:/opt/ros/humble/lib/x86_64-linux-gnu:/opt/ros/humble/lib /usr/bin/cmake --build /home/giromi/Repos/ws_sensor_combined_src/build/example_global_navigation_cpp -- -j8 -l8
[23.421s] DEBUG:colcon.colcon_core.event_handler.log_command:Invoked command in '/home/giromi/Repos/ws_sensor_combined_src/build/example_local_navigation_cpp' returned '0': CMAKE_PREFIX_PATH=/home/giromi/Repos/ws_sensor_combined_src/install/px4_ros2_cpp:/home/giromi/Repos/ws_sensor_combined_src/install/px4_msgs:/home/giromi/Repos/ws_sensor_combined_src/install/example_mode_with_executor_cpp:/home/giromi/Repos/ws_sensor_combined_src/install/example_mode_rtl_replacement_cpp:/home/giromi/Repos/ws_sensor_combined_src/install/example_mode_manual_cpp:/home/giromi/Repos/ws_sensor_combined_src/install/example_mode_goto_cpp:/home/giromi/Repos/ws_sensor_combined_src/install/example_local_navigation_cpp:/home/giromi/Repos/ws_sensor_combined_src/install/example_global_navigation_cpp:/home/giromi/Repos/ws_sensor_combined_src/install/px4_ros_com:/opt/ros/humble LD_LIBRARY_PATH=/home/giromi/Repos/ws_sensor_combined_src/install/px4_ros2_cpp/lib:/home/giromi/Repos/ws_sensor_combined_src/install/px4_msgs/lib:/home/giromi/Repos/ws_sensor_combined_src/install/px4_ros_com/lib:/opt/ros/humble/opt/rviz_ogre_vendor/lib:/opt/ros/humble/lib/x86_64-linux-gnu:/opt/ros/humble/lib /usr/bin/cmake --build /home/giromi/Repos/ws_sensor_combined_src/build/example_local_navigation_cpp -- -j8 -l8
[23.424s] DEBUG:colcon.colcon_core.event_handler.log_command:Invoked command in '/home/giromi/Repos/ws_sensor_combined_src/build/example_mode_goto_cpp' returned '0': CMAKE_PREFIX_PATH=/home/giromi/Repos/ws_sensor_combined_src/install/px4_ros2_cpp:/home/giromi/Repos/ws_sensor_combined_src/install/px4_msgs:/home/giromi/Repos/ws_sensor_combined_src/install/example_mode_with_executor_cpp:/home/giromi/Repos/ws_sensor_combined_src/install/example_mode_rtl_replacement_cpp:/home/giromi/Repos/ws_sensor_combined_src/install/example_mode_manual_cpp:/home/giromi/Repos/ws_sensor_combined_src/install/example_mode_goto_cpp:/home/giromi/Repos/ws_sensor_combined_src/install/example_local_navigation_cpp:/home/giromi/Repos/ws_sensor_combined_src/install/example_global_navigation_cpp:/home/giromi/Repos/ws_sensor_combined_src/install/px4_ros_com:/opt/ros/humble LD_LIBRARY_PATH=/home/giromi/Repos/ws_sensor_combined_src/install/px4_ros2_cpp/lib:/home/giromi/Repos/ws_sensor_combined_src/install/px4_msgs/lib:/home/giromi/Repos/ws_sensor_combined_src/install/px4_ros_com/lib:/opt/ros/humble/opt/rviz_ogre_vendor/lib:/opt/ros/humble/lib/x86_64-linux-gnu:/opt/ros/humble/lib /usr/bin/cmake --build /home/giromi/Repos/ws_sensor_combined_src/build/example_mode_goto_cpp -- -j8 -l8
[23.428s] DEBUG:colcon.colcon_core.event_handler.log_command:Invoked command in '/home/giromi/Repos/ws_sensor_combined_src/build/example_mode_manual_cpp' returned '0': CMAKE_PREFIX_PATH=/home/giromi/Repos/ws_sensor_combined_src/install/px4_ros2_cpp:/home/giromi/Repos/ws_sensor_combined_src/install/px4_msgs:/home/giromi/Repos/ws_sensor_combined_src/install/example_mode_with_executor_cpp:/home/giromi/Repos/ws_sensor_combined_src/install/example_mode_rtl_replacement_cpp:/home/giromi/Repos/ws_sensor_combined_src/install/example_mode_manual_cpp:/home/giromi/Repos/ws_sensor_combined_src/install/example_mode_goto_cpp:/home/giromi/Repos/ws_sensor_combined_src/install/example_local_navigation_cpp:/home/giromi/Repos/ws_sensor_combined_src/install/example_global_navigation_cpp:/home/giromi/Repos/ws_sensor_combined_src/install/px4_ros_com:/opt/ros/humble LD_LIBRARY_PATH=/home/giromi/Repos/ws_sensor_combined_src/install/px4_ros2_cpp/lib:/home/giromi/Repos/ws_sensor_combined_src/install/px4_msgs/lib:/home/giromi/Repos/ws_sensor_combined_src/install/px4_ros_com/lib:/opt/ros/humble/opt/rviz_ogre_vendor/lib:/opt/ros/humble/lib/x86_64-linux-gnu:/opt/ros/humble/lib /usr/bin/cmake --build /home/giromi/Repos/ws_sensor_combined_src/build/example_mode_manual_cpp -- -j8 -l8
[23.440s] DEBUG:colcon.colcon_core.event_handler.log_command:Invoked command in '/home/giromi/Repos/ws_sensor_combined_src/build/example_mode_rtl_replacement_cpp' returned '0': CMAKE_PREFIX_PATH=/home/giromi/Repos/ws_sensor_combined_src/install/px4_ros2_cpp:/home/giromi/Repos/ws_sensor_combined_src/install/px4_msgs:/home/giromi/Repos/ws_sensor_combined_src/install/example_mode_with_executor_cpp:/home/giromi/Repos/ws_sensor_combined_src/install/example_mode_rtl_replacement_cpp:/home/giromi/Repos/ws_sensor_combined_src/install/example_mode_manual_cpp:/home/giromi/Repos/ws_sensor_combined_src/install/example_mode_goto_cpp:/home/giromi/Repos/ws_sensor_combined_src/install/example_local_navigation_cpp:/home/giromi/Repos/ws_sensor_combined_src/install/example_global_navigation_cpp:/home/giromi/Repos/ws_sensor_combined_src/install/px4_ros_com:/opt/ros/humble LD_LIBRARY_PATH=/home/giromi/Repos/ws_sensor_combined_src/install/px4_ros2_cpp/lib:/home/giromi/Repos/ws_sensor_combined_src/install/px4_msgs/lib:/home/giromi/Repos/ws_sensor_combined_src/install/px4_ros_com/lib:/opt/ros/humble/opt/rviz_ogre_vendor/lib:/opt/ros/humble/lib/x86_64-linux-gnu:/opt/ros/humble/lib /usr/bin/cmake --build /home/giromi/Repos/ws_sensor_combined_src/build/example_mode_rtl_replacement_cpp -- -j8 -l8
[23.466s] DEBUG:colcon.colcon_core.event_handler.log_command:Invoked command in '/home/giromi/Repos/ws_sensor_combined_src/build/example_mode_with_executor_cpp' returned '0': CMAKE_PREFIX_PATH=/home/giromi/Repos/ws_sensor_combined_src/install/px4_ros2_cpp:/home/giromi/Repos/ws_sensor_combined_src/install/px4_msgs:/home/giromi/Repos/ws_sensor_combined_src/install/example_mode_with_executor_cpp:/home/giromi/Repos/ws_sensor_combined_src/install/example_mode_rtl_replacement_cpp:/home/giromi/Repos/ws_sensor_combined_src/install/example_mode_manual_cpp:/home/giromi/Repos/ws_sensor_combined_src/install/example_mode_goto_cpp:/home/giromi/Repos/ws_sensor_combined_src/install/example_local_navigation_cpp:/home/giromi/Repos/ws_sensor_combined_src/install/example_global_navigation_cpp:/home/giromi/Repos/ws_sensor_combined_src/install/px4_ros_com:/opt/ros/humble LD_LIBRARY_PATH=/home/giromi/Repos/ws_sensor_combined_src/install/px4_ros2_cpp/lib:/home/giromi/Repos/ws_sensor_combined_src/install/px4_msgs/lib:/home/giromi/Repos/ws_sensor_combined_src/install/px4_ros_com/lib:/opt/ros/humble/opt/rviz_ogre_vendor/lib:/opt/ros/humble/lib/x86_64-linux-gnu:/opt/ros/humble/lib /usr/bin/cmake --build /home/giromi/Repos/ws_sensor_combined_src/build/example_mode_with_executor_cpp -- -j8 -l8
[23.474s] DEBUG:colcon.colcon_core.event_handler.log_command:Invoking command in '/home/giromi/Repos/ws_sensor_combined_src/build/example_global_navigation_cpp': CMAKE_PREFIX_PATH=/home/giromi/Repos/ws_sensor_combined_src/install/px4_ros2_cpp:/home/giromi/Repos/ws_sensor_combined_src/install/px4_msgs:/home/giromi/Repos/ws_sensor_combined_src/install/example_mode_with_executor_cpp:/home/giromi/Repos/ws_sensor_combined_src/install/example_mode_rtl_replacement_cpp:/home/giromi/Repos/ws_sensor_combined_src/install/example_mode_manual_cpp:/home/giromi/Repos/ws_sensor_combined_src/install/example_mode_goto_cpp:/home/giromi/Repos/ws_sensor_combined_src/install/example_local_navigation_cpp:/home/giromi/Repos/ws_sensor_combined_src/install/example_global_navigation_cpp:/home/giromi/Repos/ws_sensor_combined_src/install/px4_ros_com:/opt/ros/humble LD_LIBRARY_PATH=/home/giromi/Repos/ws_sensor_combined_src/install/px4_ros2_cpp/lib:/home/giromi/Repos/ws_sensor_combined_src/install/px4_msgs/lib:/home/giromi/Repos/ws_sensor_combined_src/install/px4_ros_com/lib:/opt/ros/humble/opt/rviz_ogre_vendor/lib:/opt/ros/humble/lib/x86_64-linux-gnu:/opt/ros/humble/lib /usr/bin/cmake --install /home/giromi/Repos/ws_sensor_combined_src/build/example_global_navigation_cpp
[23.480s] DEBUG:colcon.colcon_core.event_handler.log_command:Invoking command in '/home/giromi/Repos/ws_sensor_combined_src/build/example_local_navigation_cpp': CMAKE_PREFIX_PATH=/home/giromi/Repos/ws_sensor_combined_src/install/px4_ros2_cpp:/home/giromi/Repos/ws_sensor_combined_src/install/px4_msgs:/home/giromi/Repos/ws_sensor_combined_src/install/example_mode_with_executor_cpp:/home/giromi/Repos/ws_sensor_combined_src/install/example_mode_rtl_replacement_cpp:/home/giromi/Repos/ws_sensor_combined_src/install/example_mode_manual_cpp:/home/giromi/Repos/ws_sensor_combined_src/install/example_mode_goto_cpp:/home/giromi/Repos/ws_sensor_combined_src/install/example_local_navigation_cpp:/home/giromi/Repos/ws_sensor_combined_src/install/example_global_navigation_cpp:/home/giromi/Repos/ws_sensor_combined_src/install/px4_ros_com:/opt/ros/humble LD_LIBRARY_PATH=/home/giromi/Repos/ws_sensor_combined_src/install/px4_ros2_cpp/lib:/home/giromi/Repos/ws_sensor_combined_src/install/px4_msgs/lib:/home/giromi/Repos/ws_sensor_combined_src/install/px4_ros_com/lib:/opt/ros/humble/opt/rviz_ogre_vendor/lib:/opt/ros/humble/lib/x86_64-linux-gnu:/opt/ros/humble/lib /usr/bin/cmake --install /home/giromi/Repos/ws_sensor_combined_src/build/example_local_navigation_cpp
[23.490s] DEBUG:colcon.colcon_core.event_handler.log_command:Invoking command in '/home/giromi/Repos/ws_sensor_combined_src/build/example_mode_goto_cpp': CMAKE_PREFIX_PATH=/home/giromi/Repos/ws_sensor_combined_src/install/px4_ros2_cpp:/home/giromi/Repos/ws_sensor_combined_src/install/px4_msgs:/home/giromi/Repos/ws_sensor_combined_src/install/example_mode_with_executor_cpp:/home/giromi/Repos/ws_sensor_combined_src/install/example_mode_rtl_replacement_cpp:/home/giromi/Repos/ws_sensor_combined_src/install/example_mode_manual_cpp:/home/giromi/Repos/ws_sensor_combined_src/install/example_mode_goto_cpp:/home/giromi/Repos/ws_sensor_combined_src/install/example_local_navigation_cpp:/home/giromi/Repos/ws_sensor_combined_src/install/example_global_navigation_cpp:/home/giromi/Repos/ws_sensor_combined_src/install/px4_ros_com:/opt/ros/humble LD_LIBRARY_PATH=/home/giromi/Repos/ws_sensor_combined_src/install/px4_ros2_cpp/lib:/home/giromi/Repos/ws_sensor_combined_src/install/px4_msgs/lib:/home/giromi/Repos/ws_sensor_combined_src/install/px4_ros_com/lib:/opt/ros/humble/opt/rviz_ogre_vendor/lib:/opt/ros/humble/lib/x86_64-linux-gnu:/opt/ros/humble/lib /usr/bin/cmake --install /home/giromi/Repos/ws_sensor_combined_src/build/example_mode_goto_cpp
[23.496s] DEBUG:colcon.colcon_core.event_handler.log_command:Invoking command in '/home/giromi/Repos/ws_sensor_combined_src/build/example_mode_manual_cpp': CMAKE_PREFIX_PATH=/home/giromi/Repos/ws_sensor_combined_src/install/px4_ros2_cpp:/home/giromi/Repos/ws_sensor_combined_src/install/px4_msgs:/home/giromi/Repos/ws_sensor_combined_src/install/example_mode_with_executor_cpp:/home/giromi/Repos/ws_sensor_combined_src/install/example_mode_rtl_replacement_cpp:/home/giromi/Repos/ws_sensor_combined_src/install/example_mode_manual_cpp:/home/giromi/Repos/ws_sensor_combined_src/install/example_mode_goto_cpp:/home/giromi/Repos/ws_sensor_combined_src/install/example_local_navigation_cpp:/home/giromi/Repos/ws_sensor_combined_src/install/example_global_navigation_cpp:/home/giromi/Repos/ws_sensor_combined_src/install/px4_ros_com:/opt/ros/humble LD_LIBRARY_PATH=/home/giromi/Repos/ws_sensor_combined_src/install/px4_ros2_cpp/lib:/home/giromi/Repos/ws_sensor_combined_src/install/px4_msgs/lib:/home/giromi/Repos/ws_sensor_combined_src/install/px4_ros_com/lib:/opt/ros/humble/opt/rviz_ogre_vendor/lib:/opt/ros/humble/lib/x86_64-linux-gnu:/opt/ros/humble/lib /usr/bin/cmake --install /home/giromi/Repos/ws_sensor_combined_src/build/example_mode_manual_cpp
[23.511s] Level 1:colcon.colcon_core.environment:create_environment_scripts_only(example_global_navigation_cpp)
[23.515s] DEBUG:colcon.colcon_core.event_handler.log_command:Invoking command in '/home/giromi/Repos/ws_sensor_combined_src/build/example_mode_rtl_replacement_cpp': CMAKE_PREFIX_PATH=/home/giromi/Repos/ws_sensor_combined_src/install/px4_ros2_cpp:/home/giromi/Repos/ws_sensor_combined_src/install/px4_msgs:/home/giromi/Repos/ws_sensor_combined_src/install/example_mode_with_executor_cpp:/home/giromi/Repos/ws_sensor_combined_src/install/example_mode_rtl_replacement_cpp:/home/giromi/Repos/ws_sensor_combined_src/install/example_mode_manual_cpp:/home/giromi/Repos/ws_sensor_combined_src/install/example_mode_goto_cpp:/home/giromi/Repos/ws_sensor_combined_src/install/example_local_navigation_cpp:/home/giromi/Repos/ws_sensor_combined_src/install/example_global_navigation_cpp:/home/giromi/Repos/ws_sensor_combined_src/install/px4_ros_com:/opt/ros/humble LD_LIBRARY_PATH=/home/giromi/Repos/ws_sensor_combined_src/install/px4_ros2_cpp/lib:/home/giromi/Repos/ws_sensor_combined_src/install/px4_msgs/lib:/home/giromi/Repos/ws_sensor_combined_src/install/px4_ros_com/lib:/opt/ros/humble/opt/rviz_ogre_vendor/lib:/opt/ros/humble/lib/x86_64-linux-gnu:/opt/ros/humble/lib /usr/bin/cmake --install /home/giromi/Repos/ws_sensor_combined_src/build/example_mode_rtl_replacement_cpp
[23.523s] DEBUG:colcon.colcon_core.event_handler.log_command:Invoked command in '/home/giromi/Repos/ws_sensor_combined_src/build/example_global_navigation_cpp' returned '0': CMAKE_PREFIX_PATH=/home/giromi/Repos/ws_sensor_combined_src/install/px4_ros2_cpp:/home/giromi/Repos/ws_sensor_combined_src/install/px4_msgs:/home/giromi/Repos/ws_sensor_combined_src/install/example_mode_with_executor_cpp:/home/giromi/Repos/ws_sensor_combined_src/install/example_mode_rtl_replacement_cpp:/home/giromi/Repos/ws_sensor_combined_src/install/example_mode_manual_cpp:/home/giromi/Repos/ws_sensor_combined_src/install/example_mode_goto_cpp:/home/giromi/Repos/ws_sensor_combined_src/install/example_local_navigation_cpp:/home/giromi/Repos/ws_sensor_combined_src/install/example_global_navigation_cpp:/home/giromi/Repos/ws_sensor_combined_src/install/px4_ros_com:/opt/ros/humble LD_LIBRARY_PATH=/home/giromi/Repos/ws_sensor_combined_src/install/px4_ros2_cpp/lib:/home/giromi/Repos/ws_sensor_combined_src/install/px4_msgs/lib:/home/giromi/Repos/ws_sensor_combined_src/install/px4_ros_com/lib:/opt/ros/humble/opt/rviz_ogre_vendor/lib:/opt/ros/humble/lib/x86_64-linux-gnu:/opt/ros/humble/lib /usr/bin/cmake --install /home/giromi/Repos/ws_sensor_combined_src/build/example_global_navigation_cpp
[23.552s] Level 1:colcon.colcon_core.environment:checking '/home/giromi/Repos/ws_sensor_combined_src/install/example_global_navigation_cpp' for CMake module files
[23.554s] Level 1:colcon.colcon_core.environment:checking '/home/giromi/Repos/ws_sensor_combined_src/install/example_global_navigation_cpp' for CMake config files
[23.554s] Level 1:colcon.colcon_core.shell:create_environment_hook('example_global_navigation_cpp', 'cmake_prefix_path')
[23.591s] INFO:colcon.colcon_core.shell:Creating environment hook '/home/giromi/Repos/ws_sensor_combined_src/install/example_global_navigation_cpp/share/example_global_navigation_cpp/hook/cmake_prefix_path.ps1'
[23.592s] INFO:colcon.colcon_core.shell:Creating environment descriptor '/home/giromi/Repos/ws_sensor_combined_src/install/example_global_navigation_cpp/share/example_global_navigation_cpp/hook/cmake_prefix_path.dsv'
[23.593s] INFO:colcon.colcon_core.shell:Creating environment hook '/home/giromi/Repos/ws_sensor_combined_src/install/example_global_navigation_cpp/share/example_global_navigation_cpp/hook/cmake_prefix_path.sh'
[23.594s] Level 1:colcon.colcon_core.environment:checking '/home/giromi/Repos/ws_sensor_combined_src/install/example_global_navigation_cpp/lib'
[23.595s] Level 1:colcon.colcon_core.environment:checking '/home/giromi/Repos/ws_sensor_combined_src/install/example_global_navigation_cpp/bin'
[23.595s] Level 1:colcon.colcon_core.environment:checking '/home/giromi/Repos/ws_sensor_combined_src/install/example_global_navigation_cpp/lib/pkgconfig/example_global_navigation_cpp.pc'
[23.595s] Level 1:colcon.colcon_core.environment:checking '/home/giromi/Repos/ws_sensor_combined_src/install/example_global_navigation_cpp/lib/python3.10/site-packages'
[23.595s] Level 1:colcon.colcon_core.environment:checking '/home/giromi/Repos/ws_sensor_combined_src/install/example_global_navigation_cpp/bin'
[23.631s] INFO:colcon.colcon_core.shell:Creating package script '/home/giromi/Repos/ws_sensor_combined_src/install/example_global_navigation_cpp/share/example_global_navigation_cpp/package.ps1'
[23.632s] INFO:colcon.colcon_core.shell:Creating package descriptor '/home/giromi/Repos/ws_sensor_combined_src/install/example_global_navigation_cpp/share/example_global_navigation_cpp/package.dsv'
[23.633s] INFO:colcon.colcon_core.shell:Creating package script '/home/giromi/Repos/ws_sensor_combined_src/install/example_global_navigation_cpp/share/example_global_navigation_cpp/package.sh'
[23.634s] INFO:colcon.colcon_core.shell:Creating package script '/home/giromi/Repos/ws_sensor_combined_src/install/example_global_navigation_cpp/share/example_global_navigation_cpp/package.bash'
[23.635s] INFO:colcon.colcon_core.shell:Creating package script '/home/giromi/Repos/ws_sensor_combined_src/install/example_global_navigation_cpp/share/example_global_navigation_cpp/package.zsh'
[23.636s] Level 1:colcon.colcon_core.environment:create_file_with_runtime_dependencies(/home/giromi/Repos/ws_sensor_combined_src/install/example_global_navigation_cpp/share/colcon-core/packages/example_global_navigation_cpp)
[23.639s] Level 1:colcon.colcon_core.environment:create_environment_scripts_only(example_local_navigation_cpp)
[23.639s] DEBUG:colcon.colcon_core.event_handler.log_command:Invoked command in '/home/giromi/Repos/ws_sensor_combined_src/build/example_local_navigation_cpp' returned '0': CMAKE_PREFIX_PATH=/home/giromi/Repos/ws_sensor_combined_src/install/px4_ros2_cpp:/home/giromi/Repos/ws_sensor_combined_src/install/px4_msgs:/home/giromi/Repos/ws_sensor_combined_src/install/example_mode_with_executor_cpp:/home/giromi/Repos/ws_sensor_combined_src/install/example_mode_rtl_replacement_cpp:/home/giromi/Repos/ws_sensor_combined_src/install/example_mode_manual_cpp:/home/giromi/Repos/ws_sensor_combined_src/install/example_mode_goto_cpp:/home/giromi/Repos/ws_sensor_combined_src/install/example_local_navigation_cpp:/home/giromi/Repos/ws_sensor_combined_src/install/example_global_navigation_cpp:/home/giromi/Repos/ws_sensor_combined_src/install/px4_ros_com:/opt/ros/humble LD_LIBRARY_PATH=/home/giromi/Repos/ws_sensor_combined_src/install/px4_ros2_cpp/lib:/home/giromi/Repos/ws_sensor_combined_src/install/px4_msgs/lib:/home/giromi/Repos/ws_sensor_combined_src/install/px4_ros_com/lib:/opt/ros/humble/opt/rviz_ogre_vendor/lib:/opt/ros/humble/lib/x86_64-linux-gnu:/opt/ros/humble/lib /usr/bin/cmake --install /home/giromi/Repos/ws_sensor_combined_src/build/example_local_navigation_cpp
[23.673s] Level 1:colcon.colcon_core.environment:checking '/home/giromi/Repos/ws_sensor_combined_src/install/example_local_navigation_cpp' for CMake module files
[23.674s] Level 1:colcon.colcon_core.environment:checking '/home/giromi/Repos/ws_sensor_combined_src/install/example_local_navigation_cpp' for CMake config files
[23.674s] Level 1:colcon.colcon_core.shell:create_environment_hook('example_local_navigation_cpp', 'cmake_prefix_path')
[23.704s] INFO:colcon.colcon_core.shell:Creating environment hook '/home/giromi/Repos/ws_sensor_combined_src/install/example_local_navigation_cpp/share/example_local_navigation_cpp/hook/cmake_prefix_path.ps1'
[23.705s] INFO:colcon.colcon_core.shell:Creating environment descriptor '/home/giromi/Repos/ws_sensor_combined_src/install/example_local_navigation_cpp/share/example_local_navigation_cpp/hook/cmake_prefix_path.dsv'
[23.706s] INFO:colcon.colcon_core.shell:Creating environment hook '/home/giromi/Repos/ws_sensor_combined_src/install/example_local_navigation_cpp/share/example_local_navigation_cpp/hook/cmake_prefix_path.sh'
[23.706s] Level 1:colcon.colcon_core.environment:checking '/home/giromi/Repos/ws_sensor_combined_src/install/example_local_navigation_cpp/lib'
[23.706s] Level 1:colcon.colcon_core.environment:checking '/home/giromi/Repos/ws_sensor_combined_src/install/example_local_navigation_cpp/bin'
[23.707s] Level 1:colcon.colcon_core.environment:checking '/home/giromi/Repos/ws_sensor_combined_src/install/example_local_navigation_cpp/lib/pkgconfig/example_local_navigation_cpp.pc'
[23.707s] Level 1:colcon.colcon_core.environment:checking '/home/giromi/Repos/ws_sensor_combined_src/install/example_local_navigation_cpp/lib/python3.10/site-packages'
[23.707s] Level 1:colcon.colcon_core.environment:checking '/home/giromi/Repos/ws_sensor_combined_src/install/example_local_navigation_cpp/bin'
[23.735s] INFO:colcon.colcon_core.shell:Creating package script '/home/giromi/Repos/ws_sensor_combined_src/install/example_local_navigation_cpp/share/example_local_navigation_cpp/package.ps1'
[23.736s] INFO:colcon.colcon_core.shell:Creating package descriptor '/home/giromi/Repos/ws_sensor_combined_src/install/example_local_navigation_cpp/share/example_local_navigation_cpp/package.dsv'
[23.737s] INFO:colcon.colcon_core.shell:Creating package script '/home/giromi/Repos/ws_sensor_combined_src/install/example_local_navigation_cpp/share/example_local_navigation_cpp/package.sh'
[23.737s] INFO:colcon.colcon_core.shell:Creating package script '/home/giromi/Repos/ws_sensor_combined_src/install/example_local_navigation_cpp/share/example_local_navigation_cpp/package.bash'
[23.738s] INFO:colcon.colcon_core.shell:Creating package script '/home/giromi/Repos/ws_sensor_combined_src/install/example_local_navigation_cpp/share/example_local_navigation_cpp/package.zsh'
[23.738s] Level 1:colcon.colcon_core.environment:create_file_with_runtime_dependencies(/home/giromi/Repos/ws_sensor_combined_src/install/example_local_navigation_cpp/share/colcon-core/packages/example_local_navigation_cpp)
[23.740s] Level 1:colcon.colcon_core.environment:create_environment_scripts_only(example_mode_goto_cpp)
[23.742s] DEBUG:colcon.colcon_core.event_handler.log_command:Invoked command in '/home/giromi/Repos/ws_sensor_combined_src/build/example_mode_goto_cpp' returned '0': CMAKE_PREFIX_PATH=/home/giromi/Repos/ws_sensor_combined_src/install/px4_ros2_cpp:/home/giromi/Repos/ws_sensor_combined_src/install/px4_msgs:/home/giromi/Repos/ws_sensor_combined_src/install/example_mode_with_executor_cpp:/home/giromi/Repos/ws_sensor_combined_src/install/example_mode_rtl_replacement_cpp:/home/giromi/Repos/ws_sensor_combined_src/install/example_mode_manual_cpp:/home/giromi/Repos/ws_sensor_combined_src/install/example_mode_goto_cpp:/home/giromi/Repos/ws_sensor_combined_src/install/example_local_navigation_cpp:/home/giromi/Repos/ws_sensor_combined_src/install/example_global_navigation_cpp:/home/giromi/Repos/ws_sensor_combined_src/install/px4_ros_com:/opt/ros/humble LD_LIBRARY_PATH=/home/giromi/Repos/ws_sensor_combined_src/install/px4_ros2_cpp/lib:/home/giromi/Repos/ws_sensor_combined_src/install/px4_msgs/lib:/home/giromi/Repos/ws_sensor_combined_src/install/px4_ros_com/lib:/opt/ros/humble/opt/rviz_ogre_vendor/lib:/opt/ros/humble/lib/x86_64-linux-gnu:/opt/ros/humble/lib /usr/bin/cmake --install /home/giromi/Repos/ws_sensor_combined_src/build/example_mode_goto_cpp
[23.774s] Level 1:colcon.colcon_core.environment:checking '/home/giromi/Repos/ws_sensor_combined_src/install/example_mode_goto_cpp' for CMake module files
[23.775s] Level 1:colcon.colcon_core.environment:checking '/home/giromi/Repos/ws_sensor_combined_src/install/example_mode_goto_cpp' for CMake config files
[23.775s] Level 1:colcon.colcon_core.shell:create_environment_hook('example_mode_goto_cpp', 'cmake_prefix_path')
[23.802s] INFO:colcon.colcon_core.shell:Creating environment hook '/home/giromi/Repos/ws_sensor_combined_src/install/example_mode_goto_cpp/share/example_mode_goto_cpp/hook/cmake_prefix_path.ps1'
[23.803s] INFO:colcon.colcon_core.shell:Creating environment descriptor '/home/giromi/Repos/ws_sensor_combined_src/install/example_mode_goto_cpp/share/example_mode_goto_cpp/hook/cmake_prefix_path.dsv'
[23.803s] INFO:colcon.colcon_core.shell:Creating environment hook '/home/giromi/Repos/ws_sensor_combined_src/install/example_mode_goto_cpp/share/example_mode_goto_cpp/hook/cmake_prefix_path.sh'
[23.804s] Level 1:colcon.colcon_core.environment:checking '/home/giromi/Repos/ws_sensor_combined_src/install/example_mode_goto_cpp/lib'
[23.804s] Level 1:colcon.colcon_core.environment:checking '/home/giromi/Repos/ws_sensor_combined_src/install/example_mode_goto_cpp/bin'
[23.804s] Level 1:colcon.colcon_core.environment:checking '/home/giromi/Repos/ws_sensor_combined_src/install/example_mode_goto_cpp/lib/pkgconfig/example_mode_goto_cpp.pc'
[23.805s] Level 1:colcon.colcon_core.environment:checking '/home/giromi/Repos/ws_sensor_combined_src/install/example_mode_goto_cpp/lib/python3.10/site-packages'
[23.805s] Level 1:colcon.colcon_core.environment:checking '/home/giromi/Repos/ws_sensor_combined_src/install/example_mode_goto_cpp/bin'
[23.837s] INFO:colcon.colcon_core.shell:Creating package script '/home/giromi/Repos/ws_sensor_combined_src/install/example_mode_goto_cpp/share/example_mode_goto_cpp/package.ps1'
[23.838s] INFO:colcon.colcon_core.shell:Creating package descriptor '/home/giromi/Repos/ws_sensor_combined_src/install/example_mode_goto_cpp/share/example_mode_goto_cpp/package.dsv'
[23.839s] INFO:colcon.colcon_core.shell:Creating package script '/home/giromi/Repos/ws_sensor_combined_src/install/example_mode_goto_cpp/share/example_mode_goto_cpp/package.sh'
[23.840s] INFO:colcon.colcon_core.shell:Creating package script '/home/giromi/Repos/ws_sensor_combined_src/install/example_mode_goto_cpp/share/example_mode_goto_cpp/package.bash'
[23.841s] INFO:colcon.colcon_core.shell:Creating package script '/home/giromi/Repos/ws_sensor_combined_src/install/example_mode_goto_cpp/share/example_mode_goto_cpp/package.zsh'
[23.842s] Level 1:colcon.colcon_core.environment:create_file_with_runtime_dependencies(/home/giromi/Repos/ws_sensor_combined_src/install/example_mode_goto_cpp/share/colcon-core/packages/example_mode_goto_cpp)
[23.846s] Level 1:colcon.colcon_core.environment:create_environment_scripts_only(example_mode_rtl_replacement_cpp)
[23.847s] DEBUG:colcon.colcon_core.event_handler.log_command:Invoked command in '/home/giromi/Repos/ws_sensor_combined_src/build/example_mode_rtl_replacement_cpp' returned '0': CMAKE_PREFIX_PATH=/home/giromi/Repos/ws_sensor_combined_src/install/px4_ros2_cpp:/home/giromi/Repos/ws_sensor_combined_src/install/px4_msgs:/home/giromi/Repos/ws_sensor_combined_src/install/example_mode_with_executor_cpp:/home/giromi/Repos/ws_sensor_combined_src/install/example_mode_rtl_replacement_cpp:/home/giromi/Repos/ws_sensor_combined_src/install/example_mode_manual_cpp:/home/giromi/Repos/ws_sensor_combined_src/install/example_mode_goto_cpp:/home/giromi/Repos/ws_sensor_combined_src/install/example_local_navigation_cpp:/home/giromi/Repos/ws_sensor_combined_src/install/example_global_navigation_cpp:/home/giromi/Repos/ws_sensor_combined_src/install/px4_ros_com:/opt/ros/humble LD_LIBRARY_PATH=/home/giromi/Repos/ws_sensor_combined_src/install/px4_ros2_cpp/lib:/home/giromi/Repos/ws_sensor_combined_src/install/px4_msgs/lib:/home/giromi/Repos/ws_sensor_combined_src/install/px4_ros_com/lib:/opt/ros/humble/opt/rviz_ogre_vendor/lib:/opt/ros/humble/lib/x86_64-linux-gnu:/opt/ros/humble/lib /usr/bin/cmake --install /home/giromi/Repos/ws_sensor_combined_src/build/example_mode_rtl_replacement_cpp
[23.884s] Level 1:colcon.colcon_core.environment:checking '/home/giromi/Repos/ws_sensor_combined_src/install/example_mode_rtl_replacement_cpp' for CMake module files
[23.886s] Level 1:colcon.colcon_core.environment:checking '/home/giromi/Repos/ws_sensor_combined_src/install/example_mode_rtl_replacement_cpp' for CMake config files
[23.886s] Level 1:colcon.colcon_core.shell:create_environment_hook('example_mode_rtl_replacement_cpp', 'cmake_prefix_path')
[23.925s] INFO:colcon.colcon_core.shell:Creating environment hook '/home/giromi/Repos/ws_sensor_combined_src/install/example_mode_rtl_replacement_cpp/share/example_mode_rtl_replacement_cpp/hook/cmake_prefix_path.ps1'
[23.927s] INFO:colcon.colcon_core.shell:Creating environment descriptor '/home/giromi/Repos/ws_sensor_combined_src/install/example_mode_rtl_replacement_cpp/share/example_mode_rtl_replacement_cpp/hook/cmake_prefix_path.dsv'
[23.928s] INFO:colcon.colcon_core.shell:Creating environment hook '/home/giromi/Repos/ws_sensor_combined_src/install/example_mode_rtl_replacement_cpp/share/example_mode_rtl_replacement_cpp/hook/cmake_prefix_path.sh'
[23.929s] Level 1:colcon.colcon_core.environment:checking '/home/giromi/Repos/ws_sensor_combined_src/install/example_mode_rtl_replacement_cpp/lib'
[23.929s] Level 1:colcon.colcon_core.environment:checking '/home/giromi/Repos/ws_sensor_combined_src/install/example_mode_rtl_replacement_cpp/bin'
[23.929s] Level 1:colcon.colcon_core.environment:checking '/home/giromi/Repos/ws_sensor_combined_src/install/example_mode_rtl_replacement_cpp/lib/pkgconfig/example_mode_rtl_replacement_cpp.pc'
[23.930s] Level 1:colcon.colcon_core.environment:checking '/home/giromi/Repos/ws_sensor_combined_src/install/example_mode_rtl_replacement_cpp/lib/python3.10/site-packages'
[23.930s] Level 1:colcon.colcon_core.environment:checking '/home/giromi/Repos/ws_sensor_combined_src/install/example_mode_rtl_replacement_cpp/bin'
[23.957s] INFO:colcon.colcon_core.shell:Creating package script '/home/giromi/Repos/ws_sensor_combined_src/install/example_mode_rtl_replacement_cpp/share/example_mode_rtl_replacement_cpp/package.ps1'
[23.957s] INFO:colcon.colcon_core.shell:Creating package descriptor '/home/giromi/Repos/ws_sensor_combined_src/install/example_mode_rtl_replacement_cpp/share/example_mode_rtl_replacement_cpp/package.dsv'
[23.958s] INFO:colcon.colcon_core.shell:Creating package script '/home/giromi/Repos/ws_sensor_combined_src/install/example_mode_rtl_replacement_cpp/share/example_mode_rtl_replacement_cpp/package.sh'
[23.958s] INFO:colcon.colcon_core.shell:Creating package script '/home/giromi/Repos/ws_sensor_combined_src/install/example_mode_rtl_replacement_cpp/share/example_mode_rtl_replacement_cpp/package.bash'
[23.958s] INFO:colcon.colcon_core.shell:Creating package script '/home/giromi/Repos/ws_sensor_combined_src/install/example_mode_rtl_replacement_cpp/share/example_mode_rtl_replacement_cpp/package.zsh'
[23.959s] Level 1:colcon.colcon_core.environment:create_file_with_runtime_dependencies(/home/giromi/Repos/ws_sensor_combined_src/install/example_mode_rtl_replacement_cpp/share/colcon-core/packages/example_mode_rtl_replacement_cpp)
[23.960s] Level 1:colcon.colcon_core.environment:create_environment_scripts_only(example_mode_manual_cpp)
[23.962s] DEBUG:colcon.colcon_core.event_handler.log_command:Invoked command in '/home/giromi/Repos/ws_sensor_combined_src/build/example_mode_manual_cpp' returned '0': CMAKE_PREFIX_PATH=/home/giromi/Repos/ws_sensor_combined_src/install/px4_ros2_cpp:/home/giromi/Repos/ws_sensor_combined_src/install/px4_msgs:/home/giromi/Repos/ws_sensor_combined_src/install/example_mode_with_executor_cpp:/home/giromi/Repos/ws_sensor_combined_src/install/example_mode_rtl_replacement_cpp:/home/giromi/Repos/ws_sensor_combined_src/install/example_mode_manual_cpp:/home/giromi/Repos/ws_sensor_combined_src/install/example_mode_goto_cpp:/home/giromi/Repos/ws_sensor_combined_src/install/example_local_navigation_cpp:/home/giromi/Repos/ws_sensor_combined_src/install/example_global_navigation_cpp:/home/giromi/Repos/ws_sensor_combined_src/install/px4_ros_com:/opt/ros/humble LD_LIBRARY_PATH=/home/giromi/Repos/ws_sensor_combined_src/install/px4_ros2_cpp/lib:/home/giromi/Repos/ws_sensor_combined_src/install/px4_msgs/lib:/home/giromi/Repos/ws_sensor_combined_src/install/px4_ros_com/lib:/opt/ros/humble/opt/rviz_ogre_vendor/lib:/opt/ros/humble/lib/x86_64-linux-gnu:/opt/ros/humble/lib /usr/bin/cmake --install /home/giromi/Repos/ws_sensor_combined_src/build/example_mode_manual_cpp
[23.992s] Level 1:colcon.colcon_core.environment:checking '/home/giromi/Repos/ws_sensor_combined_src/install/example_mode_manual_cpp' for CMake module files
[23.993s] Level 1:colcon.colcon_core.environment:checking '/home/giromi/Repos/ws_sensor_combined_src/install/example_mode_manual_cpp' for CMake config files
[23.993s] Level 1:colcon.colcon_core.shell:create_environment_hook('example_mode_manual_cpp', 'cmake_prefix_path')
[24.021s] INFO:colcon.colcon_core.shell:Creating environment hook '/home/giromi/Repos/ws_sensor_combined_src/install/example_mode_manual_cpp/share/example_mode_manual_cpp/hook/cmake_prefix_path.ps1'
[24.022s] INFO:colcon.colcon_core.shell:Creating environment descriptor '/home/giromi/Repos/ws_sensor_combined_src/install/example_mode_manual_cpp/share/example_mode_manual_cpp/hook/cmake_prefix_path.dsv'
[24.023s] INFO:colcon.colcon_core.shell:Creating environment hook '/home/giromi/Repos/ws_sensor_combined_src/install/example_mode_manual_cpp/share/example_mode_manual_cpp/hook/cmake_prefix_path.sh'
[24.025s] Level 1:colcon.colcon_core.environment:checking '/home/giromi/Repos/ws_sensor_combined_src/install/example_mode_manual_cpp/lib'
[24.025s] Level 1:colcon.colcon_core.environment:checking '/home/giromi/Repos/ws_sensor_combined_src/install/example_mode_manual_cpp/bin'
[24.025s] Level 1:colcon.colcon_core.environment:checking '/home/giromi/Repos/ws_sensor_combined_src/install/example_mode_manual_cpp/lib/pkgconfig/example_mode_manual_cpp.pc'
[24.025s] Level 1:colcon.colcon_core.environment:checking '/home/giromi/Repos/ws_sensor_combined_src/install/example_mode_manual_cpp/lib/python3.10/site-packages'
[24.025s] Level 1:colcon.colcon_core.environment:checking '/home/giromi/Repos/ws_sensor_combined_src/install/example_mode_manual_cpp/bin'
[24.053s] INFO:colcon.colcon_core.shell:Creating package script '/home/giromi/Repos/ws_sensor_combined_src/install/example_mode_manual_cpp/share/example_mode_manual_cpp/package.ps1'
[24.054s] INFO:colcon.colcon_core.shell:Creating package descriptor '/home/giromi/Repos/ws_sensor_combined_src/install/example_mode_manual_cpp/share/example_mode_manual_cpp/package.dsv'
[24.055s] INFO:colcon.colcon_core.shell:Creating package script '/home/giromi/Repos/ws_sensor_combined_src/install/example_mode_manual_cpp/share/example_mode_manual_cpp/package.sh'
[24.056s] INFO:colcon.colcon_core.shell:Creating package script '/home/giromi/Repos/ws_sensor_combined_src/install/example_mode_manual_cpp/share/example_mode_manual_cpp/package.bash'
[24.057s] INFO:colcon.colcon_core.shell:Creating package script '/home/giromi/Repos/ws_sensor_combined_src/install/example_mode_manual_cpp/share/example_mode_manual_cpp/package.zsh'
[24.057s] Level 1:colcon.colcon_core.environment:create_file_with_runtime_dependencies(/home/giromi/Repos/ws_sensor_combined_src/install/example_mode_manual_cpp/share/colcon-core/packages/example_mode_manual_cpp)
[24.062s] DEBUG:colcon.colcon_core.event_handler.log_command:Invoking command in '/home/giromi/Repos/ws_sensor_combined_src/build/example_mode_with_executor_cpp': CMAKE_PREFIX_PATH=/home/giromi/Repos/ws_sensor_combined_src/install/px4_ros2_cpp:/home/giromi/Repos/ws_sensor_combined_src/install/px4_msgs:/home/giromi/Repos/ws_sensor_combined_src/install/example_mode_with_executor_cpp:/home/giromi/Repos/ws_sensor_combined_src/install/example_mode_rtl_replacement_cpp:/home/giromi/Repos/ws_sensor_combined_src/install/example_mode_manual_cpp:/home/giromi/Repos/ws_sensor_combined_src/install/example_mode_goto_cpp:/home/giromi/Repos/ws_sensor_combined_src/install/example_local_navigation_cpp:/home/giromi/Repos/ws_sensor_combined_src/install/example_global_navigation_cpp:/home/giromi/Repos/ws_sensor_combined_src/install/px4_ros_com:/opt/ros/humble LD_LIBRARY_PATH=/home/giromi/Repos/ws_sensor_combined_src/install/px4_ros2_cpp/lib:/home/giromi/Repos/ws_sensor_combined_src/install/px4_msgs/lib:/home/giromi/Repos/ws_sensor_combined_src/install/px4_ros_com/lib:/opt/ros/humble/opt/rviz_ogre_vendor/lib:/opt/ros/humble/lib/x86_64-linux-gnu:/opt/ros/humble/lib /usr/bin/cmake --install /home/giromi/Repos/ws_sensor_combined_src/build/example_mode_with_executor_cpp
[24.112s] Level 1:colcon.colcon_core.environment:create_environment_scripts_only(example_global_navigation_cpp)
[24.141s] Level 1:colcon.colcon_core.environment:checking '/home/giromi/Repos/ws_sensor_combined_src/install/example_global_navigation_cpp' for CMake module files
[24.142s] Level 1:colcon.colcon_core.environment:checking '/home/giromi/Repos/ws_sensor_combined_src/install/example_global_navigation_cpp' for CMake config files
[24.143s] Level 1:colcon.colcon_core.shell:create_environment_hook('example_global_navigation_cpp', 'cmake_prefix_path')
[24.174s] INFO:colcon.colcon_core.shell:Creating environment hook '/home/giromi/Repos/ws_sensor_combined_src/install/example_global_navigation_cpp/share/example_global_navigation_cpp/hook/cmake_prefix_path.ps1'
[24.174s] INFO:colcon.colcon_core.shell:Creating environment descriptor '/home/giromi/Repos/ws_sensor_combined_src/install/example_global_navigation_cpp/share/example_global_navigation_cpp/hook/cmake_prefix_path.dsv'
[24.174s] INFO:colcon.colcon_core.shell:Creating environment hook '/home/giromi/Repos/ws_sensor_combined_src/install/example_global_navigation_cpp/share/example_global_navigation_cpp/hook/cmake_prefix_path.sh'
[24.175s] Level 1:colcon.colcon_core.environment:checking '/home/giromi/Repos/ws_sensor_combined_src/install/example_global_navigation_cpp/lib'
[24.175s] Level 1:colcon.colcon_core.environment:checking '/home/giromi/Repos/ws_sensor_combined_src/install/example_global_navigation_cpp/bin'
[24.175s] Level 1:colcon.colcon_core.environment:checking '/home/giromi/Repos/ws_sensor_combined_src/install/example_global_navigation_cpp/lib/pkgconfig/example_global_navigation_cpp.pc'
[24.175s] Level 1:colcon.colcon_core.environment:checking '/home/giromi/Repos/ws_sensor_combined_src/install/example_global_navigation_cpp/lib/python3.10/site-packages'
[24.176s] Level 1:colcon.colcon_core.environment:checking '/home/giromi/Repos/ws_sensor_combined_src/install/example_global_navigation_cpp/bin'
[24.207s] INFO:colcon.colcon_core.shell:Creating package script '/home/giromi/Repos/ws_sensor_combined_src/install/example_global_navigation_cpp/share/example_global_navigation_cpp/package.ps1'
[24.208s] INFO:colcon.colcon_core.shell:Creating package descriptor '/home/giromi/Repos/ws_sensor_combined_src/install/example_global_navigation_cpp/share/example_global_navigation_cpp/package.dsv'
[24.208s] INFO:colcon.colcon_core.shell:Creating package script '/home/giromi/Repos/ws_sensor_combined_src/install/example_global_navigation_cpp/share/example_global_navigation_cpp/package.sh'
[24.209s] INFO:colcon.colcon_core.shell:Creating package script '/home/giromi/Repos/ws_sensor_combined_src/install/example_global_navigation_cpp/share/example_global_navigation_cpp/package.bash'
[24.211s] INFO:colcon.colcon_core.shell:Creating package script '/home/giromi/Repos/ws_sensor_combined_src/install/example_global_navigation_cpp/share/example_global_navigation_cpp/package.zsh'
[24.212s] Level 1:colcon.colcon_core.environment:create_file_with_runtime_dependencies(/home/giromi/Repos/ws_sensor_combined_src/install/example_global_navigation_cpp/share/colcon-core/packages/example_global_navigation_cpp)
[24.248s] Level 1:colcon.colcon_core.environment:create_environment_scripts_only(example_local_navigation_cpp)
[24.285s] Level 1:colcon.colcon_core.environment:checking '/home/giromi/Repos/ws_sensor_combined_src/install/example_local_navigation_cpp' for CMake module files
[24.285s] Level 1:colcon.colcon_core.environment:checking '/home/giromi/Repos/ws_sensor_combined_src/install/example_local_navigation_cpp' for CMake config files
[24.286s] Level 1:colcon.colcon_core.shell:create_environment_hook('example_local_navigation_cpp', 'cmake_prefix_path')
[24.310s] INFO:colcon.colcon_core.shell:Creating environment hook '/home/giromi/Repos/ws_sensor_combined_src/install/example_local_navigation_cpp/share/example_local_navigation_cpp/hook/cmake_prefix_path.ps1'
[24.310s] INFO:colcon.colcon_core.shell:Creating environment descriptor '/home/giromi/Repos/ws_sensor_combined_src/install/example_local_navigation_cpp/share/example_local_navigation_cpp/hook/cmake_prefix_path.dsv'
[24.311s] INFO:colcon.colcon_core.shell:Creating environment hook '/home/giromi/Repos/ws_sensor_combined_src/install/example_local_navigation_cpp/share/example_local_navigation_cpp/hook/cmake_prefix_path.sh'
[24.312s] Level 1:colcon.colcon_core.environment:checking '/home/giromi/Repos/ws_sensor_combined_src/install/example_local_navigation_cpp/lib'
[24.312s] Level 1:colcon.colcon_core.environment:checking '/home/giromi/Repos/ws_sensor_combined_src/install/example_local_navigation_cpp/bin'
[24.312s] Level 1:colcon.colcon_core.environment:checking '/home/giromi/Repos/ws_sensor_combined_src/install/example_local_navigation_cpp/lib/pkgconfig/example_local_navigation_cpp.pc'
[24.312s] Level 1:colcon.colcon_core.environment:checking '/home/giromi/Repos/ws_sensor_combined_src/install/example_local_navigation_cpp/lib/python3.10/site-packages'
[24.313s] Level 1:colcon.colcon_core.environment:checking '/home/giromi/Repos/ws_sensor_combined_src/install/example_local_navigation_cpp/bin'
[24.343s] INFO:colcon.colcon_core.shell:Creating package script '/home/giromi/Repos/ws_sensor_combined_src/install/example_local_navigation_cpp/share/example_local_navigation_cpp/package.ps1'
[24.345s] INFO:colcon.colcon_core.shell:Creating package descriptor '/home/giromi/Repos/ws_sensor_combined_src/install/example_local_navigation_cpp/share/example_local_navigation_cpp/package.dsv'
[24.346s] INFO:colcon.colcon_core.shell:Creating package script '/home/giromi/Repos/ws_sensor_combined_src/install/example_local_navigation_cpp/share/example_local_navigation_cpp/package.sh'
[24.348s] INFO:colcon.colcon_core.shell:Creating package script '/home/giromi/Repos/ws_sensor_combined_src/install/example_local_navigation_cpp/share/example_local_navigation_cpp/package.bash'
[24.349s] INFO:colcon.colcon_core.shell:Creating package script '/home/giromi/Repos/ws_sensor_combined_src/install/example_local_navigation_cpp/share/example_local_navigation_cpp/package.zsh'
[24.350s] Level 1:colcon.colcon_core.environment:create_file_with_runtime_dependencies(/home/giromi/Repos/ws_sensor_combined_src/install/example_local_navigation_cpp/share/colcon-core/packages/example_local_navigation_cpp)
[24.385s] Level 1:colcon.colcon_core.environment:create_environment_scripts_only(example_mode_goto_cpp)
[24.417s] Level 1:colcon.colcon_core.environment:checking '/home/giromi/Repos/ws_sensor_combined_src/install/example_mode_goto_cpp' for CMake module files
[24.418s] Level 1:colcon.colcon_core.environment:checking '/home/giromi/Repos/ws_sensor_combined_src/install/example_mode_goto_cpp' for CMake config files
[24.418s] Level 1:colcon.colcon_core.shell:create_environment_hook('example_mode_goto_cpp', 'cmake_prefix_path')
[24.445s] INFO:colcon.colcon_core.shell:Creating environment hook '/home/giromi/Repos/ws_sensor_combined_src/install/example_mode_goto_cpp/share/example_mode_goto_cpp/hook/cmake_prefix_path.ps1'
[24.446s] INFO:colcon.colcon_core.shell:Creating environment descriptor '/home/giromi/Repos/ws_sensor_combined_src/install/example_mode_goto_cpp/share/example_mode_goto_cpp/hook/cmake_prefix_path.dsv'
[24.446s] INFO:colcon.colcon_core.shell:Creating environment hook '/home/giromi/Repos/ws_sensor_combined_src/install/example_mode_goto_cpp/share/example_mode_goto_cpp/hook/cmake_prefix_path.sh'
[24.447s] Level 1:colcon.colcon_core.environment:checking '/home/giromi/Repos/ws_sensor_combined_src/install/example_mode_goto_cpp/lib'
[24.447s] Level 1:colcon.colcon_core.environment:checking '/home/giromi/Repos/ws_sensor_combined_src/install/example_mode_goto_cpp/bin'
[24.448s] Level 1:colcon.colcon_core.environment:checking '/home/giromi/Repos/ws_sensor_combined_src/install/example_mode_goto_cpp/lib/pkgconfig/example_mode_goto_cpp.pc'
[24.448s] Level 1:colcon.colcon_core.environment:checking '/home/giromi/Repos/ws_sensor_combined_src/install/example_mode_goto_cpp/lib/python3.10/site-packages'
[24.449s] Level 1:colcon.colcon_core.environment:checking '/home/giromi/Repos/ws_sensor_combined_src/install/example_mode_goto_cpp/bin'
[24.473s] INFO:colcon.colcon_core.shell:Creating package script '/home/giromi/Repos/ws_sensor_combined_src/install/example_mode_goto_cpp/share/example_mode_goto_cpp/package.ps1'
[24.474s] INFO:colcon.colcon_core.shell:Creating package descriptor '/home/giromi/Repos/ws_sensor_combined_src/install/example_mode_goto_cpp/share/example_mode_goto_cpp/package.dsv'
[24.474s] INFO:colcon.colcon_core.shell:Creating package script '/home/giromi/Repos/ws_sensor_combined_src/install/example_mode_goto_cpp/share/example_mode_goto_cpp/package.sh'
[24.475s] INFO:colcon.colcon_core.shell:Creating package script '/home/giromi/Repos/ws_sensor_combined_src/install/example_mode_goto_cpp/share/example_mode_goto_cpp/package.bash'
[24.475s] INFO:colcon.colcon_core.shell:Creating package script '/home/giromi/Repos/ws_sensor_combined_src/install/example_mode_goto_cpp/share/example_mode_goto_cpp/package.zsh'
[24.476s] Level 1:colcon.colcon_core.environment:create_file_with_runtime_dependencies(/home/giromi/Repos/ws_sensor_combined_src/install/example_mode_goto_cpp/share/colcon-core/packages/example_mode_goto_cpp)
[24.504s] Level 1:colcon.colcon_core.environment:create_environment_scripts_only(example_mode_rtl_replacement_cpp)
[24.540s] Level 1:colcon.colcon_core.environment:checking '/home/giromi/Repos/ws_sensor_combined_src/install/example_mode_rtl_replacement_cpp' for CMake module files
[24.541s] Level 1:colcon.colcon_core.environment:checking '/home/giromi/Repos/ws_sensor_combined_src/install/example_mode_rtl_replacement_cpp' for CMake config files
[24.541s] Level 1:colcon.colcon_core.shell:create_environment_hook('example_mode_rtl_replacement_cpp', 'cmake_prefix_path')
[24.572s] INFO:colcon.colcon_core.shell:Creating environment hook '/home/giromi/Repos/ws_sensor_combined_src/install/example_mode_rtl_replacement_cpp/share/example_mode_rtl_replacement_cpp/hook/cmake_prefix_path.ps1'
[24.572s] INFO:colcon.colcon_core.shell:Creating environment descriptor '/home/giromi/Repos/ws_sensor_combined_src/install/example_mode_rtl_replacement_cpp/share/example_mode_rtl_replacement_cpp/hook/cmake_prefix_path.dsv'
[24.573s] INFO:colcon.colcon_core.shell:Creating environment hook '/home/giromi/Repos/ws_sensor_combined_src/install/example_mode_rtl_replacement_cpp/share/example_mode_rtl_replacement_cpp/hook/cmake_prefix_path.sh'
[24.574s] Level 1:colcon.colcon_core.environment:checking '/home/giromi/Repos/ws_sensor_combined_src/install/example_mode_rtl_replacement_cpp/lib'
[24.574s] Level 1:colcon.colcon_core.environment:checking '/home/giromi/Repos/ws_sensor_combined_src/install/example_mode_rtl_replacement_cpp/bin'
[24.574s] Level 1:colcon.colcon_core.environment:checking '/home/giromi/Repos/ws_sensor_combined_src/install/example_mode_rtl_replacement_cpp/lib/pkgconfig/example_mode_rtl_replacement_cpp.pc'
[24.575s] Level 1:colcon.colcon_core.environment:checking '/home/giromi/Repos/ws_sensor_combined_src/install/example_mode_rtl_replacement_cpp/lib/python3.10/site-packages'
[24.575s] Level 1:colcon.colcon_core.environment:checking '/home/giromi/Repos/ws_sensor_combined_src/install/example_mode_rtl_replacement_cpp/bin'
[24.603s] INFO:colcon.colcon_core.shell:Creating package script '/home/giromi/Repos/ws_sensor_combined_src/install/example_mode_rtl_replacement_cpp/share/example_mode_rtl_replacement_cpp/package.ps1'
[24.604s] INFO:colcon.colcon_core.shell:Creating package descriptor '/home/giromi/Repos/ws_sensor_combined_src/install/example_mode_rtl_replacement_cpp/share/example_mode_rtl_replacement_cpp/package.dsv'
[24.605s] INFO:colcon.colcon_core.shell:Creating package script '/home/giromi/Repos/ws_sensor_combined_src/install/example_mode_rtl_replacement_cpp/share/example_mode_rtl_replacement_cpp/package.sh'
[24.606s] INFO:colcon.colcon_core.shell:Creating package script '/home/giromi/Repos/ws_sensor_combined_src/install/example_mode_rtl_replacement_cpp/share/example_mode_rtl_replacement_cpp/package.bash'
[24.607s] INFO:colcon.colcon_core.shell:Creating package script '/home/giromi/Repos/ws_sensor_combined_src/install/example_mode_rtl_replacement_cpp/share/example_mode_rtl_replacement_cpp/package.zsh'
[24.607s] Level 1:colcon.colcon_core.environment:create_file_with_runtime_dependencies(/home/giromi/Repos/ws_sensor_combined_src/install/example_mode_rtl_replacement_cpp/share/colcon-core/packages/example_mode_rtl_replacement_cpp)
[24.636s] Level 1:colcon.colcon_core.environment:create_environment_scripts_only(example_mode_manual_cpp)
[24.669s] Level 1:colcon.colcon_core.environment:checking '/home/giromi/Repos/ws_sensor_combined_src/install/example_mode_manual_cpp' for CMake module files
[24.670s] Level 1:colcon.colcon_core.environment:checking '/home/giromi/Repos/ws_sensor_combined_src/install/example_mode_manual_cpp' for CMake config files
[24.670s] Level 1:colcon.colcon_core.shell:create_environment_hook('example_mode_manual_cpp', 'cmake_prefix_path')
[24.703s] INFO:colcon.colcon_core.shell:Creating environment hook '/home/giromi/Repos/ws_sensor_combined_src/install/example_mode_manual_cpp/share/example_mode_manual_cpp/hook/cmake_prefix_path.ps1'
[24.704s] INFO:colcon.colcon_core.shell:Creating environment descriptor '/home/giromi/Repos/ws_sensor_combined_src/install/example_mode_manual_cpp/share/example_mode_manual_cpp/hook/cmake_prefix_path.dsv'
[24.704s] INFO:colcon.colcon_core.shell:Creating environment hook '/home/giromi/Repos/ws_sensor_combined_src/install/example_mode_manual_cpp/share/example_mode_manual_cpp/hook/cmake_prefix_path.sh'
[24.705s] Level 1:colcon.colcon_core.environment:checking '/home/giromi/Repos/ws_sensor_combined_src/install/example_mode_manual_cpp/lib'
[24.705s] Level 1:colcon.colcon_core.environment:checking '/home/giromi/Repos/ws_sensor_combined_src/install/example_mode_manual_cpp/bin'
[24.705s] Level 1:colcon.colcon_core.environment:checking '/home/giromi/Repos/ws_sensor_combined_src/install/example_mode_manual_cpp/lib/pkgconfig/example_mode_manual_cpp.pc'
[24.705s] Level 1:colcon.colcon_core.environment:checking '/home/giromi/Repos/ws_sensor_combined_src/install/example_mode_manual_cpp/lib/python3.10/site-packages'
[24.706s] Level 1:colcon.colcon_core.environment:checking '/home/giromi/Repos/ws_sensor_combined_src/install/example_mode_manual_cpp/bin'
[24.733s] INFO:colcon.colcon_core.shell:Creating package script '/home/giromi/Repos/ws_sensor_combined_src/install/example_mode_manual_cpp/share/example_mode_manual_cpp/package.ps1'
[24.734s] INFO:colcon.colcon_core.shell:Creating package descriptor '/home/giromi/Repos/ws_sensor_combined_src/install/example_mode_manual_cpp/share/example_mode_manual_cpp/package.dsv'
[24.735s] INFO:colcon.colcon_core.shell:Creating package script '/home/giromi/Repos/ws_sensor_combined_src/install/example_mode_manual_cpp/share/example_mode_manual_cpp/package.sh'
[24.736s] INFO:colcon.colcon_core.shell:Creating package script '/home/giromi/Repos/ws_sensor_combined_src/install/example_mode_manual_cpp/share/example_mode_manual_cpp/package.bash'
[24.736s] INFO:colcon.colcon_core.shell:Creating package script '/home/giromi/Repos/ws_sensor_combined_src/install/example_mode_manual_cpp/share/example_mode_manual_cpp/package.zsh'
[24.737s] Level 1:colcon.colcon_core.environment:create_file_with_runtime_dependencies(/home/giromi/Repos/ws_sensor_combined_src/install/example_mode_manual_cpp/share/colcon-core/packages/example_mode_manual_cpp)
[24.737s] Level 1:colcon.colcon_core.environment:create_environment_scripts_only(example_mode_with_executor_cpp)
[24.738s] DEBUG:colcon.colcon_core.event_handler.log_command:Invoked command in '/home/giromi/Repos/ws_sensor_combined_src/build/example_mode_with_executor_cpp' returned '0': CMAKE_PREFIX_PATH=/home/giromi/Repos/ws_sensor_combined_src/install/px4_ros2_cpp:/home/giromi/Repos/ws_sensor_combined_src/install/px4_msgs:/home/giromi/Repos/ws_sensor_combined_src/install/example_mode_with_executor_cpp:/home/giromi/Repos/ws_sensor_combined_src/install/example_mode_rtl_replacement_cpp:/home/giromi/Repos/ws_sensor_combined_src/install/example_mode_manual_cpp:/home/giromi/Repos/ws_sensor_combined_src/install/example_mode_goto_cpp:/home/giromi/Repos/ws_sensor_combined_src/install/example_local_navigation_cpp:/home/giromi/Repos/ws_sensor_combined_src/install/example_global_navigation_cpp:/home/giromi/Repos/ws_sensor_combined_src/install/px4_ros_com:/opt/ros/humble LD_LIBRARY_PATH=/home/giromi/Repos/ws_sensor_combined_src/install/px4_ros2_cpp/lib:/home/giromi/Repos/ws_sensor_combined_src/install/px4_msgs/lib:/home/giromi/Repos/ws_sensor_combined_src/install/px4_ros_com/lib:/opt/ros/humble/opt/rviz_ogre_vendor/lib:/opt/ros/humble/lib/x86_64-linux-gnu:/opt/ros/humble/lib /usr/bin/cmake --install /home/giromi/Repos/ws_sensor_combined_src/build/example_mode_with_executor_cpp
[24.767s] Level 1:colcon.colcon_core.environment:checking '/home/giromi/Repos/ws_sensor_combined_src/install/example_mode_with_executor_cpp' for CMake module files
[24.768s] Level 1:colcon.colcon_core.environment:checking '/home/giromi/Repos/ws_sensor_combined_src/install/example_mode_with_executor_cpp' for CMake config files
[24.768s] Level 1:colcon.colcon_core.shell:create_environment_hook('example_mode_with_executor_cpp', 'cmake_prefix_path')
[24.793s] INFO:colcon.colcon_core.shell:Creating environment hook '/home/giromi/Repos/ws_sensor_combined_src/install/example_mode_with_executor_cpp/share/example_mode_with_executor_cpp/hook/cmake_prefix_path.ps1'
[24.794s] INFO:colcon.colcon_core.shell:Creating environment descriptor '/home/giromi/Repos/ws_sensor_combined_src/install/example_mode_with_executor_cpp/share/example_mode_with_executor_cpp/hook/cmake_prefix_path.dsv'
[24.795s] INFO:colcon.colcon_core.shell:Creating environment hook '/home/giromi/Repos/ws_sensor_combined_src/install/example_mode_with_executor_cpp/share/example_mode_with_executor_cpp/hook/cmake_prefix_path.sh'
[24.796s] Level 1:colcon.colcon_core.environment:checking '/home/giromi/Repos/ws_sensor_combined_src/install/example_mode_with_executor_cpp/lib'
[24.796s] Level 1:colcon.colcon_core.environment:checking '/home/giromi/Repos/ws_sensor_combined_src/install/example_mode_with_executor_cpp/bin'
[24.796s] Level 1:colcon.colcon_core.environment:checking '/home/giromi/Repos/ws_sensor_combined_src/install/example_mode_with_executor_cpp/lib/pkgconfig/example_mode_with_executor_cpp.pc'
[24.797s] Level 1:colcon.colcon_core.environment:checking '/home/giromi/Repos/ws_sensor_combined_src/install/example_mode_with_executor_cpp/lib/python3.10/site-packages'
[24.797s] Level 1:colcon.colcon_core.environment:checking '/home/giromi/Repos/ws_sensor_combined_src/install/example_mode_with_executor_cpp/bin'
[24.827s] INFO:colcon.colcon_core.shell:Creating package script '/home/giromi/Repos/ws_sensor_combined_src/install/example_mode_with_executor_cpp/share/example_mode_with_executor_cpp/package.ps1'
[24.828s] INFO:colcon.colcon_core.shell:Creating package descriptor '/home/giromi/Repos/ws_sensor_combined_src/install/example_mode_with_executor_cpp/share/example_mode_with_executor_cpp/package.dsv'
[24.828s] INFO:colcon.colcon_core.shell:Creating package script '/home/giromi/Repos/ws_sensor_combined_src/install/example_mode_with_executor_cpp/share/example_mode_with_executor_cpp/package.sh'
[24.829s] INFO:colcon.colcon_core.shell:Creating package script '/home/giromi/Repos/ws_sensor_combined_src/install/example_mode_with_executor_cpp/share/example_mode_with_executor_cpp/package.bash'
[24.829s] INFO:colcon.colcon_core.shell:Creating package script '/home/giromi/Repos/ws_sensor_combined_src/install/example_mode_with_executor_cpp/share/example_mode_with_executor_cpp/package.zsh'
[24.829s] Level 1:colcon.colcon_core.environment:create_file_with_runtime_dependencies(/home/giromi/Repos/ws_sensor_combined_src/install/example_mode_with_executor_cpp/share/colcon-core/packages/example_mode_with_executor_cpp)
[24.901s] Level 1:colcon.colcon_core.environment:create_environment_scripts_only(example_mode_with_executor_cpp)
[24.930s] Level 1:colcon.colcon_core.environment:checking '/home/giromi/Repos/ws_sensor_combined_src/install/example_mode_with_executor_cpp' for CMake module files
[24.931s] Level 1:colcon.colcon_core.environment:checking '/home/giromi/Repos/ws_sensor_combined_src/install/example_mode_with_executor_cpp' for CMake config files
[24.932s] Level 1:colcon.colcon_core.shell:create_environment_hook('example_mode_with_executor_cpp', 'cmake_prefix_path')
[24.957s] INFO:colcon.colcon_core.shell:Creating environment hook '/home/giromi/Repos/ws_sensor_combined_src/install/example_mode_with_executor_cpp/share/example_mode_with_executor_cpp/hook/cmake_prefix_path.ps1'
[24.957s] INFO:colcon.colcon_core.shell:Creating environment descriptor '/home/giromi/Repos/ws_sensor_combined_src/install/example_mode_with_executor_cpp/share/example_mode_with_executor_cpp/hook/cmake_prefix_path.dsv'
[24.958s] INFO:colcon.colcon_core.shell:Creating environment hook '/home/giromi/Repos/ws_sensor_combined_src/install/example_mode_with_executor_cpp/share/example_mode_with_executor_cpp/hook/cmake_prefix_path.sh'
[24.959s] Level 1:colcon.colcon_core.environment:checking '/home/giromi/Repos/ws_sensor_combined_src/install/example_mode_with_executor_cpp/lib'
[24.959s] Level 1:colcon.colcon_core.environment:checking '/home/giromi/Repos/ws_sensor_combined_src/install/example_mode_with_executor_cpp/bin'
[24.959s] Level 1:colcon.colcon_core.environment:checking '/home/giromi/Repos/ws_sensor_combined_src/install/example_mode_with_executor_cpp/lib/pkgconfig/example_mode_with_executor_cpp.pc'
[24.960s] Level 1:colcon.colcon_core.environment:checking '/home/giromi/Repos/ws_sensor_combined_src/install/example_mode_with_executor_cpp/lib/python3.10/site-packages'
[24.961s] Level 1:colcon.colcon_core.environment:checking '/home/giromi/Repos/ws_sensor_combined_src/install/example_mode_with_executor_cpp/bin'
[24.987s] INFO:colcon.colcon_core.shell:Creating package script '/home/giromi/Repos/ws_sensor_combined_src/install/example_mode_with_executor_cpp/share/example_mode_with_executor_cpp/package.ps1'
[24.988s] INFO:colcon.colcon_core.shell:Creating package descriptor '/home/giromi/Repos/ws_sensor_combined_src/install/example_mode_with_executor_cpp/share/example_mode_with_executor_cpp/package.dsv'
[24.988s] INFO:colcon.colcon_core.shell:Creating package script '/home/giromi/Repos/ws_sensor_combined_src/install/example_mode_with_executor_cpp/share/example_mode_with_executor_cpp/package.sh'
[24.989s] INFO:colcon.colcon_core.shell:Creating package script '/home/giromi/Repos/ws_sensor_combined_src/install/example_mode_with_executor_cpp/share/example_mode_with_executor_cpp/package.bash'
[24.989s] INFO:colcon.colcon_core.shell:Creating package script '/home/giromi/Repos/ws_sensor_combined_src/install/example_mode_with_executor_cpp/share/example_mode_with_executor_cpp/package.zsh'
[24.990s] Level 1:colcon.colcon_core.environment:create_file_with_runtime_dependencies(/home/giromi/Repos/ws_sensor_combined_src/install/example_mode_with_executor_cpp/share/colcon-core/packages/example_mode_with_executor_cpp)
[30.162s] DEBUG:colcon.colcon_core.event_handler.log_command:Invoked command in '/home/giromi/Repos/ws_sensor_combined_src/build/px4_ros_com' returned '2': CMAKE_PREFIX_PATH=/home/giromi/Repos/ws_sensor_combined_src/install/px4_msgs:/home/giromi/Repos/ws_sensor_combined_src/install/example_mode_with_executor_cpp:/home/giromi/Repos/ws_sensor_combined_src/install/example_mode_rtl_replacement_cpp:/home/giromi/Repos/ws_sensor_combined_src/install/example_mode_manual_cpp:/home/giromi/Repos/ws_sensor_combined_src/install/example_mode_goto_cpp:/home/giromi/Repos/ws_sensor_combined_src/install/example_local_navigation_cpp:/home/giromi/Repos/ws_sensor_combined_src/install/example_global_navigation_cpp:/home/giromi/Repos/ws_sensor_combined_src/install/px4_ros2_cpp:/home/giromi/Repos/ws_sensor_combined_src/install/px4_ros_com:/opt/ros/humble LD_LIBRARY_PATH=/home/giromi/Repos/ws_sensor_combined_src/install/px4_msgs/lib:/home/giromi/Repos/ws_sensor_combined_src/install/px4_ros2_cpp/lib:/home/giromi/Repos/ws_sensor_combined_src/install/px4_ros_com/lib:/opt/ros/humble/opt/rviz_ogre_vendor/lib:/opt/ros/humble/lib/x86_64-linux-gnu:/opt/ros/humble/lib /usr/bin/cmake --build /home/giromi/Repos/ws_sensor_combined_src/build/px4_ros_com -- -j8 -l8
[30.255s] Level 1:colcon.colcon_core.environment:create_environment_scripts_only(px4_ros_com)
[30.287s] Level 1:colcon.colcon_core.environment:checking '/home/giromi/Repos/ws_sensor_combined_src/install/px4_ros_com' for CMake module files
[30.287s] Level 1:colcon.colcon_core.environment:checking '/home/giromi/Repos/ws_sensor_combined_src/install/px4_ros_com' for CMake config files
[30.288s] Level 1:colcon.colcon_core.shell:create_environment_hook('px4_ros_com', 'cmake_prefix_path')
[30.316s] INFO:colcon.colcon_core.shell:Creating environment hook '/home/giromi/Repos/ws_sensor_combined_src/install/px4_ros_com/share/px4_ros_com/hook/cmake_prefix_path.ps1'
[30.316s] INFO:colcon.colcon_core.shell:Creating environment descriptor '/home/giromi/Repos/ws_sensor_combined_src/install/px4_ros_com/share/px4_ros_com/hook/cmake_prefix_path.dsv'
[30.317s] INFO:colcon.colcon_core.shell:Creating environment hook '/home/giromi/Repos/ws_sensor_combined_src/install/px4_ros_com/share/px4_ros_com/hook/cmake_prefix_path.sh'
[30.319s] Level 1:colcon.colcon_core.environment:checking '/home/giromi/Repos/ws_sensor_combined_src/install/px4_ros_com/lib'
[30.319s] Level 1:colcon.colcon_core.shell:create_environment_hook('px4_ros_com', 'ld_library_path_lib')
[30.340s] INFO:colcon.colcon_core.shell:Creating environment hook '/home/giromi/Repos/ws_sensor_combined_src/install/px4_ros_com/share/px4_ros_com/hook/ld_library_path_lib.ps1'
[30.341s] INFO:colcon.colcon_core.shell:Creating environment descriptor '/home/giromi/Repos/ws_sensor_combined_src/install/px4_ros_com/share/px4_ros_com/hook/ld_library_path_lib.dsv'
[30.341s] INFO:colcon.colcon_core.shell:Creating environment hook '/home/giromi/Repos/ws_sensor_combined_src/install/px4_ros_com/share/px4_ros_com/hook/ld_library_path_lib.sh'
[30.342s] Level 1:colcon.colcon_core.environment:checking '/home/giromi/Repos/ws_sensor_combined_src/install/px4_ros_com/bin'
[30.342s] Level 1:colcon.colcon_core.environment:checking '/home/giromi/Repos/ws_sensor_combined_src/install/px4_ros_com/lib/pkgconfig/px4_ros_com.pc'
[30.342s] Level 1:colcon.colcon_core.environment:checking '/home/giromi/Repos/ws_sensor_combined_src/install/px4_ros_com/lib/python3.10/site-packages'
[30.343s] Level 1:colcon.colcon_core.environment:checking '/home/giromi/Repos/ws_sensor_combined_src/install/px4_ros_com/bin'
[30.374s] INFO:colcon.colcon_core.shell:Creating package script '/home/giromi/Repos/ws_sensor_combined_src/install/px4_ros_com/share/px4_ros_com/package.ps1'
[30.375s] INFO:colcon.colcon_core.shell:Creating package descriptor '/home/giromi/Repos/ws_sensor_combined_src/install/px4_ros_com/share/px4_ros_com/package.dsv'
[30.376s] INFO:colcon.colcon_core.shell:Creating package script '/home/giromi/Repos/ws_sensor_combined_src/install/px4_ros_com/share/px4_ros_com/package.sh'
[30.379s] INFO:colcon.colcon_core.shell:Creating package script '/home/giromi/Repos/ws_sensor_combined_src/install/px4_ros_com/share/px4_ros_com/package.bash'
[30.380s] INFO:colcon.colcon_core.shell:Creating package script '/home/giromi/Repos/ws_sensor_combined_src/install/px4_ros_com/share/px4_ros_com/package.zsh'
[30.381s] Level 1:colcon.colcon_core.environment:create_file_with_runtime_dependencies(/home/giromi/Repos/ws_sensor_combined_src/install/px4_ros_com/share/colcon-core/packages/px4_ros_com)
[30.392s] DEBUG:colcon.colcon_parallel_executor.executor.parallel:closing loop
[30.392s] DEBUG:colcon.colcon_parallel_executor.executor.parallel:loop closed
[30.393s] DEBUG:colcon.colcon_parallel_executor.executor.parallel:run_until_complete finished with '2'
[30.393s] DEBUG:colcon.colcon_core.event_reactor:joining thread
[30.427s] INFO:colcon.colcon_core.plugin_system:Skipping extension 'colcon_notification.desktop_notification.terminal_notifier': Not used on non-Darwin systems
[30.427s] INFO:colcon.colcon_core.plugin_system:Skipping extension 'colcon_notification.desktop_notification.win32': Not used on non-Windows systems
[30.428s] INFO:colcon.colcon_notification.desktop_notification:Sending desktop notification using 'notify2'
[30.442s] DEBUG:colcon.colcon_core.event_reactor:joined thread
[30.469s] INFO:colcon.colcon_core.shell:Creating prefix script '/home/giromi/Repos/ws_sensor_combined_src/install/local_setup.ps1'
[30.470s] INFO:colcon.colcon_core.shell:Creating prefix util module '/home/giromi/Repos/ws_sensor_combined_src/install/_local_setup_util_ps1.py'
[30.472s] INFO:colcon.colcon_core.shell:Creating prefix chain script '/home/giromi/Repos/ws_sensor_combined_src/install/setup.ps1'
[30.499s] INFO:colcon.colcon_core.shell:Creating prefix script '/home/giromi/Repos/ws_sensor_combined_src/install/local_setup.sh'
[30.500s] INFO:colcon.colcon_core.shell:Creating prefix util module '/home/giromi/Repos/ws_sensor_combined_src/install/_local_setup_util_sh.py'
[30.501s] INFO:colcon.colcon_core.shell:Creating prefix chain script '/home/giromi/Repos/ws_sensor_combined_src/install/setup.sh'
[30.526s] INFO:colcon.colcon_core.shell:Creating prefix script '/home/giromi/Repos/ws_sensor_combined_src/install/local_setup.bash'
[30.527s] INFO:colcon.colcon_core.shell:Creating prefix chain script '/home/giromi/Repos/ws_sensor_combined_src/install/setup.bash'
[30.552s] INFO:colcon.colcon_core.shell:Creating prefix script '/home/giromi/Repos/ws_sensor_combined_src/install/local_setup.zsh'
[30.553s] INFO:colcon.colcon_core.shell:Creating prefix chain script '/home/giromi/Repos/ws_sensor_combined_src/install/setup.zsh'
