[1.654s] DEBUG:colcon:Command line arguments: ['/usr/bin/colcon', 'build']
[1.654s] DEBUG:colcon:Parsed command line arguments: Namespace(log_base=None, log_level=None, verb_name='build', build_base='build', install_base='install', merge_install=False, symlink_install=False, test_result_base=None, continue_on_error=False, executor='parallel', parallel_workers=8, event_handlers=None, ignore_user_meta=False, metas=['./colcon.meta'], base_paths=['.'], packages_ignore=None, packages_ignore_regex=None, paths=None, packages_up_to=None, packages_up_to_regex=None, packages_above=None, packages_above_and_dependencies=None, packages_above_depth=None, packages_select_by_dep=None, packages_skip_by_dep=None, packages_skip_up_to=None, packages_select_build_failed=False, packages_skip_build_finished=False, packages_select_test_failures=False, packages_skip_test_passed=False, packages_select=None, packages_skip=None, packages_select_regex=None, packages_skip_regex=None, packages_start=None, packages_end=None, allow_overriding=[], cmake_args=None, cmake_target=None, cmake_target_skip_unavailable=False, cmake_clean_cache=False, cmake_clean_first=False, cmake_force_configure=False, ament_cmake_args=None, catkin_cmake_args=None, catkin_skip_building_tests=False, verb_parser=<colcon_defaults.argument_parser.defaults.DefaultArgumentsDecorator object at 0x7efda041c100>, verb_extension=<colcon_core.verb.build.BuildVerb object at 0x7efda0dd7850>, main=<bound method BuildVerb.main of <colcon_core.verb.build.BuildVerb object at 0x7efda0dd7850>>)
[1.752s] Level 1:colcon.colcon_core.package_discovery:discover_packages(colcon_meta) check parameters
[1.752s] Level 1:colcon.colcon_core.package_discovery:discover_packages(recursive) check parameters
[1.752s] Level 1:colcon.colcon_core.package_discovery:discover_packages(ignore) check parameters
[1.752s] Level 1:colcon.colcon_core.package_discovery:discover_packages(path) check parameters
[1.753s] Level 1:colcon.colcon_core.package_discovery:discover_packages(colcon_meta) discover
[1.753s] Level 1:colcon.colcon_core.package_discovery:discover_packages(recursive) discover
[1.753s] INFO:colcon.colcon_core.package_discovery:Crawling recursively for packages in '/home/giromi/Repos/ws_sensor_combined_src'
[1.753s] Level 1:colcon.colcon_core.package_identification:_identify(.) by extensions ['ignore', 'ignore_ament_install']
[1.753s] Level 1:colcon.colcon_core.package_identification:_identify(.) by extension 'ignore'
[1.754s] Level 1:colcon.colcon_core.package_identification:_identify(.) by extension 'ignore_ament_install'
[1.754s] Level 1:colcon.colcon_core.package_identification:_identify(.) by extensions ['colcon_pkg']
[1.754s] Level 1:colcon.colcon_core.package_identification:_identify(.) by extension 'colcon_pkg'
[1.754s] Level 1:colcon.colcon_core.package_identification:_identify(.) by extensions ['colcon_meta']
[1.754s] Level 1:colcon.colcon_core.package_identification:_identify(.) by extension 'colcon_meta'
[1.754s] Level 1:colcon.colcon_core.package_identification:_identify(.) by extensions ['ros']
[1.754s] Level 1:colcon.colcon_core.package_identification:_identify(.) by extension 'ros'
[1.780s] Level 1:colcon.colcon_core.package_identification:_identify(.) by extensions ['cmake', 'python']
[1.780s] Level 1:colcon.colcon_core.package_identification:_identify(.) by extension 'cmake'
[1.780s] Level 1:colcon.colcon_core.package_identification:_identify(.) by extension 'python'
[1.780s] Level 1:colcon.colcon_core.package_identification:_identify(.) by extensions ['python_setup_py']
[1.780s] Level 1:colcon.colcon_core.package_identification:_identify(.) by extension 'python_setup_py'
[1.781s] Level 1:colcon.colcon_core.package_identification:_identify(build) by extensions ['ignore', 'ignore_ament_install']
[1.781s] Level 1:colcon.colcon_core.package_identification:_identify(build) by extension 'ignore'
[1.781s] Level 1:colcon.colcon_core.package_identification:_identify(build) ignored
[1.781s] Level 1:colcon.colcon_core.package_identification:_identify(install) by extensions ['ignore', 'ignore_ament_install']
[1.781s] Level 1:colcon.colcon_core.package_identification:_identify(install) by extension 'ignore'
[1.781s] Level 1:colcon.colcon_core.package_identification:_identify(install) ignored
[1.781s] Level 1:colcon.colcon_core.package_identification:_identify(log) by extensions ['ignore', 'ignore_ament_install']
[1.781s] Level 1:colcon.colcon_core.package_identification:_identify(log) by extension 'ignore'
[1.782s] Level 1:colcon.colcon_core.package_identification:_identify(log) ignored
[1.782s] Level 1:colcon.colcon_core.package_identification:_identify(src) by extensions ['ignore', 'ignore_ament_install']
[1.782s] Level 1:colcon.colcon_core.package_identification:_identify(src) by extension 'ignore'
[1.782s] Level 1:colcon.colcon_core.package_identification:_identify(src) by extension 'ignore_ament_install'
[1.782s] Level 1:colcon.colcon_core.package_identification:_identify(src) by extensions ['colcon_pkg']
[1.782s] Level 1:colcon.colcon_core.package_identification:_identify(src) by extension 'colcon_pkg'
[1.782s] Level 1:colcon.colcon_core.package_identification:_identify(src) by extensions ['colcon_meta']
[1.782s] Level 1:colcon.colcon_core.package_identification:_identify(src) by extension 'colcon_meta'
[1.782s] Level 1:colcon.colcon_core.package_identification:_identify(src) by extensions ['ros']
[1.782s] Level 1:colcon.colcon_core.package_identification:_identify(src) by extension 'ros'
[1.782s] Level 1:colcon.colcon_core.package_identification:_identify(src) by extensions ['cmake', 'python']
[1.782s] Level 1:colcon.colcon_core.package_identification:_identify(src) by extension 'cmake'
[1.782s] Level 1:colcon.colcon_core.package_identification:_identify(src) by extension 'python'
[1.783s] Level 1:colcon.colcon_core.package_identification:_identify(src) by extensions ['python_setup_py']
[1.783s] Level 1:colcon.colcon_core.package_identification:_identify(src) by extension 'python_setup_py'
[1.783s] Level 1:colcon.colcon_core.package_identification:_identify(src/px4-ros2-interface-lib) by extensions ['ignore', 'ignore_ament_install']
[1.783s] Level 1:colcon.colcon_core.package_identification:_identify(src/px4-ros2-interface-lib) by extension 'ignore'
[1.783s] Level 1:colcon.colcon_core.package_identification:_identify(src/px4-ros2-interface-lib) by extension 'ignore_ament_install'
[1.783s] Level 1:colcon.colcon_core.package_identification:_identify(src/px4-ros2-interface-lib) by extensions ['colcon_pkg']
[1.783s] Level 1:colcon.colcon_core.package_identification:_identify(src/px4-ros2-interface-lib) by extension 'colcon_pkg'
[1.783s] Level 1:colcon.colcon_core.package_identification:_identify(src/px4-ros2-interface-lib) by extensions ['colcon_meta']
[1.783s] Level 1:colcon.colcon_core.package_identification:_identify(src/px4-ros2-interface-lib) by extension 'colcon_meta'
[1.783s] Level 1:colcon.colcon_core.package_identification:_identify(src/px4-ros2-interface-lib) by extensions ['ros']
[1.783s] Level 1:colcon.colcon_core.package_identification:_identify(src/px4-ros2-interface-lib) by extension 'ros'
[1.783s] Level 1:colcon.colcon_core.package_identification:_identify(src/px4-ros2-interface-lib) by extensions ['cmake', 'python']
[1.783s] Level 1:colcon.colcon_core.package_identification:_identify(src/px4-ros2-interface-lib) by extension 'cmake'
[1.783s] Level 1:colcon.colcon_core.package_identification:_identify(src/px4-ros2-interface-lib) by extension 'python'
[1.783s] Level 1:colcon.colcon_core.package_identification:_identify(src/px4-ros2-interface-lib) by extensions ['python_setup_py']
[1.783s] Level 1:colcon.colcon_core.package_identification:_identify(src/px4-ros2-interface-lib) by extension 'python_setup_py'
[1.783s] Level 1:colcon.colcon_core.package_identification:_identify(src/px4-ros2-interface-lib/examples) by extensions ['ignore', 'ignore_ament_install']
[1.784s] Level 1:colcon.colcon_core.package_identification:_identify(src/px4-ros2-interface-lib/examples) by extension 'ignore'
[1.784s] Level 1:colcon.colcon_core.package_identification:_identify(src/px4-ros2-interface-lib/examples) by extension 'ignore_ament_install'
[1.784s] Level 1:colcon.colcon_core.package_identification:_identify(src/px4-ros2-interface-lib/examples) by extensions ['colcon_pkg']
[1.784s] Level 1:colcon.colcon_core.package_identification:_identify(src/px4-ros2-interface-lib/examples) by extension 'colcon_pkg'
[1.784s] Level 1:colcon.colcon_core.package_identification:_identify(src/px4-ros2-interface-lib/examples) by extensions ['colcon_meta']
[1.784s] Level 1:colcon.colcon_core.package_identification:_identify(src/px4-ros2-interface-lib/examples) by extension 'colcon_meta'
[1.784s] Level 1:colcon.colcon_core.package_identification:_identify(src/px4-ros2-interface-lib/examples) by extensions ['ros']
[1.784s] Level 1:colcon.colcon_core.package_identification:_identify(src/px4-ros2-interface-lib/examples) by extension 'ros'
[1.784s] Level 1:colcon.colcon_core.package_identification:_identify(src/px4-ros2-interface-lib/examples) by extensions ['cmake', 'python']
[1.784s] Level 1:colcon.colcon_core.package_identification:_identify(src/px4-ros2-interface-lib/examples) by extension 'cmake'
[1.784s] Level 1:colcon.colcon_core.package_identification:_identify(src/px4-ros2-interface-lib/examples) by extension 'python'
[1.784s] Level 1:colcon.colcon_core.package_identification:_identify(src/px4-ros2-interface-lib/examples) by extensions ['python_setup_py']
[1.784s] Level 1:colcon.colcon_core.package_identification:_identify(src/px4-ros2-interface-lib/examples) by extension 'python_setup_py'
[1.784s] Level 1:colcon.colcon_core.package_identification:_identify(src/px4-ros2-interface-lib/examples/cpp) by extensions ['ignore', 'ignore_ament_install']
[1.784s] Level 1:colcon.colcon_core.package_identification:_identify(src/px4-ros2-interface-lib/examples/cpp) by extension 'ignore'
[1.784s] Level 1:colcon.colcon_core.package_identification:_identify(src/px4-ros2-interface-lib/examples/cpp) by extension 'ignore_ament_install'
[1.784s] Level 1:colcon.colcon_core.package_identification:_identify(src/px4-ros2-interface-lib/examples/cpp) by extensions ['colcon_pkg']
[1.784s] Level 1:colcon.colcon_core.package_identification:_identify(src/px4-ros2-interface-lib/examples/cpp) by extension 'colcon_pkg'
[1.784s] Level 1:colcon.colcon_core.package_identification:_identify(src/px4-ros2-interface-lib/examples/cpp) by extensions ['colcon_meta']
[1.785s] Level 1:colcon.colcon_core.package_identification:_identify(src/px4-ros2-interface-lib/examples/cpp) by extension 'colcon_meta'
[1.785s] Level 1:colcon.colcon_core.package_identification:_identify(src/px4-ros2-interface-lib/examples/cpp) by extensions ['ros']
[1.785s] Level 1:colcon.colcon_core.package_identification:_identify(src/px4-ros2-interface-lib/examples/cpp) by extension 'ros'
[1.785s] Level 1:colcon.colcon_core.package_identification:_identify(src/px4-ros2-interface-lib/examples/cpp) by extensions ['cmake', 'python']
[1.785s] Level 1:colcon.colcon_core.package_identification:_identify(src/px4-ros2-interface-lib/examples/cpp) by extension 'cmake'
[1.785s] Level 1:colcon.colcon_core.package_identification:_identify(src/px4-ros2-interface-lib/examples/cpp) by extension 'python'
[1.785s] Level 1:colcon.colcon_core.package_identification:_identify(src/px4-ros2-interface-lib/examples/cpp) by extensions ['python_setup_py']
[1.785s] Level 1:colcon.colcon_core.package_identification:_identify(src/px4-ros2-interface-lib/examples/cpp) by extension 'python_setup_py'
[1.785s] Level 1:colcon.colcon_core.package_identification:_identify(src/px4-ros2-interface-lib/examples/cpp/modes) by extensions ['ignore', 'ignore_ament_install']
[1.785s] Level 1:colcon.colcon_core.package_identification:_identify(src/px4-ros2-interface-lib/examples/cpp/modes) by extension 'ignore'
[1.785s] Level 1:colcon.colcon_core.package_identification:_identify(src/px4-ros2-interface-lib/examples/cpp/modes) by extension 'ignore_ament_install'
[1.785s] Level 1:colcon.colcon_core.package_identification:_identify(src/px4-ros2-interface-lib/examples/cpp/modes) by extensions ['colcon_pkg']
[1.785s] Level 1:colcon.colcon_core.package_identification:_identify(src/px4-ros2-interface-lib/examples/cpp/modes) by extension 'colcon_pkg'
[1.786s] Level 1:colcon.colcon_core.package_identification:_identify(src/px4-ros2-interface-lib/examples/cpp/modes) by extensions ['colcon_meta']
[1.786s] Level 1:colcon.colcon_core.package_identification:_identify(src/px4-ros2-interface-lib/examples/cpp/modes) by extension 'colcon_meta'
[1.786s] Level 1:colcon.colcon_core.package_identification:_identify(src/px4-ros2-interface-lib/examples/cpp/modes) by extensions ['ros']
[1.786s] Level 1:colcon.colcon_core.package_identification:_identify(src/px4-ros2-interface-lib/examples/cpp/modes) by extension 'ros'
[1.786s] Level 1:colcon.colcon_core.package_identification:_identify(src/px4-ros2-interface-lib/examples/cpp/modes) by extensions ['cmake', 'python']
[1.786s] Level 1:colcon.colcon_core.package_identification:_identify(src/px4-ros2-interface-lib/examples/cpp/modes) by extension 'cmake'
[1.787s] Level 1:colcon.colcon_core.package_identification:_identify(src/px4-ros2-interface-lib/examples/cpp/modes) by extension 'python'
[1.787s] Level 1:colcon.colcon_core.package_identification:_identify(src/px4-ros2-interface-lib/examples/cpp/modes) by extensions ['python_setup_py']
[1.787s] Level 1:colcon.colcon_core.package_identification:_identify(src/px4-ros2-interface-lib/examples/cpp/modes) by extension 'python_setup_py'
[1.787s] Level 1:colcon.colcon_core.package_identification:_identify(src/px4-ros2-interface-lib/examples/cpp/modes/goto) by extensions ['ignore', 'ignore_ament_install']
[1.788s] Level 1:colcon.colcon_core.package_identification:_identify(src/px4-ros2-interface-lib/examples/cpp/modes/goto) by extension 'ignore'
[1.788s] Level 1:colcon.colcon_core.package_identification:_identify(src/px4-ros2-interface-lib/examples/cpp/modes/goto) by extension 'ignore_ament_install'
[1.789s] Level 1:colcon.colcon_core.package_identification:_identify(src/px4-ros2-interface-lib/examples/cpp/modes/goto) by extensions ['colcon_pkg']
[1.789s] Level 1:colcon.colcon_core.package_identification:_identify(src/px4-ros2-interface-lib/examples/cpp/modes/goto) by extension 'colcon_pkg'
[1.789s] Level 1:colcon.colcon_core.package_identification:_identify(src/px4-ros2-interface-lib/examples/cpp/modes/goto) by extensions ['colcon_meta']
[1.789s] Level 1:colcon.colcon_core.package_identification:_identify(src/px4-ros2-interface-lib/examples/cpp/modes/goto) by extension 'colcon_meta'
[1.789s] Level 1:colcon.colcon_core.package_identification:_identify(src/px4-ros2-interface-lib/examples/cpp/modes/goto) by extensions ['ros']
[1.789s] Level 1:colcon.colcon_core.package_identification:_identify(src/px4-ros2-interface-lib/examples/cpp/modes/goto) by extension 'ros'
[1.792s] DEBUG:colcon.colcon_core.package_identification:Package 'src/px4-ros2-interface-lib/examples/cpp/modes/goto' with type 'ros.ament_cmake' and name 'example_mode_goto_cpp'
[1.793s] Level 1:colcon.colcon_core.package_identification:_identify(src/px4-ros2-interface-lib/examples/cpp/modes/manual) by extensions ['ignore', 'ignore_ament_install']
[1.793s] Level 1:colcon.colcon_core.package_identification:_identify(src/px4-ros2-interface-lib/examples/cpp/modes/manual) by extension 'ignore'
[1.793s] Level 1:colcon.colcon_core.package_identification:_identify(src/px4-ros2-interface-lib/examples/cpp/modes/manual) by extension 'ignore_ament_install'
[1.793s] Level 1:colcon.colcon_core.package_identification:_identify(src/px4-ros2-interface-lib/examples/cpp/modes/manual) by extensions ['colcon_pkg']
[1.793s] Level 1:colcon.colcon_core.package_identification:_identify(src/px4-ros2-interface-lib/examples/cpp/modes/manual) by extension 'colcon_pkg'
[1.793s] Level 1:colcon.colcon_core.package_identification:_identify(src/px4-ros2-interface-lib/examples/cpp/modes/manual) by extensions ['colcon_meta']
[1.793s] Level 1:colcon.colcon_core.package_identification:_identify(src/px4-ros2-interface-lib/examples/cpp/modes/manual) by extension 'colcon_meta'
[1.793s] Level 1:colcon.colcon_core.package_identification:_identify(src/px4-ros2-interface-lib/examples/cpp/modes/manual) by extensions ['ros']
[1.793s] Level 1:colcon.colcon_core.package_identification:_identify(src/px4-ros2-interface-lib/examples/cpp/modes/manual) by extension 'ros'
[1.795s] DEBUG:colcon.colcon_core.package_identification:Package 'src/px4-ros2-interface-lib/examples/cpp/modes/manual' with type 'ros.ament_cmake' and name 'example_mode_manual_cpp'
[1.795s] Level 1:colcon.colcon_core.package_identification:_identify(src/px4-ros2-interface-lib/examples/cpp/modes/mode_with_executor) by extensions ['ignore', 'ignore_ament_install']
[1.795s] Level 1:colcon.colcon_core.package_identification:_identify(src/px4-ros2-interface-lib/examples/cpp/modes/mode_with_executor) by extension 'ignore'
[1.795s] Level 1:colcon.colcon_core.package_identification:_identify(src/px4-ros2-interface-lib/examples/cpp/modes/mode_with_executor) by extension 'ignore_ament_install'
[1.795s] Level 1:colcon.colcon_core.package_identification:_identify(src/px4-ros2-interface-lib/examples/cpp/modes/mode_with_executor) by extensions ['colcon_pkg']
[1.795s] Level 1:colcon.colcon_core.package_identification:_identify(src/px4-ros2-interface-lib/examples/cpp/modes/mode_with_executor) by extension 'colcon_pkg'
[1.795s] Level 1:colcon.colcon_core.package_identification:_identify(src/px4-ros2-interface-lib/examples/cpp/modes/mode_with_executor) by extensions ['colcon_meta']
[1.795s] Level 1:colcon.colcon_core.package_identification:_identify(src/px4-ros2-interface-lib/examples/cpp/modes/mode_with_executor) by extension 'colcon_meta'
[1.795s] Level 1:colcon.colcon_core.package_identification:_identify(src/px4-ros2-interface-lib/examples/cpp/modes/mode_with_executor) by extensions ['ros']
[1.795s] Level 1:colcon.colcon_core.package_identification:_identify(src/px4-ros2-interface-lib/examples/cpp/modes/mode_with_executor) by extension 'ros'
[1.796s] DEBUG:colcon.colcon_core.package_identification:Package 'src/px4-ros2-interface-lib/examples/cpp/modes/mode_with_executor' with type 'ros.ament_cmake' and name 'example_mode_with_executor_cpp'
[1.796s] Level 1:colcon.colcon_core.package_identification:_identify(src/px4-ros2-interface-lib/examples/cpp/modes/rtl_replacement) by extensions ['ignore', 'ignore_ament_install']
[1.797s] Level 1:colcon.colcon_core.package_identification:_identify(src/px4-ros2-interface-lib/examples/cpp/modes/rtl_replacement) by extension 'ignore'
[1.797s] Level 1:colcon.colcon_core.package_identification:_identify(src/px4-ros2-interface-lib/examples/cpp/modes/rtl_replacement) by extension 'ignore_ament_install'
[1.797s] Level 1:colcon.colcon_core.package_identification:_identify(src/px4-ros2-interface-lib/examples/cpp/modes/rtl_replacement) by extensions ['colcon_pkg']
[1.797s] Level 1:colcon.colcon_core.package_identification:_identify(src/px4-ros2-interface-lib/examples/cpp/modes/rtl_replacement) by extension 'colcon_pkg'
[1.797s] Level 1:colcon.colcon_core.package_identification:_identify(src/px4-ros2-interface-lib/examples/cpp/modes/rtl_replacement) by extensions ['colcon_meta']
[1.797s] Level 1:colcon.colcon_core.package_identification:_identify(src/px4-ros2-interface-lib/examples/cpp/modes/rtl_replacement) by extension 'colcon_meta'
[1.797s] Level 1:colcon.colcon_core.package_identification:_identify(src/px4-ros2-interface-lib/examples/cpp/modes/rtl_replacement) by extensions ['ros']
[1.797s] Level 1:colcon.colcon_core.package_identification:_identify(src/px4-ros2-interface-lib/examples/cpp/modes/rtl_replacement) by extension 'ros'
[1.798s] DEBUG:colcon.colcon_core.package_identification:Package 'src/px4-ros2-interface-lib/examples/cpp/modes/rtl_replacement' with type 'ros.ament_cmake' and name 'example_mode_rtl_replacement_cpp'
[1.798s] Level 1:colcon.colcon_core.package_identification:_identify(src/px4-ros2-interface-lib/examples/cpp/navigation) by extensions ['ignore', 'ignore_ament_install']
[1.799s] Level 1:colcon.colcon_core.package_identification:_identify(src/px4-ros2-interface-lib/examples/cpp/navigation) by extension 'ignore'
[1.799s] Level 1:colcon.colcon_core.package_identification:_identify(src/px4-ros2-interface-lib/examples/cpp/navigation) by extension 'ignore_ament_install'
[1.799s] Level 1:colcon.colcon_core.package_identification:_identify(src/px4-ros2-interface-lib/examples/cpp/navigation) by extensions ['colcon_pkg']
[1.799s] Level 1:colcon.colcon_core.package_identification:_identify(src/px4-ros2-interface-lib/examples/cpp/navigation) by extension 'colcon_pkg'
[1.799s] Level 1:colcon.colcon_core.package_identification:_identify(src/px4-ros2-interface-lib/examples/cpp/navigation) by extensions ['colcon_meta']
[1.799s] Level 1:colcon.colcon_core.package_identification:_identify(src/px4-ros2-interface-lib/examples/cpp/navigation) by extension 'colcon_meta'
[1.799s] Level 1:colcon.colcon_core.package_identification:_identify(src/px4-ros2-interface-lib/examples/cpp/navigation) by extensions ['ros']
[1.799s] Level 1:colcon.colcon_core.package_identification:_identify(src/px4-ros2-interface-lib/examples/cpp/navigation) by extension 'ros'
[1.799s] Level 1:colcon.colcon_core.package_identification:_identify(src/px4-ros2-interface-lib/examples/cpp/navigation) by extensions ['cmake', 'python']
[1.799s] Level 1:colcon.colcon_core.package_identification:_identify(src/px4-ros2-interface-lib/examples/cpp/navigation) by extension 'cmake'
[1.799s] Level 1:colcon.colcon_core.package_identification:_identify(src/px4-ros2-interface-lib/examples/cpp/navigation) by extension 'python'
[1.799s] Level 1:colcon.colcon_core.package_identification:_identify(src/px4-ros2-interface-lib/examples/cpp/navigation) by extensions ['python_setup_py']
[1.799s] Level 1:colcon.colcon_core.package_identification:_identify(src/px4-ros2-interface-lib/examples/cpp/navigation) by extension 'python_setup_py'
[1.799s] Level 1:colcon.colcon_core.package_identification:_identify(src/px4-ros2-interface-lib/examples/cpp/navigation/global_navigation) by extensions ['ignore', 'ignore_ament_install']
[1.799s] Level 1:colcon.colcon_core.package_identification:_identify(src/px4-ros2-interface-lib/examples/cpp/navigation/global_navigation) by extension 'ignore'
[1.799s] Level 1:colcon.colcon_core.package_identification:_identify(src/px4-ros2-interface-lib/examples/cpp/navigation/global_navigation) by extension 'ignore_ament_install'
[1.800s] Level 1:colcon.colcon_core.package_identification:_identify(src/px4-ros2-interface-lib/examples/cpp/navigation/global_navigation) by extensions ['colcon_pkg']
[1.800s] Level 1:colcon.colcon_core.package_identification:_identify(src/px4-ros2-interface-lib/examples/cpp/navigation/global_navigation) by extension 'colcon_pkg'
[1.800s] Level 1:colcon.colcon_core.package_identification:_identify(src/px4-ros2-interface-lib/examples/cpp/navigation/global_navigation) by extensions ['colcon_meta']
[1.800s] Level 1:colcon.colcon_core.package_identification:_identify(src/px4-ros2-interface-lib/examples/cpp/navigation/global_navigation) by extension 'colcon_meta'
[1.800s] Level 1:colcon.colcon_core.package_identification:_identify(src/px4-ros2-interface-lib/examples/cpp/navigation/global_navigation) by extensions ['ros']
[1.800s] Level 1:colcon.colcon_core.package_identification:_identify(src/px4-ros2-interface-lib/examples/cpp/navigation/global_navigation) by extension 'ros'
[1.800s] DEBUG:colcon.colcon_core.package_identification:Package 'src/px4-ros2-interface-lib/examples/cpp/navigation/global_navigation' with type 'ros.ament_cmake' and name 'example_global_navigation_cpp'
[1.801s] Level 1:colcon.colcon_core.package_identification:_identify(src/px4-ros2-interface-lib/examples/cpp/navigation/local_navigation) by extensions ['ignore', 'ignore_ament_install']
[1.801s] Level 1:colcon.colcon_core.package_identification:_identify(src/px4-ros2-interface-lib/examples/cpp/navigation/local_navigation) by extension 'ignore'
[1.801s] Level 1:colcon.colcon_core.package_identification:_identify(src/px4-ros2-interface-lib/examples/cpp/navigation/local_navigation) by extension 'ignore_ament_install'
[1.801s] Level 1:colcon.colcon_core.package_identification:_identify(src/px4-ros2-interface-lib/examples/cpp/navigation/local_navigation) by extensions ['colcon_pkg']
[1.801s] Level 1:colcon.colcon_core.package_identification:_identify(src/px4-ros2-interface-lib/examples/cpp/navigation/local_navigation) by extension 'colcon_pkg'
[1.801s] Level 1:colcon.colcon_core.package_identification:_identify(src/px4-ros2-interface-lib/examples/cpp/navigation/local_navigation) by extensions ['colcon_meta']
[1.801s] Level 1:colcon.colcon_core.package_identification:_identify(src/px4-ros2-interface-lib/examples/cpp/navigation/local_navigation) by extension 'colcon_meta'
[1.801s] Level 1:colcon.colcon_core.package_identification:_identify(src/px4-ros2-interface-lib/examples/cpp/navigation/local_navigation) by extensions ['ros']
[1.801s] Level 1:colcon.colcon_core.package_identification:_identify(src/px4-ros2-interface-lib/examples/cpp/navigation/local_navigation) by extension 'ros'
[1.802s] DEBUG:colcon.colcon_core.package_identification:Package 'src/px4-ros2-interface-lib/examples/cpp/navigation/local_navigation' with type 'ros.ament_cmake' and name 'example_local_navigation_cpp'
[1.803s] Level 1:colcon.colcon_core.package_identification:_identify(src/px4-ros2-interface-lib/px4_ros2_cpp) by extensions ['ignore', 'ignore_ament_install']
[1.803s] Level 1:colcon.colcon_core.package_identification:_identify(src/px4-ros2-interface-lib/px4_ros2_cpp) by extension 'ignore'
[1.803s] Level 1:colcon.colcon_core.package_identification:_identify(src/px4-ros2-interface-lib/px4_ros2_cpp) by extension 'ignore_ament_install'
[1.803s] Level 1:colcon.colcon_core.package_identification:_identify(src/px4-ros2-interface-lib/px4_ros2_cpp) by extensions ['colcon_pkg']
[1.803s] Level 1:colcon.colcon_core.package_identification:_identify(src/px4-ros2-interface-lib/px4_ros2_cpp) by extension 'colcon_pkg'
[1.803s] Level 1:colcon.colcon_core.package_identification:_identify(src/px4-ros2-interface-lib/px4_ros2_cpp) by extensions ['colcon_meta']
[1.803s] Level 1:colcon.colcon_core.package_identification:_identify(src/px4-ros2-interface-lib/px4_ros2_cpp) by extension 'colcon_meta'
[1.803s] Level 1:colcon.colcon_core.package_identification:_identify(src/px4-ros2-interface-lib/px4_ros2_cpp) by extensions ['ros']
[1.803s] Level 1:colcon.colcon_core.package_identification:_identify(src/px4-ros2-interface-lib/px4_ros2_cpp) by extension 'ros'
[1.805s] DEBUG:colcon.colcon_core.package_identification:Package 'src/px4-ros2-interface-lib/px4_ros2_cpp' with type 'ros.ament_cmake' and name 'px4_ros2_cpp'
[1.805s] Level 1:colcon.colcon_core.package_identification:_identify(src/px4-ros2-interface-lib/scripts) by extensions ['ignore', 'ignore_ament_install']
[1.805s] Level 1:colcon.colcon_core.package_identification:_identify(src/px4-ros2-interface-lib/scripts) by extension 'ignore'
[1.806s] Level 1:colcon.colcon_core.package_identification:_identify(src/px4-ros2-interface-lib/scripts) by extension 'ignore_ament_install'
[1.806s] Level 1:colcon.colcon_core.package_identification:_identify(src/px4-ros2-interface-lib/scripts) by extensions ['colcon_pkg']
[1.806s] Level 1:colcon.colcon_core.package_identification:_identify(src/px4-ros2-interface-lib/scripts) by extension 'colcon_pkg'
[1.806s] Level 1:colcon.colcon_core.package_identification:_identify(src/px4-ros2-interface-lib/scripts) by extensions ['colcon_meta']
[1.806s] Level 1:colcon.colcon_core.package_identification:_identify(src/px4-ros2-interface-lib/scripts) by extension 'colcon_meta'
[1.806s] Level 1:colcon.colcon_core.package_identification:_identify(src/px4-ros2-interface-lib/scripts) by extensions ['ros']
[1.806s] Level 1:colcon.colcon_core.package_identification:_identify(src/px4-ros2-interface-lib/scripts) by extension 'ros'
[1.806s] Level 1:colcon.colcon_core.package_identification:_identify(src/px4-ros2-interface-lib/scripts) by extensions ['cmake', 'python']
[1.806s] Level 1:colcon.colcon_core.package_identification:_identify(src/px4-ros2-interface-lib/scripts) by extension 'cmake'
[1.806s] Level 1:colcon.colcon_core.package_identification:_identify(src/px4-ros2-interface-lib/scripts) by extension 'python'
[1.806s] Level 1:colcon.colcon_core.package_identification:_identify(src/px4-ros2-interface-lib/scripts) by extensions ['python_setup_py']
[1.806s] Level 1:colcon.colcon_core.package_identification:_identify(src/px4-ros2-interface-lib/scripts) by extension 'python_setup_py'
[1.807s] Level 1:colcon.colcon_core.package_identification:_identify(src/px4_msgs) by extensions ['ignore', 'ignore_ament_install']
[1.807s] Level 1:colcon.colcon_core.package_identification:_identify(src/px4_msgs) by extension 'ignore'
[1.807s] Level 1:colcon.colcon_core.package_identification:_identify(src/px4_msgs) by extension 'ignore_ament_install'
[1.807s] Level 1:colcon.colcon_core.package_identification:_identify(src/px4_msgs) by extensions ['colcon_pkg']
[1.807s] Level 1:colcon.colcon_core.package_identification:_identify(src/px4_msgs) by extension 'colcon_pkg'
[1.807s] Level 1:colcon.colcon_core.package_identification:_identify(src/px4_msgs) by extensions ['colcon_meta']
[1.807s] Level 1:colcon.colcon_core.package_identification:_identify(src/px4_msgs) by extension 'colcon_meta'
[1.807s] Level 1:colcon.colcon_core.package_identification:_identify(src/px4_msgs) by extensions ['ros']
[1.807s] Level 1:colcon.colcon_core.package_identification:_identify(src/px4_msgs) by extension 'ros'
[1.809s] DEBUG:colcon.colcon_core.package_identification:Package 'src/px4_msgs' with type 'ros.ament_cmake' and name 'px4_msgs'
[1.809s] Level 1:colcon.colcon_core.package_identification:_identify(src/px4_ros_com) by extensions ['ignore', 'ignore_ament_install']
[1.809s] Level 1:colcon.colcon_core.package_identification:_identify(src/px4_ros_com) by extension 'ignore'
[1.809s] Level 1:colcon.colcon_core.package_identification:_identify(src/px4_ros_com) by extension 'ignore_ament_install'
[1.809s] Level 1:colcon.colcon_core.package_identification:_identify(src/px4_ros_com) by extensions ['colcon_pkg']
[1.809s] Level 1:colcon.colcon_core.package_identification:_identify(src/px4_ros_com) by extension 'colcon_pkg'
[1.809s] Level 1:colcon.colcon_core.package_identification:_identify(src/px4_ros_com) by extensions ['colcon_meta']
[1.810s] Level 1:colcon.colcon_core.package_identification:_identify(src/px4_ros_com) by extension 'colcon_meta'
[1.810s] Level 1:colcon.colcon_core.package_identification:_identify(src/px4_ros_com) by extensions ['ros']
[1.810s] Level 1:colcon.colcon_core.package_identification:_identify(src/px4_ros_com) by extension 'ros'
[1.811s] DEBUG:colcon.colcon_core.package_identification:Package 'src/px4_ros_com' with type 'ros.ament_cmake' and name 'px4_ros_com'
[1.811s] Level 1:colcon.colcon_core.package_discovery:discover_packages(recursive) using defaults
[1.812s] Level 1:colcon.colcon_core.package_discovery:discover_packages(ignore) discover
[1.812s] Level 1:colcon.colcon_core.package_discovery:discover_packages(ignore) using defaults
[1.812s] Level 1:colcon.colcon_core.package_discovery:discover_packages(path) discover
[1.812s] Level 1:colcon.colcon_core.package_discovery:discover_packages(path) using defaults
[1.963s] Level 1:colcon.colcon_core.package_discovery:discover_packages(prefix_path) check parameters
[1.963s] Level 1:colcon.colcon_core.package_discovery:discover_packages(prefix_path) discover
[2.017s] DEBUG:colcon.colcon_installed_package_information.package_discovery:Found 9 installed packages in /home/giromi/Repos/ws_sensor_combined_src/install
[2.044s] DEBUG:colcon.colcon_installed_package_information.package_discovery:Found 0 installed packages in /home/giromi/Repos/ros2_ws/install
[2.071s] DEBUG:colcon.colcon_installed_package_information.package_discovery:Found 270 installed packages in /opt/ros/humble
[2.074s] Level 1:colcon.colcon_core.package_discovery:discover_packages(prefix_path) using defaults
[2.197s] Level 5:colcon.colcon_core.verb:set package 'px4_msgs' build argument 'cmake_args' from command line to 'None'
[2.197s] Level 5:colcon.colcon_core.verb:set package 'px4_msgs' build argument 'cmake_target' from command line to 'None'
[2.197s] Level 5:colcon.colcon_core.verb:set package 'px4_msgs' build argument 'cmake_target_skip_unavailable' from command line to 'False'
[2.197s] Level 5:colcon.colcon_core.verb:set package 'px4_msgs' build argument 'cmake_clean_cache' from command line to 'False'
[2.197s] Level 5:colcon.colcon_core.verb:set package 'px4_msgs' build argument 'cmake_clean_first' from command line to 'False'
[2.197s] Level 5:colcon.colcon_core.verb:set package 'px4_msgs' build argument 'cmake_force_configure' from command line to 'False'
[2.198s] Level 5:colcon.colcon_core.verb:set package 'px4_msgs' build argument 'ament_cmake_args' from command line to 'None'
[2.198s] Level 5:colcon.colcon_core.verb:set package 'px4_msgs' build argument 'catkin_cmake_args' from command line to 'None'
[2.198s] Level 5:colcon.colcon_core.verb:set package 'px4_msgs' build argument 'catkin_skip_building_tests' from command line to 'False'
[2.198s] DEBUG:colcon.colcon_core.verb:Building package 'px4_msgs' with the following arguments: {'ament_cmake_args': None, 'build_base': '/home/giromi/Repos/ws_sensor_combined_src/build/px4_msgs', 'catkin_cmake_args': None, 'catkin_skip_building_tests': False, 'cmake_args': None, 'cmake_clean_cache': False, 'cmake_clean_first': False, 'cmake_force_configure': False, 'cmake_target': None, 'cmake_target_skip_unavailable': False, 'install_base': '/home/giromi/Repos/ws_sensor_combined_src/install/px4_msgs', 'merge_install': False, 'path': '/home/giromi/Repos/ws_sensor_combined_src/src/px4_msgs', 'symlink_install': False, 'test_result_base': None}
[2.222s] Level 5:colcon.colcon_core.verb:set package 'px4_ros2_cpp' build argument 'cmake_args' from command line to 'None'
[2.222s] Level 5:colcon.colcon_core.verb:set package 'px4_ros2_cpp' build argument 'cmake_target' from command line to 'None'
[2.222s] Level 5:colcon.colcon_core.verb:set package 'px4_ros2_cpp' build argument 'cmake_target_skip_unavailable' from command line to 'False'
[2.222s] Level 5:colcon.colcon_core.verb:set package 'px4_ros2_cpp' build argument 'cmake_clean_cache' from command line to 'False'
[2.222s] Level 5:colcon.colcon_core.verb:set package 'px4_ros2_cpp' build argument 'cmake_clean_first' from command line to 'False'
[2.222s] Level 5:colcon.colcon_core.verb:set package 'px4_ros2_cpp' build argument 'cmake_force_configure' from command line to 'False'
[2.222s] Level 5:colcon.colcon_core.verb:set package 'px4_ros2_cpp' build argument 'ament_cmake_args' from command line to 'None'
[2.222s] Level 5:colcon.colcon_core.verb:set package 'px4_ros2_cpp' build argument 'catkin_cmake_args' from command line to 'None'
[2.222s] Level 5:colcon.colcon_core.verb:set package 'px4_ros2_cpp' build argument 'catkin_skip_building_tests' from command line to 'False'
[2.222s] DEBUG:colcon.colcon_core.verb:Building package 'px4_ros2_cpp' with the following arguments: {'ament_cmake_args': None, 'build_base': '/home/giromi/Repos/ws_sensor_combined_src/build/px4_ros2_cpp', 'catkin_cmake_args': None, 'catkin_skip_building_tests': False, 'cmake_args': None, 'cmake_clean_cache': False, 'cmake_clean_first': False, 'cmake_force_configure': False, 'cmake_target': None, 'cmake_target_skip_unavailable': False, 'install_base': '/home/giromi/Repos/ws_sensor_combined_src/install/px4_ros2_cpp', 'merge_install': False, 'path': '/home/giromi/Repos/ws_sensor_combined_src/src/px4-ros2-interface-lib/px4_ros2_cpp', 'symlink_install': False, 'test_result_base': None}
[2.264s] Level 5:colcon.colcon_core.verb:set package 'px4_ros_com' build argument 'cmake_args' from command line to 'None'
[2.264s] Level 5:colcon.colcon_core.verb:set package 'px4_ros_com' build argument 'cmake_target' from command line to 'None'
[2.264s] Level 5:colcon.colcon_core.verb:set package 'px4_ros_com' build argument 'cmake_target_skip_unavailable' from command line to 'False'
[2.264s] Level 5:colcon.colcon_core.verb:set package 'px4_ros_com' build argument 'cmake_clean_cache' from command line to 'False'
[2.264s] Level 5:colcon.colcon_core.verb:set package 'px4_ros_com' build argument 'cmake_clean_first' from command line to 'False'
[2.264s] Level 5:colcon.colcon_core.verb:set package 'px4_ros_com' build argument 'cmake_force_configure' from command line to 'False'
[2.264s] Level 5:colcon.colcon_core.verb:set package 'px4_ros_com' build argument 'ament_cmake_args' from command line to 'None'
[2.264s] Level 5:colcon.colcon_core.verb:set package 'px4_ros_com' build argument 'catkin_cmake_args' from command line to 'None'
[2.265s] Level 5:colcon.colcon_core.verb:set package 'px4_ros_com' build argument 'catkin_skip_building_tests' from command line to 'False'
[2.265s] DEBUG:colcon.colcon_core.verb:Building package 'px4_ros_com' with the following arguments: {'ament_cmake_args': None, 'build_base': '/home/giromi/Repos/ws_sensor_combined_src/build/px4_ros_com', 'catkin_cmake_args': None, 'catkin_skip_building_tests': False, 'cmake_args': None, 'cmake_clean_cache': False, 'cmake_clean_first': False, 'cmake_force_configure': False, 'cmake_target': None, 'cmake_target_skip_unavailable': False, 'install_base': '/home/giromi/Repos/ws_sensor_combined_src/install/px4_ros_com', 'merge_install': False, 'path': '/home/giromi/Repos/ws_sensor_combined_src/src/px4_ros_com', 'symlink_install': False, 'test_result_base': None}
[2.291s] Level 5:colcon.colcon_core.verb:set package 'example_global_navigation_cpp' build argument 'cmake_args' from command line to 'None'
[2.291s] Level 5:colcon.colcon_core.verb:set package 'example_global_navigation_cpp' build argument 'cmake_target' from command line to 'None'
[2.291s] Level 5:colcon.colcon_core.verb:set package 'example_global_navigation_cpp' build argument 'cmake_target_skip_unavailable' from command line to 'False'
[2.291s] Level 5:colcon.colcon_core.verb:set package 'example_global_navigation_cpp' build argument 'cmake_clean_cache' from command line to 'False'
[2.291s] Level 5:colcon.colcon_core.verb:set package 'example_global_navigation_cpp' build argument 'cmake_clean_first' from command line to 'False'
[2.291s] Level 5:colcon.colcon_core.verb:set package 'example_global_navigation_cpp' build argument 'cmake_force_configure' from command line to 'False'
[2.291s] Level 5:colcon.colcon_core.verb:set package 'example_global_navigation_cpp' build argument 'ament_cmake_args' from command line to 'None'
[2.291s] Level 5:colcon.colcon_core.verb:set package 'example_global_navigation_cpp' build argument 'catkin_cmake_args' from command line to 'None'
[2.291s] Level 5:colcon.colcon_core.verb:set package 'example_global_navigation_cpp' build argument 'catkin_skip_building_tests' from command line to 'False'
[2.291s] DEBUG:colcon.colcon_core.verb:Building package 'example_global_navigation_cpp' with the following arguments: {'ament_cmake_args': None, 'build_base': '/home/giromi/Repos/ws_sensor_combined_src/build/example_global_navigation_cpp', 'catkin_cmake_args': None, 'catkin_skip_building_tests': False, 'cmake_args': None, 'cmake_clean_cache': False, 'cmake_clean_first': False, 'cmake_force_configure': False, 'cmake_target': None, 'cmake_target_skip_unavailable': False, 'install_base': '/home/giromi/Repos/ws_sensor_combined_src/install/example_global_navigation_cpp', 'merge_install': False, 'path': '/home/giromi/Repos/ws_sensor_combined_src/src/px4-ros2-interface-lib/examples/cpp/navigation/global_navigation', 'symlink_install': False, 'test_result_base': None}
[2.314s] Level 5:colcon.colcon_core.verb:set package 'example_local_navigation_cpp' build argument 'cmake_args' from command line to 'None'
[2.314s] Level 5:colcon.colcon_core.verb:set package 'example_local_navigation_cpp' build argument 'cmake_target' from command line to 'None'
[2.314s] Level 5:colcon.colcon_core.verb:set package 'example_local_navigation_cpp' build argument 'cmake_target_skip_unavailable' from command line to 'False'
[2.314s] Level 5:colcon.colcon_core.verb:set package 'example_local_navigation_cpp' build argument 'cmake_clean_cache' from command line to 'False'
[2.314s] Level 5:colcon.colcon_core.verb:set package 'example_local_navigation_cpp' build argument 'cmake_clean_first' from command line to 'False'
[2.314s] Level 5:colcon.colcon_core.verb:set package 'example_local_navigation_cpp' build argument 'cmake_force_configure' from command line to 'False'
[2.315s] Level 5:colcon.colcon_core.verb:set package 'example_local_navigation_cpp' build argument 'ament_cmake_args' from command line to 'None'
[2.315s] Level 5:colcon.colcon_core.verb:set package 'example_local_navigation_cpp' build argument 'catkin_cmake_args' from command line to 'None'
[2.315s] Level 5:colcon.colcon_core.verb:set package 'example_local_navigation_cpp' build argument 'catkin_skip_building_tests' from command line to 'False'
[2.315s] DEBUG:colcon.colcon_core.verb:Building package 'example_local_navigation_cpp' with the following arguments: {'ament_cmake_args': None, 'build_base': '/home/giromi/Repos/ws_sensor_combined_src/build/example_local_navigation_cpp', 'catkin_cmake_args': None, 'catkin_skip_building_tests': False, 'cmake_args': None, 'cmake_clean_cache': False, 'cmake_clean_first': False, 'cmake_force_configure': False, 'cmake_target': None, 'cmake_target_skip_unavailable': False, 'install_base': '/home/giromi/Repos/ws_sensor_combined_src/install/example_local_navigation_cpp', 'merge_install': False, 'path': '/home/giromi/Repos/ws_sensor_combined_src/src/px4-ros2-interface-lib/examples/cpp/navigation/local_navigation', 'symlink_install': False, 'test_result_base': None}
[2.338s] Level 5:colcon.colcon_core.verb:set package 'example_mode_goto_cpp' build argument 'cmake_args' from command line to 'None'
[2.338s] Level 5:colcon.colcon_core.verb:set package 'example_mode_goto_cpp' build argument 'cmake_target' from command line to 'None'
[2.339s] Level 5:colcon.colcon_core.verb:set package 'example_mode_goto_cpp' build argument 'cmake_target_skip_unavailable' from command line to 'False'
[2.339s] Level 5:colcon.colcon_core.verb:set package 'example_mode_goto_cpp' build argument 'cmake_clean_cache' from command line to 'False'
[2.339s] Level 5:colcon.colcon_core.verb:set package 'example_mode_goto_cpp' build argument 'cmake_clean_first' from command line to 'False'
[2.339s] Level 5:colcon.colcon_core.verb:set package 'example_mode_goto_cpp' build argument 'cmake_force_configure' from command line to 'False'
[2.339s] Level 5:colcon.colcon_core.verb:set package 'example_mode_goto_cpp' build argument 'ament_cmake_args' from command line to 'None'
[2.339s] Level 5:colcon.colcon_core.verb:set package 'example_mode_goto_cpp' build argument 'catkin_cmake_args' from command line to 'None'
[2.339s] Level 5:colcon.colcon_core.verb:set package 'example_mode_goto_cpp' build argument 'catkin_skip_building_tests' from command line to 'False'
[2.339s] DEBUG:colcon.colcon_core.verb:Building package 'example_mode_goto_cpp' with the following arguments: {'ament_cmake_args': None, 'build_base': '/home/giromi/Repos/ws_sensor_combined_src/build/example_mode_goto_cpp', 'catkin_cmake_args': None, 'catkin_skip_building_tests': False, 'cmake_args': None, 'cmake_clean_cache': False, 'cmake_clean_first': False, 'cmake_force_configure': False, 'cmake_target': None, 'cmake_target_skip_unavailable': False, 'install_base': '/home/giromi/Repos/ws_sensor_combined_src/install/example_mode_goto_cpp', 'merge_install': False, 'path': '/home/giromi/Repos/ws_sensor_combined_src/src/px4-ros2-interface-lib/examples/cpp/modes/goto', 'symlink_install': False, 'test_result_base': None}
[2.363s] Level 5:colcon.colcon_core.verb:set package 'example_mode_manual_cpp' build argument 'cmake_args' from command line to 'None'
[2.363s] Level 5:colcon.colcon_core.verb:set package 'example_mode_manual_cpp' build argument 'cmake_target' from command line to 'None'
[2.363s] Level 5:colcon.colcon_core.verb:set package 'example_mode_manual_cpp' build argument 'cmake_target_skip_unavailable' from command line to 'False'
[2.363s] Level 5:colcon.colcon_core.verb:set package 'example_mode_manual_cpp' build argument 'cmake_clean_cache' from command line to 'False'
[2.363s] Level 5:colcon.colcon_core.verb:set package 'example_mode_manual_cpp' build argument 'cmake_clean_first' from command line to 'False'
[2.363s] Level 5:colcon.colcon_core.verb:set package 'example_mode_manual_cpp' build argument 'cmake_force_configure' from command line to 'False'
[2.363s] Level 5:colcon.colcon_core.verb:set package 'example_mode_manual_cpp' build argument 'ament_cmake_args' from command line to 'None'
[2.363s] Level 5:colcon.colcon_core.verb:set package 'example_mode_manual_cpp' build argument 'catkin_cmake_args' from command line to 'None'
[2.363s] Level 5:colcon.colcon_core.verb:set package 'example_mode_manual_cpp' build argument 'catkin_skip_building_tests' from command line to 'False'
[2.363s] DEBUG:colcon.colcon_core.verb:Building package 'example_mode_manual_cpp' with the following arguments: {'ament_cmake_args': None, 'build_base': '/home/giromi/Repos/ws_sensor_combined_src/build/example_mode_manual_cpp', 'catkin_cmake_args': None, 'catkin_skip_building_tests': False, 'cmake_args': None, 'cmake_clean_cache': False, 'cmake_clean_first': False, 'cmake_force_configure': False, 'cmake_target': None, 'cmake_target_skip_unavailable': False, 'install_base': '/home/giromi/Repos/ws_sensor_combined_src/install/example_mode_manual_cpp', 'merge_install': False, 'path': '/home/giromi/Repos/ws_sensor_combined_src/src/px4-ros2-interface-lib/examples/cpp/modes/manual', 'symlink_install': False, 'test_result_base': None}
[2.385s] Level 5:colcon.colcon_core.verb:set package 'example_mode_rtl_replacement_cpp' build argument 'cmake_args' from command line to 'None'
[2.385s] Level 5:colcon.colcon_core.verb:set package 'example_mode_rtl_replacement_cpp' build argument 'cmake_target' from command line to 'None'
[2.386s] Level 5:colcon.colcon_core.verb:set package 'example_mode_rtl_replacement_cpp' build argument 'cmake_target_skip_unavailable' from command line to 'False'
[2.386s] Level 5:colcon.colcon_core.verb:set package 'example_mode_rtl_replacement_cpp' build argument 'cmake_clean_cache' from command line to 'False'
[2.386s] Level 5:colcon.colcon_core.verb:set package 'example_mode_rtl_replacement_cpp' build argument 'cmake_clean_first' from command line to 'False'
[2.386s] Level 5:colcon.colcon_core.verb:set package 'example_mode_rtl_replacement_cpp' build argument 'cmake_force_configure' from command line to 'False'
[2.386s] Level 5:colcon.colcon_core.verb:set package 'example_mode_rtl_replacement_cpp' build argument 'ament_cmake_args' from command line to 'None'
[2.386s] Level 5:colcon.colcon_core.verb:set package 'example_mode_rtl_replacement_cpp' build argument 'catkin_cmake_args' from command line to 'None'
[2.386s] Level 5:colcon.colcon_core.verb:set package 'example_mode_rtl_replacement_cpp' build argument 'catkin_skip_building_tests' from command line to 'False'
[2.386s] DEBUG:colcon.colcon_core.verb:Building package 'example_mode_rtl_replacement_cpp' with the following arguments: {'ament_cmake_args': None, 'build_base': '/home/giromi/Repos/ws_sensor_combined_src/build/example_mode_rtl_replacement_cpp', 'catkin_cmake_args': None, 'catkin_skip_building_tests': False, 'cmake_args': None, 'cmake_clean_cache': False, 'cmake_clean_first': False, 'cmake_force_configure': False, 'cmake_target': None, 'cmake_target_skip_unavailable': False, 'install_base': '/home/giromi/Repos/ws_sensor_combined_src/install/example_mode_rtl_replacement_cpp', 'merge_install': False, 'path': '/home/giromi/Repos/ws_sensor_combined_src/src/px4-ros2-interface-lib/examples/cpp/modes/rtl_replacement', 'symlink_install': False, 'test_result_base': None}
[2.410s] Level 5:colcon.colcon_core.verb:set package 'example_mode_with_executor_cpp' build argument 'cmake_args' from command line to 'None'
[2.411s] Level 5:colcon.colcon_core.verb:set package 'example_mode_with_executor_cpp' build argument 'cmake_target' from command line to 'None'
[2.411s] Level 5:colcon.colcon_core.verb:set package 'example_mode_with_executor_cpp' build argument 'cmake_target_skip_unavailable' from command line to 'False'
[2.411s] Level 5:colcon.colcon_core.verb:set package 'example_mode_with_executor_cpp' build argument 'cmake_clean_cache' from command line to 'False'
[2.411s] Level 5:colcon.colcon_core.verb:set package 'example_mode_with_executor_cpp' build argument 'cmake_clean_first' from command line to 'False'
[2.411s] Level 5:colcon.colcon_core.verb:set package 'example_mode_with_executor_cpp' build argument 'cmake_force_configure' from command line to 'False'
[2.411s] Level 5:colcon.colcon_core.verb:set package 'example_mode_with_executor_cpp' build argument 'ament_cmake_args' from command line to 'None'
[2.411s] Level 5:colcon.colcon_core.verb:set package 'example_mode_with_executor_cpp' build argument 'catkin_cmake_args' from command line to 'None'
[2.411s] Level 5:colcon.colcon_core.verb:set package 'example_mode_with_executor_cpp' build argument 'catkin_skip_building_tests' from command line to 'False'
[2.411s] DEBUG:colcon.colcon_core.verb:Building package 'example_mode_with_executor_cpp' with the following arguments: {'ament_cmake_args': None, 'build_base': '/home/giromi/Repos/ws_sensor_combined_src/build/example_mode_with_executor_cpp', 'catkin_cmake_args': None, 'catkin_skip_building_tests': False, 'cmake_args': None, 'cmake_clean_cache': False, 'cmake_clean_first': False, 'cmake_force_configure': False, 'cmake_target': None, 'cmake_target_skip_unavailable': False, 'install_base': '/home/giromi/Repos/ws_sensor_combined_src/install/example_mode_with_executor_cpp', 'merge_install': False, 'path': '/home/giromi/Repos/ws_sensor_combined_src/src/px4-ros2-interface-lib/examples/cpp/modes/mode_with_executor', 'symlink_install': False, 'test_result_base': None}
[2.433s] INFO:colcon.colcon_core.executor:Executing jobs using 'parallel' executor
[2.457s] DEBUG:colcon.colcon_parallel_executor.executor.parallel:run_until_complete
[2.458s] INFO:colcon.colcon_ros.task.ament_cmake.build:Building ROS package in '/home/giromi/Repos/ws_sensor_combined_src/src/px4_msgs' with build type 'ament_cmake'
[2.458s] INFO:colcon.colcon_cmake.task.cmake.build:Building CMake package in '/home/giromi/Repos/ws_sensor_combined_src/src/px4_msgs'
[2.485s] INFO:colcon.colcon_core.plugin_system:Skipping extension 'colcon_core.shell.bat': Not used on non-Windows systems
[2.485s] INFO:colcon.colcon_core.shell:Skip shell extension 'powershell' for command environment: Not usable outside of PowerShell
[2.485s] DEBUG:colcon.colcon_core.shell:Skip shell extension 'dsv' for command environment
[2.607s] DEBUG:colcon.colcon_core.event_handler.log_command:Invoking command in '/home/giromi/Repos/ws_sensor_combined_src/build/px4_msgs': CMAKE_PREFIX_PATH=${CMAKE_PREFIX_PATH}:/opt/ros/humble /usr/bin/cmake --build /home/giromi/Repos/ws_sensor_combined_src/build/px4_msgs -- -j8 -l8
[4.897s] DEBUG:colcon.colcon_core.event_handler.log_command:Invoked command in '/home/giromi/Repos/ws_sensor_combined_src/build/px4_msgs' returned '0': CMAKE_PREFIX_PATH=${CMAKE_PREFIX_PATH}:/opt/ros/humble /usr/bin/cmake --build /home/giromi/Repos/ws_sensor_combined_src/build/px4_msgs -- -j8 -l8
[12.635s] DEBUG:colcon.colcon_core.event_handler.log_command:Invoking command in '/home/giromi/Repos/ws_sensor_combined_src/build/px4_msgs': CMAKE_PREFIX_PATH=${CMAKE_PREFIX_PATH}:/opt/ros/humble /usr/bin/cmake --install /home/giromi/Repos/ws_sensor_combined_src/build/px4_msgs
[13.248s] Level 1:colcon.colcon_core.environment:create_environment_scripts_only(px4_msgs)
[13.287s] DEBUG:colcon.colcon_core.event_handler.log_command:Invoked command in '/home/giromi/Repos/ws_sensor_combined_src/build/px4_msgs' returned '0': CMAKE_PREFIX_PATH=${CMAKE_PREFIX_PATH}:/opt/ros/humble /usr/bin/cmake --install /home/giromi/Repos/ws_sensor_combined_src/build/px4_msgs
[13.306s] Level 1:colcon.colcon_core.environment:checking '/home/giromi/Repos/ws_sensor_combined_src/install/px4_msgs' for CMake module files
[13.307s] Level 1:colcon.colcon_core.environment:checking '/home/giromi/Repos/ws_sensor_combined_src/install/px4_msgs' for CMake config files
[13.313s] Level 1:colcon.colcon_core.shell:create_environment_hook('px4_msgs', 'cmake_prefix_path')
[13.342s] INFO:colcon.colcon_core.shell:Creating environment hook '/home/giromi/Repos/ws_sensor_combined_src/install/px4_msgs/share/px4_msgs/hook/cmake_prefix_path.ps1'
[13.343s] INFO:colcon.colcon_core.shell:Creating environment descriptor '/home/giromi/Repos/ws_sensor_combined_src/install/px4_msgs/share/px4_msgs/hook/cmake_prefix_path.dsv'
[13.344s] INFO:colcon.colcon_core.shell:Creating environment hook '/home/giromi/Repos/ws_sensor_combined_src/install/px4_msgs/share/px4_msgs/hook/cmake_prefix_path.sh'
[13.345s] Level 1:colcon.colcon_core.environment:checking '/home/giromi/Repos/ws_sensor_combined_src/install/px4_msgs/lib'
[13.345s] Level 1:colcon.colcon_core.shell:create_environment_hook('px4_msgs', 'ld_library_path_lib')
[13.371s] INFO:colcon.colcon_core.shell:Creating environment hook '/home/giromi/Repos/ws_sensor_combined_src/install/px4_msgs/share/px4_msgs/hook/ld_library_path_lib.ps1'
[13.372s] INFO:colcon.colcon_core.shell:Creating environment descriptor '/home/giromi/Repos/ws_sensor_combined_src/install/px4_msgs/share/px4_msgs/hook/ld_library_path_lib.dsv'
[13.373s] INFO:colcon.colcon_core.shell:Creating environment hook '/home/giromi/Repos/ws_sensor_combined_src/install/px4_msgs/share/px4_msgs/hook/ld_library_path_lib.sh'
[13.373s] Level 1:colcon.colcon_core.environment:checking '/home/giromi/Repos/ws_sensor_combined_src/install/px4_msgs/bin'
[13.374s] Level 1:colcon.colcon_core.environment:checking '/home/giromi/Repos/ws_sensor_combined_src/install/px4_msgs/lib/pkgconfig/px4_msgs.pc'
[13.374s] Level 1:colcon.colcon_core.environment:checking '/home/giromi/Repos/ws_sensor_combined_src/install/px4_msgs/lib/python3.10/site-packages'
[13.375s] Level 1:colcon.colcon_core.environment:checking '/home/giromi/Repos/ws_sensor_combined_src/install/px4_msgs/bin'
[13.402s] INFO:colcon.colcon_core.shell:Creating package script '/home/giromi/Repos/ws_sensor_combined_src/install/px4_msgs/share/px4_msgs/package.ps1'
[13.404s] INFO:colcon.colcon_core.shell:Creating package descriptor '/home/giromi/Repos/ws_sensor_combined_src/install/px4_msgs/share/px4_msgs/package.dsv'
[13.405s] INFO:colcon.colcon_core.shell:Creating package script '/home/giromi/Repos/ws_sensor_combined_src/install/px4_msgs/share/px4_msgs/package.sh'
[13.407s] INFO:colcon.colcon_core.shell:Creating package script '/home/giromi/Repos/ws_sensor_combined_src/install/px4_msgs/share/px4_msgs/package.bash'
[13.408s] INFO:colcon.colcon_core.shell:Creating package script '/home/giromi/Repos/ws_sensor_combined_src/install/px4_msgs/share/px4_msgs/package.zsh'
[13.409s] Level 1:colcon.colcon_core.environment:create_file_with_runtime_dependencies(/home/giromi/Repos/ws_sensor_combined_src/install/px4_msgs/share/colcon-core/packages/px4_msgs)
[21.098s] Level 1:colcon.colcon_core.environment:create_environment_scripts_only(px4_msgs)
[21.123s] Level 1:colcon.colcon_core.environment:checking '/home/giromi/Repos/ws_sensor_combined_src/install/px4_msgs' for CMake module files
[21.124s] Level 1:colcon.colcon_core.environment:checking '/home/giromi/Repos/ws_sensor_combined_src/install/px4_msgs' for CMake config files
[21.130s] Level 1:colcon.colcon_core.shell:create_environment_hook('px4_msgs', 'cmake_prefix_path')
[21.158s] INFO:colcon.colcon_core.shell:Creating environment hook '/home/giromi/Repos/ws_sensor_combined_src/install/px4_msgs/share/px4_msgs/hook/cmake_prefix_path.ps1'
[21.158s] INFO:colcon.colcon_core.shell:Creating environment descriptor '/home/giromi/Repos/ws_sensor_combined_src/install/px4_msgs/share/px4_msgs/hook/cmake_prefix_path.dsv'
[21.159s] INFO:colcon.colcon_core.shell:Creating environment hook '/home/giromi/Repos/ws_sensor_combined_src/install/px4_msgs/share/px4_msgs/hook/cmake_prefix_path.sh'
[21.159s] Level 1:colcon.colcon_core.environment:checking '/home/giromi/Repos/ws_sensor_combined_src/install/px4_msgs/lib'
[21.160s] Level 1:colcon.colcon_core.shell:create_environment_hook('px4_msgs', 'ld_library_path_lib')
[21.187s] INFO:colcon.colcon_core.shell:Creating environment hook '/home/giromi/Repos/ws_sensor_combined_src/install/px4_msgs/share/px4_msgs/hook/ld_library_path_lib.ps1'
[21.188s] INFO:colcon.colcon_core.shell:Creating environment descriptor '/home/giromi/Repos/ws_sensor_combined_src/install/px4_msgs/share/px4_msgs/hook/ld_library_path_lib.dsv'
[21.188s] INFO:colcon.colcon_core.shell:Creating environment hook '/home/giromi/Repos/ws_sensor_combined_src/install/px4_msgs/share/px4_msgs/hook/ld_library_path_lib.sh'
[21.189s] Level 1:colcon.colcon_core.environment:checking '/home/giromi/Repos/ws_sensor_combined_src/install/px4_msgs/bin'
[21.189s] Level 1:colcon.colcon_core.environment:checking '/home/giromi/Repos/ws_sensor_combined_src/install/px4_msgs/lib/pkgconfig/px4_msgs.pc'
[21.189s] Level 1:colcon.colcon_core.environment:checking '/home/giromi/Repos/ws_sensor_combined_src/install/px4_msgs/lib/python3.10/site-packages'
[21.190s] Level 1:colcon.colcon_core.environment:checking '/home/giromi/Repos/ws_sensor_combined_src/install/px4_msgs/bin'
[21.214s] INFO:colcon.colcon_core.shell:Creating package script '/home/giromi/Repos/ws_sensor_combined_src/install/px4_msgs/share/px4_msgs/package.ps1'
[21.215s] INFO:colcon.colcon_core.shell:Creating package descriptor '/home/giromi/Repos/ws_sensor_combined_src/install/px4_msgs/share/px4_msgs/package.dsv'
[21.216s] INFO:colcon.colcon_core.shell:Creating package script '/home/giromi/Repos/ws_sensor_combined_src/install/px4_msgs/share/px4_msgs/package.sh'
[21.217s] INFO:colcon.colcon_core.shell:Creating package script '/home/giromi/Repos/ws_sensor_combined_src/install/px4_msgs/share/px4_msgs/package.bash'
[21.217s] INFO:colcon.colcon_core.shell:Creating package script '/home/giromi/Repos/ws_sensor_combined_src/install/px4_msgs/share/px4_msgs/package.zsh'
[21.219s] Level 1:colcon.colcon_core.environment:create_file_with_runtime_dependencies(/home/giromi/Repos/ws_sensor_combined_src/install/px4_msgs/share/colcon-core/packages/px4_msgs)
[21.219s] INFO:colcon.colcon_ros.task.ament_cmake.build:Building ROS package in '/home/giromi/Repos/ws_sensor_combined_src/src/px4-ros2-interface-lib/px4_ros2_cpp' with build type 'ament_cmake'
[21.220s] INFO:colcon.colcon_cmake.task.cmake.build:Building CMake package in '/home/giromi/Repos/ws_sensor_combined_src/src/px4-ros2-interface-lib/px4_ros2_cpp'
[21.248s] INFO:colcon.colcon_core.shell:Skip shell extension 'powershell' for command environment: Not usable outside of PowerShell
[21.248s] DEBUG:colcon.colcon_core.shell:Skip shell extension 'dsv' for command environment
[21.356s] INFO:colcon.colcon_ros.task.ament_cmake.build:Building ROS package in '/home/giromi/Repos/ws_sensor_combined_src/src/px4_ros_com' with build type 'ament_cmake'
[21.356s] INFO:colcon.colcon_cmake.task.cmake.build:Building CMake package in '/home/giromi/Repos/ws_sensor_combined_src/src/px4_ros_com'
[21.384s] INFO:colcon.colcon_core.shell:Skip shell extension 'powershell' for command environment: Not usable outside of PowerShell
[21.384s] DEBUG:colcon.colcon_core.shell:Skip shell extension 'dsv' for command environment
[21.510s] DEBUG:colcon.colcon_core.event_handler.log_command:Invoking command in '/home/giromi/Repos/ws_sensor_combined_src/build/px4_ros2_cpp': CMAKE_PREFIX_PATH=/home/giromi/Repos/ws_sensor_combined_src/install/px4_msgs:/home/giromi/Repos/ws_sensor_combined_src/install/example_mode_with_executor_cpp:/home/giromi/Repos/ws_sensor_combined_src/install/example_mode_rtl_replacement_cpp:/home/giromi/Repos/ws_sensor_combined_src/install/example_mode_manual_cpp:/home/giromi/Repos/ws_sensor_combined_src/install/example_mode_goto_cpp:/home/giromi/Repos/ws_sensor_combined_src/install/example_local_navigation_cpp:/home/giromi/Repos/ws_sensor_combined_src/install/example_global_navigation_cpp:/home/giromi/Repos/ws_sensor_combined_src/install/px4_ros2_cpp:/home/giromi/Repos/ws_sensor_combined_src/install/px4_ros_com:/opt/ros/humble LD_LIBRARY_PATH=/home/giromi/Repos/ws_sensor_combined_src/install/px4_msgs/lib:/home/giromi/Repos/ws_sensor_combined_src/install/px4_ros2_cpp/lib:/home/giromi/Repos/ws_sensor_combined_src/install/px4_ros_com/lib:/opt/ros/humble/opt/rviz_ogre_vendor/lib:/opt/ros/humble/lib/x86_64-linux-gnu:/opt/ros/humble/lib /usr/bin/cmake --build /home/giromi/Repos/ws_sensor_combined_src/build/px4_ros2_cpp -- -j8 -l8
[21.515s] DEBUG:colcon.colcon_core.event_handler.log_command:Invoking command in '/home/giromi/Repos/ws_sensor_combined_src/build/px4_ros_com': CMAKE_PREFIX_PATH=/home/giromi/Repos/ws_sensor_combined_src/install/px4_msgs:/home/giromi/Repos/ws_sensor_combined_src/install/example_mode_with_executor_cpp:/home/giromi/Repos/ws_sensor_combined_src/install/example_mode_rtl_replacement_cpp:/home/giromi/Repos/ws_sensor_combined_src/install/example_mode_manual_cpp:/home/giromi/Repos/ws_sensor_combined_src/install/example_mode_goto_cpp:/home/giromi/Repos/ws_sensor_combined_src/install/example_local_navigation_cpp:/home/giromi/Repos/ws_sensor_combined_src/install/example_global_navigation_cpp:/home/giromi/Repos/ws_sensor_combined_src/install/px4_ros2_cpp:/home/giromi/Repos/ws_sensor_combined_src/install/px4_ros_com:/opt/ros/humble LD_LIBRARY_PATH=/home/giromi/Repos/ws_sensor_combined_src/install/px4_msgs/lib:/home/giromi/Repos/ws_sensor_combined_src/install/px4_ros2_cpp/lib:/home/giromi/Repos/ws_sensor_combined_src/install/px4_ros_com/lib:/opt/ros/humble/opt/rviz_ogre_vendor/lib:/opt/ros/humble/lib/x86_64-linux-gnu:/opt/ros/humble/lib /usr/bin/cmake --build /home/giromi/Repos/ws_sensor_combined_src/build/px4_ros_com -- -j8 -l8
[21.740s] DEBUG:colcon.colcon_core.event_handler.log_command:Invoked command in '/home/giromi/Repos/ws_sensor_combined_src/build/px4_ros2_cpp' returned '0': CMAKE_PREFIX_PATH=/home/giromi/Repos/ws_sensor_combined_src/install/px4_msgs:/home/giromi/Repos/ws_sensor_combined_src/install/example_mode_with_executor_cpp:/home/giromi/Repos/ws_sensor_combined_src/install/example_mode_rtl_replacement_cpp:/home/giromi/Repos/ws_sensor_combined_src/install/example_mode_manual_cpp:/home/giromi/Repos/ws_sensor_combined_src/install/example_mode_goto_cpp:/home/giromi/Repos/ws_sensor_combined_src/install/example_local_navigation_cpp:/home/giromi/Repos/ws_sensor_combined_src/install/example_global_navigation_cpp:/home/giromi/Repos/ws_sensor_combined_src/install/px4_ros2_cpp:/home/giromi/Repos/ws_sensor_combined_src/install/px4_ros_com:/opt/ros/humble LD_LIBRARY_PATH=/home/giromi/Repos/ws_sensor_combined_src/install/px4_msgs/lib:/home/giromi/Repos/ws_sensor_combined_src/install/px4_ros2_cpp/lib:/home/giromi/Repos/ws_sensor_combined_src/install/px4_ros_com/lib:/opt/ros/humble/opt/rviz_ogre_vendor/lib:/opt/ros/humble/lib/x86_64-linux-gnu:/opt/ros/humble/lib /usr/bin/cmake --build /home/giromi/Repos/ws_sensor_combined_src/build/px4_ros2_cpp -- -j8 -l8
[21.913s] DEBUG:colcon.colcon_core.event_handler.log_command:Invoking command in '/home/giromi/Repos/ws_sensor_combined_src/build/px4_ros2_cpp': CMAKE_PREFIX_PATH=/home/giromi/Repos/ws_sensor_combined_src/install/px4_msgs:/home/giromi/Repos/ws_sensor_combined_src/install/example_mode_with_executor_cpp:/home/giromi/Repos/ws_sensor_combined_src/install/example_mode_rtl_replacement_cpp:/home/giromi/Repos/ws_sensor_combined_src/install/example_mode_manual_cpp:/home/giromi/Repos/ws_sensor_combined_src/install/example_mode_goto_cpp:/home/giromi/Repos/ws_sensor_combined_src/install/example_local_navigation_cpp:/home/giromi/Repos/ws_sensor_combined_src/install/example_global_navigation_cpp:/home/giromi/Repos/ws_sensor_combined_src/install/px4_ros2_cpp:/home/giromi/Repos/ws_sensor_combined_src/install/px4_ros_com:/opt/ros/humble LD_LIBRARY_PATH=/home/giromi/Repos/ws_sensor_combined_src/install/px4_msgs/lib:/home/giromi/Repos/ws_sensor_combined_src/install/px4_ros2_cpp/lib:/home/giromi/Repos/ws_sensor_combined_src/install/px4_ros_com/lib:/opt/ros/humble/opt/rviz_ogre_vendor/lib:/opt/ros/humble/lib/x86_64-linux-gnu:/opt/ros/humble/lib /usr/bin/cmake --install /home/giromi/Repos/ws_sensor_combined_src/build/px4_ros2_cpp
[21.931s] Level 1:colcon.colcon_core.environment:create_environment_scripts_only(px4_ros2_cpp)
[21.940s] DEBUG:colcon.colcon_core.event_handler.log_command:Invoked command in '/home/giromi/Repos/ws_sensor_combined_src/build/px4_ros2_cpp' returned '0': CMAKE_PREFIX_PATH=/home/giromi/Repos/ws_sensor_combined_src/install/px4_msgs:/home/giromi/Repos/ws_sensor_combined_src/install/example_mode_with_executor_cpp:/home/giromi/Repos/ws_sensor_combined_src/install/example_mode_rtl_replacement_cpp:/home/giromi/Repos/ws_sensor_combined_src/install/example_mode_manual_cpp:/home/giromi/Repos/ws_sensor_combined_src/install/example_mode_goto_cpp:/home/giromi/Repos/ws_sensor_combined_src/install/example_local_navigation_cpp:/home/giromi/Repos/ws_sensor_combined_src/install/example_global_navigation_cpp:/home/giromi/Repos/ws_sensor_combined_src/install/px4_ros2_cpp:/home/giromi/Repos/ws_sensor_combined_src/install/px4_ros_com:/opt/ros/humble LD_LIBRARY_PATH=/home/giromi/Repos/ws_sensor_combined_src/install/px4_msgs/lib:/home/giromi/Repos/ws_sensor_combined_src/install/px4_ros2_cpp/lib:/home/giromi/Repos/ws_sensor_combined_src/install/px4_ros_com/lib:/opt/ros/humble/opt/rviz_ogre_vendor/lib:/opt/ros/humble/lib/x86_64-linux-gnu:/opt/ros/humble/lib /usr/bin/cmake --install /home/giromi/Repos/ws_sensor_combined_src/build/px4_ros2_cpp
[21.964s] Level 1:colcon.colcon_core.environment:checking '/home/giromi/Repos/ws_sensor_combined_src/install/px4_ros2_cpp' for CMake module files
[21.965s] Level 1:colcon.colcon_core.environment:checking '/home/giromi/Repos/ws_sensor_combined_src/install/px4_ros2_cpp' for CMake config files
[21.966s] Level 1:colcon.colcon_core.shell:create_environment_hook('px4_ros2_cpp', 'cmake_prefix_path')
[21.992s] INFO:colcon.colcon_core.shell:Creating environment hook '/home/giromi/Repos/ws_sensor_combined_src/install/px4_ros2_cpp/share/px4_ros2_cpp/hook/cmake_prefix_path.ps1'
[21.993s] INFO:colcon.colcon_core.shell:Creating environment descriptor '/home/giromi/Repos/ws_sensor_combined_src/install/px4_ros2_cpp/share/px4_ros2_cpp/hook/cmake_prefix_path.dsv'
[21.993s] INFO:colcon.colcon_core.shell:Creating environment hook '/home/giromi/Repos/ws_sensor_combined_src/install/px4_ros2_cpp/share/px4_ros2_cpp/hook/cmake_prefix_path.sh'
[21.995s] Level 1:colcon.colcon_core.environment:checking '/home/giromi/Repos/ws_sensor_combined_src/install/px4_ros2_cpp/lib'
[21.995s] Level 1:colcon.colcon_core.shell:create_environment_hook('px4_ros2_cpp', 'ld_library_path_lib')
[22.021s] INFO:colcon.colcon_core.shell:Creating environment hook '/home/giromi/Repos/ws_sensor_combined_src/install/px4_ros2_cpp/share/px4_ros2_cpp/hook/ld_library_path_lib.ps1'
[22.022s] INFO:colcon.colcon_core.shell:Creating environment descriptor '/home/giromi/Repos/ws_sensor_combined_src/install/px4_ros2_cpp/share/px4_ros2_cpp/hook/ld_library_path_lib.dsv'
[22.023s] INFO:colcon.colcon_core.shell:Creating environment hook '/home/giromi/Repos/ws_sensor_combined_src/install/px4_ros2_cpp/share/px4_ros2_cpp/hook/ld_library_path_lib.sh'
[22.023s] Level 1:colcon.colcon_core.environment:checking '/home/giromi/Repos/ws_sensor_combined_src/install/px4_ros2_cpp/bin'
[22.023s] Level 1:colcon.colcon_core.environment:checking '/home/giromi/Repos/ws_sensor_combined_src/install/px4_ros2_cpp/lib/pkgconfig/px4_ros2_cpp.pc'
[22.024s] Level 1:colcon.colcon_core.environment:checking '/home/giromi/Repos/ws_sensor_combined_src/install/px4_ros2_cpp/lib/python3.10/site-packages'
[22.024s] Level 1:colcon.colcon_core.environment:checking '/home/giromi/Repos/ws_sensor_combined_src/install/px4_ros2_cpp/bin'
[22.055s] INFO:colcon.colcon_core.shell:Creating package script '/home/giromi/Repos/ws_sensor_combined_src/install/px4_ros2_cpp/share/px4_ros2_cpp/package.ps1'
[22.056s] INFO:colcon.colcon_core.shell:Creating package descriptor '/home/giromi/Repos/ws_sensor_combined_src/install/px4_ros2_cpp/share/px4_ros2_cpp/package.dsv'
[22.056s] INFO:colcon.colcon_core.shell:Creating package script '/home/giromi/Repos/ws_sensor_combined_src/install/px4_ros2_cpp/share/px4_ros2_cpp/package.sh'
[22.057s] INFO:colcon.colcon_core.shell:Creating package script '/home/giromi/Repos/ws_sensor_combined_src/install/px4_ros2_cpp/share/px4_ros2_cpp/package.bash'
[22.057s] INFO:colcon.colcon_core.shell:Creating package script '/home/giromi/Repos/ws_sensor_combined_src/install/px4_ros2_cpp/share/px4_ros2_cpp/package.zsh'
[22.058s] Level 1:colcon.colcon_core.environment:create_file_with_runtime_dependencies(/home/giromi/Repos/ws_sensor_combined_src/install/px4_ros2_cpp/share/colcon-core/packages/px4_ros2_cpp)
[22.254s] Level 1:colcon.colcon_core.environment:create_environment_scripts_only(px4_ros2_cpp)
[22.282s] Level 1:colcon.colcon_core.environment:checking '/home/giromi/Repos/ws_sensor_combined_src/install/px4_ros2_cpp' for CMake module files
[22.283s] Level 1:colcon.colcon_core.environment:checking '/home/giromi/Repos/ws_sensor_combined_src/install/px4_ros2_cpp' for CMake config files
[22.283s] Level 1:colcon.colcon_core.shell:create_environment_hook('px4_ros2_cpp', 'cmake_prefix_path')
[22.311s] INFO:colcon.colcon_core.shell:Creating environment hook '/home/giromi/Repos/ws_sensor_combined_src/install/px4_ros2_cpp/share/px4_ros2_cpp/hook/cmake_prefix_path.ps1'
[22.311s] INFO:colcon.colcon_core.shell:Creating environment descriptor '/home/giromi/Repos/ws_sensor_combined_src/install/px4_ros2_cpp/share/px4_ros2_cpp/hook/cmake_prefix_path.dsv'
[22.312s] INFO:colcon.colcon_core.shell:Creating environment hook '/home/giromi/Repos/ws_sensor_combined_src/install/px4_ros2_cpp/share/px4_ros2_cpp/hook/cmake_prefix_path.sh'
[22.313s] Level 1:colcon.colcon_core.environment:checking '/home/giromi/Repos/ws_sensor_combined_src/install/px4_ros2_cpp/lib'
[22.314s] Level 1:colcon.colcon_core.shell:create_environment_hook('px4_ros2_cpp', 'ld_library_path_lib')
[22.340s] INFO:colcon.colcon_core.shell:Creating environment hook '/home/giromi/Repos/ws_sensor_combined_src/install/px4_ros2_cpp/share/px4_ros2_cpp/hook/ld_library_path_lib.ps1'
[22.341s] INFO:colcon.colcon_core.shell:Creating environment descriptor '/home/giromi/Repos/ws_sensor_combined_src/install/px4_ros2_cpp/share/px4_ros2_cpp/hook/ld_library_path_lib.dsv'
[22.341s] INFO:colcon.colcon_core.shell:Creating environment hook '/home/giromi/Repos/ws_sensor_combined_src/install/px4_ros2_cpp/share/px4_ros2_cpp/hook/ld_library_path_lib.sh'
[22.342s] Level 1:colcon.colcon_core.environment:checking '/home/giromi/Repos/ws_sensor_combined_src/install/px4_ros2_cpp/bin'
[22.342s] Level 1:colcon.colcon_core.environment:checking '/home/giromi/Repos/ws_sensor_combined_src/install/px4_ros2_cpp/lib/pkgconfig/px4_ros2_cpp.pc'
[22.342s] Level 1:colcon.colcon_core.environment:checking '/home/giromi/Repos/ws_sensor_combined_src/install/px4_ros2_cpp/lib/python3.10/site-packages'
[22.342s] Level 1:colcon.colcon_core.environment:checking '/home/giromi/Repos/ws_sensor_combined_src/install/px4_ros2_cpp/bin'
[22.371s] INFO:colcon.colcon_core.shell:Creating package script '/home/giromi/Repos/ws_sensor_combined_src/install/px4_ros2_cpp/share/px4_ros2_cpp/package.ps1'
[22.372s] INFO:colcon.colcon_core.shell:Creating package descriptor '/home/giromi/Repos/ws_sensor_combined_src/install/px4_ros2_cpp/share/px4_ros2_cpp/package.dsv'
[22.373s] INFO:colcon.colcon_core.shell:Creating package script '/home/giromi/Repos/ws_sensor_combined_src/install/px4_ros2_cpp/share/px4_ros2_cpp/package.sh'
[22.374s] INFO:colcon.colcon_core.shell:Creating package script '/home/giromi/Repos/ws_sensor_combined_src/install/px4_ros2_cpp/share/px4_ros2_cpp/package.bash'
[22.374s] INFO:colcon.colcon_core.shell:Creating package script '/home/giromi/Repos/ws_sensor_combined_src/install/px4_ros2_cpp/share/px4_ros2_cpp/package.zsh'
[22.375s] Level 1:colcon.colcon_core.environment:create_file_with_runtime_dependencies(/home/giromi/Repos/ws_sensor_combined_src/install/px4_ros2_cpp/share/colcon-core/packages/px4_ros2_cpp)
[22.375s] INFO:colcon.colcon_ros.task.ament_cmake.build:Building ROS package in '/home/giromi/Repos/ws_sensor_combined_src/src/px4-ros2-interface-lib/examples/cpp/navigation/global_navigation' with build type 'ament_cmake'
[22.375s] INFO:colcon.colcon_cmake.task.cmake.build:Building CMake package in '/home/giromi/Repos/ws_sensor_combined_src/src/px4-ros2-interface-lib/examples/cpp/navigation/global_navigation'
[22.405s] INFO:colcon.colcon_core.shell:Skip shell extension 'powershell' for command environment: Not usable outside of PowerShell
[22.405s] DEBUG:colcon.colcon_core.shell:Skip shell extension 'dsv' for command environment
[22.524s] INFO:colcon.colcon_ros.task.ament_cmake.build:Building ROS package in '/home/giromi/Repos/ws_sensor_combined_src/src/px4-ros2-interface-lib/examples/cpp/navigation/local_navigation' with build type 'ament_cmake'
[22.525s] INFO:colcon.colcon_cmake.task.cmake.build:Building CMake package in '/home/giromi/Repos/ws_sensor_combined_src/src/px4-ros2-interface-lib/examples/cpp/navigation/local_navigation'
[22.555s] INFO:colcon.colcon_core.shell:Skip shell extension 'powershell' for command environment: Not usable outside of PowerShell
[22.555s] DEBUG:colcon.colcon_core.shell:Skip shell extension 'dsv' for command environment
[22.688s] INFO:colcon.colcon_ros.task.ament_cmake.build:Building ROS package in '/home/giromi/Repos/ws_sensor_combined_src/src/px4-ros2-interface-lib/examples/cpp/modes/goto' with build type 'ament_cmake'
[22.689s] INFO:colcon.colcon_cmake.task.cmake.build:Building CMake package in '/home/giromi/Repos/ws_sensor_combined_src/src/px4-ros2-interface-lib/examples/cpp/modes/goto'
[22.714s] INFO:colcon.colcon_core.shell:Skip shell extension 'powershell' for command environment: Not usable outside of PowerShell
[22.714s] DEBUG:colcon.colcon_core.shell:Skip shell extension 'dsv' for command environment
[22.842s] INFO:colcon.colcon_ros.task.ament_cmake.build:Building ROS package in '/home/giromi/Repos/ws_sensor_combined_src/src/px4-ros2-interface-lib/examples/cpp/modes/manual' with build type 'ament_cmake'
[22.842s] INFO:colcon.colcon_cmake.task.cmake.build:Building CMake package in '/home/giromi/Repos/ws_sensor_combined_src/src/px4-ros2-interface-lib/examples/cpp/modes/manual'
[22.879s] INFO:colcon.colcon_core.shell:Skip shell extension 'powershell' for command environment: Not usable outside of PowerShell
[22.879s] DEBUG:colcon.colcon_core.shell:Skip shell extension 'dsv' for command environment
[23.010s] INFO:colcon.colcon_ros.task.ament_cmake.build:Building ROS package in '/home/giromi/Repos/ws_sensor_combined_src/src/px4-ros2-interface-lib/examples/cpp/modes/rtl_replacement' with build type 'ament_cmake'
[23.010s] INFO:colcon.colcon_cmake.task.cmake.build:Building CMake package in '/home/giromi/Repos/ws_sensor_combined_src/src/px4-ros2-interface-lib/examples/cpp/modes/rtl_replacement'
[23.036s] INFO:colcon.colcon_core.shell:Skip shell extension 'powershell' for command environment: Not usable outside of PowerShell
[23.036s] DEBUG:colcon.colcon_core.shell:Skip shell extension 'dsv' for command environment
[23.185s] INFO:colcon.colcon_ros.task.ament_cmake.build:Building ROS package in '/home/giromi/Repos/ws_sensor_combined_src/src/px4-ros2-interface-lib/examples/cpp/modes/mode_with_executor' with build type 'ament_cmake'
[23.186s] INFO:colcon.colcon_cmake.task.cmake.build:Building CMake package in '/home/giromi/Repos/ws_sensor_combined_src/src/px4-ros2-interface-lib/examples/cpp/modes/mode_with_executor'
[23.218s] INFO:colcon.colcon_core.shell:Skip shell extension 'powershell' for command environment: Not usable outside of PowerShell
[23.218s] DEBUG:colcon.colcon_core.shell:Skip shell extension 'dsv' for command environment
[23.360s] DEBUG:colcon.colcon_core.event_handler.log_command:Invoking command in '/home/giromi/Repos/ws_sensor_combined_src/build/example_global_navigation_cpp': CMAKE_PREFIX_PATH=/home/giromi/Repos/ws_sensor_combined_src/install/px4_ros2_cpp:/home/giromi/Repos/ws_sensor_combined_src/install/px4_msgs:/home/giromi/Repos/ws_sensor_combined_src/install/example_mode_with_executor_cpp:/home/giromi/Repos/ws_sensor_combined_src/install/example_mode_rtl_replacement_cpp:/home/giromi/Repos/ws_sensor_combined_src/install/example_mode_manual_cpp:/home/giromi/Repos/ws_sensor_combined_src/install/example_mode_goto_cpp:/home/giromi/Repos/ws_sensor_combined_src/install/example_local_navigation_cpp:/home/giromi/Repos/ws_sensor_combined_src/install/example_global_navigation_cpp:/home/giromi/Repos/ws_sensor_combined_src/install/px4_ros_com:/opt/ros/humble LD_LIBRARY_PATH=/home/giromi/Repos/ws_sensor_combined_src/install/px4_ros2_cpp/lib:/home/giromi/Repos/ws_sensor_combined_src/install/px4_msgs/lib:/home/giromi/Repos/ws_sensor_combined_src/install/px4_ros_com/lib:/opt/ros/humble/opt/rviz_ogre_vendor/lib:/opt/ros/humble/lib/x86_64-linux-gnu:/opt/ros/humble/lib /usr/bin/cmake --build /home/giromi/Repos/ws_sensor_combined_src/build/example_global_navigation_cpp -- -j8 -l8
[23.373s] DEBUG:colcon.colcon_core.event_handler.log_command:Invoking command in '/home/giromi/Repos/ws_sensor_combined_src/build/example_local_navigation_cpp': CMAKE_PREFIX_PATH=/home/giromi/Repos/ws_sensor_combined_src/install/px4_ros2_cpp:/home/giromi/Repos/ws_sensor_combined_src/install/px4_msgs:/home/giromi/Repos/ws_sensor_combined_src/install/example_mode_with_executor_cpp:/home/giromi/Repos/ws_sensor_combined_src/install/example_mode_rtl_replacement_cpp:/home/giromi/Repos/ws_sensor_combined_src/install/example_mode_manual_cpp:/home/giromi/Repos/ws_sensor_combined_src/install/example_mode_goto_cpp:/home/giromi/Repos/ws_sensor_combined_src/install/example_local_navigation_cpp:/home/giromi/Repos/ws_sensor_combined_src/install/example_global_navigation_cpp:/home/giromi/Repos/ws_sensor_combined_src/install/px4_ros_com:/opt/ros/humble LD_LIBRARY_PATH=/home/giromi/Repos/ws_sensor_combined_src/install/px4_ros2_cpp/lib:/home/giromi/Repos/ws_sensor_combined_src/install/px4_msgs/lib:/home/giromi/Repos/ws_sensor_combined_src/install/px4_ros_com/lib:/opt/ros/humble/opt/rviz_ogre_vendor/lib:/opt/ros/humble/lib/x86_64-linux-gnu:/opt/ros/humble/lib /usr/bin/cmake --build /home/giromi/Repos/ws_sensor_combined_src/build/example_local_navigation_cpp -- -j8 -l8
[23.386s] DEBUG:colcon.colcon_core.event_handler.log_command:Invoking command in '/home/giromi/Repos/ws_sensor_combined_src/build/example_mode_goto_cpp': CMAKE_PREFIX_PATH=/home/giromi/Repos/ws_sensor_combined_src/install/px4_ros2_cpp:/home/giromi/Repos/ws_sensor_combined_src/install/px4_msgs:/home/giromi/Repos/ws_sensor_combined_src/install/example_mode_with_executor_cpp:/home/giromi/Repos/ws_sensor_combined_src/install/example_mode_rtl_replacement_cpp:/home/giromi/Repos/ws_sensor_combined_src/install/example_mode_manual_cpp:/home/giromi/Repos/ws_sensor_combined_src/install/example_mode_goto_cpp:/home/giromi/Repos/ws_sensor_combined_src/install/example_local_navigation_cpp:/home/giromi/Repos/ws_sensor_combined_src/install/example_global_navigation_cpp:/home/giromi/Repos/ws_sensor_combined_src/install/px4_ros_com:/opt/ros/humble LD_LIBRARY_PATH=/home/giromi/Repos/ws_sensor_combined_src/install/px4_ros2_cpp/lib:/home/giromi/Repos/ws_sensor_combined_src/install/px4_msgs/lib:/home/giromi/Repos/ws_sensor_combined_src/install/px4_ros_com/lib:/opt/ros/humble/opt/rviz_ogre_vendor/lib:/opt/ros/humble/lib/x86_64-linux-gnu:/opt/ros/humble/lib /usr/bin/cmake --build /home/giromi/Repos/ws_sensor_combined_src/build/example_mode_goto_cpp -- -j8 -l8
[23.405s] DEBUG:colcon.colcon_core.event_handler.log_command:Invoking command in '/home/giromi/Repos/ws_sensor_combined_src/build/example_mode_manual_cpp': CMAKE_PREFIX_PATH=/home/giromi/Repos/ws_sensor_combined_src/install/px4_ros2_cpp:/home/giromi/Repos/ws_sensor_combined_src/install/px4_msgs:/home/giromi/Repos/ws_sensor_combined_src/install/example_mode_with_executor_cpp:/home/giromi/Repos/ws_sensor_combined_src/install/example_mode_rtl_replacement_cpp:/home/giromi/Repos/ws_sensor_combined_src/install/example_mode_manual_cpp:/home/giromi/Repos/ws_sensor_combined_src/install/example_mode_goto_cpp:/home/giromi/Repos/ws_sensor_combined_src/install/example_local_navigation_cpp:/home/giromi/Repos/ws_sensor_combined_src/install/example_global_navigation_cpp:/home/giromi/Repos/ws_sensor_combined_src/install/px4_ros_com:/opt/ros/humble LD_LIBRARY_PATH=/home/giromi/Repos/ws_sensor_combined_src/install/px4_ros2_cpp/lib:/home/giromi/Repos/ws_sensor_combined_src/install/px4_msgs/lib:/home/giromi/Repos/ws_sensor_combined_src/install/px4_ros_com/lib:/opt/ros/humble/opt/rviz_ogre_vendor/lib:/opt/ros/humble/lib/x86_64-linux-gnu:/opt/ros/humble/lib /usr/bin/cmake --build /home/giromi/Repos/ws_sensor_combined_src/build/example_mode_manual_cpp -- -j8 -l8
[23.422s] DEBUG:colcon.colcon_core.event_handler.log_command:Invoking command in '/home/giromi/Repos/ws_sensor_combined_src/build/example_mode_rtl_replacement_cpp': CMAKE_PREFIX_PATH=/home/giromi/Repos/ws_sensor_combined_src/install/px4_ros2_cpp:/home/giromi/Repos/ws_sensor_combined_src/install/px4_msgs:/home/giromi/Repos/ws_sensor_combined_src/install/example_mode_with_executor_cpp:/home/giromi/Repos/ws_sensor_combined_src/install/example_mode_rtl_replacement_cpp:/home/giromi/Repos/ws_sensor_combined_src/install/example_mode_manual_cpp:/home/giromi/Repos/ws_sensor_combined_src/install/example_mode_goto_cpp:/home/giromi/Repos/ws_sensor_combined_src/install/example_local_navigation_cpp:/home/giromi/Repos/ws_sensor_combined_src/install/example_global_navigation_cpp:/home/giromi/Repos/ws_sensor_combined_src/install/px4_ros_com:/opt/ros/humble LD_LIBRARY_PATH=/home/giromi/Repos/ws_sensor_combined_src/install/px4_ros2_cpp/lib:/home/giromi/Repos/ws_sensor_combined_src/install/px4_msgs/lib:/home/giromi/Repos/ws_sensor_combined_src/install/px4_ros_com/lib:/opt/ros/humble/opt/rviz_ogre_vendor/lib:/opt/ros/humble/lib/x86_64-linux-gnu:/opt/ros/humble/lib /usr/bin/cmake --build /home/giromi/Repos/ws_sensor_combined_src/build/example_mode_rtl_replacement_cpp -- -j8 -l8
[23.427s] DEBUG:colcon.colcon_core.event_handler.log_command:Invoking command in '/home/giromi/Repos/ws_sensor_combined_src/build/example_mode_with_executor_cpp': CMAKE_PREFIX_PATH=/home/giromi/Repos/ws_sensor_combined_src/install/px4_ros2_cpp:/home/giromi/Repos/ws_sensor_combined_src/install/px4_msgs:/home/giromi/Repos/ws_sensor_combined_src/install/example_mode_with_executor_cpp:/home/giromi/Repos/ws_sensor_combined_src/install/example_mode_rtl_replacement_cpp:/home/giromi/Repos/ws_sensor_combined_src/install/example_mode_manual_cpp:/home/giromi/Repos/ws_sensor_combined_src/install/example_mode_goto_cpp:/home/giromi/Repos/ws_sensor_combined_src/install/example_local_navigation_cpp:/home/giromi/Repos/ws_sensor_combined_src/install/example_global_navigation_cpp:/home/giromi/Repos/ws_sensor_combined_src/install/px4_ros_com:/opt/ros/humble LD_LIBRARY_PATH=/home/giromi/Repos/ws_sensor_combined_src/install/px4_ros2_cpp/lib:/home/giromi/Repos/ws_sensor_combined_src/install/px4_msgs/lib:/home/giromi/Repos/ws_sensor_combined_src/install/px4_ros_com/lib:/opt/ros/humble/opt/rviz_ogre_vendor/lib:/opt/ros/humble/lib/x86_64-linux-gnu:/opt/ros/humble/lib /usr/bin/cmake --build /home/giromi/Repos/ws_sensor_combined_src/build/example_mode_with_executor_cpp -- -j8 -l8
[23.536s] DEBUG:colcon.colcon_core.event_handler.log_command:Invoked command in '/home/giromi/Repos/ws_sensor_combined_src/build/example_global_navigation_cpp' returned '0': CMAKE_PREFIX_PATH=/home/giromi/Repos/ws_sensor_combined_src/install/px4_ros2_cpp:/home/giromi/Repos/ws_sensor_combined_src/install/px4_msgs:/home/giromi/Repos/ws_sensor_combined_src/install/example_mode_with_executor_cpp:/home/giromi/Repos/ws_sensor_combined_src/install/example_mode_rtl_replacement_cpp:/home/giromi/Repos/ws_sensor_combined_src/install/example_mode_manual_cpp:/home/giromi/Repos/ws_sensor_combined_src/install/example_mode_goto_cpp:/home/giromi/Repos/ws_sensor_combined_src/install/example_local_navigation_cpp:/home/giromi/Repos/ws_sensor_combined_src/install/example_global_navigation_cpp:/home/giromi/Repos/ws_sensor_combined_src/install/px4_ros_com:/opt/ros/humble LD_LIBRARY_PATH=/home/giromi/Repos/ws_sensor_combined_src/install/px4_ros2_cpp/lib:/home/giromi/Repos/ws_sensor_combined_src/install/px4_msgs/lib:/home/giromi/Repos/ws_sensor_combined_src/install/px4_ros_com/lib:/opt/ros/humble/opt/rviz_ogre_vendor/lib:/opt/ros/humble/lib/x86_64-linux-gnu:/opt/ros/humble/lib /usr/bin/cmake --build /home/giromi/Repos/ws_sensor_combined_src/build/example_global_navigation_cpp -- -j8 -l8
[23.559s] DEBUG:colcon.colcon_core.event_handler.log_command:Invoked command in '/home/giromi/Repos/ws_sensor_combined_src/build/example_local_navigation_cpp' returned '0': CMAKE_PREFIX_PATH=/home/giromi/Repos/ws_sensor_combined_src/install/px4_ros2_cpp:/home/giromi/Repos/ws_sensor_combined_src/install/px4_msgs:/home/giromi/Repos/ws_sensor_combined_src/install/example_mode_with_executor_cpp:/home/giromi/Repos/ws_sensor_combined_src/install/example_mode_rtl_replacement_cpp:/home/giromi/Repos/ws_sensor_combined_src/install/example_mode_manual_cpp:/home/giromi/Repos/ws_sensor_combined_src/install/example_mode_goto_cpp:/home/giromi/Repos/ws_sensor_combined_src/install/example_local_navigation_cpp:/home/giromi/Repos/ws_sensor_combined_src/install/example_global_navigation_cpp:/home/giromi/Repos/ws_sensor_combined_src/install/px4_ros_com:/opt/ros/humble LD_LIBRARY_PATH=/home/giromi/Repos/ws_sensor_combined_src/install/px4_ros2_cpp/lib:/home/giromi/Repos/ws_sensor_combined_src/install/px4_msgs/lib:/home/giromi/Repos/ws_sensor_combined_src/install/px4_ros_com/lib:/opt/ros/humble/opt/rviz_ogre_vendor/lib:/opt/ros/humble/lib/x86_64-linux-gnu:/opt/ros/humble/lib /usr/bin/cmake --build /home/giromi/Repos/ws_sensor_combined_src/build/example_local_navigation_cpp -- -j8 -l8
[23.575s] DEBUG:colcon.colcon_core.event_handler.log_command:Invoked command in '/home/giromi/Repos/ws_sensor_combined_src/build/example_mode_goto_cpp' returned '0': CMAKE_PREFIX_PATH=/home/giromi/Repos/ws_sensor_combined_src/install/px4_ros2_cpp:/home/giromi/Repos/ws_sensor_combined_src/install/px4_msgs:/home/giromi/Repos/ws_sensor_combined_src/install/example_mode_with_executor_cpp:/home/giromi/Repos/ws_sensor_combined_src/install/example_mode_rtl_replacement_cpp:/home/giromi/Repos/ws_sensor_combined_src/install/example_mode_manual_cpp:/home/giromi/Repos/ws_sensor_combined_src/install/example_mode_goto_cpp:/home/giromi/Repos/ws_sensor_combined_src/install/example_local_navigation_cpp:/home/giromi/Repos/ws_sensor_combined_src/install/example_global_navigation_cpp:/home/giromi/Repos/ws_sensor_combined_src/install/px4_ros_com:/opt/ros/humble LD_LIBRARY_PATH=/home/giromi/Repos/ws_sensor_combined_src/install/px4_ros2_cpp/lib:/home/giromi/Repos/ws_sensor_combined_src/install/px4_msgs/lib:/home/giromi/Repos/ws_sensor_combined_src/install/px4_ros_com/lib:/opt/ros/humble/opt/rviz_ogre_vendor/lib:/opt/ros/humble/lib/x86_64-linux-gnu:/opt/ros/humble/lib /usr/bin/cmake --build /home/giromi/Repos/ws_sensor_combined_src/build/example_mode_goto_cpp -- -j8 -l8
[23.578s] DEBUG:colcon.colcon_core.event_handler.log_command:Invoked command in '/home/giromi/Repos/ws_sensor_combined_src/build/example_mode_manual_cpp' returned '0': CMAKE_PREFIX_PATH=/home/giromi/Repos/ws_sensor_combined_src/install/px4_ros2_cpp:/home/giromi/Repos/ws_sensor_combined_src/install/px4_msgs:/home/giromi/Repos/ws_sensor_combined_src/install/example_mode_with_executor_cpp:/home/giromi/Repos/ws_sensor_combined_src/install/example_mode_rtl_replacement_cpp:/home/giromi/Repos/ws_sensor_combined_src/install/example_mode_manual_cpp:/home/giromi/Repos/ws_sensor_combined_src/install/example_mode_goto_cpp:/home/giromi/Repos/ws_sensor_combined_src/install/example_local_navigation_cpp:/home/giromi/Repos/ws_sensor_combined_src/install/example_global_navigation_cpp:/home/giromi/Repos/ws_sensor_combined_src/install/px4_ros_com:/opt/ros/humble LD_LIBRARY_PATH=/home/giromi/Repos/ws_sensor_combined_src/install/px4_ros2_cpp/lib:/home/giromi/Repos/ws_sensor_combined_src/install/px4_msgs/lib:/home/giromi/Repos/ws_sensor_combined_src/install/px4_ros_com/lib:/opt/ros/humble/opt/rviz_ogre_vendor/lib:/opt/ros/humble/lib/x86_64-linux-gnu:/opt/ros/humble/lib /usr/bin/cmake --build /home/giromi/Repos/ws_sensor_combined_src/build/example_mode_manual_cpp -- -j8 -l8
[23.611s] DEBUG:colcon.colcon_core.event_handler.log_command:Invoked command in '/home/giromi/Repos/ws_sensor_combined_src/build/example_mode_rtl_replacement_cpp' returned '0': CMAKE_PREFIX_PATH=/home/giromi/Repos/ws_sensor_combined_src/install/px4_ros2_cpp:/home/giromi/Repos/ws_sensor_combined_src/install/px4_msgs:/home/giromi/Repos/ws_sensor_combined_src/install/example_mode_with_executor_cpp:/home/giromi/Repos/ws_sensor_combined_src/install/example_mode_rtl_replacement_cpp:/home/giromi/Repos/ws_sensor_combined_src/install/example_mode_manual_cpp:/home/giromi/Repos/ws_sensor_combined_src/install/example_mode_goto_cpp:/home/giromi/Repos/ws_sensor_combined_src/install/example_local_navigation_cpp:/home/giromi/Repos/ws_sensor_combined_src/install/example_global_navigation_cpp:/home/giromi/Repos/ws_sensor_combined_src/install/px4_ros_com:/opt/ros/humble LD_LIBRARY_PATH=/home/giromi/Repos/ws_sensor_combined_src/install/px4_ros2_cpp/lib:/home/giromi/Repos/ws_sensor_combined_src/install/px4_msgs/lib:/home/giromi/Repos/ws_sensor_combined_src/install/px4_ros_com/lib:/opt/ros/humble/opt/rviz_ogre_vendor/lib:/opt/ros/humble/lib/x86_64-linux-gnu:/opt/ros/humble/lib /usr/bin/cmake --build /home/giromi/Repos/ws_sensor_combined_src/build/example_mode_rtl_replacement_cpp -- -j8 -l8
[23.621s] DEBUG:colcon.colcon_core.event_handler.log_command:Invoked command in '/home/giromi/Repos/ws_sensor_combined_src/build/example_mode_with_executor_cpp' returned '0': CMAKE_PREFIX_PATH=/home/giromi/Repos/ws_sensor_combined_src/install/px4_ros2_cpp:/home/giromi/Repos/ws_sensor_combined_src/install/px4_msgs:/home/giromi/Repos/ws_sensor_combined_src/install/example_mode_with_executor_cpp:/home/giromi/Repos/ws_sensor_combined_src/install/example_mode_rtl_replacement_cpp:/home/giromi/Repos/ws_sensor_combined_src/install/example_mode_manual_cpp:/home/giromi/Repos/ws_sensor_combined_src/install/example_mode_goto_cpp:/home/giromi/Repos/ws_sensor_combined_src/install/example_local_navigation_cpp:/home/giromi/Repos/ws_sensor_combined_src/install/example_global_navigation_cpp:/home/giromi/Repos/ws_sensor_combined_src/install/px4_ros_com:/opt/ros/humble LD_LIBRARY_PATH=/home/giromi/Repos/ws_sensor_combined_src/install/px4_ros2_cpp/lib:/home/giromi/Repos/ws_sensor_combined_src/install/px4_msgs/lib:/home/giromi/Repos/ws_sensor_combined_src/install/px4_ros_com/lib:/opt/ros/humble/opt/rviz_ogre_vendor/lib:/opt/ros/humble/lib/x86_64-linux-gnu:/opt/ros/humble/lib /usr/bin/cmake --build /home/giromi/Repos/ws_sensor_combined_src/build/example_mode_with_executor_cpp -- -j8 -l8
[23.627s] DEBUG:colcon.colcon_core.event_handler.log_command:Invoking command in '/home/giromi/Repos/ws_sensor_combined_src/build/example_local_navigation_cpp': CMAKE_PREFIX_PATH=/home/giromi/Repos/ws_sensor_combined_src/install/px4_ros2_cpp:/home/giromi/Repos/ws_sensor_combined_src/install/px4_msgs:/home/giromi/Repos/ws_sensor_combined_src/install/example_mode_with_executor_cpp:/home/giromi/Repos/ws_sensor_combined_src/install/example_mode_rtl_replacement_cpp:/home/giromi/Repos/ws_sensor_combined_src/install/example_mode_manual_cpp:/home/giromi/Repos/ws_sensor_combined_src/install/example_mode_goto_cpp:/home/giromi/Repos/ws_sensor_combined_src/install/example_local_navigation_cpp:/home/giromi/Repos/ws_sensor_combined_src/install/example_global_navigation_cpp:/home/giromi/Repos/ws_sensor_combined_src/install/px4_ros_com:/opt/ros/humble LD_LIBRARY_PATH=/home/giromi/Repos/ws_sensor_combined_src/install/px4_ros2_cpp/lib:/home/giromi/Repos/ws_sensor_combined_src/install/px4_msgs/lib:/home/giromi/Repos/ws_sensor_combined_src/install/px4_ros_com/lib:/opt/ros/humble/opt/rviz_ogre_vendor/lib:/opt/ros/humble/lib/x86_64-linux-gnu:/opt/ros/humble/lib /usr/bin/cmake --install /home/giromi/Repos/ws_sensor_combined_src/build/example_local_navigation_cpp
[23.634s] DEBUG:colcon.colcon_core.event_handler.log_command:Invoking command in '/home/giromi/Repos/ws_sensor_combined_src/build/example_global_navigation_cpp': CMAKE_PREFIX_PATH=/home/giromi/Repos/ws_sensor_combined_src/install/px4_ros2_cpp:/home/giromi/Repos/ws_sensor_combined_src/install/px4_msgs:/home/giromi/Repos/ws_sensor_combined_src/install/example_mode_with_executor_cpp:/home/giromi/Repos/ws_sensor_combined_src/install/example_mode_rtl_replacement_cpp:/home/giromi/Repos/ws_sensor_combined_src/install/example_mode_manual_cpp:/home/giromi/Repos/ws_sensor_combined_src/install/example_mode_goto_cpp:/home/giromi/Repos/ws_sensor_combined_src/install/example_local_navigation_cpp:/home/giromi/Repos/ws_sensor_combined_src/install/example_global_navigation_cpp:/home/giromi/Repos/ws_sensor_combined_src/install/px4_ros_com:/opt/ros/humble LD_LIBRARY_PATH=/home/giromi/Repos/ws_sensor_combined_src/install/px4_ros2_cpp/lib:/home/giromi/Repos/ws_sensor_combined_src/install/px4_msgs/lib:/home/giromi/Repos/ws_sensor_combined_src/install/px4_ros_com/lib:/opt/ros/humble/opt/rviz_ogre_vendor/lib:/opt/ros/humble/lib/x86_64-linux-gnu:/opt/ros/humble/lib /usr/bin/cmake --install /home/giromi/Repos/ws_sensor_combined_src/build/example_global_navigation_cpp
[23.651s] DEBUG:colcon.colcon_core.event_handler.log_command:Invoking command in '/home/giromi/Repos/ws_sensor_combined_src/build/example_mode_goto_cpp': CMAKE_PREFIX_PATH=/home/giromi/Repos/ws_sensor_combined_src/install/px4_ros2_cpp:/home/giromi/Repos/ws_sensor_combined_src/install/px4_msgs:/home/giromi/Repos/ws_sensor_combined_src/install/example_mode_with_executor_cpp:/home/giromi/Repos/ws_sensor_combined_src/install/example_mode_rtl_replacement_cpp:/home/giromi/Repos/ws_sensor_combined_src/install/example_mode_manual_cpp:/home/giromi/Repos/ws_sensor_combined_src/install/example_mode_goto_cpp:/home/giromi/Repos/ws_sensor_combined_src/install/example_local_navigation_cpp:/home/giromi/Repos/ws_sensor_combined_src/install/example_global_navigation_cpp:/home/giromi/Repos/ws_sensor_combined_src/install/px4_ros_com:/opt/ros/humble LD_LIBRARY_PATH=/home/giromi/Repos/ws_sensor_combined_src/install/px4_ros2_cpp/lib:/home/giromi/Repos/ws_sensor_combined_src/install/px4_msgs/lib:/home/giromi/Repos/ws_sensor_combined_src/install/px4_ros_com/lib:/opt/ros/humble/opt/rviz_ogre_vendor/lib:/opt/ros/humble/lib/x86_64-linux-gnu:/opt/ros/humble/lib /usr/bin/cmake --install /home/giromi/Repos/ws_sensor_combined_src/build/example_mode_goto_cpp
[23.659s] Level 1:colcon.colcon_core.environment:create_environment_scripts_only(example_local_navigation_cpp)
[23.677s] DEBUG:colcon.colcon_core.event_handler.log_command:Invoking command in '/home/giromi/Repos/ws_sensor_combined_src/build/example_mode_manual_cpp': CMAKE_PREFIX_PATH=/home/giromi/Repos/ws_sensor_combined_src/install/px4_ros2_cpp:/home/giromi/Repos/ws_sensor_combined_src/install/px4_msgs:/home/giromi/Repos/ws_sensor_combined_src/install/example_mode_with_executor_cpp:/home/giromi/Repos/ws_sensor_combined_src/install/example_mode_rtl_replacement_cpp:/home/giromi/Repos/ws_sensor_combined_src/install/example_mode_manual_cpp:/home/giromi/Repos/ws_sensor_combined_src/install/example_mode_goto_cpp:/home/giromi/Repos/ws_sensor_combined_src/install/example_local_navigation_cpp:/home/giromi/Repos/ws_sensor_combined_src/install/example_global_navigation_cpp:/home/giromi/Repos/ws_sensor_combined_src/install/px4_ros_com:/opt/ros/humble LD_LIBRARY_PATH=/home/giromi/Repos/ws_sensor_combined_src/install/px4_ros2_cpp/lib:/home/giromi/Repos/ws_sensor_combined_src/install/px4_msgs/lib:/home/giromi/Repos/ws_sensor_combined_src/install/px4_ros_com/lib:/opt/ros/humble/opt/rviz_ogre_vendor/lib:/opt/ros/humble/lib/x86_64-linux-gnu:/opt/ros/humble/lib /usr/bin/cmake --install /home/giromi/Repos/ws_sensor_combined_src/build/example_mode_manual_cpp
[23.682s] DEBUG:colcon.colcon_core.event_handler.log_command:Invoked command in '/home/giromi/Repos/ws_sensor_combined_src/build/example_local_navigation_cpp' returned '0': CMAKE_PREFIX_PATH=/home/giromi/Repos/ws_sensor_combined_src/install/px4_ros2_cpp:/home/giromi/Repos/ws_sensor_combined_src/install/px4_msgs:/home/giromi/Repos/ws_sensor_combined_src/install/example_mode_with_executor_cpp:/home/giromi/Repos/ws_sensor_combined_src/install/example_mode_rtl_replacement_cpp:/home/giromi/Repos/ws_sensor_combined_src/install/example_mode_manual_cpp:/home/giromi/Repos/ws_sensor_combined_src/install/example_mode_goto_cpp:/home/giromi/Repos/ws_sensor_combined_src/install/example_local_navigation_cpp:/home/giromi/Repos/ws_sensor_combined_src/install/example_global_navigation_cpp:/home/giromi/Repos/ws_sensor_combined_src/install/px4_ros_com:/opt/ros/humble LD_LIBRARY_PATH=/home/giromi/Repos/ws_sensor_combined_src/install/px4_ros2_cpp/lib:/home/giromi/Repos/ws_sensor_combined_src/install/px4_msgs/lib:/home/giromi/Repos/ws_sensor_combined_src/install/px4_ros_com/lib:/opt/ros/humble/opt/rviz_ogre_vendor/lib:/opt/ros/humble/lib/x86_64-linux-gnu:/opt/ros/humble/lib /usr/bin/cmake --install /home/giromi/Repos/ws_sensor_combined_src/build/example_local_navigation_cpp
[23.715s] Level 1:colcon.colcon_core.environment:checking '/home/giromi/Repos/ws_sensor_combined_src/install/example_local_navigation_cpp' for CMake module files
[23.715s] Level 1:colcon.colcon_core.environment:checking '/home/giromi/Repos/ws_sensor_combined_src/install/example_local_navigation_cpp' for CMake config files
[23.715s] Level 1:colcon.colcon_core.shell:create_environment_hook('example_local_navigation_cpp', 'cmake_prefix_path')
[23.742s] INFO:colcon.colcon_core.shell:Creating environment hook '/home/giromi/Repos/ws_sensor_combined_src/install/example_local_navigation_cpp/share/example_local_navigation_cpp/hook/cmake_prefix_path.ps1'
[23.743s] INFO:colcon.colcon_core.shell:Creating environment descriptor '/home/giromi/Repos/ws_sensor_combined_src/install/example_local_navigation_cpp/share/example_local_navigation_cpp/hook/cmake_prefix_path.dsv'
[23.743s] INFO:colcon.colcon_core.shell:Creating environment hook '/home/giromi/Repos/ws_sensor_combined_src/install/example_local_navigation_cpp/share/example_local_navigation_cpp/hook/cmake_prefix_path.sh'
[23.744s] Level 1:colcon.colcon_core.environment:checking '/home/giromi/Repos/ws_sensor_combined_src/install/example_local_navigation_cpp/lib'
[23.744s] Level 1:colcon.colcon_core.environment:checking '/home/giromi/Repos/ws_sensor_combined_src/install/example_local_navigation_cpp/bin'
[23.744s] Level 1:colcon.colcon_core.environment:checking '/home/giromi/Repos/ws_sensor_combined_src/install/example_local_navigation_cpp/lib/pkgconfig/example_local_navigation_cpp.pc'
[23.744s] Level 1:colcon.colcon_core.environment:checking '/home/giromi/Repos/ws_sensor_combined_src/install/example_local_navigation_cpp/lib/python3.10/site-packages'
[23.745s] Level 1:colcon.colcon_core.environment:checking '/home/giromi/Repos/ws_sensor_combined_src/install/example_local_navigation_cpp/bin'
[23.770s] INFO:colcon.colcon_core.shell:Creating package script '/home/giromi/Repos/ws_sensor_combined_src/install/example_local_navigation_cpp/share/example_local_navigation_cpp/package.ps1'
[23.771s] INFO:colcon.colcon_core.shell:Creating package descriptor '/home/giromi/Repos/ws_sensor_combined_src/install/example_local_navigation_cpp/share/example_local_navigation_cpp/package.dsv'
[23.771s] INFO:colcon.colcon_core.shell:Creating package script '/home/giromi/Repos/ws_sensor_combined_src/install/example_local_navigation_cpp/share/example_local_navigation_cpp/package.sh'
[23.772s] INFO:colcon.colcon_core.shell:Creating package script '/home/giromi/Repos/ws_sensor_combined_src/install/example_local_navigation_cpp/share/example_local_navigation_cpp/package.bash'
[23.773s] INFO:colcon.colcon_core.shell:Creating package script '/home/giromi/Repos/ws_sensor_combined_src/install/example_local_navigation_cpp/share/example_local_navigation_cpp/package.zsh'
[23.773s] Level 1:colcon.colcon_core.environment:create_file_with_runtime_dependencies(/home/giromi/Repos/ws_sensor_combined_src/install/example_local_navigation_cpp/share/colcon-core/packages/example_local_navigation_cpp)
[23.778s] Level 1:colcon.colcon_core.environment:create_environment_scripts_only(example_global_navigation_cpp)
[23.779s] DEBUG:colcon.colcon_core.event_handler.log_command:Invoked command in '/home/giromi/Repos/ws_sensor_combined_src/build/example_global_navigation_cpp' returned '0': CMAKE_PREFIX_PATH=/home/giromi/Repos/ws_sensor_combined_src/install/px4_ros2_cpp:/home/giromi/Repos/ws_sensor_combined_src/install/px4_msgs:/home/giromi/Repos/ws_sensor_combined_src/install/example_mode_with_executor_cpp:/home/giromi/Repos/ws_sensor_combined_src/install/example_mode_rtl_replacement_cpp:/home/giromi/Repos/ws_sensor_combined_src/install/example_mode_manual_cpp:/home/giromi/Repos/ws_sensor_combined_src/install/example_mode_goto_cpp:/home/giromi/Repos/ws_sensor_combined_src/install/example_local_navigation_cpp:/home/giromi/Repos/ws_sensor_combined_src/install/example_global_navigation_cpp:/home/giromi/Repos/ws_sensor_combined_src/install/px4_ros_com:/opt/ros/humble LD_LIBRARY_PATH=/home/giromi/Repos/ws_sensor_combined_src/install/px4_ros2_cpp/lib:/home/giromi/Repos/ws_sensor_combined_src/install/px4_msgs/lib:/home/giromi/Repos/ws_sensor_combined_src/install/px4_ros_com/lib:/opt/ros/humble/opt/rviz_ogre_vendor/lib:/opt/ros/humble/lib/x86_64-linux-gnu:/opt/ros/humble/lib /usr/bin/cmake --install /home/giromi/Repos/ws_sensor_combined_src/build/example_global_navigation_cpp
[23.810s] Level 1:colcon.colcon_core.environment:checking '/home/giromi/Repos/ws_sensor_combined_src/install/example_global_navigation_cpp' for CMake module files
[23.812s] Level 1:colcon.colcon_core.environment:checking '/home/giromi/Repos/ws_sensor_combined_src/install/example_global_navigation_cpp' for CMake config files
[23.812s] Level 1:colcon.colcon_core.shell:create_environment_hook('example_global_navigation_cpp', 'cmake_prefix_path')
[23.847s] INFO:colcon.colcon_core.shell:Creating environment hook '/home/giromi/Repos/ws_sensor_combined_src/install/example_global_navigation_cpp/share/example_global_navigation_cpp/hook/cmake_prefix_path.ps1'
[23.848s] INFO:colcon.colcon_core.shell:Creating environment descriptor '/home/giromi/Repos/ws_sensor_combined_src/install/example_global_navigation_cpp/share/example_global_navigation_cpp/hook/cmake_prefix_path.dsv'
[23.848s] INFO:colcon.colcon_core.shell:Creating environment hook '/home/giromi/Repos/ws_sensor_combined_src/install/example_global_navigation_cpp/share/example_global_navigation_cpp/hook/cmake_prefix_path.sh'
[23.849s] Level 1:colcon.colcon_core.environment:checking '/home/giromi/Repos/ws_sensor_combined_src/install/example_global_navigation_cpp/lib'
[23.850s] Level 1:colcon.colcon_core.environment:checking '/home/giromi/Repos/ws_sensor_combined_src/install/example_global_navigation_cpp/bin'
[23.850s] Level 1:colcon.colcon_core.environment:checking '/home/giromi/Repos/ws_sensor_combined_src/install/example_global_navigation_cpp/lib/pkgconfig/example_global_navigation_cpp.pc'
[23.850s] Level 1:colcon.colcon_core.environment:checking '/home/giromi/Repos/ws_sensor_combined_src/install/example_global_navigation_cpp/lib/python3.10/site-packages'
[23.851s] Level 1:colcon.colcon_core.environment:checking '/home/giromi/Repos/ws_sensor_combined_src/install/example_global_navigation_cpp/bin'
[23.883s] INFO:colcon.colcon_core.shell:Creating package script '/home/giromi/Repos/ws_sensor_combined_src/install/example_global_navigation_cpp/share/example_global_navigation_cpp/package.ps1'
[23.885s] INFO:colcon.colcon_core.shell:Creating package descriptor '/home/giromi/Repos/ws_sensor_combined_src/install/example_global_navigation_cpp/share/example_global_navigation_cpp/package.dsv'
[23.886s] INFO:colcon.colcon_core.shell:Creating package script '/home/giromi/Repos/ws_sensor_combined_src/install/example_global_navigation_cpp/share/example_global_navigation_cpp/package.sh'
[23.887s] INFO:colcon.colcon_core.shell:Creating package script '/home/giromi/Repos/ws_sensor_combined_src/install/example_global_navigation_cpp/share/example_global_navigation_cpp/package.bash'
[23.888s] INFO:colcon.colcon_core.shell:Creating package script '/home/giromi/Repos/ws_sensor_combined_src/install/example_global_navigation_cpp/share/example_global_navigation_cpp/package.zsh'
[23.889s] Level 1:colcon.colcon_core.environment:create_file_with_runtime_dependencies(/home/giromi/Repos/ws_sensor_combined_src/install/example_global_navigation_cpp/share/colcon-core/packages/example_global_navigation_cpp)
[23.892s] Level 1:colcon.colcon_core.environment:create_environment_scripts_only(example_mode_goto_cpp)
[23.893s] DEBUG:colcon.colcon_core.event_handler.log_command:Invoked command in '/home/giromi/Repos/ws_sensor_combined_src/build/example_mode_goto_cpp' returned '0': CMAKE_PREFIX_PATH=/home/giromi/Repos/ws_sensor_combined_src/install/px4_ros2_cpp:/home/giromi/Repos/ws_sensor_combined_src/install/px4_msgs:/home/giromi/Repos/ws_sensor_combined_src/install/example_mode_with_executor_cpp:/home/giromi/Repos/ws_sensor_combined_src/install/example_mode_rtl_replacement_cpp:/home/giromi/Repos/ws_sensor_combined_src/install/example_mode_manual_cpp:/home/giromi/Repos/ws_sensor_combined_src/install/example_mode_goto_cpp:/home/giromi/Repos/ws_sensor_combined_src/install/example_local_navigation_cpp:/home/giromi/Repos/ws_sensor_combined_src/install/example_global_navigation_cpp:/home/giromi/Repos/ws_sensor_combined_src/install/px4_ros_com:/opt/ros/humble LD_LIBRARY_PATH=/home/giromi/Repos/ws_sensor_combined_src/install/px4_ros2_cpp/lib:/home/giromi/Repos/ws_sensor_combined_src/install/px4_msgs/lib:/home/giromi/Repos/ws_sensor_combined_src/install/px4_ros_com/lib:/opt/ros/humble/opt/rviz_ogre_vendor/lib:/opt/ros/humble/lib/x86_64-linux-gnu:/opt/ros/humble/lib /usr/bin/cmake --install /home/giromi/Repos/ws_sensor_combined_src/build/example_mode_goto_cpp
[23.922s] Level 1:colcon.colcon_core.environment:checking '/home/giromi/Repos/ws_sensor_combined_src/install/example_mode_goto_cpp' for CMake module files
[23.923s] Level 1:colcon.colcon_core.environment:checking '/home/giromi/Repos/ws_sensor_combined_src/install/example_mode_goto_cpp' for CMake config files
[23.923s] Level 1:colcon.colcon_core.shell:create_environment_hook('example_mode_goto_cpp', 'cmake_prefix_path')
[23.954s] INFO:colcon.colcon_core.shell:Creating environment hook '/home/giromi/Repos/ws_sensor_combined_src/install/example_mode_goto_cpp/share/example_mode_goto_cpp/hook/cmake_prefix_path.ps1'
[23.955s] INFO:colcon.colcon_core.shell:Creating environment descriptor '/home/giromi/Repos/ws_sensor_combined_src/install/example_mode_goto_cpp/share/example_mode_goto_cpp/hook/cmake_prefix_path.dsv'
[23.956s] INFO:colcon.colcon_core.shell:Creating environment hook '/home/giromi/Repos/ws_sensor_combined_src/install/example_mode_goto_cpp/share/example_mode_goto_cpp/hook/cmake_prefix_path.sh'
[23.957s] Level 1:colcon.colcon_core.environment:checking '/home/giromi/Repos/ws_sensor_combined_src/install/example_mode_goto_cpp/lib'
[23.957s] Level 1:colcon.colcon_core.environment:checking '/home/giromi/Repos/ws_sensor_combined_src/install/example_mode_goto_cpp/bin'
[23.957s] Level 1:colcon.colcon_core.environment:checking '/home/giromi/Repos/ws_sensor_combined_src/install/example_mode_goto_cpp/lib/pkgconfig/example_mode_goto_cpp.pc'
[23.957s] Level 1:colcon.colcon_core.environment:checking '/home/giromi/Repos/ws_sensor_combined_src/install/example_mode_goto_cpp/lib/python3.10/site-packages'
[23.957s] Level 1:colcon.colcon_core.environment:checking '/home/giromi/Repos/ws_sensor_combined_src/install/example_mode_goto_cpp/bin'
[23.992s] INFO:colcon.colcon_core.shell:Creating package script '/home/giromi/Repos/ws_sensor_combined_src/install/example_mode_goto_cpp/share/example_mode_goto_cpp/package.ps1'
[23.993s] INFO:colcon.colcon_core.shell:Creating package descriptor '/home/giromi/Repos/ws_sensor_combined_src/install/example_mode_goto_cpp/share/example_mode_goto_cpp/package.dsv'
[23.994s] INFO:colcon.colcon_core.shell:Creating package script '/home/giromi/Repos/ws_sensor_combined_src/install/example_mode_goto_cpp/share/example_mode_goto_cpp/package.sh'
[23.995s] INFO:colcon.colcon_core.shell:Creating package script '/home/giromi/Repos/ws_sensor_combined_src/install/example_mode_goto_cpp/share/example_mode_goto_cpp/package.bash'
[23.996s] INFO:colcon.colcon_core.shell:Creating package script '/home/giromi/Repos/ws_sensor_combined_src/install/example_mode_goto_cpp/share/example_mode_goto_cpp/package.zsh'
[23.997s] Level 1:colcon.colcon_core.environment:create_file_with_runtime_dependencies(/home/giromi/Repos/ws_sensor_combined_src/install/example_mode_goto_cpp/share/colcon-core/packages/example_mode_goto_cpp)
[24.003s] DEBUG:colcon.colcon_core.event_handler.log_command:Invoking command in '/home/giromi/Repos/ws_sensor_combined_src/build/example_mode_with_executor_cpp': CMAKE_PREFIX_PATH=/home/giromi/Repos/ws_sensor_combined_src/install/px4_ros2_cpp:/home/giromi/Repos/ws_sensor_combined_src/install/px4_msgs:/home/giromi/Repos/ws_sensor_combined_src/install/example_mode_with_executor_cpp:/home/giromi/Repos/ws_sensor_combined_src/install/example_mode_rtl_replacement_cpp:/home/giromi/Repos/ws_sensor_combined_src/install/example_mode_manual_cpp:/home/giromi/Repos/ws_sensor_combined_src/install/example_mode_goto_cpp:/home/giromi/Repos/ws_sensor_combined_src/install/example_local_navigation_cpp:/home/giromi/Repos/ws_sensor_combined_src/install/example_global_navigation_cpp:/home/giromi/Repos/ws_sensor_combined_src/install/px4_ros_com:/opt/ros/humble LD_LIBRARY_PATH=/home/giromi/Repos/ws_sensor_combined_src/install/px4_ros2_cpp/lib:/home/giromi/Repos/ws_sensor_combined_src/install/px4_msgs/lib:/home/giromi/Repos/ws_sensor_combined_src/install/px4_ros_com/lib:/opt/ros/humble/opt/rviz_ogre_vendor/lib:/opt/ros/humble/lib/x86_64-linux-gnu:/opt/ros/humble/lib /usr/bin/cmake --install /home/giromi/Repos/ws_sensor_combined_src/build/example_mode_with_executor_cpp
[24.008s] DEBUG:colcon.colcon_core.event_handler.log_command:Invoking command in '/home/giromi/Repos/ws_sensor_combined_src/build/example_mode_rtl_replacement_cpp': CMAKE_PREFIX_PATH=/home/giromi/Repos/ws_sensor_combined_src/install/px4_ros2_cpp:/home/giromi/Repos/ws_sensor_combined_src/install/px4_msgs:/home/giromi/Repos/ws_sensor_combined_src/install/example_mode_with_executor_cpp:/home/giromi/Repos/ws_sensor_combined_src/install/example_mode_rtl_replacement_cpp:/home/giromi/Repos/ws_sensor_combined_src/install/example_mode_manual_cpp:/home/giromi/Repos/ws_sensor_combined_src/install/example_mode_goto_cpp:/home/giromi/Repos/ws_sensor_combined_src/install/example_local_navigation_cpp:/home/giromi/Repos/ws_sensor_combined_src/install/example_global_navigation_cpp:/home/giromi/Repos/ws_sensor_combined_src/install/px4_ros_com:/opt/ros/humble LD_LIBRARY_PATH=/home/giromi/Repos/ws_sensor_combined_src/install/px4_ros2_cpp/lib:/home/giromi/Repos/ws_sensor_combined_src/install/px4_msgs/lib:/home/giromi/Repos/ws_sensor_combined_src/install/px4_ros_com/lib:/opt/ros/humble/opt/rviz_ogre_vendor/lib:/opt/ros/humble/lib/x86_64-linux-gnu:/opt/ros/humble/lib /usr/bin/cmake --install /home/giromi/Repos/ws_sensor_combined_src/build/example_mode_rtl_replacement_cpp
[24.009s] Level 1:colcon.colcon_core.environment:create_environment_scripts_only(example_mode_manual_cpp)
[24.010s] DEBUG:colcon.colcon_core.event_handler.log_command:Invoked command in '/home/giromi/Repos/ws_sensor_combined_src/build/example_mode_manual_cpp' returned '0': CMAKE_PREFIX_PATH=/home/giromi/Repos/ws_sensor_combined_src/install/px4_ros2_cpp:/home/giromi/Repos/ws_sensor_combined_src/install/px4_msgs:/home/giromi/Repos/ws_sensor_combined_src/install/example_mode_with_executor_cpp:/home/giromi/Repos/ws_sensor_combined_src/install/example_mode_rtl_replacement_cpp:/home/giromi/Repos/ws_sensor_combined_src/install/example_mode_manual_cpp:/home/giromi/Repos/ws_sensor_combined_src/install/example_mode_goto_cpp:/home/giromi/Repos/ws_sensor_combined_src/install/example_local_navigation_cpp:/home/giromi/Repos/ws_sensor_combined_src/install/example_global_navigation_cpp:/home/giromi/Repos/ws_sensor_combined_src/install/px4_ros_com:/opt/ros/humble LD_LIBRARY_PATH=/home/giromi/Repos/ws_sensor_combined_src/install/px4_ros2_cpp/lib:/home/giromi/Repos/ws_sensor_combined_src/install/px4_msgs/lib:/home/giromi/Repos/ws_sensor_combined_src/install/px4_ros_com/lib:/opt/ros/humble/opt/rviz_ogre_vendor/lib:/opt/ros/humble/lib/x86_64-linux-gnu:/opt/ros/humble/lib /usr/bin/cmake --install /home/giromi/Repos/ws_sensor_combined_src/build/example_mode_manual_cpp
[24.047s] Level 1:colcon.colcon_core.environment:checking '/home/giromi/Repos/ws_sensor_combined_src/install/example_mode_manual_cpp' for CMake module files
[24.047s] Level 1:colcon.colcon_core.environment:checking '/home/giromi/Repos/ws_sensor_combined_src/install/example_mode_manual_cpp' for CMake config files
[24.048s] Level 1:colcon.colcon_core.shell:create_environment_hook('example_mode_manual_cpp', 'cmake_prefix_path')
[24.084s] INFO:colcon.colcon_core.shell:Creating environment hook '/home/giromi/Repos/ws_sensor_combined_src/install/example_mode_manual_cpp/share/example_mode_manual_cpp/hook/cmake_prefix_path.ps1'
[24.085s] INFO:colcon.colcon_core.shell:Creating environment descriptor '/home/giromi/Repos/ws_sensor_combined_src/install/example_mode_manual_cpp/share/example_mode_manual_cpp/hook/cmake_prefix_path.dsv'
[24.085s] INFO:colcon.colcon_core.shell:Creating environment hook '/home/giromi/Repos/ws_sensor_combined_src/install/example_mode_manual_cpp/share/example_mode_manual_cpp/hook/cmake_prefix_path.sh'
[24.086s] Level 1:colcon.colcon_core.environment:checking '/home/giromi/Repos/ws_sensor_combined_src/install/example_mode_manual_cpp/lib'
[24.086s] Level 1:colcon.colcon_core.environment:checking '/home/giromi/Repos/ws_sensor_combined_src/install/example_mode_manual_cpp/bin'
[24.086s] Level 1:colcon.colcon_core.environment:checking '/home/giromi/Repos/ws_sensor_combined_src/install/example_mode_manual_cpp/lib/pkgconfig/example_mode_manual_cpp.pc'
[24.086s] Level 1:colcon.colcon_core.environment:checking '/home/giromi/Repos/ws_sensor_combined_src/install/example_mode_manual_cpp/lib/python3.10/site-packages'
[24.086s] Level 1:colcon.colcon_core.environment:checking '/home/giromi/Repos/ws_sensor_combined_src/install/example_mode_manual_cpp/bin'
[24.120s] INFO:colcon.colcon_core.shell:Creating package script '/home/giromi/Repos/ws_sensor_combined_src/install/example_mode_manual_cpp/share/example_mode_manual_cpp/package.ps1'
[24.121s] INFO:colcon.colcon_core.shell:Creating package descriptor '/home/giromi/Repos/ws_sensor_combined_src/install/example_mode_manual_cpp/share/example_mode_manual_cpp/package.dsv'
[24.122s] INFO:colcon.colcon_core.shell:Creating package script '/home/giromi/Repos/ws_sensor_combined_src/install/example_mode_manual_cpp/share/example_mode_manual_cpp/package.sh'
[24.122s] INFO:colcon.colcon_core.shell:Creating package script '/home/giromi/Repos/ws_sensor_combined_src/install/example_mode_manual_cpp/share/example_mode_manual_cpp/package.bash'
[24.123s] INFO:colcon.colcon_core.shell:Creating package script '/home/giromi/Repos/ws_sensor_combined_src/install/example_mode_manual_cpp/share/example_mode_manual_cpp/package.zsh'
[24.123s] Level 1:colcon.colcon_core.environment:create_file_with_runtime_dependencies(/home/giromi/Repos/ws_sensor_combined_src/install/example_mode_manual_cpp/share/colcon-core/packages/example_mode_manual_cpp)
[24.167s] Level 1:colcon.colcon_core.environment:create_environment_scripts_only(example_local_navigation_cpp)
[24.207s] Level 1:colcon.colcon_core.environment:checking '/home/giromi/Repos/ws_sensor_combined_src/install/example_local_navigation_cpp' for CMake module files
[24.208s] Level 1:colcon.colcon_core.environment:checking '/home/giromi/Repos/ws_sensor_combined_src/install/example_local_navigation_cpp' for CMake config files
[24.208s] Level 1:colcon.colcon_core.shell:create_environment_hook('example_local_navigation_cpp', 'cmake_prefix_path')
[24.233s] INFO:colcon.colcon_core.shell:Creating environment hook '/home/giromi/Repos/ws_sensor_combined_src/install/example_local_navigation_cpp/share/example_local_navigation_cpp/hook/cmake_prefix_path.ps1'
[24.235s] INFO:colcon.colcon_core.shell:Creating environment descriptor '/home/giromi/Repos/ws_sensor_combined_src/install/example_local_navigation_cpp/share/example_local_navigation_cpp/hook/cmake_prefix_path.dsv'
[24.235s] INFO:colcon.colcon_core.shell:Creating environment hook '/home/giromi/Repos/ws_sensor_combined_src/install/example_local_navigation_cpp/share/example_local_navigation_cpp/hook/cmake_prefix_path.sh'
[24.236s] Level 1:colcon.colcon_core.environment:checking '/home/giromi/Repos/ws_sensor_combined_src/install/example_local_navigation_cpp/lib'
[24.237s] Level 1:colcon.colcon_core.environment:checking '/home/giromi/Repos/ws_sensor_combined_src/install/example_local_navigation_cpp/bin'
[24.237s] Level 1:colcon.colcon_core.environment:checking '/home/giromi/Repos/ws_sensor_combined_src/install/example_local_navigation_cpp/lib/pkgconfig/example_local_navigation_cpp.pc'
[24.237s] Level 1:colcon.colcon_core.environment:checking '/home/giromi/Repos/ws_sensor_combined_src/install/example_local_navigation_cpp/lib/python3.10/site-packages'
[24.238s] Level 1:colcon.colcon_core.environment:checking '/home/giromi/Repos/ws_sensor_combined_src/install/example_local_navigation_cpp/bin'
[24.271s] INFO:colcon.colcon_core.shell:Creating package script '/home/giromi/Repos/ws_sensor_combined_src/install/example_local_navigation_cpp/share/example_local_navigation_cpp/package.ps1'
[24.271s] INFO:colcon.colcon_core.shell:Creating package descriptor '/home/giromi/Repos/ws_sensor_combined_src/install/example_local_navigation_cpp/share/example_local_navigation_cpp/package.dsv'
[24.272s] INFO:colcon.colcon_core.shell:Creating package script '/home/giromi/Repos/ws_sensor_combined_src/install/example_local_navigation_cpp/share/example_local_navigation_cpp/package.sh'
[24.273s] INFO:colcon.colcon_core.shell:Creating package script '/home/giromi/Repos/ws_sensor_combined_src/install/example_local_navigation_cpp/share/example_local_navigation_cpp/package.bash'
[24.273s] INFO:colcon.colcon_core.shell:Creating package script '/home/giromi/Repos/ws_sensor_combined_src/install/example_local_navigation_cpp/share/example_local_navigation_cpp/package.zsh'
[24.273s] Level 1:colcon.colcon_core.environment:create_file_with_runtime_dependencies(/home/giromi/Repos/ws_sensor_combined_src/install/example_local_navigation_cpp/share/colcon-core/packages/example_local_navigation_cpp)
[24.311s] Level 1:colcon.colcon_core.environment:create_environment_scripts_only(example_global_navigation_cpp)
[24.339s] Level 1:colcon.colcon_core.environment:checking '/home/giromi/Repos/ws_sensor_combined_src/install/example_global_navigation_cpp' for CMake module files
[24.340s] Level 1:colcon.colcon_core.environment:checking '/home/giromi/Repos/ws_sensor_combined_src/install/example_global_navigation_cpp' for CMake config files
[24.340s] Level 1:colcon.colcon_core.shell:create_environment_hook('example_global_navigation_cpp', 'cmake_prefix_path')
[24.376s] INFO:colcon.colcon_core.shell:Creating environment hook '/home/giromi/Repos/ws_sensor_combined_src/install/example_global_navigation_cpp/share/example_global_navigation_cpp/hook/cmake_prefix_path.ps1'
[24.377s] INFO:colcon.colcon_core.shell:Creating environment descriptor '/home/giromi/Repos/ws_sensor_combined_src/install/example_global_navigation_cpp/share/example_global_navigation_cpp/hook/cmake_prefix_path.dsv'
[24.378s] INFO:colcon.colcon_core.shell:Creating environment hook '/home/giromi/Repos/ws_sensor_combined_src/install/example_global_navigation_cpp/share/example_global_navigation_cpp/hook/cmake_prefix_path.sh'
[24.381s] Level 1:colcon.colcon_core.environment:checking '/home/giromi/Repos/ws_sensor_combined_src/install/example_global_navigation_cpp/lib'
[24.381s] Level 1:colcon.colcon_core.environment:checking '/home/giromi/Repos/ws_sensor_combined_src/install/example_global_navigation_cpp/bin'
[24.381s] Level 1:colcon.colcon_core.environment:checking '/home/giromi/Repos/ws_sensor_combined_src/install/example_global_navigation_cpp/lib/pkgconfig/example_global_navigation_cpp.pc'
[24.381s] Level 1:colcon.colcon_core.environment:checking '/home/giromi/Repos/ws_sensor_combined_src/install/example_global_navigation_cpp/lib/python3.10/site-packages'
[24.381s] Level 1:colcon.colcon_core.environment:checking '/home/giromi/Repos/ws_sensor_combined_src/install/example_global_navigation_cpp/bin'
[24.411s] INFO:colcon.colcon_core.shell:Creating package script '/home/giromi/Repos/ws_sensor_combined_src/install/example_global_navigation_cpp/share/example_global_navigation_cpp/package.ps1'
[24.412s] INFO:colcon.colcon_core.shell:Creating package descriptor '/home/giromi/Repos/ws_sensor_combined_src/install/example_global_navigation_cpp/share/example_global_navigation_cpp/package.dsv'
[24.413s] INFO:colcon.colcon_core.shell:Creating package script '/home/giromi/Repos/ws_sensor_combined_src/install/example_global_navigation_cpp/share/example_global_navigation_cpp/package.sh'
[24.414s] INFO:colcon.colcon_core.shell:Creating package script '/home/giromi/Repos/ws_sensor_combined_src/install/example_global_navigation_cpp/share/example_global_navigation_cpp/package.bash'
[24.416s] INFO:colcon.colcon_core.shell:Creating package script '/home/giromi/Repos/ws_sensor_combined_src/install/example_global_navigation_cpp/share/example_global_navigation_cpp/package.zsh'
[24.418s] Level 1:colcon.colcon_core.environment:create_file_with_runtime_dependencies(/home/giromi/Repos/ws_sensor_combined_src/install/example_global_navigation_cpp/share/colcon-core/packages/example_global_navigation_cpp)
[24.419s] Level 1:colcon.colcon_core.environment:create_environment_scripts_only(example_mode_rtl_replacement_cpp)
[24.422s] DEBUG:colcon.colcon_core.event_handler.log_command:Invoked command in '/home/giromi/Repos/ws_sensor_combined_src/build/example_mode_rtl_replacement_cpp' returned '0': CMAKE_PREFIX_PATH=/home/giromi/Repos/ws_sensor_combined_src/install/px4_ros2_cpp:/home/giromi/Repos/ws_sensor_combined_src/install/px4_msgs:/home/giromi/Repos/ws_sensor_combined_src/install/example_mode_with_executor_cpp:/home/giromi/Repos/ws_sensor_combined_src/install/example_mode_rtl_replacement_cpp:/home/giromi/Repos/ws_sensor_combined_src/install/example_mode_manual_cpp:/home/giromi/Repos/ws_sensor_combined_src/install/example_mode_goto_cpp:/home/giromi/Repos/ws_sensor_combined_src/install/example_local_navigation_cpp:/home/giromi/Repos/ws_sensor_combined_src/install/example_global_navigation_cpp:/home/giromi/Repos/ws_sensor_combined_src/install/px4_ros_com:/opt/ros/humble LD_LIBRARY_PATH=/home/giromi/Repos/ws_sensor_combined_src/install/px4_ros2_cpp/lib:/home/giromi/Repos/ws_sensor_combined_src/install/px4_msgs/lib:/home/giromi/Repos/ws_sensor_combined_src/install/px4_ros_com/lib:/opt/ros/humble/opt/rviz_ogre_vendor/lib:/opt/ros/humble/lib/x86_64-linux-gnu:/opt/ros/humble/lib /usr/bin/cmake --install /home/giromi/Repos/ws_sensor_combined_src/build/example_mode_rtl_replacement_cpp
[24.457s] Level 1:colcon.colcon_core.environment:checking '/home/giromi/Repos/ws_sensor_combined_src/install/example_mode_rtl_replacement_cpp' for CMake module files
[24.458s] Level 1:colcon.colcon_core.environment:checking '/home/giromi/Repos/ws_sensor_combined_src/install/example_mode_rtl_replacement_cpp' for CMake config files
[24.459s] Level 1:colcon.colcon_core.shell:create_environment_hook('example_mode_rtl_replacement_cpp', 'cmake_prefix_path')
[24.491s] INFO:colcon.colcon_core.shell:Creating environment hook '/home/giromi/Repos/ws_sensor_combined_src/install/example_mode_rtl_replacement_cpp/share/example_mode_rtl_replacement_cpp/hook/cmake_prefix_path.ps1'
[24.492s] INFO:colcon.colcon_core.shell:Creating environment descriptor '/home/giromi/Repos/ws_sensor_combined_src/install/example_mode_rtl_replacement_cpp/share/example_mode_rtl_replacement_cpp/hook/cmake_prefix_path.dsv'
[24.492s] INFO:colcon.colcon_core.shell:Creating environment hook '/home/giromi/Repos/ws_sensor_combined_src/install/example_mode_rtl_replacement_cpp/share/example_mode_rtl_replacement_cpp/hook/cmake_prefix_path.sh'
[24.493s] Level 1:colcon.colcon_core.environment:checking '/home/giromi/Repos/ws_sensor_combined_src/install/example_mode_rtl_replacement_cpp/lib'
[24.493s] Level 1:colcon.colcon_core.environment:checking '/home/giromi/Repos/ws_sensor_combined_src/install/example_mode_rtl_replacement_cpp/bin'
[24.493s] Level 1:colcon.colcon_core.environment:checking '/home/giromi/Repos/ws_sensor_combined_src/install/example_mode_rtl_replacement_cpp/lib/pkgconfig/example_mode_rtl_replacement_cpp.pc'
[24.493s] Level 1:colcon.colcon_core.environment:checking '/home/giromi/Repos/ws_sensor_combined_src/install/example_mode_rtl_replacement_cpp/lib/python3.10/site-packages'
[24.493s] Level 1:colcon.colcon_core.environment:checking '/home/giromi/Repos/ws_sensor_combined_src/install/example_mode_rtl_replacement_cpp/bin'
[24.522s] INFO:colcon.colcon_core.shell:Creating package script '/home/giromi/Repos/ws_sensor_combined_src/install/example_mode_rtl_replacement_cpp/share/example_mode_rtl_replacement_cpp/package.ps1'
[24.522s] INFO:colcon.colcon_core.shell:Creating package descriptor '/home/giromi/Repos/ws_sensor_combined_src/install/example_mode_rtl_replacement_cpp/share/example_mode_rtl_replacement_cpp/package.dsv'
[24.523s] INFO:colcon.colcon_core.shell:Creating package script '/home/giromi/Repos/ws_sensor_combined_src/install/example_mode_rtl_replacement_cpp/share/example_mode_rtl_replacement_cpp/package.sh'
[24.524s] INFO:colcon.colcon_core.shell:Creating package script '/home/giromi/Repos/ws_sensor_combined_src/install/example_mode_rtl_replacement_cpp/share/example_mode_rtl_replacement_cpp/package.bash'
[24.524s] INFO:colcon.colcon_core.shell:Creating package script '/home/giromi/Repos/ws_sensor_combined_src/install/example_mode_rtl_replacement_cpp/share/example_mode_rtl_replacement_cpp/package.zsh'
[24.525s] Level 1:colcon.colcon_core.environment:create_file_with_runtime_dependencies(/home/giromi/Repos/ws_sensor_combined_src/install/example_mode_rtl_replacement_cpp/share/colcon-core/packages/example_mode_rtl_replacement_cpp)
[24.526s] Level 1:colcon.colcon_core.environment:create_environment_scripts_only(example_mode_with_executor_cpp)
[24.527s] DEBUG:colcon.colcon_core.event_handler.log_command:Invoked command in '/home/giromi/Repos/ws_sensor_combined_src/build/example_mode_with_executor_cpp' returned '0': CMAKE_PREFIX_PATH=/home/giromi/Repos/ws_sensor_combined_src/install/px4_ros2_cpp:/home/giromi/Repos/ws_sensor_combined_src/install/px4_msgs:/home/giromi/Repos/ws_sensor_combined_src/install/example_mode_with_executor_cpp:/home/giromi/Repos/ws_sensor_combined_src/install/example_mode_rtl_replacement_cpp:/home/giromi/Repos/ws_sensor_combined_src/install/example_mode_manual_cpp:/home/giromi/Repos/ws_sensor_combined_src/install/example_mode_goto_cpp:/home/giromi/Repos/ws_sensor_combined_src/install/example_local_navigation_cpp:/home/giromi/Repos/ws_sensor_combined_src/install/example_global_navigation_cpp:/home/giromi/Repos/ws_sensor_combined_src/install/px4_ros_com:/opt/ros/humble LD_LIBRARY_PATH=/home/giromi/Repos/ws_sensor_combined_src/install/px4_ros2_cpp/lib:/home/giromi/Repos/ws_sensor_combined_src/install/px4_msgs/lib:/home/giromi/Repos/ws_sensor_combined_src/install/px4_ros_com/lib:/opt/ros/humble/opt/rviz_ogre_vendor/lib:/opt/ros/humble/lib/x86_64-linux-gnu:/opt/ros/humble/lib /usr/bin/cmake --install /home/giromi/Repos/ws_sensor_combined_src/build/example_mode_with_executor_cpp
[24.559s] Level 1:colcon.colcon_core.environment:checking '/home/giromi/Repos/ws_sensor_combined_src/install/example_mode_with_executor_cpp' for CMake module files
[24.560s] Level 1:colcon.colcon_core.environment:checking '/home/giromi/Repos/ws_sensor_combined_src/install/example_mode_with_executor_cpp' for CMake config files
[24.560s] Level 1:colcon.colcon_core.shell:create_environment_hook('example_mode_with_executor_cpp', 'cmake_prefix_path')
[24.590s] INFO:colcon.colcon_core.shell:Creating environment hook '/home/giromi/Repos/ws_sensor_combined_src/install/example_mode_with_executor_cpp/share/example_mode_with_executor_cpp/hook/cmake_prefix_path.ps1'
[24.590s] INFO:colcon.colcon_core.shell:Creating environment descriptor '/home/giromi/Repos/ws_sensor_combined_src/install/example_mode_with_executor_cpp/share/example_mode_with_executor_cpp/hook/cmake_prefix_path.dsv'
[24.591s] INFO:colcon.colcon_core.shell:Creating environment hook '/home/giromi/Repos/ws_sensor_combined_src/install/example_mode_with_executor_cpp/share/example_mode_with_executor_cpp/hook/cmake_prefix_path.sh'
[24.591s] Level 1:colcon.colcon_core.environment:checking '/home/giromi/Repos/ws_sensor_combined_src/install/example_mode_with_executor_cpp/lib'
[24.591s] Level 1:colcon.colcon_core.environment:checking '/home/giromi/Repos/ws_sensor_combined_src/install/example_mode_with_executor_cpp/bin'
[24.591s] Level 1:colcon.colcon_core.environment:checking '/home/giromi/Repos/ws_sensor_combined_src/install/example_mode_with_executor_cpp/lib/pkgconfig/example_mode_with_executor_cpp.pc'
[24.591s] Level 1:colcon.colcon_core.environment:checking '/home/giromi/Repos/ws_sensor_combined_src/install/example_mode_with_executor_cpp/lib/python3.10/site-packages'
[24.592s] Level 1:colcon.colcon_core.environment:checking '/home/giromi/Repos/ws_sensor_combined_src/install/example_mode_with_executor_cpp/bin'
[24.627s] INFO:colcon.colcon_core.shell:Creating package script '/home/giromi/Repos/ws_sensor_combined_src/install/example_mode_with_executor_cpp/share/example_mode_with_executor_cpp/package.ps1'
[24.627s] INFO:colcon.colcon_core.shell:Creating package descriptor '/home/giromi/Repos/ws_sensor_combined_src/install/example_mode_with_executor_cpp/share/example_mode_with_executor_cpp/package.dsv'
[24.628s] INFO:colcon.colcon_core.shell:Creating package script '/home/giromi/Repos/ws_sensor_combined_src/install/example_mode_with_executor_cpp/share/example_mode_with_executor_cpp/package.sh'
[24.630s] INFO:colcon.colcon_core.shell:Creating package script '/home/giromi/Repos/ws_sensor_combined_src/install/example_mode_with_executor_cpp/share/example_mode_with_executor_cpp/package.bash'
[24.630s] INFO:colcon.colcon_core.shell:Creating package script '/home/giromi/Repos/ws_sensor_combined_src/install/example_mode_with_executor_cpp/share/example_mode_with_executor_cpp/package.zsh'
[24.631s] Level 1:colcon.colcon_core.environment:create_file_with_runtime_dependencies(/home/giromi/Repos/ws_sensor_combined_src/install/example_mode_with_executor_cpp/share/colcon-core/packages/example_mode_with_executor_cpp)
[24.664s] Level 1:colcon.colcon_core.environment:create_environment_scripts_only(example_mode_goto_cpp)
[24.701s] Level 1:colcon.colcon_core.environment:checking '/home/giromi/Repos/ws_sensor_combined_src/install/example_mode_goto_cpp' for CMake module files
[24.702s] Level 1:colcon.colcon_core.environment:checking '/home/giromi/Repos/ws_sensor_combined_src/install/example_mode_goto_cpp' for CMake config files
[24.703s] Level 1:colcon.colcon_core.shell:create_environment_hook('example_mode_goto_cpp', 'cmake_prefix_path')
[24.725s] INFO:colcon.colcon_core.shell:Creating environment hook '/home/giromi/Repos/ws_sensor_combined_src/install/example_mode_goto_cpp/share/example_mode_goto_cpp/hook/cmake_prefix_path.ps1'
[24.726s] INFO:colcon.colcon_core.shell:Creating environment descriptor '/home/giromi/Repos/ws_sensor_combined_src/install/example_mode_goto_cpp/share/example_mode_goto_cpp/hook/cmake_prefix_path.dsv'
[24.726s] INFO:colcon.colcon_core.shell:Creating environment hook '/home/giromi/Repos/ws_sensor_combined_src/install/example_mode_goto_cpp/share/example_mode_goto_cpp/hook/cmake_prefix_path.sh'
[24.727s] Level 1:colcon.colcon_core.environment:checking '/home/giromi/Repos/ws_sensor_combined_src/install/example_mode_goto_cpp/lib'
[24.727s] Level 1:colcon.colcon_core.environment:checking '/home/giromi/Repos/ws_sensor_combined_src/install/example_mode_goto_cpp/bin'
[24.727s] Level 1:colcon.colcon_core.environment:checking '/home/giromi/Repos/ws_sensor_combined_src/install/example_mode_goto_cpp/lib/pkgconfig/example_mode_goto_cpp.pc'
[24.727s] Level 1:colcon.colcon_core.environment:checking '/home/giromi/Repos/ws_sensor_combined_src/install/example_mode_goto_cpp/lib/python3.10/site-packages'
[24.728s] Level 1:colcon.colcon_core.environment:checking '/home/giromi/Repos/ws_sensor_combined_src/install/example_mode_goto_cpp/bin'
[24.768s] INFO:colcon.colcon_core.shell:Creating package script '/home/giromi/Repos/ws_sensor_combined_src/install/example_mode_goto_cpp/share/example_mode_goto_cpp/package.ps1'
[24.769s] INFO:colcon.colcon_core.shell:Creating package descriptor '/home/giromi/Repos/ws_sensor_combined_src/install/example_mode_goto_cpp/share/example_mode_goto_cpp/package.dsv'
[24.770s] INFO:colcon.colcon_core.shell:Creating package script '/home/giromi/Repos/ws_sensor_combined_src/install/example_mode_goto_cpp/share/example_mode_goto_cpp/package.sh'
[24.772s] INFO:colcon.colcon_core.shell:Creating package script '/home/giromi/Repos/ws_sensor_combined_src/install/example_mode_goto_cpp/share/example_mode_goto_cpp/package.bash'
[24.773s] INFO:colcon.colcon_core.shell:Creating package script '/home/giromi/Repos/ws_sensor_combined_src/install/example_mode_goto_cpp/share/example_mode_goto_cpp/package.zsh'
[24.774s] Level 1:colcon.colcon_core.environment:create_file_with_runtime_dependencies(/home/giromi/Repos/ws_sensor_combined_src/install/example_mode_goto_cpp/share/colcon-core/packages/example_mode_goto_cpp)
[24.807s] Level 1:colcon.colcon_core.environment:create_environment_scripts_only(example_mode_manual_cpp)
[24.836s] Level 1:colcon.colcon_core.environment:checking '/home/giromi/Repos/ws_sensor_combined_src/install/example_mode_manual_cpp' for CMake module files
[24.838s] Level 1:colcon.colcon_core.environment:checking '/home/giromi/Repos/ws_sensor_combined_src/install/example_mode_manual_cpp' for CMake config files
[24.839s] Level 1:colcon.colcon_core.shell:create_environment_hook('example_mode_manual_cpp', 'cmake_prefix_path')
[24.875s] INFO:colcon.colcon_core.shell:Creating environment hook '/home/giromi/Repos/ws_sensor_combined_src/install/example_mode_manual_cpp/share/example_mode_manual_cpp/hook/cmake_prefix_path.ps1'
[24.875s] INFO:colcon.colcon_core.shell:Creating environment descriptor '/home/giromi/Repos/ws_sensor_combined_src/install/example_mode_manual_cpp/share/example_mode_manual_cpp/hook/cmake_prefix_path.dsv'
[24.876s] INFO:colcon.colcon_core.shell:Creating environment hook '/home/giromi/Repos/ws_sensor_combined_src/install/example_mode_manual_cpp/share/example_mode_manual_cpp/hook/cmake_prefix_path.sh'
[24.877s] Level 1:colcon.colcon_core.environment:checking '/home/giromi/Repos/ws_sensor_combined_src/install/example_mode_manual_cpp/lib'
[24.877s] Level 1:colcon.colcon_core.environment:checking '/home/giromi/Repos/ws_sensor_combined_src/install/example_mode_manual_cpp/bin'
[24.877s] Level 1:colcon.colcon_core.environment:checking '/home/giromi/Repos/ws_sensor_combined_src/install/example_mode_manual_cpp/lib/pkgconfig/example_mode_manual_cpp.pc'
[24.878s] Level 1:colcon.colcon_core.environment:checking '/home/giromi/Repos/ws_sensor_combined_src/install/example_mode_manual_cpp/lib/python3.10/site-packages'
[24.879s] Level 1:colcon.colcon_core.environment:checking '/home/giromi/Repos/ws_sensor_combined_src/install/example_mode_manual_cpp/bin'
[24.904s] INFO:colcon.colcon_core.shell:Creating package script '/home/giromi/Repos/ws_sensor_combined_src/install/example_mode_manual_cpp/share/example_mode_manual_cpp/package.ps1'
[24.905s] INFO:colcon.colcon_core.shell:Creating package descriptor '/home/giromi/Repos/ws_sensor_combined_src/install/example_mode_manual_cpp/share/example_mode_manual_cpp/package.dsv'
[24.906s] INFO:colcon.colcon_core.shell:Creating package script '/home/giromi/Repos/ws_sensor_combined_src/install/example_mode_manual_cpp/share/example_mode_manual_cpp/package.sh'
[24.907s] INFO:colcon.colcon_core.shell:Creating package script '/home/giromi/Repos/ws_sensor_combined_src/install/example_mode_manual_cpp/share/example_mode_manual_cpp/package.bash'
[24.909s] INFO:colcon.colcon_core.shell:Creating package script '/home/giromi/Repos/ws_sensor_combined_src/install/example_mode_manual_cpp/share/example_mode_manual_cpp/package.zsh'
[24.910s] Level 1:colcon.colcon_core.environment:create_file_with_runtime_dependencies(/home/giromi/Repos/ws_sensor_combined_src/install/example_mode_manual_cpp/share/colcon-core/packages/example_mode_manual_cpp)
[24.943s] Level 1:colcon.colcon_core.environment:create_environment_scripts_only(example_mode_rtl_replacement_cpp)
[24.973s] Level 1:colcon.colcon_core.environment:checking '/home/giromi/Repos/ws_sensor_combined_src/install/example_mode_rtl_replacement_cpp' for CMake module files
[24.974s] Level 1:colcon.colcon_core.environment:checking '/home/giromi/Repos/ws_sensor_combined_src/install/example_mode_rtl_replacement_cpp' for CMake config files
[24.974s] Level 1:colcon.colcon_core.shell:create_environment_hook('example_mode_rtl_replacement_cpp', 'cmake_prefix_path')
[25.004s] INFO:colcon.colcon_core.shell:Creating environment hook '/home/giromi/Repos/ws_sensor_combined_src/install/example_mode_rtl_replacement_cpp/share/example_mode_rtl_replacement_cpp/hook/cmake_prefix_path.ps1'
[25.004s] INFO:colcon.colcon_core.shell:Creating environment descriptor '/home/giromi/Repos/ws_sensor_combined_src/install/example_mode_rtl_replacement_cpp/share/example_mode_rtl_replacement_cpp/hook/cmake_prefix_path.dsv'
[25.005s] INFO:colcon.colcon_core.shell:Creating environment hook '/home/giromi/Repos/ws_sensor_combined_src/install/example_mode_rtl_replacement_cpp/share/example_mode_rtl_replacement_cpp/hook/cmake_prefix_path.sh'
[25.005s] Level 1:colcon.colcon_core.environment:checking '/home/giromi/Repos/ws_sensor_combined_src/install/example_mode_rtl_replacement_cpp/lib'
[25.006s] Level 1:colcon.colcon_core.environment:checking '/home/giromi/Repos/ws_sensor_combined_src/install/example_mode_rtl_replacement_cpp/bin'
[25.006s] Level 1:colcon.colcon_core.environment:checking '/home/giromi/Repos/ws_sensor_combined_src/install/example_mode_rtl_replacement_cpp/lib/pkgconfig/example_mode_rtl_replacement_cpp.pc'
[25.006s] Level 1:colcon.colcon_core.environment:checking '/home/giromi/Repos/ws_sensor_combined_src/install/example_mode_rtl_replacement_cpp/lib/python3.10/site-packages'
[25.006s] Level 1:colcon.colcon_core.environment:checking '/home/giromi/Repos/ws_sensor_combined_src/install/example_mode_rtl_replacement_cpp/bin'
[25.031s] INFO:colcon.colcon_core.shell:Creating package script '/home/giromi/Repos/ws_sensor_combined_src/install/example_mode_rtl_replacement_cpp/share/example_mode_rtl_replacement_cpp/package.ps1'
[25.032s] INFO:colcon.colcon_core.shell:Creating package descriptor '/home/giromi/Repos/ws_sensor_combined_src/install/example_mode_rtl_replacement_cpp/share/example_mode_rtl_replacement_cpp/package.dsv'
[25.033s] INFO:colcon.colcon_core.shell:Creating package script '/home/giromi/Repos/ws_sensor_combined_src/install/example_mode_rtl_replacement_cpp/share/example_mode_rtl_replacement_cpp/package.sh'
[25.034s] INFO:colcon.colcon_core.shell:Creating package script '/home/giromi/Repos/ws_sensor_combined_src/install/example_mode_rtl_replacement_cpp/share/example_mode_rtl_replacement_cpp/package.bash'
[25.035s] INFO:colcon.colcon_core.shell:Creating package script '/home/giromi/Repos/ws_sensor_combined_src/install/example_mode_rtl_replacement_cpp/share/example_mode_rtl_replacement_cpp/package.zsh'
[25.036s] Level 1:colcon.colcon_core.environment:create_file_with_runtime_dependencies(/home/giromi/Repos/ws_sensor_combined_src/install/example_mode_rtl_replacement_cpp/share/colcon-core/packages/example_mode_rtl_replacement_cpp)
[25.069s] Level 1:colcon.colcon_core.environment:create_environment_scripts_only(example_mode_with_executor_cpp)
[25.099s] Level 1:colcon.colcon_core.environment:checking '/home/giromi/Repos/ws_sensor_combined_src/install/example_mode_with_executor_cpp' for CMake module files
[25.100s] Level 1:colcon.colcon_core.environment:checking '/home/giromi/Repos/ws_sensor_combined_src/install/example_mode_with_executor_cpp' for CMake config files
[25.100s] Level 1:colcon.colcon_core.shell:create_environment_hook('example_mode_with_executor_cpp', 'cmake_prefix_path')
[25.127s] INFO:colcon.colcon_core.shell:Creating environment hook '/home/giromi/Repos/ws_sensor_combined_src/install/example_mode_with_executor_cpp/share/example_mode_with_executor_cpp/hook/cmake_prefix_path.ps1'
[25.127s] INFO:colcon.colcon_core.shell:Creating environment descriptor '/home/giromi/Repos/ws_sensor_combined_src/install/example_mode_with_executor_cpp/share/example_mode_with_executor_cpp/hook/cmake_prefix_path.dsv'
[25.129s] INFO:colcon.colcon_core.shell:Creating environment hook '/home/giromi/Repos/ws_sensor_combined_src/install/example_mode_with_executor_cpp/share/example_mode_with_executor_cpp/hook/cmake_prefix_path.sh'
[25.130s] Level 1:colcon.colcon_core.environment:checking '/home/giromi/Repos/ws_sensor_combined_src/install/example_mode_with_executor_cpp/lib'
[25.130s] Level 1:colcon.colcon_core.environment:checking '/home/giromi/Repos/ws_sensor_combined_src/install/example_mode_with_executor_cpp/bin'
[25.130s] Level 1:colcon.colcon_core.environment:checking '/home/giromi/Repos/ws_sensor_combined_src/install/example_mode_with_executor_cpp/lib/pkgconfig/example_mode_with_executor_cpp.pc'
[25.131s] Level 1:colcon.colcon_core.environment:checking '/home/giromi/Repos/ws_sensor_combined_src/install/example_mode_with_executor_cpp/lib/python3.10/site-packages'
[25.131s] Level 1:colcon.colcon_core.environment:checking '/home/giromi/Repos/ws_sensor_combined_src/install/example_mode_with_executor_cpp/bin'
[25.159s] INFO:colcon.colcon_core.shell:Creating package script '/home/giromi/Repos/ws_sensor_combined_src/install/example_mode_with_executor_cpp/share/example_mode_with_executor_cpp/package.ps1'
[25.159s] INFO:colcon.colcon_core.shell:Creating package descriptor '/home/giromi/Repos/ws_sensor_combined_src/install/example_mode_with_executor_cpp/share/example_mode_with_executor_cpp/package.dsv'
[25.160s] INFO:colcon.colcon_core.shell:Creating package script '/home/giromi/Repos/ws_sensor_combined_src/install/example_mode_with_executor_cpp/share/example_mode_with_executor_cpp/package.sh'
[25.160s] INFO:colcon.colcon_core.shell:Creating package script '/home/giromi/Repos/ws_sensor_combined_src/install/example_mode_with_executor_cpp/share/example_mode_with_executor_cpp/package.bash'
[25.161s] INFO:colcon.colcon_core.shell:Creating package script '/home/giromi/Repos/ws_sensor_combined_src/install/example_mode_with_executor_cpp/share/example_mode_with_executor_cpp/package.zsh'
[25.162s] Level 1:colcon.colcon_core.environment:create_file_with_runtime_dependencies(/home/giromi/Repos/ws_sensor_combined_src/install/example_mode_with_executor_cpp/share/colcon-core/packages/example_mode_with_executor_cpp)
[30.404s] DEBUG:colcon.colcon_core.event_handler.log_command:Invoked command in '/home/giromi/Repos/ws_sensor_combined_src/build/px4_ros_com' returned '2': CMAKE_PREFIX_PATH=/home/giromi/Repos/ws_sensor_combined_src/install/px4_msgs:/home/giromi/Repos/ws_sensor_combined_src/install/example_mode_with_executor_cpp:/home/giromi/Repos/ws_sensor_combined_src/install/example_mode_rtl_replacement_cpp:/home/giromi/Repos/ws_sensor_combined_src/install/example_mode_manual_cpp:/home/giromi/Repos/ws_sensor_combined_src/install/example_mode_goto_cpp:/home/giromi/Repos/ws_sensor_combined_src/install/example_local_navigation_cpp:/home/giromi/Repos/ws_sensor_combined_src/install/example_global_navigation_cpp:/home/giromi/Repos/ws_sensor_combined_src/install/px4_ros2_cpp:/home/giromi/Repos/ws_sensor_combined_src/install/px4_ros_com:/opt/ros/humble LD_LIBRARY_PATH=/home/giromi/Repos/ws_sensor_combined_src/install/px4_msgs/lib:/home/giromi/Repos/ws_sensor_combined_src/install/px4_ros2_cpp/lib:/home/giromi/Repos/ws_sensor_combined_src/install/px4_ros_com/lib:/opt/ros/humble/opt/rviz_ogre_vendor/lib:/opt/ros/humble/lib/x86_64-linux-gnu:/opt/ros/humble/lib /usr/bin/cmake --build /home/giromi/Repos/ws_sensor_combined_src/build/px4_ros_com -- -j8 -l8
[30.501s] Level 1:colcon.colcon_core.environment:create_environment_scripts_only(px4_ros_com)
[30.525s] Level 1:colcon.colcon_core.environment:checking '/home/giromi/Repos/ws_sensor_combined_src/install/px4_ros_com' for CMake module files
[30.527s] Level 1:colcon.colcon_core.environment:checking '/home/giromi/Repos/ws_sensor_combined_src/install/px4_ros_com' for CMake config files
[30.527s] Level 1:colcon.colcon_core.shell:create_environment_hook('px4_ros_com', 'cmake_prefix_path')
[30.551s] INFO:colcon.colcon_core.shell:Creating environment hook '/home/giromi/Repos/ws_sensor_combined_src/install/px4_ros_com/share/px4_ros_com/hook/cmake_prefix_path.ps1'
[30.552s] INFO:colcon.colcon_core.shell:Creating environment descriptor '/home/giromi/Repos/ws_sensor_combined_src/install/px4_ros_com/share/px4_ros_com/hook/cmake_prefix_path.dsv'
[30.552s] INFO:colcon.colcon_core.shell:Creating environment hook '/home/giromi/Repos/ws_sensor_combined_src/install/px4_ros_com/share/px4_ros_com/hook/cmake_prefix_path.sh'
[30.553s] Level 1:colcon.colcon_core.environment:checking '/home/giromi/Repos/ws_sensor_combined_src/install/px4_ros_com/lib'
[30.553s] Level 1:colcon.colcon_core.shell:create_environment_hook('px4_ros_com', 'ld_library_path_lib')
[30.579s] INFO:colcon.colcon_core.shell:Creating environment hook '/home/giromi/Repos/ws_sensor_combined_src/install/px4_ros_com/share/px4_ros_com/hook/ld_library_path_lib.ps1'
[30.579s] INFO:colcon.colcon_core.shell:Creating environment descriptor '/home/giromi/Repos/ws_sensor_combined_src/install/px4_ros_com/share/px4_ros_com/hook/ld_library_path_lib.dsv'
[30.581s] INFO:colcon.colcon_core.shell:Creating environment hook '/home/giromi/Repos/ws_sensor_combined_src/install/px4_ros_com/share/px4_ros_com/hook/ld_library_path_lib.sh'
[30.582s] Level 1:colcon.colcon_core.environment:checking '/home/giromi/Repos/ws_sensor_combined_src/install/px4_ros_com/bin'
[30.582s] Level 1:colcon.colcon_core.environment:checking '/home/giromi/Repos/ws_sensor_combined_src/install/px4_ros_com/lib/pkgconfig/px4_ros_com.pc'
[30.583s] Level 1:colcon.colcon_core.environment:checking '/home/giromi/Repos/ws_sensor_combined_src/install/px4_ros_com/lib/python3.10/site-packages'
[30.583s] Level 1:colcon.colcon_core.environment:checking '/home/giromi/Repos/ws_sensor_combined_src/install/px4_ros_com/bin'
[30.615s] INFO:colcon.colcon_core.shell:Creating package script '/home/giromi/Repos/ws_sensor_combined_src/install/px4_ros_com/share/px4_ros_com/package.ps1'
[30.616s] INFO:colcon.colcon_core.shell:Creating package descriptor '/home/giromi/Repos/ws_sensor_combined_src/install/px4_ros_com/share/px4_ros_com/package.dsv'
[30.617s] INFO:colcon.colcon_core.shell:Creating package script '/home/giromi/Repos/ws_sensor_combined_src/install/px4_ros_com/share/px4_ros_com/package.sh'
[30.618s] INFO:colcon.colcon_core.shell:Creating package script '/home/giromi/Repos/ws_sensor_combined_src/install/px4_ros_com/share/px4_ros_com/package.bash'
[30.618s] INFO:colcon.colcon_core.shell:Creating package script '/home/giromi/Repos/ws_sensor_combined_src/install/px4_ros_com/share/px4_ros_com/package.zsh'
[30.619s] Level 1:colcon.colcon_core.environment:create_file_with_runtime_dependencies(/home/giromi/Repos/ws_sensor_combined_src/install/px4_ros_com/share/colcon-core/packages/px4_ros_com)
[30.629s] DEBUG:colcon.colcon_parallel_executor.executor.parallel:closing loop
[30.630s] DEBUG:colcon.colcon_parallel_executor.executor.parallel:loop closed
[30.630s] DEBUG:colcon.colcon_parallel_executor.executor.parallel:run_until_complete finished with '2'
[30.630s] DEBUG:colcon.colcon_core.event_reactor:joining thread
[30.662s] INFO:colcon.colcon_core.plugin_system:Skipping extension 'colcon_notification.desktop_notification.terminal_notifier': Not used on non-Darwin systems
[30.662s] INFO:colcon.colcon_core.plugin_system:Skipping extension 'colcon_notification.desktop_notification.win32': Not used on non-Windows systems
[30.662s] INFO:colcon.colcon_notification.desktop_notification:Sending desktop notification using 'notify2'
[30.674s] DEBUG:colcon.colcon_core.event_reactor:joined thread
[30.706s] INFO:colcon.colcon_core.shell:Creating prefix script '/home/giromi/Repos/ws_sensor_combined_src/install/local_setup.ps1'
[30.708s] INFO:colcon.colcon_core.shell:Creating prefix util module '/home/giromi/Repos/ws_sensor_combined_src/install/_local_setup_util_ps1.py'
[30.711s] INFO:colcon.colcon_core.shell:Creating prefix chain script '/home/giromi/Repos/ws_sensor_combined_src/install/setup.ps1'
[30.735s] INFO:colcon.colcon_core.shell:Creating prefix script '/home/giromi/Repos/ws_sensor_combined_src/install/local_setup.sh'
[30.735s] INFO:colcon.colcon_core.shell:Creating prefix util module '/home/giromi/Repos/ws_sensor_combined_src/install/_local_setup_util_sh.py'
[30.736s] INFO:colcon.colcon_core.shell:Creating prefix chain script '/home/giromi/Repos/ws_sensor_combined_src/install/setup.sh'
[30.765s] INFO:colcon.colcon_core.shell:Creating prefix script '/home/giromi/Repos/ws_sensor_combined_src/install/local_setup.bash'
[30.767s] INFO:colcon.colcon_core.shell:Creating prefix chain script '/home/giromi/Repos/ws_sensor_combined_src/install/setup.bash'
[30.796s] INFO:colcon.colcon_core.shell:Creating prefix script '/home/giromi/Repos/ws_sensor_combined_src/install/local_setup.zsh'
[30.798s] INFO:colcon.colcon_core.shell:Creating prefix chain script '/home/giromi/Repos/ws_sensor_combined_src/install/setup.zsh'
