[0.000000] (-) TimerEvent: {}
[0.000491] (key_event) JobQueued: {'identifier': 'key_event', 'dependencies': OrderedDict()}
[0.000973] (px4_msgs) JobQueued: {'identifier': 'px4_msgs', 'dependencies': OrderedDict()}
[0.001030] (px4_ros2_cpp) JobQueued: {'identifier': 'px4_ros2_cpp', 'dependencies': OrderedDict([('px4_msgs', '/home/giromi/Repos/VTOL/ws_sensor_combined_src/install/px4_msgs')])}
[0.001058] (px4_ros_com) JobQueued: {'identifier': 'px4_ros_com', 'dependencies': OrderedDict([('px4_msgs', '/home/giromi/Repos/VTOL/ws_sensor_combined_src/install/px4_msgs')])}
[0.001083] (example_global_navigation_cpp) JobQueued: {'identifier': 'example_global_navigation_cpp', 'dependencies': OrderedDict([('px4_msgs', '/home/giromi/Repos/VTOL/ws_sensor_combined_src/install/px4_msgs'), ('px4_ros2_cpp', '/home/giromi/Repos/VTOL/ws_sensor_combined_src/install/px4_ros2_cpp')])}
[0.001107] (example_local_navigation_cpp) JobQueued: {'identifier': 'example_local_navigation_cpp', 'dependencies': OrderedDict([('px4_msgs', '/home/giromi/Repos/VTOL/ws_sensor_combined_src/install/px4_msgs'), ('px4_ros2_cpp', '/home/giromi/Repos/VTOL/ws_sensor_combined_src/install/px4_ros2_cpp')])}
[0.001128] (example_mode_goto_cpp) JobQueued: {'identifier': 'example_mode_goto_cpp', 'dependencies': OrderedDict([('px4_msgs', '/home/giromi/Repos/VTOL/ws_sensor_combined_src/install/px4_msgs'), ('px4_ros2_cpp', '/home/giromi/Repos/VTOL/ws_sensor_combined_src/install/px4_ros2_cpp')])}
[0.001148] (example_mode_manual_cpp) JobQueued: {'identifier': 'example_mode_manual_cpp', 'dependencies': OrderedDict([('px4_msgs', '/home/giromi/Repos/VTOL/ws_sensor_combined_src/install/px4_msgs'), ('px4_ros2_cpp', '/home/giromi/Repos/VTOL/ws_sensor_combined_src/install/px4_ros2_cpp')])}
[0.001190] (example_mode_rtl_replacement_cpp) JobQueued: {'identifier': 'example_mode_rtl_replacement_cpp', 'dependencies': OrderedDict([('px4_msgs', '/home/giromi/Repos/VTOL/ws_sensor_combined_src/install/px4_msgs'), ('px4_ros2_cpp', '/home/giromi/Repos/VTOL/ws_sensor_combined_src/install/px4_ros2_cpp')])}
[0.001586] (example_mode_with_executor_cpp) JobQueued: {'identifier': 'example_mode_with_executor_cpp', 'dependencies': OrderedDict([('px4_msgs', '/home/giromi/Repos/VTOL/ws_sensor_combined_src/install/px4_msgs'), ('px4_ros2_cpp', '/home/giromi/Repos/VTOL/ws_sensor_combined_src/install/px4_ros2_cpp')])}
[0.001654] (px4_msgs) JobStarted: {'identifier': 'px4_msgs'}
[0.079305] (key_event) JobStarted: {'identifier': 'key_event'}
[0.098683] (-) TimerEvent: {}
[0.153747] (px4_msgs) JobProgress: {'identifier': 'px4_msgs', 'progress': 'cmake'}
[0.154381] (px4_msgs) JobProgress: {'identifier': 'px4_msgs', 'progress': 'build'}
[0.155072] (px4_msgs) Command: {'cmd': ['/usr/local/bin/cmake', '--build', '/home/giromi/Repos/VTOL/ws_sensor_combined_src/build/px4_msgs', '--', '-j8', '-l8'], 'cwd': '/home/giromi/Repos/VTOL/ws_sensor_combined_src/build/px4_msgs', 'env': OrderedDict([('LESSOPEN', '| /usr/bin/lesspipe %s'), ('TMUX', '/tmp/tmux-1000/default,89562,2'), ('USER', 'giromi'), ('LC_TIME', 'ko_KR.UTF-8'), ('XDG_SESSION_TYPE', 'x11'), ('SHLVL', '2'), ('LD_LIBRARY_PATH', '/opt/ros/humble/opt/rviz_ogre_vendor/lib:/opt/ros/humble/lib/x86_64-linux-gnu:/opt/ros/humble/lib'), ('HOME', '/home/giromi'), ('TERM_PROGRAM_VERSION', '3.2a'), ('DESKTOP_SESSION', 'ubuntu'), ('NVM_BIN', '/home/giromi/.nvm/versions/node/v20.11.0/bin'), ('NVM_INC', '/home/giromi/.nvm/versions/node/v20.11.0/include/node'), ('ROS_PYTHON_VERSION', '3'), ('GNOME_SHELL_SESSION_MODE', 'ubuntu'), ('GTK_MODULES', 'gail:atk-bridge'), ('LC_MONETARY', 'ko_KR.UTF-8'), ('SYSTEMD_EXEC_PID', '2643'), ('DBUS_SESSION_BUS_ADDRESS', 'unix:path=/run/user/1000/bus'), ('COLORTERM', 'truecolor'), ('NVM_DIR', '/home/giromi/.nvm'), ('COLCON_PREFIX_PATH', '/home/giromi/Repos/ros2_ws/install'), ('ROS_DISTRO', 'humble'), ('GTK_IM_MODULE', 'ibus'), ('LOGNAME', 'giromi'), ('_', '/usr/bin/colcon'), ('ROS_VERSION', '2'), ('XDG_SESSION_CLASS', 'user'), ('USERNAME', 'giromi'), ('TERM', 'screen-256color'), ('GNOME_DESKTOP_SESSION_ID', 'this-is-deprecated'), ('ROS_LOCALHOST_ONLY', '0'), ('WINDOWPATH', '2'), ('PATH', '/opt/gcc-arm-none-eabi-9-2020-q2-update/bin:/home/giromi/.local/bin:/home/giromi/.nvm/versions/node/v20.11.0/bin:/opt/ros/humble/bin:/opt/gcc-arm-none-eabi-9-2020-q2-update/bin:/home/giromi/.local/bin:/usr/local/sbin:/usr/local/bin:/usr/sbin:/usr/bin:/sbin:/bin:/usr/games:/usr/local/games:/snap/bin:/snap/bin:/home/giromi/Bashes:/home/giromi/Bashes'), ('SESSION_MANAGER', 'local/ubuntu22:@/tmp/.ICE-unix/2547,unix/ubuntu22:/tmp/.ICE-unix/2547'), ('XDG_MENU_PREFIX', 'gnome-'), ('LC_ADDRESS', 'ko_KR.UTF-8'), ('GNOME_TERMINAL_SCREEN', '/org/gnome/Terminal/screen/af2b5741_3297_401f_932f_e3e341a4c6b3'), ('XDG_RUNTIME_DIR', '/run/user/1000'), ('DISPLAY', ':1'), ('LANG', 'en_US.UTF-8'), ('XDG_CURRENT_DESKTOP', 'ubuntu:GNOME'), ('LC_TELEPHONE', 'ko_KR.UTF-8'), ('XMODIFIERS', '@im=ibus'), ('XDG_SESSION_DESKTOP', 'ubuntu'), ('XAUTHORITY', '/run/user/1000/gdm/Xauthority'), ('LS_COLORS', 'rs=0:di=01;34:ln=01;36:mh=00:pi=40;33:so=01;35:do=01;35:bd=40;33;01:cd=40;33;01:or=40;31;01:mi=00:su=37;41:sg=30;43:ca=30;41:tw=30;42:ow=34;42:st=37;44:ex=01;32:*.tar=01;31:*.tgz=01;31:*.arc=01;31:*.arj=01;31:*.taz=01;31:*.lha=01;31:*.lz4=01;31:*.lzh=01;31:*.lzma=01;31:*.tlz=01;31:*.txz=01;31:*.tzo=01;31:*.t7z=01;31:*.zip=01;31:*.z=01;31:*.dz=01;31:*.gz=01;31:*.lrz=01;31:*.lz=01;31:*.lzo=01;31:*.xz=01;31:*.zst=01;31:*.tzst=01;31:*.bz2=01;31:*.bz=01;31:*.tbz=01;31:*.tbz2=01;31:*.tz=01;31:*.deb=01;31:*.rpm=01;31:*.jar=01;31:*.war=01;31:*.ear=01;31:*.sar=01;31:*.rar=01;31:*.alz=01;31:*.ace=01;31:*.zoo=01;31:*.cpio=01;31:*.7z=01;31:*.rz=01;31:*.cab=01;31:*.wim=01;31:*.swm=01;31:*.dwm=01;31:*.esd=01;31:*.jpg=01;35:*.jpeg=01;35:*.mjpg=01;35:*.mjpeg=01;35:*.gif=01;35:*.bmp=01;35:*.pbm=01;35:*.pgm=01;35:*.ppm=01;35:*.tga=01;35:*.xbm=01;35:*.xpm=01;35:*.tif=01;35:*.tiff=01;35:*.png=01;35:*.svg=01;35:*.svgz=01;35:*.mng=01;35:*.pcx=01;35:*.mov=01;35:*.mpg=01;35:*.mpeg=01;35:*.m2v=01;35:*.mkv=01;35:*.webm=01;35:*.webp=01;35:*.ogm=01;35:*.mp4=01;35:*.m4v=01;35:*.mp4v=01;35:*.vob=01;35:*.qt=01;35:*.nuv=01;35:*.wmv=01;35:*.asf=01;35:*.rm=01;35:*.rmvb=01;35:*.flc=01;35:*.avi=01;35:*.fli=01;35:*.flv=01;35:*.gl=01;35:*.dl=01;35:*.xcf=01;35:*.xwd=01;35:*.yuv=01;35:*.cgm=01;35:*.emf=01;35:*.ogv=01;35:*.ogx=01;35:*.aac=00;36:*.au=00;36:*.flac=00;36:*.m4a=00;36:*.mid=00;36:*.midi=00;36:*.mka=00;36:*.mp3=00;36:*.mpc=00;36:*.ogg=00;36:*.ra=00;36:*.wav=00;36:*.oga=00;36:*.opus=00;36:*.spx=00;36:*.xspf=00;36:'), ('GNOME_TERMINAL_SERVICE', ':1.188'), ('TERM_PROGRAM', 'tmux'), ('SSH_AGENT_LAUNCHER', 'gnome-keyring'), ('SSH_AUTH_SOCK', '/run/user/1000/keyring/ssh'), ('AMENT_PREFIX_PATH', '/opt/ros/humble'), ('SHELL', '/bin/bash'), ('LC_NAME', 'ko_KR.UTF-8'), ('QT_ACCESSIBILITY', '1'), ('GDMSESSION', 'ubuntu'), ('LESSCLOSE', '/usr/bin/lesspipe %s %s'), ('LC_MEASUREMENT', 'ko_KR.UTF-8'), ('GPG_AGENT_INFO', '/run/user/1000/gnupg/S.gpg-agent:0:1'), ('LC_IDENTIFICATION', 'ko_KR.UTF-8'), ('QT_IM_MODULE', 'ibus'), ('PWD', '/home/giromi/Repos/VTOL/ws_sensor_combined_src/build/px4_msgs'), ('LC_ALL', 'en_US.UTF-8'), ('XDG_CONFIG_DIRS', '/etc/xdg/xdg-ubuntu:/etc/xdg'), ('NVM_CD_FLAGS', ''), ('XDG_DATA_DIRS', '/usr/share/ubuntu:/usr/share/gnome:/usr/local/share/:/usr/share/:/var/lib/snapd/desktop'), ('PYTHONPATH', '/opt/ros/humble/lib/python3.10/site-packages:/opt/ros/humble/local/lib/python3.10/dist-packages'), ('LC_NUMERIC', 'ko_KR.UTF-8'), ('TMUX_PLUGIN_MANAGER_PATH', '/home/giromi/.tmux/plugins/'), ('LC_PAPER', 'ko_KR.UTF-8'), ('COLCON', '1'), ('VTE_VERSION', '6800'), ('TMUX_PANE', '%8'), ('CMAKE_PREFIX_PATH', '/opt/ros/humble')]), 'shell': False}
[0.159060] (key_event) JobProgress: {'identifier': 'key_event', 'progress': 'cmake'}
[0.159926] (key_event) JobProgress: {'identifier': 'key_event', 'progress': 'build'}
[0.160791] (key_event) Command: {'cmd': ['/usr/local/bin/cmake', '--build', '/home/giromi/Repos/VTOL/ws_sensor_combined_src/build/key_event', '--', '-j8', '-l8'], 'cwd': '/home/giromi/Repos/VTOL/ws_sensor_combined_src/build/key_event', 'env': OrderedDict([('LESSOPEN', '| /usr/bin/lesspipe %s'), ('TMUX', '/tmp/tmux-1000/default,89562,2'), ('USER', 'giromi'), ('LC_TIME', 'ko_KR.UTF-8'), ('XDG_SESSION_TYPE', 'x11'), ('SHLVL', '2'), ('LD_LIBRARY_PATH', '/opt/ros/humble/opt/rviz_ogre_vendor/lib:/opt/ros/humble/lib/x86_64-linux-gnu:/opt/ros/humble/lib'), ('HOME', '/home/giromi'), ('TERM_PROGRAM_VERSION', '3.2a'), ('DESKTOP_SESSION', 'ubuntu'), ('NVM_BIN', '/home/giromi/.nvm/versions/node/v20.11.0/bin'), ('NVM_INC', '/home/giromi/.nvm/versions/node/v20.11.0/include/node'), ('ROS_PYTHON_VERSION', '3'), ('GNOME_SHELL_SESSION_MODE', 'ubuntu'), ('GTK_MODULES', 'gail:atk-bridge'), ('LC_MONETARY', 'ko_KR.UTF-8'), ('SYSTEMD_EXEC_PID', '2643'), ('DBUS_SESSION_BUS_ADDRESS', 'unix:path=/run/user/1000/bus'), ('COLORTERM', 'truecolor'), ('NVM_DIR', '/home/giromi/.nvm'), ('COLCON_PREFIX_PATH', '/home/giromi/Repos/ros2_ws/install'), ('ROS_DISTRO', 'humble'), ('GTK_IM_MODULE', 'ibus'), ('LOGNAME', 'giromi'), ('_', '/usr/bin/colcon'), ('ROS_VERSION', '2'), ('XDG_SESSION_CLASS', 'user'), ('USERNAME', 'giromi'), ('TERM', 'screen-256color'), ('GNOME_DESKTOP_SESSION_ID', 'this-is-deprecated'), ('ROS_LOCALHOST_ONLY', '0'), ('WINDOWPATH', '2'), ('PATH', '/opt/gcc-arm-none-eabi-9-2020-q2-update/bin:/home/giromi/.local/bin:/home/giromi/.nvm/versions/node/v20.11.0/bin:/opt/ros/humble/bin:/opt/gcc-arm-none-eabi-9-2020-q2-update/bin:/home/giromi/.local/bin:/usr/local/sbin:/usr/local/bin:/usr/sbin:/usr/bin:/sbin:/bin:/usr/games:/usr/local/games:/snap/bin:/snap/bin:/home/giromi/Bashes:/home/giromi/Bashes'), ('SESSION_MANAGER', 'local/ubuntu22:@/tmp/.ICE-unix/2547,unix/ubuntu22:/tmp/.ICE-unix/2547'), ('XDG_MENU_PREFIX', 'gnome-'), ('LC_ADDRESS', 'ko_KR.UTF-8'), ('GNOME_TERMINAL_SCREEN', '/org/gnome/Terminal/screen/af2b5741_3297_401f_932f_e3e341a4c6b3'), ('XDG_RUNTIME_DIR', '/run/user/1000'), ('DISPLAY', ':1'), ('LANG', 'en_US.UTF-8'), ('XDG_CURRENT_DESKTOP', 'ubuntu:GNOME'), ('LC_TELEPHONE', 'ko_KR.UTF-8'), ('XMODIFIERS', '@im=ibus'), ('XDG_SESSION_DESKTOP', 'ubuntu'), ('XAUTHORITY', '/run/user/1000/gdm/Xauthority'), ('LS_COLORS', 'rs=0:di=01;34:ln=01;36:mh=00:pi=40;33:so=01;35:do=01;35:bd=40;33;01:cd=40;33;01:or=40;31;01:mi=00:su=37;41:sg=30;43:ca=30;41:tw=30;42:ow=34;42:st=37;44:ex=01;32:*.tar=01;31:*.tgz=01;31:*.arc=01;31:*.arj=01;31:*.taz=01;31:*.lha=01;31:*.lz4=01;31:*.lzh=01;31:*.lzma=01;31:*.tlz=01;31:*.txz=01;31:*.tzo=01;31:*.t7z=01;31:*.zip=01;31:*.z=01;31:*.dz=01;31:*.gz=01;31:*.lrz=01;31:*.lz=01;31:*.lzo=01;31:*.xz=01;31:*.zst=01;31:*.tzst=01;31:*.bz2=01;31:*.bz=01;31:*.tbz=01;31:*.tbz2=01;31:*.tz=01;31:*.deb=01;31:*.rpm=01;31:*.jar=01;31:*.war=01;31:*.ear=01;31:*.sar=01;31:*.rar=01;31:*.alz=01;31:*.ace=01;31:*.zoo=01;31:*.cpio=01;31:*.7z=01;31:*.rz=01;31:*.cab=01;31:*.wim=01;31:*.swm=01;31:*.dwm=01;31:*.esd=01;31:*.jpg=01;35:*.jpeg=01;35:*.mjpg=01;35:*.mjpeg=01;35:*.gif=01;35:*.bmp=01;35:*.pbm=01;35:*.pgm=01;35:*.ppm=01;35:*.tga=01;35:*.xbm=01;35:*.xpm=01;35:*.tif=01;35:*.tiff=01;35:*.png=01;35:*.svg=01;35:*.svgz=01;35:*.mng=01;35:*.pcx=01;35:*.mov=01;35:*.mpg=01;35:*.mpeg=01;35:*.m2v=01;35:*.mkv=01;35:*.webm=01;35:*.webp=01;35:*.ogm=01;35:*.mp4=01;35:*.m4v=01;35:*.mp4v=01;35:*.vob=01;35:*.qt=01;35:*.nuv=01;35:*.wmv=01;35:*.asf=01;35:*.rm=01;35:*.rmvb=01;35:*.flc=01;35:*.avi=01;35:*.fli=01;35:*.flv=01;35:*.gl=01;35:*.dl=01;35:*.xcf=01;35:*.xwd=01;35:*.yuv=01;35:*.cgm=01;35:*.emf=01;35:*.ogv=01;35:*.ogx=01;35:*.aac=00;36:*.au=00;36:*.flac=00;36:*.m4a=00;36:*.mid=00;36:*.midi=00;36:*.mka=00;36:*.mp3=00;36:*.mpc=00;36:*.ogg=00;36:*.ra=00;36:*.wav=00;36:*.oga=00;36:*.opus=00;36:*.spx=00;36:*.xspf=00;36:'), ('GNOME_TERMINAL_SERVICE', ':1.188'), ('TERM_PROGRAM', 'tmux'), ('SSH_AGENT_LAUNCHER', 'gnome-keyring'), ('SSH_AUTH_SOCK', '/run/user/1000/keyring/ssh'), ('AMENT_PREFIX_PATH', '/opt/ros/humble'), ('SHELL', '/bin/bash'), ('LC_NAME', 'ko_KR.UTF-8'), ('QT_ACCESSIBILITY', '1'), ('GDMSESSION', 'ubuntu'), ('LESSCLOSE', '/usr/bin/lesspipe %s %s'), ('LC_MEASUREMENT', 'ko_KR.UTF-8'), ('GPG_AGENT_INFO', '/run/user/1000/gnupg/S.gpg-agent:0:1'), ('LC_IDENTIFICATION', 'ko_KR.UTF-8'), ('QT_IM_MODULE', 'ibus'), ('PWD', '/home/giromi/Repos/VTOL/ws_sensor_combined_src/build/key_event'), ('LC_ALL', 'en_US.UTF-8'), ('XDG_CONFIG_DIRS', '/etc/xdg/xdg-ubuntu:/etc/xdg'), ('NVM_CD_FLAGS', ''), ('XDG_DATA_DIRS', '/usr/share/ubuntu:/usr/share/gnome:/usr/local/share/:/usr/share/:/var/lib/snapd/desktop'), ('PYTHONPATH', '/opt/ros/humble/lib/python3.10/site-packages:/opt/ros/humble/local/lib/python3.10/dist-packages'), ('LC_NUMERIC', 'ko_KR.UTF-8'), ('TMUX_PLUGIN_MANAGER_PATH', '/home/giromi/.tmux/plugins/'), ('LC_PAPER', 'ko_KR.UTF-8'), ('COLCON', '1'), ('VTE_VERSION', '6800'), ('TMUX_PANE', '%8'), ('CMAKE_PREFIX_PATH', '/opt/ros/humble')]), 'shell': False}
[0.195290] (key_event) StdoutLine: {'line': b'[100%] Built target key_pub\n'}
[0.195579] (key_event) StdoutLine: {'line': b'[100%] Built target key_sub\n'}
[0.195768] (key_event) StdoutLine: {'line': b'[100%] Built target key_event\n'}
[0.198780] (-) TimerEvent: {}
[0.201393] (key_event) CommandEnded: {'returncode': 0}
[0.229864] (key_event) JobProgress: {'identifier': 'key_event', 'progress': 'install'}
[0.237029] (key_event) Command: {'cmd': ['/usr/local/bin/cmake', '--install', '/home/giromi/Repos/VTOL/ws_sensor_combined_src/build/key_event'], 'cwd': '/home/giromi/Repos/VTOL/ws_sensor_combined_src/build/key_event', 'env': OrderedDict([('LESSOPEN', '| /usr/bin/lesspipe %s'), ('TMUX', '/tmp/tmux-1000/default,89562,2'), ('USER', 'giromi'), ('LC_TIME', 'ko_KR.UTF-8'), ('XDG_SESSION_TYPE', 'x11'), ('SHLVL', '2'), ('LD_LIBRARY_PATH', '/opt/ros/humble/opt/rviz_ogre_vendor/lib:/opt/ros/humble/lib/x86_64-linux-gnu:/opt/ros/humble/lib'), ('HOME', '/home/giromi'), ('TERM_PROGRAM_VERSION', '3.2a'), ('DESKTOP_SESSION', 'ubuntu'), ('NVM_BIN', '/home/giromi/.nvm/versions/node/v20.11.0/bin'), ('NVM_INC', '/home/giromi/.nvm/versions/node/v20.11.0/include/node'), ('ROS_PYTHON_VERSION', '3'), ('GNOME_SHELL_SESSION_MODE', 'ubuntu'), ('GTK_MODULES', 'gail:atk-bridge'), ('LC_MONETARY', 'ko_KR.UTF-8'), ('SYSTEMD_EXEC_PID', '2643'), ('DBUS_SESSION_BUS_ADDRESS', 'unix:path=/run/user/1000/bus'), ('COLORTERM', 'truecolor'), ('NVM_DIR', '/home/giromi/.nvm'), ('COLCON_PREFIX_PATH', '/home/giromi/Repos/ros2_ws/install'), ('ROS_DISTRO', 'humble'), ('GTK_IM_MODULE', 'ibus'), ('LOGNAME', 'giromi'), ('_', '/usr/bin/colcon'), ('ROS_VERSION', '2'), ('XDG_SESSION_CLASS', 'user'), ('USERNAME', 'giromi'), ('TERM', 'screen-256color'), ('GNOME_DESKTOP_SESSION_ID', 'this-is-deprecated'), ('ROS_LOCALHOST_ONLY', '0'), ('WINDOWPATH', '2'), ('PATH', '/opt/gcc-arm-none-eabi-9-2020-q2-update/bin:/home/giromi/.local/bin:/home/giromi/.nvm/versions/node/v20.11.0/bin:/opt/ros/humble/bin:/opt/gcc-arm-none-eabi-9-2020-q2-update/bin:/home/giromi/.local/bin:/usr/local/sbin:/usr/local/bin:/usr/sbin:/usr/bin:/sbin:/bin:/usr/games:/usr/local/games:/snap/bin:/snap/bin:/home/giromi/Bashes:/home/giromi/Bashes'), ('SESSION_MANAGER', 'local/ubuntu22:@/tmp/.ICE-unix/2547,unix/ubuntu22:/tmp/.ICE-unix/2547'), ('XDG_MENU_PREFIX', 'gnome-'), ('LC_ADDRESS', 'ko_KR.UTF-8'), ('GNOME_TERMINAL_SCREEN', '/org/gnome/Terminal/screen/af2b5741_3297_401f_932f_e3e341a4c6b3'), ('XDG_RUNTIME_DIR', '/run/user/1000'), ('DISPLAY', ':1'), ('LANG', 'en_US.UTF-8'), ('XDG_CURRENT_DESKTOP', 'ubuntu:GNOME'), ('LC_TELEPHONE', 'ko_KR.UTF-8'), ('XMODIFIERS', '@im=ibus'), ('XDG_SESSION_DESKTOP', 'ubuntu'), ('XAUTHORITY', '/run/user/1000/gdm/Xauthority'), ('LS_COLORS', 'rs=0:di=01;34:ln=01;36:mh=00:pi=40;33:so=01;35:do=01;35:bd=40;33;01:cd=40;33;01:or=40;31;01:mi=00:su=37;41:sg=30;43:ca=30;41:tw=30;42:ow=34;42:st=37;44:ex=01;32:*.tar=01;31:*.tgz=01;31:*.arc=01;31:*.arj=01;31:*.taz=01;31:*.lha=01;31:*.lz4=01;31:*.lzh=01;31:*.lzma=01;31:*.tlz=01;31:*.txz=01;31:*.tzo=01;31:*.t7z=01;31:*.zip=01;31:*.z=01;31:*.dz=01;31:*.gz=01;31:*.lrz=01;31:*.lz=01;31:*.lzo=01;31:*.xz=01;31:*.zst=01;31:*.tzst=01;31:*.bz2=01;31:*.bz=01;31:*.tbz=01;31:*.tbz2=01;31:*.tz=01;31:*.deb=01;31:*.rpm=01;31:*.jar=01;31:*.war=01;31:*.ear=01;31:*.sar=01;31:*.rar=01;31:*.alz=01;31:*.ace=01;31:*.zoo=01;31:*.cpio=01;31:*.7z=01;31:*.rz=01;31:*.cab=01;31:*.wim=01;31:*.swm=01;31:*.dwm=01;31:*.esd=01;31:*.jpg=01;35:*.jpeg=01;35:*.mjpg=01;35:*.mjpeg=01;35:*.gif=01;35:*.bmp=01;35:*.pbm=01;35:*.pgm=01;35:*.ppm=01;35:*.tga=01;35:*.xbm=01;35:*.xpm=01;35:*.tif=01;35:*.tiff=01;35:*.png=01;35:*.svg=01;35:*.svgz=01;35:*.mng=01;35:*.pcx=01;35:*.mov=01;35:*.mpg=01;35:*.mpeg=01;35:*.m2v=01;35:*.mkv=01;35:*.webm=01;35:*.webp=01;35:*.ogm=01;35:*.mp4=01;35:*.m4v=01;35:*.mp4v=01;35:*.vob=01;35:*.qt=01;35:*.nuv=01;35:*.wmv=01;35:*.asf=01;35:*.rm=01;35:*.rmvb=01;35:*.flc=01;35:*.avi=01;35:*.fli=01;35:*.flv=01;35:*.gl=01;35:*.dl=01;35:*.xcf=01;35:*.xwd=01;35:*.yuv=01;35:*.cgm=01;35:*.emf=01;35:*.ogv=01;35:*.ogx=01;35:*.aac=00;36:*.au=00;36:*.flac=00;36:*.m4a=00;36:*.mid=00;36:*.midi=00;36:*.mka=00;36:*.mp3=00;36:*.mpc=00;36:*.ogg=00;36:*.ra=00;36:*.wav=00;36:*.oga=00;36:*.opus=00;36:*.spx=00;36:*.xspf=00;36:'), ('GNOME_TERMINAL_SERVICE', ':1.188'), ('TERM_PROGRAM', 'tmux'), ('SSH_AGENT_LAUNCHER', 'gnome-keyring'), ('SSH_AUTH_SOCK', '/run/user/1000/keyring/ssh'), ('AMENT_PREFIX_PATH', '/opt/ros/humble'), ('SHELL', '/bin/bash'), ('LC_NAME', 'ko_KR.UTF-8'), ('QT_ACCESSIBILITY', '1'), ('GDMSESSION', 'ubuntu'), ('LESSCLOSE', '/usr/bin/lesspipe %s %s'), ('LC_MEASUREMENT', 'ko_KR.UTF-8'), ('GPG_AGENT_INFO', '/run/user/1000/gnupg/S.gpg-agent:0:1'), ('LC_IDENTIFICATION', 'ko_KR.UTF-8'), ('QT_IM_MODULE', 'ibus'), ('PWD', '/home/giromi/Repos/VTOL/ws_sensor_combined_src/build/key_event'), ('LC_ALL', 'en_US.UTF-8'), ('XDG_CONFIG_DIRS', '/etc/xdg/xdg-ubuntu:/etc/xdg'), ('NVM_CD_FLAGS', ''), ('XDG_DATA_DIRS', '/usr/share/ubuntu:/usr/share/gnome:/usr/local/share/:/usr/share/:/var/lib/snapd/desktop'), ('PYTHONPATH', '/opt/ros/humble/lib/python3.10/site-packages:/opt/ros/humble/local/lib/python3.10/dist-packages'), ('LC_NUMERIC', 'ko_KR.UTF-8'), ('TMUX_PLUGIN_MANAGER_PATH', '/home/giromi/.tmux/plugins/'), ('LC_PAPER', 'ko_KR.UTF-8'), ('COLCON', '1'), ('VTE_VERSION', '6800'), ('TMUX_PANE', '%8'), ('CMAKE_PREFIX_PATH', '/opt/ros/humble')]), 'shell': False}
[0.241063] (key_event) StdoutLine: {'line': b'-- Install configuration: ""\n'}
[0.241349] (key_event) StdoutLine: {'line': b'-- Up-to-date: /home/giromi/Repos/VTOL/ws_sensor_combined_src/install/key_event/lib/key_event/key_event\n'}
[0.241815] (key_event) StdoutLine: {'line': b'-- Up-to-date: /home/giromi/Repos/VTOL/ws_sensor_combined_src/install/key_event/lib/key_event/key_sub\n'}
[0.242220] (key_event) StdoutLine: {'line': b'-- Up-to-date: /home/giromi/Repos/VTOL/ws_sensor_combined_src/install/key_event/lib/key_event/key_pub\n'}
[0.242627] (key_event) StdoutLine: {'line': b'-- Up-to-date: /home/giromi/Repos/VTOL/ws_sensor_combined_src/install/key_event/share/ament_index/resource_index/package_run_dependencies/key_event\n'}
[0.243517] (key_event) StdoutLine: {'line': b'-- Up-to-date: /home/giromi/Repos/VTOL/ws_sensor_combined_src/install/key_event/share/ament_index/resource_index/parent_prefix_path/key_event\n'}
[0.244101] (key_event) StdoutLine: {'line': b'-- Up-to-date: /home/giromi/Repos/VTOL/ws_sensor_combined_src/install/key_event/share/key_event/environment/ament_prefix_path.sh\n'}
[0.244306] (key_event) StdoutLine: {'line': b'-- Up-to-date: /home/giromi/Repos/VTOL/ws_sensor_combined_src/install/key_event/share/key_event/environment/ament_prefix_path.dsv\n'}
[0.244416] (key_event) StdoutLine: {'line': b'-- Up-to-date: /home/giromi/Repos/VTOL/ws_sensor_combined_src/install/key_event/share/key_event/environment/path.sh\n'}
[0.244588] (key_event) StdoutLine: {'line': b'-- Up-to-date: /home/giromi/Repos/VTOL/ws_sensor_combined_src/install/key_event/share/key_event/environment/path.dsv\n'}
[0.244803] (key_event) StdoutLine: {'line': b'-- Up-to-date: /home/giromi/Repos/VTOL/ws_sensor_combined_src/install/key_event/share/key_event/local_setup.bash\n'}
[0.244911] (key_event) StdoutLine: {'line': b'-- Up-to-date: /home/giromi/Repos/VTOL/ws_sensor_combined_src/install/key_event/share/key_event/local_setup.sh\n'}
[0.245012] (key_event) StdoutLine: {'line': b'-- Up-to-date: /home/giromi/Repos/VTOL/ws_sensor_combined_src/install/key_event/share/key_event/local_setup.zsh\n'}
[0.245095] (key_event) StdoutLine: {'line': b'-- Up-to-date: /home/giromi/Repos/VTOL/ws_sensor_combined_src/install/key_event/share/key_event/local_setup.dsv\n'}
[0.245187] (key_event) StdoutLine: {'line': b'-- Installing: /home/giromi/Repos/VTOL/ws_sensor_combined_src/install/key_event/share/key_event/package.dsv\n'}
[0.245468] (key_event) StdoutLine: {'line': b'-- Up-to-date: /home/giromi/Repos/VTOL/ws_sensor_combined_src/install/key_event/share/ament_index/resource_index/packages/key_event\n'}
[0.245750] (key_event) StdoutLine: {'line': b'-- Up-to-date: /home/giromi/Repos/VTOL/ws_sensor_combined_src/install/key_event/share/key_event/cmake/key_eventConfig.cmake\n'}
[0.245916] (key_event) StdoutLine: {'line': b'-- Up-to-date: /home/giromi/Repos/VTOL/ws_sensor_combined_src/install/key_event/share/key_event/cmake/key_eventConfig-version.cmake\n'}
[0.246153] (key_event) StdoutLine: {'line': b'-- Up-to-date: /home/giromi/Repos/VTOL/ws_sensor_combined_src/install/key_event/share/key_event/package.xml\n'}
[0.248516] (key_event) CommandEnded: {'returncode': 0}
[0.298954] (-) TimerEvent: {}
[0.399314] (-) TimerEvent: {}
[0.417365] (key_event) JobEnded: {'identifier': 'key_event', 'rc': 0}
[0.499482] (-) TimerEvent: {}
[0.599779] (-) TimerEvent: {}
[0.700061] (-) TimerEvent: {}
[0.800352] (-) TimerEvent: {}
[0.838246] (px4_msgs) StdoutLine: {'line': b'[  0%] Built target px4_msgs__cpp\n'}
[0.879005] (px4_msgs) StdoutLine: {'line': b'[ 12%] Built target px4_msgs__rosidl_generator_c\n'}
[0.885265] (px4_msgs) StdoutLine: {'line': b'[ 12%] Built target ament_cmake_python_copy_px4_msgs\n'}
[0.900450] (-) TimerEvent: {}
[0.956757] (px4_msgs) StdoutLine: {'line': b'[ 25%] Built target px4_msgs__rosidl_typesupport_c\n'}
[0.986205] (px4_msgs) StdoutLine: {'line': b'[ 38%] Built target px4_msgs__rosidl_typesupport_introspection_c\n'}
[0.988484] (px4_msgs) StdoutLine: {'line': b'[ 50%] Built target px4_msgs__rosidl_typesupport_cpp\n'}
[0.992590] (px4_msgs) StdoutLine: {'line': b'[ 63%] Built target px4_msgs__rosidl_typesupport_introspection_cpp\n'}
[1.000566] (-) TimerEvent: {}
[1.009755] (px4_msgs) StdoutLine: {'line': b'[ 75%] Built target px4_msgs__rosidl_typesupport_fastrtps_cpp\n'}
[1.048600] (px4_msgs) StdoutLine: {'line': b'[ 88%] Built target px4_msgs__rosidl_typesupport_fastrtps_c\n'}
[1.061706] (px4_msgs) StdoutLine: {'line': b'[ 88%] Built target px4_msgs\n'}
[1.085369] (px4_msgs) StdoutLine: {'line': b'[ 88%] Built target px4_msgs__py\n'}
[1.100675] (-) TimerEvent: {}
[1.143008] (px4_msgs) StdoutLine: {'line': b'running egg_info\n'}
[1.161368] (px4_msgs) StdoutLine: {'line': b'writing px4_msgs.egg-info/PKG-INFO\n'}
[1.161805] (px4_msgs) StdoutLine: {'line': b'writing dependency_links to px4_msgs.egg-info/dependency_links.txt\n'}
[1.162103] (px4_msgs) StdoutLine: {'line': b'writing top-level names to px4_msgs.egg-info/top_level.txt\n'}
[1.184571] (px4_msgs) StdoutLine: {'line': b'[100%] Built target px4_msgs__rosidl_generator_py\n'}
[1.200782] (-) TimerEvent: {}
[1.204003] (px4_msgs) StdoutLine: {'line': b'[100%] Built target px4_msgs__rosidl_typesupport_fastrtps_c__pyext\n'}
[1.204252] (px4_msgs) StdoutLine: {'line': b'[100%] Built target px4_msgs__rosidl_typesupport_introspection_c__pyext\n'}
[1.206526] (px4_msgs) StdoutLine: {'line': b'[100%] Built target px4_msgs__rosidl_typesupport_c__pyext\n'}
[1.218941] (px4_msgs) StdoutLine: {'line': b"reading manifest file 'px4_msgs.egg-info/SOURCES.txt'\n"}
[1.222410] (px4_msgs) StdoutLine: {'line': b"writing manifest file 'px4_msgs.egg-info/SOURCES.txt'\n"}
[1.250038] (px4_msgs) StdoutLine: {'line': b'[100%] Built target ament_cmake_python_build_px4_msgs_egg\n'}
[1.258023] (px4_msgs) CommandEnded: {'returncode': 0}
[1.300909] (-) TimerEvent: {}
[1.401197] (-) TimerEvent: {}
[1.501492] (-) TimerEvent: {}
[1.601794] (-) TimerEvent: {}
[1.702072] (-) TimerEvent: {}
[1.802368] (-) TimerEvent: {}
[1.902654] (-) TimerEvent: {}
[2.002971] (-) TimerEvent: {}
[2.103254] (-) TimerEvent: {}
[2.203517] (-) TimerEvent: {}
[2.303742] (-) TimerEvent: {}
[2.404053] (-) TimerEvent: {}
[2.504591] (-) TimerEvent: {}
[2.604862] (-) TimerEvent: {}
[2.705119] (-) TimerEvent: {}
[2.805370] (-) TimerEvent: {}
[2.905613] (-) TimerEvent: {}
[3.005863] (-) TimerEvent: {}
[3.106124] (-) TimerEvent: {}
[3.206378] (-) TimerEvent: {}
[3.306728] (-) TimerEvent: {}
[3.407079] (-) TimerEvent: {}
[3.507335] (-) TimerEvent: {}
[3.607611] (-) TimerEvent: {}
[3.707839] (-) TimerEvent: {}
[3.808212] (-) TimerEvent: {}
[3.908440] (-) TimerEvent: {}
[4.008761] (-) TimerEvent: {}
[4.109086] (-) TimerEvent: {}
[4.209332] (-) TimerEvent: {}
[4.309638] (-) TimerEvent: {}
[4.409904] (-) TimerEvent: {}
[4.510186] (-) TimerEvent: {}
[4.610433] (-) TimerEvent: {}
[4.710695] (-) TimerEvent: {}
[4.811006] (-) TimerEvent: {}
[4.911364] (-) TimerEvent: {}
[5.011672] (-) TimerEvent: {}
[5.111933] (-) TimerEvent: {}
[5.212423] (-) TimerEvent: {}
[5.312698] (-) TimerEvent: {}
[5.412944] (-) TimerEvent: {}
[5.513237] (-) TimerEvent: {}
[5.613477] (-) TimerEvent: {}
[5.713748] (-) TimerEvent: {}
[5.814123] (-) TimerEvent: {}
[5.914415] (-) TimerEvent: {}
[6.014672] (-) TimerEvent: {}
[6.114982] (-) TimerEvent: {}
[6.209756] (px4_msgs) JobProgress: {'identifier': 'px4_msgs', 'progress': 'install'}
[6.210308] (px4_msgs) Command: {'cmd': ['/usr/local/bin/cmake', '--install', '/home/giromi/Repos/VTOL/ws_sensor_combined_src/build/px4_msgs'], 'cwd': '/home/giromi/Repos/VTOL/ws_sensor_combined_src/build/px4_msgs', 'env': OrderedDict([('LESSOPEN', '| /usr/bin/lesspipe %s'), ('TMUX', '/tmp/tmux-1000/default,89562,2'), ('USER', 'giromi'), ('LC_TIME', 'ko_KR.UTF-8'), ('XDG_SESSION_TYPE', 'x11'), ('SHLVL', '2'), ('LD_LIBRARY_PATH', '/opt/ros/humble/opt/rviz_ogre_vendor/lib:/opt/ros/humble/lib/x86_64-linux-gnu:/opt/ros/humble/lib'), ('HOME', '/home/giromi'), ('TERM_PROGRAM_VERSION', '3.2a'), ('DESKTOP_SESSION', 'ubuntu'), ('NVM_BIN', '/home/giromi/.nvm/versions/node/v20.11.0/bin'), ('NVM_INC', '/home/giromi/.nvm/versions/node/v20.11.0/include/node'), ('ROS_PYTHON_VERSION', '3'), ('GNOME_SHELL_SESSION_MODE', 'ubuntu'), ('GTK_MODULES', 'gail:atk-bridge'), ('LC_MONETARY', 'ko_KR.UTF-8'), ('SYSTEMD_EXEC_PID', '2643'), ('DBUS_SESSION_BUS_ADDRESS', 'unix:path=/run/user/1000/bus'), ('COLORTERM', 'truecolor'), ('NVM_DIR', '/home/giromi/.nvm'), ('COLCON_PREFIX_PATH', '/home/giromi/Repos/ros2_ws/install'), ('ROS_DISTRO', 'humble'), ('GTK_IM_MODULE', 'ibus'), ('LOGNAME', 'giromi'), ('_', '/usr/bin/colcon'), ('ROS_VERSION', '2'), ('XDG_SESSION_CLASS', 'user'), ('USERNAME', 'giromi'), ('TERM', 'screen-256color'), ('GNOME_DESKTOP_SESSION_ID', 'this-is-deprecated'), ('ROS_LOCALHOST_ONLY', '0'), ('WINDOWPATH', '2'), ('PATH', '/opt/gcc-arm-none-eabi-9-2020-q2-update/bin:/home/giromi/.local/bin:/home/giromi/.nvm/versions/node/v20.11.0/bin:/opt/ros/humble/bin:/opt/gcc-arm-none-eabi-9-2020-q2-update/bin:/home/giromi/.local/bin:/usr/local/sbin:/usr/local/bin:/usr/sbin:/usr/bin:/sbin:/bin:/usr/games:/usr/local/games:/snap/bin:/snap/bin:/home/giromi/Bashes:/home/giromi/Bashes'), ('SESSION_MANAGER', 'local/ubuntu22:@/tmp/.ICE-unix/2547,unix/ubuntu22:/tmp/.ICE-unix/2547'), ('XDG_MENU_PREFIX', 'gnome-'), ('LC_ADDRESS', 'ko_KR.UTF-8'), ('GNOME_TERMINAL_SCREEN', '/org/gnome/Terminal/screen/af2b5741_3297_401f_932f_e3e341a4c6b3'), ('XDG_RUNTIME_DIR', '/run/user/1000'), ('DISPLAY', ':1'), ('LANG', 'en_US.UTF-8'), ('XDG_CURRENT_DESKTOP', 'ubuntu:GNOME'), ('LC_TELEPHONE', 'ko_KR.UTF-8'), ('XMODIFIERS', '@im=ibus'), ('XDG_SESSION_DESKTOP', 'ubuntu'), ('XAUTHORITY', '/run/user/1000/gdm/Xauthority'), ('LS_COLORS', 'rs=0:di=01;34:ln=01;36:mh=00:pi=40;33:so=01;35:do=01;35:bd=40;33;01:cd=40;33;01:or=40;31;01:mi=00:su=37;41:sg=30;43:ca=30;41:tw=30;42:ow=34;42:st=37;44:ex=01;32:*.tar=01;31:*.tgz=01;31:*.arc=01;31:*.arj=01;31:*.taz=01;31:*.lha=01;31:*.lz4=01;31:*.lzh=01;31:*.lzma=01;31:*.tlz=01;31:*.txz=01;31:*.tzo=01;31:*.t7z=01;31:*.zip=01;31:*.z=01;31:*.dz=01;31:*.gz=01;31:*.lrz=01;31:*.lz=01;31:*.lzo=01;31:*.xz=01;31:*.zst=01;31:*.tzst=01;31:*.bz2=01;31:*.bz=01;31:*.tbz=01;31:*.tbz2=01;31:*.tz=01;31:*.deb=01;31:*.rpm=01;31:*.jar=01;31:*.war=01;31:*.ear=01;31:*.sar=01;31:*.rar=01;31:*.alz=01;31:*.ace=01;31:*.zoo=01;31:*.cpio=01;31:*.7z=01;31:*.rz=01;31:*.cab=01;31:*.wim=01;31:*.swm=01;31:*.dwm=01;31:*.esd=01;31:*.jpg=01;35:*.jpeg=01;35:*.mjpg=01;35:*.mjpeg=01;35:*.gif=01;35:*.bmp=01;35:*.pbm=01;35:*.pgm=01;35:*.ppm=01;35:*.tga=01;35:*.xbm=01;35:*.xpm=01;35:*.tif=01;35:*.tiff=01;35:*.png=01;35:*.svg=01;35:*.svgz=01;35:*.mng=01;35:*.pcx=01;35:*.mov=01;35:*.mpg=01;35:*.mpeg=01;35:*.m2v=01;35:*.mkv=01;35:*.webm=01;35:*.webp=01;35:*.ogm=01;35:*.mp4=01;35:*.m4v=01;35:*.mp4v=01;35:*.vob=01;35:*.qt=01;35:*.nuv=01;35:*.wmv=01;35:*.asf=01;35:*.rm=01;35:*.rmvb=01;35:*.flc=01;35:*.avi=01;35:*.fli=01;35:*.flv=01;35:*.gl=01;35:*.dl=01;35:*.xcf=01;35:*.xwd=01;35:*.yuv=01;35:*.cgm=01;35:*.emf=01;35:*.ogv=01;35:*.ogx=01;35:*.aac=00;36:*.au=00;36:*.flac=00;36:*.m4a=00;36:*.mid=00;36:*.midi=00;36:*.mka=00;36:*.mp3=00;36:*.mpc=00;36:*.ogg=00;36:*.ra=00;36:*.wav=00;36:*.oga=00;36:*.opus=00;36:*.spx=00;36:*.xspf=00;36:'), ('GNOME_TERMINAL_SERVICE', ':1.188'), ('TERM_PROGRAM', 'tmux'), ('SSH_AGENT_LAUNCHER', 'gnome-keyring'), ('SSH_AUTH_SOCK', '/run/user/1000/keyring/ssh'), ('AMENT_PREFIX_PATH', '/opt/ros/humble'), ('SHELL', '/bin/bash'), ('LC_NAME', 'ko_KR.UTF-8'), ('QT_ACCESSIBILITY', '1'), ('GDMSESSION', 'ubuntu'), ('LESSCLOSE', '/usr/bin/lesspipe %s %s'), ('LC_MEASUREMENT', 'ko_KR.UTF-8'), ('GPG_AGENT_INFO', '/run/user/1000/gnupg/S.gpg-agent:0:1'), ('LC_IDENTIFICATION', 'ko_KR.UTF-8'), ('QT_IM_MODULE', 'ibus'), ('PWD', '/home/giromi/Repos/VTOL/ws_sensor_combined_src/build/px4_msgs'), ('LC_ALL', 'en_US.UTF-8'), ('XDG_CONFIG_DIRS', '/etc/xdg/xdg-ubuntu:/etc/xdg'), ('NVM_CD_FLAGS', ''), ('XDG_DATA_DIRS', '/usr/share/ubuntu:/usr/share/gnome:/usr/local/share/:/usr/share/:/var/lib/snapd/desktop'), ('PYTHONPATH', '/opt/ros/humble/lib/python3.10/site-packages:/opt/ros/humble/local/lib/python3.10/dist-packages'), ('LC_NUMERIC', 'ko_KR.UTF-8'), ('TMUX_PLUGIN_MANAGER_PATH', '/home/giromi/.tmux/plugins/'), ('LC_PAPER', 'ko_KR.UTF-8'), ('COLCON', '1'), ('VTE_VERSION', '6800'), ('TMUX_PANE', '%8'), ('CMAKE_PREFIX_PATH', '/opt/ros/humble')]), 'shell': False}
[6.215100] (-) TimerEvent: {}
[6.217328] (px4_msgs) StdoutLine: {'line': b'-- Install configuration: ""\n'}
[6.217632] (px4_msgs) StdoutLine: {'line': b'-- Up-to-date: /home/giromi/Repos/VTOL/ws_sensor_combined_src/install/px4_msgs/share/ament_index/resource_index/rosidl_interfaces/px4_msgs\n'}
[6.217782] (px4_msgs) StdoutLine: {'line': b'-- Up-to-date: /home/giromi/Repos/VTOL/ws_sensor_combined_src/install/px4_msgs/include/px4_msgs/px4_msgs\n'}
[6.218092] (px4_msgs) StdoutLine: {'line': b'-- Up-to-date: /home/giromi/Repos/VTOL/ws_sensor_combined_src/install/px4_msgs/include/px4_msgs/px4_msgs/srv\n'}
[6.218318] (px4_msgs) StdoutLine: {'line': b'-- Up-to-date: /home/giromi/Repos/VTOL/ws_sensor_combined_src/install/px4_msgs/include/px4_msgs/px4_msgs/srv/detail\n'}
[6.218539] (px4_msgs) StdoutLine: {'line': b'-- Up-to-date: /home/giromi/Repos/VTOL/ws_sensor_combined_src/install/px4_msgs/include/px4_msgs/px4_msgs/srv/detail/vehicle_command__type_support.h\n'}
[6.218767] (px4_msgs) StdoutLine: {'line': b'-- Up-to-date: /home/giromi/Repos/VTOL/ws_sensor_combined_src/install/px4_msgs/include/px4_msgs/px4_msgs/srv/detail/vehicle_command__struct.h\n'}
[6.219009] (px4_msgs) StdoutLine: {'line': b'-- Up-to-date: /home/giromi/Repos/VTOL/ws_sensor_combined_src/install/px4_msgs/include/px4_msgs/px4_msgs/srv/detail/vehicle_command__functions.h\n'}
[6.219168] (px4_msgs) StdoutLine: {'line': b'-- Up-to-date: /home/giromi/Repos/VTOL/ws_sensor_combined_src/install/px4_msgs/include/px4_msgs/px4_msgs/srv/detail/vehicle_command__functions.c\n'}
[6.219293] (px4_msgs) StdoutLine: {'line': b'-- Up-to-date: /home/giromi/Repos/VTOL/ws_sensor_combined_src/install/px4_msgs/include/px4_msgs/px4_msgs/srv/vehicle_command.h\n'}
[6.219418] (px4_msgs) StdoutLine: {'line': b'-- Up-to-date: /home/giromi/Repos/VTOL/ws_sensor_combined_src/install/px4_msgs/include/px4_msgs/px4_msgs/msg\n'}
[6.219560] (px4_msgs) StdoutLine: {'line': b'-- Up-to-date: /home/giromi/Repos/VTOL/ws_sensor_combined_src/install/px4_msgs/include/px4_msgs/px4_msgs/msg/sensor_uwb.h\n'}
[6.219760] (px4_msgs) StdoutLine: {'line': b'-- Up-to-date: /home/giromi/Repos/VTOL/ws_sensor_combined_src/install/px4_msgs/include/px4_msgs/px4_msgs/msg/internal_combustion_engine_status.h\n'}
[6.219986] (px4_msgs) StdoutLine: {'line': b'-- Up-to-date: /home/giromi/Repos/VTOL/ws_sensor_combined_src/install/px4_msgs/include/px4_msgs/px4_msgs/msg/magnetometer_bias_estimate.h\n'}
[6.220217] (px4_msgs) StdoutLine: {'line': b'-- Up-to-date: /home/giromi/Repos/VTOL/ws_sensor_combined_src/install/px4_msgs/include/px4_msgs/px4_msgs/msg/camera_trigger.h\n'}
[6.220457] (px4_msgs) StdoutLine: {'line': b'-- Up-to-date: /home/giromi/Repos/VTOL/ws_sensor_combined_src/install/px4_msgs/include/px4_msgs/px4_msgs/msg/vehicle_global_position.h\n'}
[6.220693] (px4_msgs) StdoutLine: {'line': b'-- Up-to-date: /home/giromi/Repos/VTOL/ws_sensor_combined_src/install/px4_msgs/include/px4_msgs/px4_msgs/msg/mount_orientation.h\n'}
[6.220923] (px4_msgs) StdoutLine: {'line': b'-- Up-to-date: /home/giromi/Repos/VTOL/ws_sensor_combined_src/install/px4_msgs/include/px4_msgs/px4_msgs/msg/mavlink_log.h\n'}
[6.221153] (px4_msgs) StdoutLine: {'line': b'-- Up-to-date: /home/giromi/Repos/VTOL/ws_sensor_combined_src/install/px4_msgs/include/px4_msgs/px4_msgs/msg/rc_channels.h\n'}
[6.221389] (px4_msgs) StdoutLine: {'line': b'-- Up-to-date: /home/giromi/Repos/VTOL/ws_sensor_combined_src/install/px4_msgs/include/px4_msgs/px4_msgs/msg/vehicle_local_position.h\n'}
[6.221627] (px4_msgs) StdoutLine: {'line': b'-- Up-to-date: /home/giromi/Repos/VTOL/ws_sensor_combined_src/install/px4_msgs/include/px4_msgs/px4_msgs/msg/control_allocator_status.h\n'}
[6.221872] (px4_msgs) StdoutLine: {'line': b'-- Up-to-date: /home/giromi/Repos/VTOL/ws_sensor_combined_src/install/px4_msgs/include/px4_msgs/px4_msgs/msg/gimbal_manager_set_manual_control.h\n'}
[6.222109] (px4_msgs) StdoutLine: {'line': b'-- Up-to-date: /home/giromi/Repos/VTOL/ws_sensor_combined_src/install/px4_msgs/include/px4_msgs/px4_msgs/msg/landing_target_innovations.h\n'}
[6.222341] (px4_msgs) StdoutLine: {'line': b'-- Up-to-date: /home/giromi/Repos/VTOL/ws_sensor_combined_src/install/px4_msgs/include/px4_msgs/px4_msgs/msg/estimator_aid_source1d.h\n'}
[6.222581] (px4_msgs) StdoutLine: {'line': b'-- Up-to-date: /home/giromi/Repos/VTOL/ws_sensor_combined_src/install/px4_msgs/include/px4_msgs/px4_msgs/msg/led_control.h\n'}
[6.222829] (px4_msgs) StdoutLine: {'line': b'-- Up-to-date: /home/giromi/Repos/VTOL/ws_sensor_combined_src/install/px4_msgs/include/px4_msgs/px4_msgs/msg/health_report.h\n'}
[6.223043] (px4_msgs) StdoutLine: {'line': b'-- Up-to-date: /home/giromi/Repos/VTOL/ws_sensor_combined_src/install/px4_msgs/include/px4_msgs/px4_msgs/msg/sensor_hygrometer.h\n'}
[6.223267] (px4_msgs) StdoutLine: {'line': b'-- Up-to-date: /home/giromi/Repos/VTOL/ws_sensor_combined_src/install/px4_msgs/include/px4_msgs/px4_msgs/msg/estimator_sensor_bias.h\n'}
[6.223507] (px4_msgs) StdoutLine: {'line': b'-- Up-to-date: /home/giromi/Repos/VTOL/ws_sensor_combined_src/install/px4_msgs/include/px4_msgs/px4_msgs/msg/rate_ctrl_status.h\n'}
[6.223734] (px4_msgs) StdoutLine: {'line': b'-- Up-to-date: /home/giromi/Repos/VTOL/ws_sensor_combined_src/install/px4_msgs/include/px4_msgs/px4_msgs/msg/vehicle_imu_status.h\n'}
[6.223963] (px4_msgs) StdoutLine: {'line': b'-- Up-to-date: /home/giromi/Repos/VTOL/ws_sensor_combined_src/install/px4_msgs/include/px4_msgs/px4_msgs/msg/orb_test.h\n'}
[6.224271] (px4_msgs) StdoutLine: {'line': b'-- Up-to-date: /home/giromi/Repos/VTOL/ws_sensor_combined_src/install/px4_msgs/include/px4_msgs/px4_msgs/msg/estimator_aid_source2d.h\n'}
[6.224508] (px4_msgs) StdoutLine: {'line': b'-- Up-to-date: /home/giromi/Repos/VTOL/ws_sensor_combined_src/install/px4_msgs/include/px4_msgs/px4_msgs/msg/estimator_bias.h\n'}
[6.224745] (px4_msgs) StdoutLine: {'line': b'-- Up-to-date: /home/giromi/Repos/VTOL/ws_sensor_combined_src/install/px4_msgs/include/px4_msgs/px4_msgs/msg/home_position.h\n'}
[6.224967] (px4_msgs) StdoutLine: {'line': b'-- Up-to-date: /home/giromi/Repos/VTOL/ws_sensor_combined_src/install/px4_msgs/include/px4_msgs/px4_msgs/msg/system_power.h\n'}
[6.225201] (px4_msgs) StdoutLine: {'line': b'-- Up-to-date: /home/giromi/Repos/VTOL/ws_sensor_combined_src/install/px4_msgs/include/px4_msgs/px4_msgs/msg/takeoff_status.h\n'}
[6.225422] (px4_msgs) StdoutLine: {'line': b'-- Up-to-date: /home/giromi/Repos/VTOL/ws_sensor_combined_src/install/px4_msgs/include/px4_msgs/px4_msgs/msg/sensor_optical_flow.h\n'}
[6.225648] (px4_msgs) StdoutLine: {'line': b'-- Up-to-date: /home/giromi/Repos/VTOL/ws_sensor_combined_src/install/px4_msgs/include/px4_msgs/px4_msgs/msg/timesync_status.h\n'}
[6.225854] (px4_msgs) StdoutLine: {'line': b'-- Up-to-date: /home/giromi/Repos/VTOL/ws_sensor_combined_src/install/px4_msgs/include/px4_msgs/px4_msgs/msg/vehicle_roi.h\n'}
[6.226082] (px4_msgs) StdoutLine: {'line': b'-- Up-to-date: /home/giromi/Repos/VTOL/ws_sensor_combined_src/install/px4_msgs/include/px4_msgs/px4_msgs/msg/button_event.h\n'}
[6.226307] (px4_msgs) StdoutLine: {'line': b'-- Up-to-date: /home/giromi/Repos/VTOL/ws_sensor_combined_src/install/px4_msgs/include/px4_msgs/px4_msgs/msg/actuator_controls_status.h\n'}
[6.226541] (px4_msgs) StdoutLine: {'line': b'-- Up-to-date: /home/giromi/Repos/VTOL/ws_sensor_combined_src/install/px4_msgs/include/px4_msgs/px4_msgs/msg/vehicle_optical_flow_vel.h\n'}
[6.226767] (px4_msgs) StdoutLine: {'line': b'-- Up-to-date: /home/giromi/Repos/VTOL/ws_sensor_combined_src/install/px4_msgs/include/px4_msgs/px4_msgs/msg/differential_pressure.h\n'}
[6.226995] (px4_msgs) StdoutLine: {'line': b'-- Up-to-date: /home/giromi/Repos/VTOL/ws_sensor_combined_src/install/px4_msgs/include/px4_msgs/px4_msgs/msg/airspeed_wind.h\n'}
[6.227232] (px4_msgs) StdoutLine: {'line': b'-- Up-to-date: /home/giromi/Repos/VTOL/ws_sensor_combined_src/install/px4_msgs/include/px4_msgs/px4_msgs/msg/vehicle_acceleration.h\n'}
[6.227478] (px4_msgs) StdoutLine: {'line': b'-- Up-to-date: /home/giromi/Repos/VTOL/ws_sensor_combined_src/install/px4_msgs/include/px4_msgs/px4_msgs/msg/manual_control_switches.h\n'}
[6.227711] (px4_msgs) StdoutLine: {'line': b'-- Up-to-date: /home/giromi/Repos/VTOL/ws_sensor_combined_src/install/px4_msgs/include/px4_msgs/px4_msgs/msg/gimbal_manager_information.h\n'}
[6.227941] (px4_msgs) StdoutLine: {'line': b'-- Up-to-date: /home/giromi/Repos/VTOL/ws_sensor_combined_src/install/px4_msgs/include/px4_msgs/px4_msgs/msg/power_monitor.h\n'}
[6.228175] (px4_msgs) StdoutLine: {'line': b'-- Up-to-date: /home/giromi/Repos/VTOL/ws_sensor_combined_src/install/px4_msgs/include/px4_msgs/px4_msgs/msg/landing_target_pose.h\n'}
[6.228400] (px4_msgs) StdoutLine: {'line': b'-- Up-to-date: /home/giromi/Repos/VTOL/ws_sensor_combined_src/install/px4_msgs/include/px4_msgs/px4_msgs/msg/vehicle_command_ack.h\n'}
[6.228641] (px4_msgs) StdoutLine: {'line': b'-- Up-to-date: /home/giromi/Repos/VTOL/ws_sensor_combined_src/install/px4_msgs/include/px4_msgs/px4_msgs/msg/detail\n'}
[6.228870] (px4_msgs) StdoutLine: {'line': b'-- Up-to-date: /home/giromi/Repos/VTOL/ws_sensor_combined_src/install/px4_msgs/include/px4_msgs/px4_msgs/msg/detail/vehicle_angular_acceleration_setpoint__type_support.h\n'}
[6.229106] (px4_msgs) StdoutLine: {'line': b'-- Up-to-date: /home/giromi/Repos/VTOL/ws_sensor_combined_src/install/px4_msgs/include/px4_msgs/px4_msgs/msg/detail/vehicle_angular_velocity__struct.h\n'}
[6.229329] (px4_msgs) StdoutLine: {'line': b'-- Up-to-date: /home/giromi/Repos/VTOL/ws_sensor_combined_src/install/px4_msgs/include/px4_msgs/px4_msgs/msg/detail/timesync_status__functions.h\n'}
[6.229564] (px4_msgs) StdoutLine: {'line': b'-- Up-to-date: /home/giromi/Repos/VTOL/ws_sensor_combined_src/install/px4_msgs/include/px4_msgs/px4_msgs/msg/detail/vehicle_roi__type_support.h\n'}
[6.229795] (px4_msgs) StdoutLine: {'line': b'-- Up-to-date: /home/giromi/Repos/VTOL/ws_sensor_combined_src/install/px4_msgs/include/px4_msgs/px4_msgs/msg/detail/gimbal_device_information__struct.h\n'}
[6.230021] (px4_msgs) StdoutLine: {'line': b'-- Up-to-date: /home/giromi/Repos/VTOL/ws_sensor_combined_src/install/px4_msgs/include/px4_msgs/px4_msgs/msg/detail/internal_combustion_engine_status__functions.h\n'}
[6.230306] (px4_msgs) StdoutLine: {'line': b'-- Up-to-date: /home/giromi/Repos/VTOL/ws_sensor_combined_src/install/px4_msgs/include/px4_msgs/px4_msgs/msg/detail/position_controller_landing_status__functions.h\n'}
[6.230507] (px4_msgs) StdoutLine: {'line': b'-- Up-to-date: /home/giromi/Repos/VTOL/ws_sensor_combined_src/install/px4_msgs/include/px4_msgs/px4_msgs/msg/detail/camera_status__type_support.h\n'}
[6.230697] (px4_msgs) StdoutLine: {'line': b'-- Up-to-date: /home/giromi/Repos/VTOL/ws_sensor_combined_src/install/px4_msgs/include/px4_msgs/px4_msgs/msg/detail/buffer128__struct.h\n'}
[6.230934] (px4_msgs) StdoutLine: {'line': b'-- Up-to-date: /home/giromi/Repos/VTOL/ws_sensor_combined_src/install/px4_msgs/include/px4_msgs/px4_msgs/msg/detail/vehicle_imu_status__struct.h\n'}
[6.231171] (px4_msgs) StdoutLine: {'line': b'-- Up-to-date: /home/giromi/Repos/VTOL/ws_sensor_combined_src/install/px4_msgs/include/px4_msgs/px4_msgs/msg/detail/velocity_limits__functions.h\n'}
[6.231407] (px4_msgs) StdoutLine: {'line': b'-- Up-to-date: /home/giromi/Repos/VTOL/ws_sensor_combined_src/install/px4_msgs/include/px4_msgs/px4_msgs/msg/detail/tecs_status__functions.h\n'}
[6.231774] (px4_msgs) StdoutLine: {'line': b'-- Up-to-date: /home/giromi/Repos/VTOL/ws_sensor_combined_src/install/px4_msgs/include/px4_msgs/px4_msgs/msg/detail/vtol_vehicle_status__functions.c\n'}
[6.232138] (px4_msgs) StdoutLine: {'line': b'-- Up-to-date: /home/giromi/Repos/VTOL/ws_sensor_combined_src/install/px4_msgs/include/px4_msgs/px4_msgs/msg/detail/estimator_selector_status__functions.c\n'}
[6.232482] (px4_msgs) StdoutLine: {'line': b'-- Up-to-date: /home/giromi/Repos/VTOL/ws_sensor_combined_src/install/px4_msgs/include/px4_msgs/px4_msgs/msg/detail/satellite_info__functions.c\n'}
[6.232784] (px4_msgs) StdoutLine: {'line': b'-- Up-to-date: /home/giromi/Repos/VTOL/ws_sensor_combined_src/install/px4_msgs/include/px4_msgs/px4_msgs/msg/detail/actuator_outputs__type_support.h\n'}
[6.233121] (px4_msgs) StdoutLine: {'line': b'-- Up-to-date: /home/giromi/Repos/VTOL/ws_sensor_combined_src/install/px4_msgs/include/px4_msgs/px4_msgs/msg/detail/yaw_estimator_status__functions.h\n'}
[6.233460] (px4_msgs) StdoutLine: {'line': b'-- Up-to-date: /home/giromi/Repos/VTOL/ws_sensor_combined_src/install/px4_msgs/include/px4_msgs/px4_msgs/msg/detail/vehicle_constraints__functions.h\n'}
[6.233786] (px4_msgs) StdoutLine: {'line': b'-- Up-to-date: /home/giromi/Repos/VTOL/ws_sensor_combined_src/install/px4_msgs/include/px4_msgs/px4_msgs/msg/detail/arming_check_reply__struct.h\n'}
[6.234141] (px4_msgs) StdoutLine: {'line': b'-- Up-to-date: /home/giromi/Repos/VTOL/ws_sensor_combined_src/install/px4_msgs/include/px4_msgs/px4_msgs/msg/detail/sensor_combined__functions.c\n'}
[6.234479] (px4_msgs) StdoutLine: {'line': b'-- Up-to-date: /home/giromi/Repos/VTOL/ws_sensor_combined_src/install/px4_msgs/include/px4_msgs/px4_msgs/msg/detail/arming_check_request__functions.h\n'}
[6.234815] (px4_msgs) StdoutLine: {'line': b'-- Up-to-date: /home/giromi/Repos/VTOL/ws_sensor_combined_src/install/px4_msgs/include/px4_msgs/px4_msgs/msg/detail/arming_check_request__struct.h\n'}
[6.235137] (px4_msgs) StdoutLine: {'line': b'-- Up-to-date: /home/giromi/Repos/VTOL/ws_sensor_combined_src/install/px4_msgs/include/px4_msgs/px4_msgs/msg/detail/gimbal_manager_set_attitude__functions.c\n'}
[6.235468] (px4_msgs) StdoutLine: {'line': b'-- Up-to-date: /home/giromi/Repos/VTOL/ws_sensor_combined_src/install/px4_msgs/include/px4_msgs/px4_msgs/msg/detail/trajectory_bezier__functions.h\n'}
[6.235790] (px4_msgs) StdoutLine: {'line': b'-- Up-to-date: /home/giromi/Repos/VTOL/ws_sensor_combined_src/install/px4_msgs/include/px4_msgs/px4_msgs/msg/detail/vehicle_odometry__type_support.h\n'}
[6.236106] (px4_msgs) StdoutLine: {'line': b'-- Up-to-date: /home/giromi/Repos/VTOL/ws_sensor_combined_src/install/px4_msgs/include/px4_msgs/px4_msgs/msg/detail/logger_status__functions.c\n'}
[6.236410] (px4_msgs) StdoutLine: {'line': b'-- Up-to-date: /home/giromi/Repos/VTOL/ws_sensor_combined_src/install/px4_msgs/include/px4_msgs/px4_msgs/msg/detail/home_position__type_support.h\n'}
[6.236713] (px4_msgs) StdoutLine: {'line': b'-- Up-to-date: /home/giromi/Repos/VTOL/ws_sensor_combined_src/install/px4_msgs/include/px4_msgs/px4_msgs/msg/detail/vehicle_attitude__functions.c\n'}
[6.237295] (px4_msgs) StdoutLine: {'line': b'-- Up-to-date: /home/giromi/Repos/VTOL/ws_sensor_combined_src/install/px4_msgs/include/px4_msgs/px4_msgs/msg/detail/arming_check_reply__functions.c\n'}
[6.237618] (px4_msgs) StdoutLine: {'line': b'-- Up-to-date: /home/giromi/Repos/VTOL/ws_sensor_combined_src/install/px4_msgs/include/px4_msgs/px4_msgs/msg/detail/mount_orientation__functions.h\n'}
[6.237926] (px4_msgs) StdoutLine: {'line': b'-- Up-to-date: /home/giromi/Repos/VTOL/ws_sensor_combined_src/install/px4_msgs/include/px4_msgs/px4_msgs/msg/detail/rtl_time_estimate__struct.h\n'}
[6.238222] (px4_msgs) StdoutLine: {'line': b'-- Up-to-date: /home/giromi/Repos/VTOL/ws_sensor_combined_src/install/px4_msgs/include/px4_msgs/px4_msgs/msg/detail/timesync_status__struct.h\n'}
[6.238545] (px4_msgs) StdoutLine: {'line': b'-- Up-to-date: /home/giromi/Repos/VTOL/ws_sensor_combined_src/install/px4_msgs/include/px4_msgs/px4_msgs/msg/detail/estimator_bias3d__functions.h\n'}
[6.238870] (px4_msgs) StdoutLine: {'line': b'-- Up-to-date: /home/giromi/Repos/VTOL/ws_sensor_combined_src/install/px4_msgs/include/px4_msgs/px4_msgs/msg/detail/vehicle_rates_setpoint__functions.c\n'}
[6.239175] (px4_msgs) StdoutLine: {'line': b'-- Up-to-date: /home/giromi/Repos/VTOL/ws_sensor_combined_src/install/px4_msgs/include/px4_msgs/px4_msgs/msg/detail/adc_report__functions.h\n'}
[6.239491] (px4_msgs) StdoutLine: {'line': b'-- Up-to-date: /home/giromi/Repos/VTOL/ws_sensor_combined_src/install/px4_msgs/include/px4_msgs/px4_msgs/msg/detail/onboard_computer_status__type_support.h\n'}
[6.239761] (px4_msgs) StdoutLine: {'line': b'-- Up-to-date: /home/giromi/Repos/VTOL/ws_sensor_combined_src/install/px4_msgs/include/px4_msgs/px4_msgs/msg/detail/vehicle_attitude_setpoint__type_support.h\n'}
[6.240076] (px4_msgs) StdoutLine: {'line': b'-- Up-to-date: /home/giromi/Repos/VTOL/ws_sensor_combined_src/install/px4_msgs/include/px4_msgs/px4_msgs/msg/detail/vehicle_imu_status__functions.c\n'}
[6.240384] (px4_msgs) StdoutLine: {'line': b'-- Up-to-date: /home/giromi/Repos/VTOL/ws_sensor_combined_src/install/px4_msgs/include/px4_msgs/px4_msgs/msg/detail/vehicle_global_position__functions.h\n'}
[6.240701] (px4_msgs) StdoutLine: {'line': b'-- Up-to-date: /home/giromi/Repos/VTOL/ws_sensor_combined_src/install/px4_msgs/include/px4_msgs/px4_msgs/msg/detail/generator_status__functions.h\n'}
[6.241005] (px4_msgs) StdoutLine: {'line': b'-- Up-to-date: /home/giromi/Repos/VTOL/ws_sensor_combined_src/install/px4_msgs/include/px4_msgs/px4_msgs/msg/detail/vehicle_torque_setpoint__struct.h\n'}
[6.241307] (px4_msgs) StdoutLine: {'line': b'-- Up-to-date: /home/giromi/Repos/VTOL/ws_sensor_combined_src/install/px4_msgs/include/px4_msgs/px4_msgs/msg/detail/sensor_preflight_mag__struct.h\n'}
[6.241649] (px4_msgs) StdoutLine: {'line': b'-- Up-to-date: /home/giromi/Repos/VTOL/ws_sensor_combined_src/install/px4_msgs/include/px4_msgs/px4_msgs/msg/detail/iridiumsbd_status__functions.c\n'}
[6.241863] (px4_msgs) StdoutLine: {'line': b'-- Up-to-date: /home/giromi/Repos/VTOL/ws_sensor_combined_src/install/px4_msgs/include/px4_msgs/px4_msgs/msg/detail/vehicle_trajectory_waypoint__type_support.h\n'}
[6.241942] (px4_msgs) StdoutLine: {'line': b'-- Up-to-date: /home/giromi/Repos/VTOL/ws_sensor_combined_src/install/px4_msgs/include/px4_msgs/px4_msgs/msg/detail/actuator_motors__functions.h\n'}
[6.242012] (px4_msgs) StdoutLine: {'line': b'-- Up-to-date: /home/giromi/Repos/VTOL/ws_sensor_combined_src/install/px4_msgs/include/px4_msgs/px4_msgs/msg/detail/airspeed_validated__type_support.h\n'}
[6.242080] (px4_msgs) StdoutLine: {'line': b'-- Up-to-date: /home/giromi/Repos/VTOL/ws_sensor_combined_src/install/px4_msgs/include/px4_msgs/px4_msgs/msg/detail/ping__type_support.h\n'}
[6.242169] (px4_msgs) StdoutLine: {'line': b'-- Up-to-date: /home/giromi/Repos/VTOL/ws_sensor_combined_src/install/px4_msgs/include/px4_msgs/px4_msgs/msg/detail/geofence_result__type_support.h\n'}
[6.242236] (px4_msgs) StdoutLine: {'line': b'-- Up-to-date: /home/giromi/Repos/VTOL/ws_sensor_combined_src/install/px4_msgs/include/px4_msgs/px4_msgs/msg/detail/position_setpoint_triplet__type_support.h\n'}
[6.242371] (px4_msgs) StdoutLine: {'line': b'-- Up-to-date: /home/giromi/Repos/VTOL/ws_sensor_combined_src/install/px4_msgs/include/px4_msgs/px4_msgs/msg/detail/log_message__functions.c\n'}
[6.242438] (px4_msgs) StdoutLine: {'line': b'-- Up-to-date: /home/giromi/Repos/VTOL/ws_sensor_combined_src/install/px4_msgs/include/px4_msgs/px4_msgs/msg/detail/vehicle_optical_flow__type_support.h\n'}
[6.242503] (px4_msgs) StdoutLine: {'line': b'-- Up-to-date: /home/giromi/Repos/VTOL/ws_sensor_combined_src/install/px4_msgs/include/px4_msgs/px4_msgs/msg/detail/parameter_update__functions.h\n'}
[6.242568] (px4_msgs) StdoutLine: {'line': b'-- Up-to-date: /home/giromi/Repos/VTOL/ws_sensor_combined_src/install/px4_msgs/include/px4_msgs/px4_msgs/msg/detail/actuator_servos__struct.h\n'}
[6.242631] (px4_msgs) StdoutLine: {'line': b'-- Up-to-date: /home/giromi/Repos/VTOL/ws_sensor_combined_src/install/px4_msgs/include/px4_msgs/px4_msgs/msg/detail/sensor_gnss_relative__type_support.h\n'}
[6.242696] (px4_msgs) StdoutLine: {'line': b'-- Up-to-date: /home/giromi/Repos/VTOL/ws_sensor_combined_src/install/px4_msgs/include/px4_msgs/px4_msgs/msg/detail/manual_control_switches__functions.c\n'}
[6.242760] (px4_msgs) StdoutLine: {'line': b'-- Up-to-date: /home/giromi/Repos/VTOL/ws_sensor_combined_src/install/px4_msgs/include/px4_msgs/px4_msgs/msg/detail/vehicle_trajectory_bezier__functions.h\n'}
[6.242824] (px4_msgs) StdoutLine: {'line': b'-- Up-to-date: /home/giromi/Repos/VTOL/ws_sensor_combined_src/install/px4_msgs/include/px4_msgs/px4_msgs/msg/detail/vehicle_air_data__struct.h\n'}
[6.242888] (px4_msgs) StdoutLine: {'line': b'-- Up-to-date: /home/giromi/Repos/VTOL/ws_sensor_combined_src/install/px4_msgs/include/px4_msgs/px4_msgs/msg/detail/led_control__type_support.h\n'}
[6.242952] (px4_msgs) StdoutLine: {'line': b'-- Up-to-date: /home/giromi/Repos/VTOL/ws_sensor_combined_src/install/px4_msgs/include/px4_msgs/px4_msgs/msg/detail/camera_capture__functions.h\n'}
[6.243192] (px4_msgs) StdoutLine: {'line': b'-- Up-to-date: /home/giromi/Repos/VTOL/ws_sensor_combined_src/install/px4_msgs/include/px4_msgs/px4_msgs/msg/detail/mavlink_log__struct.h\n'}
[6.243258] (px4_msgs) StdoutLine: {'line': b'-- Up-to-date: /home/giromi/Repos/VTOL/ws_sensor_combined_src/install/px4_msgs/include/px4_msgs/px4_msgs/msg/detail/landing_target_pose__type_support.h\n'}
[6.243323] (px4_msgs) StdoutLine: {'line': b'-- Up-to-date: /home/giromi/Repos/VTOL/ws_sensor_combined_src/install/px4_msgs/include/px4_msgs/px4_msgs/msg/detail/vehicle_rates_setpoint__type_support.h\n'}
[6.243474] (px4_msgs) StdoutLine: {'line': b'-- Up-to-date: /home/giromi/Repos/VTOL/ws_sensor_combined_src/install/px4_msgs/include/px4_msgs/px4_msgs/msg/detail/gpio_in__functions.h\n'}
[6.243647] (px4_msgs) StdoutLine: {'line': b'-- Up-to-date: /home/giromi/Repos/VTOL/ws_sensor_combined_src/install/px4_msgs/include/px4_msgs/px4_msgs/msg/detail/esc_report__type_support.h\n'}
[6.243892] (px4_msgs) StdoutLine: {'line': b'-- Up-to-date: /home/giromi/Repos/VTOL/ws_sensor_combined_src/install/px4_msgs/include/px4_msgs/px4_msgs/msg/detail/camera_status__functions.h\n'}
[6.244194] (px4_msgs) StdoutLine: {'line': b'-- Up-to-date: /home/giromi/Repos/VTOL/ws_sensor_combined_src/install/px4_msgs/include/px4_msgs/px4_msgs/msg/detail/sensor_uwb__functions.c\n'}
[6.244476] (px4_msgs) StdoutLine: {'line': b'-- Up-to-date: /home/giromi/Repos/VTOL/ws_sensor_combined_src/install/px4_msgs/include/px4_msgs/px4_msgs/msg/detail/vehicle_magnetometer__functions.h\n'}
[6.244580] (px4_msgs) StdoutLine: {'line': b'-- Up-to-date: /home/giromi/Repos/VTOL/ws_sensor_combined_src/install/px4_msgs/include/px4_msgs/px4_msgs/msg/detail/health_report__struct.h\n'}
[6.244650] (px4_msgs) StdoutLine: {'line': b'-- Up-to-date: /home/giromi/Repos/VTOL/ws_sensor_combined_src/install/px4_msgs/include/px4_msgs/px4_msgs/msg/detail/mode_completed__struct.h\n'}
[6.244719] (px4_msgs) StdoutLine: {'line': b'-- Up-to-date: /home/giromi/Repos/VTOL/ws_sensor_combined_src/install/px4_msgs/include/px4_msgs/px4_msgs/msg/detail/navigator_mission_item__struct.h\n'}
[6.244814] (px4_msgs) StdoutLine: {'line': b'-- Up-to-date: /home/giromi/Repos/VTOL/ws_sensor_combined_src/install/px4_msgs/include/px4_msgs/px4_msgs/msg/detail/pwm_input__type_support.h\n'}
[6.244880] (px4_msgs) StdoutLine: {'line': b'-- Up-to-date: /home/giromi/Repos/VTOL/ws_sensor_combined_src/install/px4_msgs/include/px4_msgs/px4_msgs/msg/detail/battery_status__struct.h\n'}
[6.245084] (px4_msgs) StdoutLine: {'line': b'-- Up-to-date: /home/giromi/Repos/VTOL/ws_sensor_combined_src/install/px4_msgs/include/px4_msgs/px4_msgs/msg/detail/battery_status__functions.c\n'}
[6.245264] (px4_msgs) StdoutLine: {'line': b'-- Up-to-date: /home/giromi/Repos/VTOL/ws_sensor_combined_src/install/px4_msgs/include/px4_msgs/px4_msgs/msg/detail/unregister_ext_component__struct.h\n'}
[6.245493] (px4_msgs) StdoutLine: {'line': b'-- Up-to-date: /home/giromi/Repos/VTOL/ws_sensor_combined_src/install/px4_msgs/include/px4_msgs/px4_msgs/msg/detail/vehicle_acceleration__functions.c\n'}
[6.245800] (px4_msgs) StdoutLine: {'line': b'-- Up-to-date: /home/giromi/Repos/VTOL/ws_sensor_combined_src/install/px4_msgs/include/px4_msgs/px4_msgs/msg/detail/actuator_controls_status__type_support.h\n'}
[6.245980] (px4_msgs) StdoutLine: {'line': b'-- Up-to-date: /home/giromi/Repos/VTOL/ws_sensor_combined_src/install/px4_msgs/include/px4_msgs/px4_msgs/msg/detail/gimbal_manager_set_manual_control__functions.h\n'}
[6.246178] (px4_msgs) StdoutLine: {'line': b'-- Up-to-date: /home/giromi/Repos/VTOL/ws_sensor_combined_src/install/px4_msgs/include/px4_msgs/px4_msgs/msg/detail/npfg_status__functions.h\n'}
[6.246707] (px4_msgs) StdoutLine: {'line': b'-- Up-to-date: /home/giromi/Repos/VTOL/ws_sensor_combined_src/install/px4_msgs/include/px4_msgs/px4_msgs/msg/detail/estimator_status__struct.h\n'}
[6.247434] (px4_msgs) StdoutLine: {'line': b'-- Up-to-date: /home/giromi/Repos/VTOL/ws_sensor_combined_src/install/px4_msgs/include/px4_msgs/px4_msgs/msg/detail/vehicle_command_ack__type_support.h\n'}
[6.247670] (px4_msgs) StdoutLine: {'line': b'-- Up-to-date: /home/giromi/Repos/VTOL/ws_sensor_combined_src/install/px4_msgs/include/px4_msgs/px4_msgs/msg/detail/irlock_report__functions.c\n'}
[6.247838] (px4_msgs) StdoutLine: {'line': b'-- Up-to-date: /home/giromi/Repos/VTOL/ws_sensor_combined_src/install/px4_msgs/include/px4_msgs/px4_msgs/msg/detail/geofence_result__functions.c\n'}
[6.247991] (px4_msgs) StdoutLine: {'line': b'-- Up-to-date: /home/giromi/Repos/VTOL/ws_sensor_combined_src/install/px4_msgs/include/px4_msgs/px4_msgs/msg/detail/normalized_unsigned_setpoint__functions.c\n'}
[6.248168] (px4_msgs) StdoutLine: {'line': b'-- Up-to-date: /home/giromi/Repos/VTOL/ws_sensor_combined_src/install/px4_msgs/include/px4_msgs/px4_msgs/msg/detail/gimbal_manager_status__type_support.h\n'}
[6.248343] (px4_msgs) StdoutLine: {'line': b'-- Up-to-date: /home/giromi/Repos/VTOL/ws_sensor_combined_src/install/px4_msgs/include/px4_msgs/px4_msgs/msg/detail/sensor_correction__struct.h\n'}
[6.248553] (px4_msgs) StdoutLine: {'line': b'-- Up-to-date: /home/giromi/Repos/VTOL/ws_sensor_combined_src/install/px4_msgs/include/px4_msgs/px4_msgs/msg/detail/wind__type_support.h\n'}
[6.248952] (px4_msgs) StdoutLine: {'line': b'-- Up-to-date: /home/giromi/Repos/VTOL/ws_sensor_combined_src/install/px4_msgs/include/px4_msgs/px4_msgs/msg/detail/estimator_status_flags__functions.c\n'}
[6.249576] (px4_msgs) StdoutLine: {'line': b'-- Up-to-date: /home/giromi/Repos/VTOL/ws_sensor_combined_src/install/px4_msgs/include/px4_msgs/px4_msgs/msg/detail/cpuload__functions.c\n'}
[6.249957] (px4_msgs) StdoutLine: {'line': b'-- Up-to-date: /home/giromi/Repos/VTOL/ws_sensor_combined_src/install/px4_msgs/include/px4_msgs/px4_msgs/msg/detail/control_allocator_status__functions.h\n'}
[6.250088] (px4_msgs) StdoutLine: {'line': b'-- Up-to-date: /home/giromi/Repos/VTOL/ws_sensor_combined_src/install/px4_msgs/include/px4_msgs/px4_msgs/msg/detail/rtl_time_estimate__type_support.h\n'}
[6.250285] (px4_msgs) StdoutLine: {'line': b'-- Up-to-date: /home/giromi/Repos/VTOL/ws_sensor_combined_src/install/px4_msgs/include/px4_msgs/px4_msgs/msg/detail/vehicle_angular_acceleration_setpoint__struct.h\n'}
[6.250389] (px4_msgs) StdoutLine: {'line': b'-- Up-to-date: /home/giromi/Repos/VTOL/ws_sensor_combined_src/install/px4_msgs/include/px4_msgs/px4_msgs/msg/detail/iridiumsbd_status__struct.h\n'}
[6.250484] (px4_msgs) StdoutLine: {'line': b'-- Up-to-date: /home/giromi/Repos/VTOL/ws_sensor_combined_src/install/px4_msgs/include/px4_msgs/px4_msgs/msg/detail/estimator_bias__functions.c\n'}
[6.250618] (px4_msgs) StdoutLine: {'line': b'-- Up-to-date: /home/giromi/Repos/VTOL/ws_sensor_combined_src/install/px4_msgs/include/px4_msgs/px4_msgs/msg/detail/button_event__functions.c\n'}
[6.250706] (px4_msgs) StdoutLine: {'line': b'-- Up-to-date: /home/giromi/Repos/VTOL/ws_sensor_combined_src/install/px4_msgs/include/px4_msgs/px4_msgs/msg/detail/dataman_response__functions.c\n'}
[6.250816] (px4_msgs) StdoutLine: {'line': b'-- Up-to-date: /home/giromi/Repos/VTOL/ws_sensor_combined_src/install/px4_msgs/include/px4_msgs/px4_msgs/msg/detail/power_button_state__functions.c\n'}
[6.250906] (px4_msgs) StdoutLine: {'line': b'-- Up-to-date: /home/giromi/Repos/VTOL/ws_sensor_combined_src/install/px4_msgs/include/px4_msgs/px4_msgs/msg/detail/ulog_stream_ack__functions.h\n'}
[6.250987] (px4_msgs) StdoutLine: {'line': b'-- Up-to-date: /home/giromi/Repos/VTOL/ws_sensor_combined_src/install/px4_msgs/include/px4_msgs/px4_msgs/msg/detail/mavlink_tunnel__type_support.h\n'}
[6.251082] (px4_msgs) StdoutLine: {'line': b'-- Up-to-date: /home/giromi/Repos/VTOL/ws_sensor_combined_src/install/px4_msgs/include/px4_msgs/px4_msgs/msg/detail/takeoff_status__functions.h\n'}
[6.251205] (px4_msgs) StdoutLine: {'line': b'-- Up-to-date: /home/giromi/Repos/VTOL/ws_sensor_combined_src/install/px4_msgs/include/px4_msgs/px4_msgs/msg/detail/sensor_preflight_mag__type_support.h\n'}
[6.251316] (px4_msgs) StdoutLine: {'line': b'-- Up-to-date: /home/giromi/Repos/VTOL/ws_sensor_combined_src/install/px4_msgs/include/px4_msgs/px4_msgs/msg/detail/qshell_req__type_support.h\n'}
[6.251401] (px4_msgs) StdoutLine: {'line': b'-- Up-to-date: /home/giromi/Repos/VTOL/ws_sensor_combined_src/install/px4_msgs/include/px4_msgs/px4_msgs/msg/detail/sensor_combined__functions.h\n'}
[6.251604] (px4_msgs) StdoutLine: {'line': b'-- Up-to-date: /home/giromi/Repos/VTOL/ws_sensor_combined_src/install/px4_msgs/include/px4_msgs/px4_msgs/msg/detail/orb_test_large__type_support.h\n'}
[6.251734] (px4_msgs) StdoutLine: {'line': b'-- Up-to-date: /home/giromi/Repos/VTOL/ws_sensor_combined_src/install/px4_msgs/include/px4_msgs/px4_msgs/msg/detail/uavcan_parameter_request__struct.h\n'}
[6.251834] (px4_msgs) StdoutLine: {'line': b'-- Up-to-date: /home/giromi/Repos/VTOL/ws_sensor_combined_src/install/px4_msgs/include/px4_msgs/px4_msgs/msg/detail/heater_status__functions.h\n'}
[6.251949] (px4_msgs) StdoutLine: {'line': b'-- Up-to-date: /home/giromi/Repos/VTOL/ws_sensor_combined_src/install/px4_msgs/include/px4_msgs/px4_msgs/msg/detail/gps_inject_data__type_support.h\n'}
[6.252064] (px4_msgs) StdoutLine: {'line': b'-- Up-to-date: /home/giromi/Repos/VTOL/ws_sensor_combined_src/install/px4_msgs/include/px4_msgs/px4_msgs/msg/detail/vehicle_thrust_setpoint__type_support.h\n'}
[6.252200] (px4_msgs) StdoutLine: {'line': b'-- Up-to-date: /home/giromi/Repos/VTOL/ws_sensor_combined_src/install/px4_msgs/include/px4_msgs/px4_msgs/msg/detail/gpio_in__functions.c\n'}
[6.252259] (px4_msgs) StdoutLine: {'line': b'-- Up-to-date: /home/giromi/Repos/VTOL/ws_sensor_combined_src/install/px4_msgs/include/px4_msgs/px4_msgs/msg/detail/rc_channels__type_support.h\n'}
[6.252318] (px4_msgs) StdoutLine: {'line': b'-- Up-to-date: /home/giromi/Repos/VTOL/ws_sensor_combined_src/install/px4_msgs/include/px4_msgs/px4_msgs/msg/detail/tiltrotor_extra_controls__type_support.h\n'}
[6.252376] (px4_msgs) StdoutLine: {'line': b'-- Up-to-date: /home/giromi/Repos/VTOL/ws_sensor_combined_src/install/px4_msgs/include/px4_msgs/px4_msgs/msg/detail/failure_detector_status__functions.c\n'}
[6.252490] (px4_msgs) StdoutLine: {'line': b'-- Up-to-date: /home/giromi/Repos/VTOL/ws_sensor_combined_src/install/px4_msgs/include/px4_msgs/px4_msgs/msg/detail/sensor_gps__functions.c\n'}
[6.252600] (px4_msgs) StdoutLine: {'line': b'-- Up-to-date: /home/giromi/Repos/VTOL/ws_sensor_combined_src/install/px4_msgs/include/px4_msgs/px4_msgs/msg/detail/goto_setpoint__functions.h\n'}
[6.252693] (px4_msgs) StdoutLine: {'line': b'-- Up-to-date: /home/giromi/Repos/VTOL/ws_sensor_combined_src/install/px4_msgs/include/px4_msgs/px4_msgs/msg/detail/mission_result__type_support.h\n'}
[6.252808] (px4_msgs) StdoutLine: {'line': b'-- Up-to-date: /home/giromi/Repos/VTOL/ws_sensor_combined_src/install/px4_msgs/include/px4_msgs/px4_msgs/msg/detail/differential_drive_setpoint__functions.h\n'}
[6.252898] (px4_msgs) StdoutLine: {'line': b'-- Up-to-date: /home/giromi/Repos/VTOL/ws_sensor_combined_src/install/px4_msgs/include/px4_msgs/px4_msgs/msg/detail/esc_status__type_support.h\n'}
[6.253001] (px4_msgs) StdoutLine: {'line': b'-- Up-to-date: /home/giromi/Repos/VTOL/ws_sensor_combined_src/install/px4_msgs/include/px4_msgs/px4_msgs/msg/detail/vehicle_angular_velocity__functions.h\n'}
[6.253106] (px4_msgs) StdoutLine: {'line': b'-- Up-to-date: /home/giromi/Repos/VTOL/ws_sensor_combined_src/install/px4_msgs/include/px4_msgs/px4_msgs/msg/detail/vehicle_magnetometer__struct.h\n'}
[6.253207] (px4_msgs) StdoutLine: {'line': b'-- Up-to-date: /home/giromi/Repos/VTOL/ws_sensor_combined_src/install/px4_msgs/include/px4_msgs/px4_msgs/msg/detail/obstacle_distance__functions.h\n'}
[6.253366] (px4_msgs) StdoutLine: {'line': b'-- Up-to-date: /home/giromi/Repos/VTOL/ws_sensor_combined_src/install/px4_msgs/include/px4_msgs/px4_msgs/msg/detail/hover_thrust_estimate__functions.c\n'}
[6.253544] (px4_msgs) StdoutLine: {'line': b'-- Up-to-date: /home/giromi/Repos/VTOL/ws_sensor_combined_src/install/px4_msgs/include/px4_msgs/px4_msgs/msg/detail/sensor_optical_flow__functions.c\n'}
[6.253682] (px4_msgs) StdoutLine: {'line': b'-- Up-to-date: /home/giromi/Repos/VTOL/ws_sensor_combined_src/install/px4_msgs/include/px4_msgs/px4_msgs/msg/detail/estimator_status_flags__type_support.h\n'}
[6.253797] (px4_msgs) StdoutLine: {'line': b'-- Up-to-date: /home/giromi/Repos/VTOL/ws_sensor_combined_src/install/px4_msgs/include/px4_msgs/px4_msgs/msg/detail/dataman_response__type_support.h\n'}
[6.253893] (px4_msgs) StdoutLine: {'line': b'-- Up-to-date: /home/giromi/Repos/VTOL/ws_sensor_combined_src/install/px4_msgs/include/px4_msgs/px4_msgs/msg/detail/magnetometer_bias_estimate__functions.h\n'}
[6.254003] (px4_msgs) StdoutLine: {'line': b'-- Up-to-date: /home/giromi/Repos/VTOL/ws_sensor_combined_src/install/px4_msgs/include/px4_msgs/px4_msgs/msg/detail/velocity_limits__functions.c\n'}
[6.254129] (px4_msgs) StdoutLine: {'line': b'-- Up-to-date: /home/giromi/Repos/VTOL/ws_sensor_combined_src/install/px4_msgs/include/px4_msgs/px4_msgs/msg/detail/sensor_gyro_fft__type_support.h\n'}
[6.254241] (px4_msgs) StdoutLine: {'line': b'-- Up-to-date: /home/giromi/Repos/VTOL/ws_sensor_combined_src/install/px4_msgs/include/px4_msgs/px4_msgs/msg/detail/vehicle_odometry__struct.h\n'}
[6.254356] (px4_msgs) StdoutLine: {'line': b'-- Up-to-date: /home/giromi/Repos/VTOL/ws_sensor_combined_src/install/px4_msgs/include/px4_msgs/px4_msgs/msg/detail/input_rc__functions.h\n'}
[6.254436] (px4_msgs) StdoutLine: {'line': b'-- Up-to-date: /home/giromi/Repos/VTOL/ws_sensor_combined_src/install/px4_msgs/include/px4_msgs/px4_msgs/msg/detail/autotune_attitude_control_status__type_support.h\n'}
[6.254545] (px4_msgs) StdoutLine: {'line': b'-- Up-to-date: /home/giromi/Repos/VTOL/ws_sensor_combined_src/install/px4_msgs/include/px4_msgs/px4_msgs/msg/detail/camera_capture__type_support.h\n'}
[6.254644] (px4_msgs) StdoutLine: {'line': b'-- Up-to-date: /home/giromi/Repos/VTOL/ws_sensor_combined_src/install/px4_msgs/include/px4_msgs/px4_msgs/msg/detail/autotune_attitude_control_status__functions.h\n'}
[6.254762] (px4_msgs) StdoutLine: {'line': b'-- Up-to-date: /home/giromi/Repos/VTOL/ws_sensor_combined_src/install/px4_msgs/include/px4_msgs/px4_msgs/msg/detail/message_format_request__functions.h\n'}
[6.254855] (px4_msgs) StdoutLine: {'line': b'-- Up-to-date: /home/giromi/Repos/VTOL/ws_sensor_combined_src/install/px4_msgs/include/px4_msgs/px4_msgs/msg/detail/gimbal_device_attitude_status__functions.c\n'}
[6.255014] (px4_msgs) StdoutLine: {'line': b'-- Up-to-date: /home/giromi/Repos/VTOL/ws_sensor_combined_src/install/px4_msgs/include/px4_msgs/px4_msgs/msg/detail/differential_pressure__type_support.h\n'}
[6.255112] (px4_msgs) StdoutLine: {'line': b'-- Up-to-date: /home/giromi/Repos/VTOL/ws_sensor_combined_src/install/px4_msgs/include/px4_msgs/px4_msgs/msg/detail/collision_report__struct.h\n'}
[6.255209] (px4_msgs) StdoutLine: {'line': b'-- Up-to-date: /home/giromi/Repos/VTOL/ws_sensor_combined_src/install/px4_msgs/include/px4_msgs/px4_msgs/msg/detail/vehicle_optical_flow__functions.c\n'}
[6.255388] (px4_msgs) StdoutLine: {'line': b'-- Up-to-date: /home/giromi/Repos/VTOL/ws_sensor_combined_src/install/px4_msgs/include/px4_msgs/px4_msgs/msg/detail/action_request__struct.h\n'}
[6.255544] (px4_msgs) StdoutLine: {'line': b'-- Up-to-date: /home/giromi/Repos/VTOL/ws_sensor_combined_src/install/px4_msgs/include/px4_msgs/px4_msgs/msg/detail/gimbal_manager_information__functions.c\n'}
[6.255659] (px4_msgs) StdoutLine: {'line': b'-- Up-to-date: /home/giromi/Repos/VTOL/ws_sensor_combined_src/install/px4_msgs/include/px4_msgs/px4_msgs/msg/detail/camera_capture__functions.c\n'}
[6.255763] (px4_msgs) StdoutLine: {'line': b'-- Up-to-date: /home/giromi/Repos/VTOL/ws_sensor_combined_src/install/px4_msgs/include/px4_msgs/px4_msgs/msg/detail/actuator_test__functions.c\n'}
[6.255864] (px4_msgs) StdoutLine: {'line': b'-- Up-to-date: /home/giromi/Repos/VTOL/ws_sensor_combined_src/install/px4_msgs/include/px4_msgs/px4_msgs/msg/detail/sensor_optical_flow__type_support.h\n'}
[6.255990] (px4_msgs) StdoutLine: {'line': b'-- Up-to-date: /home/giromi/Repos/VTOL/ws_sensor_combined_src/install/px4_msgs/include/px4_msgs/px4_msgs/msg/detail/timesync_status__functions.c\n'}
[6.256118] (px4_msgs) StdoutLine: {'line': b'-- Up-to-date: /home/giromi/Repos/VTOL/ws_sensor_combined_src/install/px4_msgs/include/px4_msgs/px4_msgs/msg/detail/vehicle_optical_flow_vel__type_support.h\n'}
[6.256221] (px4_msgs) StdoutLine: {'line': b'-- Up-to-date: /home/giromi/Repos/VTOL/ws_sensor_combined_src/install/px4_msgs/include/px4_msgs/px4_msgs/msg/detail/figure_eight_status__type_support.h\n'}
[6.256326] (px4_msgs) StdoutLine: {'line': b'-- Up-to-date: /home/giromi/Repos/VTOL/ws_sensor_combined_src/install/px4_msgs/include/px4_msgs/px4_msgs/msg/detail/adc_report__functions.c\n'}
[6.256432] (px4_msgs) StdoutLine: {'line': b'-- Up-to-date: /home/giromi/Repos/VTOL/ws_sensor_combined_src/install/px4_msgs/include/px4_msgs/px4_msgs/msg/detail/sensor_gyro__type_support.h\n'}
[6.256538] (px4_msgs) StdoutLine: {'line': b'-- Up-to-date: /home/giromi/Repos/VTOL/ws_sensor_combined_src/install/px4_msgs/include/px4_msgs/px4_msgs/msg/detail/collision_constraints__functions.c\n'}
[6.256687] (px4_msgs) StdoutLine: {'line': b'-- Up-to-date: /home/giromi/Repos/VTOL/ws_sensor_combined_src/install/px4_msgs/include/px4_msgs/px4_msgs/msg/detail/buffer128__functions.h\n'}
[6.256843] (px4_msgs) StdoutLine: {'line': b'-- Up-to-date: /home/giromi/Repos/VTOL/ws_sensor_combined_src/install/px4_msgs/include/px4_msgs/px4_msgs/msg/detail/position_controller_landing_status__functions.c\n'}
[6.257011] (px4_msgs) StdoutLine: {'line': b'-- Up-to-date: /home/giromi/Repos/VTOL/ws_sensor_combined_src/install/px4_msgs/include/px4_msgs/px4_msgs/msg/detail/landing_gear_wheel__functions.c\n'}
[6.257174] (px4_msgs) StdoutLine: {'line': b'-- Up-to-date: /home/giromi/Repos/VTOL/ws_sensor_combined_src/install/px4_msgs/include/px4_msgs/px4_msgs/msg/detail/vehicle_magnetometer__functions.c\n'}
[6.257351] (px4_msgs) StdoutLine: {'line': b'-- Up-to-date: /home/giromi/Repos/VTOL/ws_sensor_combined_src/install/px4_msgs/include/px4_msgs/px4_msgs/msg/detail/orbit_status__type_support.h\n'}
[6.257520] (px4_msgs) StdoutLine: {'line': b'-- Up-to-date: /home/giromi/Repos/VTOL/ws_sensor_combined_src/install/px4_msgs/include/px4_msgs/px4_msgs/msg/detail/vehicle_command__type_support.h\n'}
[6.257676] (px4_msgs) StdoutLine: {'line': b'-- Up-to-date: /home/giromi/Repos/VTOL/ws_sensor_combined_src/install/px4_msgs/include/px4_msgs/px4_msgs/msg/detail/vehicle_optical_flow_vel__struct.h\n'}
[6.257844] (px4_msgs) StdoutLine: {'line': b'-- Up-to-date: /home/giromi/Repos/VTOL/ws_sensor_combined_src/install/px4_msgs/include/px4_msgs/px4_msgs/msg/detail/estimator_states__functions.c\n'}
[6.258013] (px4_msgs) StdoutLine: {'line': b'-- Up-to-date: /home/giromi/Repos/VTOL/ws_sensor_combined_src/install/px4_msgs/include/px4_msgs/px4_msgs/msg/detail/vehicle_local_position_setpoint__type_support.h\n'}
[6.258175] (px4_msgs) StdoutLine: {'line': b'-- Up-to-date: /home/giromi/Repos/VTOL/ws_sensor_combined_src/install/px4_msgs/include/px4_msgs/px4_msgs/msg/detail/vehicle_land_detected__struct.h\n'}
[6.258329] (px4_msgs) StdoutLine: {'line': b'-- Up-to-date: /home/giromi/Repos/VTOL/ws_sensor_combined_src/install/px4_msgs/include/px4_msgs/px4_msgs/msg/detail/button_event__type_support.h\n'}
[6.258490] (px4_msgs) StdoutLine: {'line': b'-- Up-to-date: /home/giromi/Repos/VTOL/ws_sensor_combined_src/install/px4_msgs/include/px4_msgs/px4_msgs/msg/detail/mount_orientation__type_support.h\n'}
[6.258649] (px4_msgs) StdoutLine: {'line': b'-- Up-to-date: /home/giromi/Repos/VTOL/ws_sensor_combined_src/install/px4_msgs/include/px4_msgs/px4_msgs/msg/detail/uavcan_parameter_value__functions.h\n'}
[6.258810] (px4_msgs) StdoutLine: {'line': b'-- Up-to-date: /home/giromi/Repos/VTOL/ws_sensor_combined_src/install/px4_msgs/include/px4_msgs/px4_msgs/msg/detail/config_overrides__functions.h\n'}
[6.258959] (px4_msgs) StdoutLine: {'line': b'-- Up-to-date: /home/giromi/Repos/VTOL/ws_sensor_combined_src/install/px4_msgs/include/px4_msgs/px4_msgs/msg/detail/trajectory_waypoint__struct.h\n'}
[6.259106] (px4_msgs) StdoutLine: {'line': b'-- Up-to-date: /home/giromi/Repos/VTOL/ws_sensor_combined_src/install/px4_msgs/include/px4_msgs/px4_msgs/msg/detail/dataman_request__functions.c\n'}
[6.259253] (px4_msgs) StdoutLine: {'line': b'-- Up-to-date: /home/giromi/Repos/VTOL/ws_sensor_combined_src/install/px4_msgs/include/px4_msgs/px4_msgs/msg/detail/velocity_limits__struct.h\n'}
[6.259411] (px4_msgs) StdoutLine: {'line': b'-- Up-to-date: /home/giromi/Repos/VTOL/ws_sensor_combined_src/install/px4_msgs/include/px4_msgs/px4_msgs/msg/detail/arming_check_reply__functions.h\n'}
[6.259564] (px4_msgs) StdoutLine: {'line': b'-- Up-to-date: /home/giromi/Repos/VTOL/ws_sensor_combined_src/install/px4_msgs/include/px4_msgs/px4_msgs/msg/detail/debug_vect__struct.h\n'}
[6.259669] (px4_msgs) StdoutLine: {'line': b'-- Up-to-date: /home/giromi/Repos/VTOL/ws_sensor_combined_src/install/px4_msgs/include/px4_msgs/px4_msgs/msg/detail/tune_control__type_support.h\n'}
[6.259773] (px4_msgs) StdoutLine: {'line': b'-- Up-to-date: /home/giromi/Repos/VTOL/ws_sensor_combined_src/install/px4_msgs/include/px4_msgs/px4_msgs/msg/detail/trajectory_waypoint__type_support.h\n'}
[6.259896] (px4_msgs) StdoutLine: {'line': b'-- Up-to-date: /home/giromi/Repos/VTOL/ws_sensor_combined_src/install/px4_msgs/include/px4_msgs/px4_msgs/msg/detail/vehicle_control_mode__struct.h\n'}
[6.259998] (px4_msgs) StdoutLine: {'line': b'-- Up-to-date: /home/giromi/Repos/VTOL/ws_sensor_combined_src/install/px4_msgs/include/px4_msgs/px4_msgs/msg/detail/sensor_uwb__functions.h\n'}
[6.260110] (px4_msgs) StdoutLine: {'line': b'-- Up-to-date: /home/giromi/Repos/VTOL/ws_sensor_combined_src/install/px4_msgs/include/px4_msgs/px4_msgs/msg/detail/estimator_sensor_bias__functions.h\n'}
[6.260229] (px4_msgs) StdoutLine: {'line': b'-- Up-to-date: /home/giromi/Repos/VTOL/ws_sensor_combined_src/install/px4_msgs/include/px4_msgs/px4_msgs/msg/detail/ulog_stream__type_support.h\n'}
[6.260380] (px4_msgs) StdoutLine: {'line': b'-- Up-to-date: /home/giromi/Repos/VTOL/ws_sensor_combined_src/install/px4_msgs/include/px4_msgs/px4_msgs/msg/detail/tune_control__functions.h\n'}
[6.260577] (px4_msgs) StdoutLine: {'line': b'-- Up-to-date: /home/giromi/Repos/VTOL/ws_sensor_combined_src/install/px4_msgs/include/px4_msgs/px4_msgs/msg/detail/vehicle_status__functions.h\n'}
[6.260717] (px4_msgs) StdoutLine: {'line': b'-- Up-to-date: /home/giromi/Repos/VTOL/ws_sensor_combined_src/install/px4_msgs/include/px4_msgs/px4_msgs/msg/detail/gps_dump__functions.h\n'}
[6.260871] (px4_msgs) StdoutLine: {'line': b'-- Up-to-date: /home/giromi/Repos/VTOL/ws_sensor_combined_src/install/px4_msgs/include/px4_msgs/px4_msgs/msg/detail/camera_status__functions.c\n'}
[6.261038] (px4_msgs) StdoutLine: {'line': b'-- Up-to-date: /home/giromi/Repos/VTOL/ws_sensor_combined_src/install/px4_msgs/include/px4_msgs/px4_msgs/msg/detail/actuator_test__struct.h\n'}
[6.261205] (px4_msgs) StdoutLine: {'line': b'-- Up-to-date: /home/giromi/Repos/VTOL/ws_sensor_combined_src/install/px4_msgs/include/px4_msgs/px4_msgs/msg/detail/camera_trigger__functions.c\n'}
[6.261366] (px4_msgs) StdoutLine: {'line': b'-- Up-to-date: /home/giromi/Repos/VTOL/ws_sensor_combined_src/install/px4_msgs/include/px4_msgs/px4_msgs/msg/detail/radio_status__struct.h\n'}
[6.261533] (px4_msgs) StdoutLine: {'line': b'-- Up-to-date: /home/giromi/Repos/VTOL/ws_sensor_combined_src/install/px4_msgs/include/px4_msgs/px4_msgs/msg/detail/follow_target__type_support.h\n'}
[6.261714] (px4_msgs) StdoutLine: {'line': b'-- Up-to-date: /home/giromi/Repos/VTOL/ws_sensor_combined_src/install/px4_msgs/include/px4_msgs/px4_msgs/msg/detail/system_power__struct.h\n'}
[6.261866] (px4_msgs) StdoutLine: {'line': b'-- Up-to-date: /home/giromi/Repos/VTOL/ws_sensor_combined_src/install/px4_msgs/include/px4_msgs/px4_msgs/msg/detail/cellular_status__functions.h\n'}
[6.261969] (px4_msgs) StdoutLine: {'line': b'-- Up-to-date: /home/giromi/Repos/VTOL/ws_sensor_combined_src/install/px4_msgs/include/px4_msgs/px4_msgs/msg/detail/mag_worker_data__type_support.h\n'}
[6.262072] (px4_msgs) StdoutLine: {'line': b'-- Up-to-date: /home/giromi/Repos/VTOL/ws_sensor_combined_src/install/px4_msgs/include/px4_msgs/px4_msgs/msg/detail/gps_inject_data__functions.c\n'}
[6.262174] (px4_msgs) StdoutLine: {'line': b'-- Up-to-date: /home/giromi/Repos/VTOL/ws_sensor_combined_src/install/px4_msgs/include/px4_msgs/px4_msgs/msg/detail/vehicle_land_detected__functions.c\n'}
[6.262328] (px4_msgs) StdoutLine: {'line': b'-- Up-to-date: /home/giromi/Repos/VTOL/ws_sensor_combined_src/install/px4_msgs/include/px4_msgs/px4_msgs/msg/detail/irlock_report__functions.h\n'}
[6.262547] (px4_msgs) StdoutLine: {'line': b'-- Up-to-date: /home/giromi/Repos/VTOL/ws_sensor_combined_src/install/px4_msgs/include/px4_msgs/px4_msgs/msg/detail/sensor_optical_flow__functions.h\n'}
[6.262718] (px4_msgs) StdoutLine: {'line': b'-- Up-to-date: /home/giromi/Repos/VTOL/ws_sensor_combined_src/install/px4_msgs/include/px4_msgs/px4_msgs/msg/detail/collision_constraints__functions.h\n'}
[6.262893] (px4_msgs) StdoutLine: {'line': b'-- Up-to-date: /home/giromi/Repos/VTOL/ws_sensor_combined_src/install/px4_msgs/include/px4_msgs/px4_msgs/msg/detail/vehicle_local_position__functions.c\n'}
[6.263063] (px4_msgs) StdoutLine: {'line': b'-- Up-to-date: /home/giromi/Repos/VTOL/ws_sensor_combined_src/install/px4_msgs/include/px4_msgs/px4_msgs/msg/detail/control_allocator_status__struct.h\n'}
[6.263236] (px4_msgs) StdoutLine: {'line': b'-- Up-to-date: /home/giromi/Repos/VTOL/ws_sensor_combined_src/install/px4_msgs/include/px4_msgs/px4_msgs/msg/detail/vehicle_local_position_setpoint__struct.h\n'}
[6.263488] (px4_msgs) StdoutLine: {'line': b'-- Up-to-date: /home/giromi/Repos/VTOL/ws_sensor_combined_src/install/px4_msgs/include/px4_msgs/px4_msgs/msg/detail/rpm__struct.h\n'}
[6.263660] (px4_msgs) StdoutLine: {'line': b'-- Up-to-date: /home/giromi/Repos/VTOL/ws_sensor_combined_src/install/px4_msgs/include/px4_msgs/px4_msgs/msg/detail/gimbal_manager_set_manual_control__functions.c\n'}
[6.263836] (px4_msgs) StdoutLine: {'line': b'-- Up-to-date: /home/giromi/Repos/VTOL/ws_sensor_combined_src/install/px4_msgs/include/px4_msgs/px4_msgs/msg/detail/px4io_status__functions.c\n'}
[6.263968] (px4_msgs) StdoutLine: {'line': b'-- Up-to-date: /home/giromi/Repos/VTOL/ws_sensor_combined_src/install/px4_msgs/include/px4_msgs/px4_msgs/msg/detail/vehicle_status__struct.h\n'}
[6.264146] (px4_msgs) StdoutLine: {'line': b'-- Up-to-date: /home/giromi/Repos/VTOL/ws_sensor_combined_src/install/px4_msgs/include/px4_msgs/px4_msgs/msg/detail/vehicle_odometry__functions.c\n'}
[6.264292] (px4_msgs) StdoutLine: {'line': b'-- Up-to-date: /home/giromi/Repos/VTOL/ws_sensor_combined_src/install/px4_msgs/include/px4_msgs/px4_msgs/msg/detail/position_controller_landing_status__struct.h\n'}
[6.264417] (px4_msgs) StdoutLine: {'line': b'-- Up-to-date: /home/giromi/Repos/VTOL/ws_sensor_combined_src/install/px4_msgs/include/px4_msgs/px4_msgs/msg/detail/task_stack_info__functions.h\n'}
[6.264547] (px4_msgs) StdoutLine: {'line': b'-- Up-to-date: /home/giromi/Repos/VTOL/ws_sensor_combined_src/install/px4_msgs/include/px4_msgs/px4_msgs/msg/detail/sensor_accel__functions.c\n'}
[6.264674] (px4_msgs) StdoutLine: {'line': b'-- Up-to-date: /home/giromi/Repos/VTOL/ws_sensor_combined_src/install/px4_msgs/include/px4_msgs/px4_msgs/msg/detail/orb_test__type_support.h\n'}
[6.264801] (px4_msgs) StdoutLine: {'line': b'-- Up-to-date: /home/giromi/Repos/VTOL/ws_sensor_combined_src/install/px4_msgs/include/px4_msgs/px4_msgs/msg/detail/orb_test_medium__struct.h\n'}
[6.264925] (px4_msgs) StdoutLine: {'line': b'-- Up-to-date: /home/giromi/Repos/VTOL/ws_sensor_combined_src/install/px4_msgs/include/px4_msgs/px4_msgs/msg/detail/sensors_status__type_support.h\n'}
[6.264994] (px4_msgs) StdoutLine: {'line': b'-- Up-to-date: /home/giromi/Repos/VTOL/ws_sensor_combined_src/install/px4_msgs/include/px4_msgs/px4_msgs/msg/detail/estimator_gps_status__type_support.h\n'}
[6.265116] (px4_msgs) StdoutLine: {'line': b'-- Up-to-date: /home/giromi/Repos/VTOL/ws_sensor_combined_src/install/px4_msgs/include/px4_msgs/px4_msgs/msg/detail/gpio_config__struct.h\n'}
[6.265260] (px4_msgs) StdoutLine: {'line': b'-- Up-to-date: /home/giromi/Repos/VTOL/ws_sensor_combined_src/install/px4_msgs/include/px4_msgs/px4_msgs/msg/detail/wind__functions.h\n'}
[6.265385] (px4_msgs) StdoutLine: {'line': b'-- Up-to-date: /home/giromi/Repos/VTOL/ws_sensor_combined_src/install/px4_msgs/include/px4_msgs/px4_msgs/msg/detail/qshell_retval__functions.c\n'}
[6.265495] (px4_msgs) StdoutLine: {'line': b'-- Up-to-date: /home/giromi/Repos/VTOL/ws_sensor_combined_src/install/px4_msgs/include/px4_msgs/px4_msgs/msg/detail/telemetry_status__type_support.h\n'}
[6.265636] (px4_msgs) StdoutLine: {'line': b'-- Up-to-date: /home/giromi/Repos/VTOL/ws_sensor_combined_src/install/px4_msgs/include/px4_msgs/px4_msgs/msg/detail/system_power__type_support.h\n'}
[6.265736] (px4_msgs) StdoutLine: {'line': b'-- Up-to-date: /home/giromi/Repos/VTOL/ws_sensor_combined_src/install/px4_msgs/include/px4_msgs/px4_msgs/msg/detail/gimbal_manager_set_manual_control__struct.h\n'}
[6.265837] (px4_msgs) StdoutLine: {'line': b'-- Up-to-date: /home/giromi/Repos/VTOL/ws_sensor_combined_src/install/px4_msgs/include/px4_msgs/px4_msgs/msg/detail/event__type_support.h\n'}
[6.265932] (px4_msgs) StdoutLine: {'line': b'-- Up-to-date: /home/giromi/Repos/VTOL/ws_sensor_combined_src/install/px4_msgs/include/px4_msgs/px4_msgs/msg/detail/mission__type_support.h\n'}
[6.266025] (px4_msgs) StdoutLine: {'line': b'-- Up-to-date: /home/giromi/Repos/VTOL/ws_sensor_combined_src/install/px4_msgs/include/px4_msgs/px4_msgs/msg/detail/sensors_status__struct.h\n'}
[6.266133] (px4_msgs) StdoutLine: {'line': b'-- Up-to-date: /home/giromi/Repos/VTOL/ws_sensor_combined_src/install/px4_msgs/include/px4_msgs/px4_msgs/msg/detail/collision_constraints__struct.h\n'}
[6.266214] (px4_msgs) StdoutLine: {'line': b'-- Up-to-date: /home/giromi/Repos/VTOL/ws_sensor_combined_src/install/px4_msgs/include/px4_msgs/px4_msgs/msg/detail/log_message__type_support.h\n'}
[6.266317] (px4_msgs) StdoutLine: {'line': b'-- Up-to-date: /home/giromi/Repos/VTOL/ws_sensor_combined_src/install/px4_msgs/include/px4_msgs/px4_msgs/msg/detail/estimator_gps_status__struct.h\n'}
[6.266403] (px4_msgs) StdoutLine: {'line': b'-- Up-to-date: /home/giromi/Repos/VTOL/ws_sensor_combined_src/install/px4_msgs/include/px4_msgs/px4_msgs/msg/detail/mount_orientation__struct.h\n'}
[6.266510] (px4_msgs) StdoutLine: {'line': b'-- Up-to-date: /home/giromi/Repos/VTOL/ws_sensor_combined_src/install/px4_msgs/include/px4_msgs/px4_msgs/msg/detail/buffer128__type_support.h\n'}
[6.266591] (px4_msgs) StdoutLine: {'line': b'-- Up-to-date: /home/giromi/Repos/VTOL/ws_sensor_combined_src/install/px4_msgs/include/px4_msgs/px4_msgs/msg/detail/gimbal_manager_status__functions.c\n'}
[6.266695] (px4_msgs) StdoutLine: {'line': b'-- Up-to-date: /home/giromi/Repos/VTOL/ws_sensor_combined_src/install/px4_msgs/include/px4_msgs/px4_msgs/msg/detail/register_ext_component_reply__functions.c\n'}
[6.266782] (px4_msgs) StdoutLine: {'line': b'-- Up-to-date: /home/giromi/Repos/VTOL/ws_sensor_combined_src/install/px4_msgs/include/px4_msgs/px4_msgs/msg/detail/estimator_status__functions.c\n'}
[6.266899] (px4_msgs) StdoutLine: {'line': b'-- Up-to-date: /home/giromi/Repos/VTOL/ws_sensor_combined_src/install/px4_msgs/include/px4_msgs/px4_msgs/msg/detail/battery_status__functions.h\n'}
[6.267000] (px4_msgs) StdoutLine: {'line': b'-- Up-to-date: /home/giromi/Repos/VTOL/ws_sensor_combined_src/install/px4_msgs/include/px4_msgs/px4_msgs/msg/detail/gripper__struct.h\n'}
[6.267091] (px4_msgs) StdoutLine: {'line': b'-- Up-to-date: /home/giromi/Repos/VTOL/ws_sensor_combined_src/install/px4_msgs/include/px4_msgs/px4_msgs/msg/detail/failsafe_flags__functions.c\n'}
[6.267183] (px4_msgs) StdoutLine: {'line': b'-- Up-to-date: /home/giromi/Repos/VTOL/ws_sensor_combined_src/install/px4_msgs/include/px4_msgs/px4_msgs/msg/detail/irlock_report__type_support.h\n'}
[6.267285] (px4_msgs) StdoutLine: {'line': b'-- Up-to-date: /home/giromi/Repos/VTOL/ws_sensor_combined_src/install/px4_msgs/include/px4_msgs/px4_msgs/msg/detail/manual_control_switches__type_support.h\n'}
[6.267369] (px4_msgs) StdoutLine: {'line': b'-- Up-to-date: /home/giromi/Repos/VTOL/ws_sensor_combined_src/install/px4_msgs/include/px4_msgs/px4_msgs/msg/detail/esc_status__functions.c\n'}
[6.267494] (px4_msgs) StdoutLine: {'line': b'-- Up-to-date: /home/giromi/Repos/VTOL/ws_sensor_combined_src/install/px4_msgs/include/px4_msgs/px4_msgs/msg/detail/satellite_info__functions.h\n'}
[6.267595] (px4_msgs) StdoutLine: {'line': b'-- Up-to-date: /home/giromi/Repos/VTOL/ws_sensor_combined_src/install/px4_msgs/include/px4_msgs/px4_msgs/msg/detail/vehicle_command_ack__struct.h\n'}
[6.267714] (px4_msgs) StdoutLine: {'line': b'-- Up-to-date: /home/giromi/Repos/VTOL/ws_sensor_combined_src/install/px4_msgs/include/px4_msgs/px4_msgs/msg/detail/system_power__functions.h\n'}
[6.267823] (px4_msgs) StdoutLine: {'line': b'-- Up-to-date: /home/giromi/Repos/VTOL/ws_sensor_combined_src/install/px4_msgs/include/px4_msgs/px4_msgs/msg/detail/differential_drive_setpoint__type_support.h\n'}
[6.267930] (px4_msgs) StdoutLine: {'line': b'-- Up-to-date: /home/giromi/Repos/VTOL/ws_sensor_combined_src/install/px4_msgs/include/px4_msgs/px4_msgs/msg/detail/pwm_input__struct.h\n'}
[6.268038] (px4_msgs) StdoutLine: {'line': b'-- Up-to-date: /home/giromi/Repos/VTOL/ws_sensor_combined_src/install/px4_msgs/include/px4_msgs/px4_msgs/msg/detail/airspeed__type_support.h\n'}
[6.268147] (px4_msgs) StdoutLine: {'line': b'-- Up-to-date: /home/giromi/Repos/VTOL/ws_sensor_combined_src/install/px4_msgs/include/px4_msgs/px4_msgs/msg/detail/gripper__functions.h\n'}
[6.268241] (px4_msgs) StdoutLine: {'line': b'-- Up-to-date: /home/giromi/Repos/VTOL/ws_sensor_combined_src/install/px4_msgs/include/px4_msgs/px4_msgs/msg/detail/gps_inject_data__functions.h\n'}
[6.268334] (px4_msgs) StdoutLine: {'line': b'-- Up-to-date: /home/giromi/Repos/VTOL/ws_sensor_combined_src/install/px4_msgs/include/px4_msgs/px4_msgs/msg/detail/gimbal_manager_status__struct.h\n'}
[6.268433] (px4_msgs) StdoutLine: {'line': b'-- Up-to-date: /home/giromi/Repos/VTOL/ws_sensor_combined_src/install/px4_msgs/include/px4_msgs/px4_msgs/msg/detail/mount_orientation__functions.c\n'}
[6.268526] (px4_msgs) StdoutLine: {'line': b'-- Up-to-date: /home/giromi/Repos/VTOL/ws_sensor_combined_src/install/px4_msgs/include/px4_msgs/px4_msgs/msg/detail/mode_completed__functions.c\n'}
[6.268624] (px4_msgs) StdoutLine: {'line': b'-- Up-to-date: /home/giromi/Repos/VTOL/ws_sensor_combined_src/install/px4_msgs/include/px4_msgs/px4_msgs/msg/detail/follow_target_estimator__functions.h\n'}
[6.268692] (px4_msgs) StdoutLine: {'line': b'-- Up-to-date: /home/giromi/Repos/VTOL/ws_sensor_combined_src/install/px4_msgs/include/px4_msgs/px4_msgs/msg/detail/heater_status__type_support.h\n'}
[6.268757] (px4_msgs) StdoutLine: {'line': b'-- Up-to-date: /home/giromi/Repos/VTOL/ws_sensor_combined_src/install/px4_msgs/include/px4_msgs/px4_msgs/msg/detail/sensor_mag__functions.h\n'}
[6.268823] (px4_msgs) StdoutLine: {'line': b'-- Up-to-date: /home/giromi/Repos/VTOL/ws_sensor_combined_src/install/px4_msgs/include/px4_msgs/px4_msgs/msg/detail/onboard_computer_status__struct.h\n'}
[6.268888] (px4_msgs) StdoutLine: {'line': b'-- Up-to-date: /home/giromi/Repos/VTOL/ws_sensor_combined_src/install/px4_msgs/include/px4_msgs/px4_msgs/msg/detail/gpio_config__functions.h\n'}
[6.268952] (px4_msgs) StdoutLine: {'line': b'-- Up-to-date: /home/giromi/Repos/VTOL/ws_sensor_combined_src/install/px4_msgs/include/px4_msgs/px4_msgs/msg/detail/landing_gear__functions.c\n'}
[6.269017] (px4_msgs) StdoutLine: {'line': b'-- Up-to-date: /home/giromi/Repos/VTOL/ws_sensor_combined_src/install/px4_msgs/include/px4_msgs/px4_msgs/msg/detail/home_position__functions.c\n'}
[6.269081] (px4_msgs) StdoutLine: {'line': b'-- Up-to-date: /home/giromi/Repos/VTOL/ws_sensor_combined_src/install/px4_msgs/include/px4_msgs/px4_msgs/msg/detail/vehicle_acceleration__type_support.h\n'}
[6.269145] (px4_msgs) StdoutLine: {'line': b'-- Up-to-date: /home/giromi/Repos/VTOL/ws_sensor_combined_src/install/px4_msgs/include/px4_msgs/px4_msgs/msg/detail/rate_ctrl_status__functions.h\n'}
[6.269209] (px4_msgs) StdoutLine: {'line': b'-- Up-to-date: /home/giromi/Repos/VTOL/ws_sensor_combined_src/install/px4_msgs/include/px4_msgs/px4_msgs/msg/detail/orb_test__functions.c\n'}
[6.269273] (px4_msgs) StdoutLine: {'line': b'-- Up-to-date: /home/giromi/Repos/VTOL/ws_sensor_combined_src/install/px4_msgs/include/px4_msgs/px4_msgs/msg/detail/camera_trigger__struct.h\n'}
[6.269336] (px4_msgs) StdoutLine: {'line': b'-- Up-to-date: /home/giromi/Repos/VTOL/ws_sensor_combined_src/install/px4_msgs/include/px4_msgs/px4_msgs/msg/detail/sensor_airflow__type_support.h\n'}
[6.269401] (px4_msgs) StdoutLine: {'line': b'-- Up-to-date: /home/giromi/Repos/VTOL/ws_sensor_combined_src/install/px4_msgs/include/px4_msgs/px4_msgs/msg/detail/orb_test__functions.h\n'}
[6.269569] (px4_msgs) StdoutLine: {'line': b'-- Up-to-date: /home/giromi/Repos/VTOL/ws_sensor_combined_src/install/px4_msgs/include/px4_msgs/px4_msgs/msg/detail/actuator_motors__struct.h\n'}
[6.269708] (px4_msgs) StdoutLine: {'line': b'-- Up-to-date: /home/giromi/Repos/VTOL/ws_sensor_combined_src/install/px4_msgs/include/px4_msgs/px4_msgs/msg/detail/sensor_gyro__functions.h\n'}
[6.269822] (px4_msgs) StdoutLine: {'line': b'-- Up-to-date: /home/giromi/Repos/VTOL/ws_sensor_combined_src/install/px4_msgs/include/px4_msgs/px4_msgs/msg/detail/follow_target_estimator__struct.h\n'}
[6.269919] (px4_msgs) StdoutLine: {'line': b'-- Up-to-date: /home/giromi/Repos/VTOL/ws_sensor_combined_src/install/px4_msgs/include/px4_msgs/px4_msgs/msg/detail/offboard_control_mode__functions.h\n'}
[6.270017] (px4_msgs) StdoutLine: {'line': b'-- Up-to-date: /home/giromi/Repos/VTOL/ws_sensor_combined_src/install/px4_msgs/include/px4_msgs/px4_msgs/msg/detail/actuator_servos_trim__functions.h\n'}
[6.270133] (px4_msgs) StdoutLine: {'line': b'-- Up-to-date: /home/giromi/Repos/VTOL/ws_sensor_combined_src/install/px4_msgs/include/px4_msgs/px4_msgs/msg/detail/gimbal_manager_set_attitude__struct.h\n'}
[6.270234] (px4_msgs) StdoutLine: {'line': b'-- Up-to-date: /home/giromi/Repos/VTOL/ws_sensor_combined_src/install/px4_msgs/include/px4_msgs/px4_msgs/msg/detail/sensor_hygrometer__struct.h\n'}
[6.270413] (px4_msgs) StdoutLine: {'line': b'-- Up-to-date: /home/giromi/Repos/VTOL/ws_sensor_combined_src/install/px4_msgs/include/px4_msgs/px4_msgs/msg/detail/estimator_aid_source2d__functions.h\n'}
[6.270520] (px4_msgs) StdoutLine: {'line': b'-- Up-to-date: /home/giromi/Repos/VTOL/ws_sensor_combined_src/install/px4_msgs/include/px4_msgs/px4_msgs/msg/detail/sensor_accel__struct.h\n'}
[6.270775] (px4_msgs) StdoutLine: {'line': b'-- Up-to-date: /home/giromi/Repos/VTOL/ws_sensor_combined_src/install/px4_msgs/include/px4_msgs/px4_msgs/msg/detail/irlock_report__struct.h\n'}
[6.270890] (px4_msgs) StdoutLine: {'line': b'-- Up-to-date: /home/giromi/Repos/VTOL/ws_sensor_combined_src/install/px4_msgs/include/px4_msgs/px4_msgs/msg/detail/gpio_in__type_support.h\n'}
[6.270997] (px4_msgs) StdoutLine: {'line': b'-- Up-to-date: /home/giromi/Repos/VTOL/ws_sensor_combined_src/install/px4_msgs/include/px4_msgs/px4_msgs/msg/detail/iridiumsbd_status__functions.h\n'}
[6.271100] (px4_msgs) StdoutLine: {'line': b'-- Up-to-date: /home/giromi/Repos/VTOL/ws_sensor_combined_src/install/px4_msgs/include/px4_msgs/px4_msgs/msg/detail/sensor_hygrometer__functions.c\n'}
[6.271198] (px4_msgs) StdoutLine: {'line': b'-- Up-to-date: /home/giromi/Repos/VTOL/ws_sensor_combined_src/install/px4_msgs/include/px4_msgs/px4_msgs/msg/detail/wheel_encoders__functions.c\n'}
[6.271291] (px4_msgs) StdoutLine: {'line': b'-- Up-to-date: /home/giromi/Repos/VTOL/ws_sensor_combined_src/install/px4_msgs/include/px4_msgs/px4_msgs/msg/detail/orbit_status__functions.h\n'}
[6.271396] (px4_msgs) StdoutLine: {'line': b'-- Up-to-date: /home/giromi/Repos/VTOL/ws_sensor_combined_src/install/px4_msgs/include/px4_msgs/px4_msgs/msg/detail/unregister_ext_component__type_support.h\n'}
[6.271521] (px4_msgs) StdoutLine: {'line': b'-- Up-to-date: /home/giromi/Repos/VTOL/ws_sensor_combined_src/install/px4_msgs/include/px4_msgs/px4_msgs/msg/detail/buffer128__functions.c\n'}
[6.271634] (px4_msgs) StdoutLine: {'line': b'-- Up-to-date: /home/giromi/Repos/VTOL/ws_sensor_combined_src/install/px4_msgs/include/px4_msgs/px4_msgs/msg/detail/health_report__type_support.h\n'}
[6.271743] (px4_msgs) StdoutLine: {'line': b'-- Up-to-date: /home/giromi/Repos/VTOL/ws_sensor_combined_src/install/px4_msgs/include/px4_msgs/px4_msgs/msg/detail/pwm_input__functions.c\n'}
[6.271854] (px4_msgs) StdoutLine: {'line': b'-- Up-to-date: /home/giromi/Repos/VTOL/ws_sensor_combined_src/install/px4_msgs/include/px4_msgs/px4_msgs/msg/detail/sensor_selection__functions.c\n'}
[6.271974] (px4_msgs) StdoutLine: {'line': b'-- Up-to-date: /home/giromi/Repos/VTOL/ws_sensor_combined_src/install/px4_msgs/include/px4_msgs/px4_msgs/msg/detail/actuator_outputs__functions.h\n'}
[6.272089] (px4_msgs) StdoutLine: {'line': b'-- Up-to-date: /home/giromi/Repos/VTOL/ws_sensor_combined_src/install/px4_msgs/include/px4_msgs/px4_msgs/msg/detail/estimator_event_flags__struct.h\n'}
[6.272200] (px4_msgs) StdoutLine: {'line': b'-- Up-to-date: /home/giromi/Repos/VTOL/ws_sensor_combined_src/install/px4_msgs/include/px4_msgs/px4_msgs/msg/detail/sensor_baro__struct.h\n'}
[6.272313] (px4_msgs) StdoutLine: {'line': b'-- Up-to-date: /home/giromi/Repos/VTOL/ws_sensor_combined_src/install/px4_msgs/include/px4_msgs/px4_msgs/msg/detail/message_format_request__functions.c\n'}
[6.272404] (px4_msgs) StdoutLine: {'line': b'-- Up-to-date: /home/giromi/Repos/VTOL/ws_sensor_combined_src/install/px4_msgs/include/px4_msgs/px4_msgs/msg/detail/sensor_correction__functions.h\n'}
[6.272508] (px4_msgs) StdoutLine: {'line': b'-- Up-to-date: /home/giromi/Repos/VTOL/ws_sensor_combined_src/install/px4_msgs/include/px4_msgs/px4_msgs/msg/detail/estimator_sensor_bias__functions.c\n'}
[6.272599] (px4_msgs) StdoutLine: {'line': b'-- Up-to-date: /home/giromi/Repos/VTOL/ws_sensor_combined_src/install/px4_msgs/include/px4_msgs/px4_msgs/msg/detail/actuator_test__type_support.h\n'}
[6.272708] (px4_msgs) StdoutLine: {'line': b'-- Up-to-date: /home/giromi/Repos/VTOL/ws_sensor_combined_src/install/px4_msgs/include/px4_msgs/px4_msgs/msg/detail/rpm__functions.c\n'}
[6.272813] (px4_msgs) StdoutLine: {'line': b'-- Up-to-date: /home/giromi/Repos/VTOL/ws_sensor_combined_src/install/px4_msgs/include/px4_msgs/px4_msgs/msg/detail/position_setpoint_triplet__functions.c\n'}
[6.272910] (px4_msgs) StdoutLine: {'line': b'-- Up-to-date: /home/giromi/Repos/VTOL/ws_sensor_combined_src/install/px4_msgs/include/px4_msgs/px4_msgs/msg/detail/landing_target_innovations__functions.h\n'}
[6.273019] (px4_msgs) StdoutLine: {'line': b'-- Up-to-date: /home/giromi/Repos/VTOL/ws_sensor_combined_src/install/px4_msgs/include/px4_msgs/px4_msgs/msg/detail/timesync_status__type_support.h\n'}
[6.273126] (px4_msgs) StdoutLine: {'line': b'-- Up-to-date: /home/giromi/Repos/VTOL/ws_sensor_combined_src/install/px4_msgs/include/px4_msgs/px4_msgs/msg/detail/vehicle_local_position_setpoint__functions.c\n'}
[6.273245] (px4_msgs) StdoutLine: {'line': b'-- Up-to-date: /home/giromi/Repos/VTOL/ws_sensor_combined_src/install/px4_msgs/include/px4_msgs/px4_msgs/msg/detail/debug_key_value__struct.h\n'}
[6.273363] (px4_msgs) StdoutLine: {'line': b'-- Up-to-date: /home/giromi/Repos/VTOL/ws_sensor_combined_src/install/px4_msgs/include/px4_msgs/px4_msgs/msg/detail/gpio_config__type_support.h\n'}
[6.273463] (px4_msgs) StdoutLine: {'line': b'-- Up-to-date: /home/giromi/Repos/VTOL/ws_sensor_combined_src/install/px4_msgs/include/px4_msgs/px4_msgs/msg/detail/sensor_accel__functions.h\n'}
[6.273561] (px4_msgs) StdoutLine: {'line': b'-- Up-to-date: /home/giromi/Repos/VTOL/ws_sensor_combined_src/install/px4_msgs/include/px4_msgs/px4_msgs/msg/detail/airspeed_wind__functions.c\n'}
[6.273651] (px4_msgs) StdoutLine: {'line': b'-- Up-to-date: /home/giromi/Repos/VTOL/ws_sensor_combined_src/install/px4_msgs/include/px4_msgs/px4_msgs/msg/detail/sensor_airflow__functions.h\n'}
[6.273759] (px4_msgs) StdoutLine: {'line': b'-- Up-to-date: /home/giromi/Repos/VTOL/ws_sensor_combined_src/install/px4_msgs/include/px4_msgs/px4_msgs/msg/detail/button_event__struct.h\n'}
[6.273871] (px4_msgs) StdoutLine: {'line': b'-- Up-to-date: /home/giromi/Repos/VTOL/ws_sensor_combined_src/install/px4_msgs/include/px4_msgs/px4_msgs/msg/detail/launch_detection_status__functions.c\n'}
[6.273982] (px4_msgs) StdoutLine: {'line': b'-- Up-to-date: /home/giromi/Repos/VTOL/ws_sensor_combined_src/install/px4_msgs/include/px4_msgs/px4_msgs/msg/detail/actuator_servos_trim__type_support.h\n'}
[6.274105] (px4_msgs) StdoutLine: {'line': b'-- Up-to-date: /home/giromi/Repos/VTOL/ws_sensor_combined_src/install/px4_msgs/include/px4_msgs/px4_msgs/msg/detail/sensor_baro__functions.h\n'}
[6.274204] (px4_msgs) StdoutLine: {'line': b'-- Up-to-date: /home/giromi/Repos/VTOL/ws_sensor_combined_src/install/px4_msgs/include/px4_msgs/px4_msgs/msg/detail/vehicle_torque_setpoint__functions.c\n'}
[6.274308] (px4_msgs) StdoutLine: {'line': b'-- Up-to-date: /home/giromi/Repos/VTOL/ws_sensor_combined_src/install/px4_msgs/include/px4_msgs/px4_msgs/msg/detail/transponder_report__struct.h\n'}
[6.274391] (px4_msgs) StdoutLine: {'line': b'-- Up-to-date: /home/giromi/Repos/VTOL/ws_sensor_combined_src/install/px4_msgs/include/px4_msgs/px4_msgs/msg/detail/qshell_retval__functions.h\n'}
[6.274489] (px4_msgs) StdoutLine: {'line': b'-- Up-to-date: /home/giromi/Repos/VTOL/ws_sensor_combined_src/install/px4_msgs/include/px4_msgs/px4_msgs/msg/detail/action_request__functions.c\n'}
[6.274580] (px4_msgs) StdoutLine: {'line': b'-- Up-to-date: /home/giromi/Repos/VTOL/ws_sensor_combined_src/install/px4_msgs/include/px4_msgs/px4_msgs/msg/detail/gpio_config__functions.c\n'}
[6.274673] (px4_msgs) StdoutLine: {'line': b'-- Up-to-date: /home/giromi/Repos/VTOL/ws_sensor_combined_src/install/px4_msgs/include/px4_msgs/px4_msgs/msg/detail/failure_detector_status__type_support.h\n'}
[6.274769] (px4_msgs) StdoutLine: {'line': b'-- Up-to-date: /home/giromi/Repos/VTOL/ws_sensor_combined_src/install/px4_msgs/include/px4_msgs/px4_msgs/msg/detail/estimator_gps_status__functions.c\n'}
[6.274865] (px4_msgs) StdoutLine: {'line': b'-- Up-to-date: /home/giromi/Repos/VTOL/ws_sensor_combined_src/install/px4_msgs/include/px4_msgs/px4_msgs/msg/detail/estimator_selector_status__functions.h\n'}
[6.274973] (px4_msgs) StdoutLine: {'line': b'-- Up-to-date: /home/giromi/Repos/VTOL/ws_sensor_combined_src/install/px4_msgs/include/px4_msgs/px4_msgs/msg/detail/estimator_event_flags__type_support.h\n'}
[6.275058] (px4_msgs) StdoutLine: {'line': b'-- Up-to-date: /home/giromi/Repos/VTOL/ws_sensor_combined_src/install/px4_msgs/include/px4_msgs/px4_msgs/msg/detail/qshell_req__functions.h\n'}
[6.275152] (px4_msgs) StdoutLine: {'line': b'-- Up-to-date: /home/giromi/Repos/VTOL/ws_sensor_combined_src/install/px4_msgs/include/px4_msgs/px4_msgs/msg/detail/vehicle_attitude_setpoint__functions.c\n'}
[6.275244] (px4_msgs) StdoutLine: {'line': b'-- Up-to-date: /home/giromi/Repos/VTOL/ws_sensor_combined_src/install/px4_msgs/include/px4_msgs/px4_msgs/msg/detail/gps_dump__type_support.h\n'}
[6.275329] (px4_msgs) StdoutLine: {'line': b'-- Up-to-date: /home/giromi/Repos/VTOL/ws_sensor_combined_src/install/px4_msgs/include/px4_msgs/px4_msgs/msg/detail/trajectory_waypoint__functions.h\n'}
[6.275440] (px4_msgs) StdoutLine: {'line': b'-- Up-to-date: /home/giromi/Repos/VTOL/ws_sensor_combined_src/install/px4_msgs/include/px4_msgs/px4_msgs/msg/detail/differential_pressure__functions.h\n'}
[6.275550] (px4_msgs) StdoutLine: {'line': b'-- Up-to-date: /home/giromi/Repos/VTOL/ws_sensor_combined_src/install/px4_msgs/include/px4_msgs/px4_msgs/msg/detail/sensor_gyro_fft__functions.c\n'}
[6.275667] (px4_msgs) StdoutLine: {'line': b'-- Up-to-date: /home/giromi/Repos/VTOL/ws_sensor_combined_src/install/px4_msgs/include/px4_msgs/px4_msgs/msg/detail/vehicle_acceleration__functions.h\n'}
[6.275746] (px4_msgs) StdoutLine: {'line': b'-- Up-to-date: /home/giromi/Repos/VTOL/ws_sensor_combined_src/install/px4_msgs/include/px4_msgs/px4_msgs/msg/detail/action_request__functions.h\n'}
[6.275857] (px4_msgs) StdoutLine: {'line': b'-- Up-to-date: /home/giromi/Repos/VTOL/ws_sensor_combined_src/install/px4_msgs/include/px4_msgs/px4_msgs/msg/detail/sensor_gps__type_support.h\n'}
[6.275941] (px4_msgs) StdoutLine: {'line': b'-- Up-to-date: /home/giromi/Repos/VTOL/ws_sensor_combined_src/install/px4_msgs/include/px4_msgs/px4_msgs/msg/detail/orb_test_large__struct.h\n'}
[6.276046] (px4_msgs) StdoutLine: {'line': b'-- Up-to-date: /home/giromi/Repos/VTOL/ws_sensor_combined_src/install/px4_msgs/include/px4_msgs/px4_msgs/msg/detail/estimator_aid_source2d__type_support.h\n'}
[6.276127] (px4_msgs) StdoutLine: {'line': b'-- Up-to-date: /home/giromi/Repos/VTOL/ws_sensor_combined_src/install/px4_msgs/include/px4_msgs/px4_msgs/msg/detail/vtol_vehicle_status__struct.h\n'}
[6.276212] (px4_msgs) StdoutLine: {'line': b'-- Up-to-date: /home/giromi/Repos/VTOL/ws_sensor_combined_src/install/px4_msgs/include/px4_msgs/px4_msgs/msg/detail/gimbal_device_set_attitude__type_support.h\n'}
[6.276313] (px4_msgs) StdoutLine: {'line': b'-- Up-to-date: /home/giromi/Repos/VTOL/ws_sensor_combined_src/install/px4_msgs/include/px4_msgs/px4_msgs/msg/detail/gimbal_device_set_attitude__functions.h\n'}
[6.276411] (px4_msgs) StdoutLine: {'line': b'-- Up-to-date: /home/giromi/Repos/VTOL/ws_sensor_combined_src/install/px4_msgs/include/px4_msgs/px4_msgs/msg/detail/power_monitor__struct.h\n'}
[6.276504] (px4_msgs) StdoutLine: {'line': b'-- Up-to-date: /home/giromi/Repos/VTOL/ws_sensor_combined_src/install/px4_msgs/include/px4_msgs/px4_msgs/msg/detail/gpio_out__struct.h\n'}
[6.276612] (px4_msgs) StdoutLine: {'line': b'-- Up-to-date: /home/giromi/Repos/VTOL/ws_sensor_combined_src/install/px4_msgs/include/px4_msgs/px4_msgs/msg/detail/ulog_stream_ack__struct.h\n'}
[6.276715] (px4_msgs) StdoutLine: {'line': b'-- Up-to-date: /home/giromi/Repos/VTOL/ws_sensor_combined_src/install/px4_msgs/include/px4_msgs/px4_msgs/msg/detail/rc_parameter_map__functions.c\n'}
[6.276814] (px4_msgs) StdoutLine: {'line': b'-- Up-to-date: /home/giromi/Repos/VTOL/ws_sensor_combined_src/install/px4_msgs/include/px4_msgs/px4_msgs/msg/detail/tecs_status__type_support.h\n'}
[6.276912] (px4_msgs) StdoutLine: {'line': b'-- Up-to-date: /home/giromi/Repos/VTOL/ws_sensor_combined_src/install/px4_msgs/include/px4_msgs/px4_msgs/msg/detail/qshell_req__struct.h\n'}
[6.277009] (px4_msgs) StdoutLine: {'line': b'-- Up-to-date: /home/giromi/Repos/VTOL/ws_sensor_combined_src/install/px4_msgs/include/px4_msgs/px4_msgs/msg/detail/arming_check_reply__type_support.h\n'}
[6.277106] (px4_msgs) StdoutLine: {'line': b'-- Up-to-date: /home/giromi/Repos/VTOL/ws_sensor_combined_src/install/px4_msgs/include/px4_msgs/px4_msgs/msg/detail/ekf2_timestamps__functions.c\n'}
[6.277198] (px4_msgs) StdoutLine: {'line': b'-- Up-to-date: /home/giromi/Repos/VTOL/ws_sensor_combined_src/install/px4_msgs/include/px4_msgs/px4_msgs/msg/detail/ekf2_timestamps__functions.h\n'}
[6.277314] (px4_msgs) StdoutLine: {'line': b'-- Up-to-date: /home/giromi/Repos/VTOL/ws_sensor_combined_src/install/px4_msgs/include/px4_msgs/px4_msgs/msg/detail/rc_channels__functions.c\n'}
[6.277418] (px4_msgs) StdoutLine: {'line': b'-- Up-to-date: /home/giromi/Repos/VTOL/ws_sensor_combined_src/install/px4_msgs/include/px4_msgs/px4_msgs/msg/detail/trajectory_bezier__struct.h\n'}
[6.277526] (px4_msgs) StdoutLine: {'line': b'-- Up-to-date: /home/giromi/Repos/VTOL/ws_sensor_combined_src/install/px4_msgs/include/px4_msgs/px4_msgs/msg/detail/cellular_status__struct.h\n'}
[6.277608] (px4_msgs) StdoutLine: {'line': b'-- Up-to-date: /home/giromi/Repos/VTOL/ws_sensor_combined_src/install/px4_msgs/include/px4_msgs/px4_msgs/msg/detail/onboard_computer_status__functions.c\n'}
[6.277705] (px4_msgs) StdoutLine: {'line': b'-- Up-to-date: /home/giromi/Repos/VTOL/ws_sensor_combined_src/install/px4_msgs/include/px4_msgs/px4_msgs/msg/detail/parameter_update__type_support.h\n'}
[6.277798] (px4_msgs) StdoutLine: {'line': b'-- Up-to-date: /home/giromi/Repos/VTOL/ws_sensor_combined_src/install/px4_msgs/include/px4_msgs/px4_msgs/msg/detail/vehicle_rates_setpoint__functions.h\n'}
[6.277894] (px4_msgs) StdoutLine: {'line': b'-- Up-to-date: /home/giromi/Repos/VTOL/ws_sensor_combined_src/install/px4_msgs/include/px4_msgs/px4_msgs/msg/detail/airspeed_wind__struct.h\n'}
[6.277991] (px4_msgs) StdoutLine: {'line': b'-- Up-to-date: /home/giromi/Repos/VTOL/ws_sensor_combined_src/install/px4_msgs/include/px4_msgs/px4_msgs/msg/detail/sensor_gnss_relative__struct.h\n'}
[6.278084] (px4_msgs) StdoutLine: {'line': b'-- Up-to-date: /home/giromi/Repos/VTOL/ws_sensor_combined_src/install/px4_msgs/include/px4_msgs/px4_msgs/msg/detail/gimbal_device_attitude_status__struct.h\n'}
[6.278176] (px4_msgs) StdoutLine: {'line': b'-- Up-to-date: /home/giromi/Repos/VTOL/ws_sensor_combined_src/install/px4_msgs/include/px4_msgs/px4_msgs/msg/detail/sensor_correction__type_support.h\n'}
[6.278273] (px4_msgs) StdoutLine: {'line': b'-- Up-to-date: /home/giromi/Repos/VTOL/ws_sensor_combined_src/install/px4_msgs/include/px4_msgs/px4_msgs/msg/detail/tune_control__functions.c\n'}
[6.278468] (px4_msgs) StdoutLine: {'line': b'-- Up-to-date: /home/giromi/Repos/VTOL/ws_sensor_combined_src/install/px4_msgs/include/px4_msgs/px4_msgs/msg/detail/mission_result__functions.c\n'}
[6.278647] (px4_msgs) StdoutLine: {'line': b'-- Up-to-date: /home/giromi/Repos/VTOL/ws_sensor_combined_src/install/px4_msgs/include/px4_msgs/px4_msgs/msg/detail/ulog_stream__struct.h\n'}
[6.278830] (px4_msgs) StdoutLine: {'line': b'-- Up-to-date: /home/giromi/Repos/VTOL/ws_sensor_combined_src/install/px4_msgs/include/px4_msgs/px4_msgs/msg/detail/orbit_status__functions.c\n'}
[6.278993] (px4_msgs) StdoutLine: {'line': b'-- Up-to-date: /home/giromi/Repos/VTOL/ws_sensor_combined_src/install/px4_msgs/include/px4_msgs/px4_msgs/msg/detail/follow_target_status__type_support.h\n'}
[6.279158] (px4_msgs) StdoutLine: {'line': b'-- Up-to-date: /home/giromi/Repos/VTOL/ws_sensor_combined_src/install/px4_msgs/include/px4_msgs/px4_msgs/msg/detail/telemetry_status__functions.h\n'}
[6.279322] (px4_msgs) StdoutLine: {'line': b'-- Up-to-date: /home/giromi/Repos/VTOL/ws_sensor_combined_src/install/px4_msgs/include/px4_msgs/px4_msgs/msg/detail/gimbal_controls__functions.h\n'}
[6.279482] (px4_msgs) StdoutLine: {'line': b'-- Up-to-date: /home/giromi/Repos/VTOL/ws_sensor_combined_src/install/px4_msgs/include/px4_msgs/px4_msgs/msg/detail/message_format_response__type_support.h\n'}
[6.279611] (px4_msgs) StdoutLine: {'line': b'-- Up-to-date: /home/giromi/Repos/VTOL/ws_sensor_combined_src/install/px4_msgs/include/px4_msgs/px4_msgs/msg/detail/vehicle_attitude_setpoint__struct.h\n'}
[6.279717] (px4_msgs) StdoutLine: {'line': b'-- Up-to-date: /home/giromi/Repos/VTOL/ws_sensor_combined_src/install/px4_msgs/include/px4_msgs/px4_msgs/msg/detail/log_message__struct.h\n'}
[6.279822] (px4_msgs) StdoutLine: {'line': b'-- Up-to-date: /home/giromi/Repos/VTOL/ws_sensor_combined_src/install/px4_msgs/include/px4_msgs/px4_msgs/msg/detail/register_ext_component_reply__struct.h\n'}
[6.279925] (px4_msgs) StdoutLine: {'line': b'-- Up-to-date: /home/giromi/Repos/VTOL/ws_sensor_combined_src/install/px4_msgs/include/px4_msgs/px4_msgs/msg/detail/vehicle_global_position__functions.c\n'}
[6.280021] (px4_msgs) StdoutLine: {'line': b'-- Up-to-date: /home/giromi/Repos/VTOL/ws_sensor_combined_src/install/px4_msgs/include/px4_msgs/px4_msgs/msg/detail/vehicle_land_detected__type_support.h\n'}
[6.280110] (px4_msgs) StdoutLine: {'line': b'-- Up-to-date: /home/giromi/Repos/VTOL/ws_sensor_combined_src/install/px4_msgs/include/px4_msgs/px4_msgs/msg/detail/home_position__struct.h\n'}
[6.280202] (px4_msgs) StdoutLine: {'line': b'-- Up-to-date: /home/giromi/Repos/VTOL/ws_sensor_combined_src/install/px4_msgs/include/px4_msgs/px4_msgs/msg/detail/gps_dump__struct.h\n'}
[6.280312] (px4_msgs) StdoutLine: {'line': b'-- Up-to-date: /home/giromi/Repos/VTOL/ws_sensor_combined_src/install/px4_msgs/include/px4_msgs/px4_msgs/msg/detail/rc_parameter_map__functions.h\n'}
[6.280424] (px4_msgs) StdoutLine: {'line': b'-- Up-to-date: /home/giromi/Repos/VTOL/ws_sensor_combined_src/install/px4_msgs/include/px4_msgs/px4_msgs/msg/detail/position_setpoint__type_support.h\n'}
[6.280527] (px4_msgs) StdoutLine: {'line': b'-- Up-to-date: /home/giromi/Repos/VTOL/ws_sensor_combined_src/install/px4_msgs/include/px4_msgs/px4_msgs/msg/detail/estimator_innovations__struct.h\n'}
[6.280627] (px4_msgs) StdoutLine: {'line': b'-- Up-to-date: /home/giromi/Repos/VTOL/ws_sensor_combined_src/install/px4_msgs/include/px4_msgs/px4_msgs/msg/detail/sensors_status_imu__type_support.h\n'}
[6.280729] (px4_msgs) StdoutLine: {'line': b'-- Up-to-date: /home/giromi/Repos/VTOL/ws_sensor_combined_src/install/px4_msgs/include/px4_msgs/px4_msgs/msg/detail/rpm__type_support.h\n'}
[6.280828] (px4_msgs) StdoutLine: {'line': b'-- Up-to-date: /home/giromi/Repos/VTOL/ws_sensor_combined_src/install/px4_msgs/include/px4_msgs/px4_msgs/msg/detail/debug_value__functions.c\n'}
[6.280922] (px4_msgs) StdoutLine: {'line': b'-- Up-to-date: /home/giromi/Repos/VTOL/ws_sensor_combined_src/install/px4_msgs/include/px4_msgs/px4_msgs/msg/detail/actuator_armed__type_support.h\n'}
[6.281003] (px4_msgs) StdoutLine: {'line': b'-- Up-to-date: /home/giromi/Repos/VTOL/ws_sensor_combined_src/install/px4_msgs/include/px4_msgs/px4_msgs/msg/detail/ulog_stream__functions.c\n'}
[6.281107] (px4_msgs) StdoutLine: {'line': b'-- Up-to-date: /home/giromi/Repos/VTOL/ws_sensor_combined_src/install/px4_msgs/include/px4_msgs/px4_msgs/msg/detail/message_format_response__struct.h\n'}
[6.281222] (px4_msgs) StdoutLine: {'line': b'-- Up-to-date: /home/giromi/Repos/VTOL/ws_sensor_combined_src/install/px4_msgs/include/px4_msgs/px4_msgs/msg/detail/manual_control_setpoint__struct.h\n'}
[6.281324] (px4_msgs) StdoutLine: {'line': b'-- Up-to-date: /home/giromi/Repos/VTOL/ws_sensor_combined_src/install/px4_msgs/include/px4_msgs/px4_msgs/msg/detail/actuator_servos__type_support.h\n'}
[6.281445] (px4_msgs) StdoutLine: {'line': b'-- Up-to-date: /home/giromi/Repos/VTOL/ws_sensor_combined_src/install/px4_msgs/include/px4_msgs/px4_msgs/msg/detail/vehicle_optical_flow_vel__functions.c\n'}
[6.281598] (px4_msgs) StdoutLine: {'line': b'-- Up-to-date: /home/giromi/Repos/VTOL/ws_sensor_combined_src/install/px4_msgs/include/px4_msgs/px4_msgs/msg/detail/estimator_status_flags__struct.h\n'}
[6.281779] (px4_msgs) StdoutLine: {'line': b'-- Up-to-date: /home/giromi/Repos/VTOL/ws_sensor_combined_src/install/px4_msgs/include/px4_msgs/px4_msgs/msg/detail/input_rc__type_support.h\n'}
[6.281944] (px4_msgs) StdoutLine: {'line': b'-- Up-to-date: /home/giromi/Repos/VTOL/ws_sensor_combined_src/install/px4_msgs/include/px4_msgs/px4_msgs/msg/detail/tiltrotor_extra_controls__functions.c\n'}
[6.282103] (px4_msgs) StdoutLine: {'line': b'-- Up-to-date: /home/giromi/Repos/VTOL/ws_sensor_combined_src/install/px4_msgs/include/px4_msgs/px4_msgs/msg/detail/vehicle_roi__struct.h\n'}
[6.282277] (px4_msgs) StdoutLine: {'line': b'-- Up-to-date: /home/giromi/Repos/VTOL/ws_sensor_combined_src/install/px4_msgs/include/px4_msgs/px4_msgs/msg/detail/vehicle_angular_acceleration_setpoint__functions.h\n'}
[6.282452] (px4_msgs) StdoutLine: {'line': b'-- Up-to-date: /home/giromi/Repos/VTOL/ws_sensor_combined_src/install/px4_msgs/include/px4_msgs/px4_msgs/msg/detail/actuator_servos__functions.c\n'}
[6.282630] (px4_msgs) StdoutLine: {'line': b'-- Up-to-date: /home/giromi/Repos/VTOL/ws_sensor_combined_src/install/px4_msgs/include/px4_msgs/px4_msgs/msg/detail/follow_target__struct.h\n'}
[6.282805] (px4_msgs) StdoutLine: {'line': b'-- Up-to-date: /home/giromi/Repos/VTOL/ws_sensor_combined_src/install/px4_msgs/include/px4_msgs/px4_msgs/msg/detail/camera_capture__struct.h\n'}
[6.282978] (px4_msgs) StdoutLine: {'line': b'-- Up-to-date: /home/giromi/Repos/VTOL/ws_sensor_combined_src/install/px4_msgs/include/px4_msgs/px4_msgs/msg/detail/actuator_controls_status__struct.h\n'}
[6.283156] (px4_msgs) StdoutLine: {'line': b'-- Up-to-date: /home/giromi/Repos/VTOL/ws_sensor_combined_src/install/px4_msgs/include/px4_msgs/px4_msgs/msg/detail/estimator_aid_source1d__type_support.h\n'}
[6.283330] (px4_msgs) StdoutLine: {'line': b'-- Up-to-date: /home/giromi/Repos/VTOL/ws_sensor_combined_src/install/px4_msgs/include/px4_msgs/px4_msgs/msg/detail/figure_eight_status__functions.h\n'}
[6.283527] (px4_msgs) StdoutLine: {'line': b'-- Up-to-date: /home/giromi/Repos/VTOL/ws_sensor_combined_src/install/px4_msgs/include/px4_msgs/px4_msgs/msg/detail/sensor_gnss_relative__functions.c\n'}
[6.283698] (px4_msgs) StdoutLine: {'line': b'-- Up-to-date: /home/giromi/Repos/VTOL/ws_sensor_combined_src/install/px4_msgs/include/px4_msgs/px4_msgs/msg/detail/estimator_states__functions.h\n'}
[6.283849] (px4_msgs) StdoutLine: {'line': b'-- Up-to-date: /home/giromi/Repos/VTOL/ws_sensor_combined_src/install/px4_msgs/include/px4_msgs/px4_msgs/msg/detail/vehicle_global_position__struct.h\n'}
[6.284003] (px4_msgs) StdoutLine: {'line': b'-- Up-to-date: /home/giromi/Repos/VTOL/ws_sensor_combined_src/install/px4_msgs/include/px4_msgs/px4_msgs/msg/detail/rate_ctrl_status__functions.c\n'}
[6.284165] (px4_msgs) StdoutLine: {'line': b'-- Up-to-date: /home/giromi/Repos/VTOL/ws_sensor_combined_src/install/px4_msgs/include/px4_msgs/px4_msgs/msg/detail/uavcan_parameter_value__struct.h\n'}
[6.284314] (px4_msgs) StdoutLine: {'line': b'-- Up-to-date: /home/giromi/Repos/VTOL/ws_sensor_combined_src/install/px4_msgs/include/px4_msgs/px4_msgs/msg/detail/debug_vect__functions.c\n'}
[6.284467] (px4_msgs) StdoutLine: {'line': b'-- Up-to-date: /home/giromi/Repos/VTOL/ws_sensor_combined_src/install/px4_msgs/include/px4_msgs/px4_msgs/msg/detail/vehicle_air_data__functions.h\n'}
[6.284633] (px4_msgs) StdoutLine: {'line': b'-- Up-to-date: /home/giromi/Repos/VTOL/ws_sensor_combined_src/install/px4_msgs/include/px4_msgs/px4_msgs/msg/detail/cpuload__functions.h\n'}
[6.284779] (px4_msgs) StdoutLine: {'line': b'-- Up-to-date: /home/giromi/Repos/VTOL/ws_sensor_combined_src/install/px4_msgs/include/px4_msgs/px4_msgs/msg/detail/vehicle_control_mode__functions.c\n'}
[6.284931] (px4_msgs) StdoutLine: {'line': b'-- Up-to-date: /home/giromi/Repos/VTOL/ws_sensor_combined_src/install/px4_msgs/include/px4_msgs/px4_msgs/msg/detail/rpm__functions.h\n'}
[6.285104] (px4_msgs) StdoutLine: {'line': b'-- Up-to-date: /home/giromi/Repos/VTOL/ws_sensor_combined_src/install/px4_msgs/include/px4_msgs/px4_msgs/msg/detail/offboard_control_mode__type_support.h\n'}
[6.285280] (px4_msgs) StdoutLine: {'line': b'-- Up-to-date: /home/giromi/Repos/VTOL/ws_sensor_combined_src/install/px4_msgs/include/px4_msgs/px4_msgs/msg/detail/vehicle_imu__functions.c\n'}
[6.285459] (px4_msgs) StdoutLine: {'line': b'-- Up-to-date: /home/giromi/Repos/VTOL/ws_sensor_combined_src/install/px4_msgs/include/px4_msgs/px4_msgs/msg/detail/mavlink_tunnel__functions.h\n'}
[6.285611] (px4_msgs) StdoutLine: {'line': b'-- Up-to-date: /home/giromi/Repos/VTOL/ws_sensor_combined_src/install/px4_msgs/include/px4_msgs/px4_msgs/msg/detail/debug_value__type_support.h\n'}
[6.285712] (px4_msgs) StdoutLine: {'line': b'-- Up-to-date: /home/giromi/Repos/VTOL/ws_sensor_combined_src/install/px4_msgs/include/px4_msgs/px4_msgs/msg/detail/airspeed_validated__struct.h\n'}
[6.285812] (px4_msgs) StdoutLine: {'line': b'-- Up-to-date: /home/giromi/Repos/VTOL/ws_sensor_combined_src/install/px4_msgs/include/px4_msgs/px4_msgs/msg/detail/adc_report__type_support.h\n'}
[6.285911] (px4_msgs) StdoutLine: {'line': b'-- Up-to-date: /home/giromi/Repos/VTOL/ws_sensor_combined_src/install/px4_msgs/include/px4_msgs/px4_msgs/msg/detail/sensor_selection__struct.h\n'}
[6.286009] (px4_msgs) StdoutLine: {'line': b'-- Up-to-date: /home/giromi/Repos/VTOL/ws_sensor_combined_src/install/px4_msgs/include/px4_msgs/px4_msgs/msg/detail/actuator_armed__struct.h\n'}
[6.286112] (px4_msgs) StdoutLine: {'line': b'-- Up-to-date: /home/giromi/Repos/VTOL/ws_sensor_combined_src/install/px4_msgs/include/px4_msgs/px4_msgs/msg/detail/vehicle_optical_flow__functions.h\n'}
[6.286236] (px4_msgs) StdoutLine: {'line': b'-- Up-to-date: /home/giromi/Repos/VTOL/ws_sensor_combined_src/install/px4_msgs/include/px4_msgs/px4_msgs/msg/detail/sensor_uwb__type_support.h\n'}
[6.286393] (px4_msgs) StdoutLine: {'line': b'-- Up-to-date: /home/giromi/Repos/VTOL/ws_sensor_combined_src/install/px4_msgs/include/px4_msgs/px4_msgs/msg/detail/actuator_motors__functions.c\n'}
[6.286508] (px4_msgs) StdoutLine: {'line': b'-- Up-to-date: /home/giromi/Repos/VTOL/ws_sensor_combined_src/install/px4_msgs/include/px4_msgs/px4_msgs/msg/detail/estimator_aid_source3d__functions.c\n'}
[6.286656] (px4_msgs) StdoutLine: {'line': b'-- Up-to-date: /home/giromi/Repos/VTOL/ws_sensor_combined_src/install/px4_msgs/include/px4_msgs/px4_msgs/msg/detail/sensor_preflight_mag__functions.c\n'}
[6.286766] (px4_msgs) StdoutLine: {'line': b'-- Up-to-date: /home/giromi/Repos/VTOL/ws_sensor_combined_src/install/px4_msgs/include/px4_msgs/px4_msgs/msg/detail/qshell_retval__struct.h\n'}
[6.286941] (px4_msgs) StdoutLine: {'line': b'-- Up-to-date: /home/giromi/Repos/VTOL/ws_sensor_combined_src/install/px4_msgs/include/px4_msgs/px4_msgs/msg/detail/vehicle_local_position__functions.h\n'}
[6.287109] (px4_msgs) StdoutLine: {'line': b'-- Up-to-date: /home/giromi/Repos/VTOL/ws_sensor_combined_src/install/px4_msgs/include/px4_msgs/px4_msgs/msg/detail/vehicle_imu__struct.h\n'}
[6.287284] (px4_msgs) StdoutLine: {'line': b'-- Up-to-date: /home/giromi/Repos/VTOL/ws_sensor_combined_src/install/px4_msgs/include/px4_msgs/px4_msgs/msg/detail/failsafe_flags__type_support.h\n'}
[6.287470] (px4_msgs) StdoutLine: {'line': b'-- Up-to-date: /home/giromi/Repos/VTOL/ws_sensor_combined_src/install/px4_msgs/include/px4_msgs/px4_msgs/msg/detail/failsafe_flags__functions.h\n'}
[6.287653] (px4_msgs) StdoutLine: {'line': b'-- Up-to-date: /home/giromi/Repos/VTOL/ws_sensor_combined_src/install/px4_msgs/include/px4_msgs/px4_msgs/msg/detail/gimbal_manager_set_attitude__type_support.h\n'}
[6.287817] (px4_msgs) StdoutLine: {'line': b'-- Up-to-date: /home/giromi/Repos/VTOL/ws_sensor_combined_src/install/px4_msgs/include/px4_msgs/px4_msgs/msg/detail/register_ext_component_request__functions.h\n'}
[6.287967] (px4_msgs) StdoutLine: {'line': b'-- Up-to-date: /home/giromi/Repos/VTOL/ws_sensor_combined_src/install/px4_msgs/include/px4_msgs/px4_msgs/msg/detail/debug_value__struct.h\n'}
[6.288119] (px4_msgs) StdoutLine: {'line': b'-- Up-to-date: /home/giromi/Repos/VTOL/ws_sensor_combined_src/install/px4_msgs/include/px4_msgs/px4_msgs/msg/detail/power_button_state__type_support.h\n'}
[6.288278] (px4_msgs) StdoutLine: {'line': b'-- Up-to-date: /home/giromi/Repos/VTOL/ws_sensor_combined_src/install/px4_msgs/include/px4_msgs/px4_msgs/msg/detail/sensors_status__functions.c\n'}
[6.288431] (px4_msgs) StdoutLine: {'line': b'-- Up-to-date: /home/giromi/Repos/VTOL/ws_sensor_combined_src/install/px4_msgs/include/px4_msgs/px4_msgs/msg/detail/logger_status__struct.h\n'}
[6.288572] (px4_msgs) StdoutLine: {'line': b'-- Up-to-date: /home/giromi/Repos/VTOL/ws_sensor_combined_src/install/px4_msgs/include/px4_msgs/px4_msgs/msg/detail/radio_status__type_support.h\n'}
[6.288722] (px4_msgs) StdoutLine: {'line': b'-- Up-to-date: /home/giromi/Repos/VTOL/ws_sensor_combined_src/install/px4_msgs/include/px4_msgs/px4_msgs/msg/detail/ulog_stream_ack__functions.c\n'}
[6.288875] (px4_msgs) StdoutLine: {'line': b'-- Up-to-date: /home/giromi/Repos/VTOL/ws_sensor_combined_src/install/px4_msgs/include/px4_msgs/px4_msgs/msg/detail/estimator_states__type_support.h\n'}
[6.289025] (px4_msgs) StdoutLine: {'line': b'-- Up-to-date: /home/giromi/Repos/VTOL/ws_sensor_combined_src/install/px4_msgs/include/px4_msgs/px4_msgs/msg/detail/home_position__functions.h\n'}
[6.289188] (px4_msgs) StdoutLine: {'line': b'-- Up-to-date: /home/giromi/Repos/VTOL/ws_sensor_combined_src/install/px4_msgs/include/px4_msgs/px4_msgs/msg/detail/estimator_innovations__functions.c\n'}
[6.289338] (px4_msgs) StdoutLine: {'line': b'-- Up-to-date: /home/giromi/Repos/VTOL/ws_sensor_combined_src/install/px4_msgs/include/px4_msgs/px4_msgs/msg/detail/dataman_request__struct.h\n'}
[6.289496] (px4_msgs) StdoutLine: {'line': b'-- Up-to-date: /home/giromi/Repos/VTOL/ws_sensor_combined_src/install/px4_msgs/include/px4_msgs/px4_msgs/msg/detail/config_overrides__type_support.h\n'}
[6.289649] (px4_msgs) StdoutLine: {'line': b'-- Up-to-date: /home/giromi/Repos/VTOL/ws_sensor_combined_src/install/px4_msgs/include/px4_msgs/px4_msgs/msg/detail/mavlink_tunnel__functions.c\n'}
[6.289805] (px4_msgs) StdoutLine: {'line': b'-- Up-to-date: /home/giromi/Repos/VTOL/ws_sensor_combined_src/install/px4_msgs/include/px4_msgs/px4_msgs/msg/detail/heater_status__functions.c\n'}
[6.289968] (px4_msgs) StdoutLine: {'line': b'-- Up-to-date: /home/giromi/Repos/VTOL/ws_sensor_combined_src/install/px4_msgs/include/px4_msgs/px4_msgs/msg/detail/power_button_state__functions.h\n'}
[6.290118] (px4_msgs) StdoutLine: {'line': b'-- Up-to-date: /home/giromi/Repos/VTOL/ws_sensor_combined_src/install/px4_msgs/include/px4_msgs/px4_msgs/msg/detail/differential_drive_setpoint__struct.h\n'}
[6.290279] (px4_msgs) StdoutLine: {'line': b'-- Up-to-date: /home/giromi/Repos/VTOL/ws_sensor_combined_src/install/px4_msgs/include/px4_msgs/px4_msgs/msg/detail/satellite_info__type_support.h\n'}
[6.290431] (px4_msgs) StdoutLine: {'line': b'-- Up-to-date: /home/giromi/Repos/VTOL/ws_sensor_combined_src/install/px4_msgs/include/px4_msgs/px4_msgs/msg/detail/vehicle_trajectory_bezier__type_support.h\n'}
[6.290595] (px4_msgs) StdoutLine: {'line': b'-- Up-to-date: /home/giromi/Repos/VTOL/ws_sensor_combined_src/install/px4_msgs/include/px4_msgs/px4_msgs/msg/detail/sensor_gyro__struct.h\n'}
[6.290745] (px4_msgs) StdoutLine: {'line': b'-- Up-to-date: /home/giromi/Repos/VTOL/ws_sensor_combined_src/install/px4_msgs/include/px4_msgs/px4_msgs/msg/detail/vehicle_global_position__type_support.h\n'}
[6.290906] (px4_msgs) StdoutLine: {'line': b'-- Up-to-date: /home/giromi/Repos/VTOL/ws_sensor_combined_src/install/px4_msgs/include/px4_msgs/px4_msgs/msg/detail/manual_control_setpoint__functions.h\n'}
[6.291067] (px4_msgs) StdoutLine: {'line': b'-- Up-to-date: /home/giromi/Repos/VTOL/ws_sensor_combined_src/install/px4_msgs/include/px4_msgs/px4_msgs/msg/detail/debug_key_value__functions.c\n'}
[6.291224] (px4_msgs) StdoutLine: {'line': b'-- Up-to-date: /home/giromi/Repos/VTOL/ws_sensor_combined_src/install/px4_msgs/include/px4_msgs/px4_msgs/msg/detail/sensor_mag__type_support.h\n'}
[6.291376] (px4_msgs) StdoutLine: {'line': b'-- Up-to-date: /home/giromi/Repos/VTOL/ws_sensor_combined_src/install/px4_msgs/include/px4_msgs/px4_msgs/msg/detail/estimator_bias3d__type_support.h\n'}
[6.291531] (px4_msgs) StdoutLine: {'line': b'-- Up-to-date: /home/giromi/Repos/VTOL/ws_sensor_combined_src/install/px4_msgs/include/px4_msgs/px4_msgs/msg/detail/magnetometer_bias_estimate__functions.c\n'}
[6.291661] (px4_msgs) StdoutLine: {'line': b'-- Up-to-date: /home/giromi/Repos/VTOL/ws_sensor_combined_src/install/px4_msgs/include/px4_msgs/px4_msgs/msg/detail/differential_pressure__functions.c\n'}
[6.291765] (px4_msgs) StdoutLine: {'line': b'-- Up-to-date: /home/giromi/Repos/VTOL/ws_sensor_combined_src/install/px4_msgs/include/px4_msgs/px4_msgs/msg/detail/follow_target__functions.c\n'}
[6.291869] (px4_msgs) StdoutLine: {'line': b'-- Up-to-date: /home/giromi/Repos/VTOL/ws_sensor_combined_src/install/px4_msgs/include/px4_msgs/px4_msgs/msg/detail/esc_report__functions.c\n'}
[6.292037] (px4_msgs) StdoutLine: {'line': b'-- Up-to-date: /home/giromi/Repos/VTOL/ws_sensor_combined_src/install/px4_msgs/include/px4_msgs/px4_msgs/msg/detail/vtol_vehicle_status__type_support.h\n'}
[6.292138] (px4_msgs) StdoutLine: {'line': b'-- Up-to-date: /home/giromi/Repos/VTOL/ws_sensor_combined_src/install/px4_msgs/include/px4_msgs/px4_msgs/msg/detail/log_message__functions.h\n'}
[6.292237] (px4_msgs) StdoutLine: {'line': b'-- Up-to-date: /home/giromi/Repos/VTOL/ws_sensor_combined_src/install/px4_msgs/include/px4_msgs/px4_msgs/msg/detail/task_stack_info__struct.h\n'}
[6.292336] (px4_msgs) StdoutLine: {'line': b'-- Up-to-date: /home/giromi/Repos/VTOL/ws_sensor_combined_src/install/px4_msgs/include/px4_msgs/px4_msgs/msg/detail/control_allocator_status__functions.c\n'}
[6.292435] (px4_msgs) StdoutLine: {'line': b'-- Up-to-date: /home/giromi/Repos/VTOL/ws_sensor_combined_src/install/px4_msgs/include/px4_msgs/px4_msgs/msg/detail/vehicle_land_detected__functions.h\n'}
[6.292534] (px4_msgs) StdoutLine: {'line': b'-- Up-to-date: /home/giromi/Repos/VTOL/ws_sensor_combined_src/install/px4_msgs/include/px4_msgs/px4_msgs/msg/detail/pps_capture__functions.h\n'}
[6.292632] (px4_msgs) StdoutLine: {'line': b'-- Up-to-date: /home/giromi/Repos/VTOL/ws_sensor_combined_src/install/px4_msgs/include/px4_msgs/px4_msgs/msg/detail/collision_constraints__type_support.h\n'}
[6.292731] (px4_msgs) StdoutLine: {'line': b'-- Up-to-date: /home/giromi/Repos/VTOL/ws_sensor_combined_src/install/px4_msgs/include/px4_msgs/px4_msgs/msg/detail/cellular_status__type_support.h\n'}
[6.292830] (px4_msgs) StdoutLine: {'line': b'-- Up-to-date: /home/giromi/Repos/VTOL/ws_sensor_combined_src/install/px4_msgs/include/px4_msgs/px4_msgs/msg/detail/system_power__functions.c\n'}
[6.292928] (px4_msgs) StdoutLine: {'line': b'-- Up-to-date: /home/giromi/Repos/VTOL/ws_sensor_combined_src/install/px4_msgs/include/px4_msgs/px4_msgs/msg/detail/estimator_status_flags__functions.h\n'}
[6.293044] (px4_msgs) StdoutLine: {'line': b'-- Up-to-date: /home/giromi/Repos/VTOL/ws_sensor_combined_src/install/px4_msgs/include/px4_msgs/px4_msgs/msg/detail/vehicle_acceleration__struct.h\n'}
[6.293201] (px4_msgs) StdoutLine: {'line': b'-- Up-to-date: /home/giromi/Repos/VTOL/ws_sensor_combined_src/install/px4_msgs/include/px4_msgs/px4_msgs/msg/detail/vehicle_status__type_support.h\n'}
[6.293351] (px4_msgs) StdoutLine: {'line': b'-- Up-to-date: /home/giromi/Repos/VTOL/ws_sensor_combined_src/install/px4_msgs/include/px4_msgs/px4_msgs/msg/detail/normalized_unsigned_setpoint__struct.h\n'}
[6.293504] (px4_msgs) StdoutLine: {'line': b'-- Up-to-date: /home/giromi/Repos/VTOL/ws_sensor_combined_src/install/px4_msgs/include/px4_msgs/px4_msgs/msg/detail/estimator_aid_source2d__struct.h\n'}
[6.293655] (px4_msgs) StdoutLine: {'line': b'-- Up-to-date: /home/giromi/Repos/VTOL/ws_sensor_combined_src/install/px4_msgs/include/px4_msgs/px4_msgs/msg/detail/vehicle_imu__type_support.h\n'}
[6.293812] (px4_msgs) StdoutLine: {'line': b'-- Up-to-date: /home/giromi/Repos/VTOL/ws_sensor_combined_src/install/px4_msgs/include/px4_msgs/px4_msgs/msg/detail/dataman_response__struct.h\n'}
[6.293976] (px4_msgs) StdoutLine: {'line': b'-- Up-to-date: /home/giromi/Repos/VTOL/ws_sensor_combined_src/install/px4_msgs/include/px4_msgs/px4_msgs/msg/detail/unregister_ext_component__functions.h\n'}
[6.294127] (px4_msgs) StdoutLine: {'line': b'-- Up-to-date: /home/giromi/Repos/VTOL/ws_sensor_combined_src/install/px4_msgs/include/px4_msgs/px4_msgs/msg/detail/vehicle_air_data__type_support.h\n'}
[6.294260] (px4_msgs) StdoutLine: {'line': b'-- Up-to-date: /home/giromi/Repos/VTOL/ws_sensor_combined_src/install/px4_msgs/include/px4_msgs/px4_msgs/msg/detail/pps_capture__type_support.h\n'}
[6.294360] (px4_msgs) StdoutLine: {'line': b'-- Up-to-date: /home/giromi/Repos/VTOL/ws_sensor_combined_src/install/px4_msgs/include/px4_msgs/px4_msgs/msg/detail/vehicle_attitude_setpoint__functions.h\n'}
[6.294493] (px4_msgs) StdoutLine: {'line': b'-- Up-to-date: /home/giromi/Repos/VTOL/ws_sensor_combined_src/install/px4_msgs/include/px4_msgs/px4_msgs/msg/detail/vehicle_command_ack__functions.h\n'}
[6.294592] (px4_msgs) StdoutLine: {'line': b'-- Up-to-date: /home/giromi/Repos/VTOL/ws_sensor_combined_src/install/px4_msgs/include/px4_msgs/px4_msgs/msg/detail/camera_status__struct.h\n'}
[6.294698] (px4_msgs) StdoutLine: {'line': b'-- Up-to-date: /home/giromi/Repos/VTOL/ws_sensor_combined_src/install/px4_msgs/include/px4_msgs/px4_msgs/msg/detail/generator_status__type_support.h\n'}
[6.294797] (px4_msgs) StdoutLine: {'line': b'-- Up-to-date: /home/giromi/Repos/VTOL/ws_sensor_combined_src/install/px4_msgs/include/px4_msgs/px4_msgs/msg/detail/landing_target_innovations__struct.h\n'}
[6.294912] (px4_msgs) StdoutLine: {'line': b'-- Up-to-date: /home/giromi/Repos/VTOL/ws_sensor_combined_src/install/px4_msgs/include/px4_msgs/px4_msgs/msg/detail/sensor_optical_flow__struct.h\n'}
[6.295011] (px4_msgs) StdoutLine: {'line': b'-- Up-to-date: /home/giromi/Repos/VTOL/ws_sensor_combined_src/install/px4_msgs/include/px4_msgs/px4_msgs/msg/detail/debug_key_value__type_support.h\n'}
[6.295110] (px4_msgs) StdoutLine: {'line': b'-- Up-to-date: /home/giromi/Repos/VTOL/ws_sensor_combined_src/install/px4_msgs/include/px4_msgs/px4_msgs/msg/detail/qshell_req__functions.c\n'}
[6.295235] (px4_msgs) StdoutLine: {'line': b'-- Up-to-date: /home/giromi/Repos/VTOL/ws_sensor_combined_src/install/px4_msgs/include/px4_msgs/px4_msgs/msg/detail/rc_channels__struct.h\n'}
[6.295336] (px4_msgs) StdoutLine: {'line': b'-- Up-to-date: /home/giromi/Repos/VTOL/ws_sensor_combined_src/install/px4_msgs/include/px4_msgs/px4_msgs/msg/detail/vehicle_local_position__type_support.h\n'}
[6.295438] (px4_msgs) StdoutLine: {'line': b'-- Up-to-date: /home/giromi/Repos/VTOL/ws_sensor_combined_src/install/px4_msgs/include/px4_msgs/px4_msgs/msg/detail/sensor_gyro_fifo__struct.h\n'}
[6.295579] (px4_msgs) StdoutLine: {'line': b'-- Up-to-date: /home/giromi/Repos/VTOL/ws_sensor_combined_src/install/px4_msgs/include/px4_msgs/px4_msgs/msg/detail/arming_check_request__functions.c\n'}
[6.295660] (px4_msgs) StdoutLine: {'line': b'-- Up-to-date: /home/giromi/Repos/VTOL/ws_sensor_combined_src/install/px4_msgs/include/px4_msgs/px4_msgs/msg/detail/gps_dump__functions.c\n'}
[6.295719] (px4_msgs) StdoutLine: {'line': b'-- Up-to-date: /home/giromi/Repos/VTOL/ws_sensor_combined_src/install/px4_msgs/include/px4_msgs/px4_msgs/msg/detail/wheel_encoders__type_support.h\n'}
[6.295777] (px4_msgs) StdoutLine: {'line': b'-- Up-to-date: /home/giromi/Repos/VTOL/ws_sensor_combined_src/install/px4_msgs/include/px4_msgs/px4_msgs/msg/detail/offboard_control_mode__struct.h\n'}
[6.295869] (px4_msgs) StdoutLine: {'line': b'-- Up-to-date: /home/giromi/Repos/VTOL/ws_sensor_combined_src/install/px4_msgs/include/px4_msgs/px4_msgs/msg/detail/landing_gear_wheel__struct.h\n'}
[6.295930] (px4_msgs) StdoutLine: {'line': b'-- Up-to-date: /home/giromi/Repos/VTOL/ws_sensor_combined_src/install/px4_msgs/include/px4_msgs/px4_msgs/msg/detail/internal_combustion_engine_status__struct.h\n'}
[6.295988] (px4_msgs) StdoutLine: {'line': b'-- Up-to-date: /home/giromi/Repos/VTOL/ws_sensor_combined_src/install/px4_msgs/include/px4_msgs/px4_msgs/msg/detail/magnetometer_bias_estimate__struct.h\n'}
[6.296046] (px4_msgs) StdoutLine: {'line': b'-- Up-to-date: /home/giromi/Repos/VTOL/ws_sensor_combined_src/install/px4_msgs/include/px4_msgs/px4_msgs/msg/detail/actuator_outputs__functions.c\n'}
[6.296119] (px4_msgs) StdoutLine: {'line': b'-- Up-to-date: /home/giromi/Repos/VTOL/ws_sensor_combined_src/install/px4_msgs/include/px4_msgs/px4_msgs/msg/detail/satellite_info__struct.h\n'}
[6.296218] (px4_msgs) StdoutLine: {'line': b'-- Up-to-date: /home/giromi/Repos/VTOL/ws_sensor_combined_src/install/px4_msgs/include/px4_msgs/px4_msgs/msg/detail/vehicle_angular_velocity__type_support.h\n'}
[6.296320] (px4_msgs) StdoutLine: {'line': b'-- Up-to-date: /home/giromi/Repos/VTOL/ws_sensor_combined_src/install/px4_msgs/include/px4_msgs/px4_msgs/msg/detail/mission__functions.c\n'}
[6.296446] (px4_msgs) StdoutLine: {'line': b'-- Up-to-date: /home/giromi/Repos/VTOL/ws_sensor_combined_src/install/px4_msgs/include/px4_msgs/px4_msgs/msg/detail/vehicle_command_ack__functions.c\n'}
[6.296540] (px4_msgs) StdoutLine: {'line': b'-- Up-to-date: /home/giromi/Repos/VTOL/ws_sensor_combined_src/install/px4_msgs/include/px4_msgs/px4_msgs/msg/detail/esc_status__functions.h\n'}
[6.296630] (px4_msgs) StdoutLine: {'line': b'-- Up-to-date: /home/giromi/Repos/VTOL/ws_sensor_combined_src/install/px4_msgs/include/px4_msgs/px4_msgs/msg/detail/camera_trigger__functions.h\n'}
[6.296723] (px4_msgs) StdoutLine: {'line': b'-- Up-to-date: /home/giromi/Repos/VTOL/ws_sensor_combined_src/install/px4_msgs/include/px4_msgs/px4_msgs/msg/detail/mag_worker_data__functions.c\n'}
[6.296820] (px4_msgs) StdoutLine: {'line': b'-- Up-to-date: /home/giromi/Repos/VTOL/ws_sensor_combined_src/install/px4_msgs/include/px4_msgs/px4_msgs/msg/detail/debug_array__struct.h\n'}
[6.296913] (px4_msgs) StdoutLine: {'line': b'-- Up-to-date: /home/giromi/Repos/VTOL/ws_sensor_combined_src/install/px4_msgs/include/px4_msgs/px4_msgs/msg/detail/airspeed__struct.h\n'}
[6.297021] (px4_msgs) StdoutLine: {'line': b'-- Up-to-date: /home/giromi/Repos/VTOL/ws_sensor_combined_src/install/px4_msgs/include/px4_msgs/px4_msgs/msg/detail/gpio_out__functions.h\n'}
[6.297125] (px4_msgs) StdoutLine: {'line': b'-- Up-to-date: /home/giromi/Repos/VTOL/ws_sensor_combined_src/install/px4_msgs/include/px4_msgs/px4_msgs/msg/detail/register_ext_component_reply__functions.h\n'}
[6.297205] (px4_msgs) StdoutLine: {'line': b'-- Up-to-date: /home/giromi/Repos/VTOL/ws_sensor_combined_src/install/px4_msgs/include/px4_msgs/px4_msgs/msg/detail/actuator_armed__functions.h\n'}
[6.297311] (px4_msgs) StdoutLine: {'line': b'-- Up-to-date: /home/giromi/Repos/VTOL/ws_sensor_combined_src/install/px4_msgs/include/px4_msgs/px4_msgs/msg/detail/vehicle_magnetometer__type_support.h\n'}
[6.297390] (px4_msgs) StdoutLine: {'line': b'-- Up-to-date: /home/giromi/Repos/VTOL/ws_sensor_combined_src/install/px4_msgs/include/px4_msgs/px4_msgs/msg/detail/orb_test_medium__type_support.h\n'}
[6.297486] (px4_msgs) StdoutLine: {'line': b'-- Up-to-date: /home/giromi/Repos/VTOL/ws_sensor_combined_src/install/px4_msgs/include/px4_msgs/px4_msgs/msg/detail/vehicle_trajectory_waypoint__functions.h\n'}
[6.297582] (px4_msgs) StdoutLine: {'line': b'-- Up-to-date: /home/giromi/Repos/VTOL/ws_sensor_combined_src/install/px4_msgs/include/px4_msgs/px4_msgs/msg/detail/follow_target_status__functions.h\n'}
[6.297685] (px4_msgs) StdoutLine: {'line': b'-- Up-to-date: /home/giromi/Repos/VTOL/ws_sensor_combined_src/install/px4_msgs/include/px4_msgs/px4_msgs/msg/detail/estimator_aid_source3d__type_support.h\n'}
[6.297770] (px4_msgs) StdoutLine: {'line': b'-- Up-to-date: /home/giromi/Repos/VTOL/ws_sensor_combined_src/install/px4_msgs/include/px4_msgs/px4_msgs/msg/detail/debug_array__functions.h\n'}
[6.297871] (px4_msgs) StdoutLine: {'line': b'-- Up-to-date: /home/giromi/Repos/VTOL/ws_sensor_combined_src/install/px4_msgs/include/px4_msgs/px4_msgs/msg/detail/estimator_states__struct.h\n'}
[6.297953] (px4_msgs) StdoutLine: {'line': b'-- Up-to-date: /home/giromi/Repos/VTOL/ws_sensor_combined_src/install/px4_msgs/include/px4_msgs/px4_msgs/msg/detail/battery_status__type_support.h\n'}
[6.298058] (px4_msgs) StdoutLine: {'line': b'-- Up-to-date: /home/giromi/Repos/VTOL/ws_sensor_combined_src/install/px4_msgs/include/px4_msgs/px4_msgs/msg/detail/debug_value__functions.h\n'}
[6.298148] (px4_msgs) StdoutLine: {'line': b'-- Up-to-date: /home/giromi/Repos/VTOL/ws_sensor_combined_src/install/px4_msgs/include/px4_msgs/px4_msgs/msg/detail/health_report__functions.h\n'}
[6.298243] (px4_msgs) StdoutLine: {'line': b'-- Up-to-date: /home/giromi/Repos/VTOL/ws_sensor_combined_src/install/px4_msgs/include/px4_msgs/px4_msgs/msg/detail/sensor_gyro__functions.c\n'}
[6.298331] (px4_msgs) StdoutLine: {'line': b'-- Up-to-date: /home/giromi/Repos/VTOL/ws_sensor_combined_src/install/px4_msgs/include/px4_msgs/px4_msgs/msg/detail/position_setpoint_triplet__struct.h\n'}
[6.298425] (px4_msgs) StdoutLine: {'line': b'-- Up-to-date: /home/giromi/Repos/VTOL/ws_sensor_combined_src/install/px4_msgs/include/px4_msgs/px4_msgs/msg/detail/landing_target_pose__struct.h\n'}
[6.298521] (px4_msgs) StdoutLine: {'line': b'-- Up-to-date: /home/giromi/Repos/VTOL/ws_sensor_combined_src/install/px4_msgs/include/px4_msgs/px4_msgs/msg/detail/mag_worker_data__functions.h\n'}
[6.298619] (px4_msgs) StdoutLine: {'line': b'-- Up-to-date: /home/giromi/Repos/VTOL/ws_sensor_combined_src/install/px4_msgs/include/px4_msgs/px4_msgs/msg/detail/register_ext_component_request__functions.c\n'}
[6.298708] (px4_msgs) StdoutLine: {'line': b'-- Up-to-date: /home/giromi/Repos/VTOL/ws_sensor_combined_src/install/px4_msgs/include/px4_msgs/px4_msgs/msg/detail/geofence_result__struct.h\n'}
[6.298803] (px4_msgs) StdoutLine: {'line': b'-- Up-to-date: /home/giromi/Repos/VTOL/ws_sensor_combined_src/install/px4_msgs/include/px4_msgs/px4_msgs/msg/detail/vehicle_attitude__struct.h\n'}
[6.298893] (px4_msgs) StdoutLine: {'line': b'-- Up-to-date: /home/giromi/Repos/VTOL/ws_sensor_combined_src/install/px4_msgs/include/px4_msgs/px4_msgs/msg/detail/led_control__struct.h\n'}
[6.299003] (px4_msgs) StdoutLine: {'line': b'-- Up-to-date: /home/giromi/Repos/VTOL/ws_sensor_combined_src/install/px4_msgs/include/px4_msgs/px4_msgs/msg/detail/obstacle_distance__type_support.h\n'}
[6.299096] (px4_msgs) StdoutLine: {'line': b'-- Up-to-date: /home/giromi/Repos/VTOL/ws_sensor_combined_src/install/px4_msgs/include/px4_msgs/px4_msgs/msg/detail/estimator_innovations__functions.h\n'}
[6.299174] (px4_msgs) StdoutLine: {'line': b'-- Up-to-date: /home/giromi/Repos/VTOL/ws_sensor_combined_src/install/px4_msgs/include/px4_msgs/px4_msgs/msg/detail/gimbal_manager_set_manual_control__type_support.h\n'}
[6.299267] (px4_msgs) StdoutLine: {'line': b'-- Up-to-date: /home/giromi/Repos/VTOL/ws_sensor_combined_src/install/px4_msgs/include/px4_msgs/px4_msgs/msg/detail/gpio_out__type_support.h\n'}
[6.299361] (px4_msgs) StdoutLine: {'line': b'-- Up-to-date: /home/giromi/Repos/VTOL/ws_sensor_combined_src/install/px4_msgs/include/px4_msgs/px4_msgs/msg/detail/camera_trigger__type_support.h\n'}
[6.299482] (px4_msgs) StdoutLine: {'line': b'-- Up-to-date: /home/giromi/Repos/VTOL/ws_sensor_combined_src/install/px4_msgs/include/px4_msgs/px4_msgs/msg/detail/magnetometer_bias_estimate__type_support.h\n'}
[6.299593] (px4_msgs) StdoutLine: {'line': b'-- Up-to-date: /home/giromi/Repos/VTOL/ws_sensor_combined_src/install/px4_msgs/include/px4_msgs/px4_msgs/msg/detail/arming_check_request__type_support.h\n'}
[6.299687] (px4_msgs) StdoutLine: {'line': b'-- Up-to-date: /home/giromi/Repos/VTOL/ws_sensor_combined_src/install/px4_msgs/include/px4_msgs/px4_msgs/msg/detail/unregister_ext_component__functions.c\n'}
[6.299780] (px4_msgs) StdoutLine: {'line': b'-- Up-to-date: /home/giromi/Repos/VTOL/ws_sensor_combined_src/install/px4_msgs/include/px4_msgs/px4_msgs/msg/detail/vehicle_odometry__functions.h\n'}
[6.299879] (px4_msgs) StdoutLine: {'line': b'-- Up-to-date: /home/giromi/Repos/VTOL/ws_sensor_combined_src/install/px4_msgs/include/px4_msgs/px4_msgs/msg/detail/transponder_report__type_support.h\n'}
[6.299968] (px4_msgs) StdoutLine: {'line': b'-- Up-to-date: /home/giromi/Repos/VTOL/ws_sensor_combined_src/install/px4_msgs/include/px4_msgs/px4_msgs/msg/detail/gps_inject_data__struct.h\n'}
[6.300063] (px4_msgs) StdoutLine: {'line': b'-- Up-to-date: /home/giromi/Repos/VTOL/ws_sensor_combined_src/install/px4_msgs/include/px4_msgs/px4_msgs/msg/detail/estimator_status__type_support.h\n'}
[6.300153] (px4_msgs) StdoutLine: {'line': b'-- Up-to-date: /home/giromi/Repos/VTOL/ws_sensor_combined_src/install/px4_msgs/include/px4_msgs/px4_msgs/msg/detail/pps_capture__functions.c\n'}
[6.300255] (px4_msgs) StdoutLine: {'line': b'-- Up-to-date: /home/giromi/Repos/VTOL/ws_sensor_combined_src/install/px4_msgs/include/px4_msgs/px4_msgs/msg/detail/distance_sensor__struct.h\n'}
[6.300345] (px4_msgs) StdoutLine: {'line': b'-- Up-to-date: /home/giromi/Repos/VTOL/ws_sensor_combined_src/install/px4_msgs/include/px4_msgs/px4_msgs/msg/detail/gpio_request__struct.h\n'}
[6.300443] (px4_msgs) StdoutLine: {'line': b'-- Up-to-date: /home/giromi/Repos/VTOL/ws_sensor_combined_src/install/px4_msgs/include/px4_msgs/px4_msgs/msg/detail/estimator_aid_source3d__functions.h\n'}
[6.300536] (px4_msgs) StdoutLine: {'line': b'-- Up-to-date: /home/giromi/Repos/VTOL/ws_sensor_combined_src/install/px4_msgs/include/px4_msgs/px4_msgs/msg/detail/vehicle_attitude__functions.h\n'}
[6.300638] (px4_msgs) StdoutLine: {'line': b'-- Up-to-date: /home/giromi/Repos/VTOL/ws_sensor_combined_src/install/px4_msgs/include/px4_msgs/px4_msgs/msg/detail/vehicle_attitude__type_support.h\n'}
[6.300717] (px4_msgs) StdoutLine: {'line': b'-- Up-to-date: /home/giromi/Repos/VTOL/ws_sensor_combined_src/install/px4_msgs/include/px4_msgs/px4_msgs/msg/detail/debug_array__type_support.h\n'}
[6.300810] (px4_msgs) StdoutLine: {'line': b'-- Up-to-date: /home/giromi/Repos/VTOL/ws_sensor_combined_src/install/px4_msgs/include/px4_msgs/px4_msgs/msg/detail/position_controller_status__functions.c\n'}
[6.300914] (px4_msgs) StdoutLine: {'line': b'-- Up-to-date: /home/giromi/Repos/VTOL/ws_sensor_combined_src/install/px4_msgs/include/px4_msgs/px4_msgs/msg/detail/ulog_stream_ack__type_support.h\n'}
[6.300998] (px4_msgs) StdoutLine: {'line': b'-- Up-to-date: /home/giromi/Repos/VTOL/ws_sensor_combined_src/install/px4_msgs/include/px4_msgs/px4_msgs/msg/detail/vehicle_thrust_setpoint__struct.h\n'}
[6.301092] (px4_msgs) StdoutLine: {'line': b'-- Up-to-date: /home/giromi/Repos/VTOL/ws_sensor_combined_src/install/px4_msgs/include/px4_msgs/px4_msgs/msg/detail/health_report__functions.c\n'}
[6.301196] (px4_msgs) StdoutLine: {'line': b'-- Up-to-date: /home/giromi/Repos/VTOL/ws_sensor_combined_src/install/px4_msgs/include/px4_msgs/px4_msgs/msg/detail/navigator_mission_item__functions.h\n'}
[6.301282] (px4_msgs) StdoutLine: {'line': b'-- Up-to-date: /home/giromi/Repos/VTOL/ws_sensor_combined_src/install/px4_msgs/include/px4_msgs/px4_msgs/msg/detail/cpuload__struct.h\n'}
[6.301372] (px4_msgs) StdoutLine: {'line': b'-- Up-to-date: /home/giromi/Repos/VTOL/ws_sensor_combined_src/install/px4_msgs/include/px4_msgs/px4_msgs/msg/detail/gpio_out__functions.c\n'}
[6.301466] (px4_msgs) StdoutLine: {'line': b'-- Up-to-date: /home/giromi/Repos/VTOL/ws_sensor_combined_src/install/px4_msgs/include/px4_msgs/px4_msgs/msg/detail/power_monitor__functions.c\n'}
[6.301558] (px4_msgs) StdoutLine: {'line': b'-- Up-to-date: /home/giromi/Repos/VTOL/ws_sensor_combined_src/install/px4_msgs/include/px4_msgs/px4_msgs/msg/detail/vehicle_torque_setpoint__type_support.h\n'}
[6.301653] (px4_msgs) StdoutLine: {'line': b'-- Up-to-date: /home/giromi/Repos/VTOL/ws_sensor_combined_src/install/px4_msgs/include/px4_msgs/px4_msgs/msg/detail/task_stack_info__type_support.h\n'}
[6.301749] (px4_msgs) StdoutLine: {'line': b'-- Up-to-date: /home/giromi/Repos/VTOL/ws_sensor_combined_src/install/px4_msgs/include/px4_msgs/px4_msgs/msg/detail/rc_parameter_map__type_support.h\n'}
[6.301848] (px4_msgs) StdoutLine: {'line': b'-- Up-to-date: /home/giromi/Repos/VTOL/ws_sensor_combined_src/install/px4_msgs/include/px4_msgs/px4_msgs/msg/detail/sensor_combined__type_support.h\n'}
[6.301930] (px4_msgs) StdoutLine: {'line': b'-- Up-to-date: /home/giromi/Repos/VTOL/ws_sensor_combined_src/install/px4_msgs/include/px4_msgs/px4_msgs/msg/detail/gimbal_manager_information__type_support.h\n'}
[6.302026] (px4_msgs) StdoutLine: {'line': b'-- Up-to-date: /home/giromi/Repos/VTOL/ws_sensor_combined_src/install/px4_msgs/include/px4_msgs/px4_msgs/msg/detail/autotune_attitude_control_status__struct.h\n'}
[6.302115] (px4_msgs) StdoutLine: {'line': b'-- Up-to-date: /home/giromi/Repos/VTOL/ws_sensor_combined_src/install/px4_msgs/include/px4_msgs/px4_msgs/msg/detail/sensor_baro__functions.c\n'}
[6.302212] (px4_msgs) StdoutLine: {'line': b'-- Up-to-date: /home/giromi/Repos/VTOL/ws_sensor_combined_src/install/px4_msgs/include/px4_msgs/px4_msgs/msg/detail/estimator_aid_source1d__struct.h\n'}
[6.302303] (px4_msgs) StdoutLine: {'line': b'-- Up-to-date: /home/giromi/Repos/VTOL/ws_sensor_combined_src/install/px4_msgs/include/px4_msgs/px4_msgs/msg/detail/airspeed__functions.h\n'}
[6.302396] (px4_msgs) StdoutLine: {'line': b'-- Up-to-date: /home/giromi/Repos/VTOL/ws_sensor_combined_src/install/px4_msgs/include/px4_msgs/px4_msgs/msg/detail/sensor_gyro_fifo__type_support.h\n'}
[6.302521] (px4_msgs) StdoutLine: {'line': b'-- Up-to-date: /home/giromi/Repos/VTOL/ws_sensor_combined_src/install/px4_msgs/include/px4_msgs/px4_msgs/msg/detail/gimbal_manager_information__struct.h\n'}
[6.302614] (px4_msgs) StdoutLine: {'line': b'-- Up-to-date: /home/giromi/Repos/VTOL/ws_sensor_combined_src/install/px4_msgs/include/px4_msgs/px4_msgs/msg/detail/gimbal_device_attitude_status__type_support.h\n'}
[6.302708] (px4_msgs) StdoutLine: {'line': b'-- Up-to-date: /home/giromi/Repos/VTOL/ws_sensor_combined_src/install/px4_msgs/include/px4_msgs/px4_msgs/msg/detail/wheel_encoders__struct.h\n'}
[6.302804] (px4_msgs) StdoutLine: {'line': b'-- Up-to-date: /home/giromi/Repos/VTOL/ws_sensor_combined_src/install/px4_msgs/include/px4_msgs/px4_msgs/msg/detail/estimator_gps_status__functions.h\n'}
[6.302899] (px4_msgs) StdoutLine: {'line': b'-- Up-to-date: /home/giromi/Repos/VTOL/ws_sensor_combined_src/install/px4_msgs/include/px4_msgs/px4_msgs/msg/detail/debug_vect__type_support.h\n'}
[6.302991] (px4_msgs) StdoutLine: {'line': b'-- Up-to-date: /home/giromi/Repos/VTOL/ws_sensor_combined_src/install/px4_msgs/include/px4_msgs/px4_msgs/msg/detail/orb_test_medium__functions.c\n'}
[6.303079] (px4_msgs) StdoutLine: {'line': b'-- Up-to-date: /home/giromi/Repos/VTOL/ws_sensor_combined_src/install/px4_msgs/include/px4_msgs/px4_msgs/msg/detail/position_setpoint__functions.c\n'}
[6.303198] (px4_msgs) StdoutLine: {'line': b'-- Up-to-date: /home/giromi/Repos/VTOL/ws_sensor_combined_src/install/px4_msgs/include/px4_msgs/px4_msgs/msg/detail/vehicle_command__struct.h\n'}
[6.303303] (px4_msgs) StdoutLine: {'line': b'-- Up-to-date: /home/giromi/Repos/VTOL/ws_sensor_combined_src/install/px4_msgs/include/px4_msgs/px4_msgs/msg/detail/telemetry_status__struct.h\n'}
[6.303406] (px4_msgs) StdoutLine: {'line': b'-- Up-to-date: /home/giromi/Repos/VTOL/ws_sensor_combined_src/install/px4_msgs/include/px4_msgs/px4_msgs/msg/detail/navigator_mission_item__functions.c\n'}
[6.303565] (px4_msgs) StdoutLine: {'line': b'-- Up-to-date: /home/giromi/Repos/VTOL/ws_sensor_combined_src/install/px4_msgs/include/px4_msgs/px4_msgs/msg/detail/px4io_status__struct.h\n'}
[6.303698] (px4_msgs) StdoutLine: {'line': b'-- Up-to-date: /home/giromi/Repos/VTOL/ws_sensor_combined_src/install/px4_msgs/include/px4_msgs/px4_msgs/msg/detail/collision_report__functions.c\n'}
[6.303829] (px4_msgs) StdoutLine: {'line': b'-- Up-to-date: /home/giromi/Repos/VTOL/ws_sensor_combined_src/install/px4_msgs/include/px4_msgs/px4_msgs/msg/detail/mission__functions.h\n'}
[6.303946] (px4_msgs) StdoutLine: {'line': b'-- Up-to-date: /home/giromi/Repos/VTOL/ws_sensor_combined_src/install/px4_msgs/include/px4_msgs/px4_msgs/msg/detail/vehicle_air_data__functions.c\n'}
[6.304044] (px4_msgs) StdoutLine: {'line': b'-- Up-to-date: /home/giromi/Repos/VTOL/ws_sensor_combined_src/install/px4_msgs/include/px4_msgs/px4_msgs/msg/detail/estimator_bias__type_support.h\n'}
[6.304133] (px4_msgs) StdoutLine: {'line': b'-- Up-to-date: /home/giromi/Repos/VTOL/ws_sensor_combined_src/install/px4_msgs/include/px4_msgs/px4_msgs/msg/detail/position_controller_status__type_support.h\n'}
[6.304216] (px4_msgs) StdoutLine: {'line': b'-- Up-to-date: /home/giromi/Repos/VTOL/ws_sensor_combined_src/install/px4_msgs/include/px4_msgs/px4_msgs/msg/detail/generator_status__struct.h\n'}
[6.304312] (px4_msgs) StdoutLine: {'line': b'-- Up-to-date: /home/giromi/Repos/VTOL/ws_sensor_combined_src/install/px4_msgs/include/px4_msgs/px4_msgs/msg/detail/ping__struct.h\n'}
[6.304416] (px4_msgs) StdoutLine: {'line': b'-- Up-to-date: /home/giromi/Repos/VTOL/ws_sensor_combined_src/install/px4_msgs/include/px4_msgs/px4_msgs/msg/detail/manual_control_setpoint__type_support.h\n'}
[6.304654] (px4_msgs) StdoutLine: {'line': b'-- Up-to-date: /home/giromi/Repos/VTOL/ws_sensor_combined_src/install/px4_msgs/include/px4_msgs/px4_msgs/msg/detail/pwm_input__functions.h\n'}
[6.304754] (px4_msgs) StdoutLine: {'line': b'-- Up-to-date: /home/giromi/Repos/VTOL/ws_sensor_combined_src/install/px4_msgs/include/px4_msgs/px4_msgs/msg/detail/mission_result__functions.h\n'}
[6.304865] (px4_msgs) StdoutLine: {'line': b'-- Up-to-date: /home/giromi/Repos/VTOL/ws_sensor_combined_src/install/px4_msgs/include/px4_msgs/px4_msgs/msg/detail/actuator_controls_status__functions.c\n'}
[6.304971] (px4_msgs) StdoutLine: {'line': b'-- Up-to-date: /home/giromi/Repos/VTOL/ws_sensor_combined_src/install/px4_msgs/include/px4_msgs/px4_msgs/msg/detail/vehicle_trajectory_bezier__functions.c\n'}
[6.305091] (px4_msgs) StdoutLine: {'line': b'-- Up-to-date: /home/giromi/Repos/VTOL/ws_sensor_combined_src/install/px4_msgs/include/px4_msgs/px4_msgs/msg/detail/sensors_status_imu__functions.h\n'}
[6.305196] (px4_msgs) StdoutLine: {'line': b'-- Up-to-date: /home/giromi/Repos/VTOL/ws_sensor_combined_src/install/px4_msgs/include/px4_msgs/px4_msgs/msg/detail/uavcan_parameter_value__type_support.h\n'}
[6.305294] (px4_msgs) StdoutLine: {'line': b'-- Up-to-date: /home/giromi/Repos/VTOL/ws_sensor_combined_src/install/px4_msgs/include/px4_msgs/px4_msgs/msg/detail/vehicle_thrust_setpoint__functions.c\n'}
[6.305402] (px4_msgs) StdoutLine: {'line': b'-- Up-to-date: /home/giromi/Repos/VTOL/ws_sensor_combined_src/install/px4_msgs/include/px4_msgs/px4_msgs/msg/detail/task_stack_info__functions.c\n'}
[6.305499] (px4_msgs) StdoutLine: {'line': b'-- Up-to-date: /home/giromi/Repos/VTOL/ws_sensor_combined_src/install/px4_msgs/include/px4_msgs/px4_msgs/msg/detail/sensors_status_imu__functions.c\n'}
[6.305589] (px4_msgs) StdoutLine: {'line': b'-- Up-to-date: /home/giromi/Repos/VTOL/ws_sensor_combined_src/install/px4_msgs/include/px4_msgs/px4_msgs/msg/detail/cpuload__type_support.h\n'}
[6.305691] (px4_msgs) StdoutLine: {'line': b'-- Up-to-date: /home/giromi/Repos/VTOL/ws_sensor_combined_src/install/px4_msgs/include/px4_msgs/px4_msgs/msg/detail/velocity_limits__type_support.h\n'}
[6.305790] (px4_msgs) StdoutLine: {'line': b'-- Up-to-date: /home/giromi/Repos/VTOL/ws_sensor_combined_src/install/px4_msgs/include/px4_msgs/px4_msgs/msg/detail/airspeed__functions.c\n'}
[6.305883] (px4_msgs) StdoutLine: {'line': b'-- Up-to-date: /home/giromi/Repos/VTOL/ws_sensor_combined_src/install/px4_msgs/include/px4_msgs/px4_msgs/msg/detail/vehicle_status__functions.c\n'}
[6.305983] (px4_msgs) StdoutLine: {'line': b'-- Up-to-date: /home/giromi/Repos/VTOL/ws_sensor_combined_src/install/px4_msgs/include/px4_msgs/px4_msgs/msg/detail/vehicle_constraints__type_support.h\n'}
[6.306067] (px4_msgs) StdoutLine: {'line': b'-- Up-to-date: /home/giromi/Repos/VTOL/ws_sensor_combined_src/install/px4_msgs/include/px4_msgs/px4_msgs/msg/detail/mission__struct.h\n'}
[6.306161] (px4_msgs) StdoutLine: {'line': b'-- Up-to-date: /home/giromi/Repos/VTOL/ws_sensor_combined_src/install/px4_msgs/include/px4_msgs/px4_msgs/msg/detail/gripper__functions.c\n'}
[6.306252] (px4_msgs) StdoutLine: {'line': b'-- Up-to-date: /home/giromi/Repos/VTOL/ws_sensor_combined_src/install/px4_msgs/include/px4_msgs/px4_msgs/msg/detail/uavcan_parameter_value__functions.c\n'}
[6.306346] (px4_msgs) StdoutLine: {'line': b'-- Up-to-date: /home/giromi/Repos/VTOL/ws_sensor_combined_src/install/px4_msgs/include/px4_msgs/px4_msgs/msg/detail/radio_status__functions.h\n'}
[6.306435] (px4_msgs) StdoutLine: {'line': b'-- Up-to-date: /home/giromi/Repos/VTOL/ws_sensor_combined_src/install/px4_msgs/include/px4_msgs/px4_msgs/msg/detail/actuator_outputs__struct.h\n'}
[6.306529] (px4_msgs) StdoutLine: {'line': b'-- Up-to-date: /home/giromi/Repos/VTOL/ws_sensor_combined_src/install/px4_msgs/include/px4_msgs/px4_msgs/msg/detail/landing_target_pose__functions.c\n'}
[6.306625] (px4_msgs) StdoutLine: {'line': b'-- Up-to-date: /home/giromi/Repos/VTOL/ws_sensor_combined_src/install/px4_msgs/include/px4_msgs/px4_msgs/msg/detail/goto_setpoint__functions.c\n'}
[6.306719] (px4_msgs) StdoutLine: {'line': b'-- Up-to-date: /home/giromi/Repos/VTOL/ws_sensor_combined_src/install/px4_msgs/include/px4_msgs/px4_msgs/msg/detail/trajectory_setpoint__functions.h\n'}
[6.306813] (px4_msgs) StdoutLine: {'line': b'-- Up-to-date: /home/giromi/Repos/VTOL/ws_sensor_combined_src/install/px4_msgs/include/px4_msgs/px4_msgs/msg/detail/mavlink_log__type_support.h\n'}
[6.306904] (px4_msgs) StdoutLine: {'line': b'-- Up-to-date: /home/giromi/Repos/VTOL/ws_sensor_combined_src/install/px4_msgs/include/px4_msgs/px4_msgs/msg/detail/mode_completed__functions.h\n'}
[6.307009] (px4_msgs) StdoutLine: {'line': b'-- Up-to-date: /home/giromi/Repos/VTOL/ws_sensor_combined_src/install/px4_msgs/include/px4_msgs/px4_msgs/msg/detail/ekf2_timestamps__type_support.h\n'}
[6.307089] (px4_msgs) StdoutLine: {'line': b'-- Up-to-date: /home/giromi/Repos/VTOL/ws_sensor_combined_src/install/px4_msgs/include/px4_msgs/px4_msgs/msg/detail/vtol_vehicle_status__functions.h\n'}
[6.307182] (px4_msgs) StdoutLine: {'line': b'-- Up-to-date: /home/giromi/Repos/VTOL/ws_sensor_combined_src/install/px4_msgs/include/px4_msgs/px4_msgs/msg/detail/mag_worker_data__struct.h\n'}
[6.307287] (px4_msgs) StdoutLine: {'line': b'-- Up-to-date: /home/giromi/Repos/VTOL/ws_sensor_combined_src/install/px4_msgs/include/px4_msgs/px4_msgs/msg/detail/debug_key_value__functions.h\n'}
[6.307390] (px4_msgs) StdoutLine: {'line': b'-- Up-to-date: /home/giromi/Repos/VTOL/ws_sensor_combined_src/install/px4_msgs/include/px4_msgs/px4_msgs/msg/detail/follow_target_status__functions.c\n'}
[6.307500] (px4_msgs) StdoutLine: {'line': b'-- Up-to-date: /home/giromi/Repos/VTOL/ws_sensor_combined_src/install/px4_msgs/include/px4_msgs/px4_msgs/msg/detail/sensor_gps__struct.h\n'}
[6.307617] (px4_msgs) StdoutLine: {'line': b'-- Up-to-date: /home/giromi/Repos/VTOL/ws_sensor_combined_src/install/px4_msgs/include/px4_msgs/px4_msgs/msg/detail/actuator_servos_trim__functions.c\n'}
[6.307717] (px4_msgs) StdoutLine: {'line': b'-- Up-to-date: /home/giromi/Repos/VTOL/ws_sensor_combined_src/install/px4_msgs/include/px4_msgs/px4_msgs/msg/detail/tecs_status__struct.h\n'}
[6.307838] (px4_msgs) StdoutLine: {'line': b'-- Up-to-date: /home/giromi/Repos/VTOL/ws_sensor_combined_src/install/px4_msgs/include/px4_msgs/px4_msgs/msg/detail/takeoff_status__struct.h\n'}
[6.307942] (px4_msgs) StdoutLine: {'line': b'-- Up-to-date: /home/giromi/Repos/VTOL/ws_sensor_combined_src/install/px4_msgs/include/px4_msgs/px4_msgs/msg/detail/orb_test__struct.h\n'}
[6.308036] (px4_msgs) StdoutLine: {'line': b'-- Up-to-date: /home/giromi/Repos/VTOL/ws_sensor_combined_src/install/px4_msgs/include/px4_msgs/px4_msgs/msg/detail/qshell_retval__type_support.h\n'}
[6.308140] (px4_msgs) StdoutLine: {'line': b'-- Up-to-date: /home/giromi/Repos/VTOL/ws_sensor_combined_src/install/px4_msgs/include/px4_msgs/px4_msgs/msg/detail/sensor_gyro_fft__functions.h\n'}
[6.308219] (px4_msgs) StdoutLine: {'line': b'-- Up-to-date: /home/giromi/Repos/VTOL/ws_sensor_combined_src/install/px4_msgs/include/px4_msgs/px4_msgs/msg/detail/launch_detection_status__functions.h\n'}
[6.308310] (px4_msgs) StdoutLine: {'line': b'-- Up-to-date: /home/giromi/Repos/VTOL/ws_sensor_combined_src/install/px4_msgs/include/px4_msgs/px4_msgs/msg/detail/vehicle_thrust_setpoint__functions.h\n'}
[6.308413] (px4_msgs) StdoutLine: {'line': b'-- Up-to-date: /home/giromi/Repos/VTOL/ws_sensor_combined_src/install/px4_msgs/include/px4_msgs/px4_msgs/msg/detail/tecs_status__functions.c\n'}
[6.308503] (px4_msgs) StdoutLine: {'line': b'-- Up-to-date: /home/giromi/Repos/VTOL/ws_sensor_combined_src/install/px4_msgs/include/px4_msgs/px4_msgs/msg/detail/position_controller_landing_status__type_support.h\n'}
[6.308599] (px4_msgs) StdoutLine: {'line': b'-- Up-to-date: /home/giromi/Repos/VTOL/ws_sensor_combined_src/install/px4_msgs/include/px4_msgs/px4_msgs/msg/detail/follow_target_status__struct.h\n'}
[6.308690] (px4_msgs) StdoutLine: {'line': b'-- Up-to-date: /home/giromi/Repos/VTOL/ws_sensor_combined_src/install/px4_msgs/include/px4_msgs/px4_msgs/msg/detail/sensor_mag__struct.h\n'}
[6.308783] (px4_msgs) StdoutLine: {'line': b'-- Up-to-date: /home/giromi/Repos/VTOL/ws_sensor_combined_src/install/px4_msgs/include/px4_msgs/px4_msgs/msg/detail/vehicle_angular_velocity__functions.c\n'}
[6.308876] (px4_msgs) StdoutLine: {'line': b'-- Up-to-date: /home/giromi/Repos/VTOL/ws_sensor_combined_src/install/px4_msgs/include/px4_msgs/px4_msgs/msg/detail/rtl_time_estimate__functions.h\n'}
[6.309038] (px4_msgs) StdoutLine: {'line': b'-- Up-to-date: /home/giromi/Repos/VTOL/ws_sensor_combined_src/install/px4_msgs/include/px4_msgs/px4_msgs/msg/detail/estimator_sensor_bias__type_support.h\n'}
[6.309159] (px4_msgs) StdoutLine: {'line': b'-- Up-to-date: /home/giromi/Repos/VTOL/ws_sensor_combined_src/install/px4_msgs/include/px4_msgs/px4_msgs/msg/detail/vehicle_trajectory_waypoint__functions.c\n'}
[6.309259] (px4_msgs) StdoutLine: {'line': b'-- Up-to-date: /home/giromi/Repos/VTOL/ws_sensor_combined_src/install/px4_msgs/include/px4_msgs/px4_msgs/msg/detail/position_controller_status__functions.h\n'}
[6.309365] (px4_msgs) StdoutLine: {'line': b'-- Up-to-date: /home/giromi/Repos/VTOL/ws_sensor_combined_src/install/px4_msgs/include/px4_msgs/px4_msgs/msg/detail/gpio_in__struct.h\n'}
[6.309481] (px4_msgs) StdoutLine: {'line': b'-- Up-to-date: /home/giromi/Repos/VTOL/ws_sensor_combined_src/install/px4_msgs/include/px4_msgs/px4_msgs/msg/detail/landing_gear_wheel__functions.h\n'}
[6.309573] (px4_msgs) StdoutLine: {'line': b'-- Up-to-date: /home/giromi/Repos/VTOL/ws_sensor_combined_src/install/px4_msgs/include/px4_msgs/px4_msgs/msg/detail/manual_control_switches__struct.h\n'}
[6.309682] (px4_msgs) StdoutLine: {'line': b'-- Up-to-date: /home/giromi/Repos/VTOL/ws_sensor_combined_src/install/px4_msgs/include/px4_msgs/px4_msgs/msg/detail/tiltrotor_extra_controls__functions.h\n'}
[6.309814] (px4_msgs) StdoutLine: {'line': b'-- Up-to-date: /home/giromi/Repos/VTOL/ws_sensor_combined_src/install/px4_msgs/include/px4_msgs/px4_msgs/msg/detail/actuator_controls_status__functions.h\n'}
[6.309926] (px4_msgs) StdoutLine: {'line': b'-- Up-to-date: /home/giromi/Repos/VTOL/ws_sensor_combined_src/install/px4_msgs/include/px4_msgs/px4_msgs/msg/detail/power_button_state__struct.h\n'}
[6.310022] (px4_msgs) StdoutLine: {'line': b'-- Up-to-date: /home/giromi/Repos/VTOL/ws_sensor_combined_src/install/px4_msgs/include/px4_msgs/px4_msgs/msg/detail/gimbal_controls__type_support.h\n'}
[6.310116] (px4_msgs) StdoutLine: {'line': b'-- Up-to-date: /home/giromi/Repos/VTOL/ws_sensor_combined_src/install/px4_msgs/include/px4_msgs/px4_msgs/msg/detail/mission_result__struct.h\n'}
[6.310217] (px4_msgs) StdoutLine: {'line': b'-- Up-to-date: /home/giromi/Repos/VTOL/ws_sensor_combined_src/install/px4_msgs/include/px4_msgs/px4_msgs/msg/detail/input_rc__struct.h\n'}
[6.310318] (px4_msgs) StdoutLine: {'line': b'-- Up-to-date: /home/giromi/Repos/VTOL/ws_sensor_combined_src/install/px4_msgs/include/px4_msgs/px4_msgs/msg/detail/gimbal_controls__functions.c\n'}
[6.310460] (px4_msgs) StdoutLine: {'line': b'-- Up-to-date: /home/giromi/Repos/VTOL/ws_sensor_combined_src/install/px4_msgs/include/px4_msgs/px4_msgs/msg/detail/sensor_selection__type_support.h\n'}
[6.310564] (px4_msgs) StdoutLine: {'line': b'-- Up-to-date: /home/giromi/Repos/VTOL/ws_sensor_combined_src/install/px4_msgs/include/px4_msgs/px4_msgs/msg/detail/launch_detection_status__struct.h\n'}
[6.310665] (px4_msgs) StdoutLine: {'line': b'-- Up-to-date: /home/giromi/Repos/VTOL/ws_sensor_combined_src/install/px4_msgs/include/px4_msgs/px4_msgs/msg/detail/gimbal_device_attitude_status__functions.h\n'}
[6.310767] (px4_msgs) StdoutLine: {'line': b'-- Up-to-date: /home/giromi/Repos/VTOL/ws_sensor_combined_src/install/px4_msgs/include/px4_msgs/px4_msgs/msg/detail/esc_status__struct.h\n'}
[6.310876] (px4_msgs) StdoutLine: {'line': b'-- Up-to-date: /home/giromi/Repos/VTOL/ws_sensor_combined_src/install/px4_msgs/include/px4_msgs/px4_msgs/msg/detail/launch_detection_status__type_support.h\n'}
[6.310977] (px4_msgs) StdoutLine: {'line': b'-- Up-to-date: /home/giromi/Repos/VTOL/ws_sensor_combined_src/install/px4_msgs/include/px4_msgs/px4_msgs/msg/detail/position_setpoint__struct.h\n'}
[6.311071] (px4_msgs) StdoutLine: {'line': b'-- Up-to-date: /home/giromi/Repos/VTOL/ws_sensor_combined_src/install/px4_msgs/include/px4_msgs/px4_msgs/msg/detail/vehicle_command__functions.h\n'}
[6.311169] (px4_msgs) StdoutLine: {'line': b'-- Up-to-date: /home/giromi/Repos/VTOL/ws_sensor_combined_src/install/px4_msgs/include/px4_msgs/px4_msgs/msg/detail/vehicle_roi__functions.h\n'}
[6.311288] (px4_msgs) StdoutLine: {'line': b'-- Up-to-date: /home/giromi/Repos/VTOL/ws_sensor_combined_src/install/px4_msgs/include/px4_msgs/px4_msgs/msg/detail/trajectory_setpoint__type_support.h\n'}
[6.311476] (px4_msgs) StdoutLine: {'line': b'-- Up-to-date: /home/giromi/Repos/VTOL/ws_sensor_combined_src/install/px4_msgs/include/px4_msgs/px4_msgs/msg/detail/gripper__type_support.h\n'}
[6.311588] (px4_msgs) StdoutLine: {'line': b'-- Up-to-date: /home/giromi/Repos/VTOL/ws_sensor_combined_src/install/px4_msgs/include/px4_msgs/px4_msgs/msg/detail/landing_target_innovations__type_support.h\n'}
[6.311683] (px4_msgs) StdoutLine: {'line': b'-- Up-to-date: /home/giromi/Repos/VTOL/ws_sensor_combined_src/install/px4_msgs/include/px4_msgs/px4_msgs/msg/detail/manual_control_switches__functions.h\n'}
[6.311792] (px4_msgs) StdoutLine: {'line': b'-- Up-to-date: /home/giromi/Repos/VTOL/ws_sensor_combined_src/install/px4_msgs/include/px4_msgs/px4_msgs/msg/detail/failsafe_flags__struct.h\n'}
[6.311933] (px4_msgs) StdoutLine: {'line': b'-- Up-to-date: /home/giromi/Repos/VTOL/ws_sensor_combined_src/install/px4_msgs/include/px4_msgs/px4_msgs/msg/detail/sensor_correction__functions.c\n'}
[6.312026] (px4_msgs) StdoutLine: {'line': b'-- Up-to-date: /home/giromi/Repos/VTOL/ws_sensor_combined_src/install/px4_msgs/include/px4_msgs/px4_msgs/msg/detail/obstacle_distance__functions.c\n'}
[6.312119] (px4_msgs) StdoutLine: {'line': b'-- Up-to-date: /home/giromi/Repos/VTOL/ws_sensor_combined_src/install/px4_msgs/include/px4_msgs/px4_msgs/msg/detail/trajectory_setpoint__struct.h\n'}
[6.312244] (px4_msgs) StdoutLine: {'line': b'-- Up-to-date: /home/giromi/Repos/VTOL/ws_sensor_combined_src/install/px4_msgs/include/px4_msgs/px4_msgs/msg/detail/estimator_event_flags__functions.h\n'}
[6.312427] (px4_msgs) StdoutLine: {'line': b'-- Up-to-date: /home/giromi/Repos/VTOL/ws_sensor_combined_src/install/px4_msgs/include/px4_msgs/px4_msgs/msg/detail/landing_gear_wheel__type_support.h\n'}
[6.312652] (px4_msgs) StdoutLine: {'line': b'-- Up-to-date: /home/giromi/Repos/VTOL/ws_sensor_combined_src/install/px4_msgs/include/px4_msgs/px4_msgs/msg/detail/gimbal_manager_status__functions.h\n'}
[6.312877] (px4_msgs) StdoutLine: {'line': b'-- Up-to-date: /home/giromi/Repos/VTOL/ws_sensor_combined_src/install/px4_msgs/include/px4_msgs/px4_msgs/msg/detail/estimator_selector_status__struct.h\n'}
[6.313069] (px4_msgs) StdoutLine: {'line': b'-- Up-to-date: /home/giromi/Repos/VTOL/ws_sensor_combined_src/install/px4_msgs/include/px4_msgs/px4_msgs/msg/detail/vehicle_imu__functions.h\n'}
[6.313241] (px4_msgs) StdoutLine: {'line': b'-- Up-to-date: /home/giromi/Repos/VTOL/ws_sensor_combined_src/install/px4_msgs/include/px4_msgs/px4_msgs/msg/detail/message_format_response__functions.c\n'}
[6.313416] (px4_msgs) StdoutLine: {'line': b'-- Up-to-date: /home/giromi/Repos/VTOL/ws_sensor_combined_src/install/px4_msgs/include/px4_msgs/px4_msgs/msg/detail/vehicle_imu_status__functions.h\n'}
[6.313620] (px4_msgs) StdoutLine: {'line': b'-- Up-to-date: /home/giromi/Repos/VTOL/ws_sensor_combined_src/install/px4_msgs/include/px4_msgs/px4_msgs/msg/detail/sensor_gyro_fft__struct.h\n'}
[6.313811] (px4_msgs) StdoutLine: {'line': b'-- Up-to-date: /home/giromi/Repos/VTOL/ws_sensor_combined_src/install/px4_msgs/include/px4_msgs/px4_msgs/msg/detail/message_format_request__struct.h\n'}
[6.313997] (px4_msgs) StdoutLine: {'line': b'-- Up-to-date: /home/giromi/Repos/VTOL/ws_sensor_combined_src/install/px4_msgs/include/px4_msgs/px4_msgs/msg/detail/actuator_servos__functions.h\n'}
[6.314175] (px4_msgs) StdoutLine: {'line': b'-- Up-to-date: /home/giromi/Repos/VTOL/ws_sensor_combined_src/install/px4_msgs/include/px4_msgs/px4_msgs/msg/detail/yaw_estimator_status__struct.h\n'}
[6.314357] (px4_msgs) StdoutLine: {'line': b'-- Up-to-date: /home/giromi/Repos/VTOL/ws_sensor_combined_src/install/px4_msgs/include/px4_msgs/px4_msgs/msg/detail/sensor_preflight_mag__functions.h\n'}
[6.314515] (px4_msgs) StdoutLine: {'line': b'-- Up-to-date: /home/giromi/Repos/VTOL/ws_sensor_combined_src/install/px4_msgs/include/px4_msgs/px4_msgs/msg/detail/yaw_estimator_status__functions.c\n'}
[6.314662] (px4_msgs) StdoutLine: {'line': b'-- Up-to-date: /home/giromi/Repos/VTOL/ws_sensor_combined_src/install/px4_msgs/include/px4_msgs/px4_msgs/msg/detail/logger_status__type_support.h\n'}
[6.314831] (px4_msgs) StdoutLine: {'line': b'-- Up-to-date: /home/giromi/Repos/VTOL/ws_sensor_combined_src/install/px4_msgs/include/px4_msgs/px4_msgs/msg/detail/button_event__functions.h\n'}
[6.315018] (px4_msgs) StdoutLine: {'line': b'-- Up-to-date: /home/giromi/Repos/VTOL/ws_sensor_combined_src/install/px4_msgs/include/px4_msgs/px4_msgs/msg/detail/iridiumsbd_status__type_support.h\n'}
[6.315191] (-) TimerEvent: {}
[6.315401] (px4_msgs) StdoutLine: {'line': b'-- Up-to-date: /home/giromi/Repos/VTOL/ws_sensor_combined_src/install/px4_msgs/include/px4_msgs/px4_msgs/msg/detail/event__functions.c\n'}
[6.315583] (px4_msgs) StdoutLine: {'line': b'-- Up-to-date: /home/giromi/Repos/VTOL/ws_sensor_combined_src/install/px4_msgs/include/px4_msgs/px4_msgs/msg/detail/vehicle_local_position__struct.h\n'}
[6.315771] (px4_msgs) StdoutLine: {'line': b'-- Up-to-date: /home/giromi/Repos/VTOL/ws_sensor_combined_src/install/px4_msgs/include/px4_msgs/px4_msgs/msg/detail/sensor_selection__functions.h\n'}
[6.315945] (px4_msgs) StdoutLine: {'line': b'-- Up-to-date: /home/giromi/Repos/VTOL/ws_sensor_combined_src/install/px4_msgs/include/px4_msgs/px4_msgs/msg/detail/register_ext_component_request__struct.h\n'}
[6.316133] (px4_msgs) StdoutLine: {'line': b'-- Up-to-date: /home/giromi/Repos/VTOL/ws_sensor_combined_src/install/px4_msgs/include/px4_msgs/px4_msgs/msg/detail/sensor_airflow__functions.c\n'}
[6.316309] (px4_msgs) StdoutLine: {'line': b'-- Up-to-date: /home/giromi/Repos/VTOL/ws_sensor_combined_src/install/px4_msgs/include/px4_msgs/px4_msgs/msg/detail/vehicle_trajectory_bezier__struct.h\n'}
[6.316489] (px4_msgs) StdoutLine: {'line': b'-- Up-to-date: /home/giromi/Repos/VTOL/ws_sensor_combined_src/install/px4_msgs/include/px4_msgs/px4_msgs/msg/detail/obstacle_distance__struct.h\n'}
[6.316671] (px4_msgs) StdoutLine: {'line': b'-- Up-to-date: /home/giromi/Repos/VTOL/ws_sensor_combined_src/install/px4_msgs/include/px4_msgs/px4_msgs/msg/detail/sensor_baro__type_support.h\n'}
[6.316850] (px4_msgs) StdoutLine: {'line': b'-- Up-to-date: /home/giromi/Repos/VTOL/ws_sensor_combined_src/install/px4_msgs/include/px4_msgs/px4_msgs/msg/detail/follow_target_estimator__type_support.h\n'}
[6.316983] (px4_msgs) StdoutLine: {'line': b'-- Up-to-date: /home/giromi/Repos/VTOL/ws_sensor_combined_src/install/px4_msgs/include/px4_msgs/px4_msgs/msg/detail/led_control__functions.c\n'}
[6.317223] (px4_msgs) StdoutLine: {'line': b'-- Up-to-date: /home/giromi/Repos/VTOL/ws_sensor_combined_src/install/px4_msgs/include/px4_msgs/px4_msgs/msg/detail/orbit_status__struct.h\n'}
[6.317428] (px4_msgs) StdoutLine: {'line': b'-- Up-to-date: /home/giromi/Repos/VTOL/ws_sensor_combined_src/install/px4_msgs/include/px4_msgs/px4_msgs/msg/detail/generator_status__functions.c\n'}
[6.317674] (px4_msgs) StdoutLine: {'line': b'-- Up-to-date: /home/giromi/Repos/VTOL/ws_sensor_combined_src/install/px4_msgs/include/px4_msgs/px4_msgs/msg/detail/takeoff_status__type_support.h\n'}
[6.317903] (px4_msgs) StdoutLine: {'line': b'-- Up-to-date: /home/giromi/Repos/VTOL/ws_sensor_combined_src/install/px4_msgs/include/px4_msgs/px4_msgs/msg/detail/vehicle_torque_setpoint__functions.h\n'}
[6.318124] (px4_msgs) StdoutLine: {'line': b'-- Up-to-date: /home/giromi/Repos/VTOL/ws_sensor_combined_src/install/px4_msgs/include/px4_msgs/px4_msgs/msg/detail/radio_status__functions.c\n'}
[6.318329] (px4_msgs) StdoutLine: {'line': b'-- Up-to-date: /home/giromi/Repos/VTOL/ws_sensor_combined_src/install/px4_msgs/include/px4_msgs/px4_msgs/msg/detail/goto_setpoint__struct.h\n'}
[6.318549] (px4_msgs) StdoutLine: {'line': b'-- Up-to-date: /home/giromi/Repos/VTOL/ws_sensor_combined_src/install/px4_msgs/include/px4_msgs/px4_msgs/msg/detail/estimator_bias3d__struct.h\n'}
[6.318875] (px4_msgs) StdoutLine: {'line': b'-- Up-to-date: /home/giromi/Repos/VTOL/ws_sensor_combined_src/install/px4_msgs/include/px4_msgs/px4_msgs/msg/detail/figure_eight_status__functions.c\n'}
[6.319108] (px4_msgs) StdoutLine: {'line': b'-- Up-to-date: /home/giromi/Repos/VTOL/ws_sensor_combined_src/install/px4_msgs/include/px4_msgs/px4_msgs/msg/detail/vehicle_trajectory_waypoint__struct.h\n'}
[6.319319] (px4_msgs) StdoutLine: {'line': b'-- Up-to-date: /home/giromi/Repos/VTOL/ws_sensor_combined_src/install/px4_msgs/include/px4_msgs/px4_msgs/msg/detail/vehicle_control_mode__type_support.h\n'}
[6.319550] (px4_msgs) StdoutLine: {'line': b'-- Up-to-date: /home/giromi/Repos/VTOL/ws_sensor_combined_src/install/px4_msgs/include/px4_msgs/px4_msgs/msg/detail/debug_array__functions.c\n'}
[6.319738] (px4_msgs) StdoutLine: {'line': b'-- Up-to-date: /home/giromi/Repos/VTOL/ws_sensor_combined_src/install/px4_msgs/include/px4_msgs/px4_msgs/msg/detail/gimbal_device_information__functions.c\n'}
[6.319929] (px4_msgs) StdoutLine: {'line': b'-- Up-to-date: /home/giromi/Repos/VTOL/ws_sensor_combined_src/install/px4_msgs/include/px4_msgs/px4_msgs/msg/detail/parameter_update__functions.c\n'}
[6.320117] (px4_msgs) StdoutLine: {'line': b'-- Up-to-date: /home/giromi/Repos/VTOL/ws_sensor_combined_src/install/px4_msgs/include/px4_msgs/px4_msgs/msg/detail/event__functions.h\n'}
[6.320299] (px4_msgs) StdoutLine: {'line': b'-- Up-to-date: /home/giromi/Repos/VTOL/ws_sensor_combined_src/install/px4_msgs/include/px4_msgs/px4_msgs/msg/detail/estimator_bias3d__functions.c\n'}
[6.320491] (px4_msgs) StdoutLine: {'line': b'-- Up-to-date: /home/giromi/Repos/VTOL/ws_sensor_combined_src/install/px4_msgs/include/px4_msgs/px4_msgs/msg/detail/dataman_request__functions.h\n'}
[6.320687] (px4_msgs) StdoutLine: {'line': b'-- Up-to-date: /home/giromi/Repos/VTOL/ws_sensor_combined_src/install/px4_msgs/include/px4_msgs/px4_msgs/msg/detail/collision_report__functions.h\n'}
[6.320880] (px4_msgs) StdoutLine: {'line': b'-- Up-to-date: /home/giromi/Repos/VTOL/ws_sensor_combined_src/install/px4_msgs/include/px4_msgs/px4_msgs/msg/detail/hover_thrust_estimate__type_support.h\n'}
[6.321046] (px4_msgs) StdoutLine: {'line': b'-- Up-to-date: /home/giromi/Repos/VTOL/ws_sensor_combined_src/install/px4_msgs/include/px4_msgs/px4_msgs/msg/detail/dataman_request__type_support.h\n'}
[6.321254] (px4_msgs) StdoutLine: {'line': b'-- Up-to-date: /home/giromi/Repos/VTOL/ws_sensor_combined_src/install/px4_msgs/include/px4_msgs/px4_msgs/msg/detail/estimator_aid_source1d__functions.h\n'}
[6.321381] (px4_msgs) StdoutLine: {'line': b'-- Up-to-date: /home/giromi/Repos/VTOL/ws_sensor_combined_src/install/px4_msgs/include/px4_msgs/px4_msgs/msg/detail/vehicle_imu_status__type_support.h\n'}
[6.321592] (px4_msgs) StdoutLine: {'line': b'-- Up-to-date: /home/giromi/Repos/VTOL/ws_sensor_combined_src/install/px4_msgs/include/px4_msgs/px4_msgs/msg/detail/gimbal_device_information__type_support.h\n'}
[6.321783] (px4_msgs) StdoutLine: {'line': b'-- Up-to-date: /home/giromi/Repos/VTOL/ws_sensor_combined_src/install/px4_msgs/include/px4_msgs/px4_msgs/msg/detail/onboard_computer_status__functions.h\n'}
[6.321976] (px4_msgs) StdoutLine: {'line': b'-- Up-to-date: /home/giromi/Repos/VTOL/ws_sensor_combined_src/install/px4_msgs/include/px4_msgs/px4_msgs/msg/detail/npfg_status__struct.h\n'}
[6.322191] (px4_msgs) StdoutLine: {'line': b'-- Up-to-date: /home/giromi/Repos/VTOL/ws_sensor_combined_src/install/px4_msgs/include/px4_msgs/px4_msgs/msg/detail/gimbal_device_set_attitude__struct.h\n'}
[6.322385] (px4_msgs) StdoutLine: {'line': b'-- Up-to-date: /home/giromi/Repos/VTOL/ws_sensor_combined_src/install/px4_msgs/include/px4_msgs/px4_msgs/msg/detail/transponder_report__functions.h\n'}
[6.322591] (px4_msgs) StdoutLine: {'line': b'-- Up-to-date: /home/giromi/Repos/VTOL/ws_sensor_combined_src/install/px4_msgs/include/px4_msgs/px4_msgs/msg/detail/internal_combustion_engine_status__functions.c\n'}
[6.322803] (px4_msgs) StdoutLine: {'line': b'-- Up-to-date: /home/giromi/Repos/VTOL/ws_sensor_combined_src/install/px4_msgs/include/px4_msgs/px4_msgs/msg/detail/gimbal_device_set_attitude__functions.c\n'}
[6.323008] (px4_msgs) StdoutLine: {'line': b'-- Up-to-date: /home/giromi/Repos/VTOL/ws_sensor_combined_src/install/px4_msgs/include/px4_msgs/px4_msgs/msg/detail/actuator_test__functions.h\n'}
[6.323211] (px4_msgs) StdoutLine: {'line': b'-- Up-to-date: /home/giromi/Repos/VTOL/ws_sensor_combined_src/install/px4_msgs/include/px4_msgs/px4_msgs/msg/detail/estimator_aid_source1d__functions.c\n'}
[6.323396] (px4_msgs) StdoutLine: {'line': b'-- Up-to-date: /home/giromi/Repos/VTOL/ws_sensor_combined_src/install/px4_msgs/include/px4_msgs/px4_msgs/msg/detail/adc_report__struct.h\n'}
[6.323636] (px4_msgs) StdoutLine: {'line': b'-- Up-to-date: /home/giromi/Repos/VTOL/ws_sensor_combined_src/install/px4_msgs/include/px4_msgs/px4_msgs/msg/detail/dataman_response__functions.h\n'}
[6.323835] (px4_msgs) StdoutLine: {'line': b'-- Up-to-date: /home/giromi/Repos/VTOL/ws_sensor_combined_src/install/px4_msgs/include/px4_msgs/px4_msgs/msg/detail/failure_detector_status__struct.h\n'}
[6.324044] (px4_msgs) StdoutLine: {'line': b'-- Up-to-date: /home/giromi/Repos/VTOL/ws_sensor_combined_src/install/px4_msgs/include/px4_msgs/px4_msgs/msg/detail/orb_test_large__functions.h\n'}
[6.324260] (px4_msgs) StdoutLine: {'line': b'-- Up-to-date: /home/giromi/Repos/VTOL/ws_sensor_combined_src/install/px4_msgs/include/px4_msgs/px4_msgs/msg/detail/failure_detector_status__functions.h\n'}
[6.324454] (px4_msgs) StdoutLine: {'line': b'-- Up-to-date: /home/giromi/Repos/VTOL/ws_sensor_combined_src/install/px4_msgs/include/px4_msgs/px4_msgs/msg/detail/transponder_report__functions.c\n'}
[6.324793] (px4_msgs) StdoutLine: {'line': b'-- Up-to-date: /home/giromi/Repos/VTOL/ws_sensor_combined_src/install/px4_msgs/include/px4_msgs/px4_msgs/msg/detail/position_setpoint_triplet__functions.h\n'}
[6.325020] (px4_msgs) StdoutLine: {'line': b'-- Up-to-date: /home/giromi/Repos/VTOL/ws_sensor_combined_src/install/px4_msgs/include/px4_msgs/px4_msgs/msg/detail/vehicle_constraints__functions.c\n'}
[6.325212] (px4_msgs) StdoutLine: {'line': b'-- Up-to-date: /home/giromi/Repos/VTOL/ws_sensor_combined_src/install/px4_msgs/include/px4_msgs/px4_msgs/msg/detail/estimator_selector_status__type_support.h\n'}
[6.325419] (px4_msgs) StdoutLine: {'line': b'-- Up-to-date: /home/giromi/Repos/VTOL/ws_sensor_combined_src/install/px4_msgs/include/px4_msgs/px4_msgs/msg/detail/wheel_encoders__functions.h\n'}
[6.326621] (px4_msgs) StdoutLine: {'line': b'-- Up-to-date: /home/giromi/Repos/VTOL/ws_sensor_combined_src/install/px4_msgs/include/px4_msgs/px4_msgs/msg/detail/distance_sensor__functions.h\n'}
[6.326920] (px4_msgs) StdoutLine: {'line': b'-- Up-to-date: /home/giromi/Repos/VTOL/ws_sensor_combined_src/install/px4_msgs/include/px4_msgs/px4_msgs/msg/detail/position_controller_status__struct.h\n'}
[6.327027] (px4_msgs) StdoutLine: {'line': b'-- Up-to-date: /home/giromi/Repos/VTOL/ws_sensor_combined_src/install/px4_msgs/include/px4_msgs/px4_msgs/msg/detail/takeoff_status__functions.c\n'}
[6.327131] (px4_msgs) StdoutLine: {'line': b'-- Up-to-date: /home/giromi/Repos/VTOL/ws_sensor_combined_src/install/px4_msgs/include/px4_msgs/px4_msgs/msg/detail/gimbal_device_information__functions.h\n'}
[6.327229] (px4_msgs) StdoutLine: {'line': b'-- Up-to-date: /home/giromi/Repos/VTOL/ws_sensor_combined_src/install/px4_msgs/include/px4_msgs/px4_msgs/msg/detail/led_control__functions.h\n'}
[6.327325] (px4_msgs) StdoutLine: {'line': b'-- Up-to-date: /home/giromi/Repos/VTOL/ws_sensor_combined_src/install/px4_msgs/include/px4_msgs/px4_msgs/msg/detail/collision_report__type_support.h\n'}
[6.327430] (px4_msgs) StdoutLine: {'line': b'-- Up-to-date: /home/giromi/Repos/VTOL/ws_sensor_combined_src/install/px4_msgs/include/px4_msgs/px4_msgs/msg/detail/sensors_status_imu__struct.h\n'}
[6.327541] (px4_msgs) StdoutLine: {'line': b'-- Up-to-date: /home/giromi/Repos/VTOL/ws_sensor_combined_src/install/px4_msgs/include/px4_msgs/px4_msgs/msg/detail/landing_gear__functions.h\n'}
[6.327651] (px4_msgs) StdoutLine: {'line': b'-- Up-to-date: /home/giromi/Repos/VTOL/ws_sensor_combined_src/install/px4_msgs/include/px4_msgs/px4_msgs/msg/detail/sensor_gyro_fifo__functions.h\n'}
[6.327800] (px4_msgs) StdoutLine: {'line': b'-- Up-to-date: /home/giromi/Repos/VTOL/ws_sensor_combined_src/install/px4_msgs/include/px4_msgs/px4_msgs/msg/detail/normalized_unsigned_setpoint__functions.h\n'}
[6.327901] (px4_msgs) StdoutLine: {'line': b'-- Up-to-date: /home/giromi/Repos/VTOL/ws_sensor_combined_src/install/px4_msgs/include/px4_msgs/px4_msgs/msg/detail/vehicle_roi__functions.c\n'}
[6.327999] (px4_msgs) StdoutLine: {'line': b'-- Up-to-date: /home/giromi/Repos/VTOL/ws_sensor_combined_src/install/px4_msgs/include/px4_msgs/px4_msgs/msg/detail/actuator_motors__type_support.h\n'}
[6.328100] (px4_msgs) StdoutLine: {'line': b'-- Up-to-date: /home/giromi/Repos/VTOL/ws_sensor_combined_src/install/px4_msgs/include/px4_msgs/px4_msgs/msg/detail/uavcan_parameter_request__functions.c\n'}
[6.328204] (px4_msgs) StdoutLine: {'line': b'-- Up-to-date: /home/giromi/Repos/VTOL/ws_sensor_combined_src/install/px4_msgs/include/px4_msgs/px4_msgs/msg/detail/logger_status__functions.h\n'}
[6.328300] (px4_msgs) StdoutLine: {'line': b'-- Up-to-date: /home/giromi/Repos/VTOL/ws_sensor_combined_src/install/px4_msgs/include/px4_msgs/px4_msgs/msg/detail/tiltrotor_extra_controls__struct.h\n'}
[6.328397] (px4_msgs) StdoutLine: {'line': b'-- Up-to-date: /home/giromi/Repos/VTOL/ws_sensor_combined_src/install/px4_msgs/include/px4_msgs/px4_msgs/msg/detail/sensor_gyro_fifo__functions.c\n'}
[6.328523] (px4_msgs) StdoutLine: {'line': b'-- Up-to-date: /home/giromi/Repos/VTOL/ws_sensor_combined_src/install/px4_msgs/include/px4_msgs/px4_msgs/msg/detail/orb_test_large__functions.c\n'}
[6.328623] (px4_msgs) StdoutLine: {'line': b'-- Up-to-date: /home/giromi/Repos/VTOL/ws_sensor_combined_src/install/px4_msgs/include/px4_msgs/px4_msgs/msg/detail/actuator_servos_trim__struct.h\n'}
[6.328716] (px4_msgs) StdoutLine: {'line': b'-- Up-to-date: /home/giromi/Repos/VTOL/ws_sensor_combined_src/install/px4_msgs/include/px4_msgs/px4_msgs/msg/detail/mavlink_tunnel__struct.h\n'}
[6.328811] (px4_msgs) StdoutLine: {'line': b'-- Up-to-date: /home/giromi/Repos/VTOL/ws_sensor_combined_src/install/px4_msgs/include/px4_msgs/px4_msgs/msg/detail/config_overrides__struct.h\n'}
[6.328938] (px4_msgs) StdoutLine: {'line': b'-- Up-to-date: /home/giromi/Repos/VTOL/ws_sensor_combined_src/install/px4_msgs/include/px4_msgs/px4_msgs/msg/detail/mavlink_log__functions.h\n'}
[6.329036] (px4_msgs) StdoutLine: {'line': b'-- Up-to-date: /home/giromi/Repos/VTOL/ws_sensor_combined_src/install/px4_msgs/include/px4_msgs/px4_msgs/msg/detail/landing_target_innovations__functions.c\n'}
[6.329131] (px4_msgs) StdoutLine: {'line': b'-- Up-to-date: /home/giromi/Repos/VTOL/ws_sensor_combined_src/install/px4_msgs/include/px4_msgs/px4_msgs/msg/detail/esc_report__functions.h\n'}
[6.329232] (px4_msgs) StdoutLine: {'line': b'-- Up-to-date: /home/giromi/Repos/VTOL/ws_sensor_combined_src/install/px4_msgs/include/px4_msgs/px4_msgs/msg/detail/gimbal_manager_information__functions.h\n'}
[6.329330] (px4_msgs) StdoutLine: {'line': b'-- Up-to-date: /home/giromi/Repos/VTOL/ws_sensor_combined_src/install/px4_msgs/include/px4_msgs/px4_msgs/msg/detail/debug_vect__functions.h\n'}
[6.329425] (px4_msgs) StdoutLine: {'line': b'-- Up-to-date: /home/giromi/Repos/VTOL/ws_sensor_combined_src/install/px4_msgs/include/px4_msgs/px4_msgs/msg/detail/action_request__type_support.h\n'}
[6.329530] (px4_msgs) StdoutLine: {'line': b'-- Up-to-date: /home/giromi/Repos/VTOL/ws_sensor_combined_src/install/px4_msgs/include/px4_msgs/px4_msgs/msg/detail/estimator_aid_source2d__functions.c\n'}
[6.329627] (px4_msgs) StdoutLine: {'line': b'-- Up-to-date: /home/giromi/Repos/VTOL/ws_sensor_combined_src/install/px4_msgs/include/px4_msgs/px4_msgs/msg/detail/sensor_airflow__struct.h\n'}
[6.329763] (px4_msgs) StdoutLine: {'line': b'-- Up-to-date: /home/giromi/Repos/VTOL/ws_sensor_combined_src/install/px4_msgs/include/px4_msgs/px4_msgs/msg/detail/message_format_response__functions.h\n'}
[6.329867] (px4_msgs) StdoutLine: {'line': b'-- Up-to-date: /home/giromi/Repos/VTOL/ws_sensor_combined_src/install/px4_msgs/include/px4_msgs/px4_msgs/msg/detail/tune_control__struct.h\n'}
[6.329965] (px4_msgs) StdoutLine: {'line': b'-- Up-to-date: /home/giromi/Repos/VTOL/ws_sensor_combined_src/install/px4_msgs/include/px4_msgs/px4_msgs/msg/detail/estimator_bias__functions.h\n'}
[6.330062] (px4_msgs) StdoutLine: {'line': b'-- Up-to-date: /home/giromi/Repos/VTOL/ws_sensor_combined_src/install/px4_msgs/include/px4_msgs/px4_msgs/msg/detail/rc_parameter_map__struct.h\n'}
[6.330158] (px4_msgs) StdoutLine: {'line': b'-- Up-to-date: /home/giromi/Repos/VTOL/ws_sensor_combined_src/install/px4_msgs/include/px4_msgs/px4_msgs/msg/detail/yaw_estimator_status__type_support.h\n'}
[6.330255] (px4_msgs) StdoutLine: {'line': b'-- Up-to-date: /home/giromi/Repos/VTOL/ws_sensor_combined_src/install/px4_msgs/include/px4_msgs/px4_msgs/msg/detail/estimator_aid_source3d__struct.h\n'}
[6.330404] (px4_msgs) StdoutLine: {'line': b'-- Up-to-date: /home/giromi/Repos/VTOL/ws_sensor_combined_src/install/px4_msgs/include/px4_msgs/px4_msgs/msg/detail/gimbal_controls__struct.h\n'}
[6.330504] (px4_msgs) StdoutLine: {'line': b'-- Up-to-date: /home/giromi/Repos/VTOL/ws_sensor_combined_src/install/px4_msgs/include/px4_msgs/px4_msgs/msg/detail/ekf2_timestamps__struct.h\n'}
[6.330624] (px4_msgs) StdoutLine: {'line': b'-- Up-to-date: /home/giromi/Repos/VTOL/ws_sensor_combined_src/install/px4_msgs/include/px4_msgs/px4_msgs/msg/detail/sensor_mag__functions.c\n'}
[6.330737] (px4_msgs) StdoutLine: {'line': b'-- Up-to-date: /home/giromi/Repos/VTOL/ws_sensor_combined_src/install/px4_msgs/include/px4_msgs/px4_msgs/msg/detail/estimator_status__functions.h\n'}
[6.330864] (px4_msgs) StdoutLine: {'line': b'-- Up-to-date: /home/giromi/Repos/VTOL/ws_sensor_combined_src/install/px4_msgs/include/px4_msgs/px4_msgs/msg/detail/vehicle_local_position_setpoint__functions.h\n'}
[6.330983] (px4_msgs) StdoutLine: {'line': b'-- Up-to-date: /home/giromi/Repos/VTOL/ws_sensor_combined_src/install/px4_msgs/include/px4_msgs/px4_msgs/msg/detail/uavcan_parameter_request__functions.h\n'}
[6.331083] (px4_msgs) StdoutLine: {'line': b'-- Up-to-date: /home/giromi/Repos/VTOL/ws_sensor_combined_src/install/px4_msgs/include/px4_msgs/px4_msgs/msg/detail/sensor_accel_fifo__struct.h\n'}
[6.331180] (px4_msgs) StdoutLine: {'line': b'-- Up-to-date: /home/giromi/Repos/VTOL/ws_sensor_combined_src/install/px4_msgs/include/px4_msgs/px4_msgs/msg/detail/input_rc__functions.c\n'}
[6.331277] (px4_msgs) StdoutLine: {'line': b'-- Up-to-date: /home/giromi/Repos/VTOL/ws_sensor_combined_src/install/px4_msgs/include/px4_msgs/px4_msgs/msg/detail/px4io_status__functions.h\n'}
[6.331372] (px4_msgs) StdoutLine: {'line': b'-- Up-to-date: /home/giromi/Repos/VTOL/ws_sensor_combined_src/install/px4_msgs/include/px4_msgs/px4_msgs/msg/detail/estimator_sensor_bias__struct.h\n'}
[6.331482] (px4_msgs) StdoutLine: {'line': b'-- Up-to-date: /home/giromi/Repos/VTOL/ws_sensor_combined_src/install/px4_msgs/include/px4_msgs/px4_msgs/msg/detail/trajectory_bezier__functions.c\n'}
[6.331652] (px4_msgs) StdoutLine: {'line': b'-- Up-to-date: /home/giromi/Repos/VTOL/ws_sensor_combined_src/install/px4_msgs/include/px4_msgs/px4_msgs/msg/detail/estimator_innovations__type_support.h\n'}
[6.331837] (px4_msgs) StdoutLine: {'line': b'-- Up-to-date: /home/giromi/Repos/VTOL/ws_sensor_combined_src/install/px4_msgs/include/px4_msgs/px4_msgs/msg/detail/sensor_hygrometer__type_support.h\n'}
[6.332003] (px4_msgs) StdoutLine: {'line': b'-- Up-to-date: /home/giromi/Repos/VTOL/ws_sensor_combined_src/install/px4_msgs/include/px4_msgs/px4_msgs/msg/detail/hover_thrust_estimate__struct.h\n'}
[6.332105] (px4_msgs) StdoutLine: {'line': b'-- Up-to-date: /home/giromi/Repos/VTOL/ws_sensor_combined_src/install/px4_msgs/include/px4_msgs/px4_msgs/msg/detail/estimator_event_flags__functions.c\n'}
[6.332198] (px4_msgs) StdoutLine: {'line': b'-- Up-to-date: /home/giromi/Repos/VTOL/ws_sensor_combined_src/install/px4_msgs/include/px4_msgs/px4_msgs/msg/detail/distance_sensor__type_support.h\n'}
[6.332367] (px4_msgs) StdoutLine: {'line': b'-- Up-to-date: /home/giromi/Repos/VTOL/ws_sensor_combined_src/install/px4_msgs/include/px4_msgs/px4_msgs/msg/detail/power_monitor__type_support.h\n'}
[6.332570] (px4_msgs) StdoutLine: {'line': b'-- Up-to-date: /home/giromi/Repos/VTOL/ws_sensor_combined_src/install/px4_msgs/include/px4_msgs/px4_msgs/msg/detail/sensor_gnss_relative__functions.h\n'}
[6.332749] (px4_msgs) StdoutLine: {'line': b'-- Up-to-date: /home/giromi/Repos/VTOL/ws_sensor_combined_src/install/px4_msgs/include/px4_msgs/px4_msgs/msg/detail/npfg_status__type_support.h\n'}
[6.332934] (px4_msgs) StdoutLine: {'line': b'-- Up-to-date: /home/giromi/Repos/VTOL/ws_sensor_combined_src/install/px4_msgs/include/px4_msgs/px4_msgs/msg/detail/vehicle_control_mode__functions.h\n'}
[6.333115] (px4_msgs) StdoutLine: {'line': b'-- Up-to-date: /home/giromi/Repos/VTOL/ws_sensor_combined_src/install/px4_msgs/include/px4_msgs/px4_msgs/msg/detail/heater_status__struct.h\n'}
[6.333301] (px4_msgs) StdoutLine: {'line': b'-- Up-to-date: /home/giromi/Repos/VTOL/ws_sensor_combined_src/install/px4_msgs/include/px4_msgs/px4_msgs/msg/detail/control_allocator_status__type_support.h\n'}
[6.333484] (px4_msgs) StdoutLine: {'line': b'-- Up-to-date: /home/giromi/Repos/VTOL/ws_sensor_combined_src/install/px4_msgs/include/px4_msgs/px4_msgs/msg/detail/sensor_combined__struct.h\n'}
[6.333676] (px4_msgs) StdoutLine: {'line': b'-- Up-to-date: /home/giromi/Repos/VTOL/ws_sensor_combined_src/install/px4_msgs/include/px4_msgs/px4_msgs/msg/detail/register_ext_component_reply__type_support.h\n'}
[6.333862] (px4_msgs) StdoutLine: {'line': b'-- Up-to-date: /home/giromi/Repos/VTOL/ws_sensor_combined_src/install/px4_msgs/include/px4_msgs/px4_msgs/msg/detail/sensor_uwb__struct.h\n'}
[6.334039] (px4_msgs) StdoutLine: {'line': b'-- Up-to-date: /home/giromi/Repos/VTOL/ws_sensor_combined_src/install/px4_msgs/include/px4_msgs/px4_msgs/msg/detail/landing_gear__struct.h\n'}
[6.334212] (px4_msgs) StdoutLine: {'line': b'-- Up-to-date: /home/giromi/Repos/VTOL/ws_sensor_combined_src/install/px4_msgs/include/px4_msgs/px4_msgs/msg/detail/gpio_request__functions.c\n'}
[6.334401] (px4_msgs) StdoutLine: {'line': b'-- Up-to-date: /home/giromi/Repos/VTOL/ws_sensor_combined_src/install/px4_msgs/include/px4_msgs/px4_msgs/msg/detail/manual_control_setpoint__functions.c\n'}
[6.334592] (px4_msgs) StdoutLine: {'line': b'-- Up-to-date: /home/giromi/Repos/VTOL/ws_sensor_combined_src/install/px4_msgs/include/px4_msgs/px4_msgs/msg/detail/differential_drive_setpoint__functions.c\n'}
[6.334767] (px4_msgs) StdoutLine: {'line': b'-- Up-to-date: /home/giromi/Repos/VTOL/ws_sensor_combined_src/install/px4_msgs/include/px4_msgs/px4_msgs/msg/detail/airspeed_wind__functions.h\n'}
[6.334943] (px4_msgs) StdoutLine: {'line': b'-- Up-to-date: /home/giromi/Repos/VTOL/ws_sensor_combined_src/install/px4_msgs/include/px4_msgs/px4_msgs/msg/detail/airspeed_wind__type_support.h\n'}
[6.335123] (px4_msgs) StdoutLine: {'line': b'-- Up-to-date: /home/giromi/Repos/VTOL/ws_sensor_combined_src/install/px4_msgs/include/px4_msgs/px4_msgs/msg/detail/ulog_stream__functions.h\n'}
[6.335315] (px4_msgs) StdoutLine: {'line': b'-- Up-to-date: /home/giromi/Repos/VTOL/ws_sensor_combined_src/install/px4_msgs/include/px4_msgs/px4_msgs/msg/detail/power_monitor__functions.h\n'}
[6.335518] (px4_msgs) StdoutLine: {'line': b'-- Up-to-date: /home/giromi/Repos/VTOL/ws_sensor_combined_src/install/px4_msgs/include/px4_msgs/px4_msgs/msg/detail/wind__functions.c\n'}
[6.335710] (px4_msgs) StdoutLine: {'line': b'-- Up-to-date: /home/giromi/Repos/VTOL/ws_sensor_combined_src/install/px4_msgs/include/px4_msgs/px4_msgs/msg/detail/position_setpoint__functions.h\n'}
[6.335884] (px4_msgs) StdoutLine: {'line': b'-- Up-to-date: /home/giromi/Repos/VTOL/ws_sensor_combined_src/install/px4_msgs/include/px4_msgs/px4_msgs/msg/detail/wind__struct.h\n'}
[6.336060] (px4_msgs) StdoutLine: {'line': b'-- Up-to-date: /home/giromi/Repos/VTOL/ws_sensor_combined_src/install/px4_msgs/include/px4_msgs/px4_msgs/msg/detail/airspeed_validated__functions.h\n'}
[6.336233] (px4_msgs) StdoutLine: {'line': b'-- Up-to-date: /home/giromi/Repos/VTOL/ws_sensor_combined_src/install/px4_msgs/include/px4_msgs/px4_msgs/msg/detail/normalized_unsigned_setpoint__type_support.h\n'}
[6.336408] (px4_msgs) StdoutLine: {'line': b'-- Up-to-date: /home/giromi/Repos/VTOL/ws_sensor_combined_src/install/px4_msgs/include/px4_msgs/px4_msgs/msg/detail/sensor_accel_fifo__functions.h\n'}
[6.336594] (px4_msgs) StdoutLine: {'line': b'-- Up-to-date: /home/giromi/Repos/VTOL/ws_sensor_combined_src/install/px4_msgs/include/px4_msgs/px4_msgs/msg/detail/mavlink_log__functions.c\n'}
[6.336776] (px4_msgs) StdoutLine: {'line': b'-- Up-to-date: /home/giromi/Repos/VTOL/ws_sensor_combined_src/install/px4_msgs/include/px4_msgs/px4_msgs/msg/detail/rc_channels__functions.h\n'}
[6.336941] (px4_msgs) StdoutLine: {'line': b'-- Up-to-date: /home/giromi/Repos/VTOL/ws_sensor_combined_src/install/px4_msgs/include/px4_msgs/px4_msgs/msg/detail/vehicle_optical_flow_vel__functions.h\n'}
[6.337127] (px4_msgs) StdoutLine: {'line': b'-- Up-to-date: /home/giromi/Repos/VTOL/ws_sensor_combined_src/install/px4_msgs/include/px4_msgs/px4_msgs/msg/detail/differential_pressure__struct.h\n'}
[6.337310] (px4_msgs) StdoutLine: {'line': b'-- Up-to-date: /home/giromi/Repos/VTOL/ws_sensor_combined_src/install/px4_msgs/include/px4_msgs/px4_msgs/msg/detail/autotune_attitude_control_status__functions.c\n'}
[6.337492] (px4_msgs) StdoutLine: {'line': b'-- Up-to-date: /home/giromi/Repos/VTOL/ws_sensor_combined_src/install/px4_msgs/include/px4_msgs/px4_msgs/msg/detail/actuator_armed__functions.c\n'}
[6.337668] (px4_msgs) StdoutLine: {'line': b'-- Up-to-date: /home/giromi/Repos/VTOL/ws_sensor_combined_src/install/px4_msgs/include/px4_msgs/px4_msgs/msg/detail/cellular_status__functions.c\n'}
[6.337844] (px4_msgs) StdoutLine: {'line': b'-- Up-to-date: /home/giromi/Repos/VTOL/ws_sensor_combined_src/install/px4_msgs/include/px4_msgs/px4_msgs/msg/detail/hover_thrust_estimate__functions.h\n'}
[6.338016] (px4_msgs) StdoutLine: {'line': b'-- Up-to-date: /home/giromi/Repos/VTOL/ws_sensor_combined_src/install/px4_msgs/include/px4_msgs/px4_msgs/msg/detail/vehicle_rates_setpoint__struct.h\n'}
[6.338199] (px4_msgs) StdoutLine: {'line': b'-- Up-to-date: /home/giromi/Repos/VTOL/ws_sensor_combined_src/install/px4_msgs/include/px4_msgs/px4_msgs/msg/detail/sensors_status__functions.h\n'}
[6.338379] (px4_msgs) StdoutLine: {'line': b'-- Up-to-date: /home/giromi/Repos/VTOL/ws_sensor_combined_src/install/px4_msgs/include/px4_msgs/px4_msgs/msg/detail/landing_gear__type_support.h\n'}
[6.338554] (px4_msgs) StdoutLine: {'line': b'-- Up-to-date: /home/giromi/Repos/VTOL/ws_sensor_combined_src/install/px4_msgs/include/px4_msgs/px4_msgs/msg/detail/trajectory_waypoint__functions.c\n'}
[6.338726] (px4_msgs) StdoutLine: {'line': b'-- Up-to-date: /home/giromi/Repos/VTOL/ws_sensor_combined_src/install/px4_msgs/include/px4_msgs/px4_msgs/msg/detail/orb_test_medium__functions.h\n'}
[6.338900] (px4_msgs) StdoutLine: {'line': b'-- Up-to-date: /home/giromi/Repos/VTOL/ws_sensor_combined_src/install/px4_msgs/include/px4_msgs/px4_msgs/msg/detail/esc_report__struct.h\n'}
[6.339073] (px4_msgs) StdoutLine: {'line': b'-- Up-to-date: /home/giromi/Repos/VTOL/ws_sensor_combined_src/install/px4_msgs/include/px4_msgs/px4_msgs/msg/detail/geofence_result__functions.h\n'}
[6.339246] (px4_msgs) StdoutLine: {'line': b'-- Up-to-date: /home/giromi/Repos/VTOL/ws_sensor_combined_src/install/px4_msgs/include/px4_msgs/px4_msgs/msg/detail/sensor_gps__functions.h\n'}
[6.339421] (px4_msgs) StdoutLine: {'line': b'-- Up-to-date: /home/giromi/Repos/VTOL/ws_sensor_combined_src/install/px4_msgs/include/px4_msgs/px4_msgs/msg/detail/sensor_hygrometer__functions.h\n'}
[6.340197] (px4_msgs) StdoutLine: {'line': b'-- Up-to-date: /home/giromi/Repos/VTOL/ws_sensor_combined_src/install/px4_msgs/include/px4_msgs/px4_msgs/msg/detail/ping__functions.h\n'}
[6.340513] (px4_msgs) StdoutLine: {'line': b'-- Up-to-date: /home/giromi/Repos/VTOL/ws_sensor_combined_src/install/px4_msgs/include/px4_msgs/px4_msgs/msg/detail/npfg_status__functions.c\n'}
[6.340740] (px4_msgs) StdoutLine: {'line': b'-- Up-to-date: /home/giromi/Repos/VTOL/ws_sensor_combined_src/install/px4_msgs/include/px4_msgs/px4_msgs/msg/detail/gimbal_manager_set_attitude__functions.h\n'}
[6.341000] (px4_msgs) StdoutLine: {'line': b'-- Up-to-date: /home/giromi/Repos/VTOL/ws_sensor_combined_src/install/px4_msgs/include/px4_msgs/px4_msgs/msg/detail/offboard_control_mode__functions.c\n'}
[6.341284] (px4_msgs) StdoutLine: {'line': b'-- Up-to-date: /home/giromi/Repos/VTOL/ws_sensor_combined_src/install/px4_msgs/include/px4_msgs/px4_msgs/msg/detail/trajectory_bezier__type_support.h\n'}
[6.341578] (px4_msgs) StdoutLine: {'line': b'-- Up-to-date: /home/giromi/Repos/VTOL/ws_sensor_combined_src/install/px4_msgs/include/px4_msgs/px4_msgs/msg/detail/rate_ctrl_status__type_support.h\n'}
[6.341851] (px4_msgs) StdoutLine: {'line': b'-- Up-to-date: /home/giromi/Repos/VTOL/ws_sensor_combined_src/install/px4_msgs/include/px4_msgs/px4_msgs/msg/detail/pps_capture__struct.h\n'}
[6.342137] (px4_msgs) StdoutLine: {'line': b'-- Up-to-date: /home/giromi/Repos/VTOL/ws_sensor_combined_src/install/px4_msgs/include/px4_msgs/px4_msgs/msg/detail/telemetry_status__functions.c\n'}
[6.342432] (px4_msgs) StdoutLine: {'line': b'-- Up-to-date: /home/giromi/Repos/VTOL/ws_sensor_combined_src/install/px4_msgs/include/px4_msgs/px4_msgs/msg/detail/distance_sensor__functions.c\n'}
[6.342547] (px4_msgs) StdoutLine: {'line': b'-- Up-to-date: /home/giromi/Repos/VTOL/ws_sensor_combined_src/install/px4_msgs/include/px4_msgs/px4_msgs/msg/detail/register_ext_component_request__type_support.h\n'}
[6.342658] (px4_msgs) StdoutLine: {'line': b'-- Up-to-date: /home/giromi/Repos/VTOL/ws_sensor_combined_src/install/px4_msgs/include/px4_msgs/px4_msgs/msg/detail/vehicle_command__functions.c\n'}
[6.342762] (px4_msgs) StdoutLine: {'line': b'-- Up-to-date: /home/giromi/Repos/VTOL/ws_sensor_combined_src/install/px4_msgs/include/px4_msgs/px4_msgs/msg/detail/navigator_mission_item__type_support.h\n'}
[6.342868] (px4_msgs) StdoutLine: {'line': b'-- Up-to-date: /home/giromi/Repos/VTOL/ws_sensor_combined_src/install/px4_msgs/include/px4_msgs/px4_msgs/msg/detail/rtl_time_estimate__functions.c\n'}
[6.342968] (px4_msgs) StdoutLine: {'line': b'-- Up-to-date: /home/giromi/Repos/VTOL/ws_sensor_combined_src/install/px4_msgs/include/px4_msgs/px4_msgs/msg/detail/uavcan_parameter_request__type_support.h\n'}
[6.343078] (px4_msgs) StdoutLine: {'line': b'-- Up-to-date: /home/giromi/Repos/VTOL/ws_sensor_combined_src/install/px4_msgs/include/px4_msgs/px4_msgs/msg/detail/estimator_bias__struct.h\n'}
[6.343184] (px4_msgs) StdoutLine: {'line': b'-- Up-to-date: /home/giromi/Repos/VTOL/ws_sensor_combined_src/install/px4_msgs/include/px4_msgs/px4_msgs/msg/detail/event__struct.h\n'}
[6.343286] (px4_msgs) StdoutLine: {'line': b'-- Up-to-date: /home/giromi/Repos/VTOL/ws_sensor_combined_src/install/px4_msgs/include/px4_msgs/px4_msgs/msg/detail/rate_ctrl_status__struct.h\n'}
[6.343384] (px4_msgs) StdoutLine: {'line': b'-- Up-to-date: /home/giromi/Repos/VTOL/ws_sensor_combined_src/install/px4_msgs/include/px4_msgs/px4_msgs/msg/detail/ping__functions.c\n'}
[6.343510] (px4_msgs) StdoutLine: {'line': b'-- Up-to-date: /home/giromi/Repos/VTOL/ws_sensor_combined_src/install/px4_msgs/include/px4_msgs/px4_msgs/msg/detail/sensor_accel_fifo__type_support.h\n'}
[6.343612] (px4_msgs) StdoutLine: {'line': b'-- Up-to-date: /home/giromi/Repos/VTOL/ws_sensor_combined_src/install/px4_msgs/include/px4_msgs/px4_msgs/msg/detail/mode_completed__type_support.h\n'}
[6.343722] (px4_msgs) StdoutLine: {'line': b'-- Up-to-date: /home/giromi/Repos/VTOL/ws_sensor_combined_src/install/px4_msgs/include/px4_msgs/px4_msgs/msg/detail/trajectory_setpoint__functions.c\n'}
[6.343818] (px4_msgs) StdoutLine: {'line': b'-- Up-to-date: /home/giromi/Repos/VTOL/ws_sensor_combined_src/install/px4_msgs/include/px4_msgs/px4_msgs/msg/detail/follow_target__functions.h\n'}
[6.343914] (px4_msgs) StdoutLine: {'line': b'-- Up-to-date: /home/giromi/Repos/VTOL/ws_sensor_combined_src/install/px4_msgs/include/px4_msgs/px4_msgs/msg/detail/airspeed_validated__functions.c\n'}
[6.344009] (px4_msgs) StdoutLine: {'line': b'-- Up-to-date: /home/giromi/Repos/VTOL/ws_sensor_combined_src/install/px4_msgs/include/px4_msgs/px4_msgs/msg/detail/vehicle_angular_acceleration_setpoint__functions.c\n'}
[6.344104] (px4_msgs) StdoutLine: {'line': b'-- Up-to-date: /home/giromi/Repos/VTOL/ws_sensor_combined_src/install/px4_msgs/include/px4_msgs/px4_msgs/msg/detail/gpio_request__functions.h\n'}
[6.344199] (px4_msgs) StdoutLine: {'line': b'-- Up-to-date: /home/giromi/Repos/VTOL/ws_sensor_combined_src/install/px4_msgs/include/px4_msgs/px4_msgs/msg/detail/sensor_accel__type_support.h\n'}
[6.344294] (px4_msgs) StdoutLine: {'line': b'-- Up-to-date: /home/giromi/Repos/VTOL/ws_sensor_combined_src/install/px4_msgs/include/px4_msgs/px4_msgs/msg/detail/parameter_update__struct.h\n'}
[6.344389] (px4_msgs) StdoutLine: {'line': b'-- Up-to-date: /home/giromi/Repos/VTOL/ws_sensor_combined_src/install/px4_msgs/include/px4_msgs/px4_msgs/msg/detail/message_format_request__type_support.h\n'}
[6.344623] (px4_msgs) StdoutLine: {'line': b'-- Up-to-date: /home/giromi/Repos/VTOL/ws_sensor_combined_src/install/px4_msgs/include/px4_msgs/px4_msgs/msg/detail/config_overrides__functions.c\n'}
[6.344726] (px4_msgs) StdoutLine: {'line': b'-- Up-to-date: /home/giromi/Repos/VTOL/ws_sensor_combined_src/install/px4_msgs/include/px4_msgs/px4_msgs/msg/detail/follow_target_estimator__functions.c\n'}
[6.344822] (px4_msgs) StdoutLine: {'line': b'-- Up-to-date: /home/giromi/Repos/VTOL/ws_sensor_combined_src/install/px4_msgs/include/px4_msgs/px4_msgs/msg/detail/px4io_status__type_support.h\n'}
[6.344929] (px4_msgs) StdoutLine: {'line': b'-- Up-to-date: /home/giromi/Repos/VTOL/ws_sensor_combined_src/install/px4_msgs/include/px4_msgs/px4_msgs/msg/detail/sensor_accel_fifo__functions.c\n'}
[6.345029] (px4_msgs) StdoutLine: {'line': b'-- Up-to-date: /home/giromi/Repos/VTOL/ws_sensor_combined_src/install/px4_msgs/include/px4_msgs/px4_msgs/msg/detail/vehicle_constraints__struct.h\n'}
[6.345128] (px4_msgs) StdoutLine: {'line': b'-- Up-to-date: /home/giromi/Repos/VTOL/ws_sensor_combined_src/install/px4_msgs/include/px4_msgs/px4_msgs/msg/detail/goto_setpoint__type_support.h\n'}
[6.345227] (px4_msgs) StdoutLine: {'line': b'-- Up-to-date: /home/giromi/Repos/VTOL/ws_sensor_combined_src/install/px4_msgs/include/px4_msgs/px4_msgs/msg/detail/landing_target_pose__functions.h\n'}
[6.345339] (px4_msgs) StdoutLine: {'line': b'-- Up-to-date: /home/giromi/Repos/VTOL/ws_sensor_combined_src/install/px4_msgs/include/px4_msgs/px4_msgs/msg/detail/gpio_request__type_support.h\n'}
[6.345447] (px4_msgs) StdoutLine: {'line': b'-- Up-to-date: /home/giromi/Repos/VTOL/ws_sensor_combined_src/install/px4_msgs/include/px4_msgs/px4_msgs/msg/detail/internal_combustion_engine_status__type_support.h\n'}
[6.345568] (px4_msgs) StdoutLine: {'line': b'-- Up-to-date: /home/giromi/Repos/VTOL/ws_sensor_combined_src/install/px4_msgs/include/px4_msgs/px4_msgs/msg/detail/figure_eight_status__struct.h\n'}
[6.345705] (px4_msgs) StdoutLine: {'line': b'-- Up-to-date: /home/giromi/Repos/VTOL/ws_sensor_combined_src/install/px4_msgs/include/px4_msgs/px4_msgs/msg/detail/vehicle_optical_flow__struct.h\n'}
[6.345903] (px4_msgs) StdoutLine: {'line': b'-- Up-to-date: /home/giromi/Repos/VTOL/ws_sensor_combined_src/install/px4_msgs/include/px4_msgs/px4_msgs/msg/debug_vect.h\n'}
[6.346227] (px4_msgs) StdoutLine: {'line': b'-- Up-to-date: /home/giromi/Repos/VTOL/ws_sensor_combined_src/install/px4_msgs/include/px4_msgs/px4_msgs/msg/vehicle_status.h\n'}
[6.347033] (px4_msgs) StdoutLine: {'line': b'-- Up-to-date: /home/giromi/Repos/VTOL/ws_sensor_combined_src/install/px4_msgs/include/px4_msgs/px4_msgs/msg/vehicle_angular_velocity.h\n'}
[6.347688] (px4_msgs) StdoutLine: {'line': b'-- Up-to-date: /home/giromi/Repos/VTOL/ws_sensor_combined_src/install/px4_msgs/include/px4_msgs/px4_msgs/msg/navigator_mission_item.h\n'}
[6.350897] (px4_msgs) StdoutLine: {'line': b'-- Up-to-date: /home/giromi/Repos/VTOL/ws_sensor_combined_src/install/px4_msgs/include/px4_msgs/px4_msgs/msg/sensor_gyro_fifo.h\n'}
[6.351184] (px4_msgs) StdoutLine: {'line': b'-- Up-to-date: /home/giromi/Repos/VTOL/ws_sensor_combined_src/install/px4_msgs/include/px4_msgs/px4_msgs/msg/unregister_ext_component.h\n'}
[6.351361] (px4_msgs) StdoutLine: {'line': b'-- Up-to-date: /home/giromi/Repos/VTOL/ws_sensor_combined_src/install/px4_msgs/include/px4_msgs/px4_msgs/msg/manual_control_setpoint.h\n'}
[6.351576] (px4_msgs) StdoutLine: {'line': b'-- Up-to-date: /home/giromi/Repos/VTOL/ws_sensor_combined_src/install/px4_msgs/include/px4_msgs/px4_msgs/msg/sensor_preflight_mag.h\n'}
[6.351727] (px4_msgs) StdoutLine: {'line': b'-- Up-to-date: /home/giromi/Repos/VTOL/ws_sensor_combined_src/install/px4_msgs/include/px4_msgs/px4_msgs/msg/action_request.h\n'}
[6.351899] (px4_msgs) StdoutLine: {'line': b'-- Up-to-date: /home/giromi/Repos/VTOL/ws_sensor_combined_src/install/px4_msgs/include/px4_msgs/px4_msgs/msg/geofence_result.h\n'}
[6.352058] (px4_msgs) StdoutLine: {'line': b'-- Up-to-date: /home/giromi/Repos/VTOL/ws_sensor_combined_src/install/px4_msgs/include/px4_msgs/px4_msgs/msg/gimbal_manager_status.h\n'}
[6.352221] (px4_msgs) StdoutLine: {'line': b'-- Up-to-date: /home/giromi/Repos/VTOL/ws_sensor_combined_src/install/px4_msgs/include/px4_msgs/px4_msgs/msg/rpm.h\n'}
[6.352413] (px4_msgs) StdoutLine: {'line': b'-- Up-to-date: /home/giromi/Repos/VTOL/ws_sensor_combined_src/install/px4_msgs/include/px4_msgs/px4_msgs/msg/rtl_time_estimate.h\n'}
[6.352522] (px4_msgs) StdoutLine: {'line': b'-- Up-to-date: /home/giromi/Repos/VTOL/ws_sensor_combined_src/install/px4_msgs/include/px4_msgs/px4_msgs/msg/sensor_combined.h\n'}
[6.352623] (px4_msgs) StdoutLine: {'line': b'-- Up-to-date: /home/giromi/Repos/VTOL/ws_sensor_combined_src/install/px4_msgs/include/px4_msgs/px4_msgs/msg/vehicle_command.h\n'}
[6.352726] (px4_msgs) StdoutLine: {'line': b'-- Up-to-date: /home/giromi/Repos/VTOL/ws_sensor_combined_src/install/px4_msgs/include/px4_msgs/px4_msgs/msg/wheel_encoders.h\n'}
[6.352827] (px4_msgs) StdoutLine: {'line': b'-- Up-to-date: /home/giromi/Repos/VTOL/ws_sensor_combined_src/install/px4_msgs/include/px4_msgs/px4_msgs/msg/failure_detector_status.h\n'}
[6.352941] (px4_msgs) StdoutLine: {'line': b'-- Up-to-date: /home/giromi/Repos/VTOL/ws_sensor_combined_src/install/px4_msgs/include/px4_msgs/px4_msgs/msg/obstacle_distance.h\n'}
[6.353046] (px4_msgs) StdoutLine: {'line': b'-- Up-to-date: /home/giromi/Repos/VTOL/ws_sensor_combined_src/install/px4_msgs/include/px4_msgs/px4_msgs/msg/vehicle_thrust_setpoint.h\n'}
[6.353159] (px4_msgs) StdoutLine: {'line': b'-- Up-to-date: /home/giromi/Repos/VTOL/ws_sensor_combined_src/install/px4_msgs/include/px4_msgs/px4_msgs/msg/radio_status.h\n'}
[6.353262] (px4_msgs) StdoutLine: {'line': b'-- Up-to-date: /home/giromi/Repos/VTOL/ws_sensor_combined_src/install/px4_msgs/include/px4_msgs/px4_msgs/msg/battery_status.h\n'}
[6.353362] (px4_msgs) StdoutLine: {'line': b'-- Up-to-date: /home/giromi/Repos/VTOL/ws_sensor_combined_src/install/px4_msgs/include/px4_msgs/px4_msgs/msg/ulog_stream.h\n'}
[6.353462] (px4_msgs) StdoutLine: {'line': b'-- Up-to-date: /home/giromi/Repos/VTOL/ws_sensor_combined_src/install/px4_msgs/include/px4_msgs/px4_msgs/msg/transponder_report.h\n'}
[6.353571] (px4_msgs) StdoutLine: {'line': b'-- Up-to-date: /home/giromi/Repos/VTOL/ws_sensor_combined_src/install/px4_msgs/include/px4_msgs/px4_msgs/msg/qshell_req.h\n'}
[6.353670] (px4_msgs) StdoutLine: {'line': b'-- Up-to-date: /home/giromi/Repos/VTOL/ws_sensor_combined_src/install/px4_msgs/include/px4_msgs/px4_msgs/msg/satellite_info.h\n'}
[6.353793] (px4_msgs) StdoutLine: {'line': b'-- Up-to-date: /home/giromi/Repos/VTOL/ws_sensor_combined_src/install/px4_msgs/include/px4_msgs/px4_msgs/msg/camera_status.h\n'}
[6.353905] (px4_msgs) StdoutLine: {'line': b'-- Up-to-date: /home/giromi/Repos/VTOL/ws_sensor_combined_src/install/px4_msgs/include/px4_msgs/px4_msgs/msg/uavcan_parameter_request.h\n'}
[6.354004] (px4_msgs) StdoutLine: {'line': b'-- Up-to-date: /home/giromi/Repos/VTOL/ws_sensor_combined_src/install/px4_msgs/include/px4_msgs/px4_msgs/msg/vehicle_magnetometer.h\n'}
[6.354101] (px4_msgs) StdoutLine: {'line': b'-- Up-to-date: /home/giromi/Repos/VTOL/ws_sensor_combined_src/install/px4_msgs/include/px4_msgs/px4_msgs/msg/vehicle_torque_setpoint.h\n'}
[6.354199] (px4_msgs) StdoutLine: {'line': b'-- Up-to-date: /home/giromi/Repos/VTOL/ws_sensor_combined_src/install/px4_msgs/include/px4_msgs/px4_msgs/msg/mission_result.h\n'}
[6.354295] (px4_msgs) StdoutLine: {'line': b'-- Up-to-date: /home/giromi/Repos/VTOL/ws_sensor_combined_src/install/px4_msgs/include/px4_msgs/px4_msgs/msg/trajectory_waypoint.h\n'}
[6.354391] (px4_msgs) StdoutLine: {'line': b'-- Up-to-date: /home/giromi/Repos/VTOL/ws_sensor_combined_src/install/px4_msgs/include/px4_msgs/px4_msgs/msg/differential_drive_setpoint.h\n'}
[6.354487] (px4_msgs) StdoutLine: {'line': b'-- Up-to-date: /home/giromi/Repos/VTOL/ws_sensor_combined_src/install/px4_msgs/include/px4_msgs/px4_msgs/msg/buffer128.h\n'}
[6.354606] (px4_msgs) StdoutLine: {'line': b'-- Up-to-date: /home/giromi/Repos/VTOL/ws_sensor_combined_src/install/px4_msgs/include/px4_msgs/px4_msgs/msg/vehicle_control_mode.h\n'}
[6.354706] (px4_msgs) StdoutLine: {'line': b'-- Up-to-date: /home/giromi/Repos/VTOL/ws_sensor_combined_src/install/px4_msgs/include/px4_msgs/px4_msgs/msg/ekf2_timestamps.h\n'}
[6.354805] (px4_msgs) StdoutLine: {'line': b'-- Up-to-date: /home/giromi/Repos/VTOL/ws_sensor_combined_src/install/px4_msgs/include/px4_msgs/px4_msgs/msg/gripper.h\n'}
[6.354909] (px4_msgs) StdoutLine: {'line': b'-- Up-to-date: /home/giromi/Repos/VTOL/ws_sensor_combined_src/install/px4_msgs/include/px4_msgs/px4_msgs/msg/arming_check_reply.h\n'}
[6.355008] (px4_msgs) StdoutLine: {'line': b'-- Up-to-date: /home/giromi/Repos/VTOL/ws_sensor_combined_src/install/px4_msgs/include/px4_msgs/px4_msgs/msg/gpio_out.h\n'}
[6.355106] (px4_msgs) StdoutLine: {'line': b'-- Up-to-date: /home/giromi/Repos/VTOL/ws_sensor_combined_src/install/px4_msgs/include/px4_msgs/px4_msgs/msg/collision_report.h\n'}
[6.355206] (px4_msgs) StdoutLine: {'line': b'-- Up-to-date: /home/giromi/Repos/VTOL/ws_sensor_combined_src/install/px4_msgs/include/px4_msgs/px4_msgs/msg/launch_detection_status.h\n'}
[6.355401] (px4_msgs) StdoutLine: {'line': b'-- Up-to-date: /home/giromi/Repos/VTOL/ws_sensor_combined_src/install/px4_msgs/include/px4_msgs/px4_msgs/msg/sensor_airflow.h\n'}
[6.355524] (px4_msgs) StdoutLine: {'line': b'-- Up-to-date: /home/giromi/Repos/VTOL/ws_sensor_combined_src/install/px4_msgs/include/px4_msgs/px4_msgs/msg/debug_value.h\n'}
[6.355625] (px4_msgs) StdoutLine: {'line': b'-- Up-to-date: /home/giromi/Repos/VTOL/ws_sensor_combined_src/install/px4_msgs/include/px4_msgs/px4_msgs/msg/yaw_estimator_status.h\n'}
[6.355725] (px4_msgs) StdoutLine: {'line': b'-- Up-to-date: /home/giromi/Repos/VTOL/ws_sensor_combined_src/install/px4_msgs/include/px4_msgs/px4_msgs/msg/gimbal_manager_set_attitude.h\n'}
[6.355825] (px4_msgs) StdoutLine: {'line': b'-- Up-to-date: /home/giromi/Repos/VTOL/ws_sensor_combined_src/install/px4_msgs/include/px4_msgs/px4_msgs/msg/normalized_unsigned_setpoint.h\n'}
[6.355925] (px4_msgs) StdoutLine: {'line': b'-- Up-to-date: /home/giromi/Repos/VTOL/ws_sensor_combined_src/install/px4_msgs/include/px4_msgs/px4_msgs/msg/actuator_servos.h\n'}
[6.356024] (px4_msgs) StdoutLine: {'line': b'-- Up-to-date: /home/giromi/Repos/VTOL/ws_sensor_combined_src/install/px4_msgs/include/px4_msgs/px4_msgs/msg/tune_control.h\n'}
[6.356133] (px4_msgs) StdoutLine: {'line': b'-- Up-to-date: /home/giromi/Repos/VTOL/ws_sensor_combined_src/install/px4_msgs/include/px4_msgs/px4_msgs/msg/estimator_states.h\n'}
[6.356238] (px4_msgs) StdoutLine: {'line': b'-- Up-to-date: /home/giromi/Repos/VTOL/ws_sensor_combined_src/install/px4_msgs/include/px4_msgs/px4_msgs/msg/mode_completed.h\n'}
[6.356339] (px4_msgs) StdoutLine: {'line': b'-- Up-to-date: /home/giromi/Repos/VTOL/ws_sensor_combined_src/install/px4_msgs/include/px4_msgs/px4_msgs/msg/landing_gear.h\n'}
[6.356438] (px4_msgs) StdoutLine: {'line': b'-- Up-to-date: /home/giromi/Repos/VTOL/ws_sensor_combined_src/install/px4_msgs/include/px4_msgs/px4_msgs/msg/estimator_bias3d.h\n'}
[6.356538] (px4_msgs) StdoutLine: {'line': b'-- Up-to-date: /home/giromi/Repos/VTOL/ws_sensor_combined_src/install/px4_msgs/include/px4_msgs/px4_msgs/msg/register_ext_component_reply.h\n'}
[6.356638] (px4_msgs) StdoutLine: {'line': b'-- Up-to-date: /home/giromi/Repos/VTOL/ws_sensor_combined_src/install/px4_msgs/include/px4_msgs/px4_msgs/msg/estimator_innovations.h\n'}
[6.356738] (px4_msgs) StdoutLine: {'line': b'-- Up-to-date: /home/giromi/Repos/VTOL/ws_sensor_combined_src/install/px4_msgs/include/px4_msgs/px4_msgs/msg/sensors_status.h\n'}
[6.356846] (px4_msgs) StdoutLine: {'line': b'-- Up-to-date: /home/giromi/Repos/VTOL/ws_sensor_combined_src/install/px4_msgs/include/px4_msgs/px4_msgs/msg/gimbal_device_information.h\n'}
[6.356946] (px4_msgs) StdoutLine: {'line': b'-- Up-to-date: /home/giromi/Repos/VTOL/ws_sensor_combined_src/install/px4_msgs/include/px4_msgs/px4_msgs/msg/sensor_accel_fifo.h\n'}
[6.357047] (px4_msgs) StdoutLine: {'line': b'-- Up-to-date: /home/giromi/Repos/VTOL/ws_sensor_combined_src/install/px4_msgs/include/px4_msgs/px4_msgs/msg/sensor_selection.h\n'}
[6.357147] (px4_msgs) StdoutLine: {'line': b'-- Up-to-date: /home/giromi/Repos/VTOL/ws_sensor_combined_src/install/px4_msgs/include/px4_msgs/px4_msgs/msg/vehicle_land_detected.h\n'}
[6.357247] (px4_msgs) StdoutLine: {'line': b'-- Up-to-date: /home/giromi/Repos/VTOL/ws_sensor_combined_src/install/px4_msgs/include/px4_msgs/px4_msgs/msg/gimbal_device_attitude_status.h\n'}
[6.357348] (px4_msgs) StdoutLine: {'line': b'-- Up-to-date: /home/giromi/Repos/VTOL/ws_sensor_combined_src/install/px4_msgs/include/px4_msgs/px4_msgs/msg/ping.h\n'}
[6.357447] (px4_msgs) StdoutLine: {'line': b'-- Up-to-date: /home/giromi/Repos/VTOL/ws_sensor_combined_src/install/px4_msgs/include/px4_msgs/px4_msgs/msg/estimator_gps_status.h\n'}
[6.357548] (px4_msgs) StdoutLine: {'line': b'-- Up-to-date: /home/giromi/Repos/VTOL/ws_sensor_combined_src/install/px4_msgs/include/px4_msgs/px4_msgs/msg/esc_status.h\n'}
[6.357648] (px4_msgs) StdoutLine: {'line': b'-- Up-to-date: /home/giromi/Repos/VTOL/ws_sensor_combined_src/install/px4_msgs/include/px4_msgs/px4_msgs/msg/airspeed.h\n'}
[6.357748] (px4_msgs) StdoutLine: {'line': b'-- Up-to-date: /home/giromi/Repos/VTOL/ws_sensor_combined_src/install/px4_msgs/include/px4_msgs/px4_msgs/msg/sensor_correction.h\n'}
[6.357847] (px4_msgs) StdoutLine: {'line': b'-- Up-to-date: /home/giromi/Repos/VTOL/ws_sensor_combined_src/install/px4_msgs/include/px4_msgs/px4_msgs/msg/follow_target_status.h\n'}
[6.357947] (px4_msgs) StdoutLine: {'line': b'-- Up-to-date: /home/giromi/Repos/VTOL/ws_sensor_combined_src/install/px4_msgs/include/px4_msgs/px4_msgs/msg/autotune_attitude_control_status.h\n'}
[6.358047] (px4_msgs) StdoutLine: {'line': b'-- Up-to-date: /home/giromi/Repos/VTOL/ws_sensor_combined_src/install/px4_msgs/include/px4_msgs/px4_msgs/msg/register_ext_component_request.h\n'}
[6.358147] (px4_msgs) StdoutLine: {'line': b'-- Up-to-date: /home/giromi/Repos/VTOL/ws_sensor_combined_src/install/px4_msgs/include/px4_msgs/px4_msgs/msg/orb_test_medium.h\n'}
[6.358247] (px4_msgs) StdoutLine: {'line': b'-- Up-to-date: /home/giromi/Repos/VTOL/ws_sensor_combined_src/install/px4_msgs/include/px4_msgs/px4_msgs/msg/position_setpoint.h\n'}
[6.358347] (px4_msgs) StdoutLine: {'line': b'-- Up-to-date: /home/giromi/Repos/VTOL/ws_sensor_combined_src/install/px4_msgs/include/px4_msgs/px4_msgs/msg/vehicle_optical_flow.h\n'}
[6.358446] (px4_msgs) StdoutLine: {'line': b'-- Up-to-date: /home/giromi/Repos/VTOL/ws_sensor_combined_src/install/px4_msgs/include/px4_msgs/px4_msgs/msg/estimator_aid_source3d.h\n'}
[6.358551] (px4_msgs) StdoutLine: {'line': b'-- Up-to-date: /home/giromi/Repos/VTOL/ws_sensor_combined_src/install/px4_msgs/include/px4_msgs/px4_msgs/msg/heater_status.h\n'}
[6.358651] (px4_msgs) StdoutLine: {'line': b'-- Up-to-date: /home/giromi/Repos/VTOL/ws_sensor_combined_src/install/px4_msgs/include/px4_msgs/px4_msgs/msg/actuator_servos_trim.h\n'}
[6.358751] (px4_msgs) StdoutLine: {'line': b'-- Up-to-date: /home/giromi/Repos/VTOL/ws_sensor_combined_src/install/px4_msgs/include/px4_msgs/px4_msgs/msg/ulog_stream_ack.h\n'}
[6.358852] (px4_msgs) StdoutLine: {'line': b'-- Up-to-date: /home/giromi/Repos/VTOL/ws_sensor_combined_src/install/px4_msgs/include/px4_msgs/px4_msgs/msg/power_button_state.h\n'}
[6.358953] (px4_msgs) StdoutLine: {'line': b'-- Up-to-date: /home/giromi/Repos/VTOL/ws_sensor_combined_src/install/px4_msgs/include/px4_msgs/px4_msgs/msg/goto_setpoint.h\n'}
[6.359058] (px4_msgs) StdoutLine: {'line': b'-- Up-to-date: /home/giromi/Repos/VTOL/ws_sensor_combined_src/install/px4_msgs/include/px4_msgs/px4_msgs/msg/vehicle_rates_setpoint.h\n'}
[6.359158] (px4_msgs) StdoutLine: {'line': b'-- Up-to-date: /home/giromi/Repos/VTOL/ws_sensor_combined_src/install/px4_msgs/include/px4_msgs/px4_msgs/msg/velocity_limits.h\n'}
[6.359258] (px4_msgs) StdoutLine: {'line': b'-- Up-to-date: /home/giromi/Repos/VTOL/ws_sensor_combined_src/install/px4_msgs/include/px4_msgs/px4_msgs/msg/cpuload.h\n'}
[6.359358] (px4_msgs) StdoutLine: {'line': b'-- Up-to-date: /home/giromi/Repos/VTOL/ws_sensor_combined_src/install/px4_msgs/include/px4_msgs/px4_msgs/msg/sensor_baro.h\n'}
[6.359473] (px4_msgs) StdoutLine: {'line': b'-- Up-to-date: /home/giromi/Repos/VTOL/ws_sensor_combined_src/install/px4_msgs/include/px4_msgs/px4_msgs/msg/rosidl_generator_c__visibility_control.h\n'}
[6.359543] (px4_msgs) StdoutLine: {'line': b'-- Up-to-date: /home/giromi/Repos/VTOL/ws_sensor_combined_src/install/px4_msgs/include/px4_msgs/px4_msgs/msg/trajectory_bezier.h\n'}
[6.359604] (px4_msgs) StdoutLine: {'line': b'-- Up-to-date: /home/giromi/Repos/VTOL/ws_sensor_combined_src/install/px4_msgs/include/px4_msgs/px4_msgs/msg/parameter_update.h\n'}
[6.359663] (px4_msgs) StdoutLine: {'line': b'-- Up-to-date: /home/giromi/Repos/VTOL/ws_sensor_combined_src/install/px4_msgs/include/px4_msgs/px4_msgs/msg/vehicle_air_data.h\n'}
[6.359721] (px4_msgs) StdoutLine: {'line': b'-- Up-to-date: /home/giromi/Repos/VTOL/ws_sensor_combined_src/install/px4_msgs/include/px4_msgs/px4_msgs/msg/sensor_gyro_fft.h\n'}
[6.359779] (px4_msgs) StdoutLine: {'line': b'-- Up-to-date: /home/giromi/Repos/VTOL/ws_sensor_combined_src/install/px4_msgs/include/px4_msgs/px4_msgs/msg/message_format_response.h\n'}
[6.359847] (px4_msgs) StdoutLine: {'line': b'-- Up-to-date: /home/giromi/Repos/VTOL/ws_sensor_combined_src/install/px4_msgs/include/px4_msgs/px4_msgs/msg/generator_status.h\n'}
[6.359905] (px4_msgs) StdoutLine: {'line': b'-- Up-to-date: /home/giromi/Repos/VTOL/ws_sensor_combined_src/install/px4_msgs/include/px4_msgs/px4_msgs/msg/onboard_computer_status.h\n'}
[6.359963] (px4_msgs) StdoutLine: {'line': b'-- Up-to-date: /home/giromi/Repos/VTOL/ws_sensor_combined_src/install/px4_msgs/include/px4_msgs/px4_msgs/msg/event.h\n'}
[6.360025] (px4_msgs) StdoutLine: {'line': b'-- Up-to-date: /home/giromi/Repos/VTOL/ws_sensor_combined_src/install/px4_msgs/include/px4_msgs/px4_msgs/msg/estimator_status.h\n'}
[6.360093] (px4_msgs) StdoutLine: {'line': b'-- Up-to-date: /home/giromi/Repos/VTOL/ws_sensor_combined_src/install/px4_msgs/include/px4_msgs/px4_msgs/msg/mag_worker_data.h\n'}
[6.360158] (px4_msgs) StdoutLine: {'line': b'-- Up-to-date: /home/giromi/Repos/VTOL/ws_sensor_combined_src/install/px4_msgs/include/px4_msgs/px4_msgs/msg/message_format_request.h\n'}
[6.360222] (px4_msgs) StdoutLine: {'line': b'-- Up-to-date: /home/giromi/Repos/VTOL/ws_sensor_combined_src/install/px4_msgs/include/px4_msgs/px4_msgs/msg/distance_sensor.h\n'}
[6.360285] (px4_msgs) StdoutLine: {'line': b'-- Up-to-date: /home/giromi/Repos/VTOL/ws_sensor_combined_src/install/px4_msgs/include/px4_msgs/px4_msgs/msg/camera_capture.h\n'}
[6.360354] (px4_msgs) StdoutLine: {'line': b'-- Up-to-date: /home/giromi/Repos/VTOL/ws_sensor_combined_src/install/px4_msgs/include/px4_msgs/px4_msgs/msg/gpio_request.h\n'}
[6.360417] (px4_msgs) StdoutLine: {'line': b'-- Up-to-date: /home/giromi/Repos/VTOL/ws_sensor_combined_src/install/px4_msgs/include/px4_msgs/px4_msgs/msg/actuator_motors.h\n'}
[6.360481] (px4_msgs) StdoutLine: {'line': b'-- Up-to-date: /home/giromi/Repos/VTOL/ws_sensor_combined_src/install/px4_msgs/include/px4_msgs/px4_msgs/msg/task_stack_info.h\n'}
[6.360543] (px4_msgs) StdoutLine: {'line': b'-- Up-to-date: /home/giromi/Repos/VTOL/ws_sensor_combined_src/install/px4_msgs/include/px4_msgs/px4_msgs/msg/debug_key_value.h\n'}
[6.360605] (px4_msgs) StdoutLine: {'line': b'-- Up-to-date: /home/giromi/Repos/VTOL/ws_sensor_combined_src/install/px4_msgs/include/px4_msgs/px4_msgs/msg/telemetry_status.h\n'}
[6.360667] (px4_msgs) StdoutLine: {'line': b'-- Up-to-date: /home/giromi/Repos/VTOL/ws_sensor_combined_src/install/px4_msgs/include/px4_msgs/px4_msgs/msg/sensor_accel.h\n'}
[6.360729] (px4_msgs) StdoutLine: {'line': b'-- Up-to-date: /home/giromi/Repos/VTOL/ws_sensor_combined_src/install/px4_msgs/include/px4_msgs/px4_msgs/msg/sensor_mag.h\n'}
[6.360790] (px4_msgs) StdoutLine: {'line': b'-- Up-to-date: /home/giromi/Repos/VTOL/ws_sensor_combined_src/install/px4_msgs/include/px4_msgs/px4_msgs/msg/wind.h\n'}
[6.360852] (px4_msgs) StdoutLine: {'line': b'-- Up-to-date: /home/giromi/Repos/VTOL/ws_sensor_combined_src/install/px4_msgs/include/px4_msgs/px4_msgs/msg/log_message.h\n'}
[6.360912] (px4_msgs) StdoutLine: {'line': b'-- Up-to-date: /home/giromi/Repos/VTOL/ws_sensor_combined_src/install/px4_msgs/include/px4_msgs/px4_msgs/msg/pps_capture.h\n'}
[6.360974] (px4_msgs) StdoutLine: {'line': b'-- Up-to-date: /home/giromi/Repos/VTOL/ws_sensor_combined_src/install/px4_msgs/include/px4_msgs/px4_msgs/msg/irlock_report.h\n'}
[6.361035] (px4_msgs) StdoutLine: {'line': b'-- Up-to-date: /home/giromi/Repos/VTOL/ws_sensor_combined_src/install/px4_msgs/include/px4_msgs/px4_msgs/msg/actuator_armed.h\n'}
[6.361097] (px4_msgs) StdoutLine: {'line': b'-- Up-to-date: /home/giromi/Repos/VTOL/ws_sensor_combined_src/install/px4_msgs/include/px4_msgs/px4_msgs/msg/hover_thrust_estimate.h\n'}
[6.361162] (px4_msgs) StdoutLine: {'line': b'-- Up-to-date: /home/giromi/Repos/VTOL/ws_sensor_combined_src/install/px4_msgs/include/px4_msgs/px4_msgs/msg/px4io_status.h\n'}
[6.361225] (px4_msgs) StdoutLine: {'line': b'-- Up-to-date: /home/giromi/Repos/VTOL/ws_sensor_combined_src/install/px4_msgs/include/px4_msgs/px4_msgs/msg/failsafe_flags.h\n'}
[6.361287] (px4_msgs) StdoutLine: {'line': b'-- Up-to-date: /home/giromi/Repos/VTOL/ws_sensor_combined_src/install/px4_msgs/include/px4_msgs/px4_msgs/msg/trajectory_setpoint.h\n'}
[6.361348] (px4_msgs) StdoutLine: {'line': b'-- Up-to-date: /home/giromi/Repos/VTOL/ws_sensor_combined_src/install/px4_msgs/include/px4_msgs/px4_msgs/msg/vehicle_angular_acceleration_setpoint.h\n'}
[6.361410] (px4_msgs) StdoutLine: {'line': b'-- Up-to-date: /home/giromi/Repos/VTOL/ws_sensor_combined_src/install/px4_msgs/include/px4_msgs/px4_msgs/msg/position_controller_landing_status.h\n'}
[6.361472] (px4_msgs) StdoutLine: {'line': b'-- Up-to-date: /home/giromi/Repos/VTOL/ws_sensor_combined_src/install/px4_msgs/include/px4_msgs/px4_msgs/msg/esc_report.h\n'}
[6.361534] (px4_msgs) StdoutLine: {'line': b'-- Up-to-date: /home/giromi/Repos/VTOL/ws_sensor_combined_src/install/px4_msgs/include/px4_msgs/px4_msgs/msg/debug_array.h\n'}
[6.361597] (px4_msgs) StdoutLine: {'line': b'-- Up-to-date: /home/giromi/Repos/VTOL/ws_sensor_combined_src/install/px4_msgs/include/px4_msgs/px4_msgs/msg/collision_constraints.h\n'}
[6.361659] (px4_msgs) StdoutLine: {'line': b'-- Up-to-date: /home/giromi/Repos/VTOL/ws_sensor_combined_src/install/px4_msgs/include/px4_msgs/px4_msgs/msg/gps_dump.h\n'}
[6.361721] (px4_msgs) StdoutLine: {'line': b'-- Up-to-date: /home/giromi/Repos/VTOL/ws_sensor_combined_src/install/px4_msgs/include/px4_msgs/px4_msgs/msg/sensor_gyro.h\n'}
[6.361788] (px4_msgs) StdoutLine: {'line': b'-- Up-to-date: /home/giromi/Repos/VTOL/ws_sensor_combined_src/install/px4_msgs/include/px4_msgs/px4_msgs/msg/position_setpoint_triplet.h\n'}
[6.361857] (px4_msgs) StdoutLine: {'line': b'-- Up-to-date: /home/giromi/Repos/VTOL/ws_sensor_combined_src/install/px4_msgs/include/px4_msgs/px4_msgs/msg/cellular_status.h\n'}
[6.361918] (px4_msgs) StdoutLine: {'line': b'-- Up-to-date: /home/giromi/Repos/VTOL/ws_sensor_combined_src/install/px4_msgs/include/px4_msgs/px4_msgs/msg/airspeed_validated.h\n'}
[6.361980] (px4_msgs) StdoutLine: {'line': b'-- Up-to-date: /home/giromi/Repos/VTOL/ws_sensor_combined_src/install/px4_msgs/include/px4_msgs/px4_msgs/msg/logger_status.h\n'}
[6.362041] (px4_msgs) StdoutLine: {'line': b'-- Up-to-date: /home/giromi/Repos/VTOL/ws_sensor_combined_src/install/px4_msgs/include/px4_msgs/px4_msgs/msg/actuator_test.h\n'}
[6.362103] (px4_msgs) StdoutLine: {'line': b'-- Up-to-date: /home/giromi/Repos/VTOL/ws_sensor_combined_src/install/px4_msgs/include/px4_msgs/px4_msgs/msg/sensors_status_imu.h\n'}
[6.362164] (px4_msgs) StdoutLine: {'line': b'-- Up-to-date: /home/giromi/Repos/VTOL/ws_sensor_combined_src/install/px4_msgs/include/px4_msgs/px4_msgs/msg/uavcan_parameter_value.h\n'}
[6.362225] (px4_msgs) StdoutLine: {'line': b'-- Up-to-date: /home/giromi/Repos/VTOL/ws_sensor_combined_src/install/px4_msgs/include/px4_msgs/px4_msgs/msg/orb_test_large.h\n'}
[6.362286] (px4_msgs) StdoutLine: {'line': b'-- Up-to-date: /home/giromi/Repos/VTOL/ws_sensor_combined_src/install/px4_msgs/include/px4_msgs/px4_msgs/msg/pwm_input.h\n'}
[6.362348] (px4_msgs) StdoutLine: {'line': b'-- Up-to-date: /home/giromi/Repos/VTOL/ws_sensor_combined_src/install/px4_msgs/include/px4_msgs/px4_msgs/msg/estimator_status_flags.h\n'}
[6.362409] (px4_msgs) StdoutLine: {'line': b'-- Up-to-date: /home/giromi/Repos/VTOL/ws_sensor_combined_src/install/px4_msgs/include/px4_msgs/px4_msgs/msg/vehicle_attitude_setpoint.h\n'}
[6.362471] (px4_msgs) StdoutLine: {'line': b'-- Up-to-date: /home/giromi/Repos/VTOL/ws_sensor_combined_src/install/px4_msgs/include/px4_msgs/px4_msgs/msg/follow_target_estimator.h\n'}
[6.362532] (px4_msgs) StdoutLine: {'line': b'-- Up-to-date: /home/giromi/Repos/VTOL/ws_sensor_combined_src/install/px4_msgs/include/px4_msgs/px4_msgs/msg/gimbal_device_set_attitude.h\n'}
[6.362593] (px4_msgs) StdoutLine: {'line': b'-- Up-to-date: /home/giromi/Repos/VTOL/ws_sensor_combined_src/install/px4_msgs/include/px4_msgs/px4_msgs/msg/estimator_event_flags.h\n'}
[6.362654] (px4_msgs) StdoutLine: {'line': b'-- Up-to-date: /home/giromi/Repos/VTOL/ws_sensor_combined_src/install/px4_msgs/include/px4_msgs/px4_msgs/msg/vehicle_constraints.h\n'}
[6.362716] (px4_msgs) StdoutLine: {'line': b'-- Up-to-date: /home/giromi/Repos/VTOL/ws_sensor_combined_src/install/px4_msgs/include/px4_msgs/px4_msgs/msg/sensor_gps.h\n'}
[6.362777] (px4_msgs) StdoutLine: {'line': b'-- Up-to-date: /home/giromi/Repos/VTOL/ws_sensor_combined_src/install/px4_msgs/include/px4_msgs/px4_msgs/msg/vehicle_imu.h\n'}
[6.362838] (px4_msgs) StdoutLine: {'line': b'-- Up-to-date: /home/giromi/Repos/VTOL/ws_sensor_combined_src/install/px4_msgs/include/px4_msgs/px4_msgs/msg/mission.h\n'}
[6.362900] (px4_msgs) StdoutLine: {'line': b'-- Up-to-date: /home/giromi/Repos/VTOL/ws_sensor_combined_src/install/px4_msgs/include/px4_msgs/px4_msgs/msg/position_controller_status.h\n'}
[6.362971] (px4_msgs) StdoutLine: {'line': b'-- Up-to-date: /home/giromi/Repos/VTOL/ws_sensor_combined_src/install/px4_msgs/include/px4_msgs/px4_msgs/msg/vehicle_local_position_setpoint.h\n'}
[6.363033] (px4_msgs) StdoutLine: {'line': b'-- Up-to-date: /home/giromi/Repos/VTOL/ws_sensor_combined_src/install/px4_msgs/include/px4_msgs/px4_msgs/msg/vtol_vehicle_status.h\n'}
[6.363094] (px4_msgs) StdoutLine: {'line': b'-- Up-to-date: /home/giromi/Repos/VTOL/ws_sensor_combined_src/install/px4_msgs/include/px4_msgs/px4_msgs/msg/gpio_config.h\n'}
[6.363156] (px4_msgs) StdoutLine: {'line': b'-- Up-to-date: /home/giromi/Repos/VTOL/ws_sensor_combined_src/install/px4_msgs/include/px4_msgs/px4_msgs/msg/landing_gear_wheel.h\n'}
[6.363224] (px4_msgs) StdoutLine: {'line': b'-- Up-to-date: /home/giromi/Repos/VTOL/ws_sensor_combined_src/install/px4_msgs/include/px4_msgs/px4_msgs/msg/dataman_response.h\n'}
[6.363286] (px4_msgs) StdoutLine: {'line': b'-- Up-to-date: /home/giromi/Repos/VTOL/ws_sensor_combined_src/install/px4_msgs/include/px4_msgs/px4_msgs/msg/orbit_status.h\n'}
[6.363348] (px4_msgs) StdoutLine: {'line': b'-- Up-to-date: /home/giromi/Repos/VTOL/ws_sensor_combined_src/install/px4_msgs/include/px4_msgs/px4_msgs/msg/npfg_status.h\n'}
[6.363409] (px4_msgs) StdoutLine: {'line': b'-- Up-to-date: /home/giromi/Repos/VTOL/ws_sensor_combined_src/install/px4_msgs/include/px4_msgs/px4_msgs/msg/follow_target.h\n'}
[6.363526] (px4_msgs) StdoutLine: {'line': b'-- Up-to-date: /home/giromi/Repos/VTOL/ws_sensor_combined_src/install/px4_msgs/include/px4_msgs/px4_msgs/msg/vehicle_attitude.h\n'}
[6.363589] (px4_msgs) StdoutLine: {'line': b'-- Up-to-date: /home/giromi/Repos/VTOL/ws_sensor_combined_src/install/px4_msgs/include/px4_msgs/px4_msgs/msg/actuator_outputs.h\n'}
[6.363657] (px4_msgs) StdoutLine: {'line': b'-- Up-to-date: /home/giromi/Repos/VTOL/ws_sensor_combined_src/install/px4_msgs/include/px4_msgs/px4_msgs/msg/dataman_request.h\n'}
[6.363738] (px4_msgs) StdoutLine: {'line': b'-- Up-to-date: /home/giromi/Repos/VTOL/ws_sensor_combined_src/install/px4_msgs/include/px4_msgs/px4_msgs/msg/gpio_in.h\n'}
[6.363796] (px4_msgs) StdoutLine: {'line': b'-- Up-to-date: /home/giromi/Repos/VTOL/ws_sensor_combined_src/install/px4_msgs/include/px4_msgs/px4_msgs/msg/tecs_status.h\n'}
[6.363852] (px4_msgs) StdoutLine: {'line': b'-- Up-to-date: /home/giromi/Repos/VTOL/ws_sensor_combined_src/install/px4_msgs/include/px4_msgs/px4_msgs/msg/qshell_retval.h\n'}
[6.363919] (px4_msgs) StdoutLine: {'line': b'-- Up-to-date: /home/giromi/Repos/VTOL/ws_sensor_combined_src/install/px4_msgs/include/px4_msgs/px4_msgs/msg/input_rc.h\n'}
[6.363975] (px4_msgs) StdoutLine: {'line': b'-- Up-to-date: /home/giromi/Repos/VTOL/ws_sensor_combined_src/install/px4_msgs/include/px4_msgs/px4_msgs/msg/vehicle_trajectory_waypoint.h\n'}
[6.364031] (px4_msgs) StdoutLine: {'line': b'-- Up-to-date: /home/giromi/Repos/VTOL/ws_sensor_combined_src/install/px4_msgs/include/px4_msgs/px4_msgs/msg/vehicle_trajectory_bezier.h\n'}
[6.364087] (px4_msgs) StdoutLine: {'line': b'-- Up-to-date: /home/giromi/Repos/VTOL/ws_sensor_combined_src/install/px4_msgs/include/px4_msgs/px4_msgs/msg/iridiumsbd_status.h\n'}
[6.364141] (px4_msgs) StdoutLine: {'line': b'-- Up-to-date: /home/giromi/Repos/VTOL/ws_sensor_combined_src/install/px4_msgs/include/px4_msgs/px4_msgs/msg/mavlink_tunnel.h\n'}
[6.364196] (px4_msgs) StdoutLine: {'line': b'-- Up-to-date: /home/giromi/Repos/VTOL/ws_sensor_combined_src/install/px4_msgs/include/px4_msgs/px4_msgs/msg/gps_inject_data.h\n'}
[6.364251] (px4_msgs) StdoutLine: {'line': b'-- Up-to-date: /home/giromi/Repos/VTOL/ws_sensor_combined_src/install/px4_msgs/include/px4_msgs/px4_msgs/msg/tiltrotor_extra_controls.h\n'}
[6.364306] (px4_msgs) StdoutLine: {'line': b'-- Up-to-date: /home/giromi/Repos/VTOL/ws_sensor_combined_src/install/px4_msgs/include/px4_msgs/px4_msgs/msg/sensor_gnss_relative.h\n'}
[6.364361] (px4_msgs) StdoutLine: {'line': b'-- Up-to-date: /home/giromi/Repos/VTOL/ws_sensor_combined_src/install/px4_msgs/include/px4_msgs/px4_msgs/msg/arming_check_request.h\n'}
[6.364416] (px4_msgs) StdoutLine: {'line': b'-- Up-to-date: /home/giromi/Repos/VTOL/ws_sensor_combined_src/install/px4_msgs/include/px4_msgs/px4_msgs/msg/estimator_selector_status.h\n'}
[6.364471] (px4_msgs) StdoutLine: {'line': b'-- Up-to-date: /home/giromi/Repos/VTOL/ws_sensor_combined_src/install/px4_msgs/include/px4_msgs/px4_msgs/msg/figure_eight_status.h\n'}
[6.364526] (px4_msgs) StdoutLine: {'line': b'-- Up-to-date: /home/giromi/Repos/VTOL/ws_sensor_combined_src/install/px4_msgs/include/px4_msgs/px4_msgs/msg/offboard_control_mode.h\n'}
[6.364581] (px4_msgs) StdoutLine: {'line': b'-- Up-to-date: /home/giromi/Repos/VTOL/ws_sensor_combined_src/install/px4_msgs/include/px4_msgs/px4_msgs/msg/config_overrides.h\n'}
[6.364639] (px4_msgs) StdoutLine: {'line': b'-- Up-to-date: /home/giromi/Repos/VTOL/ws_sensor_combined_src/install/px4_msgs/include/px4_msgs/px4_msgs/msg/gimbal_controls.h\n'}
[6.364694] (px4_msgs) StdoutLine: {'line': b'-- Up-to-date: /home/giromi/Repos/VTOL/ws_sensor_combined_src/install/px4_msgs/include/px4_msgs/px4_msgs/msg/rc_parameter_map.h\n'}
[6.364749] (px4_msgs) StdoutLine: {'line': b'-- Up-to-date: /home/giromi/Repos/VTOL/ws_sensor_combined_src/install/px4_msgs/include/px4_msgs/px4_msgs/msg/vehicle_odometry.h\n'}
[6.364808] (px4_msgs) StdoutLine: {'line': b'-- Up-to-date: /home/giromi/Repos/VTOL/ws_sensor_combined_src/install/px4_msgs/include/px4_msgs/px4_msgs/msg/adc_report.h\n'}
[6.364863] (px4_msgs) StdoutLine: {'line': b'-- Up-to-date: /home/giromi/Repos/VTOL/ws_sensor_combined_src/install/px4_msgs/share/px4_msgs/environment/library_path.sh\n'}
[6.365019] (px4_msgs) StdoutLine: {'line': b'-- Up-to-date: /home/giromi/Repos/VTOL/ws_sensor_combined_src/install/px4_msgs/share/px4_msgs/environment/library_path.dsv\n'}
[6.365087] (px4_msgs) StdoutLine: {'line': b'-- Up-to-date: /home/giromi/Repos/VTOL/ws_sensor_combined_src/install/px4_msgs/lib/libpx4_msgs__rosidl_generator_c.so\n'}
[6.365185] (px4_msgs) StdoutLine: {'line': b'-- Up-to-date: /home/giromi/Repos/VTOL/ws_sensor_combined_src/install/px4_msgs/include/px4_msgs/px4_msgs\n'}
[6.365317] (px4_msgs) StdoutLine: {'line': b'-- Up-to-date: /home/giromi/Repos/VTOL/ws_sensor_combined_src/install/px4_msgs/include/px4_msgs/px4_msgs/srv\n'}
[6.365409] (px4_msgs) StdoutLine: {'line': b'-- Up-to-date: /home/giromi/Repos/VTOL/ws_sensor_combined_src/install/px4_msgs/include/px4_msgs/px4_msgs/srv/detail\n'}
[6.365503] (px4_msgs) StdoutLine: {'line': b'-- Up-to-date: /home/giromi/Repos/VTOL/ws_sensor_combined_src/install/px4_msgs/include/px4_msgs/px4_msgs/srv/detail/vehicle_command__rosidl_typesupport_fastrtps_c.h\n'}
[6.365596] (px4_msgs) StdoutLine: {'line': b'-- Up-to-date: /home/giromi/Repos/VTOL/ws_sensor_combined_src/install/px4_msgs/include/px4_msgs/px4_msgs/msg\n'}
[6.365684] (px4_msgs) StdoutLine: {'line': b'-- Up-to-date: /home/giromi/Repos/VTOL/ws_sensor_combined_src/install/px4_msgs/include/px4_msgs/px4_msgs/msg/detail\n'}
[6.365743] (px4_msgs) StdoutLine: {'line': b'-- Up-to-date: /home/giromi/Repos/VTOL/ws_sensor_combined_src/install/px4_msgs/include/px4_msgs/px4_msgs/msg/detail/actuator_motors__rosidl_typesupport_fastrtps_c.h\n'}
[6.365799] (px4_msgs) StdoutLine: {'line': b'-- Up-to-date: /home/giromi/Repos/VTOL/ws_sensor_combined_src/install/px4_msgs/include/px4_msgs/px4_msgs/msg/detail/gps_dump__rosidl_typesupport_fastrtps_c.h\n'}
[6.365854] (px4_msgs) StdoutLine: {'line': b'-- Up-to-date: /home/giromi/Repos/VTOL/ws_sensor_combined_src/install/px4_msgs/include/px4_msgs/px4_msgs/msg/detail/mavlink_log__rosidl_typesupport_fastrtps_c.h\n'}
[6.365909] (px4_msgs) StdoutLine: {'line': b'-- Up-to-date: /home/giromi/Repos/VTOL/ws_sensor_combined_src/install/px4_msgs/include/px4_msgs/px4_msgs/msg/detail/offboard_control_mode__rosidl_typesupport_fastrtps_c.h\n'}
[6.365964] (px4_msgs) StdoutLine: {'line': b'-- Up-to-date: /home/giromi/Repos/VTOL/ws_sensor_combined_src/install/px4_msgs/include/px4_msgs/px4_msgs/msg/detail/estimator_selector_status__rosidl_typesupport_fastrtps_c.h\n'}
[6.366031] (px4_msgs) StdoutLine: {'line': b'-- Up-to-date: /home/giromi/Repos/VTOL/ws_sensor_combined_src/install/px4_msgs/include/px4_msgs/px4_msgs/msg/detail/dataman_request__rosidl_typesupport_fastrtps_c.h\n'}
[6.366087] (px4_msgs) StdoutLine: {'line': b'-- Up-to-date: /home/giromi/Repos/VTOL/ws_sensor_combined_src/install/px4_msgs/include/px4_msgs/px4_msgs/msg/detail/debug_array__rosidl_typesupport_fastrtps_c.h\n'}
[6.366142] (px4_msgs) StdoutLine: {'line': b'-- Up-to-date: /home/giromi/Repos/VTOL/ws_sensor_combined_src/install/px4_msgs/include/px4_msgs/px4_msgs/msg/detail/arming_check_request__rosidl_typesupport_fastrtps_c.h\n'}
[6.366197] (px4_msgs) StdoutLine: {'line': b'-- Up-to-date: /home/giromi/Repos/VTOL/ws_sensor_combined_src/install/px4_msgs/include/px4_msgs/px4_msgs/msg/detail/launch_detection_status__rosidl_typesupport_fastrtps_c.h\n'}
[6.366257] (px4_msgs) StdoutLine: {'line': b'-- Up-to-date: /home/giromi/Repos/VTOL/ws_sensor_combined_src/install/px4_msgs/include/px4_msgs/px4_msgs/msg/detail/estimator_bias3d__rosidl_typesupport_fastrtps_c.h\n'}
[6.366312] (px4_msgs) StdoutLine: {'line': b'-- Up-to-date: /home/giromi/Repos/VTOL/ws_sensor_combined_src/install/px4_msgs/include/px4_msgs/px4_msgs/msg/detail/sensor_hygrometer__rosidl_typesupport_fastrtps_c.h\n'}
[6.366368] (px4_msgs) StdoutLine: {'line': b'-- Up-to-date: /home/giromi/Repos/VTOL/ws_sensor_combined_src/install/px4_msgs/include/px4_msgs/px4_msgs/msg/detail/register_ext_component_reply__rosidl_typesupport_fastrtps_c.h\n'}
[6.366423] (px4_msgs) StdoutLine: {'line': b'-- Up-to-date: /home/giromi/Repos/VTOL/ws_sensor_combined_src/install/px4_msgs/include/px4_msgs/px4_msgs/msg/detail/uavcan_parameter_request__rosidl_typesupport_fastrtps_c.h\n'}
[6.366478] (px4_msgs) StdoutLine: {'line': b'-- Up-to-date: /home/giromi/Repos/VTOL/ws_sensor_combined_src/install/px4_msgs/include/px4_msgs/px4_msgs/msg/detail/geofence_result__rosidl_typesupport_fastrtps_c.h\n'}
[6.366533] (px4_msgs) StdoutLine: {'line': b'-- Up-to-date: /home/giromi/Repos/VTOL/ws_sensor_combined_src/install/px4_msgs/include/px4_msgs/px4_msgs/msg/detail/adc_report__rosidl_typesupport_fastrtps_c.h\n'}
[6.366588] (px4_msgs) StdoutLine: {'line': b'-- Up-to-date: /home/giromi/Repos/VTOL/ws_sensor_combined_src/install/px4_msgs/include/px4_msgs/px4_msgs/msg/detail/vehicle_angular_acceleration_setpoint__rosidl_typesupport_fastrtps_c.h\n'}
[6.366647] (px4_msgs) StdoutLine: {'line': b'-- Up-to-date: /home/giromi/Repos/VTOL/ws_sensor_combined_src/install/px4_msgs/include/px4_msgs/px4_msgs/msg/detail/qshell_req__rosidl_typesupport_fastrtps_c.h\n'}
[6.366703] (px4_msgs) StdoutLine: {'line': b'-- Up-to-date: /home/giromi/Repos/VTOL/ws_sensor_combined_src/install/px4_msgs/include/px4_msgs/px4_msgs/msg/detail/camera_trigger__rosidl_typesupport_fastrtps_c.h\n'}
[6.366758] (px4_msgs) StdoutLine: {'line': b'-- Up-to-date: /home/giromi/Repos/VTOL/ws_sensor_combined_src/install/px4_msgs/include/px4_msgs/px4_msgs/msg/detail/vehicle_control_mode__rosidl_typesupport_fastrtps_c.h\n'}
[6.366812] (px4_msgs) StdoutLine: {'line': b'-- Up-to-date: /home/giromi/Repos/VTOL/ws_sensor_combined_src/install/px4_msgs/include/px4_msgs/px4_msgs/msg/detail/trajectory_bezier__rosidl_typesupport_fastrtps_c.h\n'}
[6.366866] (px4_msgs) StdoutLine: {'line': b'-- Up-to-date: /home/giromi/Repos/VTOL/ws_sensor_combined_src/install/px4_msgs/include/px4_msgs/px4_msgs/msg/detail/uavcan_parameter_value__rosidl_typesupport_fastrtps_c.h\n'}
[6.366920] (px4_msgs) StdoutLine: {'line': b'-- Up-to-date: /home/giromi/Repos/VTOL/ws_sensor_combined_src/install/px4_msgs/include/px4_msgs/px4_msgs/msg/detail/npfg_status__rosidl_typesupport_fastrtps_c.h\n'}
[6.366974] (px4_msgs) StdoutLine: {'line': b'-- Up-to-date: /home/giromi/Repos/VTOL/ws_sensor_combined_src/install/px4_msgs/include/px4_msgs/px4_msgs/msg/detail/dataman_response__rosidl_typesupport_fastrtps_c.h\n'}
[6.367028] (px4_msgs) StdoutLine: {'line': b'-- Up-to-date: /home/giromi/Repos/VTOL/ws_sensor_combined_src/install/px4_msgs/include/px4_msgs/px4_msgs/msg/detail/landing_target_pose__rosidl_typesupport_fastrtps_c.h\n'}
[6.367083] (px4_msgs) StdoutLine: {'line': b'-- Up-to-date: /home/giromi/Repos/VTOL/ws_sensor_combined_src/install/px4_msgs/include/px4_msgs/px4_msgs/msg/detail/tecs_status__rosidl_typesupport_fastrtps_c.h\n'}
[6.367137] (px4_msgs) StdoutLine: {'line': b'-- Up-to-date: /home/giromi/Repos/VTOL/ws_sensor_combined_src/install/px4_msgs/include/px4_msgs/px4_msgs/msg/detail/ulog_stream__rosidl_typesupport_fastrtps_c.h\n'}
[6.367191] (px4_msgs) StdoutLine: {'line': b'-- Up-to-date: /home/giromi/Repos/VTOL/ws_sensor_combined_src/install/px4_msgs/include/px4_msgs/px4_msgs/msg/detail/transponder_report__rosidl_typesupport_fastrtps_c.h\n'}
[6.367244] (px4_msgs) StdoutLine: {'line': b'-- Up-to-date: /home/giromi/Repos/VTOL/ws_sensor_combined_src/install/px4_msgs/include/px4_msgs/px4_msgs/msg/detail/logger_status__rosidl_typesupport_fastrtps_c.h\n'}
[6.367303] (px4_msgs) StdoutLine: {'line': b'-- Up-to-date: /home/giromi/Repos/VTOL/ws_sensor_combined_src/install/px4_msgs/include/px4_msgs/px4_msgs/msg/detail/rc_channels__rosidl_typesupport_fastrtps_c.h\n'}
[6.367363] (px4_msgs) StdoutLine: {'line': b'-- Up-to-date: /home/giromi/Repos/VTOL/ws_sensor_combined_src/install/px4_msgs/include/px4_msgs/px4_msgs/msg/detail/camera_status__rosidl_typesupport_fastrtps_c.h\n'}
[6.367418] (px4_msgs) StdoutLine: {'line': b'-- Up-to-date: /home/giromi/Repos/VTOL/ws_sensor_combined_src/install/px4_msgs/include/px4_msgs/px4_msgs/msg/detail/config_overrides__rosidl_typesupport_fastrtps_c.h\n'}
[6.367506] (px4_msgs) StdoutLine: {'line': b'-- Up-to-date: /home/giromi/Repos/VTOL/ws_sensor_combined_src/install/px4_msgs/include/px4_msgs/px4_msgs/msg/detail/manual_control_switches__rosidl_typesupport_fastrtps_c.h\n'}
[6.367575] (px4_msgs) StdoutLine: {'line': b'-- Up-to-date: /home/giromi/Repos/VTOL/ws_sensor_combined_src/install/px4_msgs/include/px4_msgs/px4_msgs/msg/detail/follow_target_status__rosidl_typesupport_fastrtps_c.h\n'}
[6.367628] (px4_msgs) StdoutLine: {'line': b'-- Up-to-date: /home/giromi/Repos/VTOL/ws_sensor_combined_src/install/px4_msgs/include/px4_msgs/px4_msgs/msg/detail/gimbal_device_information__rosidl_typesupport_fastrtps_c.h\n'}
[6.367682] (px4_msgs) StdoutLine: {'line': b'-- Up-to-date: /home/giromi/Repos/VTOL/ws_sensor_combined_src/install/px4_msgs/include/px4_msgs/px4_msgs/msg/detail/health_report__rosidl_typesupport_fastrtps_c.h\n'}
[6.367736] (px4_msgs) StdoutLine: {'line': b'-- Up-to-date: /home/giromi/Repos/VTOL/ws_sensor_combined_src/install/px4_msgs/include/px4_msgs/px4_msgs/msg/detail/differential_pressure__rosidl_typesupport_fastrtps_c.h\n'}
[6.367790] (px4_msgs) StdoutLine: {'line': b'-- Up-to-date: /home/giromi/Repos/VTOL/ws_sensor_combined_src/install/px4_msgs/include/px4_msgs/px4_msgs/msg/detail/mag_worker_data__rosidl_typesupport_fastrtps_c.h\n'}
[6.367844] (px4_msgs) StdoutLine: {'line': b'-- Up-to-date: /home/giromi/Repos/VTOL/ws_sensor_combined_src/install/px4_msgs/include/px4_msgs/px4_msgs/msg/detail/estimator_aid_source1d__rosidl_typesupport_fastrtps_c.h\n'}
[6.367900] (px4_msgs) StdoutLine: {'line': b'-- Up-to-date: /home/giromi/Repos/VTOL/ws_sensor_combined_src/install/px4_msgs/include/px4_msgs/px4_msgs/msg/detail/mission__rosidl_typesupport_fastrtps_c.h\n'}
[6.367958] (px4_msgs) StdoutLine: {'line': b'-- Up-to-date: /home/giromi/Repos/VTOL/ws_sensor_combined_src/install/px4_msgs/include/px4_msgs/px4_msgs/msg/detail/irlock_report__rosidl_typesupport_fastrtps_c.h\n'}
[6.368014] (px4_msgs) StdoutLine: {'line': b'-- Up-to-date: /home/giromi/Repos/VTOL/ws_sensor_combined_src/install/px4_msgs/include/px4_msgs/px4_msgs/msg/detail/position_setpoint_triplet__rosidl_typesupport_fastrtps_c.h\n'}
[6.368069] (px4_msgs) StdoutLine: {'line': b'-- Up-to-date: /home/giromi/Repos/VTOL/ws_sensor_combined_src/install/px4_msgs/include/px4_msgs/px4_msgs/msg/detail/sensors_status_imu__rosidl_typesupport_fastrtps_c.h\n'}
[6.368124] (px4_msgs) StdoutLine: {'line': b'-- Up-to-date: /home/giromi/Repos/VTOL/ws_sensor_combined_src/install/px4_msgs/include/px4_msgs/px4_msgs/msg/detail/orbit_status__rosidl_typesupport_fastrtps_c.h\n'}
[6.368179] (px4_msgs) StdoutLine: {'line': b'-- Up-to-date: /home/giromi/Repos/VTOL/ws_sensor_combined_src/install/px4_msgs/include/px4_msgs/px4_msgs/msg/detail/gps_inject_data__rosidl_typesupport_fastrtps_c.h\n'}
[6.368234] (px4_msgs) StdoutLine: {'line': b'-- Up-to-date: /home/giromi/Repos/VTOL/ws_sensor_combined_src/install/px4_msgs/include/px4_msgs/px4_msgs/msg/detail/collision_constraints__rosidl_typesupport_fastrtps_c.h\n'}
[6.368288] (px4_msgs) StdoutLine: {'line': b'-- Up-to-date: /home/giromi/Repos/VTOL/ws_sensor_combined_src/install/px4_msgs/include/px4_msgs/px4_msgs/msg/detail/differential_drive_setpoint__rosidl_typesupport_fastrtps_c.h\n'}
[6.368342] (px4_msgs) StdoutLine: {'line': b'-- Up-to-date: /home/giromi/Repos/VTOL/ws_sensor_combined_src/install/px4_msgs/include/px4_msgs/px4_msgs/msg/detail/vehicle_optical_flow_vel__rosidl_typesupport_fastrtps_c.h\n'}
[6.368400] (px4_msgs) StdoutLine: {'line': b'-- Up-to-date: /home/giromi/Repos/VTOL/ws_sensor_combined_src/install/px4_msgs/include/px4_msgs/px4_msgs/msg/detail/gimbal_device_set_attitude__rosidl_typesupport_fastrtps_c.h\n'}
[6.368455] (px4_msgs) StdoutLine: {'line': b'-- Up-to-date: /home/giromi/Repos/VTOL/ws_sensor_combined_src/install/px4_msgs/include/px4_msgs/px4_msgs/msg/detail/magnetometer_bias_estimate__rosidl_typesupport_fastrtps_c.h\n'}
[6.368508] (px4_msgs) StdoutLine: {'line': b'-- Up-to-date: /home/giromi/Repos/VTOL/ws_sensor_combined_src/install/px4_msgs/include/px4_msgs/px4_msgs/msg/detail/vehicle_air_data__rosidl_typesupport_fastrtps_c.h\n'}
[6.368562] (px4_msgs) StdoutLine: {'line': b'-- Up-to-date: /home/giromi/Repos/VTOL/ws_sensor_combined_src/install/px4_msgs/include/px4_msgs/px4_msgs/msg/detail/trajectory_setpoint__rosidl_typesupport_fastrtps_c.h\n'}
[6.368615] (px4_msgs) StdoutLine: {'line': b'-- Up-to-date: /home/giromi/Repos/VTOL/ws_sensor_combined_src/install/px4_msgs/include/px4_msgs/px4_msgs/msg/detail/orb_test_large__rosidl_typesupport_fastrtps_c.h\n'}
[6.368669] (px4_msgs) StdoutLine: {'line': b'-- Up-to-date: /home/giromi/Repos/VTOL/ws_sensor_combined_src/install/px4_msgs/include/px4_msgs/px4_msgs/msg/detail/px4io_status__rosidl_typesupport_fastrtps_c.h\n'}
[6.368722] (px4_msgs) StdoutLine: {'line': b'-- Up-to-date: /home/giromi/Repos/VTOL/ws_sensor_combined_src/install/px4_msgs/include/px4_msgs/px4_msgs/msg/detail/control_allocator_status__rosidl_typesupport_fastrtps_c.h\n'}
[6.368785] (px4_msgs) StdoutLine: {'line': b'-- Up-to-date: /home/giromi/Repos/VTOL/ws_sensor_combined_src/install/px4_msgs/include/px4_msgs/px4_msgs/msg/detail/vehicle_status__rosidl_typesupport_fastrtps_c.h\n'}
[6.368840] (px4_msgs) StdoutLine: {'line': b'-- Up-to-date: /home/giromi/Repos/VTOL/ws_sensor_combined_src/install/px4_msgs/include/px4_msgs/px4_msgs/msg/detail/tune_control__rosidl_typesupport_fastrtps_c.h\n'}
[6.368894] (px4_msgs) StdoutLine: {'line': b'-- Up-to-date: /home/giromi/Repos/VTOL/ws_sensor_combined_src/install/px4_msgs/include/px4_msgs/px4_msgs/msg/detail/mode_completed__rosidl_typesupport_fastrtps_c.h\n'}
[6.368948] (px4_msgs) StdoutLine: {'line': b'-- Up-to-date: /home/giromi/Repos/VTOL/ws_sensor_combined_src/install/px4_msgs/include/px4_msgs/px4_msgs/msg/detail/navigator_mission_item__rosidl_typesupport_fastrtps_c.h\n'}
[6.369001] (px4_msgs) StdoutLine: {'line': b'-- Up-to-date: /home/giromi/Repos/VTOL/ws_sensor_combined_src/install/px4_msgs/include/px4_msgs/px4_msgs/msg/detail/pps_capture__rosidl_typesupport_fastrtps_c.h\n'}
[6.369055] (px4_msgs) StdoutLine: {'line': b'-- Up-to-date: /home/giromi/Repos/VTOL/ws_sensor_combined_src/install/px4_msgs/include/px4_msgs/px4_msgs/msg/detail/sensors_status__rosidl_typesupport_fastrtps_c.h\n'}
[6.369109] (px4_msgs) StdoutLine: {'line': b'-- Up-to-date: /home/giromi/Repos/VTOL/ws_sensor_combined_src/install/px4_msgs/include/px4_msgs/px4_msgs/msg/detail/failure_detector_status__rosidl_typesupport_fastrtps_c.h\n'}
[6.369164] (px4_msgs) StdoutLine: {'line': b'-- Up-to-date: /home/giromi/Repos/VTOL/ws_sensor_combined_src/install/px4_msgs/include/px4_msgs/px4_msgs/msg/detail/pwm_input__rosidl_typesupport_fastrtps_c.h\n'}
[6.369222] (px4_msgs) StdoutLine: {'line': b'-- Up-to-date: /home/giromi/Repos/VTOL/ws_sensor_combined_src/install/px4_msgs/include/px4_msgs/px4_msgs/msg/detail/gimbal_manager_information__rosidl_typesupport_fastrtps_c.h\n'}
[6.369277] (px4_msgs) StdoutLine: {'line': b'-- Up-to-date: /home/giromi/Repos/VTOL/ws_sensor_combined_src/install/px4_msgs/include/px4_msgs/px4_msgs/msg/detail/vehicle_acceleration__rosidl_typesupport_fastrtps_c.h\n'}
[6.369332] (px4_msgs) StdoutLine: {'line': b'-- Up-to-date: /home/giromi/Repos/VTOL/ws_sensor_combined_src/install/px4_msgs/include/px4_msgs/px4_msgs/msg/detail/takeoff_status__rosidl_typesupport_fastrtps_c.h\n'}
[6.369385] (px4_msgs) StdoutLine: {'line': b'-- Up-to-date: /home/giromi/Repos/VTOL/ws_sensor_combined_src/install/px4_msgs/include/px4_msgs/px4_msgs/msg/detail/vehicle_command__rosidl_typesupport_fastrtps_c.h\n'}
[6.369443] (px4_msgs) StdoutLine: {'line': b'-- Up-to-date: /home/giromi/Repos/VTOL/ws_sensor_combined_src/install/px4_msgs/include/px4_msgs/px4_msgs/msg/detail/parameter_update__rosidl_typesupport_fastrtps_c.h\n'}
[6.369497] (px4_msgs) StdoutLine: {'line': b'-- Up-to-date: /home/giromi/Repos/VTOL/ws_sensor_combined_src/install/px4_msgs/include/px4_msgs/px4_msgs/msg/detail/ulog_stream_ack__rosidl_typesupport_fastrtps_c.h\n'}
[6.369551] (px4_msgs) StdoutLine: {'line': b'-- Up-to-date: /home/giromi/Repos/VTOL/ws_sensor_combined_src/install/px4_msgs/include/px4_msgs/px4_msgs/msg/detail/obstacle_distance__rosidl_typesupport_fastrtps_c.h\n'}
[6.369605] (px4_msgs) StdoutLine: {'line': b'-- Up-to-date: /home/giromi/Repos/VTOL/ws_sensor_combined_src/install/px4_msgs/include/px4_msgs/px4_msgs/msg/detail/camera_capture__rosidl_typesupport_fastrtps_c.h\n'}
[6.369660] (px4_msgs) StdoutLine: {'line': b'-- Up-to-date: /home/giromi/Repos/VTOL/ws_sensor_combined_src/install/px4_msgs/include/px4_msgs/px4_msgs/msg/detail/rpm__rosidl_typesupport_fastrtps_c.h\n'}
[6.369714] (px4_msgs) StdoutLine: {'line': b'-- Up-to-date: /home/giromi/Repos/VTOL/ws_sensor_combined_src/install/px4_msgs/include/px4_msgs/px4_msgs/msg/detail/vehicle_trajectory_waypoint__rosidl_typesupport_fastrtps_c.h\n'}
[6.369768] (px4_msgs) StdoutLine: {'line': b'-- Up-to-date: /home/giromi/Repos/VTOL/ws_sensor_combined_src/install/px4_msgs/include/px4_msgs/px4_msgs/msg/detail/system_power__rosidl_typesupport_fastrtps_c.h\n'}
[6.369822] (px4_msgs) StdoutLine: {'line': b'-- Up-to-date: /home/giromi/Repos/VTOL/ws_sensor_combined_src/install/px4_msgs/include/px4_msgs/px4_msgs/msg/detail/gpio_out__rosidl_typesupport_fastrtps_c.h\n'}
[6.369876] (px4_msgs) StdoutLine: {'line': b'-- Up-to-date: /home/giromi/Repos/VTOL/ws_sensor_combined_src/install/px4_msgs/include/px4_msgs/px4_msgs/msg/detail/timesync_status__rosidl_typesupport_fastrtps_c.h\n'}
[6.369931] (px4_msgs) StdoutLine: {'line': b'-- Up-to-date: /home/giromi/Repos/VTOL/ws_sensor_combined_src/install/px4_msgs/include/px4_msgs/px4_msgs/msg/detail/ping__rosidl_typesupport_fastrtps_c.h\n'}
[6.369984] (px4_msgs) StdoutLine: {'line': b'-- Up-to-date: /home/giromi/Repos/VTOL/ws_sensor_combined_src/install/px4_msgs/include/px4_msgs/px4_msgs/msg/detail/sensor_gyro_fifo__rosidl_typesupport_fastrtps_c.h\n'}
[6.370038] (px4_msgs) StdoutLine: {'line': b'-- Up-to-date: /home/giromi/Repos/VTOL/ws_sensor_combined_src/install/px4_msgs/include/px4_msgs/px4_msgs/msg/detail/autotune_attitude_control_status__rosidl_typesupport_fastrtps_c.h\n'}
[6.370100] (px4_msgs) StdoutLine: {'line': b'-- Up-to-date: /home/giromi/Repos/VTOL/ws_sensor_combined_src/install/px4_msgs/include/px4_msgs/px4_msgs/msg/detail/button_event__rosidl_typesupport_fastrtps_c.h\n'}
[6.370154] (px4_msgs) StdoutLine: {'line': b'-- Up-to-date: /home/giromi/Repos/VTOL/ws_sensor_combined_src/install/px4_msgs/include/px4_msgs/px4_msgs/msg/detail/vehicle_odometry__rosidl_typesupport_fastrtps_c.h\n'}
[6.370208] (px4_msgs) StdoutLine: {'line': b'-- Up-to-date: /home/giromi/Repos/VTOL/ws_sensor_combined_src/install/px4_msgs/include/px4_msgs/px4_msgs/msg/detail/sensor_gyro_fft__rosidl_typesupport_fastrtps_c.h\n'}
[6.370263] (px4_msgs) StdoutLine: {'line': b'-- Up-to-date: /home/giromi/Repos/VTOL/ws_sensor_combined_src/install/px4_msgs/include/px4_msgs/px4_msgs/msg/detail/sensor_selection__rosidl_typesupport_fastrtps_c.h\n'}
[6.370317] (px4_msgs) StdoutLine: {'line': b'-- Up-to-date: /home/giromi/Repos/VTOL/ws_sensor_combined_src/install/px4_msgs/include/px4_msgs/px4_msgs/msg/detail/iridiumsbd_status__rosidl_typesupport_fastrtps_c.h\n'}
[6.370371] (px4_msgs) StdoutLine: {'line': b'-- Up-to-date: /home/giromi/Repos/VTOL/ws_sensor_combined_src/install/px4_msgs/include/px4_msgs/px4_msgs/msg/detail/battery_status__rosidl_typesupport_fastrtps_c.h\n'}
[6.370425] (px4_msgs) StdoutLine: {'line': b'-- Up-to-date: /home/giromi/Repos/VTOL/ws_sensor_combined_src/install/px4_msgs/include/px4_msgs/px4_msgs/msg/detail/generator_status__rosidl_typesupport_fastrtps_c.h\n'}
[6.370484] (px4_msgs) StdoutLine: {'line': b'-- Up-to-date: /home/giromi/Repos/VTOL/ws_sensor_combined_src/install/px4_msgs/include/px4_msgs/px4_msgs/msg/detail/actuator_servos_trim__rosidl_typesupport_fastrtps_c.h\n'}
[6.370542] (px4_msgs) StdoutLine: {'line': b'-- Up-to-date: /home/giromi/Repos/VTOL/ws_sensor_combined_src/install/px4_msgs/include/px4_msgs/px4_msgs/msg/detail/landing_gear_wheel__rosidl_typesupport_fastrtps_c.h\n'}
[6.370598] (px4_msgs) StdoutLine: {'line': b'-- Up-to-date: /home/giromi/Repos/VTOL/ws_sensor_combined_src/install/px4_msgs/include/px4_msgs/px4_msgs/msg/detail/heater_status__rosidl_typesupport_fastrtps_c.h\n'}
[6.370653] (px4_msgs) StdoutLine: {'line': b'-- Up-to-date: /home/giromi/Repos/VTOL/ws_sensor_combined_src/install/px4_msgs/include/px4_msgs/px4_msgs/msg/detail/message_format_response__rosidl_typesupport_fastrtps_c.h\n'}
[6.370708] (px4_msgs) StdoutLine: {'line': b'-- Up-to-date: /home/giromi/Repos/VTOL/ws_sensor_combined_src/install/px4_msgs/include/px4_msgs/px4_msgs/msg/detail/vehicle_constraints__rosidl_typesupport_fastrtps_c.h\n'}
[6.370763] (px4_msgs) StdoutLine: {'line': b'-- Up-to-date: /home/giromi/Repos/VTOL/ws_sensor_combined_src/install/px4_msgs/include/px4_msgs/px4_msgs/msg/detail/estimator_aid_source2d__rosidl_typesupport_fastrtps_c.h\n'}
[6.370818] (px4_msgs) StdoutLine: {'line': b'-- Up-to-date: /home/giromi/Repos/VTOL/ws_sensor_combined_src/install/px4_msgs/include/px4_msgs/px4_msgs/msg/detail/trajectory_waypoint__rosidl_typesupport_fastrtps_c.h\n'}
[6.370872] (px4_msgs) StdoutLine: {'line': b'-- Up-to-date: /home/giromi/Repos/VTOL/ws_sensor_combined_src/install/px4_msgs/include/px4_msgs/px4_msgs/msg/detail/sensor_gps__rosidl_typesupport_fastrtps_c.h\n'}
[6.370926] (px4_msgs) StdoutLine: {'line': b'-- Up-to-date: /home/giromi/Repos/VTOL/ws_sensor_combined_src/install/px4_msgs/include/px4_msgs/px4_msgs/msg/detail/wind__rosidl_typesupport_fastrtps_c.h\n'}
[6.370982] (px4_msgs) StdoutLine: {'line': b'-- Up-to-date: /home/giromi/Repos/VTOL/ws_sensor_combined_src/install/px4_msgs/include/px4_msgs/px4_msgs/msg/detail/orb_test__rosidl_typesupport_fastrtps_c.h\n'}
[6.371037] (px4_msgs) StdoutLine: {'line': b'-- Up-to-date: /home/giromi/Repos/VTOL/ws_sensor_combined_src/install/px4_msgs/include/px4_msgs/px4_msgs/msg/detail/vehicle_imu__rosidl_typesupport_fastrtps_c.h\n'}
[6.371091] (px4_msgs) StdoutLine: {'line': b'-- Up-to-date: /home/giromi/Repos/VTOL/ws_sensor_combined_src/install/px4_msgs/include/px4_msgs/px4_msgs/msg/detail/message_format_request__rosidl_typesupport_fastrtps_c.h\n'}
[6.371146] (px4_msgs) StdoutLine: {'line': b'-- Up-to-date: /home/giromi/Repos/VTOL/ws_sensor_combined_src/install/px4_msgs/include/px4_msgs/px4_msgs/msg/detail/actuator_test__rosidl_typesupport_fastrtps_c.h\n'}
[6.371201] (px4_msgs) StdoutLine: {'line': b'-- Up-to-date: /home/giromi/Repos/VTOL/ws_sensor_combined_src/install/px4_msgs/include/px4_msgs/px4_msgs/msg/detail/normalized_unsigned_setpoint__rosidl_typesupport_fastrtps_c.h\n'}
[6.371255] (px4_msgs) StdoutLine: {'line': b'-- Up-to-date: /home/giromi/Repos/VTOL/ws_sensor_combined_src/install/px4_msgs/include/px4_msgs/px4_msgs/msg/detail/landing_target_innovations__rosidl_typesupport_fastrtps_c.h\n'}
[6.371311] (px4_msgs) StdoutLine: {'line': b'-- Up-to-date: /home/giromi/Repos/VTOL/ws_sensor_combined_src/install/px4_msgs/include/px4_msgs/px4_msgs/msg/detail/estimator_gps_status__rosidl_typesupport_fastrtps_c.h\n'}
[6.371366] (px4_msgs) StdoutLine: {'line': b'-- Up-to-date: /home/giromi/Repos/VTOL/ws_sensor_combined_src/install/px4_msgs/include/px4_msgs/px4_msgs/msg/detail/sensor_gyro__rosidl_typesupport_fastrtps_c.h\n'}
[6.371421] (px4_msgs) StdoutLine: {'line': b'-- Up-to-date: /home/giromi/Repos/VTOL/ws_sensor_combined_src/install/px4_msgs/include/px4_msgs/px4_msgs/msg/detail/wheel_encoders__rosidl_typesupport_fastrtps_c.h\n'}
[6.371550] (px4_msgs) StdoutLine: {'line': b'-- Up-to-date: /home/giromi/Repos/VTOL/ws_sensor_combined_src/install/px4_msgs/include/px4_msgs/px4_msgs/msg/detail/follow_target_estimator__rosidl_typesupport_fastrtps_c.h\n'}
[6.371611] (px4_msgs) StdoutLine: {'line': b'-- Up-to-date: /home/giromi/Repos/VTOL/ws_sensor_combined_src/install/px4_msgs/include/px4_msgs/px4_msgs/msg/detail/sensor_preflight_mag__rosidl_typesupport_fastrtps_c.h\n'}
[6.371666] (px4_msgs) StdoutLine: {'line': b'-- Up-to-date: /home/giromi/Repos/VTOL/ws_sensor_combined_src/install/px4_msgs/include/px4_msgs/px4_msgs/msg/detail/satellite_info__rosidl_typesupport_fastrtps_c.h\n'}
[6.371719] (px4_msgs) StdoutLine: {'line': b'-- Up-to-date: /home/giromi/Repos/VTOL/ws_sensor_combined_src/install/px4_msgs/include/px4_msgs/px4_msgs/msg/detail/figure_eight_status__rosidl_typesupport_fastrtps_c.h\n'}
[6.371774] (px4_msgs) StdoutLine: {'line': b'-- Up-to-date: /home/giromi/Repos/VTOL/ws_sensor_combined_src/install/px4_msgs/include/px4_msgs/px4_msgs/msg/detail/gimbal_manager_set_manual_control__rosidl_typesupport_fastrtps_c.h\n'}
[6.371829] (px4_msgs) StdoutLine: {'line': b'-- Up-to-date: /home/giromi/Repos/VTOL/ws_sensor_combined_src/install/px4_msgs/include/px4_msgs/px4_msgs/msg/detail/arming_check_reply__rosidl_typesupport_fastrtps_c.h\n'}
[6.371887] (px4_msgs) StdoutLine: {'line': b'-- Up-to-date: /home/giromi/Repos/VTOL/ws_sensor_combined_src/install/px4_msgs/include/px4_msgs/px4_msgs/msg/detail/sensor_accel_fifo__rosidl_typesupport_fastrtps_c.h\n'}
[6.371953] (px4_msgs) StdoutLine: {'line': b'-- Up-to-date: /home/giromi/Repos/VTOL/ws_sensor_combined_src/install/px4_msgs/include/px4_msgs/px4_msgs/msg/detail/hover_thrust_estimate__rosidl_typesupport_fastrtps_c.h\n'}
[6.372008] (px4_msgs) StdoutLine: {'line': b'-- Up-to-date: /home/giromi/Repos/VTOL/ws_sensor_combined_src/install/px4_msgs/include/px4_msgs/px4_msgs/msg/detail/gimbal_manager_set_attitude__rosidl_typesupport_fastrtps_c.h\n'}
[6.372063] (px4_msgs) StdoutLine: {'line': b'-- Up-to-date: /home/giromi/Repos/VTOL/ws_sensor_combined_src/install/px4_msgs/include/px4_msgs/px4_msgs/msg/detail/unregister_ext_component__rosidl_typesupport_fastrtps_c.h\n'}
[6.372117] (px4_msgs) StdoutLine: {'line': b'-- Up-to-date: /home/giromi/Repos/VTOL/ws_sensor_combined_src/install/px4_msgs/include/px4_msgs/px4_msgs/msg/detail/rate_ctrl_status__rosidl_typesupport_fastrtps_c.h\n'}
[6.372172] (px4_msgs) StdoutLine: {'line': b'-- Up-to-date: /home/giromi/Repos/VTOL/ws_sensor_combined_src/install/px4_msgs/include/px4_msgs/px4_msgs/msg/detail/sensor_uwb__rosidl_typesupport_fastrtps_c.h\n'}
[6.372226] (px4_msgs) StdoutLine: {'line': b'-- Up-to-date: /home/giromi/Repos/VTOL/ws_sensor_combined_src/install/px4_msgs/include/px4_msgs/px4_msgs/msg/detail/tiltrotor_extra_controls__rosidl_typesupport_fastrtps_c.h\n'}
[6.372282] (px4_msgs) StdoutLine: {'line': b'-- Up-to-date: /home/giromi/Repos/VTOL/ws_sensor_combined_src/install/px4_msgs/include/px4_msgs/px4_msgs/msg/detail/esc_report__rosidl_typesupport_fastrtps_c.h\n'}
[6.372356] (px4_msgs) StdoutLine: {'line': b'-- Up-to-date: /home/giromi/Repos/VTOL/ws_sensor_combined_src/install/px4_msgs/include/px4_msgs/px4_msgs/msg/detail/position_setpoint__rosidl_typesupport_fastrtps_c.h\n'}
[6.372423] (px4_msgs) StdoutLine: {'line': b'-- Up-to-date: /home/giromi/Repos/VTOL/ws_sensor_combined_src/install/px4_msgs/include/px4_msgs/px4_msgs/msg/detail/gpio_in__rosidl_typesupport_fastrtps_c.h\n'}
[6.372477] (px4_msgs) StdoutLine: {'line': b'-- Up-to-date: /home/giromi/Repos/VTOL/ws_sensor_combined_src/install/px4_msgs/include/px4_msgs/px4_msgs/msg/detail/debug_vect__rosidl_typesupport_fastrtps_c.h\n'}
[6.372531] (px4_msgs) StdoutLine: {'line': b'-- Up-to-date: /home/giromi/Repos/VTOL/ws_sensor_combined_src/install/px4_msgs/include/px4_msgs/px4_msgs/msg/detail/gripper__rosidl_typesupport_fastrtps_c.h\n'}
[6.372585] (px4_msgs) StdoutLine: {'line': b'-- Up-to-date: /home/giromi/Repos/VTOL/ws_sensor_combined_src/install/px4_msgs/include/px4_msgs/px4_msgs/msg/detail/event__rosidl_typesupport_fastrtps_c.h\n'}
[6.372639] (px4_msgs) StdoutLine: {'line': b'-- Up-to-date: /home/giromi/Repos/VTOL/ws_sensor_combined_src/install/px4_msgs/include/px4_msgs/px4_msgs/msg/detail/ekf2_timestamps__rosidl_typesupport_fastrtps_c.h\n'}
[6.372698] (px4_msgs) StdoutLine: {'line': b'-- Up-to-date: /home/giromi/Repos/VTOL/ws_sensor_combined_src/install/px4_msgs/include/px4_msgs/px4_msgs/msg/detail/mavlink_tunnel__rosidl_typesupport_fastrtps_c.h\n'}
[6.372753] (px4_msgs) StdoutLine: {'line': b'-- Up-to-date: /home/giromi/Repos/VTOL/ws_sensor_combined_src/install/px4_msgs/include/px4_msgs/px4_msgs/msg/detail/airspeed__rosidl_typesupport_fastrtps_c.h\n'}
[6.372807] (px4_msgs) StdoutLine: {'line': b'-- Up-to-date: /home/giromi/Repos/VTOL/ws_sensor_combined_src/install/px4_msgs/include/px4_msgs/px4_msgs/msg/detail/sensor_correction__rosidl_typesupport_fastrtps_c.h\n'}
[6.372862] (px4_msgs) StdoutLine: {'line': b'-- Up-to-date: /home/giromi/Repos/VTOL/ws_sensor_combined_src/install/px4_msgs/include/px4_msgs/px4_msgs/msg/detail/debug_value__rosidl_typesupport_fastrtps_c.h\n'}
[6.372915] (px4_msgs) StdoutLine: {'line': b'-- Up-to-date: /home/giromi/Repos/VTOL/ws_sensor_combined_src/install/px4_msgs/include/px4_msgs/px4_msgs/msg/detail/task_stack_info__rosidl_typesupport_fastrtps_c.h\n'}
[6.372976] (px4_msgs) StdoutLine: {'line': b'-- Up-to-date: /home/giromi/Repos/VTOL/ws_sensor_combined_src/install/px4_msgs/include/px4_msgs/px4_msgs/msg/detail/vehicle_global_position__rosidl_typesupport_fastrtps_c.h\n'}
[6.373030] (px4_msgs) StdoutLine: {'line': b'-- Up-to-date: /home/giromi/Repos/VTOL/ws_sensor_combined_src/install/px4_msgs/include/px4_msgs/px4_msgs/msg/detail/estimator_status__rosidl_typesupport_fastrtps_c.h\n'}
[6.373084] (px4_msgs) StdoutLine: {'line': b'-- Up-to-date: /home/giromi/Repos/VTOL/ws_sensor_combined_src/install/px4_msgs/include/px4_msgs/px4_msgs/msg/detail/collision_report__rosidl_typesupport_fastrtps_c.h\n'}
[6.373138] (px4_msgs) StdoutLine: {'line': b'-- Up-to-date: /home/giromi/Repos/VTOL/ws_sensor_combined_src/install/px4_msgs/include/px4_msgs/px4_msgs/msg/detail/gimbal_controls__rosidl_typesupport_fastrtps_c.h\n'}
[6.373195] (px4_msgs) StdoutLine: {'line': b'-- Up-to-date: /home/giromi/Repos/VTOL/ws_sensor_combined_src/install/px4_msgs/include/px4_msgs/px4_msgs/msg/detail/estimator_bias__rosidl_typesupport_fastrtps_c.h\n'}
[6.373251] (px4_msgs) StdoutLine: {'line': b'-- Up-to-date: /home/giromi/Repos/VTOL/ws_sensor_combined_src/install/px4_msgs/include/px4_msgs/px4_msgs/msg/detail/radio_status__rosidl_typesupport_fastrtps_c.h\n'}
[6.373306] (px4_msgs) StdoutLine: {'line': b'-- Up-to-date: /home/giromi/Repos/VTOL/ws_sensor_combined_src/install/px4_msgs/include/px4_msgs/px4_msgs/msg/detail/sensor_combined__rosidl_typesupport_fastrtps_c.h\n'}
[6.373361] (px4_msgs) StdoutLine: {'line': b'-- Up-to-date: /home/giromi/Repos/VTOL/ws_sensor_combined_src/install/px4_msgs/include/px4_msgs/px4_msgs/msg/detail/qshell_retval__rosidl_typesupport_fastrtps_c.h\n'}
[6.373415] (px4_msgs) StdoutLine: {'line': b'-- Up-to-date: /home/giromi/Repos/VTOL/ws_sensor_combined_src/install/px4_msgs/include/px4_msgs/px4_msgs/msg/detail/log_message__rosidl_typesupport_fastrtps_c.h\n'}
[6.373470] (px4_msgs) StdoutLine: {'line': b'-- Up-to-date: /home/giromi/Repos/VTOL/ws_sensor_combined_src/install/px4_msgs/include/px4_msgs/px4_msgs/msg/detail/vehicle_land_detected__rosidl_typesupport_fastrtps_c.h\n'}
[6.373525] (px4_msgs) StdoutLine: {'line': b'-- Up-to-date: /home/giromi/Repos/VTOL/ws_sensor_combined_src/install/px4_msgs/include/px4_msgs/px4_msgs/msg/detail/internal_combustion_engine_status__rosidl_typesupport_fastrtps_c.h\n'}
[6.373579] (px4_msgs) StdoutLine: {'line': b'-- Up-to-date: /home/giromi/Repos/VTOL/ws_sensor_combined_src/install/px4_msgs/include/px4_msgs/px4_msgs/msg/detail/airspeed_wind__rosidl_typesupport_fastrtps_c.h\n'}
[6.373633] (px4_msgs) StdoutLine: {'line': b'-- Up-to-date: /home/giromi/Repos/VTOL/ws_sensor_combined_src/install/px4_msgs/include/px4_msgs/px4_msgs/msg/detail/sensor_mag__rosidl_typesupport_fastrtps_c.h\n'}
[6.373688] (px4_msgs) StdoutLine: {'line': b'-- Up-to-date: /home/giromi/Repos/VTOL/ws_sensor_combined_src/install/px4_msgs/include/px4_msgs/px4_msgs/msg/detail/vehicle_trajectory_bezier__rosidl_typesupport_fastrtps_c.h\n'}
[6.373751] (px4_msgs) StdoutLine: {'line': b'-- Up-to-date: /home/giromi/Repos/VTOL/ws_sensor_combined_src/install/px4_msgs/include/px4_msgs/px4_msgs/msg/detail/action_request__rosidl_typesupport_fastrtps_c.h\n'}
[6.373805] (px4_msgs) StdoutLine: {'line': b'-- Up-to-date: /home/giromi/Repos/VTOL/ws_sensor_combined_src/install/px4_msgs/include/px4_msgs/px4_msgs/msg/detail/rc_parameter_map__rosidl_typesupport_fastrtps_c.h\n'}
[6.373860] (px4_msgs) StdoutLine: {'line': b'-- Up-to-date: /home/giromi/Repos/VTOL/ws_sensor_combined_src/install/px4_msgs/include/px4_msgs/px4_msgs/msg/detail/sensor_baro__rosidl_typesupport_fastrtps_c.h\n'}
[6.373914] (px4_msgs) StdoutLine: {'line': b'-- Up-to-date: /home/giromi/Repos/VTOL/ws_sensor_combined_src/install/px4_msgs/include/px4_msgs/px4_msgs/msg/detail/gpio_request__rosidl_typesupport_fastrtps_c.h\n'}
[6.373968] (px4_msgs) StdoutLine: {'line': b'-- Up-to-date: /home/giromi/Repos/VTOL/ws_sensor_combined_src/install/px4_msgs/include/px4_msgs/px4_msgs/msg/detail/landing_gear__rosidl_typesupport_fastrtps_c.h\n'}
[6.374022] (px4_msgs) StdoutLine: {'line': b'-- Up-to-date: /home/giromi/Repos/VTOL/ws_sensor_combined_src/install/px4_msgs/include/px4_msgs/px4_msgs/msg/detail/estimator_status_flags__rosidl_typesupport_fastrtps_c.h\n'}
[6.374076] (px4_msgs) StdoutLine: {'line': b'-- Up-to-date: /home/giromi/Repos/VTOL/ws_sensor_combined_src/install/px4_msgs/include/px4_msgs/px4_msgs/msg/detail/estimator_innovations__rosidl_typesupport_fastrtps_c.h\n'}
[6.374130] (px4_msgs) StdoutLine: {'line': b'-- Up-to-date: /home/giromi/Repos/VTOL/ws_sensor_combined_src/install/px4_msgs/include/px4_msgs/px4_msgs/msg/detail/rtl_time_estimate__rosidl_typesupport_fastrtps_c.h\n'}
[6.374184] (px4_msgs) StdoutLine: {'line': b'-- Up-to-date: /home/giromi/Repos/VTOL/ws_sensor_combined_src/install/px4_msgs/include/px4_msgs/px4_msgs/msg/detail/vehicle_local_position_setpoint__rosidl_typesupport_fastrtps_c.h\n'}
[6.374239] (px4_msgs) StdoutLine: {'line': b'-- Up-to-date: /home/giromi/Repos/VTOL/ws_sensor_combined_src/install/px4_msgs/include/px4_msgs/px4_msgs/msg/detail/orb_test_medium__rosidl_typesupport_fastrtps_c.h\n'}
[6.374300] (px4_msgs) StdoutLine: {'line': b'-- Up-to-date: /home/giromi/Repos/VTOL/ws_sensor_combined_src/install/px4_msgs/include/px4_msgs/px4_msgs/msg/detail/sensor_accel__rosidl_typesupport_fastrtps_c.h\n'}
[6.374354] (px4_msgs) StdoutLine: {'line': b'-- Up-to-date: /home/giromi/Repos/VTOL/ws_sensor_combined_src/install/px4_msgs/include/px4_msgs/px4_msgs/msg/detail/estimator_aid_source3d__rosidl_typesupport_fastrtps_c.h\n'}
[6.374408] (px4_msgs) StdoutLine: {'line': b'-- Up-to-date: /home/giromi/Repos/VTOL/ws_sensor_combined_src/install/px4_msgs/include/px4_msgs/px4_msgs/msg/detail/telemetry_status__rosidl_typesupport_fastrtps_c.h\n'}
[6.374461] (px4_msgs) StdoutLine: {'line': b'-- Up-to-date: /home/giromi/Repos/VTOL/ws_sensor_combined_src/install/px4_msgs/include/px4_msgs/px4_msgs/msg/detail/home_position__rosidl_typesupport_fastrtps_c.h\n'}
[6.374520] (px4_msgs) StdoutLine: {'line': b'-- Up-to-date: /home/giromi/Repos/VTOL/ws_sensor_combined_src/install/px4_msgs/include/px4_msgs/px4_msgs/msg/detail/actuator_armed__rosidl_typesupport_fastrtps_c.h\n'}
[6.374574] (px4_msgs) StdoutLine: {'line': b'-- Up-to-date: /home/giromi/Repos/VTOL/ws_sensor_combined_src/install/px4_msgs/include/px4_msgs/px4_msgs/msg/detail/vehicle_optical_flow__rosidl_typesupport_fastrtps_c.h\n'}
[6.374628] (px4_msgs) StdoutLine: {'line': b'-- Up-to-date: /home/giromi/Repos/VTOL/ws_sensor_combined_src/install/px4_msgs/include/px4_msgs/px4_msgs/msg/detail/estimator_event_flags__rosidl_typesupport_fastrtps_c.h\n'}
[6.374682] (px4_msgs) StdoutLine: {'line': b'-- Up-to-date: /home/giromi/Repos/VTOL/ws_sensor_combined_src/install/px4_msgs/include/px4_msgs/px4_msgs/msg/detail/position_controller_landing_status__rosidl_typesupport_fastrtps_c.h\n'}
[6.374737] (px4_msgs) StdoutLine: {'line': b'-- Up-to-date: /home/giromi/Repos/VTOL/ws_sensor_combined_src/install/px4_msgs/include/px4_msgs/px4_msgs/msg/detail/vehicle_attitude__rosidl_typesupport_fastrtps_c.h\n'}
[6.374795] (px4_msgs) StdoutLine: {'line': b'-- Up-to-date: /home/giromi/Repos/VTOL/ws_sensor_combined_src/install/px4_msgs/include/px4_msgs/px4_msgs/msg/detail/register_ext_component_request__rosidl_typesupport_fastrtps_c.h\n'}
[6.374850] (px4_msgs) StdoutLine: {'line': b'-- Up-to-date: /home/giromi/Repos/VTOL/ws_sensor_combined_src/install/px4_msgs/include/px4_msgs/px4_msgs/msg/detail/estimator_sensor_bias__rosidl_typesupport_fastrtps_c.h\n'}
[6.374905] (px4_msgs) StdoutLine: {'line': b'-- Up-to-date: /home/giromi/Repos/VTOL/ws_sensor_combined_src/install/px4_msgs/include/px4_msgs/px4_msgs/msg/detail/position_controller_status__rosidl_typesupport_fastrtps_c.h\n'}
[6.374960] (px4_msgs) StdoutLine: {'line': b'-- Up-to-date: /home/giromi/Repos/VTOL/ws_sensor_combined_src/install/px4_msgs/include/px4_msgs/px4_msgs/msg/detail/manual_control_setpoint__rosidl_typesupport_fastrtps_c.h\n'}
[6.375015] (px4_msgs) StdoutLine: {'line': b'-- Up-to-date: /home/giromi/Repos/VTOL/ws_sensor_combined_src/install/px4_msgs/include/px4_msgs/px4_msgs/msg/detail/debug_key_value__rosidl_typesupport_fastrtps_c.h\n'}
[6.375069] (px4_msgs) StdoutLine: {'line': b'-- Up-to-date: /home/giromi/Repos/VTOL/ws_sensor_combined_src/install/px4_msgs/include/px4_msgs/px4_msgs/msg/detail/follow_target__rosidl_typesupport_fastrtps_c.h\n'}
[6.375124] (px4_msgs) StdoutLine: {'line': b'-- Up-to-date: /home/giromi/Repos/VTOL/ws_sensor_combined_src/install/px4_msgs/include/px4_msgs/px4_msgs/msg/detail/vehicle_thrust_setpoint__rosidl_typesupport_fastrtps_c.h\n'}
[6.375178] (px4_msgs) StdoutLine: {'line': b'-- Up-to-date: /home/giromi/Repos/VTOL/ws_sensor_combined_src/install/px4_msgs/include/px4_msgs/px4_msgs/msg/detail/vehicle_magnetometer__rosidl_typesupport_fastrtps_c.h\n'}
[6.375232] (px4_msgs) StdoutLine: {'line': b'-- Up-to-date: /home/giromi/Repos/VTOL/ws_sensor_combined_src/install/px4_msgs/include/px4_msgs/px4_msgs/msg/detail/power_button_state__rosidl_typesupport_fastrtps_c.h\n'}
[6.375287] (px4_msgs) StdoutLine: {'line': b'-- Up-to-date: /home/giromi/Repos/VTOL/ws_sensor_combined_src/install/px4_msgs/include/px4_msgs/px4_msgs/msg/detail/vehicle_roi__rosidl_typesupport_fastrtps_c.h\n'}
[6.375340] (px4_msgs) StdoutLine: {'line': b'-- Up-to-date: /home/giromi/Repos/VTOL/ws_sensor_combined_src/install/px4_msgs/include/px4_msgs/px4_msgs/msg/detail/gimbal_manager_status__rosidl_typesupport_fastrtps_c.h\n'}
[6.375395] (px4_msgs) StdoutLine: {'line': b'-- Up-to-date: /home/giromi/Repos/VTOL/ws_sensor_combined_src/install/px4_msgs/include/px4_msgs/px4_msgs/msg/detail/vehicle_attitude_setpoint__rosidl_typesupport_fastrtps_c.h\n'}
[6.375485] (px4_msgs) StdoutLine: {'line': b'-- Up-to-date: /home/giromi/Repos/VTOL/ws_sensor_combined_src/install/px4_msgs/include/px4_msgs/px4_msgs/msg/detail/esc_status__rosidl_typesupport_fastrtps_c.h\n'}
[6.375560] (px4_msgs) StdoutLine: {'line': b'-- Up-to-date: /home/giromi/Repos/VTOL/ws_sensor_combined_src/install/px4_msgs/include/px4_msgs/px4_msgs/msg/detail/sensor_gnss_relative__rosidl_typesupport_fastrtps_c.h\n'}
[6.375614] (px4_msgs) StdoutLine: {'line': b'-- Up-to-date: /home/giromi/Repos/VTOL/ws_sensor_combined_src/install/px4_msgs/include/px4_msgs/px4_msgs/msg/detail/actuator_controls_status__rosidl_typesupport_fastrtps_c.h\n'}
[6.375676] (px4_msgs) StdoutLine: {'line': b'-- Up-to-date: /home/giromi/Repos/VTOL/ws_sensor_combined_src/install/px4_msgs/include/px4_msgs/px4_msgs/msg/detail/actuator_servos__rosidl_typesupport_fastrtps_c.h\n'}
[6.375731] (px4_msgs) StdoutLine: {'line': b'-- Up-to-date: /home/giromi/Repos/VTOL/ws_sensor_combined_src/install/px4_msgs/include/px4_msgs/px4_msgs/msg/detail/sensor_optical_flow__rosidl_typesupport_fastrtps_c.h\n'}
[6.375784] (px4_msgs) StdoutLine: {'line': b'-- Up-to-date: /home/giromi/Repos/VTOL/ws_sensor_combined_src/install/px4_msgs/include/px4_msgs/px4_msgs/msg/detail/goto_setpoint__rosidl_typesupport_fastrtps_c.h\n'}
[6.375842] (px4_msgs) StdoutLine: {'line': b'-- Up-to-date: /home/giromi/Repos/VTOL/ws_sensor_combined_src/install/px4_msgs/include/px4_msgs/px4_msgs/msg/detail/vehicle_local_position__rosidl_typesupport_fastrtps_c.h\n'}
[6.375902] (px4_msgs) StdoutLine: {'line': b'-- Up-to-date: /home/giromi/Repos/VTOL/ws_sensor_combined_src/install/px4_msgs/include/px4_msgs/px4_msgs/msg/detail/led_control__rosidl_typesupport_fastrtps_c.h\n'}
[6.375956] (px4_msgs) StdoutLine: {'line': b'-- Up-to-date: /home/giromi/Repos/VTOL/ws_sensor_combined_src/install/px4_msgs/include/px4_msgs/px4_msgs/msg/detail/distance_sensor__rosidl_typesupport_fastrtps_c.h\n'}
[6.376010] (px4_msgs) StdoutLine: {'line': b'-- Up-to-date: /home/giromi/Repos/VTOL/ws_sensor_combined_src/install/px4_msgs/include/px4_msgs/px4_msgs/msg/detail/buffer128__rosidl_typesupport_fastrtps_c.h\n'}
[6.376064] (px4_msgs) StdoutLine: {'line': b'-- Up-to-date: /home/giromi/Repos/VTOL/ws_sensor_combined_src/install/px4_msgs/include/px4_msgs/px4_msgs/msg/detail/actuator_outputs__rosidl_typesupport_fastrtps_c.h\n'}
[6.376118] (px4_msgs) StdoutLine: {'line': b'-- Up-to-date: /home/giromi/Repos/VTOL/ws_sensor_combined_src/install/px4_msgs/include/px4_msgs/px4_msgs/msg/detail/input_rc__rosidl_typesupport_fastrtps_c.h\n'}
[6.376172] (px4_msgs) StdoutLine: {'line': b'-- Up-to-date: /home/giromi/Repos/VTOL/ws_sensor_combined_src/install/px4_msgs/include/px4_msgs/px4_msgs/msg/detail/mount_orientation__rosidl_typesupport_fastrtps_c.h\n'}
[6.376226] (px4_msgs) StdoutLine: {'line': b'-- Up-to-date: /home/giromi/Repos/VTOL/ws_sensor_combined_src/install/px4_msgs/include/px4_msgs/px4_msgs/msg/detail/vehicle_command_ack__rosidl_typesupport_fastrtps_c.h\n'}
[6.376281] (px4_msgs) StdoutLine: {'line': b'-- Up-to-date: /home/giromi/Repos/VTOL/ws_sensor_combined_src/install/px4_msgs/include/px4_msgs/px4_msgs/msg/detail/mission_result__rosidl_typesupport_fastrtps_c.h\n'}
[6.376335] (px4_msgs) StdoutLine: {'line': b'-- Up-to-date: /home/giromi/Repos/VTOL/ws_sensor_combined_src/install/px4_msgs/include/px4_msgs/px4_msgs/msg/detail/vehicle_angular_velocity__rosidl_typesupport_fastrtps_c.h\n'}
[6.376390] (px4_msgs) StdoutLine: {'line': b'-- Up-to-date: /home/giromi/Repos/VTOL/ws_sensor_combined_src/install/px4_msgs/include/px4_msgs/px4_msgs/msg/detail/vehicle_imu_status__rosidl_typesupport_fastrtps_c.h\n'}
[6.376445] (px4_msgs) StdoutLine: {'line': b'-- Up-to-date: /home/giromi/Repos/VTOL/ws_sensor_combined_src/install/px4_msgs/include/px4_msgs/px4_msgs/msg/detail/airspeed_validated__rosidl_typesupport_fastrtps_c.h\n'}
[6.376499] (px4_msgs) StdoutLine: {'line': b'-- Up-to-date: /home/giromi/Repos/VTOL/ws_sensor_combined_src/install/px4_msgs/include/px4_msgs/px4_msgs/msg/detail/cpuload__rosidl_typesupport_fastrtps_c.h\n'}
[6.376553] (px4_msgs) StdoutLine: {'line': b'-- Up-to-date: /home/giromi/Repos/VTOL/ws_sensor_combined_src/install/px4_msgs/include/px4_msgs/px4_msgs/msg/detail/gpio_config__rosidl_typesupport_fastrtps_c.h\n'}
[6.376627] (px4_msgs) StdoutLine: {'line': b'-- Up-to-date: /home/giromi/Repos/VTOL/ws_sensor_combined_src/install/px4_msgs/include/px4_msgs/px4_msgs/msg/detail/cellular_status__rosidl_typesupport_fastrtps_c.h\n'}
[6.376760] (px4_msgs) StdoutLine: {'line': b'-- Up-to-date: /home/giromi/Repos/VTOL/ws_sensor_combined_src/install/px4_msgs/include/px4_msgs/px4_msgs/msg/detail/gimbal_device_attitude_status__rosidl_typesupport_fastrtps_c.h\n'}
[6.376894] (px4_msgs) StdoutLine: {'line': b'-- Up-to-date: /home/giromi/Repos/VTOL/ws_sensor_combined_src/install/px4_msgs/include/px4_msgs/px4_msgs/msg/detail/failsafe_flags__rosidl_typesupport_fastrtps_c.h\n'}
[6.377027] (px4_msgs) StdoutLine: {'line': b'-- Up-to-date: /home/giromi/Repos/VTOL/ws_sensor_combined_src/install/px4_msgs/include/px4_msgs/px4_msgs/msg/detail/sensor_airflow__rosidl_typesupport_fastrtps_c.h\n'}
[6.377160] (px4_msgs) StdoutLine: {'line': b'-- Up-to-date: /home/giromi/Repos/VTOL/ws_sensor_combined_src/install/px4_msgs/include/px4_msgs/px4_msgs/msg/detail/onboard_computer_status__rosidl_typesupport_fastrtps_c.h\n'}
[6.377293] (px4_msgs) StdoutLine: {'line': b'-- Up-to-date: /home/giromi/Repos/VTOL/ws_sensor_combined_src/install/px4_msgs/include/px4_msgs/px4_msgs/msg/detail/velocity_limits__rosidl_typesupport_fastrtps_c.h\n'}
[6.377434] (px4_msgs) StdoutLine: {'line': b'-- Up-to-date: /home/giromi/Repos/VTOL/ws_sensor_combined_src/install/px4_msgs/include/px4_msgs/px4_msgs/msg/detail/vtol_vehicle_status__rosidl_typesupport_fastrtps_c.h\n'}
[6.377537] (px4_msgs) StdoutLine: {'line': b'-- Up-to-date: /home/giromi/Repos/VTOL/ws_sensor_combined_src/install/px4_msgs/include/px4_msgs/px4_msgs/msg/detail/estimator_states__rosidl_typesupport_fastrtps_c.h\n'}
[6.377604] (px4_msgs) StdoutLine: {'line': b'-- Up-to-date: /home/giromi/Repos/VTOL/ws_sensor_combined_src/install/px4_msgs/include/px4_msgs/px4_msgs/msg/detail/vehicle_rates_setpoint__rosidl_typesupport_fastrtps_c.h\n'}
[6.377664] (px4_msgs) StdoutLine: {'line': b'-- Up-to-date: /home/giromi/Repos/VTOL/ws_sensor_combined_src/install/px4_msgs/include/px4_msgs/px4_msgs/msg/detail/power_monitor__rosidl_typesupport_fastrtps_c.h\n'}
[6.377720] (px4_msgs) StdoutLine: {'line': b'-- Up-to-date: /home/giromi/Repos/VTOL/ws_sensor_combined_src/install/px4_msgs/include/px4_msgs/px4_msgs/msg/detail/vehicle_torque_setpoint__rosidl_typesupport_fastrtps_c.h\n'}
[6.377775] (px4_msgs) StdoutLine: {'line': b'-- Up-to-date: /home/giromi/Repos/VTOL/ws_sensor_combined_src/install/px4_msgs/include/px4_msgs/px4_msgs/msg/detail/yaw_estimator_status__rosidl_typesupport_fastrtps_c.h\n'}
[6.377829] (px4_msgs) StdoutLine: {'line': b'-- Up-to-date: /home/giromi/Repos/VTOL/ws_sensor_combined_src/install/px4_msgs/include/px4_msgs/px4_msgs/msg/rosidl_typesupport_fastrtps_c__visibility_control.h\n'}
[6.377886] (px4_msgs) StdoutLine: {'line': b'-- Up-to-date: /home/giromi/Repos/VTOL/ws_sensor_combined_src/install/px4_msgs/lib/libpx4_msgs__rosidl_typesupport_fastrtps_c.so\n'}
[6.377940] (px4_msgs) StdoutLine: {'line': b'-- Up-to-date: /home/giromi/Repos/VTOL/ws_sensor_combined_src/install/px4_msgs/include/px4_msgs/px4_msgs\n'}
[6.377995] (px4_msgs) StdoutLine: {'line': b'-- Up-to-date: /home/giromi/Repos/VTOL/ws_sensor_combined_src/install/px4_msgs/include/px4_msgs/px4_msgs/srv\n'}
[6.378050] (px4_msgs) StdoutLine: {'line': b'-- Up-to-date: /home/giromi/Repos/VTOL/ws_sensor_combined_src/install/px4_msgs/include/px4_msgs/px4_msgs/srv/detail\n'}
[6.378105] (px4_msgs) StdoutLine: {'line': b'-- Up-to-date: /home/giromi/Repos/VTOL/ws_sensor_combined_src/install/px4_msgs/include/px4_msgs/px4_msgs/srv/detail/vehicle_command__traits.hpp\n'}
[6.378160] (px4_msgs) StdoutLine: {'line': b'-- Up-to-date: /home/giromi/Repos/VTOL/ws_sensor_combined_src/install/px4_msgs/include/px4_msgs/px4_msgs/srv/detail/vehicle_command__struct.hpp\n'}
[6.378214] (px4_msgs) StdoutLine: {'line': b'-- Up-to-date: /home/giromi/Repos/VTOL/ws_sensor_combined_src/install/px4_msgs/include/px4_msgs/px4_msgs/srv/detail/vehicle_command__builder.hpp\n'}
[6.378269] (px4_msgs) StdoutLine: {'line': b'-- Up-to-date: /home/giromi/Repos/VTOL/ws_sensor_combined_src/install/px4_msgs/include/px4_msgs/px4_msgs/srv/vehicle_command.hpp\n'}
[6.378323] (px4_msgs) StdoutLine: {'line': b'-- Up-to-date: /home/giromi/Repos/VTOL/ws_sensor_combined_src/install/px4_msgs/include/px4_msgs/px4_msgs/msg\n'}
[6.378377] (px4_msgs) StdoutLine: {'line': b'-- Up-to-date: /home/giromi/Repos/VTOL/ws_sensor_combined_src/install/px4_msgs/include/px4_msgs/px4_msgs/msg/uavcan_parameter_value.hpp\n'}
[6.378431] (px4_msgs) StdoutLine: {'line': b'-- Up-to-date: /home/giromi/Repos/VTOL/ws_sensor_combined_src/install/px4_msgs/include/px4_msgs/px4_msgs/msg/obstacle_distance.hpp\n'}
[6.378485] (px4_msgs) StdoutLine: {'line': b'-- Up-to-date: /home/giromi/Repos/VTOL/ws_sensor_combined_src/install/px4_msgs/include/px4_msgs/px4_msgs/msg/timesync_status.hpp\n'}
[6.378539] (px4_msgs) StdoutLine: {'line': b'-- Up-to-date: /home/giromi/Repos/VTOL/ws_sensor_combined_src/install/px4_msgs/include/px4_msgs/px4_msgs/msg/follow_target_status.hpp\n'}
[6.378592] (px4_msgs) StdoutLine: {'line': b'-- Up-to-date: /home/giromi/Repos/VTOL/ws_sensor_combined_src/install/px4_msgs/include/px4_msgs/px4_msgs/msg/vehicle_rates_setpoint.hpp\n'}
[6.378651] (px4_msgs) StdoutLine: {'line': b'-- Up-to-date: /home/giromi/Repos/VTOL/ws_sensor_combined_src/install/px4_msgs/include/px4_msgs/px4_msgs/msg/led_control.hpp\n'}
[6.378705] (px4_msgs) StdoutLine: {'line': b'-- Up-to-date: /home/giromi/Repos/VTOL/ws_sensor_combined_src/install/px4_msgs/include/px4_msgs/px4_msgs/msg/vehicle_thrust_setpoint.hpp\n'}
[6.378759] (px4_msgs) StdoutLine: {'line': b'-- Up-to-date: /home/giromi/Repos/VTOL/ws_sensor_combined_src/install/px4_msgs/include/px4_msgs/px4_msgs/msg/estimator_gps_status.hpp\n'}
[6.378812] (px4_msgs) StdoutLine: {'line': b'-- Up-to-date: /home/giromi/Repos/VTOL/ws_sensor_combined_src/install/px4_msgs/include/px4_msgs/px4_msgs/msg/airspeed_validated.hpp\n'}
[6.378866] (px4_msgs) StdoutLine: {'line': b'-- Up-to-date: /home/giromi/Repos/VTOL/ws_sensor_combined_src/install/px4_msgs/include/px4_msgs/px4_msgs/msg/sensor_airflow.hpp\n'}
[6.378920] (px4_msgs) StdoutLine: {'line': b'-- Up-to-date: /home/giromi/Repos/VTOL/ws_sensor_combined_src/install/px4_msgs/include/px4_msgs/px4_msgs/msg/vehicle_control_mode.hpp\n'}
[6.378974] (px4_msgs) StdoutLine: {'line': b'-- Up-to-date: /home/giromi/Repos/VTOL/ws_sensor_combined_src/install/px4_msgs/include/px4_msgs/px4_msgs/msg/gimbal_device_set_attitude.hpp\n'}
[6.379028] (px4_msgs) StdoutLine: {'line': b'-- Up-to-date: /home/giromi/Repos/VTOL/ws_sensor_combined_src/install/px4_msgs/include/px4_msgs/px4_msgs/msg/sensor_optical_flow.hpp\n'}
[6.379081] (px4_msgs) StdoutLine: {'line': b'-- Up-to-date: /home/giromi/Repos/VTOL/ws_sensor_combined_src/install/px4_msgs/include/px4_msgs/px4_msgs/msg/pps_capture.hpp\n'}
[6.379136] (px4_msgs) StdoutLine: {'line': b'-- Up-to-date: /home/giromi/Repos/VTOL/ws_sensor_combined_src/install/px4_msgs/include/px4_msgs/px4_msgs/msg/mission.hpp\n'}
[6.379194] (px4_msgs) StdoutLine: {'line': b'-- Up-to-date: /home/giromi/Repos/VTOL/ws_sensor_combined_src/install/px4_msgs/include/px4_msgs/px4_msgs/msg/vehicle_air_data.hpp\n'}
[6.379258] (px4_msgs) StdoutLine: {'line': b'-- Up-to-date: /home/giromi/Repos/VTOL/ws_sensor_combined_src/install/px4_msgs/include/px4_msgs/px4_msgs/msg/position_controller_landing_status.hpp\n'}
[6.379313] (px4_msgs) StdoutLine: {'line': b'-- Up-to-date: /home/giromi/Repos/VTOL/ws_sensor_combined_src/install/px4_msgs/include/px4_msgs/px4_msgs/msg/actuator_armed.hpp\n'}
[6.379367] (px4_msgs) StdoutLine: {'line': b'-- Up-to-date: /home/giromi/Repos/VTOL/ws_sensor_combined_src/install/px4_msgs/include/px4_msgs/px4_msgs/msg/gpio_request.hpp\n'}
[6.379422] (px4_msgs) StdoutLine: {'line': b'-- Up-to-date: /home/giromi/Repos/VTOL/ws_sensor_combined_src/install/px4_msgs/include/px4_msgs/px4_msgs/msg/landing_gear_wheel.hpp\n'}
[6.379536] (px4_msgs) StdoutLine: {'line': b'-- Up-to-date: /home/giromi/Repos/VTOL/ws_sensor_combined_src/install/px4_msgs/include/px4_msgs/px4_msgs/msg/tiltrotor_extra_controls.hpp\n'}
[6.379591] (px4_msgs) StdoutLine: {'line': b'-- Up-to-date: /home/giromi/Repos/VTOL/ws_sensor_combined_src/install/px4_msgs/include/px4_msgs/px4_msgs/msg/estimator_aid_source2d.hpp\n'}
[6.379645] (px4_msgs) StdoutLine: {'line': b'-- Up-to-date: /home/giromi/Repos/VTOL/ws_sensor_combined_src/install/px4_msgs/include/px4_msgs/px4_msgs/msg/cpuload.hpp\n'}
[6.379699] (px4_msgs) StdoutLine: {'line': b'-- Up-to-date: /home/giromi/Repos/VTOL/ws_sensor_combined_src/install/px4_msgs/include/px4_msgs/px4_msgs/msg/generator_status.hpp\n'}
[6.379752] (px4_msgs) StdoutLine: {'line': b'-- Up-to-date: /home/giromi/Repos/VTOL/ws_sensor_combined_src/install/px4_msgs/include/px4_msgs/px4_msgs/msg/vehicle_angular_acceleration_setpoint.hpp\n'}
[6.379806] (px4_msgs) StdoutLine: {'line': b'-- Up-to-date: /home/giromi/Repos/VTOL/ws_sensor_combined_src/install/px4_msgs/include/px4_msgs/px4_msgs/msg/radio_status.hpp\n'}
[6.379860] (px4_msgs) StdoutLine: {'line': b'-- Up-to-date: /home/giromi/Repos/VTOL/ws_sensor_combined_src/install/px4_msgs/include/px4_msgs/px4_msgs/msg/iridiumsbd_status.hpp\n'}
[6.379914] (px4_msgs) StdoutLine: {'line': b'-- Up-to-date: /home/giromi/Repos/VTOL/ws_sensor_combined_src/install/px4_msgs/include/px4_msgs/px4_msgs/msg/vehicle_status.hpp\n'}
[6.379973] (px4_msgs) StdoutLine: {'line': b'-- Up-to-date: /home/giromi/Repos/VTOL/ws_sensor_combined_src/install/px4_msgs/include/px4_msgs/px4_msgs/msg/airspeed.hpp\n'}
[6.380027] (px4_msgs) StdoutLine: {'line': b'-- Up-to-date: /home/giromi/Repos/VTOL/ws_sensor_combined_src/install/px4_msgs/include/px4_msgs/px4_msgs/msg/vehicle_angular_velocity.hpp\n'}
[6.380080] (px4_msgs) StdoutLine: {'line': b'-- Up-to-date: /home/giromi/Repos/VTOL/ws_sensor_combined_src/install/px4_msgs/include/px4_msgs/px4_msgs/msg/log_message.hpp\n'}
[6.380134] (px4_msgs) StdoutLine: {'line': b'-- Up-to-date: /home/giromi/Repos/VTOL/ws_sensor_combined_src/install/px4_msgs/include/px4_msgs/px4_msgs/msg/gripper.hpp\n'}
[6.380201] (px4_msgs) StdoutLine: {'line': b'-- Up-to-date: /home/giromi/Repos/VTOL/ws_sensor_combined_src/install/px4_msgs/include/px4_msgs/px4_msgs/msg/sensor_preflight_mag.hpp\n'}
[6.380275] (px4_msgs) StdoutLine: {'line': b'-- Up-to-date: /home/giromi/Repos/VTOL/ws_sensor_combined_src/install/px4_msgs/include/px4_msgs/px4_msgs/msg/gimbal_manager_status.hpp\n'}
[6.380343] (px4_msgs) StdoutLine: {'line': b'-- Up-to-date: /home/giromi/Repos/VTOL/ws_sensor_combined_src/install/px4_msgs/include/px4_msgs/px4_msgs/msg/message_format_response.hpp\n'}
[6.380410] (px4_msgs) StdoutLine: {'line': b'-- Up-to-date: /home/giromi/Repos/VTOL/ws_sensor_combined_src/install/px4_msgs/include/px4_msgs/px4_msgs/msg/gimbal_manager_information.hpp\n'}
[6.380463] (px4_msgs) StdoutLine: {'line': b'-- Up-to-date: /home/giromi/Repos/VTOL/ws_sensor_combined_src/install/px4_msgs/include/px4_msgs/px4_msgs/msg/failsafe_flags.hpp\n'}
[6.380516] (px4_msgs) StdoutLine: {'line': b'-- Up-to-date: /home/giromi/Repos/VTOL/ws_sensor_combined_src/install/px4_msgs/include/px4_msgs/px4_msgs/msg/gpio_out.hpp\n'}
[6.380570] (px4_msgs) StdoutLine: {'line': b'-- Up-to-date: /home/giromi/Repos/VTOL/ws_sensor_combined_src/install/px4_msgs/include/px4_msgs/px4_msgs/msg/npfg_status.hpp\n'}
[6.380624] (px4_msgs) StdoutLine: {'line': b'-- Up-to-date: /home/giromi/Repos/VTOL/ws_sensor_combined_src/install/px4_msgs/include/px4_msgs/px4_msgs/msg/detail\n'}
[6.380677] (px4_msgs) StdoutLine: {'line': b'-- Up-to-date: /home/giromi/Repos/VTOL/ws_sensor_combined_src/install/px4_msgs/include/px4_msgs/px4_msgs/msg/detail/qshell_retval__struct.hpp\n'}
[6.380731] (px4_msgs) StdoutLine: {'line': b'-- Up-to-date: /home/giromi/Repos/VTOL/ws_sensor_combined_src/install/px4_msgs/include/px4_msgs/px4_msgs/msg/detail/pwm_input__struct.hpp\n'}
[6.380784] (px4_msgs) StdoutLine: {'line': b'-- Up-to-date: /home/giromi/Repos/VTOL/ws_sensor_combined_src/install/px4_msgs/include/px4_msgs/px4_msgs/msg/detail/sensor_gyro_fft__traits.hpp\n'}
[6.380838] (px4_msgs) StdoutLine: {'line': b'-- Up-to-date: /home/giromi/Repos/VTOL/ws_sensor_combined_src/install/px4_msgs/include/px4_msgs/px4_msgs/msg/detail/px4io_status__builder.hpp\n'}
[6.380896] (px4_msgs) StdoutLine: {'line': b'-- Up-to-date: /home/giromi/Repos/VTOL/ws_sensor_combined_src/install/px4_msgs/include/px4_msgs/px4_msgs/msg/detail/vehicle_imu_status__traits.hpp\n'}
[6.380952] (px4_msgs) StdoutLine: {'line': b'-- Up-to-date: /home/giromi/Repos/VTOL/ws_sensor_combined_src/install/px4_msgs/include/px4_msgs/px4_msgs/msg/detail/vtol_vehicle_status__struct.hpp\n'}
[6.381007] (px4_msgs) StdoutLine: {'line': b'-- Up-to-date: /home/giromi/Repos/VTOL/ws_sensor_combined_src/install/px4_msgs/include/px4_msgs/px4_msgs/msg/detail/power_monitor__traits.hpp\n'}
[6.381068] (px4_msgs) StdoutLine: {'line': b'-- Up-to-date: /home/giromi/Repos/VTOL/ws_sensor_combined_src/install/px4_msgs/include/px4_msgs/px4_msgs/msg/detail/figure_eight_status__struct.hpp\n'}
[6.381123] (px4_msgs) StdoutLine: {'line': b'-- Up-to-date: /home/giromi/Repos/VTOL/ws_sensor_combined_src/install/px4_msgs/include/px4_msgs/px4_msgs/msg/detail/rpm__builder.hpp\n'}
[6.381178] (px4_msgs) StdoutLine: {'line': b'-- Up-to-date: /home/giromi/Repos/VTOL/ws_sensor_combined_src/install/px4_msgs/include/px4_msgs/px4_msgs/msg/detail/mission_result__builder.hpp\n'}
[6.381236] (px4_msgs) StdoutLine: {'line': b'-- Up-to-date: /home/giromi/Repos/VTOL/ws_sensor_combined_src/install/px4_msgs/include/px4_msgs/px4_msgs/msg/detail/rc_parameter_map__traits.hpp\n'}
[6.381291] (px4_msgs) StdoutLine: {'line': b'-- Up-to-date: /home/giromi/Repos/VTOL/ws_sensor_combined_src/install/px4_msgs/include/px4_msgs/px4_msgs/msg/detail/iridiumsbd_status__builder.hpp\n'}
[6.381345] (px4_msgs) StdoutLine: {'line': b'-- Up-to-date: /home/giromi/Repos/VTOL/ws_sensor_combined_src/install/px4_msgs/include/px4_msgs/px4_msgs/msg/detail/position_controller_status__builder.hpp\n'}
[6.381399] (px4_msgs) StdoutLine: {'line': b'-- Up-to-date: /home/giromi/Repos/VTOL/ws_sensor_combined_src/install/px4_msgs/include/px4_msgs/px4_msgs/msg/detail/gimbal_manager_set_attitude__struct.hpp\n'}
[6.381453] (px4_msgs) StdoutLine: {'line': b'-- Up-to-date: /home/giromi/Repos/VTOL/ws_sensor_combined_src/install/px4_msgs/include/px4_msgs/px4_msgs/msg/detail/telemetry_status__struct.hpp\n'}
[6.381507] (px4_msgs) StdoutLine: {'line': b'-- Up-to-date: /home/giromi/Repos/VTOL/ws_sensor_combined_src/install/px4_msgs/include/px4_msgs/px4_msgs/msg/detail/esc_report__builder.hpp\n'}
[6.381570] (px4_msgs) StdoutLine: {'line': b'-- Up-to-date: /home/giromi/Repos/VTOL/ws_sensor_combined_src/install/px4_msgs/include/px4_msgs/px4_msgs/msg/detail/vehicle_optical_flow__struct.hpp\n'}
[6.381626] (px4_msgs) StdoutLine: {'line': b'-- Up-to-date: /home/giromi/Repos/VTOL/ws_sensor_combined_src/install/px4_msgs/include/px4_msgs/px4_msgs/msg/detail/home_position__builder.hpp\n'}
[6.381680] (px4_msgs) StdoutLine: {'line': b'-- Up-to-date: /home/giromi/Repos/VTOL/ws_sensor_combined_src/install/px4_msgs/include/px4_msgs/px4_msgs/msg/detail/buffer128__traits.hpp\n'}
[6.381734] (px4_msgs) StdoutLine: {'line': b'-- Up-to-date: /home/giromi/Repos/VTOL/ws_sensor_combined_src/install/px4_msgs/include/px4_msgs/px4_msgs/msg/detail/debug_array__traits.hpp\n'}
[6.381788] (px4_msgs) StdoutLine: {'line': b'-- Up-to-date: /home/giromi/Repos/VTOL/ws_sensor_combined_src/install/px4_msgs/include/px4_msgs/px4_msgs/msg/detail/vehicle_magnetometer__traits.hpp\n'}
[6.381841] (px4_msgs) StdoutLine: {'line': b'-- Up-to-date: /home/giromi/Repos/VTOL/ws_sensor_combined_src/install/px4_msgs/include/px4_msgs/px4_msgs/msg/detail/actuator_controls_status__struct.hpp\n'}
[6.381895] (px4_msgs) StdoutLine: {'line': b'-- Up-to-date: /home/giromi/Repos/VTOL/ws_sensor_combined_src/install/px4_msgs/include/px4_msgs/px4_msgs/msg/detail/system_power__struct.hpp\n'}
[6.381948] (px4_msgs) StdoutLine: {'line': b'-- Up-to-date: /home/giromi/Repos/VTOL/ws_sensor_combined_src/install/px4_msgs/include/px4_msgs/px4_msgs/msg/detail/orbit_status__struct.hpp\n'}
[6.382002] (px4_msgs) StdoutLine: {'line': b'-- Up-to-date: /home/giromi/Repos/VTOL/ws_sensor_combined_src/install/px4_msgs/include/px4_msgs/px4_msgs/msg/detail/normalized_unsigned_setpoint__traits.hpp\n'}
[6.382057] (px4_msgs) StdoutLine: {'line': b'-- Up-to-date: /home/giromi/Repos/VTOL/ws_sensor_combined_src/install/px4_msgs/include/px4_msgs/px4_msgs/msg/detail/gimbal_manager_status__builder.hpp\n'}
[6.382111] (px4_msgs) StdoutLine: {'line': b'-- Up-to-date: /home/giromi/Repos/VTOL/ws_sensor_combined_src/install/px4_msgs/include/px4_msgs/px4_msgs/msg/detail/actuator_armed__builder.hpp\n'}
[6.382165] (px4_msgs) StdoutLine: {'line': b'-- Up-to-date: /home/giromi/Repos/VTOL/ws_sensor_combined_src/install/px4_msgs/include/px4_msgs/px4_msgs/msg/detail/vehicle_attitude__struct.hpp\n'}
[6.382219] (px4_msgs) StdoutLine: {'line': b'-- Up-to-date: /home/giromi/Repos/VTOL/ws_sensor_combined_src/install/px4_msgs/include/px4_msgs/px4_msgs/msg/detail/gpio_config__traits.hpp\n'}
[6.382272] (px4_msgs) StdoutLine: {'line': b'-- Up-to-date: /home/giromi/Repos/VTOL/ws_sensor_combined_src/install/px4_msgs/include/px4_msgs/px4_msgs/msg/detail/sensor_airflow__traits.hpp\n'}
[6.382326] (px4_msgs) StdoutLine: {'line': b'-- Up-to-date: /home/giromi/Repos/VTOL/ws_sensor_combined_src/install/px4_msgs/include/px4_msgs/px4_msgs/msg/detail/position_controller_landing_status__builder.hpp\n'}
[6.382388] (px4_msgs) StdoutLine: {'line': b'-- Up-to-date: /home/giromi/Repos/VTOL/ws_sensor_combined_src/install/px4_msgs/include/px4_msgs/px4_msgs/msg/detail/vehicle_constraints__traits.hpp\n'}
[6.382443] (px4_msgs) StdoutLine: {'line': b'-- Up-to-date: /home/giromi/Repos/VTOL/ws_sensor_combined_src/install/px4_msgs/include/px4_msgs/px4_msgs/msg/detail/sensor_mag__builder.hpp\n'}
[6.382498] (px4_msgs) StdoutLine: {'line': b'-- Up-to-date: /home/giromi/Repos/VTOL/ws_sensor_combined_src/install/px4_msgs/include/px4_msgs/px4_msgs/msg/detail/actuator_motors__builder.hpp\n'}
[6.382552] (px4_msgs) StdoutLine: {'line': b'-- Up-to-date: /home/giromi/Repos/VTOL/ws_sensor_combined_src/install/px4_msgs/include/px4_msgs/px4_msgs/msg/detail/mavlink_log__traits.hpp\n'}
[6.382619] (px4_msgs) StdoutLine: {'line': b'-- Up-to-date: /home/giromi/Repos/VTOL/ws_sensor_combined_src/install/px4_msgs/include/px4_msgs/px4_msgs/msg/detail/vehicle_command__traits.hpp\n'}
[6.382678] (px4_msgs) StdoutLine: {'line': b'-- Up-to-date: /home/giromi/Repos/VTOL/ws_sensor_combined_src/install/px4_msgs/include/px4_msgs/px4_msgs/msg/detail/landing_target_pose__struct.hpp\n'}
[6.382739] (px4_msgs) StdoutLine: {'line': b'-- Up-to-date: /home/giromi/Repos/VTOL/ws_sensor_combined_src/install/px4_msgs/include/px4_msgs/px4_msgs/msg/detail/vehicle_local_position__builder.hpp\n'}
[6.382799] (px4_msgs) StdoutLine: {'line': b'-- Up-to-date: /home/giromi/Repos/VTOL/ws_sensor_combined_src/install/px4_msgs/include/px4_msgs/px4_msgs/msg/detail/position_setpoint__struct.hpp\n'}
[6.382859] (px4_msgs) StdoutLine: {'line': b'-- Up-to-date: /home/giromi/Repos/VTOL/ws_sensor_combined_src/install/px4_msgs/include/px4_msgs/px4_msgs/msg/detail/vehicle_imu__traits.hpp\n'}
[6.382917] (px4_msgs) StdoutLine: {'line': b'-- Up-to-date: /home/giromi/Repos/VTOL/ws_sensor_combined_src/install/px4_msgs/include/px4_msgs/px4_msgs/msg/detail/register_ext_component_request__builder.hpp\n'}
[6.382977] (px4_msgs) StdoutLine: {'line': b'-- Up-to-date: /home/giromi/Repos/VTOL/ws_sensor_combined_src/install/px4_msgs/include/px4_msgs/px4_msgs/msg/detail/battery_status__struct.hpp\n'}
[6.383035] (px4_msgs) StdoutLine: {'line': b'-- Up-to-date: /home/giromi/Repos/VTOL/ws_sensor_combined_src/install/px4_msgs/include/px4_msgs/px4_msgs/msg/detail/radio_status__traits.hpp\n'}
[6.383094] (px4_msgs) StdoutLine: {'line': b'-- Up-to-date: /home/giromi/Repos/VTOL/ws_sensor_combined_src/install/px4_msgs/include/px4_msgs/px4_msgs/msg/detail/uavcan_parameter_value__traits.hpp\n'}
[6.383153] (px4_msgs) StdoutLine: {'line': b'-- Up-to-date: /home/giromi/Repos/VTOL/ws_sensor_combined_src/install/px4_msgs/include/px4_msgs/px4_msgs/msg/detail/camera_trigger__traits.hpp\n'}
[6.383211] (px4_msgs) StdoutLine: {'line': b'-- Up-to-date: /home/giromi/Repos/VTOL/ws_sensor_combined_src/install/px4_msgs/include/px4_msgs/px4_msgs/msg/detail/power_button_state__builder.hpp\n'}
[6.383270] (px4_msgs) StdoutLine: {'line': b'-- Up-to-date: /home/giromi/Repos/VTOL/ws_sensor_combined_src/install/px4_msgs/include/px4_msgs/px4_msgs/msg/detail/wind__builder.hpp\n'}
[6.383329] (px4_msgs) StdoutLine: {'line': b'-- Up-to-date: /home/giromi/Repos/VTOL/ws_sensor_combined_src/install/px4_msgs/include/px4_msgs/px4_msgs/msg/detail/sensor_selection__struct.hpp\n'}
[6.383388] (px4_msgs) StdoutLine: {'line': b'-- Up-to-date: /home/giromi/Repos/VTOL/ws_sensor_combined_src/install/px4_msgs/include/px4_msgs/px4_msgs/msg/detail/radio_status__struct.hpp\n'}
[6.383478] (px4_msgs) StdoutLine: {'line': b'-- Up-to-date: /home/giromi/Repos/VTOL/ws_sensor_combined_src/install/px4_msgs/include/px4_msgs/px4_msgs/msg/detail/sensors_status__traits.hpp\n'}
[6.383568] (px4_msgs) StdoutLine: {'line': b'-- Up-to-date: /home/giromi/Repos/VTOL/ws_sensor_combined_src/install/px4_msgs/include/px4_msgs/px4_msgs/msg/detail/airspeed_wind__builder.hpp\n'}
[6.383623] (px4_msgs) StdoutLine: {'line': b'-- Up-to-date: /home/giromi/Repos/VTOL/ws_sensor_combined_src/install/px4_msgs/include/px4_msgs/px4_msgs/msg/detail/heater_status__builder.hpp\n'}
[6.383682] (px4_msgs) StdoutLine: {'line': b'-- Up-to-date: /home/giromi/Repos/VTOL/ws_sensor_combined_src/install/px4_msgs/include/px4_msgs/px4_msgs/msg/detail/action_request__struct.hpp\n'}
[6.383737] (px4_msgs) StdoutLine: {'line': b'-- Up-to-date: /home/giromi/Repos/VTOL/ws_sensor_combined_src/install/px4_msgs/include/px4_msgs/px4_msgs/msg/detail/estimator_aid_source1d__struct.hpp\n'}
[6.383792] (px4_msgs) StdoutLine: {'line': b'-- Up-to-date: /home/giromi/Repos/VTOL/ws_sensor_combined_src/install/px4_msgs/include/px4_msgs/px4_msgs/msg/detail/mission_result__struct.hpp\n'}
[6.383846] (px4_msgs) StdoutLine: {'line': b'-- Up-to-date: /home/giromi/Repos/VTOL/ws_sensor_combined_src/install/px4_msgs/include/px4_msgs/px4_msgs/msg/detail/failsafe_flags__traits.hpp\n'}
[6.383901] (px4_msgs) StdoutLine: {'line': b'-- Up-to-date: /home/giromi/Repos/VTOL/ws_sensor_combined_src/install/px4_msgs/include/px4_msgs/px4_msgs/msg/detail/ekf2_timestamps__traits.hpp\n'}
[6.383963] (px4_msgs) StdoutLine: {'line': b'-- Up-to-date: /home/giromi/Repos/VTOL/ws_sensor_combined_src/install/px4_msgs/include/px4_msgs/px4_msgs/msg/detail/sensor_uwb__builder.hpp\n'}
[6.384022] (px4_msgs) StdoutLine: {'line': b'-- Up-to-date: /home/giromi/Repos/VTOL/ws_sensor_combined_src/install/px4_msgs/include/px4_msgs/px4_msgs/msg/detail/magnetometer_bias_estimate__builder.hpp\n'}
[6.384082] (px4_msgs) StdoutLine: {'line': b'-- Up-to-date: /home/giromi/Repos/VTOL/ws_sensor_combined_src/install/px4_msgs/include/px4_msgs/px4_msgs/msg/detail/obstacle_distance__builder.hpp\n'}
[6.384171] (px4_msgs) StdoutLine: {'line': b'-- Up-to-date: /home/giromi/Repos/VTOL/ws_sensor_combined_src/install/px4_msgs/include/px4_msgs/px4_msgs/msg/detail/sensor_baro__builder.hpp\n'}
[6.384226] (px4_msgs) StdoutLine: {'line': b'-- Up-to-date: /home/giromi/Repos/VTOL/ws_sensor_combined_src/install/px4_msgs/include/px4_msgs/px4_msgs/msg/detail/ping__builder.hpp\n'}
[6.384281] (px4_msgs) StdoutLine: {'line': b'-- Up-to-date: /home/giromi/Repos/VTOL/ws_sensor_combined_src/install/px4_msgs/include/px4_msgs/px4_msgs/msg/detail/cpuload__struct.hpp\n'}
[6.384342] (px4_msgs) StdoutLine: {'line': b'-- Up-to-date: /home/giromi/Repos/VTOL/ws_sensor_combined_src/install/px4_msgs/include/px4_msgs/px4_msgs/msg/detail/vehicle_local_position_setpoint__struct.hpp\n'}
[6.384397] (px4_msgs) StdoutLine: {'line': b'-- Up-to-date: /home/giromi/Repos/VTOL/ws_sensor_combined_src/install/px4_msgs/include/px4_msgs/px4_msgs/msg/detail/takeoff_status__builder.hpp\n'}
[6.384452] (px4_msgs) StdoutLine: {'line': b'-- Up-to-date: /home/giromi/Repos/VTOL/ws_sensor_combined_src/install/px4_msgs/include/px4_msgs/px4_msgs/msg/detail/rate_ctrl_status__traits.hpp\n'}
[6.384506] (px4_msgs) StdoutLine: {'line': b'-- Up-to-date: /home/giromi/Repos/VTOL/ws_sensor_combined_src/install/px4_msgs/include/px4_msgs/px4_msgs/msg/detail/goto_setpoint__builder.hpp\n'}
[6.384561] (px4_msgs) StdoutLine: {'line': b'-- Up-to-date: /home/giromi/Repos/VTOL/ws_sensor_combined_src/install/px4_msgs/include/px4_msgs/px4_msgs/msg/detail/generator_status__builder.hpp\n'}
[6.384615] (px4_msgs) StdoutLine: {'line': b'-- Up-to-date: /home/giromi/Repos/VTOL/ws_sensor_combined_src/install/px4_msgs/include/px4_msgs/px4_msgs/msg/detail/follow_target_estimator__traits.hpp\n'}
[6.384669] (px4_msgs) StdoutLine: {'line': b'-- Up-to-date: /home/giromi/Repos/VTOL/ws_sensor_combined_src/install/px4_msgs/include/px4_msgs/px4_msgs/msg/detail/vtol_vehicle_status__traits.hpp\n'}
[6.384724] (px4_msgs) StdoutLine: {'line': b'-- Up-to-date: /home/giromi/Repos/VTOL/ws_sensor_combined_src/install/px4_msgs/include/px4_msgs/px4_msgs/msg/detail/iridiumsbd_status__traits.hpp\n'}
[6.384780] (px4_msgs) StdoutLine: {'line': b'-- Up-to-date: /home/giromi/Repos/VTOL/ws_sensor_combined_src/install/px4_msgs/include/px4_msgs/px4_msgs/msg/detail/unregister_ext_component__traits.hpp\n'}
[6.384833] (px4_msgs) StdoutLine: {'line': b'-- Up-to-date: /home/giromi/Repos/VTOL/ws_sensor_combined_src/install/px4_msgs/include/px4_msgs/px4_msgs/msg/detail/sensor_hygrometer__builder.hpp\n'}
[6.384893] (px4_msgs) StdoutLine: {'line': b'-- Up-to-date: /home/giromi/Repos/VTOL/ws_sensor_combined_src/install/px4_msgs/include/px4_msgs/px4_msgs/msg/detail/vehicle_acceleration__builder.hpp\n'}
[6.384947] (px4_msgs) StdoutLine: {'line': b'-- Up-to-date: /home/giromi/Repos/VTOL/ws_sensor_combined_src/install/px4_msgs/include/px4_msgs/px4_msgs/msg/detail/satellite_info__builder.hpp\n'}
[6.385001] (px4_msgs) StdoutLine: {'line': b'-- Up-to-date: /home/giromi/Repos/VTOL/ws_sensor_combined_src/install/px4_msgs/include/px4_msgs/px4_msgs/msg/detail/mag_worker_data__builder.hpp\n'}
[6.385055] (px4_msgs) StdoutLine: {'line': b'-- Up-to-date: /home/giromi/Repos/VTOL/ws_sensor_combined_src/install/px4_msgs/include/px4_msgs/px4_msgs/msg/detail/pps_capture__struct.hpp\n'}
[6.385109] (px4_msgs) StdoutLine: {'line': b'-- Up-to-date: /home/giromi/Repos/VTOL/ws_sensor_combined_src/install/px4_msgs/include/px4_msgs/px4_msgs/msg/detail/sensor_gps__traits.hpp\n'}
[6.385163] (px4_msgs) StdoutLine: {'line': b'-- Up-to-date: /home/giromi/Repos/VTOL/ws_sensor_combined_src/install/px4_msgs/include/px4_msgs/px4_msgs/msg/detail/register_ext_component_request__traits.hpp\n'}
[6.385218] (px4_msgs) StdoutLine: {'line': b'-- Up-to-date: /home/giromi/Repos/VTOL/ws_sensor_combined_src/install/px4_msgs/include/px4_msgs/px4_msgs/msg/detail/figure_eight_status__builder.hpp\n'}
[6.385272] (px4_msgs) StdoutLine: {'line': b'-- Up-to-date: /home/giromi/Repos/VTOL/ws_sensor_combined_src/install/px4_msgs/include/px4_msgs/px4_msgs/msg/detail/event__traits.hpp\n'}
[6.385326] (px4_msgs) StdoutLine: {'line': b'-- Up-to-date: /home/giromi/Repos/VTOL/ws_sensor_combined_src/install/px4_msgs/include/px4_msgs/px4_msgs/msg/detail/actuator_controls_status__traits.hpp\n'}
[6.385380] (px4_msgs) StdoutLine: {'line': b'-- Up-to-date: /home/giromi/Repos/VTOL/ws_sensor_combined_src/install/px4_msgs/include/px4_msgs/px4_msgs/msg/detail/dataman_response__builder.hpp\n'}
[6.385434] (px4_msgs) StdoutLine: {'line': b'-- Up-to-date: /home/giromi/Repos/VTOL/ws_sensor_combined_src/install/px4_msgs/include/px4_msgs/px4_msgs/msg/detail/geofence_result__struct.hpp\n'}
[6.385492] (px4_msgs) StdoutLine: {'line': b'-- Up-to-date: /home/giromi/Repos/VTOL/ws_sensor_combined_src/install/px4_msgs/include/px4_msgs/px4_msgs/msg/detail/pwm_input__traits.hpp\n'}
[6.385547] (px4_msgs) StdoutLine: {'line': b'-- Up-to-date: /home/giromi/Repos/VTOL/ws_sensor_combined_src/install/px4_msgs/include/px4_msgs/px4_msgs/msg/detail/dataman_response__struct.hpp\n'}
[6.385602] (px4_msgs) StdoutLine: {'line': b'-- Up-to-date: /home/giromi/Repos/VTOL/ws_sensor_combined_src/install/px4_msgs/include/px4_msgs/px4_msgs/msg/detail/led_control__traits.hpp\n'}
[6.385656] (px4_msgs) StdoutLine: {'line': b'-- Up-to-date: /home/giromi/Repos/VTOL/ws_sensor_combined_src/install/px4_msgs/include/px4_msgs/px4_msgs/msg/detail/internal_combustion_engine_status__traits.hpp\n'}
[6.385710] (px4_msgs) StdoutLine: {'line': b'-- Up-to-date: /home/giromi/Repos/VTOL/ws_sensor_combined_src/install/px4_msgs/include/px4_msgs/px4_msgs/msg/detail/vehicle_roi__traits.hpp\n'}
[6.385764] (px4_msgs) StdoutLine: {'line': b'-- Up-to-date: /home/giromi/Repos/VTOL/ws_sensor_combined_src/install/px4_msgs/include/px4_msgs/px4_msgs/msg/detail/manual_control_switches__traits.hpp\n'}
[6.385818] (px4_msgs) StdoutLine: {'line': b'-- Up-to-date: /home/giromi/Repos/VTOL/ws_sensor_combined_src/install/px4_msgs/include/px4_msgs/px4_msgs/msg/detail/estimator_bias3d__builder.hpp\n'}
[6.385879] (px4_msgs) StdoutLine: {'line': b'-- Up-to-date: /home/giromi/Repos/VTOL/ws_sensor_combined_src/install/px4_msgs/include/px4_msgs/px4_msgs/msg/detail/vehicle_imu__struct.hpp\n'}
[6.385933] (px4_msgs) StdoutLine: {'line': b'-- Up-to-date: /home/giromi/Repos/VTOL/ws_sensor_combined_src/install/px4_msgs/include/px4_msgs/px4_msgs/msg/detail/airspeed_validated__traits.hpp\n'}
[6.385986] (px4_msgs) StdoutLine: {'line': b'-- Up-to-date: /home/giromi/Repos/VTOL/ws_sensor_combined_src/install/px4_msgs/include/px4_msgs/px4_msgs/msg/detail/vehicle_angular_acceleration_setpoint__builder.hpp\n'}
[6.386044] (px4_msgs) StdoutLine: {'line': b'-- Up-to-date: /home/giromi/Repos/VTOL/ws_sensor_combined_src/install/px4_msgs/include/px4_msgs/px4_msgs/msg/detail/sensor_preflight_mag__builder.hpp\n'}
[6.386099] (px4_msgs) StdoutLine: {'line': b'-- Up-to-date: /home/giromi/Repos/VTOL/ws_sensor_combined_src/install/px4_msgs/include/px4_msgs/px4_msgs/msg/detail/gpio_in__struct.hpp\n'}
[6.386153] (px4_msgs) StdoutLine: {'line': b'-- Up-to-date: /home/giromi/Repos/VTOL/ws_sensor_combined_src/install/px4_msgs/include/px4_msgs/px4_msgs/msg/detail/landing_gear_wheel__struct.hpp\n'}
[6.386207] (px4_msgs) StdoutLine: {'line': b'-- Up-to-date: /home/giromi/Repos/VTOL/ws_sensor_combined_src/install/px4_msgs/include/px4_msgs/px4_msgs/msg/detail/orb_test_large__traits.hpp\n'}
[6.386261] (px4_msgs) StdoutLine: {'line': b'-- Up-to-date: /home/giromi/Repos/VTOL/ws_sensor_combined_src/install/px4_msgs/include/px4_msgs/px4_msgs/msg/detail/uavcan_parameter_request__builder.hpp\n'}
[6.386316] (px4_msgs) StdoutLine: {'line': b'-- Up-to-date: /home/giromi/Repos/VTOL/ws_sensor_combined_src/install/px4_msgs/include/px4_msgs/px4_msgs/msg/detail/goto_setpoint__traits.hpp\n'}
[6.386370] (px4_msgs) StdoutLine: {'line': b'-- Up-to-date: /home/giromi/Repos/VTOL/ws_sensor_combined_src/install/px4_msgs/include/px4_msgs/px4_msgs/msg/detail/estimator_event_flags__struct.hpp\n'}
[6.386424] (px4_msgs) StdoutLine: {'line': b'-- Up-to-date: /home/giromi/Repos/VTOL/ws_sensor_combined_src/install/px4_msgs/include/px4_msgs/px4_msgs/msg/detail/battery_status__traits.hpp\n'}
[6.386478] (px4_msgs) StdoutLine: {'line': b'-- Up-to-date: /home/giromi/Repos/VTOL/ws_sensor_combined_src/install/px4_msgs/include/px4_msgs/px4_msgs/msg/detail/estimator_states__traits.hpp\n'}
[6.386532] (px4_msgs) StdoutLine: {'line': b'-- Up-to-date: /home/giromi/Repos/VTOL/ws_sensor_combined_src/install/px4_msgs/include/px4_msgs/px4_msgs/msg/detail/landing_target_innovations__builder.hpp\n'}
[6.386586] (px4_msgs) StdoutLine: {'line': b'-- Up-to-date: /home/giromi/Repos/VTOL/ws_sensor_combined_src/install/px4_msgs/include/px4_msgs/px4_msgs/msg/detail/uavcan_parameter_value__builder.hpp\n'}
[6.386640] (px4_msgs) StdoutLine: {'line': b'-- Up-to-date: /home/giromi/Repos/VTOL/ws_sensor_combined_src/install/px4_msgs/include/px4_msgs/px4_msgs/msg/detail/orb_test_medium__builder.hpp\n'}
[6.386693] (px4_msgs) StdoutLine: {'line': b'-- Up-to-date: /home/giromi/Repos/VTOL/ws_sensor_combined_src/install/px4_msgs/include/px4_msgs/px4_msgs/msg/detail/actuator_servos__struct.hpp\n'}
[6.386748] (px4_msgs) StdoutLine: {'line': b'-- Up-to-date: /home/giromi/Repos/VTOL/ws_sensor_combined_src/install/px4_msgs/include/px4_msgs/px4_msgs/msg/detail/parameter_update__traits.hpp\n'}
[6.386801] (px4_msgs) StdoutLine: {'line': b'-- Up-to-date: /home/giromi/Repos/VTOL/ws_sensor_combined_src/install/px4_msgs/include/px4_msgs/px4_msgs/msg/detail/tune_control__struct.hpp\n'}
[6.386856] (px4_msgs) StdoutLine: {'line': b'-- Up-to-date: /home/giromi/Repos/VTOL/ws_sensor_combined_src/install/px4_msgs/include/px4_msgs/px4_msgs/msg/detail/gimbal_device_set_attitude__struct.hpp\n'}
[6.386914] (px4_msgs) StdoutLine: {'line': b'-- Up-to-date: /home/giromi/Repos/VTOL/ws_sensor_combined_src/install/px4_msgs/include/px4_msgs/px4_msgs/msg/detail/vehicle_constraints__struct.hpp\n'}
[6.386969] (px4_msgs) StdoutLine: {'line': b'-- Up-to-date: /home/giromi/Repos/VTOL/ws_sensor_combined_src/install/px4_msgs/include/px4_msgs/px4_msgs/msg/detail/vehicle_status__traits.hpp\n'}
[6.387022] (px4_msgs) StdoutLine: {'line': b'-- Up-to-date: /home/giromi/Repos/VTOL/ws_sensor_combined_src/install/px4_msgs/include/px4_msgs/px4_msgs/msg/detail/obstacle_distance__struct.hpp\n'}
[6.387075] (px4_msgs) StdoutLine: {'line': b'-- Up-to-date: /home/giromi/Repos/VTOL/ws_sensor_combined_src/install/px4_msgs/include/px4_msgs/px4_msgs/msg/detail/landing_target_pose__builder.hpp\n'}
[6.387128] (px4_msgs) StdoutLine: {'line': b'-- Up-to-date: /home/giromi/Repos/VTOL/ws_sensor_combined_src/install/px4_msgs/include/px4_msgs/px4_msgs/msg/detail/message_format_request__traits.hpp\n'}
[6.387185] (px4_msgs) StdoutLine: {'line': b'-- Up-to-date: /home/giromi/Repos/VTOL/ws_sensor_combined_src/install/px4_msgs/include/px4_msgs/px4_msgs/msg/detail/gps_inject_data__builder.hpp\n'}
[6.387240] (px4_msgs) StdoutLine: {'line': b'-- Up-to-date: /home/giromi/Repos/VTOL/ws_sensor_combined_src/install/px4_msgs/include/px4_msgs/px4_msgs/msg/detail/hover_thrust_estimate__traits.hpp\n'}
[6.387293] (px4_msgs) StdoutLine: {'line': b'-- Up-to-date: /home/giromi/Repos/VTOL/ws_sensor_combined_src/install/px4_msgs/include/px4_msgs/px4_msgs/msg/detail/message_format_request__builder.hpp\n'}
[6.387347] (px4_msgs) StdoutLine: {'line': b'-- Up-to-date: /home/giromi/Repos/VTOL/ws_sensor_combined_src/install/px4_msgs/include/px4_msgs/px4_msgs/msg/detail/sensor_gnss_relative__traits.hpp\n'}
[6.387410] (px4_msgs) StdoutLine: {'line': b'-- Up-to-date: /home/giromi/Repos/VTOL/ws_sensor_combined_src/install/px4_msgs/include/px4_msgs/px4_msgs/msg/detail/tiltrotor_extra_controls__struct.hpp\n'}
[6.387520] (px4_msgs) StdoutLine: {'line': b'-- Up-to-date: /home/giromi/Repos/VTOL/ws_sensor_combined_src/install/px4_msgs/include/px4_msgs/px4_msgs/msg/detail/sensor_combined__struct.hpp\n'}
[6.387592] (px4_msgs) StdoutLine: {'line': b'-- Up-to-date: /home/giromi/Repos/VTOL/ws_sensor_combined_src/install/px4_msgs/include/px4_msgs/px4_msgs/msg/detail/dataman_request__struct.hpp\n'}
[6.387647] (px4_msgs) StdoutLine: {'line': b'-- Up-to-date: /home/giromi/Repos/VTOL/ws_sensor_combined_src/install/px4_msgs/include/px4_msgs/px4_msgs/msg/detail/actuator_test__builder.hpp\n'}
[6.387702] (px4_msgs) StdoutLine: {'line': b'-- Up-to-date: /home/giromi/Repos/VTOL/ws_sensor_combined_src/install/px4_msgs/include/px4_msgs/px4_msgs/msg/detail/uavcan_parameter_request__traits.hpp\n'}
[6.387755] (px4_msgs) StdoutLine: {'line': b'-- Up-to-date: /home/giromi/Repos/VTOL/ws_sensor_combined_src/install/px4_msgs/include/px4_msgs/px4_msgs/msg/detail/vehicle_optical_flow_vel__builder.hpp\n'}
[6.387810] (px4_msgs) StdoutLine: {'line': b'-- Up-to-date: /home/giromi/Repos/VTOL/ws_sensor_combined_src/install/px4_msgs/include/px4_msgs/px4_msgs/msg/detail/sensors_status__builder.hpp\n'}
[6.387864] (px4_msgs) StdoutLine: {'line': b'-- Up-to-date: /home/giromi/Repos/VTOL/ws_sensor_combined_src/install/px4_msgs/include/px4_msgs/px4_msgs/msg/detail/takeoff_status__traits.hpp\n'}
[6.387917] (px4_msgs) StdoutLine: {'line': b'-- Up-to-date: /home/giromi/Repos/VTOL/ws_sensor_combined_src/install/px4_msgs/include/px4_msgs/px4_msgs/msg/detail/sensor_accel_fifo__struct.hpp\n'}
[6.387971] (px4_msgs) StdoutLine: {'line': b'-- Up-to-date: /home/giromi/Repos/VTOL/ws_sensor_combined_src/install/px4_msgs/include/px4_msgs/px4_msgs/msg/detail/takeoff_status__struct.hpp\n'}
[6.388025] (px4_msgs) StdoutLine: {'line': b'-- Up-to-date: /home/giromi/Repos/VTOL/ws_sensor_combined_src/install/px4_msgs/include/px4_msgs/px4_msgs/msg/detail/onboard_computer_status__traits.hpp\n'}
[6.388079] (px4_msgs) StdoutLine: {'line': b'-- Up-to-date: /home/giromi/Repos/VTOL/ws_sensor_combined_src/install/px4_msgs/include/px4_msgs/px4_msgs/msg/detail/gimbal_device_information__traits.hpp\n'}
[6.388133] (px4_msgs) StdoutLine: {'line': b'-- Up-to-date: /home/giromi/Repos/VTOL/ws_sensor_combined_src/install/px4_msgs/include/px4_msgs/px4_msgs/msg/detail/debug_key_value__builder.hpp\n'}
[6.388187] (px4_msgs) StdoutLine: {'line': b'-- Up-to-date: /home/giromi/Repos/VTOL/ws_sensor_combined_src/install/px4_msgs/include/px4_msgs/px4_msgs/msg/detail/gimbal_device_attitude_status__struct.hpp\n'}
[6.388241] (px4_msgs) StdoutLine: {'line': b'-- Up-to-date: /home/giromi/Repos/VTOL/ws_sensor_combined_src/install/px4_msgs/include/px4_msgs/px4_msgs/msg/detail/sensors_status_imu__struct.hpp\n'}
[6.388295] (px4_msgs) StdoutLine: {'line': b'-- Up-to-date: /home/giromi/Repos/VTOL/ws_sensor_combined_src/install/px4_msgs/include/px4_msgs/px4_msgs/msg/detail/estimator_selector_status__builder.hpp\n'}
[6.388348] (px4_msgs) StdoutLine: {'line': b'-- Up-to-date: /home/giromi/Repos/VTOL/ws_sensor_combined_src/install/px4_msgs/include/px4_msgs/px4_msgs/msg/detail/collision_constraints__struct.hpp\n'}
[6.388410] (px4_msgs) StdoutLine: {'line': b'-- Up-to-date: /home/giromi/Repos/VTOL/ws_sensor_combined_src/install/px4_msgs/include/px4_msgs/px4_msgs/msg/detail/adc_report__builder.hpp\n'}
[6.388465] (px4_msgs) StdoutLine: {'line': b'-- Up-to-date: /home/giromi/Repos/VTOL/ws_sensor_combined_src/install/px4_msgs/include/px4_msgs/px4_msgs/msg/detail/sensor_hygrometer__traits.hpp\n'}
[6.388519] (px4_msgs) StdoutLine: {'line': b'-- Up-to-date: /home/giromi/Repos/VTOL/ws_sensor_combined_src/install/px4_msgs/include/px4_msgs/px4_msgs/msg/detail/mission__traits.hpp\n'}
[6.388573] (px4_msgs) StdoutLine: {'line': b'-- Up-to-date: /home/giromi/Repos/VTOL/ws_sensor_combined_src/install/px4_msgs/include/px4_msgs/px4_msgs/msg/detail/sensor_gps__struct.hpp\n'}
[6.388627] (px4_msgs) StdoutLine: {'line': b'-- Up-to-date: /home/giromi/Repos/VTOL/ws_sensor_combined_src/install/px4_msgs/include/px4_msgs/px4_msgs/msg/detail/vehicle_global_position__struct.hpp\n'}
[6.388681] (px4_msgs) StdoutLine: {'line': b'-- Up-to-date: /home/giromi/Repos/VTOL/ws_sensor_combined_src/install/px4_msgs/include/px4_msgs/px4_msgs/msg/detail/wind__struct.hpp\n'}
[6.388734] (px4_msgs) StdoutLine: {'line': b'-- Up-to-date: /home/giromi/Repos/VTOL/ws_sensor_combined_src/install/px4_msgs/include/px4_msgs/px4_msgs/msg/detail/landing_gear__struct.hpp\n'}
[6.388788] (px4_msgs) StdoutLine: {'line': b'-- Up-to-date: /home/giromi/Repos/VTOL/ws_sensor_combined_src/install/px4_msgs/include/px4_msgs/px4_msgs/msg/detail/rtl_time_estimate__builder.hpp\n'}
[6.388841] (px4_msgs) StdoutLine: {'line': b'-- Up-to-date: /home/giromi/Repos/VTOL/ws_sensor_combined_src/install/px4_msgs/include/px4_msgs/px4_msgs/msg/detail/sensors_status_imu__traits.hpp\n'}
[6.388895] (px4_msgs) StdoutLine: {'line': b'-- Up-to-date: /home/giromi/Repos/VTOL/ws_sensor_combined_src/install/px4_msgs/include/px4_msgs/px4_msgs/msg/detail/vehicle_attitude__builder.hpp\n'}
[6.388949] (px4_msgs) StdoutLine: {'line': b'-- Up-to-date: /home/giromi/Repos/VTOL/ws_sensor_combined_src/install/px4_msgs/include/px4_msgs/px4_msgs/msg/detail/arming_check_reply__builder.hpp\n'}
[6.389010] (px4_msgs) StdoutLine: {'line': b'-- Up-to-date: /home/giromi/Repos/VTOL/ws_sensor_combined_src/install/px4_msgs/include/px4_msgs/px4_msgs/msg/detail/vehicle_angular_velocity__builder.hpp\n'}
[6.389065] (px4_msgs) StdoutLine: {'line': b'-- Up-to-date: /home/giromi/Repos/VTOL/ws_sensor_combined_src/install/px4_msgs/include/px4_msgs/px4_msgs/msg/detail/arming_check_reply__traits.hpp\n'}
[6.389119] (px4_msgs) StdoutLine: {'line': b'-- Up-to-date: /home/giromi/Repos/VTOL/ws_sensor_combined_src/install/px4_msgs/include/px4_msgs/px4_msgs/msg/detail/estimator_bias3d__traits.hpp\n'}
[6.389173] (px4_msgs) StdoutLine: {'line': b'-- Up-to-date: /home/giromi/Repos/VTOL/ws_sensor_combined_src/install/px4_msgs/include/px4_msgs/px4_msgs/msg/detail/vehicle_command_ack__traits.hpp\n'}
[6.389228] (px4_msgs) StdoutLine: {'line': b'-- Up-to-date: /home/giromi/Repos/VTOL/ws_sensor_combined_src/install/px4_msgs/include/px4_msgs/px4_msgs/msg/detail/vehicle_optical_flow__builder.hpp\n'}
[6.389282] (px4_msgs) StdoutLine: {'line': b'-- Up-to-date: /home/giromi/Repos/VTOL/ws_sensor_combined_src/install/px4_msgs/include/px4_msgs/px4_msgs/msg/detail/npfg_status__traits.hpp\n'}
[6.389337] (px4_msgs) StdoutLine: {'line': b'-- Up-to-date: /home/giromi/Repos/VTOL/ws_sensor_combined_src/install/px4_msgs/include/px4_msgs/px4_msgs/msg/detail/normalized_unsigned_setpoint__builder.hpp\n'}
[6.389392] (px4_msgs) StdoutLine: {'line': b'-- Up-to-date: /home/giromi/Repos/VTOL/ws_sensor_combined_src/install/px4_msgs/include/px4_msgs/px4_msgs/msg/detail/gpio_request__builder.hpp\n'}
[6.389446] (px4_msgs) StdoutLine: {'line': b'-- Up-to-date: /home/giromi/Repos/VTOL/ws_sensor_combined_src/install/px4_msgs/include/px4_msgs/px4_msgs/msg/detail/gpio_request__struct.hpp\n'}
[6.389501] (px4_msgs) StdoutLine: {'line': b'-- Up-to-date: /home/giromi/Repos/VTOL/ws_sensor_combined_src/install/px4_msgs/include/px4_msgs/px4_msgs/msg/detail/battery_status__builder.hpp\n'}
[6.389560] (px4_msgs) StdoutLine: {'line': b'-- Up-to-date: /home/giromi/Repos/VTOL/ws_sensor_combined_src/install/px4_msgs/include/px4_msgs/px4_msgs/msg/detail/qshell_req__builder.hpp\n'}
[6.389614] (px4_msgs) StdoutLine: {'line': b'-- Up-to-date: /home/giromi/Repos/VTOL/ws_sensor_combined_src/install/px4_msgs/include/px4_msgs/px4_msgs/msg/detail/vehicle_angular_velocity__struct.hpp\n'}
[6.389668] (px4_msgs) StdoutLine: {'line': b'-- Up-to-date: /home/giromi/Repos/VTOL/ws_sensor_combined_src/install/px4_msgs/include/px4_msgs/px4_msgs/msg/detail/collision_report__traits.hpp\n'}
[6.389722] (px4_msgs) StdoutLine: {'line': b'-- Up-to-date: /home/giromi/Repos/VTOL/ws_sensor_combined_src/install/px4_msgs/include/px4_msgs/px4_msgs/msg/detail/power_button_state__traits.hpp\n'}
[6.389776] (px4_msgs) StdoutLine: {'line': b'-- Up-to-date: /home/giromi/Repos/VTOL/ws_sensor_combined_src/install/px4_msgs/include/px4_msgs/px4_msgs/msg/detail/debug_array__struct.hpp\n'}
[6.389831] (px4_msgs) StdoutLine: {'line': b'-- Up-to-date: /home/giromi/Repos/VTOL/ws_sensor_combined_src/install/px4_msgs/include/px4_msgs/px4_msgs/msg/detail/orb_test_medium__traits.hpp\n'}
[6.389889] (px4_msgs) StdoutLine: {'line': b'-- Up-to-date: /home/giromi/Repos/VTOL/ws_sensor_combined_src/install/px4_msgs/include/px4_msgs/px4_msgs/msg/detail/sensor_gyro__builder.hpp\n'}
[6.389943] (px4_msgs) StdoutLine: {'line': b'-- Up-to-date: /home/giromi/Repos/VTOL/ws_sensor_combined_src/install/px4_msgs/include/px4_msgs/px4_msgs/msg/detail/buffer128__builder.hpp\n'}
[6.389997] (px4_msgs) StdoutLine: {'line': b'-- Up-to-date: /home/giromi/Repos/VTOL/ws_sensor_combined_src/install/px4_msgs/include/px4_msgs/px4_msgs/msg/detail/ulog_stream__builder.hpp\n'}
[6.390051] (px4_msgs) StdoutLine: {'line': b'-- Up-to-date: /home/giromi/Repos/VTOL/ws_sensor_combined_src/install/px4_msgs/include/px4_msgs/px4_msgs/msg/detail/sensor_optical_flow__traits.hpp\n'}
[6.390105] (px4_msgs) StdoutLine: {'line': b'-- Up-to-date: /home/giromi/Repos/VTOL/ws_sensor_combined_src/install/px4_msgs/include/px4_msgs/px4_msgs/msg/detail/vehicle_local_position__struct.hpp\n'}
[6.390159] (px4_msgs) StdoutLine: {'line': b'-- Up-to-date: /home/giromi/Repos/VTOL/ws_sensor_combined_src/install/px4_msgs/include/px4_msgs/px4_msgs/msg/detail/orbit_status__traits.hpp\n'}
[6.390214] (px4_msgs) StdoutLine: {'line': b'-- Up-to-date: /home/giromi/Repos/VTOL/ws_sensor_combined_src/install/px4_msgs/include/px4_msgs/px4_msgs/msg/detail/vehicle_angular_velocity__traits.hpp\n'}
[6.390267] (px4_msgs) StdoutLine: {'line': b'-- Up-to-date: /home/giromi/Repos/VTOL/ws_sensor_combined_src/install/px4_msgs/include/px4_msgs/px4_msgs/msg/detail/sensor_accel_fifo__builder.hpp\n'}
[6.390321] (px4_msgs) StdoutLine: {'line': b'-- Up-to-date: /home/giromi/Repos/VTOL/ws_sensor_combined_src/install/px4_msgs/include/px4_msgs/px4_msgs/msg/detail/system_power__traits.hpp\n'}
[6.390375] (px4_msgs) StdoutLine: {'line': b'-- Up-to-date: /home/giromi/Repos/VTOL/ws_sensor_combined_src/install/px4_msgs/include/px4_msgs/px4_msgs/msg/detail/estimator_status__builder.hpp\n'}
[6.390429] (px4_msgs) StdoutLine: {'line': b'-- Up-to-date: /home/giromi/Repos/VTOL/ws_sensor_combined_src/install/px4_msgs/include/px4_msgs/px4_msgs/msg/detail/actuator_motors__traits.hpp\n'}
[6.390483] (px4_msgs) StdoutLine: {'line': b'-- Up-to-date: /home/giromi/Repos/VTOL/ws_sensor_combined_src/install/px4_msgs/include/px4_msgs/px4_msgs/msg/detail/vehicle_thrust_setpoint__builder.hpp\n'}
[6.390546] (px4_msgs) StdoutLine: {'line': b'-- Up-to-date: /home/giromi/Repos/VTOL/ws_sensor_combined_src/install/px4_msgs/include/px4_msgs/px4_msgs/msg/detail/vehicle_trajectory_bezier__builder.hpp\n'}
[6.390601] (px4_msgs) StdoutLine: {'line': b'-- Up-to-date: /home/giromi/Repos/VTOL/ws_sensor_combined_src/install/px4_msgs/include/px4_msgs/px4_msgs/msg/detail/rc_channels__builder.hpp\n'}
[6.390656] (px4_msgs) StdoutLine: {'line': b'-- Up-to-date: /home/giromi/Repos/VTOL/ws_sensor_combined_src/install/px4_msgs/include/px4_msgs/px4_msgs/msg/detail/sensor_selection__traits.hpp\n'}
[6.390714] (px4_msgs) StdoutLine: {'line': b'-- Up-to-date: /home/giromi/Repos/VTOL/ws_sensor_combined_src/install/px4_msgs/include/px4_msgs/px4_msgs/msg/detail/sensor_gyro_fifo__struct.hpp\n'}
[6.390768] (px4_msgs) StdoutLine: {'line': b'-- Up-to-date: /home/giromi/Repos/VTOL/ws_sensor_combined_src/install/px4_msgs/include/px4_msgs/px4_msgs/msg/detail/debug_vect__traits.hpp\n'}
[6.390823] (px4_msgs) StdoutLine: {'line': b'-- Up-to-date: /home/giromi/Repos/VTOL/ws_sensor_combined_src/install/px4_msgs/include/px4_msgs/px4_msgs/msg/detail/orbit_status__builder.hpp\n'}
[6.390889] (px4_msgs) StdoutLine: {'line': b'-- Up-to-date: /home/giromi/Repos/VTOL/ws_sensor_combined_src/install/px4_msgs/include/px4_msgs/px4_msgs/msg/detail/hover_thrust_estimate__builder.hpp\n'}
[6.390989] (px4_msgs) StdoutLine: {'line': b'-- Up-to-date: /home/giromi/Repos/VTOL/ws_sensor_combined_src/install/px4_msgs/include/px4_msgs/px4_msgs/msg/detail/differential_drive_setpoint__builder.hpp\n'}
[6.391111] (px4_msgs) StdoutLine: {'line': b'-- Up-to-date: /home/giromi/Repos/VTOL/ws_sensor_combined_src/install/px4_msgs/include/px4_msgs/px4_msgs/msg/detail/actuator_controls_status__builder.hpp\n'}
[6.391245] (px4_msgs) StdoutLine: {'line': b'-- Up-to-date: /home/giromi/Repos/VTOL/ws_sensor_combined_src/install/px4_msgs/include/px4_msgs/px4_msgs/msg/detail/geofence_result__builder.hpp\n'}
[6.391378] (px4_msgs) StdoutLine: {'line': b'-- Up-to-date: /home/giromi/Repos/VTOL/ws_sensor_combined_src/install/px4_msgs/include/px4_msgs/px4_msgs/msg/detail/task_stack_info__builder.hpp\n'}
[6.391571] (px4_msgs) StdoutLine: {'line': b'-- Up-to-date: /home/giromi/Repos/VTOL/ws_sensor_combined_src/install/px4_msgs/include/px4_msgs/px4_msgs/msg/detail/velocity_limits__traits.hpp\n'}
[6.391707] (px4_msgs) StdoutLine: {'line': b'-- Up-to-date: /home/giromi/Repos/VTOL/ws_sensor_combined_src/install/px4_msgs/include/px4_msgs/px4_msgs/msg/detail/input_rc__traits.hpp\n'}
[6.391838] (px4_msgs) StdoutLine: {'line': b'-- Up-to-date: /home/giromi/Repos/VTOL/ws_sensor_combined_src/install/px4_msgs/include/px4_msgs/px4_msgs/msg/detail/orb_test__struct.hpp\n'}
[6.391956] (px4_msgs) StdoutLine: {'line': b'-- Up-to-date: /home/giromi/Repos/VTOL/ws_sensor_combined_src/install/px4_msgs/include/px4_msgs/px4_msgs/msg/detail/estimator_innovations__struct.hpp\n'}
[6.392014] (px4_msgs) StdoutLine: {'line': b'-- Up-to-date: /home/giromi/Repos/VTOL/ws_sensor_combined_src/install/px4_msgs/include/px4_msgs/px4_msgs/msg/detail/onboard_computer_status__struct.hpp\n'}
[6.392071] (px4_msgs) StdoutLine: {'line': b'-- Up-to-date: /home/giromi/Repos/VTOL/ws_sensor_combined_src/install/px4_msgs/include/px4_msgs/px4_msgs/msg/detail/mode_completed__traits.hpp\n'}
[6.392126] (px4_msgs) StdoutLine: {'line': b'-- Up-to-date: /home/giromi/Repos/VTOL/ws_sensor_combined_src/install/px4_msgs/include/px4_msgs/px4_msgs/msg/detail/home_position__struct.hpp\n'}
[6.392181] (px4_msgs) StdoutLine: {'line': b'-- Up-to-date: /home/giromi/Repos/VTOL/ws_sensor_combined_src/install/px4_msgs/include/px4_msgs/px4_msgs/msg/detail/arming_check_reply__struct.hpp\n'}
[6.392236] (px4_msgs) StdoutLine: {'line': b'-- Up-to-date: /home/giromi/Repos/VTOL/ws_sensor_combined_src/install/px4_msgs/include/px4_msgs/px4_msgs/msg/detail/esc_status__traits.hpp\n'}
[6.392291] (px4_msgs) StdoutLine: {'line': b'-- Up-to-date: /home/giromi/Repos/VTOL/ws_sensor_combined_src/install/px4_msgs/include/px4_msgs/px4_msgs/msg/detail/tecs_status__struct.hpp\n'}
[6.392346] (px4_msgs) StdoutLine: {'line': b'-- Up-to-date: /home/giromi/Repos/VTOL/ws_sensor_combined_src/install/px4_msgs/include/px4_msgs/px4_msgs/msg/detail/tune_control__builder.hpp\n'}
[6.392401] (px4_msgs) StdoutLine: {'line': b'-- Up-to-date: /home/giromi/Repos/VTOL/ws_sensor_combined_src/install/px4_msgs/include/px4_msgs/px4_msgs/msg/detail/log_message__traits.hpp\n'}
[6.392455] (px4_msgs) StdoutLine: {'line': b'-- Up-to-date: /home/giromi/Repos/VTOL/ws_sensor_combined_src/install/px4_msgs/include/px4_msgs/px4_msgs/msg/detail/gimbal_manager_information__traits.hpp\n'}
[6.392515] (px4_msgs) StdoutLine: {'line': b'-- Up-to-date: /home/giromi/Repos/VTOL/ws_sensor_combined_src/install/px4_msgs/include/px4_msgs/px4_msgs/msg/detail/gimbal_device_information__builder.hpp\n'}
[6.392570] (px4_msgs) StdoutLine: {'line': b'-- Up-to-date: /home/giromi/Repos/VTOL/ws_sensor_combined_src/install/px4_msgs/include/px4_msgs/px4_msgs/msg/detail/estimator_gps_status__builder.hpp\n'}
[6.392625] (px4_msgs) StdoutLine: {'line': b'-- Up-to-date: /home/giromi/Repos/VTOL/ws_sensor_combined_src/install/px4_msgs/include/px4_msgs/px4_msgs/msg/detail/sensor_mag__struct.hpp\n'}
[6.392679] (px4_msgs) StdoutLine: {'line': b'-- Up-to-date: /home/giromi/Repos/VTOL/ws_sensor_combined_src/install/px4_msgs/include/px4_msgs/px4_msgs/msg/detail/follow_target_status__builder.hpp\n'}
[6.392740] (px4_msgs) StdoutLine: {'line': b'-- Up-to-date: /home/giromi/Repos/VTOL/ws_sensor_combined_src/install/px4_msgs/include/px4_msgs/px4_msgs/msg/detail/vehicle_trajectory_waypoint__struct.hpp\n'}
[6.392794] (px4_msgs) StdoutLine: {'line': b'-- Up-to-date: /home/giromi/Repos/VTOL/ws_sensor_combined_src/install/px4_msgs/include/px4_msgs/px4_msgs/msg/detail/heater_status__struct.hpp\n'}
[6.392848] (px4_msgs) StdoutLine: {'line': b'-- Up-to-date: /home/giromi/Repos/VTOL/ws_sensor_combined_src/install/px4_msgs/include/px4_msgs/px4_msgs/msg/detail/sensor_gyro__traits.hpp\n'}
[6.392902] (px4_msgs) StdoutLine: {'line': b'-- Up-to-date: /home/giromi/Repos/VTOL/ws_sensor_combined_src/install/px4_msgs/include/px4_msgs/px4_msgs/msg/detail/event__struct.hpp\n'}
[6.392956] (px4_msgs) StdoutLine: {'line': b'-- Up-to-date: /home/giromi/Repos/VTOL/ws_sensor_combined_src/install/px4_msgs/include/px4_msgs/px4_msgs/msg/detail/log_message__builder.hpp\n'}
[6.393010] (px4_msgs) StdoutLine: {'line': b'-- Up-to-date: /home/giromi/Repos/VTOL/ws_sensor_combined_src/install/px4_msgs/include/px4_msgs/px4_msgs/msg/detail/gpio_out__struct.hpp\n'}
[6.393064] (px4_msgs) StdoutLine: {'line': b'-- Up-to-date: /home/giromi/Repos/VTOL/ws_sensor_combined_src/install/px4_msgs/include/px4_msgs/px4_msgs/msg/detail/dataman_response__traits.hpp\n'}
[6.393119] (px4_msgs) StdoutLine: {'line': b'-- Up-to-date: /home/giromi/Repos/VTOL/ws_sensor_combined_src/install/px4_msgs/include/px4_msgs/px4_msgs/msg/detail/velocity_limits__struct.hpp\n'}
[6.393173] (px4_msgs) StdoutLine: {'line': b'-- Up-to-date: /home/giromi/Repos/VTOL/ws_sensor_combined_src/install/px4_msgs/include/px4_msgs/px4_msgs/msg/detail/debug_key_value__struct.hpp\n'}
[6.393228] (px4_msgs) StdoutLine: {'line': b'-- Up-to-date: /home/giromi/Repos/VTOL/ws_sensor_combined_src/install/px4_msgs/include/px4_msgs/px4_msgs/msg/detail/follow_target_estimator__builder.hpp\n'}
[6.393283] (px4_msgs) StdoutLine: {'line': b'-- Up-to-date: /home/giromi/Repos/VTOL/ws_sensor_combined_src/install/px4_msgs/include/px4_msgs/px4_msgs/msg/detail/manual_control_switches__builder.hpp\n'}
[6.393337] (px4_msgs) StdoutLine: {'line': b'-- Up-to-date: /home/giromi/Repos/VTOL/ws_sensor_combined_src/install/px4_msgs/include/px4_msgs/px4_msgs/msg/detail/vehicle_optical_flow_vel__traits.hpp\n'}
[6.393392] (px4_msgs) StdoutLine: {'line': b'-- Up-to-date: /home/giromi/Repos/VTOL/ws_sensor_combined_src/install/px4_msgs/include/px4_msgs/px4_msgs/msg/detail/ekf2_timestamps__struct.hpp\n'}
[6.393452] (px4_msgs) StdoutLine: {'line': b'-- Up-to-date: /home/giromi/Repos/VTOL/ws_sensor_combined_src/install/px4_msgs/include/px4_msgs/px4_msgs/msg/detail/trajectory_setpoint__struct.hpp\n'}
[6.393507] (px4_msgs) StdoutLine: {'line': b'-- Up-to-date: /home/giromi/Repos/VTOL/ws_sensor_combined_src/install/px4_msgs/include/px4_msgs/px4_msgs/msg/detail/vehicle_attitude_setpoint__builder.hpp\n'}
[6.393561] (px4_msgs) StdoutLine: {'line': b'-- Up-to-date: /home/giromi/Repos/VTOL/ws_sensor_combined_src/install/px4_msgs/include/px4_msgs/px4_msgs/msg/detail/estimator_status_flags__struct.hpp\n'}
[6.393615] (px4_msgs) StdoutLine: {'line': b'-- Up-to-date: /home/giromi/Repos/VTOL/ws_sensor_combined_src/install/px4_msgs/include/px4_msgs/px4_msgs/msg/detail/trajectory_bezier__traits.hpp\n'}
[6.393674] (px4_msgs) StdoutLine: {'line': b'-- Up-to-date: /home/giromi/Repos/VTOL/ws_sensor_combined_src/install/px4_msgs/include/px4_msgs/px4_msgs/msg/detail/vehicle_attitude__traits.hpp\n'}
[6.393729] (px4_msgs) StdoutLine: {'line': b'-- Up-to-date: /home/giromi/Repos/VTOL/ws_sensor_combined_src/install/px4_msgs/include/px4_msgs/px4_msgs/msg/detail/sensor_airflow__struct.hpp\n'}
[6.393783] (px4_msgs) StdoutLine: {'line': b'-- Up-to-date: /home/giromi/Repos/VTOL/ws_sensor_combined_src/install/px4_msgs/include/px4_msgs/px4_msgs/msg/detail/vehicle_local_position__traits.hpp\n'}
[6.393838] (px4_msgs) StdoutLine: {'line': b'-- Up-to-date: /home/giromi/Repos/VTOL/ws_sensor_combined_src/install/px4_msgs/include/px4_msgs/px4_msgs/msg/detail/unregister_ext_component__struct.hpp\n'}
[6.393892] (px4_msgs) StdoutLine: {'line': b'-- Up-to-date: /home/giromi/Repos/VTOL/ws_sensor_combined_src/install/px4_msgs/include/px4_msgs/px4_msgs/msg/detail/gripper__traits.hpp\n'}
[6.393946] (px4_msgs) StdoutLine: {'line': b'-- Up-to-date: /home/giromi/Repos/VTOL/ws_sensor_combined_src/install/px4_msgs/include/px4_msgs/px4_msgs/msg/detail/debug_value__traits.hpp\n'}
[6.394000] (px4_msgs) StdoutLine: {'line': b'-- Up-to-date: /home/giromi/Repos/VTOL/ws_sensor_combined_src/install/px4_msgs/include/px4_msgs/px4_msgs/msg/detail/estimator_aid_source2d__builder.hpp\n'}
[6.394054] (px4_msgs) StdoutLine: {'line': b'-- Up-to-date: /home/giromi/Repos/VTOL/ws_sensor_combined_src/install/px4_msgs/include/px4_msgs/px4_msgs/msg/detail/timesync_status__struct.hpp\n'}
[6.394108] (px4_msgs) StdoutLine: {'line': b'-- Up-to-date: /home/giromi/Repos/VTOL/ws_sensor_combined_src/install/px4_msgs/include/px4_msgs/px4_msgs/msg/detail/gimbal_manager_set_manual_control__traits.hpp\n'}
[6.394162] (px4_msgs) StdoutLine: {'line': b'-- Up-to-date: /home/giromi/Repos/VTOL/ws_sensor_combined_src/install/px4_msgs/include/px4_msgs/px4_msgs/msg/detail/estimator_sensor_bias__builder.hpp\n'}
[6.394216] (px4_msgs) StdoutLine: {'line': b'-- Up-to-date: /home/giromi/Repos/VTOL/ws_sensor_combined_src/install/px4_msgs/include/px4_msgs/px4_msgs/msg/detail/action_request__traits.hpp\n'}
[6.394277] (px4_msgs) StdoutLine: {'line': b'-- Up-to-date: /home/giromi/Repos/VTOL/ws_sensor_combined_src/install/px4_msgs/include/px4_msgs/px4_msgs/msg/detail/estimator_bias__builder.hpp\n'}
[6.394332] (px4_msgs) StdoutLine: {'line': b'-- Up-to-date: /home/giromi/Repos/VTOL/ws_sensor_combined_src/install/px4_msgs/include/px4_msgs/px4_msgs/msg/detail/figure_eight_status__traits.hpp\n'}
[6.394386] (px4_msgs) StdoutLine: {'line': b'-- Up-to-date: /home/giromi/Repos/VTOL/ws_sensor_combined_src/install/px4_msgs/include/px4_msgs/px4_msgs/msg/detail/gpio_out__builder.hpp\n'}
[6.394440] (px4_msgs) StdoutLine: {'line': b'-- Up-to-date: /home/giromi/Repos/VTOL/ws_sensor_combined_src/install/px4_msgs/include/px4_msgs/px4_msgs/msg/detail/sensor_selection__builder.hpp\n'}
[6.394495] (px4_msgs) StdoutLine: {'line': b'-- Up-to-date: /home/giromi/Repos/VTOL/ws_sensor_combined_src/install/px4_msgs/include/px4_msgs/px4_msgs/msg/detail/differential_pressure__builder.hpp\n'}
[6.394549] (px4_msgs) StdoutLine: {'line': b'-- Up-to-date: /home/giromi/Repos/VTOL/ws_sensor_combined_src/install/px4_msgs/include/px4_msgs/px4_msgs/msg/detail/estimator_selector_status__struct.hpp\n'}
[6.394603] (px4_msgs) StdoutLine: {'line': b'-- Up-to-date: /home/giromi/Repos/VTOL/ws_sensor_combined_src/install/px4_msgs/include/px4_msgs/px4_msgs/msg/detail/ulog_stream__traits.hpp\n'}
[6.394657] (px4_msgs) StdoutLine: {'line': b'-- Up-to-date: /home/giromi/Repos/VTOL/ws_sensor_combined_src/install/px4_msgs/include/px4_msgs/px4_msgs/msg/detail/esc_status__struct.hpp\n'}
[6.394711] (px4_msgs) StdoutLine: {'line': b'-- Up-to-date: /home/giromi/Repos/VTOL/ws_sensor_combined_src/install/px4_msgs/include/px4_msgs/px4_msgs/msg/detail/estimator_event_flags__builder.hpp\n'}
[6.394765] (px4_msgs) StdoutLine: {'line': b'-- Up-to-date: /home/giromi/Repos/VTOL/ws_sensor_combined_src/install/px4_msgs/include/px4_msgs/px4_msgs/msg/detail/sensor_gps__builder.hpp\n'}
[6.394823] (px4_msgs) StdoutLine: {'line': b'-- Up-to-date: /home/giromi/Repos/VTOL/ws_sensor_combined_src/install/px4_msgs/include/px4_msgs/px4_msgs/msg/detail/pwm_input__builder.hpp\n'}
[6.394882] (px4_msgs) StdoutLine: {'line': b'-- Up-to-date: /home/giromi/Repos/VTOL/ws_sensor_combined_src/install/px4_msgs/include/px4_msgs/px4_msgs/msg/detail/input_rc__struct.hpp\n'}
[6.394937] (px4_msgs) StdoutLine: {'line': b'-- Up-to-date: /home/giromi/Repos/VTOL/ws_sensor_combined_src/install/px4_msgs/include/px4_msgs/px4_msgs/msg/detail/estimator_aid_source3d__struct.hpp\n'}
[6.394991] (px4_msgs) StdoutLine: {'line': b'-- Up-to-date: /home/giromi/Repos/VTOL/ws_sensor_combined_src/install/px4_msgs/include/px4_msgs/px4_msgs/msg/detail/sensor_combined__builder.hpp\n'}
[6.395046] (px4_msgs) StdoutLine: {'line': b'-- Up-to-date: /home/giromi/Repos/VTOL/ws_sensor_combined_src/install/px4_msgs/include/px4_msgs/px4_msgs/msg/detail/ulog_stream_ack__builder.hpp\n'}
[6.395120] (px4_msgs) StdoutLine: {'line': b'-- Up-to-date: /home/giromi/Repos/VTOL/ws_sensor_combined_src/install/px4_msgs/include/px4_msgs/px4_msgs/msg/detail/vehicle_thrust_setpoint__struct.hpp\n'}
[6.395210] (px4_msgs) StdoutLine: {'line': b'-- Up-to-date: /home/giromi/Repos/VTOL/ws_sensor_combined_src/install/px4_msgs/include/px4_msgs/px4_msgs/msg/detail/actuator_test__traits.hpp\n'}
[6.395345] (px4_msgs) StdoutLine: {'line': b'-- Up-to-date: /home/giromi/Repos/VTOL/ws_sensor_combined_src/install/px4_msgs/include/px4_msgs/px4_msgs/msg/detail/tune_control__traits.hpp\n'}
[6.395401] (px4_msgs) StdoutLine: {'line': b'-- Up-to-date: /home/giromi/Repos/VTOL/ws_sensor_combined_src/install/px4_msgs/include/px4_msgs/px4_msgs/msg/detail/gimbal_controls__traits.hpp\n'}
[6.395482] (px4_msgs) StdoutLine: {'line': b'-- Up-to-date: /home/giromi/Repos/VTOL/ws_sensor_combined_src/install/px4_msgs/include/px4_msgs/px4_msgs/msg/detail/vehicle_constraints__builder.hpp\n'}
[6.395565] (px4_msgs) StdoutLine: {'line': b'-- Up-to-date: /home/giromi/Repos/VTOL/ws_sensor_combined_src/install/px4_msgs/include/px4_msgs/px4_msgs/msg/detail/estimator_aid_source1d__builder.hpp\n'}
[6.395620] (px4_msgs) StdoutLine: {'line': b'-- Up-to-date: /home/giromi/Repos/VTOL/ws_sensor_combined_src/install/px4_msgs/include/px4_msgs/px4_msgs/msg/detail/gimbal_manager_information__builder.hpp\n'}
[6.395675] (px4_msgs) StdoutLine: {'line': b'-- Up-to-date: /home/giromi/Repos/VTOL/ws_sensor_combined_src/install/px4_msgs/include/px4_msgs/px4_msgs/msg/detail/gps_inject_data__traits.hpp\n'}
[6.395728] (px4_msgs) StdoutLine: {'line': b'-- Up-to-date: /home/giromi/Repos/VTOL/ws_sensor_combined_src/install/px4_msgs/include/px4_msgs/px4_msgs/msg/detail/vehicle_trajectory_waypoint__builder.hpp\n'}
[6.395783] (px4_msgs) StdoutLine: {'line': b'-- Up-to-date: /home/giromi/Repos/VTOL/ws_sensor_combined_src/install/px4_msgs/include/px4_msgs/px4_msgs/msg/detail/vehicle_air_data__traits.hpp\n'}
[6.395838] (px4_msgs) StdoutLine: {'line': b'-- Up-to-date: /home/giromi/Repos/VTOL/ws_sensor_combined_src/install/px4_msgs/include/px4_msgs/px4_msgs/msg/detail/vehicle_imu_status__builder.hpp\n'}
[6.395892] (px4_msgs) StdoutLine: {'line': b'-- Up-to-date: /home/giromi/Repos/VTOL/ws_sensor_combined_src/install/px4_msgs/include/px4_msgs/px4_msgs/msg/detail/internal_combustion_engine_status__struct.hpp\n'}
[6.395947] (px4_msgs) StdoutLine: {'line': b'-- Up-to-date: /home/giromi/Repos/VTOL/ws_sensor_combined_src/install/px4_msgs/include/px4_msgs/px4_msgs/msg/detail/gimbal_manager_set_attitude__builder.hpp\n'}
[6.396013] (px4_msgs) StdoutLine: {'line': b'-- Up-to-date: /home/giromi/Repos/VTOL/ws_sensor_combined_src/install/px4_msgs/include/px4_msgs/px4_msgs/msg/detail/vehicle_torque_setpoint__builder.hpp\n'}
[6.396068] (px4_msgs) StdoutLine: {'line': b'-- Up-to-date: /home/giromi/Repos/VTOL/ws_sensor_combined_src/install/px4_msgs/include/px4_msgs/px4_msgs/msg/detail/sensor_accel__builder.hpp\n'}
[6.396122] (px4_msgs) StdoutLine: {'line': b'-- Up-to-date: /home/giromi/Repos/VTOL/ws_sensor_combined_src/install/px4_msgs/include/px4_msgs/px4_msgs/msg/detail/system_power__builder.hpp\n'}
[6.396183] (px4_msgs) StdoutLine: {'line': b'-- Up-to-date: /home/giromi/Repos/VTOL/ws_sensor_combined_src/install/px4_msgs/include/px4_msgs/px4_msgs/msg/detail/px4io_status__struct.hpp\n'}
[6.396238] (px4_msgs) StdoutLine: {'line': b'-- Up-to-date: /home/giromi/Repos/VTOL/ws_sensor_combined_src/install/px4_msgs/include/px4_msgs/px4_msgs/msg/detail/gpio_in__traits.hpp\n'}
[6.396294] (px4_msgs) StdoutLine: {'line': b'-- Up-to-date: /home/giromi/Repos/VTOL/ws_sensor_combined_src/install/px4_msgs/include/px4_msgs/px4_msgs/msg/detail/register_ext_component_reply__struct.hpp\n'}
[6.396367] (px4_msgs) StdoutLine: {'line': b'-- Up-to-date: /home/giromi/Repos/VTOL/ws_sensor_combined_src/install/px4_msgs/include/px4_msgs/px4_msgs/msg/detail/register_ext_component_reply__builder.hpp\n'}
[6.396456] (px4_msgs) StdoutLine: {'line': b'-- Up-to-date: /home/giromi/Repos/VTOL/ws_sensor_combined_src/install/px4_msgs/include/px4_msgs/px4_msgs/msg/detail/message_format_response__builder.hpp\n'}
[6.396525] (px4_msgs) StdoutLine: {'line': b'-- Up-to-date: /home/giromi/Repos/VTOL/ws_sensor_combined_src/install/px4_msgs/include/px4_msgs/px4_msgs/msg/detail/vehicle_attitude_setpoint__struct.hpp\n'}
[6.396587] (px4_msgs) StdoutLine: {'line': b'-- Up-to-date: /home/giromi/Repos/VTOL/ws_sensor_combined_src/install/px4_msgs/include/px4_msgs/px4_msgs/msg/detail/power_monitor__struct.hpp\n'}
[6.396643] (px4_msgs) StdoutLine: {'line': b'-- Up-to-date: /home/giromi/Repos/VTOL/ws_sensor_combined_src/install/px4_msgs/include/px4_msgs/px4_msgs/msg/detail/mode_completed__struct.hpp\n'}
[6.396698] (px4_msgs) StdoutLine: {'line': b'-- Up-to-date: /home/giromi/Repos/VTOL/ws_sensor_combined_src/install/px4_msgs/include/px4_msgs/px4_msgs/msg/detail/vehicle_land_detected__builder.hpp\n'}
[6.396753] (px4_msgs) StdoutLine: {'line': b'-- Up-to-date: /home/giromi/Repos/VTOL/ws_sensor_combined_src/install/px4_msgs/include/px4_msgs/px4_msgs/msg/detail/follow_target_estimator__struct.hpp\n'}
[6.396807] (px4_msgs) StdoutLine: {'line': b'-- Up-to-date: /home/giromi/Repos/VTOL/ws_sensor_combined_src/install/px4_msgs/include/px4_msgs/px4_msgs/msg/detail/camera_status__struct.hpp\n'}
[6.396862] (px4_msgs) StdoutLine: {'line': b'-- Up-to-date: /home/giromi/Repos/VTOL/ws_sensor_combined_src/install/px4_msgs/include/px4_msgs/px4_msgs/msg/detail/vehicle_acceleration__traits.hpp\n'}
[6.396916] (px4_msgs) StdoutLine: {'line': b'-- Up-to-date: /home/giromi/Repos/VTOL/ws_sensor_combined_src/install/px4_msgs/include/px4_msgs/px4_msgs/msg/detail/estimator_gps_status__traits.hpp\n'}
[6.396970] (px4_msgs) StdoutLine: {'line': b'-- Up-to-date: /home/giromi/Repos/VTOL/ws_sensor_combined_src/install/px4_msgs/include/px4_msgs/px4_msgs/msg/detail/mission_result__traits.hpp\n'}
[6.397024] (px4_msgs) StdoutLine: {'line': b'-- Up-to-date: /home/giromi/Repos/VTOL/ws_sensor_combined_src/install/px4_msgs/include/px4_msgs/px4_msgs/msg/detail/estimator_sensor_bias__traits.hpp\n'}
[6.397078] (px4_msgs) StdoutLine: {'line': b'-- Up-to-date: /home/giromi/Repos/VTOL/ws_sensor_combined_src/install/px4_msgs/include/px4_msgs/px4_msgs/msg/detail/sensor_accel__traits.hpp\n'}
[6.397131] (px4_msgs) StdoutLine: {'line': b'-- Up-to-date: /home/giromi/Repos/VTOL/ws_sensor_combined_src/install/px4_msgs/include/px4_msgs/px4_msgs/msg/detail/follow_target__traits.hpp\n'}
[6.397185] (px4_msgs) StdoutLine: {'line': b'-- Up-to-date: /home/giromi/Repos/VTOL/ws_sensor_combined_src/install/px4_msgs/include/px4_msgs/px4_msgs/msg/detail/vehicle_roi__builder.hpp\n'}
[6.397240] (px4_msgs) StdoutLine: {'line': b'-- Up-to-date: /home/giromi/Repos/VTOL/ws_sensor_combined_src/install/px4_msgs/include/px4_msgs/px4_msgs/msg/detail/vehicle_control_mode__traits.hpp\n'}
[6.397294] (px4_msgs) StdoutLine: {'line': b'-- Up-to-date: /home/giromi/Repos/VTOL/ws_sensor_combined_src/install/px4_msgs/include/px4_msgs/px4_msgs/msg/detail/camera_capture__traits.hpp\n'}
[6.397352] (px4_msgs) StdoutLine: {'line': b'-- Up-to-date: /home/giromi/Repos/VTOL/ws_sensor_combined_src/install/px4_msgs/include/px4_msgs/px4_msgs/msg/detail/onboard_computer_status__builder.hpp\n'}
[6.397408] (px4_msgs) StdoutLine: {'line': b'-- Up-to-date: /home/giromi/Repos/VTOL/ws_sensor_combined_src/install/px4_msgs/include/px4_msgs/px4_msgs/msg/detail/actuator_servos_trim__builder.hpp\n'}
[6.397463] (px4_msgs) StdoutLine: {'line': b'-- Up-to-date: /home/giromi/Repos/VTOL/ws_sensor_combined_src/install/px4_msgs/include/px4_msgs/px4_msgs/msg/detail/manual_control_switches__struct.hpp\n'}
[6.397518] (px4_msgs) StdoutLine: {'line': b'-- Up-to-date: /home/giromi/Repos/VTOL/ws_sensor_combined_src/install/px4_msgs/include/px4_msgs/px4_msgs/msg/detail/gpio_config__struct.hpp\n'}
[6.397573] (px4_msgs) StdoutLine: {'line': b'-- Up-to-date: /home/giromi/Repos/VTOL/ws_sensor_combined_src/install/px4_msgs/include/px4_msgs/px4_msgs/msg/detail/internal_combustion_engine_status__builder.hpp\n'}
[6.397639] (px4_msgs) StdoutLine: {'line': b'-- Up-to-date: /home/giromi/Repos/VTOL/ws_sensor_combined_src/install/px4_msgs/include/px4_msgs/px4_msgs/msg/detail/sensor_gyro_fft__builder.hpp\n'}
[6.397695] (px4_msgs) StdoutLine: {'line': b'-- Up-to-date: /home/giromi/Repos/VTOL/ws_sensor_combined_src/install/px4_msgs/include/px4_msgs/px4_msgs/msg/detail/navigator_mission_item__builder.hpp\n'}
[6.397750] (px4_msgs) StdoutLine: {'line': b'-- Up-to-date: /home/giromi/Repos/VTOL/ws_sensor_combined_src/install/px4_msgs/include/px4_msgs/px4_msgs/msg/detail/vehicle_odometry__builder.hpp\n'}
[6.397804] (px4_msgs) StdoutLine: {'line': b'-- Up-to-date: /home/giromi/Repos/VTOL/ws_sensor_combined_src/install/px4_msgs/include/px4_msgs/px4_msgs/msg/detail/sensors_status_imu__builder.hpp\n'}
[6.397859] (px4_msgs) StdoutLine: {'line': b'-- Up-to-date: /home/giromi/Repos/VTOL/ws_sensor_combined_src/install/px4_msgs/include/px4_msgs/px4_msgs/msg/detail/goto_setpoint__struct.hpp\n'}
[6.397914] (px4_msgs) StdoutLine: {'line': b'-- Up-to-date: /home/giromi/Repos/VTOL/ws_sensor_combined_src/install/px4_msgs/include/px4_msgs/px4_msgs/msg/detail/generator_status__struct.hpp\n'}
[6.397969] (px4_msgs) StdoutLine: {'line': b'-- Up-to-date: /home/giromi/Repos/VTOL/ws_sensor_combined_src/install/px4_msgs/include/px4_msgs/px4_msgs/msg/detail/actuator_servos_trim__traits.hpp\n'}
[6.398027] (px4_msgs) StdoutLine: {'line': b'-- Up-to-date: /home/giromi/Repos/VTOL/ws_sensor_combined_src/install/px4_msgs/include/px4_msgs/px4_msgs/msg/detail/distance_sensor__struct.hpp\n'}
[6.398083] (px4_msgs) StdoutLine: {'line': b'-- Up-to-date: /home/giromi/Repos/VTOL/ws_sensor_combined_src/install/px4_msgs/include/px4_msgs/px4_msgs/msg/detail/pps_capture__traits.hpp\n'}
[6.398138] (px4_msgs) StdoutLine: {'line': b'-- Up-to-date: /home/giromi/Repos/VTOL/ws_sensor_combined_src/install/px4_msgs/include/px4_msgs/px4_msgs/msg/detail/camera_trigger__builder.hpp\n'}
[6.398193] (px4_msgs) StdoutLine: {'line': b'-- Up-to-date: /home/giromi/Repos/VTOL/ws_sensor_combined_src/install/px4_msgs/include/px4_msgs/px4_msgs/msg/detail/mission__struct.hpp\n'}
[6.398248] (px4_msgs) StdoutLine: {'line': b'-- Up-to-date: /home/giromi/Repos/VTOL/ws_sensor_combined_src/install/px4_msgs/include/px4_msgs/px4_msgs/msg/detail/pps_capture__builder.hpp\n'}
[6.398303] (px4_msgs) StdoutLine: {'line': b'-- Up-to-date: /home/giromi/Repos/VTOL/ws_sensor_combined_src/install/px4_msgs/include/px4_msgs/px4_msgs/msg/detail/velocity_limits__builder.hpp\n'}
[6.398357] (px4_msgs) StdoutLine: {'line': b'-- Up-to-date: /home/giromi/Repos/VTOL/ws_sensor_combined_src/install/px4_msgs/include/px4_msgs/px4_msgs/msg/detail/landing_gear__traits.hpp\n'}
[6.398411] (px4_msgs) StdoutLine: {'line': b'-- Up-to-date: /home/giromi/Repos/VTOL/ws_sensor_combined_src/install/px4_msgs/include/px4_msgs/px4_msgs/msg/detail/mode_completed__builder.hpp\n'}
[6.398465] (px4_msgs) StdoutLine: {'line': b'-- Up-to-date: /home/giromi/Repos/VTOL/ws_sensor_combined_src/install/px4_msgs/include/px4_msgs/px4_msgs/msg/detail/sensor_gnss_relative__struct.hpp\n'}
[6.398523] (px4_msgs) StdoutLine: {'line': b'-- Up-to-date: /home/giromi/Repos/VTOL/ws_sensor_combined_src/install/px4_msgs/include/px4_msgs/px4_msgs/msg/detail/airspeed_wind__traits.hpp\n'}
[6.398577] (px4_msgs) StdoutLine: {'line': b'-- Up-to-date: /home/giromi/Repos/VTOL/ws_sensor_combined_src/install/px4_msgs/include/px4_msgs/px4_msgs/msg/detail/vehicle_optical_flow__traits.hpp\n'}
[6.398632] (px4_msgs) StdoutLine: {'line': b'-- Up-to-date: /home/giromi/Repos/VTOL/ws_sensor_combined_src/install/px4_msgs/include/px4_msgs/px4_msgs/msg/detail/esc_report__traits.hpp\n'}
[6.398686] (px4_msgs) StdoutLine: {'line': b'-- Up-to-date: /home/giromi/Repos/VTOL/ws_sensor_combined_src/install/px4_msgs/include/px4_msgs/px4_msgs/msg/detail/position_controller_landing_status__struct.hpp\n'}
[6.398740] (px4_msgs) StdoutLine: {'line': b'-- Up-to-date: /home/giromi/Repos/VTOL/ws_sensor_combined_src/install/px4_msgs/include/px4_msgs/px4_msgs/msg/detail/estimator_aid_source3d__traits.hpp\n'}
[6.398795] (px4_msgs) StdoutLine: {'line': b'-- Up-to-date: /home/giromi/Repos/VTOL/ws_sensor_combined_src/install/px4_msgs/include/px4_msgs/px4_msgs/msg/detail/gimbal_manager_set_manual_control__struct.hpp\n'}
[6.398849] (px4_msgs) StdoutLine: {'line': b'-- Up-to-date: /home/giromi/Repos/VTOL/ws_sensor_combined_src/install/px4_msgs/include/px4_msgs/px4_msgs/msg/detail/gimbal_device_attitude_status__builder.hpp\n'}
[6.398904] (px4_msgs) StdoutLine: {'line': b'-- Up-to-date: /home/giromi/Repos/VTOL/ws_sensor_combined_src/install/px4_msgs/include/px4_msgs/px4_msgs/msg/detail/gpio_in__builder.hpp\n'}
[6.398958] (px4_msgs) StdoutLine: {'line': b'-- Up-to-date: /home/giromi/Repos/VTOL/ws_sensor_combined_src/install/px4_msgs/include/px4_msgs/px4_msgs/msg/detail/actuator_servos__traits.hpp\n'}
[6.399012] (px4_msgs) StdoutLine: {'line': b'-- Up-to-date: /home/giromi/Repos/VTOL/ws_sensor_combined_src/install/px4_msgs/include/px4_msgs/px4_msgs/msg/detail/ulog_stream__struct.hpp\n'}
[6.399066] (px4_msgs) StdoutLine: {'line': b'-- Up-to-date: /home/giromi/Repos/VTOL/ws_sensor_combined_src/install/px4_msgs/include/px4_msgs/px4_msgs/msg/detail/vehicle_imu__builder.hpp\n'}
[6.399120] (px4_msgs) StdoutLine: {'line': b'-- Up-to-date: /home/giromi/Repos/VTOL/ws_sensor_combined_src/install/px4_msgs/include/px4_msgs/px4_msgs/msg/detail/mission__builder.hpp\n'}
[6.399183] (px4_msgs) StdoutLine: {'line': b'-- Up-to-date: /home/giromi/Repos/VTOL/ws_sensor_combined_src/install/px4_msgs/include/px4_msgs/px4_msgs/msg/detail/estimator_aid_source1d__traits.hpp\n'}
[6.399238] (px4_msgs) StdoutLine: {'line': b'-- Up-to-date: /home/giromi/Repos/VTOL/ws_sensor_combined_src/install/px4_msgs/include/px4_msgs/px4_msgs/msg/detail/landing_gear_wheel__builder.hpp\n'}
[6.399292] (px4_msgs) StdoutLine: {'line': b'-- Up-to-date: /home/giromi/Repos/VTOL/ws_sensor_combined_src/install/px4_msgs/include/px4_msgs/px4_msgs/msg/detail/npfg_status__struct.hpp\n'}
[6.399346] (px4_msgs) StdoutLine: {'line': b'-- Up-to-date: /home/giromi/Repos/VTOL/ws_sensor_combined_src/install/px4_msgs/include/px4_msgs/px4_msgs/msg/detail/message_format_response__struct.hpp\n'}
[6.399421] (px4_msgs) StdoutLine: {'line': b'-- Up-to-date: /home/giromi/Repos/VTOL/ws_sensor_combined_src/install/px4_msgs/include/px4_msgs/px4_msgs/msg/detail/magnetometer_bias_estimate__traits.hpp\n'}
[6.399545] (px4_msgs) StdoutLine: {'line': b'-- Up-to-date: /home/giromi/Repos/VTOL/ws_sensor_combined_src/install/px4_msgs/include/px4_msgs/px4_msgs/msg/detail/action_request__builder.hpp\n'}
[6.399607] (px4_msgs) StdoutLine: {'line': b'-- Up-to-date: /home/giromi/Repos/VTOL/ws_sensor_combined_src/install/px4_msgs/include/px4_msgs/px4_msgs/msg/detail/adc_report__struct.hpp\n'}
[6.399663] (px4_msgs) StdoutLine: {'line': b'-- Up-to-date: /home/giromi/Repos/VTOL/ws_sensor_combined_src/install/px4_msgs/include/px4_msgs/px4_msgs/msg/detail/mavlink_tunnel__struct.hpp\n'}
[6.399718] (px4_msgs) StdoutLine: {'line': b'-- Up-to-date: /home/giromi/Repos/VTOL/ws_sensor_combined_src/install/px4_msgs/include/px4_msgs/px4_msgs/msg/detail/debug_array__builder.hpp\n'}
[6.399778] (px4_msgs) StdoutLine: {'line': b'-- Up-to-date: /home/giromi/Repos/VTOL/ws_sensor_combined_src/install/px4_msgs/include/px4_msgs/px4_msgs/msg/detail/hover_thrust_estimate__struct.hpp\n'}
[6.399832] (px4_msgs) StdoutLine: {'line': b'-- Up-to-date: /home/giromi/Repos/VTOL/ws_sensor_combined_src/install/px4_msgs/include/px4_msgs/px4_msgs/msg/detail/sensor_gyro__struct.hpp\n'}
[6.399887] (px4_msgs) StdoutLine: {'line': b'-- Up-to-date: /home/giromi/Repos/VTOL/ws_sensor_combined_src/install/px4_msgs/include/px4_msgs/px4_msgs/msg/detail/actuator_motors__struct.hpp\n'}
[6.399941] (px4_msgs) StdoutLine: {'line': b'-- Up-to-date: /home/giromi/Repos/VTOL/ws_sensor_combined_src/install/px4_msgs/include/px4_msgs/px4_msgs/msg/detail/navigator_mission_item__traits.hpp\n'}
[6.399996] (px4_msgs) StdoutLine: {'line': b'-- Up-to-date: /home/giromi/Repos/VTOL/ws_sensor_combined_src/install/px4_msgs/include/px4_msgs/px4_msgs/msg/detail/trajectory_waypoint__builder.hpp\n'}
[6.400051] (px4_msgs) StdoutLine: {'line': b'-- Up-to-date: /home/giromi/Repos/VTOL/ws_sensor_combined_src/install/px4_msgs/include/px4_msgs/px4_msgs/msg/detail/estimator_innovations__builder.hpp\n'}
[6.400124] (px4_msgs) StdoutLine: {'line': b'-- Up-to-date: /home/giromi/Repos/VTOL/ws_sensor_combined_src/install/px4_msgs/include/px4_msgs/px4_msgs/msg/detail/distance_sensor__builder.hpp\n'}
[6.400232] (px4_msgs) StdoutLine: {'line': b'-- Up-to-date: /home/giromi/Repos/VTOL/ws_sensor_combined_src/install/px4_msgs/include/px4_msgs/px4_msgs/msg/detail/actuator_armed__struct.hpp\n'}
[6.400286] (px4_msgs) StdoutLine: {'line': b'-- Up-to-date: /home/giromi/Repos/VTOL/ws_sensor_combined_src/install/px4_msgs/include/px4_msgs/px4_msgs/msg/detail/tiltrotor_extra_controls__traits.hpp\n'}
[6.400339] (px4_msgs) StdoutLine: {'line': b'-- Up-to-date: /home/giromi/Repos/VTOL/ws_sensor_combined_src/install/px4_msgs/include/px4_msgs/px4_msgs/msg/detail/debug_key_value__traits.hpp\n'}
[6.400393] (px4_msgs) StdoutLine: {'line': b'-- Up-to-date: /home/giromi/Repos/VTOL/ws_sensor_combined_src/install/px4_msgs/include/px4_msgs/px4_msgs/msg/detail/actuator_test__struct.hpp\n'}
[6.400446] (px4_msgs) StdoutLine: {'line': b'-- Up-to-date: /home/giromi/Repos/VTOL/ws_sensor_combined_src/install/px4_msgs/include/px4_msgs/px4_msgs/msg/detail/estimator_gps_status__struct.hpp\n'}
[6.400501] (px4_msgs) StdoutLine: {'line': b'-- Up-to-date: /home/giromi/Repos/VTOL/ws_sensor_combined_src/install/px4_msgs/include/px4_msgs/px4_msgs/msg/detail/estimator_status_flags__builder.hpp\n'}
[6.400555] (px4_msgs) StdoutLine: {'line': b'-- Up-to-date: /home/giromi/Repos/VTOL/ws_sensor_combined_src/install/px4_msgs/include/px4_msgs/px4_msgs/msg/detail/sensor_correction__builder.hpp\n'}
[6.400609] (px4_msgs) StdoutLine: {'line': b'-- Up-to-date: /home/giromi/Repos/VTOL/ws_sensor_combined_src/install/px4_msgs/include/px4_msgs/px4_msgs/msg/detail/rpm__traits.hpp\n'}
[6.400665] (px4_msgs) StdoutLine: {'line': b'-- Up-to-date: /home/giromi/Repos/VTOL/ws_sensor_combined_src/install/px4_msgs/include/px4_msgs/px4_msgs/msg/detail/satellite_info__struct.hpp\n'}
[6.400720] (px4_msgs) StdoutLine: {'line': b'-- Up-to-date: /home/giromi/Repos/VTOL/ws_sensor_combined_src/install/px4_msgs/include/px4_msgs/px4_msgs/msg/detail/autotune_attitude_control_status__builder.hpp\n'}
[6.400775] (px4_msgs) StdoutLine: {'line': b'-- Up-to-date: /home/giromi/Repos/VTOL/ws_sensor_combined_src/install/px4_msgs/include/px4_msgs/px4_msgs/msg/detail/tecs_status__builder.hpp\n'}
[6.400830] (px4_msgs) StdoutLine: {'line': b'-- Up-to-date: /home/giromi/Repos/VTOL/ws_sensor_combined_src/install/px4_msgs/include/px4_msgs/px4_msgs/msg/detail/ping__traits.hpp\n'}
[6.400893] (px4_msgs) StdoutLine: {'line': b'-- Up-to-date: /home/giromi/Repos/VTOL/ws_sensor_combined_src/install/px4_msgs/include/px4_msgs/px4_msgs/msg/detail/task_stack_info__traits.hpp\n'}
[6.400948] (px4_msgs) StdoutLine: {'line': b'-- Up-to-date: /home/giromi/Repos/VTOL/ws_sensor_combined_src/install/px4_msgs/include/px4_msgs/px4_msgs/msg/detail/vehicle_trajectory_bezier__struct.hpp\n'}
[6.401008] (px4_msgs) StdoutLine: {'line': b'-- Up-to-date: /home/giromi/Repos/VTOL/ws_sensor_combined_src/install/px4_msgs/include/px4_msgs/px4_msgs/msg/detail/mag_worker_data__struct.hpp\n'}
[6.401063] (px4_msgs) StdoutLine: {'line': b'-- Up-to-date: /home/giromi/Repos/VTOL/ws_sensor_combined_src/install/px4_msgs/include/px4_msgs/px4_msgs/msg/detail/vehicle_global_position__builder.hpp\n'}
[6.401121] (px4_msgs) StdoutLine: {'line': b'-- Up-to-date: /home/giromi/Repos/VTOL/ws_sensor_combined_src/install/px4_msgs/include/px4_msgs/px4_msgs/msg/detail/radio_status__builder.hpp\n'}
[6.401176] (px4_msgs) StdoutLine: {'line': b'-- Up-to-date: /home/giromi/Repos/VTOL/ws_sensor_combined_src/install/px4_msgs/include/px4_msgs/px4_msgs/msg/detail/logger_status__struct.hpp\n'}
[6.401283] (px4_msgs) StdoutLine: {'line': b'-- Up-to-date: /home/giromi/Repos/VTOL/ws_sensor_combined_src/install/px4_msgs/include/px4_msgs/px4_msgs/msg/detail/health_report__traits.hpp\n'}
[6.401372] (px4_msgs) StdoutLine: {'line': b'-- Up-to-date: /home/giromi/Repos/VTOL/ws_sensor_combined_src/install/px4_msgs/include/px4_msgs/px4_msgs/msg/detail/launch_detection_status__struct.hpp\n'}
[6.401499] (px4_msgs) StdoutLine: {'line': b'-- Up-to-date: /home/giromi/Repos/VTOL/ws_sensor_combined_src/install/px4_msgs/include/px4_msgs/px4_msgs/msg/detail/vehicle_control_mode__builder.hpp\n'}
[6.401571] (px4_msgs) StdoutLine: {'line': b'-- Up-to-date: /home/giromi/Repos/VTOL/ws_sensor_combined_src/install/px4_msgs/include/px4_msgs/px4_msgs/msg/detail/npfg_status__builder.hpp\n'}
[6.401626] (px4_msgs) StdoutLine: {'line': b'-- Up-to-date: /home/giromi/Repos/VTOL/ws_sensor_combined_src/install/px4_msgs/include/px4_msgs/px4_msgs/msg/detail/gps_dump__builder.hpp\n'}
[6.401680] (px4_msgs) StdoutLine: {'line': b'-- Up-to-date: /home/giromi/Repos/VTOL/ws_sensor_combined_src/install/px4_msgs/include/px4_msgs/px4_msgs/msg/detail/qshell_retval__builder.hpp\n'}
[6.401734] (px4_msgs) StdoutLine: {'line': b'-- Up-to-date: /home/giromi/Repos/VTOL/ws_sensor_combined_src/install/px4_msgs/include/px4_msgs/px4_msgs/msg/detail/orb_test_medium__struct.hpp\n'}
[6.401789] (px4_msgs) StdoutLine: {'line': b'-- Up-to-date: /home/giromi/Repos/VTOL/ws_sensor_combined_src/install/px4_msgs/include/px4_msgs/px4_msgs/msg/detail/gps_inject_data__struct.hpp\n'}
[6.401843] (px4_msgs) StdoutLine: {'line': b'-- Up-to-date: /home/giromi/Repos/VTOL/ws_sensor_combined_src/install/px4_msgs/include/px4_msgs/px4_msgs/msg/detail/actuator_outputs__traits.hpp\n'}
[6.401898] (px4_msgs) StdoutLine: {'line': b'-- Up-to-date: /home/giromi/Repos/VTOL/ws_sensor_combined_src/install/px4_msgs/include/px4_msgs/px4_msgs/msg/detail/vtol_vehicle_status__builder.hpp\n'}
[6.401951] (px4_msgs) StdoutLine: {'line': b'-- Up-to-date: /home/giromi/Repos/VTOL/ws_sensor_combined_src/install/px4_msgs/include/px4_msgs/px4_msgs/msg/detail/led_control__struct.hpp\n'}
[6.402005] (px4_msgs) StdoutLine: {'line': b'-- Up-to-date: /home/giromi/Repos/VTOL/ws_sensor_combined_src/install/px4_msgs/include/px4_msgs/px4_msgs/msg/detail/differential_pressure__struct.hpp\n'}
[6.402059] (px4_msgs) StdoutLine: {'line': b'-- Up-to-date: /home/giromi/Repos/VTOL/ws_sensor_combined_src/install/px4_msgs/include/px4_msgs/px4_msgs/msg/detail/trajectory_setpoint__traits.hpp\n'}
[6.402113] (px4_msgs) StdoutLine: {'line': b'-- Up-to-date: /home/giromi/Repos/VTOL/ws_sensor_combined_src/install/px4_msgs/include/px4_msgs/px4_msgs/msg/detail/normalized_unsigned_setpoint__struct.hpp\n'}
[6.402185] (px4_msgs) StdoutLine: {'line': b'-- Up-to-date: /home/giromi/Repos/VTOL/ws_sensor_combined_src/install/px4_msgs/include/px4_msgs/px4_msgs/msg/detail/cellular_status__struct.hpp\n'}
[6.402274] (px4_msgs) StdoutLine: {'line': b'-- Up-to-date: /home/giromi/Repos/VTOL/ws_sensor_combined_src/install/px4_msgs/include/px4_msgs/px4_msgs/msg/detail/mavlink_log__builder.hpp\n'}
[6.402331] (px4_msgs) StdoutLine: {'line': b'-- Up-to-date: /home/giromi/Repos/VTOL/ws_sensor_combined_src/install/px4_msgs/include/px4_msgs/px4_msgs/msg/detail/estimator_status_flags__traits.hpp\n'}
[6.402394] (px4_msgs) StdoutLine: {'line': b'-- Up-to-date: /home/giromi/Repos/VTOL/ws_sensor_combined_src/install/px4_msgs/include/px4_msgs/px4_msgs/msg/detail/position_setpoint_triplet__traits.hpp\n'}
[6.402451] (px4_msgs) StdoutLine: {'line': b'-- Up-to-date: /home/giromi/Repos/VTOL/ws_sensor_combined_src/install/px4_msgs/include/px4_msgs/px4_msgs/msg/detail/led_control__builder.hpp\n'}
[6.402507] (px4_msgs) StdoutLine: {'line': b'-- Up-to-date: /home/giromi/Repos/VTOL/ws_sensor_combined_src/install/px4_msgs/include/px4_msgs/px4_msgs/msg/detail/sensor_gyro_fifo__traits.hpp\n'}
[6.402564] (px4_msgs) StdoutLine: {'line': b'-- Up-to-date: /home/giromi/Repos/VTOL/ws_sensor_combined_src/install/px4_msgs/include/px4_msgs/px4_msgs/msg/detail/sensor_hygrometer__struct.hpp\n'}
[6.402620] (px4_msgs) StdoutLine: {'line': b'-- Up-to-date: /home/giromi/Repos/VTOL/ws_sensor_combined_src/install/px4_msgs/include/px4_msgs/px4_msgs/msg/detail/tecs_status__traits.hpp\n'}
[6.402684] (px4_msgs) StdoutLine: {'line': b'-- Up-to-date: /home/giromi/Repos/VTOL/ws_sensor_combined_src/install/px4_msgs/include/px4_msgs/px4_msgs/msg/detail/timesync_status__traits.hpp\n'}
[6.402740] (px4_msgs) StdoutLine: {'line': b'-- Up-to-date: /home/giromi/Repos/VTOL/ws_sensor_combined_src/install/px4_msgs/include/px4_msgs/px4_msgs/msg/detail/rtl_time_estimate__traits.hpp\n'}
[6.402796] (px4_msgs) StdoutLine: {'line': b'-- Up-to-date: /home/giromi/Repos/VTOL/ws_sensor_combined_src/install/px4_msgs/include/px4_msgs/px4_msgs/msg/detail/vehicle_attitude_setpoint__traits.hpp\n'}
[6.402877] (px4_msgs) StdoutLine: {'line': b'-- Up-to-date: /home/giromi/Repos/VTOL/ws_sensor_combined_src/install/px4_msgs/include/px4_msgs/px4_msgs/msg/detail/task_stack_info__struct.hpp\n'}
[6.402934] (px4_msgs) StdoutLine: {'line': b'-- Up-to-date: /home/giromi/Repos/VTOL/ws_sensor_combined_src/install/px4_msgs/include/px4_msgs/px4_msgs/msg/detail/gpio_request__traits.hpp\n'}
[6.402989] (px4_msgs) StdoutLine: {'line': b'-- Up-to-date: /home/giromi/Repos/VTOL/ws_sensor_combined_src/install/px4_msgs/include/px4_msgs/px4_msgs/msg/detail/failure_detector_status__struct.hpp\n'}
[6.403045] (px4_msgs) StdoutLine: {'line': b'-- Up-to-date: /home/giromi/Repos/VTOL/ws_sensor_combined_src/install/px4_msgs/include/px4_msgs/px4_msgs/msg/detail/manual_control_setpoint__builder.hpp\n'}
[6.403100] (px4_msgs) StdoutLine: {'line': b'-- Up-to-date: /home/giromi/Repos/VTOL/ws_sensor_combined_src/install/px4_msgs/include/px4_msgs/px4_msgs/msg/detail/manual_control_setpoint__struct.hpp\n'}
[6.403155] (px4_msgs) StdoutLine: {'line': b'-- Up-to-date: /home/giromi/Repos/VTOL/ws_sensor_combined_src/install/px4_msgs/include/px4_msgs/px4_msgs/msg/detail/cpuload__traits.hpp\n'}
[6.403210] (px4_msgs) StdoutLine: {'line': b'-- Up-to-date: /home/giromi/Repos/VTOL/ws_sensor_combined_src/install/px4_msgs/include/px4_msgs/px4_msgs/msg/detail/register_ext_component_reply__traits.hpp\n'}
[6.403265] (px4_msgs) StdoutLine: {'line': b'-- Up-to-date: /home/giromi/Repos/VTOL/ws_sensor_combined_src/install/px4_msgs/include/px4_msgs/px4_msgs/msg/detail/esc_report__struct.hpp\n'}
[6.403320] (px4_msgs) StdoutLine: {'line': b'-- Up-to-date: /home/giromi/Repos/VTOL/ws_sensor_combined_src/install/px4_msgs/include/px4_msgs/px4_msgs/msg/detail/ping__struct.hpp\n'}
[6.403402] (px4_msgs) StdoutLine: {'line': b'-- Up-to-date: /home/giromi/Repos/VTOL/ws_sensor_combined_src/install/px4_msgs/include/px4_msgs/px4_msgs/msg/detail/estimator_aid_source2d__traits.hpp\n'}
[6.403485] (px4_msgs) StdoutLine: {'line': b'-- Up-to-date: /home/giromi/Repos/VTOL/ws_sensor_combined_src/install/px4_msgs/include/px4_msgs/px4_msgs/msg/detail/airspeed_wind__struct.hpp\n'}
[6.403556] (px4_msgs) StdoutLine: {'line': b'-- Up-to-date: /home/giromi/Repos/VTOL/ws_sensor_combined_src/install/px4_msgs/include/px4_msgs/px4_msgs/msg/detail/follow_target__builder.hpp\n'}
[6.403612] (px4_msgs) StdoutLine: {'line': b'-- Up-to-date: /home/giromi/Repos/VTOL/ws_sensor_combined_src/install/px4_msgs/include/px4_msgs/px4_msgs/msg/detail/position_controller_status__traits.hpp\n'}
[6.403672] (px4_msgs) StdoutLine: {'line': b'-- Up-to-date: /home/giromi/Repos/VTOL/ws_sensor_combined_src/install/px4_msgs/include/px4_msgs/px4_msgs/msg/detail/position_setpoint__traits.hpp\n'}
[6.403727] (px4_msgs) StdoutLine: {'line': b'-- Up-to-date: /home/giromi/Repos/VTOL/ws_sensor_combined_src/install/px4_msgs/include/px4_msgs/px4_msgs/msg/detail/transponder_report__struct.hpp\n'}
[6.403841] (px4_msgs) StdoutLine: {'line': b'-- Up-to-date: /home/giromi/Repos/VTOL/ws_sensor_combined_src/install/px4_msgs/include/px4_msgs/px4_msgs/msg/detail/irlock_report__builder.hpp\n'}
[6.403912] (px4_msgs) StdoutLine: {'line': b'-- Up-to-date: /home/giromi/Repos/VTOL/ws_sensor_combined_src/install/px4_msgs/include/px4_msgs/px4_msgs/msg/detail/gimbal_manager_status__traits.hpp\n'}
[6.403966] (px4_msgs) StdoutLine: {'line': b'-- Up-to-date: /home/giromi/Repos/VTOL/ws_sensor_combined_src/install/px4_msgs/include/px4_msgs/px4_msgs/msg/detail/power_button_state__struct.hpp\n'}
[6.404020] (px4_msgs) StdoutLine: {'line': b'-- Up-to-date: /home/giromi/Repos/VTOL/ws_sensor_combined_src/install/px4_msgs/include/px4_msgs/px4_msgs/msg/detail/camera_capture__struct.hpp\n'}
[6.404074] (px4_msgs) StdoutLine: {'line': b'-- Up-to-date: /home/giromi/Repos/VTOL/ws_sensor_combined_src/install/px4_msgs/include/px4_msgs/px4_msgs/msg/detail/airspeed__struct.hpp\n'}
[6.404127] (px4_msgs) StdoutLine: {'line': b'-- Up-to-date: /home/giromi/Repos/VTOL/ws_sensor_combined_src/install/px4_msgs/include/px4_msgs/px4_msgs/msg/detail/estimator_states__struct.hpp\n'}
[6.404181] (px4_msgs) StdoutLine: {'line': b'-- Up-to-date: /home/giromi/Repos/VTOL/ws_sensor_combined_src/install/px4_msgs/include/px4_msgs/px4_msgs/msg/detail/position_controller_landing_status__traits.hpp\n'}
[6.404235] (px4_msgs) StdoutLine: {'line': b'-- Up-to-date: /home/giromi/Repos/VTOL/ws_sensor_combined_src/install/px4_msgs/include/px4_msgs/px4_msgs/msg/detail/mavlink_tunnel__builder.hpp\n'}
[6.404290] (px4_msgs) StdoutLine: {'line': b'-- Up-to-date: /home/giromi/Repos/VTOL/ws_sensor_combined_src/install/px4_msgs/include/px4_msgs/px4_msgs/msg/detail/telemetry_status__traits.hpp\n'}
[6.404405] (px4_msgs) StdoutLine: {'line': b'-- Up-to-date: /home/giromi/Repos/VTOL/ws_sensor_combined_src/install/px4_msgs/include/px4_msgs/px4_msgs/msg/detail/gps_dump__traits.hpp\n'}
[6.404468] (px4_msgs) StdoutLine: {'line': b'-- Up-to-date: /home/giromi/Repos/VTOL/ws_sensor_combined_src/install/px4_msgs/include/px4_msgs/px4_msgs/msg/detail/gripper__builder.hpp\n'}
[6.404526] (px4_msgs) StdoutLine: {'line': b'-- Up-to-date: /home/giromi/Repos/VTOL/ws_sensor_combined_src/install/px4_msgs/include/px4_msgs/px4_msgs/msg/detail/rtl_time_estimate__struct.hpp\n'}
[6.404581] (px4_msgs) StdoutLine: {'line': b'-- Up-to-date: /home/giromi/Repos/VTOL/ws_sensor_combined_src/install/px4_msgs/include/px4_msgs/px4_msgs/msg/detail/vehicle_command_ack__builder.hpp\n'}
[6.404635] (px4_msgs) StdoutLine: {'line': b'-- Up-to-date: /home/giromi/Repos/VTOL/ws_sensor_combined_src/install/px4_msgs/include/px4_msgs/px4_msgs/msg/detail/debug_vect__builder.hpp\n'}
[6.404750] (px4_msgs) StdoutLine: {'line': b'-- Up-to-date: /home/giromi/Repos/VTOL/ws_sensor_combined_src/install/px4_msgs/include/px4_msgs/px4_msgs/msg/detail/sensors_status__struct.hpp\n'}
[6.404805] (px4_msgs) StdoutLine: {'line': b'-- Up-to-date: /home/giromi/Repos/VTOL/ws_sensor_combined_src/install/px4_msgs/include/px4_msgs/px4_msgs/msg/detail/actuator_servos__builder.hpp\n'}
[6.404859] (px4_msgs) StdoutLine: {'line': b'-- Up-to-date: /home/giromi/Repos/VTOL/ws_sensor_combined_src/install/px4_msgs/include/px4_msgs/px4_msgs/msg/detail/orb_test_large__struct.hpp\n'}
[6.404913] (px4_msgs) StdoutLine: {'line': b'-- Up-to-date: /home/giromi/Repos/VTOL/ws_sensor_combined_src/install/px4_msgs/include/px4_msgs/px4_msgs/msg/detail/mount_orientation__traits.hpp\n'}
[6.404967] (px4_msgs) StdoutLine: {'line': b'-- Up-to-date: /home/giromi/Repos/VTOL/ws_sensor_combined_src/install/px4_msgs/include/px4_msgs/px4_msgs/msg/detail/actuator_armed__traits.hpp\n'}
[6.405043] (px4_msgs) StdoutLine: {'line': b'-- Up-to-date: /home/giromi/Repos/VTOL/ws_sensor_combined_src/install/px4_msgs/include/px4_msgs/px4_msgs/msg/detail/mount_orientation__builder.hpp\n'}
[6.405142] (px4_msgs) StdoutLine: {'line': b'-- Up-to-date: /home/giromi/Repos/VTOL/ws_sensor_combined_src/install/px4_msgs/include/px4_msgs/px4_msgs/msg/detail/config_overrides__builder.hpp\n'}
[6.405270] (px4_msgs) StdoutLine: {'line': b'-- Up-to-date: /home/giromi/Repos/VTOL/ws_sensor_combined_src/install/px4_msgs/include/px4_msgs/px4_msgs/msg/detail/uavcan_parameter_value__struct.hpp\n'}
[6.405325] (px4_msgs) StdoutLine: {'line': b'-- Up-to-date: /home/giromi/Repos/VTOL/ws_sensor_combined_src/install/px4_msgs/include/px4_msgs/px4_msgs/msg/detail/vehicle_angular_acceleration_setpoint__traits.hpp\n'}
[6.405379] (px4_msgs) StdoutLine: {'line': b'-- Up-to-date: /home/giromi/Repos/VTOL/ws_sensor_combined_src/install/px4_msgs/include/px4_msgs/px4_msgs/msg/detail/gimbal_manager_set_attitude__traits.hpp\n'}
[6.405434] (px4_msgs) StdoutLine: {'line': b'-- Up-to-date: /home/giromi/Repos/VTOL/ws_sensor_combined_src/install/px4_msgs/include/px4_msgs/px4_msgs/msg/detail/sensor_preflight_mag__struct.hpp\n'}
[6.405512] (px4_msgs) StdoutLine: {'line': b'-- Up-to-date: /home/giromi/Repos/VTOL/ws_sensor_combined_src/install/px4_msgs/include/px4_msgs/px4_msgs/msg/detail/sensor_optical_flow__struct.hpp\n'}
[6.405596] (px4_msgs) StdoutLine: {'line': b'-- Up-to-date: /home/giromi/Repos/VTOL/ws_sensor_combined_src/install/px4_msgs/include/px4_msgs/px4_msgs/msg/detail/arming_check_request__builder.hpp\n'}
[6.405652] (px4_msgs) StdoutLine: {'line': b'-- Up-to-date: /home/giromi/Repos/VTOL/ws_sensor_combined_src/install/px4_msgs/include/px4_msgs/px4_msgs/msg/detail/debug_value__struct.hpp\n'}
[6.405708] (px4_msgs) StdoutLine: {'line': b'-- Up-to-date: /home/giromi/Repos/VTOL/ws_sensor_combined_src/install/px4_msgs/include/px4_msgs/px4_msgs/msg/detail/rc_channels__traits.hpp\n'}
[6.405763] (px4_msgs) StdoutLine: {'line': b'-- Up-to-date: /home/giromi/Repos/VTOL/ws_sensor_combined_src/install/px4_msgs/include/px4_msgs/px4_msgs/msg/detail/estimator_selector_status__traits.hpp\n'}
[6.405819] (px4_msgs) StdoutLine: {'line': b'-- Up-to-date: /home/giromi/Repos/VTOL/ws_sensor_combined_src/install/px4_msgs/include/px4_msgs/px4_msgs/msg/detail/offboard_control_mode__traits.hpp\n'}
[6.405875] (px4_msgs) StdoutLine: {'line': b'-- Up-to-date: /home/giromi/Repos/VTOL/ws_sensor_combined_src/install/px4_msgs/include/px4_msgs/px4_msgs/msg/detail/autotune_attitude_control_status__traits.hpp\n'}
[6.405931] (px4_msgs) StdoutLine: {'line': b'-- Up-to-date: /home/giromi/Repos/VTOL/ws_sensor_combined_src/install/px4_msgs/include/px4_msgs/px4_msgs/msg/detail/mavlink_log__struct.hpp\n'}
[6.405987] (px4_msgs) StdoutLine: {'line': b'-- Up-to-date: /home/giromi/Repos/VTOL/ws_sensor_combined_src/install/px4_msgs/include/px4_msgs/px4_msgs/msg/detail/trajectory_waypoint__traits.hpp\n'}
[6.406063] (px4_msgs) StdoutLine: {'line': b'-- Up-to-date: /home/giromi/Repos/VTOL/ws_sensor_combined_src/install/px4_msgs/include/px4_msgs/px4_msgs/msg/detail/ekf2_timestamps__builder.hpp\n'}
[6.406119] (px4_msgs) StdoutLine: {'line': b'-- Up-to-date: /home/giromi/Repos/VTOL/ws_sensor_combined_src/install/px4_msgs/include/px4_msgs/px4_msgs/msg/detail/px4io_status__traits.hpp\n'}
[6.406175] (px4_msgs) StdoutLine: {'line': b'-- Up-to-date: /home/giromi/Repos/VTOL/ws_sensor_combined_src/install/px4_msgs/include/px4_msgs/px4_msgs/msg/detail/trajectory_setpoint__builder.hpp\n'}
[6.406236] (px4_msgs) StdoutLine: {'line': b'-- Up-to-date: /home/giromi/Repos/VTOL/ws_sensor_combined_src/install/px4_msgs/include/px4_msgs/px4_msgs/msg/detail/estimator_bias__traits.hpp\n'}
[6.406300] (px4_msgs) StdoutLine: {'line': b'-- Up-to-date: /home/giromi/Repos/VTOL/ws_sensor_combined_src/install/px4_msgs/include/px4_msgs/px4_msgs/msg/detail/gimbal_manager_set_manual_control__builder.hpp\n'}
[6.406417] (px4_msgs) StdoutLine: {'line': b'-- Up-to-date: /home/giromi/Repos/VTOL/ws_sensor_combined_src/install/px4_msgs/include/px4_msgs/px4_msgs/msg/detail/gimbal_device_attitude_status__traits.hpp\n'}
[6.406476] (px4_msgs) StdoutLine: {'line': b'-- Up-to-date: /home/giromi/Repos/VTOL/ws_sensor_combined_src/install/px4_msgs/include/px4_msgs/px4_msgs/msg/detail/telemetry_status__builder.hpp\n'}
[6.406530] (px4_msgs) StdoutLine: {'line': b'-- Up-to-date: /home/giromi/Repos/VTOL/ws_sensor_combined_src/install/px4_msgs/include/px4_msgs/px4_msgs/msg/detail/home_position__traits.hpp\n'}
[6.406583] (px4_msgs) StdoutLine: {'line': b'-- Up-to-date: /home/giromi/Repos/VTOL/ws_sensor_combined_src/install/px4_msgs/include/px4_msgs/px4_msgs/msg/detail/estimator_innovations__traits.hpp\n'}
[6.406637] (px4_msgs) StdoutLine: {'line': b'-- Up-to-date: /home/giromi/Repos/VTOL/ws_sensor_combined_src/install/px4_msgs/include/px4_msgs/px4_msgs/msg/detail/control_allocator_status__builder.hpp\n'}
[6.406739] (px4_msgs) StdoutLine: {'line': b'-- Up-to-date: /home/giromi/Repos/VTOL/ws_sensor_combined_src/install/px4_msgs/include/px4_msgs/px4_msgs/msg/detail/position_controller_status__struct.hpp\n'}
[6.406862] (px4_msgs) StdoutLine: {'line': b'-- Up-to-date: /home/giromi/Repos/VTOL/ws_sensor_combined_src/install/px4_msgs/include/px4_msgs/px4_msgs/msg/detail/vehicle_local_position_setpoint__builder.hpp\n'}
[6.406917] (px4_msgs) StdoutLine: {'line': b'-- Up-to-date: /home/giromi/Repos/VTOL/ws_sensor_combined_src/install/px4_msgs/include/px4_msgs/px4_msgs/msg/detail/arming_check_request__traits.hpp\n'}
[6.406970] (px4_msgs) StdoutLine: {'line': b'-- Up-to-date: /home/giromi/Repos/VTOL/ws_sensor_combined_src/install/px4_msgs/include/px4_msgs/px4_msgs/msg/detail/vehicle_air_data__builder.hpp\n'}
[6.407023] (px4_msgs) StdoutLine: {'line': b'-- Up-to-date: /home/giromi/Repos/VTOL/ws_sensor_combined_src/install/px4_msgs/include/px4_msgs/px4_msgs/msg/detail/sensor_correction__traits.hpp\n'}
[6.407076] (px4_msgs) StdoutLine: {'line': b'-- Up-to-date: /home/giromi/Repos/VTOL/ws_sensor_combined_src/install/px4_msgs/include/px4_msgs/px4_msgs/msg/detail/transponder_report__builder.hpp\n'}
[6.407153] (px4_msgs) StdoutLine: {'line': b'-- Up-to-date: /home/giromi/Repos/VTOL/ws_sensor_combined_src/install/px4_msgs/include/px4_msgs/px4_msgs/msg/detail/failsafe_flags__builder.hpp\n'}
[6.407237] (px4_msgs) StdoutLine: {'line': b'-- Up-to-date: /home/giromi/Repos/VTOL/ws_sensor_combined_src/install/px4_msgs/include/px4_msgs/px4_msgs/msg/detail/orb_test_large__builder.hpp\n'}
[6.407292] (px4_msgs) StdoutLine: {'line': b'-- Up-to-date: /home/giromi/Repos/VTOL/ws_sensor_combined_src/install/px4_msgs/include/px4_msgs/px4_msgs/msg/detail/failure_detector_status__builder.hpp\n'}
[6.407347] (px4_msgs) StdoutLine: {'line': b'-- Up-to-date: /home/giromi/Repos/VTOL/ws_sensor_combined_src/install/px4_msgs/include/px4_msgs/px4_msgs/msg/detail/vehicle_global_position__traits.hpp\n'}
[6.407403] (px4_msgs) StdoutLine: {'line': b'-- Up-to-date: /home/giromi/Repos/VTOL/ws_sensor_combined_src/install/px4_msgs/include/px4_msgs/px4_msgs/msg/detail/qshell_retval__traits.hpp\n'}
[6.407495] (px4_msgs) StdoutLine: {'line': b'-- Up-to-date: /home/giromi/Repos/VTOL/ws_sensor_combined_src/install/px4_msgs/include/px4_msgs/px4_msgs/msg/detail/trajectory_waypoint__struct.hpp\n'}
[6.407571] (px4_msgs) StdoutLine: {'line': b'-- Up-to-date: /home/giromi/Repos/VTOL/ws_sensor_combined_src/install/px4_msgs/include/px4_msgs/px4_msgs/msg/detail/sensor_uwb__traits.hpp\n'}
[6.407627] (px4_msgs) StdoutLine: {'line': b'-- Up-to-date: /home/giromi/Repos/VTOL/ws_sensor_combined_src/install/px4_msgs/include/px4_msgs/px4_msgs/msg/detail/orb_test__builder.hpp\n'}
[6.407684] (px4_msgs) StdoutLine: {'line': b'-- Up-to-date: /home/giromi/Repos/VTOL/ws_sensor_combined_src/install/px4_msgs/include/px4_msgs/px4_msgs/msg/detail/vehicle_status__builder.hpp\n'}
[6.407776] (px4_msgs) StdoutLine: {'line': b'-- Up-to-date: /home/giromi/Repos/VTOL/ws_sensor_combined_src/install/px4_msgs/include/px4_msgs/px4_msgs/msg/detail/logger_status__traits.hpp\n'}
[6.407832] (px4_msgs) StdoutLine: {'line': b'-- Up-to-date: /home/giromi/Repos/VTOL/ws_sensor_combined_src/install/px4_msgs/include/px4_msgs/px4_msgs/msg/detail/distance_sensor__traits.hpp\n'}
[6.407892] (px4_msgs) StdoutLine: {'line': b'-- Up-to-date: /home/giromi/Repos/VTOL/ws_sensor_combined_src/install/px4_msgs/include/px4_msgs/px4_msgs/msg/detail/sensor_baro__traits.hpp\n'}
[6.407946] (px4_msgs) StdoutLine: {'line': b'-- Up-to-date: /home/giromi/Repos/VTOL/ws_sensor_combined_src/install/px4_msgs/include/px4_msgs/px4_msgs/msg/detail/estimator_status__traits.hpp\n'}
[6.408002] (px4_msgs) StdoutLine: {'line': b'-- Up-to-date: /home/giromi/Repos/VTOL/ws_sensor_combined_src/install/px4_msgs/include/px4_msgs/px4_msgs/msg/detail/landing_gear__builder.hpp\n'}
[6.408060] (px4_msgs) StdoutLine: {'line': b'-- Up-to-date: /home/giromi/Repos/VTOL/ws_sensor_combined_src/install/px4_msgs/include/px4_msgs/px4_msgs/msg/detail/gripper__struct.hpp\n'}
[6.408115] (px4_msgs) StdoutLine: {'line': b'-- Up-to-date: /home/giromi/Repos/VTOL/ws_sensor_combined_src/install/px4_msgs/include/px4_msgs/px4_msgs/msg/detail/transponder_report__traits.hpp\n'}
[6.408179] (px4_msgs) StdoutLine: {'line': b'-- Up-to-date: /home/giromi/Repos/VTOL/ws_sensor_combined_src/install/px4_msgs/include/px4_msgs/px4_msgs/msg/detail/manual_control_setpoint__traits.hpp\n'}
[6.408234] (px4_msgs) StdoutLine: {'line': b'-- Up-to-date: /home/giromi/Repos/VTOL/ws_sensor_combined_src/install/px4_msgs/include/px4_msgs/px4_msgs/msg/detail/sensor_mag__traits.hpp\n'}
[6.408353] (px4_msgs) StdoutLine: {'line': b'-- Up-to-date: /home/giromi/Repos/VTOL/ws_sensor_combined_src/install/px4_msgs/include/px4_msgs/px4_msgs/msg/detail/sensor_gnss_relative__builder.hpp\n'}
[6.408465] (px4_msgs) StdoutLine: {'line': b'-- Up-to-date: /home/giromi/Repos/VTOL/ws_sensor_combined_src/install/px4_msgs/include/px4_msgs/px4_msgs/msg/detail/mount_orientation__struct.hpp\n'}
[6.408519] (px4_msgs) StdoutLine: {'line': b'-- Up-to-date: /home/giromi/Repos/VTOL/ws_sensor_combined_src/install/px4_msgs/include/px4_msgs/px4_msgs/msg/detail/sensor_preflight_mag__traits.hpp\n'}
[6.408573] (px4_msgs) StdoutLine: {'line': b'-- Up-to-date: /home/giromi/Repos/VTOL/ws_sensor_combined_src/install/px4_msgs/include/px4_msgs/px4_msgs/msg/detail/airspeed_validated__struct.hpp\n'}
[6.408626] (px4_msgs) StdoutLine: {'line': b'-- Up-to-date: /home/giromi/Repos/VTOL/ws_sensor_combined_src/install/px4_msgs/include/px4_msgs/px4_msgs/msg/detail/camera_capture__builder.hpp\n'}
[6.408680] (px4_msgs) StdoutLine: {'line': b'-- Up-to-date: /home/giromi/Repos/VTOL/ws_sensor_combined_src/install/px4_msgs/include/px4_msgs/px4_msgs/msg/detail/vehicle_imu_status__struct.hpp\n'}
[6.408733] (px4_msgs) StdoutLine: {'line': b'-- Up-to-date: /home/giromi/Repos/VTOL/ws_sensor_combined_src/install/px4_msgs/include/px4_msgs/px4_msgs/msg/detail/message_format_response__traits.hpp\n'}
[6.408787] (px4_msgs) StdoutLine: {'line': b'-- Up-to-date: /home/giromi/Repos/VTOL/ws_sensor_combined_src/install/px4_msgs/include/px4_msgs/px4_msgs/msg/detail/actuator_outputs__struct.hpp\n'}
[6.408840] (px4_msgs) StdoutLine: {'line': b'-- Up-to-date: /home/giromi/Repos/VTOL/ws_sensor_combined_src/install/px4_msgs/include/px4_msgs/px4_msgs/msg/detail/vehicle_land_detected__traits.hpp\n'}
[6.408894] (px4_msgs) StdoutLine: {'line': b'-- Up-to-date: /home/giromi/Repos/VTOL/ws_sensor_combined_src/install/px4_msgs/include/px4_msgs/px4_msgs/msg/detail/debug_value__builder.hpp\n'}
[6.408947] (px4_msgs) StdoutLine: {'line': b'-- Up-to-date: /home/giromi/Repos/VTOL/ws_sensor_combined_src/install/px4_msgs/include/px4_msgs/px4_msgs/msg/detail/position_setpoint_triplet__struct.hpp\n'}
[6.409021] (px4_msgs) StdoutLine: {'line': b'-- Up-to-date: /home/giromi/Repos/VTOL/ws_sensor_combined_src/install/px4_msgs/include/px4_msgs/px4_msgs/msg/detail/sensor_gyro_fifo__builder.hpp\n'}
[6.409106] (px4_msgs) StdoutLine: {'line': b'-- Up-to-date: /home/giromi/Repos/VTOL/ws_sensor_combined_src/install/px4_msgs/include/px4_msgs/px4_msgs/msg/detail/estimator_event_flags__traits.hpp\n'}
[6.409162] (px4_msgs) StdoutLine: {'line': b'-- Up-to-date: /home/giromi/Repos/VTOL/ws_sensor_combined_src/install/px4_msgs/include/px4_msgs/px4_msgs/msg/detail/vehicle_magnetometer__builder.hpp\n'}
[6.409226] (px4_msgs) StdoutLine: {'line': b'-- Up-to-date: /home/giromi/Repos/VTOL/ws_sensor_combined_src/install/px4_msgs/include/px4_msgs/px4_msgs/msg/detail/iridiumsbd_status__struct.hpp\n'}
[6.409283] (px4_msgs) StdoutLine: {'line': b'-- Up-to-date: /home/giromi/Repos/VTOL/ws_sensor_combined_src/install/px4_msgs/include/px4_msgs/px4_msgs/msg/detail/landing_gear_wheel__traits.hpp\n'}
[6.409338] (px4_msgs) StdoutLine: {'line': b'-- Up-to-date: /home/giromi/Repos/VTOL/ws_sensor_combined_src/install/px4_msgs/include/px4_msgs/px4_msgs/msg/detail/position_setpoint__builder.hpp\n'}
[6.409394] (px4_msgs) StdoutLine: {'line': b'-- Up-to-date: /home/giromi/Repos/VTOL/ws_sensor_combined_src/install/px4_msgs/include/px4_msgs/px4_msgs/msg/detail/dataman_request__builder.hpp\n'}
[6.409449] (px4_msgs) StdoutLine: {'line': b'-- Up-to-date: /home/giromi/Repos/VTOL/ws_sensor_combined_src/install/px4_msgs/include/px4_msgs/px4_msgs/msg/detail/estimator_aid_source3d__builder.hpp\n'}
[6.409505] (px4_msgs) StdoutLine: {'line': b'-- Up-to-date: /home/giromi/Repos/VTOL/ws_sensor_combined_src/install/px4_msgs/include/px4_msgs/px4_msgs/msg/detail/rpm__struct.hpp\n'}
[6.409589] (px4_msgs) StdoutLine: {'line': b'-- Up-to-date: /home/giromi/Repos/VTOL/ws_sensor_combined_src/install/px4_msgs/include/px4_msgs/px4_msgs/msg/detail/launch_detection_status__builder.hpp\n'}
[6.409643] (px4_msgs) StdoutLine: {'line': b'-- Up-to-date: /home/giromi/Repos/VTOL/ws_sensor_combined_src/install/px4_msgs/include/px4_msgs/px4_msgs/msg/detail/event__builder.hpp\n'}
[6.409702] (px4_msgs) StdoutLine: {'line': b'-- Up-to-date: /home/giromi/Repos/VTOL/ws_sensor_combined_src/install/px4_msgs/include/px4_msgs/px4_msgs/msg/detail/buffer128__struct.hpp\n'}
[6.409756] (px4_msgs) StdoutLine: {'line': b'-- Up-to-date: /home/giromi/Repos/VTOL/ws_sensor_combined_src/install/px4_msgs/include/px4_msgs/px4_msgs/msg/detail/vehicle_rates_setpoint__builder.hpp\n'}
[6.409810] (px4_msgs) StdoutLine: {'line': b'-- Up-to-date: /home/giromi/Repos/VTOL/ws_sensor_combined_src/install/px4_msgs/include/px4_msgs/px4_msgs/msg/detail/heater_status__traits.hpp\n'}
[6.409915] (px4_msgs) StdoutLine: {'line': b'-- Up-to-date: /home/giromi/Repos/VTOL/ws_sensor_combined_src/install/px4_msgs/include/px4_msgs/px4_msgs/msg/detail/differential_drive_setpoint__struct.hpp\n'}
[6.409995] (px4_msgs) StdoutLine: {'line': b'-- Up-to-date: /home/giromi/Repos/VTOL/ws_sensor_combined_src/install/px4_msgs/include/px4_msgs/px4_msgs/msg/detail/estimator_bias3d__struct.hpp\n'}
[6.410050] (px4_msgs) StdoutLine: {'line': b'-- Up-to-date: /home/giromi/Repos/VTOL/ws_sensor_combined_src/install/px4_msgs/include/px4_msgs/px4_msgs/msg/detail/qshell_req__traits.hpp\n'}
[6.410103] (px4_msgs) StdoutLine: {'line': b'-- Up-to-date: /home/giromi/Repos/VTOL/ws_sensor_combined_src/install/px4_msgs/include/px4_msgs/px4_msgs/msg/detail/vehicle_trajectory_waypoint__traits.hpp\n'}
[6.410159] (px4_msgs) StdoutLine: {'line': b'-- Up-to-date: /home/giromi/Repos/VTOL/ws_sensor_combined_src/install/px4_msgs/include/px4_msgs/px4_msgs/msg/detail/airspeed_validated__builder.hpp\n'}
[6.410276] (px4_msgs) StdoutLine: {'line': b'-- Up-to-date: /home/giromi/Repos/VTOL/ws_sensor_combined_src/install/px4_msgs/include/px4_msgs/px4_msgs/msg/detail/sensor_correction__struct.hpp\n'}
[6.410330] (px4_msgs) StdoutLine: {'line': b'-- Up-to-date: /home/giromi/Repos/VTOL/ws_sensor_combined_src/install/px4_msgs/include/px4_msgs/px4_msgs/msg/detail/offboard_control_mode__struct.hpp\n'}
[6.410383] (px4_msgs) StdoutLine: {'line': b'-- Up-to-date: /home/giromi/Repos/VTOL/ws_sensor_combined_src/install/px4_msgs/include/px4_msgs/px4_msgs/msg/detail/input_rc__builder.hpp\n'}
[6.410436] (px4_msgs) StdoutLine: {'line': b'-- Up-to-date: /home/giromi/Repos/VTOL/ws_sensor_combined_src/install/px4_msgs/include/px4_msgs/px4_msgs/msg/detail/estimator_aid_source2d__struct.hpp\n'}
[6.410490] (px4_msgs) StdoutLine: {'line': b'-- Up-to-date: /home/giromi/Repos/VTOL/ws_sensor_combined_src/install/px4_msgs/include/px4_msgs/px4_msgs/msg/detail/arming_check_request__struct.hpp\n'}
[6.410547] (px4_msgs) StdoutLine: {'line': b'-- Up-to-date: /home/giromi/Repos/VTOL/ws_sensor_combined_src/install/px4_msgs/include/px4_msgs/px4_msgs/msg/detail/sensor_accel_fifo__traits.hpp\n'}
[6.410660] (px4_msgs) StdoutLine: {'line': b'-- Up-to-date: /home/giromi/Repos/VTOL/ws_sensor_combined_src/install/px4_msgs/include/px4_msgs/px4_msgs/msg/detail/log_message__struct.hpp\n'}
[6.410714] (px4_msgs) StdoutLine: {'line': b'-- Up-to-date: /home/giromi/Repos/VTOL/ws_sensor_combined_src/install/px4_msgs/include/px4_msgs/px4_msgs/msg/detail/navigator_mission_item__struct.hpp\n'}
[6.410768] (px4_msgs) StdoutLine: {'line': b'-- Up-to-date: /home/giromi/Repos/VTOL/ws_sensor_combined_src/install/px4_msgs/include/px4_msgs/px4_msgs/msg/detail/irlock_report__struct.hpp\n'}
[6.410822] (px4_msgs) StdoutLine: {'line': b'-- Up-to-date: /home/giromi/Repos/VTOL/ws_sensor_combined_src/install/px4_msgs/include/px4_msgs/px4_msgs/msg/detail/cellular_status__traits.hpp\n'}
[6.410876] (px4_msgs) StdoutLine: {'line': b'-- Up-to-date: /home/giromi/Repos/VTOL/ws_sensor_combined_src/install/px4_msgs/include/px4_msgs/px4_msgs/msg/detail/tiltrotor_extra_controls__builder.hpp\n'}
[6.410930] (px4_msgs) StdoutLine: {'line': b'-- Up-to-date: /home/giromi/Repos/VTOL/ws_sensor_combined_src/install/px4_msgs/include/px4_msgs/px4_msgs/msg/detail/autotune_attitude_control_status__struct.hpp\n'}
[6.410984] (px4_msgs) StdoutLine: {'line': b'-- Up-to-date: /home/giromi/Repos/VTOL/ws_sensor_combined_src/install/px4_msgs/include/px4_msgs/px4_msgs/msg/detail/register_ext_component_request__struct.hpp\n'}
[6.411037] (px4_msgs) StdoutLine: {'line': b'-- Up-to-date: /home/giromi/Repos/VTOL/ws_sensor_combined_src/install/px4_msgs/include/px4_msgs/px4_msgs/msg/detail/vehicle_rates_setpoint__struct.hpp\n'}
[6.411091] (px4_msgs) StdoutLine: {'line': b'-- Up-to-date: /home/giromi/Repos/VTOL/ws_sensor_combined_src/install/px4_msgs/include/px4_msgs/px4_msgs/msg/detail/gpio_out__traits.hpp\n'}
[6.411210] (px4_msgs) StdoutLine: {'line': b'-- Up-to-date: /home/giromi/Repos/VTOL/ws_sensor_combined_src/install/px4_msgs/include/px4_msgs/px4_msgs/msg/detail/collision_constraints__builder.hpp\n'}
[6.411265] (px4_msgs) StdoutLine: {'line': b'-- Up-to-date: /home/giromi/Repos/VTOL/ws_sensor_combined_src/install/px4_msgs/include/px4_msgs/px4_msgs/msg/detail/cpuload__builder.hpp\n'}
[6.411318] (px4_msgs) StdoutLine: {'line': b'-- Up-to-date: /home/giromi/Repos/VTOL/ws_sensor_combined_src/install/px4_msgs/include/px4_msgs/px4_msgs/msg/detail/estimator_status__struct.hpp\n'}
[6.411396] (px4_msgs) StdoutLine: {'line': b'-- Up-to-date: /home/giromi/Repos/VTOL/ws_sensor_combined_src/install/px4_msgs/include/px4_msgs/px4_msgs/msg/detail/landing_target_innovations__struct.hpp\n'}
[6.411478] (px4_msgs) StdoutLine: {'line': b'-- Up-to-date: /home/giromi/Repos/VTOL/ws_sensor_combined_src/install/px4_msgs/include/px4_msgs/px4_msgs/msg/detail/cellular_status__builder.hpp\n'}
[6.411585] (px4_msgs) StdoutLine: {'line': b'-- Up-to-date: /home/giromi/Repos/VTOL/ws_sensor_combined_src/install/px4_msgs/include/px4_msgs/px4_msgs/msg/detail/vehicle_command__struct.hpp\n'}
[6.411654] (px4_msgs) StdoutLine: {'line': b'-- Up-to-date: /home/giromi/Repos/VTOL/ws_sensor_combined_src/install/px4_msgs/include/px4_msgs/px4_msgs/msg/detail/vehicle_torque_setpoint__traits.hpp\n'}
[6.411708] (px4_msgs) StdoutLine: {'line': b'-- Up-to-date: /home/giromi/Repos/VTOL/ws_sensor_combined_src/install/px4_msgs/include/px4_msgs/px4_msgs/msg/detail/vehicle_torque_setpoint__struct.hpp\n'}
[6.411770] (px4_msgs) StdoutLine: {'line': b'-- Up-to-date: /home/giromi/Repos/VTOL/ws_sensor_combined_src/install/px4_msgs/include/px4_msgs/px4_msgs/msg/detail/vehicle_air_data__struct.hpp\n'}
[6.411825] (px4_msgs) StdoutLine: {'line': b'-- Up-to-date: /home/giromi/Repos/VTOL/ws_sensor_combined_src/install/px4_msgs/include/px4_msgs/px4_msgs/msg/detail/rc_parameter_map__builder.hpp\n'}
[6.411930] (px4_msgs) StdoutLine: {'line': b'-- Up-to-date: /home/giromi/Repos/VTOL/ws_sensor_combined_src/install/px4_msgs/include/px4_msgs/px4_msgs/msg/detail/gimbal_manager_status__struct.hpp\n'}
[6.411993] (px4_msgs) StdoutLine: {'line': b'-- Up-to-date: /home/giromi/Repos/VTOL/ws_sensor_combined_src/install/px4_msgs/include/px4_msgs/px4_msgs/msg/detail/vehicle_optical_flow_vel__struct.hpp\n'}
[6.412048] (px4_msgs) StdoutLine: {'line': b'-- Up-to-date: /home/giromi/Repos/VTOL/ws_sensor_combined_src/install/px4_msgs/include/px4_msgs/px4_msgs/msg/detail/follow_target_status__traits.hpp\n'}
[6.412104] (px4_msgs) StdoutLine: {'line': b'-- Up-to-date: /home/giromi/Repos/VTOL/ws_sensor_combined_src/install/px4_msgs/include/px4_msgs/px4_msgs/msg/detail/magnetometer_bias_estimate__struct.hpp\n'}
[6.412160] (px4_msgs) StdoutLine: {'line': b'-- Up-to-date: /home/giromi/Repos/VTOL/ws_sensor_combined_src/install/px4_msgs/include/px4_msgs/px4_msgs/msg/detail/yaw_estimator_status__struct.hpp\n'}
[6.412215] (px4_msgs) StdoutLine: {'line': b'-- Up-to-date: /home/giromi/Repos/VTOL/ws_sensor_combined_src/install/px4_msgs/include/px4_msgs/px4_msgs/msg/detail/sensor_airflow__builder.hpp\n'}
[6.412304] (px4_msgs) StdoutLine: {'line': b'-- Up-to-date: /home/giromi/Repos/VTOL/ws_sensor_combined_src/install/px4_msgs/include/px4_msgs/px4_msgs/msg/detail/mag_worker_data__traits.hpp\n'}
[6.412358] (px4_msgs) StdoutLine: {'line': b'-- Up-to-date: /home/giromi/Repos/VTOL/ws_sensor_combined_src/install/px4_msgs/include/px4_msgs/px4_msgs/msg/detail/collision_constraints__traits.hpp\n'}
[6.412412] (px4_msgs) StdoutLine: {'line': b'-- Up-to-date: /home/giromi/Repos/VTOL/ws_sensor_combined_src/install/px4_msgs/include/px4_msgs/px4_msgs/msg/detail/camera_trigger__struct.hpp\n'}
[6.412465] (px4_msgs) StdoutLine: {'line': b'-- Up-to-date: /home/giromi/Repos/VTOL/ws_sensor_combined_src/install/px4_msgs/include/px4_msgs/px4_msgs/msg/detail/sensor_baro__struct.hpp\n'}
[6.412518] (px4_msgs) StdoutLine: {'line': b'-- Up-to-date: /home/giromi/Repos/VTOL/ws_sensor_combined_src/install/px4_msgs/include/px4_msgs/px4_msgs/msg/detail/vehicle_rates_setpoint__traits.hpp\n'}
[6.412571] (px4_msgs) StdoutLine: {'line': b'-- Up-to-date: /home/giromi/Repos/VTOL/ws_sensor_combined_src/install/px4_msgs/include/px4_msgs/px4_msgs/msg/detail/estimator_states__builder.hpp\n'}
[6.412625] (px4_msgs) StdoutLine: {'line': b'-- Up-to-date: /home/giromi/Repos/VTOL/ws_sensor_combined_src/install/px4_msgs/include/px4_msgs/px4_msgs/msg/detail/vehicle_roi__struct.hpp\n'}
[6.412678] (px4_msgs) StdoutLine: {'line': b'-- Up-to-date: /home/giromi/Repos/VTOL/ws_sensor_combined_src/install/px4_msgs/include/px4_msgs/px4_msgs/msg/detail/differential_drive_setpoint__traits.hpp\n'}
[6.412732] (px4_msgs) StdoutLine: {'line': b'-- Up-to-date: /home/giromi/Repos/VTOL/ws_sensor_combined_src/install/px4_msgs/include/px4_msgs/px4_msgs/msg/detail/parameter_update__struct.hpp\n'}
[6.412808] (px4_msgs) StdoutLine: {'line': b'-- Up-to-date: /home/giromi/Repos/VTOL/ws_sensor_combined_src/install/px4_msgs/include/px4_msgs/px4_msgs/msg/detail/vehicle_odometry__struct.hpp\n'}
[6.412900] (px4_msgs) StdoutLine: {'line': b'-- Up-to-date: /home/giromi/Repos/VTOL/ws_sensor_combined_src/install/px4_msgs/include/px4_msgs/px4_msgs/msg/detail/gimbal_controls__builder.hpp\n'}
[6.412958] (px4_msgs) StdoutLine: {'line': b'-- Up-to-date: /home/giromi/Repos/VTOL/ws_sensor_combined_src/install/px4_msgs/include/px4_msgs/px4_msgs/msg/detail/actuator_servos_trim__struct.hpp\n'}
[6.413014] (px4_msgs) StdoutLine: {'line': b'-- Up-to-date: /home/giromi/Repos/VTOL/ws_sensor_combined_src/install/px4_msgs/include/px4_msgs/px4_msgs/msg/detail/vehicle_command_ack__struct.hpp\n'}
[6.413074] (px4_msgs) StdoutLine: {'line': b'-- Up-to-date: /home/giromi/Repos/VTOL/ws_sensor_combined_src/install/px4_msgs/include/px4_msgs/px4_msgs/msg/detail/sensor_optical_flow__builder.hpp\n'}
[6.413152] (px4_msgs) StdoutLine: {'line': b'-- Up-to-date: /home/giromi/Repos/VTOL/ws_sensor_combined_src/install/px4_msgs/include/px4_msgs/px4_msgs/msg/detail/esc_status__builder.hpp\n'}
[6.413208] (px4_msgs) StdoutLine: {'line': b'-- Up-to-date: /home/giromi/Repos/VTOL/ws_sensor_combined_src/install/px4_msgs/include/px4_msgs/px4_msgs/msg/detail/sensor_gyro_fft__struct.hpp\n'}
[6.413273] (px4_msgs) StdoutLine: {'line': b'-- Up-to-date: /home/giromi/Repos/VTOL/ws_sensor_combined_src/install/px4_msgs/include/px4_msgs/px4_msgs/msg/detail/gimbal_device_set_attitude__traits.hpp\n'}
[6.413329] (px4_msgs) StdoutLine: {'line': b'-- Up-to-date: /home/giromi/Repos/VTOL/ws_sensor_combined_src/install/px4_msgs/include/px4_msgs/px4_msgs/msg/detail/config_overrides__traits.hpp\n'}
[6.413385] (px4_msgs) StdoutLine: {'line': b'-- Up-to-date: /home/giromi/Repos/VTOL/ws_sensor_combined_src/install/px4_msgs/include/px4_msgs/px4_msgs/msg/detail/parameter_update__builder.hpp\n'}
[6.413463] (px4_msgs) StdoutLine: {'line': b'-- Up-to-date: /home/giromi/Repos/VTOL/ws_sensor_combined_src/install/px4_msgs/include/px4_msgs/px4_msgs/msg/detail/logger_status__builder.hpp\n'}
[6.413550] (px4_msgs) StdoutLine: {'line': b'-- Up-to-date: /home/giromi/Repos/VTOL/ws_sensor_combined_src/install/px4_msgs/include/px4_msgs/px4_msgs/msg/detail/rate_ctrl_status__struct.hpp\n'}
[6.413619] (px4_msgs) StdoutLine: {'line': b'-- Up-to-date: /home/giromi/Repos/VTOL/ws_sensor_combined_src/install/px4_msgs/include/px4_msgs/px4_msgs/msg/detail/vehicle_acceleration__struct.hpp\n'}
[6.413674] (px4_msgs) StdoutLine: {'line': b'-- Up-to-date: /home/giromi/Repos/VTOL/ws_sensor_combined_src/install/px4_msgs/include/px4_msgs/px4_msgs/msg/detail/generator_status__traits.hpp\n'}
[6.413730] (px4_msgs) StdoutLine: {'line': b'-- Up-to-date: /home/giromi/Repos/VTOL/ws_sensor_combined_src/install/px4_msgs/include/px4_msgs/px4_msgs/msg/detail/vehicle_local_position_setpoint__traits.hpp\n'}
[6.413785] (px4_msgs) StdoutLine: {'line': b'-- Up-to-date: /home/giromi/Repos/VTOL/ws_sensor_combined_src/install/px4_msgs/include/px4_msgs/px4_msgs/msg/detail/power_monitor__builder.hpp\n'}
[6.413869] (px4_msgs) StdoutLine: {'line': b'-- Up-to-date: /home/giromi/Repos/VTOL/ws_sensor_combined_src/install/px4_msgs/include/px4_msgs/px4_msgs/msg/detail/button_event__builder.hpp\n'}
[6.413922] (px4_msgs) StdoutLine: {'line': b'-- Up-to-date: /home/giromi/Repos/VTOL/ws_sensor_combined_src/install/px4_msgs/include/px4_msgs/px4_msgs/msg/detail/rate_ctrl_status__builder.hpp\n'}
[6.413976] (px4_msgs) StdoutLine: {'line': b'-- Up-to-date: /home/giromi/Repos/VTOL/ws_sensor_combined_src/install/px4_msgs/include/px4_msgs/px4_msgs/msg/detail/gimbal_device_information__struct.hpp\n'}
[6.414029] (px4_msgs) StdoutLine: {'line': b'-- Up-to-date: /home/giromi/Repos/VTOL/ws_sensor_combined_src/install/px4_msgs/include/px4_msgs/px4_msgs/msg/detail/collision_report__builder.hpp\n'}
[6.414083] (px4_msgs) StdoutLine: {'line': b'-- Up-to-date: /home/giromi/Repos/VTOL/ws_sensor_combined_src/install/px4_msgs/include/px4_msgs/px4_msgs/msg/detail/vehicle_land_detected__struct.hpp\n'}
[6.414136] (px4_msgs) StdoutLine: {'line': b'-- Up-to-date: /home/giromi/Repos/VTOL/ws_sensor_combined_src/install/px4_msgs/include/px4_msgs/px4_msgs/msg/detail/wind__traits.hpp\n'}
[6.414189] (px4_msgs) StdoutLine: {'line': b'-- Up-to-date: /home/giromi/Repos/VTOL/ws_sensor_combined_src/install/px4_msgs/include/px4_msgs/px4_msgs/msg/detail/timesync_status__builder.hpp\n'}
[6.414241] (px4_msgs) StdoutLine: {'line': b'-- Up-to-date: /home/giromi/Repos/VTOL/ws_sensor_combined_src/install/px4_msgs/include/px4_msgs/px4_msgs/msg/detail/launch_detection_status__traits.hpp\n'}
[6.414295] (px4_msgs) StdoutLine: {'line': b'-- Up-to-date: /home/giromi/Repos/VTOL/ws_sensor_combined_src/install/px4_msgs/include/px4_msgs/px4_msgs/msg/detail/control_allocator_status__struct.hpp\n'}
[6.414367] (px4_msgs) StdoutLine: {'line': b'-- Up-to-date: /home/giromi/Repos/VTOL/ws_sensor_combined_src/install/px4_msgs/include/px4_msgs/px4_msgs/msg/detail/debug_vect__struct.hpp\n'}
[6.414467] (px4_msgs) StdoutLine: {'line': b'-- Up-to-date: /home/giromi/Repos/VTOL/ws_sensor_combined_src/install/px4_msgs/include/px4_msgs/px4_msgs/msg/detail/actuator_outputs__builder.hpp\n'}
[6.414523] (px4_msgs) StdoutLine: {'line': b'-- Up-to-date: /home/giromi/Repos/VTOL/ws_sensor_combined_src/install/px4_msgs/include/px4_msgs/px4_msgs/msg/detail/uavcan_parameter_request__struct.hpp\n'}
[6.414584] (px4_msgs) StdoutLine: {'line': b'-- Up-to-date: /home/giromi/Repos/VTOL/ws_sensor_combined_src/install/px4_msgs/include/px4_msgs/px4_msgs/msg/detail/gpio_config__builder.hpp\n'}
[6.414639] (px4_msgs) StdoutLine: {'line': b'-- Up-to-date: /home/giromi/Repos/VTOL/ws_sensor_combined_src/install/px4_msgs/include/px4_msgs/px4_msgs/msg/detail/airspeed__builder.hpp\n'}
[6.414712] (px4_msgs) StdoutLine: {'line': b'-- Up-to-date: /home/giromi/Repos/VTOL/ws_sensor_combined_src/install/px4_msgs/include/px4_msgs/px4_msgs/msg/detail/collision_report__struct.hpp\n'}
[6.414815] (px4_msgs) StdoutLine: {'line': b'-- Up-to-date: /home/giromi/Repos/VTOL/ws_sensor_combined_src/install/px4_msgs/include/px4_msgs/px4_msgs/msg/detail/position_setpoint_triplet__builder.hpp\n'}
[6.414870] (px4_msgs) StdoutLine: {'line': b'-- Up-to-date: /home/giromi/Repos/VTOL/ws_sensor_combined_src/install/px4_msgs/include/px4_msgs/px4_msgs/msg/detail/orb_test__traits.hpp\n'}
[6.414924] (px4_msgs) StdoutLine: {'line': b'-- Up-to-date: /home/giromi/Repos/VTOL/ws_sensor_combined_src/install/px4_msgs/include/px4_msgs/px4_msgs/msg/detail/adc_report__traits.hpp\n'}
[6.414978] (px4_msgs) StdoutLine: {'line': b'-- Up-to-date: /home/giromi/Repos/VTOL/ws_sensor_combined_src/install/px4_msgs/include/px4_msgs/px4_msgs/msg/detail/follow_target_status__struct.hpp\n'}
[6.415050] (px4_msgs) StdoutLine: {'line': b'-- Up-to-date: /home/giromi/Repos/VTOL/ws_sensor_combined_src/install/px4_msgs/include/px4_msgs/px4_msgs/msg/detail/airspeed__traits.hpp\n'}
[6.415137] (px4_msgs) StdoutLine: {'line': b'-- Up-to-date: /home/giromi/Repos/VTOL/ws_sensor_combined_src/install/px4_msgs/include/px4_msgs/px4_msgs/msg/detail/rc_parameter_map__struct.hpp\n'}
[6.415190] (-) TimerEvent: {}
[6.415306] (px4_msgs) StdoutLine: {'line': b'-- Up-to-date: /home/giromi/Repos/VTOL/ws_sensor_combined_src/install/px4_msgs/include/px4_msgs/px4_msgs/msg/detail/sensor_accel__struct.hpp\n'}
[6.415416] (px4_msgs) StdoutLine: {'line': b'-- Up-to-date: /home/giromi/Repos/VTOL/ws_sensor_combined_src/install/px4_msgs/include/px4_msgs/px4_msgs/msg/detail/wheel_encoders__struct.hpp\n'}
[6.415648] (px4_msgs) StdoutLine: {'line': b'-- Up-to-date: /home/giromi/Repos/VTOL/ws_sensor_combined_src/install/px4_msgs/include/px4_msgs/px4_msgs/msg/detail/unregister_ext_component__builder.hpp\n'}
[6.415746] (px4_msgs) StdoutLine: {'line': b'-- Up-to-date: /home/giromi/Repos/VTOL/ws_sensor_combined_src/install/px4_msgs/include/px4_msgs/px4_msgs/msg/detail/health_report__builder.hpp\n'}
[6.415840] (px4_msgs) StdoutLine: {'line': b'-- Up-to-date: /home/giromi/Repos/VTOL/ws_sensor_combined_src/install/px4_msgs/include/px4_msgs/px4_msgs/msg/detail/landing_target_pose__traits.hpp\n'}
[6.415934] (px4_msgs) StdoutLine: {'line': b'-- Up-to-date: /home/giromi/Repos/VTOL/ws_sensor_combined_src/install/px4_msgs/include/px4_msgs/px4_msgs/msg/detail/gimbal_controls__struct.hpp\n'}
[6.416026] (px4_msgs) StdoutLine: {'line': b'-- Up-to-date: /home/giromi/Repos/VTOL/ws_sensor_combined_src/install/px4_msgs/include/px4_msgs/px4_msgs/msg/detail/control_allocator_status__traits.hpp\n'}
[6.416139] (px4_msgs) StdoutLine: {'line': b'-- Up-to-date: /home/giromi/Repos/VTOL/ws_sensor_combined_src/install/px4_msgs/include/px4_msgs/px4_msgs/msg/detail/yaw_estimator_status__builder.hpp\n'}
[6.416280] (px4_msgs) StdoutLine: {'line': b'-- Up-to-date: /home/giromi/Repos/VTOL/ws_sensor_combined_src/install/px4_msgs/include/px4_msgs/px4_msgs/msg/detail/gimbal_manager_information__struct.hpp\n'}
[6.416375] (px4_msgs) StdoutLine: {'line': b'-- Up-to-date: /home/giromi/Repos/VTOL/ws_sensor_combined_src/install/px4_msgs/include/px4_msgs/px4_msgs/msg/detail/estimator_sensor_bias__struct.hpp\n'}
[6.416469] (px4_msgs) StdoutLine: {'line': b'-- Up-to-date: /home/giromi/Repos/VTOL/ws_sensor_combined_src/install/px4_msgs/include/px4_msgs/px4_msgs/msg/detail/trajectory_bezier__builder.hpp\n'}
[6.416562] (px4_msgs) StdoutLine: {'line': b'-- Up-to-date: /home/giromi/Repos/VTOL/ws_sensor_combined_src/install/px4_msgs/include/px4_msgs/px4_msgs/msg/detail/button_event__struct.hpp\n'}
[6.416680] (px4_msgs) StdoutLine: {'line': b'-- Up-to-date: /home/giromi/Repos/VTOL/ws_sensor_combined_src/install/px4_msgs/include/px4_msgs/px4_msgs/msg/detail/button_event__traits.hpp\n'}
[6.416847] (px4_msgs) StdoutLine: {'line': b'-- Up-to-date: /home/giromi/Repos/VTOL/ws_sensor_combined_src/install/px4_msgs/include/px4_msgs/px4_msgs/msg/detail/rc_channels__struct.hpp\n'}
[6.416976] (px4_msgs) StdoutLine: {'line': b'-- Up-to-date: /home/giromi/Repos/VTOL/ws_sensor_combined_src/install/px4_msgs/include/px4_msgs/px4_msgs/msg/detail/dataman_request__traits.hpp\n'}
[6.417072] (px4_msgs) StdoutLine: {'line': b'-- Up-to-date: /home/giromi/Repos/VTOL/ws_sensor_combined_src/install/px4_msgs/include/px4_msgs/px4_msgs/msg/detail/camera_status__traits.hpp\n'}
[6.417168] (px4_msgs) StdoutLine: {'line': b'-- Up-to-date: /home/giromi/Repos/VTOL/ws_sensor_combined_src/install/px4_msgs/include/px4_msgs/px4_msgs/msg/detail/gps_dump__struct.hpp\n'}
[6.417263] (px4_msgs) StdoutLine: {'line': b'-- Up-to-date: /home/giromi/Repos/VTOL/ws_sensor_combined_src/install/px4_msgs/include/px4_msgs/px4_msgs/msg/detail/message_format_request__struct.hpp\n'}
[6.417358] (px4_msgs) StdoutLine: {'line': b'-- Up-to-date: /home/giromi/Repos/VTOL/ws_sensor_combined_src/install/px4_msgs/include/px4_msgs/px4_msgs/msg/detail/offboard_control_mode__builder.hpp\n'}
[6.417480] (px4_msgs) StdoutLine: {'line': b'-- Up-to-date: /home/giromi/Repos/VTOL/ws_sensor_combined_src/install/px4_msgs/include/px4_msgs/px4_msgs/msg/detail/ulog_stream_ack__traits.hpp\n'}
[6.417583] (px4_msgs) StdoutLine: {'line': b'-- Up-to-date: /home/giromi/Repos/VTOL/ws_sensor_combined_src/install/px4_msgs/include/px4_msgs/px4_msgs/msg/detail/wheel_encoders__builder.hpp\n'}
[6.417680] (px4_msgs) StdoutLine: {'line': b'-- Up-to-date: /home/giromi/Repos/VTOL/ws_sensor_combined_src/install/px4_msgs/include/px4_msgs/px4_msgs/msg/detail/irlock_report__traits.hpp\n'}
[6.417776] (px4_msgs) StdoutLine: {'line': b'-- Up-to-date: /home/giromi/Repos/VTOL/ws_sensor_combined_src/install/px4_msgs/include/px4_msgs/px4_msgs/msg/detail/failsafe_flags__struct.hpp\n'}
[6.417871] (px4_msgs) StdoutLine: {'line': b'-- Up-to-date: /home/giromi/Repos/VTOL/ws_sensor_combined_src/install/px4_msgs/include/px4_msgs/px4_msgs/msg/detail/health_report__struct.hpp\n'}
[6.417987] (px4_msgs) StdoutLine: {'line': b'-- Up-to-date: /home/giromi/Repos/VTOL/ws_sensor_combined_src/install/px4_msgs/include/px4_msgs/px4_msgs/msg/detail/gimbal_device_set_attitude__builder.hpp\n'}
[6.418083] (px4_msgs) StdoutLine: {'line': b'-- Up-to-date: /home/giromi/Repos/VTOL/ws_sensor_combined_src/install/px4_msgs/include/px4_msgs/px4_msgs/msg/detail/obstacle_distance__traits.hpp\n'}
[6.418179] (px4_msgs) StdoutLine: {'line': b'-- Up-to-date: /home/giromi/Repos/VTOL/ws_sensor_combined_src/install/px4_msgs/include/px4_msgs/px4_msgs/msg/detail/vehicle_thrust_setpoint__traits.hpp\n'}
[6.418305] (px4_msgs) StdoutLine: {'line': b'-- Up-to-date: /home/giromi/Repos/VTOL/ws_sensor_combined_src/install/px4_msgs/include/px4_msgs/px4_msgs/msg/detail/vehicle_status__struct.hpp\n'}
[6.418398] (px4_msgs) StdoutLine: {'line': b'-- Up-to-date: /home/giromi/Repos/VTOL/ws_sensor_combined_src/install/px4_msgs/include/px4_msgs/px4_msgs/msg/detail/vehicle_magnetometer__struct.hpp\n'}
[6.418509] (px4_msgs) StdoutLine: {'line': b'-- Up-to-date: /home/giromi/Repos/VTOL/ws_sensor_combined_src/install/px4_msgs/include/px4_msgs/px4_msgs/msg/detail/vehicle_odometry__traits.hpp\n'}
[6.418653] (px4_msgs) StdoutLine: {'line': b'-- Up-to-date: /home/giromi/Repos/VTOL/ws_sensor_combined_src/install/px4_msgs/include/px4_msgs/px4_msgs/msg/detail/failure_detector_status__traits.hpp\n'}
[6.418747] (px4_msgs) StdoutLine: {'line': b'-- Up-to-date: /home/giromi/Repos/VTOL/ws_sensor_combined_src/install/px4_msgs/include/px4_msgs/px4_msgs/msg/detail/ulog_stream_ack__struct.hpp\n'}
[6.418840] (px4_msgs) StdoutLine: {'line': b'-- Up-to-date: /home/giromi/Repos/VTOL/ws_sensor_combined_src/install/px4_msgs/include/px4_msgs/px4_msgs/msg/detail/vehicle_angular_acceleration_setpoint__struct.hpp\n'}
[6.418979] (px4_msgs) StdoutLine: {'line': b'-- Up-to-date: /home/giromi/Repos/VTOL/ws_sensor_combined_src/install/px4_msgs/include/px4_msgs/px4_msgs/msg/detail/landing_target_innovations__traits.hpp\n'}
[6.419120] (px4_msgs) StdoutLine: {'line': b'-- Up-to-date: /home/giromi/Repos/VTOL/ws_sensor_combined_src/install/px4_msgs/include/px4_msgs/px4_msgs/msg/detail/vehicle_control_mode__struct.hpp\n'}
[6.419216] (px4_msgs) StdoutLine: {'line': b'-- Up-to-date: /home/giromi/Repos/VTOL/ws_sensor_combined_src/install/px4_msgs/include/px4_msgs/px4_msgs/msg/detail/satellite_info__traits.hpp\n'}
[6.419311] (px4_msgs) StdoutLine: {'line': b'-- Up-to-date: /home/giromi/Repos/VTOL/ws_sensor_combined_src/install/px4_msgs/include/px4_msgs/px4_msgs/msg/detail/estimator_bias__struct.hpp\n'}
[6.419407] (px4_msgs) StdoutLine: {'line': b'-- Up-to-date: /home/giromi/Repos/VTOL/ws_sensor_combined_src/install/px4_msgs/include/px4_msgs/px4_msgs/msg/detail/vehicle_command__builder.hpp\n'}
[6.419584] (px4_msgs) StdoutLine: {'line': b'-- Up-to-date: /home/giromi/Repos/VTOL/ws_sensor_combined_src/install/px4_msgs/include/px4_msgs/px4_msgs/msg/detail/vehicle_trajectory_bezier__traits.hpp\n'}
[6.419720] (px4_msgs) StdoutLine: {'line': b'-- Up-to-date: /home/giromi/Repos/VTOL/ws_sensor_combined_src/install/px4_msgs/include/px4_msgs/px4_msgs/msg/detail/yaw_estimator_status__traits.hpp\n'}
[6.419814] (px4_msgs) StdoutLine: {'line': b'-- Up-to-date: /home/giromi/Repos/VTOL/ws_sensor_combined_src/install/px4_msgs/include/px4_msgs/px4_msgs/msg/detail/mavlink_tunnel__traits.hpp\n'}
[6.419928] (px4_msgs) StdoutLine: {'line': b'-- Up-to-date: /home/giromi/Repos/VTOL/ws_sensor_combined_src/install/px4_msgs/include/px4_msgs/px4_msgs/msg/detail/trajectory_bezier__struct.hpp\n'}
[6.420052] (px4_msgs) StdoutLine: {'line': b'-- Up-to-date: /home/giromi/Repos/VTOL/ws_sensor_combined_src/install/px4_msgs/include/px4_msgs/px4_msgs/msg/detail/geofence_result__traits.hpp\n'}
[6.420149] (px4_msgs) StdoutLine: {'line': b'-- Up-to-date: /home/giromi/Repos/VTOL/ws_sensor_combined_src/install/px4_msgs/include/px4_msgs/px4_msgs/msg/detail/follow_target__struct.hpp\n'}
[6.420278] (px4_msgs) StdoutLine: {'line': b'-- Up-to-date: /home/giromi/Repos/VTOL/ws_sensor_combined_src/install/px4_msgs/include/px4_msgs/px4_msgs/msg/detail/sensor_combined__traits.hpp\n'}
[6.420371] (px4_msgs) StdoutLine: {'line': b'-- Up-to-date: /home/giromi/Repos/VTOL/ws_sensor_combined_src/install/px4_msgs/include/px4_msgs/px4_msgs/msg/detail/sensor_uwb__struct.hpp\n'}
[6.420470] (px4_msgs) StdoutLine: {'line': b'-- Up-to-date: /home/giromi/Repos/VTOL/ws_sensor_combined_src/install/px4_msgs/include/px4_msgs/px4_msgs/msg/detail/qshell_req__struct.hpp\n'}
[6.420581] (px4_msgs) StdoutLine: {'line': b'-- Up-to-date: /home/giromi/Repos/VTOL/ws_sensor_combined_src/install/px4_msgs/include/px4_msgs/px4_msgs/msg/detail/config_overrides__struct.hpp\n'}
[6.420719] (px4_msgs) StdoutLine: {'line': b'-- Up-to-date: /home/giromi/Repos/VTOL/ws_sensor_combined_src/install/px4_msgs/include/px4_msgs/px4_msgs/msg/detail/differential_pressure__traits.hpp\n'}
[6.420812] (px4_msgs) StdoutLine: {'line': b'-- Up-to-date: /home/giromi/Repos/VTOL/ws_sensor_combined_src/install/px4_msgs/include/px4_msgs/px4_msgs/msg/detail/wheel_encoders__traits.hpp\n'}
[6.420904] (px4_msgs) StdoutLine: {'line': b'-- Up-to-date: /home/giromi/Repos/VTOL/ws_sensor_combined_src/install/px4_msgs/include/px4_msgs/px4_msgs/msg/detail/camera_status__builder.hpp\n'}
[6.420997] (px4_msgs) StdoutLine: {'line': b'-- Up-to-date: /home/giromi/Repos/VTOL/ws_sensor_combined_src/install/px4_msgs/include/px4_msgs/px4_msgs/msg/sensor_accel_fifo.hpp\n'}
[6.421090] (px4_msgs) StdoutLine: {'line': b'-- Up-to-date: /home/giromi/Repos/VTOL/ws_sensor_combined_src/install/px4_msgs/include/px4_msgs/px4_msgs/msg/actuator_servos_trim.hpp\n'}
[6.421236] (px4_msgs) StdoutLine: {'line': b'-- Up-to-date: /home/giromi/Repos/VTOL/ws_sensor_combined_src/install/px4_msgs/include/px4_msgs/px4_msgs/msg/vehicle_attitude.hpp\n'}
[6.421350] (px4_msgs) StdoutLine: {'line': b'-- Up-to-date: /home/giromi/Repos/VTOL/ws_sensor_combined_src/install/px4_msgs/include/px4_msgs/px4_msgs/msg/gimbal_device_information.hpp\n'}
[6.421463] (px4_msgs) StdoutLine: {'line': b'-- Up-to-date: /home/giromi/Repos/VTOL/ws_sensor_combined_src/install/px4_msgs/include/px4_msgs/px4_msgs/msg/home_position.hpp\n'}
[6.421600] (px4_msgs) StdoutLine: {'line': b'-- Up-to-date: /home/giromi/Repos/VTOL/ws_sensor_combined_src/install/px4_msgs/include/px4_msgs/px4_msgs/msg/config_overrides.hpp\n'}
[6.421695] (px4_msgs) StdoutLine: {'line': b'-- Up-to-date: /home/giromi/Repos/VTOL/ws_sensor_combined_src/install/px4_msgs/include/px4_msgs/px4_msgs/msg/satellite_info.hpp\n'}
[6.421807] (px4_msgs) StdoutLine: {'line': b'-- Up-to-date: /home/giromi/Repos/VTOL/ws_sensor_combined_src/install/px4_msgs/include/px4_msgs/px4_msgs/msg/vehicle_trajectory_waypoint.hpp\n'}
[6.421952] (px4_msgs) StdoutLine: {'line': b'-- Up-to-date: /home/giromi/Repos/VTOL/ws_sensor_combined_src/install/px4_msgs/include/px4_msgs/px4_msgs/msg/task_stack_info.hpp\n'}
[6.422046] (px4_msgs) StdoutLine: {'line': b'-- Up-to-date: /home/giromi/Repos/VTOL/ws_sensor_combined_src/install/px4_msgs/include/px4_msgs/px4_msgs/msg/navigator_mission_item.hpp\n'}
[6.422139] (px4_msgs) StdoutLine: {'line': b'-- Up-to-date: /home/giromi/Repos/VTOL/ws_sensor_combined_src/install/px4_msgs/include/px4_msgs/px4_msgs/msg/trajectory_waypoint.hpp\n'}
[6.422295] (px4_msgs) StdoutLine: {'line': b'-- Up-to-date: /home/giromi/Repos/VTOL/ws_sensor_combined_src/install/px4_msgs/include/px4_msgs/px4_msgs/msg/vehicle_global_position.hpp\n'}
[6.422388] (px4_msgs) StdoutLine: {'line': b'-- Up-to-date: /home/giromi/Repos/VTOL/ws_sensor_combined_src/install/px4_msgs/include/px4_msgs/px4_msgs/msg/collision_report.hpp\n'}
[6.422480] (px4_msgs) StdoutLine: {'line': b'-- Up-to-date: /home/giromi/Repos/VTOL/ws_sensor_combined_src/install/px4_msgs/include/px4_msgs/px4_msgs/msg/power_button_state.hpp\n'}
[6.422573] (px4_msgs) StdoutLine: {'line': b'-- Up-to-date: /home/giromi/Repos/VTOL/ws_sensor_combined_src/install/px4_msgs/include/px4_msgs/px4_msgs/msg/wind.hpp\n'}
[6.422666] (px4_msgs) StdoutLine: {'line': b'-- Up-to-date: /home/giromi/Repos/VTOL/ws_sensor_combined_src/install/px4_msgs/include/px4_msgs/px4_msgs/msg/failure_detector_status.hpp\n'}
[6.422817] (px4_msgs) StdoutLine: {'line': b'-- Up-to-date: /home/giromi/Repos/VTOL/ws_sensor_combined_src/install/px4_msgs/include/px4_msgs/px4_msgs/msg/normalized_unsigned_setpoint.hpp\n'}
[6.422910] (px4_msgs) StdoutLine: {'line': b'-- Up-to-date: /home/giromi/Repos/VTOL/ws_sensor_combined_src/install/px4_msgs/include/px4_msgs/px4_msgs/msg/vehicle_constraints.hpp\n'}
[6.423003] (px4_msgs) StdoutLine: {'line': b'-- Up-to-date: /home/giromi/Repos/VTOL/ws_sensor_combined_src/install/px4_msgs/include/px4_msgs/px4_msgs/msg/follow_target.hpp\n'}
[6.423158] (px4_msgs) StdoutLine: {'line': b'-- Up-to-date: /home/giromi/Repos/VTOL/ws_sensor_combined_src/install/px4_msgs/include/px4_msgs/px4_msgs/msg/qshell_retval.hpp\n'}
[6.423251] (px4_msgs) StdoutLine: {'line': b'-- Up-to-date: /home/giromi/Repos/VTOL/ws_sensor_combined_src/install/px4_msgs/include/px4_msgs/px4_msgs/msg/sensors_status.hpp\n'}
[6.423345] (px4_msgs) StdoutLine: {'line': b'-- Up-to-date: /home/giromi/Repos/VTOL/ws_sensor_combined_src/install/px4_msgs/include/px4_msgs/px4_msgs/msg/mount_orientation.hpp\n'}
[6.423536] (px4_msgs) StdoutLine: {'line': b'-- Up-to-date: /home/giromi/Repos/VTOL/ws_sensor_combined_src/install/px4_msgs/include/px4_msgs/px4_msgs/msg/telemetry_status.hpp\n'}
[6.423647] (px4_msgs) StdoutLine: {'line': b'-- Up-to-date: /home/giromi/Repos/VTOL/ws_sensor_combined_src/install/px4_msgs/include/px4_msgs/px4_msgs/msg/magnetometer_bias_estimate.hpp\n'}
[6.423748] (px4_msgs) StdoutLine: {'line': b'-- Up-to-date: /home/giromi/Repos/VTOL/ws_sensor_combined_src/install/px4_msgs/include/px4_msgs/px4_msgs/msg/estimator_aid_source3d.hpp\n'}
[6.423866] (px4_msgs) StdoutLine: {'line': b'-- Up-to-date: /home/giromi/Repos/VTOL/ws_sensor_combined_src/install/px4_msgs/include/px4_msgs/px4_msgs/msg/gps_inject_data.hpp\n'}
[6.424001] (px4_msgs) StdoutLine: {'line': b'-- Up-to-date: /home/giromi/Repos/VTOL/ws_sensor_combined_src/install/px4_msgs/include/px4_msgs/px4_msgs/msg/autotune_attitude_control_status.hpp\n'}
[6.424095] (px4_msgs) StdoutLine: {'line': b'-- Up-to-date: /home/giromi/Repos/VTOL/ws_sensor_combined_src/install/px4_msgs/include/px4_msgs/px4_msgs/msg/gimbal_device_attitude_status.hpp\n'}
[6.424188] (px4_msgs) StdoutLine: {'line': b'-- Up-to-date: /home/giromi/Repos/VTOL/ws_sensor_combined_src/install/px4_msgs/include/px4_msgs/px4_msgs/msg/estimator_selector_status.hpp\n'}
[6.424281] (px4_msgs) StdoutLine: {'line': b'-- Up-to-date: /home/giromi/Repos/VTOL/ws_sensor_combined_src/install/px4_msgs/include/px4_msgs/px4_msgs/msg/adc_report.hpp\n'}
[6.424392] (px4_msgs) StdoutLine: {'line': b'-- Up-to-date: /home/giromi/Repos/VTOL/ws_sensor_combined_src/install/px4_msgs/include/px4_msgs/px4_msgs/msg/actuator_test.hpp\n'}
[6.424531] (px4_msgs) StdoutLine: {'line': b'-- Up-to-date: /home/giromi/Repos/VTOL/ws_sensor_combined_src/install/px4_msgs/include/px4_msgs/px4_msgs/msg/debug_value.hpp\n'}
[6.424625] (px4_msgs) StdoutLine: {'line': b'-- Up-to-date: /home/giromi/Repos/VTOL/ws_sensor_combined_src/install/px4_msgs/include/px4_msgs/px4_msgs/msg/power_monitor.hpp\n'}
[6.424717] (px4_msgs) StdoutLine: {'line': b'-- Up-to-date: /home/giromi/Repos/VTOL/ws_sensor_combined_src/install/px4_msgs/include/px4_msgs/px4_msgs/msg/orbit_status.hpp\n'}
[6.424810] (px4_msgs) StdoutLine: {'line': b'-- Up-to-date: /home/giromi/Repos/VTOL/ws_sensor_combined_src/install/px4_msgs/include/px4_msgs/px4_msgs/msg/vtol_vehicle_status.hpp\n'}
[6.424922] (px4_msgs) StdoutLine: {'line': b'-- Up-to-date: /home/giromi/Repos/VTOL/ws_sensor_combined_src/install/px4_msgs/include/px4_msgs/px4_msgs/msg/internal_combustion_engine_status.hpp\n'}
[6.425062] (px4_msgs) StdoutLine: {'line': b'-- Up-to-date: /home/giromi/Repos/VTOL/ws_sensor_combined_src/install/px4_msgs/include/px4_msgs/px4_msgs/msg/gpio_in.hpp\n'}
[6.425159] (px4_msgs) StdoutLine: {'line': b'-- Up-to-date: /home/giromi/Repos/VTOL/ws_sensor_combined_src/install/px4_msgs/include/px4_msgs/px4_msgs/msg/launch_detection_status.hpp\n'}
[6.425255] (px4_msgs) StdoutLine: {'line': b'-- Up-to-date: /home/giromi/Repos/VTOL/ws_sensor_combined_src/install/px4_msgs/include/px4_msgs/px4_msgs/msg/tune_control.hpp\n'}
[6.425359] (px4_msgs) StdoutLine: {'line': b'-- Up-to-date: /home/giromi/Repos/VTOL/ws_sensor_combined_src/install/px4_msgs/include/px4_msgs/px4_msgs/msg/sensor_gps.hpp\n'}
[6.425475] (px4_msgs) StdoutLine: {'line': b'-- Up-to-date: /home/giromi/Repos/VTOL/ws_sensor_combined_src/install/px4_msgs/include/px4_msgs/px4_msgs/msg/camera_status.hpp\n'}
[6.425585] (px4_msgs) StdoutLine: {'line': b'-- Up-to-date: /home/giromi/Repos/VTOL/ws_sensor_combined_src/install/px4_msgs/include/px4_msgs/px4_msgs/msg/estimator_status.hpp\n'}
[6.425680] (px4_msgs) StdoutLine: {'line': b'-- Up-to-date: /home/giromi/Repos/VTOL/ws_sensor_combined_src/install/px4_msgs/include/px4_msgs/px4_msgs/msg/mavlink_log.hpp\n'}
[6.425801] (px4_msgs) StdoutLine: {'line': b'-- Up-to-date: /home/giromi/Repos/VTOL/ws_sensor_combined_src/install/px4_msgs/include/px4_msgs/px4_msgs/msg/geofence_result.hpp\n'}
[6.425898] (px4_msgs) StdoutLine: {'line': b'-- Up-to-date: /home/giromi/Repos/VTOL/ws_sensor_combined_src/install/px4_msgs/include/px4_msgs/px4_msgs/msg/velocity_limits.hpp\n'}
[6.425994] (px4_msgs) StdoutLine: {'line': b'-- Up-to-date: /home/giromi/Repos/VTOL/ws_sensor_combined_src/install/px4_msgs/include/px4_msgs/px4_msgs/msg/manual_control_setpoint.hpp\n'}
[6.426091] (px4_msgs) StdoutLine: {'line': b'-- Up-to-date: /home/giromi/Repos/VTOL/ws_sensor_combined_src/install/px4_msgs/include/px4_msgs/px4_msgs/msg/qshell_req.hpp\n'}
[6.426186] (px4_msgs) StdoutLine: {'line': b'-- Up-to-date: /home/giromi/Repos/VTOL/ws_sensor_combined_src/install/px4_msgs/include/px4_msgs/px4_msgs/msg/differential_drive_setpoint.hpp\n'}
[6.426288] (px4_msgs) StdoutLine: {'line': b'-- Up-to-date: /home/giromi/Repos/VTOL/ws_sensor_combined_src/install/px4_msgs/include/px4_msgs/px4_msgs/msg/irlock_report.hpp\n'}
[6.426383] (px4_msgs) StdoutLine: {'line': b'-- Up-to-date: /home/giromi/Repos/VTOL/ws_sensor_combined_src/install/px4_msgs/include/px4_msgs/px4_msgs/msg/vehicle_magnetometer.hpp\n'}
[6.426509] (px4_msgs) StdoutLine: {'line': b'-- Up-to-date: /home/giromi/Repos/VTOL/ws_sensor_combined_src/install/px4_msgs/include/px4_msgs/px4_msgs/msg/dataman_request.hpp\n'}
[6.426603] (px4_msgs) StdoutLine: {'line': b'-- Up-to-date: /home/giromi/Repos/VTOL/ws_sensor_combined_src/install/px4_msgs/include/px4_msgs/px4_msgs/msg/ulog_stream.hpp\n'}
[6.426696] (px4_msgs) StdoutLine: {'line': b'-- Up-to-date: /home/giromi/Repos/VTOL/ws_sensor_combined_src/install/px4_msgs/include/px4_msgs/px4_msgs/msg/sensor_accel.hpp\n'}
[6.426878] (px4_msgs) StdoutLine: {'line': b'-- Up-to-date: /home/giromi/Repos/VTOL/ws_sensor_combined_src/install/px4_msgs/include/px4_msgs/px4_msgs/msg/takeoff_status.hpp\n'}
[6.426987] (px4_msgs) StdoutLine: {'line': b'-- Up-to-date: /home/giromi/Repos/VTOL/ws_sensor_combined_src/install/px4_msgs/include/px4_msgs/px4_msgs/msg/tecs_status.hpp\n'}
[6.427081] (px4_msgs) StdoutLine: {'line': b'-- Up-to-date: /home/giromi/Repos/VTOL/ws_sensor_combined_src/install/px4_msgs/include/px4_msgs/px4_msgs/msg/orb_test_large.hpp\n'}
[6.427238] (px4_msgs) StdoutLine: {'line': b'-- Up-to-date: /home/giromi/Repos/VTOL/ws_sensor_combined_src/install/px4_msgs/include/px4_msgs/px4_msgs/msg/esc_report.hpp\n'}
[6.427331] (px4_msgs) StdoutLine: {'line': b'-- Up-to-date: /home/giromi/Repos/VTOL/ws_sensor_combined_src/install/px4_msgs/include/px4_msgs/px4_msgs/msg/rpm.hpp\n'}
[6.427424] (px4_msgs) StdoutLine: {'line': b'-- Up-to-date: /home/giromi/Repos/VTOL/ws_sensor_combined_src/install/px4_msgs/include/px4_msgs/px4_msgs/msg/vehicle_command_ack.hpp\n'}
[6.427581] (px4_msgs) StdoutLine: {'line': b'-- Up-to-date: /home/giromi/Repos/VTOL/ws_sensor_combined_src/install/px4_msgs/include/px4_msgs/px4_msgs/msg/sensor_gyro.hpp\n'}
[6.427686] (px4_msgs) StdoutLine: {'line': b'-- Up-to-date: /home/giromi/Repos/VTOL/ws_sensor_combined_src/install/px4_msgs/include/px4_msgs/px4_msgs/msg/esc_status.hpp\n'}
[6.427743] (px4_msgs) StdoutLine: {'line': b'-- Up-to-date: /home/giromi/Repos/VTOL/ws_sensor_combined_src/install/px4_msgs/include/px4_msgs/px4_msgs/msg/mission_result.hpp\n'}
[6.427799] (px4_msgs) StdoutLine: {'line': b'-- Up-to-date: /home/giromi/Repos/VTOL/ws_sensor_combined_src/install/px4_msgs/include/px4_msgs/px4_msgs/msg/distance_sensor.hpp\n'}
[6.427854] (px4_msgs) StdoutLine: {'line': b'-- Up-to-date: /home/giromi/Repos/VTOL/ws_sensor_combined_src/install/px4_msgs/include/px4_msgs/px4_msgs/msg/vehicle_acceleration.hpp\n'}
[6.427909] (px4_msgs) StdoutLine: {'line': b'-- Up-to-date: /home/giromi/Repos/VTOL/ws_sensor_combined_src/install/px4_msgs/include/px4_msgs/px4_msgs/msg/offboard_control_mode.hpp\n'}
[6.427963] (px4_msgs) StdoutLine: {'line': b'-- Up-to-date: /home/giromi/Repos/VTOL/ws_sensor_combined_src/install/px4_msgs/include/px4_msgs/px4_msgs/msg/sensor_mag.hpp\n'}
[6.428017] (px4_msgs) StdoutLine: {'line': b'-- Up-to-date: /home/giromi/Repos/VTOL/ws_sensor_combined_src/install/px4_msgs/include/px4_msgs/px4_msgs/msg/vehicle_optical_flow_vel.hpp\n'}
[6.428072] (px4_msgs) StdoutLine: {'line': b'-- Up-to-date: /home/giromi/Repos/VTOL/ws_sensor_combined_src/install/px4_msgs/include/px4_msgs/px4_msgs/msg/gps_dump.hpp\n'}
[6.428145] (px4_msgs) StdoutLine: {'line': b'-- Up-to-date: /home/giromi/Repos/VTOL/ws_sensor_combined_src/install/px4_msgs/include/px4_msgs/px4_msgs/msg/landing_target_innovations.hpp\n'}
[6.428234] (px4_msgs) StdoutLine: {'line': b'-- Up-to-date: /home/giromi/Repos/VTOL/ws_sensor_combined_src/install/px4_msgs/include/px4_msgs/px4_msgs/msg/parameter_update.hpp\n'}
[6.428291] (px4_msgs) StdoutLine: {'line': b'-- Up-to-date: /home/giromi/Repos/VTOL/ws_sensor_combined_src/install/px4_msgs/include/px4_msgs/px4_msgs/msg/orb_test_medium.hpp\n'}
[6.428362] (px4_msgs) StdoutLine: {'line': b'-- Up-to-date: /home/giromi/Repos/VTOL/ws_sensor_combined_src/install/px4_msgs/include/px4_msgs/px4_msgs/msg/vehicle_optical_flow.hpp\n'}
[6.428418] (px4_msgs) StdoutLine: {'line': b'-- Up-to-date: /home/giromi/Repos/VTOL/ws_sensor_combined_src/install/px4_msgs/include/px4_msgs/px4_msgs/msg/yaw_estimator_status.hpp\n'}
[6.428497] (px4_msgs) StdoutLine: {'line': b'-- Up-to-date: /home/giromi/Repos/VTOL/ws_sensor_combined_src/install/px4_msgs/include/px4_msgs/px4_msgs/msg/gimbal_manager_set_attitude.hpp\n'}
[6.428556] (px4_msgs) StdoutLine: {'line': b'-- Up-to-date: /home/giromi/Repos/VTOL/ws_sensor_combined_src/install/px4_msgs/include/px4_msgs/px4_msgs/msg/actuator_outputs.hpp\n'}
[6.428612] (px4_msgs) StdoutLine: {'line': b'-- Up-to-date: /home/giromi/Repos/VTOL/ws_sensor_combined_src/install/px4_msgs/include/px4_msgs/px4_msgs/msg/buffer128.hpp\n'}
[6.428668] (px4_msgs) StdoutLine: {'line': b'-- Up-to-date: /home/giromi/Repos/VTOL/ws_sensor_combined_src/install/px4_msgs/include/px4_msgs/px4_msgs/msg/rate_ctrl_status.hpp\n'}
[6.428723] (px4_msgs) StdoutLine: {'line': b'-- Up-to-date: /home/giromi/Repos/VTOL/ws_sensor_combined_src/install/px4_msgs/include/px4_msgs/px4_msgs/msg/collision_constraints.hpp\n'}
[6.428799] (px4_msgs) StdoutLine: {'line': b'-- Up-to-date: /home/giromi/Repos/VTOL/ws_sensor_combined_src/install/px4_msgs/include/px4_msgs/px4_msgs/msg/orb_test.hpp\n'}
[6.428857] (px4_msgs) StdoutLine: {'line': b'-- Up-to-date: /home/giromi/Repos/VTOL/ws_sensor_combined_src/install/px4_msgs/include/px4_msgs/px4_msgs/msg/estimator_bias.hpp\n'}
[6.428913] (px4_msgs) StdoutLine: {'line': b'-- Up-to-date: /home/giromi/Repos/VTOL/ws_sensor_combined_src/install/px4_msgs/include/px4_msgs/px4_msgs/msg/follow_target_estimator.hpp\n'}
[6.428969] (px4_msgs) StdoutLine: {'line': b'-- Up-to-date: /home/giromi/Repos/VTOL/ws_sensor_combined_src/install/px4_msgs/include/px4_msgs/px4_msgs/msg/vehicle_torque_setpoint.hpp\n'}
[6.429025] (px4_msgs) StdoutLine: {'line': b'-- Up-to-date: /home/giromi/Repos/VTOL/ws_sensor_combined_src/install/px4_msgs/include/px4_msgs/px4_msgs/msg/mag_worker_data.hpp\n'}
[6.429085] (px4_msgs) StdoutLine: {'line': b'-- Up-to-date: /home/giromi/Repos/VTOL/ws_sensor_combined_src/install/px4_msgs/include/px4_msgs/px4_msgs/msg/rtl_time_estimate.hpp\n'}
[6.429161] (px4_msgs) StdoutLine: {'line': b'-- Up-to-date: /home/giromi/Repos/VTOL/ws_sensor_combined_src/install/px4_msgs/include/px4_msgs/px4_msgs/msg/arming_check_request.hpp\n'}
[6.429230] (px4_msgs) StdoutLine: {'line': b'-- Up-to-date: /home/giromi/Repos/VTOL/ws_sensor_combined_src/install/px4_msgs/include/px4_msgs/px4_msgs/msg/estimator_event_flags.hpp\n'}
[6.429283] (px4_msgs) StdoutLine: {'line': b'-- Up-to-date: /home/giromi/Repos/VTOL/ws_sensor_combined_src/install/px4_msgs/include/px4_msgs/px4_msgs/msg/estimator_innovations.hpp\n'}
[6.429337] (px4_msgs) StdoutLine: {'line': b'-- Up-to-date: /home/giromi/Repos/VTOL/ws_sensor_combined_src/install/px4_msgs/include/px4_msgs/px4_msgs/msg/actuator_motors.hpp\n'}
[6.429391] (px4_msgs) StdoutLine: {'line': b'-- Up-to-date: /home/giromi/Repos/VTOL/ws_sensor_combined_src/install/px4_msgs/include/px4_msgs/px4_msgs/msg/estimator_states.hpp\n'}
[6.429446] (px4_msgs) StdoutLine: {'line': b'-- Up-to-date: /home/giromi/Repos/VTOL/ws_sensor_combined_src/install/px4_msgs/include/px4_msgs/px4_msgs/msg/camera_trigger.hpp\n'}
[6.429500] (px4_msgs) StdoutLine: {'line': b'-- Up-to-date: /home/giromi/Repos/VTOL/ws_sensor_combined_src/install/px4_msgs/include/px4_msgs/px4_msgs/msg/button_event.hpp\n'}
[6.429568] (px4_msgs) StdoutLine: {'line': b'-- Up-to-date: /home/giromi/Repos/VTOL/ws_sensor_combined_src/install/px4_msgs/include/px4_msgs/px4_msgs/msg/sensor_combined.hpp\n'}
[6.429660] (px4_msgs) StdoutLine: {'line': b'-- Up-to-date: /home/giromi/Repos/VTOL/ws_sensor_combined_src/install/px4_msgs/include/px4_msgs/px4_msgs/msg/vehicle_odometry.hpp\n'}
[6.429737] (px4_msgs) StdoutLine: {'line': b'-- Up-to-date: /home/giromi/Repos/VTOL/ws_sensor_combined_src/install/px4_msgs/include/px4_msgs/px4_msgs/msg/input_rc.hpp\n'}
[6.429851] (px4_msgs) StdoutLine: {'line': b'-- Up-to-date: /home/giromi/Repos/VTOL/ws_sensor_combined_src/install/px4_msgs/include/px4_msgs/px4_msgs/msg/control_allocator_status.hpp\n'}
[6.429907] (px4_msgs) StdoutLine: {'line': b'-- Up-to-date: /home/giromi/Repos/VTOL/ws_sensor_combined_src/install/px4_msgs/include/px4_msgs/px4_msgs/msg/vehicle_imu_status.hpp\n'}
[6.429960] (px4_msgs) StdoutLine: {'line': b'-- Up-to-date: /home/giromi/Repos/VTOL/ws_sensor_combined_src/install/px4_msgs/include/px4_msgs/px4_msgs/msg/figure_eight_status.hpp\n'}
[6.430014] (px4_msgs) StdoutLine: {'line': b'-- Up-to-date: /home/giromi/Repos/VTOL/ws_sensor_combined_src/install/px4_msgs/include/px4_msgs/px4_msgs/msg/vehicle_roi.hpp\n'}
[6.430089] (px4_msgs) StdoutLine: {'line': b'-- Up-to-date: /home/giromi/Repos/VTOL/ws_sensor_combined_src/install/px4_msgs/include/px4_msgs/px4_msgs/msg/vehicle_land_detected.hpp\n'}
[6.430187] (px4_msgs) StdoutLine: {'line': b'-- Up-to-date: /home/giromi/Repos/VTOL/ws_sensor_combined_src/install/px4_msgs/include/px4_msgs/px4_msgs/msg/cellular_status.hpp\n'}
[6.430241] (px4_msgs) StdoutLine: {'line': b'-- Up-to-date: /home/giromi/Repos/VTOL/ws_sensor_combined_src/install/px4_msgs/include/px4_msgs/px4_msgs/msg/goto_setpoint.hpp\n'}
[6.430295] (px4_msgs) StdoutLine: {'line': b'-- Up-to-date: /home/giromi/Repos/VTOL/ws_sensor_combined_src/install/px4_msgs/include/px4_msgs/px4_msgs/msg/trajectory_bezier.hpp\n'}
[6.430359] (px4_msgs) StdoutLine: {'line': b'-- Up-to-date: /home/giromi/Repos/VTOL/ws_sensor_combined_src/install/px4_msgs/include/px4_msgs/px4_msgs/msg/register_ext_component_request.hpp\n'}
[6.430473] (px4_msgs) StdoutLine: {'line': b'-- Up-to-date: /home/giromi/Repos/VTOL/ws_sensor_combined_src/install/px4_msgs/include/px4_msgs/px4_msgs/msg/ping.hpp\n'}
[6.430527] (px4_msgs) StdoutLine: {'line': b'-- Up-to-date: /home/giromi/Repos/VTOL/ws_sensor_combined_src/install/px4_msgs/include/px4_msgs/px4_msgs/msg/position_setpoint_triplet.hpp\n'}
[6.430581] (px4_msgs) StdoutLine: {'line': b'-- Up-to-date: /home/giromi/Repos/VTOL/ws_sensor_combined_src/install/px4_msgs/include/px4_msgs/px4_msgs/msg/sensor_correction.hpp\n'}
[6.430635] (px4_msgs) StdoutLine: {'line': b'-- Up-to-date: /home/giromi/Repos/VTOL/ws_sensor_combined_src/install/px4_msgs/include/px4_msgs/px4_msgs/msg/vehicle_local_position.hpp\n'}
[6.430689] (px4_msgs) StdoutLine: {'line': b'-- Up-to-date: /home/giromi/Repos/VTOL/ws_sensor_combined_src/install/px4_msgs/include/px4_msgs/px4_msgs/msg/onboard_computer_status.hpp\n'}
[6.430742] (px4_msgs) StdoutLine: {'line': b'-- Up-to-date: /home/giromi/Repos/VTOL/ws_sensor_combined_src/install/px4_msgs/include/px4_msgs/px4_msgs/msg/message_format_request.hpp\n'}
[6.430815] (px4_msgs) StdoutLine: {'line': b'-- Up-to-date: /home/giromi/Repos/VTOL/ws_sensor_combined_src/install/px4_msgs/include/px4_msgs/px4_msgs/msg/debug_vect.hpp\n'}
[6.430913] (px4_msgs) StdoutLine: {'line': b'-- Up-to-date: /home/giromi/Repos/VTOL/ws_sensor_combined_src/install/px4_msgs/include/px4_msgs/px4_msgs/msg/differential_pressure.hpp\n'}
[6.430968] (px4_msgs) StdoutLine: {'line': b'-- Up-to-date: /home/giromi/Repos/VTOL/ws_sensor_combined_src/install/px4_msgs/include/px4_msgs/px4_msgs/msg/sensors_status_imu.hpp\n'}
[6.431027] (px4_msgs) StdoutLine: {'line': b'-- Up-to-date: /home/giromi/Repos/VTOL/ws_sensor_combined_src/install/px4_msgs/include/px4_msgs/px4_msgs/msg/sensor_selection.hpp\n'}
[6.431081] (px4_msgs) StdoutLine: {'line': b'-- Up-to-date: /home/giromi/Repos/VTOL/ws_sensor_combined_src/install/px4_msgs/include/px4_msgs/px4_msgs/msg/mavlink_tunnel.hpp\n'}
[6.431135] (px4_msgs) StdoutLine: {'line': b'-- Up-to-date: /home/giromi/Repos/VTOL/ws_sensor_combined_src/install/px4_msgs/include/px4_msgs/px4_msgs/msg/health_report.hpp\n'}
[6.431189] (px4_msgs) StdoutLine: {'line': b'-- Up-to-date: /home/giromi/Repos/VTOL/ws_sensor_combined_src/install/px4_msgs/include/px4_msgs/px4_msgs/msg/vehicle_attitude_setpoint.hpp\n'}
[6.431243] (px4_msgs) StdoutLine: {'line': b'-- Up-to-date: /home/giromi/Repos/VTOL/ws_sensor_combined_src/install/px4_msgs/include/px4_msgs/px4_msgs/msg/sensor_gyro_fft.hpp\n'}
[6.431303] (px4_msgs) StdoutLine: {'line': b'-- Up-to-date: /home/giromi/Repos/VTOL/ws_sensor_combined_src/install/px4_msgs/include/px4_msgs/px4_msgs/msg/estimator_status_flags.hpp\n'}
[6.431379] (px4_msgs) StdoutLine: {'line': b'-- Up-to-date: /home/giromi/Repos/VTOL/ws_sensor_combined_src/install/px4_msgs/include/px4_msgs/px4_msgs/msg/debug_key_value.hpp\n'}
[6.431513] (px4_msgs) StdoutLine: {'line': b'-- Up-to-date: /home/giromi/Repos/VTOL/ws_sensor_combined_src/install/px4_msgs/include/px4_msgs/px4_msgs/msg/ulog_stream_ack.hpp\n'}
[6.431586] (px4_msgs) StdoutLine: {'line': b'-- Up-to-date: /home/giromi/Repos/VTOL/ws_sensor_combined_src/install/px4_msgs/include/px4_msgs/px4_msgs/msg/landing_target_pose.hpp\n'}
[6.431640] (px4_msgs) StdoutLine: {'line': b'-- Up-to-date: /home/giromi/Repos/VTOL/ws_sensor_combined_src/install/px4_msgs/include/px4_msgs/px4_msgs/msg/wheel_encoders.hpp\n'}
[6.431695] (px4_msgs) StdoutLine: {'line': b'-- Up-to-date: /home/giromi/Repos/VTOL/ws_sensor_combined_src/install/px4_msgs/include/px4_msgs/px4_msgs/msg/vehicle_local_position_setpoint.hpp\n'}
[6.431769] (px4_msgs) StdoutLine: {'line': b'-- Up-to-date: /home/giromi/Repos/VTOL/ws_sensor_combined_src/install/px4_msgs/include/px4_msgs/px4_msgs/msg/unregister_ext_component.hpp\n'}
[6.431866] (px4_msgs) StdoutLine: {'line': b'-- Up-to-date: /home/giromi/Repos/VTOL/ws_sensor_combined_src/install/px4_msgs/include/px4_msgs/px4_msgs/msg/vehicle_imu.hpp\n'}
[6.431920] (px4_msgs) StdoutLine: {'line': b'-- Up-to-date: /home/giromi/Repos/VTOL/ws_sensor_combined_src/install/px4_msgs/include/px4_msgs/px4_msgs/msg/estimator_aid_source1d.hpp\n'}
[6.431974] (px4_msgs) StdoutLine: {'line': b'-- Up-to-date: /home/giromi/Repos/VTOL/ws_sensor_combined_src/install/px4_msgs/include/px4_msgs/px4_msgs/msg/position_setpoint.hpp\n'}
[6.432027] (px4_msgs) StdoutLine: {'line': b'-- Up-to-date: /home/giromi/Repos/VTOL/ws_sensor_combined_src/install/px4_msgs/include/px4_msgs/px4_msgs/msg/actuator_servos.hpp\n'}
[6.432100] (px4_msgs) StdoutLine: {'line': b'-- Up-to-date: /home/giromi/Repos/VTOL/ws_sensor_combined_src/install/px4_msgs/include/px4_msgs/px4_msgs/msg/ekf2_timestamps.hpp\n'}
[6.432200] (px4_msgs) StdoutLine: {'line': b'-- Up-to-date: /home/giromi/Repos/VTOL/ws_sensor_combined_src/install/px4_msgs/include/px4_msgs/px4_msgs/msg/sensor_gnss_relative.hpp\n'}
[6.432254] (px4_msgs) StdoutLine: {'line': b'-- Up-to-date: /home/giromi/Repos/VTOL/ws_sensor_combined_src/install/px4_msgs/include/px4_msgs/px4_msgs/msg/dataman_response.hpp\n'}
[6.432308] (px4_msgs) StdoutLine: {'line': b'-- Up-to-date: /home/giromi/Repos/VTOL/ws_sensor_combined_src/install/px4_msgs/include/px4_msgs/px4_msgs/msg/sensor_hygrometer.hpp\n'}
[6.432361] (px4_msgs) StdoutLine: {'line': b'-- Up-to-date: /home/giromi/Repos/VTOL/ws_sensor_combined_src/install/px4_msgs/include/px4_msgs/px4_msgs/msg/battery_status.hpp\n'}
[6.432428] (px4_msgs) StdoutLine: {'line': b'-- Up-to-date: /home/giromi/Repos/VTOL/ws_sensor_combined_src/install/px4_msgs/include/px4_msgs/px4_msgs/msg/sensor_uwb.hpp\n'}
[6.432501] (px4_msgs) StdoutLine: {'line': b'-- Up-to-date: /home/giromi/Repos/VTOL/ws_sensor_combined_src/install/px4_msgs/include/px4_msgs/px4_msgs/msg/rc_channels.hpp\n'}
[6.432599] (px4_msgs) StdoutLine: {'line': b'-- Up-to-date: /home/giromi/Repos/VTOL/ws_sensor_combined_src/install/px4_msgs/include/px4_msgs/px4_msgs/msg/trajectory_setpoint.hpp\n'}
[6.432653] (px4_msgs) StdoutLine: {'line': b'-- Up-to-date: /home/giromi/Repos/VTOL/ws_sensor_combined_src/install/px4_msgs/include/px4_msgs/px4_msgs/msg/pwm_input.hpp\n'}
[6.432706] (px4_msgs) StdoutLine: {'line': b'-- Up-to-date: /home/giromi/Repos/VTOL/ws_sensor_combined_src/install/px4_msgs/include/px4_msgs/px4_msgs/msg/camera_capture.hpp\n'}
[6.432760] (px4_msgs) StdoutLine: {'line': b'-- Up-to-date: /home/giromi/Repos/VTOL/ws_sensor_combined_src/install/px4_msgs/include/px4_msgs/px4_msgs/msg/sensor_gyro_fifo.hpp\n'}
[6.432819] (px4_msgs) StdoutLine: {'line': b'-- Up-to-date: /home/giromi/Repos/VTOL/ws_sensor_combined_src/install/px4_msgs/include/px4_msgs/px4_msgs/msg/arming_check_reply.hpp\n'}
[6.432873] (px4_msgs) StdoutLine: {'line': b'-- Up-to-date: /home/giromi/Repos/VTOL/ws_sensor_combined_src/install/px4_msgs/include/px4_msgs/px4_msgs/msg/vehicle_trajectory_bezier.hpp\n'}
[6.432930] (px4_msgs) StdoutLine: {'line': b'-- Up-to-date: /home/giromi/Repos/VTOL/ws_sensor_combined_src/install/px4_msgs/include/px4_msgs/px4_msgs/msg/sensor_baro.hpp\n'}
[6.432984] (px4_msgs) StdoutLine: {'line': b'-- Up-to-date: /home/giromi/Repos/VTOL/ws_sensor_combined_src/install/px4_msgs/include/px4_msgs/px4_msgs/msg/estimator_bias3d.hpp\n'}
[6.433052] (px4_msgs) StdoutLine: {'line': b'-- Up-to-date: /home/giromi/Repos/VTOL/ws_sensor_combined_src/install/px4_msgs/include/px4_msgs/px4_msgs/msg/event.hpp\n'}
[6.433144] (px4_msgs) StdoutLine: {'line': b'-- Up-to-date: /home/giromi/Repos/VTOL/ws_sensor_combined_src/install/px4_msgs/include/px4_msgs/px4_msgs/msg/vehicle_command.hpp\n'}
[6.433198] (px4_msgs) StdoutLine: {'line': b'-- Up-to-date: /home/giromi/Repos/VTOL/ws_sensor_combined_src/install/px4_msgs/include/px4_msgs/px4_msgs/msg/position_controller_status.hpp\n'}
[6.433252] (px4_msgs) StdoutLine: {'line': b'-- Up-to-date: /home/giromi/Repos/VTOL/ws_sensor_combined_src/install/px4_msgs/include/px4_msgs/px4_msgs/msg/uavcan_parameter_request.hpp\n'}
[6.433306] (px4_msgs) StdoutLine: {'line': b'-- Up-to-date: /home/giromi/Repos/VTOL/ws_sensor_combined_src/install/px4_msgs/include/px4_msgs/px4_msgs/msg/register_ext_component_reply.hpp\n'}
[6.433360] (px4_msgs) StdoutLine: {'line': b'-- Up-to-date: /home/giromi/Repos/VTOL/ws_sensor_combined_src/install/px4_msgs/include/px4_msgs/px4_msgs/msg/rc_parameter_map.hpp\n'}
[6.433414] (px4_msgs) StdoutLine: {'line': b'-- Up-to-date: /home/giromi/Repos/VTOL/ws_sensor_combined_src/install/px4_msgs/include/px4_msgs/px4_msgs/msg/mode_completed.hpp\n'}
[6.433467] (px4_msgs) StdoutLine: {'line': b'-- Up-to-date: /home/giromi/Repos/VTOL/ws_sensor_combined_src/install/px4_msgs/include/px4_msgs/px4_msgs/msg/action_request.hpp\n'}
[6.433520] (px4_msgs) StdoutLine: {'line': b'-- Up-to-date: /home/giromi/Repos/VTOL/ws_sensor_combined_src/install/px4_msgs/include/px4_msgs/px4_msgs/msg/logger_status.hpp\n'}
[6.433592] (px4_msgs) StdoutLine: {'line': b'-- Up-to-date: /home/giromi/Repos/VTOL/ws_sensor_combined_src/install/px4_msgs/include/px4_msgs/px4_msgs/msg/landing_gear.hpp\n'}
[6.433689] (px4_msgs) StdoutLine: {'line': b'-- Up-to-date: /home/giromi/Repos/VTOL/ws_sensor_combined_src/install/px4_msgs/include/px4_msgs/px4_msgs/msg/transponder_report.hpp\n'}
[6.433807] (px4_msgs) StdoutLine: {'line': b'-- Up-to-date: /home/giromi/Repos/VTOL/ws_sensor_combined_src/install/px4_msgs/include/px4_msgs/px4_msgs/msg/manual_control_switches.hpp\n'}
[6.433861] (px4_msgs) StdoutLine: {'line': b'-- Up-to-date: /home/giromi/Repos/VTOL/ws_sensor_combined_src/install/px4_msgs/include/px4_msgs/px4_msgs/msg/system_power.hpp\n'}
[6.433914] (px4_msgs) StdoutLine: {'line': b'-- Up-to-date: /home/giromi/Repos/VTOL/ws_sensor_combined_src/install/px4_msgs/include/px4_msgs/px4_msgs/msg/hover_thrust_estimate.hpp\n'}
[6.433968] (px4_msgs) StdoutLine: {'line': b'-- Up-to-date: /home/giromi/Repos/VTOL/ws_sensor_combined_src/install/px4_msgs/include/px4_msgs/px4_msgs/msg/debug_array.hpp\n'}
[6.434022] (px4_msgs) StdoutLine: {'line': b'-- Up-to-date: /home/giromi/Repos/VTOL/ws_sensor_combined_src/install/px4_msgs/include/px4_msgs/px4_msgs/msg/px4io_status.hpp\n'}
[6.434075] (px4_msgs) StdoutLine: {'line': b'-- Up-to-date: /home/giromi/Repos/VTOL/ws_sensor_combined_src/install/px4_msgs/include/px4_msgs/px4_msgs/msg/actuator_controls_status.hpp\n'}
[6.434129] (px4_msgs) StdoutLine: {'line': b'-- Up-to-date: /home/giromi/Repos/VTOL/ws_sensor_combined_src/install/px4_msgs/include/px4_msgs/px4_msgs/msg/gimbal_manager_set_manual_control.hpp\n'}
[6.434182] (px4_msgs) StdoutLine: {'line': b'-- Up-to-date: /home/giromi/Repos/VTOL/ws_sensor_combined_src/install/px4_msgs/include/px4_msgs/px4_msgs/msg/gimbal_controls.hpp\n'}
[6.434241] (px4_msgs) StdoutLine: {'line': b'-- Up-to-date: /home/giromi/Repos/VTOL/ws_sensor_combined_src/install/px4_msgs/include/px4_msgs/px4_msgs/msg/heater_status.hpp\n'}
[6.434315] (px4_msgs) StdoutLine: {'line': b'-- Up-to-date: /home/giromi/Repos/VTOL/ws_sensor_combined_src/install/px4_msgs/include/px4_msgs/px4_msgs/msg/airspeed_wind.hpp\n'}
[6.434439] (px4_msgs) StdoutLine: {'line': b'-- Up-to-date: /home/giromi/Repos/VTOL/ws_sensor_combined_src/install/px4_msgs/include/px4_msgs/px4_msgs/msg/estimator_sensor_bias.hpp\n'}
[6.434508] (px4_msgs) StdoutLine: {'line': b'-- Up-to-date: /home/giromi/Repos/VTOL/ws_sensor_combined_src/install/px4_msgs/include/px4_msgs/px4_msgs/msg/gpio_config.hpp\n'}
[6.434563] (px4_msgs) StdoutLine: {'line': b'-- Up-to-date: /home/giromi/Repos/VTOL/ws_sensor_combined_src/install/px4_msgs/include/px4_msgs/px4_msgs\n'}
[6.434617] (px4_msgs) StdoutLine: {'line': b'-- Up-to-date: /home/giromi/Repos/VTOL/ws_sensor_combined_src/install/px4_msgs/include/px4_msgs/px4_msgs/srv\n'}
[6.434670] (px4_msgs) StdoutLine: {'line': b'-- Up-to-date: /home/giromi/Repos/VTOL/ws_sensor_combined_src/install/px4_msgs/include/px4_msgs/px4_msgs/srv/detail\n'}
[6.434724] (px4_msgs) StdoutLine: {'line': b'-- Up-to-date: /home/giromi/Repos/VTOL/ws_sensor_combined_src/install/px4_msgs/include/px4_msgs/px4_msgs/srv/detail/vehicle_command__rosidl_typesupport_fastrtps_cpp.hpp\n'}
[6.434779] (px4_msgs) StdoutLine: {'line': b'-- Up-to-date: /home/giromi/Repos/VTOL/ws_sensor_combined_src/install/px4_msgs/include/px4_msgs/px4_msgs/srv/detail/dds_fastrtps\n'}
[6.434837] (px4_msgs) StdoutLine: {'line': b'-- Up-to-date: /home/giromi/Repos/VTOL/ws_sensor_combined_src/install/px4_msgs/include/px4_msgs/px4_msgs/msg\n'}
[6.434910] (px4_msgs) StdoutLine: {'line': b'-- Up-to-date: /home/giromi/Repos/VTOL/ws_sensor_combined_src/install/px4_msgs/include/px4_msgs/px4_msgs/msg/detail\n'}
[6.435009] (px4_msgs) StdoutLine: {'line': b'-- Up-to-date: /home/giromi/Repos/VTOL/ws_sensor_combined_src/install/px4_msgs/include/px4_msgs/px4_msgs/msg/detail/rpm__rosidl_typesupport_fastrtps_cpp.hpp\n'}
[6.435064] (px4_msgs) StdoutLine: {'line': b'-- Up-to-date: /home/giromi/Repos/VTOL/ws_sensor_combined_src/install/px4_msgs/include/px4_msgs/px4_msgs/msg/detail/input_rc__rosidl_typesupport_fastrtps_cpp.hpp\n'}
[6.435118] (px4_msgs) StdoutLine: {'line': b'-- Up-to-date: /home/giromi/Repos/VTOL/ws_sensor_combined_src/install/px4_msgs/include/px4_msgs/px4_msgs/msg/detail/sensor_hygrometer__rosidl_typesupport_fastrtps_cpp.hpp\n'}
[6.435171] (px4_msgs) StdoutLine: {'line': b'-- Up-to-date: /home/giromi/Repos/VTOL/ws_sensor_combined_src/install/px4_msgs/include/px4_msgs/px4_msgs/msg/detail/obstacle_distance__rosidl_typesupport_fastrtps_cpp.hpp\n'}
[6.435244] (px4_msgs) StdoutLine: {'line': b'-- Up-to-date: /home/giromi/Repos/VTOL/ws_sensor_combined_src/install/px4_msgs/include/px4_msgs/px4_msgs/msg/detail/ulog_stream_ack__rosidl_typesupport_fastrtps_cpp.hpp\n'}
[6.435330] (px4_msgs) StdoutLine: {'line': b'-- Up-to-date: /home/giromi/Repos/VTOL/ws_sensor_combined_src/install/px4_msgs/include/px4_msgs/px4_msgs/msg/detail/vehicle_constraints__rosidl_typesupport_fastrtps_cpp.hpp\n'}
[6.435386] (px4_msgs) StdoutLine: {'line': b'-- Up-to-date: /home/giromi/Repos/VTOL/ws_sensor_combined_src/install/px4_msgs/include/px4_msgs/px4_msgs/msg/detail/tune_control__rosidl_typesupport_fastrtps_cpp.hpp\n'}
[6.435471] (px4_msgs) StdoutLine: {'line': b'-- Up-to-date: /home/giromi/Repos/VTOL/ws_sensor_combined_src/install/px4_msgs/include/px4_msgs/px4_msgs/msg/detail/cellular_status__rosidl_typesupport_fastrtps_cpp.hpp\n'}
[6.435567] (px4_msgs) StdoutLine: {'line': b'-- Up-to-date: /home/giromi/Repos/VTOL/ws_sensor_combined_src/install/px4_msgs/include/px4_msgs/px4_msgs/msg/detail/autotune_attitude_control_status__rosidl_typesupport_fastrtps_cpp.hpp\n'}
[6.435668] (px4_msgs) StdoutLine: {'line': b'-- Up-to-date: /home/giromi/Repos/VTOL/ws_sensor_combined_src/install/px4_msgs/include/px4_msgs/px4_msgs/msg/detail/follow_target__rosidl_typesupport_fastrtps_cpp.hpp\n'}
[6.435743] (px4_msgs) StdoutLine: {'line': b'-- Up-to-date: /home/giromi/Repos/VTOL/ws_sensor_combined_src/install/px4_msgs/include/px4_msgs/px4_msgs/msg/detail/actuator_servos__rosidl_typesupport_fastrtps_cpp.hpp\n'}
[6.435799] (px4_msgs) StdoutLine: {'line': b'-- Up-to-date: /home/giromi/Repos/VTOL/ws_sensor_combined_src/install/px4_msgs/include/px4_msgs/px4_msgs/msg/detail/vehicle_angular_velocity__rosidl_typesupport_fastrtps_cpp.hpp\n'}
[6.435854] (px4_msgs) StdoutLine: {'line': b'-- Up-to-date: /home/giromi/Repos/VTOL/ws_sensor_combined_src/install/px4_msgs/include/px4_msgs/px4_msgs/msg/detail/actuator_motors__rosidl_typesupport_fastrtps_cpp.hpp\n'}
[6.435908] (px4_msgs) StdoutLine: {'line': b'-- Up-to-date: /home/giromi/Repos/VTOL/ws_sensor_combined_src/install/px4_msgs/include/px4_msgs/px4_msgs/msg/detail/sensors_status_imu__rosidl_typesupport_fastrtps_cpp.hpp\n'}
[6.435962] (px4_msgs) StdoutLine: {'line': b'-- Up-to-date: /home/giromi/Repos/VTOL/ws_sensor_combined_src/install/px4_msgs/include/px4_msgs/px4_msgs/msg/detail/landing_gear_wheel__rosidl_typesupport_fastrtps_cpp.hpp\n'}
[6.436035] (px4_msgs) StdoutLine: {'line': b'-- Up-to-date: /home/giromi/Repos/VTOL/ws_sensor_combined_src/install/px4_msgs/include/px4_msgs/px4_msgs/msg/detail/manual_control_setpoint__rosidl_typesupport_fastrtps_cpp.hpp\n'}
[6.436135] (px4_msgs) StdoutLine: {'line': b'-- Up-to-date: /home/giromi/Repos/VTOL/ws_sensor_combined_src/install/px4_msgs/include/px4_msgs/px4_msgs/msg/detail/event__rosidl_typesupport_fastrtps_cpp.hpp\n'}
[6.436192] (px4_msgs) StdoutLine: {'line': b'-- Up-to-date: /home/giromi/Repos/VTOL/ws_sensor_combined_src/install/px4_msgs/include/px4_msgs/px4_msgs/msg/detail/landing_gear__rosidl_typesupport_fastrtps_cpp.hpp\n'}
[6.436255] (px4_msgs) StdoutLine: {'line': b'-- Up-to-date: /home/giromi/Repos/VTOL/ws_sensor_combined_src/install/px4_msgs/include/px4_msgs/px4_msgs/msg/detail/sensor_mag__rosidl_typesupport_fastrtps_cpp.hpp\n'}
[6.436310] (px4_msgs) StdoutLine: {'line': b'-- Up-to-date: /home/giromi/Repos/VTOL/ws_sensor_combined_src/install/px4_msgs/include/px4_msgs/px4_msgs/msg/detail/power_button_state__rosidl_typesupport_fastrtps_cpp.hpp\n'}
[6.436365] (px4_msgs) StdoutLine: {'line': b'-- Up-to-date: /home/giromi/Repos/VTOL/ws_sensor_combined_src/install/px4_msgs/include/px4_msgs/px4_msgs/msg/detail/estimator_sensor_bias__rosidl_typesupport_fastrtps_cpp.hpp\n'}
[6.436420] (px4_msgs) StdoutLine: {'line': b'-- Up-to-date: /home/giromi/Repos/VTOL/ws_sensor_combined_src/install/px4_msgs/include/px4_msgs/px4_msgs/msg/detail/takeoff_status__rosidl_typesupport_fastrtps_cpp.hpp\n'}
[6.436479] (px4_msgs) StdoutLine: {'line': b'-- Up-to-date: /home/giromi/Repos/VTOL/ws_sensor_combined_src/install/px4_msgs/include/px4_msgs/px4_msgs/msg/detail/gimbal_manager_status__rosidl_typesupport_fastrtps_cpp.hpp\n'}
[6.436534] (px4_msgs) StdoutLine: {'line': b'-- Up-to-date: /home/giromi/Repos/VTOL/ws_sensor_combined_src/install/px4_msgs/include/px4_msgs/px4_msgs/msg/detail/mount_orientation__rosidl_typesupport_fastrtps_cpp.hpp\n'}
[6.436649] (px4_msgs) StdoutLine: {'line': b'-- Up-to-date: /home/giromi/Repos/VTOL/ws_sensor_combined_src/install/px4_msgs/include/px4_msgs/px4_msgs/msg/detail/landing_target_pose__rosidl_typesupport_fastrtps_cpp.hpp\n'}
[6.436704] (px4_msgs) StdoutLine: {'line': b'-- Up-to-date: /home/giromi/Repos/VTOL/ws_sensor_combined_src/install/px4_msgs/include/px4_msgs/px4_msgs/msg/detail/unregister_ext_component__rosidl_typesupport_fastrtps_cpp.hpp\n'}
[6.436758] (px4_msgs) StdoutLine: {'line': b'-- Up-to-date: /home/giromi/Repos/VTOL/ws_sensor_combined_src/install/px4_msgs/include/px4_msgs/px4_msgs/msg/detail/buffer128__rosidl_typesupport_fastrtps_cpp.hpp\n'}
[6.436812] (px4_msgs) StdoutLine: {'line': b'-- Up-to-date: /home/giromi/Repos/VTOL/ws_sensor_combined_src/install/px4_msgs/include/px4_msgs/px4_msgs/msg/detail/vehicle_thrust_setpoint__rosidl_typesupport_fastrtps_cpp.hpp\n'}
[6.436866] (px4_msgs) StdoutLine: {'line': b'-- Up-to-date: /home/giromi/Repos/VTOL/ws_sensor_combined_src/install/px4_msgs/include/px4_msgs/px4_msgs/msg/detail/sensor_preflight_mag__rosidl_typesupport_fastrtps_cpp.hpp\n'}
[6.436989] (px4_msgs) StdoutLine: {'line': b'-- Up-to-date: /home/giromi/Repos/VTOL/ws_sensor_combined_src/install/px4_msgs/include/px4_msgs/px4_msgs/msg/detail/sensor_optical_flow__rosidl_typesupport_fastrtps_cpp.hpp\n'}
[6.437044] (px4_msgs) StdoutLine: {'line': b'-- Up-to-date: /home/giromi/Repos/VTOL/ws_sensor_combined_src/install/px4_msgs/include/px4_msgs/px4_msgs/msg/detail/iridiumsbd_status__rosidl_typesupport_fastrtps_cpp.hpp\n'}
[6.437098] (px4_msgs) StdoutLine: {'line': b'-- Up-to-date: /home/giromi/Repos/VTOL/ws_sensor_combined_src/install/px4_msgs/include/px4_msgs/px4_msgs/msg/detail/position_setpoint__rosidl_typesupport_fastrtps_cpp.hpp\n'}
[6.437152] (px4_msgs) StdoutLine: {'line': b'-- Up-to-date: /home/giromi/Repos/VTOL/ws_sensor_combined_src/install/px4_msgs/include/px4_msgs/px4_msgs/msg/detail/logger_status__rosidl_typesupport_fastrtps_cpp.hpp\n'}
[6.437205] (px4_msgs) StdoutLine: {'line': b'-- Up-to-date: /home/giromi/Repos/VTOL/ws_sensor_combined_src/install/px4_msgs/include/px4_msgs/px4_msgs/msg/detail/debug_vect__rosidl_typesupport_fastrtps_cpp.hpp\n'}
[6.437317] (px4_msgs) StdoutLine: {'line': b'-- Up-to-date: /home/giromi/Repos/VTOL/ws_sensor_combined_src/install/px4_msgs/include/px4_msgs/px4_msgs/msg/detail/airspeed_wind__rosidl_typesupport_fastrtps_cpp.hpp\n'}
[6.437372] (px4_msgs) StdoutLine: {'line': b'-- Up-to-date: /home/giromi/Repos/VTOL/ws_sensor_combined_src/install/px4_msgs/include/px4_msgs/px4_msgs/msg/detail/estimator_selector_status__rosidl_typesupport_fastrtps_cpp.hpp\n'}
[6.437426] (px4_msgs) StdoutLine: {'line': b'-- Up-to-date: /home/giromi/Repos/VTOL/ws_sensor_combined_src/install/px4_msgs/include/px4_msgs/px4_msgs/msg/detail/task_stack_info__rosidl_typesupport_fastrtps_cpp.hpp\n'}
[6.437480] (px4_msgs) StdoutLine: {'line': b'-- Up-to-date: /home/giromi/Repos/VTOL/ws_sensor_combined_src/install/px4_msgs/include/px4_msgs/px4_msgs/msg/detail/gimbal_controls__rosidl_typesupport_fastrtps_cpp.hpp\n'}
[6.437535] (px4_msgs) StdoutLine: {'line': b'-- Up-to-date: /home/giromi/Repos/VTOL/ws_sensor_combined_src/install/px4_msgs/include/px4_msgs/px4_msgs/msg/detail/position_controller_status__rosidl_typesupport_fastrtps_cpp.hpp\n'}
[6.437588] (px4_msgs) StdoutLine: {'line': b'-- Up-to-date: /home/giromi/Repos/VTOL/ws_sensor_combined_src/install/px4_msgs/include/px4_msgs/px4_msgs/msg/detail/led_control__rosidl_typesupport_fastrtps_cpp.hpp\n'}
[6.437687] (px4_msgs) StdoutLine: {'line': b'-- Up-to-date: /home/giromi/Repos/VTOL/ws_sensor_combined_src/install/px4_msgs/include/px4_msgs/px4_msgs/msg/detail/wheel_encoders__rosidl_typesupport_fastrtps_cpp.hpp\n'}
[6.437756] (px4_msgs) StdoutLine: {'line': b'-- Up-to-date: /home/giromi/Repos/VTOL/ws_sensor_combined_src/install/px4_msgs/include/px4_msgs/px4_msgs/msg/detail/vehicle_command__rosidl_typesupport_fastrtps_cpp.hpp\n'}
[6.437818] (px4_msgs) StdoutLine: {'line': b'-- Up-to-date: /home/giromi/Repos/VTOL/ws_sensor_combined_src/install/px4_msgs/include/px4_msgs/px4_msgs/msg/detail/register_ext_component_reply__rosidl_typesupport_fastrtps_cpp.hpp\n'}
[6.437874] (px4_msgs) StdoutLine: {'line': b'-- Up-to-date: /home/giromi/Repos/VTOL/ws_sensor_combined_src/install/px4_msgs/include/px4_msgs/px4_msgs/msg/detail/vehicle_imu__rosidl_typesupport_fastrtps_cpp.hpp\n'}
[6.437932] (px4_msgs) StdoutLine: {'line': b'-- Up-to-date: /home/giromi/Repos/VTOL/ws_sensor_combined_src/install/px4_msgs/include/px4_msgs/px4_msgs/msg/detail/npfg_status__rosidl_typesupport_fastrtps_cpp.hpp\n'}
[6.437987] (px4_msgs) StdoutLine: {'line': b'-- Up-to-date: /home/giromi/Repos/VTOL/ws_sensor_combined_src/install/px4_msgs/include/px4_msgs/px4_msgs/msg/detail/gpio_out__rosidl_typesupport_fastrtps_cpp.hpp\n'}
[6.438042] (px4_msgs) StdoutLine: {'line': b'-- Up-to-date: /home/giromi/Repos/VTOL/ws_sensor_combined_src/install/px4_msgs/include/px4_msgs/px4_msgs/msg/detail/rtl_time_estimate__rosidl_typesupport_fastrtps_cpp.hpp\n'}
[6.438100] (px4_msgs) StdoutLine: {'line': b'-- Up-to-date: /home/giromi/Repos/VTOL/ws_sensor_combined_src/install/px4_msgs/include/px4_msgs/px4_msgs/msg/detail/mavlink_log__rosidl_typesupport_fastrtps_cpp.hpp\n'}
[6.438174] (px4_msgs) StdoutLine: {'line': b'-- Up-to-date: /home/giromi/Repos/VTOL/ws_sensor_combined_src/install/px4_msgs/include/px4_msgs/px4_msgs/msg/detail/gps_inject_data__rosidl_typesupport_fastrtps_cpp.hpp\n'}
[6.438275] (px4_msgs) StdoutLine: {'line': b'-- Up-to-date: /home/giromi/Repos/VTOL/ws_sensor_combined_src/install/px4_msgs/include/px4_msgs/px4_msgs/msg/detail/gimbal_device_attitude_status__rosidl_typesupport_fastrtps_cpp.hpp\n'}
[6.438330] (px4_msgs) StdoutLine: {'line': b'-- Up-to-date: /home/giromi/Repos/VTOL/ws_sensor_combined_src/install/px4_msgs/include/px4_msgs/px4_msgs/msg/detail/sensor_gyro__rosidl_typesupport_fastrtps_cpp.hpp\n'}
[6.438385] (px4_msgs) StdoutLine: {'line': b'-- Up-to-date: /home/giromi/Repos/VTOL/ws_sensor_combined_src/install/px4_msgs/include/px4_msgs/px4_msgs/msg/detail/landing_target_innovations__rosidl_typesupport_fastrtps_cpp.hpp\n'}
[6.438439] (px4_msgs) StdoutLine: {'line': b'-- Up-to-date: /home/giromi/Repos/VTOL/ws_sensor_combined_src/install/px4_msgs/include/px4_msgs/px4_msgs/msg/detail/vehicle_acceleration__rosidl_typesupport_fastrtps_cpp.hpp\n'}
[6.438506] (px4_msgs) StdoutLine: {'line': b'-- Up-to-date: /home/giromi/Repos/VTOL/ws_sensor_combined_src/install/px4_msgs/include/px4_msgs/px4_msgs/msg/detail/differential_drive_setpoint__rosidl_typesupport_fastrtps_cpp.hpp\n'}
[6.438598] (px4_msgs) StdoutLine: {'line': b'-- Up-to-date: /home/giromi/Repos/VTOL/ws_sensor_combined_src/install/px4_msgs/include/px4_msgs/px4_msgs/msg/detail/debug_array__rosidl_typesupport_fastrtps_cpp.hpp\n'}
[6.438651] (px4_msgs) StdoutLine: {'line': b'-- Up-to-date: /home/giromi/Repos/VTOL/ws_sensor_combined_src/install/px4_msgs/include/px4_msgs/px4_msgs/msg/detail/dataman_response__rosidl_typesupport_fastrtps_cpp.hpp\n'}
[6.438705] (px4_msgs) StdoutLine: {'line': b'-- Up-to-date: /home/giromi/Repos/VTOL/ws_sensor_combined_src/install/px4_msgs/include/px4_msgs/px4_msgs/msg/detail/orb_test_medium__rosidl_typesupport_fastrtps_cpp.hpp\n'}
[6.438759] (px4_msgs) StdoutLine: {'line': b'-- Up-to-date: /home/giromi/Repos/VTOL/ws_sensor_combined_src/install/px4_msgs/include/px4_msgs/px4_msgs/msg/detail/vehicle_optical_flow__rosidl_typesupport_fastrtps_cpp.hpp\n'}
[6.438831] (px4_msgs) StdoutLine: {'line': b'-- Up-to-date: /home/giromi/Repos/VTOL/ws_sensor_combined_src/install/px4_msgs/include/px4_msgs/px4_msgs/msg/detail/gimbal_manager_set_attitude__rosidl_typesupport_fastrtps_cpp.hpp\n'}
[6.438931] (px4_msgs) StdoutLine: {'line': b'-- Up-to-date: /home/giromi/Repos/VTOL/ws_sensor_combined_src/install/px4_msgs/include/px4_msgs/px4_msgs/msg/detail/home_position__rosidl_typesupport_fastrtps_cpp.hpp\n'}
[6.438985] (px4_msgs) StdoutLine: {'line': b'-- Up-to-date: /home/giromi/Repos/VTOL/ws_sensor_combined_src/install/px4_msgs/include/px4_msgs/px4_msgs/msg/detail/vehicle_odometry__rosidl_typesupport_fastrtps_cpp.hpp\n'}
[6.439039] (px4_msgs) StdoutLine: {'line': b'-- Up-to-date: /home/giromi/Repos/VTOL/ws_sensor_combined_src/install/px4_msgs/include/px4_msgs/px4_msgs/msg/detail/gimbal_device_information__rosidl_typesupport_fastrtps_cpp.hpp\n'}
[6.439093] (px4_msgs) StdoutLine: {'line': b'-- Up-to-date: /home/giromi/Repos/VTOL/ws_sensor_combined_src/install/px4_msgs/include/px4_msgs/px4_msgs/msg/detail/internal_combustion_engine_status__rosidl_typesupport_fastrtps_cpp.hpp\n'}
[6.439146] (px4_msgs) StdoutLine: {'line': b'-- Up-to-date: /home/giromi/Repos/VTOL/ws_sensor_combined_src/install/px4_msgs/include/px4_msgs/px4_msgs/msg/detail/hover_thrust_estimate__rosidl_typesupport_fastrtps_cpp.hpp\n'}
[6.439200] (px4_msgs) StdoutLine: {'line': b'-- Up-to-date: /home/giromi/Repos/VTOL/ws_sensor_combined_src/install/px4_msgs/include/px4_msgs/px4_msgs/msg/detail/sensor_gyro_fft__rosidl_typesupport_fastrtps_cpp.hpp\n'}
[6.439305] (px4_msgs) StdoutLine: {'line': b'-- Up-to-date: /home/giromi/Repos/VTOL/ws_sensor_combined_src/install/px4_msgs/include/px4_msgs/px4_msgs/msg/detail/action_request__rosidl_typesupport_fastrtps_cpp.hpp\n'}
[6.439374] (px4_msgs) StdoutLine: {'line': b'-- Up-to-date: /home/giromi/Repos/VTOL/ws_sensor_combined_src/install/px4_msgs/include/px4_msgs/px4_msgs/msg/detail/distance_sensor__rosidl_typesupport_fastrtps_cpp.hpp\n'}
[6.439433] (px4_msgs) StdoutLine: {'line': b'-- Up-to-date: /home/giromi/Repos/VTOL/ws_sensor_combined_src/install/px4_msgs/include/px4_msgs/px4_msgs/msg/detail/system_power__rosidl_typesupport_fastrtps_cpp.hpp\n'}
[6.439536] (px4_msgs) StdoutLine: {'line': b'-- Up-to-date: /home/giromi/Repos/VTOL/ws_sensor_combined_src/install/px4_msgs/include/px4_msgs/px4_msgs/msg/detail/arming_check_request__rosidl_typesupport_fastrtps_cpp.hpp\n'}
[6.439594] (px4_msgs) StdoutLine: {'line': b'-- Up-to-date: /home/giromi/Repos/VTOL/ws_sensor_combined_src/install/px4_msgs/include/px4_msgs/px4_msgs/msg/detail/estimator_aid_source2d__rosidl_typesupport_fastrtps_cpp.hpp\n'}
[6.439651] (px4_msgs) StdoutLine: {'line': b'-- Up-to-date: /home/giromi/Repos/VTOL/ws_sensor_combined_src/install/px4_msgs/include/px4_msgs/px4_msgs/msg/detail/goto_setpoint__rosidl_typesupport_fastrtps_cpp.hpp\n'}
[6.439707] (px4_msgs) StdoutLine: {'line': b'-- Up-to-date: /home/giromi/Repos/VTOL/ws_sensor_combined_src/install/px4_msgs/include/px4_msgs/px4_msgs/msg/detail/generator_status__rosidl_typesupport_fastrtps_cpp.hpp\n'}
[6.439763] (px4_msgs) StdoutLine: {'line': b'-- Up-to-date: /home/giromi/Repos/VTOL/ws_sensor_combined_src/install/px4_msgs/include/px4_msgs/px4_msgs/msg/detail/vehicle_local_position_setpoint__rosidl_typesupport_fastrtps_cpp.hpp\n'}
[6.439852] (px4_msgs) StdoutLine: {'line': b'-- Up-to-date: /home/giromi/Repos/VTOL/ws_sensor_combined_src/install/px4_msgs/include/px4_msgs/px4_msgs/msg/detail/cpuload__rosidl_typesupport_fastrtps_cpp.hpp\n'}
[6.439913] (px4_msgs) StdoutLine: {'line': b'-- Up-to-date: /home/giromi/Repos/VTOL/ws_sensor_combined_src/install/px4_msgs/include/px4_msgs/px4_msgs/msg/detail/camera_status__rosidl_typesupport_fastrtps_cpp.hpp\n'}
[6.439975] (px4_msgs) StdoutLine: {'line': b'-- Up-to-date: /home/giromi/Repos/VTOL/ws_sensor_combined_src/install/px4_msgs/include/px4_msgs/px4_msgs/msg/detail/gps_dump__rosidl_typesupport_fastrtps_cpp.hpp\n'}
[6.440035] (px4_msgs) StdoutLine: {'line': b'-- Up-to-date: /home/giromi/Repos/VTOL/ws_sensor_combined_src/install/px4_msgs/include/px4_msgs/px4_msgs/msg/detail/gimbal_manager_set_manual_control__rosidl_typesupport_fastrtps_cpp.hpp\n'}
[6.440097] (px4_msgs) StdoutLine: {'line': b'-- Up-to-date: /home/giromi/Repos/VTOL/ws_sensor_combined_src/install/px4_msgs/include/px4_msgs/px4_msgs/msg/detail/mission_result__rosidl_typesupport_fastrtps_cpp.hpp\n'}
[6.440191] (px4_msgs) StdoutLine: {'line': b'-- Up-to-date: /home/giromi/Repos/VTOL/ws_sensor_combined_src/install/px4_msgs/include/px4_msgs/px4_msgs/msg/detail/rc_channels__rosidl_typesupport_fastrtps_cpp.hpp\n'}
[6.440254] (px4_msgs) StdoutLine: {'line': b'-- Up-to-date: /home/giromi/Repos/VTOL/ws_sensor_combined_src/install/px4_msgs/include/px4_msgs/px4_msgs/msg/detail/vehicle_attitude__rosidl_typesupport_fastrtps_cpp.hpp\n'}
[6.440315] (px4_msgs) StdoutLine: {'line': b'-- Up-to-date: /home/giromi/Repos/VTOL/ws_sensor_combined_src/install/px4_msgs/include/px4_msgs/px4_msgs/msg/detail/trajectory_waypoint__rosidl_typesupport_fastrtps_cpp.hpp\n'}
[6.440410] (px4_msgs) StdoutLine: {'line': b'-- Up-to-date: /home/giromi/Repos/VTOL/ws_sensor_combined_src/install/px4_msgs/include/px4_msgs/px4_msgs/msg/detail/tiltrotor_extra_controls__rosidl_typesupport_fastrtps_cpp.hpp\n'}
[6.440467] (px4_msgs) StdoutLine: {'line': b'-- Up-to-date: /home/giromi/Repos/VTOL/ws_sensor_combined_src/install/px4_msgs/include/px4_msgs/px4_msgs/msg/detail/estimator_aid_source3d__rosidl_typesupport_fastrtps_cpp.hpp\n'}
[6.440576] (px4_msgs) StdoutLine: {'line': b'-- Up-to-date: /home/giromi/Repos/VTOL/ws_sensor_combined_src/install/px4_msgs/include/px4_msgs/px4_msgs/msg/detail/estimator_status_flags__rosidl_typesupport_fastrtps_cpp.hpp\n'}
[6.440638] (px4_msgs) StdoutLine: {'line': b'-- Up-to-date: /home/giromi/Repos/VTOL/ws_sensor_combined_src/install/px4_msgs/include/px4_msgs/px4_msgs/msg/detail/control_allocator_status__rosidl_typesupport_fastrtps_cpp.hpp\n'}
[6.440693] (px4_msgs) StdoutLine: {'line': b'-- Up-to-date: /home/giromi/Repos/VTOL/ws_sensor_combined_src/install/px4_msgs/include/px4_msgs/px4_msgs/msg/detail/transponder_report__rosidl_typesupport_fastrtps_cpp.hpp\n'}
[6.440749] (px4_msgs) StdoutLine: {'line': b'-- Up-to-date: /home/giromi/Repos/VTOL/ws_sensor_combined_src/install/px4_msgs/include/px4_msgs/px4_msgs/msg/detail/sensor_airflow__rosidl_typesupport_fastrtps_cpp.hpp\n'}
[6.440805] (px4_msgs) StdoutLine: {'line': b'-- Up-to-date: /home/giromi/Repos/VTOL/ws_sensor_combined_src/install/px4_msgs/include/px4_msgs/px4_msgs/msg/detail/actuator_servos_trim__rosidl_typesupport_fastrtps_cpp.hpp\n'}
[6.440860] (px4_msgs) StdoutLine: {'line': b'-- Up-to-date: /home/giromi/Repos/VTOL/ws_sensor_combined_src/install/px4_msgs/include/px4_msgs/px4_msgs/msg/detail/offboard_control_mode__rosidl_typesupport_fastrtps_cpp.hpp\n'}
[6.440969] (px4_msgs) StdoutLine: {'line': b'-- Up-to-date: /home/giromi/Repos/VTOL/ws_sensor_combined_src/install/px4_msgs/include/px4_msgs/px4_msgs/msg/detail/mavlink_tunnel__rosidl_typesupport_fastrtps_cpp.hpp\n'}
[6.441036] (px4_msgs) StdoutLine: {'line': b'-- Up-to-date: /home/giromi/Repos/VTOL/ws_sensor_combined_src/install/px4_msgs/include/px4_msgs/px4_msgs/msg/detail/irlock_report__rosidl_typesupport_fastrtps_cpp.hpp\n'}
[6.441092] (px4_msgs) StdoutLine: {'line': b'-- Up-to-date: /home/giromi/Repos/VTOL/ws_sensor_combined_src/install/px4_msgs/include/px4_msgs/px4_msgs/msg/detail/heater_status__rosidl_typesupport_fastrtps_cpp.hpp\n'}
[6.441148] (px4_msgs) StdoutLine: {'line': b'-- Up-to-date: /home/giromi/Repos/VTOL/ws_sensor_combined_src/install/px4_msgs/include/px4_msgs/px4_msgs/msg/detail/battery_status__rosidl_typesupport_fastrtps_cpp.hpp\n'}
[6.441205] (px4_msgs) StdoutLine: {'line': b'-- Up-to-date: /home/giromi/Repos/VTOL/ws_sensor_combined_src/install/px4_msgs/include/px4_msgs/px4_msgs/msg/detail/uavcan_parameter_request__rosidl_typesupport_fastrtps_cpp.hpp\n'}
[6.441262] (px4_msgs) StdoutLine: {'line': b'-- Up-to-date: /home/giromi/Repos/VTOL/ws_sensor_combined_src/install/px4_msgs/include/px4_msgs/px4_msgs/msg/detail/gpio_config__rosidl_typesupport_fastrtps_cpp.hpp\n'}
[6.441318] (px4_msgs) StdoutLine: {'line': b'-- Up-to-date: /home/giromi/Repos/VTOL/ws_sensor_combined_src/install/px4_msgs/include/px4_msgs/px4_msgs/msg/detail/vehicle_trajectory_bezier__rosidl_typesupport_fastrtps_cpp.hpp\n'}
[6.441375] (px4_msgs) StdoutLine: {'line': b'-- Up-to-date: /home/giromi/Repos/VTOL/ws_sensor_combined_src/install/px4_msgs/include/px4_msgs/px4_msgs/msg/detail/failure_detector_status__rosidl_typesupport_fastrtps_cpp.hpp\n'}
[6.441431] (px4_msgs) StdoutLine: {'line': b'-- Up-to-date: /home/giromi/Repos/VTOL/ws_sensor_combined_src/install/px4_msgs/include/px4_msgs/px4_msgs/msg/detail/rate_ctrl_status__rosidl_typesupport_fastrtps_cpp.hpp\n'}
[6.441505] (px4_msgs) StdoutLine: {'line': b'-- Up-to-date: /home/giromi/Repos/VTOL/ws_sensor_combined_src/install/px4_msgs/include/px4_msgs/px4_msgs/msg/detail/sensor_accel_fifo__rosidl_typesupport_fastrtps_cpp.hpp\n'}
[6.441604] (px4_msgs) StdoutLine: {'line': b'-- Up-to-date: /home/giromi/Repos/VTOL/ws_sensor_combined_src/install/px4_msgs/include/px4_msgs/px4_msgs/msg/detail/yaw_estimator_status__rosidl_typesupport_fastrtps_cpp.hpp\n'}
[6.441658] (px4_msgs) StdoutLine: {'line': b'-- Up-to-date: /home/giromi/Repos/VTOL/ws_sensor_combined_src/install/px4_msgs/include/px4_msgs/px4_msgs/msg/detail/qshell_retval__rosidl_typesupport_fastrtps_cpp.hpp\n'}
[6.441712] (px4_msgs) StdoutLine: {'line': b'-- Up-to-date: /home/giromi/Repos/VTOL/ws_sensor_combined_src/install/px4_msgs/include/px4_msgs/px4_msgs/msg/detail/parameter_update__rosidl_typesupport_fastrtps_cpp.hpp\n'}
[6.441765] (px4_msgs) StdoutLine: {'line': b'-- Up-to-date: /home/giromi/Repos/VTOL/ws_sensor_combined_src/install/px4_msgs/include/px4_msgs/px4_msgs/msg/detail/differential_pressure__rosidl_typesupport_fastrtps_cpp.hpp\n'}
[6.441823] (px4_msgs) StdoutLine: {'line': b'-- Up-to-date: /home/giromi/Repos/VTOL/ws_sensor_combined_src/install/px4_msgs/include/px4_msgs/px4_msgs/msg/detail/log_message__rosidl_typesupport_fastrtps_cpp.hpp\n'}
[6.441877] (px4_msgs) StdoutLine: {'line': b'-- Up-to-date: /home/giromi/Repos/VTOL/ws_sensor_combined_src/install/px4_msgs/include/px4_msgs/px4_msgs/msg/detail/ping__rosidl_typesupport_fastrtps_cpp.hpp\n'}
[6.441931] (px4_msgs) StdoutLine: {'line': b'-- Up-to-date: /home/giromi/Repos/VTOL/ws_sensor_combined_src/install/px4_msgs/include/px4_msgs/px4_msgs/msg/detail/vehicle_trajectory_waypoint__rosidl_typesupport_fastrtps_cpp.hpp\n'}
[6.441984] (px4_msgs) StdoutLine: {'line': b'-- Up-to-date: /home/giromi/Repos/VTOL/ws_sensor_combined_src/install/px4_msgs/include/px4_msgs/px4_msgs/msg/detail/geofence_result__rosidl_typesupport_fastrtps_cpp.hpp\n'}
[6.442037] (px4_msgs) StdoutLine: {'line': b'-- Up-to-date: /home/giromi/Repos/VTOL/ws_sensor_combined_src/install/px4_msgs/include/px4_msgs/px4_msgs/msg/detail/actuator_controls_status__rosidl_typesupport_fastrtps_cpp.hpp\n'}
[6.442091] (px4_msgs) StdoutLine: {'line': b'-- Up-to-date: /home/giromi/Repos/VTOL/ws_sensor_combined_src/install/px4_msgs/include/px4_msgs/px4_msgs/msg/detail/vehicle_magnetometer__rosidl_typesupport_fastrtps_cpp.hpp\n'}
[6.442165] (px4_msgs) StdoutLine: {'line': b'-- Up-to-date: /home/giromi/Repos/VTOL/ws_sensor_combined_src/install/px4_msgs/include/px4_msgs/px4_msgs/msg/detail/rc_parameter_map__rosidl_typesupport_fastrtps_cpp.hpp\n'}
[6.442250] (px4_msgs) StdoutLine: {'line': b'-- Up-to-date: /home/giromi/Repos/VTOL/ws_sensor_combined_src/install/px4_msgs/include/px4_msgs/px4_msgs/msg/detail/estimator_event_flags__rosidl_typesupport_fastrtps_cpp.hpp\n'}
[6.442387] (px4_msgs) StdoutLine: {'line': b'-- Up-to-date: /home/giromi/Repos/VTOL/ws_sensor_combined_src/install/px4_msgs/include/px4_msgs/px4_msgs/msg/detail/normalized_unsigned_setpoint__rosidl_typesupport_fastrtps_cpp.hpp\n'}
[6.442499] (px4_msgs) StdoutLine: {'line': b'-- Up-to-date: /home/giromi/Repos/VTOL/ws_sensor_combined_src/install/px4_msgs/include/px4_msgs/px4_msgs/msg/detail/message_format_request__rosidl_typesupport_fastrtps_cpp.hpp\n'}
[6.442605] (px4_msgs) StdoutLine: {'line': b'-- Up-to-date: /home/giromi/Repos/VTOL/ws_sensor_combined_src/install/px4_msgs/include/px4_msgs/px4_msgs/msg/detail/position_controller_landing_status__rosidl_typesupport_fastrtps_cpp.hpp\n'}
[6.442660] (px4_msgs) StdoutLine: {'line': b'-- Up-to-date: /home/giromi/Repos/VTOL/ws_sensor_combined_src/install/px4_msgs/include/px4_msgs/px4_msgs/msg/detail/message_format_response__rosidl_typesupport_fastrtps_cpp.hpp\n'}
[6.442714] (px4_msgs) StdoutLine: {'line': b'-- Up-to-date: /home/giromi/Repos/VTOL/ws_sensor_combined_src/install/px4_msgs/include/px4_msgs/px4_msgs/msg/detail/tecs_status__rosidl_typesupport_fastrtps_cpp.hpp\n'}
[6.442768] (px4_msgs) StdoutLine: {'line': b'-- Up-to-date: /home/giromi/Repos/VTOL/ws_sensor_combined_src/install/px4_msgs/include/px4_msgs/px4_msgs/msg/detail/gimbal_manager_information__rosidl_typesupport_fastrtps_cpp.hpp\n'}
[6.442822] (px4_msgs) StdoutLine: {'line': b'-- Up-to-date: /home/giromi/Repos/VTOL/ws_sensor_combined_src/install/px4_msgs/include/px4_msgs/px4_msgs/msg/detail/actuator_outputs__rosidl_typesupport_fastrtps_cpp.hpp\n'}
[6.442876] (px4_msgs) StdoutLine: {'line': b'-- Up-to-date: /home/giromi/Repos/VTOL/ws_sensor_combined_src/install/px4_msgs/include/px4_msgs/px4_msgs/msg/detail/vehicle_status__rosidl_typesupport_fastrtps_cpp.hpp\n'}
[6.442930] (px4_msgs) StdoutLine: {'line': b'-- Up-to-date: /home/giromi/Repos/VTOL/ws_sensor_combined_src/install/px4_msgs/include/px4_msgs/px4_msgs/msg/detail/arming_check_reply__rosidl_typesupport_fastrtps_cpp.hpp\n'}
[6.442984] (px4_msgs) StdoutLine: {'line': b'-- Up-to-date: /home/giromi/Repos/VTOL/ws_sensor_combined_src/install/px4_msgs/include/px4_msgs/px4_msgs/msg/detail/estimator_bias__rosidl_typesupport_fastrtps_cpp.hpp\n'}
[6.443042] (px4_msgs) StdoutLine: {'line': b'-- Up-to-date: /home/giromi/Repos/VTOL/ws_sensor_combined_src/install/px4_msgs/include/px4_msgs/px4_msgs/msg/detail/follow_target_estimator__rosidl_typesupport_fastrtps_cpp.hpp\n'}
[6.443097] (px4_msgs) StdoutLine: {'line': b'-- Up-to-date: /home/giromi/Repos/VTOL/ws_sensor_combined_src/install/px4_msgs/include/px4_msgs/px4_msgs/msg/detail/follow_target_status__rosidl_typesupport_fastrtps_cpp.hpp\n'}
[6.443151] (px4_msgs) StdoutLine: {'line': b'-- Up-to-date: /home/giromi/Repos/VTOL/ws_sensor_combined_src/install/px4_msgs/include/px4_msgs/px4_msgs/msg/detail/mag_worker_data__rosidl_typesupport_fastrtps_cpp.hpp\n'}
[6.443205] (px4_msgs) StdoutLine: {'line': b'-- Up-to-date: /home/giromi/Repos/VTOL/ws_sensor_combined_src/install/px4_msgs/include/px4_msgs/px4_msgs/msg/detail/mode_completed__rosidl_typesupport_fastrtps_cpp.hpp\n'}
[6.443259] (px4_msgs) StdoutLine: {'line': b'-- Up-to-date: /home/giromi/Repos/VTOL/ws_sensor_combined_src/install/px4_msgs/include/px4_msgs/px4_msgs/msg/detail/vehicle_attitude_setpoint__rosidl_typesupport_fastrtps_cpp.hpp\n'}
[6.443358] (px4_msgs) StdoutLine: {'line': b'-- Up-to-date: /home/giromi/Repos/VTOL/ws_sensor_combined_src/install/px4_msgs/include/px4_msgs/px4_msgs/msg/detail/vehicle_optical_flow_vel__rosidl_typesupport_fastrtps_cpp.hpp\n'}
[6.443461] (px4_msgs) StdoutLine: {'line': b'-- Up-to-date: /home/giromi/Repos/VTOL/ws_sensor_combined_src/install/px4_msgs/include/px4_msgs/px4_msgs/msg/detail/sensor_gps__rosidl_typesupport_fastrtps_cpp.hpp\n'}
[6.443546] (px4_msgs) StdoutLine: {'line': b'-- Up-to-date: /home/giromi/Repos/VTOL/ws_sensor_combined_src/install/px4_msgs/include/px4_msgs/px4_msgs/msg/detail/dataman_request__rosidl_typesupport_fastrtps_cpp.hpp\n'}
[6.443602] (px4_msgs) StdoutLine: {'line': b'-- Up-to-date: /home/giromi/Repos/VTOL/ws_sensor_combined_src/install/px4_msgs/include/px4_msgs/px4_msgs/msg/detail/vehicle_rates_setpoint__rosidl_typesupport_fastrtps_cpp.hpp\n'}
[6.443658] (px4_msgs) StdoutLine: {'line': b'-- Up-to-date: /home/giromi/Repos/VTOL/ws_sensor_combined_src/install/px4_msgs/include/px4_msgs/px4_msgs/msg/detail/esc_report__rosidl_typesupport_fastrtps_cpp.hpp\n'}
[6.443713] (px4_msgs) StdoutLine: {'line': b'-- Up-to-date: /home/giromi/Repos/VTOL/ws_sensor_combined_src/install/px4_msgs/include/px4_msgs/px4_msgs/msg/detail/airspeed_validated__rosidl_typesupport_fastrtps_cpp.hpp\n'}
[6.443768] (px4_msgs) StdoutLine: {'line': b'-- Up-to-date: /home/giromi/Repos/VTOL/ws_sensor_combined_src/install/px4_msgs/include/px4_msgs/px4_msgs/msg/detail/estimator_states__rosidl_typesupport_fastrtps_cpp.hpp\n'}
[6.443823] (px4_msgs) StdoutLine: {'line': b'-- Up-to-date: /home/giromi/Repos/VTOL/ws_sensor_combined_src/install/px4_msgs/include/px4_msgs/px4_msgs/msg/detail/velocity_limits__rosidl_typesupport_fastrtps_cpp.hpp\n'}
[6.443879] (px4_msgs) StdoutLine: {'line': b'-- Up-to-date: /home/giromi/Repos/VTOL/ws_sensor_combined_src/install/px4_msgs/include/px4_msgs/px4_msgs/msg/detail/pwm_input__rosidl_typesupport_fastrtps_cpp.hpp\n'}
[6.443941] (px4_msgs) StdoutLine: {'line': b'-- Up-to-date: /home/giromi/Repos/VTOL/ws_sensor_combined_src/install/px4_msgs/include/px4_msgs/px4_msgs/msg/detail/button_event__rosidl_typesupport_fastrtps_cpp.hpp\n'}
[6.443997] (px4_msgs) StdoutLine: {'line': b'-- Up-to-date: /home/giromi/Repos/VTOL/ws_sensor_combined_src/install/px4_msgs/include/px4_msgs/px4_msgs/msg/detail/vehicle_command_ack__rosidl_typesupport_fastrtps_cpp.hpp\n'}
[6.444082] (px4_msgs) StdoutLine: {'line': b'-- Up-to-date: /home/giromi/Repos/VTOL/ws_sensor_combined_src/install/px4_msgs/include/px4_msgs/px4_msgs/msg/detail/sensor_gyro_fifo__rosidl_typesupport_fastrtps_cpp.hpp\n'}
[6.444197] (px4_msgs) StdoutLine: {'line': b'-- Up-to-date: /home/giromi/Repos/VTOL/ws_sensor_combined_src/install/px4_msgs/include/px4_msgs/px4_msgs/msg/detail/launch_detection_status__rosidl_typesupport_fastrtps_cpp.hpp\n'}
[6.444254] (px4_msgs) StdoutLine: {'line': b'-- Up-to-date: /home/giromi/Repos/VTOL/ws_sensor_combined_src/install/px4_msgs/include/px4_msgs/px4_msgs/msg/detail/orb_test_large__rosidl_typesupport_fastrtps_cpp.hpp\n'}
[6.444314] (px4_msgs) StdoutLine: {'line': b'-- Up-to-date: /home/giromi/Repos/VTOL/ws_sensor_combined_src/install/px4_msgs/include/px4_msgs/px4_msgs/msg/detail/gimbal_device_set_attitude__rosidl_typesupport_fastrtps_cpp.hpp\n'}
[6.444370] (px4_msgs) StdoutLine: {'line': b'-- Up-to-date: /home/giromi/Repos/VTOL/ws_sensor_combined_src/install/px4_msgs/include/px4_msgs/px4_msgs/msg/detail/timesync_status__rosidl_typesupport_fastrtps_cpp.hpp\n'}
[6.444444] (px4_msgs) StdoutLine: {'line': b'-- Up-to-date: /home/giromi/Repos/VTOL/ws_sensor_combined_src/install/px4_msgs/include/px4_msgs/px4_msgs/msg/detail/estimator_status__rosidl_typesupport_fastrtps_cpp.hpp\n'}
[6.444507] (px4_msgs) StdoutLine: {'line': b'-- Up-to-date: /home/giromi/Repos/VTOL/ws_sensor_combined_src/install/px4_msgs/include/px4_msgs/px4_msgs/msg/detail/wind__rosidl_typesupport_fastrtps_cpp.hpp\n'}
[6.444569] (px4_msgs) StdoutLine: {'line': b'-- Up-to-date: /home/giromi/Repos/VTOL/ws_sensor_combined_src/install/px4_msgs/include/px4_msgs/px4_msgs/msg/detail/adc_report__rosidl_typesupport_fastrtps_cpp.hpp\n'}
[6.444632] (px4_msgs) StdoutLine: {'line': b'-- Up-to-date: /home/giromi/Repos/VTOL/ws_sensor_combined_src/install/px4_msgs/include/px4_msgs/px4_msgs/msg/detail/trajectory_setpoint__rosidl_typesupport_fastrtps_cpp.hpp\n'}
[6.444724] (px4_msgs) StdoutLine: {'line': b'-- Up-to-date: /home/giromi/Repos/VTOL/ws_sensor_combined_src/install/px4_msgs/include/px4_msgs/px4_msgs/msg/detail/manual_control_switches__rosidl_typesupport_fastrtps_cpp.hpp\n'}
[6.444782] (px4_msgs) StdoutLine: {'line': b'-- Up-to-date: /home/giromi/Repos/VTOL/ws_sensor_combined_src/install/px4_msgs/include/px4_msgs/px4_msgs/msg/detail/px4io_status__rosidl_typesupport_fastrtps_cpp.hpp\n'}
[6.444870] (px4_msgs) StdoutLine: {'line': b'-- Up-to-date: /home/giromi/Repos/VTOL/ws_sensor_combined_src/install/px4_msgs/include/px4_msgs/px4_msgs/msg/detail/navigator_mission_item__rosidl_typesupport_fastrtps_cpp.hpp\n'}
[6.444930] (px4_msgs) StdoutLine: {'line': b'-- Up-to-date: /home/giromi/Repos/VTOL/ws_sensor_combined_src/install/px4_msgs/include/px4_msgs/px4_msgs/msg/detail/health_report__rosidl_typesupport_fastrtps_cpp.hpp\n'}
[6.444988] (px4_msgs) StdoutLine: {'line': b'-- Up-to-date: /home/giromi/Repos/VTOL/ws_sensor_combined_src/install/px4_msgs/include/px4_msgs/px4_msgs/msg/detail/uavcan_parameter_value__rosidl_typesupport_fastrtps_cpp.hpp\n'}
[6.445047] (px4_msgs) StdoutLine: {'line': b'-- Up-to-date: /home/giromi/Repos/VTOL/ws_sensor_combined_src/install/px4_msgs/include/px4_msgs/px4_msgs/msg/detail/collision_report__rosidl_typesupport_fastrtps_cpp.hpp\n'}
[6.445105] (px4_msgs) StdoutLine: {'line': b'-- Up-to-date: /home/giromi/Repos/VTOL/ws_sensor_combined_src/install/px4_msgs/include/px4_msgs/px4_msgs/msg/detail/debug_value__rosidl_typesupport_fastrtps_cpp.hpp\n'}
[6.445177] (px4_msgs) StdoutLine: {'line': b'-- Up-to-date: /home/giromi/Repos/VTOL/ws_sensor_combined_src/install/px4_msgs/include/px4_msgs/px4_msgs/msg/detail/figure_eight_status__rosidl_typesupport_fastrtps_cpp.hpp\n'}
[6.445245] (px4_msgs) StdoutLine: {'line': b'-- Up-to-date: /home/giromi/Repos/VTOL/ws_sensor_combined_src/install/px4_msgs/include/px4_msgs/px4_msgs/msg/detail/sensors_status__rosidl_typesupport_fastrtps_cpp.hpp\n'}
[6.445301] (px4_msgs) StdoutLine: {'line': b'-- Up-to-date: /home/giromi/Repos/VTOL/ws_sensor_combined_src/install/px4_msgs/include/px4_msgs/px4_msgs/msg/detail/sensor_gnss_relative__rosidl_typesupport_fastrtps_cpp.hpp\n'}
[6.445426] (px4_msgs) StdoutLine: {'line': b'-- Up-to-date: /home/giromi/Repos/VTOL/ws_sensor_combined_src/install/px4_msgs/include/px4_msgs/px4_msgs/msg/detail/gripper__rosidl_typesupport_fastrtps_cpp.hpp\n'}
[6.445486] (px4_msgs) StdoutLine: {'line': b'-- Up-to-date: /home/giromi/Repos/VTOL/ws_sensor_combined_src/install/px4_msgs/include/px4_msgs/px4_msgs/msg/detail/register_ext_component_request__rosidl_typesupport_fastrtps_cpp.hpp\n'}
[6.445555] (px4_msgs) StdoutLine: {'line': b'-- Up-to-date: /home/giromi/Repos/VTOL/ws_sensor_combined_src/install/px4_msgs/include/px4_msgs/px4_msgs/msg/detail/vehicle_imu_status__rosidl_typesupport_fastrtps_cpp.hpp\n'}
[6.445624] (px4_msgs) StdoutLine: {'line': b'-- Up-to-date: /home/giromi/Repos/VTOL/ws_sensor_combined_src/install/px4_msgs/include/px4_msgs/px4_msgs/msg/detail/mission__rosidl_typesupport_fastrtps_cpp.hpp\n'}
[6.445704] (px4_msgs) StdoutLine: {'line': b'-- Up-to-date: /home/giromi/Repos/VTOL/ws_sensor_combined_src/install/px4_msgs/include/px4_msgs/px4_msgs/msg/detail/sensor_baro__rosidl_typesupport_fastrtps_cpp.hpp\n'}
[6.445788] (px4_msgs) StdoutLine: {'line': b'-- Up-to-date: /home/giromi/Repos/VTOL/ws_sensor_combined_src/install/px4_msgs/include/px4_msgs/px4_msgs/msg/detail/airspeed__rosidl_typesupport_fastrtps_cpp.hpp\n'}
[6.445865] (px4_msgs) StdoutLine: {'line': b'-- Up-to-date: /home/giromi/Repos/VTOL/ws_sensor_combined_src/install/px4_msgs/include/px4_msgs/px4_msgs/msg/detail/esc_status__rosidl_typesupport_fastrtps_cpp.hpp\n'}
[6.445924] (px4_msgs) StdoutLine: {'line': b'-- Up-to-date: /home/giromi/Repos/VTOL/ws_sensor_combined_src/install/px4_msgs/include/px4_msgs/px4_msgs/msg/detail/collision_constraints__rosidl_typesupport_fastrtps_cpp.hpp\n'}
[6.445984] (px4_msgs) StdoutLine: {'line': b'-- Up-to-date: /home/giromi/Repos/VTOL/ws_sensor_combined_src/install/px4_msgs/include/px4_msgs/px4_msgs/msg/detail/vehicle_torque_setpoint__rosidl_typesupport_fastrtps_cpp.hpp\n'}
[6.446044] (px4_msgs) StdoutLine: {'line': b'-- Up-to-date: /home/giromi/Repos/VTOL/ws_sensor_combined_src/install/px4_msgs/include/px4_msgs/px4_msgs/msg/detail/sensor_accel__rosidl_typesupport_fastrtps_cpp.hpp\n'}
[6.446118] (px4_msgs) StdoutLine: {'line': b'-- Up-to-date: /home/giromi/Repos/VTOL/ws_sensor_combined_src/install/px4_msgs/include/px4_msgs/px4_msgs/msg/detail/position_setpoint_triplet__rosidl_typesupport_fastrtps_cpp.hpp\n'}
[6.446200] (px4_msgs) StdoutLine: {'line': b'-- Up-to-date: /home/giromi/Repos/VTOL/ws_sensor_combined_src/install/px4_msgs/include/px4_msgs/px4_msgs/msg/detail/dds_fastrtps\n'}
[6.446274] (px4_msgs) StdoutLine: {'line': b'-- Up-to-date: /home/giromi/Repos/VTOL/ws_sensor_combined_src/install/px4_msgs/include/px4_msgs/px4_msgs/msg/detail/vtol_vehicle_status__rosidl_typesupport_fastrtps_cpp.hpp\n'}
[6.446354] (px4_msgs) StdoutLine: {'line': b'-- Up-to-date: /home/giromi/Repos/VTOL/ws_sensor_combined_src/install/px4_msgs/include/px4_msgs/px4_msgs/msg/detail/power_monitor__rosidl_typesupport_fastrtps_cpp.hpp\n'}
[6.446428] (px4_msgs) StdoutLine: {'line': b'-- Up-to-date: /home/giromi/Repos/VTOL/ws_sensor_combined_src/install/px4_msgs/include/px4_msgs/px4_msgs/msg/detail/config_overrides__rosidl_typesupport_fastrtps_cpp.hpp\n'}
[6.446581] (px4_msgs) StdoutLine: {'line': b'-- Up-to-date: /home/giromi/Repos/VTOL/ws_sensor_combined_src/install/px4_msgs/include/px4_msgs/px4_msgs/msg/detail/onboard_computer_status__rosidl_typesupport_fastrtps_cpp.hpp\n'}
[6.446678] (px4_msgs) StdoutLine: {'line': b'-- Up-to-date: /home/giromi/Repos/VTOL/ws_sensor_combined_src/install/px4_msgs/include/px4_msgs/px4_msgs/msg/detail/actuator_armed__rosidl_typesupport_fastrtps_cpp.hpp\n'}
[6.446821] (px4_msgs) StdoutLine: {'line': b'-- Up-to-date: /home/giromi/Repos/VTOL/ws_sensor_combined_src/install/px4_msgs/include/px4_msgs/px4_msgs/msg/detail/sensor_correction__rosidl_typesupport_fastrtps_cpp.hpp\n'}
[6.446908] (px4_msgs) StdoutLine: {'line': b'-- Up-to-date: /home/giromi/Repos/VTOL/ws_sensor_combined_src/install/px4_msgs/include/px4_msgs/px4_msgs/msg/detail/camera_trigger__rosidl_typesupport_fastrtps_cpp.hpp\n'}
[6.446967] (px4_msgs) StdoutLine: {'line': b'-- Up-to-date: /home/giromi/Repos/VTOL/ws_sensor_combined_src/install/px4_msgs/include/px4_msgs/px4_msgs/msg/detail/camera_capture__rosidl_typesupport_fastrtps_cpp.hpp\n'}
[6.447032] (px4_msgs) StdoutLine: {'line': b'-- Up-to-date: /home/giromi/Repos/VTOL/ws_sensor_combined_src/install/px4_msgs/include/px4_msgs/px4_msgs/msg/detail/estimator_gps_status__rosidl_typesupport_fastrtps_cpp.hpp\n'}
[6.447095] (px4_msgs) StdoutLine: {'line': b'-- Up-to-date: /home/giromi/Repos/VTOL/ws_sensor_combined_src/install/px4_msgs/include/px4_msgs/px4_msgs/msg/detail/vehicle_land_detected__rosidl_typesupport_fastrtps_cpp.hpp\n'}
[6.447288] (px4_msgs) StdoutLine: {'line': b'-- Up-to-date: /home/giromi/Repos/VTOL/ws_sensor_combined_src/install/px4_msgs/include/px4_msgs/px4_msgs/msg/detail/pps_capture__rosidl_typesupport_fastrtps_cpp.hpp\n'}
[6.447350] (px4_msgs) StdoutLine: {'line': b'-- Up-to-date: /home/giromi/Repos/VTOL/ws_sensor_combined_src/install/px4_msgs/include/px4_msgs/px4_msgs/msg/detail/sensor_combined__rosidl_typesupport_fastrtps_cpp.hpp\n'}
[6.447406] (px4_msgs) StdoutLine: {'line': b'-- Up-to-date: /home/giromi/Repos/VTOL/ws_sensor_combined_src/install/px4_msgs/include/px4_msgs/px4_msgs/msg/detail/magnetometer_bias_estimate__rosidl_typesupport_fastrtps_cpp.hpp\n'}
[6.447570] (px4_msgs) StdoutLine: {'line': b'-- Up-to-date: /home/giromi/Repos/VTOL/ws_sensor_combined_src/install/px4_msgs/include/px4_msgs/px4_msgs/msg/detail/ulog_stream__rosidl_typesupport_fastrtps_cpp.hpp\n'}
[6.447639] (px4_msgs) StdoutLine: {'line': b'-- Up-to-date: /home/giromi/Repos/VTOL/ws_sensor_combined_src/install/px4_msgs/include/px4_msgs/px4_msgs/msg/detail/vehicle_angular_acceleration_setpoint__rosidl_typesupport_fastrtps_cpp.hpp\n'}
[6.447700] (px4_msgs) StdoutLine: {'line': b'-- Up-to-date: /home/giromi/Repos/VTOL/ws_sensor_combined_src/install/px4_msgs/include/px4_msgs/px4_msgs/msg/detail/orb_test__rosidl_typesupport_fastrtps_cpp.hpp\n'}
[6.447785] (px4_msgs) StdoutLine: {'line': b'-- Up-to-date: /home/giromi/Repos/VTOL/ws_sensor_combined_src/install/px4_msgs/include/px4_msgs/px4_msgs/msg/detail/ekf2_timestamps__rosidl_typesupport_fastrtps_cpp.hpp\n'}
[6.447966] (px4_msgs) StdoutLine: {'line': b'-- Up-to-date: /home/giromi/Repos/VTOL/ws_sensor_combined_src/install/px4_msgs/include/px4_msgs/px4_msgs/msg/detail/sensor_uwb__rosidl_typesupport_fastrtps_cpp.hpp\n'}
[6.448040] (px4_msgs) StdoutLine: {'line': b'-- Up-to-date: /home/giromi/Repos/VTOL/ws_sensor_combined_src/install/px4_msgs/include/px4_msgs/px4_msgs/msg/detail/satellite_info__rosidl_typesupport_fastrtps_cpp.hpp\n'}
[6.448096] (px4_msgs) StdoutLine: {'line': b'-- Up-to-date: /home/giromi/Repos/VTOL/ws_sensor_combined_src/install/px4_msgs/include/px4_msgs/px4_msgs/msg/detail/orbit_status__rosidl_typesupport_fastrtps_cpp.hpp\n'}
[6.448152] (px4_msgs) StdoutLine: {'line': b'-- Up-to-date: /home/giromi/Repos/VTOL/ws_sensor_combined_src/install/px4_msgs/include/px4_msgs/px4_msgs/msg/detail/qshell_req__rosidl_typesupport_fastrtps_cpp.hpp\n'}
[6.448258] (px4_msgs) StdoutLine: {'line': b'-- Up-to-date: /home/giromi/Repos/VTOL/ws_sensor_combined_src/install/px4_msgs/include/px4_msgs/px4_msgs/msg/detail/actuator_test__rosidl_typesupport_fastrtps_cpp.hpp\n'}
[6.448315] (px4_msgs) StdoutLine: {'line': b'-- Up-to-date: /home/giromi/Repos/VTOL/ws_sensor_combined_src/install/px4_msgs/include/px4_msgs/px4_msgs/msg/detail/estimator_bias3d__rosidl_typesupport_fastrtps_cpp.hpp\n'}
[6.448373] (px4_msgs) StdoutLine: {'line': b'-- Up-to-date: /home/giromi/Repos/VTOL/ws_sensor_combined_src/install/px4_msgs/include/px4_msgs/px4_msgs/msg/detail/estimator_innovations__rosidl_typesupport_fastrtps_cpp.hpp\n'}
[6.448489] (px4_msgs) StdoutLine: {'line': b'-- Up-to-date: /home/giromi/Repos/VTOL/ws_sensor_combined_src/install/px4_msgs/include/px4_msgs/px4_msgs/msg/detail/telemetry_status__rosidl_typesupport_fastrtps_cpp.hpp\n'}
[6.448647] (px4_msgs) StdoutLine: {'line': b'-- Up-to-date: /home/giromi/Repos/VTOL/ws_sensor_combined_src/install/px4_msgs/include/px4_msgs/px4_msgs/msg/detail/estimator_aid_source1d__rosidl_typesupport_fastrtps_cpp.hpp\n'}
[6.448721] (px4_msgs) StdoutLine: {'line': b'-- Up-to-date: /home/giromi/Repos/VTOL/ws_sensor_combined_src/install/px4_msgs/include/px4_msgs/px4_msgs/msg/detail/radio_status__rosidl_typesupport_fastrtps_cpp.hpp\n'}
[6.448780] (px4_msgs) StdoutLine: {'line': b'-- Up-to-date: /home/giromi/Repos/VTOL/ws_sensor_combined_src/install/px4_msgs/include/px4_msgs/px4_msgs/msg/detail/sensor_selection__rosidl_typesupport_fastrtps_cpp.hpp\n'}
[6.448858] (px4_msgs) StdoutLine: {'line': b'-- Up-to-date: /home/giromi/Repos/VTOL/ws_sensor_combined_src/install/px4_msgs/include/px4_msgs/px4_msgs/msg/detail/vehicle_roi__rosidl_typesupport_fastrtps_cpp.hpp\n'}
[6.448930] (px4_msgs) StdoutLine: {'line': b'-- Up-to-date: /home/giromi/Repos/VTOL/ws_sensor_combined_src/install/px4_msgs/include/px4_msgs/px4_msgs/msg/detail/vehicle_global_position__rosidl_typesupport_fastrtps_cpp.hpp\n'}
[6.448987] (px4_msgs) StdoutLine: {'line': b'-- Up-to-date: /home/giromi/Repos/VTOL/ws_sensor_combined_src/install/px4_msgs/include/px4_msgs/px4_msgs/msg/detail/debug_key_value__rosidl_typesupport_fastrtps_cpp.hpp\n'}
[6.449044] (px4_msgs) StdoutLine: {'line': b'-- Up-to-date: /home/giromi/Repos/VTOL/ws_sensor_combined_src/install/px4_msgs/include/px4_msgs/px4_msgs/msg/detail/failsafe_flags__rosidl_typesupport_fastrtps_cpp.hpp\n'}
[6.449099] (px4_msgs) StdoutLine: {'line': b'-- Up-to-date: /home/giromi/Repos/VTOL/ws_sensor_combined_src/install/px4_msgs/include/px4_msgs/px4_msgs/msg/detail/vehicle_control_mode__rosidl_typesupport_fastrtps_cpp.hpp\n'}
[6.449156] (px4_msgs) StdoutLine: {'line': b'-- Up-to-date: /home/giromi/Repos/VTOL/ws_sensor_combined_src/install/px4_msgs/include/px4_msgs/px4_msgs/msg/detail/trajectory_bezier__rosidl_typesupport_fastrtps_cpp.hpp\n'}
[6.449212] (px4_msgs) StdoutLine: {'line': b'-- Up-to-date: /home/giromi/Repos/VTOL/ws_sensor_combined_src/install/px4_msgs/include/px4_msgs/px4_msgs/msg/detail/vehicle_air_data__rosidl_typesupport_fastrtps_cpp.hpp\n'}
[6.449291] (px4_msgs) StdoutLine: {'line': b'-- Up-to-date: /home/giromi/Repos/VTOL/ws_sensor_combined_src/install/px4_msgs/include/px4_msgs/px4_msgs/msg/detail/gpio_request__rosidl_typesupport_fastrtps_cpp.hpp\n'}
[6.449475] (px4_msgs) StdoutLine: {'line': b'-- Up-to-date: /home/giromi/Repos/VTOL/ws_sensor_combined_src/install/px4_msgs/include/px4_msgs/px4_msgs/msg/detail/vehicle_local_position__rosidl_typesupport_fastrtps_cpp.hpp\n'}
[6.449533] (px4_msgs) StdoutLine: {'line': b'-- Up-to-date: /home/giromi/Repos/VTOL/ws_sensor_combined_src/install/px4_msgs/include/px4_msgs/px4_msgs/msg/detail/gpio_in__rosidl_typesupport_fastrtps_cpp.hpp\n'}
[6.449589] (px4_msgs) StdoutLine: {'line': b'-- Up-to-date: /home/giromi/Repos/VTOL/ws_sensor_combined_src/install/px4_msgs/include/px4_msgs/px4_msgs/msg/rosidl_typesupport_fastrtps_cpp__visibility_control.h\n'}
[6.449650] (px4_msgs) StdoutLine: {'line': b'-- Up-to-date: /home/giromi/Repos/VTOL/ws_sensor_combined_src/install/px4_msgs/lib/libpx4_msgs__rosidl_typesupport_fastrtps_cpp.so\n'}
[6.449706] (px4_msgs) StdoutLine: {'line': b'-- Up-to-date: /home/giromi/Repos/VTOL/ws_sensor_combined_src/install/px4_msgs/include/px4_msgs/px4_msgs\n'}
[6.449835] (px4_msgs) StdoutLine: {'line': b'-- Up-to-date: /home/giromi/Repos/VTOL/ws_sensor_combined_src/install/px4_msgs/include/px4_msgs/px4_msgs/srv\n'}
[6.449928] (px4_msgs) StdoutLine: {'line': b'-- Up-to-date: /home/giromi/Repos/VTOL/ws_sensor_combined_src/install/px4_msgs/include/px4_msgs/px4_msgs/srv/detail\n'}
[6.449992] (px4_msgs) StdoutLine: {'line': b'-- Up-to-date: /home/giromi/Repos/VTOL/ws_sensor_combined_src/install/px4_msgs/include/px4_msgs/px4_msgs/srv/detail/vehicle_command__type_support.c\n'}
[6.450057] (px4_msgs) StdoutLine: {'line': b'-- Up-to-date: /home/giromi/Repos/VTOL/ws_sensor_combined_src/install/px4_msgs/include/px4_msgs/px4_msgs/srv/detail/vehicle_command__rosidl_typesupport_introspection_c.h\n'}
[6.450114] (px4_msgs) StdoutLine: {'line': b'-- Up-to-date: /home/giromi/Repos/VTOL/ws_sensor_combined_src/install/px4_msgs/include/px4_msgs/px4_msgs/msg\n'}
[6.450203] (px4_msgs) StdoutLine: {'line': b'-- Up-to-date: /home/giromi/Repos/VTOL/ws_sensor_combined_src/install/px4_msgs/include/px4_msgs/px4_msgs/msg/detail\n'}
[6.450582] (px4_msgs) StdoutLine: {'line': b'-- Up-to-date: /home/giromi/Repos/VTOL/ws_sensor_combined_src/install/px4_msgs/include/px4_msgs/px4_msgs/msg/detail/system_power__type_support.c\n'}
[6.450749] (px4_msgs) StdoutLine: {'line': b'-- Up-to-date: /home/giromi/Repos/VTOL/ws_sensor_combined_src/install/px4_msgs/include/px4_msgs/px4_msgs/msg/detail/landing_target_innovations__type_support.c\n'}
[6.450930] (px4_msgs) StdoutLine: {'line': b'-- Up-to-date: /home/giromi/Repos/VTOL/ws_sensor_combined_src/install/px4_msgs/include/px4_msgs/px4_msgs/msg/detail/manual_control_setpoint__rosidl_typesupport_introspection_c.h\n'}
[6.451069] (px4_msgs) StdoutLine: {'line': b'-- Up-to-date: /home/giromi/Repos/VTOL/ws_sensor_combined_src/install/px4_msgs/include/px4_msgs/px4_msgs/msg/detail/vehicle_trajectory_waypoint__type_support.c\n'}
[6.451221] (px4_msgs) StdoutLine: {'line': b'-- Up-to-date: /home/giromi/Repos/VTOL/ws_sensor_combined_src/install/px4_msgs/include/px4_msgs/px4_msgs/msg/detail/estimator_sensor_bias__type_support.c\n'}
[6.451365] (px4_msgs) StdoutLine: {'line': b'-- Up-to-date: /home/giromi/Repos/VTOL/ws_sensor_combined_src/install/px4_msgs/include/px4_msgs/px4_msgs/msg/detail/power_button_state__rosidl_typesupport_introspection_c.h\n'}
[6.451688] (px4_msgs) StdoutLine: {'line': b'-- Up-to-date: /home/giromi/Repos/VTOL/ws_sensor_combined_src/install/px4_msgs/include/px4_msgs/px4_msgs/msg/detail/gimbal_manager_set_manual_control__rosidl_typesupport_introspection_c.h\n'}
[6.451844] (px4_msgs) StdoutLine: {'line': b'-- Up-to-date: /home/giromi/Repos/VTOL/ws_sensor_combined_src/install/px4_msgs/include/px4_msgs/px4_msgs/msg/detail/uavcan_parameter_request__type_support.c\n'}
[6.452048] (px4_msgs) StdoutLine: {'line': b'-- Up-to-date: /home/giromi/Repos/VTOL/ws_sensor_combined_src/install/px4_msgs/include/px4_msgs/px4_msgs/msg/detail/orbit_status__type_support.c\n'}
[6.452265] (px4_msgs) StdoutLine: {'line': b'-- Up-to-date: /home/giromi/Repos/VTOL/ws_sensor_combined_src/install/px4_msgs/include/px4_msgs/px4_msgs/msg/detail/actuator_motors__rosidl_typesupport_introspection_c.h\n'}
[6.452353] (px4_msgs) StdoutLine: {'line': b'-- Up-to-date: /home/giromi/Repos/VTOL/ws_sensor_combined_src/install/px4_msgs/include/px4_msgs/px4_msgs/msg/detail/task_stack_info__type_support.c\n'}
[6.452438] (px4_msgs) StdoutLine: {'line': b'-- Up-to-date: /home/giromi/Repos/VTOL/ws_sensor_combined_src/install/px4_msgs/include/px4_msgs/px4_msgs/msg/detail/tecs_status__type_support.c\n'}
[6.452542] (px4_msgs) StdoutLine: {'line': b'-- Up-to-date: /home/giromi/Repos/VTOL/ws_sensor_combined_src/install/px4_msgs/include/px4_msgs/px4_msgs/msg/detail/timesync_status__type_support.c\n'}
[6.452618] (px4_msgs) StdoutLine: {'line': b'-- Up-to-date: /home/giromi/Repos/VTOL/ws_sensor_combined_src/install/px4_msgs/include/px4_msgs/px4_msgs/msg/detail/gimbal_controls__rosidl_typesupport_introspection_c.h\n'}
[6.452733] (px4_msgs) StdoutLine: {'line': b'-- Up-to-date: /home/giromi/Repos/VTOL/ws_sensor_combined_src/install/px4_msgs/include/px4_msgs/px4_msgs/msg/detail/actuator_motors__type_support.c\n'}
[6.452815] (px4_msgs) StdoutLine: {'line': b'-- Up-to-date: /home/giromi/Repos/VTOL/ws_sensor_combined_src/install/px4_msgs/include/px4_msgs/px4_msgs/msg/detail/rtl_time_estimate__type_support.c\n'}
[6.452905] (px4_msgs) StdoutLine: {'line': b'-- Up-to-date: /home/giromi/Repos/VTOL/ws_sensor_combined_src/install/px4_msgs/include/px4_msgs/px4_msgs/msg/detail/actuator_armed__type_support.c\n'}
[6.452999] (px4_msgs) StdoutLine: {'line': b'-- Up-to-date: /home/giromi/Repos/VTOL/ws_sensor_combined_src/install/px4_msgs/include/px4_msgs/px4_msgs/msg/detail/heater_status__type_support.c\n'}
[6.453086] (px4_msgs) StdoutLine: {'line': b'-- Up-to-date: /home/giromi/Repos/VTOL/ws_sensor_combined_src/install/px4_msgs/include/px4_msgs/px4_msgs/msg/detail/pps_capture__type_support.c\n'}
[6.453300] (px4_msgs) StdoutLine: {'line': b'-- Up-to-date: /home/giromi/Repos/VTOL/ws_sensor_combined_src/install/px4_msgs/include/px4_msgs/px4_msgs/msg/detail/message_format_request__type_support.c\n'}
[6.453383] (px4_msgs) StdoutLine: {'line': b'-- Up-to-date: /home/giromi/Repos/VTOL/ws_sensor_combined_src/install/px4_msgs/include/px4_msgs/px4_msgs/msg/detail/estimator_status_flags__rosidl_typesupport_introspection_c.h\n'}
[6.453551] (px4_msgs) StdoutLine: {'line': b'-- Up-to-date: /home/giromi/Repos/VTOL/ws_sensor_combined_src/install/px4_msgs/include/px4_msgs/px4_msgs/msg/detail/gimbal_manager_information__rosidl_typesupport_introspection_c.h\n'}
[6.453624] (px4_msgs) StdoutLine: {'line': b'-- Up-to-date: /home/giromi/Repos/VTOL/ws_sensor_combined_src/install/px4_msgs/include/px4_msgs/px4_msgs/msg/detail/actuator_armed__rosidl_typesupport_introspection_c.h\n'}
[6.453703] (px4_msgs) StdoutLine: {'line': b'-- Up-to-date: /home/giromi/Repos/VTOL/ws_sensor_combined_src/install/px4_msgs/include/px4_msgs/px4_msgs/msg/detail/vehicle_trajectory_bezier__rosidl_typesupport_introspection_c.h\n'}
[6.453847] (px4_msgs) StdoutLine: {'line': b'-- Up-to-date: /home/giromi/Repos/VTOL/ws_sensor_combined_src/install/px4_msgs/include/px4_msgs/px4_msgs/msg/detail/collision_report__rosidl_typesupport_introspection_c.h\n'}
[6.453905] (px4_msgs) StdoutLine: {'line': b'-- Up-to-date: /home/giromi/Repos/VTOL/ws_sensor_combined_src/install/px4_msgs/include/px4_msgs/px4_msgs/msg/detail/differential_pressure__rosidl_typesupport_introspection_c.h\n'}
[6.453960] (px4_msgs) StdoutLine: {'line': b'-- Up-to-date: /home/giromi/Repos/VTOL/ws_sensor_combined_src/install/px4_msgs/include/px4_msgs/px4_msgs/msg/detail/airspeed_wind__type_support.c\n'}
[6.454014] (px4_msgs) StdoutLine: {'line': b'-- Up-to-date: /home/giromi/Repos/VTOL/ws_sensor_combined_src/install/px4_msgs/include/px4_msgs/px4_msgs/msg/detail/position_controller_landing_status__rosidl_typesupport_introspection_c.h\n'}
[6.454112] (px4_msgs) StdoutLine: {'line': b'-- Up-to-date: /home/giromi/Repos/VTOL/ws_sensor_combined_src/install/px4_msgs/include/px4_msgs/px4_msgs/msg/detail/mount_orientation__type_support.c\n'}
[6.454227] (px4_msgs) StdoutLine: {'line': b'-- Up-to-date: /home/giromi/Repos/VTOL/ws_sensor_combined_src/install/px4_msgs/include/px4_msgs/px4_msgs/msg/detail/landing_target_pose__rosidl_typesupport_introspection_c.h\n'}
[6.454281] (px4_msgs) StdoutLine: {'line': b'-- Up-to-date: /home/giromi/Repos/VTOL/ws_sensor_combined_src/install/px4_msgs/include/px4_msgs/px4_msgs/msg/detail/gripper__type_support.c\n'}
[6.454335] (px4_msgs) StdoutLine: {'line': b'-- Up-to-date: /home/giromi/Repos/VTOL/ws_sensor_combined_src/install/px4_msgs/include/px4_msgs/px4_msgs/msg/detail/estimator_innovations__type_support.c\n'}
[6.454390] (px4_msgs) StdoutLine: {'line': b'-- Up-to-date: /home/giromi/Repos/VTOL/ws_sensor_combined_src/install/px4_msgs/include/px4_msgs/px4_msgs/msg/detail/vehicle_acceleration__rosidl_typesupport_introspection_c.h\n'}
[6.454444] (px4_msgs) StdoutLine: {'line': b'-- Up-to-date: /home/giromi/Repos/VTOL/ws_sensor_combined_src/install/px4_msgs/include/px4_msgs/px4_msgs/msg/detail/sensor_airflow__type_support.c\n'}
[6.454497] (px4_msgs) StdoutLine: {'line': b'-- Up-to-date: /home/giromi/Repos/VTOL/ws_sensor_combined_src/install/px4_msgs/include/px4_msgs/px4_msgs/msg/detail/follow_target_status__type_support.c\n'}
[6.454609] (px4_msgs) StdoutLine: {'line': b'-- Up-to-date: /home/giromi/Repos/VTOL/ws_sensor_combined_src/install/px4_msgs/include/px4_msgs/px4_msgs/msg/detail/uavcan_parameter_value__type_support.c\n'}
[6.454711] (px4_msgs) StdoutLine: {'line': b'-- Up-to-date: /home/giromi/Repos/VTOL/ws_sensor_combined_src/install/px4_msgs/include/px4_msgs/px4_msgs/msg/detail/geofence_result__type_support.c\n'}
[6.454765] (px4_msgs) StdoutLine: {'line': b'-- Up-to-date: /home/giromi/Repos/VTOL/ws_sensor_combined_src/install/px4_msgs/include/px4_msgs/px4_msgs/msg/detail/message_format_response__type_support.c\n'}
[6.454820] (px4_msgs) StdoutLine: {'line': b'-- Up-to-date: /home/giromi/Repos/VTOL/ws_sensor_combined_src/install/px4_msgs/include/px4_msgs/px4_msgs/msg/detail/actuator_outputs__type_support.c\n'}
[6.454879] (px4_msgs) StdoutLine: {'line': b'-- Up-to-date: /home/giromi/Repos/VTOL/ws_sensor_combined_src/install/px4_msgs/include/px4_msgs/px4_msgs/msg/detail/arming_check_reply__rosidl_typesupport_introspection_c.h\n'}
[6.454933] (px4_msgs) StdoutLine: {'line': b'-- Up-to-date: /home/giromi/Repos/VTOL/ws_sensor_combined_src/install/px4_msgs/include/px4_msgs/px4_msgs/msg/detail/vehicle_angular_acceleration_setpoint__rosidl_typesupport_introspection_c.h\n'}
[6.454992] (px4_msgs) StdoutLine: {'line': b'-- Up-to-date: /home/giromi/Repos/VTOL/ws_sensor_combined_src/install/px4_msgs/include/px4_msgs/px4_msgs/msg/detail/heater_status__rosidl_typesupport_introspection_c.h\n'}
[6.455047] (px4_msgs) StdoutLine: {'line': b'-- Up-to-date: /home/giromi/Repos/VTOL/ws_sensor_combined_src/install/px4_msgs/include/px4_msgs/px4_msgs/msg/detail/estimator_aid_source3d__type_support.c\n'}
[6.455101] (px4_msgs) StdoutLine: {'line': b'-- Up-to-date: /home/giromi/Repos/VTOL/ws_sensor_combined_src/install/px4_msgs/include/px4_msgs/px4_msgs/msg/detail/follow_target_estimator__type_support.c\n'}
[6.455194] (px4_msgs) StdoutLine: {'line': b'-- Up-to-date: /home/giromi/Repos/VTOL/ws_sensor_combined_src/install/px4_msgs/include/px4_msgs/px4_msgs/msg/detail/gimbal_device_set_attitude__rosidl_typesupport_introspection_c.h\n'}
[6.455348] (px4_msgs) StdoutLine: {'line': b'-- Up-to-date: /home/giromi/Repos/VTOL/ws_sensor_combined_src/install/px4_msgs/include/px4_msgs/px4_msgs/msg/detail/obstacle_distance__rosidl_typesupport_introspection_c.h\n'}
[6.455458] (px4_msgs) StdoutLine: {'line': b'-- Up-to-date: /home/giromi/Repos/VTOL/ws_sensor_combined_src/install/px4_msgs/include/px4_msgs/px4_msgs/msg/detail/sensor_hygrometer__type_support.c\n'}
[6.455539] (px4_msgs) StdoutLine: {'line': b'-- Up-to-date: /home/giromi/Repos/VTOL/ws_sensor_combined_src/install/px4_msgs/include/px4_msgs/px4_msgs/msg/detail/vehicle_control_mode__type_support.c\n'}
[6.455606] (px4_msgs) StdoutLine: {'line': b'-- Up-to-date: /home/giromi/Repos/VTOL/ws_sensor_combined_src/install/px4_msgs/include/px4_msgs/px4_msgs/msg/detail/follow_target_status__rosidl_typesupport_introspection_c.h\n'}
[6.455664] (px4_msgs) StdoutLine: {'line': b'-- Up-to-date: /home/giromi/Repos/VTOL/ws_sensor_combined_src/install/px4_msgs/include/px4_msgs/px4_msgs/msg/detail/message_format_response__rosidl_typesupport_introspection_c.h\n'}
[6.455720] (px4_msgs) StdoutLine: {'line': b'-- Up-to-date: /home/giromi/Repos/VTOL/ws_sensor_combined_src/install/px4_msgs/include/px4_msgs/px4_msgs/msg/detail/position_controller_status__rosidl_typesupport_introspection_c.h\n'}
[6.455777] (px4_msgs) StdoutLine: {'line': b'-- Up-to-date: /home/giromi/Repos/VTOL/ws_sensor_combined_src/install/px4_msgs/include/px4_msgs/px4_msgs/msg/detail/pwm_input__type_support.c\n'}
[6.455905] (px4_msgs) StdoutLine: {'line': b'-- Up-to-date: /home/giromi/Repos/VTOL/ws_sensor_combined_src/install/px4_msgs/include/px4_msgs/px4_msgs/msg/detail/register_ext_component_request__rosidl_typesupport_introspection_c.h\n'}
[6.456013] (px4_msgs) StdoutLine: {'line': b'-- Up-to-date: /home/giromi/Repos/VTOL/ws_sensor_combined_src/install/px4_msgs/include/px4_msgs/px4_msgs/msg/detail/manual_control_switches__rosidl_typesupport_introspection_c.h\n'}
[6.456102] (px4_msgs) StdoutLine: {'line': b'-- Up-to-date: /home/giromi/Repos/VTOL/ws_sensor_combined_src/install/px4_msgs/include/px4_msgs/px4_msgs/msg/detail/sensors_status__rosidl_typesupport_introspection_c.h\n'}
[6.456160] (px4_msgs) StdoutLine: {'line': b'-- Up-to-date: /home/giromi/Repos/VTOL/ws_sensor_combined_src/install/px4_msgs/include/px4_msgs/px4_msgs/msg/detail/dataman_response__type_support.c\n'}
[6.456217] (px4_msgs) StdoutLine: {'line': b'-- Up-to-date: /home/giromi/Repos/VTOL/ws_sensor_combined_src/install/px4_msgs/include/px4_msgs/px4_msgs/msg/detail/estimator_aid_source2d__type_support.c\n'}
[6.456274] (px4_msgs) StdoutLine: {'line': b'-- Up-to-date: /home/giromi/Repos/VTOL/ws_sensor_combined_src/install/px4_msgs/include/px4_msgs/px4_msgs/msg/detail/vehicle_land_detected__type_support.c\n'}
[6.456331] (px4_msgs) StdoutLine: {'line': b'-- Up-to-date: /home/giromi/Repos/VTOL/ws_sensor_combined_src/install/px4_msgs/include/px4_msgs/px4_msgs/msg/detail/position_setpoint_triplet__type_support.c\n'}
[6.456387] (px4_msgs) StdoutLine: {'line': b'-- Up-to-date: /home/giromi/Repos/VTOL/ws_sensor_combined_src/install/px4_msgs/include/px4_msgs/px4_msgs/msg/detail/log_message__type_support.c\n'}
[6.456448] (px4_msgs) StdoutLine: {'line': b'-- Up-to-date: /home/giromi/Repos/VTOL/ws_sensor_combined_src/install/px4_msgs/include/px4_msgs/px4_msgs/msg/detail/sensor_gnss_relative__rosidl_typesupport_introspection_c.h\n'}
[6.456505] (px4_msgs) StdoutLine: {'line': b'-- Up-to-date: /home/giromi/Repos/VTOL/ws_sensor_combined_src/install/px4_msgs/include/px4_msgs/px4_msgs/msg/detail/collision_constraints__rosidl_typesupport_introspection_c.h\n'}
[6.456564] (px4_msgs) StdoutLine: {'line': b'-- Up-to-date: /home/giromi/Repos/VTOL/ws_sensor_combined_src/install/px4_msgs/include/px4_msgs/px4_msgs/msg/detail/manual_control_setpoint__type_support.c\n'}
[6.456685] (px4_msgs) StdoutLine: {'line': b'-- Up-to-date: /home/giromi/Repos/VTOL/ws_sensor_combined_src/install/px4_msgs/include/px4_msgs/px4_msgs/msg/detail/sensor_mag__rosidl_typesupport_introspection_c.h\n'}
[6.456740] (px4_msgs) StdoutLine: {'line': b'-- Up-to-date: /home/giromi/Repos/VTOL/ws_sensor_combined_src/install/px4_msgs/include/px4_msgs/px4_msgs/msg/detail/gps_dump__rosidl_typesupport_introspection_c.h\n'}
[6.456793] (px4_msgs) StdoutLine: {'line': b'-- Up-to-date: /home/giromi/Repos/VTOL/ws_sensor_combined_src/install/px4_msgs/include/px4_msgs/px4_msgs/msg/detail/vehicle_command__type_support.c\n'}
[6.456849] (px4_msgs) StdoutLine: {'line': b'-- Up-to-date: /home/giromi/Repos/VTOL/ws_sensor_combined_src/install/px4_msgs/include/px4_msgs/px4_msgs/msg/detail/debug_vect__type_support.c\n'}
[6.456902] (px4_msgs) StdoutLine: {'line': b'-- Up-to-date: /home/giromi/Repos/VTOL/ws_sensor_combined_src/install/px4_msgs/include/px4_msgs/px4_msgs/msg/detail/differential_drive_setpoint__type_support.c\n'}
[6.456956] (px4_msgs) StdoutLine: {'line': b'-- Up-to-date: /home/giromi/Repos/VTOL/ws_sensor_combined_src/install/px4_msgs/include/px4_msgs/px4_msgs/msg/detail/gimbal_device_attitude_status__rosidl_typesupport_introspection_c.h\n'}
[6.457012] (px4_msgs) StdoutLine: {'line': b'-- Up-to-date: /home/giromi/Repos/VTOL/ws_sensor_combined_src/install/px4_msgs/include/px4_msgs/px4_msgs/msg/detail/sensor_accel__rosidl_typesupport_introspection_c.h\n'}
[6.457066] (px4_msgs) StdoutLine: {'line': b'-- Up-to-date: /home/giromi/Repos/VTOL/ws_sensor_combined_src/install/px4_msgs/include/px4_msgs/px4_msgs/msg/detail/gripper__rosidl_typesupport_introspection_c.h\n'}
[6.457120] (px4_msgs) StdoutLine: {'line': b'-- Up-to-date: /home/giromi/Repos/VTOL/ws_sensor_combined_src/install/px4_msgs/include/px4_msgs/px4_msgs/msg/detail/sensors_status__type_support.c\n'}
[6.457213] (px4_msgs) StdoutLine: {'line': b'-- Up-to-date: /home/giromi/Repos/VTOL/ws_sensor_combined_src/install/px4_msgs/include/px4_msgs/px4_msgs/msg/detail/vehicle_constraints__rosidl_typesupport_introspection_c.h\n'}
[6.457311] (px4_msgs) StdoutLine: {'line': b'-- Up-to-date: /home/giromi/Repos/VTOL/ws_sensor_combined_src/install/px4_msgs/include/px4_msgs/px4_msgs/msg/detail/button_event__rosidl_typesupport_introspection_c.h\n'}
[6.457370] (px4_msgs) StdoutLine: {'line': b'-- Up-to-date: /home/giromi/Repos/VTOL/ws_sensor_combined_src/install/px4_msgs/include/px4_msgs/px4_msgs/msg/detail/satellite_info__rosidl_typesupport_introspection_c.h\n'}
[6.457441] (px4_msgs) StdoutLine: {'line': b'-- Up-to-date: /home/giromi/Repos/VTOL/ws_sensor_combined_src/install/px4_msgs/include/px4_msgs/px4_msgs/msg/detail/action_request__rosidl_typesupport_introspection_c.h\n'}
[6.457497] (px4_msgs) StdoutLine: {'line': b'-- Up-to-date: /home/giromi/Repos/VTOL/ws_sensor_combined_src/install/px4_msgs/include/px4_msgs/px4_msgs/msg/detail/landing_gear__type_support.c\n'}
[6.457616] (px4_msgs) StdoutLine: {'line': b'-- Up-to-date: /home/giromi/Repos/VTOL/ws_sensor_combined_src/install/px4_msgs/include/px4_msgs/px4_msgs/msg/detail/battery_status__rosidl_typesupport_introspection_c.h\n'}
[6.457672] (px4_msgs) StdoutLine: {'line': b'-- Up-to-date: /home/giromi/Repos/VTOL/ws_sensor_combined_src/install/px4_msgs/include/px4_msgs/px4_msgs/msg/detail/vehicle_torque_setpoint__type_support.c\n'}
[6.457727] (px4_msgs) StdoutLine: {'line': b'-- Up-to-date: /home/giromi/Repos/VTOL/ws_sensor_combined_src/install/px4_msgs/include/px4_msgs/px4_msgs/msg/detail/mission_result__rosidl_typesupport_introspection_c.h\n'}
[6.457788] (px4_msgs) StdoutLine: {'line': b'-- Up-to-date: /home/giromi/Repos/VTOL/ws_sensor_combined_src/install/px4_msgs/include/px4_msgs/px4_msgs/msg/detail/actuator_controls_status__type_support.c\n'}
[6.457844] (px4_msgs) StdoutLine: {'line': b'-- Up-to-date: /home/giromi/Repos/VTOL/ws_sensor_combined_src/install/px4_msgs/include/px4_msgs/px4_msgs/msg/detail/control_allocator_status__rosidl_typesupport_introspection_c.h\n'}
[6.457950] (px4_msgs) StdoutLine: {'line': b'-- Up-to-date: /home/giromi/Repos/VTOL/ws_sensor_combined_src/install/px4_msgs/include/px4_msgs/px4_msgs/msg/detail/mavlink_tunnel__type_support.c\n'}
[6.458055] (px4_msgs) StdoutLine: {'line': b'-- Up-to-date: /home/giromi/Repos/VTOL/ws_sensor_combined_src/install/px4_msgs/include/px4_msgs/px4_msgs/msg/detail/led_control__rosidl_typesupport_introspection_c.h\n'}
[6.458110] (px4_msgs) StdoutLine: {'line': b'-- Up-to-date: /home/giromi/Repos/VTOL/ws_sensor_combined_src/install/px4_msgs/include/px4_msgs/px4_msgs/msg/detail/airspeed__type_support.c\n'}
[6.458163] (px4_msgs) StdoutLine: {'line': b'-- Up-to-date: /home/giromi/Repos/VTOL/ws_sensor_combined_src/install/px4_msgs/include/px4_msgs/px4_msgs/msg/detail/vehicle_thrust_setpoint__type_support.c\n'}
[6.458221] (px4_msgs) StdoutLine: {'line': b'-- Up-to-date: /home/giromi/Repos/VTOL/ws_sensor_combined_src/install/px4_msgs/include/px4_msgs/px4_msgs/msg/detail/estimator_status__rosidl_typesupport_introspection_c.h\n'}
[6.458275] (px4_msgs) StdoutLine: {'line': b'-- Up-to-date: /home/giromi/Repos/VTOL/ws_sensor_combined_src/install/px4_msgs/include/px4_msgs/px4_msgs/msg/detail/estimator_gps_status__type_support.c\n'}
[6.458367] (px4_msgs) StdoutLine: {'line': b'-- Up-to-date: /home/giromi/Repos/VTOL/ws_sensor_combined_src/install/px4_msgs/include/px4_msgs/px4_msgs/msg/detail/mavlink_log__rosidl_typesupport_introspection_c.h\n'}
[6.458475] (px4_msgs) StdoutLine: {'line': b'-- Up-to-date: /home/giromi/Repos/VTOL/ws_sensor_combined_src/install/px4_msgs/include/px4_msgs/px4_msgs/msg/detail/estimator_sensor_bias__rosidl_typesupport_introspection_c.h\n'}
[6.458529] (px4_msgs) StdoutLine: {'line': b'-- Up-to-date: /home/giromi/Repos/VTOL/ws_sensor_combined_src/install/px4_msgs/include/px4_msgs/px4_msgs/msg/detail/failure_detector_status__type_support.c\n'}
[6.458583] (px4_msgs) StdoutLine: {'line': b'-- Up-to-date: /home/giromi/Repos/VTOL/ws_sensor_combined_src/install/px4_msgs/include/px4_msgs/px4_msgs/msg/detail/landing_gear__rosidl_typesupport_introspection_c.h\n'}
[6.458637] (px4_msgs) StdoutLine: {'line': b'-- Up-to-date: /home/giromi/Repos/VTOL/ws_sensor_combined_src/install/px4_msgs/include/px4_msgs/px4_msgs/msg/detail/gps_inject_data__type_support.c\n'}
[6.458691] (px4_msgs) StdoutLine: {'line': b'-- Up-to-date: /home/giromi/Repos/VTOL/ws_sensor_combined_src/install/px4_msgs/include/px4_msgs/px4_msgs/msg/detail/sensor_correction__rosidl_typesupport_introspection_c.h\n'}
[6.458745] (px4_msgs) StdoutLine: {'line': b'-- Up-to-date: /home/giromi/Repos/VTOL/ws_sensor_combined_src/install/px4_msgs/include/px4_msgs/px4_msgs/msg/detail/wind__type_support.c\n'}
[6.458799] (px4_msgs) StdoutLine: {'line': b'-- Up-to-date: /home/giromi/Repos/VTOL/ws_sensor_combined_src/install/px4_msgs/include/px4_msgs/px4_msgs/msg/detail/arming_check_request__type_support.c\n'}
[6.458853] (px4_msgs) StdoutLine: {'line': b'-- Up-to-date: /home/giromi/Repos/VTOL/ws_sensor_combined_src/install/px4_msgs/include/px4_msgs/px4_msgs/msg/detail/vehicle_rates_setpoint__type_support.c\n'}
[6.458946] (px4_msgs) StdoutLine: {'line': b'-- Up-to-date: /home/giromi/Repos/VTOL/ws_sensor_combined_src/install/px4_msgs/include/px4_msgs/px4_msgs/msg/detail/satellite_info__type_support.c\n'}
[6.459063] (px4_msgs) StdoutLine: {'line': b'-- Up-to-date: /home/giromi/Repos/VTOL/ws_sensor_combined_src/install/px4_msgs/include/px4_msgs/px4_msgs/msg/detail/npfg_status__type_support.c\n'}
[6.459122] (px4_msgs) StdoutLine: {'line': b'-- Up-to-date: /home/giromi/Repos/VTOL/ws_sensor_combined_src/install/px4_msgs/include/px4_msgs/px4_msgs/msg/detail/geofence_result__rosidl_typesupport_introspection_c.h\n'}
[6.459177] (px4_msgs) StdoutLine: {'line': b'-- Up-to-date: /home/giromi/Repos/VTOL/ws_sensor_combined_src/install/px4_msgs/include/px4_msgs/px4_msgs/msg/detail/orb_test_medium__type_support.c\n'}
[6.459231] (px4_msgs) StdoutLine: {'line': b'-- Up-to-date: /home/giromi/Repos/VTOL/ws_sensor_combined_src/install/px4_msgs/include/px4_msgs/px4_msgs/msg/detail/vehicle_angular_velocity__rosidl_typesupport_introspection_c.h\n'}
[6.459324] (px4_msgs) StdoutLine: {'line': b'-- Up-to-date: /home/giromi/Repos/VTOL/ws_sensor_combined_src/install/px4_msgs/include/px4_msgs/px4_msgs/msg/detail/landing_gear_wheel__rosidl_typesupport_introspection_c.h\n'}
[6.459415] (px4_msgs) StdoutLine: {'line': b'-- Up-to-date: /home/giromi/Repos/VTOL/ws_sensor_combined_src/install/px4_msgs/include/px4_msgs/px4_msgs/msg/detail/home_position__type_support.c\n'}
[6.459508] (px4_msgs) StdoutLine: {'line': b'-- Up-to-date: /home/giromi/Repos/VTOL/ws_sensor_combined_src/install/px4_msgs/include/px4_msgs/px4_msgs/msg/detail/estimator_aid_source3d__rosidl_typesupport_introspection_c.h\n'}
[6.459569] (px4_msgs) StdoutLine: {'line': b'-- Up-to-date: /home/giromi/Repos/VTOL/ws_sensor_combined_src/install/px4_msgs/include/px4_msgs/px4_msgs/msg/detail/mission__rosidl_typesupport_introspection_c.h\n'}
[6.459628] (px4_msgs) StdoutLine: {'line': b'-- Up-to-date: /home/giromi/Repos/VTOL/ws_sensor_combined_src/install/px4_msgs/include/px4_msgs/px4_msgs/msg/detail/actuator_servos__type_support.c\n'}
[6.459753] (px4_msgs) StdoutLine: {'line': b'-- Up-to-date: /home/giromi/Repos/VTOL/ws_sensor_combined_src/install/px4_msgs/include/px4_msgs/px4_msgs/msg/detail/transponder_report__rosidl_typesupport_introspection_c.h\n'}
[6.459811] (px4_msgs) StdoutLine: {'line': b'-- Up-to-date: /home/giromi/Repos/VTOL/ws_sensor_combined_src/install/px4_msgs/include/px4_msgs/px4_msgs/msg/detail/ulog_stream_ack__rosidl_typesupport_introspection_c.h\n'}
[6.459867] (px4_msgs) StdoutLine: {'line': b'-- Up-to-date: /home/giromi/Repos/VTOL/ws_sensor_combined_src/install/px4_msgs/include/px4_msgs/px4_msgs/msg/detail/landing_gear_wheel__type_support.c\n'}
[6.459929] (px4_msgs) StdoutLine: {'line': b'-- Up-to-date: /home/giromi/Repos/VTOL/ws_sensor_combined_src/install/px4_msgs/include/px4_msgs/px4_msgs/msg/detail/position_setpoint_triplet__rosidl_typesupport_introspection_c.h\n'}
[6.459986] (px4_msgs) StdoutLine: {'line': b'-- Up-to-date: /home/giromi/Repos/VTOL/ws_sensor_combined_src/install/px4_msgs/include/px4_msgs/px4_msgs/msg/detail/sensor_preflight_mag__rosidl_typesupport_introspection_c.h\n'}
[6.460042] (px4_msgs) StdoutLine: {'line': b'-- Up-to-date: /home/giromi/Repos/VTOL/ws_sensor_combined_src/install/px4_msgs/include/px4_msgs/px4_msgs/msg/detail/hover_thrust_estimate__rosidl_typesupport_introspection_c.h\n'}
[6.460167] (px4_msgs) StdoutLine: {'line': b'-- Up-to-date: /home/giromi/Repos/VTOL/ws_sensor_combined_src/install/px4_msgs/include/px4_msgs/px4_msgs/msg/detail/sensor_accel_fifo__type_support.c\n'}
[6.460223] (px4_msgs) StdoutLine: {'line': b'-- Up-to-date: /home/giromi/Repos/VTOL/ws_sensor_combined_src/install/px4_msgs/include/px4_msgs/px4_msgs/msg/detail/debug_key_value__type_support.c\n'}
[6.460279] (px4_msgs) StdoutLine: {'line': b'-- Up-to-date: /home/giromi/Repos/VTOL/ws_sensor_combined_src/install/px4_msgs/include/px4_msgs/px4_msgs/msg/detail/mount_orientation__rosidl_typesupport_introspection_c.h\n'}
[6.460334] (px4_msgs) StdoutLine: {'line': b'-- Up-to-date: /home/giromi/Repos/VTOL/ws_sensor_combined_src/install/px4_msgs/include/px4_msgs/px4_msgs/msg/detail/airspeed_wind__rosidl_typesupport_introspection_c.h\n'}
[6.460389] (px4_msgs) StdoutLine: {'line': b'-- Up-to-date: /home/giromi/Repos/VTOL/ws_sensor_combined_src/install/px4_msgs/include/px4_msgs/px4_msgs/msg/detail/magnetometer_bias_estimate__type_support.c\n'}
[6.460450] (px4_msgs) StdoutLine: {'line': b'-- Up-to-date: /home/giromi/Repos/VTOL/ws_sensor_combined_src/install/px4_msgs/include/px4_msgs/px4_msgs/msg/detail/sensor_gyro_fifo__rosidl_typesupport_introspection_c.h\n'}
[6.460505] (px4_msgs) StdoutLine: {'line': b'-- Up-to-date: /home/giromi/Repos/VTOL/ws_sensor_combined_src/install/px4_msgs/include/px4_msgs/px4_msgs/msg/detail/estimator_gps_status__rosidl_typesupport_introspection_c.h\n'}
[6.460560] (px4_msgs) StdoutLine: {'line': b'-- Up-to-date: /home/giromi/Repos/VTOL/ws_sensor_combined_src/install/px4_msgs/include/px4_msgs/px4_msgs/msg/detail/sensor_gyro__type_support.c\n'}
[6.460635] (px4_msgs) StdoutLine: {'line': b'-- Up-to-date: /home/giromi/Repos/VTOL/ws_sensor_combined_src/install/px4_msgs/include/px4_msgs/px4_msgs/msg/detail/rpm__rosidl_typesupport_introspection_c.h\n'}
[6.460735] (px4_msgs) StdoutLine: {'line': b'-- Up-to-date: /home/giromi/Repos/VTOL/ws_sensor_combined_src/install/px4_msgs/include/px4_msgs/px4_msgs/msg/detail/mag_worker_data__type_support.c\n'}
[6.460791] (px4_msgs) StdoutLine: {'line': b'-- Up-to-date: /home/giromi/Repos/VTOL/ws_sensor_combined_src/install/px4_msgs/include/px4_msgs/px4_msgs/msg/detail/ping__rosidl_typesupport_introspection_c.h\n'}
[6.460856] (px4_msgs) StdoutLine: {'line': b'-- Up-to-date: /home/giromi/Repos/VTOL/ws_sensor_combined_src/install/px4_msgs/include/px4_msgs/px4_msgs/msg/detail/config_overrides__type_support.c\n'}
[6.460914] (px4_msgs) StdoutLine: {'line': b'-- Up-to-date: /home/giromi/Repos/VTOL/ws_sensor_combined_src/install/px4_msgs/include/px4_msgs/px4_msgs/msg/detail/cellular_status__type_support.c\n'}
[6.460991] (px4_msgs) StdoutLine: {'line': b'-- Up-to-date: /home/giromi/Repos/VTOL/ws_sensor_combined_src/install/px4_msgs/include/px4_msgs/px4_msgs/msg/detail/qshell_req__rosidl_typesupport_introspection_c.h\n'}
[6.461095] (px4_msgs) StdoutLine: {'line': b'-- Up-to-date: /home/giromi/Repos/VTOL/ws_sensor_combined_src/install/px4_msgs/include/px4_msgs/px4_msgs/msg/detail/vehicle_imu__type_support.c\n'}
[6.461151] (px4_msgs) StdoutLine: {'line': b'-- Up-to-date: /home/giromi/Repos/VTOL/ws_sensor_combined_src/install/px4_msgs/include/px4_msgs/px4_msgs/msg/detail/gimbal_device_information__type_support.c\n'}
[6.461208] (px4_msgs) StdoutLine: {'line': b'-- Up-to-date: /home/giromi/Repos/VTOL/ws_sensor_combined_src/install/px4_msgs/include/px4_msgs/px4_msgs/msg/detail/launch_detection_status__type_support.c\n'}
[6.461265] (px4_msgs) StdoutLine: {'line': b'-- Up-to-date: /home/giromi/Repos/VTOL/ws_sensor_combined_src/install/px4_msgs/include/px4_msgs/px4_msgs/msg/detail/gimbal_manager_set_manual_control__type_support.c\n'}
[6.461340] (px4_msgs) StdoutLine: {'line': b'-- Up-to-date: /home/giromi/Repos/VTOL/ws_sensor_combined_src/install/px4_msgs/include/px4_msgs/px4_msgs/msg/detail/vehicle_trajectory_bezier__type_support.c\n'}
[6.461447] (px4_msgs) StdoutLine: {'line': b'-- Up-to-date: /home/giromi/Repos/VTOL/ws_sensor_combined_src/install/px4_msgs/include/px4_msgs/px4_msgs/msg/detail/gpio_config__rosidl_typesupport_introspection_c.h\n'}
[6.461504] (px4_msgs) StdoutLine: {'line': b'-- Up-to-date: /home/giromi/Repos/VTOL/ws_sensor_combined_src/install/px4_msgs/include/px4_msgs/px4_msgs/msg/detail/sensor_gyro_fifo__type_support.c\n'}
[6.461561] (px4_msgs) StdoutLine: {'line': b'-- Up-to-date: /home/giromi/Repos/VTOL/ws_sensor_combined_src/install/px4_msgs/include/px4_msgs/px4_msgs/msg/detail/takeoff_status__rosidl_typesupport_introspection_c.h\n'}
[6.461622] (px4_msgs) StdoutLine: {'line': b'-- Up-to-date: /home/giromi/Repos/VTOL/ws_sensor_combined_src/install/px4_msgs/include/px4_msgs/px4_msgs/msg/detail/sensor_selection__rosidl_typesupport_introspection_c.h\n'}
[6.461679] (px4_msgs) StdoutLine: {'line': b'-- Up-to-date: /home/giromi/Repos/VTOL/ws_sensor_combined_src/install/px4_msgs/include/px4_msgs/px4_msgs/msg/detail/collision_report__type_support.c\n'}
[6.461755] (px4_msgs) StdoutLine: {'line': b'-- Up-to-date: /home/giromi/Repos/VTOL/ws_sensor_combined_src/install/px4_msgs/include/px4_msgs/px4_msgs/msg/detail/obstacle_distance__type_support.c\n'}
[6.461865] (px4_msgs) StdoutLine: {'line': b'-- Up-to-date: /home/giromi/Repos/VTOL/ws_sensor_combined_src/install/px4_msgs/include/px4_msgs/px4_msgs/msg/detail/sensors_status_imu__rosidl_typesupport_introspection_c.h\n'}
[6.461923] (px4_msgs) StdoutLine: {'line': b'-- Up-to-date: /home/giromi/Repos/VTOL/ws_sensor_combined_src/install/px4_msgs/include/px4_msgs/px4_msgs/msg/detail/orb_test_medium__rosidl_typesupport_introspection_c.h\n'}
[6.461979] (px4_msgs) StdoutLine: {'line': b'-- Up-to-date: /home/giromi/Repos/VTOL/ws_sensor_combined_src/install/px4_msgs/include/px4_msgs/px4_msgs/msg/detail/uavcan_parameter_request__rosidl_typesupport_introspection_c.h\n'}
[6.462037] (px4_msgs) StdoutLine: {'line': b'-- Up-to-date: /home/giromi/Repos/VTOL/ws_sensor_combined_src/install/px4_msgs/include/px4_msgs/px4_msgs/msg/detail/hover_thrust_estimate__type_support.c\n'}
[6.462094] (px4_msgs) StdoutLine: {'line': b'-- Up-to-date: /home/giromi/Repos/VTOL/ws_sensor_combined_src/install/px4_msgs/include/px4_msgs/px4_msgs/msg/detail/arming_check_reply__type_support.c\n'}
[6.462150] (px4_msgs) StdoutLine: {'line': b'-- Up-to-date: /home/giromi/Repos/VTOL/ws_sensor_combined_src/install/px4_msgs/include/px4_msgs/px4_msgs/msg/detail/esc_report__type_support.c\n'}
[6.462207] (px4_msgs) StdoutLine: {'line': b'-- Up-to-date: /home/giromi/Repos/VTOL/ws_sensor_combined_src/install/px4_msgs/include/px4_msgs/px4_msgs/msg/detail/estimator_event_flags__type_support.c\n'}
[6.462263] (px4_msgs) StdoutLine: {'line': b'-- Up-to-date: /home/giromi/Repos/VTOL/ws_sensor_combined_src/install/px4_msgs/include/px4_msgs/px4_msgs/msg/detail/estimator_innovations__rosidl_typesupport_introspection_c.h\n'}
[6.462382] (px4_msgs) StdoutLine: {'line': b'-- Up-to-date: /home/giromi/Repos/VTOL/ws_sensor_combined_src/install/px4_msgs/include/px4_msgs/px4_msgs/msg/detail/gpio_config__type_support.c\n'}
[6.462439] (px4_msgs) StdoutLine: {'line': b'-- Up-to-date: /home/giromi/Repos/VTOL/ws_sensor_combined_src/install/px4_msgs/include/px4_msgs/px4_msgs/msg/detail/estimator_status__type_support.c\n'}
[6.462495] (px4_msgs) StdoutLine: {'line': b'-- Up-to-date: /home/giromi/Repos/VTOL/ws_sensor_combined_src/install/px4_msgs/include/px4_msgs/px4_msgs/msg/detail/gimbal_manager_status__rosidl_typesupport_introspection_c.h\n'}
[6.462559] (px4_msgs) StdoutLine: {'line': b'-- Up-to-date: /home/giromi/Repos/VTOL/ws_sensor_combined_src/install/px4_msgs/include/px4_msgs/px4_msgs/msg/detail/follow_target_estimator__rosidl_typesupport_introspection_c.h\n'}
[6.462615] (px4_msgs) StdoutLine: {'line': b'-- Up-to-date: /home/giromi/Repos/VTOL/ws_sensor_combined_src/install/px4_msgs/include/px4_msgs/px4_msgs/msg/detail/sensor_gyro_fft__rosidl_typesupport_introspection_c.h\n'}
[6.462696] (px4_msgs) StdoutLine: {'line': b'-- Up-to-date: /home/giromi/Repos/VTOL/ws_sensor_combined_src/install/px4_msgs/include/px4_msgs/px4_msgs/msg/detail/message_format_request__rosidl_typesupport_introspection_c.h\n'}
[6.462786] (px4_msgs) StdoutLine: {'line': b'-- Up-to-date: /home/giromi/Repos/VTOL/ws_sensor_combined_src/install/px4_msgs/include/px4_msgs/px4_msgs/msg/detail/vehicle_imu_status__rosidl_typesupport_introspection_c.h\n'}
[6.462876] (px4_msgs) StdoutLine: {'line': b'-- Up-to-date: /home/giromi/Repos/VTOL/ws_sensor_combined_src/install/px4_msgs/include/px4_msgs/px4_msgs/msg/detail/distance_sensor__rosidl_typesupport_introspection_c.h\n'}
[6.462941] (px4_msgs) StdoutLine: {'line': b'-- Up-to-date: /home/giromi/Repos/VTOL/ws_sensor_combined_src/install/px4_msgs/include/px4_msgs/px4_msgs/msg/detail/adc_report__rosidl_typesupport_introspection_c.h\n'}
[6.463035] (px4_msgs) StdoutLine: {'line': b'-- Up-to-date: /home/giromi/Repos/VTOL/ws_sensor_combined_src/install/px4_msgs/include/px4_msgs/px4_msgs/msg/detail/uavcan_parameter_value__rosidl_typesupport_introspection_c.h\n'}
[6.463093] (px4_msgs) StdoutLine: {'line': b'-- Up-to-date: /home/giromi/Repos/VTOL/ws_sensor_combined_src/install/px4_msgs/include/px4_msgs/px4_msgs/msg/detail/gpio_request__rosidl_typesupport_introspection_c.h\n'}
[6.463159] (px4_msgs) StdoutLine: {'line': b'-- Up-to-date: /home/giromi/Repos/VTOL/ws_sensor_combined_src/install/px4_msgs/include/px4_msgs/px4_msgs/msg/detail/normalized_unsigned_setpoint__type_support.c\n'}
[6.463220] (px4_msgs) StdoutLine: {'line': b'-- Up-to-date: /home/giromi/Repos/VTOL/ws_sensor_combined_src/install/px4_msgs/include/px4_msgs/px4_msgs/msg/detail/system_power__rosidl_typesupport_introspection_c.h\n'}
[6.463278] (px4_msgs) StdoutLine: {'line': b'-- Up-to-date: /home/giromi/Repos/VTOL/ws_sensor_combined_src/install/px4_msgs/include/px4_msgs/px4_msgs/msg/detail/sensor_gnss_relative__type_support.c\n'}
[6.463335] (px4_msgs) StdoutLine: {'line': b'-- Up-to-date: /home/giromi/Repos/VTOL/ws_sensor_combined_src/install/px4_msgs/include/px4_msgs/px4_msgs/msg/detail/gimbal_device_set_attitude__type_support.c\n'}
[6.463436] (px4_msgs) StdoutLine: {'line': b'-- Up-to-date: /home/giromi/Repos/VTOL/ws_sensor_combined_src/install/px4_msgs/include/px4_msgs/px4_msgs/msg/detail/rpm__type_support.c\n'}
[6.463601] (px4_msgs) StdoutLine: {'line': b'-- Up-to-date: /home/giromi/Repos/VTOL/ws_sensor_combined_src/install/px4_msgs/include/px4_msgs/px4_msgs/msg/detail/iridiumsbd_status__rosidl_typesupport_introspection_c.h\n'}
[6.463712] (px4_msgs) StdoutLine: {'line': b'-- Up-to-date: /home/giromi/Repos/VTOL/ws_sensor_combined_src/install/px4_msgs/include/px4_msgs/px4_msgs/msg/detail/magnetometer_bias_estimate__rosidl_typesupport_introspection_c.h\n'}
[6.463808] (px4_msgs) StdoutLine: {'line': b'-- Up-to-date: /home/giromi/Repos/VTOL/ws_sensor_combined_src/install/px4_msgs/include/px4_msgs/px4_msgs/msg/detail/sensor_preflight_mag__type_support.c\n'}
[6.463903] (px4_msgs) StdoutLine: {'line': b'-- Up-to-date: /home/giromi/Repos/VTOL/ws_sensor_combined_src/install/px4_msgs/include/px4_msgs/px4_msgs/msg/detail/sensor_gyro_fft__type_support.c\n'}
[6.464039] (px4_msgs) StdoutLine: {'line': b'-- Up-to-date: /home/giromi/Repos/VTOL/ws_sensor_combined_src/install/px4_msgs/include/px4_msgs/px4_msgs/msg/detail/estimator_selector_status__type_support.c\n'}
[6.464206] (px4_msgs) StdoutLine: {'line': b'-- Up-to-date: /home/giromi/Repos/VTOL/ws_sensor_combined_src/install/px4_msgs/include/px4_msgs/px4_msgs/msg/detail/camera_status__rosidl_typesupport_introspection_c.h\n'}
[6.464300] (px4_msgs) StdoutLine: {'line': b'-- Up-to-date: /home/giromi/Repos/VTOL/ws_sensor_combined_src/install/px4_msgs/include/px4_msgs/px4_msgs/msg/detail/estimator_states__type_support.c\n'}
[6.464393] (px4_msgs) StdoutLine: {'line': b'-- Up-to-date: /home/giromi/Repos/VTOL/ws_sensor_combined_src/install/px4_msgs/include/px4_msgs/px4_msgs/msg/detail/failsafe_flags__rosidl_typesupport_introspection_c.h\n'}
[6.464486] (px4_msgs) StdoutLine: {'line': b'-- Up-to-date: /home/giromi/Repos/VTOL/ws_sensor_combined_src/install/px4_msgs/include/px4_msgs/px4_msgs/msg/detail/estimator_states__rosidl_typesupport_introspection_c.h\n'}
[6.464600] (px4_msgs) StdoutLine: {'line': b'-- Up-to-date: /home/giromi/Repos/VTOL/ws_sensor_combined_src/install/px4_msgs/include/px4_msgs/px4_msgs/msg/detail/vehicle_optical_flow_vel__rosidl_typesupport_introspection_c.h\n'}
[6.464807] (px4_msgs) StdoutLine: {'line': b'-- Up-to-date: /home/giromi/Repos/VTOL/ws_sensor_combined_src/install/px4_msgs/include/px4_msgs/px4_msgs/msg/detail/trajectory_setpoint__rosidl_typesupport_introspection_c.h\n'}
[6.464958] (px4_msgs) StdoutLine: {'line': b'-- Up-to-date: /home/giromi/Repos/VTOL/ws_sensor_combined_src/install/px4_msgs/include/px4_msgs/px4_msgs/msg/detail/actuator_controls_status__rosidl_typesupport_introspection_c.h\n'}
[6.465085] (px4_msgs) StdoutLine: {'line': b'-- Up-to-date: /home/giromi/Repos/VTOL/ws_sensor_combined_src/install/px4_msgs/include/px4_msgs/px4_msgs/msg/detail/orb_test_large__rosidl_typesupport_introspection_c.h\n'}
[6.465203] (px4_msgs) StdoutLine: {'line': b'-- Up-to-date: /home/giromi/Repos/VTOL/ws_sensor_combined_src/install/px4_msgs/include/px4_msgs/px4_msgs/msg/detail/vehicle_acceleration__type_support.c\n'}
[6.465319] (px4_msgs) StdoutLine: {'line': b'-- Up-to-date: /home/giromi/Repos/VTOL/ws_sensor_combined_src/install/px4_msgs/include/px4_msgs/px4_msgs/msg/detail/orb_test__type_support.c\n'}
[6.465419] (px4_msgs) StdoutLine: {'line': b'-- Up-to-date: /home/giromi/Repos/VTOL/ws_sensor_combined_src/install/px4_msgs/include/px4_msgs/px4_msgs/msg/detail/vehicle_local_position_setpoint__type_support.c\n'}
[6.465515] (px4_msgs) StdoutLine: {'line': b'-- Up-to-date: /home/giromi/Repos/VTOL/ws_sensor_combined_src/install/px4_msgs/include/px4_msgs/px4_msgs/msg/detail/debug_vect__rosidl_typesupport_introspection_c.h\n'}
[6.465682] (px4_msgs) StdoutLine: {'line': b'-- Up-to-date: /home/giromi/Repos/VTOL/ws_sensor_combined_src/install/px4_msgs/include/px4_msgs/px4_msgs/msg/detail/qshell_retval__type_support.c\n'}
[6.465745] (px4_msgs) StdoutLine: {'line': b'-- Up-to-date: /home/giromi/Repos/VTOL/ws_sensor_combined_src/install/px4_msgs/include/px4_msgs/px4_msgs/msg/detail/wheel_encoders__type_support.c\n'}
[6.465803] (px4_msgs) StdoutLine: {'line': b'-- Up-to-date: /home/giromi/Repos/VTOL/ws_sensor_combined_src/install/px4_msgs/include/px4_msgs/px4_msgs/msg/detail/ekf2_timestamps__type_support.c\n'}
[6.465864] (px4_msgs) StdoutLine: {'line': b'-- Up-to-date: /home/giromi/Repos/VTOL/ws_sensor_combined_src/install/px4_msgs/include/px4_msgs/px4_msgs/msg/detail/gimbal_controls__type_support.c\n'}
[6.465921] (px4_msgs) StdoutLine: {'line': b'-- Up-to-date: /home/giromi/Repos/VTOL/ws_sensor_combined_src/install/px4_msgs/include/px4_msgs/px4_msgs/msg/detail/gpio_out__rosidl_typesupport_introspection_c.h\n'}
[6.465978] (px4_msgs) StdoutLine: {'line': b'-- Up-to-date: /home/giromi/Repos/VTOL/ws_sensor_combined_src/install/px4_msgs/include/px4_msgs/px4_msgs/msg/detail/rtl_time_estimate__rosidl_typesupport_introspection_c.h\n'}
[6.466034] (px4_msgs) StdoutLine: {'line': b'-- Up-to-date: /home/giromi/Repos/VTOL/ws_sensor_combined_src/install/px4_msgs/include/px4_msgs/px4_msgs/msg/detail/sensor_gps__type_support.c\n'}
[6.466090] (px4_msgs) StdoutLine: {'line': b'-- Up-to-date: /home/giromi/Repos/VTOL/ws_sensor_combined_src/install/px4_msgs/include/px4_msgs/px4_msgs/msg/detail/tecs_status__rosidl_typesupport_introspection_c.h\n'}
[6.466217] (px4_msgs) StdoutLine: {'line': b'-- Up-to-date: /home/giromi/Repos/VTOL/ws_sensor_combined_src/install/px4_msgs/include/px4_msgs/px4_msgs/msg/detail/input_rc__type_support.c\n'}
[6.466310] (px4_msgs) StdoutLine: {'line': b'-- Up-to-date: /home/giromi/Repos/VTOL/ws_sensor_combined_src/install/px4_msgs/include/px4_msgs/px4_msgs/msg/detail/generator_status__type_support.c\n'}
[6.466401] (px4_msgs) StdoutLine: {'line': b'-- Up-to-date: /home/giromi/Repos/VTOL/ws_sensor_combined_src/install/px4_msgs/include/px4_msgs/px4_msgs/msg/detail/camera_trigger__rosidl_typesupport_introspection_c.h\n'}
[6.466527] (px4_msgs) StdoutLine: {'line': b'-- Up-to-date: /home/giromi/Repos/VTOL/ws_sensor_combined_src/install/px4_msgs/include/px4_msgs/px4_msgs/msg/detail/vehicle_optical_flow__type_support.c\n'}
[6.466600] (px4_msgs) StdoutLine: {'line': b'-- Up-to-date: /home/giromi/Repos/VTOL/ws_sensor_combined_src/install/px4_msgs/include/px4_msgs/px4_msgs/msg/detail/ulog_stream__type_support.c\n'}
[6.466655] (px4_msgs) StdoutLine: {'line': b'-- Up-to-date: /home/giromi/Repos/VTOL/ws_sensor_combined_src/install/px4_msgs/include/px4_msgs/px4_msgs/msg/detail/parameter_update__rosidl_typesupport_introspection_c.h\n'}
[6.466711] (px4_msgs) StdoutLine: {'line': b'-- Up-to-date: /home/giromi/Repos/VTOL/ws_sensor_combined_src/install/px4_msgs/include/px4_msgs/px4_msgs/msg/detail/camera_capture__type_support.c\n'}
[6.466766] (px4_msgs) StdoutLine: {'line': b'-- Up-to-date: /home/giromi/Repos/VTOL/ws_sensor_combined_src/install/px4_msgs/include/px4_msgs/px4_msgs/msg/detail/vehicle_status__type_support.c\n'}
[6.466858] (px4_msgs) StdoutLine: {'line': b'-- Up-to-date: /home/giromi/Repos/VTOL/ws_sensor_combined_src/install/px4_msgs/include/px4_msgs/px4_msgs/msg/detail/velocity_limits__type_support.c\n'}
[6.467050] (px4_msgs) StdoutLine: {'line': b'-- Up-to-date: /home/giromi/Repos/VTOL/ws_sensor_combined_src/install/px4_msgs/include/px4_msgs/px4_msgs/msg/detail/px4io_status__rosidl_typesupport_introspection_c.h\n'}
[6.467131] (px4_msgs) StdoutLine: {'line': b'-- Up-to-date: /home/giromi/Repos/VTOL/ws_sensor_combined_src/install/px4_msgs/include/px4_msgs/px4_msgs/msg/detail/led_control__type_support.c\n'}
[6.467190] (px4_msgs) StdoutLine: {'line': b'-- Up-to-date: /home/giromi/Repos/VTOL/ws_sensor_combined_src/install/px4_msgs/include/px4_msgs/px4_msgs/msg/detail/esc_status__rosidl_typesupport_introspection_c.h\n'}
[6.467247] (px4_msgs) StdoutLine: {'line': b'-- Up-to-date: /home/giromi/Repos/VTOL/ws_sensor_combined_src/install/px4_msgs/include/px4_msgs/px4_msgs/msg/detail/sensor_hygrometer__rosidl_typesupport_introspection_c.h\n'}
[6.467351] (px4_msgs) StdoutLine: {'line': b'-- Up-to-date: /home/giromi/Repos/VTOL/ws_sensor_combined_src/install/px4_msgs/include/px4_msgs/px4_msgs/msg/detail/dataman_request__rosidl_typesupport_introspection_c.h\n'}
[6.467462] (px4_msgs) StdoutLine: {'line': b'-- Up-to-date: /home/giromi/Repos/VTOL/ws_sensor_combined_src/install/px4_msgs/include/px4_msgs/px4_msgs/msg/detail/action_request__type_support.c\n'}
[6.467550] (px4_msgs) StdoutLine: {'line': b'-- Up-to-date: /home/giromi/Repos/VTOL/ws_sensor_combined_src/install/px4_msgs/include/px4_msgs/px4_msgs/msg/detail/event__type_support.c\n'}
[6.467606] (px4_msgs) StdoutLine: {'line': b'-- Up-to-date: /home/giromi/Repos/VTOL/ws_sensor_combined_src/install/px4_msgs/include/px4_msgs/px4_msgs/msg/detail/px4io_status__type_support.c\n'}
[6.467661] (px4_msgs) StdoutLine: {'line': b'-- Up-to-date: /home/giromi/Repos/VTOL/ws_sensor_combined_src/install/px4_msgs/include/px4_msgs/px4_msgs/msg/detail/distance_sensor__type_support.c\n'}
[6.467715] (px4_msgs) StdoutLine: {'line': b'-- Up-to-date: /home/giromi/Repos/VTOL/ws_sensor_combined_src/install/px4_msgs/include/px4_msgs/px4_msgs/msg/detail/mag_worker_data__rosidl_typesupport_introspection_c.h\n'}
[6.467770] (px4_msgs) StdoutLine: {'line': b'-- Up-to-date: /home/giromi/Repos/VTOL/ws_sensor_combined_src/install/px4_msgs/include/px4_msgs/px4_msgs/msg/detail/vehicle_command_ack__type_support.c\n'}
[6.467829] (px4_msgs) StdoutLine: {'line': b'-- Up-to-date: /home/giromi/Repos/VTOL/ws_sensor_combined_src/install/px4_msgs/include/px4_msgs/px4_msgs/msg/detail/vehicle_command__rosidl_typesupport_introspection_c.h\n'}
[6.467885] (px4_msgs) StdoutLine: {'line': b'-- Up-to-date: /home/giromi/Repos/VTOL/ws_sensor_combined_src/install/px4_msgs/include/px4_msgs/px4_msgs/msg/detail/vehicle_rates_setpoint__rosidl_typesupport_introspection_c.h\n'}
[6.467997] (px4_msgs) StdoutLine: {'line': b'-- Up-to-date: /home/giromi/Repos/VTOL/ws_sensor_combined_src/install/px4_msgs/include/px4_msgs/px4_msgs/msg/detail/gimbal_manager_information__type_support.c\n'}
[6.468098] (px4_msgs) StdoutLine: {'line': b'-- Up-to-date: /home/giromi/Repos/VTOL/ws_sensor_combined_src/install/px4_msgs/include/px4_msgs/px4_msgs/msg/detail/log_message__rosidl_typesupport_introspection_c.h\n'}
[6.468154] (px4_msgs) StdoutLine: {'line': b'-- Up-to-date: /home/giromi/Repos/VTOL/ws_sensor_combined_src/install/px4_msgs/include/px4_msgs/px4_msgs/msg/detail/actuator_servos__rosidl_typesupport_introspection_c.h\n'}
[6.468208] (px4_msgs) StdoutLine: {'line': b'-- Up-to-date: /home/giromi/Repos/VTOL/ws_sensor_combined_src/install/px4_msgs/include/px4_msgs/px4_msgs/msg/detail/vehicle_command_ack__rosidl_typesupport_introspection_c.h\n'}
[6.468263] (px4_msgs) StdoutLine: {'line': b'-- Up-to-date: /home/giromi/Repos/VTOL/ws_sensor_combined_src/install/px4_msgs/include/px4_msgs/px4_msgs/msg/detail/vehicle_attitude_setpoint__rosidl_typesupport_introspection_c.h\n'}
[6.468412] (px4_msgs) StdoutLine: {'line': b'-- Up-to-date: /home/giromi/Repos/VTOL/ws_sensor_combined_src/install/px4_msgs/include/px4_msgs/px4_msgs/msg/detail/radio_status__type_support.c\n'}
[6.468467] (px4_msgs) StdoutLine: {'line': b'-- Up-to-date: /home/giromi/Repos/VTOL/ws_sensor_combined_src/install/px4_msgs/include/px4_msgs/px4_msgs/msg/detail/orb_test__rosidl_typesupport_introspection_c.h\n'}
[6.468526] (px4_msgs) StdoutLine: {'line': b'-- Up-to-date: /home/giromi/Repos/VTOL/ws_sensor_combined_src/install/px4_msgs/include/px4_msgs/px4_msgs/msg/detail/vehicle_air_data__rosidl_typesupport_introspection_c.h\n'}
[6.468580] (px4_msgs) StdoutLine: {'line': b'-- Up-to-date: /home/giromi/Repos/VTOL/ws_sensor_combined_src/install/px4_msgs/include/px4_msgs/px4_msgs/msg/detail/input_rc__rosidl_typesupport_introspection_c.h\n'}
[6.468635] (px4_msgs) StdoutLine: {'line': b'-- Up-to-date: /home/giromi/Repos/VTOL/ws_sensor_combined_src/install/px4_msgs/include/px4_msgs/px4_msgs/msg/detail/vehicle_local_position__type_support.c\n'}
[6.468785] (px4_msgs) StdoutLine: {'line': b'-- Up-to-date: /home/giromi/Repos/VTOL/ws_sensor_combined_src/install/px4_msgs/include/px4_msgs/px4_msgs/msg/detail/irlock_report__type_support.c\n'}
[6.468840] (px4_msgs) StdoutLine: {'line': b'-- Up-to-date: /home/giromi/Repos/VTOL/ws_sensor_combined_src/install/px4_msgs/include/px4_msgs/px4_msgs/msg/detail/power_monitor__rosidl_typesupport_introspection_c.h\n'}
[6.468895] (px4_msgs) StdoutLine: {'line': b'-- Up-to-date: /home/giromi/Repos/VTOL/ws_sensor_combined_src/install/px4_msgs/include/px4_msgs/px4_msgs/msg/detail/follow_target__rosidl_typesupport_introspection_c.h\n'}
[6.468950] (px4_msgs) StdoutLine: {'line': b'-- Up-to-date: /home/giromi/Repos/VTOL/ws_sensor_combined_src/install/px4_msgs/include/px4_msgs/px4_msgs/msg/detail/vehicle_trajectory_waypoint__rosidl_typesupport_introspection_c.h\n'}
[6.469004] (px4_msgs) StdoutLine: {'line': b'-- Up-to-date: /home/giromi/Repos/VTOL/ws_sensor_combined_src/install/px4_msgs/include/px4_msgs/px4_msgs/msg/detail/internal_combustion_engine_status__rosidl_typesupport_introspection_c.h\n'}
[6.469059] (px4_msgs) StdoutLine: {'line': b'-- Up-to-date: /home/giromi/Repos/VTOL/ws_sensor_combined_src/install/px4_msgs/include/px4_msgs/px4_msgs/msg/detail/mode_completed__rosidl_typesupport_introspection_c.h\n'}
[6.469175] (px4_msgs) StdoutLine: {'line': b'-- Up-to-date: /home/giromi/Repos/VTOL/ws_sensor_combined_src/install/px4_msgs/include/px4_msgs/px4_msgs/msg/detail/register_ext_component_reply__type_support.c\n'}
[6.469272] (px4_msgs) StdoutLine: {'line': b'-- Up-to-date: /home/giromi/Repos/VTOL/ws_sensor_combined_src/install/px4_msgs/include/px4_msgs/px4_msgs/msg/detail/adc_report__type_support.c\n'}
[6.469327] (px4_msgs) StdoutLine: {'line': b'-- Up-to-date: /home/giromi/Repos/VTOL/ws_sensor_combined_src/install/px4_msgs/include/px4_msgs/px4_msgs/msg/detail/failsafe_flags__type_support.c\n'}
[6.469381] (px4_msgs) StdoutLine: {'line': b'-- Up-to-date: /home/giromi/Repos/VTOL/ws_sensor_combined_src/install/px4_msgs/include/px4_msgs/px4_msgs/msg/detail/tiltrotor_extra_controls__rosidl_typesupport_introspection_c.h\n'}
[6.469435] (px4_msgs) StdoutLine: {'line': b'-- Up-to-date: /home/giromi/Repos/VTOL/ws_sensor_combined_src/install/px4_msgs/include/px4_msgs/px4_msgs/msg/detail/vehicle_magnetometer__type_support.c\n'}
[6.469489] (px4_msgs) StdoutLine: {'line': b'-- Up-to-date: /home/giromi/Repos/VTOL/ws_sensor_combined_src/install/px4_msgs/include/px4_msgs/px4_msgs/msg/detail/rc_channels__rosidl_typesupport_introspection_c.h\n'}
[6.469549] (px4_msgs) StdoutLine: {'line': b'-- Up-to-date: /home/giromi/Repos/VTOL/ws_sensor_combined_src/install/px4_msgs/include/px4_msgs/px4_msgs/msg/detail/vehicle_global_position__rosidl_typesupport_introspection_c.h\n'}
[6.469604] (px4_msgs) StdoutLine: {'line': b'-- Up-to-date: /home/giromi/Repos/VTOL/ws_sensor_combined_src/install/px4_msgs/include/px4_msgs/px4_msgs/msg/detail/gimbal_device_information__rosidl_typesupport_introspection_c.h\n'}
[6.469678] (px4_msgs) StdoutLine: {'line': b'-- Up-to-date: /home/giromi/Repos/VTOL/ws_sensor_combined_src/install/px4_msgs/include/px4_msgs/px4_msgs/msg/detail/navigator_mission_item__type_support.c\n'}
[6.469812] (px4_msgs) StdoutLine: {'line': b'-- Up-to-date: /home/giromi/Repos/VTOL/ws_sensor_combined_src/install/px4_msgs/include/px4_msgs/px4_msgs/msg/detail/airspeed__rosidl_typesupport_introspection_c.h\n'}
[6.469868] (px4_msgs) StdoutLine: {'line': b'-- Up-to-date: /home/giromi/Repos/VTOL/ws_sensor_combined_src/install/px4_msgs/include/px4_msgs/px4_msgs/msg/detail/sensor_combined__type_support.c\n'}
[6.469927] (px4_msgs) StdoutLine: {'line': b'-- Up-to-date: /home/giromi/Repos/VTOL/ws_sensor_combined_src/install/px4_msgs/include/px4_msgs/px4_msgs/msg/detail/unregister_ext_component__type_support.c\n'}
[6.469982] (px4_msgs) StdoutLine: {'line': b'-- Up-to-date: /home/giromi/Repos/VTOL/ws_sensor_combined_src/install/px4_msgs/include/px4_msgs/px4_msgs/msg/detail/mission__type_support.c\n'}
[6.470036] (px4_msgs) StdoutLine: {'line': b'-- Up-to-date: /home/giromi/Repos/VTOL/ws_sensor_combined_src/install/px4_msgs/include/px4_msgs/px4_msgs/msg/detail/vtol_vehicle_status__rosidl_typesupport_introspection_c.h\n'}
[6.470174] (px4_msgs) StdoutLine: {'line': b'-- Up-to-date: /home/giromi/Repos/VTOL/ws_sensor_combined_src/install/px4_msgs/include/px4_msgs/px4_msgs/msg/detail/generator_status__rosidl_typesupport_introspection_c.h\n'}
[6.470233] (px4_msgs) StdoutLine: {'line': b'-- Up-to-date: /home/giromi/Repos/VTOL/ws_sensor_combined_src/install/px4_msgs/include/px4_msgs/px4_msgs/msg/detail/debug_array__rosidl_typesupport_introspection_c.h\n'}
[6.470290] (px4_msgs) StdoutLine: {'line': b'-- Up-to-date: /home/giromi/Repos/VTOL/ws_sensor_combined_src/install/px4_msgs/include/px4_msgs/px4_msgs/msg/detail/sensor_mag__type_support.c\n'}
[6.470345] (px4_msgs) StdoutLine: {'line': b'-- Up-to-date: /home/giromi/Repos/VTOL/ws_sensor_combined_src/install/px4_msgs/include/px4_msgs/px4_msgs/msg/detail/camera_trigger__type_support.c\n'}
[6.470420] (px4_msgs) StdoutLine: {'line': b'-- Up-to-date: /home/giromi/Repos/VTOL/ws_sensor_combined_src/install/px4_msgs/include/px4_msgs/px4_msgs/msg/detail/vehicle_thrust_setpoint__rosidl_typesupport_introspection_c.h\n'}
[6.470518] (px4_msgs) StdoutLine: {'line': b'-- Up-to-date: /home/giromi/Repos/VTOL/ws_sensor_combined_src/install/px4_msgs/include/px4_msgs/px4_msgs/msg/detail/offboard_control_mode__rosidl_typesupport_introspection_c.h\n'}
[6.470573] (px4_msgs) StdoutLine: {'line': b'-- Up-to-date: /home/giromi/Repos/VTOL/ws_sensor_combined_src/install/px4_msgs/include/px4_msgs/px4_msgs/msg/detail/trajectory_setpoint__type_support.c\n'}
[6.470627] (px4_msgs) StdoutLine: {'line': b'-- Up-to-date: /home/giromi/Repos/VTOL/ws_sensor_combined_src/install/px4_msgs/include/px4_msgs/px4_msgs/msg/detail/position_setpoint__type_support.c\n'}
[6.470681] (px4_msgs) StdoutLine: {'line': b'-- Up-to-date: /home/giromi/Repos/VTOL/ws_sensor_combined_src/install/px4_msgs/include/px4_msgs/px4_msgs/msg/detail/rc_parameter_map__rosidl_typesupport_introspection_c.h\n'}
[6.470736] (px4_msgs) StdoutLine: {'line': b'-- Up-to-date: /home/giromi/Repos/VTOL/ws_sensor_combined_src/install/px4_msgs/include/px4_msgs/px4_msgs/msg/detail/sensor_gps__rosidl_typesupport_introspection_c.h\n'}
[6.470790] (px4_msgs) StdoutLine: {'line': b'-- Up-to-date: /home/giromi/Repos/VTOL/ws_sensor_combined_src/install/px4_msgs/include/px4_msgs/px4_msgs/msg/detail/vehicle_land_detected__rosidl_typesupport_introspection_c.h\n'}
[6.470891] (px4_msgs) StdoutLine: {'line': b'-- Up-to-date: /home/giromi/Repos/VTOL/ws_sensor_combined_src/install/px4_msgs/include/px4_msgs/px4_msgs/msg/detail/landing_target_pose__type_support.c\n'}
[6.470998] (px4_msgs) StdoutLine: {'line': b'-- Up-to-date: /home/giromi/Repos/VTOL/ws_sensor_combined_src/install/px4_msgs/include/px4_msgs/px4_msgs/msg/detail/gpio_out__type_support.c\n'}
[6.471053] (px4_msgs) StdoutLine: {'line': b'-- Up-to-date: /home/giromi/Repos/VTOL/ws_sensor_combined_src/install/px4_msgs/include/px4_msgs/px4_msgs/msg/detail/gpio_in__type_support.c\n'}
[6.471106] (px4_msgs) StdoutLine: {'line': b'-- Up-to-date: /home/giromi/Repos/VTOL/ws_sensor_combined_src/install/px4_msgs/include/px4_msgs/px4_msgs/msg/detail/vehicle_optical_flow__rosidl_typesupport_introspection_c.h\n'}
[6.471160] (px4_msgs) StdoutLine: {'line': b'-- Up-to-date: /home/giromi/Repos/VTOL/ws_sensor_combined_src/install/px4_msgs/include/px4_msgs/px4_msgs/msg/detail/ping__type_support.c\n'}
[6.471223] (px4_msgs) StdoutLine: {'line': b'-- Up-to-date: /home/giromi/Repos/VTOL/ws_sensor_combined_src/install/px4_msgs/include/px4_msgs/px4_msgs/msg/detail/offboard_control_mode__type_support.c\n'}
[6.471277] (px4_msgs) StdoutLine: {'line': b'-- Up-to-date: /home/giromi/Repos/VTOL/ws_sensor_combined_src/install/px4_msgs/include/px4_msgs/px4_msgs/msg/detail/sensor_airflow__rosidl_typesupport_introspection_c.h\n'}
[6.471332] (px4_msgs) StdoutLine: {'line': b'-- Up-to-date: /home/giromi/Repos/VTOL/ws_sensor_combined_src/install/px4_msgs/include/px4_msgs/px4_msgs/msg/detail/position_controller_landing_status__type_support.c\n'}
[6.471399] (px4_msgs) StdoutLine: {'line': b'-- Up-to-date: /home/giromi/Repos/VTOL/ws_sensor_combined_src/install/px4_msgs/include/px4_msgs/px4_msgs/msg/detail/vehicle_roi__rosidl_typesupport_introspection_c.h\n'}
[6.471530] (px4_msgs) StdoutLine: {'line': b'-- Up-to-date: /home/giromi/Repos/VTOL/ws_sensor_combined_src/install/px4_msgs/include/px4_msgs/px4_msgs/msg/detail/estimator_bias__rosidl_typesupport_introspection_c.h\n'}
[6.471640] (px4_msgs) StdoutLine: {'line': b'-- Up-to-date: /home/giromi/Repos/VTOL/ws_sensor_combined_src/install/px4_msgs/include/px4_msgs/px4_msgs/msg/detail/collision_constraints__type_support.c\n'}
[6.471729] (px4_msgs) StdoutLine: {'line': b'-- Up-to-date: /home/giromi/Repos/VTOL/ws_sensor_combined_src/install/px4_msgs/include/px4_msgs/px4_msgs/msg/detail/irlock_report__rosidl_typesupport_introspection_c.h\n'}
[6.471786] (px4_msgs) StdoutLine: {'line': b'-- Up-to-date: /home/giromi/Repos/VTOL/ws_sensor_combined_src/install/px4_msgs/include/px4_msgs/px4_msgs/msg/detail/figure_eight_status__rosidl_typesupport_introspection_c.h\n'}
[6.471862] (px4_msgs) StdoutLine: {'line': b'-- Up-to-date: /home/giromi/Repos/VTOL/ws_sensor_combined_src/install/px4_msgs/include/px4_msgs/px4_msgs/msg/detail/vehicle_torque_setpoint__rosidl_typesupport_introspection_c.h\n'}
[6.471964] (px4_msgs) StdoutLine: {'line': b'-- Up-to-date: /home/giromi/Repos/VTOL/ws_sensor_combined_src/install/px4_msgs/include/px4_msgs/px4_msgs/msg/detail/vehicle_local_position__rosidl_typesupport_introspection_c.h\n'}
[6.472022] (px4_msgs) StdoutLine: {'line': b'-- Up-to-date: /home/giromi/Repos/VTOL/ws_sensor_combined_src/install/px4_msgs/include/px4_msgs/px4_msgs/msg/detail/rate_ctrl_status__rosidl_typesupport_introspection_c.h\n'}
[6.472079] (px4_msgs) StdoutLine: {'line': b'-- Up-to-date: /home/giromi/Repos/VTOL/ws_sensor_combined_src/install/px4_msgs/include/px4_msgs/px4_msgs/msg/detail/transponder_report__type_support.c\n'}
[6.472136] (px4_msgs) StdoutLine: {'line': b'-- Up-to-date: /home/giromi/Repos/VTOL/ws_sensor_combined_src/install/px4_msgs/include/px4_msgs/px4_msgs/msg/detail/vehicle_imu__rosidl_typesupport_introspection_c.h\n'}
[6.472241] (px4_msgs) StdoutLine: {'line': b'-- Up-to-date: /home/giromi/Repos/VTOL/ws_sensor_combined_src/install/px4_msgs/include/px4_msgs/px4_msgs/msg/detail/gpio_in__rosidl_typesupport_introspection_c.h\n'}
[6.472301] (px4_msgs) StdoutLine: {'line': b'-- Up-to-date: /home/giromi/Repos/VTOL/ws_sensor_combined_src/install/px4_msgs/include/px4_msgs/px4_msgs/msg/detail/config_overrides__rosidl_typesupport_introspection_c.h\n'}
[6.472357] (px4_msgs) StdoutLine: {'line': b'-- Up-to-date: /home/giromi/Repos/VTOL/ws_sensor_combined_src/install/px4_msgs/include/px4_msgs/px4_msgs/msg/detail/estimator_status_flags__type_support.c\n'}
[6.472414] (px4_msgs) StdoutLine: {'line': b'-- Up-to-date: /home/giromi/Repos/VTOL/ws_sensor_combined_src/install/px4_msgs/include/px4_msgs/px4_msgs/msg/detail/task_stack_info__rosidl_typesupport_introspection_c.h\n'}
[6.472471] (px4_msgs) StdoutLine: {'line': b'-- Up-to-date: /home/giromi/Repos/VTOL/ws_sensor_combined_src/install/px4_msgs/include/px4_msgs/px4_msgs/msg/detail/sensor_selection__type_support.c\n'}
[6.472527] (px4_msgs) StdoutLine: {'line': b'-- Up-to-date: /home/giromi/Repos/VTOL/ws_sensor_combined_src/install/px4_msgs/include/px4_msgs/px4_msgs/msg/detail/sensor_accel_fifo__rosidl_typesupport_introspection_c.h\n'}
[6.472609] (px4_msgs) StdoutLine: {'line': b'-- Up-to-date: /home/giromi/Repos/VTOL/ws_sensor_combined_src/install/px4_msgs/include/px4_msgs/px4_msgs/msg/detail/velocity_limits__rosidl_typesupport_introspection_c.h\n'}
[6.472720] (px4_msgs) StdoutLine: {'line': b'-- Up-to-date: /home/giromi/Repos/VTOL/ws_sensor_combined_src/install/px4_msgs/include/px4_msgs/px4_msgs/msg/detail/estimator_bias3d__type_support.c\n'}
[6.472858] (px4_msgs) StdoutLine: {'line': b'-- Up-to-date: /home/giromi/Repos/VTOL/ws_sensor_combined_src/install/px4_msgs/include/px4_msgs/px4_msgs/msg/detail/estimator_aid_source1d__rosidl_typesupport_introspection_c.h\n'}
[6.472914] (px4_msgs) StdoutLine: {'line': b'-- Up-to-date: /home/giromi/Repos/VTOL/ws_sensor_combined_src/install/px4_msgs/include/px4_msgs/px4_msgs/msg/detail/vehicle_angular_velocity__type_support.c\n'}
[6.472969] (px4_msgs) StdoutLine: {'line': b'-- Up-to-date: /home/giromi/Repos/VTOL/ws_sensor_combined_src/install/px4_msgs/include/px4_msgs/px4_msgs/msg/detail/orb_test_large__type_support.c\n'}
[6.473028] (px4_msgs) StdoutLine: {'line': b'-- Up-to-date: /home/giromi/Repos/VTOL/ws_sensor_combined_src/install/px4_msgs/include/px4_msgs/px4_msgs/msg/detail/gimbal_manager_set_attitude__type_support.c\n'}
[6.473084] (px4_msgs) StdoutLine: {'line': b'-- Up-to-date: /home/giromi/Repos/VTOL/ws_sensor_combined_src/install/px4_msgs/include/px4_msgs/px4_msgs/msg/detail/telemetry_status__rosidl_typesupport_introspection_c.h\n'}
[6.473139] (px4_msgs) StdoutLine: {'line': b'-- Up-to-date: /home/giromi/Repos/VTOL/ws_sensor_combined_src/install/px4_msgs/include/px4_msgs/px4_msgs/msg/detail/ulog_stream__rosidl_typesupport_introspection_c.h\n'}
[6.473194] (px4_msgs) StdoutLine: {'line': b'-- Up-to-date: /home/giromi/Repos/VTOL/ws_sensor_combined_src/install/px4_msgs/include/px4_msgs/px4_msgs/msg/detail/estimator_bias__type_support.c\n'}
[6.473249] (px4_msgs) StdoutLine: {'line': b'-- Up-to-date: /home/giromi/Repos/VTOL/ws_sensor_combined_src/install/px4_msgs/include/px4_msgs/px4_msgs/msg/detail/trajectory_bezier__rosidl_typesupport_introspection_c.h\n'}
[6.473395] (px4_msgs) StdoutLine: {'line': b'-- Up-to-date: /home/giromi/Repos/VTOL/ws_sensor_combined_src/install/px4_msgs/include/px4_msgs/px4_msgs/msg/detail/vehicle_attitude_setpoint__type_support.c\n'}
[6.473451] (px4_msgs) StdoutLine: {'line': b'-- Up-to-date: /home/giromi/Repos/VTOL/ws_sensor_combined_src/install/px4_msgs/include/px4_msgs/px4_msgs/msg/detail/airspeed_validated__type_support.c\n'}
[6.473505] (px4_msgs) StdoutLine: {'line': b'-- Up-to-date: /home/giromi/Repos/VTOL/ws_sensor_combined_src/install/px4_msgs/include/px4_msgs/px4_msgs/msg/detail/cpuload__rosidl_typesupport_introspection_c.h\n'}
[6.473560] (px4_msgs) StdoutLine: {'line': b'-- Up-to-date: /home/giromi/Repos/VTOL/ws_sensor_combined_src/install/px4_msgs/include/px4_msgs/px4_msgs/msg/detail/gps_inject_data__rosidl_typesupport_introspection_c.h\n'}
[6.473614] (px4_msgs) StdoutLine: {'line': b'-- Up-to-date: /home/giromi/Repos/VTOL/ws_sensor_combined_src/install/px4_msgs/include/px4_msgs/px4_msgs/msg/detail/logger_status__type_support.c\n'}
[6.473668] (px4_msgs) StdoutLine: {'line': b'-- Up-to-date: /home/giromi/Repos/VTOL/ws_sensor_combined_src/install/px4_msgs/include/px4_msgs/px4_msgs/msg/detail/event__rosidl_typesupport_introspection_c.h\n'}
[6.473722] (px4_msgs) StdoutLine: {'line': b'-- Up-to-date: /home/giromi/Repos/VTOL/ws_sensor_combined_src/install/px4_msgs/include/px4_msgs/px4_msgs/msg/detail/buffer128__type_support.c\n'}
[6.473775] (px4_msgs) StdoutLine: {'line': b'-- Up-to-date: /home/giromi/Repos/VTOL/ws_sensor_combined_src/install/px4_msgs/include/px4_msgs/px4_msgs/msg/detail/vehicle_global_position__type_support.c\n'}
[6.473830] (px4_msgs) StdoutLine: {'line': b'-- Up-to-date: /home/giromi/Repos/VTOL/ws_sensor_combined_src/install/px4_msgs/include/px4_msgs/px4_msgs/msg/detail/logger_status__rosidl_typesupport_introspection_c.h\n'}
[6.473951] (px4_msgs) StdoutLine: {'line': b'-- Up-to-date: /home/giromi/Repos/VTOL/ws_sensor_combined_src/install/px4_msgs/include/px4_msgs/px4_msgs/msg/detail/vehicle_optical_flow_vel__type_support.c\n'}
[6.474102] (px4_msgs) StdoutLine: {'line': b'-- Up-to-date: /home/giromi/Repos/VTOL/ws_sensor_combined_src/install/px4_msgs/include/px4_msgs/px4_msgs/msg/detail/sensor_correction__type_support.c\n'}
[6.474157] (px4_msgs) StdoutLine: {'line': b'-- Up-to-date: /home/giromi/Repos/VTOL/ws_sensor_combined_src/install/px4_msgs/include/px4_msgs/px4_msgs/msg/detail/differential_pressure__type_support.c\n'}
[6.474213] (px4_msgs) StdoutLine: {'line': b'-- Up-to-date: /home/giromi/Repos/VTOL/ws_sensor_combined_src/install/px4_msgs/include/px4_msgs/px4_msgs/msg/detail/sensor_accel__type_support.c\n'}
[6.474268] (px4_msgs) StdoutLine: {'line': b'-- Up-to-date: /home/giromi/Repos/VTOL/ws_sensor_combined_src/install/px4_msgs/include/px4_msgs/px4_msgs/msg/detail/actuator_test__type_support.c\n'}
[6.474324] (px4_msgs) StdoutLine: {'line': b'-- Up-to-date: /home/giromi/Repos/VTOL/ws_sensor_combined_src/install/px4_msgs/include/px4_msgs/px4_msgs/msg/detail/yaw_estimator_status__type_support.c\n'}
[6.474379] (px4_msgs) StdoutLine: {'line': b'-- Up-to-date: /home/giromi/Repos/VTOL/ws_sensor_combined_src/install/px4_msgs/include/px4_msgs/px4_msgs/msg/detail/wheel_encoders__rosidl_typesupport_introspection_c.h\n'}
[6.474434] (px4_msgs) StdoutLine: {'line': b'-- Up-to-date: /home/giromi/Repos/VTOL/ws_sensor_combined_src/install/px4_msgs/include/px4_msgs/px4_msgs/msg/detail/dataman_response__rosidl_typesupport_introspection_c.h\n'}
[6.474490] (px4_msgs) StdoutLine: {'line': b'-- Up-to-date: /home/giromi/Repos/VTOL/ws_sensor_combined_src/install/px4_msgs/include/px4_msgs/px4_msgs/msg/detail/vehicle_air_data__type_support.c\n'}
[6.474553] (px4_msgs) StdoutLine: {'line': b'-- Up-to-date: /home/giromi/Repos/VTOL/ws_sensor_combined_src/install/px4_msgs/include/px4_msgs/px4_msgs/msg/detail/rc_channels__type_support.c\n'}
[6.474614] (px4_msgs) StdoutLine: {'line': b'-- Up-to-date: /home/giromi/Repos/VTOL/ws_sensor_combined_src/install/px4_msgs/include/px4_msgs/px4_msgs/msg/detail/sensor_uwb__type_support.c\n'}
[6.474704] (px4_msgs) StdoutLine: {'line': b'-- Up-to-date: /home/giromi/Repos/VTOL/ws_sensor_combined_src/install/px4_msgs/include/px4_msgs/px4_msgs/msg/detail/debug_key_value__rosidl_typesupport_introspection_c.h\n'}
[6.474809] (px4_msgs) StdoutLine: {'line': b'-- Up-to-date: /home/giromi/Repos/VTOL/ws_sensor_combined_src/install/px4_msgs/include/px4_msgs/px4_msgs/msg/detail/differential_drive_setpoint__rosidl_typesupport_introspection_c.h\n'}
[6.474865] (px4_msgs) StdoutLine: {'line': b'-- Up-to-date: /home/giromi/Repos/VTOL/ws_sensor_combined_src/install/px4_msgs/include/px4_msgs/px4_msgs/msg/detail/vehicle_status__rosidl_typesupport_introspection_c.h\n'}
[6.474922] (px4_msgs) StdoutLine: {'line': b'-- Up-to-date: /home/giromi/Repos/VTOL/ws_sensor_combined_src/install/px4_msgs/include/px4_msgs/px4_msgs/msg/detail/debug_value__type_support.c\n'}
[6.474979] (px4_msgs) StdoutLine: {'line': b'-- Up-to-date: /home/giromi/Repos/VTOL/ws_sensor_combined_src/install/px4_msgs/include/px4_msgs/px4_msgs/msg/detail/ekf2_timestamps__rosidl_typesupport_introspection_c.h\n'}
[6.475036] (px4_msgs) StdoutLine: {'line': b'-- Up-to-date: /home/giromi/Repos/VTOL/ws_sensor_combined_src/install/px4_msgs/include/px4_msgs/px4_msgs/msg/detail/estimator_bias3d__rosidl_typesupport_introspection_c.h\n'}
[6.475092] (px4_msgs) StdoutLine: {'line': b'-- Up-to-date: /home/giromi/Repos/VTOL/ws_sensor_combined_src/install/px4_msgs/include/px4_msgs/px4_msgs/msg/detail/gpio_request__type_support.c\n'}
[6.475150] (px4_msgs) StdoutLine: {'line': b'-- Up-to-date: /home/giromi/Repos/VTOL/ws_sensor_combined_src/install/px4_msgs/include/px4_msgs/px4_msgs/msg/detail/landing_target_innovations__rosidl_typesupport_introspection_c.h\n'}
[6.475208] (px4_msgs) StdoutLine: {'line': b'-- Up-to-date: /home/giromi/Repos/VTOL/ws_sensor_combined_src/install/px4_msgs/include/px4_msgs/px4_msgs/msg/detail/rate_ctrl_status__type_support.c\n'}
[6.475311] (px4_msgs) StdoutLine: {'line': b'-- Up-to-date: /home/giromi/Repos/VTOL/ws_sensor_combined_src/install/px4_msgs/include/px4_msgs/px4_msgs/msg/detail/failure_detector_status__rosidl_typesupport_introspection_c.h\n'}
[6.475375] (px4_msgs) StdoutLine: {'line': b'-- Up-to-date: /home/giromi/Repos/VTOL/ws_sensor_combined_src/install/px4_msgs/include/px4_msgs/px4_msgs/msg/detail/onboard_computer_status__type_support.c\n'}
[6.475432] (px4_msgs) StdoutLine: {'line': b'-- Up-to-date: /home/giromi/Repos/VTOL/ws_sensor_combined_src/install/px4_msgs/include/px4_msgs/px4_msgs/msg/detail/vehicle_attitude__type_support.c\n'}
[6.475555] (px4_msgs) StdoutLine: {'line': b'-- Up-to-date: /home/giromi/Repos/VTOL/ws_sensor_combined_src/install/px4_msgs/include/px4_msgs/px4_msgs/msg/detail/camera_status__type_support.c\n'}
[6.475612] (px4_msgs) StdoutLine: {'line': b'-- Up-to-date: /home/giromi/Repos/VTOL/ws_sensor_combined_src/install/px4_msgs/include/px4_msgs/px4_msgs/msg/detail/button_event__type_support.c\n'}
[6.475760] (px4_msgs) StdoutLine: {'line': b'-- Up-to-date: /home/giromi/Repos/VTOL/ws_sensor_combined_src/install/px4_msgs/include/px4_msgs/px4_msgs/msg/detail/vehicle_local_position_setpoint__rosidl_typesupport_introspection_c.h\n'}
[6.475817] (px4_msgs) StdoutLine: {'line': b'-- Up-to-date: /home/giromi/Repos/VTOL/ws_sensor_combined_src/install/px4_msgs/include/px4_msgs/px4_msgs/msg/detail/actuator_outputs__rosidl_typesupport_introspection_c.h\n'}
[6.475871] (px4_msgs) StdoutLine: {'line': b'-- Up-to-date: /home/giromi/Repos/VTOL/ws_sensor_combined_src/install/px4_msgs/include/px4_msgs/px4_msgs/msg/detail/vehicle_roi__type_support.c\n'}
[6.475926] (px4_msgs) StdoutLine: {'line': b'-- Up-to-date: /home/giromi/Repos/VTOL/ws_sensor_combined_src/install/px4_msgs/include/px4_msgs/px4_msgs/msg/detail/trajectory_bezier__type_support.c\n'}
[6.475979] (px4_msgs) StdoutLine: {'line': b'-- Up-to-date: /home/giromi/Repos/VTOL/ws_sensor_combined_src/install/px4_msgs/include/px4_msgs/px4_msgs/msg/detail/vehicle_odometry__type_support.c\n'}
[6.476118] (px4_msgs) StdoutLine: {'line': b'-- Up-to-date: /home/giromi/Repos/VTOL/ws_sensor_combined_src/install/px4_msgs/include/px4_msgs/px4_msgs/msg/detail/orbit_status__rosidl_typesupport_introspection_c.h\n'}
[6.476188] (px4_msgs) StdoutLine: {'line': b'-- Up-to-date: /home/giromi/Repos/VTOL/ws_sensor_combined_src/install/px4_msgs/include/px4_msgs/px4_msgs/msg/detail/position_controller_status__type_support.c\n'}
[6.476243] (px4_msgs) StdoutLine: {'line': b'-- Up-to-date: /home/giromi/Repos/VTOL/ws_sensor_combined_src/install/px4_msgs/include/px4_msgs/px4_msgs/msg/detail/airspeed_validated__rosidl_typesupport_introspection_c.h\n'}
[6.476297] (px4_msgs) StdoutLine: {'line': b'-- Up-to-date: /home/giromi/Repos/VTOL/ws_sensor_combined_src/install/px4_msgs/include/px4_msgs/px4_msgs/msg/detail/ulog_stream_ack__type_support.c\n'}
[6.476350] (px4_msgs) StdoutLine: {'line': b'-- Up-to-date: /home/giromi/Repos/VTOL/ws_sensor_combined_src/install/px4_msgs/include/px4_msgs/px4_msgs/msg/detail/timesync_status__rosidl_typesupport_introspection_c.h\n'}
[6.476418] (px4_msgs) StdoutLine: {'line': b'-- Up-to-date: /home/giromi/Repos/VTOL/ws_sensor_combined_src/install/px4_msgs/include/px4_msgs/px4_msgs/msg/detail/position_setpoint__rosidl_typesupport_introspection_c.h\n'}
[6.476527] (px4_msgs) StdoutLine: {'line': b'-- Up-to-date: /home/giromi/Repos/VTOL/ws_sensor_combined_src/install/px4_msgs/include/px4_msgs/px4_msgs/msg/detail/estimator_selector_status__rosidl_typesupport_introspection_c.h\n'}
[6.476664] (px4_msgs) StdoutLine: {'line': b'-- Up-to-date: /home/giromi/Repos/VTOL/ws_sensor_combined_src/install/px4_msgs/include/px4_msgs/px4_msgs/msg/detail/vehicle_odometry__rosidl_typesupport_introspection_c.h\n'}
[6.476798] (px4_msgs) StdoutLine: {'line': b'-- Up-to-date: /home/giromi/Repos/VTOL/ws_sensor_combined_src/install/px4_msgs/include/px4_msgs/px4_msgs/msg/detail/mavlink_log__type_support.c\n'}
[6.476929] (px4_msgs) StdoutLine: {'line': b'-- Up-to-date: /home/giromi/Repos/VTOL/ws_sensor_combined_src/install/px4_msgs/include/px4_msgs/px4_msgs/msg/detail/npfg_status__rosidl_typesupport_introspection_c.h\n'}
[6.477151] (px4_msgs) StdoutLine: {'line': b'-- Up-to-date: /home/giromi/Repos/VTOL/ws_sensor_combined_src/install/px4_msgs/include/px4_msgs/px4_msgs/msg/detail/debug_array__type_support.c\n'}
[6.477291] (px4_msgs) StdoutLine: {'line': b'-- Up-to-date: /home/giromi/Repos/VTOL/ws_sensor_combined_src/install/px4_msgs/include/px4_msgs/px4_msgs/msg/detail/home_position__rosidl_typesupport_introspection_c.h\n'}
[6.477461] (px4_msgs) StdoutLine: {'line': b'-- Up-to-date: /home/giromi/Repos/VTOL/ws_sensor_combined_src/install/px4_msgs/include/px4_msgs/px4_msgs/msg/detail/actuator_test__rosidl_typesupport_introspection_c.h\n'}
[6.477562] (px4_msgs) StdoutLine: {'line': b'-- Up-to-date: /home/giromi/Repos/VTOL/ws_sensor_combined_src/install/px4_msgs/include/px4_msgs/px4_msgs/msg/detail/actuator_servos_trim__type_support.c\n'}
[6.477620] (px4_msgs) StdoutLine: {'line': b'-- Up-to-date: /home/giromi/Repos/VTOL/ws_sensor_combined_src/install/px4_msgs/include/px4_msgs/px4_msgs/msg/detail/camera_capture__rosidl_typesupport_introspection_c.h\n'}
[6.477677] (px4_msgs) StdoutLine: {'line': b'-- Up-to-date: /home/giromi/Repos/VTOL/ws_sensor_combined_src/install/px4_msgs/include/px4_msgs/px4_msgs/msg/detail/register_ext_component_request__type_support.c\n'}
[6.477734] (px4_msgs) StdoutLine: {'line': b'-- Up-to-date: /home/giromi/Repos/VTOL/ws_sensor_combined_src/install/px4_msgs/include/px4_msgs/px4_msgs/msg/detail/health_report__rosidl_typesupport_introspection_c.h\n'}
[6.477857] (px4_msgs) StdoutLine: {'line': b'-- Up-to-date: /home/giromi/Repos/VTOL/ws_sensor_combined_src/install/px4_msgs/include/px4_msgs/px4_msgs/msg/detail/estimator_event_flags__rosidl_typesupport_introspection_c.h\n'}
[6.477914] (px4_msgs) StdoutLine: {'line': b'-- Up-to-date: /home/giromi/Repos/VTOL/ws_sensor_combined_src/install/px4_msgs/include/px4_msgs/px4_msgs/msg/detail/estimator_aid_source2d__rosidl_typesupport_introspection_c.h\n'}
[6.477972] (px4_msgs) StdoutLine: {'line': b'-- Up-to-date: /home/giromi/Repos/VTOL/ws_sensor_combined_src/install/px4_msgs/include/px4_msgs/px4_msgs/msg/detail/figure_eight_status__type_support.c\n'}
[6.478029] (px4_msgs) StdoutLine: {'line': b'-- Up-to-date: /home/giromi/Repos/VTOL/ws_sensor_combined_src/install/px4_msgs/include/px4_msgs/px4_msgs/msg/detail/sensor_combined__rosidl_typesupport_introspection_c.h\n'}
[6.478087] (px4_msgs) StdoutLine: {'line': b'-- Up-to-date: /home/giromi/Repos/VTOL/ws_sensor_combined_src/install/px4_msgs/include/px4_msgs/px4_msgs/msg/detail/estimator_aid_source1d__type_support.c\n'}
[6.478145] (px4_msgs) StdoutLine: {'line': b'-- Up-to-date: /home/giromi/Repos/VTOL/ws_sensor_combined_src/install/px4_msgs/include/px4_msgs/px4_msgs/msg/detail/esc_status__type_support.c\n'}
[6.478235] (px4_msgs) StdoutLine: {'line': b'-- Up-to-date: /home/giromi/Repos/VTOL/ws_sensor_combined_src/install/px4_msgs/include/px4_msgs/px4_msgs/msg/detail/onboard_computer_status__rosidl_typesupport_introspection_c.h\n'}
[6.478321] (px4_msgs) StdoutLine: {'line': b'-- Up-to-date: /home/giromi/Repos/VTOL/ws_sensor_combined_src/install/px4_msgs/include/px4_msgs/px4_msgs/msg/detail/actuator_servos_trim__rosidl_typesupport_introspection_c.h\n'}
[6.478379] (px4_msgs) StdoutLine: {'line': b'-- Up-to-date: /home/giromi/Repos/VTOL/ws_sensor_combined_src/install/px4_msgs/include/px4_msgs/px4_msgs/msg/detail/internal_combustion_engine_status__type_support.c\n'}
[6.478436] (px4_msgs) StdoutLine: {'line': b'-- Up-to-date: /home/giromi/Repos/VTOL/ws_sensor_combined_src/install/px4_msgs/include/px4_msgs/px4_msgs/msg/detail/health_report__type_support.c\n'}
[6.478494] (px4_msgs) StdoutLine: {'line': b'-- Up-to-date: /home/giromi/Repos/VTOL/ws_sensor_combined_src/install/px4_msgs/include/px4_msgs/px4_msgs/msg/detail/follow_target__type_support.c\n'}
[6.478557] (px4_msgs) StdoutLine: {'line': b'-- Up-to-date: /home/giromi/Repos/VTOL/ws_sensor_combined_src/install/px4_msgs/include/px4_msgs/px4_msgs/msg/detail/autotune_attitude_control_status__type_support.c\n'}
[6.478613] (px4_msgs) StdoutLine: {'line': b'-- Up-to-date: /home/giromi/Repos/VTOL/ws_sensor_combined_src/install/px4_msgs/include/px4_msgs/px4_msgs/msg/detail/takeoff_status__type_support.c\n'}
[6.478680] (px4_msgs) StdoutLine: {'line': b'-- Up-to-date: /home/giromi/Repos/VTOL/ws_sensor_combined_src/install/px4_msgs/include/px4_msgs/px4_msgs/msg/detail/vtol_vehicle_status__type_support.c\n'}
[6.478756] (px4_msgs) StdoutLine: {'line': b'-- Up-to-date: /home/giromi/Repos/VTOL/ws_sensor_combined_src/install/px4_msgs/include/px4_msgs/px4_msgs/msg/detail/parameter_update__type_support.c\n'}
[6.478852] (px4_msgs) StdoutLine: {'line': b'-- Up-to-date: /home/giromi/Repos/VTOL/ws_sensor_combined_src/install/px4_msgs/include/px4_msgs/px4_msgs/msg/detail/sensors_status_imu__type_support.c\n'}
[6.478908] (px4_msgs) StdoutLine: {'line': b'-- Up-to-date: /home/giromi/Repos/VTOL/ws_sensor_combined_src/install/px4_msgs/include/px4_msgs/px4_msgs/msg/detail/vehicle_control_mode__rosidl_typesupport_introspection_c.h\n'}
[6.478965] (px4_msgs) StdoutLine: {'line': b'-- Up-to-date: /home/giromi/Repos/VTOL/ws_sensor_combined_src/install/px4_msgs/include/px4_msgs/px4_msgs/msg/detail/normalized_unsigned_setpoint__rosidl_typesupport_introspection_c.h\n'}
[6.479022] (px4_msgs) StdoutLine: {'line': b'-- Up-to-date: /home/giromi/Repos/VTOL/ws_sensor_combined_src/install/px4_msgs/include/px4_msgs/px4_msgs/msg/detail/buffer128__rosidl_typesupport_introspection_c.h\n'}
[6.479097] (px4_msgs) StdoutLine: {'line': b'-- Up-to-date: /home/giromi/Repos/VTOL/ws_sensor_combined_src/install/px4_msgs/include/px4_msgs/px4_msgs/msg/detail/vehicle_angular_acceleration_setpoint__type_support.c\n'}
[6.479190] (px4_msgs) StdoutLine: {'line': b'-- Up-to-date: /home/giromi/Repos/VTOL/ws_sensor_combined_src/install/px4_msgs/include/px4_msgs/px4_msgs/msg/detail/wind__rosidl_typesupport_introspection_c.h\n'}
[6.479247] (px4_msgs) StdoutLine: {'line': b'-- Up-to-date: /home/giromi/Repos/VTOL/ws_sensor_combined_src/install/px4_msgs/include/px4_msgs/px4_msgs/msg/detail/gps_dump__type_support.c\n'}
[6.479303] (px4_msgs) StdoutLine: {'line': b'-- Up-to-date: /home/giromi/Repos/VTOL/ws_sensor_combined_src/install/px4_msgs/include/px4_msgs/px4_msgs/msg/detail/manual_control_switches__type_support.c\n'}
[6.479358] (px4_msgs) StdoutLine: {'line': b'-- Up-to-date: /home/giromi/Repos/VTOL/ws_sensor_combined_src/install/px4_msgs/include/px4_msgs/px4_msgs/msg/detail/pps_capture__rosidl_typesupport_introspection_c.h\n'}
[6.479433] (px4_msgs) StdoutLine: {'line': b'-- Up-to-date: /home/giromi/Repos/VTOL/ws_sensor_combined_src/install/px4_msgs/include/px4_msgs/px4_msgs/msg/detail/yaw_estimator_status__rosidl_typesupport_introspection_c.h\n'}
[6.479550] (px4_msgs) StdoutLine: {'line': b'-- Up-to-date: /home/giromi/Repos/VTOL/ws_sensor_combined_src/install/px4_msgs/include/px4_msgs/px4_msgs/msg/detail/vehicle_constraints__type_support.c\n'}
[6.479608] (px4_msgs) StdoutLine: {'line': b'-- Up-to-date: /home/giromi/Repos/VTOL/ws_sensor_combined_src/install/px4_msgs/include/px4_msgs/px4_msgs/msg/detail/power_monitor__type_support.c\n'}
[6.479665] (px4_msgs) StdoutLine: {'line': b'-- Up-to-date: /home/giromi/Repos/VTOL/ws_sensor_combined_src/install/px4_msgs/include/px4_msgs/px4_msgs/msg/detail/dataman_request__type_support.c\n'}
[6.479721] (px4_msgs) StdoutLine: {'line': b'-- Up-to-date: /home/giromi/Repos/VTOL/ws_sensor_combined_src/install/px4_msgs/include/px4_msgs/px4_msgs/msg/detail/cellular_status__rosidl_typesupport_introspection_c.h\n'}
[6.479778] (px4_msgs) StdoutLine: {'line': b'-- Up-to-date: /home/giromi/Repos/VTOL/ws_sensor_combined_src/install/px4_msgs/include/px4_msgs/px4_msgs/msg/detail/sensor_baro__rosidl_typesupport_introspection_c.h\n'}
[6.479834] (px4_msgs) StdoutLine: {'line': b'-- Up-to-date: /home/giromi/Repos/VTOL/ws_sensor_combined_src/install/px4_msgs/include/px4_msgs/px4_msgs/msg/detail/tune_control__rosidl_typesupport_introspection_c.h\n'}
[6.479983] (px4_msgs) StdoutLine: {'line': b'-- Up-to-date: /home/giromi/Repos/VTOL/ws_sensor_combined_src/install/px4_msgs/include/px4_msgs/px4_msgs/msg/detail/launch_detection_status__rosidl_typesupport_introspection_c.h\n'}
[6.480092] (px4_msgs) StdoutLine: {'line': b'-- Up-to-date: /home/giromi/Repos/VTOL/ws_sensor_combined_src/install/px4_msgs/include/px4_msgs/px4_msgs/msg/detail/vehicle_magnetometer__rosidl_typesupport_introspection_c.h\n'}
[6.480189] (px4_msgs) StdoutLine: {'line': b'-- Up-to-date: /home/giromi/Repos/VTOL/ws_sensor_combined_src/install/px4_msgs/include/px4_msgs/px4_msgs/msg/detail/register_ext_component_reply__rosidl_typesupport_introspection_c.h\n'}
[6.480285] (px4_msgs) StdoutLine: {'line': b'-- Up-to-date: /home/giromi/Repos/VTOL/ws_sensor_combined_src/install/px4_msgs/include/px4_msgs/px4_msgs/msg/detail/esc_report__rosidl_typesupport_introspection_c.h\n'}
[6.480386] (px4_msgs) StdoutLine: {'line': b'-- Up-to-date: /home/giromi/Repos/VTOL/ws_sensor_combined_src/install/px4_msgs/include/px4_msgs/px4_msgs/msg/detail/gimbal_manager_status__type_support.c\n'}
[6.480549] (px4_msgs) StdoutLine: {'line': b'-- Up-to-date: /home/giromi/Repos/VTOL/ws_sensor_combined_src/install/px4_msgs/include/px4_msgs/px4_msgs/msg/detail/debug_value__rosidl_typesupport_introspection_c.h\n'}
[6.480652] (px4_msgs) StdoutLine: {'line': b'-- Up-to-date: /home/giromi/Repos/VTOL/ws_sensor_combined_src/install/px4_msgs/include/px4_msgs/px4_msgs/msg/detail/mode_completed__type_support.c\n'}
[6.480756] (px4_msgs) StdoutLine: {'line': b'-- Up-to-date: /home/giromi/Repos/VTOL/ws_sensor_combined_src/install/px4_msgs/include/px4_msgs/px4_msgs/msg/detail/tune_control__type_support.c\n'}
[6.480922] (px4_msgs) StdoutLine: {'line': b'-- Up-to-date: /home/giromi/Repos/VTOL/ws_sensor_combined_src/install/px4_msgs/include/px4_msgs/px4_msgs/msg/detail/qshell_req__type_support.c\n'}
[6.481020] (px4_msgs) StdoutLine: {'line': b'-- Up-to-date: /home/giromi/Repos/VTOL/ws_sensor_combined_src/install/px4_msgs/include/px4_msgs/px4_msgs/msg/detail/battery_status__type_support.c\n'}
[6.481116] (px4_msgs) StdoutLine: {'line': b'-- Up-to-date: /home/giromi/Repos/VTOL/ws_sensor_combined_src/install/px4_msgs/include/px4_msgs/px4_msgs/msg/detail/goto_setpoint__type_support.c\n'}
[6.481280] (px4_msgs) StdoutLine: {'line': b'-- Up-to-date: /home/giromi/Repos/VTOL/ws_sensor_combined_src/install/px4_msgs/include/px4_msgs/px4_msgs/msg/detail/gimbal_manager_set_attitude__rosidl_typesupport_introspection_c.h\n'}
[6.481378] (px4_msgs) StdoutLine: {'line': b'-- Up-to-date: /home/giromi/Repos/VTOL/ws_sensor_combined_src/install/px4_msgs/include/px4_msgs/px4_msgs/msg/detail/vehicle_imu_status__type_support.c\n'}
[6.481474] (px4_msgs) StdoutLine: {'line': b'-- Up-to-date: /home/giromi/Repos/VTOL/ws_sensor_combined_src/install/px4_msgs/include/px4_msgs/px4_msgs/msg/detail/pwm_input__rosidl_typesupport_introspection_c.h\n'}
[6.481641] (px4_msgs) StdoutLine: {'line': b'-- Up-to-date: /home/giromi/Repos/VTOL/ws_sensor_combined_src/install/px4_msgs/include/px4_msgs/px4_msgs/msg/detail/vehicle_attitude__rosidl_typesupport_introspection_c.h\n'}
[6.481739] (px4_msgs) StdoutLine: {'line': b'-- Up-to-date: /home/giromi/Repos/VTOL/ws_sensor_combined_src/install/px4_msgs/include/px4_msgs/px4_msgs/msg/detail/trajectory_waypoint__rosidl_typesupport_introspection_c.h\n'}
[6.481836] (px4_msgs) StdoutLine: {'line': b'-- Up-to-date: /home/giromi/Repos/VTOL/ws_sensor_combined_src/install/px4_msgs/include/px4_msgs/px4_msgs/msg/detail/autotune_attitude_control_status__rosidl_typesupport_introspection_c.h\n'}
[6.481932] (px4_msgs) StdoutLine: {'line': b'-- Up-to-date: /home/giromi/Repos/VTOL/ws_sensor_combined_src/install/px4_msgs/include/px4_msgs/px4_msgs/msg/detail/sensor_uwb__rosidl_typesupport_introspection_c.h\n'}
[6.482027] (px4_msgs) StdoutLine: {'line': b'-- Up-to-date: /home/giromi/Repos/VTOL/ws_sensor_combined_src/install/px4_msgs/include/px4_msgs/px4_msgs/msg/detail/sensor_optical_flow__rosidl_typesupport_introspection_c.h\n'}
[6.482123] (px4_msgs) StdoutLine: {'line': b'-- Up-to-date: /home/giromi/Repos/VTOL/ws_sensor_combined_src/install/px4_msgs/include/px4_msgs/px4_msgs/msg/detail/trajectory_waypoint__type_support.c\n'}
[6.482285] (px4_msgs) StdoutLine: {'line': b'-- Up-to-date: /home/giromi/Repos/VTOL/ws_sensor_combined_src/install/px4_msgs/include/px4_msgs/px4_msgs/msg/detail/unregister_ext_component__rosidl_typesupport_introspection_c.h\n'}
[6.482394] (px4_msgs) StdoutLine: {'line': b'-- Up-to-date: /home/giromi/Repos/VTOL/ws_sensor_combined_src/install/px4_msgs/include/px4_msgs/px4_msgs/msg/detail/goto_setpoint__rosidl_typesupport_introspection_c.h\n'}
[6.482490] (px4_msgs) StdoutLine: {'line': b'-- Up-to-date: /home/giromi/Repos/VTOL/ws_sensor_combined_src/install/px4_msgs/include/px4_msgs/px4_msgs/msg/detail/rc_parameter_map__type_support.c\n'}
[6.482585] (px4_msgs) StdoutLine: {'line': b'-- Up-to-date: /home/giromi/Repos/VTOL/ws_sensor_combined_src/install/px4_msgs/include/px4_msgs/px4_msgs/msg/detail/qshell_retval__rosidl_typesupport_introspection_c.h\n'}
[6.482682] (px4_msgs) StdoutLine: {'line': b'-- Up-to-date: /home/giromi/Repos/VTOL/ws_sensor_combined_src/install/px4_msgs/include/px4_msgs/px4_msgs/msg/detail/sensor_gyro__rosidl_typesupport_introspection_c.h\n'}
[6.482914] (px4_msgs) StdoutLine: {'line': b'-- Up-to-date: /home/giromi/Repos/VTOL/ws_sensor_combined_src/install/px4_msgs/include/px4_msgs/px4_msgs/msg/detail/gimbal_device_attitude_status__type_support.c\n'}
[6.483041] (px4_msgs) StdoutLine: {'line': b'-- Up-to-date: /home/giromi/Repos/VTOL/ws_sensor_combined_src/install/px4_msgs/include/px4_msgs/px4_msgs/msg/detail/power_button_state__type_support.c\n'}
[6.483138] (px4_msgs) StdoutLine: {'line': b'-- Up-to-date: /home/giromi/Repos/VTOL/ws_sensor_combined_src/install/px4_msgs/include/px4_msgs/px4_msgs/msg/detail/sensor_baro__type_support.c\n'}
[6.483239] (px4_msgs) StdoutLine: {'line': b'-- Up-to-date: /home/giromi/Repos/VTOL/ws_sensor_combined_src/install/px4_msgs/include/px4_msgs/px4_msgs/msg/detail/tiltrotor_extra_controls__type_support.c\n'}
[6.483335] (px4_msgs) StdoutLine: {'line': b'-- Up-to-date: /home/giromi/Repos/VTOL/ws_sensor_combined_src/install/px4_msgs/include/px4_msgs/px4_msgs/msg/detail/sensor_optical_flow__type_support.c\n'}
[6.483431] (px4_msgs) StdoutLine: {'line': b'-- Up-to-date: /home/giromi/Repos/VTOL/ws_sensor_combined_src/install/px4_msgs/include/px4_msgs/px4_msgs/msg/detail/mavlink_tunnel__rosidl_typesupport_introspection_c.h\n'}
[6.483594] (px4_msgs) StdoutLine: {'line': b'-- Up-to-date: /home/giromi/Repos/VTOL/ws_sensor_combined_src/install/px4_msgs/include/px4_msgs/px4_msgs/msg/detail/radio_status__rosidl_typesupport_introspection_c.h\n'}
[6.483700] (px4_msgs) StdoutLine: {'line': b'-- Up-to-date: /home/giromi/Repos/VTOL/ws_sensor_combined_src/install/px4_msgs/include/px4_msgs/px4_msgs/msg/detail/telemetry_status__type_support.c\n'}
[6.483796] (px4_msgs) StdoutLine: {'line': b'-- Up-to-date: /home/giromi/Repos/VTOL/ws_sensor_combined_src/install/px4_msgs/include/px4_msgs/px4_msgs/msg/detail/mission_result__type_support.c\n'}
[6.483892] (px4_msgs) StdoutLine: {'line': b'-- Up-to-date: /home/giromi/Repos/VTOL/ws_sensor_combined_src/install/px4_msgs/include/px4_msgs/px4_msgs/msg/detail/cpuload__type_support.c\n'}
[6.483988] (px4_msgs) StdoutLine: {'line': b'-- Up-to-date: /home/giromi/Repos/VTOL/ws_sensor_combined_src/install/px4_msgs/include/px4_msgs/px4_msgs/msg/detail/control_allocator_status__type_support.c\n'}
[6.484137] (px4_msgs) StdoutLine: {'line': b'-- Up-to-date: /home/giromi/Repos/VTOL/ws_sensor_combined_src/install/px4_msgs/include/px4_msgs/px4_msgs/msg/detail/arming_check_request__rosidl_typesupport_introspection_c.h\n'}
[6.484234] (px4_msgs) StdoutLine: {'line': b'-- Up-to-date: /home/giromi/Repos/VTOL/ws_sensor_combined_src/install/px4_msgs/include/px4_msgs/px4_msgs/msg/detail/navigator_mission_item__rosidl_typesupport_introspection_c.h\n'}
[6.484330] (px4_msgs) StdoutLine: {'line': b'-- Up-to-date: /home/giromi/Repos/VTOL/ws_sensor_combined_src/install/px4_msgs/include/px4_msgs/px4_msgs/msg/detail/iridiumsbd_status__type_support.c\n'}
[6.484482] (px4_msgs) StdoutLine: {'line': b'-- Up-to-date: /home/giromi/Repos/VTOL/ws_sensor_combined_src/install/px4_msgs/include/px4_msgs/px4_msgs/msg/rosidl_typesupport_introspection_c__visibility_control.h\n'}
[6.484584] (px4_msgs) StdoutLine: {'line': b'-- Up-to-date: /home/giromi/Repos/VTOL/ws_sensor_combined_src/install/px4_msgs/lib/libpx4_msgs__rosidl_typesupport_introspection_c.so\n'}
[6.484680] (px4_msgs) StdoutLine: {'line': b'-- Up-to-date: /home/giromi/Repos/VTOL/ws_sensor_combined_src/install/px4_msgs/lib/libpx4_msgs__rosidl_typesupport_c.so\n'}
[6.484813] (px4_msgs) StdoutLine: {'line': b'-- Up-to-date: /home/giromi/Repos/VTOL/ws_sensor_combined_src/install/px4_msgs/include/px4_msgs/px4_msgs\n'}
[6.484940] (px4_msgs) StdoutLine: {'line': b'-- Up-to-date: /home/giromi/Repos/VTOL/ws_sensor_combined_src/install/px4_msgs/include/px4_msgs/px4_msgs/srv\n'}
[6.485036] (px4_msgs) StdoutLine: {'line': b'-- Up-to-date: /home/giromi/Repos/VTOL/ws_sensor_combined_src/install/px4_msgs/include/px4_msgs/px4_msgs/srv/detail\n'}
[6.485131] (px4_msgs) StdoutLine: {'line': b'-- Up-to-date: /home/giromi/Repos/VTOL/ws_sensor_combined_src/install/px4_msgs/include/px4_msgs/px4_msgs/srv/detail/vehicle_command__rosidl_typesupport_introspection_cpp.hpp\n'}
[6.485291] (px4_msgs) StdoutLine: {'line': b'-- Up-to-date: /home/giromi/Repos/VTOL/ws_sensor_combined_src/install/px4_msgs/include/px4_msgs/px4_msgs/srv/detail/vehicle_command__type_support.cpp\n'}
[6.485388] (px4_msgs) StdoutLine: {'line': b'-- Up-to-date: /home/giromi/Repos/VTOL/ws_sensor_combined_src/install/px4_msgs/include/px4_msgs/px4_msgs/msg\n'}
[6.485484] (px4_msgs) StdoutLine: {'line': b'-- Up-to-date: /home/giromi/Repos/VTOL/ws_sensor_combined_src/install/px4_msgs/include/px4_msgs/px4_msgs/msg/detail\n'}
[6.485580] (px4_msgs) StdoutLine: {'line': b'-- Up-to-date: /home/giromi/Repos/VTOL/ws_sensor_combined_src/install/px4_msgs/include/px4_msgs/px4_msgs/msg/detail/gimbal_manager_information__rosidl_typesupport_introspection_cpp.hpp\n'}
[6.485676] (px4_msgs) StdoutLine: {'line': b'-- Up-to-date: /home/giromi/Repos/VTOL/ws_sensor_combined_src/install/px4_msgs/include/px4_msgs/px4_msgs/msg/detail/estimator_bias__type_support.cpp\n'}
[6.485809] (px4_msgs) StdoutLine: {'line': b'-- Up-to-date: /home/giromi/Repos/VTOL/ws_sensor_combined_src/install/px4_msgs/include/px4_msgs/px4_msgs/msg/detail/takeoff_status__type_support.cpp\n'}
[6.485933] (px4_msgs) StdoutLine: {'line': b'-- Up-to-date: /home/giromi/Repos/VTOL/ws_sensor_combined_src/install/px4_msgs/include/px4_msgs/px4_msgs/msg/detail/goto_setpoint__rosidl_typesupport_introspection_cpp.hpp\n'}
[6.486029] (px4_msgs) StdoutLine: {'line': b'-- Up-to-date: /home/giromi/Repos/VTOL/ws_sensor_combined_src/install/px4_msgs/include/px4_msgs/px4_msgs/msg/detail/esc_status__rosidl_typesupport_introspection_cpp.hpp\n'}
[6.486188] (px4_msgs) StdoutLine: {'line': b'-- Up-to-date: /home/giromi/Repos/VTOL/ws_sensor_combined_src/install/px4_msgs/include/px4_msgs/px4_msgs/msg/detail/pwm_input__type_support.cpp\n'}
[6.486285] (px4_msgs) StdoutLine: {'line': b'-- Up-to-date: /home/giromi/Repos/VTOL/ws_sensor_combined_src/install/px4_msgs/include/px4_msgs/px4_msgs/msg/detail/power_button_state__rosidl_typesupport_introspection_cpp.hpp\n'}
[6.486381] (px4_msgs) StdoutLine: {'line': b'-- Up-to-date: /home/giromi/Repos/VTOL/ws_sensor_combined_src/install/px4_msgs/include/px4_msgs/px4_msgs/msg/detail/estimator_aid_source3d__type_support.cpp\n'}
[6.486517] (px4_msgs) StdoutLine: {'line': b'-- Up-to-date: /home/giromi/Repos/VTOL/ws_sensor_combined_src/install/px4_msgs/include/px4_msgs/px4_msgs/msg/detail/vehicle_angular_acceleration_setpoint__rosidl_typesupport_introspection_cpp.hpp\n'}
[6.486641] (px4_msgs) StdoutLine: {'line': b'-- Up-to-date: /home/giromi/Repos/VTOL/ws_sensor_combined_src/install/px4_msgs/include/px4_msgs/px4_msgs/msg/detail/vehicle_acceleration__type_support.cpp\n'}
[6.486737] (px4_msgs) StdoutLine: {'line': b'-- Up-to-date: /home/giromi/Repos/VTOL/ws_sensor_combined_src/install/px4_msgs/include/px4_msgs/px4_msgs/msg/detail/log_message__rosidl_typesupport_introspection_cpp.hpp\n'}
[6.486842] (px4_msgs) StdoutLine: {'line': b'-- Up-to-date: /home/giromi/Repos/VTOL/ws_sensor_combined_src/install/px4_msgs/include/px4_msgs/px4_msgs/msg/detail/collision_report__type_support.cpp\n'}
[6.487004] (px4_msgs) StdoutLine: {'line': b'-- Up-to-date: /home/giromi/Repos/VTOL/ws_sensor_combined_src/install/px4_msgs/include/px4_msgs/px4_msgs/msg/detail/camera_status__rosidl_typesupport_introspection_cpp.hpp\n'}
[6.487101] (px4_msgs) StdoutLine: {'line': b'-- Up-to-date: /home/giromi/Repos/VTOL/ws_sensor_combined_src/install/px4_msgs/include/px4_msgs/px4_msgs/msg/detail/vehicle_rates_setpoint__rosidl_typesupport_introspection_cpp.hpp\n'}
[6.487198] (px4_msgs) StdoutLine: {'line': b'-- Up-to-date: /home/giromi/Repos/VTOL/ws_sensor_combined_src/install/px4_msgs/include/px4_msgs/px4_msgs/msg/detail/led_control__type_support.cpp\n'}
[6.487294] (px4_msgs) StdoutLine: {'line': b'-- Up-to-date: /home/giromi/Repos/VTOL/ws_sensor_combined_src/install/px4_msgs/include/px4_msgs/px4_msgs/msg/detail/rtl_time_estimate__rosidl_typesupport_introspection_cpp.hpp\n'}
[6.487409] (px4_msgs) StdoutLine: {'line': b'-- Up-to-date: /home/giromi/Repos/VTOL/ws_sensor_combined_src/install/px4_msgs/include/px4_msgs/px4_msgs/msg/detail/estimator_bias3d__type_support.cpp\n'}
[6.487559] (px4_msgs) StdoutLine: {'line': b'-- Up-to-date: /home/giromi/Repos/VTOL/ws_sensor_combined_src/install/px4_msgs/include/px4_msgs/px4_msgs/msg/detail/onboard_computer_status__type_support.cpp\n'}
[6.487656] (px4_msgs) StdoutLine: {'line': b'-- Up-to-date: /home/giromi/Repos/VTOL/ws_sensor_combined_src/install/px4_msgs/include/px4_msgs/px4_msgs/msg/detail/figure_eight_status__type_support.cpp\n'}
[6.487752] (px4_msgs) StdoutLine: {'line': b'-- Up-to-date: /home/giromi/Repos/VTOL/ws_sensor_combined_src/install/px4_msgs/include/px4_msgs/px4_msgs/msg/detail/position_setpoint__rosidl_typesupport_introspection_cpp.hpp\n'}
[6.487917] (px4_msgs) StdoutLine: {'line': b'-- Up-to-date: /home/giromi/Repos/VTOL/ws_sensor_combined_src/install/px4_msgs/include/px4_msgs/px4_msgs/msg/detail/vehicle_land_detected__type_support.cpp\n'}
[6.488013] (px4_msgs) StdoutLine: {'line': b'-- Up-to-date: /home/giromi/Repos/VTOL/ws_sensor_combined_src/install/px4_msgs/include/px4_msgs/px4_msgs/msg/detail/navigator_mission_item__rosidl_typesupport_introspection_cpp.hpp\n'}
[6.488109] (px4_msgs) StdoutLine: {'line': b'-- Up-to-date: /home/giromi/Repos/VTOL/ws_sensor_combined_src/install/px4_msgs/include/px4_msgs/px4_msgs/msg/detail/navigator_mission_item__type_support.cpp\n'}
[6.488270] (px4_msgs) StdoutLine: {'line': b'-- Up-to-date: /home/giromi/Repos/VTOL/ws_sensor_combined_src/install/px4_msgs/include/px4_msgs/px4_msgs/msg/detail/task_stack_info__rosidl_typesupport_introspection_cpp.hpp\n'}
[6.488367] (px4_msgs) StdoutLine: {'line': b'-- Up-to-date: /home/giromi/Repos/VTOL/ws_sensor_combined_src/install/px4_msgs/include/px4_msgs/px4_msgs/msg/detail/estimator_status__type_support.cpp\n'}
[6.488463] (px4_msgs) StdoutLine: {'line': b'-- Up-to-date: /home/giromi/Repos/VTOL/ws_sensor_combined_src/install/px4_msgs/include/px4_msgs/px4_msgs/msg/detail/position_setpoint_triplet__type_support.cpp\n'}
[6.488578] (px4_msgs) StdoutLine: {'line': b'-- Up-to-date: /home/giromi/Repos/VTOL/ws_sensor_combined_src/install/px4_msgs/include/px4_msgs/px4_msgs/msg/detail/register_ext_component_reply__type_support.cpp\n'}
[6.488719] (px4_msgs) StdoutLine: {'line': b'-- Up-to-date: /home/giromi/Repos/VTOL/ws_sensor_combined_src/install/px4_msgs/include/px4_msgs/px4_msgs/msg/detail/actuator_motors__rosidl_typesupport_introspection_cpp.hpp\n'}
[6.488815] (px4_msgs) StdoutLine: {'line': b'-- Up-to-date: /home/giromi/Repos/VTOL/ws_sensor_combined_src/install/px4_msgs/include/px4_msgs/px4_msgs/msg/detail/ulog_stream__rosidl_typesupport_introspection_cpp.hpp\n'}
[6.488923] (px4_msgs) StdoutLine: {'line': b'-- Up-to-date: /home/giromi/Repos/VTOL/ws_sensor_combined_src/install/px4_msgs/include/px4_msgs/px4_msgs/msg/detail/esc_status__type_support.cpp\n'}
[6.489019] (px4_msgs) StdoutLine: {'line': b'-- Up-to-date: /home/giromi/Repos/VTOL/ws_sensor_combined_src/install/px4_msgs/include/px4_msgs/px4_msgs/msg/detail/goto_setpoint__type_support.cpp\n'}
[6.489156] (px4_msgs) StdoutLine: {'line': b'-- Up-to-date: /home/giromi/Repos/VTOL/ws_sensor_combined_src/install/px4_msgs/include/px4_msgs/px4_msgs/msg/detail/vehicle_roi__rosidl_typesupport_introspection_cpp.hpp\n'}
[6.489285] (px4_msgs) StdoutLine: {'line': b'-- Up-to-date: /home/giromi/Repos/VTOL/ws_sensor_combined_src/install/px4_msgs/include/px4_msgs/px4_msgs/msg/detail/vehicle_magnetometer__type_support.cpp\n'}
[6.489381] (px4_msgs) StdoutLine: {'line': b'-- Up-to-date: /home/giromi/Repos/VTOL/ws_sensor_combined_src/install/px4_msgs/include/px4_msgs/px4_msgs/msg/detail/orbit_status__rosidl_typesupport_introspection_cpp.hpp\n'}
[6.489524] (px4_msgs) StdoutLine: {'line': b'-- Up-to-date: /home/giromi/Repos/VTOL/ws_sensor_combined_src/install/px4_msgs/include/px4_msgs/px4_msgs/msg/detail/arming_check_reply__rosidl_typesupport_introspection_cpp.hpp\n'}
[6.489621] (px4_msgs) StdoutLine: {'line': b'-- Up-to-date: /home/giromi/Repos/VTOL/ws_sensor_combined_src/install/px4_msgs/include/px4_msgs/px4_msgs/msg/detail/airspeed_wind__type_support.cpp\n'}
[6.489727] (px4_msgs) StdoutLine: {'line': b'-- Up-to-date: /home/giromi/Repos/VTOL/ws_sensor_combined_src/install/px4_msgs/include/px4_msgs/px4_msgs/msg/detail/tune_control__rosidl_typesupport_introspection_cpp.hpp\n'}
[6.489860] (px4_msgs) StdoutLine: {'line': b'-- Up-to-date: /home/giromi/Repos/VTOL/ws_sensor_combined_src/install/px4_msgs/include/px4_msgs/px4_msgs/msg/detail/buffer128__rosidl_typesupport_introspection_cpp.hpp\n'}
[6.489990] (px4_msgs) StdoutLine: {'line': b'-- Up-to-date: /home/giromi/Repos/VTOL/ws_sensor_combined_src/install/px4_msgs/include/px4_msgs/px4_msgs/msg/detail/landing_gear__type_support.cpp\n'}
[6.490086] (px4_msgs) StdoutLine: {'line': b'-- Up-to-date: /home/giromi/Repos/VTOL/ws_sensor_combined_src/install/px4_msgs/include/px4_msgs/px4_msgs/msg/detail/battery_status__type_support.cpp\n'}
[6.490181] (px4_msgs) StdoutLine: {'line': b'-- Up-to-date: /home/giromi/Repos/VTOL/ws_sensor_combined_src/install/px4_msgs/include/px4_msgs/px4_msgs/msg/detail/npfg_status__type_support.cpp\n'}
[6.490312] (px4_msgs) StdoutLine: {'line': b'-- Up-to-date: /home/giromi/Repos/VTOL/ws_sensor_combined_src/install/px4_msgs/include/px4_msgs/px4_msgs/msg/detail/vehicle_thrust_setpoint__type_support.cpp\n'}
[6.490434] (px4_msgs) StdoutLine: {'line': b'-- Up-to-date: /home/giromi/Repos/VTOL/ws_sensor_combined_src/install/px4_msgs/include/px4_msgs/px4_msgs/msg/detail/gimbal_manager_status__type_support.cpp\n'}
[6.490531] (px4_msgs) StdoutLine: {'line': b'-- Up-to-date: /home/giromi/Repos/VTOL/ws_sensor_combined_src/install/px4_msgs/include/px4_msgs/px4_msgs/msg/detail/qshell_req__type_support.cpp\n'}
[6.490626] (px4_msgs) StdoutLine: {'line': b'-- Up-to-date: /home/giromi/Repos/VTOL/ws_sensor_combined_src/install/px4_msgs/include/px4_msgs/px4_msgs/msg/detail/uavcan_parameter_request__rosidl_typesupport_introspection_cpp.hpp\n'}
[6.490724] (px4_msgs) StdoutLine: {'line': b'-- Up-to-date: /home/giromi/Repos/VTOL/ws_sensor_combined_src/install/px4_msgs/include/px4_msgs/px4_msgs/msg/detail/vtol_vehicle_status__rosidl_typesupport_introspection_cpp.hpp\n'}
[6.490840] (px4_msgs) StdoutLine: {'line': b'-- Up-to-date: /home/giromi/Repos/VTOL/ws_sensor_combined_src/install/px4_msgs/include/px4_msgs/px4_msgs/msg/detail/normalized_unsigned_setpoint__type_support.cpp\n'}
[6.490978] (px4_msgs) StdoutLine: {'line': b'-- Up-to-date: /home/giromi/Repos/VTOL/ws_sensor_combined_src/install/px4_msgs/include/px4_msgs/px4_msgs/msg/detail/log_message__type_support.cpp\n'}
[6.491078] (px4_msgs) StdoutLine: {'line': b'-- Up-to-date: /home/giromi/Repos/VTOL/ws_sensor_combined_src/install/px4_msgs/include/px4_msgs/px4_msgs/msg/detail/gimbal_device_information__rosidl_typesupport_introspection_cpp.hpp\n'}
[6.491174] (px4_msgs) StdoutLine: {'line': b'-- Up-to-date: /home/giromi/Repos/VTOL/ws_sensor_combined_src/install/px4_msgs/include/px4_msgs/px4_msgs/msg/detail/gimbal_device_set_attitude__rosidl_typesupport_introspection_cpp.hpp\n'}
[6.491270] (px4_msgs) StdoutLine: {'line': b'-- Up-to-date: /home/giromi/Repos/VTOL/ws_sensor_combined_src/install/px4_msgs/include/px4_msgs/px4_msgs/msg/detail/failure_detector_status__type_support.cpp\n'}
[6.491372] (px4_msgs) StdoutLine: {'line': b'-- Up-to-date: /home/giromi/Repos/VTOL/ws_sensor_combined_src/install/px4_msgs/include/px4_msgs/px4_msgs/msg/detail/power_button_state__type_support.cpp\n'}
[6.491494] (px4_msgs) StdoutLine: {'line': b'-- Up-to-date: /home/giromi/Repos/VTOL/ws_sensor_combined_src/install/px4_msgs/include/px4_msgs/px4_msgs/msg/detail/sensor_airflow__type_support.cpp\n'}
[6.491576] (px4_msgs) StdoutLine: {'line': b'-- Up-to-date: /home/giromi/Repos/VTOL/ws_sensor_combined_src/install/px4_msgs/include/px4_msgs/px4_msgs/msg/detail/debug_key_value__rosidl_typesupport_introspection_cpp.hpp\n'}
[6.491634] (px4_msgs) StdoutLine: {'line': b'-- Up-to-date: /home/giromi/Repos/VTOL/ws_sensor_combined_src/install/px4_msgs/include/px4_msgs/px4_msgs/msg/detail/vehicle_trajectory_bezier__type_support.cpp\n'}
[6.491710] (px4_msgs) StdoutLine: {'line': b'-- Up-to-date: /home/giromi/Repos/VTOL/ws_sensor_combined_src/install/px4_msgs/include/px4_msgs/px4_msgs/msg/detail/sensor_gyro__rosidl_typesupport_introspection_cpp.hpp\n'}
[6.491817] (px4_msgs) StdoutLine: {'line': b'-- Up-to-date: /home/giromi/Repos/VTOL/ws_sensor_combined_src/install/px4_msgs/include/px4_msgs/px4_msgs/msg/detail/logger_status__rosidl_typesupport_introspection_cpp.hpp\n'}
[6.491874] (px4_msgs) StdoutLine: {'line': b'-- Up-to-date: /home/giromi/Repos/VTOL/ws_sensor_combined_src/install/px4_msgs/include/px4_msgs/px4_msgs/msg/detail/sensor_gnss_relative__rosidl_typesupport_introspection_cpp.hpp\n'}
[6.491967] (px4_msgs) StdoutLine: {'line': b'-- Up-to-date: /home/giromi/Repos/VTOL/ws_sensor_combined_src/install/px4_msgs/include/px4_msgs/px4_msgs/msg/detail/camera_trigger__rosidl_typesupport_introspection_cpp.hpp\n'}
[6.492055] (px4_msgs) StdoutLine: {'line': b'-- Up-to-date: /home/giromi/Repos/VTOL/ws_sensor_combined_src/install/px4_msgs/include/px4_msgs/px4_msgs/msg/detail/position_setpoint_triplet__rosidl_typesupport_introspection_cpp.hpp\n'}
[6.492112] (px4_msgs) StdoutLine: {'line': b'-- Up-to-date: /home/giromi/Repos/VTOL/ws_sensor_combined_src/install/px4_msgs/include/px4_msgs/px4_msgs/msg/detail/trajectory_bezier__type_support.cpp\n'}
[6.492176] (px4_msgs) StdoutLine: {'line': b'-- Up-to-date: /home/giromi/Repos/VTOL/ws_sensor_combined_src/install/px4_msgs/include/px4_msgs/px4_msgs/msg/detail/distance_sensor__rosidl_typesupport_introspection_cpp.hpp\n'}
[6.492233] (px4_msgs) StdoutLine: {'line': b'-- Up-to-date: /home/giromi/Repos/VTOL/ws_sensor_combined_src/install/px4_msgs/include/px4_msgs/px4_msgs/msg/detail/gimbal_device_set_attitude__type_support.cpp\n'}
[6.492291] (px4_msgs) StdoutLine: {'line': b'-- Up-to-date: /home/giromi/Repos/VTOL/ws_sensor_combined_src/install/px4_msgs/include/px4_msgs/px4_msgs/msg/detail/failure_detector_status__rosidl_typesupport_introspection_cpp.hpp\n'}
[6.492347] (px4_msgs) StdoutLine: {'line': b'-- Up-to-date: /home/giromi/Repos/VTOL/ws_sensor_combined_src/install/px4_msgs/include/px4_msgs/px4_msgs/msg/detail/generator_status__rosidl_typesupport_introspection_cpp.hpp\n'}
[6.492403] (px4_msgs) StdoutLine: {'line': b'-- Up-to-date: /home/giromi/Repos/VTOL/ws_sensor_combined_src/install/px4_msgs/include/px4_msgs/px4_msgs/msg/detail/ping__type_support.cpp\n'}
[6.492461] (px4_msgs) StdoutLine: {'line': b'-- Up-to-date: /home/giromi/Repos/VTOL/ws_sensor_combined_src/install/px4_msgs/include/px4_msgs/px4_msgs/msg/detail/dataman_response__rosidl_typesupport_introspection_cpp.hpp\n'}
[6.492519] (px4_msgs) StdoutLine: {'line': b'-- Up-to-date: /home/giromi/Repos/VTOL/ws_sensor_combined_src/install/px4_msgs/include/px4_msgs/px4_msgs/msg/detail/gps_dump__rosidl_typesupport_introspection_cpp.hpp\n'}
[6.492610] (px4_msgs) StdoutLine: {'line': b'-- Up-to-date: /home/giromi/Repos/VTOL/ws_sensor_combined_src/install/px4_msgs/include/px4_msgs/px4_msgs/msg/detail/actuator_outputs__rosidl_typesupport_introspection_cpp.hpp\n'}
[6.492698] (px4_msgs) StdoutLine: {'line': b'-- Up-to-date: /home/giromi/Repos/VTOL/ws_sensor_combined_src/install/px4_msgs/include/px4_msgs/px4_msgs/msg/detail/airspeed__type_support.cpp\n'}
[6.492761] (px4_msgs) StdoutLine: {'line': b'-- Up-to-date: /home/giromi/Repos/VTOL/ws_sensor_combined_src/install/px4_msgs/include/px4_msgs/px4_msgs/msg/detail/estimator_sensor_bias__type_support.cpp\n'}
[6.492817] (px4_msgs) StdoutLine: {'line': b'-- Up-to-date: /home/giromi/Repos/VTOL/ws_sensor_combined_src/install/px4_msgs/include/px4_msgs/px4_msgs/msg/detail/tecs_status__type_support.cpp\n'}
[6.492875] (px4_msgs) StdoutLine: {'line': b'-- Up-to-date: /home/giromi/Repos/VTOL/ws_sensor_combined_src/install/px4_msgs/include/px4_msgs/px4_msgs/msg/detail/register_ext_component_request__rosidl_typesupport_introspection_cpp.hpp\n'}
[6.492931] (px4_msgs) StdoutLine: {'line': b'-- Up-to-date: /home/giromi/Repos/VTOL/ws_sensor_combined_src/install/px4_msgs/include/px4_msgs/px4_msgs/msg/detail/power_monitor__type_support.cpp\n'}
[6.492988] (px4_msgs) StdoutLine: {'line': b'-- Up-to-date: /home/giromi/Repos/VTOL/ws_sensor_combined_src/install/px4_msgs/include/px4_msgs/px4_msgs/msg/detail/buffer128__type_support.cpp\n'}
[6.493044] (px4_msgs) StdoutLine: {'line': b'-- Up-to-date: /home/giromi/Repos/VTOL/ws_sensor_combined_src/install/px4_msgs/include/px4_msgs/px4_msgs/msg/detail/debug_value__type_support.cpp\n'}
[6.493119] (px4_msgs) StdoutLine: {'line': b'-- Up-to-date: /home/giromi/Repos/VTOL/ws_sensor_combined_src/install/px4_msgs/include/px4_msgs/px4_msgs/msg/detail/estimator_innovations__type_support.cpp\n'}
[6.493219] (px4_msgs) StdoutLine: {'line': b'-- Up-to-date: /home/giromi/Repos/VTOL/ws_sensor_combined_src/install/px4_msgs/include/px4_msgs/px4_msgs/msg/detail/vehicle_imu__type_support.cpp\n'}
[6.493276] (px4_msgs) StdoutLine: {'line': b'-- Up-to-date: /home/giromi/Repos/VTOL/ws_sensor_combined_src/install/px4_msgs/include/px4_msgs/px4_msgs/msg/detail/estimator_status_flags__rosidl_typesupport_introspection_cpp.hpp\n'}
[6.493333] (px4_msgs) StdoutLine: {'line': b'-- Up-to-date: /home/giromi/Repos/VTOL/ws_sensor_combined_src/install/px4_msgs/include/px4_msgs/px4_msgs/msg/detail/collision_report__rosidl_typesupport_introspection_cpp.hpp\n'}
[6.493389] (px4_msgs) StdoutLine: {'line': b'-- Up-to-date: /home/giromi/Repos/VTOL/ws_sensor_combined_src/install/px4_msgs/include/px4_msgs/px4_msgs/msg/detail/gimbal_manager_information__type_support.cpp\n'}
[6.493445] (px4_msgs) StdoutLine: {'line': b'-- Up-to-date: /home/giromi/Repos/VTOL/ws_sensor_combined_src/install/px4_msgs/include/px4_msgs/px4_msgs/msg/detail/sensors_status__type_support.cpp\n'}
[6.493556] (px4_msgs) StdoutLine: {'line': b'-- Up-to-date: /home/giromi/Repos/VTOL/ws_sensor_combined_src/install/px4_msgs/include/px4_msgs/px4_msgs/msg/detail/vehicle_thrust_setpoint__rosidl_typesupport_introspection_cpp.hpp\n'}
[6.493612] (px4_msgs) StdoutLine: {'line': b'-- Up-to-date: /home/giromi/Repos/VTOL/ws_sensor_combined_src/install/px4_msgs/include/px4_msgs/px4_msgs/msg/detail/control_allocator_status__type_support.cpp\n'}
[6.493668] (px4_msgs) StdoutLine: {'line': b'-- Up-to-date: /home/giromi/Repos/VTOL/ws_sensor_combined_src/install/px4_msgs/include/px4_msgs/px4_msgs/msg/detail/rate_ctrl_status__type_support.cpp\n'}
[6.493724] (px4_msgs) StdoutLine: {'line': b'-- Up-to-date: /home/giromi/Repos/VTOL/ws_sensor_combined_src/install/px4_msgs/include/px4_msgs/px4_msgs/msg/detail/gimbal_manager_set_attitude__type_support.cpp\n'}
[6.493788] (px4_msgs) StdoutLine: {'line': b'-- Up-to-date: /home/giromi/Repos/VTOL/ws_sensor_combined_src/install/px4_msgs/include/px4_msgs/px4_msgs/msg/detail/vehicle_attitude_setpoint__type_support.cpp\n'}
[6.493864] (px4_msgs) StdoutLine: {'line': b'-- Up-to-date: /home/giromi/Repos/VTOL/ws_sensor_combined_src/install/px4_msgs/include/px4_msgs/px4_msgs/msg/detail/sensor_gyro_fifo__type_support.cpp\n'}
[6.493963] (px4_msgs) StdoutLine: {'line': b'-- Up-to-date: /home/giromi/Repos/VTOL/ws_sensor_combined_src/install/px4_msgs/include/px4_msgs/px4_msgs/msg/detail/heater_status__rosidl_typesupport_introspection_cpp.hpp\n'}
[6.494025] (px4_msgs) StdoutLine: {'line': b'-- Up-to-date: /home/giromi/Repos/VTOL/ws_sensor_combined_src/install/px4_msgs/include/px4_msgs/px4_msgs/msg/detail/battery_status__rosidl_typesupport_introspection_cpp.hpp\n'}
[6.494081] (px4_msgs) StdoutLine: {'line': b'-- Up-to-date: /home/giromi/Repos/VTOL/ws_sensor_combined_src/install/px4_msgs/include/px4_msgs/px4_msgs/msg/detail/health_report__type_support.cpp\n'}
[6.494137] (px4_msgs) StdoutLine: {'line': b'-- Up-to-date: /home/giromi/Repos/VTOL/ws_sensor_combined_src/install/px4_msgs/include/px4_msgs/px4_msgs/msg/detail/wheel_encoders__type_support.cpp\n'}
[6.494193] (px4_msgs) StdoutLine: {'line': b'-- Up-to-date: /home/giromi/Repos/VTOL/ws_sensor_combined_src/install/px4_msgs/include/px4_msgs/px4_msgs/msg/detail/estimator_aid_source1d__rosidl_typesupport_introspection_cpp.hpp\n'}
[6.494249] (px4_msgs) StdoutLine: {'line': b'-- Up-to-date: /home/giromi/Repos/VTOL/ws_sensor_combined_src/install/px4_msgs/include/px4_msgs/px4_msgs/msg/detail/estimator_event_flags__rosidl_typesupport_introspection_cpp.hpp\n'}
[6.494372] (px4_msgs) StdoutLine: {'line': b'-- Up-to-date: /home/giromi/Repos/VTOL/ws_sensor_combined_src/install/px4_msgs/include/px4_msgs/px4_msgs/msg/detail/mavlink_log__type_support.cpp\n'}
[6.494430] (px4_msgs) StdoutLine: {'line': b'-- Up-to-date: /home/giromi/Repos/VTOL/ws_sensor_combined_src/install/px4_msgs/include/px4_msgs/px4_msgs/msg/detail/actuator_servos__type_support.cpp\n'}
[6.494485] (px4_msgs) StdoutLine: {'line': b'-- Up-to-date: /home/giromi/Repos/VTOL/ws_sensor_combined_src/install/px4_msgs/include/px4_msgs/px4_msgs/msg/detail/arming_check_request__type_support.cpp\n'}
[6.494542] (px4_msgs) StdoutLine: {'line': b'-- Up-to-date: /home/giromi/Repos/VTOL/ws_sensor_combined_src/install/px4_msgs/include/px4_msgs/px4_msgs/msg/detail/actuator_controls_status__type_support.cpp\n'}
[6.494598] (px4_msgs) StdoutLine: {'line': b'-- Up-to-date: /home/giromi/Repos/VTOL/ws_sensor_combined_src/install/px4_msgs/include/px4_msgs/px4_msgs/msg/detail/vehicle_control_mode__rosidl_typesupport_introspection_cpp.hpp\n'}
[6.494654] (px4_msgs) StdoutLine: {'line': b'-- Up-to-date: /home/giromi/Repos/VTOL/ws_sensor_combined_src/install/px4_msgs/include/px4_msgs/px4_msgs/msg/detail/cellular_status__rosidl_typesupport_introspection_cpp.hpp\n'}
[6.494710] (px4_msgs) StdoutLine: {'line': b'-- Up-to-date: /home/giromi/Repos/VTOL/ws_sensor_combined_src/install/px4_msgs/include/px4_msgs/px4_msgs/msg/detail/vehicle_optical_flow__type_support.cpp\n'}
[6.494772] (px4_msgs) StdoutLine: {'line': b'-- Up-to-date: /home/giromi/Repos/VTOL/ws_sensor_combined_src/install/px4_msgs/include/px4_msgs/px4_msgs/msg/detail/vehicle_air_data__rosidl_typesupport_introspection_cpp.hpp\n'}
[6.494848] (px4_msgs) StdoutLine: {'line': b'-- Up-to-date: /home/giromi/Repos/VTOL/ws_sensor_combined_src/install/px4_msgs/include/px4_msgs/px4_msgs/msg/detail/gimbal_manager_set_manual_control__rosidl_typesupport_introspection_cpp.hpp\n'}
[6.494951] (px4_msgs) StdoutLine: {'line': b'-- Up-to-date: /home/giromi/Repos/VTOL/ws_sensor_combined_src/install/px4_msgs/include/px4_msgs/px4_msgs/msg/detail/launch_detection_status__rosidl_typesupport_introspection_cpp.hpp\n'}
[6.495008] (px4_msgs) StdoutLine: {'line': b'-- Up-to-date: /home/giromi/Repos/VTOL/ws_sensor_combined_src/install/px4_msgs/include/px4_msgs/px4_msgs/msg/detail/vehicle_attitude__rosidl_typesupport_introspection_cpp.hpp\n'}
[6.495063] (px4_msgs) StdoutLine: {'line': b'-- Up-to-date: /home/giromi/Repos/VTOL/ws_sensor_combined_src/install/px4_msgs/include/px4_msgs/px4_msgs/msg/detail/iridiumsbd_status__type_support.cpp\n'}
[6.495118] (px4_msgs) StdoutLine: {'line': b'-- Up-to-date: /home/giromi/Repos/VTOL/ws_sensor_combined_src/install/px4_msgs/include/px4_msgs/px4_msgs/msg/detail/vehicle_torque_setpoint__type_support.cpp\n'}
[6.495173] (px4_msgs) StdoutLine: {'line': b'-- Up-to-date: /home/giromi/Repos/VTOL/ws_sensor_combined_src/install/px4_msgs/include/px4_msgs/px4_msgs/msg/detail/estimator_bias__rosidl_typesupport_introspection_cpp.hpp\n'}
[6.495297] (px4_msgs) StdoutLine: {'line': b'-- Up-to-date: /home/giromi/Repos/VTOL/ws_sensor_combined_src/install/px4_msgs/include/px4_msgs/px4_msgs/msg/detail/vehicle_status__type_support.cpp\n'}
[6.495354] (px4_msgs) StdoutLine: {'line': b'-- Up-to-date: /home/giromi/Repos/VTOL/ws_sensor_combined_src/install/px4_msgs/include/px4_msgs/px4_msgs/msg/detail/vehicle_constraints__rosidl_typesupport_introspection_cpp.hpp\n'}
[6.495410] (px4_msgs) StdoutLine: {'line': b'-- Up-to-date: /home/giromi/Repos/VTOL/ws_sensor_combined_src/install/px4_msgs/include/px4_msgs/px4_msgs/msg/detail/sensors_status__rosidl_typesupport_introspection_cpp.hpp\n'}
[6.495546] (px4_msgs) StdoutLine: {'line': b'-- Up-to-date: /home/giromi/Repos/VTOL/ws_sensor_combined_src/install/px4_msgs/include/px4_msgs/px4_msgs/msg/detail/sensor_mag__type_support.cpp\n'}
[6.495707] (px4_msgs) StdoutLine: {'line': b'-- Up-to-date: /home/giromi/Repos/VTOL/ws_sensor_combined_src/install/px4_msgs/include/px4_msgs/px4_msgs/msg/detail/rc_channels__rosidl_typesupport_introspection_cpp.hpp\n'}
[6.495804] (px4_msgs) StdoutLine: {'line': b'-- Up-to-date: /home/giromi/Repos/VTOL/ws_sensor_combined_src/install/px4_msgs/include/px4_msgs/px4_msgs/msg/detail/camera_status__type_support.cpp\n'}
[6.495899] (px4_msgs) StdoutLine: {'line': b'-- Up-to-date: /home/giromi/Repos/VTOL/ws_sensor_combined_src/install/px4_msgs/include/px4_msgs/px4_msgs/msg/detail/estimator_aid_source2d__rosidl_typesupport_introspection_cpp.hpp\n'}
[6.495995] (px4_msgs) StdoutLine: {'line': b'-- Up-to-date: /home/giromi/Repos/VTOL/ws_sensor_combined_src/install/px4_msgs/include/px4_msgs/px4_msgs/msg/detail/irlock_report__rosidl_typesupport_introspection_cpp.hpp\n'}
[6.496147] (px4_msgs) StdoutLine: {'line': b'-- Up-to-date: /home/giromi/Repos/VTOL/ws_sensor_combined_src/install/px4_msgs/include/px4_msgs/px4_msgs/msg/detail/gps_dump__type_support.cpp\n'}
[6.496208] (px4_msgs) StdoutLine: {'line': b'-- Up-to-date: /home/giromi/Repos/VTOL/ws_sensor_combined_src/install/px4_msgs/include/px4_msgs/px4_msgs/msg/detail/debug_vect__type_support.cpp\n'}
[6.496265] (px4_msgs) StdoutLine: {'line': b'-- Up-to-date: /home/giromi/Repos/VTOL/ws_sensor_combined_src/install/px4_msgs/include/px4_msgs/px4_msgs/msg/detail/collision_constraints__rosidl_typesupport_introspection_cpp.hpp\n'}
[6.496322] (px4_msgs) StdoutLine: {'line': b'-- Up-to-date: /home/giromi/Repos/VTOL/ws_sensor_combined_src/install/px4_msgs/include/px4_msgs/px4_msgs/msg/detail/rate_ctrl_status__rosidl_typesupport_introspection_cpp.hpp\n'}
[6.496379] (px4_msgs) StdoutLine: {'line': b'-- Up-to-date: /home/giromi/Repos/VTOL/ws_sensor_combined_src/install/px4_msgs/include/px4_msgs/px4_msgs/msg/detail/system_power__type_support.cpp\n'}
[6.496434] (px4_msgs) StdoutLine: {'line': b'-- Up-to-date: /home/giromi/Repos/VTOL/ws_sensor_combined_src/install/px4_msgs/include/px4_msgs/px4_msgs/msg/detail/pwm_input__rosidl_typesupport_introspection_cpp.hpp\n'}
[6.496489] (px4_msgs) StdoutLine: {'line': b'-- Up-to-date: /home/giromi/Repos/VTOL/ws_sensor_combined_src/install/px4_msgs/include/px4_msgs/px4_msgs/msg/detail/arming_check_request__rosidl_typesupport_introspection_cpp.hpp\n'}
[6.496545] (px4_msgs) StdoutLine: {'line': b'-- Up-to-date: /home/giromi/Repos/VTOL/ws_sensor_combined_src/install/px4_msgs/include/px4_msgs/px4_msgs/msg/detail/vehicle_attitude__type_support.cpp\n'}
[6.496647] (px4_msgs) StdoutLine: {'line': b'-- Up-to-date: /home/giromi/Repos/VTOL/ws_sensor_combined_src/install/px4_msgs/include/px4_msgs/px4_msgs/msg/detail/cpuload__type_support.cpp\n'}
[6.496739] (px4_msgs) StdoutLine: {'line': b'-- Up-to-date: /home/giromi/Repos/VTOL/ws_sensor_combined_src/install/px4_msgs/include/px4_msgs/px4_msgs/msg/detail/trajectory_setpoint__type_support.cpp\n'}
[6.496798] (px4_msgs) StdoutLine: {'line': b'-- Up-to-date: /home/giromi/Repos/VTOL/ws_sensor_combined_src/install/px4_msgs/include/px4_msgs/px4_msgs/msg/detail/gripper__rosidl_typesupport_introspection_cpp.hpp\n'}
[6.496854] (px4_msgs) StdoutLine: {'line': b'-- Up-to-date: /home/giromi/Repos/VTOL/ws_sensor_combined_src/install/px4_msgs/include/px4_msgs/px4_msgs/msg/detail/gimbal_device_attitude_status__type_support.cpp\n'}
[6.496916] (px4_msgs) StdoutLine: {'line': b'-- Up-to-date: /home/giromi/Repos/VTOL/ws_sensor_combined_src/install/px4_msgs/include/px4_msgs/px4_msgs/msg/detail/tiltrotor_extra_controls__type_support.cpp\n'}
[6.497008] (px4_msgs) StdoutLine: {'line': b'-- Up-to-date: /home/giromi/Repos/VTOL/ws_sensor_combined_src/install/px4_msgs/include/px4_msgs/px4_msgs/msg/detail/action_request__rosidl_typesupport_introspection_cpp.hpp\n'}
[6.497096] (px4_msgs) StdoutLine: {'line': b'-- Up-to-date: /home/giromi/Repos/VTOL/ws_sensor_combined_src/install/px4_msgs/include/px4_msgs/px4_msgs/msg/detail/led_control__rosidl_typesupport_introspection_cpp.hpp\n'}
[6.497153] (px4_msgs) StdoutLine: {'line': b'-- Up-to-date: /home/giromi/Repos/VTOL/ws_sensor_combined_src/install/px4_msgs/include/px4_msgs/px4_msgs/msg/detail/estimator_status__rosidl_typesupport_introspection_cpp.hpp\n'}
[6.497209] (px4_msgs) StdoutLine: {'line': b'-- Up-to-date: /home/giromi/Repos/VTOL/ws_sensor_combined_src/install/px4_msgs/include/px4_msgs/px4_msgs/msg/detail/mount_orientation__type_support.cpp\n'}
[6.497268] (px4_msgs) StdoutLine: {'line': b'-- Up-to-date: /home/giromi/Repos/VTOL/ws_sensor_combined_src/install/px4_msgs/include/px4_msgs/px4_msgs/msg/detail/message_format_request__rosidl_typesupport_introspection_cpp.hpp\n'}
[6.497359] (px4_msgs) StdoutLine: {'line': b'-- Up-to-date: /home/giromi/Repos/VTOL/ws_sensor_combined_src/install/px4_msgs/include/px4_msgs/px4_msgs/msg/detail/tecs_status__rosidl_typesupport_introspection_cpp.hpp\n'}
[6.497447] (px4_msgs) StdoutLine: {'line': b'-- Up-to-date: /home/giromi/Repos/VTOL/ws_sensor_combined_src/install/px4_msgs/include/px4_msgs/px4_msgs/msg/detail/timesync_status__type_support.cpp\n'}
[6.497513] (px4_msgs) StdoutLine: {'line': b'-- Up-to-date: /home/giromi/Repos/VTOL/ws_sensor_combined_src/install/px4_msgs/include/px4_msgs/px4_msgs/msg/detail/figure_eight_status__rosidl_typesupport_introspection_cpp.hpp\n'}
[6.497570] (px4_msgs) StdoutLine: {'line': b'-- Up-to-date: /home/giromi/Repos/VTOL/ws_sensor_combined_src/install/px4_msgs/include/px4_msgs/px4_msgs/msg/detail/estimator_gps_status__rosidl_typesupport_introspection_cpp.hpp\n'}
[6.497627] (px4_msgs) StdoutLine: {'line': b'-- Up-to-date: /home/giromi/Repos/VTOL/ws_sensor_combined_src/install/px4_msgs/include/px4_msgs/px4_msgs/msg/detail/camera_capture__rosidl_typesupport_introspection_cpp.hpp\n'}
[6.497684] (px4_msgs) StdoutLine: {'line': b'-- Up-to-date: /home/giromi/Repos/VTOL/ws_sensor_combined_src/install/px4_msgs/include/px4_msgs/px4_msgs/msg/detail/vehicle_constraints__type_support.cpp\n'}
[6.497794] (px4_msgs) StdoutLine: {'line': b'-- Up-to-date: /home/giromi/Repos/VTOL/ws_sensor_combined_src/install/px4_msgs/include/px4_msgs/px4_msgs/msg/detail/estimator_selector_status__rosidl_typesupport_introspection_cpp.hpp\n'}
[6.497851] (px4_msgs) StdoutLine: {'line': b'-- Up-to-date: /home/giromi/Repos/VTOL/ws_sensor_combined_src/install/px4_msgs/include/px4_msgs/px4_msgs/msg/detail/register_ext_component_request__type_support.cpp\n'}
[6.497907] (px4_msgs) StdoutLine: {'line': b'-- Up-to-date: /home/giromi/Repos/VTOL/ws_sensor_combined_src/install/px4_msgs/include/px4_msgs/px4_msgs/msg/detail/distance_sensor__type_support.cpp\n'}
[6.497963] (px4_msgs) StdoutLine: {'line': b'-- Up-to-date: /home/giromi/Repos/VTOL/ws_sensor_combined_src/install/px4_msgs/include/px4_msgs/px4_msgs/msg/detail/gpio_config__rosidl_typesupport_introspection_cpp.hpp\n'}
[6.498019] (px4_msgs) StdoutLine: {'line': b'-- Up-to-date: /home/giromi/Repos/VTOL/ws_sensor_combined_src/install/px4_msgs/include/px4_msgs/px4_msgs/msg/detail/irlock_report__type_support.cpp\n'}
[6.498074] (px4_msgs) StdoutLine: {'line': b'-- Up-to-date: /home/giromi/Repos/VTOL/ws_sensor_combined_src/install/px4_msgs/include/px4_msgs/px4_msgs/msg/detail/vehicle_imu_status__type_support.cpp\n'}
[6.498130] (px4_msgs) StdoutLine: {'line': b'-- Up-to-date: /home/giromi/Repos/VTOL/ws_sensor_combined_src/install/px4_msgs/include/px4_msgs/px4_msgs/msg/detail/landing_gear_wheel__type_support.cpp\n'}
[6.498192] (px4_msgs) StdoutLine: {'line': b'-- Up-to-date: /home/giromi/Repos/VTOL/ws_sensor_combined_src/install/px4_msgs/include/px4_msgs/px4_msgs/msg/detail/yaw_estimator_status__type_support.cpp\n'}
[6.498252] (px4_msgs) StdoutLine: {'line': b'-- Up-to-date: /home/giromi/Repos/VTOL/ws_sensor_combined_src/install/px4_msgs/include/px4_msgs/px4_msgs/msg/detail/vehicle_magnetometer__rosidl_typesupport_introspection_cpp.hpp\n'}
[6.498343] (px4_msgs) StdoutLine: {'line': b'-- Up-to-date: /home/giromi/Repos/VTOL/ws_sensor_combined_src/install/px4_msgs/include/px4_msgs/px4_msgs/msg/detail/actuator_servos_trim__type_support.cpp\n'}
[6.498433] (px4_msgs) StdoutLine: {'line': b'-- Up-to-date: /home/giromi/Repos/VTOL/ws_sensor_combined_src/install/px4_msgs/include/px4_msgs/px4_msgs/msg/detail/vehicle_optical_flow_vel__type_support.cpp\n'}
[6.498489] (px4_msgs) StdoutLine: {'line': b'-- Up-to-date: /home/giromi/Repos/VTOL/ws_sensor_combined_src/install/px4_msgs/include/px4_msgs/px4_msgs/msg/detail/vehicle_acceleration__rosidl_typesupport_introspection_cpp.hpp\n'}
[6.498545] (px4_msgs) StdoutLine: {'line': b'-- Up-to-date: /home/giromi/Repos/VTOL/ws_sensor_combined_src/install/px4_msgs/include/px4_msgs/px4_msgs/msg/detail/cpuload__rosidl_typesupport_introspection_cpp.hpp\n'}
[6.498601] (px4_msgs) StdoutLine: {'line': b'-- Up-to-date: /home/giromi/Repos/VTOL/ws_sensor_combined_src/install/px4_msgs/include/px4_msgs/px4_msgs/msg/detail/offboard_control_mode__rosidl_typesupport_introspection_cpp.hpp\n'}
[6.498690] (px4_msgs) StdoutLine: {'line': b'-- Up-to-date: /home/giromi/Repos/VTOL/ws_sensor_combined_src/install/px4_msgs/include/px4_msgs/px4_msgs/msg/detail/trajectory_setpoint__rosidl_typesupport_introspection_cpp.hpp\n'}
[6.498777] (px4_msgs) StdoutLine: {'line': b'-- Up-to-date: /home/giromi/Repos/VTOL/ws_sensor_combined_src/install/px4_msgs/include/px4_msgs/px4_msgs/msg/detail/debug_value__rosidl_typesupport_introspection_cpp.hpp\n'}
[6.498834] (px4_msgs) StdoutLine: {'line': b'-- Up-to-date: /home/giromi/Repos/VTOL/ws_sensor_combined_src/install/px4_msgs/include/px4_msgs/px4_msgs/msg/detail/debug_array__type_support.cpp\n'}
[6.498889] (px4_msgs) StdoutLine: {'line': b'-- Up-to-date: /home/giromi/Repos/VTOL/ws_sensor_combined_src/install/px4_msgs/include/px4_msgs/px4_msgs/msg/detail/takeoff_status__rosidl_typesupport_introspection_cpp.hpp\n'}
[6.498945] (px4_msgs) StdoutLine: {'line': b'-- Up-to-date: /home/giromi/Repos/VTOL/ws_sensor_combined_src/install/px4_msgs/include/px4_msgs/px4_msgs/msg/detail/obstacle_distance__rosidl_typesupport_introspection_cpp.hpp\n'}
[6.499021] (px4_msgs) StdoutLine: {'line': b'-- Up-to-date: /home/giromi/Repos/VTOL/ws_sensor_combined_src/install/px4_msgs/include/px4_msgs/px4_msgs/msg/detail/timesync_status__rosidl_typesupport_introspection_cpp.hpp\n'}
[6.499117] (px4_msgs) StdoutLine: {'line': b'-- Up-to-date: /home/giromi/Repos/VTOL/ws_sensor_combined_src/install/px4_msgs/include/px4_msgs/px4_msgs/msg/detail/sensor_selection__rosidl_typesupport_introspection_cpp.hpp\n'}
[6.499181] (px4_msgs) StdoutLine: {'line': b'-- Up-to-date: /home/giromi/Repos/VTOL/ws_sensor_combined_src/install/px4_msgs/include/px4_msgs/px4_msgs/msg/detail/autotune_attitude_control_status__type_support.cpp\n'}
[6.499237] (px4_msgs) StdoutLine: {'line': b'-- Up-to-date: /home/giromi/Repos/VTOL/ws_sensor_combined_src/install/px4_msgs/include/px4_msgs/px4_msgs/msg/detail/camera_capture__type_support.cpp\n'}
[6.499293] (px4_msgs) StdoutLine: {'line': b'-- Up-to-date: /home/giromi/Repos/VTOL/ws_sensor_combined_src/install/px4_msgs/include/px4_msgs/px4_msgs/msg/detail/sensor_mag__rosidl_typesupport_introspection_cpp.hpp\n'}
[6.499350] (px4_msgs) StdoutLine: {'line': b'-- Up-to-date: /home/giromi/Repos/VTOL/ws_sensor_combined_src/install/px4_msgs/include/px4_msgs/px4_msgs/msg/detail/failsafe_flags__rosidl_typesupport_introspection_cpp.hpp\n'}
[6.499406] (px4_msgs) StdoutLine: {'line': b'-- Up-to-date: /home/giromi/Repos/VTOL/ws_sensor_combined_src/install/px4_msgs/include/px4_msgs/px4_msgs/msg/detail/vehicle_local_position_setpoint__rosidl_typesupport_introspection_cpp.hpp\n'}
[6.499547] (px4_msgs) StdoutLine: {'line': b'-- Up-to-date: /home/giromi/Repos/VTOL/ws_sensor_combined_src/install/px4_msgs/include/px4_msgs/px4_msgs/msg/detail/control_allocator_status__rosidl_typesupport_introspection_cpp.hpp\n'}
[6.499606] (px4_msgs) StdoutLine: {'line': b'-- Up-to-date: /home/giromi/Repos/VTOL/ws_sensor_combined_src/install/px4_msgs/include/px4_msgs/px4_msgs/msg/detail/mavlink_tunnel__rosidl_typesupport_introspection_cpp.hpp\n'}
[6.499664] (px4_msgs) StdoutLine: {'line': b'-- Up-to-date: /home/giromi/Repos/VTOL/ws_sensor_combined_src/install/px4_msgs/include/px4_msgs/px4_msgs/msg/detail/orb_test_large__type_support.cpp\n'}
[6.499720] (px4_msgs) StdoutLine: {'line': b'-- Up-to-date: /home/giromi/Repos/VTOL/ws_sensor_combined_src/install/px4_msgs/include/px4_msgs/px4_msgs/msg/detail/vehicle_angular_velocity__rosidl_typesupport_introspection_cpp.hpp\n'}
[6.499777] (px4_msgs) StdoutLine: {'line': b'-- Up-to-date: /home/giromi/Repos/VTOL/ws_sensor_combined_src/install/px4_msgs/include/px4_msgs/px4_msgs/msg/detail/px4io_status__rosidl_typesupport_introspection_cpp.hpp\n'}
[6.499837] (px4_msgs) StdoutLine: {'line': b'-- Up-to-date: /home/giromi/Repos/VTOL/ws_sensor_combined_src/install/px4_msgs/include/px4_msgs/px4_msgs/msg/detail/sensor_hygrometer__type_support.cpp\n'}
[6.499893] (px4_msgs) StdoutLine: {'line': b'-- Up-to-date: /home/giromi/Repos/VTOL/ws_sensor_combined_src/install/px4_msgs/include/px4_msgs/px4_msgs/msg/detail/sensor_uwb__rosidl_typesupport_introspection_cpp.hpp\n'}
[6.499949] (px4_msgs) StdoutLine: {'line': b'-- Up-to-date: /home/giromi/Repos/VTOL/ws_sensor_combined_src/install/px4_msgs/include/px4_msgs/px4_msgs/msg/detail/event__rosidl_typesupport_introspection_cpp.hpp\n'}
[6.500004] (px4_msgs) StdoutLine: {'line': b'-- Up-to-date: /home/giromi/Repos/VTOL/ws_sensor_combined_src/install/px4_msgs/include/px4_msgs/px4_msgs/msg/detail/velocity_limits__rosidl_typesupport_introspection_cpp.hpp\n'}
[6.500094] (px4_msgs) StdoutLine: {'line': b'-- Up-to-date: /home/giromi/Repos/VTOL/ws_sensor_combined_src/install/px4_msgs/include/px4_msgs/px4_msgs/msg/detail/heater_status__type_support.cpp\n'}
[6.500178] (px4_msgs) StdoutLine: {'line': b'-- Up-to-date: /home/giromi/Repos/VTOL/ws_sensor_combined_src/install/px4_msgs/include/px4_msgs/px4_msgs/msg/detail/launch_detection_status__type_support.cpp\n'}
[6.500235] (px4_msgs) StdoutLine: {'line': b'-- Up-to-date: /home/giromi/Repos/VTOL/ws_sensor_combined_src/install/px4_msgs/include/px4_msgs/px4_msgs/msg/detail/vehicle_optical_flow__rosidl_typesupport_introspection_cpp.hpp\n'}
[6.500291] (px4_msgs) StdoutLine: {'line': b'-- Up-to-date: /home/giromi/Repos/VTOL/ws_sensor_combined_src/install/px4_msgs/include/px4_msgs/px4_msgs/msg/detail/input_rc__type_support.cpp\n'}
[6.500346] (px4_msgs) StdoutLine: {'line': b'-- Up-to-date: /home/giromi/Repos/VTOL/ws_sensor_combined_src/install/px4_msgs/include/px4_msgs/px4_msgs/msg/detail/hover_thrust_estimate__type_support.cpp\n'}
[6.500402] (px4_msgs) StdoutLine: {'line': b'-- Up-to-date: /home/giromi/Repos/VTOL/ws_sensor_combined_src/install/px4_msgs/include/px4_msgs/px4_msgs/msg/detail/pps_capture__type_support.cpp\n'}
[6.500458] (px4_msgs) StdoutLine: {'line': b'-- Up-to-date: /home/giromi/Repos/VTOL/ws_sensor_combined_src/install/px4_msgs/include/px4_msgs/px4_msgs/msg/detail/actuator_controls_status__rosidl_typesupport_introspection_cpp.hpp\n'}
[6.500514] (px4_msgs) StdoutLine: {'line': b'-- Up-to-date: /home/giromi/Repos/VTOL/ws_sensor_combined_src/install/px4_msgs/include/px4_msgs/px4_msgs/msg/detail/vehicle_air_data__type_support.cpp\n'}
[6.500569] (px4_msgs) StdoutLine: {'line': b'-- Up-to-date: /home/giromi/Repos/VTOL/ws_sensor_combined_src/install/px4_msgs/include/px4_msgs/px4_msgs/msg/detail/vehicle_rates_setpoint__type_support.cpp\n'}
[6.500658] (px4_msgs) StdoutLine: {'line': b'-- Up-to-date: /home/giromi/Repos/VTOL/ws_sensor_combined_src/install/px4_msgs/include/px4_msgs/px4_msgs/msg/detail/npfg_status__rosidl_typesupport_introspection_cpp.hpp\n'}
[6.500814] (px4_msgs) StdoutLine: {'line': b'-- Up-to-date: /home/giromi/Repos/VTOL/ws_sensor_combined_src/install/px4_msgs/include/px4_msgs/px4_msgs/msg/detail/orbit_status__type_support.cpp\n'}
[6.500906] (px4_msgs) StdoutLine: {'line': b'-- Up-to-date: /home/giromi/Repos/VTOL/ws_sensor_combined_src/install/px4_msgs/include/px4_msgs/px4_msgs/msg/detail/manual_control_setpoint__type_support.cpp\n'}
[6.500963] (px4_msgs) StdoutLine: {'line': b'-- Up-to-date: /home/giromi/Repos/VTOL/ws_sensor_combined_src/install/px4_msgs/include/px4_msgs/px4_msgs/msg/detail/actuator_servos__rosidl_typesupport_introspection_cpp.hpp\n'}
[6.501020] (px4_msgs) StdoutLine: {'line': b'-- Up-to-date: /home/giromi/Repos/VTOL/ws_sensor_combined_src/install/px4_msgs/include/px4_msgs/px4_msgs/msg/detail/telemetry_status__rosidl_typesupport_introspection_cpp.hpp\n'}
[6.501076] (px4_msgs) StdoutLine: {'line': b'-- Up-to-date: /home/giromi/Repos/VTOL/ws_sensor_combined_src/install/px4_msgs/include/px4_msgs/px4_msgs/msg/detail/estimator_states__type_support.cpp\n'}
[6.501133] (px4_msgs) StdoutLine: {'line': b'-- Up-to-date: /home/giromi/Repos/VTOL/ws_sensor_combined_src/install/px4_msgs/include/px4_msgs/px4_msgs/msg/detail/rc_parameter_map__rosidl_typesupport_introspection_cpp.hpp\n'}
[6.501190] (px4_msgs) StdoutLine: {'line': b'-- Up-to-date: /home/giromi/Repos/VTOL/ws_sensor_combined_src/install/px4_msgs/include/px4_msgs/px4_msgs/msg/detail/autotune_attitude_control_status__rosidl_typesupport_introspection_cpp.hpp\n'}
[6.501247] (px4_msgs) StdoutLine: {'line': b'-- Up-to-date: /home/giromi/Repos/VTOL/ws_sensor_combined_src/install/px4_msgs/include/px4_msgs/px4_msgs/msg/detail/follow_target_estimator__type_support.cpp\n'}
[6.501303] (px4_msgs) StdoutLine: {'line': b'-- Up-to-date: /home/giromi/Repos/VTOL/ws_sensor_combined_src/install/px4_msgs/include/px4_msgs/px4_msgs/msg/detail/uavcan_parameter_value__rosidl_typesupport_introspection_cpp.hpp\n'}
[6.501378] (px4_msgs) StdoutLine: {'line': b'-- Up-to-date: /home/giromi/Repos/VTOL/ws_sensor_combined_src/install/px4_msgs/include/px4_msgs/px4_msgs/msg/detail/trajectory_bezier__rosidl_typesupport_introspection_cpp.hpp\n'}
[6.501480] (px4_msgs) StdoutLine: {'line': b'-- Up-to-date: /home/giromi/Repos/VTOL/ws_sensor_combined_src/install/px4_msgs/include/px4_msgs/px4_msgs/msg/detail/gimbal_manager_set_attitude__rosidl_typesupport_introspection_cpp.hpp\n'}
[6.501539] (px4_msgs) StdoutLine: {'line': b'-- Up-to-date: /home/giromi/Repos/VTOL/ws_sensor_combined_src/install/px4_msgs/include/px4_msgs/px4_msgs/msg/detail/failsafe_flags__type_support.cpp\n'}
[6.501596] (px4_msgs) StdoutLine: {'line': b'-- Up-to-date: /home/giromi/Repos/VTOL/ws_sensor_combined_src/install/px4_msgs/include/px4_msgs/px4_msgs/msg/detail/follow_target_estimator__rosidl_typesupport_introspection_cpp.hpp\n'}
[6.501652] (px4_msgs) StdoutLine: {'line': b'-- Up-to-date: /home/giromi/Repos/VTOL/ws_sensor_combined_src/install/px4_msgs/include/px4_msgs/px4_msgs/msg/detail/vehicle_local_position__type_support.cpp\n'}
[6.501708] (px4_msgs) StdoutLine: {'line': b'-- Up-to-date: /home/giromi/Repos/VTOL/ws_sensor_combined_src/install/px4_msgs/include/px4_msgs/px4_msgs/msg/detail/register_ext_component_reply__rosidl_typesupport_introspection_cpp.hpp\n'}
[6.501764] (px4_msgs) StdoutLine: {'line': b'-- Up-to-date: /home/giromi/Repos/VTOL/ws_sensor_combined_src/install/px4_msgs/include/px4_msgs/px4_msgs/msg/detail/geofence_result__rosidl_typesupport_introspection_cpp.hpp\n'}
[6.501820] (px4_msgs) StdoutLine: {'line': b'-- Up-to-date: /home/giromi/Repos/VTOL/ws_sensor_combined_src/install/px4_msgs/include/px4_msgs/px4_msgs/msg/detail/differential_drive_setpoint__rosidl_typesupport_introspection_cpp.hpp\n'}
[6.501876] (px4_msgs) StdoutLine: {'line': b'-- Up-to-date: /home/giromi/Repos/VTOL/ws_sensor_combined_src/install/px4_msgs/include/px4_msgs/px4_msgs/msg/detail/cellular_status__type_support.cpp\n'}
[6.501951] (px4_msgs) StdoutLine: {'line': b'-- Up-to-date: /home/giromi/Repos/VTOL/ws_sensor_combined_src/install/px4_msgs/include/px4_msgs/px4_msgs/msg/detail/estimator_selector_status__type_support.cpp\n'}
[6.502041] (px4_msgs) StdoutLine: {'line': b'-- Up-to-date: /home/giromi/Repos/VTOL/ws_sensor_combined_src/install/px4_msgs/include/px4_msgs/px4_msgs/msg/detail/rpm__rosidl_typesupport_introspection_cpp.hpp\n'}
[6.502097] (px4_msgs) StdoutLine: {'line': b'-- Up-to-date: /home/giromi/Repos/VTOL/ws_sensor_combined_src/install/px4_msgs/include/px4_msgs/px4_msgs/msg/detail/sensor_accel__rosidl_typesupport_introspection_cpp.hpp\n'}
[6.502153] (px4_msgs) StdoutLine: {'line': b'-- Up-to-date: /home/giromi/Repos/VTOL/ws_sensor_combined_src/install/px4_msgs/include/px4_msgs/px4_msgs/msg/detail/dataman_response__type_support.cpp\n'}
[6.502209] (px4_msgs) StdoutLine: {'line': b'-- Up-to-date: /home/giromi/Repos/VTOL/ws_sensor_combined_src/install/px4_msgs/include/px4_msgs/px4_msgs/msg/detail/sensor_correction__rosidl_typesupport_introspection_cpp.hpp\n'}
[6.502284] (px4_msgs) StdoutLine: {'line': b'-- Up-to-date: /home/giromi/Repos/VTOL/ws_sensor_combined_src/install/px4_msgs/include/px4_msgs/px4_msgs/msg/detail/estimator_aid_source1d__type_support.cpp\n'}
[6.502375] (px4_msgs) StdoutLine: {'line': b'-- Up-to-date: /home/giromi/Repos/VTOL/ws_sensor_combined_src/install/px4_msgs/include/px4_msgs/px4_msgs/msg/detail/internal_combustion_engine_status__rosidl_typesupport_introspection_cpp.hpp\n'}
[6.502441] (px4_msgs) StdoutLine: {'line': b'-- Up-to-date: /home/giromi/Repos/VTOL/ws_sensor_combined_src/install/px4_msgs/include/px4_msgs/px4_msgs/msg/detail/sensor_uwb__type_support.cpp\n'}
[6.502497] (px4_msgs) StdoutLine: {'line': b'-- Up-to-date: /home/giromi/Repos/VTOL/ws_sensor_combined_src/install/px4_msgs/include/px4_msgs/px4_msgs/msg/detail/sensors_status_imu__rosidl_typesupport_introspection_cpp.hpp\n'}
[6.502554] (px4_msgs) StdoutLine: {'line': b'-- Up-to-date: /home/giromi/Repos/VTOL/ws_sensor_combined_src/install/px4_msgs/include/px4_msgs/px4_msgs/msg/detail/config_overrides__rosidl_typesupport_introspection_cpp.hpp\n'}
[6.502611] (px4_msgs) StdoutLine: {'line': b'-- Up-to-date: /home/giromi/Repos/VTOL/ws_sensor_combined_src/install/px4_msgs/include/px4_msgs/px4_msgs/msg/detail/actuator_servos_trim__rosidl_typesupport_introspection_cpp.hpp\n'}
[6.502725] (px4_msgs) StdoutLine: {'line': b'-- Up-to-date: /home/giromi/Repos/VTOL/ws_sensor_combined_src/install/px4_msgs/include/px4_msgs/px4_msgs/msg/detail/ulog_stream_ack__type_support.cpp\n'}
[6.502783] (px4_msgs) StdoutLine: {'line': b'-- Up-to-date: /home/giromi/Repos/VTOL/ws_sensor_combined_src/install/px4_msgs/include/px4_msgs/px4_msgs/msg/detail/offboard_control_mode__type_support.cpp\n'}
[6.502839] (px4_msgs) StdoutLine: {'line': b'-- Up-to-date: /home/giromi/Repos/VTOL/ws_sensor_combined_src/install/px4_msgs/include/px4_msgs/px4_msgs/msg/detail/mode_completed__type_support.cpp\n'}
[6.502895] (px4_msgs) StdoutLine: {'line': b'-- Up-to-date: /home/giromi/Repos/VTOL/ws_sensor_combined_src/install/px4_msgs/include/px4_msgs/px4_msgs/msg/detail/px4io_status__type_support.cpp\n'}
[6.502955] (px4_msgs) StdoutLine: {'line': b'-- Up-to-date: /home/giromi/Repos/VTOL/ws_sensor_combined_src/install/px4_msgs/include/px4_msgs/px4_msgs/msg/detail/geofence_result__type_support.cpp\n'}
[6.503012] (px4_msgs) StdoutLine: {'line': b'-- Up-to-date: /home/giromi/Repos/VTOL/ws_sensor_combined_src/install/px4_msgs/include/px4_msgs/px4_msgs/msg/detail/gpio_config__type_support.cpp\n'}
[6.503088] (px4_msgs) StdoutLine: {'line': b'-- Up-to-date: /home/giromi/Repos/VTOL/ws_sensor_combined_src/install/px4_msgs/include/px4_msgs/px4_msgs/msg/detail/vehicle_torque_setpoint__rosidl_typesupport_introspection_cpp.hpp\n'}
[6.503191] (px4_msgs) StdoutLine: {'line': b'-- Up-to-date: /home/giromi/Repos/VTOL/ws_sensor_combined_src/install/px4_msgs/include/px4_msgs/px4_msgs/msg/detail/collision_constraints__type_support.cpp\n'}
[6.503248] (px4_msgs) StdoutLine: {'line': b'-- Up-to-date: /home/giromi/Repos/VTOL/ws_sensor_combined_src/install/px4_msgs/include/px4_msgs/px4_msgs/msg/detail/iridiumsbd_status__rosidl_typesupport_introspection_cpp.hpp\n'}
[6.503310] (px4_msgs) StdoutLine: {'line': b'-- Up-to-date: /home/giromi/Repos/VTOL/ws_sensor_combined_src/install/px4_msgs/include/px4_msgs/px4_msgs/msg/detail/radio_status__type_support.cpp\n'}
[6.503367] (px4_msgs) StdoutLine: {'line': b'-- Up-to-date: /home/giromi/Repos/VTOL/ws_sensor_combined_src/install/px4_msgs/include/px4_msgs/px4_msgs/msg/detail/message_format_request__type_support.cpp\n'}
[6.503423] (px4_msgs) StdoutLine: {'line': b'-- Up-to-date: /home/giromi/Repos/VTOL/ws_sensor_combined_src/install/px4_msgs/include/px4_msgs/px4_msgs/msg/detail/gimbal_controls__type_support.cpp\n'}
[6.503536] (px4_msgs) StdoutLine: {'line': b'-- Up-to-date: /home/giromi/Repos/VTOL/ws_sensor_combined_src/install/px4_msgs/include/px4_msgs/px4_msgs/msg/detail/telemetry_status__type_support.cpp\n'}
[6.503593] (px4_msgs) StdoutLine: {'line': b'-- Up-to-date: /home/giromi/Repos/VTOL/ws_sensor_combined_src/install/px4_msgs/include/px4_msgs/px4_msgs/msg/detail/vehicle_angular_velocity__type_support.cpp\n'}
[6.503648] (px4_msgs) StdoutLine: {'line': b'-- Up-to-date: /home/giromi/Repos/VTOL/ws_sensor_combined_src/install/px4_msgs/include/px4_msgs/px4_msgs/msg/detail/arming_check_reply__type_support.cpp\n'}
[6.503767] (px4_msgs) StdoutLine: {'line': b'-- Up-to-date: /home/giromi/Repos/VTOL/ws_sensor_combined_src/install/px4_msgs/include/px4_msgs/px4_msgs/msg/detail/tune_control__type_support.cpp\n'}
[6.503823] (px4_msgs) StdoutLine: {'line': b'-- Up-to-date: /home/giromi/Repos/VTOL/ws_sensor_combined_src/install/px4_msgs/include/px4_msgs/px4_msgs/msg/detail/health_report__rosidl_typesupport_introspection_cpp.hpp\n'}
[6.503880] (px4_msgs) StdoutLine: {'line': b'-- Up-to-date: /home/giromi/Repos/VTOL/ws_sensor_combined_src/install/px4_msgs/include/px4_msgs/px4_msgs/msg/detail/mission_result__rosidl_typesupport_introspection_cpp.hpp\n'}
[6.503935] (px4_msgs) StdoutLine: {'line': b'-- Up-to-date: /home/giromi/Repos/VTOL/ws_sensor_combined_src/install/px4_msgs/include/px4_msgs/px4_msgs/msg/detail/gpio_request__rosidl_typesupport_introspection_cpp.hpp\n'}
[6.503990] (px4_msgs) StdoutLine: {'line': b'-- Up-to-date: /home/giromi/Repos/VTOL/ws_sensor_combined_src/install/px4_msgs/include/px4_msgs/px4_msgs/msg/detail/sensor_gyro__type_support.cpp\n'}
[6.504064] (px4_msgs) StdoutLine: {'line': b'-- Up-to-date: /home/giromi/Repos/VTOL/ws_sensor_combined_src/install/px4_msgs/include/px4_msgs/px4_msgs/msg/detail/landing_gear_wheel__rosidl_typesupport_introspection_cpp.hpp\n'}
[6.504167] (px4_msgs) StdoutLine: {'line': b'-- Up-to-date: /home/giromi/Repos/VTOL/ws_sensor_combined_src/install/px4_msgs/include/px4_msgs/px4_msgs/msg/detail/vehicle_trajectory_waypoint__type_support.cpp\n'}
[6.504225] (px4_msgs) StdoutLine: {'line': b'-- Up-to-date: /home/giromi/Repos/VTOL/ws_sensor_combined_src/install/px4_msgs/include/px4_msgs/px4_msgs/msg/detail/estimator_sensor_bias__rosidl_typesupport_introspection_cpp.hpp\n'}
[6.504281] (px4_msgs) StdoutLine: {'line': b'-- Up-to-date: /home/giromi/Repos/VTOL/ws_sensor_combined_src/install/px4_msgs/include/px4_msgs/px4_msgs/msg/detail/sensor_correction__type_support.cpp\n'}
[6.504338] (px4_msgs) StdoutLine: {'line': b'-- Up-to-date: /home/giromi/Repos/VTOL/ws_sensor_combined_src/install/px4_msgs/include/px4_msgs/px4_msgs/msg/detail/hover_thrust_estimate__rosidl_typesupport_introspection_cpp.hpp\n'}
[6.504412] (px4_msgs) StdoutLine: {'line': b'-- Up-to-date: /home/giromi/Repos/VTOL/ws_sensor_combined_src/install/px4_msgs/include/px4_msgs/px4_msgs/msg/detail/satellite_info__type_support.cpp\n'}
[6.504513] (px4_msgs) StdoutLine: {'line': b'-- Up-to-date: /home/giromi/Repos/VTOL/ws_sensor_combined_src/install/px4_msgs/include/px4_msgs/px4_msgs/msg/detail/ulog_stream__type_support.cpp\n'}
[6.504569] (px4_msgs) StdoutLine: {'line': b'-- Up-to-date: /home/giromi/Repos/VTOL/ws_sensor_combined_src/install/px4_msgs/include/px4_msgs/px4_msgs/msg/detail/onboard_computer_status__rosidl_typesupport_introspection_cpp.hpp\n'}
[6.504630] (px4_msgs) StdoutLine: {'line': b'-- Up-to-date: /home/giromi/Repos/VTOL/ws_sensor_combined_src/install/px4_msgs/include/px4_msgs/px4_msgs/msg/detail/sensor_gps__rosidl_typesupport_introspection_cpp.hpp\n'}
[6.504691] (px4_msgs) StdoutLine: {'line': b'-- Up-to-date: /home/giromi/Repos/VTOL/ws_sensor_combined_src/install/px4_msgs/include/px4_msgs/px4_msgs/msg/detail/vehicle_roi__type_support.cpp\n'}
[6.504748] (px4_msgs) StdoutLine: {'line': b'-- Up-to-date: /home/giromi/Repos/VTOL/ws_sensor_combined_src/install/px4_msgs/include/px4_msgs/px4_msgs/msg/detail/orb_test_medium__type_support.cpp\n'}
[6.504823] (px4_msgs) StdoutLine: {'line': b'-- Up-to-date: /home/giromi/Repos/VTOL/ws_sensor_combined_src/install/px4_msgs/include/px4_msgs/px4_msgs/msg/detail/rtl_time_estimate__type_support.cpp\n'}
[6.504926] (px4_msgs) StdoutLine: {'line': b'-- Up-to-date: /home/giromi/Repos/VTOL/ws_sensor_combined_src/install/px4_msgs/include/px4_msgs/px4_msgs/msg/detail/actuator_motors__type_support.cpp\n'}
[6.504983] (px4_msgs) StdoutLine: {'line': b'-- Up-to-date: /home/giromi/Repos/VTOL/ws_sensor_combined_src/install/px4_msgs/include/px4_msgs/px4_msgs/msg/detail/orb_test__rosidl_typesupport_introspection_cpp.hpp\n'}
[6.505039] (px4_msgs) StdoutLine: {'line': b'-- Up-to-date: /home/giromi/Repos/VTOL/ws_sensor_combined_src/install/px4_msgs/include/px4_msgs/px4_msgs/msg/detail/airspeed_wind__rosidl_typesupport_introspection_cpp.hpp\n'}
[6.505095] (px4_msgs) StdoutLine: {'line': b'-- Up-to-date: /home/giromi/Repos/VTOL/ws_sensor_combined_src/install/px4_msgs/include/px4_msgs/px4_msgs/msg/detail/differential_pressure__type_support.cpp\n'}
[6.505151] (px4_msgs) StdoutLine: {'line': b'-- Up-to-date: /home/giromi/Repos/VTOL/ws_sensor_combined_src/install/px4_msgs/include/px4_msgs/px4_msgs/msg/detail/estimator_bias3d__rosidl_typesupport_introspection_cpp.hpp\n'}
[6.505207] (px4_msgs) StdoutLine: {'line': b'-- Up-to-date: /home/giromi/Repos/VTOL/ws_sensor_combined_src/install/px4_msgs/include/px4_msgs/px4_msgs/msg/detail/position_controller_status__type_support.cpp\n'}
[6.505265] (px4_msgs) StdoutLine: {'line': b'-- Up-to-date: /home/giromi/Repos/VTOL/ws_sensor_combined_src/install/px4_msgs/include/px4_msgs/px4_msgs/msg/detail/orb_test__type_support.cpp\n'}
[6.505320] (px4_msgs) StdoutLine: {'line': b'-- Up-to-date: /home/giromi/Repos/VTOL/ws_sensor_combined_src/install/px4_msgs/include/px4_msgs/px4_msgs/msg/detail/magnetometer_bias_estimate__type_support.cpp\n'}
[6.505395] (px4_msgs) StdoutLine: {'line': b'-- Up-to-date: /home/giromi/Repos/VTOL/ws_sensor_combined_src/install/px4_msgs/include/px4_msgs/px4_msgs/msg/detail/event__type_support.cpp\n'}
[6.505495] (px4_msgs) StdoutLine: {'line': b'-- Up-to-date: /home/giromi/Repos/VTOL/ws_sensor_combined_src/install/px4_msgs/include/px4_msgs/px4_msgs/msg/detail/orb_test_medium__rosidl_typesupport_introspection_cpp.hpp\n'}
[6.505552] (px4_msgs) StdoutLine: {'line': b'-- Up-to-date: /home/giromi/Repos/VTOL/ws_sensor_combined_src/install/px4_msgs/include/px4_msgs/px4_msgs/msg/detail/sensor_gyro_fft__rosidl_typesupport_introspection_cpp.hpp\n'}
[6.505608] (px4_msgs) StdoutLine: {'line': b'-- Up-to-date: /home/giromi/Repos/VTOL/ws_sensor_combined_src/install/px4_msgs/include/px4_msgs/px4_msgs/msg/detail/vehicle_global_position__rosidl_typesupport_introspection_cpp.hpp\n'}
[6.505663] (px4_msgs) StdoutLine: {'line': b'-- Up-to-date: /home/giromi/Repos/VTOL/ws_sensor_combined_src/install/px4_msgs/include/px4_msgs/px4_msgs/msg/detail/adc_report__type_support.cpp\n'}
[6.505739] (px4_msgs) StdoutLine: {'line': b'-- Up-to-date: /home/giromi/Repos/VTOL/ws_sensor_combined_src/install/px4_msgs/include/px4_msgs/px4_msgs/msg/detail/adc_report__rosidl_typesupport_introspection_cpp.hpp\n'}
[6.505832] (px4_msgs) StdoutLine: {'line': b'-- Up-to-date: /home/giromi/Repos/VTOL/ws_sensor_combined_src/install/px4_msgs/include/px4_msgs/px4_msgs/msg/detail/camera_trigger__type_support.cpp\n'}
[6.505897] (px4_msgs) StdoutLine: {'line': b'-- Up-to-date: /home/giromi/Repos/VTOL/ws_sensor_combined_src/install/px4_msgs/include/px4_msgs/px4_msgs/msg/detail/orb_test_large__rosidl_typesupport_introspection_cpp.hpp\n'}
[6.505957] (px4_msgs) StdoutLine: {'line': b'-- Up-to-date: /home/giromi/Repos/VTOL/ws_sensor_combined_src/install/px4_msgs/include/px4_msgs/px4_msgs/msg/detail/gpio_request__type_support.cpp\n'}
[6.506013] (px4_msgs) StdoutLine: {'line': b'-- Up-to-date: /home/giromi/Repos/VTOL/ws_sensor_combined_src/install/px4_msgs/include/px4_msgs/px4_msgs/msg/detail/wind__type_support.cpp\n'}
[6.506103] (px4_msgs) StdoutLine: {'line': b'-- Up-to-date: /home/giromi/Repos/VTOL/ws_sensor_combined_src/install/px4_msgs/include/px4_msgs/px4_msgs/msg/detail/vehicle_global_position__type_support.cpp\n'}
[6.506190] (px4_msgs) StdoutLine: {'line': b'-- Up-to-date: /home/giromi/Repos/VTOL/ws_sensor_combined_src/install/px4_msgs/include/px4_msgs/px4_msgs/msg/detail/mavlink_log__rosidl_typesupport_introspection_cpp.hpp\n'}
[6.506250] (px4_msgs) StdoutLine: {'line': b'-- Up-to-date: /home/giromi/Repos/VTOL/ws_sensor_combined_src/install/px4_msgs/include/px4_msgs/px4_msgs/msg/detail/landing_target_innovations__rosidl_typesupport_introspection_cpp.hpp\n'}
[6.506308] (px4_msgs) StdoutLine: {'line': b'-- Up-to-date: /home/giromi/Repos/VTOL/ws_sensor_combined_src/install/px4_msgs/include/px4_msgs/px4_msgs/msg/detail/unregister_ext_component__rosidl_typesupport_introspection_cpp.hpp\n'}
[6.506364] (px4_msgs) StdoutLine: {'line': b'-- Up-to-date: /home/giromi/Repos/VTOL/ws_sensor_combined_src/install/px4_msgs/include/px4_msgs/px4_msgs/msg/detail/position_controller_landing_status__type_support.cpp\n'}
[6.506420] (px4_msgs) StdoutLine: {'line': b'-- Up-to-date: /home/giromi/Repos/VTOL/ws_sensor_combined_src/install/px4_msgs/include/px4_msgs/px4_msgs/msg/detail/sensor_combined__type_support.cpp\n'}
[6.506477] (px4_msgs) StdoutLine: {'line': b'-- Up-to-date: /home/giromi/Repos/VTOL/ws_sensor_combined_src/install/px4_msgs/include/px4_msgs/px4_msgs/msg/detail/yaw_estimator_status__rosidl_typesupport_introspection_cpp.hpp\n'}
[6.506597] (px4_msgs) StdoutLine: {'line': b'-- Up-to-date: /home/giromi/Repos/VTOL/ws_sensor_combined_src/install/px4_msgs/include/px4_msgs/px4_msgs/msg/detail/sensor_preflight_mag__rosidl_typesupport_introspection_cpp.hpp\n'}
[6.506653] (px4_msgs) StdoutLine: {'line': b'-- Up-to-date: /home/giromi/Repos/VTOL/ws_sensor_combined_src/install/px4_msgs/include/px4_msgs/px4_msgs/msg/detail/vehicle_command_ack__rosidl_typesupport_introspection_cpp.hpp\n'}
[6.506710] (px4_msgs) StdoutLine: {'line': b'-- Up-to-date: /home/giromi/Repos/VTOL/ws_sensor_combined_src/install/px4_msgs/include/px4_msgs/px4_msgs/msg/detail/follow_target_status__rosidl_typesupport_introspection_cpp.hpp\n'}
[6.506766] (px4_msgs) StdoutLine: {'line': b'-- Up-to-date: /home/giromi/Repos/VTOL/ws_sensor_combined_src/install/px4_msgs/include/px4_msgs/px4_msgs/msg/detail/sensor_gyro_fft__type_support.cpp\n'}
[6.506822] (px4_msgs) StdoutLine: {'line': b'-- Up-to-date: /home/giromi/Repos/VTOL/ws_sensor_combined_src/install/px4_msgs/include/px4_msgs/px4_msgs/msg/detail/qshell_retval__type_support.cpp\n'}
[6.506877] (px4_msgs) StdoutLine: {'line': b'-- Up-to-date: /home/giromi/Repos/VTOL/ws_sensor_combined_src/install/px4_msgs/include/px4_msgs/px4_msgs/msg/detail/landing_target_pose__rosidl_typesupport_introspection_cpp.hpp\n'}
[6.506933] (px4_msgs) StdoutLine: {'line': b'-- Up-to-date: /home/giromi/Repos/VTOL/ws_sensor_combined_src/install/px4_msgs/include/px4_msgs/px4_msgs/msg/detail/pps_capture__rosidl_typesupport_introspection_cpp.hpp\n'}
[6.506990] (px4_msgs) StdoutLine: {'line': b'-- Up-to-date: /home/giromi/Repos/VTOL/ws_sensor_combined_src/install/px4_msgs/include/px4_msgs/px4_msgs/msg/detail/gpio_out__rosidl_typesupport_introspection_cpp.hpp\n'}
[6.507046] (px4_msgs) StdoutLine: {'line': b'-- Up-to-date: /home/giromi/Repos/VTOL/ws_sensor_combined_src/install/px4_msgs/include/px4_msgs/px4_msgs/msg/detail/gps_inject_data__type_support.cpp\n'}
[6.507166] (px4_msgs) StdoutLine: {'line': b'-- Up-to-date: /home/giromi/Repos/VTOL/ws_sensor_combined_src/install/px4_msgs/include/px4_msgs/px4_msgs/msg/detail/generator_status__type_support.cpp\n'}
[6.507228] (px4_msgs) StdoutLine: {'line': b'-- Up-to-date: /home/giromi/Repos/VTOL/ws_sensor_combined_src/install/px4_msgs/include/px4_msgs/px4_msgs/msg/detail/sensor_baro__rosidl_typesupport_introspection_cpp.hpp\n'}
[6.507284] (px4_msgs) StdoutLine: {'line': b'-- Up-to-date: /home/giromi/Repos/VTOL/ws_sensor_combined_src/install/px4_msgs/include/px4_msgs/px4_msgs/msg/detail/trajectory_waypoint__rosidl_typesupport_introspection_cpp.hpp\n'}
[6.507341] (px4_msgs) StdoutLine: {'line': b'-- Up-to-date: /home/giromi/Repos/VTOL/ws_sensor_combined_src/install/px4_msgs/include/px4_msgs/px4_msgs/msg/detail/logger_status__type_support.cpp\n'}
[6.507416] (px4_msgs) StdoutLine: {'line': b'-- Up-to-date: /home/giromi/Repos/VTOL/ws_sensor_combined_src/install/px4_msgs/include/px4_msgs/px4_msgs/msg/detail/estimator_gps_status__type_support.cpp\n'}
[6.507525] (px4_msgs) StdoutLine: {'line': b'-- Up-to-date: /home/giromi/Repos/VTOL/ws_sensor_combined_src/install/px4_msgs/include/px4_msgs/px4_msgs/msg/detail/follow_target__rosidl_typesupport_introspection_cpp.hpp\n'}
[6.507592] (px4_msgs) StdoutLine: {'line': b'-- Up-to-date: /home/giromi/Repos/VTOL/ws_sensor_combined_src/install/px4_msgs/include/px4_msgs/px4_msgs/msg/detail/internal_combustion_engine_status__type_support.cpp\n'}
[6.507648] (px4_msgs) StdoutLine: {'line': b'-- Up-to-date: /home/giromi/Repos/VTOL/ws_sensor_combined_src/install/px4_msgs/include/px4_msgs/px4_msgs/msg/detail/vehicle_command__rosidl_typesupport_introspection_cpp.hpp\n'}
[6.507705] (px4_msgs) StdoutLine: {'line': b'-- Up-to-date: /home/giromi/Repos/VTOL/ws_sensor_combined_src/install/px4_msgs/include/px4_msgs/px4_msgs/msg/detail/mission_result__type_support.cpp\n'}
[6.507760] (px4_msgs) StdoutLine: {'line': b'-- Up-to-date: /home/giromi/Repos/VTOL/ws_sensor_combined_src/install/px4_msgs/include/px4_msgs/px4_msgs/msg/detail/vehicle_optical_flow_vel__rosidl_typesupport_introspection_cpp.hpp\n'}
[6.507854] (px4_msgs) StdoutLine: {'line': b'-- Up-to-date: /home/giromi/Repos/VTOL/ws_sensor_combined_src/install/px4_msgs/include/px4_msgs/px4_msgs/msg/detail/rpm__type_support.cpp\n'}
[6.507944] (px4_msgs) StdoutLine: {'line': b'-- Up-to-date: /home/giromi/Repos/VTOL/ws_sensor_combined_src/install/px4_msgs/include/px4_msgs/px4_msgs/msg/detail/sensor_baro__type_support.cpp\n'}
[6.508000] (px4_msgs) StdoutLine: {'line': b'-- Up-to-date: /home/giromi/Repos/VTOL/ws_sensor_combined_src/install/px4_msgs/include/px4_msgs/px4_msgs/msg/detail/actuator_test__type_support.cpp\n'}
[6.508056] (px4_msgs) StdoutLine: {'line': b'-- Up-to-date: /home/giromi/Repos/VTOL/ws_sensor_combined_src/install/px4_msgs/include/px4_msgs/px4_msgs/msg/detail/home_position__rosidl_typesupport_introspection_cpp.hpp\n'}
[6.508113] (px4_msgs) StdoutLine: {'line': b'-- Up-to-date: /home/giromi/Repos/VTOL/ws_sensor_combined_src/install/px4_msgs/include/px4_msgs/px4_msgs/msg/detail/gpio_out__type_support.cpp\n'}
[6.508168] (px4_msgs) StdoutLine: {'line': b'-- Up-to-date: /home/giromi/Repos/VTOL/ws_sensor_combined_src/install/px4_msgs/include/px4_msgs/px4_msgs/msg/detail/differential_pressure__rosidl_typesupport_introspection_cpp.hpp\n'}
[6.508224] (px4_msgs) StdoutLine: {'line': b'-- Up-to-date: /home/giromi/Repos/VTOL/ws_sensor_combined_src/install/px4_msgs/include/px4_msgs/px4_msgs/msg/detail/gimbal_manager_status__rosidl_typesupport_introspection_cpp.hpp\n'}
[6.508339] (px4_msgs) StdoutLine: {'line': b'-- Up-to-date: /home/giromi/Repos/VTOL/ws_sensor_combined_src/install/px4_msgs/include/px4_msgs/px4_msgs/msg/detail/sensor_optical_flow__type_support.cpp\n'}
[6.508396] (px4_msgs) StdoutLine: {'line': b'-- Up-to-date: /home/giromi/Repos/VTOL/ws_sensor_combined_src/install/px4_msgs/include/px4_msgs/px4_msgs/msg/detail/mode_completed__rosidl_typesupport_introspection_cpp.hpp\n'}
[6.508452] (px4_msgs) StdoutLine: {'line': b'-- Up-to-date: /home/giromi/Repos/VTOL/ws_sensor_combined_src/install/px4_msgs/include/px4_msgs/px4_msgs/msg/detail/gpio_in__type_support.cpp\n'}
[6.508507] (px4_msgs) StdoutLine: {'line': b'-- Up-to-date: /home/giromi/Repos/VTOL/ws_sensor_combined_src/install/px4_msgs/include/px4_msgs/px4_msgs/msg/detail/actuator_armed__rosidl_typesupport_introspection_cpp.hpp\n'}
[6.508568] (px4_msgs) StdoutLine: {'line': b'-- Up-to-date: /home/giromi/Repos/VTOL/ws_sensor_combined_src/install/px4_msgs/include/px4_msgs/px4_msgs/msg/detail/unregister_ext_component__type_support.cpp\n'}
[6.508624] (px4_msgs) StdoutLine: {'line': b'-- Up-to-date: /home/giromi/Repos/VTOL/ws_sensor_combined_src/install/px4_msgs/include/px4_msgs/px4_msgs/msg/detail/sensor_optical_flow__rosidl_typesupport_introspection_cpp.hpp\n'}
[6.508681] (px4_msgs) StdoutLine: {'line': b'-- Up-to-date: /home/giromi/Repos/VTOL/ws_sensor_combined_src/install/px4_msgs/include/px4_msgs/px4_msgs/msg/detail/vehicle_command_ack__type_support.cpp\n'}
[6.508737] (px4_msgs) StdoutLine: {'line': b'-- Up-to-date: /home/giromi/Repos/VTOL/ws_sensor_combined_src/install/px4_msgs/include/px4_msgs/px4_msgs/msg/detail/message_format_response__type_support.cpp\n'}
[6.508793] (px4_msgs) StdoutLine: {'line': b'-- Up-to-date: /home/giromi/Repos/VTOL/ws_sensor_combined_src/install/px4_msgs/include/px4_msgs/px4_msgs/msg/detail/obstacle_distance__type_support.cpp\n'}
[6.508869] (px4_msgs) StdoutLine: {'line': b'-- Up-to-date: /home/giromi/Repos/VTOL/ws_sensor_combined_src/install/px4_msgs/include/px4_msgs/px4_msgs/msg/detail/ekf2_timestamps__type_support.cpp\n'}
[6.508971] (px4_msgs) StdoutLine: {'line': b'-- Up-to-date: /home/giromi/Repos/VTOL/ws_sensor_combined_src/install/px4_msgs/include/px4_msgs/px4_msgs/msg/detail/landing_gear__rosidl_typesupport_introspection_cpp.hpp\n'}
[6.509028] (px4_msgs) StdoutLine: {'line': b'-- Up-to-date: /home/giromi/Repos/VTOL/ws_sensor_combined_src/install/px4_msgs/include/px4_msgs/px4_msgs/msg/detail/parameter_update__type_support.cpp\n'}
[6.509084] (px4_msgs) StdoutLine: {'line': b'-- Up-to-date: /home/giromi/Repos/VTOL/ws_sensor_combined_src/install/px4_msgs/include/px4_msgs/px4_msgs/msg/detail/sensor_airflow__rosidl_typesupport_introspection_cpp.hpp\n'}
[6.509139] (px4_msgs) StdoutLine: {'line': b'-- Up-to-date: /home/giromi/Repos/VTOL/ws_sensor_combined_src/install/px4_msgs/include/px4_msgs/px4_msgs/msg/detail/sensor_gyro_fifo__rosidl_typesupport_introspection_cpp.hpp\n'}
[6.509206] (px4_msgs) StdoutLine: {'line': b'-- Up-to-date: /home/giromi/Repos/VTOL/ws_sensor_combined_src/install/px4_msgs/include/px4_msgs/px4_msgs/msg/detail/radio_status__rosidl_typesupport_introspection_cpp.hpp\n'}
[6.509262] (px4_msgs) StdoutLine: {'line': b'-- Up-to-date: /home/giromi/Repos/VTOL/ws_sensor_combined_src/install/px4_msgs/include/px4_msgs/px4_msgs/msg/detail/vehicle_local_position__rosidl_typesupport_introspection_cpp.hpp\n'}
[6.509318] (px4_msgs) StdoutLine: {'line': b'-- Up-to-date: /home/giromi/Repos/VTOL/ws_sensor_combined_src/install/px4_msgs/include/px4_msgs/px4_msgs/msg/detail/ekf2_timestamps__rosidl_typesupport_introspection_cpp.hpp\n'}
[6.509378] (px4_msgs) StdoutLine: {'line': b'-- Up-to-date: /home/giromi/Repos/VTOL/ws_sensor_combined_src/install/px4_msgs/include/px4_msgs/px4_msgs/msg/detail/qshell_req__rosidl_typesupport_introspection_cpp.hpp\n'}
[6.509495] (px4_msgs) StdoutLine: {'line': b'-- Up-to-date: /home/giromi/Repos/VTOL/ws_sensor_combined_src/install/px4_msgs/include/px4_msgs/px4_msgs/msg/detail/position_controller_status__rosidl_typesupport_introspection_cpp.hpp\n'}
[6.509590] (px4_msgs) StdoutLine: {'line': b'-- Up-to-date: /home/giromi/Repos/VTOL/ws_sensor_combined_src/install/px4_msgs/include/px4_msgs/px4_msgs/msg/detail/system_power__rosidl_typesupport_introspection_cpp.hpp\n'}
[6.509674] (px4_msgs) StdoutLine: {'line': b'-- Up-to-date: /home/giromi/Repos/VTOL/ws_sensor_combined_src/install/px4_msgs/include/px4_msgs/px4_msgs/msg/detail/landing_target_pose__type_support.cpp\n'}
[6.509731] (px4_msgs) StdoutLine: {'line': b'-- Up-to-date: /home/giromi/Repos/VTOL/ws_sensor_combined_src/install/px4_msgs/include/px4_msgs/px4_msgs/msg/detail/estimator_innovations__rosidl_typesupport_introspection_cpp.hpp\n'}
[6.509788] (px4_msgs) StdoutLine: {'line': b'-- Up-to-date: /home/giromi/Repos/VTOL/ws_sensor_combined_src/install/px4_msgs/include/px4_msgs/px4_msgs/msg/detail/debug_vect__rosidl_typesupport_introspection_cpp.hpp\n'}
[6.509848] (px4_msgs) StdoutLine: {'line': b'-- Up-to-date: /home/giromi/Repos/VTOL/ws_sensor_combined_src/install/px4_msgs/include/px4_msgs/px4_msgs/msg/detail/mag_worker_data__rosidl_typesupport_introspection_cpp.hpp\n'}
[6.509904] (px4_msgs) StdoutLine: {'line': b'-- Up-to-date: /home/giromi/Repos/VTOL/ws_sensor_combined_src/install/px4_msgs/include/px4_msgs/px4_msgs/msg/detail/sensors_status_imu__type_support.cpp\n'}
[6.509960] (px4_msgs) StdoutLine: {'line': b'-- Up-to-date: /home/giromi/Repos/VTOL/ws_sensor_combined_src/install/px4_msgs/include/px4_msgs/px4_msgs/msg/detail/dataman_request__rosidl_typesupport_introspection_cpp.hpp\n'}
[6.510016] (px4_msgs) StdoutLine: {'line': b'-- Up-to-date: /home/giromi/Repos/VTOL/ws_sensor_combined_src/install/px4_msgs/include/px4_msgs/px4_msgs/msg/detail/message_format_response__rosidl_typesupport_introspection_cpp.hpp\n'}
[6.510073] (px4_msgs) StdoutLine: {'line': b'-- Up-to-date: /home/giromi/Repos/VTOL/ws_sensor_combined_src/install/px4_msgs/include/px4_msgs/px4_msgs/msg/detail/ping__rosidl_typesupport_introspection_cpp.hpp\n'}
[6.510129] (px4_msgs) StdoutLine: {'line': b'-- Up-to-date: /home/giromi/Repos/VTOL/ws_sensor_combined_src/install/px4_msgs/include/px4_msgs/px4_msgs/msg/detail/vehicle_odometry__rosidl_typesupport_introspection_cpp.hpp\n'}
[6.510204] (px4_msgs) StdoutLine: {'line': b'-- Up-to-date: /home/giromi/Repos/VTOL/ws_sensor_combined_src/install/px4_msgs/include/px4_msgs/px4_msgs/msg/detail/vehicle_angular_acceleration_setpoint__type_support.cpp\n'}
[6.510306] (px4_msgs) StdoutLine: {'line': b'-- Up-to-date: /home/giromi/Repos/VTOL/ws_sensor_combined_src/install/px4_msgs/include/px4_msgs/px4_msgs/msg/detail/actuator_outputs__type_support.cpp\n'}
[6.510363] (px4_msgs) StdoutLine: {'line': b'-- Up-to-date: /home/giromi/Repos/VTOL/ws_sensor_combined_src/install/px4_msgs/include/px4_msgs/px4_msgs/msg/detail/mavlink_tunnel__type_support.cpp\n'}
[6.510419] (px4_msgs) StdoutLine: {'line': b'-- Up-to-date: /home/giromi/Repos/VTOL/ws_sensor_combined_src/install/px4_msgs/include/px4_msgs/px4_msgs/msg/detail/mission__type_support.cpp\n'}
[6.510474] (px4_msgs) StdoutLine: {'line': b'-- Up-to-date: /home/giromi/Repos/VTOL/ws_sensor_combined_src/install/px4_msgs/include/px4_msgs/px4_msgs/msg/detail/mission__rosidl_typesupport_introspection_cpp.hpp\n'}
[6.510531] (px4_msgs) StdoutLine: {'line': b'-- Up-to-date: /home/giromi/Repos/VTOL/ws_sensor_combined_src/install/px4_msgs/include/px4_msgs/px4_msgs/msg/detail/follow_target_status__type_support.cpp\n'}
[6.510586] (px4_msgs) StdoutLine: {'line': b'-- Up-to-date: /home/giromi/Repos/VTOL/ws_sensor_combined_src/install/px4_msgs/include/px4_msgs/px4_msgs/msg/detail/position_setpoint__type_support.cpp\n'}
[6.510641] (px4_msgs) StdoutLine: {'line': b'-- Up-to-date: /home/giromi/Repos/VTOL/ws_sensor_combined_src/install/px4_msgs/include/px4_msgs/px4_msgs/msg/detail/manual_control_switches__type_support.cpp\n'}
[6.510696] (px4_msgs) StdoutLine: {'line': b'-- Up-to-date: /home/giromi/Repos/VTOL/ws_sensor_combined_src/install/px4_msgs/include/px4_msgs/px4_msgs/msg/detail/action_request__type_support.cpp\n'}
[6.510800] (px4_msgs) StdoutLine: {'line': b'-- Up-to-date: /home/giromi/Repos/VTOL/ws_sensor_combined_src/install/px4_msgs/include/px4_msgs/px4_msgs/msg/detail/vehicle_trajectory_bezier__rosidl_typesupport_introspection_cpp.hpp\n'}
[6.510867] (px4_msgs) StdoutLine: {'line': b'-- Up-to-date: /home/giromi/Repos/VTOL/ws_sensor_combined_src/install/px4_msgs/include/px4_msgs/px4_msgs/msg/detail/manual_control_setpoint__rosidl_typesupport_introspection_cpp.hpp\n'}
[6.510927] (px4_msgs) StdoutLine: {'line': b'-- Up-to-date: /home/giromi/Repos/VTOL/ws_sensor_combined_src/install/px4_msgs/include/px4_msgs/px4_msgs/msg/detail/vehicle_trajectory_waypoint__rosidl_typesupport_introspection_cpp.hpp\n'}
[6.510983] (px4_msgs) StdoutLine: {'line': b'-- Up-to-date: /home/giromi/Repos/VTOL/ws_sensor_combined_src/install/px4_msgs/include/px4_msgs/px4_msgs/msg/detail/wind__rosidl_typesupport_introspection_cpp.hpp\n'}
[6.511042] (px4_msgs) StdoutLine: {'line': b'-- Up-to-date: /home/giromi/Repos/VTOL/ws_sensor_combined_src/install/px4_msgs/include/px4_msgs/px4_msgs/msg/detail/gimbal_device_information__type_support.cpp\n'}
[6.511148] (px4_msgs) StdoutLine: {'line': b'-- Up-to-date: /home/giromi/Repos/VTOL/ws_sensor_combined_src/install/px4_msgs/include/px4_msgs/px4_msgs/msg/detail/qshell_retval__rosidl_typesupport_introspection_cpp.hpp\n'}
[6.511203] (px4_msgs) StdoutLine: {'line': b'-- Up-to-date: /home/giromi/Repos/VTOL/ws_sensor_combined_src/install/px4_msgs/include/px4_msgs/px4_msgs/msg/detail/sensor_combined__rosidl_typesupport_introspection_cpp.hpp\n'}
[6.511258] (px4_msgs) StdoutLine: {'line': b'-- Up-to-date: /home/giromi/Repos/VTOL/ws_sensor_combined_src/install/px4_msgs/include/px4_msgs/px4_msgs/msg/detail/estimator_states__rosidl_typesupport_introspection_cpp.hpp\n'}
[6.511313] (px4_msgs) StdoutLine: {'line': b'-- Up-to-date: /home/giromi/Repos/VTOL/ws_sensor_combined_src/install/px4_msgs/include/px4_msgs/px4_msgs/msg/detail/vehicle_attitude_setpoint__rosidl_typesupport_introspection_cpp.hpp\n'}
[6.511368] (px4_msgs) StdoutLine: {'line': b'-- Up-to-date: /home/giromi/Repos/VTOL/ws_sensor_combined_src/install/px4_msgs/include/px4_msgs/px4_msgs/msg/detail/differential_drive_setpoint__type_support.cpp\n'}
[6.511423] (px4_msgs) StdoutLine: {'line': b'-- Up-to-date: /home/giromi/Repos/VTOL/ws_sensor_combined_src/install/px4_msgs/include/px4_msgs/px4_msgs/msg/detail/button_event__type_support.cpp\n'}
[6.511564] (px4_msgs) StdoutLine: {'line': b'-- Up-to-date: /home/giromi/Repos/VTOL/ws_sensor_combined_src/install/px4_msgs/include/px4_msgs/px4_msgs/msg/detail/input_rc__rosidl_typesupport_introspection_cpp.hpp\n'}
[6.511620] (px4_msgs) StdoutLine: {'line': b'-- Up-to-date: /home/giromi/Repos/VTOL/ws_sensor_combined_src/install/px4_msgs/include/px4_msgs/px4_msgs/msg/detail/gripper__type_support.cpp\n'}
[6.511676] (px4_msgs) StdoutLine: {'line': b'-- Up-to-date: /home/giromi/Repos/VTOL/ws_sensor_combined_src/install/px4_msgs/include/px4_msgs/px4_msgs/msg/detail/home_position__type_support.cpp\n'}
[6.511732] (px4_msgs) StdoutLine: {'line': b'-- Up-to-date: /home/giromi/Repos/VTOL/ws_sensor_combined_src/install/px4_msgs/include/px4_msgs/px4_msgs/msg/detail/transponder_report__rosidl_typesupport_introspection_cpp.hpp\n'}
[6.511789] (px4_msgs) StdoutLine: {'line': b'-- Up-to-date: /home/giromi/Repos/VTOL/ws_sensor_combined_src/install/px4_msgs/include/px4_msgs/px4_msgs/msg/detail/parameter_update__rosidl_typesupport_introspection_cpp.hpp\n'}
[6.511845] (px4_msgs) StdoutLine: {'line': b'-- Up-to-date: /home/giromi/Repos/VTOL/ws_sensor_combined_src/install/px4_msgs/include/px4_msgs/px4_msgs/msg/detail/vehicle_control_mode__type_support.cpp\n'}
[6.511920] (px4_msgs) StdoutLine: {'line': b'-- Up-to-date: /home/giromi/Repos/VTOL/ws_sensor_combined_src/install/px4_msgs/include/px4_msgs/px4_msgs/msg/detail/dataman_request__type_support.cpp\n'}
[6.512016] (px4_msgs) StdoutLine: {'line': b'-- Up-to-date: /home/giromi/Repos/VTOL/ws_sensor_combined_src/install/px4_msgs/include/px4_msgs/px4_msgs/msg/detail/vehicle_land_detected__rosidl_typesupport_introspection_cpp.hpp\n'}
[6.512074] (px4_msgs) StdoutLine: {'line': b'-- Up-to-date: /home/giromi/Repos/VTOL/ws_sensor_combined_src/install/px4_msgs/include/px4_msgs/px4_msgs/msg/detail/follow_target__type_support.cpp\n'}
[6.512130] (px4_msgs) StdoutLine: {'line': b'-- Up-to-date: /home/giromi/Repos/VTOL/ws_sensor_combined_src/install/px4_msgs/include/px4_msgs/px4_msgs/msg/detail/power_monitor__rosidl_typesupport_introspection_cpp.hpp\n'}
[6.512187] (px4_msgs) StdoutLine: {'line': b'-- Up-to-date: /home/giromi/Repos/VTOL/ws_sensor_combined_src/install/px4_msgs/include/px4_msgs/px4_msgs/msg/detail/airspeed__rosidl_typesupport_introspection_cpp.hpp\n'}
[6.512243] (px4_msgs) StdoutLine: {'line': b'-- Up-to-date: /home/giromi/Repos/VTOL/ws_sensor_combined_src/install/px4_msgs/include/px4_msgs/px4_msgs/msg/detail/manual_control_switches__rosidl_typesupport_introspection_cpp.hpp\n'}
[6.512305] (px4_msgs) StdoutLine: {'line': b'-- Up-to-date: /home/giromi/Repos/VTOL/ws_sensor_combined_src/install/px4_msgs/include/px4_msgs/px4_msgs/msg/detail/sensor_accel__type_support.cpp\n'}
[6.512361] (px4_msgs) StdoutLine: {'line': b'-- Up-to-date: /home/giromi/Repos/VTOL/ws_sensor_combined_src/install/px4_msgs/include/px4_msgs/px4_msgs/msg/detail/tiltrotor_extra_controls__rosidl_typesupport_introspection_cpp.hpp\n'}
[6.512429] (px4_msgs) StdoutLine: {'line': b'-- Up-to-date: /home/giromi/Repos/VTOL/ws_sensor_combined_src/install/px4_msgs/include/px4_msgs/px4_msgs/msg/detail/sensor_gnss_relative__type_support.cpp\n'}
[6.512543] (px4_msgs) StdoutLine: {'line': b'-- Up-to-date: /home/giromi/Repos/VTOL/ws_sensor_combined_src/install/px4_msgs/include/px4_msgs/px4_msgs/msg/detail/vehicle_command__type_support.cpp\n'}
[6.512601] (px4_msgs) StdoutLine: {'line': b'-- Up-to-date: /home/giromi/Repos/VTOL/ws_sensor_combined_src/install/px4_msgs/include/px4_msgs/px4_msgs/msg/detail/sensor_gps__type_support.cpp\n'}
[6.512657] (px4_msgs) StdoutLine: {'line': b'-- Up-to-date: /home/giromi/Repos/VTOL/ws_sensor_combined_src/install/px4_msgs/include/px4_msgs/px4_msgs/msg/detail/vehicle_imu_status__rosidl_typesupport_introspection_cpp.hpp\n'}
[6.512713] (px4_msgs) StdoutLine: {'line': b'-- Up-to-date: /home/giromi/Repos/VTOL/ws_sensor_combined_src/install/px4_msgs/include/px4_msgs/px4_msgs/msg/detail/actuator_test__rosidl_typesupport_introspection_cpp.hpp\n'}
[6.512769] (px4_msgs) StdoutLine: {'line': b'-- Up-to-date: /home/giromi/Repos/VTOL/ws_sensor_combined_src/install/px4_msgs/include/px4_msgs/px4_msgs/msg/detail/sensor_accel_fifo__type_support.cpp\n'}
[6.512844] (px4_msgs) StdoutLine: {'line': b'-- Up-to-date: /home/giromi/Repos/VTOL/ws_sensor_combined_src/install/px4_msgs/include/px4_msgs/px4_msgs/msg/detail/vtol_vehicle_status__type_support.cpp\n'}
[6.512945] (px4_msgs) StdoutLine: {'line': b'-- Up-to-date: /home/giromi/Repos/VTOL/ws_sensor_combined_src/install/px4_msgs/include/px4_msgs/px4_msgs/msg/detail/vehicle_local_position_setpoint__type_support.cpp\n'}
[6.513001] (px4_msgs) StdoutLine: {'line': b'-- Up-to-date: /home/giromi/Repos/VTOL/ws_sensor_combined_src/install/px4_msgs/include/px4_msgs/px4_msgs/msg/detail/mag_worker_data__type_support.cpp\n'}
[6.513056] (px4_msgs) StdoutLine: {'line': b'-- Up-to-date: /home/giromi/Repos/VTOL/ws_sensor_combined_src/install/px4_msgs/include/px4_msgs/px4_msgs/msg/detail/transponder_report__type_support.cpp\n'}
[6.513112] (px4_msgs) StdoutLine: {'line': b'-- Up-to-date: /home/giromi/Repos/VTOL/ws_sensor_combined_src/install/px4_msgs/include/px4_msgs/px4_msgs/msg/detail/landing_target_innovations__type_support.cpp\n'}
[6.513267] (px4_msgs) StdoutLine: {'line': b'-- Up-to-date: /home/giromi/Repos/VTOL/ws_sensor_combined_src/install/px4_msgs/include/px4_msgs/px4_msgs/msg/detail/vehicle_odometry__type_support.cpp\n'}
[6.513328] (px4_msgs) StdoutLine: {'line': b'-- Up-to-date: /home/giromi/Repos/VTOL/ws_sensor_combined_src/install/px4_msgs/include/px4_msgs/px4_msgs/msg/detail/sensor_accel_fifo__rosidl_typesupport_introspection_cpp.hpp\n'}
[6.513385] (px4_msgs) StdoutLine: {'line': b'-- Up-to-date: /home/giromi/Repos/VTOL/ws_sensor_combined_src/install/px4_msgs/include/px4_msgs/px4_msgs/msg/detail/sensor_selection__type_support.cpp\n'}
[6.513440] (px4_msgs) StdoutLine: {'line': b'-- Up-to-date: /home/giromi/Repos/VTOL/ws_sensor_combined_src/install/px4_msgs/include/px4_msgs/px4_msgs/msg/detail/trajectory_waypoint__type_support.cpp\n'}
[6.513495] (px4_msgs) StdoutLine: {'line': b'-- Up-to-date: /home/giromi/Repos/VTOL/ws_sensor_combined_src/install/px4_msgs/include/px4_msgs/px4_msgs/msg/detail/debug_key_value__type_support.cpp\n'}
[6.513550] (px4_msgs) StdoutLine: {'line': b'-- Up-to-date: /home/giromi/Repos/VTOL/ws_sensor_combined_src/install/px4_msgs/include/px4_msgs/px4_msgs/msg/detail/mount_orientation__rosidl_typesupport_introspection_cpp.hpp\n'}
[6.513605] (px4_msgs) StdoutLine: {'line': b'-- Up-to-date: /home/giromi/Repos/VTOL/ws_sensor_combined_src/install/px4_msgs/include/px4_msgs/px4_msgs/msg/detail/sensor_hygrometer__rosidl_typesupport_introspection_cpp.hpp\n'}
[6.513732] (px4_msgs) StdoutLine: {'line': b'-- Up-to-date: /home/giromi/Repos/VTOL/ws_sensor_combined_src/install/px4_msgs/include/px4_msgs/px4_msgs/msg/detail/estimator_status_flags__type_support.cpp\n'}
[6.513789] (px4_msgs) StdoutLine: {'line': b'-- Up-to-date: /home/giromi/Repos/VTOL/ws_sensor_combined_src/install/px4_msgs/include/px4_msgs/px4_msgs/msg/detail/esc_report__rosidl_typesupport_introspection_cpp.hpp\n'}
[6.513846] (px4_msgs) StdoutLine: {'line': b'-- Up-to-date: /home/giromi/Repos/VTOL/ws_sensor_combined_src/install/px4_msgs/include/px4_msgs/px4_msgs/msg/detail/gimbal_manager_set_manual_control__type_support.cpp\n'}
[6.513902] (px4_msgs) StdoutLine: {'line': b'-- Up-to-date: /home/giromi/Repos/VTOL/ws_sensor_combined_src/install/px4_msgs/include/px4_msgs/px4_msgs/msg/detail/vehicle_status__rosidl_typesupport_introspection_cpp.hpp\n'}
[6.513958] (px4_msgs) StdoutLine: {'line': b'-- Up-to-date: /home/giromi/Repos/VTOL/ws_sensor_combined_src/install/px4_msgs/include/px4_msgs/px4_msgs/msg/detail/velocity_limits__type_support.cpp\n'}
[6.514015] (px4_msgs) StdoutLine: {'line': b'-- Up-to-date: /home/giromi/Repos/VTOL/ws_sensor_combined_src/install/px4_msgs/include/px4_msgs/px4_msgs/msg/detail/gimbal_controls__rosidl_typesupport_introspection_cpp.hpp\n'}
[6.514075] (px4_msgs) StdoutLine: {'line': b'-- Up-to-date: /home/giromi/Repos/VTOL/ws_sensor_combined_src/install/px4_msgs/include/px4_msgs/px4_msgs/msg/detail/position_controller_landing_status__rosidl_typesupport_introspection_cpp.hpp\n'}
[6.514140] (px4_msgs) StdoutLine: {'line': b'-- Up-to-date: /home/giromi/Repos/VTOL/ws_sensor_combined_src/install/px4_msgs/include/px4_msgs/px4_msgs/msg/detail/actuator_armed__type_support.cpp\n'}
[6.514229] (px4_msgs) StdoutLine: {'line': b'-- Up-to-date: /home/giromi/Repos/VTOL/ws_sensor_combined_src/install/px4_msgs/include/px4_msgs/px4_msgs/msg/detail/airspeed_validated__type_support.cpp\n'}
[6.514316] (px4_msgs) StdoutLine: {'line': b'-- Up-to-date: /home/giromi/Repos/VTOL/ws_sensor_combined_src/install/px4_msgs/include/px4_msgs/px4_msgs/msg/detail/esc_report__type_support.cpp\n'}
[6.514373] (px4_msgs) StdoutLine: {'line': b'-- Up-to-date: /home/giromi/Repos/VTOL/ws_sensor_combined_src/install/px4_msgs/include/px4_msgs/px4_msgs/msg/detail/airspeed_validated__rosidl_typesupport_introspection_cpp.hpp\n'}
[6.514429] (px4_msgs) StdoutLine: {'line': b'-- Up-to-date: /home/giromi/Repos/VTOL/ws_sensor_combined_src/install/px4_msgs/include/px4_msgs/px4_msgs/msg/detail/satellite_info__rosidl_typesupport_introspection_cpp.hpp\n'}
[6.514485] (px4_msgs) StdoutLine: {'line': b'-- Up-to-date: /home/giromi/Repos/VTOL/ws_sensor_combined_src/install/px4_msgs/include/px4_msgs/px4_msgs/msg/detail/button_event__rosidl_typesupport_introspection_cpp.hpp\n'}
[6.514560] (px4_msgs) StdoutLine: {'line': b'-- Up-to-date: /home/giromi/Repos/VTOL/ws_sensor_combined_src/install/px4_msgs/include/px4_msgs/px4_msgs/msg/detail/gpio_in__rosidl_typesupport_introspection_cpp.hpp\n'}
[6.514654] (px4_msgs) StdoutLine: {'line': b'-- Up-to-date: /home/giromi/Repos/VTOL/ws_sensor_combined_src/install/px4_msgs/include/px4_msgs/px4_msgs/msg/detail/estimator_aid_source2d__type_support.cpp\n'}
[6.514710] (px4_msgs) StdoutLine: {'line': b'-- Up-to-date: /home/giromi/Repos/VTOL/ws_sensor_combined_src/install/px4_msgs/include/px4_msgs/px4_msgs/msg/detail/gimbal_device_attitude_status__rosidl_typesupport_introspection_cpp.hpp\n'}
[6.514766] (px4_msgs) StdoutLine: {'line': b'-- Up-to-date: /home/giromi/Repos/VTOL/ws_sensor_combined_src/install/px4_msgs/include/px4_msgs/px4_msgs/msg/detail/ulog_stream_ack__rosidl_typesupport_introspection_cpp.hpp\n'}
[6.514821] (px4_msgs) StdoutLine: {'line': b'-- Up-to-date: /home/giromi/Repos/VTOL/ws_sensor_combined_src/install/px4_msgs/include/px4_msgs/px4_msgs/msg/detail/estimator_aid_source3d__rosidl_typesupport_introspection_cpp.hpp\n'}
[6.514898] (px4_msgs) StdoutLine: {'line': b'-- Up-to-date: /home/giromi/Repos/VTOL/ws_sensor_combined_src/install/px4_msgs/include/px4_msgs/px4_msgs/msg/detail/normalized_unsigned_setpoint__rosidl_typesupport_introspection_cpp.hpp\n'}
[6.514992] (px4_msgs) StdoutLine: {'line': b'-- Up-to-date: /home/giromi/Repos/VTOL/ws_sensor_combined_src/install/px4_msgs/include/px4_msgs/px4_msgs/msg/detail/vehicle_imu__rosidl_typesupport_introspection_cpp.hpp\n'}
[6.515049] (px4_msgs) StdoutLine: {'line': b'-- Up-to-date: /home/giromi/Repos/VTOL/ws_sensor_combined_src/install/px4_msgs/include/px4_msgs/px4_msgs/msg/detail/uavcan_parameter_value__type_support.cpp\n'}
[6.515104] (px4_msgs) StdoutLine: {'line': b'-- Up-to-date: /home/giromi/Repos/VTOL/ws_sensor_combined_src/install/px4_msgs/include/px4_msgs/px4_msgs/msg/detail/config_overrides__type_support.cpp\n'}
[6.515159] (px4_msgs) StdoutLine: {'line': b'-- Up-to-date: /home/giromi/Repos/VTOL/ws_sensor_combined_src/install/px4_msgs/include/px4_msgs/px4_msgs/msg/detail/rc_parameter_map__type_support.cpp\n'}
[6.515212] (-) TimerEvent: {}
[6.515295] (px4_msgs) StdoutLine: {'line': b'-- Up-to-date: /home/giromi/Repos/VTOL/ws_sensor_combined_src/install/px4_msgs/include/px4_msgs/px4_msgs/msg/detail/sensor_preflight_mag__type_support.cpp\n'}
[6.515416] (px4_msgs) StdoutLine: {'line': b'-- Up-to-date: /home/giromi/Repos/VTOL/ws_sensor_combined_src/install/px4_msgs/include/px4_msgs/px4_msgs/msg/detail/debug_array__rosidl_typesupport_introspection_cpp.hpp\n'}
[6.515501] (px4_msgs) StdoutLine: {'line': b'-- Up-to-date: /home/giromi/Repos/VTOL/ws_sensor_combined_src/install/px4_msgs/include/px4_msgs/px4_msgs/msg/detail/uavcan_parameter_request__type_support.cpp\n'}
[6.515564] (px4_msgs) StdoutLine: {'line': b'-- Up-to-date: /home/giromi/Repos/VTOL/ws_sensor_combined_src/install/px4_msgs/include/px4_msgs/px4_msgs/msg/detail/gps_inject_data__rosidl_typesupport_introspection_cpp.hpp\n'}
[6.515621] (px4_msgs) StdoutLine: {'line': b'-- Up-to-date: /home/giromi/Repos/VTOL/ws_sensor_combined_src/install/px4_msgs/include/px4_msgs/px4_msgs/msg/detail/rc_channels__type_support.cpp\n'}
[6.515677] (px4_msgs) StdoutLine: {'line': b'-- Up-to-date: /home/giromi/Repos/VTOL/ws_sensor_combined_src/install/px4_msgs/include/px4_msgs/px4_msgs/msg/detail/task_stack_info__type_support.cpp\n'}
[6.515732] (px4_msgs) StdoutLine: {'line': b'-- Up-to-date: /home/giromi/Repos/VTOL/ws_sensor_combined_src/install/px4_msgs/include/px4_msgs/px4_msgs/msg/detail/wheel_encoders__rosidl_typesupport_introspection_cpp.hpp\n'}
[6.515793] (px4_msgs) StdoutLine: {'line': b'-- Up-to-date: /home/giromi/Repos/VTOL/ws_sensor_combined_src/install/px4_msgs/include/px4_msgs/px4_msgs/msg/detail/magnetometer_bias_estimate__rosidl_typesupport_introspection_cpp.hpp\n'}
[6.515849] (px4_msgs) StdoutLine: {'line': b'-- Up-to-date: /home/giromi/Repos/VTOL/ws_sensor_combined_src/install/px4_msgs/include/px4_msgs/px4_msgs/msg/detail/estimator_event_flags__type_support.cpp\n'}
[6.515912] (px4_msgs) StdoutLine: {'line': b'-- Up-to-date: /home/giromi/Repos/VTOL/ws_sensor_combined_src/install/px4_msgs/lib/libpx4_msgs__rosidl_typesupport_introspection_cpp.so\n'}
[6.516001] (px4_msgs) StdoutLine: {'line': b'-- Up-to-date: /home/giromi/Repos/VTOL/ws_sensor_combined_src/install/px4_msgs/lib/libpx4_msgs__rosidl_typesupport_cpp.so\n'}
[6.516059] (px4_msgs) StdoutLine: {'line': b'-- Up-to-date: /home/giromi/Repos/VTOL/ws_sensor_combined_src/install/px4_msgs/share/px4_msgs/environment/pythonpath.sh\n'}
[6.516116] (px4_msgs) StdoutLine: {'line': b'-- Up-to-date: /home/giromi/Repos/VTOL/ws_sensor_combined_src/install/px4_msgs/share/px4_msgs/environment/pythonpath.dsv\n'}
[6.516174] (px4_msgs) StdoutLine: {'line': b'-- Up-to-date: /home/giromi/Repos/VTOL/ws_sensor_combined_src/install/px4_msgs/local/lib/python3.10/dist-packages/px4_msgs-2.0.1-py3.10.egg-info\n'}
[6.516232] (px4_msgs) StdoutLine: {'line': b'-- Installing: /home/giromi/Repos/VTOL/ws_sensor_combined_src/install/px4_msgs/local/lib/python3.10/dist-packages/px4_msgs-2.0.1-py3.10.egg-info/PKG-INFO\n'}
[6.516323] (px4_msgs) StdoutLine: {'line': b'-- Installing: /home/giromi/Repos/VTOL/ws_sensor_combined_src/install/px4_msgs/local/lib/python3.10/dist-packages/px4_msgs-2.0.1-py3.10.egg-info/SOURCES.txt\n'}
[6.516388] (px4_msgs) StdoutLine: {'line': b'-- Installing: /home/giromi/Repos/VTOL/ws_sensor_combined_src/install/px4_msgs/local/lib/python3.10/dist-packages/px4_msgs-2.0.1-py3.10.egg-info/dependency_links.txt\n'}
[6.516444] (px4_msgs) StdoutLine: {'line': b'-- Installing: /home/giromi/Repos/VTOL/ws_sensor_combined_src/install/px4_msgs/local/lib/python3.10/dist-packages/px4_msgs-2.0.1-py3.10.egg-info/top_level.txt\n'}
[6.516501] (px4_msgs) StdoutLine: {'line': b'-- Up-to-date: /home/giromi/Repos/VTOL/ws_sensor_combined_src/install/px4_msgs/local/lib/python3.10/dist-packages/px4_msgs\n'}
[6.516559] (px4_msgs) StdoutLine: {'line': b'-- Up-to-date: /home/giromi/Repos/VTOL/ws_sensor_combined_src/install/px4_msgs/local/lib/python3.10/dist-packages/px4_msgs/__init__.py\n'}
[6.516641] (px4_msgs) StdoutLine: {'line': b'-- Up-to-date: /home/giromi/Repos/VTOL/ws_sensor_combined_src/install/px4_msgs/local/lib/python3.10/dist-packages/px4_msgs/px4_msgs_s__rosidl_typesupport_c.cpython-310-x86_64-linux-gnu.so\n'}
[6.516698] (px4_msgs) StdoutLine: {'line': b'-- Up-to-date: /home/giromi/Repos/VTOL/ws_sensor_combined_src/install/px4_msgs/local/lib/python3.10/dist-packages/px4_msgs/px4_msgs_s__rosidl_typesupport_introspection_c.cpython-310-x86_64-linux-gnu.so\n'}
[6.516757] (px4_msgs) StdoutLine: {'line': b'-- Up-to-date: /home/giromi/Repos/VTOL/ws_sensor_combined_src/install/px4_msgs/local/lib/python3.10/dist-packages/px4_msgs/srv\n'}
[6.516813] (px4_msgs) StdoutLine: {'line': b'-- Up-to-date: /home/giromi/Repos/VTOL/ws_sensor_combined_src/install/px4_msgs/local/lib/python3.10/dist-packages/px4_msgs/srv/__init__.py\n'}
[6.516869] (px4_msgs) StdoutLine: {'line': b'-- Up-to-date: /home/giromi/Repos/VTOL/ws_sensor_combined_src/install/px4_msgs/local/lib/python3.10/dist-packages/px4_msgs/srv/_vehicle_command.py\n'}
[6.516925] (px4_msgs) StdoutLine: {'line': b'-- Up-to-date: /home/giromi/Repos/VTOL/ws_sensor_combined_src/install/px4_msgs/local/lib/python3.10/dist-packages/px4_msgs/srv/_vehicle_command_s.c\n'}
[6.516983] (px4_msgs) StdoutLine: {'line': b'-- Up-to-date: /home/giromi/Repos/VTOL/ws_sensor_combined_src/install/px4_msgs/local/lib/python3.10/dist-packages/px4_msgs/_px4_msgs_s.ep.rosidl_typesupport_introspection_c.c\n'}
[6.517070] (px4_msgs) StdoutLine: {'line': b'-- Up-to-date: /home/giromi/Repos/VTOL/ws_sensor_combined_src/install/px4_msgs/local/lib/python3.10/dist-packages/px4_msgs/libpx4_msgs__rosidl_generator_py.so\n'}
[6.517139] (px4_msgs) StdoutLine: {'line': b'-- Up-to-date: /home/giromi/Repos/VTOL/ws_sensor_combined_src/install/px4_msgs/local/lib/python3.10/dist-packages/px4_msgs/px4_msgs_s__rosidl_typesupport_fastrtps_c.cpython-310-x86_64-linux-gnu.so\n'}
[6.517193] (px4_msgs) StdoutLine: {'line': b'-- Up-to-date: /home/giromi/Repos/VTOL/ws_sensor_combined_src/install/px4_msgs/local/lib/python3.10/dist-packages/px4_msgs/msg\n'}
[6.517248] (px4_msgs) StdoutLine: {'line': b'-- Up-to-date: /home/giromi/Repos/VTOL/ws_sensor_combined_src/install/px4_msgs/local/lib/python3.10/dist-packages/px4_msgs/msg/_mission.py\n'}
[6.517315] (px4_msgs) StdoutLine: {'line': b'-- Up-to-date: /home/giromi/Repos/VTOL/ws_sensor_combined_src/install/px4_msgs/local/lib/python3.10/dist-packages/px4_msgs/msg/_gimbal_manager_set_attitude.py\n'}
[6.517410] (px4_msgs) StdoutLine: {'line': b'-- Up-to-date: /home/giromi/Repos/VTOL/ws_sensor_combined_src/install/px4_msgs/local/lib/python3.10/dist-packages/px4_msgs/msg/_sensor_gyro_s.c\n'}
[6.517467] (px4_msgs) StdoutLine: {'line': b'-- Up-to-date: /home/giromi/Repos/VTOL/ws_sensor_combined_src/install/px4_msgs/local/lib/python3.10/dist-packages/px4_msgs/msg/_autotune_attitude_control_status.py\n'}
[6.517554] (px4_msgs) StdoutLine: {'line': b'-- Up-to-date: /home/giromi/Repos/VTOL/ws_sensor_combined_src/install/px4_msgs/local/lib/python3.10/dist-packages/px4_msgs/msg/_failure_detector_status_s.c\n'}
[6.517629] (px4_msgs) StdoutLine: {'line': b'-- Up-to-date: /home/giromi/Repos/VTOL/ws_sensor_combined_src/install/px4_msgs/local/lib/python3.10/dist-packages/px4_msgs/msg/_power_monitor_s.c\n'}
[6.517757] (px4_msgs) StdoutLine: {'line': b'-- Up-to-date: /home/giromi/Repos/VTOL/ws_sensor_combined_src/install/px4_msgs/local/lib/python3.10/dist-packages/px4_msgs/msg/_sensor_hygrometer_s.c\n'}
[6.517870] (px4_msgs) StdoutLine: {'line': b'-- Up-to-date: /home/giromi/Repos/VTOL/ws_sensor_combined_src/install/px4_msgs/local/lib/python3.10/dist-packages/px4_msgs/msg/_sensor_accel_fifo.py\n'}
[6.517959] (px4_msgs) StdoutLine: {'line': b'-- Up-to-date: /home/giromi/Repos/VTOL/ws_sensor_combined_src/install/px4_msgs/local/lib/python3.10/dist-packages/px4_msgs/msg/_sensor_hygrometer.py\n'}
[6.518027] (px4_msgs) StdoutLine: {'line': b'-- Up-to-date: /home/giromi/Repos/VTOL/ws_sensor_combined_src/install/px4_msgs/local/lib/python3.10/dist-packages/px4_msgs/msg/__init__.py\n'}
[6.518082] (px4_msgs) StdoutLine: {'line': b'-- Up-to-date: /home/giromi/Repos/VTOL/ws_sensor_combined_src/install/px4_msgs/local/lib/python3.10/dist-packages/px4_msgs/msg/_battery_status_s.c\n'}
[6.518136] (px4_msgs) StdoutLine: {'line': b'-- Up-to-date: /home/giromi/Repos/VTOL/ws_sensor_combined_src/install/px4_msgs/local/lib/python3.10/dist-packages/px4_msgs/msg/_wheel_encoders.py\n'}
[6.518190] (px4_msgs) StdoutLine: {'line': b'-- Up-to-date: /home/giromi/Repos/VTOL/ws_sensor_combined_src/install/px4_msgs/local/lib/python3.10/dist-packages/px4_msgs/msg/_mag_worker_data_s.c\n'}
[6.518243] (px4_msgs) StdoutLine: {'line': b'-- Up-to-date: /home/giromi/Repos/VTOL/ws_sensor_combined_src/install/px4_msgs/local/lib/python3.10/dist-packages/px4_msgs/msg/_camera_capture_s.c\n'}
[6.518298] (px4_msgs) StdoutLine: {'line': b'-- Up-to-date: /home/giromi/Repos/VTOL/ws_sensor_combined_src/install/px4_msgs/local/lib/python3.10/dist-packages/px4_msgs/msg/_vehicle_trajectory_waypoint.py\n'}
[6.518400] (px4_msgs) StdoutLine: {'line': b'-- Up-to-date: /home/giromi/Repos/VTOL/ws_sensor_combined_src/install/px4_msgs/local/lib/python3.10/dist-packages/px4_msgs/msg/_heater_status_s.c\n'}
[6.518489] (px4_msgs) StdoutLine: {'line': b'-- Up-to-date: /home/giromi/Repos/VTOL/ws_sensor_combined_src/install/px4_msgs/local/lib/python3.10/dist-packages/px4_msgs/msg/_estimator_aid_source2d_s.c\n'}
[6.518590] (px4_msgs) StdoutLine: {'line': b'-- Up-to-date: /home/giromi/Repos/VTOL/ws_sensor_combined_src/install/px4_msgs/local/lib/python3.10/dist-packages/px4_msgs/msg/_ulog_stream_ack_s.c\n'}
[6.518646] (px4_msgs) StdoutLine: {'line': b'-- Up-to-date: /home/giromi/Repos/VTOL/ws_sensor_combined_src/install/px4_msgs/local/lib/python3.10/dist-packages/px4_msgs/msg/_orbit_status_s.c\n'}
[6.518700] (px4_msgs) StdoutLine: {'line': b'-- Up-to-date: /home/giromi/Repos/VTOL/ws_sensor_combined_src/install/px4_msgs/local/lib/python3.10/dist-packages/px4_msgs/msg/_orb_test_medium_s.c\n'}
[6.518756] (px4_msgs) StdoutLine: {'line': b'-- Up-to-date: /home/giromi/Repos/VTOL/ws_sensor_combined_src/install/px4_msgs/local/lib/python3.10/dist-packages/px4_msgs/msg/_battery_status.py\n'}
[6.518811] (px4_msgs) StdoutLine: {'line': b'-- Up-to-date: /home/giromi/Repos/VTOL/ws_sensor_combined_src/install/px4_msgs/local/lib/python3.10/dist-packages/px4_msgs/msg/_estimator_states.py\n'}
[6.518865] (px4_msgs) StdoutLine: {'line': b'-- Up-to-date: /home/giromi/Repos/VTOL/ws_sensor_combined_src/install/px4_msgs/local/lib/python3.10/dist-packages/px4_msgs/msg/_gripper.py\n'}
[6.518920] (px4_msgs) StdoutLine: {'line': b'-- Up-to-date: /home/giromi/Repos/VTOL/ws_sensor_combined_src/install/px4_msgs/local/lib/python3.10/dist-packages/px4_msgs/msg/_mission_s.c\n'}
[6.518974] (px4_msgs) StdoutLine: {'line': b'-- Up-to-date: /home/giromi/Repos/VTOL/ws_sensor_combined_src/install/px4_msgs/local/lib/python3.10/dist-packages/px4_msgs/msg/_arming_check_request_s.c\n'}
[6.519047] (px4_msgs) StdoutLine: {'line': b'-- Up-to-date: /home/giromi/Repos/VTOL/ws_sensor_combined_src/install/px4_msgs/local/lib/python3.10/dist-packages/px4_msgs/msg/_rate_ctrl_status_s.c\n'}
[6.519106] (px4_msgs) StdoutLine: {'line': b'-- Up-to-date: /home/giromi/Repos/VTOL/ws_sensor_combined_src/install/px4_msgs/local/lib/python3.10/dist-packages/px4_msgs/msg/_goto_setpoint.py\n'}
[6.519241] (px4_msgs) StdoutLine: {'line': b'-- Up-to-date: /home/giromi/Repos/VTOL/ws_sensor_combined_src/install/px4_msgs/local/lib/python3.10/dist-packages/px4_msgs/msg/_ping.py\n'}
[6.519297] (px4_msgs) StdoutLine: {'line': b'-- Up-to-date: /home/giromi/Repos/VTOL/ws_sensor_combined_src/install/px4_msgs/local/lib/python3.10/dist-packages/px4_msgs/msg/_input_rc.py\n'}
[6.519358] (px4_msgs) StdoutLine: {'line': b'-- Up-to-date: /home/giromi/Repos/VTOL/ws_sensor_combined_src/install/px4_msgs/local/lib/python3.10/dist-packages/px4_msgs/msg/_esc_status_s.c\n'}
[6.519413] (px4_msgs) StdoutLine: {'line': b'-- Up-to-date: /home/giromi/Repos/VTOL/ws_sensor_combined_src/install/px4_msgs/local/lib/python3.10/dist-packages/px4_msgs/msg/_generator_status_s.c\n'}
[6.519529] (px4_msgs) StdoutLine: {'line': b'-- Up-to-date: /home/giromi/Repos/VTOL/ws_sensor_combined_src/install/px4_msgs/local/lib/python3.10/dist-packages/px4_msgs/msg/_event_s.c\n'}
[6.519585] (px4_msgs) StdoutLine: {'line': b'-- Up-to-date: /home/giromi/Repos/VTOL/ws_sensor_combined_src/install/px4_msgs/local/lib/python3.10/dist-packages/px4_msgs/msg/_airspeed_wind.py\n'}
[6.519639] (px4_msgs) StdoutLine: {'line': b'-- Up-to-date: /home/giromi/Repos/VTOL/ws_sensor_combined_src/install/px4_msgs/local/lib/python3.10/dist-packages/px4_msgs/msg/_register_ext_component_request.py\n'}
[6.519694] (px4_msgs) StdoutLine: {'line': b'-- Up-to-date: /home/giromi/Repos/VTOL/ws_sensor_combined_src/install/px4_msgs/local/lib/python3.10/dist-packages/px4_msgs/msg/_vehicle_thrust_setpoint_s.c\n'}
[6.519759] (px4_msgs) StdoutLine: {'line': b'-- Up-to-date: /home/giromi/Repos/VTOL/ws_sensor_combined_src/install/px4_msgs/local/lib/python3.10/dist-packages/px4_msgs/msg/_vehicle_land_detected_s.c\n'}
[6.519873] (px4_msgs) StdoutLine: {'line': b'-- Up-to-date: /home/giromi/Repos/VTOL/ws_sensor_combined_src/install/px4_msgs/local/lib/python3.10/dist-packages/px4_msgs/msg/_trajectory_waypoint_s.c\n'}
[6.519928] (px4_msgs) StdoutLine: {'line': b'-- Up-to-date: /home/giromi/Repos/VTOL/ws_sensor_combined_src/install/px4_msgs/local/lib/python3.10/dist-packages/px4_msgs/msg/_gimbal_manager_status_s.c\n'}
[6.519982] (px4_msgs) StdoutLine: {'line': b'-- Up-to-date: /home/giromi/Repos/VTOL/ws_sensor_combined_src/install/px4_msgs/local/lib/python3.10/dist-packages/px4_msgs/msg/_config_overrides_s.c\n'}
[6.520036] (px4_msgs) StdoutLine: {'line': b'-- Up-to-date: /home/giromi/Repos/VTOL/ws_sensor_combined_src/install/px4_msgs/local/lib/python3.10/dist-packages/px4_msgs/msg/_sensor_baro.py\n'}
[6.520090] (px4_msgs) StdoutLine: {'line': b'-- Up-to-date: /home/giromi/Repos/VTOL/ws_sensor_combined_src/install/px4_msgs/local/lib/python3.10/dist-packages/px4_msgs/msg/_vehicle_command_ack_s.c\n'}
[6.520163] (px4_msgs) StdoutLine: {'line': b'-- Up-to-date: /home/giromi/Repos/VTOL/ws_sensor_combined_src/install/px4_msgs/local/lib/python3.10/dist-packages/px4_msgs/msg/_landing_target_pose_s.c\n'}
[6.520260] (px4_msgs) StdoutLine: {'line': b'-- Up-to-date: /home/giromi/Repos/VTOL/ws_sensor_combined_src/install/px4_msgs/local/lib/python3.10/dist-packages/px4_msgs/msg/_actuator_test.py\n'}
[6.520315] (px4_msgs) StdoutLine: {'line': b'-- Up-to-date: /home/giromi/Repos/VTOL/ws_sensor_combined_src/install/px4_msgs/local/lib/python3.10/dist-packages/px4_msgs/msg/_gpio_out.py\n'}
[6.520369] (px4_msgs) StdoutLine: {'line': b'-- Up-to-date: /home/giromi/Repos/VTOL/ws_sensor_combined_src/install/px4_msgs/local/lib/python3.10/dist-packages/px4_msgs/msg/_vehicle_global_position.py\n'}
[6.520423] (px4_msgs) StdoutLine: {'line': b'-- Up-to-date: /home/giromi/Repos/VTOL/ws_sensor_combined_src/install/px4_msgs/local/lib/python3.10/dist-packages/px4_msgs/msg/_vehicle_global_position_s.c\n'}
[6.520477] (px4_msgs) StdoutLine: {'line': b'-- Up-to-date: /home/giromi/Repos/VTOL/ws_sensor_combined_src/install/px4_msgs/local/lib/python3.10/dist-packages/px4_msgs/msg/_actuator_armed_s.c\n'}
[6.520588] (px4_msgs) StdoutLine: {'line': b'-- Up-to-date: /home/giromi/Repos/VTOL/ws_sensor_combined_src/install/px4_msgs/local/lib/python3.10/dist-packages/px4_msgs/msg/_gpio_request.py\n'}
[6.520657] (px4_msgs) StdoutLine: {'line': b'-- Up-to-date: /home/giromi/Repos/VTOL/ws_sensor_combined_src/install/px4_msgs/local/lib/python3.10/dist-packages/px4_msgs/msg/_vehicle_torque_setpoint.py\n'}
[6.520712] (px4_msgs) StdoutLine: {'line': b'-- Up-to-date: /home/giromi/Repos/VTOL/ws_sensor_combined_src/install/px4_msgs/local/lib/python3.10/dist-packages/px4_msgs/msg/_vehicle_local_position.py\n'}
[6.520767] (px4_msgs) StdoutLine: {'line': b'-- Up-to-date: /home/giromi/Repos/VTOL/ws_sensor_combined_src/install/px4_msgs/local/lib/python3.10/dist-packages/px4_msgs/msg/_dataman_request_s.c\n'}
[6.520821] (px4_msgs) StdoutLine: {'line': b'-- Up-to-date: /home/giromi/Repos/VTOL/ws_sensor_combined_src/install/px4_msgs/local/lib/python3.10/dist-packages/px4_msgs/msg/_esc_report.py\n'}
[6.520875] (px4_msgs) StdoutLine: {'line': b'-- Up-to-date: /home/giromi/Repos/VTOL/ws_sensor_combined_src/install/px4_msgs/local/lib/python3.10/dist-packages/px4_msgs/msg/_internal_combustion_engine_status_s.c\n'}
[6.520950] (px4_msgs) StdoutLine: {'line': b'-- Up-to-date: /home/giromi/Repos/VTOL/ws_sensor_combined_src/install/px4_msgs/local/lib/python3.10/dist-packages/px4_msgs/msg/_vehicle_attitude.py\n'}
[6.521040] (px4_msgs) StdoutLine: {'line': b'-- Up-to-date: /home/giromi/Repos/VTOL/ws_sensor_combined_src/install/px4_msgs/local/lib/python3.10/dist-packages/px4_msgs/msg/_estimator_status.py\n'}
[6.521098] (px4_msgs) StdoutLine: {'line': b'-- Up-to-date: /home/giromi/Repos/VTOL/ws_sensor_combined_src/install/px4_msgs/local/lib/python3.10/dist-packages/px4_msgs/msg/_gimbal_device_attitude_status.py\n'}
[6.521154] (px4_msgs) StdoutLine: {'line': b'-- Up-to-date: /home/giromi/Repos/VTOL/ws_sensor_combined_src/install/px4_msgs/local/lib/python3.10/dist-packages/px4_msgs/msg/_landing_gear_wheel.py\n'}
[6.521210] (px4_msgs) StdoutLine: {'line': b'-- Up-to-date: /home/giromi/Repos/VTOL/ws_sensor_combined_src/install/px4_msgs/local/lib/python3.10/dist-packages/px4_msgs/msg/_esc_report_s.c\n'}
[6.521267] (px4_msgs) StdoutLine: {'line': b'-- Up-to-date: /home/giromi/Repos/VTOL/ws_sensor_combined_src/install/px4_msgs/local/lib/python3.10/dist-packages/px4_msgs/msg/_wind_s.c\n'}
[6.521322] (px4_msgs) StdoutLine: {'line': b'-- Up-to-date: /home/giromi/Repos/VTOL/ws_sensor_combined_src/install/px4_msgs/local/lib/python3.10/dist-packages/px4_msgs/msg/_sensor_selection_s.c\n'}
[6.521378] (px4_msgs) StdoutLine: {'line': b'-- Up-to-date: /home/giromi/Repos/VTOL/ws_sensor_combined_src/install/px4_msgs/local/lib/python3.10/dist-packages/px4_msgs/msg/_gps_dump.py\n'}
[6.521434] (px4_msgs) StdoutLine: {'line': b'-- Up-to-date: /home/giromi/Repos/VTOL/ws_sensor_combined_src/install/px4_msgs/local/lib/python3.10/dist-packages/px4_msgs/msg/_collision_report_s.c\n'}
[6.521540] (px4_msgs) StdoutLine: {'line': b'-- Up-to-date: /home/giromi/Repos/VTOL/ws_sensor_combined_src/install/px4_msgs/local/lib/python3.10/dist-packages/px4_msgs/msg/_position_controller_status.py\n'}
[6.521612] (px4_msgs) StdoutLine: {'line': b'-- Up-to-date: /home/giromi/Repos/VTOL/ws_sensor_combined_src/install/px4_msgs/local/lib/python3.10/dist-packages/px4_msgs/msg/_vehicle_magnetometer.py\n'}
[6.521668] (px4_msgs) StdoutLine: {'line': b'-- Up-to-date: /home/giromi/Repos/VTOL/ws_sensor_combined_src/install/px4_msgs/local/lib/python3.10/dist-packages/px4_msgs/msg/_cellular_status_s.c\n'}
[6.521723] (px4_msgs) StdoutLine: {'line': b'-- Up-to-date: /home/giromi/Repos/VTOL/ws_sensor_combined_src/install/px4_msgs/local/lib/python3.10/dist-packages/px4_msgs/msg/_sensor_airflow_s.c\n'}
[6.521778] (px4_msgs) StdoutLine: {'line': b'-- Up-to-date: /home/giromi/Repos/VTOL/ws_sensor_combined_src/install/px4_msgs/local/lib/python3.10/dist-packages/px4_msgs/msg/_onboard_computer_status_s.c\n'}
[6.521865] (px4_msgs) StdoutLine: {'line': b'-- Up-to-date: /home/giromi/Repos/VTOL/ws_sensor_combined_src/install/px4_msgs/local/lib/python3.10/dist-packages/px4_msgs/msg/_debug_key_value.py\n'}
[6.521927] (px4_msgs) StdoutLine: {'line': b'-- Up-to-date: /home/giromi/Repos/VTOL/ws_sensor_combined_src/install/px4_msgs/local/lib/python3.10/dist-packages/px4_msgs/msg/_sensor_gyro.py\n'}
[6.521981] (px4_msgs) StdoutLine: {'line': b'-- Up-to-date: /home/giromi/Repos/VTOL/ws_sensor_combined_src/install/px4_msgs/local/lib/python3.10/dist-packages/px4_msgs/msg/_vehicle_rates_setpoint.py\n'}
[6.522036] (px4_msgs) StdoutLine: {'line': b'-- Up-to-date: /home/giromi/Repos/VTOL/ws_sensor_combined_src/install/px4_msgs/local/lib/python3.10/dist-packages/px4_msgs/msg/_wheel_encoders_s.c\n'}
[6.522089] (px4_msgs) StdoutLine: {'line': b'-- Up-to-date: /home/giromi/Repos/VTOL/ws_sensor_combined_src/install/px4_msgs/local/lib/python3.10/dist-packages/px4_msgs/msg/_mode_completed_s.c\n'}
[6.522143] (px4_msgs) StdoutLine: {'line': b'-- Up-to-date: /home/giromi/Repos/VTOL/ws_sensor_combined_src/install/px4_msgs/local/lib/python3.10/dist-packages/px4_msgs/msg/_magnetometer_bias_estimate.py\n'}
[6.522267] (px4_msgs) StdoutLine: {'line': b'-- Up-to-date: /home/giromi/Repos/VTOL/ws_sensor_combined_src/install/px4_msgs/local/lib/python3.10/dist-packages/px4_msgs/msg/_transponder_report.py\n'}
[6.522323] (px4_msgs) StdoutLine: {'line': b'-- Up-to-date: /home/giromi/Repos/VTOL/ws_sensor_combined_src/install/px4_msgs/local/lib/python3.10/dist-packages/px4_msgs/msg/_sensor_gnss_relative.py\n'}
[6.522377] (px4_msgs) StdoutLine: {'line': b'-- Up-to-date: /home/giromi/Repos/VTOL/ws_sensor_combined_src/install/px4_msgs/local/lib/python3.10/dist-packages/px4_msgs/msg/_led_control_s.c\n'}
[6.522432] (px4_msgs) StdoutLine: {'line': b'-- Up-to-date: /home/giromi/Repos/VTOL/ws_sensor_combined_src/install/px4_msgs/local/lib/python3.10/dist-packages/px4_msgs/msg/_event.py\n'}
[6.522486] (px4_msgs) StdoutLine: {'line': b'-- Up-to-date: /home/giromi/Repos/VTOL/ws_sensor_combined_src/install/px4_msgs/local/lib/python3.10/dist-packages/px4_msgs/msg/_sensor_gyro_fifo.py\n'}
[6.522539] (px4_msgs) StdoutLine: {'line': b'-- Up-to-date: /home/giromi/Repos/VTOL/ws_sensor_combined_src/install/px4_msgs/local/lib/python3.10/dist-packages/px4_msgs/msg/_px4io_status.py\n'}
[6.522639] (px4_msgs) StdoutLine: {'line': b'-- Up-to-date: /home/giromi/Repos/VTOL/ws_sensor_combined_src/install/px4_msgs/local/lib/python3.10/dist-packages/px4_msgs/msg/_actuator_servos_trim_s.c\n'}
[6.522714] (px4_msgs) StdoutLine: {'line': b'-- Up-to-date: /home/giromi/Repos/VTOL/ws_sensor_combined_src/install/px4_msgs/local/lib/python3.10/dist-packages/px4_msgs/msg/_gpio_config_s.c\n'}
[6.522770] (px4_msgs) StdoutLine: {'line': b'-- Up-to-date: /home/giromi/Repos/VTOL/ws_sensor_combined_src/install/px4_msgs/local/lib/python3.10/dist-packages/px4_msgs/msg/_debug_key_value_s.c\n'}
[6.522824] (px4_msgs) StdoutLine: {'line': b'-- Up-to-date: /home/giromi/Repos/VTOL/ws_sensor_combined_src/install/px4_msgs/local/lib/python3.10/dist-packages/px4_msgs/msg/_rate_ctrl_status.py\n'}
[6.522878] (px4_msgs) StdoutLine: {'line': b'-- Up-to-date: /home/giromi/Repos/VTOL/ws_sensor_combined_src/install/px4_msgs/local/lib/python3.10/dist-packages/px4_msgs/msg/_input_rc_s.c\n'}
[6.522932] (px4_msgs) StdoutLine: {'line': b'-- Up-to-date: /home/giromi/Repos/VTOL/ws_sensor_combined_src/install/px4_msgs/local/lib/python3.10/dist-packages/px4_msgs/msg/_vehicle_local_position_s.c\n'}
[6.522987] (px4_msgs) StdoutLine: {'line': b'-- Up-to-date: /home/giromi/Repos/VTOL/ws_sensor_combined_src/install/px4_msgs/local/lib/python3.10/dist-packages/px4_msgs/msg/_failure_detector_status.py\n'}
[6.523041] (px4_msgs) StdoutLine: {'line': b'-- Up-to-date: /home/giromi/Repos/VTOL/ws_sensor_combined_src/install/px4_msgs/local/lib/python3.10/dist-packages/px4_msgs/msg/_logger_status.py\n'}
[6.523095] (px4_msgs) StdoutLine: {'line': b'-- Up-to-date: /home/giromi/Repos/VTOL/ws_sensor_combined_src/install/px4_msgs/local/lib/python3.10/dist-packages/px4_msgs/msg/_position_controller_landing_status.py\n'}
[6.523191] (px4_msgs) StdoutLine: {'line': b'-- Up-to-date: /home/giromi/Repos/VTOL/ws_sensor_combined_src/install/px4_msgs/local/lib/python3.10/dist-packages/px4_msgs/msg/_camera_status_s.c\n'}
[6.523271] (px4_msgs) StdoutLine: {'line': b'-- Up-to-date: /home/giromi/Repos/VTOL/ws_sensor_combined_src/install/px4_msgs/local/lib/python3.10/dist-packages/px4_msgs/msg/_vehicle_optical_flow_vel.py\n'}
[6.523325] (px4_msgs) StdoutLine: {'line': b'-- Up-to-date: /home/giromi/Repos/VTOL/ws_sensor_combined_src/install/px4_msgs/local/lib/python3.10/dist-packages/px4_msgs/msg/_vehicle_imu_status_s.c\n'}
[6.523379] (px4_msgs) StdoutLine: {'line': b'-- Up-to-date: /home/giromi/Repos/VTOL/ws_sensor_combined_src/install/px4_msgs/local/lib/python3.10/dist-packages/px4_msgs/msg/_transponder_report_s.c\n'}
[6.523433] (px4_msgs) StdoutLine: {'line': b'-- Up-to-date: /home/giromi/Repos/VTOL/ws_sensor_combined_src/install/px4_msgs/local/lib/python3.10/dist-packages/px4_msgs/msg/_trajectory_waypoint.py\n'}
[6.523535] (px4_msgs) StdoutLine: {'line': b'-- Up-to-date: /home/giromi/Repos/VTOL/ws_sensor_combined_src/install/px4_msgs/local/lib/python3.10/dist-packages/px4_msgs/msg/_gpio_in.py\n'}
[6.523658] (px4_msgs) StdoutLine: {'line': b'-- Up-to-date: /home/giromi/Repos/VTOL/ws_sensor_combined_src/install/px4_msgs/local/lib/python3.10/dist-packages/px4_msgs/msg/_dataman_response_s.c\n'}
[6.523726] (px4_msgs) StdoutLine: {'line': b'-- Up-to-date: /home/giromi/Repos/VTOL/ws_sensor_combined_src/install/px4_msgs/local/lib/python3.10/dist-packages/px4_msgs/msg/_vehicle_angular_velocity.py\n'}
[6.523781] (px4_msgs) StdoutLine: {'line': b'-- Up-to-date: /home/giromi/Repos/VTOL/ws_sensor_combined_src/install/px4_msgs/local/lib/python3.10/dist-packages/px4_msgs/msg/_parameter_update_s.c\n'}
[6.523836] (px4_msgs) StdoutLine: {'line': b'-- Up-to-date: /home/giromi/Repos/VTOL/ws_sensor_combined_src/install/px4_msgs/local/lib/python3.10/dist-packages/px4_msgs/msg/_iridiumsbd_status.py\n'}
[6.523890] (px4_msgs) StdoutLine: {'line': b'-- Up-to-date: /home/giromi/Repos/VTOL/ws_sensor_combined_src/install/px4_msgs/local/lib/python3.10/dist-packages/px4_msgs/msg/_telemetry_status.py\n'}
[6.524013] (px4_msgs) StdoutLine: {'line': b'-- Up-to-date: /home/giromi/Repos/VTOL/ws_sensor_combined_src/install/px4_msgs/local/lib/python3.10/dist-packages/px4_msgs/msg/_vehicle_trajectory_bezier.py\n'}
[6.524069] (px4_msgs) StdoutLine: {'line': b'-- Up-to-date: /home/giromi/Repos/VTOL/ws_sensor_combined_src/install/px4_msgs/local/lib/python3.10/dist-packages/px4_msgs/msg/_follow_target_status_s.c\n'}
[6.524123] (px4_msgs) StdoutLine: {'line': b'-- Up-to-date: /home/giromi/Repos/VTOL/ws_sensor_combined_src/install/px4_msgs/local/lib/python3.10/dist-packages/px4_msgs/msg/_sensor_accel.py\n'}
[6.524177] (px4_msgs) StdoutLine: {'line': b'-- Up-to-date: /home/giromi/Repos/VTOL/ws_sensor_combined_src/install/px4_msgs/local/lib/python3.10/dist-packages/px4_msgs/msg/_radio_status.py\n'}
[6.524231] (px4_msgs) StdoutLine: {'line': b'-- Up-to-date: /home/giromi/Repos/VTOL/ws_sensor_combined_src/install/px4_msgs/local/lib/python3.10/dist-packages/px4_msgs/msg/_ping_s.c\n'}
[6.524285] (px4_msgs) StdoutLine: {'line': b'-- Up-to-date: /home/giromi/Repos/VTOL/ws_sensor_combined_src/install/px4_msgs/local/lib/python3.10/dist-packages/px4_msgs/msg/_actuator_outputs_s.c\n'}
[6.524357] (px4_msgs) StdoutLine: {'line': b'-- Up-to-date: /home/giromi/Repos/VTOL/ws_sensor_combined_src/install/px4_msgs/local/lib/python3.10/dist-packages/px4_msgs/msg/_estimator_gps_status.py\n'}
[6.524462] (px4_msgs) StdoutLine: {'line': b'-- Up-to-date: /home/giromi/Repos/VTOL/ws_sensor_combined_src/install/px4_msgs/local/lib/python3.10/dist-packages/px4_msgs/msg/_airspeed.py\n'}
[6.524517] (px4_msgs) StdoutLine: {'line': b'-- Up-to-date: /home/giromi/Repos/VTOL/ws_sensor_combined_src/install/px4_msgs/local/lib/python3.10/dist-packages/px4_msgs/msg/_sensor_optical_flow.py\n'}
[6.524570] (px4_msgs) StdoutLine: {'line': b'-- Up-to-date: /home/giromi/Repos/VTOL/ws_sensor_combined_src/install/px4_msgs/local/lib/python3.10/dist-packages/px4_msgs/msg/_gimbal_device_attitude_status_s.c\n'}
[6.524629] (px4_msgs) StdoutLine: {'line': b'-- Up-to-date: /home/giromi/Repos/VTOL/ws_sensor_combined_src/install/px4_msgs/local/lib/python3.10/dist-packages/px4_msgs/msg/_debug_value_s.c\n'}
[6.524683] (px4_msgs) StdoutLine: {'line': b'-- Up-to-date: /home/giromi/Repos/VTOL/ws_sensor_combined_src/install/px4_msgs/local/lib/python3.10/dist-packages/px4_msgs/msg/_vehicle_attitude_s.c\n'}
[6.524737] (px4_msgs) StdoutLine: {'line': b'-- Up-to-date: /home/giromi/Repos/VTOL/ws_sensor_combined_src/install/px4_msgs/local/lib/python3.10/dist-packages/px4_msgs/msg/_estimator_bias_s.c\n'}
[6.524790] (px4_msgs) StdoutLine: {'line': b'-- Up-to-date: /home/giromi/Repos/VTOL/ws_sensor_combined_src/install/px4_msgs/local/lib/python3.10/dist-packages/px4_msgs/msg/_unregister_ext_component.py\n'}
[6.524844] (px4_msgs) StdoutLine: {'line': b'-- Up-to-date: /home/giromi/Repos/VTOL/ws_sensor_combined_src/install/px4_msgs/local/lib/python3.10/dist-packages/px4_msgs/msg/_trajectory_bezier.py\n'}
[6.524918] (px4_msgs) StdoutLine: {'line': b'-- Up-to-date: /home/giromi/Repos/VTOL/ws_sensor_combined_src/install/px4_msgs/local/lib/python3.10/dist-packages/px4_msgs/msg/_distance_sensor_s.c\n'}
[6.525020] (px4_msgs) StdoutLine: {'line': b'-- Up-to-date: /home/giromi/Repos/VTOL/ws_sensor_combined_src/install/px4_msgs/local/lib/python3.10/dist-packages/px4_msgs/msg/_estimator_innovations_s.c\n'}
[6.525075] (px4_msgs) StdoutLine: {'line': b'-- Up-to-date: /home/giromi/Repos/VTOL/ws_sensor_combined_src/install/px4_msgs/local/lib/python3.10/dist-packages/px4_msgs/msg/_follow_target_estimator.py\n'}
[6.525139] (px4_msgs) StdoutLine: {'line': b'-- Up-to-date: /home/giromi/Repos/VTOL/ws_sensor_combined_src/install/px4_msgs/local/lib/python3.10/dist-packages/px4_msgs/msg/_vehicle_status_s.c\n'}
[6.525192] (px4_msgs) StdoutLine: {'line': b'-- Up-to-date: /home/giromi/Repos/VTOL/ws_sensor_combined_src/install/px4_msgs/local/lib/python3.10/dist-packages/px4_msgs/msg/_qshell_retval.py\n'}
[6.525264] (px4_msgs) StdoutLine: {'line': b'-- Up-to-date: /home/giromi/Repos/VTOL/ws_sensor_combined_src/install/px4_msgs/local/lib/python3.10/dist-packages/px4_msgs/msg/_action_request_s.c\n'}
[6.525352] (px4_msgs) StdoutLine: {'line': b'-- Up-to-date: /home/giromi/Repos/VTOL/ws_sensor_combined_src/install/px4_msgs/local/lib/python3.10/dist-packages/px4_msgs/msg/_cpuload.py\n'}
[6.525407] (px4_msgs) StdoutLine: {'line': b'-- Up-to-date: /home/giromi/Repos/VTOL/ws_sensor_combined_src/install/px4_msgs/local/lib/python3.10/dist-packages/px4_msgs/msg/_health_report_s.c\n'}
[6.525463] (px4_msgs) StdoutLine: {'line': b'-- Up-to-date: /home/giromi/Repos/VTOL/ws_sensor_combined_src/install/px4_msgs/local/lib/python3.10/dist-packages/px4_msgs/msg/_sensor_gyro_fifo_s.c\n'}
[6.525518] (px4_msgs) StdoutLine: {'line': b'-- Up-to-date: /home/giromi/Repos/VTOL/ws_sensor_combined_src/install/px4_msgs/local/lib/python3.10/dist-packages/px4_msgs/msg/_qshell_req_s.c\n'}
[6.525574] (px4_msgs) StdoutLine: {'line': b'-- Up-to-date: /home/giromi/Repos/VTOL/ws_sensor_combined_src/install/px4_msgs/local/lib/python3.10/dist-packages/px4_msgs/msg/_rc_parameter_map.py\n'}
[6.525651] (px4_msgs) StdoutLine: {'line': b'-- Up-to-date: /home/giromi/Repos/VTOL/ws_sensor_combined_src/install/px4_msgs/local/lib/python3.10/dist-packages/px4_msgs/msg/_actuator_servos_s.c\n'}
[6.525708] (px4_msgs) StdoutLine: {'line': b'-- Up-to-date: /home/giromi/Repos/VTOL/ws_sensor_combined_src/install/px4_msgs/local/lib/python3.10/dist-packages/px4_msgs/msg/_adc_report_s.c\n'}
[6.525763] (px4_msgs) StdoutLine: {'line': b'-- Up-to-date: /home/giromi/Repos/VTOL/ws_sensor_combined_src/install/px4_msgs/local/lib/python3.10/dist-packages/px4_msgs/msg/_vehicle_optical_flow.py\n'}
[6.525819] (px4_msgs) StdoutLine: {'line': b'-- Up-to-date: /home/giromi/Repos/VTOL/ws_sensor_combined_src/install/px4_msgs/local/lib/python3.10/dist-packages/px4_msgs/msg/_sensor_mag_s.c\n'}
[6.525874] (px4_msgs) StdoutLine: {'line': b'-- Up-to-date: /home/giromi/Repos/VTOL/ws_sensor_combined_src/install/px4_msgs/local/lib/python3.10/dist-packages/px4_msgs/msg/_trajectory_setpoint_s.c\n'}
[6.525936] (px4_msgs) StdoutLine: {'line': b'-- Up-to-date: /home/giromi/Repos/VTOL/ws_sensor_combined_src/install/px4_msgs/local/lib/python3.10/dist-packages/px4_msgs/msg/_mode_completed.py\n'}
[6.525992] (px4_msgs) StdoutLine: {'line': b'-- Up-to-date: /home/giromi/Repos/VTOL/ws_sensor_combined_src/install/px4_msgs/local/lib/python3.10/dist-packages/px4_msgs/msg/_landing_gear_wheel_s.c\n'}
[6.526076] (px4_msgs) StdoutLine: {'line': b'-- Up-to-date: /home/giromi/Repos/VTOL/ws_sensor_combined_src/install/px4_msgs/local/lib/python3.10/dist-packages/px4_msgs/msg/_gimbal_controls_s.c\n'}
[6.526135] (px4_msgs) StdoutLine: {'line': b'-- Up-to-date: /home/giromi/Repos/VTOL/ws_sensor_combined_src/install/px4_msgs/local/lib/python3.10/dist-packages/px4_msgs/msg/_vehicle_control_mode.py\n'}
[6.526191] (px4_msgs) StdoutLine: {'line': b'-- Up-to-date: /home/giromi/Repos/VTOL/ws_sensor_combined_src/install/px4_msgs/local/lib/python3.10/dist-packages/px4_msgs/msg/_vehicle_attitude_setpoint.py\n'}
[6.526246] (px4_msgs) StdoutLine: {'line': b'-- Up-to-date: /home/giromi/Repos/VTOL/ws_sensor_combined_src/install/px4_msgs/local/lib/python3.10/dist-packages/px4_msgs/msg/_button_event_s.c\n'}
[6.526301] (px4_msgs) StdoutLine: {'line': b'-- Up-to-date: /home/giromi/Repos/VTOL/ws_sensor_combined_src/install/px4_msgs/local/lib/python3.10/dist-packages/px4_msgs/msg/_uavcan_parameter_value.py\n'}
[6.526356] (px4_msgs) StdoutLine: {'line': b'-- Up-to-date: /home/giromi/Repos/VTOL/ws_sensor_combined_src/install/px4_msgs/local/lib/python3.10/dist-packages/px4_msgs/msg/_gripper_s.c\n'}
[6.526411] (px4_msgs) StdoutLine: {'line': b'-- Up-to-date: /home/giromi/Repos/VTOL/ws_sensor_combined_src/install/px4_msgs/local/lib/python3.10/dist-packages/px4_msgs/msg/_config_overrides.py\n'}
[6.526466] (px4_msgs) StdoutLine: {'line': b'-- Up-to-date: /home/giromi/Repos/VTOL/ws_sensor_combined_src/install/px4_msgs/local/lib/python3.10/dist-packages/px4_msgs/msg/_landing_gear_s.c\n'}
[6.526520] (px4_msgs) StdoutLine: {'line': b'-- Up-to-date: /home/giromi/Repos/VTOL/ws_sensor_combined_src/install/px4_msgs/local/lib/python3.10/dist-packages/px4_msgs/msg/_tiltrotor_extra_controls.py\n'}
[6.526575] (px4_msgs) StdoutLine: {'line': b'-- Up-to-date: /home/giromi/Repos/VTOL/ws_sensor_combined_src/install/px4_msgs/local/lib/python3.10/dist-packages/px4_msgs/msg/_rpm.py\n'}
[6.526665] (px4_msgs) StdoutLine: {'line': b'-- Up-to-date: /home/giromi/Repos/VTOL/ws_sensor_combined_src/install/px4_msgs/local/lib/python3.10/dist-packages/px4_msgs/msg/_qshell_req.py\n'}
[6.526718] (px4_msgs) StdoutLine: {'line': b'-- Up-to-date: /home/giromi/Repos/VTOL/ws_sensor_combined_src/install/px4_msgs/local/lib/python3.10/dist-packages/px4_msgs/msg/_vehicle_roi.py\n'}
[6.526772] (px4_msgs) StdoutLine: {'line': b'-- Up-to-date: /home/giromi/Repos/VTOL/ws_sensor_combined_src/install/px4_msgs/local/lib/python3.10/dist-packages/px4_msgs/msg/_gps_dump_s.c\n'}
[6.526833] (px4_msgs) StdoutLine: {'line': b'-- Up-to-date: /home/giromi/Repos/VTOL/ws_sensor_combined_src/install/px4_msgs/local/lib/python3.10/dist-packages/px4_msgs/msg/_airspeed_validated.py\n'}
[6.526887] (px4_msgs) StdoutLine: {'line': b'-- Up-to-date: /home/giromi/Repos/VTOL/ws_sensor_combined_src/install/px4_msgs/local/lib/python3.10/dist-packages/px4_msgs/msg/_arming_check_reply_s.c\n'}
[6.526960] (px4_msgs) StdoutLine: {'line': b'-- Up-to-date: /home/giromi/Repos/VTOL/ws_sensor_combined_src/install/px4_msgs/local/lib/python3.10/dist-packages/px4_msgs/msg/_debug_value.py\n'}
[6.527029] (px4_msgs) StdoutLine: {'line': b'-- Up-to-date: /home/giromi/Repos/VTOL/ws_sensor_combined_src/install/px4_msgs/local/lib/python3.10/dist-packages/px4_msgs/msg/_sensor_gnss_relative_s.c\n'}
[6.527082] (px4_msgs) StdoutLine: {'line': b'-- Up-to-date: /home/giromi/Repos/VTOL/ws_sensor_combined_src/install/px4_msgs/local/lib/python3.10/dist-packages/px4_msgs/msg/_gimbal_device_information_s.c\n'}
[6.527137] (px4_msgs) StdoutLine: {'line': b'-- Up-to-date: /home/giromi/Repos/VTOL/ws_sensor_combined_src/install/px4_msgs/local/lib/python3.10/dist-packages/px4_msgs/msg/_ulog_stream_ack.py\n'}
[6.527261] (px4_msgs) StdoutLine: {'line': b'-- Up-to-date: /home/giromi/Repos/VTOL/ws_sensor_combined_src/install/px4_msgs/local/lib/python3.10/dist-packages/px4_msgs/msg/_vehicle_magnetometer_s.c\n'}
[6.527334] (px4_msgs) StdoutLine: {'line': b'-- Up-to-date: /home/giromi/Repos/VTOL/ws_sensor_combined_src/install/px4_msgs/local/lib/python3.10/dist-packages/px4_msgs/msg/_tune_control.py\n'}
[6.527422] (px4_msgs) StdoutLine: {'line': b'-- Up-to-date: /home/giromi/Repos/VTOL/ws_sensor_combined_src/install/px4_msgs/local/lib/python3.10/dist-packages/px4_msgs/msg/_launch_detection_status.py\n'}
[6.527533] (px4_msgs) StdoutLine: {'line': b'-- Up-to-date: /home/giromi/Repos/VTOL/ws_sensor_combined_src/install/px4_msgs/local/lib/python3.10/dist-packages/px4_msgs/msg/_position_controller_status_s.c\n'}
[6.527589] (px4_msgs) StdoutLine: {'line': b'-- Up-to-date: /home/giromi/Repos/VTOL/ws_sensor_combined_src/install/px4_msgs/local/lib/python3.10/dist-packages/px4_msgs/msg/_message_format_request.py\n'}
[6.527643] (px4_msgs) StdoutLine: {'line': b'-- Up-to-date: /home/giromi/Repos/VTOL/ws_sensor_combined_src/install/px4_msgs/local/lib/python3.10/dist-packages/px4_msgs/msg/_offboard_control_mode_s.c\n'}
[6.527698] (px4_msgs) StdoutLine: {'line': b'-- Up-to-date: /home/giromi/Repos/VTOL/ws_sensor_combined_src/install/px4_msgs/local/lib/python3.10/dist-packages/px4_msgs/msg/_vehicle_odometry_s.c\n'}
[6.527756] (px4_msgs) StdoutLine: {'line': b'-- Up-to-date: /home/giromi/Repos/VTOL/ws_sensor_combined_src/install/px4_msgs/local/lib/python3.10/dist-packages/px4_msgs/msg/_sensors_status_s.c\n'}
[6.527811] (px4_msgs) StdoutLine: {'line': b'-- Up-to-date: /home/giromi/Repos/VTOL/ws_sensor_combined_src/install/px4_msgs/local/lib/python3.10/dist-packages/px4_msgs/msg/_parameter_update.py\n'}
[6.527865] (px4_msgs) StdoutLine: {'line': b'-- Up-to-date: /home/giromi/Repos/VTOL/ws_sensor_combined_src/install/px4_msgs/local/lib/python3.10/dist-packages/px4_msgs/msg/_message_format_request_s.c\n'}
[6.527919] (px4_msgs) StdoutLine: {'line': b'-- Up-to-date: /home/giromi/Repos/VTOL/ws_sensor_combined_src/install/px4_msgs/local/lib/python3.10/dist-packages/px4_msgs/msg/_airspeed_s.c\n'}
[6.527973] (px4_msgs) StdoutLine: {'line': b'-- Up-to-date: /home/giromi/Repos/VTOL/ws_sensor_combined_src/install/px4_msgs/local/lib/python3.10/dist-packages/px4_msgs/msg/_control_allocator_status_s.c\n'}
[6.528077] (px4_msgs) StdoutLine: {'line': b'-- Up-to-date: /home/giromi/Repos/VTOL/ws_sensor_combined_src/install/px4_msgs/local/lib/python3.10/dist-packages/px4_msgs/msg/_sensor_preflight_mag.py\n'}
[6.528146] (px4_msgs) StdoutLine: {'line': b'-- Up-to-date: /home/giromi/Repos/VTOL/ws_sensor_combined_src/install/px4_msgs/local/lib/python3.10/dist-packages/px4_msgs/msg/_debug_array_s.c\n'}
[6.528200] (px4_msgs) StdoutLine: {'line': b'-- Up-to-date: /home/giromi/Repos/VTOL/ws_sensor_combined_src/install/px4_msgs/local/lib/python3.10/dist-packages/px4_msgs/msg/_offboard_control_mode.py\n'}
[6.528254] (px4_msgs) StdoutLine: {'line': b'-- Up-to-date: /home/giromi/Repos/VTOL/ws_sensor_combined_src/install/px4_msgs/local/lib/python3.10/dist-packages/px4_msgs/msg/_navigator_mission_item_s.c\n'}
[6.528307] (px4_msgs) StdoutLine: {'line': b'-- Up-to-date: /home/giromi/Repos/VTOL/ws_sensor_combined_src/install/px4_msgs/local/lib/python3.10/dist-packages/px4_msgs/msg/_actuator_controls_status.py\n'}
[6.528361] (px4_msgs) StdoutLine: {'line': b'-- Up-to-date: /home/giromi/Repos/VTOL/ws_sensor_combined_src/install/px4_msgs/local/lib/python3.10/dist-packages/px4_msgs/msg/_arming_check_request.py\n'}
[6.528415] (px4_msgs) StdoutLine: {'line': b'-- Up-to-date: /home/giromi/Repos/VTOL/ws_sensor_combined_src/install/px4_msgs/local/lib/python3.10/dist-packages/px4_msgs/msg/_gimbal_manager_set_manual_control.py\n'}
[6.528469] (px4_msgs) StdoutLine: {'line': b'-- Up-to-date: /home/giromi/Repos/VTOL/ws_sensor_combined_src/install/px4_msgs/local/lib/python3.10/dist-packages/px4_msgs/msg/_onboard_computer_status.py\n'}
[6.528529] (px4_msgs) StdoutLine: {'line': b'-- Up-to-date: /home/giromi/Repos/VTOL/ws_sensor_combined_src/install/px4_msgs/local/lib/python3.10/dist-packages/px4_msgs/msg/_goto_setpoint_s.c\n'}
[6.528651] (px4_msgs) StdoutLine: {'line': b'-- Up-to-date: /home/giromi/Repos/VTOL/ws_sensor_combined_src/install/px4_msgs/local/lib/python3.10/dist-packages/px4_msgs/msg/_adc_report.py\n'}
[6.528707] (px4_msgs) StdoutLine: {'line': b'-- Up-to-date: /home/giromi/Repos/VTOL/ws_sensor_combined_src/install/px4_msgs/local/lib/python3.10/dist-packages/px4_msgs/msg/_estimator_aid_source3d.py\n'}
[6.528761] (px4_msgs) StdoutLine: {'line': b'-- Up-to-date: /home/giromi/Repos/VTOL/ws_sensor_combined_src/install/px4_msgs/local/lib/python3.10/dist-packages/px4_msgs/msg/_manual_control_switches.py\n'}
[6.528816] (px4_msgs) StdoutLine: {'line': b'-- Up-to-date: /home/giromi/Repos/VTOL/ws_sensor_combined_src/install/px4_msgs/local/lib/python3.10/dist-packages/px4_msgs/msg/_gimbal_manager_set_manual_control_s.c\n'}
[6.528871] (px4_msgs) StdoutLine: {'line': b'-- Up-to-date: /home/giromi/Repos/VTOL/ws_sensor_combined_src/install/px4_msgs/local/lib/python3.10/dist-packages/px4_msgs/msg/_rtl_time_estimate.py\n'}
[6.528946] (px4_msgs) StdoutLine: {'line': b'-- Up-to-date: /home/giromi/Repos/VTOL/ws_sensor_combined_src/install/px4_msgs/local/lib/python3.10/dist-packages/px4_msgs/msg/_home_position.py\n'}
[6.529044] (px4_msgs) StdoutLine: {'line': b'-- Up-to-date: /home/giromi/Repos/VTOL/ws_sensor_combined_src/install/px4_msgs/local/lib/python3.10/dist-packages/px4_msgs/msg/_generator_status.py\n'}
[6.529099] (px4_msgs) StdoutLine: {'line': b'-- Up-to-date: /home/giromi/Repos/VTOL/ws_sensor_combined_src/install/px4_msgs/local/lib/python3.10/dist-packages/px4_msgs/msg/_collision_constraints_s.c\n'}
[6.529154] (px4_msgs) StdoutLine: {'line': b'-- Up-to-date: /home/giromi/Repos/VTOL/ws_sensor_combined_src/install/px4_msgs/local/lib/python3.10/dist-packages/px4_msgs/msg/_vehicle_optical_flow_vel_s.c\n'}
[6.529209] (px4_msgs) StdoutLine: {'line': b'-- Up-to-date: /home/giromi/Repos/VTOL/ws_sensor_combined_src/install/px4_msgs/local/lib/python3.10/dist-packages/px4_msgs/msg/_vehicle_local_position_setpoint_s.c\n'}
[6.529378] (px4_msgs) StdoutLine: {'line': b'-- Up-to-date: /home/giromi/Repos/VTOL/ws_sensor_combined_src/install/px4_msgs/local/lib/python3.10/dist-packages/px4_msgs/msg/_gpio_in_s.c\n'}
[6.529450] (px4_msgs) StdoutLine: {'line': b'-- Up-to-date: /home/giromi/Repos/VTOL/ws_sensor_combined_src/install/px4_msgs/local/lib/python3.10/dist-packages/px4_msgs/msg/_tiltrotor_extra_controls_s.c\n'}
[6.529515] (px4_msgs) StdoutLine: {'line': b'-- Up-to-date: /home/giromi/Repos/VTOL/ws_sensor_combined_src/install/px4_msgs/local/lib/python3.10/dist-packages/px4_msgs/msg/_timesync_status_s.c\n'}
[6.529571] (px4_msgs) StdoutLine: {'line': b'-- Up-to-date: /home/giromi/Repos/VTOL/ws_sensor_combined_src/install/px4_msgs/local/lib/python3.10/dist-packages/px4_msgs/msg/_vehicle_optical_flow_s.c\n'}
[6.529625] (px4_msgs) StdoutLine: {'line': b'-- Up-to-date: /home/giromi/Repos/VTOL/ws_sensor_combined_src/install/px4_msgs/local/lib/python3.10/dist-packages/px4_msgs/msg/_pwm_input_s.c\n'}
[6.529679] (px4_msgs) StdoutLine: {'line': b'-- Up-to-date: /home/giromi/Repos/VTOL/ws_sensor_combined_src/install/px4_msgs/local/lib/python3.10/dist-packages/px4_msgs/msg/_heater_status.py\n'}
[6.529778] (px4_msgs) StdoutLine: {'line': b'-- Up-to-date: /home/giromi/Repos/VTOL/ws_sensor_combined_src/install/px4_msgs/local/lib/python3.10/dist-packages/px4_msgs/msg/_vehicle_odometry.py\n'}
[6.529848] (px4_msgs) StdoutLine: {'line': b'-- Up-to-date: /home/giromi/Repos/VTOL/ws_sensor_combined_src/install/px4_msgs/local/lib/python3.10/dist-packages/px4_msgs/msg/_system_power.py\n'}
[6.529901] (px4_msgs) StdoutLine: {'line': b'-- Up-to-date: /home/giromi/Repos/VTOL/ws_sensor_combined_src/install/px4_msgs/local/lib/python3.10/dist-packages/px4_msgs/msg/_landing_target_innovations_s.c\n'}
[6.529955] (px4_msgs) StdoutLine: {'line': b'-- Up-to-date: /home/giromi/Repos/VTOL/ws_sensor_combined_src/install/px4_msgs/local/lib/python3.10/dist-packages/px4_msgs/msg/_launch_detection_status_s.c\n'}
[6.530014] (px4_msgs) StdoutLine: {'line': b'-- Up-to-date: /home/giromi/Repos/VTOL/ws_sensor_combined_src/install/px4_msgs/local/lib/python3.10/dist-packages/px4_msgs/msg/_landing_gear.py\n'}
[6.530068] (px4_msgs) StdoutLine: {'line': b'-- Up-to-date: /home/giromi/Repos/VTOL/ws_sensor_combined_src/install/px4_msgs/local/lib/python3.10/dist-packages/px4_msgs/msg/_gimbal_controls.py\n'}
[6.530122] (px4_msgs) StdoutLine: {'line': b'-- Up-to-date: /home/giromi/Repos/VTOL/ws_sensor_combined_src/install/px4_msgs/local/lib/python3.10/dist-packages/px4_msgs/msg/_collision_report.py\n'}
[6.530176] (px4_msgs) StdoutLine: {'line': b'-- Up-to-date: /home/giromi/Repos/VTOL/ws_sensor_combined_src/install/px4_msgs/local/lib/python3.10/dist-packages/px4_msgs/msg/_manual_control_setpoint.py\n'}
[6.530231] (px4_msgs) StdoutLine: {'line': b'-- Up-to-date: /home/giromi/Repos/VTOL/ws_sensor_combined_src/install/px4_msgs/local/lib/python3.10/dist-packages/px4_msgs/msg/_vehicle_constraints_s.c\n'}
[6.530303] (px4_msgs) StdoutLine: {'line': b'-- Up-to-date: /home/giromi/Repos/VTOL/ws_sensor_combined_src/install/px4_msgs/local/lib/python3.10/dist-packages/px4_msgs/msg/_gimbal_device_set_attitude.py\n'}
[6.530403] (px4_msgs) StdoutLine: {'line': b'-- Up-to-date: /home/giromi/Repos/VTOL/ws_sensor_combined_src/install/px4_msgs/local/lib/python3.10/dist-packages/px4_msgs/msg/_gps_inject_data_s.c\n'}
[6.530466] (px4_msgs) StdoutLine: {'line': b'-- Up-to-date: /home/giromi/Repos/VTOL/ws_sensor_combined_src/install/px4_msgs/local/lib/python3.10/dist-packages/px4_msgs/msg/_mission_result.py\n'}
[6.530520] (px4_msgs) StdoutLine: {'line': b'-- Up-to-date: /home/giromi/Repos/VTOL/ws_sensor_combined_src/install/px4_msgs/local/lib/python3.10/dist-packages/px4_msgs/msg/_estimator_selector_status_s.c\n'}
[6.530574] (px4_msgs) StdoutLine: {'line': b'-- Up-to-date: /home/giromi/Repos/VTOL/ws_sensor_combined_src/install/px4_msgs/local/lib/python3.10/dist-packages/px4_msgs/msg/_tecs_status_s.c\n'}
[6.530629] (px4_msgs) StdoutLine: {'line': b'-- Up-to-date: /home/giromi/Repos/VTOL/ws_sensor_combined_src/install/px4_msgs/local/lib/python3.10/dist-packages/px4_msgs/msg/_sensor_accel_fifo_s.c\n'}
[6.530733] (px4_msgs) StdoutLine: {'line': b'-- Up-to-date: /home/giromi/Repos/VTOL/ws_sensor_combined_src/install/px4_msgs/local/lib/python3.10/dist-packages/px4_msgs/msg/_estimator_aid_source2d.py\n'}
[6.530803] (px4_msgs) StdoutLine: {'line': b'-- Up-to-date: /home/giromi/Repos/VTOL/ws_sensor_combined_src/install/px4_msgs/local/lib/python3.10/dist-packages/px4_msgs/msg/_sensor_optical_flow_s.c\n'}
[6.530858] (px4_msgs) StdoutLine: {'line': b'-- Up-to-date: /home/giromi/Repos/VTOL/ws_sensor_combined_src/install/px4_msgs/local/lib/python3.10/dist-packages/px4_msgs/msg/_log_message_s.c\n'}
[6.530913] (px4_msgs) StdoutLine: {'line': b'-- Up-to-date: /home/giromi/Repos/VTOL/ws_sensor_combined_src/install/px4_msgs/local/lib/python3.10/dist-packages/px4_msgs/msg/_estimator_status_s.c\n'}
[6.530968] (px4_msgs) StdoutLine: {'line': b'-- Up-to-date: /home/giromi/Repos/VTOL/ws_sensor_combined_src/install/px4_msgs/local/lib/python3.10/dist-packages/px4_msgs/msg/_airspeed_validated_s.c\n'}
[6.531081] (px4_msgs) StdoutLine: {'line': b'-- Up-to-date: /home/giromi/Repos/VTOL/ws_sensor_combined_src/install/px4_msgs/local/lib/python3.10/dist-packages/px4_msgs/msg/_velocity_limits.py\n'}
[6.531142] (px4_msgs) StdoutLine: {'line': b'-- Up-to-date: /home/giromi/Repos/VTOL/ws_sensor_combined_src/install/px4_msgs/local/lib/python3.10/dist-packages/px4_msgs/msg/_px4io_status_s.c\n'}
[6.531197] (px4_msgs) StdoutLine: {'line': b'-- Up-to-date: /home/giromi/Repos/VTOL/ws_sensor_combined_src/install/px4_msgs/local/lib/python3.10/dist-packages/px4_msgs/msg/_vehicle_land_detected.py\n'}
[6.531252] (px4_msgs) StdoutLine: {'line': b'-- Up-to-date: /home/giromi/Repos/VTOL/ws_sensor_combined_src/install/px4_msgs/local/lib/python3.10/dist-packages/px4_msgs/msg/_ulog_stream_s.c\n'}
[6.531313] (px4_msgs) StdoutLine: {'line': b'-- Up-to-date: /home/giromi/Repos/VTOL/ws_sensor_combined_src/install/px4_msgs/local/lib/python3.10/dist-packages/px4_msgs/msg/_npfg_status_s.c\n'}
[6.531367] (px4_msgs) StdoutLine: {'line': b'-- Up-to-date: /home/giromi/Repos/VTOL/ws_sensor_combined_src/install/px4_msgs/local/lib/python3.10/dist-packages/px4_msgs/msg/_mag_worker_data.py\n'}
[6.531440] (px4_msgs) StdoutLine: {'line': b'-- Up-to-date: /home/giromi/Repos/VTOL/ws_sensor_combined_src/install/px4_msgs/local/lib/python3.10/dist-packages/px4_msgs/msg/_gimbal_manager_set_attitude_s.c\n'}
[6.531582] (px4_msgs) StdoutLine: {'line': b'-- Up-to-date: /home/giromi/Repos/VTOL/ws_sensor_combined_src/install/px4_msgs/local/lib/python3.10/dist-packages/px4_msgs/msg/_led_control.py\n'}
[6.531637] (px4_msgs) StdoutLine: {'line': b'-- Up-to-date: /home/giromi/Repos/VTOL/ws_sensor_combined_src/install/px4_msgs/local/lib/python3.10/dist-packages/px4_msgs/msg/_rtl_time_estimate_s.c\n'}
[6.531690] (px4_msgs) StdoutLine: {'line': b'-- Up-to-date: /home/giromi/Repos/VTOL/ws_sensor_combined_src/install/px4_msgs/local/lib/python3.10/dist-packages/px4_msgs/msg/_normalized_unsigned_setpoint.py\n'}
[6.531743] (px4_msgs) StdoutLine: {'line': b'-- Up-to-date: /home/giromi/Repos/VTOL/ws_sensor_combined_src/install/px4_msgs/local/lib/python3.10/dist-packages/px4_msgs/msg/_collision_constraints.py\n'}
[6.531797] (px4_msgs) StdoutLine: {'line': b'-- Up-to-date: /home/giromi/Repos/VTOL/ws_sensor_combined_src/install/px4_msgs/local/lib/python3.10/dist-packages/px4_msgs/msg/_estimator_bias3d_s.c\n'}
[6.531850] (px4_msgs) StdoutLine: {'line': b'-- Up-to-date: /home/giromi/Repos/VTOL/ws_sensor_combined_src/install/px4_msgs/local/lib/python3.10/dist-packages/px4_msgs/msg/_actuator_servos.py\n'}
[6.531904] (px4_msgs) StdoutLine: {'line': b'-- Up-to-date: /home/giromi/Repos/VTOL/ws_sensor_combined_src/install/px4_msgs/local/lib/python3.10/dist-packages/px4_msgs/msg/_follow_target_status.py\n'}
[6.531957] (px4_msgs) StdoutLine: {'line': b'-- Up-to-date: /home/giromi/Repos/VTOL/ws_sensor_combined_src/install/px4_msgs/local/lib/python3.10/dist-packages/px4_msgs/msg/_sensor_correction.py\n'}
[6.532011] (px4_msgs) StdoutLine: {'line': b'-- Up-to-date: /home/giromi/Repos/VTOL/ws_sensor_combined_src/install/px4_msgs/local/lib/python3.10/dist-packages/px4_msgs/msg/_timesync_status.py\n'}
[6.532129] (px4_msgs) StdoutLine: {'line': b'-- Up-to-date: /home/giromi/Repos/VTOL/ws_sensor_combined_src/install/px4_msgs/local/lib/python3.10/dist-packages/px4_msgs/msg/_camera_capture.py\n'}
[6.532183] (px4_msgs) StdoutLine: {'line': b'-- Up-to-date: /home/giromi/Repos/VTOL/ws_sensor_combined_src/install/px4_msgs/local/lib/python3.10/dist-packages/px4_msgs/msg/_action_request.py\n'}
[6.532245] (px4_msgs) StdoutLine: {'line': b'-- Up-to-date: /home/giromi/Repos/VTOL/ws_sensor_combined_src/install/px4_msgs/local/lib/python3.10/dist-packages/px4_msgs/msg/_vehicle_command_ack.py\n'}
[6.532299] (px4_msgs) StdoutLine: {'line': b'-- Up-to-date: /home/giromi/Repos/VTOL/ws_sensor_combined_src/install/px4_msgs/local/lib/python3.10/dist-packages/px4_msgs/msg/_message_format_response.py\n'}
[6.532352] (px4_msgs) StdoutLine: {'line': b'-- Up-to-date: /home/giromi/Repos/VTOL/ws_sensor_combined_src/install/px4_msgs/local/lib/python3.10/dist-packages/px4_msgs/msg/_estimator_aid_source1d.py\n'}
[6.532429] (px4_msgs) StdoutLine: {'line': b'-- Up-to-date: /home/giromi/Repos/VTOL/ws_sensor_combined_src/install/px4_msgs/local/lib/python3.10/dist-packages/px4_msgs/msg/_arming_check_reply.py\n'}
[6.532526] (px4_msgs) StdoutLine: {'line': b'-- Up-to-date: /home/giromi/Repos/VTOL/ws_sensor_combined_src/install/px4_msgs/local/lib/python3.10/dist-packages/px4_msgs/msg/_airspeed_wind_s.c\n'}
[6.532582] (px4_msgs) StdoutLine: {'line': b'-- Up-to-date: /home/giromi/Repos/VTOL/ws_sensor_combined_src/install/px4_msgs/local/lib/python3.10/dist-packages/px4_msgs/msg/_orb_test_large.py\n'}
[6.532637] (px4_msgs) StdoutLine: {'line': b'-- Up-to-date: /home/giromi/Repos/VTOL/ws_sensor_combined_src/install/px4_msgs/local/lib/python3.10/dist-packages/px4_msgs/msg/_dataman_request.py\n'}
[6.532699] (px4_msgs) StdoutLine: {'line': b'-- Up-to-date: /home/giromi/Repos/VTOL/ws_sensor_combined_src/install/px4_msgs/local/lib/python3.10/dist-packages/px4_msgs/msg/_position_controller_landing_status_s.c\n'}
[6.532814] (px4_msgs) StdoutLine: {'line': b'-- Up-to-date: /home/giromi/Repos/VTOL/ws_sensor_combined_src/install/px4_msgs/local/lib/python3.10/dist-packages/px4_msgs/msg/_actuator_outputs.py\n'}
[6.532873] (px4_msgs) StdoutLine: {'line': b'-- Up-to-date: /home/giromi/Repos/VTOL/ws_sensor_combined_src/install/px4_msgs/local/lib/python3.10/dist-packages/px4_msgs/msg/_position_setpoint_triplet.py\n'}
[6.532928] (px4_msgs) StdoutLine: {'line': b'-- Up-to-date: /home/giromi/Repos/VTOL/ws_sensor_combined_src/install/px4_msgs/local/lib/python3.10/dist-packages/px4_msgs/msg/_differential_pressure.py\n'}
[6.532984] (px4_msgs) StdoutLine: {'line': b'-- Up-to-date: /home/giromi/Repos/VTOL/ws_sensor_combined_src/install/px4_msgs/local/lib/python3.10/dist-packages/px4_msgs/msg/_tecs_status.py\n'}
[6.533038] (px4_msgs) StdoutLine: {'line': b'-- Up-to-date: /home/giromi/Repos/VTOL/ws_sensor_combined_src/install/px4_msgs/local/lib/python3.10/dist-packages/px4_msgs/msg/_autotune_attitude_control_status_s.c\n'}
[6.533093] (px4_msgs) StdoutLine: {'line': b'-- Up-to-date: /home/giromi/Repos/VTOL/ws_sensor_combined_src/install/px4_msgs/local/lib/python3.10/dist-packages/px4_msgs/msg/_follow_target_s.c\n'}
[6.533166] (px4_msgs) StdoutLine: {'line': b'-- Up-to-date: /home/giromi/Repos/VTOL/ws_sensor_combined_src/install/px4_msgs/local/lib/python3.10/dist-packages/px4_msgs/msg/_buffer128_s.c\n'}
[6.533266] (px4_msgs) StdoutLine: {'line': b'-- Up-to-date: /home/giromi/Repos/VTOL/ws_sensor_combined_src/install/px4_msgs/local/lib/python3.10/dist-packages/px4_msgs/msg/_vehicle_imu_status.py\n'}
[6.533321] (px4_msgs) StdoutLine: {'line': b'-- Up-to-date: /home/giromi/Repos/VTOL/ws_sensor_combined_src/install/px4_msgs/local/lib/python3.10/dist-packages/px4_msgs/msg/_estimator_states_s.c\n'}
[6.533376] (px4_msgs) StdoutLine: {'line': b'-- Up-to-date: /home/giromi/Repos/VTOL/ws_sensor_combined_src/install/px4_msgs/local/lib/python3.10/dist-packages/px4_msgs/msg/_qshell_retval_s.c\n'}
[6.533430] (px4_msgs) StdoutLine: {'line': b'-- Up-to-date: /home/giromi/Repos/VTOL/ws_sensor_combined_src/install/px4_msgs/local/lib/python3.10/dist-packages/px4_msgs/msg/_gimbal_device_information.py\n'}
[6.533483] (px4_msgs) StdoutLine: {'line': b'-- Up-to-date: /home/giromi/Repos/VTOL/ws_sensor_combined_src/install/px4_msgs/local/lib/python3.10/dist-packages/px4_msgs/msg/_mount_orientation_s.c\n'}
[6.533537] (px4_msgs) StdoutLine: {'line': b'-- Up-to-date: /home/giromi/Repos/VTOL/ws_sensor_combined_src/install/px4_msgs/local/lib/python3.10/dist-packages/px4_msgs/msg/_vtol_vehicle_status_s.c\n'}
[6.533590] (px4_msgs) StdoutLine: {'line': b'-- Up-to-date: /home/giromi/Repos/VTOL/ws_sensor_combined_src/install/px4_msgs/local/lib/python3.10/dist-packages/px4_msgs/msg/_mount_orientation.py\n'}
[6.533644] (px4_msgs) StdoutLine: {'line': b'-- Up-to-date: /home/giromi/Repos/VTOL/ws_sensor_combined_src/install/px4_msgs/local/lib/python3.10/dist-packages/px4_msgs/msg/_estimator_selector_status.py\n'}
[6.533699] (px4_msgs) StdoutLine: {'line': b'-- Up-to-date: /home/giromi/Repos/VTOL/ws_sensor_combined_src/install/px4_msgs/local/lib/python3.10/dist-packages/px4_msgs/msg/_sensor_selection.py\n'}
[6.533804] (px4_msgs) StdoutLine: {'line': b'-- Up-to-date: /home/giromi/Repos/VTOL/ws_sensor_combined_src/install/px4_msgs/local/lib/python3.10/dist-packages/px4_msgs/msg/_vehicle_angular_acceleration_setpoint_s.c\n'}
[6.533873] (px4_msgs) StdoutLine: {'line': b'-- Up-to-date: /home/giromi/Repos/VTOL/ws_sensor_combined_src/install/px4_msgs/local/lib/python3.10/dist-packages/px4_msgs/msg/_npfg_status.py\n'}
[6.533927] (px4_msgs) StdoutLine: {'line': b'-- Up-to-date: /home/giromi/Repos/VTOL/ws_sensor_combined_src/install/px4_msgs/local/lib/python3.10/dist-packages/px4_msgs/msg/_geofence_result.py\n'}
[6.533992] (px4_msgs) StdoutLine: {'line': b'-- Up-to-date: /home/giromi/Repos/VTOL/ws_sensor_combined_src/install/px4_msgs/local/lib/python3.10/dist-packages/px4_msgs/msg/_follow_target_estimator_s.c\n'}
[6.534046] (px4_msgs) StdoutLine: {'line': b'-- Up-to-date: /home/giromi/Repos/VTOL/ws_sensor_combined_src/install/px4_msgs/local/lib/python3.10/dist-packages/px4_msgs/msg/_actuator_motors.py\n'}
[6.534151] (px4_msgs) StdoutLine: {'line': b'-- Up-to-date: /home/giromi/Repos/VTOL/ws_sensor_combined_src/install/px4_msgs/local/lib/python3.10/dist-packages/px4_msgs/msg/_internal_combustion_engine_status.py\n'}
[6.534208] (px4_msgs) StdoutLine: {'line': b'-- Up-to-date: /home/giromi/Repos/VTOL/ws_sensor_combined_src/install/px4_msgs/local/lib/python3.10/dist-packages/px4_msgs/msg/_vehicle_roi_s.c\n'}
[6.534265] (px4_msgs) StdoutLine: {'line': b'-- Up-to-date: /home/giromi/Repos/VTOL/ws_sensor_combined_src/install/px4_msgs/local/lib/python3.10/dist-packages/px4_msgs/msg/_wind.py\n'}
[6.534321] (px4_msgs) StdoutLine: {'line': b'-- Up-to-date: /home/giromi/Repos/VTOL/ws_sensor_combined_src/install/px4_msgs/local/lib/python3.10/dist-packages/px4_msgs/msg/_sensor_gyro_fft.py\n'}
[6.534377] (px4_msgs) StdoutLine: {'line': b'-- Up-to-date: /home/giromi/Repos/VTOL/ws_sensor_combined_src/install/px4_msgs/local/lib/python3.10/dist-packages/px4_msgs/msg/_actuator_controls_status_s.c\n'}
[6.534456] (px4_msgs) StdoutLine: {'line': b'-- Up-to-date: /home/giromi/Repos/VTOL/ws_sensor_combined_src/install/px4_msgs/local/lib/python3.10/dist-packages/px4_msgs/msg/_position_setpoint.py\n'}
[6.534517] (px4_msgs) StdoutLine: {'line': b'-- Up-to-date: /home/giromi/Repos/VTOL/ws_sensor_combined_src/install/px4_msgs/local/lib/python3.10/dist-packages/px4_msgs/msg/_follow_target.py\n'}
[6.534574] (px4_msgs) StdoutLine: {'line': b'-- Up-to-date: /home/giromi/Repos/VTOL/ws_sensor_combined_src/install/px4_msgs/local/lib/python3.10/dist-packages/px4_msgs/msg/_vehicle_acceleration_s.c\n'}
[6.534631] (px4_msgs) StdoutLine: {'line': b'-- Up-to-date: /home/giromi/Repos/VTOL/ws_sensor_combined_src/install/px4_msgs/local/lib/python3.10/dist-packages/px4_msgs/msg/_estimator_aid_source3d_s.c\n'}
[6.534687] (px4_msgs) StdoutLine: {'line': b'-- Up-to-date: /home/giromi/Repos/VTOL/ws_sensor_combined_src/install/px4_msgs/local/lib/python3.10/dist-packages/px4_msgs/msg/_esc_status.py\n'}
[6.534743] (px4_msgs) StdoutLine: {'line': b'-- Up-to-date: /home/giromi/Repos/VTOL/ws_sensor_combined_src/install/px4_msgs/local/lib/python3.10/dist-packages/px4_msgs/msg/_vehicle_acceleration.py\n'}
[6.534799] (px4_msgs) StdoutLine: {'line': b'-- Up-to-date: /home/giromi/Repos/VTOL/ws_sensor_combined_src/install/px4_msgs/local/lib/python3.10/dist-packages/px4_msgs/msg/_message_format_response_s.c\n'}
[6.534887] (px4_msgs) StdoutLine: {'line': b'-- Up-to-date: /home/giromi/Repos/VTOL/ws_sensor_combined_src/install/px4_msgs/local/lib/python3.10/dist-packages/px4_msgs/msg/_figure_eight_status_s.c\n'}
[6.534942] (px4_msgs) StdoutLine: {'line': b'-- Up-to-date: /home/giromi/Repos/VTOL/ws_sensor_combined_src/install/px4_msgs/local/lib/python3.10/dist-packages/px4_msgs/msg/_task_stack_info_s.c\n'}
[6.535014] (px4_msgs) StdoutLine: {'line': b'-- Up-to-date: /home/giromi/Repos/VTOL/ws_sensor_combined_src/install/px4_msgs/local/lib/python3.10/dist-packages/px4_msgs/msg/_landing_target_innovations.py\n'}
[6.535071] (px4_msgs) StdoutLine: {'line': b'-- Up-to-date: /home/giromi/Repos/VTOL/ws_sensor_combined_src/install/px4_msgs/local/lib/python3.10/dist-packages/px4_msgs/msg/_debug_vect.py\n'}
[6.535139] (px4_msgs) StdoutLine: {'line': b'-- Up-to-date: /home/giromi/Repos/VTOL/ws_sensor_combined_src/install/px4_msgs/local/lib/python3.10/dist-packages/px4_msgs/msg/_yaw_estimator_status_s.c\n'}
[6.535193] (px4_msgs) StdoutLine: {'line': b'-- Up-to-date: /home/giromi/Repos/VTOL/ws_sensor_combined_src/install/px4_msgs/local/lib/python3.10/dist-packages/px4_msgs/msg/_vehicle_control_mode_s.c\n'}
[6.535247] (px4_msgs) StdoutLine: {'line': b'-- Up-to-date: /home/giromi/Repos/VTOL/ws_sensor_combined_src/install/px4_msgs/local/lib/python3.10/dist-packages/px4_msgs/msg/_gpio_out_s.c\n'}
[6.535306] (px4_msgs) StdoutLine: {'line': b'-- Up-to-date: /home/giromi/Repos/VTOL/ws_sensor_combined_src/install/px4_msgs/local/lib/python3.10/dist-packages/px4_msgs/msg/_mavlink_log.py\n'}
[6.535360] (px4_msgs) StdoutLine: {'line': b'-- Up-to-date: /home/giromi/Repos/VTOL/ws_sensor_combined_src/install/px4_msgs/local/lib/python3.10/dist-packages/px4_msgs/msg/_vehicle_torque_setpoint_s.c\n'}
[6.535415] (px4_msgs) StdoutLine: {'line': b'-- Up-to-date: /home/giromi/Repos/VTOL/ws_sensor_combined_src/install/px4_msgs/local/lib/python3.10/dist-packages/px4_msgs/msg/_landing_target_pose.py\n'}
[6.535577] (px4_msgs) StdoutLine: {'line': b'-- Up-to-date: /home/giromi/Repos/VTOL/ws_sensor_combined_src/install/px4_msgs/local/lib/python3.10/dist-packages/px4_msgs/msg/_mavlink_tunnel_s.c\n'}
[6.535634] (px4_msgs) StdoutLine: {'line': b'-- Up-to-date: /home/giromi/Repos/VTOL/ws_sensor_combined_src/install/px4_msgs/local/lib/python3.10/dist-packages/px4_msgs/msg/_sensor_uwb_s.c\n'}
[6.535688] (px4_msgs) StdoutLine: {'line': b'-- Up-to-date: /home/giromi/Repos/VTOL/ws_sensor_combined_src/install/px4_msgs/local/lib/python3.10/dist-packages/px4_msgs/msg/_vtol_vehicle_status.py\n'}
[6.535742] (px4_msgs) StdoutLine: {'line': b'-- Up-to-date: /home/giromi/Repos/VTOL/ws_sensor_combined_src/install/px4_msgs/local/lib/python3.10/dist-packages/px4_msgs/msg/_sensor_combined_s.c\n'}
[6.535804] (px4_msgs) StdoutLine: {'line': b'-- Up-to-date: /home/giromi/Repos/VTOL/ws_sensor_combined_src/install/px4_msgs/local/lib/python3.10/dist-packages/px4_msgs/msg/_gpio_request_s.c\n'}
[6.535859] (px4_msgs) StdoutLine: {'line': b'-- Up-to-date: /home/giromi/Repos/VTOL/ws_sensor_combined_src/install/px4_msgs/local/lib/python3.10/dist-packages/px4_msgs/msg/_debug_array.py\n'}
[6.535914] (px4_msgs) StdoutLine: {'line': b'-- Up-to-date: /home/giromi/Repos/VTOL/ws_sensor_combined_src/install/px4_msgs/local/lib/python3.10/dist-packages/px4_msgs/msg/_vehicle_imu.py\n'}
[6.535968] (px4_msgs) StdoutLine: {'line': b'-- Up-to-date: /home/giromi/Repos/VTOL/ws_sensor_combined_src/install/px4_msgs/local/lib/python3.10/dist-packages/px4_msgs/msg/_vehicle_angular_velocity_s.c\n'}
[6.536023] (px4_msgs) StdoutLine: {'line': b'-- Up-to-date: /home/giromi/Repos/VTOL/ws_sensor_combined_src/install/px4_msgs/local/lib/python3.10/dist-packages/px4_msgs/msg/_gimbal_manager_status.py\n'}
[6.536102] (px4_msgs) StdoutLine: {'line': b'-- Up-to-date: /home/giromi/Repos/VTOL/ws_sensor_combined_src/install/px4_msgs/local/lib/python3.10/dist-packages/px4_msgs/msg/_estimator_sensor_bias_s.c\n'}
[6.536225] (px4_msgs) StdoutLine: {'line': b'-- Up-to-date: /home/giromi/Repos/VTOL/ws_sensor_combined_src/install/px4_msgs/local/lib/python3.10/dist-packages/px4_msgs/msg/_power_button_state_s.c\n'}
[6.536313] (px4_msgs) StdoutLine: {'line': b'-- Up-to-date: /home/giromi/Repos/VTOL/ws_sensor_combined_src/install/px4_msgs/local/lib/python3.10/dist-packages/px4_msgs/msg/_register_ext_component_reply.py\n'}
[6.536371] (px4_msgs) StdoutLine: {'line': b'-- Up-to-date: /home/giromi/Repos/VTOL/ws_sensor_combined_src/install/px4_msgs/local/lib/python3.10/dist-packages/px4_msgs/msg/_home_position_s.c\n'}
[6.536427] (px4_msgs) StdoutLine: {'line': b'-- Up-to-date: /home/giromi/Repos/VTOL/ws_sensor_combined_src/install/px4_msgs/local/lib/python3.10/dist-packages/px4_msgs/msg/_estimator_event_flags_s.c\n'}
[6.536483] (px4_msgs) StdoutLine: {'line': b'-- Up-to-date: /home/giromi/Repos/VTOL/ws_sensor_combined_src/install/px4_msgs/local/lib/python3.10/dist-packages/px4_msgs/msg/_estimator_status_flags.py\n'}
[6.536539] (px4_msgs) StdoutLine: {'line': b'-- Up-to-date: /home/giromi/Repos/VTOL/ws_sensor_combined_src/install/px4_msgs/local/lib/python3.10/dist-packages/px4_msgs/msg/_irlock_report_s.c\n'}
[6.536595] (px4_msgs) StdoutLine: {'line': b'-- Up-to-date: /home/giromi/Repos/VTOL/ws_sensor_combined_src/install/px4_msgs/local/lib/python3.10/dist-packages/px4_msgs/msg/_hover_thrust_estimate_s.c\n'}
[6.536651] (px4_msgs) StdoutLine: {'line': b'-- Up-to-date: /home/giromi/Repos/VTOL/ws_sensor_combined_src/install/px4_msgs/local/lib/python3.10/dist-packages/px4_msgs/msg/_gimbal_device_set_attitude_s.c\n'}
[6.536712] (px4_msgs) StdoutLine: {'line': b'-- Up-to-date: /home/giromi/Repos/VTOL/ws_sensor_combined_src/install/px4_msgs/local/lib/python3.10/dist-packages/px4_msgs/msg/_tune_control_s.c\n'}
[6.536768] (px4_msgs) StdoutLine: {'line': b'-- Up-to-date: /home/giromi/Repos/VTOL/ws_sensor_combined_src/install/px4_msgs/local/lib/python3.10/dist-packages/px4_msgs/msg/_power_monitor.py\n'}
[6.536823] (px4_msgs) StdoutLine: {'line': b'-- Up-to-date: /home/giromi/Repos/VTOL/ws_sensor_combined_src/install/px4_msgs/local/lib/python3.10/dist-packages/px4_msgs/msg/_satellite_info_s.c\n'}
[6.536900] (px4_msgs) StdoutLine: {'line': b'-- Up-to-date: /home/giromi/Repos/VTOL/ws_sensor_combined_src/install/px4_msgs/local/lib/python3.10/dist-packages/px4_msgs/msg/_health_report.py\n'}
[6.536957] (px4_msgs) StdoutLine: {'line': b'-- Up-to-date: /home/giromi/Repos/VTOL/ws_sensor_combined_src/install/px4_msgs/local/lib/python3.10/dist-packages/px4_msgs/msg/_pps_capture_s.c\n'}
[6.537012] (px4_msgs) StdoutLine: {'line': b'-- Up-to-date: /home/giromi/Repos/VTOL/ws_sensor_combined_src/install/px4_msgs/local/lib/python3.10/dist-packages/px4_msgs/msg/_manual_control_setpoint_s.c\n'}
[6.537068] (px4_msgs) StdoutLine: {'line': b'-- Up-to-date: /home/giromi/Repos/VTOL/ws_sensor_combined_src/install/px4_msgs/local/lib/python3.10/dist-packages/px4_msgs/msg/_takeoff_status_s.c\n'}
[6.537123] (px4_msgs) StdoutLine: {'line': b'-- Up-to-date: /home/giromi/Repos/VTOL/ws_sensor_combined_src/install/px4_msgs/local/lib/python3.10/dist-packages/px4_msgs/msg/_irlock_report.py\n'}
[6.537178] (px4_msgs) StdoutLine: {'line': b'-- Up-to-date: /home/giromi/Repos/VTOL/ws_sensor_combined_src/install/px4_msgs/local/lib/python3.10/dist-packages/px4_msgs/msg/_failsafe_flags.py\n'}
[6.537234] (px4_msgs) StdoutLine: {'line': b'-- Up-to-date: /home/giromi/Repos/VTOL/ws_sensor_combined_src/install/px4_msgs/local/lib/python3.10/dist-packages/px4_msgs/msg/_estimator_bias3d.py\n'}
[6.537290] (px4_msgs) StdoutLine: {'line': b'-- Up-to-date: /home/giromi/Repos/VTOL/ws_sensor_combined_src/install/px4_msgs/local/lib/python3.10/dist-packages/px4_msgs/msg/_orb_test_large_s.c\n'}
[6.537346] (px4_msgs) StdoutLine: {'line': b'-- Up-to-date: /home/giromi/Repos/VTOL/ws_sensor_combined_src/install/px4_msgs/local/lib/python3.10/dist-packages/px4_msgs/msg/_mission_result_s.c\n'}
[6.537422] (px4_msgs) StdoutLine: {'line': b'-- Up-to-date: /home/giromi/Repos/VTOL/ws_sensor_combined_src/install/px4_msgs/local/lib/python3.10/dist-packages/px4_msgs/msg/_sensor_correction_s.c\n'}
[6.537492] (px4_msgs) StdoutLine: {'line': b'-- Up-to-date: /home/giromi/Repos/VTOL/ws_sensor_combined_src/install/px4_msgs/local/lib/python3.10/dist-packages/px4_msgs/msg/_mavlink_log_s.c\n'}
[6.537549] (px4_msgs) StdoutLine: {'line': b'-- Up-to-date: /home/giromi/Repos/VTOL/ws_sensor_combined_src/install/px4_msgs/local/lib/python3.10/dist-packages/px4_msgs/msg/_vehicle_local_position_setpoint.py\n'}
[6.537606] (px4_msgs) StdoutLine: {'line': b'-- Up-to-date: /home/giromi/Repos/VTOL/ws_sensor_combined_src/install/px4_msgs/local/lib/python3.10/dist-packages/px4_msgs/msg/_uavcan_parameter_request.py\n'}
[6.537663] (px4_msgs) StdoutLine: {'line': b'-- Up-to-date: /home/giromi/Repos/VTOL/ws_sensor_combined_src/install/px4_msgs/local/lib/python3.10/dist-packages/px4_msgs/msg/_hover_thrust_estimate.py\n'}
[6.537756] (px4_msgs) StdoutLine: {'line': b'-- Up-to-date: /home/giromi/Repos/VTOL/ws_sensor_combined_src/install/px4_msgs/local/lib/python3.10/dist-packages/px4_msgs/msg/_vehicle_air_data.py\n'}
[6.537811] (px4_msgs) StdoutLine: {'line': b'-- Up-to-date: /home/giromi/Repos/VTOL/ws_sensor_combined_src/install/px4_msgs/local/lib/python3.10/dist-packages/px4_msgs/msg/_navigator_mission_item.py\n'}
[6.537880] (px4_msgs) StdoutLine: {'line': b'-- Up-to-date: /home/giromi/Repos/VTOL/ws_sensor_combined_src/install/px4_msgs/local/lib/python3.10/dist-packages/px4_msgs/msg/_ulog_stream.py\n'}
[6.537945] (px4_msgs) StdoutLine: {'line': b'-- Up-to-date: /home/giromi/Repos/VTOL/ws_sensor_combined_src/install/px4_msgs/local/lib/python3.10/dist-packages/px4_msgs/msg/_actuator_test_s.c\n'}
[6.538002] (px4_msgs) StdoutLine: {'line': b'-- Up-to-date: /home/giromi/Repos/VTOL/ws_sensor_combined_src/install/px4_msgs/local/lib/python3.10/dist-packages/px4_msgs/msg/_actuator_motors_s.c\n'}
[6.538131] (px4_msgs) StdoutLine: {'line': b'-- Up-to-date: /home/giromi/Repos/VTOL/ws_sensor_combined_src/install/px4_msgs/local/lib/python3.10/dist-packages/px4_msgs/msg/_sensors_status_imu.py\n'}
[6.538188] (px4_msgs) StdoutLine: {'line': b'-- Up-to-date: /home/giromi/Repos/VTOL/ws_sensor_combined_src/install/px4_msgs/local/lib/python3.10/dist-packages/px4_msgs/msg/_estimator_status_flags_s.c\n'}
[6.538244] (px4_msgs) StdoutLine: {'line': b'-- Up-to-date: /home/giromi/Repos/VTOL/ws_sensor_combined_src/install/px4_msgs/local/lib/python3.10/dist-packages/px4_msgs/msg/_vehicle_imu_s.c\n'}
[6.538299] (px4_msgs) StdoutLine: {'line': b'-- Up-to-date: /home/giromi/Repos/VTOL/ws_sensor_combined_src/install/px4_msgs/local/lib/python3.10/dist-packages/px4_msgs/msg/_buffer128.py\n'}
[6.538353] (px4_msgs) StdoutLine: {'line': b'-- Up-to-date: /home/giromi/Repos/VTOL/ws_sensor_combined_src/install/px4_msgs/local/lib/python3.10/dist-packages/px4_msgs/msg/_log_message.py\n'}
[6.538407] (px4_msgs) StdoutLine: {'line': b'-- Up-to-date: /home/giromi/Repos/VTOL/ws_sensor_combined_src/install/px4_msgs/local/lib/python3.10/dist-packages/px4_msgs/msg/_sensor_gps.py\n'}
[6.538503] (px4_msgs) StdoutLine: {'line': b'-- Up-to-date: /home/giromi/Repos/VTOL/ws_sensor_combined_src/install/px4_msgs/local/lib/python3.10/dist-packages/px4_msgs/msg/_estimator_event_flags.py\n'}
[6.538572] (px4_msgs) StdoutLine: {'line': b'-- Up-to-date: /home/giromi/Repos/VTOL/ws_sensor_combined_src/install/px4_msgs/local/lib/python3.10/dist-packages/px4_msgs/msg/_sensor_uwb.py\n'}
[6.538626] (px4_msgs) StdoutLine: {'line': b'-- Up-to-date: /home/giromi/Repos/VTOL/ws_sensor_combined_src/install/px4_msgs/local/lib/python3.10/dist-packages/px4_msgs/msg/_register_ext_component_request_s.c\n'}
[6.538680] (px4_msgs) StdoutLine: {'line': b'-- Up-to-date: /home/giromi/Repos/VTOL/ws_sensor_combined_src/install/px4_msgs/local/lib/python3.10/dist-packages/px4_msgs/msg/_pwm_input.py\n'}
[6.538734] (px4_msgs) StdoutLine: {'line': b'-- Up-to-date: /home/giromi/Repos/VTOL/ws_sensor_combined_src/install/px4_msgs/local/lib/python3.10/dist-packages/px4_msgs/msg/_unregister_ext_component_s.c\n'}
[6.538788] (px4_msgs) StdoutLine: {'line': b'-- Up-to-date: /home/giromi/Repos/VTOL/ws_sensor_combined_src/install/px4_msgs/local/lib/python3.10/dist-packages/px4_msgs/msg/_obstacle_distance.py\n'}
[6.538842] (px4_msgs) StdoutLine: {'line': b'-- Up-to-date: /home/giromi/Repos/VTOL/ws_sensor_combined_src/install/px4_msgs/local/lib/python3.10/dist-packages/px4_msgs/msg/_telemetry_status_s.c\n'}
[6.538896] (px4_msgs) StdoutLine: {'line': b'-- Up-to-date: /home/giromi/Repos/VTOL/ws_sensor_combined_src/install/px4_msgs/local/lib/python3.10/dist-packages/px4_msgs/msg/_estimator_aid_source1d_s.c\n'}
[6.538951] (px4_msgs) StdoutLine: {'line': b'-- Up-to-date: /home/giromi/Repos/VTOL/ws_sensor_combined_src/install/px4_msgs/local/lib/python3.10/dist-packages/px4_msgs/msg/_iridiumsbd_status_s.c\n'}
[6.539005] (px4_msgs) StdoutLine: {'line': b'-- Up-to-date: /home/giromi/Repos/VTOL/ws_sensor_combined_src/install/px4_msgs/local/lib/python3.10/dist-packages/px4_msgs/msg/_register_ext_component_reply_s.c\n'}
[6.539124] (px4_msgs) StdoutLine: {'line': b'-- Up-to-date: /home/giromi/Repos/VTOL/ws_sensor_combined_src/install/px4_msgs/local/lib/python3.10/dist-packages/px4_msgs/msg/_geofence_result_s.c\n'}
[6.539179] (px4_msgs) StdoutLine: {'line': b'-- Up-to-date: /home/giromi/Repos/VTOL/ws_sensor_combined_src/install/px4_msgs/local/lib/python3.10/dist-packages/px4_msgs/msg/_trajectory_setpoint.py\n'}
[6.539242] (px4_msgs) StdoutLine: {'line': b'-- Up-to-date: /home/giromi/Repos/VTOL/ws_sensor_combined_src/install/px4_msgs/local/lib/python3.10/dist-packages/px4_msgs/msg/_satellite_info.py\n'}
[6.539300] (px4_msgs) StdoutLine: {'line': b'-- Up-to-date: /home/giromi/Repos/VTOL/ws_sensor_combined_src/install/px4_msgs/local/lib/python3.10/dist-packages/px4_msgs/msg/_failsafe_flags_s.c\n'}
[6.539354] (px4_msgs) StdoutLine: {'line': b'-- Up-to-date: /home/giromi/Repos/VTOL/ws_sensor_combined_src/install/px4_msgs/local/lib/python3.10/dist-packages/px4_msgs/msg/_cellular_status.py\n'}
[6.539510] (px4_msgs) StdoutLine: {'line': b'-- Up-to-date: /home/giromi/Repos/VTOL/ws_sensor_combined_src/install/px4_msgs/local/lib/python3.10/dist-packages/px4_msgs/msg/_normalized_unsigned_setpoint_s.c\n'}
[6.539574] (px4_msgs) StdoutLine: {'line': b'-- Up-to-date: /home/giromi/Repos/VTOL/ws_sensor_combined_src/install/px4_msgs/local/lib/python3.10/dist-packages/px4_msgs/msg/_vehicle_trajectory_waypoint_s.c\n'}
[6.539632] (px4_msgs) StdoutLine: {'line': b'-- Up-to-date: /home/giromi/Repos/VTOL/ws_sensor_combined_src/install/px4_msgs/local/lib/python3.10/dist-packages/px4_msgs/msg/_sensor_gps_s.c\n'}
[6.539688] (px4_msgs) StdoutLine: {'line': b'-- Up-to-date: /home/giromi/Repos/VTOL/ws_sensor_combined_src/install/px4_msgs/local/lib/python3.10/dist-packages/px4_msgs/msg/_sensor_baro_s.c\n'}
[6.539744] (px4_msgs) StdoutLine: {'line': b'-- Up-to-date: /home/giromi/Repos/VTOL/ws_sensor_combined_src/install/px4_msgs/local/lib/python3.10/dist-packages/px4_msgs/msg/_yaw_estimator_status.py\n'}
[6.539804] (px4_msgs) StdoutLine: {'line': b'-- Up-to-date: /home/giromi/Repos/VTOL/ws_sensor_combined_src/install/px4_msgs/local/lib/python3.10/dist-packages/px4_msgs/msg/_rpm_s.c\n'}
[6.539866] (px4_msgs) StdoutLine: {'line': b'-- Up-to-date: /home/giromi/Repos/VTOL/ws_sensor_combined_src/install/px4_msgs/local/lib/python3.10/dist-packages/px4_msgs/msg/_position_setpoint_s.c\n'}
[6.539927] (px4_msgs) StdoutLine: {'line': b'-- Up-to-date: /home/giromi/Repos/VTOL/ws_sensor_combined_src/install/px4_msgs/local/lib/python3.10/dist-packages/px4_msgs/msg/_debug_vect_s.c\n'}
[6.539988] (px4_msgs) StdoutLine: {'line': b'-- Up-to-date: /home/giromi/Repos/VTOL/ws_sensor_combined_src/install/px4_msgs/local/lib/python3.10/dist-packages/px4_msgs/msg/_estimator_innovations.py\n'}
[6.540049] (px4_msgs) StdoutLine: {'line': b'-- Up-to-date: /home/giromi/Repos/VTOL/ws_sensor_combined_src/install/px4_msgs/local/lib/python3.10/dist-packages/px4_msgs/msg/_gps_inject_data.py\n'}
[6.540110] (px4_msgs) StdoutLine: {'line': b'-- Up-to-date: /home/giromi/Repos/VTOL/ws_sensor_combined_src/install/px4_msgs/local/lib/python3.10/dist-packages/px4_msgs/msg/_system_power_s.c\n'}
[6.540171] (px4_msgs) StdoutLine: {'line': b'-- Up-to-date: /home/giromi/Repos/VTOL/ws_sensor_combined_src/install/px4_msgs/local/lib/python3.10/dist-packages/px4_msgs/msg/_distance_sensor.py\n'}
[6.540231] (px4_msgs) StdoutLine: {'line': b'-- Up-to-date: /home/giromi/Repos/VTOL/ws_sensor_combined_src/install/px4_msgs/local/lib/python3.10/dist-packages/px4_msgs/msg/_dataman_response.py\n'}
[6.540292] (px4_msgs) StdoutLine: {'line': b'-- Up-to-date: /home/giromi/Repos/VTOL/ws_sensor_combined_src/install/px4_msgs/local/lib/python3.10/dist-packages/px4_msgs/msg/_vehicle_status.py\n'}
[6.540383] (px4_msgs) StdoutLine: {'line': b'-- Up-to-date: /home/giromi/Repos/VTOL/ws_sensor_combined_src/install/px4_msgs/local/lib/python3.10/dist-packages/px4_msgs/msg/_camera_trigger_s.c\n'}
[6.540441] (px4_msgs) StdoutLine: {'line': b'-- Up-to-date: /home/giromi/Repos/VTOL/ws_sensor_combined_src/install/px4_msgs/local/lib/python3.10/dist-packages/px4_msgs/msg/_sensor_mag.py\n'}
[6.540497] (px4_msgs) StdoutLine: {'line': b'-- Up-to-date: /home/giromi/Repos/VTOL/ws_sensor_combined_src/install/px4_msgs/local/lib/python3.10/dist-packages/px4_msgs/msg/_orbit_status.py\n'}
[6.540553] (px4_msgs) StdoutLine: {'line': b'-- Up-to-date: /home/giromi/Repos/VTOL/ws_sensor_combined_src/install/px4_msgs/local/lib/python3.10/dist-packages/px4_msgs/msg/_manual_control_switches_s.c\n'}
[6.540609] (px4_msgs) StdoutLine: {'line': b'-- Up-to-date: /home/giromi/Repos/VTOL/ws_sensor_combined_src/install/px4_msgs/local/lib/python3.10/dist-packages/px4_msgs/msg/_estimator_gps_status_s.c\n'}
[6.540671] (px4_msgs) StdoutLine: {'line': b'-- Up-to-date: /home/giromi/Repos/VTOL/ws_sensor_combined_src/install/px4_msgs/local/lib/python3.10/dist-packages/px4_msgs/msg/_ekf2_timestamps.py\n'}
[6.540737] (px4_msgs) StdoutLine: {'line': b'-- Up-to-date: /home/giromi/Repos/VTOL/ws_sensor_combined_src/install/px4_msgs/local/lib/python3.10/dist-packages/px4_msgs/msg/_takeoff_status.py\n'}
[6.540795] (px4_msgs) StdoutLine: {'line': b'-- Up-to-date: /home/giromi/Repos/VTOL/ws_sensor_combined_src/install/px4_msgs/local/lib/python3.10/dist-packages/px4_msgs/msg/_differential_pressure_s.c\n'}
[6.540851] (px4_msgs) StdoutLine: {'line': b'-- Up-to-date: /home/giromi/Repos/VTOL/ws_sensor_combined_src/install/px4_msgs/local/lib/python3.10/dist-packages/px4_msgs/msg/_orb_test_medium.py\n'}
[6.540908] (px4_msgs) StdoutLine: {'line': b'-- Up-to-date: /home/giromi/Repos/VTOL/ws_sensor_combined_src/install/px4_msgs/local/lib/python3.10/dist-packages/px4_msgs/msg/_task_stack_info.py\n'}
[6.540963] (px4_msgs) StdoutLine: {'line': b'-- Up-to-date: /home/giromi/Repos/VTOL/ws_sensor_combined_src/install/px4_msgs/local/lib/python3.10/dist-packages/px4_msgs/msg/_sensor_gyro_fft_s.c\n'}
[6.541026] (px4_msgs) StdoutLine: {'line': b'-- Up-to-date: /home/giromi/Repos/VTOL/ws_sensor_combined_src/install/px4_msgs/local/lib/python3.10/dist-packages/px4_msgs/msg/_rc_channels_s.c\n'}
[6.541107] (px4_msgs) StdoutLine: {'line': b'-- Up-to-date: /home/giromi/Repos/VTOL/ws_sensor_combined_src/install/px4_msgs/local/lib/python3.10/dist-packages/px4_msgs/msg/_vehicle_attitude_setpoint_s.c\n'}
[6.541165] (px4_msgs) StdoutLine: {'line': b'-- Up-to-date: /home/giromi/Repos/VTOL/ws_sensor_combined_src/install/px4_msgs/local/lib/python3.10/dist-packages/px4_msgs/msg/_vehicle_rates_setpoint_s.c\n'}
[6.541222] (px4_msgs) StdoutLine: {'line': b'-- Up-to-date: /home/giromi/Repos/VTOL/ws_sensor_combined_src/install/px4_msgs/local/lib/python3.10/dist-packages/px4_msgs/msg/_vehicle_angular_acceleration_setpoint.py\n'}
[6.541278] (px4_msgs) StdoutLine: {'line': b'-- Up-to-date: /home/giromi/Repos/VTOL/ws_sensor_combined_src/install/px4_msgs/local/lib/python3.10/dist-packages/px4_msgs/msg/_ekf2_timestamps_s.c\n'}
[6.541335] (px4_msgs) StdoutLine: {'line': b'-- Up-to-date: /home/giromi/Repos/VTOL/ws_sensor_combined_src/install/px4_msgs/local/lib/python3.10/dist-packages/px4_msgs/msg/_gpio_config.py\n'}
[6.541394] (px4_msgs) StdoutLine: {'line': b'-- Up-to-date: /home/giromi/Repos/VTOL/ws_sensor_combined_src/install/px4_msgs/local/lib/python3.10/dist-packages/px4_msgs/msg/_uavcan_parameter_value_s.c\n'}
[6.541470] (px4_msgs) StdoutLine: {'line': b'-- Up-to-date: /home/giromi/Repos/VTOL/ws_sensor_combined_src/install/px4_msgs/local/lib/python3.10/dist-packages/px4_msgs/msg/_vehicle_air_data_s.c\n'}
[6.541526] (px4_msgs) StdoutLine: {'line': b'-- Up-to-date: /home/giromi/Repos/VTOL/ws_sensor_combined_src/install/px4_msgs/local/lib/python3.10/dist-packages/px4_msgs/msg/_obstacle_distance_s.c\n'}
[6.541583] (px4_msgs) StdoutLine: {'line': b'-- Up-to-date: /home/giromi/Repos/VTOL/ws_sensor_combined_src/install/px4_msgs/local/lib/python3.10/dist-packages/px4_msgs/msg/_button_event.py\n'}
[6.541640] (px4_msgs) StdoutLine: {'line': b'-- Up-to-date: /home/giromi/Repos/VTOL/ws_sensor_combined_src/install/px4_msgs/local/lib/python3.10/dist-packages/px4_msgs/msg/_cpuload_s.c\n'}
[6.541697] (px4_msgs) StdoutLine: {'line': b'-- Up-to-date: /home/giromi/Repos/VTOL/ws_sensor_combined_src/install/px4_msgs/local/lib/python3.10/dist-packages/px4_msgs/msg/_vehicle_command.py\n'}
[6.541754] (px4_msgs) StdoutLine: {'line': b'-- Up-to-date: /home/giromi/Repos/VTOL/ws_sensor_combined_src/install/px4_msgs/local/lib/python3.10/dist-packages/px4_msgs/msg/_differential_drive_setpoint.py\n'}
[6.541839] (px4_msgs) StdoutLine: {'line': b'-- Up-to-date: /home/giromi/Repos/VTOL/ws_sensor_combined_src/install/px4_msgs/local/lib/python3.10/dist-packages/px4_msgs/msg/_camera_trigger.py\n'}
[6.541902] (px4_msgs) StdoutLine: {'line': b'-- Up-to-date: /home/giromi/Repos/VTOL/ws_sensor_combined_src/install/px4_msgs/local/lib/python3.10/dist-packages/px4_msgs/msg/_uavcan_parameter_request_s.c\n'}
[6.541959] (px4_msgs) StdoutLine: {'line': b'-- Up-to-date: /home/giromi/Repos/VTOL/ws_sensor_combined_src/install/px4_msgs/local/lib/python3.10/dist-packages/px4_msgs/msg/_gimbal_manager_information.py\n'}
[6.542015] (px4_msgs) StdoutLine: {'line': b'-- Up-to-date: /home/giromi/Repos/VTOL/ws_sensor_combined_src/install/px4_msgs/local/lib/python3.10/dist-packages/px4_msgs/msg/_estimator_sensor_bias.py\n'}
[6.542071] (px4_msgs) StdoutLine: {'line': b'-- Up-to-date: /home/giromi/Repos/VTOL/ws_sensor_combined_src/install/px4_msgs/local/lib/python3.10/dist-packages/px4_msgs/msg/_vehicle_trajectory_bezier_s.c\n'}
[6.542127] (px4_msgs) StdoutLine: {'line': b'-- Up-to-date: /home/giromi/Repos/VTOL/ws_sensor_combined_src/install/px4_msgs/local/lib/python3.10/dist-packages/px4_msgs/msg/_orb_test_s.c\n'}
[6.542183] (px4_msgs) StdoutLine: {'line': b'-- Up-to-date: /home/giromi/Repos/VTOL/ws_sensor_combined_src/install/px4_msgs/local/lib/python3.10/dist-packages/px4_msgs/msg/_sensor_accel_s.c\n'}
[6.542239] (px4_msgs) StdoutLine: {'line': b'-- Up-to-date: /home/giromi/Repos/VTOL/ws_sensor_combined_src/install/px4_msgs/local/lib/python3.10/dist-packages/px4_msgs/msg/_sensor_preflight_mag_s.c\n'}
[6.542295] (px4_msgs) StdoutLine: {'line': b'-- Up-to-date: /home/giromi/Repos/VTOL/ws_sensor_combined_src/install/px4_msgs/local/lib/python3.10/dist-packages/px4_msgs/msg/_sensor_airflow.py\n'}
[6.542350] (px4_msgs) StdoutLine: {'line': b'-- Up-to-date: /home/giromi/Repos/VTOL/ws_sensor_combined_src/install/px4_msgs/local/lib/python3.10/dist-packages/px4_msgs/msg/_rc_channels.py\n'}
[6.542410] (px4_msgs) StdoutLine: {'line': b'-- Up-to-date: /home/giromi/Repos/VTOL/ws_sensor_combined_src/install/px4_msgs/local/lib/python3.10/dist-packages/px4_msgs/msg/_gimbal_manager_information_s.c\n'}
[6.542472] (px4_msgs) StdoutLine: {'line': b'-- Up-to-date: /home/giromi/Repos/VTOL/ws_sensor_combined_src/install/px4_msgs/local/lib/python3.10/dist-packages/px4_msgs/msg/_magnetometer_bias_estimate_s.c\n'}
[6.542533] (px4_msgs) StdoutLine: {'line': b'-- Up-to-date: /home/giromi/Repos/VTOL/ws_sensor_combined_src/install/px4_msgs/local/lib/python3.10/dist-packages/px4_msgs/msg/_actuator_servos_trim.py\n'}
[6.542596] (px4_msgs) StdoutLine: {'line': b'-- Up-to-date: /home/giromi/Repos/VTOL/ws_sensor_combined_src/install/px4_msgs/local/lib/python3.10/dist-packages/px4_msgs/msg/_vehicle_command_s.c\n'}
[6.542708] (px4_msgs) StdoutLine: {'line': b'-- Up-to-date: /home/giromi/Repos/VTOL/ws_sensor_combined_src/install/px4_msgs/local/lib/python3.10/dist-packages/px4_msgs/msg/_vehicle_thrust_setpoint.py\n'}
[6.542770] (px4_msgs) StdoutLine: {'line': b'-- Up-to-date: /home/giromi/Repos/VTOL/ws_sensor_combined_src/install/px4_msgs/local/lib/python3.10/dist-packages/px4_msgs/msg/_power_button_state.py\n'}
[6.542829] (px4_msgs) StdoutLine: {'line': b'-- Up-to-date: /home/giromi/Repos/VTOL/ws_sensor_combined_src/install/px4_msgs/local/lib/python3.10/dist-packages/px4_msgs/msg/_estimator_bias.py\n'}
[6.542887] (px4_msgs) StdoutLine: {'line': b'-- Up-to-date: /home/giromi/Repos/VTOL/ws_sensor_combined_src/install/px4_msgs/local/lib/python3.10/dist-packages/px4_msgs/msg/_differential_drive_setpoint_s.c\n'}
[6.542946] (px4_msgs) StdoutLine: {'line': b'-- Up-to-date: /home/giromi/Repos/VTOL/ws_sensor_combined_src/install/px4_msgs/local/lib/python3.10/dist-packages/px4_msgs/msg/_velocity_limits_s.c\n'}
[6.543040] (px4_msgs) StdoutLine: {'line': b'-- Up-to-date: /home/giromi/Repos/VTOL/ws_sensor_combined_src/install/px4_msgs/local/lib/python3.10/dist-packages/px4_msgs/msg/_orb_test.py\n'}
[6.543100] (px4_msgs) StdoutLine: {'line': b'-- Up-to-date: /home/giromi/Repos/VTOL/ws_sensor_combined_src/install/px4_msgs/local/lib/python3.10/dist-packages/px4_msgs/msg/_trajectory_bezier_s.c\n'}
[6.543180] (px4_msgs) StdoutLine: {'line': b'-- Up-to-date: /home/giromi/Repos/VTOL/ws_sensor_combined_src/install/px4_msgs/local/lib/python3.10/dist-packages/px4_msgs/msg/_sensors_status.py\n'}
[6.543247] (px4_msgs) StdoutLine: {'line': b'-- Up-to-date: /home/giromi/Repos/VTOL/ws_sensor_combined_src/install/px4_msgs/local/lib/python3.10/dist-packages/px4_msgs/msg/_sensor_combined.py\n'}
[6.543307] (px4_msgs) StdoutLine: {'line': b'-- Up-to-date: /home/giromi/Repos/VTOL/ws_sensor_combined_src/install/px4_msgs/local/lib/python3.10/dist-packages/px4_msgs/msg/_control_allocator_status.py\n'}
[6.543366] (px4_msgs) StdoutLine: {'line': b'-- Up-to-date: /home/giromi/Repos/VTOL/ws_sensor_combined_src/install/px4_msgs/local/lib/python3.10/dist-packages/px4_msgs/msg/_pps_capture.py\n'}
[6.543424] (px4_msgs) StdoutLine: {'line': b'-- Up-to-date: /home/giromi/Repos/VTOL/ws_sensor_combined_src/install/px4_msgs/local/lib/python3.10/dist-packages/px4_msgs/msg/_radio_status_s.c\n'}
[6.543516] (px4_msgs) StdoutLine: {'line': b'-- Up-to-date: /home/giromi/Repos/VTOL/ws_sensor_combined_src/install/px4_msgs/local/lib/python3.10/dist-packages/px4_msgs/msg/_figure_eight_status.py\n'}
[6.543575] (px4_msgs) StdoutLine: {'line': b'-- Up-to-date: /home/giromi/Repos/VTOL/ws_sensor_combined_src/install/px4_msgs/local/lib/python3.10/dist-packages/px4_msgs/msg/_rc_parameter_map_s.c\n'}
[6.543632] (px4_msgs) StdoutLine: {'line': b'-- Up-to-date: /home/giromi/Repos/VTOL/ws_sensor_combined_src/install/px4_msgs/local/lib/python3.10/dist-packages/px4_msgs/msg/_position_setpoint_triplet_s.c\n'}
[6.543688] (px4_msgs) StdoutLine: {'line': b'-- Up-to-date: /home/giromi/Repos/VTOL/ws_sensor_combined_src/install/px4_msgs/local/lib/python3.10/dist-packages/px4_msgs/msg/_sensors_status_imu_s.c\n'}
[6.543744] (px4_msgs) StdoutLine: {'line': b'-- Up-to-date: /home/giromi/Repos/VTOL/ws_sensor_combined_src/install/px4_msgs/local/lib/python3.10/dist-packages/px4_msgs/msg/_vehicle_constraints.py\n'}
[6.543813] (px4_msgs) StdoutLine: {'line': b'-- Up-to-date: /home/giromi/Repos/VTOL/ws_sensor_combined_src/install/px4_msgs/local/lib/python3.10/dist-packages/px4_msgs/msg/_logger_status_s.c\n'}
[6.543872] (px4_msgs) StdoutLine: {'line': b'-- Up-to-date: /home/giromi/Repos/VTOL/ws_sensor_combined_src/install/px4_msgs/local/lib/python3.10/dist-packages/px4_msgs/msg/_mavlink_tunnel.py\n'}
[6.544018] (px4_msgs) StdoutLine: {'line': b'-- Up-to-date: /home/giromi/Repos/VTOL/ws_sensor_combined_src/install/px4_msgs/local/lib/python3.10/dist-packages/px4_msgs/msg/_camera_status.py\n'}
[6.544112] (px4_msgs) StdoutLine: {'line': b'-- Up-to-date: /home/giromi/Repos/VTOL/ws_sensor_combined_src/install/px4_msgs/local/lib/python3.10/dist-packages/px4_msgs/msg/_actuator_armed.py\n'}
[6.544194] (px4_msgs) StdoutLine: {'line': b'-- Up-to-date: /home/giromi/Repos/VTOL/ws_sensor_combined_src/install/px4_msgs/local/lib/python3.10/dist-packages/px4_msgs/_px4_msgs_s.ep.rosidl_typesupport_c.c\n'}
[6.544262] (px4_msgs) StdoutLine: {'line': b'-- Up-to-date: /home/giromi/Repos/VTOL/ws_sensor_combined_src/install/px4_msgs/local/lib/python3.10/dist-packages/px4_msgs/_px4_msgs_s.ep.rosidl_typesupport_fastrtps_c.c\n'}
[6.544338] (px4_msgs) StdoutLine: {'line': b"Listing '/home/giromi/Repos/VTOL/ws_sensor_combined_src/install/px4_msgs/local/lib/python3.10/dist-packages/px4_msgs'...\n"}
[6.544451] (px4_msgs) StdoutLine: {'line': b"Listing '/home/giromi/Repos/VTOL/ws_sensor_combined_src/install/px4_msgs/local/lib/python3.10/dist-packages/px4_msgs/msg'...\n"}
[6.544575] (px4_msgs) StdoutLine: {'line': b"Listing '/home/giromi/Repos/VTOL/ws_sensor_combined_src/install/px4_msgs/local/lib/python3.10/dist-packages/px4_msgs/srv'...\n"}
[6.544736] (px4_msgs) StdoutLine: {'line': b'-- Up-to-date: /home/giromi/Repos/VTOL/ws_sensor_combined_src/install/px4_msgs/local/lib/python3.10/dist-packages/px4_msgs/px4_msgs_s__rosidl_typesupport_fastrtps_c.cpython-310-x86_64-linux-gnu.so\n'}
[6.544855] (px4_msgs) StdoutLine: {'line': b'-- Up-to-date: /home/giromi/Repos/VTOL/ws_sensor_combined_src/install/px4_msgs/local/lib/python3.10/dist-packages/px4_msgs/px4_msgs_s__rosidl_typesupport_introspection_c.cpython-310-x86_64-linux-gnu.so\n'}
[6.545010] (px4_msgs) StdoutLine: {'line': b'-- Up-to-date: /home/giromi/Repos/VTOL/ws_sensor_combined_src/install/px4_msgs/local/lib/python3.10/dist-packages/px4_msgs/px4_msgs_s__rosidl_typesupport_c.cpython-310-x86_64-linux-gnu.so\n'}
[6.545182] (px4_msgs) StdoutLine: {'line': b'-- Up-to-date: /home/giromi/Repos/VTOL/ws_sensor_combined_src/install/px4_msgs/lib/libpx4_msgs__rosidl_generator_py.so\n'}
[6.545410] (px4_msgs) StdoutLine: {'line': b'-- Up-to-date: /home/giromi/Repos/VTOL/ws_sensor_combined_src/install/px4_msgs/share/px4_msgs/msg/ActionRequest.idl\n'}
[6.545633] (px4_msgs) StdoutLine: {'line': b'-- Up-to-date: /home/giromi/Repos/VTOL/ws_sensor_combined_src/install/px4_msgs/share/px4_msgs/msg/ActuatorArmed.idl\n'}
[6.545821] (px4_msgs) StdoutLine: {'line': b'-- Up-to-date: /home/giromi/Repos/VTOL/ws_sensor_combined_src/install/px4_msgs/share/px4_msgs/msg/ActuatorControlsStatus.idl\n'}
[6.546022] (px4_msgs) StdoutLine: {'line': b'-- Up-to-date: /home/giromi/Repos/VTOL/ws_sensor_combined_src/install/px4_msgs/share/px4_msgs/msg/ActuatorMotors.idl\n'}
[6.546161] (px4_msgs) StdoutLine: {'line': b'-- Up-to-date: /home/giromi/Repos/VTOL/ws_sensor_combined_src/install/px4_msgs/share/px4_msgs/msg/ActuatorOutputs.idl\n'}
[6.546491] (px4_msgs) StdoutLine: {'line': b'-- Up-to-date: /home/giromi/Repos/VTOL/ws_sensor_combined_src/install/px4_msgs/share/px4_msgs/msg/ActuatorServos.idl\n'}
[6.546598] (px4_msgs) StdoutLine: {'line': b'-- Up-to-date: /home/giromi/Repos/VTOL/ws_sensor_combined_src/install/px4_msgs/share/px4_msgs/msg/ActuatorServosTrim.idl\n'}
[6.546674] (px4_msgs) StdoutLine: {'line': b'-- Up-to-date: /home/giromi/Repos/VTOL/ws_sensor_combined_src/install/px4_msgs/share/px4_msgs/msg/ActuatorTest.idl\n'}
[6.546747] (px4_msgs) StdoutLine: {'line': b'-- Up-to-date: /home/giromi/Repos/VTOL/ws_sensor_combined_src/install/px4_msgs/share/px4_msgs/msg/AdcReport.idl\n'}
[6.546808] (px4_msgs) StdoutLine: {'line': b'-- Up-to-date: /home/giromi/Repos/VTOL/ws_sensor_combined_src/install/px4_msgs/share/px4_msgs/msg/Airspeed.idl\n'}
[6.546862] (px4_msgs) StdoutLine: {'line': b'-- Up-to-date: /home/giromi/Repos/VTOL/ws_sensor_combined_src/install/px4_msgs/share/px4_msgs/msg/AirspeedValidated.idl\n'}
[6.546922] (px4_msgs) StdoutLine: {'line': b'-- Up-to-date: /home/giromi/Repos/VTOL/ws_sensor_combined_src/install/px4_msgs/share/px4_msgs/msg/AirspeedWind.idl\n'}
[6.546999] (px4_msgs) StdoutLine: {'line': b'-- Up-to-date: /home/giromi/Repos/VTOL/ws_sensor_combined_src/install/px4_msgs/share/px4_msgs/msg/ArmingCheckReply.idl\n'}
[6.547106] (px4_msgs) StdoutLine: {'line': b'-- Up-to-date: /home/giromi/Repos/VTOL/ws_sensor_combined_src/install/px4_msgs/share/px4_msgs/msg/ArmingCheckRequest.idl\n'}
[6.547165] (px4_msgs) StdoutLine: {'line': b'-- Up-to-date: /home/giromi/Repos/VTOL/ws_sensor_combined_src/install/px4_msgs/share/px4_msgs/msg/AutotuneAttitudeControlStatus.idl\n'}
[6.547224] (px4_msgs) StdoutLine: {'line': b'-- Up-to-date: /home/giromi/Repos/VTOL/ws_sensor_combined_src/install/px4_msgs/share/px4_msgs/msg/BatteryStatus.idl\n'}
[6.547283] (px4_msgs) StdoutLine: {'line': b'-- Up-to-date: /home/giromi/Repos/VTOL/ws_sensor_combined_src/install/px4_msgs/share/px4_msgs/msg/Buffer128.idl\n'}
[6.547340] (px4_msgs) StdoutLine: {'line': b'-- Up-to-date: /home/giromi/Repos/VTOL/ws_sensor_combined_src/install/px4_msgs/share/px4_msgs/msg/ButtonEvent.idl\n'}
[6.547432] (px4_msgs) StdoutLine: {'line': b'-- Up-to-date: /home/giromi/Repos/VTOL/ws_sensor_combined_src/install/px4_msgs/share/px4_msgs/msg/CameraCapture.idl\n'}
[6.547565] (px4_msgs) StdoutLine: {'line': b'-- Up-to-date: /home/giromi/Repos/VTOL/ws_sensor_combined_src/install/px4_msgs/share/px4_msgs/msg/CameraStatus.idl\n'}
[6.547642] (px4_msgs) StdoutLine: {'line': b'-- Up-to-date: /home/giromi/Repos/VTOL/ws_sensor_combined_src/install/px4_msgs/share/px4_msgs/msg/CameraTrigger.idl\n'}
[6.547770] (px4_msgs) StdoutLine: {'line': b'-- Up-to-date: /home/giromi/Repos/VTOL/ws_sensor_combined_src/install/px4_msgs/share/px4_msgs/msg/CellularStatus.idl\n'}
[6.547953] (px4_msgs) StdoutLine: {'line': b'-- Up-to-date: /home/giromi/Repos/VTOL/ws_sensor_combined_src/install/px4_msgs/share/px4_msgs/msg/CollisionConstraints.idl\n'}
[6.548112] (px4_msgs) StdoutLine: {'line': b'-- Up-to-date: /home/giromi/Repos/VTOL/ws_sensor_combined_src/install/px4_msgs/share/px4_msgs/msg/CollisionReport.idl\n'}
[6.548355] (px4_msgs) StdoutLine: {'line': b'-- Up-to-date: /home/giromi/Repos/VTOL/ws_sensor_combined_src/install/px4_msgs/share/px4_msgs/msg/ConfigOverrides.idl\n'}
[6.548487] (px4_msgs) StdoutLine: {'line': b'-- Up-to-date: /home/giromi/Repos/VTOL/ws_sensor_combined_src/install/px4_msgs/share/px4_msgs/msg/ControlAllocatorStatus.idl\n'}
[6.548640] (px4_msgs) StdoutLine: {'line': b'-- Up-to-date: /home/giromi/Repos/VTOL/ws_sensor_combined_src/install/px4_msgs/share/px4_msgs/msg/Cpuload.idl\n'}
[6.548815] (px4_msgs) StdoutLine: {'line': b'-- Up-to-date: /home/giromi/Repos/VTOL/ws_sensor_combined_src/install/px4_msgs/share/px4_msgs/msg/DatamanRequest.idl\n'}
[6.549148] (px4_msgs) StdoutLine: {'line': b'-- Up-to-date: /home/giromi/Repos/VTOL/ws_sensor_combined_src/install/px4_msgs/share/px4_msgs/msg/DatamanResponse.idl\n'}
[6.549327] (px4_msgs) StdoutLine: {'line': b'-- Up-to-date: /home/giromi/Repos/VTOL/ws_sensor_combined_src/install/px4_msgs/share/px4_msgs/msg/DebugArray.idl\n'}
[6.549430] (px4_msgs) StdoutLine: {'line': b'-- Up-to-date: /home/giromi/Repos/VTOL/ws_sensor_combined_src/install/px4_msgs/share/px4_msgs/msg/DebugKeyValue.idl\n'}
[6.549553] (px4_msgs) StdoutLine: {'line': b'-- Up-to-date: /home/giromi/Repos/VTOL/ws_sensor_combined_src/install/px4_msgs/share/px4_msgs/msg/DebugValue.idl\n'}
[6.549656] (px4_msgs) StdoutLine: {'line': b'-- Up-to-date: /home/giromi/Repos/VTOL/ws_sensor_combined_src/install/px4_msgs/share/px4_msgs/msg/DebugVect.idl\n'}
[6.549738] (px4_msgs) StdoutLine: {'line': b'-- Up-to-date: /home/giromi/Repos/VTOL/ws_sensor_combined_src/install/px4_msgs/share/px4_msgs/msg/DifferentialDriveSetpoint.idl\n'}
[6.549820] (px4_msgs) StdoutLine: {'line': b'-- Up-to-date: /home/giromi/Repos/VTOL/ws_sensor_combined_src/install/px4_msgs/share/px4_msgs/msg/DifferentialPressure.idl\n'}
[6.549912] (px4_msgs) StdoutLine: {'line': b'-- Up-to-date: /home/giromi/Repos/VTOL/ws_sensor_combined_src/install/px4_msgs/share/px4_msgs/msg/DistanceSensor.idl\n'}
[6.549993] (px4_msgs) StdoutLine: {'line': b'-- Up-to-date: /home/giromi/Repos/VTOL/ws_sensor_combined_src/install/px4_msgs/share/px4_msgs/msg/Ekf2Timestamps.idl\n'}
[6.550089] (px4_msgs) StdoutLine: {'line': b'-- Up-to-date: /home/giromi/Repos/VTOL/ws_sensor_combined_src/install/px4_msgs/share/px4_msgs/msg/EscReport.idl\n'}
[6.550204] (px4_msgs) StdoutLine: {'line': b'-- Up-to-date: /home/giromi/Repos/VTOL/ws_sensor_combined_src/install/px4_msgs/share/px4_msgs/msg/EscStatus.idl\n'}
[6.550389] (px4_msgs) StdoutLine: {'line': b'-- Up-to-date: /home/giromi/Repos/VTOL/ws_sensor_combined_src/install/px4_msgs/share/px4_msgs/msg/EstimatorAidSource1d.idl\n'}
[6.550473] (px4_msgs) StdoutLine: {'line': b'-- Up-to-date: /home/giromi/Repos/VTOL/ws_sensor_combined_src/install/px4_msgs/share/px4_msgs/msg/EstimatorAidSource2d.idl\n'}
[6.550554] (px4_msgs) StdoutLine: {'line': b'-- Up-to-date: /home/giromi/Repos/VTOL/ws_sensor_combined_src/install/px4_msgs/share/px4_msgs/msg/EstimatorAidSource3d.idl\n'}
[6.550648] (px4_msgs) StdoutLine: {'line': b'-- Up-to-date: /home/giromi/Repos/VTOL/ws_sensor_combined_src/install/px4_msgs/share/px4_msgs/msg/EstimatorBias.idl\n'}
[6.550791] (px4_msgs) StdoutLine: {'line': b'-- Up-to-date: /home/giromi/Repos/VTOL/ws_sensor_combined_src/install/px4_msgs/share/px4_msgs/msg/EstimatorBias3d.idl\n'}
[6.550936] (px4_msgs) StdoutLine: {'line': b'-- Up-to-date: /home/giromi/Repos/VTOL/ws_sensor_combined_src/install/px4_msgs/share/px4_msgs/msg/EstimatorEventFlags.idl\n'}
[6.550991] (px4_msgs) StdoutLine: {'line': b'-- Up-to-date: /home/giromi/Repos/VTOL/ws_sensor_combined_src/install/px4_msgs/share/px4_msgs/msg/EstimatorGpsStatus.idl\n'}
[6.551046] (px4_msgs) StdoutLine: {'line': b'-- Up-to-date: /home/giromi/Repos/VTOL/ws_sensor_combined_src/install/px4_msgs/share/px4_msgs/msg/EstimatorInnovations.idl\n'}
[6.551110] (px4_msgs) StdoutLine: {'line': b'-- Up-to-date: /home/giromi/Repos/VTOL/ws_sensor_combined_src/install/px4_msgs/share/px4_msgs/msg/EstimatorSelectorStatus.idl\n'}
[6.551185] (px4_msgs) StdoutLine: {'line': b'-- Up-to-date: /home/giromi/Repos/VTOL/ws_sensor_combined_src/install/px4_msgs/share/px4_msgs/msg/EstimatorSensorBias.idl\n'}
[6.551306] (px4_msgs) StdoutLine: {'line': b'-- Up-to-date: /home/giromi/Repos/VTOL/ws_sensor_combined_src/install/px4_msgs/share/px4_msgs/msg/EstimatorStates.idl\n'}
[6.551364] (px4_msgs) StdoutLine: {'line': b'-- Up-to-date: /home/giromi/Repos/VTOL/ws_sensor_combined_src/install/px4_msgs/share/px4_msgs/msg/EstimatorStatus.idl\n'}
[6.551420] (px4_msgs) StdoutLine: {'line': b'-- Up-to-date: /home/giromi/Repos/VTOL/ws_sensor_combined_src/install/px4_msgs/share/px4_msgs/msg/EstimatorStatusFlags.idl\n'}
[6.551536] (px4_msgs) StdoutLine: {'line': b'-- Up-to-date: /home/giromi/Repos/VTOL/ws_sensor_combined_src/install/px4_msgs/share/px4_msgs/msg/Event.idl\n'}
[6.551594] (px4_msgs) StdoutLine: {'line': b'-- Up-to-date: /home/giromi/Repos/VTOL/ws_sensor_combined_src/install/px4_msgs/share/px4_msgs/msg/FailsafeFlags.idl\n'}
[6.551648] (px4_msgs) StdoutLine: {'line': b'-- Up-to-date: /home/giromi/Repos/VTOL/ws_sensor_combined_src/install/px4_msgs/share/px4_msgs/msg/FailureDetectorStatus.idl\n'}
[6.551703] (px4_msgs) StdoutLine: {'line': b'-- Up-to-date: /home/giromi/Repos/VTOL/ws_sensor_combined_src/install/px4_msgs/share/px4_msgs/msg/FigureEightStatus.idl\n'}
[6.551782] (px4_msgs) StdoutLine: {'line': b'-- Up-to-date: /home/giromi/Repos/VTOL/ws_sensor_combined_src/install/px4_msgs/share/px4_msgs/msg/FollowTarget.idl\n'}
[6.551884] (px4_msgs) StdoutLine: {'line': b'-- Up-to-date: /home/giromi/Repos/VTOL/ws_sensor_combined_src/install/px4_msgs/share/px4_msgs/msg/FollowTargetEstimator.idl\n'}
[6.551940] (px4_msgs) StdoutLine: {'line': b'-- Up-to-date: /home/giromi/Repos/VTOL/ws_sensor_combined_src/install/px4_msgs/share/px4_msgs/msg/FollowTargetStatus.idl\n'}
[6.552001] (px4_msgs) StdoutLine: {'line': b'-- Up-to-date: /home/giromi/Repos/VTOL/ws_sensor_combined_src/install/px4_msgs/share/px4_msgs/msg/GeneratorStatus.idl\n'}
[6.552056] (px4_msgs) StdoutLine: {'line': b'-- Up-to-date: /home/giromi/Repos/VTOL/ws_sensor_combined_src/install/px4_msgs/share/px4_msgs/msg/GeofenceResult.idl\n'}
[6.552111] (px4_msgs) StdoutLine: {'line': b'-- Up-to-date: /home/giromi/Repos/VTOL/ws_sensor_combined_src/install/px4_msgs/share/px4_msgs/msg/GimbalControls.idl\n'}
[6.552165] (px4_msgs) StdoutLine: {'line': b'-- Up-to-date: /home/giromi/Repos/VTOL/ws_sensor_combined_src/install/px4_msgs/share/px4_msgs/msg/GimbalDeviceAttitudeStatus.idl\n'}
[6.552219] (px4_msgs) StdoutLine: {'line': b'-- Up-to-date: /home/giromi/Repos/VTOL/ws_sensor_combined_src/install/px4_msgs/share/px4_msgs/msg/GimbalDeviceInformation.idl\n'}
[6.552273] (px4_msgs) StdoutLine: {'line': b'-- Up-to-date: /home/giromi/Repos/VTOL/ws_sensor_combined_src/install/px4_msgs/share/px4_msgs/msg/GimbalDeviceSetAttitude.idl\n'}
[6.552358] (px4_msgs) StdoutLine: {'line': b'-- Up-to-date: /home/giromi/Repos/VTOL/ws_sensor_combined_src/install/px4_msgs/share/px4_msgs/msg/GimbalManagerInformation.idl\n'}
[6.552459] (px4_msgs) StdoutLine: {'line': b'-- Up-to-date: /home/giromi/Repos/VTOL/ws_sensor_combined_src/install/px4_msgs/share/px4_msgs/msg/GimbalManagerSetAttitude.idl\n'}
[6.552514] (px4_msgs) StdoutLine: {'line': b'-- Up-to-date: /home/giromi/Repos/VTOL/ws_sensor_combined_src/install/px4_msgs/share/px4_msgs/msg/GimbalManagerSetManualControl.idl\n'}
[6.552568] (px4_msgs) StdoutLine: {'line': b'-- Up-to-date: /home/giromi/Repos/VTOL/ws_sensor_combined_src/install/px4_msgs/share/px4_msgs/msg/GimbalManagerStatus.idl\n'}
[6.552622] (px4_msgs) StdoutLine: {'line': b'-- Up-to-date: /home/giromi/Repos/VTOL/ws_sensor_combined_src/install/px4_msgs/share/px4_msgs/msg/GotoSetpoint.idl\n'}
[6.552694] (px4_msgs) StdoutLine: {'line': b'-- Up-to-date: /home/giromi/Repos/VTOL/ws_sensor_combined_src/install/px4_msgs/share/px4_msgs/msg/GpioConfig.idl\n'}
[6.552791] (px4_msgs) StdoutLine: {'line': b'-- Up-to-date: /home/giromi/Repos/VTOL/ws_sensor_combined_src/install/px4_msgs/share/px4_msgs/msg/GpioIn.idl\n'}
[6.552849] (px4_msgs) StdoutLine: {'line': b'-- Up-to-date: /home/giromi/Repos/VTOL/ws_sensor_combined_src/install/px4_msgs/share/px4_msgs/msg/GpioOut.idl\n'}
[6.552905] (px4_msgs) StdoutLine: {'line': b'-- Up-to-date: /home/giromi/Repos/VTOL/ws_sensor_combined_src/install/px4_msgs/share/px4_msgs/msg/GpioRequest.idl\n'}
[6.552961] (px4_msgs) StdoutLine: {'line': b'-- Up-to-date: /home/giromi/Repos/VTOL/ws_sensor_combined_src/install/px4_msgs/share/px4_msgs/msg/GpsDump.idl\n'}
[6.553017] (px4_msgs) StdoutLine: {'line': b'-- Up-to-date: /home/giromi/Repos/VTOL/ws_sensor_combined_src/install/px4_msgs/share/px4_msgs/msg/GpsInjectData.idl\n'}
[6.553104] (px4_msgs) StdoutLine: {'line': b'-- Up-to-date: /home/giromi/Repos/VTOL/ws_sensor_combined_src/install/px4_msgs/share/px4_msgs/msg/Gripper.idl\n'}
[6.553158] (px4_msgs) StdoutLine: {'line': b'-- Up-to-date: /home/giromi/Repos/VTOL/ws_sensor_combined_src/install/px4_msgs/share/px4_msgs/msg/HealthReport.idl\n'}
[6.553213] (px4_msgs) StdoutLine: {'line': b'-- Up-to-date: /home/giromi/Repos/VTOL/ws_sensor_combined_src/install/px4_msgs/share/px4_msgs/msg/HeaterStatus.idl\n'}
[6.553267] (px4_msgs) StdoutLine: {'line': b'-- Up-to-date: /home/giromi/Repos/VTOL/ws_sensor_combined_src/install/px4_msgs/share/px4_msgs/msg/HomePosition.idl\n'}
[6.553320] (px4_msgs) StdoutLine: {'line': b'-- Up-to-date: /home/giromi/Repos/VTOL/ws_sensor_combined_src/install/px4_msgs/share/px4_msgs/msg/HoverThrustEstimate.idl\n'}
[6.553374] (px4_msgs) StdoutLine: {'line': b'-- Up-to-date: /home/giromi/Repos/VTOL/ws_sensor_combined_src/install/px4_msgs/share/px4_msgs/msg/InputRc.idl\n'}
[6.553446] (px4_msgs) StdoutLine: {'line': b'-- Up-to-date: /home/giromi/Repos/VTOL/ws_sensor_combined_src/install/px4_msgs/share/px4_msgs/msg/InternalCombustionEngineStatus.idl\n'}
[6.553543] (px4_msgs) StdoutLine: {'line': b'-- Up-to-date: /home/giromi/Repos/VTOL/ws_sensor_combined_src/install/px4_msgs/share/px4_msgs/msg/IridiumsbdStatus.idl\n'}
[6.553597] (px4_msgs) StdoutLine: {'line': b'-- Up-to-date: /home/giromi/Repos/VTOL/ws_sensor_combined_src/install/px4_msgs/share/px4_msgs/msg/IrlockReport.idl\n'}
[6.553652] (px4_msgs) StdoutLine: {'line': b'-- Up-to-date: /home/giromi/Repos/VTOL/ws_sensor_combined_src/install/px4_msgs/share/px4_msgs/msg/LandingGear.idl\n'}
[6.553707] (px4_msgs) StdoutLine: {'line': b'-- Up-to-date: /home/giromi/Repos/VTOL/ws_sensor_combined_src/install/px4_msgs/share/px4_msgs/msg/LandingGearWheel.idl\n'}
[6.553761] (px4_msgs) StdoutLine: {'line': b'-- Up-to-date: /home/giromi/Repos/VTOL/ws_sensor_combined_src/install/px4_msgs/share/px4_msgs/msg/LandingTargetInnovations.idl\n'}
[6.553816] (px4_msgs) StdoutLine: {'line': b'-- Up-to-date: /home/giromi/Repos/VTOL/ws_sensor_combined_src/install/px4_msgs/share/px4_msgs/msg/LandingTargetPose.idl\n'}
[6.553871] (px4_msgs) StdoutLine: {'line': b'-- Up-to-date: /home/giromi/Repos/VTOL/ws_sensor_combined_src/install/px4_msgs/share/px4_msgs/msg/LaunchDetectionStatus.idl\n'}
[6.553926] (px4_msgs) StdoutLine: {'line': b'-- Up-to-date: /home/giromi/Repos/VTOL/ws_sensor_combined_src/install/px4_msgs/share/px4_msgs/msg/LedControl.idl\n'}
[6.554004] (px4_msgs) StdoutLine: {'line': b'-- Up-to-date: /home/giromi/Repos/VTOL/ws_sensor_combined_src/install/px4_msgs/share/px4_msgs/msg/LogMessage.idl\n'}
[6.554098] (px4_msgs) StdoutLine: {'line': b'-- Up-to-date: /home/giromi/Repos/VTOL/ws_sensor_combined_src/install/px4_msgs/share/px4_msgs/msg/LoggerStatus.idl\n'}
[6.554153] (px4_msgs) StdoutLine: {'line': b'-- Up-to-date: /home/giromi/Repos/VTOL/ws_sensor_combined_src/install/px4_msgs/share/px4_msgs/msg/MagWorkerData.idl\n'}
[6.554208] (px4_msgs) StdoutLine: {'line': b'-- Up-to-date: /home/giromi/Repos/VTOL/ws_sensor_combined_src/install/px4_msgs/share/px4_msgs/msg/MagnetometerBiasEstimate.idl\n'}
[6.554262] (px4_msgs) StdoutLine: {'line': b'-- Up-to-date: /home/giromi/Repos/VTOL/ws_sensor_combined_src/install/px4_msgs/share/px4_msgs/msg/ManualControlSetpoint.idl\n'}
[6.554342] (px4_msgs) StdoutLine: {'line': b'-- Up-to-date: /home/giromi/Repos/VTOL/ws_sensor_combined_src/install/px4_msgs/share/px4_msgs/msg/ManualControlSwitches.idl\n'}
[6.554442] (px4_msgs) StdoutLine: {'line': b'-- Up-to-date: /home/giromi/Repos/VTOL/ws_sensor_combined_src/install/px4_msgs/share/px4_msgs/msg/MavlinkLog.idl\n'}
[6.554497] (px4_msgs) StdoutLine: {'line': b'-- Up-to-date: /home/giromi/Repos/VTOL/ws_sensor_combined_src/install/px4_msgs/share/px4_msgs/msg/MavlinkTunnel.idl\n'}
[6.554551] (px4_msgs) StdoutLine: {'line': b'-- Up-to-date: /home/giromi/Repos/VTOL/ws_sensor_combined_src/install/px4_msgs/share/px4_msgs/msg/MessageFormatRequest.idl\n'}
[6.554614] (px4_msgs) StdoutLine: {'line': b'-- Up-to-date: /home/giromi/Repos/VTOL/ws_sensor_combined_src/install/px4_msgs/share/px4_msgs/msg/MessageFormatResponse.idl\n'}
[6.554686] (px4_msgs) StdoutLine: {'line': b'-- Up-to-date: /home/giromi/Repos/VTOL/ws_sensor_combined_src/install/px4_msgs/share/px4_msgs/msg/Mission.idl\n'}
[6.554785] (px4_msgs) StdoutLine: {'line': b'-- Up-to-date: /home/giromi/Repos/VTOL/ws_sensor_combined_src/install/px4_msgs/share/px4_msgs/msg/MissionResult.idl\n'}
[6.554840] (px4_msgs) StdoutLine: {'line': b'-- Up-to-date: /home/giromi/Repos/VTOL/ws_sensor_combined_src/install/px4_msgs/share/px4_msgs/msg/ModeCompleted.idl\n'}
[6.554894] (px4_msgs) StdoutLine: {'line': b'-- Up-to-date: /home/giromi/Repos/VTOL/ws_sensor_combined_src/install/px4_msgs/share/px4_msgs/msg/MountOrientation.idl\n'}
[6.554948] (px4_msgs) StdoutLine: {'line': b'-- Up-to-date: /home/giromi/Repos/VTOL/ws_sensor_combined_src/install/px4_msgs/share/px4_msgs/msg/NavigatorMissionItem.idl\n'}
[6.555002] (px4_msgs) StdoutLine: {'line': b'-- Up-to-date: /home/giromi/Repos/VTOL/ws_sensor_combined_src/install/px4_msgs/share/px4_msgs/msg/NormalizedUnsignedSetpoint.idl\n'}
[6.555057] (px4_msgs) StdoutLine: {'line': b'-- Up-to-date: /home/giromi/Repos/VTOL/ws_sensor_combined_src/install/px4_msgs/share/px4_msgs/msg/NpfgStatus.idl\n'}
[6.555124] (px4_msgs) StdoutLine: {'line': b'-- Up-to-date: /home/giromi/Repos/VTOL/ws_sensor_combined_src/install/px4_msgs/share/px4_msgs/msg/ObstacleDistance.idl\n'}
[6.555215] (px4_msgs) StdoutLine: {'line': b'-- Up-to-date: /home/giromi/Repos/VTOL/ws_sensor_combined_src/install/px4_msgs/share/px4_msgs/msg/OffboardControlMode.idl\n'}
[6.555327] (px4_msgs) StdoutLine: {'line': b'-- Up-to-date: /home/giromi/Repos/VTOL/ws_sensor_combined_src/install/px4_msgs/share/px4_msgs/msg/OnboardComputerStatus.idl\n'}
[6.555388] (px4_msgs) StdoutLine: {'line': b'-- Up-to-date: /home/giromi/Repos/VTOL/ws_sensor_combined_src/install/px4_msgs/share/px4_msgs/msg/OrbTest.idl\n'}
[6.555471] (px4_msgs) StdoutLine: {'line': b'-- Up-to-date: /home/giromi/Repos/VTOL/ws_sensor_combined_src/install/px4_msgs/share/px4_msgs/msg/OrbTestLarge.idl\n'}
[6.555559] (px4_msgs) StdoutLine: {'line': b'-- Up-to-date: /home/giromi/Repos/VTOL/ws_sensor_combined_src/install/px4_msgs/share/px4_msgs/msg/OrbTestMedium.idl\n'}
[6.555615] (px4_msgs) StdoutLine: {'line': b'-- Up-to-date: /home/giromi/Repos/VTOL/ws_sensor_combined_src/install/px4_msgs/share/px4_msgs/msg/OrbitStatus.idl\n'}
[6.555670] (px4_msgs) StdoutLine: {'line': b'-- Up-to-date: /home/giromi/Repos/VTOL/ws_sensor_combined_src/install/px4_msgs/share/px4_msgs/msg/ParameterUpdate.idl\n'}
[6.555726] (px4_msgs) StdoutLine: {'line': b'-- Up-to-date: /home/giromi/Repos/VTOL/ws_sensor_combined_src/install/px4_msgs/share/px4_msgs/msg/Ping.idl\n'}
[6.555800] (px4_msgs) StdoutLine: {'line': b'-- Up-to-date: /home/giromi/Repos/VTOL/ws_sensor_combined_src/install/px4_msgs/share/px4_msgs/msg/PositionControllerLandingStatus.idl\n'}
[6.555898] (px4_msgs) StdoutLine: {'line': b'-- Up-to-date: /home/giromi/Repos/VTOL/ws_sensor_combined_src/install/px4_msgs/share/px4_msgs/msg/PositionControllerStatus.idl\n'}
[6.555953] (px4_msgs) StdoutLine: {'line': b'-- Up-to-date: /home/giromi/Repos/VTOL/ws_sensor_combined_src/install/px4_msgs/share/px4_msgs/msg/PositionSetpoint.idl\n'}
[6.556015] (px4_msgs) StdoutLine: {'line': b'-- Up-to-date: /home/giromi/Repos/VTOL/ws_sensor_combined_src/install/px4_msgs/share/px4_msgs/msg/PositionSetpointTriplet.idl\n'}
[6.556070] (px4_msgs) StdoutLine: {'line': b'-- Up-to-date: /home/giromi/Repos/VTOL/ws_sensor_combined_src/install/px4_msgs/share/px4_msgs/msg/PowerButtonState.idl\n'}
[6.556125] (px4_msgs) StdoutLine: {'line': b'-- Up-to-date: /home/giromi/Repos/VTOL/ws_sensor_combined_src/install/px4_msgs/share/px4_msgs/msg/PowerMonitor.idl\n'}
[6.556183] (px4_msgs) StdoutLine: {'line': b'-- Up-to-date: /home/giromi/Repos/VTOL/ws_sensor_combined_src/install/px4_msgs/share/px4_msgs/msg/PpsCapture.idl\n'}
[6.556239] (px4_msgs) StdoutLine: {'line': b'-- Up-to-date: /home/giromi/Repos/VTOL/ws_sensor_combined_src/install/px4_msgs/share/px4_msgs/msg/PwmInput.idl\n'}
[6.556293] (px4_msgs) StdoutLine: {'line': b'-- Up-to-date: /home/giromi/Repos/VTOL/ws_sensor_combined_src/install/px4_msgs/share/px4_msgs/msg/Px4ioStatus.idl\n'}
[6.556367] (px4_msgs) StdoutLine: {'line': b'-- Up-to-date: /home/giromi/Repos/VTOL/ws_sensor_combined_src/install/px4_msgs/share/px4_msgs/msg/QshellReq.idl\n'}
[6.556468] (px4_msgs) StdoutLine: {'line': b'-- Up-to-date: /home/giromi/Repos/VTOL/ws_sensor_combined_src/install/px4_msgs/share/px4_msgs/msg/QshellRetval.idl\n'}
[6.556581] (px4_msgs) StdoutLine: {'line': b'-- Up-to-date: /home/giromi/Repos/VTOL/ws_sensor_combined_src/install/px4_msgs/share/px4_msgs/msg/RadioStatus.idl\n'}
[6.556636] (px4_msgs) StdoutLine: {'line': b'-- Up-to-date: /home/giromi/Repos/VTOL/ws_sensor_combined_src/install/px4_msgs/share/px4_msgs/msg/RateCtrlStatus.idl\n'}
[6.556690] (px4_msgs) StdoutLine: {'line': b'-- Up-to-date: /home/giromi/Repos/VTOL/ws_sensor_combined_src/install/px4_msgs/share/px4_msgs/msg/RcChannels.idl\n'}
[6.556744] (px4_msgs) StdoutLine: {'line': b'-- Up-to-date: /home/giromi/Repos/VTOL/ws_sensor_combined_src/install/px4_msgs/share/px4_msgs/msg/RcParameterMap.idl\n'}
[6.556799] (px4_msgs) StdoutLine: {'line': b'-- Up-to-date: /home/giromi/Repos/VTOL/ws_sensor_combined_src/install/px4_msgs/share/px4_msgs/msg/RegisterExtComponentReply.idl\n'}
[6.556854] (px4_msgs) StdoutLine: {'line': b'-- Up-to-date: /home/giromi/Repos/VTOL/ws_sensor_combined_src/install/px4_msgs/share/px4_msgs/msg/RegisterExtComponentRequest.idl\n'}
[6.556908] (px4_msgs) StdoutLine: {'line': b'-- Up-to-date: /home/giromi/Repos/VTOL/ws_sensor_combined_src/install/px4_msgs/share/px4_msgs/msg/Rpm.idl\n'}
[6.556971] (px4_msgs) StdoutLine: {'line': b'-- Up-to-date: /home/giromi/Repos/VTOL/ws_sensor_combined_src/install/px4_msgs/share/px4_msgs/msg/RtlTimeEstimate.idl\n'}
[6.557026] (px4_msgs) StdoutLine: {'line': b'-- Up-to-date: /home/giromi/Repos/VTOL/ws_sensor_combined_src/install/px4_msgs/share/px4_msgs/msg/SatelliteInfo.idl\n'}
[6.557080] (px4_msgs) StdoutLine: {'line': b'-- Up-to-date: /home/giromi/Repos/VTOL/ws_sensor_combined_src/install/px4_msgs/share/px4_msgs/msg/SensorAccel.idl\n'}
[6.557153] (px4_msgs) StdoutLine: {'line': b'-- Up-to-date: /home/giromi/Repos/VTOL/ws_sensor_combined_src/install/px4_msgs/share/px4_msgs/msg/SensorAccelFifo.idl\n'}
[6.557254] (px4_msgs) StdoutLine: {'line': b'-- Up-to-date: /home/giromi/Repos/VTOL/ws_sensor_combined_src/install/px4_msgs/share/px4_msgs/msg/SensorAirflow.idl\n'}
[6.557309] (px4_msgs) StdoutLine: {'line': b'-- Up-to-date: /home/giromi/Repos/VTOL/ws_sensor_combined_src/install/px4_msgs/share/px4_msgs/msg/SensorBaro.idl\n'}
[6.557362] (px4_msgs) StdoutLine: {'line': b'-- Up-to-date: /home/giromi/Repos/VTOL/ws_sensor_combined_src/install/px4_msgs/share/px4_msgs/msg/SensorCombined.idl\n'}
[6.557416] (px4_msgs) StdoutLine: {'line': b'-- Up-to-date: /home/giromi/Repos/VTOL/ws_sensor_combined_src/install/px4_msgs/share/px4_msgs/msg/SensorCorrection.idl\n'}
[6.557471] (px4_msgs) StdoutLine: {'line': b'-- Up-to-date: /home/giromi/Repos/VTOL/ws_sensor_combined_src/install/px4_msgs/share/px4_msgs/msg/SensorGnssRelative.idl\n'}
[6.557526] (px4_msgs) StdoutLine: {'line': b'-- Up-to-date: /home/giromi/Repos/VTOL/ws_sensor_combined_src/install/px4_msgs/share/px4_msgs/msg/SensorGps.idl\n'}
[6.557585] (px4_msgs) StdoutLine: {'line': b'-- Up-to-date: /home/giromi/Repos/VTOL/ws_sensor_combined_src/install/px4_msgs/share/px4_msgs/msg/SensorGyro.idl\n'}
[6.557642] (px4_msgs) StdoutLine: {'line': b'-- Up-to-date: /home/giromi/Repos/VTOL/ws_sensor_combined_src/install/px4_msgs/share/px4_msgs/msg/SensorGyroFft.idl\n'}
[6.557716] (px4_msgs) StdoutLine: {'line': b'-- Up-to-date: /home/giromi/Repos/VTOL/ws_sensor_combined_src/install/px4_msgs/share/px4_msgs/msg/SensorGyroFifo.idl\n'}
[6.557804] (px4_msgs) StdoutLine: {'line': b'-- Up-to-date: /home/giromi/Repos/VTOL/ws_sensor_combined_src/install/px4_msgs/share/px4_msgs/msg/SensorHygrometer.idl\n'}
[6.557861] (px4_msgs) StdoutLine: {'line': b'-- Up-to-date: /home/giromi/Repos/VTOL/ws_sensor_combined_src/install/px4_msgs/share/px4_msgs/msg/SensorMag.idl\n'}
[6.557917] (px4_msgs) StdoutLine: {'line': b'-- Up-to-date: /home/giromi/Repos/VTOL/ws_sensor_combined_src/install/px4_msgs/share/px4_msgs/msg/SensorOpticalFlow.idl\n'}
[6.557973] (px4_msgs) StdoutLine: {'line': b'-- Up-to-date: /home/giromi/Repos/VTOL/ws_sensor_combined_src/install/px4_msgs/share/px4_msgs/msg/SensorPreflightMag.idl\n'}
[6.558030] (px4_msgs) StdoutLine: {'line': b'-- Up-to-date: /home/giromi/Repos/VTOL/ws_sensor_combined_src/install/px4_msgs/share/px4_msgs/msg/SensorSelection.idl\n'}
[6.558118] (px4_msgs) StdoutLine: {'line': b'-- Up-to-date: /home/giromi/Repos/VTOL/ws_sensor_combined_src/install/px4_msgs/share/px4_msgs/msg/SensorUwb.idl\n'}
[6.558173] (px4_msgs) StdoutLine: {'line': b'-- Up-to-date: /home/giromi/Repos/VTOL/ws_sensor_combined_src/install/px4_msgs/share/px4_msgs/msg/SensorsStatus.idl\n'}
[6.558232] (px4_msgs) StdoutLine: {'line': b'-- Up-to-date: /home/giromi/Repos/VTOL/ws_sensor_combined_src/install/px4_msgs/share/px4_msgs/msg/SensorsStatusImu.idl\n'}
[6.558287] (px4_msgs) StdoutLine: {'line': b'-- Up-to-date: /home/giromi/Repos/VTOL/ws_sensor_combined_src/install/px4_msgs/share/px4_msgs/msg/SystemPower.idl\n'}
[6.558360] (px4_msgs) StdoutLine: {'line': b'-- Up-to-date: /home/giromi/Repos/VTOL/ws_sensor_combined_src/install/px4_msgs/share/px4_msgs/msg/TakeoffStatus.idl\n'}
[6.558459] (px4_msgs) StdoutLine: {'line': b'-- Up-to-date: /home/giromi/Repos/VTOL/ws_sensor_combined_src/install/px4_msgs/share/px4_msgs/msg/TaskStackInfo.idl\n'}
[6.558513] (px4_msgs) StdoutLine: {'line': b'-- Up-to-date: /home/giromi/Repos/VTOL/ws_sensor_combined_src/install/px4_msgs/share/px4_msgs/msg/TecsStatus.idl\n'}
[6.558568] (px4_msgs) StdoutLine: {'line': b'-- Up-to-date: /home/giromi/Repos/VTOL/ws_sensor_combined_src/install/px4_msgs/share/px4_msgs/msg/TelemetryStatus.idl\n'}
[6.558622] (px4_msgs) StdoutLine: {'line': b'-- Up-to-date: /home/giromi/Repos/VTOL/ws_sensor_combined_src/install/px4_msgs/share/px4_msgs/msg/TiltrotorExtraControls.idl\n'}
[6.558676] (px4_msgs) StdoutLine: {'line': b'-- Up-to-date: /home/giromi/Repos/VTOL/ws_sensor_combined_src/install/px4_msgs/share/px4_msgs/msg/TimesyncStatus.idl\n'}
[6.558730] (px4_msgs) StdoutLine: {'line': b'-- Up-to-date: /home/giromi/Repos/VTOL/ws_sensor_combined_src/install/px4_msgs/share/px4_msgs/msg/TrajectoryBezier.idl\n'}
[6.558807] (px4_msgs) StdoutLine: {'line': b'-- Up-to-date: /home/giromi/Repos/VTOL/ws_sensor_combined_src/install/px4_msgs/share/px4_msgs/msg/TrajectorySetpoint.idl\n'}
[6.558905] (px4_msgs) StdoutLine: {'line': b'-- Up-to-date: /home/giromi/Repos/VTOL/ws_sensor_combined_src/install/px4_msgs/share/px4_msgs/msg/TrajectoryWaypoint.idl\n'}
[6.558959] (px4_msgs) StdoutLine: {'line': b'-- Up-to-date: /home/giromi/Repos/VTOL/ws_sensor_combined_src/install/px4_msgs/share/px4_msgs/msg/TransponderReport.idl\n'}
[6.559014] (px4_msgs) StdoutLine: {'line': b'-- Up-to-date: /home/giromi/Repos/VTOL/ws_sensor_combined_src/install/px4_msgs/share/px4_msgs/msg/TuneControl.idl\n'}
[6.559069] (px4_msgs) StdoutLine: {'line': b'-- Up-to-date: /home/giromi/Repos/VTOL/ws_sensor_combined_src/install/px4_msgs/share/px4_msgs/msg/UavcanParameterRequest.idl\n'}
[6.559128] (px4_msgs) StdoutLine: {'line': b'-- Up-to-date: /home/giromi/Repos/VTOL/ws_sensor_combined_src/install/px4_msgs/share/px4_msgs/msg/UavcanParameterValue.idl\n'}
[6.559190] (px4_msgs) StdoutLine: {'line': b'-- Up-to-date: /home/giromi/Repos/VTOL/ws_sensor_combined_src/install/px4_msgs/share/px4_msgs/msg/UlogStream.idl\n'}
[6.559244] (px4_msgs) StdoutLine: {'line': b'-- Up-to-date: /home/giromi/Repos/VTOL/ws_sensor_combined_src/install/px4_msgs/share/px4_msgs/msg/UlogStreamAck.idl\n'}
[6.559319] (px4_msgs) StdoutLine: {'line': b'-- Up-to-date: /home/giromi/Repos/VTOL/ws_sensor_combined_src/install/px4_msgs/share/px4_msgs/msg/UnregisterExtComponent.idl\n'}
[6.559397] (px4_msgs) StdoutLine: {'line': b'-- Up-to-date: /home/giromi/Repos/VTOL/ws_sensor_combined_src/install/px4_msgs/share/px4_msgs/msg/VehicleAcceleration.idl\n'}
[6.559543] (px4_msgs) StdoutLine: {'line': b'-- Up-to-date: /home/giromi/Repos/VTOL/ws_sensor_combined_src/install/px4_msgs/share/px4_msgs/msg/VehicleAirData.idl\n'}
[6.559599] (px4_msgs) StdoutLine: {'line': b'-- Up-to-date: /home/giromi/Repos/VTOL/ws_sensor_combined_src/install/px4_msgs/share/px4_msgs/msg/VehicleAngularAccelerationSetpoint.idl\n'}
[6.559715] (px4_msgs) StdoutLine: {'line': b'-- Up-to-date: /home/giromi/Repos/VTOL/ws_sensor_combined_src/install/px4_msgs/share/px4_msgs/msg/VehicleAngularVelocity.idl\n'}
[6.559826] (px4_msgs) StdoutLine: {'line': b'-- Up-to-date: /home/giromi/Repos/VTOL/ws_sensor_combined_src/install/px4_msgs/share/px4_msgs/msg/VehicleAttitude.idl\n'}
[6.559900] (px4_msgs) StdoutLine: {'line': b'-- Up-to-date: /home/giromi/Repos/VTOL/ws_sensor_combined_src/install/px4_msgs/share/px4_msgs/msg/VehicleAttitudeSetpoint.idl\n'}
[6.559954] (px4_msgs) StdoutLine: {'line': b'-- Up-to-date: /home/giromi/Repos/VTOL/ws_sensor_combined_src/install/px4_msgs/share/px4_msgs/msg/VehicleCommand.idl\n'}
[6.560009] (px4_msgs) StdoutLine: {'line': b'-- Up-to-date: /home/giromi/Repos/VTOL/ws_sensor_combined_src/install/px4_msgs/share/px4_msgs/msg/VehicleCommandAck.idl\n'}
[6.560064] (px4_msgs) StdoutLine: {'line': b'-- Up-to-date: /home/giromi/Repos/VTOL/ws_sensor_combined_src/install/px4_msgs/share/px4_msgs/msg/VehicleConstraints.idl\n'}
[6.560183] (px4_msgs) StdoutLine: {'line': b'-- Up-to-date: /home/giromi/Repos/VTOL/ws_sensor_combined_src/install/px4_msgs/share/px4_msgs/msg/VehicleControlMode.idl\n'}
[6.560238] (px4_msgs) StdoutLine: {'line': b'-- Up-to-date: /home/giromi/Repos/VTOL/ws_sensor_combined_src/install/px4_msgs/share/px4_msgs/msg/VehicleGlobalPosition.idl\n'}
[6.560292] (px4_msgs) StdoutLine: {'line': b'-- Up-to-date: /home/giromi/Repos/VTOL/ws_sensor_combined_src/install/px4_msgs/share/px4_msgs/msg/VehicleImu.idl\n'}
[6.560346] (px4_msgs) StdoutLine: {'line': b'-- Up-to-date: /home/giromi/Repos/VTOL/ws_sensor_combined_src/install/px4_msgs/share/px4_msgs/msg/VehicleImuStatus.idl\n'}
[6.560400] (px4_msgs) StdoutLine: {'line': b'-- Up-to-date: /home/giromi/Repos/VTOL/ws_sensor_combined_src/install/px4_msgs/share/px4_msgs/msg/VehicleLandDetected.idl\n'}
[6.560461] (px4_msgs) StdoutLine: {'line': b'-- Up-to-date: /home/giromi/Repos/VTOL/ws_sensor_combined_src/install/px4_msgs/share/px4_msgs/msg/VehicleLocalPosition.idl\n'}
[6.560537] (px4_msgs) StdoutLine: {'line': b'-- Up-to-date: /home/giromi/Repos/VTOL/ws_sensor_combined_src/install/px4_msgs/share/px4_msgs/msg/VehicleLocalPositionSetpoint.idl\n'}
[6.560643] (px4_msgs) StdoutLine: {'line': b'-- Up-to-date: /home/giromi/Repos/VTOL/ws_sensor_combined_src/install/px4_msgs/share/px4_msgs/msg/VehicleMagnetometer.idl\n'}
[6.560699] (px4_msgs) StdoutLine: {'line': b'-- Up-to-date: /home/giromi/Repos/VTOL/ws_sensor_combined_src/install/px4_msgs/share/px4_msgs/msg/VehicleOdometry.idl\n'}
[6.560754] (px4_msgs) StdoutLine: {'line': b'-- Up-to-date: /home/giromi/Repos/VTOL/ws_sensor_combined_src/install/px4_msgs/share/px4_msgs/msg/VehicleOpticalFlow.idl\n'}
[6.560810] (px4_msgs) StdoutLine: {'line': b'-- Up-to-date: /home/giromi/Repos/VTOL/ws_sensor_combined_src/install/px4_msgs/share/px4_msgs/msg/VehicleOpticalFlowVel.idl\n'}
[6.560870] (px4_msgs) StdoutLine: {'line': b'-- Up-to-date: /home/giromi/Repos/VTOL/ws_sensor_combined_src/install/px4_msgs/share/px4_msgs/msg/VehicleRatesSetpoint.idl\n'}
[6.560925] (px4_msgs) StdoutLine: {'line': b'-- Up-to-date: /home/giromi/Repos/VTOL/ws_sensor_combined_src/install/px4_msgs/share/px4_msgs/msg/VehicleRoi.idl\n'}
[6.560980] (px4_msgs) StdoutLine: {'line': b'-- Up-to-date: /home/giromi/Repos/VTOL/ws_sensor_combined_src/install/px4_msgs/share/px4_msgs/msg/VehicleStatus.idl\n'}
[6.561034] (px4_msgs) StdoutLine: {'line': b'-- Up-to-date: /home/giromi/Repos/VTOL/ws_sensor_combined_src/install/px4_msgs/share/px4_msgs/msg/VehicleThrustSetpoint.idl\n'}
[6.561106] (px4_msgs) StdoutLine: {'line': b'-- Up-to-date: /home/giromi/Repos/VTOL/ws_sensor_combined_src/install/px4_msgs/share/px4_msgs/msg/VehicleTorqueSetpoint.idl\n'}
[6.561204] (px4_msgs) StdoutLine: {'line': b'-- Up-to-date: /home/giromi/Repos/VTOL/ws_sensor_combined_src/install/px4_msgs/share/px4_msgs/msg/VehicleTrajectoryBezier.idl\n'}
[6.561259] (px4_msgs) StdoutLine: {'line': b'-- Up-to-date: /home/giromi/Repos/VTOL/ws_sensor_combined_src/install/px4_msgs/share/px4_msgs/msg/VehicleTrajectoryWaypoint.idl\n'}
[6.561314] (px4_msgs) StdoutLine: {'line': b'-- Up-to-date: /home/giromi/Repos/VTOL/ws_sensor_combined_src/install/px4_msgs/share/px4_msgs/msg/VelocityLimits.idl\n'}
[6.561369] (px4_msgs) StdoutLine: {'line': b'-- Up-to-date: /home/giromi/Repos/VTOL/ws_sensor_combined_src/install/px4_msgs/share/px4_msgs/msg/VtolVehicleStatus.idl\n'}
[6.561423] (px4_msgs) StdoutLine: {'line': b'-- Up-to-date: /home/giromi/Repos/VTOL/ws_sensor_combined_src/install/px4_msgs/share/px4_msgs/msg/WheelEncoders.idl\n'}
[6.561549] (px4_msgs) StdoutLine: {'line': b'-- Up-to-date: /home/giromi/Repos/VTOL/ws_sensor_combined_src/install/px4_msgs/share/px4_msgs/msg/Wind.idl\n'}
[6.561613] (px4_msgs) StdoutLine: {'line': b'-- Up-to-date: /home/giromi/Repos/VTOL/ws_sensor_combined_src/install/px4_msgs/share/px4_msgs/msg/YawEstimatorStatus.idl\n'}
[6.561671] (px4_msgs) StdoutLine: {'line': b'-- Up-to-date: /home/giromi/Repos/VTOL/ws_sensor_combined_src/install/px4_msgs/share/px4_msgs/srv/VehicleCommand.idl\n'}
[6.561726] (px4_msgs) StdoutLine: {'line': b'-- Up-to-date: /home/giromi/Repos/VTOL/ws_sensor_combined_src/install/px4_msgs/share/px4_msgs/msg/ActionRequest.msg\n'}
[6.561803] (px4_msgs) StdoutLine: {'line': b'-- Up-to-date: /home/giromi/Repos/VTOL/ws_sensor_combined_src/install/px4_msgs/share/px4_msgs/msg/ActuatorArmed.msg\n'}
[6.561907] (px4_msgs) StdoutLine: {'line': b'-- Up-to-date: /home/giromi/Repos/VTOL/ws_sensor_combined_src/install/px4_msgs/share/px4_msgs/msg/ActuatorControlsStatus.msg\n'}
[6.561962] (px4_msgs) StdoutLine: {'line': b'-- Up-to-date: /home/giromi/Repos/VTOL/ws_sensor_combined_src/install/px4_msgs/share/px4_msgs/msg/ActuatorMotors.msg\n'}
[6.562016] (px4_msgs) StdoutLine: {'line': b'-- Up-to-date: /home/giromi/Repos/VTOL/ws_sensor_combined_src/install/px4_msgs/share/px4_msgs/msg/ActuatorOutputs.msg\n'}
[6.562070] (px4_msgs) StdoutLine: {'line': b'-- Up-to-date: /home/giromi/Repos/VTOL/ws_sensor_combined_src/install/px4_msgs/share/px4_msgs/msg/ActuatorServos.msg\n'}
[6.562123] (px4_msgs) StdoutLine: {'line': b'-- Up-to-date: /home/giromi/Repos/VTOL/ws_sensor_combined_src/install/px4_msgs/share/px4_msgs/msg/ActuatorServosTrim.msg\n'}
[6.562178] (px4_msgs) StdoutLine: {'line': b'-- Up-to-date: /home/giromi/Repos/VTOL/ws_sensor_combined_src/install/px4_msgs/share/px4_msgs/msg/ActuatorTest.msg\n'}
[6.562279] (px4_msgs) StdoutLine: {'line': b'-- Up-to-date: /home/giromi/Repos/VTOL/ws_sensor_combined_src/install/px4_msgs/share/px4_msgs/msg/AdcReport.msg\n'}
[6.562351] (px4_msgs) StdoutLine: {'line': b'-- Up-to-date: /home/giromi/Repos/VTOL/ws_sensor_combined_src/install/px4_msgs/share/px4_msgs/msg/Airspeed.msg\n'}
[6.562405] (px4_msgs) StdoutLine: {'line': b'-- Up-to-date: /home/giromi/Repos/VTOL/ws_sensor_combined_src/install/px4_msgs/share/px4_msgs/msg/AirspeedValidated.msg\n'}
[6.562459] (px4_msgs) StdoutLine: {'line': b'-- Up-to-date: /home/giromi/Repos/VTOL/ws_sensor_combined_src/install/px4_msgs/share/px4_msgs/msg/AirspeedWind.msg\n'}
[6.562519] (px4_msgs) StdoutLine: {'line': b'-- Up-to-date: /home/giromi/Repos/VTOL/ws_sensor_combined_src/install/px4_msgs/share/px4_msgs/msg/ArmingCheckReply.msg\n'}
[6.562577] (px4_msgs) StdoutLine: {'line': b'-- Up-to-date: /home/giromi/Repos/VTOL/ws_sensor_combined_src/install/px4_msgs/share/px4_msgs/msg/ArmingCheckRequest.msg\n'}
[6.562631] (px4_msgs) StdoutLine: {'line': b'-- Up-to-date: /home/giromi/Repos/VTOL/ws_sensor_combined_src/install/px4_msgs/share/px4_msgs/msg/AutotuneAttitudeControlStatus.msg\n'}
[6.562686] (px4_msgs) StdoutLine: {'line': b'-- Up-to-date: /home/giromi/Repos/VTOL/ws_sensor_combined_src/install/px4_msgs/share/px4_msgs/msg/BatteryStatus.msg\n'}
[6.562739] (px4_msgs) StdoutLine: {'line': b'-- Up-to-date: /home/giromi/Repos/VTOL/ws_sensor_combined_src/install/px4_msgs/share/px4_msgs/msg/Buffer128.msg\n'}
[6.562807] (px4_msgs) StdoutLine: {'line': b'-- Up-to-date: /home/giromi/Repos/VTOL/ws_sensor_combined_src/install/px4_msgs/share/px4_msgs/msg/ButtonEvent.msg\n'}
[6.562906] (px4_msgs) StdoutLine: {'line': b'-- Up-to-date: /home/giromi/Repos/VTOL/ws_sensor_combined_src/install/px4_msgs/share/px4_msgs/msg/CameraCapture.msg\n'}
[6.562960] (px4_msgs) StdoutLine: {'line': b'-- Up-to-date: /home/giromi/Repos/VTOL/ws_sensor_combined_src/install/px4_msgs/share/px4_msgs/msg/CameraStatus.msg\n'}
[6.563015] (px4_msgs) StdoutLine: {'line': b'-- Up-to-date: /home/giromi/Repos/VTOL/ws_sensor_combined_src/install/px4_msgs/share/px4_msgs/msg/CameraTrigger.msg\n'}
[6.563069] (px4_msgs) StdoutLine: {'line': b'-- Up-to-date: /home/giromi/Repos/VTOL/ws_sensor_combined_src/install/px4_msgs/share/px4_msgs/msg/CellularStatus.msg\n'}
[6.563136] (px4_msgs) StdoutLine: {'line': b'-- Up-to-date: /home/giromi/Repos/VTOL/ws_sensor_combined_src/install/px4_msgs/share/px4_msgs/msg/CollisionConstraints.msg\n'}
[6.563228] (px4_msgs) StdoutLine: {'line': b'-- Up-to-date: /home/giromi/Repos/VTOL/ws_sensor_combined_src/install/px4_msgs/share/px4_msgs/msg/CollisionReport.msg\n'}
[6.563282] (px4_msgs) StdoutLine: {'line': b'-- Up-to-date: /home/giromi/Repos/VTOL/ws_sensor_combined_src/install/px4_msgs/share/px4_msgs/msg/ConfigOverrides.msg\n'}
[6.563337] (px4_msgs) StdoutLine: {'line': b'-- Up-to-date: /home/giromi/Repos/VTOL/ws_sensor_combined_src/install/px4_msgs/share/px4_msgs/msg/ControlAllocatorStatus.msg\n'}
[6.563391] (px4_msgs) StdoutLine: {'line': b'-- Up-to-date: /home/giromi/Repos/VTOL/ws_sensor_combined_src/install/px4_msgs/share/px4_msgs/msg/Cpuload.msg\n'}
[6.563476] (px4_msgs) StdoutLine: {'line': b'-- Up-to-date: /home/giromi/Repos/VTOL/ws_sensor_combined_src/install/px4_msgs/share/px4_msgs/msg/DatamanRequest.msg\n'}
[6.563637] (px4_msgs) StdoutLine: {'line': b'-- Up-to-date: /home/giromi/Repos/VTOL/ws_sensor_combined_src/install/px4_msgs/share/px4_msgs/msg/DatamanResponse.msg\n'}
[6.563790] (px4_msgs) StdoutLine: {'line': b'-- Up-to-date: /home/giromi/Repos/VTOL/ws_sensor_combined_src/install/px4_msgs/share/px4_msgs/msg/DebugArray.msg\n'}
[6.563848] (px4_msgs) StdoutLine: {'line': b'-- Up-to-date: /home/giromi/Repos/VTOL/ws_sensor_combined_src/install/px4_msgs/share/px4_msgs/msg/DebugKeyValue.msg\n'}
[6.563904] (px4_msgs) StdoutLine: {'line': b'-- Up-to-date: /home/giromi/Repos/VTOL/ws_sensor_combined_src/install/px4_msgs/share/px4_msgs/msg/DebugValue.msg\n'}
[6.563970] (px4_msgs) StdoutLine: {'line': b'-- Up-to-date: /home/giromi/Repos/VTOL/ws_sensor_combined_src/install/px4_msgs/share/px4_msgs/msg/DebugVect.msg\n'}
[6.564045] (px4_msgs) StdoutLine: {'line': b'-- Up-to-date: /home/giromi/Repos/VTOL/ws_sensor_combined_src/install/px4_msgs/share/px4_msgs/msg/DifferentialDriveSetpoint.msg\n'}
[6.564167] (px4_msgs) StdoutLine: {'line': b'-- Up-to-date: /home/giromi/Repos/VTOL/ws_sensor_combined_src/install/px4_msgs/share/px4_msgs/msg/DifferentialPressure.msg\n'}
[6.564258] (px4_msgs) StdoutLine: {'line': b'-- Up-to-date: /home/giromi/Repos/VTOL/ws_sensor_combined_src/install/px4_msgs/share/px4_msgs/msg/DistanceSensor.msg\n'}
[6.564392] (px4_msgs) StdoutLine: {'line': b'-- Up-to-date: /home/giromi/Repos/VTOL/ws_sensor_combined_src/install/px4_msgs/share/px4_msgs/msg/Ekf2Timestamps.msg\n'}
[6.564447] (px4_msgs) StdoutLine: {'line': b'-- Up-to-date: /home/giromi/Repos/VTOL/ws_sensor_combined_src/install/px4_msgs/share/px4_msgs/msg/EscReport.msg\n'}
[6.564501] (px4_msgs) StdoutLine: {'line': b'-- Up-to-date: /home/giromi/Repos/VTOL/ws_sensor_combined_src/install/px4_msgs/share/px4_msgs/msg/EscStatus.msg\n'}
[6.564556] (px4_msgs) StdoutLine: {'line': b'-- Up-to-date: /home/giromi/Repos/VTOL/ws_sensor_combined_src/install/px4_msgs/share/px4_msgs/msg/EstimatorAidSource1d.msg\n'}
[6.564610] (px4_msgs) StdoutLine: {'line': b'-- Up-to-date: /home/giromi/Repos/VTOL/ws_sensor_combined_src/install/px4_msgs/share/px4_msgs/msg/EstimatorAidSource2d.msg\n'}
[6.564665] (px4_msgs) StdoutLine: {'line': b'-- Up-to-date: /home/giromi/Repos/VTOL/ws_sensor_combined_src/install/px4_msgs/share/px4_msgs/msg/EstimatorAidSource3d.msg\n'}
[6.564719] (px4_msgs) StdoutLine: {'line': b'-- Up-to-date: /home/giromi/Repos/VTOL/ws_sensor_combined_src/install/px4_msgs/share/px4_msgs/msg/EstimatorBias.msg\n'}
[6.564855] (px4_msgs) StdoutLine: {'line': b'-- Up-to-date: /home/giromi/Repos/VTOL/ws_sensor_combined_src/install/px4_msgs/share/px4_msgs/msg/EstimatorBias3d.msg\n'}
[6.564952] (px4_msgs) StdoutLine: {'line': b'-- Up-to-date: /home/giromi/Repos/VTOL/ws_sensor_combined_src/install/px4_msgs/share/px4_msgs/msg/EstimatorEventFlags.msg\n'}
[6.565017] (px4_msgs) StdoutLine: {'line': b'-- Up-to-date: /home/giromi/Repos/VTOL/ws_sensor_combined_src/install/px4_msgs/share/px4_msgs/msg/EstimatorGpsStatus.msg\n'}
[6.565078] (px4_msgs) StdoutLine: {'line': b'-- Up-to-date: /home/giromi/Repos/VTOL/ws_sensor_combined_src/install/px4_msgs/share/px4_msgs/msg/EstimatorInnovations.msg\n'}
[6.565147] (px4_msgs) StdoutLine: {'line': b'-- Up-to-date: /home/giromi/Repos/VTOL/ws_sensor_combined_src/install/px4_msgs/share/px4_msgs/msg/EstimatorSelectorStatus.msg\n'}
[6.565203] (px4_msgs) StdoutLine: {'line': b'-- Up-to-date: /home/giromi/Repos/VTOL/ws_sensor_combined_src/install/px4_msgs/share/px4_msgs/msg/EstimatorSensorBias.msg\n'}
[6.565260] (px4_msgs) StdoutLine: {'line': b'-- Up-to-date: /home/giromi/Repos/VTOL/ws_sensor_combined_src/install/px4_msgs/share/px4_msgs/msg/EstimatorStates.msg\n'}
[6.565317] (px4_msgs) StdoutLine: {'line': b'-- Up-to-date: /home/giromi/Repos/VTOL/ws_sensor_combined_src/install/px4_msgs/share/px4_msgs/msg/EstimatorStatus.msg\n'}
[6.565373] (px4_msgs) StdoutLine: {'line': b'-- Up-to-date: /home/giromi/Repos/VTOL/ws_sensor_combined_src/install/px4_msgs/share/px4_msgs/msg/EstimatorStatusFlags.msg\n'}
[6.565430] (px4_msgs) StdoutLine: {'line': b'-- Up-to-date: /home/giromi/Repos/VTOL/ws_sensor_combined_src/install/px4_msgs/share/px4_msgs/msg/Event.msg\n'}
[6.565489] (px4_msgs) StdoutLine: {'line': b'-- Up-to-date: /home/giromi/Repos/VTOL/ws_sensor_combined_src/install/px4_msgs/share/px4_msgs/msg/FailsafeFlags.msg\n'}
[6.565571] (px4_msgs) StdoutLine: {'line': b'-- Up-to-date: /home/giromi/Repos/VTOL/ws_sensor_combined_src/install/px4_msgs/share/px4_msgs/msg/FailureDetectorStatus.msg\n'}
[6.565643] (px4_msgs) StdoutLine: {'line': b'-- Up-to-date: /home/giromi/Repos/VTOL/ws_sensor_combined_src/install/px4_msgs/share/px4_msgs/msg/FigureEightStatus.msg\n'}
[6.565700] (px4_msgs) StdoutLine: {'line': b'-- Up-to-date: /home/giromi/Repos/VTOL/ws_sensor_combined_src/install/px4_msgs/share/px4_msgs/msg/FollowTarget.msg\n'}
[6.565756] (px4_msgs) StdoutLine: {'line': b'-- Up-to-date: /home/giromi/Repos/VTOL/ws_sensor_combined_src/install/px4_msgs/share/px4_msgs/msg/FollowTargetEstimator.msg\n'}
[6.565812] (px4_msgs) StdoutLine: {'line': b'-- Up-to-date: /home/giromi/Repos/VTOL/ws_sensor_combined_src/install/px4_msgs/share/px4_msgs/msg/FollowTargetStatus.msg\n'}
[6.565869] (px4_msgs) StdoutLine: {'line': b'-- Up-to-date: /home/giromi/Repos/VTOL/ws_sensor_combined_src/install/px4_msgs/share/px4_msgs/msg/GeneratorStatus.msg\n'}
[6.565925] (px4_msgs) StdoutLine: {'line': b'-- Up-to-date: /home/giromi/Repos/VTOL/ws_sensor_combined_src/install/px4_msgs/share/px4_msgs/msg/GeofenceResult.msg\n'}
[6.565988] (px4_msgs) StdoutLine: {'line': b'-- Up-to-date: /home/giromi/Repos/VTOL/ws_sensor_combined_src/install/px4_msgs/share/px4_msgs/msg/GimbalControls.msg\n'}
[6.566045] (px4_msgs) StdoutLine: {'line': b'-- Up-to-date: /home/giromi/Repos/VTOL/ws_sensor_combined_src/install/px4_msgs/share/px4_msgs/msg/GimbalDeviceAttitudeStatus.msg\n'}
[6.566102] (px4_msgs) StdoutLine: {'line': b'-- Up-to-date: /home/giromi/Repos/VTOL/ws_sensor_combined_src/install/px4_msgs/share/px4_msgs/msg/GimbalDeviceInformation.msg\n'}
[6.566158] (px4_msgs) StdoutLine: {'line': b'-- Up-to-date: /home/giromi/Repos/VTOL/ws_sensor_combined_src/install/px4_msgs/share/px4_msgs/msg/GimbalDeviceSetAttitude.msg\n'}
[6.566232] (px4_msgs) StdoutLine: {'line': b'-- Up-to-date: /home/giromi/Repos/VTOL/ws_sensor_combined_src/install/px4_msgs/share/px4_msgs/msg/GimbalManagerInformation.msg\n'}
[6.566291] (px4_msgs) StdoutLine: {'line': b'-- Up-to-date: /home/giromi/Repos/VTOL/ws_sensor_combined_src/install/px4_msgs/share/px4_msgs/msg/GimbalManagerSetAttitude.msg\n'}
[6.566355] (px4_msgs) StdoutLine: {'line': b'-- Up-to-date: /home/giromi/Repos/VTOL/ws_sensor_combined_src/install/px4_msgs/share/px4_msgs/msg/GimbalManagerSetManualControl.msg\n'}
[6.566411] (px4_msgs) StdoutLine: {'line': b'-- Up-to-date: /home/giromi/Repos/VTOL/ws_sensor_combined_src/install/px4_msgs/share/px4_msgs/msg/GimbalManagerStatus.msg\n'}
[6.566468] (px4_msgs) StdoutLine: {'line': b'-- Up-to-date: /home/giromi/Repos/VTOL/ws_sensor_combined_src/install/px4_msgs/share/px4_msgs/msg/GotoSetpoint.msg\n'}
[6.566523] (px4_msgs) StdoutLine: {'line': b'-- Up-to-date: /home/giromi/Repos/VTOL/ws_sensor_combined_src/install/px4_msgs/share/px4_msgs/msg/GpioConfig.msg\n'}
[6.566579] (px4_msgs) StdoutLine: {'line': b'-- Up-to-date: /home/giromi/Repos/VTOL/ws_sensor_combined_src/install/px4_msgs/share/px4_msgs/msg/GpioIn.msg\n'}
[6.566635] (px4_msgs) StdoutLine: {'line': b'-- Up-to-date: /home/giromi/Repos/VTOL/ws_sensor_combined_src/install/px4_msgs/share/px4_msgs/msg/GpioOut.msg\n'}
[6.566691] (px4_msgs) StdoutLine: {'line': b'-- Up-to-date: /home/giromi/Repos/VTOL/ws_sensor_combined_src/install/px4_msgs/share/px4_msgs/msg/GpioRequest.msg\n'}
[6.566747] (px4_msgs) StdoutLine: {'line': b'-- Up-to-date: /home/giromi/Repos/VTOL/ws_sensor_combined_src/install/px4_msgs/share/px4_msgs/msg/GpsDump.msg\n'}
[6.566835] (px4_msgs) StdoutLine: {'line': b'-- Up-to-date: /home/giromi/Repos/VTOL/ws_sensor_combined_src/install/px4_msgs/share/px4_msgs/msg/GpsInjectData.msg\n'}
[6.566889] (px4_msgs) StdoutLine: {'line': b'-- Up-to-date: /home/giromi/Repos/VTOL/ws_sensor_combined_src/install/px4_msgs/share/px4_msgs/msg/Gripper.msg\n'}
[6.566949] (px4_msgs) StdoutLine: {'line': b'-- Up-to-date: /home/giromi/Repos/VTOL/ws_sensor_combined_src/install/px4_msgs/share/px4_msgs/msg/HealthReport.msg\n'}
[6.567004] (px4_msgs) StdoutLine: {'line': b'-- Up-to-date: /home/giromi/Repos/VTOL/ws_sensor_combined_src/install/px4_msgs/share/px4_msgs/msg/HeaterStatus.msg\n'}
[6.567058] (px4_msgs) StdoutLine: {'line': b'-- Up-to-date: /home/giromi/Repos/VTOL/ws_sensor_combined_src/install/px4_msgs/share/px4_msgs/msg/HomePosition.msg\n'}
[6.567174] (px4_msgs) StdoutLine: {'line': b'-- Up-to-date: /home/giromi/Repos/VTOL/ws_sensor_combined_src/install/px4_msgs/share/px4_msgs/msg/HoverThrustEstimate.msg\n'}
[6.567229] (px4_msgs) StdoutLine: {'line': b'-- Up-to-date: /home/giromi/Repos/VTOL/ws_sensor_combined_src/install/px4_msgs/share/px4_msgs/msg/InputRc.msg\n'}
[6.567283] (px4_msgs) StdoutLine: {'line': b'-- Up-to-date: /home/giromi/Repos/VTOL/ws_sensor_combined_src/install/px4_msgs/share/px4_msgs/msg/InternalCombustionEngineStatus.msg\n'}
[6.567357] (px4_msgs) StdoutLine: {'line': b'-- Up-to-date: /home/giromi/Repos/VTOL/ws_sensor_combined_src/install/px4_msgs/share/px4_msgs/msg/IridiumsbdStatus.msg\n'}
[6.567414] (px4_msgs) StdoutLine: {'line': b'-- Up-to-date: /home/giromi/Repos/VTOL/ws_sensor_combined_src/install/px4_msgs/share/px4_msgs/msg/IrlockReport.msg\n'}
[6.567553] (px4_msgs) StdoutLine: {'line': b'-- Up-to-date: /home/giromi/Repos/VTOL/ws_sensor_combined_src/install/px4_msgs/share/px4_msgs/msg/LandingGear.msg\n'}
[6.567609] (px4_msgs) StdoutLine: {'line': b'-- Up-to-date: /home/giromi/Repos/VTOL/ws_sensor_combined_src/install/px4_msgs/share/px4_msgs/msg/LandingGearWheel.msg\n'}
[6.567664] (px4_msgs) StdoutLine: {'line': b'-- Up-to-date: /home/giromi/Repos/VTOL/ws_sensor_combined_src/install/px4_msgs/share/px4_msgs/msg/LandingTargetInnovations.msg\n'}
[6.567719] (px4_msgs) StdoutLine: {'line': b'-- Up-to-date: /home/giromi/Repos/VTOL/ws_sensor_combined_src/install/px4_msgs/share/px4_msgs/msg/LandingTargetPose.msg\n'}
[6.567773] (px4_msgs) StdoutLine: {'line': b'-- Up-to-date: /home/giromi/Repos/VTOL/ws_sensor_combined_src/install/px4_msgs/share/px4_msgs/msg/LaunchDetectionStatus.msg\n'}
[6.567828] (px4_msgs) StdoutLine: {'line': b'-- Up-to-date: /home/giromi/Repos/VTOL/ws_sensor_combined_src/install/px4_msgs/share/px4_msgs/msg/LedControl.msg\n'}
[6.567882] (px4_msgs) StdoutLine: {'line': b'-- Up-to-date: /home/giromi/Repos/VTOL/ws_sensor_combined_src/install/px4_msgs/share/px4_msgs/msg/LogMessage.msg\n'}
[6.568001] (px4_msgs) StdoutLine: {'line': b'-- Up-to-date: /home/giromi/Repos/VTOL/ws_sensor_combined_src/install/px4_msgs/share/px4_msgs/msg/LoggerStatus.msg\n'}
[6.568056] (px4_msgs) StdoutLine: {'line': b'-- Up-to-date: /home/giromi/Repos/VTOL/ws_sensor_combined_src/install/px4_msgs/share/px4_msgs/msg/MagWorkerData.msg\n'}
[6.568111] (px4_msgs) StdoutLine: {'line': b'-- Up-to-date: /home/giromi/Repos/VTOL/ws_sensor_combined_src/install/px4_msgs/share/px4_msgs/msg/MagnetometerBiasEstimate.msg\n'}
[6.568165] (px4_msgs) StdoutLine: {'line': b'-- Up-to-date: /home/giromi/Repos/VTOL/ws_sensor_combined_src/install/px4_msgs/share/px4_msgs/msg/ManualControlSetpoint.msg\n'}
[6.568219] (px4_msgs) StdoutLine: {'line': b'-- Up-to-date: /home/giromi/Repos/VTOL/ws_sensor_combined_src/install/px4_msgs/share/px4_msgs/msg/ManualControlSwitches.msg\n'}
[6.568273] (px4_msgs) StdoutLine: {'line': b'-- Up-to-date: /home/giromi/Repos/VTOL/ws_sensor_combined_src/install/px4_msgs/share/px4_msgs/msg/MavlinkLog.msg\n'}
[6.568326] (px4_msgs) StdoutLine: {'line': b'-- Up-to-date: /home/giromi/Repos/VTOL/ws_sensor_combined_src/install/px4_msgs/share/px4_msgs/msg/MavlinkTunnel.msg\n'}
[6.568380] (px4_msgs) StdoutLine: {'line': b'-- Up-to-date: /home/giromi/Repos/VTOL/ws_sensor_combined_src/install/px4_msgs/share/px4_msgs/msg/MessageFormatRequest.msg\n'}
[6.568434] (px4_msgs) StdoutLine: {'line': b'-- Up-to-date: /home/giromi/Repos/VTOL/ws_sensor_combined_src/install/px4_msgs/share/px4_msgs/msg/MessageFormatResponse.msg\n'}
[6.568560] (px4_msgs) StdoutLine: {'line': b'-- Up-to-date: /home/giromi/Repos/VTOL/ws_sensor_combined_src/install/px4_msgs/share/px4_msgs/msg/Mission.msg\n'}
[6.568614] (px4_msgs) StdoutLine: {'line': b'-- Up-to-date: /home/giromi/Repos/VTOL/ws_sensor_combined_src/install/px4_msgs/share/px4_msgs/msg/MissionResult.msg\n'}
[6.568669] (px4_msgs) StdoutLine: {'line': b'-- Up-to-date: /home/giromi/Repos/VTOL/ws_sensor_combined_src/install/px4_msgs/share/px4_msgs/msg/ModeCompleted.msg\n'}
[6.568723] (px4_msgs) StdoutLine: {'line': b'-- Up-to-date: /home/giromi/Repos/VTOL/ws_sensor_combined_src/install/px4_msgs/share/px4_msgs/msg/MountOrientation.msg\n'}
[6.568778] (px4_msgs) StdoutLine: {'line': b'-- Up-to-date: /home/giromi/Repos/VTOL/ws_sensor_combined_src/install/px4_msgs/share/px4_msgs/msg/NavigatorMissionItem.msg\n'}
[6.568856] (px4_msgs) StdoutLine: {'line': b'-- Up-to-date: /home/giromi/Repos/VTOL/ws_sensor_combined_src/install/px4_msgs/share/px4_msgs/msg/NormalizedUnsignedSetpoint.msg\n'}
[6.568953] (px4_msgs) StdoutLine: {'line': b'-- Up-to-date: /home/giromi/Repos/VTOL/ws_sensor_combined_src/install/px4_msgs/share/px4_msgs/msg/NpfgStatus.msg\n'}
[6.569008] (px4_msgs) StdoutLine: {'line': b'-- Up-to-date: /home/giromi/Repos/VTOL/ws_sensor_combined_src/install/px4_msgs/share/px4_msgs/msg/ObstacleDistance.msg\n'}
[6.569073] (px4_msgs) StdoutLine: {'line': b'-- Up-to-date: /home/giromi/Repos/VTOL/ws_sensor_combined_src/install/px4_msgs/share/px4_msgs/msg/OffboardControlMode.msg\n'}
[6.569129] (px4_msgs) StdoutLine: {'line': b'-- Up-to-date: /home/giromi/Repos/VTOL/ws_sensor_combined_src/install/px4_msgs/share/px4_msgs/msg/OnboardComputerStatus.msg\n'}
[6.569205] (px4_msgs) StdoutLine: {'line': b'-- Up-to-date: /home/giromi/Repos/VTOL/ws_sensor_combined_src/install/px4_msgs/share/px4_msgs/msg/OrbTest.msg\n'}
[6.569303] (px4_msgs) StdoutLine: {'line': b'-- Up-to-date: /home/giromi/Repos/VTOL/ws_sensor_combined_src/install/px4_msgs/share/px4_msgs/msg/OrbTestLarge.msg\n'}
[6.569359] (px4_msgs) StdoutLine: {'line': b'-- Up-to-date: /home/giromi/Repos/VTOL/ws_sensor_combined_src/install/px4_msgs/share/px4_msgs/msg/OrbTestMedium.msg\n'}
[6.569414] (px4_msgs) StdoutLine: {'line': b'-- Up-to-date: /home/giromi/Repos/VTOL/ws_sensor_combined_src/install/px4_msgs/share/px4_msgs/msg/OrbitStatus.msg\n'}
[6.569469] (px4_msgs) StdoutLine: {'line': b'-- Up-to-date: /home/giromi/Repos/VTOL/ws_sensor_combined_src/install/px4_msgs/share/px4_msgs/msg/ParameterUpdate.msg\n'}
[6.569523] (px4_msgs) StdoutLine: {'line': b'-- Up-to-date: /home/giromi/Repos/VTOL/ws_sensor_combined_src/install/px4_msgs/share/px4_msgs/msg/Ping.msg\n'}
[6.569596] (px4_msgs) StdoutLine: {'line': b'-- Up-to-date: /home/giromi/Repos/VTOL/ws_sensor_combined_src/install/px4_msgs/share/px4_msgs/msg/PositionControllerLandingStatus.msg\n'}
[6.569697] (px4_msgs) StdoutLine: {'line': b'-- Up-to-date: /home/giromi/Repos/VTOL/ws_sensor_combined_src/install/px4_msgs/share/px4_msgs/msg/PositionControllerStatus.msg\n'}
[6.569752] (px4_msgs) StdoutLine: {'line': b'-- Up-to-date: /home/giromi/Repos/VTOL/ws_sensor_combined_src/install/px4_msgs/share/px4_msgs/msg/PositionSetpoint.msg\n'}
[6.569806] (px4_msgs) StdoutLine: {'line': b'-- Up-to-date: /home/giromi/Repos/VTOL/ws_sensor_combined_src/install/px4_msgs/share/px4_msgs/msg/PositionSetpointTriplet.msg\n'}
[6.569860] (px4_msgs) StdoutLine: {'line': b'-- Up-to-date: /home/giromi/Repos/VTOL/ws_sensor_combined_src/install/px4_msgs/share/px4_msgs/msg/PowerButtonState.msg\n'}
[6.569913] (px4_msgs) StdoutLine: {'line': b'-- Up-to-date: /home/giromi/Repos/VTOL/ws_sensor_combined_src/install/px4_msgs/share/px4_msgs/msg/PowerMonitor.msg\n'}
[6.569967] (px4_msgs) StdoutLine: {'line': b'-- Up-to-date: /home/giromi/Repos/VTOL/ws_sensor_combined_src/install/px4_msgs/share/px4_msgs/msg/PpsCapture.msg\n'}
[6.570020] (px4_msgs) StdoutLine: {'line': b'-- Up-to-date: /home/giromi/Repos/VTOL/ws_sensor_combined_src/install/px4_msgs/share/px4_msgs/msg/PwmInput.msg\n'}
[6.570073] (px4_msgs) StdoutLine: {'line': b'-- Up-to-date: /home/giromi/Repos/VTOL/ws_sensor_combined_src/install/px4_msgs/share/px4_msgs/msg/Px4ioStatus.msg\n'}
[6.570127] (px4_msgs) StdoutLine: {'line': b'-- Up-to-date: /home/giromi/Repos/VTOL/ws_sensor_combined_src/install/px4_msgs/share/px4_msgs/msg/QshellReq.msg\n'}
[6.570240] (px4_msgs) StdoutLine: {'line': b'-- Up-to-date: /home/giromi/Repos/VTOL/ws_sensor_combined_src/install/px4_msgs/share/px4_msgs/msg/QshellRetval.msg\n'}
[6.570295] (px4_msgs) StdoutLine: {'line': b'-- Up-to-date: /home/giromi/Repos/VTOL/ws_sensor_combined_src/install/px4_msgs/share/px4_msgs/msg/RadioStatus.msg\n'}
[6.570349] (px4_msgs) StdoutLine: {'line': b'-- Up-to-date: /home/giromi/Repos/VTOL/ws_sensor_combined_src/install/px4_msgs/share/px4_msgs/msg/RateCtrlStatus.msg\n'}
[6.570402] (px4_msgs) StdoutLine: {'line': b'-- Up-to-date: /home/giromi/Repos/VTOL/ws_sensor_combined_src/install/px4_msgs/share/px4_msgs/msg/RcChannels.msg\n'}
[6.570456] (px4_msgs) StdoutLine: {'line': b'-- Up-to-date: /home/giromi/Repos/VTOL/ws_sensor_combined_src/install/px4_msgs/share/px4_msgs/msg/RcParameterMap.msg\n'}
[6.570529] (px4_msgs) StdoutLine: {'line': b'-- Up-to-date: /home/giromi/Repos/VTOL/ws_sensor_combined_src/install/px4_msgs/share/px4_msgs/msg/RegisterExtComponentReply.msg\n'}
[6.570630] (px4_msgs) StdoutLine: {'line': b'-- Up-to-date: /home/giromi/Repos/VTOL/ws_sensor_combined_src/install/px4_msgs/share/px4_msgs/msg/RegisterExtComponentRequest.msg\n'}
[6.570692] (px4_msgs) StdoutLine: {'line': b'-- Up-to-date: /home/giromi/Repos/VTOL/ws_sensor_combined_src/install/px4_msgs/share/px4_msgs/msg/Rpm.msg\n'}
[6.570746] (px4_msgs) StdoutLine: {'line': b'-- Up-to-date: /home/giromi/Repos/VTOL/ws_sensor_combined_src/install/px4_msgs/share/px4_msgs/msg/RtlTimeEstimate.msg\n'}
[6.570809] (px4_msgs) StdoutLine: {'line': b'-- Up-to-date: /home/giromi/Repos/VTOL/ws_sensor_combined_src/install/px4_msgs/share/px4_msgs/msg/SatelliteInfo.msg\n'}
[6.570885] (px4_msgs) StdoutLine: {'line': b'-- Up-to-date: /home/giromi/Repos/VTOL/ws_sensor_combined_src/install/px4_msgs/share/px4_msgs/msg/SensorAccel.msg\n'}
[6.570982] (px4_msgs) StdoutLine: {'line': b'-- Up-to-date: /home/giromi/Repos/VTOL/ws_sensor_combined_src/install/px4_msgs/share/px4_msgs/msg/SensorAccelFifo.msg\n'}
[6.571036] (px4_msgs) StdoutLine: {'line': b'-- Up-to-date: /home/giromi/Repos/VTOL/ws_sensor_combined_src/install/px4_msgs/share/px4_msgs/msg/SensorAirflow.msg\n'}
[6.571090] (px4_msgs) StdoutLine: {'line': b'-- Up-to-date: /home/giromi/Repos/VTOL/ws_sensor_combined_src/install/px4_msgs/share/px4_msgs/msg/SensorBaro.msg\n'}
[6.571145] (px4_msgs) StdoutLine: {'line': b'-- Up-to-date: /home/giromi/Repos/VTOL/ws_sensor_combined_src/install/px4_msgs/share/px4_msgs/msg/SensorCombined.msg\n'}
[6.571204] (px4_msgs) StdoutLine: {'line': b'-- Up-to-date: /home/giromi/Repos/VTOL/ws_sensor_combined_src/install/px4_msgs/share/px4_msgs/msg/SensorCorrection.msg\n'}
[6.571273] (px4_msgs) StdoutLine: {'line': b'-- Up-to-date: /home/giromi/Repos/VTOL/ws_sensor_combined_src/install/px4_msgs/share/px4_msgs/msg/SensorGnssRelative.msg\n'}
[6.571358] (px4_msgs) StdoutLine: {'line': b'-- Up-to-date: /home/giromi/Repos/VTOL/ws_sensor_combined_src/install/px4_msgs/share/px4_msgs/msg/SensorGps.msg\n'}
[6.571414] (px4_msgs) StdoutLine: {'line': b'-- Up-to-date: /home/giromi/Repos/VTOL/ws_sensor_combined_src/install/px4_msgs/share/px4_msgs/msg/SensorGyro.msg\n'}
[6.571498] (px4_msgs) StdoutLine: {'line': b'-- Up-to-date: /home/giromi/Repos/VTOL/ws_sensor_combined_src/install/px4_msgs/share/px4_msgs/msg/SensorGyroFft.msg\n'}
[6.571572] (px4_msgs) StdoutLine: {'line': b'-- Up-to-date: /home/giromi/Repos/VTOL/ws_sensor_combined_src/install/px4_msgs/share/px4_msgs/msg/SensorGyroFifo.msg\n'}
[6.571639] (px4_msgs) StdoutLine: {'line': b'-- Up-to-date: /home/giromi/Repos/VTOL/ws_sensor_combined_src/install/px4_msgs/share/px4_msgs/msg/SensorHygrometer.msg\n'}
[6.571693] (px4_msgs) StdoutLine: {'line': b'-- Up-to-date: /home/giromi/Repos/VTOL/ws_sensor_combined_src/install/px4_msgs/share/px4_msgs/msg/SensorMag.msg\n'}
[6.571747] (px4_msgs) StdoutLine: {'line': b'-- Up-to-date: /home/giromi/Repos/VTOL/ws_sensor_combined_src/install/px4_msgs/share/px4_msgs/msg/SensorOpticalFlow.msg\n'}
[6.571801] (px4_msgs) StdoutLine: {'line': b'-- Up-to-date: /home/giromi/Repos/VTOL/ws_sensor_combined_src/install/px4_msgs/share/px4_msgs/msg/SensorPreflightMag.msg\n'}
[6.571855] (px4_msgs) StdoutLine: {'line': b'-- Up-to-date: /home/giromi/Repos/VTOL/ws_sensor_combined_src/install/px4_msgs/share/px4_msgs/msg/SensorSelection.msg\n'}
[6.571983] (px4_msgs) StdoutLine: {'line': b'-- Up-to-date: /home/giromi/Repos/VTOL/ws_sensor_combined_src/install/px4_msgs/share/px4_msgs/msg/SensorUwb.msg\n'}
[6.572040] (px4_msgs) StdoutLine: {'line': b'-- Up-to-date: /home/giromi/Repos/VTOL/ws_sensor_combined_src/install/px4_msgs/share/px4_msgs/msg/SensorsStatus.msg\n'}
[6.572094] (px4_msgs) StdoutLine: {'line': b'-- Up-to-date: /home/giromi/Repos/VTOL/ws_sensor_combined_src/install/px4_msgs/share/px4_msgs/msg/SensorsStatusImu.msg\n'}
[6.572148] (px4_msgs) StdoutLine: {'line': b'-- Up-to-date: /home/giromi/Repos/VTOL/ws_sensor_combined_src/install/px4_msgs/share/px4_msgs/msg/SystemPower.msg\n'}
[6.572277] (px4_msgs) StdoutLine: {'line': b'-- Up-to-date: /home/giromi/Repos/VTOL/ws_sensor_combined_src/install/px4_msgs/share/px4_msgs/msg/TakeoffStatus.msg\n'}
[6.572645] (px4_msgs) StdoutLine: {'line': b'-- Up-to-date: /home/giromi/Repos/VTOL/ws_sensor_combined_src/install/px4_msgs/share/px4_msgs/msg/TaskStackInfo.msg\n'}
[6.573064] (px4_msgs) StdoutLine: {'line': b'-- Up-to-date: /home/giromi/Repos/VTOL/ws_sensor_combined_src/install/px4_msgs/share/px4_msgs/msg/TecsStatus.msg\n'}
[6.573659] (px4_msgs) StdoutLine: {'line': b'-- Up-to-date: /home/giromi/Repos/VTOL/ws_sensor_combined_src/install/px4_msgs/share/px4_msgs/msg/TelemetryStatus.msg\n'}
[6.574233] (px4_msgs) StdoutLine: {'line': b'-- Up-to-date: /home/giromi/Repos/VTOL/ws_sensor_combined_src/install/px4_msgs/share/px4_msgs/msg/TiltrotorExtraControls.msg\n'}
[6.574370] (px4_msgs) StdoutLine: {'line': b'-- Up-to-date: /home/giromi/Repos/VTOL/ws_sensor_combined_src/install/px4_msgs/share/px4_msgs/msg/TimesyncStatus.msg\n'}
[6.574995] (px4_msgs) StdoutLine: {'line': b'-- Up-to-date: /home/giromi/Repos/VTOL/ws_sensor_combined_src/install/px4_msgs/share/px4_msgs/msg/TrajectoryBezier.msg\n'}
[6.575668] (px4_msgs) StdoutLine: {'line': b'-- Up-to-date: /home/giromi/Repos/VTOL/ws_sensor_combined_src/install/px4_msgs/share/px4_msgs/msg/TrajectorySetpoint.msg\n'}
[6.576020] (px4_msgs) StdoutLine: {'line': b'-- Up-to-date: /home/giromi/Repos/VTOL/ws_sensor_combined_src/install/px4_msgs/share/px4_msgs/msg/TrajectoryWaypoint.msg\n'}
[6.576354] (px4_msgs) StdoutLine: {'line': b'-- Up-to-date: /home/giromi/Repos/VTOL/ws_sensor_combined_src/install/px4_msgs/share/px4_msgs/msg/TransponderReport.msg\n'}
[6.576774] (px4_msgs) StdoutLine: {'line': b'-- Up-to-date: /home/giromi/Repos/VTOL/ws_sensor_combined_src/install/px4_msgs/share/px4_msgs/msg/TuneControl.msg\n'}
[6.577313] (px4_msgs) StdoutLine: {'line': b'-- Up-to-date: /home/giromi/Repos/VTOL/ws_sensor_combined_src/install/px4_msgs/share/px4_msgs/msg/UavcanParameterRequest.msg\n'}
[6.577690] (px4_msgs) StdoutLine: {'line': b'-- Up-to-date: /home/giromi/Repos/VTOL/ws_sensor_combined_src/install/px4_msgs/share/px4_msgs/msg/UavcanParameterValue.msg\n'}
[6.578034] (px4_msgs) StdoutLine: {'line': b'-- Up-to-date: /home/giromi/Repos/VTOL/ws_sensor_combined_src/install/px4_msgs/share/px4_msgs/msg/UlogStream.msg\n'}
[6.578455] (px4_msgs) StdoutLine: {'line': b'-- Up-to-date: /home/giromi/Repos/VTOL/ws_sensor_combined_src/install/px4_msgs/share/px4_msgs/msg/UlogStreamAck.msg\n'}
[6.579023] (px4_msgs) StdoutLine: {'line': b'-- Up-to-date: /home/giromi/Repos/VTOL/ws_sensor_combined_src/install/px4_msgs/share/px4_msgs/msg/UnregisterExtComponent.msg\n'}
[6.579319] (px4_msgs) StdoutLine: {'line': b'-- Up-to-date: /home/giromi/Repos/VTOL/ws_sensor_combined_src/install/px4_msgs/share/px4_msgs/msg/VehicleAcceleration.msg\n'}
[6.579749] (px4_msgs) StdoutLine: {'line': b'-- Up-to-date: /home/giromi/Repos/VTOL/ws_sensor_combined_src/install/px4_msgs/share/px4_msgs/msg/VehicleAirData.msg\n'}
[6.580235] (px4_msgs) StdoutLine: {'line': b'-- Up-to-date: /home/giromi/Repos/VTOL/ws_sensor_combined_src/install/px4_msgs/share/px4_msgs/msg/VehicleAngularAccelerationSetpoint.msg\n'}
[6.580799] (px4_msgs) StdoutLine: {'line': b'-- Up-to-date: /home/giromi/Repos/VTOL/ws_sensor_combined_src/install/px4_msgs/share/px4_msgs/msg/VehicleAngularVelocity.msg\n'}
[6.581152] (px4_msgs) StdoutLine: {'line': b'-- Up-to-date: /home/giromi/Repos/VTOL/ws_sensor_combined_src/install/px4_msgs/share/px4_msgs/msg/VehicleAttitude.msg\n'}
[6.581502] (px4_msgs) StdoutLine: {'line': b'-- Up-to-date: /home/giromi/Repos/VTOL/ws_sensor_combined_src/install/px4_msgs/share/px4_msgs/msg/VehicleAttitudeSetpoint.msg\n'}
[6.581921] (px4_msgs) StdoutLine: {'line': b'-- Up-to-date: /home/giromi/Repos/VTOL/ws_sensor_combined_src/install/px4_msgs/share/px4_msgs/msg/VehicleCommand.msg\n'}
[6.582516] (px4_msgs) StdoutLine: {'line': b'-- Up-to-date: /home/giromi/Repos/VTOL/ws_sensor_combined_src/install/px4_msgs/share/px4_msgs/msg/VehicleCommandAck.msg\n'}
[6.583087] (px4_msgs) StdoutLine: {'line': b'-- Up-to-date: /home/giromi/Repos/VTOL/ws_sensor_combined_src/install/px4_msgs/share/px4_msgs/msg/VehicleConstraints.msg\n'}
[6.583314] (px4_msgs) StdoutLine: {'line': b'-- Up-to-date: /home/giromi/Repos/VTOL/ws_sensor_combined_src/install/px4_msgs/share/px4_msgs/msg/VehicleControlMode.msg\n'}
[6.583970] (px4_msgs) StdoutLine: {'line': b'-- Up-to-date: /home/giromi/Repos/VTOL/ws_sensor_combined_src/install/px4_msgs/share/px4_msgs/msg/VehicleGlobalPosition.msg\n'}
[6.584533] (px4_msgs) StdoutLine: {'line': b'-- Up-to-date: /home/giromi/Repos/VTOL/ws_sensor_combined_src/install/px4_msgs/share/px4_msgs/msg/VehicleImu.msg\n'}
[6.584874] (px4_msgs) StdoutLine: {'line': b'-- Up-to-date: /home/giromi/Repos/VTOL/ws_sensor_combined_src/install/px4_msgs/share/px4_msgs/msg/VehicleImuStatus.msg\n'}
[6.585222] (px4_msgs) StdoutLine: {'line': b'-- Up-to-date: /home/giromi/Repos/VTOL/ws_sensor_combined_src/install/px4_msgs/share/px4_msgs/msg/VehicleLandDetected.msg\n'}
[6.585644] (px4_msgs) StdoutLine: {'line': b'-- Up-to-date: /home/giromi/Repos/VTOL/ws_sensor_combined_src/install/px4_msgs/share/px4_msgs/msg/VehicleLocalPosition.msg\n'}
[6.586212] (px4_msgs) StdoutLine: {'line': b'-- Up-to-date: /home/giromi/Repos/VTOL/ws_sensor_combined_src/install/px4_msgs/share/px4_msgs/msg/VehicleLocalPositionSetpoint.msg\n'}
[6.586562] (px4_msgs) StdoutLine: {'line': b'-- Up-to-date: /home/giromi/Repos/VTOL/ws_sensor_combined_src/install/px4_msgs/share/px4_msgs/msg/VehicleMagnetometer.msg\n'}
[6.586911] (px4_msgs) StdoutLine: {'line': b'-- Up-to-date: /home/giromi/Repos/VTOL/ws_sensor_combined_src/install/px4_msgs/share/px4_msgs/msg/VehicleOdometry.msg\n'}
[6.587316] (px4_msgs) StdoutLine: {'line': b'-- Up-to-date: /home/giromi/Repos/VTOL/ws_sensor_combined_src/install/px4_msgs/share/px4_msgs/msg/VehicleOpticalFlow.msg\n'}
[6.587955] (px4_msgs) StdoutLine: {'line': b'-- Up-to-date: /home/giromi/Repos/VTOL/ws_sensor_combined_src/install/px4_msgs/share/px4_msgs/msg/VehicleOpticalFlowVel.msg\n'}
[6.588312] (px4_msgs) StdoutLine: {'line': b'-- Up-to-date: /home/giromi/Repos/VTOL/ws_sensor_combined_src/install/px4_msgs/share/px4_msgs/msg/VehicleRatesSetpoint.msg\n'}
[6.588636] (px4_msgs) StdoutLine: {'line': b'-- Up-to-date: /home/giromi/Repos/VTOL/ws_sensor_combined_src/install/px4_msgs/share/px4_msgs/msg/VehicleRoi.msg\n'}
[6.589062] (px4_msgs) StdoutLine: {'line': b'-- Up-to-date: /home/giromi/Repos/VTOL/ws_sensor_combined_src/install/px4_msgs/share/px4_msgs/msg/VehicleStatus.msg\n'}
[6.589626] (px4_msgs) StdoutLine: {'line': b'-- Up-to-date: /home/giromi/Repos/VTOL/ws_sensor_combined_src/install/px4_msgs/share/px4_msgs/msg/VehicleThrustSetpoint.msg\n'}
[6.589993] (px4_msgs) StdoutLine: {'line': b'-- Up-to-date: /home/giromi/Repos/VTOL/ws_sensor_combined_src/install/px4_msgs/share/px4_msgs/msg/VehicleTorqueSetpoint.msg\n'}
[6.590333] (px4_msgs) StdoutLine: {'line': b'-- Up-to-date: /home/giromi/Repos/VTOL/ws_sensor_combined_src/install/px4_msgs/share/px4_msgs/msg/VehicleTrajectoryBezier.msg\n'}
[6.590750] (px4_msgs) StdoutLine: {'line': b'-- Up-to-date: /home/giromi/Repos/VTOL/ws_sensor_combined_src/install/px4_msgs/share/px4_msgs/msg/VehicleTrajectoryWaypoint.msg\n'}
[6.591514] (px4_msgs) StdoutLine: {'line': b'-- Up-to-date: /home/giromi/Repos/VTOL/ws_sensor_combined_src/install/px4_msgs/share/px4_msgs/msg/VelocityLimits.msg\n'}
[6.592293] (px4_msgs) StdoutLine: {'line': b'-- Up-to-date: /home/giromi/Repos/VTOL/ws_sensor_combined_src/install/px4_msgs/share/px4_msgs/msg/VtolVehicleStatus.msg\n'}
[6.592520] (px4_msgs) StdoutLine: {'line': b'-- Up-to-date: /home/giromi/Repos/VTOL/ws_sensor_combined_src/install/px4_msgs/share/px4_msgs/msg/WheelEncoders.msg\n'}
[6.593115] (px4_msgs) StdoutLine: {'line': b'-- Up-to-date: /home/giromi/Repos/VTOL/ws_sensor_combined_src/install/px4_msgs/share/px4_msgs/msg/Wind.msg\n'}
[6.593670] (px4_msgs) StdoutLine: {'line': b'-- Up-to-date: /home/giromi/Repos/VTOL/ws_sensor_combined_src/install/px4_msgs/share/px4_msgs/msg/YawEstimatorStatus.msg\n'}
[6.594021] (px4_msgs) StdoutLine: {'line': b'-- Up-to-date: /home/giromi/Repos/VTOL/ws_sensor_combined_src/install/px4_msgs/share/px4_msgs/srv/VehicleCommand.srv\n'}
[6.594378] (px4_msgs) StdoutLine: {'line': b'-- Up-to-date: /home/giromi/Repos/VTOL/ws_sensor_combined_src/install/px4_msgs/share/px4_msgs/srv/VehicleCommand_Request.msg\n'}
[6.594805] (px4_msgs) StdoutLine: {'line': b'-- Up-to-date: /home/giromi/Repos/VTOL/ws_sensor_combined_src/install/px4_msgs/share/px4_msgs/srv/VehicleCommand_Response.msg\n'}
[6.595373] (px4_msgs) StdoutLine: {'line': b'-- Up-to-date: /home/giromi/Repos/VTOL/ws_sensor_combined_src/install/px4_msgs/share/ament_index/resource_index/package_run_dependencies/px4_msgs\n'}
[6.595758] (px4_msgs) StdoutLine: {'line': b'-- Up-to-date: /home/giromi/Repos/VTOL/ws_sensor_combined_src/install/px4_msgs/share/ament_index/resource_index/parent_prefix_path/px4_msgs\n'}
[6.596124] (px4_msgs) StdoutLine: {'line': b'-- Up-to-date: /home/giromi/Repos/VTOL/ws_sensor_combined_src/install/px4_msgs/share/px4_msgs/environment/ament_prefix_path.sh\n'}
[6.596530] (px4_msgs) StdoutLine: {'line': b'-- Up-to-date: /home/giromi/Repos/VTOL/ws_sensor_combined_src/install/px4_msgs/share/px4_msgs/environment/ament_prefix_path.dsv\n'}
[6.597152] (px4_msgs) StdoutLine: {'line': b'-- Up-to-date: /home/giromi/Repos/VTOL/ws_sensor_combined_src/install/px4_msgs/share/px4_msgs/environment/path.sh\n'}
[6.597488] (px4_msgs) StdoutLine: {'line': b'-- Up-to-date: /home/giromi/Repos/VTOL/ws_sensor_combined_src/install/px4_msgs/share/px4_msgs/environment/path.dsv\n'}
[6.597832] (px4_msgs) StdoutLine: {'line': b'-- Up-to-date: /home/giromi/Repos/VTOL/ws_sensor_combined_src/install/px4_msgs/share/px4_msgs/local_setup.bash\n'}
[6.598270] (px4_msgs) StdoutLine: {'line': b'-- Up-to-date: /home/giromi/Repos/VTOL/ws_sensor_combined_src/install/px4_msgs/share/px4_msgs/local_setup.sh\n'}
[6.598852] (px4_msgs) StdoutLine: {'line': b'-- Up-to-date: /home/giromi/Repos/VTOL/ws_sensor_combined_src/install/px4_msgs/share/px4_msgs/local_setup.zsh\n'}
[6.599216] (px4_msgs) StdoutLine: {'line': b'-- Up-to-date: /home/giromi/Repos/VTOL/ws_sensor_combined_src/install/px4_msgs/share/px4_msgs/local_setup.dsv\n'}
[6.599596] (px4_msgs) StdoutLine: {'line': b'-- Installing: /home/giromi/Repos/VTOL/ws_sensor_combined_src/install/px4_msgs/share/px4_msgs/package.dsv\n'}
[6.600241] (px4_msgs) StdoutLine: {'line': b'-- Up-to-date: /home/giromi/Repos/VTOL/ws_sensor_combined_src/install/px4_msgs/share/ament_index/resource_index/packages/px4_msgs\n'}
[6.600925] (px4_msgs) StdoutLine: {'line': b'-- Up-to-date: /home/giromi/Repos/VTOL/ws_sensor_combined_src/install/px4_msgs/share/px4_msgs/cmake/export_px4_msgs__rosidl_generator_cExport.cmake\n'}
[6.601516] (px4_msgs) StdoutLine: {'line': b'-- Up-to-date: /home/giromi/Repos/VTOL/ws_sensor_combined_src/install/px4_msgs/share/px4_msgs/cmake/export_px4_msgs__rosidl_generator_cExport-noconfig.cmake\n'}
[6.601732] (px4_msgs) StdoutLine: {'line': b'-- Up-to-date: /home/giromi/Repos/VTOL/ws_sensor_combined_src/install/px4_msgs/share/px4_msgs/cmake/export_px4_msgs__rosidl_typesupport_fastrtps_cExport.cmake\n'}
[6.602397] (px4_msgs) StdoutLine: {'line': b'-- Up-to-date: /home/giromi/Repos/VTOL/ws_sensor_combined_src/install/px4_msgs/share/px4_msgs/cmake/export_px4_msgs__rosidl_typesupport_fastrtps_cExport-noconfig.cmake\n'}
[6.603027] (px4_msgs) StdoutLine: {'line': b'-- Up-to-date: /home/giromi/Repos/VTOL/ws_sensor_combined_src/install/px4_msgs/share/px4_msgs/cmake/export_px4_msgs__rosidl_generator_cppExport.cmake\n'}
[6.603425] (px4_msgs) StdoutLine: {'line': b'-- Up-to-date: /home/giromi/Repos/VTOL/ws_sensor_combined_src/install/px4_msgs/share/px4_msgs/cmake/export_px4_msgs__rosidl_typesupport_fastrtps_cppExport.cmake\n'}
[6.603838] (px4_msgs) StdoutLine: {'line': b'-- Up-to-date: /home/giromi/Repos/VTOL/ws_sensor_combined_src/install/px4_msgs/share/px4_msgs/cmake/export_px4_msgs__rosidl_typesupport_fastrtps_cppExport-noconfig.cmake\n'}
[6.604340] (px4_msgs) StdoutLine: {'line': b'-- Up-to-date: /home/giromi/Repos/VTOL/ws_sensor_combined_src/install/px4_msgs/share/px4_msgs/cmake/px4_msgs__rosidl_typesupport_introspection_cExport.cmake\n'}
[6.604918] (px4_msgs) StdoutLine: {'line': b'-- Up-to-date: /home/giromi/Repos/VTOL/ws_sensor_combined_src/install/px4_msgs/share/px4_msgs/cmake/px4_msgs__rosidl_typesupport_introspection_cExport-noconfig.cmake\n'}
[6.605336] (px4_msgs) StdoutLine: {'line': b'-- Up-to-date: /home/giromi/Repos/VTOL/ws_sensor_combined_src/install/px4_msgs/share/px4_msgs/cmake/px4_msgs__rosidl_typesupport_cExport.cmake\n'}
[6.605688] (px4_msgs) StdoutLine: {'line': b'-- Up-to-date: /home/giromi/Repos/VTOL/ws_sensor_combined_src/install/px4_msgs/share/px4_msgs/cmake/px4_msgs__rosidl_typesupport_cExport-noconfig.cmake\n'}
[6.606216] (px4_msgs) StdoutLine: {'line': b'-- Up-to-date: /home/giromi/Repos/VTOL/ws_sensor_combined_src/install/px4_msgs/share/px4_msgs/cmake/px4_msgs__rosidl_typesupport_introspection_cppExport.cmake\n'}
[6.606779] (px4_msgs) StdoutLine: {'line': b'-- Up-to-date: /home/giromi/Repos/VTOL/ws_sensor_combined_src/install/px4_msgs/share/px4_msgs/cmake/px4_msgs__rosidl_typesupport_introspection_cppExport-noconfig.cmake\n'}
[6.607194] (px4_msgs) StdoutLine: {'line': b'-- Up-to-date: /home/giromi/Repos/VTOL/ws_sensor_combined_src/install/px4_msgs/share/px4_msgs/cmake/px4_msgs__rosidl_typesupport_cppExport.cmake\n'}
[6.607605] (px4_msgs) StdoutLine: {'line': b'-- Up-to-date: /home/giromi/Repos/VTOL/ws_sensor_combined_src/install/px4_msgs/share/px4_msgs/cmake/px4_msgs__rosidl_typesupport_cppExport-noconfig.cmake\n'}
[6.608126] (px4_msgs) StdoutLine: {'line': b'-- Up-to-date: /home/giromi/Repos/VTOL/ws_sensor_combined_src/install/px4_msgs/share/px4_msgs/cmake/export_px4_msgs__rosidl_generator_pyExport.cmake\n'}
[6.608745] (px4_msgs) StdoutLine: {'line': b'-- Up-to-date: /home/giromi/Repos/VTOL/ws_sensor_combined_src/install/px4_msgs/share/px4_msgs/cmake/export_px4_msgs__rosidl_generator_pyExport-noconfig.cmake\n'}
[6.609329] (px4_msgs) StdoutLine: {'line': b'-- Up-to-date: /home/giromi/Repos/VTOL/ws_sensor_combined_src/install/px4_msgs/share/px4_msgs/cmake/rosidl_cmake-extras.cmake\n'}
[6.609556] (px4_msgs) StdoutLine: {'line': b'-- Up-to-date: /home/giromi/Repos/VTOL/ws_sensor_combined_src/install/px4_msgs/share/px4_msgs/cmake/ament_cmake_export_dependencies-extras.cmake\n'}
[6.610142] (px4_msgs) StdoutLine: {'line': b'-- Up-to-date: /home/giromi/Repos/VTOL/ws_sensor_combined_src/install/px4_msgs/share/px4_msgs/cmake/ament_cmake_export_include_directories-extras.cmake\n'}
[6.610720] (px4_msgs) StdoutLine: {'line': b'-- Up-to-date: /home/giromi/Repos/VTOL/ws_sensor_combined_src/install/px4_msgs/share/px4_msgs/cmake/ament_cmake_export_libraries-extras.cmake\n'}
[6.611073] (px4_msgs) StdoutLine: {'line': b'-- Up-to-date: /home/giromi/Repos/VTOL/ws_sensor_combined_src/install/px4_msgs/share/px4_msgs/cmake/ament_cmake_export_targets-extras.cmake\n'}
[6.611401] (px4_msgs) StdoutLine: {'line': b'-- Up-to-date: /home/giromi/Repos/VTOL/ws_sensor_combined_src/install/px4_msgs/share/px4_msgs/cmake/rosidl_cmake_export_typesupport_targets-extras.cmake\n'}
[6.611885] (px4_msgs) StdoutLine: {'line': b'-- Up-to-date: /home/giromi/Repos/VTOL/ws_sensor_combined_src/install/px4_msgs/share/px4_msgs/cmake/rosidl_cmake_export_typesupport_libraries-extras.cmake\n'}
[6.612496] (px4_msgs) StdoutLine: {'line': b'-- Up-to-date: /home/giromi/Repos/VTOL/ws_sensor_combined_src/install/px4_msgs/share/px4_msgs/cmake/px4_msgsConfig.cmake\n'}
[6.612600] (px4_msgs) StdoutLine: {'line': b'-- Up-to-date: /home/giromi/Repos/VTOL/ws_sensor_combined_src/install/px4_msgs/share/px4_msgs/cmake/px4_msgsConfig-version.cmake\n'}
[6.612897] (px4_msgs) StdoutLine: {'line': b'-- Up-to-date: /home/giromi/Repos/VTOL/ws_sensor_combined_src/install/px4_msgs/share/px4_msgs/package.xml\n'}
[6.615349] (-) TimerEvent: {}
[6.616730] (px4_msgs) CommandEnded: {'returncode': 0}
[6.715480] (-) TimerEvent: {}
[6.815815] (-) TimerEvent: {}
[6.916114] (-) TimerEvent: {}
[7.016412] (-) TimerEvent: {}
[7.116721] (-) TimerEvent: {}
[7.217032] (-) TimerEvent: {}
[7.317320] (-) TimerEvent: {}
[7.417576] (-) TimerEvent: {}
[7.517792] (-) TimerEvent: {}
[7.618049] (-) TimerEvent: {}
[7.718302] (-) TimerEvent: {}
[7.818586] (-) TimerEvent: {}
[7.918855] (-) TimerEvent: {}
[8.019077] (-) TimerEvent: {}
[8.119330] (-) TimerEvent: {}
[8.219676] (-) TimerEvent: {}
[8.319924] (-) TimerEvent: {}
[8.420250] (-) TimerEvent: {}
[8.520502] (-) TimerEvent: {}
[8.620746] (-) TimerEvent: {}
[8.720968] (-) TimerEvent: {}
[8.821197] (-) TimerEvent: {}
[8.921431] (-) TimerEvent: {}
[9.021698] (-) TimerEvent: {}
[9.122057] (-) TimerEvent: {}
[9.222418] (-) TimerEvent: {}
[9.322700] (-) TimerEvent: {}
[9.422940] (-) TimerEvent: {}
[9.523159] (-) TimerEvent: {}
[9.623410] (-) TimerEvent: {}
[9.723735] (-) TimerEvent: {}
[9.823952] (-) TimerEvent: {}
[9.924200] (-) TimerEvent: {}
[10.024464] (-) TimerEvent: {}
[10.124745] (-) TimerEvent: {}
[10.225036] (-) TimerEvent: {}
[10.325328] (-) TimerEvent: {}
[10.425601] (-) TimerEvent: {}
[10.525983] (-) TimerEvent: {}
[10.626242] (-) TimerEvent: {}
[10.726557] (-) TimerEvent: {}
[10.827061] (-) TimerEvent: {}
[10.927306] (-) TimerEvent: {}
[11.027595] (-) TimerEvent: {}
[11.127963] (-) TimerEvent: {}
[11.228200] (-) TimerEvent: {}
[11.328469] (-) TimerEvent: {}
[11.428737] (-) TimerEvent: {}
[11.529060] (-) TimerEvent: {}
[11.629524] (-) TimerEvent: {}
[11.730161] (-) TimerEvent: {}
[11.830929] (-) TimerEvent: {}
[11.841647] (px4_msgs) JobEnded: {'identifier': 'px4_msgs', 'rc': 0}
[11.842727] (px4_ros2_cpp) JobStarted: {'identifier': 'px4_ros2_cpp'}
[11.931063] (-) TimerEvent: {}
[11.942824] (px4_ros_com) JobStarted: {'identifier': 'px4_ros_com'}
[12.031185] (-) TimerEvent: {}
[12.048225] (px4_ros2_cpp) JobProgress: {'identifier': 'px4_ros2_cpp', 'progress': 'cmake'}
[12.048988] (px4_ros2_cpp) JobProgress: {'identifier': 'px4_ros2_cpp', 'progress': 'build'}
[12.049484] (px4_ros2_cpp) Command: {'cmd': ['/usr/local/bin/cmake', '--build', '/home/giromi/Repos/VTOL/ws_sensor_combined_src/build/px4_ros2_cpp', '--', '-j8', '-l8'], 'cwd': '/home/giromi/Repos/VTOL/ws_sensor_combined_src/build/px4_ros2_cpp', 'env': OrderedDict([('LESSOPEN', '| /usr/bin/lesspipe %s'), ('TMUX', '/tmp/tmux-1000/default,89562,2'), ('USER', 'giromi'), ('LC_TIME', 'ko_KR.UTF-8'), ('XDG_SESSION_TYPE', 'x11'), ('SHLVL', '2'), ('LD_LIBRARY_PATH', '/home/giromi/Repos/VTOL/ws_sensor_combined_src/install/px4_msgs/lib:/opt/ros/humble/opt/rviz_ogre_vendor/lib:/opt/ros/humble/lib/x86_64-linux-gnu:/opt/ros/humble/lib'), ('HOME', '/home/giromi'), ('TERM_PROGRAM_VERSION', '3.2a'), ('DESKTOP_SESSION', 'ubuntu'), ('NVM_BIN', '/home/giromi/.nvm/versions/node/v20.11.0/bin'), ('NVM_INC', '/home/giromi/.nvm/versions/node/v20.11.0/include/node'), ('ROS_PYTHON_VERSION', '3'), ('GNOME_SHELL_SESSION_MODE', 'ubuntu'), ('GTK_MODULES', 'gail:atk-bridge'), ('LC_MONETARY', 'ko_KR.UTF-8'), ('SYSTEMD_EXEC_PID', '2643'), ('DBUS_SESSION_BUS_ADDRESS', 'unix:path=/run/user/1000/bus'), ('COLORTERM', 'truecolor'), ('NVM_DIR', '/home/giromi/.nvm'), ('COLCON_PREFIX_PATH', '/home/giromi/Repos/ros2_ws/install'), ('ROS_DISTRO', 'humble'), ('GTK_IM_MODULE', 'ibus'), ('LOGNAME', 'giromi'), ('_', '/usr/bin/colcon'), ('ROS_VERSION', '2'), ('XDG_SESSION_CLASS', 'user'), ('USERNAME', 'giromi'), ('TERM', 'screen-256color'), ('GNOME_DESKTOP_SESSION_ID', 'this-is-deprecated'), ('ROS_LOCALHOST_ONLY', '0'), ('WINDOWPATH', '2'), ('PATH', '/opt/gcc-arm-none-eabi-9-2020-q2-update/bin:/home/giromi/.local/bin:/home/giromi/.nvm/versions/node/v20.11.0/bin:/opt/ros/humble/bin:/opt/gcc-arm-none-eabi-9-2020-q2-update/bin:/home/giromi/.local/bin:/usr/local/sbin:/usr/local/bin:/usr/sbin:/usr/bin:/sbin:/bin:/usr/games:/usr/local/games:/snap/bin:/snap/bin:/home/giromi/Bashes:/home/giromi/Bashes'), ('SESSION_MANAGER', 'local/ubuntu22:@/tmp/.ICE-unix/2547,unix/ubuntu22:/tmp/.ICE-unix/2547'), ('XDG_MENU_PREFIX', 'gnome-'), ('LC_ADDRESS', 'ko_KR.UTF-8'), ('GNOME_TERMINAL_SCREEN', '/org/gnome/Terminal/screen/af2b5741_3297_401f_932f_e3e341a4c6b3'), ('XDG_RUNTIME_DIR', '/run/user/1000'), ('DISPLAY', ':1'), ('LANG', 'en_US.UTF-8'), ('XDG_CURRENT_DESKTOP', 'ubuntu:GNOME'), ('LC_TELEPHONE', 'ko_KR.UTF-8'), ('XMODIFIERS', '@im=ibus'), ('XDG_SESSION_DESKTOP', 'ubuntu'), ('XAUTHORITY', '/run/user/1000/gdm/Xauthority'), ('LS_COLORS', 'rs=0:di=01;34:ln=01;36:mh=00:pi=40;33:so=01;35:do=01;35:bd=40;33;01:cd=40;33;01:or=40;31;01:mi=00:su=37;41:sg=30;43:ca=30;41:tw=30;42:ow=34;42:st=37;44:ex=01;32:*.tar=01;31:*.tgz=01;31:*.arc=01;31:*.arj=01;31:*.taz=01;31:*.lha=01;31:*.lz4=01;31:*.lzh=01;31:*.lzma=01;31:*.tlz=01;31:*.txz=01;31:*.tzo=01;31:*.t7z=01;31:*.zip=01;31:*.z=01;31:*.dz=01;31:*.gz=01;31:*.lrz=01;31:*.lz=01;31:*.lzo=01;31:*.xz=01;31:*.zst=01;31:*.tzst=01;31:*.bz2=01;31:*.bz=01;31:*.tbz=01;31:*.tbz2=01;31:*.tz=01;31:*.deb=01;31:*.rpm=01;31:*.jar=01;31:*.war=01;31:*.ear=01;31:*.sar=01;31:*.rar=01;31:*.alz=01;31:*.ace=01;31:*.zoo=01;31:*.cpio=01;31:*.7z=01;31:*.rz=01;31:*.cab=01;31:*.wim=01;31:*.swm=01;31:*.dwm=01;31:*.esd=01;31:*.jpg=01;35:*.jpeg=01;35:*.mjpg=01;35:*.mjpeg=01;35:*.gif=01;35:*.bmp=01;35:*.pbm=01;35:*.pgm=01;35:*.ppm=01;35:*.tga=01;35:*.xbm=01;35:*.xpm=01;35:*.tif=01;35:*.tiff=01;35:*.png=01;35:*.svg=01;35:*.svgz=01;35:*.mng=01;35:*.pcx=01;35:*.mov=01;35:*.mpg=01;35:*.mpeg=01;35:*.m2v=01;35:*.mkv=01;35:*.webm=01;35:*.webp=01;35:*.ogm=01;35:*.mp4=01;35:*.m4v=01;35:*.mp4v=01;35:*.vob=01;35:*.qt=01;35:*.nuv=01;35:*.wmv=01;35:*.asf=01;35:*.rm=01;35:*.rmvb=01;35:*.flc=01;35:*.avi=01;35:*.fli=01;35:*.flv=01;35:*.gl=01;35:*.dl=01;35:*.xcf=01;35:*.xwd=01;35:*.yuv=01;35:*.cgm=01;35:*.emf=01;35:*.ogv=01;35:*.ogx=01;35:*.aac=00;36:*.au=00;36:*.flac=00;36:*.m4a=00;36:*.mid=00;36:*.midi=00;36:*.mka=00;36:*.mp3=00;36:*.mpc=00;36:*.ogg=00;36:*.ra=00;36:*.wav=00;36:*.oga=00;36:*.opus=00;36:*.spx=00;36:*.xspf=00;36:'), ('GNOME_TERMINAL_SERVICE', ':1.188'), ('TERM_PROGRAM', 'tmux'), ('SSH_AGENT_LAUNCHER', 'gnome-keyring'), ('SSH_AUTH_SOCK', '/run/user/1000/keyring/ssh'), ('AMENT_PREFIX_PATH', '/home/giromi/Repos/VTOL/ws_sensor_combined_src/install/px4_msgs:/opt/ros/humble'), ('SHELL', '/bin/bash'), ('LC_NAME', 'ko_KR.UTF-8'), ('QT_ACCESSIBILITY', '1'), ('GDMSESSION', 'ubuntu'), ('LESSCLOSE', '/usr/bin/lesspipe %s %s'), ('LC_MEASUREMENT', 'ko_KR.UTF-8'), ('GPG_AGENT_INFO', '/run/user/1000/gnupg/S.gpg-agent:0:1'), ('LC_IDENTIFICATION', 'ko_KR.UTF-8'), ('QT_IM_MODULE', 'ibus'), ('PWD', '/home/giromi/Repos/VTOL/ws_sensor_combined_src/build/px4_ros2_cpp'), ('LC_ALL', 'en_US.UTF-8'), ('XDG_CONFIG_DIRS', '/etc/xdg/xdg-ubuntu:/etc/xdg'), ('NVM_CD_FLAGS', ''), ('XDG_DATA_DIRS', '/usr/share/ubuntu:/usr/share/gnome:/usr/local/share/:/usr/share/:/var/lib/snapd/desktop'), ('PYTHONPATH', '/home/giromi/Repos/VTOL/ws_sensor_combined_src/install/px4_msgs/local/lib/python3.10/dist-packages:/opt/ros/humble/lib/python3.10/site-packages:/opt/ros/humble/local/lib/python3.10/dist-packages'), ('LC_NUMERIC', 'ko_KR.UTF-8'), ('TMUX_PLUGIN_MANAGER_PATH', '/home/giromi/.tmux/plugins/'), ('LC_PAPER', 'ko_KR.UTF-8'), ('COLCON', '1'), ('VTE_VERSION', '6800'), ('TMUX_PANE', '%8'), ('CMAKE_PREFIX_PATH', '/home/giromi/Repos/VTOL/ws_sensor_combined_src/install/px4_msgs:/opt/ros/humble')]), 'shell': False}
[12.053281] (px4_ros_com) JobProgress: {'identifier': 'px4_ros_com', 'progress': 'cmake'}
[12.054132] (px4_ros_com) JobProgress: {'identifier': 'px4_ros_com', 'progress': 'build'}
[12.054805] (px4_ros_com) Command: {'cmd': ['/usr/local/bin/cmake', '--build', '/home/giromi/Repos/VTOL/ws_sensor_combined_src/build/px4_ros_com', '--', '-j8', '-l8'], 'cwd': '/home/giromi/Repos/VTOL/ws_sensor_combined_src/build/px4_ros_com', 'env': OrderedDict([('LESSOPEN', '| /usr/bin/lesspipe %s'), ('TMUX', '/tmp/tmux-1000/default,89562,2'), ('USER', 'giromi'), ('LC_TIME', 'ko_KR.UTF-8'), ('XDG_SESSION_TYPE', 'x11'), ('SHLVL', '2'), ('LD_LIBRARY_PATH', '/home/giromi/Repos/VTOL/ws_sensor_combined_src/install/px4_msgs/lib:/opt/ros/humble/opt/rviz_ogre_vendor/lib:/opt/ros/humble/lib/x86_64-linux-gnu:/opt/ros/humble/lib'), ('HOME', '/home/giromi'), ('TERM_PROGRAM_VERSION', '3.2a'), ('DESKTOP_SESSION', 'ubuntu'), ('NVM_BIN', '/home/giromi/.nvm/versions/node/v20.11.0/bin'), ('NVM_INC', '/home/giromi/.nvm/versions/node/v20.11.0/include/node'), ('ROS_PYTHON_VERSION', '3'), ('GNOME_SHELL_SESSION_MODE', 'ubuntu'), ('GTK_MODULES', 'gail:atk-bridge'), ('LC_MONETARY', 'ko_KR.UTF-8'), ('SYSTEMD_EXEC_PID', '2643'), ('DBUS_SESSION_BUS_ADDRESS', 'unix:path=/run/user/1000/bus'), ('COLORTERM', 'truecolor'), ('NVM_DIR', '/home/giromi/.nvm'), ('COLCON_PREFIX_PATH', '/home/giromi/Repos/ros2_ws/install'), ('ROS_DISTRO', 'humble'), ('GTK_IM_MODULE', 'ibus'), ('LOGNAME', 'giromi'), ('_', '/usr/bin/colcon'), ('ROS_VERSION', '2'), ('XDG_SESSION_CLASS', 'user'), ('USERNAME', 'giromi'), ('TERM', 'screen-256color'), ('GNOME_DESKTOP_SESSION_ID', 'this-is-deprecated'), ('ROS_LOCALHOST_ONLY', '0'), ('WINDOWPATH', '2'), ('PATH', '/opt/gcc-arm-none-eabi-9-2020-q2-update/bin:/home/giromi/.local/bin:/home/giromi/.nvm/versions/node/v20.11.0/bin:/opt/ros/humble/bin:/opt/gcc-arm-none-eabi-9-2020-q2-update/bin:/home/giromi/.local/bin:/usr/local/sbin:/usr/local/bin:/usr/sbin:/usr/bin:/sbin:/bin:/usr/games:/usr/local/games:/snap/bin:/snap/bin:/home/giromi/Bashes:/home/giromi/Bashes'), ('SESSION_MANAGER', 'local/ubuntu22:@/tmp/.ICE-unix/2547,unix/ubuntu22:/tmp/.ICE-unix/2547'), ('XDG_MENU_PREFIX', 'gnome-'), ('LC_ADDRESS', 'ko_KR.UTF-8'), ('GNOME_TERMINAL_SCREEN', '/org/gnome/Terminal/screen/af2b5741_3297_401f_932f_e3e341a4c6b3'), ('XDG_RUNTIME_DIR', '/run/user/1000'), ('DISPLAY', ':1'), ('LANG', 'en_US.UTF-8'), ('XDG_CURRENT_DESKTOP', 'ubuntu:GNOME'), ('LC_TELEPHONE', 'ko_KR.UTF-8'), ('XMODIFIERS', '@im=ibus'), ('XDG_SESSION_DESKTOP', 'ubuntu'), ('XAUTHORITY', '/run/user/1000/gdm/Xauthority'), ('LS_COLORS', 'rs=0:di=01;34:ln=01;36:mh=00:pi=40;33:so=01;35:do=01;35:bd=40;33;01:cd=40;33;01:or=40;31;01:mi=00:su=37;41:sg=30;43:ca=30;41:tw=30;42:ow=34;42:st=37;44:ex=01;32:*.tar=01;31:*.tgz=01;31:*.arc=01;31:*.arj=01;31:*.taz=01;31:*.lha=01;31:*.lz4=01;31:*.lzh=01;31:*.lzma=01;31:*.tlz=01;31:*.txz=01;31:*.tzo=01;31:*.t7z=01;31:*.zip=01;31:*.z=01;31:*.dz=01;31:*.gz=01;31:*.lrz=01;31:*.lz=01;31:*.lzo=01;31:*.xz=01;31:*.zst=01;31:*.tzst=01;31:*.bz2=01;31:*.bz=01;31:*.tbz=01;31:*.tbz2=01;31:*.tz=01;31:*.deb=01;31:*.rpm=01;31:*.jar=01;31:*.war=01;31:*.ear=01;31:*.sar=01;31:*.rar=01;31:*.alz=01;31:*.ace=01;31:*.zoo=01;31:*.cpio=01;31:*.7z=01;31:*.rz=01;31:*.cab=01;31:*.wim=01;31:*.swm=01;31:*.dwm=01;31:*.esd=01;31:*.jpg=01;35:*.jpeg=01;35:*.mjpg=01;35:*.mjpeg=01;35:*.gif=01;35:*.bmp=01;35:*.pbm=01;35:*.pgm=01;35:*.ppm=01;35:*.tga=01;35:*.xbm=01;35:*.xpm=01;35:*.tif=01;35:*.tiff=01;35:*.png=01;35:*.svg=01;35:*.svgz=01;35:*.mng=01;35:*.pcx=01;35:*.mov=01;35:*.mpg=01;35:*.mpeg=01;35:*.m2v=01;35:*.mkv=01;35:*.webm=01;35:*.webp=01;35:*.ogm=01;35:*.mp4=01;35:*.m4v=01;35:*.mp4v=01;35:*.vob=01;35:*.qt=01;35:*.nuv=01;35:*.wmv=01;35:*.asf=01;35:*.rm=01;35:*.rmvb=01;35:*.flc=01;35:*.avi=01;35:*.fli=01;35:*.flv=01;35:*.gl=01;35:*.dl=01;35:*.xcf=01;35:*.xwd=01;35:*.yuv=01;35:*.cgm=01;35:*.emf=01;35:*.ogv=01;35:*.ogx=01;35:*.aac=00;36:*.au=00;36:*.flac=00;36:*.m4a=00;36:*.mid=00;36:*.midi=00;36:*.mka=00;36:*.mp3=00;36:*.mpc=00;36:*.ogg=00;36:*.ra=00;36:*.wav=00;36:*.oga=00;36:*.opus=00;36:*.spx=00;36:*.xspf=00;36:'), ('GNOME_TERMINAL_SERVICE', ':1.188'), ('TERM_PROGRAM', 'tmux'), ('SSH_AGENT_LAUNCHER', 'gnome-keyring'), ('SSH_AUTH_SOCK', '/run/user/1000/keyring/ssh'), ('AMENT_PREFIX_PATH', '/home/giromi/Repos/VTOL/ws_sensor_combined_src/install/px4_msgs:/opt/ros/humble'), ('SHELL', '/bin/bash'), ('LC_NAME', 'ko_KR.UTF-8'), ('QT_ACCESSIBILITY', '1'), ('GDMSESSION', 'ubuntu'), ('LESSCLOSE', '/usr/bin/lesspipe %s %s'), ('LC_MEASUREMENT', 'ko_KR.UTF-8'), ('GPG_AGENT_INFO', '/run/user/1000/gnupg/S.gpg-agent:0:1'), ('LC_IDENTIFICATION', 'ko_KR.UTF-8'), ('QT_IM_MODULE', 'ibus'), ('PWD', '/home/giromi/Repos/VTOL/ws_sensor_combined_src/build/px4_ros_com'), ('LC_ALL', 'en_US.UTF-8'), ('XDG_CONFIG_DIRS', '/etc/xdg/xdg-ubuntu:/etc/xdg'), ('NVM_CD_FLAGS', ''), ('XDG_DATA_DIRS', '/usr/share/ubuntu:/usr/share/gnome:/usr/local/share/:/usr/share/:/var/lib/snapd/desktop'), ('PYTHONPATH', '/home/giromi/Repos/VTOL/ws_sensor_combined_src/install/px4_msgs/local/lib/python3.10/dist-packages:/opt/ros/humble/lib/python3.10/site-packages:/opt/ros/humble/local/lib/python3.10/dist-packages'), ('LC_NUMERIC', 'ko_KR.UTF-8'), ('TMUX_PLUGIN_MANAGER_PATH', '/home/giromi/.tmux/plugins/'), ('LC_PAPER', 'ko_KR.UTF-8'), ('COLCON', '1'), ('VTE_VERSION', '6800'), ('TMUX_PANE', '%8'), ('CMAKE_PREFIX_PATH', '/home/giromi/Repos/VTOL/ws_sensor_combined_src/install/px4_msgs:/opt/ros/humble')]), 'shell': False}
[12.115807] (px4_ros2_cpp) StdoutLine: {'line': b'[  5%] Built target gtest_main\n'}
[12.123844] (px4_ros2_cpp) StdoutLine: {'line': b'[ 10%] Built target gtest\n'}
[12.125248] (px4_ros2_cpp) StdoutLine: {'line': b'[ 16%] Built target integration_utils\n'}
[12.131276] (-) TimerEvent: {}
[12.134767] (px4_ros_com) StdoutLine: {'line': b'[  9%] Built target sensor_combined_listener\n'}
[12.135395] (px4_ros_com) StdoutLine: {'line': b'[ 18%] Built target frame_transforms\n'}
[12.137636] (px4_ros_com) StdoutLine: {'line': b'[ 27%] Built target vehicle_gps_position_listener\n'}
[12.140744] (px4_ros_com) StdoutLine: {'line': b'[ 54%] Built target debug_vect_advertiser\n'}
[12.140986] (px4_ros_com) StdoutLine: {'line': b'[ 54%] Built target Dubins\n'}
[12.141127] (px4_ros_com) StdoutLine: {'line': b'[ 54%] Built target OffboardControl\n'}
[12.141319] (px4_ros_com) StdoutLine: {'line': b'[ 63%] Built target key_event_pub\n'}
[12.141542] (px4_ros_com) StdoutLine: {'line': b'[ 68%] \x1b[32mBuilding CXX object CMakeFiles/ServoControlPublisher.dir/src/lib/ServoControlPublisher.cpp.o\x1b[0m\n'}
[12.152893] (px4_ros_com) StdoutLine: {'line': b'[ 72%] \x1b[32mBuilding CXX object CMakeFiles/key_event_sub.dir/src/main/key_event_sub.cpp.o\x1b[0m\n'}
[12.155980] (px4_ros_com) StdoutLine: {'line': b'[ 77%] \x1b[32mBuilding CXX object CMakeFiles/offboard_control.dir/src/main/offboard_control.cpp.o\x1b[0m\n'}
[12.222233] (px4_ros2_cpp) StdoutLine: {'line': b'[ 67%] Built target px4_ros2_cpp\n'}
[12.231371] (-) TimerEvent: {}
[12.272529] (px4_ros2_cpp) StdoutLine: {'line': b'[ 70%] \x1b[32m\x1b[1mLinking CXX executable px4_ros2_cpp_unit_tests\x1b[0m\n'}
[12.282473] (px4_ros2_cpp) StdoutLine: {'line': b'[ 72%] \x1b[32m\x1b[1mLinking CXX executable integration_tests\x1b[0m\n'}
[12.291279] (px4_ros2_cpp) StderrLine: {'line': b'/usr/bin/ld: gtest/libgtest.a: error adding symbols: archive has no index; run ranlib to add one\n'}
[12.291878] (px4_ros2_cpp) StderrLine: {'line': b'collect2: error: ld returned 1 exit status\n'}
[12.292938] (px4_ros2_cpp) StderrLine: {'line': b'gmake[2]: *** [CMakeFiles/px4_ros2_cpp_unit_tests.dir/build.make:210: px4_ros2_cpp_unit_tests] Error 1\n'}
[12.293285] (px4_ros2_cpp) StderrLine: {'line': b'gmake[1]: *** [CMakeFiles/Makefile2:244: CMakeFiles/px4_ros2_cpp_unit_tests.dir/all] Error 2\n'}
[12.293570] (px4_ros2_cpp) StderrLine: {'line': b'gmake[1]: *** Waiting for unfinished jobs....\n'}
[12.331515] (-) TimerEvent: {}
[12.402705] (px4_ros2_cpp) StderrLine: {'line': b'/usr/bin/ld: gtest/libgtest.a: error adding symbols: archive has no index; run ranlib to add one\n'}
[12.405890] (px4_ros2_cpp) StderrLine: {'line': b'collect2: error: ld returned 1 exit status\n'}
[12.406889] (px4_ros2_cpp) StderrLine: {'line': b'gmake[2]: *** [CMakeFiles/integration_tests.dir/build.make:243: integration_tests] Error 1\n'}
[12.407112] (px4_ros2_cpp) StderrLine: {'line': b'gmake[1]: *** [CMakeFiles/Makefile2:216: CMakeFiles/integration_tests.dir/all] Error 2\n'}
[12.407422] (px4_ros2_cpp) StderrLine: {'line': b'gmake: *** [Makefile:146: all] Error 2\n'}
[12.409433] (px4_ros2_cpp) CommandEnded: {'returncode': 2}
[12.431674] (-) TimerEvent: {}
[12.531970] (-) TimerEvent: {}
[12.593919] (px4_ros2_cpp) JobEnded: {'identifier': 'px4_ros2_cpp', 'rc': 2}
[12.632072] (-) TimerEvent: {}
[12.732381] (-) TimerEvent: {}
[12.832660] (-) TimerEvent: {}
[12.932964] (-) TimerEvent: {}
[13.033247] (-) TimerEvent: {}
[13.133593] (-) TimerEvent: {}
[13.233933] (-) TimerEvent: {}
[13.334285] (-) TimerEvent: {}
[13.434673] (-) TimerEvent: {}
[13.535000] (-) TimerEvent: {}
[13.635332] (-) TimerEvent: {}
[13.735730] (-) TimerEvent: {}
[13.836052] (-) TimerEvent: {}
[13.936408] (-) TimerEvent: {}
[14.036735] (-) TimerEvent: {}
[14.137066] (-) TimerEvent: {}
[14.237396] (-) TimerEvent: {}
[14.337743] (-) TimerEvent: {}
[14.438124] (-) TimerEvent: {}
[14.538531] (-) TimerEvent: {}
[14.638844] (-) TimerEvent: {}
[14.739171] (-) TimerEvent: {}
[14.839511] (-) TimerEvent: {}
[14.939854] (-) TimerEvent: {}
[15.040180] (-) TimerEvent: {}
[15.140526] (-) TimerEvent: {}
[15.240838] (-) TimerEvent: {}
[15.341178] (-) TimerEvent: {}
[15.441554] (-) TimerEvent: {}
[15.541937] (-) TimerEvent: {}
[15.642335] (-) TimerEvent: {}
[15.742656] (-) TimerEvent: {}
[15.842995] (-) TimerEvent: {}
[15.943347] (-) TimerEvent: {}
[16.043694] (-) TimerEvent: {}
[16.074889] (px4_ros_com) StdoutLine: {'line': b'[ 81%] \x1b[32m\x1b[1mLinking CXX executable offboard_control\x1b[0m\n'}
[16.143845] (-) TimerEvent: {}
[16.244159] (-) TimerEvent: {}
[16.344459] (-) TimerEvent: {}
[16.416544] (px4_ros_com) StdoutLine: {'line': b'[ 81%] Built target offboard_control\n'}
[16.444581] (-) TimerEvent: {}
[16.544877] (-) TimerEvent: {}
[16.645178] (-) TimerEvent: {}
[16.745468] (-) TimerEvent: {}
[16.845762] (-) TimerEvent: {}
[16.946052] (-) TimerEvent: {}
[17.046353] (-) TimerEvent: {}
[17.146642] (-) TimerEvent: {}
[17.246937] (-) TimerEvent: {}
[17.347251] (-) TimerEvent: {}
[17.428920] (px4_ros_com) StdoutLine: {'line': b'[ 86%] \x1b[32m\x1b[1mLinking CXX shared library libServoControlPublisher.so\x1b[0m\n'}
[17.447380] (-) TimerEvent: {}
[17.547731] (-) TimerEvent: {}
[17.648050] (-) TimerEvent: {}
[17.650138] (px4_ros_com) StdoutLine: {'line': b'[ 86%] Built target ServoControlPublisher\n'}
[17.662913] (px4_ros_com) StdoutLine: {'line': b'[ 90%] \x1b[32mBuilding CXX object CMakeFiles/pwm_aux_output.dir/src/main/pwm_aux_output.cpp.o\x1b[0m\n'}
[17.748181] (-) TimerEvent: {}
[17.848461] (-) TimerEvent: {}
[17.948741] (-) TimerEvent: {}
[18.049013] (-) TimerEvent: {}
[18.149293] (-) TimerEvent: {}
[18.249571] (-) TimerEvent: {}
[18.349870] (-) TimerEvent: {}
[18.450150] (-) TimerEvent: {}
[18.550394] (-) TimerEvent: {}
[18.650770] (-) TimerEvent: {}
[18.751072] (-) TimerEvent: {}
[18.851367] (-) TimerEvent: {}
[18.951696] (-) TimerEvent: {}
[19.052003] (-) TimerEvent: {}
[19.152290] (-) TimerEvent: {}
[19.252579] (-) TimerEvent: {}
[19.352871] (-) TimerEvent: {}
[19.453150] (-) TimerEvent: {}
[19.553425] (-) TimerEvent: {}
[19.653705] (-) TimerEvent: {}
[19.753974] (-) TimerEvent: {}
[19.854255] (-) TimerEvent: {}
[19.954535] (-) TimerEvent: {}
[20.054825] (-) TimerEvent: {}
[20.155111] (-) TimerEvent: {}
[20.255414] (-) TimerEvent: {}
[20.355754] (-) TimerEvent: {}
[20.456049] (-) TimerEvent: {}
[20.556350] (-) TimerEvent: {}
[20.656663] (-) TimerEvent: {}
[20.756927] (-) TimerEvent: {}
[20.824662] (px4_ros_com) StdoutLine: {'line': b'[ 95%] \x1b[32m\x1b[1mLinking CXX executable pwm_aux_output\x1b[0m\n'}
[20.857050] (-) TimerEvent: {}
[20.957447] (-) TimerEvent: {}
[21.011471] (px4_ros_com) StdoutLine: {'line': b'[ 95%] Built target pwm_aux_output\n'}
[21.057681] (-) TimerEvent: {}
[21.158041] (-) TimerEvent: {}
[21.258409] (-) TimerEvent: {}
[21.358679] (-) TimerEvent: {}
[21.459048] (-) TimerEvent: {}
[21.559388] (-) TimerEvent: {}
[21.659658] (-) TimerEvent: {}
[21.693025] (px4_ros_com) StdoutLine: {'line': b'[100%] \x1b[32m\x1b[1mLinking CXX executable key_event_sub\x1b[0m\n'}
[21.759757] (-) TimerEvent: {}
[21.860140] (-) TimerEvent: {}
[21.960433] (-) TimerEvent: {}
[22.060748] (-) TimerEvent: {}
[22.108193] (px4_ros_com) StdoutLine: {'line': b'[100%] Built target key_event_sub\n'}
[22.114423] (px4_ros_com) JobEnded: {'identifier': 'px4_ros_com', 'rc': 'SIGINT'}
[22.125812] (example_global_navigation_cpp) JobSkipped: {'identifier': 'example_global_navigation_cpp'}
[22.125966] (example_local_navigation_cpp) JobSkipped: {'identifier': 'example_local_navigation_cpp'}
[22.126047] (example_mode_goto_cpp) JobSkipped: {'identifier': 'example_mode_goto_cpp'}
[22.126241] (example_mode_manual_cpp) JobSkipped: {'identifier': 'example_mode_manual_cpp'}
[22.126345] (example_mode_rtl_replacement_cpp) JobSkipped: {'identifier': 'example_mode_rtl_replacement_cpp'}
[22.126439] (example_mode_with_executor_cpp) JobSkipped: {'identifier': 'example_mode_with_executor_cpp'}
[22.126536] (-) EventReactorShutdown: {}
