[1.489s] DEBUG:colcon:Command line arguments: ['/usr/bin/colcon', 'build']
[1.489s] DEBUG:colcon:Parsed command line arguments: Namespace(log_base=None, log_level=None, verb_name='build', build_base='build', install_base='install', merge_install=False, symlink_install=False, test_result_base=None, continue_on_error=False, executor='parallel', parallel_workers=8, event_handlers=None, ignore_user_meta=False, metas=['./colcon.meta'], base_paths=['.'], packages_ignore=None, packages_ignore_regex=None, paths=None, packages_up_to=None, packages_up_to_regex=None, packages_above=None, packages_above_and_dependencies=None, packages_above_depth=None, packages_select_by_dep=None, packages_skip_by_dep=None, packages_skip_up_to=None, packages_select_build_failed=False, packages_skip_build_finished=False, packages_select_test_failures=False, packages_skip_test_passed=False, packages_select=None, packages_skip=None, packages_select_regex=None, packages_skip_regex=None, packages_start=None, packages_end=None, allow_overriding=[], cmake_args=None, cmake_target=None, cmake_target_skip_unavailable=False, cmake_clean_cache=False, cmake_clean_first=False, cmake_force_configure=False, ament_cmake_args=None, catkin_cmake_args=None, catkin_skip_building_tests=False, verb_parser=<colcon_defaults.argument_parser.defaults.DefaultArgumentsDecorator object at 0x7f7716224430>, verb_extension=<colcon_core.verb.build.BuildVerb object at 0x7f7716bfb5b0>, main=<bound method BuildVerb.main of <colcon_core.verb.build.BuildVerb object at 0x7f7716bfb5b0>>)
[1.573s] Level 1:colcon.colcon_core.package_discovery:discover_packages(colcon_meta) check parameters
[1.574s] Level 1:colcon.colcon_core.package_discovery:discover_packages(recursive) check parameters
[1.574s] Level 1:colcon.colcon_core.package_discovery:discover_packages(ignore) check parameters
[1.574s] Level 1:colcon.colcon_core.package_discovery:discover_packages(path) check parameters
[1.574s] Level 1:colcon.colcon_core.package_discovery:discover_packages(colcon_meta) discover
[1.574s] Level 1:colcon.colcon_core.package_discovery:discover_packages(recursive) discover
[1.574s] INFO:colcon.colcon_core.package_discovery:Crawling recursively for packages in '/home/giromi/Repos/ws_sensor_combined_src'
[1.574s] Level 1:colcon.colcon_core.package_identification:_identify(.) by extensions ['ignore', 'ignore_ament_install']
[1.574s] Level 1:colcon.colcon_core.package_identification:_identify(.) by extension 'ignore'
[1.574s] Level 1:colcon.colcon_core.package_identification:_identify(.) by extension 'ignore_ament_install'
[1.574s] Level 1:colcon.colcon_core.package_identification:_identify(.) by extensions ['colcon_pkg']
[1.574s] Level 1:colcon.colcon_core.package_identification:_identify(.) by extension 'colcon_pkg'
[1.574s] Level 1:colcon.colcon_core.package_identification:_identify(.) by extensions ['colcon_meta']
[1.574s] Level 1:colcon.colcon_core.package_identification:_identify(.) by extension 'colcon_meta'
[1.575s] Level 1:colcon.colcon_core.package_identification:_identify(.) by extensions ['ros']
[1.575s] Level 1:colcon.colcon_core.package_identification:_identify(.) by extension 'ros'
[1.595s] Level 1:colcon.colcon_core.package_identification:_identify(.) by extensions ['cmake', 'python']
[1.595s] Level 1:colcon.colcon_core.package_identification:_identify(.) by extension 'cmake'
[1.595s] Level 1:colcon.colcon_core.package_identification:_identify(.) by extension 'python'
[1.595s] Level 1:colcon.colcon_core.package_identification:_identify(.) by extensions ['python_setup_py']
[1.595s] Level 1:colcon.colcon_core.package_identification:_identify(.) by extension 'python_setup_py'
[1.596s] Level 1:colcon.colcon_core.package_identification:_identify(build) by extensions ['ignore', 'ignore_ament_install']
[1.596s] Level 1:colcon.colcon_core.package_identification:_identify(build) by extension 'ignore'
[1.596s] Level 1:colcon.colcon_core.package_identification:_identify(build) ignored
[1.596s] Level 1:colcon.colcon_core.package_identification:_identify(install) by extensions ['ignore', 'ignore_ament_install']
[1.596s] Level 1:colcon.colcon_core.package_identification:_identify(install) by extension 'ignore'
[1.596s] Level 1:colcon.colcon_core.package_identification:_identify(install) ignored
[1.596s] Level 1:colcon.colcon_core.package_identification:_identify(log) by extensions ['ignore', 'ignore_ament_install']
[1.596s] Level 1:colcon.colcon_core.package_identification:_identify(log) by extension 'ignore'
[1.597s] Level 1:colcon.colcon_core.package_identification:_identify(log) ignored
[1.597s] Level 1:colcon.colcon_core.package_identification:_identify(src) by extensions ['ignore', 'ignore_ament_install']
[1.597s] Level 1:colcon.colcon_core.package_identification:_identify(src) by extension 'ignore'
[1.597s] Level 1:colcon.colcon_core.package_identification:_identify(src) by extension 'ignore_ament_install'
[1.597s] Level 1:colcon.colcon_core.package_identification:_identify(src) by extensions ['colcon_pkg']
[1.597s] Level 1:colcon.colcon_core.package_identification:_identify(src) by extension 'colcon_pkg'
[1.597s] Level 1:colcon.colcon_core.package_identification:_identify(src) by extensions ['colcon_meta']
[1.597s] Level 1:colcon.colcon_core.package_identification:_identify(src) by extension 'colcon_meta'
[1.597s] Level 1:colcon.colcon_core.package_identification:_identify(src) by extensions ['ros']
[1.597s] Level 1:colcon.colcon_core.package_identification:_identify(src) by extension 'ros'
[1.597s] Level 1:colcon.colcon_core.package_identification:_identify(src) by extensions ['cmake', 'python']
[1.598s] Level 1:colcon.colcon_core.package_identification:_identify(src) by extension 'cmake'
[1.598s] Level 1:colcon.colcon_core.package_identification:_identify(src) by extension 'python'
[1.598s] Level 1:colcon.colcon_core.package_identification:_identify(src) by extensions ['python_setup_py']
[1.598s] Level 1:colcon.colcon_core.package_identification:_identify(src) by extension 'python_setup_py'
[1.598s] Level 1:colcon.colcon_core.package_identification:_identify(src/px4-ros2-interface-lib) by extensions ['ignore', 'ignore_ament_install']
[1.598s] Level 1:colcon.colcon_core.package_identification:_identify(src/px4-ros2-interface-lib) by extension 'ignore'
[1.598s] Level 1:colcon.colcon_core.package_identification:_identify(src/px4-ros2-interface-lib) by extension 'ignore_ament_install'
[1.598s] Level 1:colcon.colcon_core.package_identification:_identify(src/px4-ros2-interface-lib) by extensions ['colcon_pkg']
[1.598s] Level 1:colcon.colcon_core.package_identification:_identify(src/px4-ros2-interface-lib) by extension 'colcon_pkg'
[1.599s] Level 1:colcon.colcon_core.package_identification:_identify(src/px4-ros2-interface-lib) by extensions ['colcon_meta']
[1.599s] Level 1:colcon.colcon_core.package_identification:_identify(src/px4-ros2-interface-lib) by extension 'colcon_meta'
[1.599s] Level 1:colcon.colcon_core.package_identification:_identify(src/px4-ros2-interface-lib) by extensions ['ros']
[1.599s] Level 1:colcon.colcon_core.package_identification:_identify(src/px4-ros2-interface-lib) by extension 'ros'
[1.599s] Level 1:colcon.colcon_core.package_identification:_identify(src/px4-ros2-interface-lib) by extensions ['cmake', 'python']
[1.599s] Level 1:colcon.colcon_core.package_identification:_identify(src/px4-ros2-interface-lib) by extension 'cmake'
[1.599s] Level 1:colcon.colcon_core.package_identification:_identify(src/px4-ros2-interface-lib) by extension 'python'
[1.599s] Level 1:colcon.colcon_core.package_identification:_identify(src/px4-ros2-interface-lib) by extensions ['python_setup_py']
[1.599s] Level 1:colcon.colcon_core.package_identification:_identify(src/px4-ros2-interface-lib) by extension 'python_setup_py'
[1.599s] Level 1:colcon.colcon_core.package_identification:_identify(src/px4-ros2-interface-lib/examples) by extensions ['ignore', 'ignore_ament_install']
[1.599s] Level 1:colcon.colcon_core.package_identification:_identify(src/px4-ros2-interface-lib/examples) by extension 'ignore'
[1.599s] Level 1:colcon.colcon_core.package_identification:_identify(src/px4-ros2-interface-lib/examples) by extension 'ignore_ament_install'
[1.599s] Level 1:colcon.colcon_core.package_identification:_identify(src/px4-ros2-interface-lib/examples) by extensions ['colcon_pkg']
[1.599s] Level 1:colcon.colcon_core.package_identification:_identify(src/px4-ros2-interface-lib/examples) by extension 'colcon_pkg'
[1.600s] Level 1:colcon.colcon_core.package_identification:_identify(src/px4-ros2-interface-lib/examples) by extensions ['colcon_meta']
[1.600s] Level 1:colcon.colcon_core.package_identification:_identify(src/px4-ros2-interface-lib/examples) by extension 'colcon_meta'
[1.600s] Level 1:colcon.colcon_core.package_identification:_identify(src/px4-ros2-interface-lib/examples) by extensions ['ros']
[1.600s] Level 1:colcon.colcon_core.package_identification:_identify(src/px4-ros2-interface-lib/examples) by extension 'ros'
[1.600s] Level 1:colcon.colcon_core.package_identification:_identify(src/px4-ros2-interface-lib/examples) by extensions ['cmake', 'python']
[1.600s] Level 1:colcon.colcon_core.package_identification:_identify(src/px4-ros2-interface-lib/examples) by extension 'cmake'
[1.600s] Level 1:colcon.colcon_core.package_identification:_identify(src/px4-ros2-interface-lib/examples) by extension 'python'
[1.600s] Level 1:colcon.colcon_core.package_identification:_identify(src/px4-ros2-interface-lib/examples) by extensions ['python_setup_py']
[1.600s] Level 1:colcon.colcon_core.package_identification:_identify(src/px4-ros2-interface-lib/examples) by extension 'python_setup_py'
[1.600s] Level 1:colcon.colcon_core.package_identification:_identify(src/px4-ros2-interface-lib/examples/cpp) by extensions ['ignore', 'ignore_ament_install']
[1.600s] Level 1:colcon.colcon_core.package_identification:_identify(src/px4-ros2-interface-lib/examples/cpp) by extension 'ignore'
[1.600s] Level 1:colcon.colcon_core.package_identification:_identify(src/px4-ros2-interface-lib/examples/cpp) by extension 'ignore_ament_install'
[1.600s] Level 1:colcon.colcon_core.package_identification:_identify(src/px4-ros2-interface-lib/examples/cpp) by extensions ['colcon_pkg']
[1.601s] Level 1:colcon.colcon_core.package_identification:_identify(src/px4-ros2-interface-lib/examples/cpp) by extension 'colcon_pkg'
[1.601s] Level 1:colcon.colcon_core.package_identification:_identify(src/px4-ros2-interface-lib/examples/cpp) by extensions ['colcon_meta']
[1.601s] Level 1:colcon.colcon_core.package_identification:_identify(src/px4-ros2-interface-lib/examples/cpp) by extension 'colcon_meta'
[1.601s] Level 1:colcon.colcon_core.package_identification:_identify(src/px4-ros2-interface-lib/examples/cpp) by extensions ['ros']
[1.601s] Level 1:colcon.colcon_core.package_identification:_identify(src/px4-ros2-interface-lib/examples/cpp) by extension 'ros'
[1.601s] Level 1:colcon.colcon_core.package_identification:_identify(src/px4-ros2-interface-lib/examples/cpp) by extensions ['cmake', 'python']
[1.601s] Level 1:colcon.colcon_core.package_identification:_identify(src/px4-ros2-interface-lib/examples/cpp) by extension 'cmake'
[1.601s] Level 1:colcon.colcon_core.package_identification:_identify(src/px4-ros2-interface-lib/examples/cpp) by extension 'python'
[1.601s] Level 1:colcon.colcon_core.package_identification:_identify(src/px4-ros2-interface-lib/examples/cpp) by extensions ['python_setup_py']
[1.601s] Level 1:colcon.colcon_core.package_identification:_identify(src/px4-ros2-interface-lib/examples/cpp) by extension 'python_setup_py'
[1.601s] Level 1:colcon.colcon_core.package_identification:_identify(src/px4-ros2-interface-lib/examples/cpp/modes) by extensions ['ignore', 'ignore_ament_install']
[1.602s] Level 1:colcon.colcon_core.package_identification:_identify(src/px4-ros2-interface-lib/examples/cpp/modes) by extension 'ignore'
[1.602s] Level 1:colcon.colcon_core.package_identification:_identify(src/px4-ros2-interface-lib/examples/cpp/modes) by extension 'ignore_ament_install'
[1.602s] Level 1:colcon.colcon_core.package_identification:_identify(src/px4-ros2-interface-lib/examples/cpp/modes) by extensions ['colcon_pkg']
[1.602s] Level 1:colcon.colcon_core.package_identification:_identify(src/px4-ros2-interface-lib/examples/cpp/modes) by extension 'colcon_pkg'
[1.602s] Level 1:colcon.colcon_core.package_identification:_identify(src/px4-ros2-interface-lib/examples/cpp/modes) by extensions ['colcon_meta']
[1.602s] Level 1:colcon.colcon_core.package_identification:_identify(src/px4-ros2-interface-lib/examples/cpp/modes) by extension 'colcon_meta'
[1.602s] Level 1:colcon.colcon_core.package_identification:_identify(src/px4-ros2-interface-lib/examples/cpp/modes) by extensions ['ros']
[1.602s] Level 1:colcon.colcon_core.package_identification:_identify(src/px4-ros2-interface-lib/examples/cpp/modes) by extension 'ros'
[1.602s] Level 1:colcon.colcon_core.package_identification:_identify(src/px4-ros2-interface-lib/examples/cpp/modes) by extensions ['cmake', 'python']
[1.602s] Level 1:colcon.colcon_core.package_identification:_identify(src/px4-ros2-interface-lib/examples/cpp/modes) by extension 'cmake'
[1.602s] Level 1:colcon.colcon_core.package_identification:_identify(src/px4-ros2-interface-lib/examples/cpp/modes) by extension 'python'
[1.602s] Level 1:colcon.colcon_core.package_identification:_identify(src/px4-ros2-interface-lib/examples/cpp/modes) by extensions ['python_setup_py']
[1.602s] Level 1:colcon.colcon_core.package_identification:_identify(src/px4-ros2-interface-lib/examples/cpp/modes) by extension 'python_setup_py'
[1.602s] Level 1:colcon.colcon_core.package_identification:_identify(src/px4-ros2-interface-lib/examples/cpp/modes/goto) by extensions ['ignore', 'ignore_ament_install']
[1.602s] Level 1:colcon.colcon_core.package_identification:_identify(src/px4-ros2-interface-lib/examples/cpp/modes/goto) by extension 'ignore'
[1.603s] Level 1:colcon.colcon_core.package_identification:_identify(src/px4-ros2-interface-lib/examples/cpp/modes/goto) by extension 'ignore_ament_install'
[1.603s] Level 1:colcon.colcon_core.package_identification:_identify(src/px4-ros2-interface-lib/examples/cpp/modes/goto) by extensions ['colcon_pkg']
[1.603s] Level 1:colcon.colcon_core.package_identification:_identify(src/px4-ros2-interface-lib/examples/cpp/modes/goto) by extension 'colcon_pkg'
[1.603s] Level 1:colcon.colcon_core.package_identification:_identify(src/px4-ros2-interface-lib/examples/cpp/modes/goto) by extensions ['colcon_meta']
[1.603s] Level 1:colcon.colcon_core.package_identification:_identify(src/px4-ros2-interface-lib/examples/cpp/modes/goto) by extension 'colcon_meta'
[1.603s] Level 1:colcon.colcon_core.package_identification:_identify(src/px4-ros2-interface-lib/examples/cpp/modes/goto) by extensions ['ros']
[1.603s] Level 1:colcon.colcon_core.package_identification:_identify(src/px4-ros2-interface-lib/examples/cpp/modes/goto) by extension 'ros'
[1.606s] DEBUG:colcon.colcon_core.package_identification:Package 'src/px4-ros2-interface-lib/examples/cpp/modes/goto' with type 'ros.ament_cmake' and name 'example_mode_goto_cpp'
[1.607s] Level 1:colcon.colcon_core.package_identification:_identify(src/px4-ros2-interface-lib/examples/cpp/modes/manual) by extensions ['ignore', 'ignore_ament_install']
[1.607s] Level 1:colcon.colcon_core.package_identification:_identify(src/px4-ros2-interface-lib/examples/cpp/modes/manual) by extension 'ignore'
[1.607s] Level 1:colcon.colcon_core.package_identification:_identify(src/px4-ros2-interface-lib/examples/cpp/modes/manual) by extension 'ignore_ament_install'
[1.607s] Level 1:colcon.colcon_core.package_identification:_identify(src/px4-ros2-interface-lib/examples/cpp/modes/manual) by extensions ['colcon_pkg']
[1.607s] Level 1:colcon.colcon_core.package_identification:_identify(src/px4-ros2-interface-lib/examples/cpp/modes/manual) by extension 'colcon_pkg'
[1.607s] Level 1:colcon.colcon_core.package_identification:_identify(src/px4-ros2-interface-lib/examples/cpp/modes/manual) by extensions ['colcon_meta']
[1.607s] Level 1:colcon.colcon_core.package_identification:_identify(src/px4-ros2-interface-lib/examples/cpp/modes/manual) by extension 'colcon_meta'
[1.607s] Level 1:colcon.colcon_core.package_identification:_identify(src/px4-ros2-interface-lib/examples/cpp/modes/manual) by extensions ['ros']
[1.607s] Level 1:colcon.colcon_core.package_identification:_identify(src/px4-ros2-interface-lib/examples/cpp/modes/manual) by extension 'ros'
[1.608s] DEBUG:colcon.colcon_core.package_identification:Package 'src/px4-ros2-interface-lib/examples/cpp/modes/manual' with type 'ros.ament_cmake' and name 'example_mode_manual_cpp'
[1.608s] Level 1:colcon.colcon_core.package_identification:_identify(src/px4-ros2-interface-lib/examples/cpp/modes/mode_with_executor) by extensions ['ignore', 'ignore_ament_install']
[1.608s] Level 1:colcon.colcon_core.package_identification:_identify(src/px4-ros2-interface-lib/examples/cpp/modes/mode_with_executor) by extension 'ignore'
[1.608s] Level 1:colcon.colcon_core.package_identification:_identify(src/px4-ros2-interface-lib/examples/cpp/modes/mode_with_executor) by extension 'ignore_ament_install'
[1.608s] Level 1:colcon.colcon_core.package_identification:_identify(src/px4-ros2-interface-lib/examples/cpp/modes/mode_with_executor) by extensions ['colcon_pkg']
[1.608s] Level 1:colcon.colcon_core.package_identification:_identify(src/px4-ros2-interface-lib/examples/cpp/modes/mode_with_executor) by extension 'colcon_pkg'
[1.608s] Level 1:colcon.colcon_core.package_identification:_identify(src/px4-ros2-interface-lib/examples/cpp/modes/mode_with_executor) by extensions ['colcon_meta']
[1.608s] Level 1:colcon.colcon_core.package_identification:_identify(src/px4-ros2-interface-lib/examples/cpp/modes/mode_with_executor) by extension 'colcon_meta'
[1.608s] Level 1:colcon.colcon_core.package_identification:_identify(src/px4-ros2-interface-lib/examples/cpp/modes/mode_with_executor) by extensions ['ros']
[1.609s] Level 1:colcon.colcon_core.package_identification:_identify(src/px4-ros2-interface-lib/examples/cpp/modes/mode_with_executor) by extension 'ros'
[1.609s] DEBUG:colcon.colcon_core.package_identification:Package 'src/px4-ros2-interface-lib/examples/cpp/modes/mode_with_executor' with type 'ros.ament_cmake' and name 'example_mode_with_executor_cpp'
[1.610s] Level 1:colcon.colcon_core.package_identification:_identify(src/px4-ros2-interface-lib/examples/cpp/modes/rtl_replacement) by extensions ['ignore', 'ignore_ament_install']
[1.610s] Level 1:colcon.colcon_core.package_identification:_identify(src/px4-ros2-interface-lib/examples/cpp/modes/rtl_replacement) by extension 'ignore'
[1.610s] Level 1:colcon.colcon_core.package_identification:_identify(src/px4-ros2-interface-lib/examples/cpp/modes/rtl_replacement) by extension 'ignore_ament_install'
[1.610s] Level 1:colcon.colcon_core.package_identification:_identify(src/px4-ros2-interface-lib/examples/cpp/modes/rtl_replacement) by extensions ['colcon_pkg']
[1.610s] Level 1:colcon.colcon_core.package_identification:_identify(src/px4-ros2-interface-lib/examples/cpp/modes/rtl_replacement) by extension 'colcon_pkg'
[1.610s] Level 1:colcon.colcon_core.package_identification:_identify(src/px4-ros2-interface-lib/examples/cpp/modes/rtl_replacement) by extensions ['colcon_meta']
[1.610s] Level 1:colcon.colcon_core.package_identification:_identify(src/px4-ros2-interface-lib/examples/cpp/modes/rtl_replacement) by extension 'colcon_meta'
[1.610s] Level 1:colcon.colcon_core.package_identification:_identify(src/px4-ros2-interface-lib/examples/cpp/modes/rtl_replacement) by extensions ['ros']
[1.610s] Level 1:colcon.colcon_core.package_identification:_identify(src/px4-ros2-interface-lib/examples/cpp/modes/rtl_replacement) by extension 'ros'
[1.611s] DEBUG:colcon.colcon_core.package_identification:Package 'src/px4-ros2-interface-lib/examples/cpp/modes/rtl_replacement' with type 'ros.ament_cmake' and name 'example_mode_rtl_replacement_cpp'
[1.611s] Level 1:colcon.colcon_core.package_identification:_identify(src/px4-ros2-interface-lib/examples/cpp/navigation) by extensions ['ignore', 'ignore_ament_install']
[1.611s] Level 1:colcon.colcon_core.package_identification:_identify(src/px4-ros2-interface-lib/examples/cpp/navigation) by extension 'ignore'
[1.611s] Level 1:colcon.colcon_core.package_identification:_identify(src/px4-ros2-interface-lib/examples/cpp/navigation) by extension 'ignore_ament_install'
[1.611s] Level 1:colcon.colcon_core.package_identification:_identify(src/px4-ros2-interface-lib/examples/cpp/navigation) by extensions ['colcon_pkg']
[1.611s] Level 1:colcon.colcon_core.package_identification:_identify(src/px4-ros2-interface-lib/examples/cpp/navigation) by extension 'colcon_pkg'
[1.611s] Level 1:colcon.colcon_core.package_identification:_identify(src/px4-ros2-interface-lib/examples/cpp/navigation) by extensions ['colcon_meta']
[1.611s] Level 1:colcon.colcon_core.package_identification:_identify(src/px4-ros2-interface-lib/examples/cpp/navigation) by extension 'colcon_meta'
[1.612s] Level 1:colcon.colcon_core.package_identification:_identify(src/px4-ros2-interface-lib/examples/cpp/navigation) by extensions ['ros']
[1.612s] Level 1:colcon.colcon_core.package_identification:_identify(src/px4-ros2-interface-lib/examples/cpp/navigation) by extension 'ros'
[1.612s] Level 1:colcon.colcon_core.package_identification:_identify(src/px4-ros2-interface-lib/examples/cpp/navigation) by extensions ['cmake', 'python']
[1.612s] Level 1:colcon.colcon_core.package_identification:_identify(src/px4-ros2-interface-lib/examples/cpp/navigation) by extension 'cmake'
[1.612s] Level 1:colcon.colcon_core.package_identification:_identify(src/px4-ros2-interface-lib/examples/cpp/navigation) by extension 'python'
[1.612s] Level 1:colcon.colcon_core.package_identification:_identify(src/px4-ros2-interface-lib/examples/cpp/navigation) by extensions ['python_setup_py']
[1.612s] Level 1:colcon.colcon_core.package_identification:_identify(src/px4-ros2-interface-lib/examples/cpp/navigation) by extension 'python_setup_py'
[1.612s] Level 1:colcon.colcon_core.package_identification:_identify(src/px4-ros2-interface-lib/examples/cpp/navigation/global_navigation) by extensions ['ignore', 'ignore_ament_install']
[1.612s] Level 1:colcon.colcon_core.package_identification:_identify(src/px4-ros2-interface-lib/examples/cpp/navigation/global_navigation) by extension 'ignore'
[1.612s] Level 1:colcon.colcon_core.package_identification:_identify(src/px4-ros2-interface-lib/examples/cpp/navigation/global_navigation) by extension 'ignore_ament_install'
[1.612s] Level 1:colcon.colcon_core.package_identification:_identify(src/px4-ros2-interface-lib/examples/cpp/navigation/global_navigation) by extensions ['colcon_pkg']
[1.612s] Level 1:colcon.colcon_core.package_identification:_identify(src/px4-ros2-interface-lib/examples/cpp/navigation/global_navigation) by extension 'colcon_pkg'
[1.612s] Level 1:colcon.colcon_core.package_identification:_identify(src/px4-ros2-interface-lib/examples/cpp/navigation/global_navigation) by extensions ['colcon_meta']
[1.612s] Level 1:colcon.colcon_core.package_identification:_identify(src/px4-ros2-interface-lib/examples/cpp/navigation/global_navigation) by extension 'colcon_meta'
[1.612s] Level 1:colcon.colcon_core.package_identification:_identify(src/px4-ros2-interface-lib/examples/cpp/navigation/global_navigation) by extensions ['ros']
[1.612s] Level 1:colcon.colcon_core.package_identification:_identify(src/px4-ros2-interface-lib/examples/cpp/navigation/global_navigation) by extension 'ros'
[1.614s] DEBUG:colcon.colcon_core.package_identification:Package 'src/px4-ros2-interface-lib/examples/cpp/navigation/global_navigation' with type 'ros.ament_cmake' and name 'example_global_navigation_cpp'
[1.614s] Level 1:colcon.colcon_core.package_identification:_identify(src/px4-ros2-interface-lib/examples/cpp/navigation/local_navigation) by extensions ['ignore', 'ignore_ament_install']
[1.614s] Level 1:colcon.colcon_core.package_identification:_identify(src/px4-ros2-interface-lib/examples/cpp/navigation/local_navigation) by extension 'ignore'
[1.614s] Level 1:colcon.colcon_core.package_identification:_identify(src/px4-ros2-interface-lib/examples/cpp/navigation/local_navigation) by extension 'ignore_ament_install'
[1.614s] Level 1:colcon.colcon_core.package_identification:_identify(src/px4-ros2-interface-lib/examples/cpp/navigation/local_navigation) by extensions ['colcon_pkg']
[1.614s] Level 1:colcon.colcon_core.package_identification:_identify(src/px4-ros2-interface-lib/examples/cpp/navigation/local_navigation) by extension 'colcon_pkg'
[1.615s] Level 1:colcon.colcon_core.package_identification:_identify(src/px4-ros2-interface-lib/examples/cpp/navigation/local_navigation) by extensions ['colcon_meta']
[1.615s] Level 1:colcon.colcon_core.package_identification:_identify(src/px4-ros2-interface-lib/examples/cpp/navigation/local_navigation) by extension 'colcon_meta'
[1.615s] Level 1:colcon.colcon_core.package_identification:_identify(src/px4-ros2-interface-lib/examples/cpp/navigation/local_navigation) by extensions ['ros']
[1.615s] Level 1:colcon.colcon_core.package_identification:_identify(src/px4-ros2-interface-lib/examples/cpp/navigation/local_navigation) by extension 'ros'
[1.616s] DEBUG:colcon.colcon_core.package_identification:Package 'src/px4-ros2-interface-lib/examples/cpp/navigation/local_navigation' with type 'ros.ament_cmake' and name 'example_local_navigation_cpp'
[1.616s] Level 1:colcon.colcon_core.package_identification:_identify(src/px4-ros2-interface-lib/px4_ros2_cpp) by extensions ['ignore', 'ignore_ament_install']
[1.616s] Level 1:colcon.colcon_core.package_identification:_identify(src/px4-ros2-interface-lib/px4_ros2_cpp) by extension 'ignore'
[1.616s] Level 1:colcon.colcon_core.package_identification:_identify(src/px4-ros2-interface-lib/px4_ros2_cpp) by extension 'ignore_ament_install'
[1.617s] Level 1:colcon.colcon_core.package_identification:_identify(src/px4-ros2-interface-lib/px4_ros2_cpp) by extensions ['colcon_pkg']
[1.617s] Level 1:colcon.colcon_core.package_identification:_identify(src/px4-ros2-interface-lib/px4_ros2_cpp) by extension 'colcon_pkg'
[1.617s] Level 1:colcon.colcon_core.package_identification:_identify(src/px4-ros2-interface-lib/px4_ros2_cpp) by extensions ['colcon_meta']
[1.617s] Level 1:colcon.colcon_core.package_identification:_identify(src/px4-ros2-interface-lib/px4_ros2_cpp) by extension 'colcon_meta'
[1.617s] Level 1:colcon.colcon_core.package_identification:_identify(src/px4-ros2-interface-lib/px4_ros2_cpp) by extensions ['ros']
[1.617s] Level 1:colcon.colcon_core.package_identification:_identify(src/px4-ros2-interface-lib/px4_ros2_cpp) by extension 'ros'
[1.618s] DEBUG:colcon.colcon_core.package_identification:Package 'src/px4-ros2-interface-lib/px4_ros2_cpp' with type 'ros.ament_cmake' and name 'px4_ros2_cpp'
[1.619s] Level 1:colcon.colcon_core.package_identification:_identify(src/px4-ros2-interface-lib/scripts) by extensions ['ignore', 'ignore_ament_install']
[1.619s] Level 1:colcon.colcon_core.package_identification:_identify(src/px4-ros2-interface-lib/scripts) by extension 'ignore'
[1.619s] Level 1:colcon.colcon_core.package_identification:_identify(src/px4-ros2-interface-lib/scripts) by extension 'ignore_ament_install'
[1.619s] Level 1:colcon.colcon_core.package_identification:_identify(src/px4-ros2-interface-lib/scripts) by extensions ['colcon_pkg']
[1.619s] Level 1:colcon.colcon_core.package_identification:_identify(src/px4-ros2-interface-lib/scripts) by extension 'colcon_pkg'
[1.619s] Level 1:colcon.colcon_core.package_identification:_identify(src/px4-ros2-interface-lib/scripts) by extensions ['colcon_meta']
[1.619s] Level 1:colcon.colcon_core.package_identification:_identify(src/px4-ros2-interface-lib/scripts) by extension 'colcon_meta'
[1.619s] Level 1:colcon.colcon_core.package_identification:_identify(src/px4-ros2-interface-lib/scripts) by extensions ['ros']
[1.619s] Level 1:colcon.colcon_core.package_identification:_identify(src/px4-ros2-interface-lib/scripts) by extension 'ros'
[1.619s] Level 1:colcon.colcon_core.package_identification:_identify(src/px4-ros2-interface-lib/scripts) by extensions ['cmake', 'python']
[1.619s] Level 1:colcon.colcon_core.package_identification:_identify(src/px4-ros2-interface-lib/scripts) by extension 'cmake'
[1.619s] Level 1:colcon.colcon_core.package_identification:_identify(src/px4-ros2-interface-lib/scripts) by extension 'python'
[1.619s] Level 1:colcon.colcon_core.package_identification:_identify(src/px4-ros2-interface-lib/scripts) by extensions ['python_setup_py']
[1.619s] Level 1:colcon.colcon_core.package_identification:_identify(src/px4-ros2-interface-lib/scripts) by extension 'python_setup_py'
[1.620s] Level 1:colcon.colcon_core.package_identification:_identify(src/px4_control) by extensions ['ignore', 'ignore_ament_install']
[1.620s] Level 1:colcon.colcon_core.package_identification:_identify(src/px4_control) by extension 'ignore'
[1.620s] Level 1:colcon.colcon_core.package_identification:_identify(src/px4_control) by extension 'ignore_ament_install'
[1.620s] Level 1:colcon.colcon_core.package_identification:_identify(src/px4_control) by extensions ['colcon_pkg']
[1.620s] Level 1:colcon.colcon_core.package_identification:_identify(src/px4_control) by extension 'colcon_pkg'
[1.620s] Level 1:colcon.colcon_core.package_identification:_identify(src/px4_control) by extensions ['colcon_meta']
[1.620s] Level 1:colcon.colcon_core.package_identification:_identify(src/px4_control) by extension 'colcon_meta'
[1.620s] Level 1:colcon.colcon_core.package_identification:_identify(src/px4_control) by extensions ['ros']
[1.620s] Level 1:colcon.colcon_core.package_identification:_identify(src/px4_control) by extension 'ros'
[1.621s] DEBUG:colcon.colcon_core.package_identification:Package 'src/px4_control' with type 'ros.ament_python' and name 'px4_control'
[1.621s] Level 1:colcon.colcon_core.package_identification:_identify(src/px4_control_cpp) by extensions ['ignore', 'ignore_ament_install']
[1.621s] Level 1:colcon.colcon_core.package_identification:_identify(src/px4_control_cpp) by extension 'ignore'
[1.621s] Level 1:colcon.colcon_core.package_identification:_identify(src/px4_control_cpp) by extension 'ignore_ament_install'
[1.621s] Level 1:colcon.colcon_core.package_identification:_identify(src/px4_control_cpp) by extensions ['colcon_pkg']
[1.621s] Level 1:colcon.colcon_core.package_identification:_identify(src/px4_control_cpp) by extension 'colcon_pkg'
[1.621s] Level 1:colcon.colcon_core.package_identification:_identify(src/px4_control_cpp) by extensions ['colcon_meta']
[1.621s] Level 1:colcon.colcon_core.package_identification:_identify(src/px4_control_cpp) by extension 'colcon_meta'
[1.621s] Level 1:colcon.colcon_core.package_identification:_identify(src/px4_control_cpp) by extensions ['ros']
[1.622s] Level 1:colcon.colcon_core.package_identification:_identify(src/px4_control_cpp) by extension 'ros'
[1.622s] DEBUG:colcon.colcon_core.package_identification:Package 'src/px4_control_cpp' with type 'ros.ament_cmake' and name 'px4_control_cpp'
[1.622s] Level 1:colcon.colcon_core.package_identification:_identify(src/px4_msgs) by extensions ['ignore', 'ignore_ament_install']
[1.622s] Level 1:colcon.colcon_core.package_identification:_identify(src/px4_msgs) by extension 'ignore'
[1.623s] Level 1:colcon.colcon_core.package_identification:_identify(src/px4_msgs) by extension 'ignore_ament_install'
[1.623s] Level 1:colcon.colcon_core.package_identification:_identify(src/px4_msgs) by extensions ['colcon_pkg']
[1.623s] Level 1:colcon.colcon_core.package_identification:_identify(src/px4_msgs) by extension 'colcon_pkg'
[1.623s] Level 1:colcon.colcon_core.package_identification:_identify(src/px4_msgs) by extensions ['colcon_meta']
[1.623s] Level 1:colcon.colcon_core.package_identification:_identify(src/px4_msgs) by extension 'colcon_meta'
[1.623s] Level 1:colcon.colcon_core.package_identification:_identify(src/px4_msgs) by extensions ['ros']
[1.623s] Level 1:colcon.colcon_core.package_identification:_identify(src/px4_msgs) by extension 'ros'
[1.624s] DEBUG:colcon.colcon_core.package_identification:Package 'src/px4_msgs' with type 'ros.ament_cmake' and name 'px4_msgs'
[1.624s] Level 1:colcon.colcon_core.package_identification:_identify(src/px4_ros_com) by extensions ['ignore', 'ignore_ament_install']
[1.624s] Level 1:colcon.colcon_core.package_identification:_identify(src/px4_ros_com) by extension 'ignore'
[1.624s] Level 1:colcon.colcon_core.package_identification:_identify(src/px4_ros_com) by extension 'ignore_ament_install'
[1.624s] Level 1:colcon.colcon_core.package_identification:_identify(src/px4_ros_com) by extensions ['colcon_pkg']
[1.624s] Level 1:colcon.colcon_core.package_identification:_identify(src/px4_ros_com) by extension 'colcon_pkg'
[1.624s] Level 1:colcon.colcon_core.package_identification:_identify(src/px4_ros_com) by extensions ['colcon_meta']
[1.624s] Level 1:colcon.colcon_core.package_identification:_identify(src/px4_ros_com) by extension 'colcon_meta'
[1.624s] Level 1:colcon.colcon_core.package_identification:_identify(src/px4_ros_com) by extensions ['ros']
[1.624s] Level 1:colcon.colcon_core.package_identification:_identify(src/px4_ros_com) by extension 'ros'
[1.625s] DEBUG:colcon.colcon_core.package_identification:Package 'src/px4_ros_com' with type 'ros.ament_cmake' and name 'px4_ros_com'
[1.626s] Level 1:colcon.colcon_core.package_discovery:discover_packages(recursive) using defaults
[1.626s] Level 1:colcon.colcon_core.package_discovery:discover_packages(ignore) discover
[1.626s] Level 1:colcon.colcon_core.package_discovery:discover_packages(ignore) using defaults
[1.626s] Level 1:colcon.colcon_core.package_discovery:discover_packages(path) discover
[1.626s] Level 1:colcon.colcon_core.package_discovery:discover_packages(path) using defaults
[1.767s] Level 1:colcon.colcon_core.package_discovery:discover_packages(prefix_path) check parameters
[1.767s] Level 1:colcon.colcon_core.package_discovery:discover_packages(prefix_path) discover
[1.812s] DEBUG:colcon.colcon_installed_package_information.package_discovery:Found 11 installed packages in /home/giromi/Repos/ws_sensor_combined_src/install
[1.834s] DEBUG:colcon.colcon_installed_package_information.package_discovery:Found 0 installed packages in /home/giromi/Repos/ros2_ws/install
[1.858s] DEBUG:colcon.colcon_installed_package_information.package_discovery:Found 276 installed packages in /opt/ros/humble
[1.860s] Level 1:colcon.colcon_core.package_discovery:discover_packages(prefix_path) using defaults
[1.970s] Level 5:colcon.colcon_core.verb:set package 'px4_control' build argument 'cmake_args' from command line to 'None'
[1.970s] Level 5:colcon.colcon_core.verb:set package 'px4_control' build argument 'cmake_target' from command line to 'None'
[1.970s] Level 5:colcon.colcon_core.verb:set package 'px4_control' build argument 'cmake_target_skip_unavailable' from command line to 'False'
[1.970s] Level 5:colcon.colcon_core.verb:set package 'px4_control' build argument 'cmake_clean_cache' from command line to 'False'
[1.970s] Level 5:colcon.colcon_core.verb:set package 'px4_control' build argument 'cmake_clean_first' from command line to 'False'
[1.970s] Level 5:colcon.colcon_core.verb:set package 'px4_control' build argument 'cmake_force_configure' from command line to 'False'
[1.970s] Level 5:colcon.colcon_core.verb:set package 'px4_control' build argument 'ament_cmake_args' from command line to 'None'
[1.970s] Level 5:colcon.colcon_core.verb:set package 'px4_control' build argument 'catkin_cmake_args' from command line to 'None'
[1.970s] Level 5:colcon.colcon_core.verb:set package 'px4_control' build argument 'catkin_skip_building_tests' from command line to 'False'
[1.970s] DEBUG:colcon.colcon_core.verb:Building package 'px4_control' with the following arguments: {'ament_cmake_args': None, 'build_base': '/home/giromi/Repos/ws_sensor_combined_src/build/px4_control', 'catkin_cmake_args': None, 'catkin_skip_building_tests': False, 'cmake_args': None, 'cmake_clean_cache': False, 'cmake_clean_first': False, 'cmake_force_configure': False, 'cmake_target': None, 'cmake_target_skip_unavailable': False, 'install_base': '/home/giromi/Repos/ws_sensor_combined_src/install/px4_control', 'merge_install': False, 'path': '/home/giromi/Repos/ws_sensor_combined_src/src/px4_control', 'symlink_install': False, 'test_result_base': None}
[2.009s] Level 5:colcon.colcon_core.verb:set package 'px4_control_cpp' build argument 'cmake_args' from command line to 'None'
[2.009s] Level 5:colcon.colcon_core.verb:set package 'px4_control_cpp' build argument 'cmake_target' from command line to 'None'
[2.009s] Level 5:colcon.colcon_core.verb:set package 'px4_control_cpp' build argument 'cmake_target_skip_unavailable' from command line to 'False'
[2.009s] Level 5:colcon.colcon_core.verb:set package 'px4_control_cpp' build argument 'cmake_clean_cache' from command line to 'False'
[2.009s] Level 5:colcon.colcon_core.verb:set package 'px4_control_cpp' build argument 'cmake_clean_first' from command line to 'False'
[2.009s] Level 5:colcon.colcon_core.verb:set package 'px4_control_cpp' build argument 'cmake_force_configure' from command line to 'False'
[2.009s] Level 5:colcon.colcon_core.verb:set package 'px4_control_cpp' build argument 'ament_cmake_args' from command line to 'None'
[2.009s] Level 5:colcon.colcon_core.verb:set package 'px4_control_cpp' build argument 'catkin_cmake_args' from command line to 'None'
[2.009s] Level 5:colcon.colcon_core.verb:set package 'px4_control_cpp' build argument 'catkin_skip_building_tests' from command line to 'False'
[2.009s] DEBUG:colcon.colcon_core.verb:Building package 'px4_control_cpp' with the following arguments: {'ament_cmake_args': None, 'build_base': '/home/giromi/Repos/ws_sensor_combined_src/build/px4_control_cpp', 'catkin_cmake_args': None, 'catkin_skip_building_tests': False, 'cmake_args': None, 'cmake_clean_cache': False, 'cmake_clean_first': False, 'cmake_force_configure': False, 'cmake_target': None, 'cmake_target_skip_unavailable': False, 'install_base': '/home/giromi/Repos/ws_sensor_combined_src/install/px4_control_cpp', 'merge_install': False, 'path': '/home/giromi/Repos/ws_sensor_combined_src/src/px4_control_cpp', 'symlink_install': False, 'test_result_base': None}
[2.031s] Level 5:colcon.colcon_core.verb:set package 'px4_msgs' build argument 'cmake_args' from command line to 'None'
[2.031s] Level 5:colcon.colcon_core.verb:set package 'px4_msgs' build argument 'cmake_target' from command line to 'None'
[2.031s] Level 5:colcon.colcon_core.verb:set package 'px4_msgs' build argument 'cmake_target_skip_unavailable' from command line to 'False'
[2.031s] Level 5:colcon.colcon_core.verb:set package 'px4_msgs' build argument 'cmake_clean_cache' from command line to 'False'
[2.031s] Level 5:colcon.colcon_core.verb:set package 'px4_msgs' build argument 'cmake_clean_first' from command line to 'False'
[2.031s] Level 5:colcon.colcon_core.verb:set package 'px4_msgs' build argument 'cmake_force_configure' from command line to 'False'
[2.031s] Level 5:colcon.colcon_core.verb:set package 'px4_msgs' build argument 'ament_cmake_args' from command line to 'None'
[2.031s] Level 5:colcon.colcon_core.verb:set package 'px4_msgs' build argument 'catkin_cmake_args' from command line to 'None'
[2.031s] Level 5:colcon.colcon_core.verb:set package 'px4_msgs' build argument 'catkin_skip_building_tests' from command line to 'False'
[2.031s] DEBUG:colcon.colcon_core.verb:Building package 'px4_msgs' with the following arguments: {'ament_cmake_args': None, 'build_base': '/home/giromi/Repos/ws_sensor_combined_src/build/px4_msgs', 'catkin_cmake_args': None, 'catkin_skip_building_tests': False, 'cmake_args': None, 'cmake_clean_cache': False, 'cmake_clean_first': False, 'cmake_force_configure': False, 'cmake_target': None, 'cmake_target_skip_unavailable': False, 'install_base': '/home/giromi/Repos/ws_sensor_combined_src/install/px4_msgs', 'merge_install': False, 'path': '/home/giromi/Repos/ws_sensor_combined_src/src/px4_msgs', 'symlink_install': False, 'test_result_base': None}
[2.054s] Level 5:colcon.colcon_core.verb:set package 'px4_ros2_cpp' build argument 'cmake_args' from command line to 'None'
[2.054s] Level 5:colcon.colcon_core.verb:set package 'px4_ros2_cpp' build argument 'cmake_target' from command line to 'None'
[2.054s] Level 5:colcon.colcon_core.verb:set package 'px4_ros2_cpp' build argument 'cmake_target_skip_unavailable' from command line to 'False'
[2.054s] Level 5:colcon.colcon_core.verb:set package 'px4_ros2_cpp' build argument 'cmake_clean_cache' from command line to 'False'
[2.054s] Level 5:colcon.colcon_core.verb:set package 'px4_ros2_cpp' build argument 'cmake_clean_first' from command line to 'False'
[2.055s] Level 5:colcon.colcon_core.verb:set package 'px4_ros2_cpp' build argument 'cmake_force_configure' from command line to 'False'
[2.055s] Level 5:colcon.colcon_core.verb:set package 'px4_ros2_cpp' build argument 'ament_cmake_args' from command line to 'None'
[2.055s] Level 5:colcon.colcon_core.verb:set package 'px4_ros2_cpp' build argument 'catkin_cmake_args' from command line to 'None'
[2.055s] Level 5:colcon.colcon_core.verb:set package 'px4_ros2_cpp' build argument 'catkin_skip_building_tests' from command line to 'False'
[2.055s] DEBUG:colcon.colcon_core.verb:Building package 'px4_ros2_cpp' with the following arguments: {'ament_cmake_args': None, 'build_base': '/home/giromi/Repos/ws_sensor_combined_src/build/px4_ros2_cpp', 'catkin_cmake_args': None, 'catkin_skip_building_tests': False, 'cmake_args': None, 'cmake_clean_cache': False, 'cmake_clean_first': False, 'cmake_force_configure': False, 'cmake_target': None, 'cmake_target_skip_unavailable': False, 'install_base': '/home/giromi/Repos/ws_sensor_combined_src/install/px4_ros2_cpp', 'merge_install': False, 'path': '/home/giromi/Repos/ws_sensor_combined_src/src/px4-ros2-interface-lib/px4_ros2_cpp', 'symlink_install': False, 'test_result_base': None}
[2.077s] Level 5:colcon.colcon_core.verb:set package 'px4_ros_com' build argument 'cmake_args' from command line to 'None'
[2.077s] Level 5:colcon.colcon_core.verb:set package 'px4_ros_com' build argument 'cmake_target' from command line to 'None'
[2.077s] Level 5:colcon.colcon_core.verb:set package 'px4_ros_com' build argument 'cmake_target_skip_unavailable' from command line to 'False'
[2.077s] Level 5:colcon.colcon_core.verb:set package 'px4_ros_com' build argument 'cmake_clean_cache' from command line to 'False'
[2.077s] Level 5:colcon.colcon_core.verb:set package 'px4_ros_com' build argument 'cmake_clean_first' from command line to 'False'
[2.077s] Level 5:colcon.colcon_core.verb:set package 'px4_ros_com' build argument 'cmake_force_configure' from command line to 'False'
[2.077s] Level 5:colcon.colcon_core.verb:set package 'px4_ros_com' build argument 'ament_cmake_args' from command line to 'None'
[2.077s] Level 5:colcon.colcon_core.verb:set package 'px4_ros_com' build argument 'catkin_cmake_args' from command line to 'None'
[2.077s] Level 5:colcon.colcon_core.verb:set package 'px4_ros_com' build argument 'catkin_skip_building_tests' from command line to 'False'
[2.077s] DEBUG:colcon.colcon_core.verb:Building package 'px4_ros_com' with the following arguments: {'ament_cmake_args': None, 'build_base': '/home/giromi/Repos/ws_sensor_combined_src/build/px4_ros_com', 'catkin_cmake_args': None, 'catkin_skip_building_tests': False, 'cmake_args': None, 'cmake_clean_cache': False, 'cmake_clean_first': False, 'cmake_force_configure': False, 'cmake_target': None, 'cmake_target_skip_unavailable': False, 'install_base': '/home/giromi/Repos/ws_sensor_combined_src/install/px4_ros_com', 'merge_install': False, 'path': '/home/giromi/Repos/ws_sensor_combined_src/src/px4_ros_com', 'symlink_install': False, 'test_result_base': None}
[2.100s] Level 5:colcon.colcon_core.verb:set package 'example_global_navigation_cpp' build argument 'cmake_args' from command line to 'None'
[2.100s] Level 5:colcon.colcon_core.verb:set package 'example_global_navigation_cpp' build argument 'cmake_target' from command line to 'None'
[2.100s] Level 5:colcon.colcon_core.verb:set package 'example_global_navigation_cpp' build argument 'cmake_target_skip_unavailable' from command line to 'False'
[2.100s] Level 5:colcon.colcon_core.verb:set package 'example_global_navigation_cpp' build argument 'cmake_clean_cache' from command line to 'False'
[2.100s] Level 5:colcon.colcon_core.verb:set package 'example_global_navigation_cpp' build argument 'cmake_clean_first' from command line to 'False'
[2.100s] Level 5:colcon.colcon_core.verb:set package 'example_global_navigation_cpp' build argument 'cmake_force_configure' from command line to 'False'
[2.100s] Level 5:colcon.colcon_core.verb:set package 'example_global_navigation_cpp' build argument 'ament_cmake_args' from command line to 'None'
[2.100s] Level 5:colcon.colcon_core.verb:set package 'example_global_navigation_cpp' build argument 'catkin_cmake_args' from command line to 'None'
[2.100s] Level 5:colcon.colcon_core.verb:set package 'example_global_navigation_cpp' build argument 'catkin_skip_building_tests' from command line to 'False'
[2.100s] DEBUG:colcon.colcon_core.verb:Building package 'example_global_navigation_cpp' with the following arguments: {'ament_cmake_args': None, 'build_base': '/home/giromi/Repos/ws_sensor_combined_src/build/example_global_navigation_cpp', 'catkin_cmake_args': None, 'catkin_skip_building_tests': False, 'cmake_args': None, 'cmake_clean_cache': False, 'cmake_clean_first': False, 'cmake_force_configure': False, 'cmake_target': None, 'cmake_target_skip_unavailable': False, 'install_base': '/home/giromi/Repos/ws_sensor_combined_src/install/example_global_navigation_cpp', 'merge_install': False, 'path': '/home/giromi/Repos/ws_sensor_combined_src/src/px4-ros2-interface-lib/examples/cpp/navigation/global_navigation', 'symlink_install': False, 'test_result_base': None}
[2.121s] Level 5:colcon.colcon_core.verb:set package 'example_local_navigation_cpp' build argument 'cmake_args' from command line to 'None'
[2.122s] Level 5:colcon.colcon_core.verb:set package 'example_local_navigation_cpp' build argument 'cmake_target' from command line to 'None'
[2.122s] Level 5:colcon.colcon_core.verb:set package 'example_local_navigation_cpp' build argument 'cmake_target_skip_unavailable' from command line to 'False'
[2.122s] Level 5:colcon.colcon_core.verb:set package 'example_local_navigation_cpp' build argument 'cmake_clean_cache' from command line to 'False'
[2.122s] Level 5:colcon.colcon_core.verb:set package 'example_local_navigation_cpp' build argument 'cmake_clean_first' from command line to 'False'
[2.122s] Level 5:colcon.colcon_core.verb:set package 'example_local_navigation_cpp' build argument 'cmake_force_configure' from command line to 'False'
[2.122s] Level 5:colcon.colcon_core.verb:set package 'example_local_navigation_cpp' build argument 'ament_cmake_args' from command line to 'None'
[2.122s] Level 5:colcon.colcon_core.verb:set package 'example_local_navigation_cpp' build argument 'catkin_cmake_args' from command line to 'None'
[2.122s] Level 5:colcon.colcon_core.verb:set package 'example_local_navigation_cpp' build argument 'catkin_skip_building_tests' from command line to 'False'
[2.122s] DEBUG:colcon.colcon_core.verb:Building package 'example_local_navigation_cpp' with the following arguments: {'ament_cmake_args': None, 'build_base': '/home/giromi/Repos/ws_sensor_combined_src/build/example_local_navigation_cpp', 'catkin_cmake_args': None, 'catkin_skip_building_tests': False, 'cmake_args': None, 'cmake_clean_cache': False, 'cmake_clean_first': False, 'cmake_force_configure': False, 'cmake_target': None, 'cmake_target_skip_unavailable': False, 'install_base': '/home/giromi/Repos/ws_sensor_combined_src/install/example_local_navigation_cpp', 'merge_install': False, 'path': '/home/giromi/Repos/ws_sensor_combined_src/src/px4-ros2-interface-lib/examples/cpp/navigation/local_navigation', 'symlink_install': False, 'test_result_base': None}
[2.143s] Level 5:colcon.colcon_core.verb:set package 'example_mode_goto_cpp' build argument 'cmake_args' from command line to 'None'
[2.144s] Level 5:colcon.colcon_core.verb:set package 'example_mode_goto_cpp' build argument 'cmake_target' from command line to 'None'
[2.144s] Level 5:colcon.colcon_core.verb:set package 'example_mode_goto_cpp' build argument 'cmake_target_skip_unavailable' from command line to 'False'
[2.144s] Level 5:colcon.colcon_core.verb:set package 'example_mode_goto_cpp' build argument 'cmake_clean_cache' from command line to 'False'
[2.144s] Level 5:colcon.colcon_core.verb:set package 'example_mode_goto_cpp' build argument 'cmake_clean_first' from command line to 'False'
[2.144s] Level 5:colcon.colcon_core.verb:set package 'example_mode_goto_cpp' build argument 'cmake_force_configure' from command line to 'False'
[2.144s] Level 5:colcon.colcon_core.verb:set package 'example_mode_goto_cpp' build argument 'ament_cmake_args' from command line to 'None'
[2.144s] Level 5:colcon.colcon_core.verb:set package 'example_mode_goto_cpp' build argument 'catkin_cmake_args' from command line to 'None'
[2.144s] Level 5:colcon.colcon_core.verb:set package 'example_mode_goto_cpp' build argument 'catkin_skip_building_tests' from command line to 'False'
[2.144s] DEBUG:colcon.colcon_core.verb:Building package 'example_mode_goto_cpp' with the following arguments: {'ament_cmake_args': None, 'build_base': '/home/giromi/Repos/ws_sensor_combined_src/build/example_mode_goto_cpp', 'catkin_cmake_args': None, 'catkin_skip_building_tests': False, 'cmake_args': None, 'cmake_clean_cache': False, 'cmake_clean_first': False, 'cmake_force_configure': False, 'cmake_target': None, 'cmake_target_skip_unavailable': False, 'install_base': '/home/giromi/Repos/ws_sensor_combined_src/install/example_mode_goto_cpp', 'merge_install': False, 'path': '/home/giromi/Repos/ws_sensor_combined_src/src/px4-ros2-interface-lib/examples/cpp/modes/goto', 'symlink_install': False, 'test_result_base': None}
[2.165s] Level 5:colcon.colcon_core.verb:set package 'example_mode_manual_cpp' build argument 'cmake_args' from command line to 'None'
[2.166s] Level 5:colcon.colcon_core.verb:set package 'example_mode_manual_cpp' build argument 'cmake_target' from command line to 'None'
[2.166s] Level 5:colcon.colcon_core.verb:set package 'example_mode_manual_cpp' build argument 'cmake_target_skip_unavailable' from command line to 'False'
[2.166s] Level 5:colcon.colcon_core.verb:set package 'example_mode_manual_cpp' build argument 'cmake_clean_cache' from command line to 'False'
[2.166s] Level 5:colcon.colcon_core.verb:set package 'example_mode_manual_cpp' build argument 'cmake_clean_first' from command line to 'False'
[2.166s] Level 5:colcon.colcon_core.verb:set package 'example_mode_manual_cpp' build argument 'cmake_force_configure' from command line to 'False'
[2.166s] Level 5:colcon.colcon_core.verb:set package 'example_mode_manual_cpp' build argument 'ament_cmake_args' from command line to 'None'
[2.166s] Level 5:colcon.colcon_core.verb:set package 'example_mode_manual_cpp' build argument 'catkin_cmake_args' from command line to 'None'
[2.166s] Level 5:colcon.colcon_core.verb:set package 'example_mode_manual_cpp' build argument 'catkin_skip_building_tests' from command line to 'False'
[2.166s] DEBUG:colcon.colcon_core.verb:Building package 'example_mode_manual_cpp' with the following arguments: {'ament_cmake_args': None, 'build_base': '/home/giromi/Repos/ws_sensor_combined_src/build/example_mode_manual_cpp', 'catkin_cmake_args': None, 'catkin_skip_building_tests': False, 'cmake_args': None, 'cmake_clean_cache': False, 'cmake_clean_first': False, 'cmake_force_configure': False, 'cmake_target': None, 'cmake_target_skip_unavailable': False, 'install_base': '/home/giromi/Repos/ws_sensor_combined_src/install/example_mode_manual_cpp', 'merge_install': False, 'path': '/home/giromi/Repos/ws_sensor_combined_src/src/px4-ros2-interface-lib/examples/cpp/modes/manual', 'symlink_install': False, 'test_result_base': None}
[2.188s] Level 5:colcon.colcon_core.verb:set package 'example_mode_rtl_replacement_cpp' build argument 'cmake_args' from command line to 'None'
[2.188s] Level 5:colcon.colcon_core.verb:set package 'example_mode_rtl_replacement_cpp' build argument 'cmake_target' from command line to 'None'
[2.188s] Level 5:colcon.colcon_core.verb:set package 'example_mode_rtl_replacement_cpp' build argument 'cmake_target_skip_unavailable' from command line to 'False'
[2.188s] Level 5:colcon.colcon_core.verb:set package 'example_mode_rtl_replacement_cpp' build argument 'cmake_clean_cache' from command line to 'False'
[2.188s] Level 5:colcon.colcon_core.verb:set package 'example_mode_rtl_replacement_cpp' build argument 'cmake_clean_first' from command line to 'False'
[2.188s] Level 5:colcon.colcon_core.verb:set package 'example_mode_rtl_replacement_cpp' build argument 'cmake_force_configure' from command line to 'False'
[2.188s] Level 5:colcon.colcon_core.verb:set package 'example_mode_rtl_replacement_cpp' build argument 'ament_cmake_args' from command line to 'None'
[2.188s] Level 5:colcon.colcon_core.verb:set package 'example_mode_rtl_replacement_cpp' build argument 'catkin_cmake_args' from command line to 'None'
[2.188s] Level 5:colcon.colcon_core.verb:set package 'example_mode_rtl_replacement_cpp' build argument 'catkin_skip_building_tests' from command line to 'False'
[2.188s] DEBUG:colcon.colcon_core.verb:Building package 'example_mode_rtl_replacement_cpp' with the following arguments: {'ament_cmake_args': None, 'build_base': '/home/giromi/Repos/ws_sensor_combined_src/build/example_mode_rtl_replacement_cpp', 'catkin_cmake_args': None, 'catkin_skip_building_tests': False, 'cmake_args': None, 'cmake_clean_cache': False, 'cmake_clean_first': False, 'cmake_force_configure': False, 'cmake_target': None, 'cmake_target_skip_unavailable': False, 'install_base': '/home/giromi/Repos/ws_sensor_combined_src/install/example_mode_rtl_replacement_cpp', 'merge_install': False, 'path': '/home/giromi/Repos/ws_sensor_combined_src/src/px4-ros2-interface-lib/examples/cpp/modes/rtl_replacement', 'symlink_install': False, 'test_result_base': None}
[2.210s] Level 5:colcon.colcon_core.verb:set package 'example_mode_with_executor_cpp' build argument 'cmake_args' from command line to 'None'
[2.210s] Level 5:colcon.colcon_core.verb:set package 'example_mode_with_executor_cpp' build argument 'cmake_target' from command line to 'None'
[2.210s] Level 5:colcon.colcon_core.verb:set package 'example_mode_with_executor_cpp' build argument 'cmake_target_skip_unavailable' from command line to 'False'
[2.210s] Level 5:colcon.colcon_core.verb:set package 'example_mode_with_executor_cpp' build argument 'cmake_clean_cache' from command line to 'False'
[2.210s] Level 5:colcon.colcon_core.verb:set package 'example_mode_with_executor_cpp' build argument 'cmake_clean_first' from command line to 'False'
[2.210s] Level 5:colcon.colcon_core.verb:set package 'example_mode_with_executor_cpp' build argument 'cmake_force_configure' from command line to 'False'
[2.210s] Level 5:colcon.colcon_core.verb:set package 'example_mode_with_executor_cpp' build argument 'ament_cmake_args' from command line to 'None'
[2.210s] Level 5:colcon.colcon_core.verb:set package 'example_mode_with_executor_cpp' build argument 'catkin_cmake_args' from command line to 'None'
[2.211s] Level 5:colcon.colcon_core.verb:set package 'example_mode_with_executor_cpp' build argument 'catkin_skip_building_tests' from command line to 'False'
[2.211s] DEBUG:colcon.colcon_core.verb:Building package 'example_mode_with_executor_cpp' with the following arguments: {'ament_cmake_args': None, 'build_base': '/home/giromi/Repos/ws_sensor_combined_src/build/example_mode_with_executor_cpp', 'catkin_cmake_args': None, 'catkin_skip_building_tests': False, 'cmake_args': None, 'cmake_clean_cache': False, 'cmake_clean_first': False, 'cmake_force_configure': False, 'cmake_target': None, 'cmake_target_skip_unavailable': False, 'install_base': '/home/giromi/Repos/ws_sensor_combined_src/install/example_mode_with_executor_cpp', 'merge_install': False, 'path': '/home/giromi/Repos/ws_sensor_combined_src/src/px4-ros2-interface-lib/examples/cpp/modes/mode_with_executor', 'symlink_install': False, 'test_result_base': None}
[2.231s] INFO:colcon.colcon_core.executor:Executing jobs using 'parallel' executor
[2.255s] DEBUG:colcon.colcon_parallel_executor.executor.parallel:run_until_complete
[2.256s] INFO:colcon.colcon_ros.task.ament_cmake.build:Building ROS package in '/home/giromi/Repos/ws_sensor_combined_src/src/px4_msgs' with build type 'ament_cmake'
[2.256s] INFO:colcon.colcon_cmake.task.cmake.build:Building CMake package in '/home/giromi/Repos/ws_sensor_combined_src/src/px4_msgs'
[2.281s] INFO:colcon.colcon_core.plugin_system:Skipping extension 'colcon_core.shell.bat': Not used on non-Windows systems
[2.281s] INFO:colcon.colcon_core.shell:Skip shell extension 'powershell' for command environment: Not usable outside of PowerShell
[2.281s] DEBUG:colcon.colcon_core.shell:Skip shell extension 'dsv' for command environment
[2.381s] INFO:colcon.colcon_ros.task.ament_python.build:Building ROS package in '/home/giromi/Repos/ws_sensor_combined_src/src/px4_control' with build type 'ament_python'
[2.381s] Level 1:colcon.colcon_core.shell:create_environment_hook('px4_control', 'ament_prefix_path')
[2.406s] INFO:colcon.colcon_core.shell:Creating environment hook '/home/giromi/Repos/ws_sensor_combined_src/install/px4_control/share/px4_control/hook/ament_prefix_path.ps1'
[2.407s] INFO:colcon.colcon_core.shell:Creating environment descriptor '/home/giromi/Repos/ws_sensor_combined_src/install/px4_control/share/px4_control/hook/ament_prefix_path.dsv'
[2.408s] INFO:colcon.colcon_core.shell:Creating environment hook '/home/giromi/Repos/ws_sensor_combined_src/install/px4_control/share/px4_control/hook/ament_prefix_path.sh'
[2.433s] INFO:colcon.colcon_core.shell:Skip shell extension 'powershell' for command environment: Not usable outside of PowerShell
[2.433s] DEBUG:colcon.colcon_core.shell:Skip shell extension 'dsv' for command environment
[2.533s] INFO:colcon.colcon_ros.task.ament_cmake.build:Building ROS package in '/home/giromi/Repos/ws_sensor_combined_src/src/px4_control_cpp' with build type 'ament_cmake'
[2.534s] INFO:colcon.colcon_cmake.task.cmake.build:Building CMake package in '/home/giromi/Repos/ws_sensor_combined_src/src/px4_control_cpp'
[2.562s] INFO:colcon.colcon_core.shell:Skip shell extension 'powershell' for command environment: Not usable outside of PowerShell
[2.562s] DEBUG:colcon.colcon_core.shell:Skip shell extension 'dsv' for command environment
[2.668s] DEBUG:colcon.colcon_core.event_handler.log_command:Invoking command in '/home/giromi/Repos/ws_sensor_combined_src/build/px4_msgs': CMAKE_PREFIX_PATH=${CMAKE_PREFIX_PATH}:/home/giromi/Repos/ws_sensor_combined_src/install/px4_control:/opt/ros/humble /usr/bin/cmake --build /home/giromi/Repos/ws_sensor_combined_src/build/px4_msgs -- -j8 -l8
[3.019s] INFO:colcon.colcon_core.task.python.build:Building Python package in '/home/giromi/Repos/ws_sensor_combined_src/src/px4_control'
[3.045s] INFO:colcon.colcon_core.shell:Skip shell extension 'powershell' for command environment: Not usable outside of PowerShell
[3.045s] DEBUG:colcon.colcon_core.shell:Skip shell extension 'dsv' for command environment
[3.160s] DEBUG:colcon.colcon_core.event_handler.log_command:Invoking command in '/home/giromi/Repos/ws_sensor_combined_src/build/px4_control_cpp': CMAKE_PREFIX_PATH=${CMAKE_PREFIX_PATH}:/home/giromi/Repos/ws_sensor_combined_src/install/px4_control:/opt/ros/humble /usr/bin/cmake --build /home/giromi/Repos/ws_sensor_combined_src/build/px4_control_cpp -- -j8 -l8
[3.226s] DEBUG:colcon.colcon_core.event_handler.log_command:Invoked command in '/home/giromi/Repos/ws_sensor_combined_src/build/px4_control_cpp' returned '0': CMAKE_PREFIX_PATH=${CMAKE_PREFIX_PATH}:/home/giromi/Repos/ws_sensor_combined_src/install/px4_control:/opt/ros/humble /usr/bin/cmake --build /home/giromi/Repos/ws_sensor_combined_src/build/px4_control_cpp -- -j8 -l8
[3.280s] DEBUG:colcon.colcon_core.event_handler.log_command:Invoking command in '/home/giromi/Repos/ws_sensor_combined_src/build/px4_control_cpp': CMAKE_PREFIX_PATH=${CMAKE_PREFIX_PATH}:/home/giromi/Repos/ws_sensor_combined_src/install/px4_control:/opt/ros/humble /usr/bin/cmake --install /home/giromi/Repos/ws_sensor_combined_src/build/px4_control_cpp
[3.294s] Level 1:colcon.colcon_core.environment:create_environment_scripts_only(px4_control_cpp)
[3.294s] DEBUG:colcon.colcon_core.event_handler.log_command:Invoked command in '/home/giromi/Repos/ws_sensor_combined_src/build/px4_control_cpp' returned '0': CMAKE_PREFIX_PATH=${CMAKE_PREFIX_PATH}:/home/giromi/Repos/ws_sensor_combined_src/install/px4_control:/opt/ros/humble /usr/bin/cmake --install /home/giromi/Repos/ws_sensor_combined_src/build/px4_control_cpp
[3.325s] Level 1:colcon.colcon_core.environment:checking '/home/giromi/Repos/ws_sensor_combined_src/install/px4_control_cpp' for CMake module files
[3.326s] Level 1:colcon.colcon_core.environment:checking '/home/giromi/Repos/ws_sensor_combined_src/install/px4_control_cpp' for CMake config files
[3.326s] Level 1:colcon.colcon_core.shell:create_environment_hook('px4_control_cpp', 'cmake_prefix_path')
[3.355s] INFO:colcon.colcon_core.shell:Creating environment hook '/home/giromi/Repos/ws_sensor_combined_src/install/px4_control_cpp/share/px4_control_cpp/hook/cmake_prefix_path.ps1'
[3.356s] INFO:colcon.colcon_core.shell:Creating environment descriptor '/home/giromi/Repos/ws_sensor_combined_src/install/px4_control_cpp/share/px4_control_cpp/hook/cmake_prefix_path.dsv'
[3.356s] INFO:colcon.colcon_core.shell:Creating environment hook '/home/giromi/Repos/ws_sensor_combined_src/install/px4_control_cpp/share/px4_control_cpp/hook/cmake_prefix_path.sh'
[3.358s] Level 1:colcon.colcon_core.environment:checking '/home/giromi/Repos/ws_sensor_combined_src/install/px4_control_cpp/bin'
[3.358s] Level 1:colcon.colcon_core.environment:checking '/home/giromi/Repos/ws_sensor_combined_src/install/px4_control_cpp/lib/pkgconfig/px4_control_cpp.pc'
[3.358s] Level 1:colcon.colcon_core.environment:checking '/home/giromi/Repos/ws_sensor_combined_src/install/px4_control_cpp/lib/python3.10/site-packages'
[3.359s] Level 1:colcon.colcon_core.environment:checking '/home/giromi/Repos/ws_sensor_combined_src/install/px4_control_cpp/bin'
[3.384s] INFO:colcon.colcon_core.shell:Creating package script '/home/giromi/Repos/ws_sensor_combined_src/install/px4_control_cpp/share/px4_control_cpp/package.ps1'
[3.386s] INFO:colcon.colcon_core.shell:Creating package descriptor '/home/giromi/Repos/ws_sensor_combined_src/install/px4_control_cpp/share/px4_control_cpp/package.dsv'
[3.387s] INFO:colcon.colcon_core.shell:Creating package script '/home/giromi/Repos/ws_sensor_combined_src/install/px4_control_cpp/share/px4_control_cpp/package.sh'
[3.388s] INFO:colcon.colcon_core.shell:Creating package script '/home/giromi/Repos/ws_sensor_combined_src/install/px4_control_cpp/share/px4_control_cpp/package.bash'
[3.389s] INFO:colcon.colcon_core.shell:Creating package script '/home/giromi/Repos/ws_sensor_combined_src/install/px4_control_cpp/share/px4_control_cpp/package.zsh'
[3.390s] Level 1:colcon.colcon_core.environment:create_file_with_runtime_dependencies(/home/giromi/Repos/ws_sensor_combined_src/install/px4_control_cpp/share/colcon-core/packages/px4_control_cpp)
[3.465s] Level 1:colcon.colcon_core.environment:create_environment_scripts_only(px4_control_cpp)
[3.501s] Level 1:colcon.colcon_core.environment:checking '/home/giromi/Repos/ws_sensor_combined_src/install/px4_control_cpp' for CMake module files
[3.502s] Level 1:colcon.colcon_core.environment:checking '/home/giromi/Repos/ws_sensor_combined_src/install/px4_control_cpp' for CMake config files
[3.503s] Level 1:colcon.colcon_core.shell:create_environment_hook('px4_control_cpp', 'cmake_prefix_path')
[3.542s] INFO:colcon.colcon_core.shell:Creating environment hook '/home/giromi/Repos/ws_sensor_combined_src/install/px4_control_cpp/share/px4_control_cpp/hook/cmake_prefix_path.ps1'
[3.543s] INFO:colcon.colcon_core.shell:Creating environment descriptor '/home/giromi/Repos/ws_sensor_combined_src/install/px4_control_cpp/share/px4_control_cpp/hook/cmake_prefix_path.dsv'
[3.544s] INFO:colcon.colcon_core.shell:Creating environment hook '/home/giromi/Repos/ws_sensor_combined_src/install/px4_control_cpp/share/px4_control_cpp/hook/cmake_prefix_path.sh'
[3.544s] Level 1:colcon.colcon_core.environment:checking '/home/giromi/Repos/ws_sensor_combined_src/install/px4_control_cpp/bin'
[3.544s] Level 1:colcon.colcon_core.environment:checking '/home/giromi/Repos/ws_sensor_combined_src/install/px4_control_cpp/lib/pkgconfig/px4_control_cpp.pc'
[3.545s] Level 1:colcon.colcon_core.environment:checking '/home/giromi/Repos/ws_sensor_combined_src/install/px4_control_cpp/lib/python3.10/site-packages'
[3.545s] Level 1:colcon.colcon_core.environment:checking '/home/giromi/Repos/ws_sensor_combined_src/install/px4_control_cpp/bin'
[3.576s] INFO:colcon.colcon_core.shell:Creating package script '/home/giromi/Repos/ws_sensor_combined_src/install/px4_control_cpp/share/px4_control_cpp/package.ps1'
[3.577s] INFO:colcon.colcon_core.shell:Creating package descriptor '/home/giromi/Repos/ws_sensor_combined_src/install/px4_control_cpp/share/px4_control_cpp/package.dsv'
[3.577s] INFO:colcon.colcon_core.shell:Creating package script '/home/giromi/Repos/ws_sensor_combined_src/install/px4_control_cpp/share/px4_control_cpp/package.sh'
[3.578s] INFO:colcon.colcon_core.shell:Creating package script '/home/giromi/Repos/ws_sensor_combined_src/install/px4_control_cpp/share/px4_control_cpp/package.bash'
[3.579s] INFO:colcon.colcon_core.shell:Creating package script '/home/giromi/Repos/ws_sensor_combined_src/install/px4_control_cpp/share/px4_control_cpp/package.zsh'
[3.580s] Level 1:colcon.colcon_core.environment:create_file_with_runtime_dependencies(/home/giromi/Repos/ws_sensor_combined_src/install/px4_control_cpp/share/colcon-core/packages/px4_control_cpp)
[4.052s] DEBUG:colcon.colcon_core.event_handler.log_command:Invoking command in '/home/giromi/Repos/ws_sensor_combined_src/src/px4_control': PYTHONPATH=/home/giromi/Repos/ws_sensor_combined_src/build/px4_control/prefix_override:/home/giromi/Repos/ws_sensor_combined_src/install/px4_control/lib/python3.10/site-packages:${PYTHONPATH} /usr/bin/python3 setup.py egg_info --egg-base ../../build/px4_control build --build-base /home/giromi/Repos/ws_sensor_combined_src/build/px4_control/build install --record /home/giromi/Repos/ws_sensor_combined_src/build/px4_control/install.log --single-version-externally-managed
[5.022s] DEBUG:colcon.colcon_core.event_handler.log_command:Invoked command in '/home/giromi/Repos/ws_sensor_combined_src/src/px4_control' returned '0': PYTHONPATH=/home/giromi/Repos/ws_sensor_combined_src/build/px4_control/prefix_override:/home/giromi/Repos/ws_sensor_combined_src/install/px4_control/lib/python3.10/site-packages:${PYTHONPATH} /usr/bin/python3 setup.py egg_info --egg-base ../../build/px4_control build --build-base /home/giromi/Repos/ws_sensor_combined_src/build/px4_control/build install --record /home/giromi/Repos/ws_sensor_combined_src/build/px4_control/install.log --single-version-externally-managed
[5.048s] Level 1:colcon.colcon_core.environment:checking '/home/giromi/Repos/ws_sensor_combined_src/install/px4_control' for CMake module files
[5.049s] Level 1:colcon.colcon_core.environment:checking '/home/giromi/Repos/ws_sensor_combined_src/install/px4_control' for CMake config files
[5.050s] Level 1:colcon.colcon_core.environment:checking '/home/giromi/Repos/ws_sensor_combined_src/install/px4_control/lib'
[5.050s] Level 1:colcon.colcon_core.environment:checking '/home/giromi/Repos/ws_sensor_combined_src/install/px4_control/bin'
[5.050s] Level 1:colcon.colcon_core.environment:checking '/home/giromi/Repos/ws_sensor_combined_src/install/px4_control/lib/pkgconfig/px4_control.pc'
[5.050s] Level 1:colcon.colcon_core.environment:checking '/home/giromi/Repos/ws_sensor_combined_src/install/px4_control/lib/python3.10/site-packages'
[5.050s] Level 1:colcon.colcon_core.shell:create_environment_hook('px4_control', 'pythonpath')
[5.078s] INFO:colcon.colcon_core.shell:Creating environment hook '/home/giromi/Repos/ws_sensor_combined_src/install/px4_control/share/px4_control/hook/pythonpath.ps1'
[5.078s] INFO:colcon.colcon_core.shell:Creating environment descriptor '/home/giromi/Repos/ws_sensor_combined_src/install/px4_control/share/px4_control/hook/pythonpath.dsv'
[5.079s] INFO:colcon.colcon_core.shell:Creating environment hook '/home/giromi/Repos/ws_sensor_combined_src/install/px4_control/share/px4_control/hook/pythonpath.sh'
[5.079s] Level 1:colcon.colcon_core.environment:checking '/home/giromi/Repos/ws_sensor_combined_src/install/px4_control/bin'
[5.079s] Level 1:colcon.colcon_core.environment:create_environment_scripts_only(px4_control)
[5.111s] INFO:colcon.colcon_core.shell:Creating package script '/home/giromi/Repos/ws_sensor_combined_src/install/px4_control/share/px4_control/package.ps1'
[5.112s] INFO:colcon.colcon_core.shell:Creating package descriptor '/home/giromi/Repos/ws_sensor_combined_src/install/px4_control/share/px4_control/package.dsv'
[5.113s] INFO:colcon.colcon_core.shell:Creating package script '/home/giromi/Repos/ws_sensor_combined_src/install/px4_control/share/px4_control/package.sh'
[5.114s] INFO:colcon.colcon_core.shell:Creating package script '/home/giromi/Repos/ws_sensor_combined_src/install/px4_control/share/px4_control/package.bash'
[5.115s] INFO:colcon.colcon_core.shell:Creating package script '/home/giromi/Repos/ws_sensor_combined_src/install/px4_control/share/px4_control/package.zsh'
[5.116s] Level 1:colcon.colcon_core.environment:create_file_with_runtime_dependencies(/home/giromi/Repos/ws_sensor_combined_src/install/px4_control/share/colcon-core/packages/px4_control)
[5.211s] DEBUG:colcon.colcon_core.event_handler.log_command:Invoked command in '/home/giromi/Repos/ws_sensor_combined_src/build/px4_msgs' returned '0': CMAKE_PREFIX_PATH=${CMAKE_PREFIX_PATH}:/home/giromi/Repos/ws_sensor_combined_src/install/px4_control:/opt/ros/humble /usr/bin/cmake --build /home/giromi/Repos/ws_sensor_combined_src/build/px4_msgs -- -j8 -l8
[12.653s] DEBUG:colcon.colcon_core.event_handler.log_command:Invoking command in '/home/giromi/Repos/ws_sensor_combined_src/build/px4_msgs': CMAKE_PREFIX_PATH=${CMAKE_PREFIX_PATH}:/home/giromi/Repos/ws_sensor_combined_src/install/px4_control:/opt/ros/humble /usr/bin/cmake --install /home/giromi/Repos/ws_sensor_combined_src/build/px4_msgs
[13.231s] Level 1:colcon.colcon_core.environment:create_environment_scripts_only(px4_msgs)
[13.232s] DEBUG:colcon.colcon_core.event_handler.log_command:Invoked command in '/home/giromi/Repos/ws_sensor_combined_src/build/px4_msgs' returned '0': CMAKE_PREFIX_PATH=${CMAKE_PREFIX_PATH}:/home/giromi/Repos/ws_sensor_combined_src/install/px4_control:/opt/ros/humble /usr/bin/cmake --install /home/giromi/Repos/ws_sensor_combined_src/build/px4_msgs
[13.253s] Level 1:colcon.colcon_core.environment:checking '/home/giromi/Repos/ws_sensor_combined_src/install/px4_msgs' for CMake module files
[13.254s] Level 1:colcon.colcon_core.environment:checking '/home/giromi/Repos/ws_sensor_combined_src/install/px4_msgs' for CMake config files
[13.261s] Level 1:colcon.colcon_core.shell:create_environment_hook('px4_msgs', 'cmake_prefix_path')
[13.285s] INFO:colcon.colcon_core.shell:Creating environment hook '/home/giromi/Repos/ws_sensor_combined_src/install/px4_msgs/share/px4_msgs/hook/cmake_prefix_path.ps1'
[13.286s] INFO:colcon.colcon_core.shell:Creating environment descriptor '/home/giromi/Repos/ws_sensor_combined_src/install/px4_msgs/share/px4_msgs/hook/cmake_prefix_path.dsv'
[13.286s] INFO:colcon.colcon_core.shell:Creating environment hook '/home/giromi/Repos/ws_sensor_combined_src/install/px4_msgs/share/px4_msgs/hook/cmake_prefix_path.sh'
[13.287s] Level 1:colcon.colcon_core.environment:checking '/home/giromi/Repos/ws_sensor_combined_src/install/px4_msgs/lib'
[13.287s] Level 1:colcon.colcon_core.shell:create_environment_hook('px4_msgs', 'ld_library_path_lib')
[13.314s] INFO:colcon.colcon_core.shell:Creating environment hook '/home/giromi/Repos/ws_sensor_combined_src/install/px4_msgs/share/px4_msgs/hook/ld_library_path_lib.ps1'
[13.315s] INFO:colcon.colcon_core.shell:Creating environment descriptor '/home/giromi/Repos/ws_sensor_combined_src/install/px4_msgs/share/px4_msgs/hook/ld_library_path_lib.dsv'
[13.315s] INFO:colcon.colcon_core.shell:Creating environment hook '/home/giromi/Repos/ws_sensor_combined_src/install/px4_msgs/share/px4_msgs/hook/ld_library_path_lib.sh'
[13.316s] Level 1:colcon.colcon_core.environment:checking '/home/giromi/Repos/ws_sensor_combined_src/install/px4_msgs/bin'
[13.316s] Level 1:colcon.colcon_core.environment:checking '/home/giromi/Repos/ws_sensor_combined_src/install/px4_msgs/lib/pkgconfig/px4_msgs.pc'
[13.316s] Level 1:colcon.colcon_core.environment:checking '/home/giromi/Repos/ws_sensor_combined_src/install/px4_msgs/lib/python3.10/site-packages'
[13.317s] Level 1:colcon.colcon_core.environment:checking '/home/giromi/Repos/ws_sensor_combined_src/install/px4_msgs/bin'
[13.340s] INFO:colcon.colcon_core.shell:Creating package script '/home/giromi/Repos/ws_sensor_combined_src/install/px4_msgs/share/px4_msgs/package.ps1'
[13.340s] INFO:colcon.colcon_core.shell:Creating package descriptor '/home/giromi/Repos/ws_sensor_combined_src/install/px4_msgs/share/px4_msgs/package.dsv'
[13.341s] INFO:colcon.colcon_core.shell:Creating package script '/home/giromi/Repos/ws_sensor_combined_src/install/px4_msgs/share/px4_msgs/package.sh'
[13.342s] INFO:colcon.colcon_core.shell:Creating package script '/home/giromi/Repos/ws_sensor_combined_src/install/px4_msgs/share/px4_msgs/package.bash'
[13.343s] INFO:colcon.colcon_core.shell:Creating package script '/home/giromi/Repos/ws_sensor_combined_src/install/px4_msgs/share/px4_msgs/package.zsh'
[13.344s] Level 1:colcon.colcon_core.environment:create_file_with_runtime_dependencies(/home/giromi/Repos/ws_sensor_combined_src/install/px4_msgs/share/colcon-core/packages/px4_msgs)
[20.880s] Level 1:colcon.colcon_core.environment:create_environment_scripts_only(px4_msgs)
[20.904s] Level 1:colcon.colcon_core.environment:checking '/home/giromi/Repos/ws_sensor_combined_src/install/px4_msgs' for CMake module files
[20.905s] Level 1:colcon.colcon_core.environment:checking '/home/giromi/Repos/ws_sensor_combined_src/install/px4_msgs' for CMake config files
[20.911s] Level 1:colcon.colcon_core.shell:create_environment_hook('px4_msgs', 'cmake_prefix_path')
[20.937s] INFO:colcon.colcon_core.shell:Creating environment hook '/home/giromi/Repos/ws_sensor_combined_src/install/px4_msgs/share/px4_msgs/hook/cmake_prefix_path.ps1'
[20.937s] INFO:colcon.colcon_core.shell:Creating environment descriptor '/home/giromi/Repos/ws_sensor_combined_src/install/px4_msgs/share/px4_msgs/hook/cmake_prefix_path.dsv'
[20.937s] INFO:colcon.colcon_core.shell:Creating environment hook '/home/giromi/Repos/ws_sensor_combined_src/install/px4_msgs/share/px4_msgs/hook/cmake_prefix_path.sh'
[20.938s] Level 1:colcon.colcon_core.environment:checking '/home/giromi/Repos/ws_sensor_combined_src/install/px4_msgs/lib'
[20.938s] Level 1:colcon.colcon_core.shell:create_environment_hook('px4_msgs', 'ld_library_path_lib')
[20.963s] INFO:colcon.colcon_core.shell:Creating environment hook '/home/giromi/Repos/ws_sensor_combined_src/install/px4_msgs/share/px4_msgs/hook/ld_library_path_lib.ps1'
[20.964s] INFO:colcon.colcon_core.shell:Creating environment descriptor '/home/giromi/Repos/ws_sensor_combined_src/install/px4_msgs/share/px4_msgs/hook/ld_library_path_lib.dsv'
[20.965s] INFO:colcon.colcon_core.shell:Creating environment hook '/home/giromi/Repos/ws_sensor_combined_src/install/px4_msgs/share/px4_msgs/hook/ld_library_path_lib.sh'
[20.966s] Level 1:colcon.colcon_core.environment:checking '/home/giromi/Repos/ws_sensor_combined_src/install/px4_msgs/bin'
[20.966s] Level 1:colcon.colcon_core.environment:checking '/home/giromi/Repos/ws_sensor_combined_src/install/px4_msgs/lib/pkgconfig/px4_msgs.pc'
[20.967s] Level 1:colcon.colcon_core.environment:checking '/home/giromi/Repos/ws_sensor_combined_src/install/px4_msgs/lib/python3.10/site-packages'
[20.967s] Level 1:colcon.colcon_core.environment:checking '/home/giromi/Repos/ws_sensor_combined_src/install/px4_msgs/bin'
[20.993s] INFO:colcon.colcon_core.shell:Creating package script '/home/giromi/Repos/ws_sensor_combined_src/install/px4_msgs/share/px4_msgs/package.ps1'
[20.993s] INFO:colcon.colcon_core.shell:Creating package descriptor '/home/giromi/Repos/ws_sensor_combined_src/install/px4_msgs/share/px4_msgs/package.dsv'
[20.994s] INFO:colcon.colcon_core.shell:Creating package script '/home/giromi/Repos/ws_sensor_combined_src/install/px4_msgs/share/px4_msgs/package.sh'
[20.995s] INFO:colcon.colcon_core.shell:Creating package script '/home/giromi/Repos/ws_sensor_combined_src/install/px4_msgs/share/px4_msgs/package.bash'
[20.996s] INFO:colcon.colcon_core.shell:Creating package script '/home/giromi/Repos/ws_sensor_combined_src/install/px4_msgs/share/px4_msgs/package.zsh'
[20.997s] Level 1:colcon.colcon_core.environment:create_file_with_runtime_dependencies(/home/giromi/Repos/ws_sensor_combined_src/install/px4_msgs/share/colcon-core/packages/px4_msgs)
[20.997s] INFO:colcon.colcon_ros.task.ament_cmake.build:Building ROS package in '/home/giromi/Repos/ws_sensor_combined_src/src/px4-ros2-interface-lib/px4_ros2_cpp' with build type 'ament_cmake'
[20.997s] INFO:colcon.colcon_cmake.task.cmake.build:Building CMake package in '/home/giromi/Repos/ws_sensor_combined_src/src/px4-ros2-interface-lib/px4_ros2_cpp'
[21.024s] INFO:colcon.colcon_core.shell:Skip shell extension 'powershell' for command environment: Not usable outside of PowerShell
[21.024s] DEBUG:colcon.colcon_core.shell:Skip shell extension 'dsv' for command environment
[21.124s] INFO:colcon.colcon_ros.task.ament_cmake.build:Building ROS package in '/home/giromi/Repos/ws_sensor_combined_src/src/px4_ros_com' with build type 'ament_cmake'
[21.124s] INFO:colcon.colcon_cmake.task.cmake.build:Building CMake package in '/home/giromi/Repos/ws_sensor_combined_src/src/px4_ros_com'
[21.150s] INFO:colcon.colcon_core.shell:Skip shell extension 'powershell' for command environment: Not usable outside of PowerShell
[21.150s] DEBUG:colcon.colcon_core.shell:Skip shell extension 'dsv' for command environment
[21.264s] DEBUG:colcon.colcon_core.event_handler.log_command:Invoking command in '/home/giromi/Repos/ws_sensor_combined_src/build/px4_ros2_cpp': CMAKE_PREFIX_PATH=/home/giromi/Repos/ws_sensor_combined_src/install/px4_msgs:/home/giromi/Repos/ws_sensor_combined_src/install/px4_control_cpp:/home/giromi/Repos/ws_sensor_combined_src/install/px4_ros_com:/home/giromi/Repos/ws_sensor_combined_src/install/example_mode_with_executor_cpp:/home/giromi/Repos/ws_sensor_combined_src/install/example_mode_rtl_replacement_cpp:/home/giromi/Repos/ws_sensor_combined_src/install/example_mode_manual_cpp:/home/giromi/Repos/ws_sensor_combined_src/install/example_mode_goto_cpp:/home/giromi/Repos/ws_sensor_combined_src/install/example_local_navigation_cpp:/home/giromi/Repos/ws_sensor_combined_src/install/example_global_navigation_cpp:/home/giromi/Repos/ws_sensor_combined_src/install/px4_ros2_cpp:/home/giromi/Repos/ws_sensor_combined_src/install/px4_control:/opt/ros/humble LD_LIBRARY_PATH=/home/giromi/Repos/ws_sensor_combined_src/install/px4_msgs/lib:/home/giromi/Repos/ws_sensor_combined_src/install/px4_ros_com/lib:/home/giromi/Repos/ws_sensor_combined_src/install/px4_ros2_cpp/lib:/opt/ros/humble/opt/rviz_ogre_vendor/lib:/opt/ros/humble/lib/x86_64-linux-gnu:/opt/ros/humble/lib /usr/bin/cmake --build /home/giromi/Repos/ws_sensor_combined_src/build/px4_ros2_cpp -- -j8 -l8
[21.272s] DEBUG:colcon.colcon_core.event_handler.log_command:Invoking command in '/home/giromi/Repos/ws_sensor_combined_src/build/px4_ros_com': CMAKE_PREFIX_PATH=/home/giromi/Repos/ws_sensor_combined_src/install/px4_msgs:/home/giromi/Repos/ws_sensor_combined_src/install/px4_control_cpp:/home/giromi/Repos/ws_sensor_combined_src/install/px4_ros_com:/home/giromi/Repos/ws_sensor_combined_src/install/example_mode_with_executor_cpp:/home/giromi/Repos/ws_sensor_combined_src/install/example_mode_rtl_replacement_cpp:/home/giromi/Repos/ws_sensor_combined_src/install/example_mode_manual_cpp:/home/giromi/Repos/ws_sensor_combined_src/install/example_mode_goto_cpp:/home/giromi/Repos/ws_sensor_combined_src/install/example_local_navigation_cpp:/home/giromi/Repos/ws_sensor_combined_src/install/example_global_navigation_cpp:/home/giromi/Repos/ws_sensor_combined_src/install/px4_ros2_cpp:/home/giromi/Repos/ws_sensor_combined_src/install/px4_control:/opt/ros/humble LD_LIBRARY_PATH=/home/giromi/Repos/ws_sensor_combined_src/install/px4_msgs/lib:/home/giromi/Repos/ws_sensor_combined_src/install/px4_ros_com/lib:/home/giromi/Repos/ws_sensor_combined_src/install/px4_ros2_cpp/lib:/opt/ros/humble/opt/rviz_ogre_vendor/lib:/opt/ros/humble/lib/x86_64-linux-gnu:/opt/ros/humble/lib /usr/bin/cmake --build /home/giromi/Repos/ws_sensor_combined_src/build/px4_ros_com -- -j8 -l8
[21.428s] DEBUG:colcon.colcon_core.event_handler.log_command:Invoked command in '/home/giromi/Repos/ws_sensor_combined_src/build/px4_ros_com' returned '0': CMAKE_PREFIX_PATH=/home/giromi/Repos/ws_sensor_combined_src/install/px4_msgs:/home/giromi/Repos/ws_sensor_combined_src/install/px4_control_cpp:/home/giromi/Repos/ws_sensor_combined_src/install/px4_ros_com:/home/giromi/Repos/ws_sensor_combined_src/install/example_mode_with_executor_cpp:/home/giromi/Repos/ws_sensor_combined_src/install/example_mode_rtl_replacement_cpp:/home/giromi/Repos/ws_sensor_combined_src/install/example_mode_manual_cpp:/home/giromi/Repos/ws_sensor_combined_src/install/example_mode_goto_cpp:/home/giromi/Repos/ws_sensor_combined_src/install/example_local_navigation_cpp:/home/giromi/Repos/ws_sensor_combined_src/install/example_global_navigation_cpp:/home/giromi/Repos/ws_sensor_combined_src/install/px4_ros2_cpp:/home/giromi/Repos/ws_sensor_combined_src/install/px4_control:/opt/ros/humble LD_LIBRARY_PATH=/home/giromi/Repos/ws_sensor_combined_src/install/px4_msgs/lib:/home/giromi/Repos/ws_sensor_combined_src/install/px4_ros_com/lib:/home/giromi/Repos/ws_sensor_combined_src/install/px4_ros2_cpp/lib:/opt/ros/humble/opt/rviz_ogre_vendor/lib:/opt/ros/humble/lib/x86_64-linux-gnu:/opt/ros/humble/lib /usr/bin/cmake --build /home/giromi/Repos/ws_sensor_combined_src/build/px4_ros_com -- -j8 -l8
[21.493s] DEBUG:colcon.colcon_core.event_handler.log_command:Invoking command in '/home/giromi/Repos/ws_sensor_combined_src/build/px4_ros_com': CMAKE_PREFIX_PATH=/home/giromi/Repos/ws_sensor_combined_src/install/px4_msgs:/home/giromi/Repos/ws_sensor_combined_src/install/px4_control_cpp:/home/giromi/Repos/ws_sensor_combined_src/install/px4_ros_com:/home/giromi/Repos/ws_sensor_combined_src/install/example_mode_with_executor_cpp:/home/giromi/Repos/ws_sensor_combined_src/install/example_mode_rtl_replacement_cpp:/home/giromi/Repos/ws_sensor_combined_src/install/example_mode_manual_cpp:/home/giromi/Repos/ws_sensor_combined_src/install/example_mode_goto_cpp:/home/giromi/Repos/ws_sensor_combined_src/install/example_local_navigation_cpp:/home/giromi/Repos/ws_sensor_combined_src/install/example_global_navigation_cpp:/home/giromi/Repos/ws_sensor_combined_src/install/px4_ros2_cpp:/home/giromi/Repos/ws_sensor_combined_src/install/px4_control:/opt/ros/humble LD_LIBRARY_PATH=/home/giromi/Repos/ws_sensor_combined_src/install/px4_msgs/lib:/home/giromi/Repos/ws_sensor_combined_src/install/px4_ros_com/lib:/home/giromi/Repos/ws_sensor_combined_src/install/px4_ros2_cpp/lib:/opt/ros/humble/opt/rviz_ogre_vendor/lib:/opt/ros/humble/lib/x86_64-linux-gnu:/opt/ros/humble/lib /usr/bin/cmake --install /home/giromi/Repos/ws_sensor_combined_src/build/px4_ros_com
[21.513s] Level 1:colcon.colcon_core.environment:create_environment_scripts_only(px4_ros_com)
[21.513s] DEBUG:colcon.colcon_core.event_handler.log_command:Invoked command in '/home/giromi/Repos/ws_sensor_combined_src/build/px4_ros_com' returned '0': CMAKE_PREFIX_PATH=/home/giromi/Repos/ws_sensor_combined_src/install/px4_msgs:/home/giromi/Repos/ws_sensor_combined_src/install/px4_control_cpp:/home/giromi/Repos/ws_sensor_combined_src/install/px4_ros_com:/home/giromi/Repos/ws_sensor_combined_src/install/example_mode_with_executor_cpp:/home/giromi/Repos/ws_sensor_combined_src/install/example_mode_rtl_replacement_cpp:/home/giromi/Repos/ws_sensor_combined_src/install/example_mode_manual_cpp:/home/giromi/Repos/ws_sensor_combined_src/install/example_mode_goto_cpp:/home/giromi/Repos/ws_sensor_combined_src/install/example_local_navigation_cpp:/home/giromi/Repos/ws_sensor_combined_src/install/example_global_navigation_cpp:/home/giromi/Repos/ws_sensor_combined_src/install/px4_ros2_cpp:/home/giromi/Repos/ws_sensor_combined_src/install/px4_control:/opt/ros/humble LD_LIBRARY_PATH=/home/giromi/Repos/ws_sensor_combined_src/install/px4_msgs/lib:/home/giromi/Repos/ws_sensor_combined_src/install/px4_ros_com/lib:/home/giromi/Repos/ws_sensor_combined_src/install/px4_ros2_cpp/lib:/opt/ros/humble/opt/rviz_ogre_vendor/lib:/opt/ros/humble/lib/x86_64-linux-gnu:/opt/ros/humble/lib /usr/bin/cmake --install /home/giromi/Repos/ws_sensor_combined_src/build/px4_ros_com
[21.541s] Level 1:colcon.colcon_core.environment:checking '/home/giromi/Repos/ws_sensor_combined_src/install/px4_ros_com' for CMake module files
[21.542s] Level 1:colcon.colcon_core.environment:checking '/home/giromi/Repos/ws_sensor_combined_src/install/px4_ros_com' for CMake config files
[21.542s] Level 1:colcon.colcon_core.shell:create_environment_hook('px4_ros_com', 'cmake_prefix_path')
[21.587s] INFO:colcon.colcon_core.shell:Creating environment hook '/home/giromi/Repos/ws_sensor_combined_src/install/px4_ros_com/share/px4_ros_com/hook/cmake_prefix_path.ps1'
[21.587s] INFO:colcon.colcon_core.shell:Creating environment descriptor '/home/giromi/Repos/ws_sensor_combined_src/install/px4_ros_com/share/px4_ros_com/hook/cmake_prefix_path.dsv'
[21.588s] INFO:colcon.colcon_core.shell:Creating environment hook '/home/giromi/Repos/ws_sensor_combined_src/install/px4_ros_com/share/px4_ros_com/hook/cmake_prefix_path.sh'
[21.590s] Level 1:colcon.colcon_core.environment:checking '/home/giromi/Repos/ws_sensor_combined_src/install/px4_ros_com/lib'
[21.590s] Level 1:colcon.colcon_core.shell:create_environment_hook('px4_ros_com', 'ld_library_path_lib')
[21.618s] INFO:colcon.colcon_core.shell:Creating environment hook '/home/giromi/Repos/ws_sensor_combined_src/install/px4_ros_com/share/px4_ros_com/hook/ld_library_path_lib.ps1'
[21.618s] INFO:colcon.colcon_core.shell:Creating environment descriptor '/home/giromi/Repos/ws_sensor_combined_src/install/px4_ros_com/share/px4_ros_com/hook/ld_library_path_lib.dsv'
[21.619s] INFO:colcon.colcon_core.shell:Creating environment hook '/home/giromi/Repos/ws_sensor_combined_src/install/px4_ros_com/share/px4_ros_com/hook/ld_library_path_lib.sh'
[21.619s] Level 1:colcon.colcon_core.environment:checking '/home/giromi/Repos/ws_sensor_combined_src/install/px4_ros_com/bin'
[21.620s] Level 1:colcon.colcon_core.environment:checking '/home/giromi/Repos/ws_sensor_combined_src/install/px4_ros_com/lib/pkgconfig/px4_ros_com.pc'
[21.620s] Level 1:colcon.colcon_core.environment:checking '/home/giromi/Repos/ws_sensor_combined_src/install/px4_ros_com/lib/python3.10/site-packages'
[21.620s] Level 1:colcon.colcon_core.environment:checking '/home/giromi/Repos/ws_sensor_combined_src/install/px4_ros_com/bin'
[21.643s] INFO:colcon.colcon_core.shell:Creating package script '/home/giromi/Repos/ws_sensor_combined_src/install/px4_ros_com/share/px4_ros_com/package.ps1'
[21.644s] INFO:colcon.colcon_core.shell:Creating package descriptor '/home/giromi/Repos/ws_sensor_combined_src/install/px4_ros_com/share/px4_ros_com/package.dsv'
[21.645s] INFO:colcon.colcon_core.shell:Creating package script '/home/giromi/Repos/ws_sensor_combined_src/install/px4_ros_com/share/px4_ros_com/package.sh'
[21.646s] INFO:colcon.colcon_core.shell:Creating package script '/home/giromi/Repos/ws_sensor_combined_src/install/px4_ros_com/share/px4_ros_com/package.bash'
[21.646s] INFO:colcon.colcon_core.shell:Creating package script '/home/giromi/Repos/ws_sensor_combined_src/install/px4_ros_com/share/px4_ros_com/package.zsh'
[21.647s] Level 1:colcon.colcon_core.environment:create_file_with_runtime_dependencies(/home/giromi/Repos/ws_sensor_combined_src/install/px4_ros_com/share/colcon-core/packages/px4_ros_com)
[21.651s] DEBUG:colcon.colcon_core.event_handler.log_command:Invoked command in '/home/giromi/Repos/ws_sensor_combined_src/build/px4_ros2_cpp' returned '0': CMAKE_PREFIX_PATH=/home/giromi/Repos/ws_sensor_combined_src/install/px4_msgs:/home/giromi/Repos/ws_sensor_combined_src/install/px4_control_cpp:/home/giromi/Repos/ws_sensor_combined_src/install/px4_ros_com:/home/giromi/Repos/ws_sensor_combined_src/install/example_mode_with_executor_cpp:/home/giromi/Repos/ws_sensor_combined_src/install/example_mode_rtl_replacement_cpp:/home/giromi/Repos/ws_sensor_combined_src/install/example_mode_manual_cpp:/home/giromi/Repos/ws_sensor_combined_src/install/example_mode_goto_cpp:/home/giromi/Repos/ws_sensor_combined_src/install/example_local_navigation_cpp:/home/giromi/Repos/ws_sensor_combined_src/install/example_global_navigation_cpp:/home/giromi/Repos/ws_sensor_combined_src/install/px4_ros2_cpp:/home/giromi/Repos/ws_sensor_combined_src/install/px4_control:/opt/ros/humble LD_LIBRARY_PATH=/home/giromi/Repos/ws_sensor_combined_src/install/px4_msgs/lib:/home/giromi/Repos/ws_sensor_combined_src/install/px4_ros_com/lib:/home/giromi/Repos/ws_sensor_combined_src/install/px4_ros2_cpp/lib:/opt/ros/humble/opt/rviz_ogre_vendor/lib:/opt/ros/humble/lib/x86_64-linux-gnu:/opt/ros/humble/lib /usr/bin/cmake --build /home/giromi/Repos/ws_sensor_combined_src/build/px4_ros2_cpp -- -j8 -l8
[21.735s] Level 1:colcon.colcon_core.environment:create_environment_scripts_only(px4_ros_com)
[21.762s] Level 1:colcon.colcon_core.environment:checking '/home/giromi/Repos/ws_sensor_combined_src/install/px4_ros_com' for CMake module files
[21.763s] Level 1:colcon.colcon_core.environment:checking '/home/giromi/Repos/ws_sensor_combined_src/install/px4_ros_com' for CMake config files
[21.763s] Level 1:colcon.colcon_core.shell:create_environment_hook('px4_ros_com', 'cmake_prefix_path')
[21.791s] INFO:colcon.colcon_core.shell:Creating environment hook '/home/giromi/Repos/ws_sensor_combined_src/install/px4_ros_com/share/px4_ros_com/hook/cmake_prefix_path.ps1'
[21.792s] INFO:colcon.colcon_core.shell:Creating environment descriptor '/home/giromi/Repos/ws_sensor_combined_src/install/px4_ros_com/share/px4_ros_com/hook/cmake_prefix_path.dsv'
[21.793s] INFO:colcon.colcon_core.shell:Creating environment hook '/home/giromi/Repos/ws_sensor_combined_src/install/px4_ros_com/share/px4_ros_com/hook/cmake_prefix_path.sh'
[21.794s] Level 1:colcon.colcon_core.environment:checking '/home/giromi/Repos/ws_sensor_combined_src/install/px4_ros_com/lib'
[21.794s] Level 1:colcon.colcon_core.shell:create_environment_hook('px4_ros_com', 'ld_library_path_lib')
[21.816s] INFO:colcon.colcon_core.shell:Creating environment hook '/home/giromi/Repos/ws_sensor_combined_src/install/px4_ros_com/share/px4_ros_com/hook/ld_library_path_lib.ps1'
[21.817s] INFO:colcon.colcon_core.shell:Creating environment descriptor '/home/giromi/Repos/ws_sensor_combined_src/install/px4_ros_com/share/px4_ros_com/hook/ld_library_path_lib.dsv'
[21.818s] INFO:colcon.colcon_core.shell:Creating environment hook '/home/giromi/Repos/ws_sensor_combined_src/install/px4_ros_com/share/px4_ros_com/hook/ld_library_path_lib.sh'
[21.819s] Level 1:colcon.colcon_core.environment:checking '/home/giromi/Repos/ws_sensor_combined_src/install/px4_ros_com/bin'
[21.819s] Level 1:colcon.colcon_core.environment:checking '/home/giromi/Repos/ws_sensor_combined_src/install/px4_ros_com/lib/pkgconfig/px4_ros_com.pc'
[21.820s] Level 1:colcon.colcon_core.environment:checking '/home/giromi/Repos/ws_sensor_combined_src/install/px4_ros_com/lib/python3.10/site-packages'
[21.820s] Level 1:colcon.colcon_core.environment:checking '/home/giromi/Repos/ws_sensor_combined_src/install/px4_ros_com/bin'
[21.843s] INFO:colcon.colcon_core.shell:Creating package script '/home/giromi/Repos/ws_sensor_combined_src/install/px4_ros_com/share/px4_ros_com/package.ps1'
[21.844s] INFO:colcon.colcon_core.shell:Creating package descriptor '/home/giromi/Repos/ws_sensor_combined_src/install/px4_ros_com/share/px4_ros_com/package.dsv'
[21.845s] INFO:colcon.colcon_core.shell:Creating package script '/home/giromi/Repos/ws_sensor_combined_src/install/px4_ros_com/share/px4_ros_com/package.sh'
[21.845s] INFO:colcon.colcon_core.shell:Creating package script '/home/giromi/Repos/ws_sensor_combined_src/install/px4_ros_com/share/px4_ros_com/package.bash'
[21.846s] INFO:colcon.colcon_core.shell:Creating package script '/home/giromi/Repos/ws_sensor_combined_src/install/px4_ros_com/share/px4_ros_com/package.zsh'
[21.847s] Level 1:colcon.colcon_core.environment:create_file_with_runtime_dependencies(/home/giromi/Repos/ws_sensor_combined_src/install/px4_ros_com/share/colcon-core/packages/px4_ros_com)
[21.850s] DEBUG:colcon.colcon_core.event_handler.log_command:Invoking command in '/home/giromi/Repos/ws_sensor_combined_src/build/px4_ros2_cpp': CMAKE_PREFIX_PATH=/home/giromi/Repos/ws_sensor_combined_src/install/px4_msgs:/home/giromi/Repos/ws_sensor_combined_src/install/px4_control_cpp:/home/giromi/Repos/ws_sensor_combined_src/install/px4_ros_com:/home/giromi/Repos/ws_sensor_combined_src/install/example_mode_with_executor_cpp:/home/giromi/Repos/ws_sensor_combined_src/install/example_mode_rtl_replacement_cpp:/home/giromi/Repos/ws_sensor_combined_src/install/example_mode_manual_cpp:/home/giromi/Repos/ws_sensor_combined_src/install/example_mode_goto_cpp:/home/giromi/Repos/ws_sensor_combined_src/install/example_local_navigation_cpp:/home/giromi/Repos/ws_sensor_combined_src/install/example_global_navigation_cpp:/home/giromi/Repos/ws_sensor_combined_src/install/px4_ros2_cpp:/home/giromi/Repos/ws_sensor_combined_src/install/px4_control:/opt/ros/humble LD_LIBRARY_PATH=/home/giromi/Repos/ws_sensor_combined_src/install/px4_msgs/lib:/home/giromi/Repos/ws_sensor_combined_src/install/px4_ros_com/lib:/home/giromi/Repos/ws_sensor_combined_src/install/px4_ros2_cpp/lib:/opt/ros/humble/opt/rviz_ogre_vendor/lib:/opt/ros/humble/lib/x86_64-linux-gnu:/opt/ros/humble/lib /usr/bin/cmake --install /home/giromi/Repos/ws_sensor_combined_src/build/px4_ros2_cpp
[21.870s] Level 1:colcon.colcon_core.environment:create_environment_scripts_only(px4_ros2_cpp)
[21.872s] DEBUG:colcon.colcon_core.event_handler.log_command:Invoked command in '/home/giromi/Repos/ws_sensor_combined_src/build/px4_ros2_cpp' returned '0': CMAKE_PREFIX_PATH=/home/giromi/Repos/ws_sensor_combined_src/install/px4_msgs:/home/giromi/Repos/ws_sensor_combined_src/install/px4_control_cpp:/home/giromi/Repos/ws_sensor_combined_src/install/px4_ros_com:/home/giromi/Repos/ws_sensor_combined_src/install/example_mode_with_executor_cpp:/home/giromi/Repos/ws_sensor_combined_src/install/example_mode_rtl_replacement_cpp:/home/giromi/Repos/ws_sensor_combined_src/install/example_mode_manual_cpp:/home/giromi/Repos/ws_sensor_combined_src/install/example_mode_goto_cpp:/home/giromi/Repos/ws_sensor_combined_src/install/example_local_navigation_cpp:/home/giromi/Repos/ws_sensor_combined_src/install/example_global_navigation_cpp:/home/giromi/Repos/ws_sensor_combined_src/install/px4_ros2_cpp:/home/giromi/Repos/ws_sensor_combined_src/install/px4_control:/opt/ros/humble LD_LIBRARY_PATH=/home/giromi/Repos/ws_sensor_combined_src/install/px4_msgs/lib:/home/giromi/Repos/ws_sensor_combined_src/install/px4_ros_com/lib:/home/giromi/Repos/ws_sensor_combined_src/install/px4_ros2_cpp/lib:/opt/ros/humble/opt/rviz_ogre_vendor/lib:/opt/ros/humble/lib/x86_64-linux-gnu:/opt/ros/humble/lib /usr/bin/cmake --install /home/giromi/Repos/ws_sensor_combined_src/build/px4_ros2_cpp
[21.894s] Level 1:colcon.colcon_core.environment:checking '/home/giromi/Repos/ws_sensor_combined_src/install/px4_ros2_cpp' for CMake module files
[21.895s] Level 1:colcon.colcon_core.environment:checking '/home/giromi/Repos/ws_sensor_combined_src/install/px4_ros2_cpp' for CMake config files
[21.896s] Level 1:colcon.colcon_core.shell:create_environment_hook('px4_ros2_cpp', 'cmake_prefix_path')
[21.919s] INFO:colcon.colcon_core.shell:Creating environment hook '/home/giromi/Repos/ws_sensor_combined_src/install/px4_ros2_cpp/share/px4_ros2_cpp/hook/cmake_prefix_path.ps1'
[21.920s] INFO:colcon.colcon_core.shell:Creating environment descriptor '/home/giromi/Repos/ws_sensor_combined_src/install/px4_ros2_cpp/share/px4_ros2_cpp/hook/cmake_prefix_path.dsv'
[21.921s] INFO:colcon.colcon_core.shell:Creating environment hook '/home/giromi/Repos/ws_sensor_combined_src/install/px4_ros2_cpp/share/px4_ros2_cpp/hook/cmake_prefix_path.sh'
[21.921s] Level 1:colcon.colcon_core.environment:checking '/home/giromi/Repos/ws_sensor_combined_src/install/px4_ros2_cpp/lib'
[21.922s] Level 1:colcon.colcon_core.shell:create_environment_hook('px4_ros2_cpp', 'ld_library_path_lib')
[21.947s] INFO:colcon.colcon_core.shell:Creating environment hook '/home/giromi/Repos/ws_sensor_combined_src/install/px4_ros2_cpp/share/px4_ros2_cpp/hook/ld_library_path_lib.ps1'
[21.948s] INFO:colcon.colcon_core.shell:Creating environment descriptor '/home/giromi/Repos/ws_sensor_combined_src/install/px4_ros2_cpp/share/px4_ros2_cpp/hook/ld_library_path_lib.dsv'
[21.948s] INFO:colcon.colcon_core.shell:Creating environment hook '/home/giromi/Repos/ws_sensor_combined_src/install/px4_ros2_cpp/share/px4_ros2_cpp/hook/ld_library_path_lib.sh'
[21.949s] Level 1:colcon.colcon_core.environment:checking '/home/giromi/Repos/ws_sensor_combined_src/install/px4_ros2_cpp/bin'
[21.949s] Level 1:colcon.colcon_core.environment:checking '/home/giromi/Repos/ws_sensor_combined_src/install/px4_ros2_cpp/lib/pkgconfig/px4_ros2_cpp.pc'
[21.949s] Level 1:colcon.colcon_core.environment:checking '/home/giromi/Repos/ws_sensor_combined_src/install/px4_ros2_cpp/lib/python3.10/site-packages'
[21.950s] Level 1:colcon.colcon_core.environment:checking '/home/giromi/Repos/ws_sensor_combined_src/install/px4_ros2_cpp/bin'
[21.975s] INFO:colcon.colcon_core.shell:Creating package script '/home/giromi/Repos/ws_sensor_combined_src/install/px4_ros2_cpp/share/px4_ros2_cpp/package.ps1'
[21.976s] INFO:colcon.colcon_core.shell:Creating package descriptor '/home/giromi/Repos/ws_sensor_combined_src/install/px4_ros2_cpp/share/px4_ros2_cpp/package.dsv'
[21.977s] INFO:colcon.colcon_core.shell:Creating package script '/home/giromi/Repos/ws_sensor_combined_src/install/px4_ros2_cpp/share/px4_ros2_cpp/package.sh'
[21.977s] INFO:colcon.colcon_core.shell:Creating package script '/home/giromi/Repos/ws_sensor_combined_src/install/px4_ros2_cpp/share/px4_ros2_cpp/package.bash'
[21.978s] INFO:colcon.colcon_core.shell:Creating package script '/home/giromi/Repos/ws_sensor_combined_src/install/px4_ros2_cpp/share/px4_ros2_cpp/package.zsh'
[21.979s] Level 1:colcon.colcon_core.environment:create_file_with_runtime_dependencies(/home/giromi/Repos/ws_sensor_combined_src/install/px4_ros2_cpp/share/colcon-core/packages/px4_ros2_cpp)
[22.151s] Level 1:colcon.colcon_core.environment:create_environment_scripts_only(px4_ros2_cpp)
[22.174s] Level 1:colcon.colcon_core.environment:checking '/home/giromi/Repos/ws_sensor_combined_src/install/px4_ros2_cpp' for CMake module files
[22.175s] Level 1:colcon.colcon_core.environment:checking '/home/giromi/Repos/ws_sensor_combined_src/install/px4_ros2_cpp' for CMake config files
[22.176s] Level 1:colcon.colcon_core.shell:create_environment_hook('px4_ros2_cpp', 'cmake_prefix_path')
[22.200s] INFO:colcon.colcon_core.shell:Creating environment hook '/home/giromi/Repos/ws_sensor_combined_src/install/px4_ros2_cpp/share/px4_ros2_cpp/hook/cmake_prefix_path.ps1'
[22.201s] INFO:colcon.colcon_core.shell:Creating environment descriptor '/home/giromi/Repos/ws_sensor_combined_src/install/px4_ros2_cpp/share/px4_ros2_cpp/hook/cmake_prefix_path.dsv'
[22.201s] INFO:colcon.colcon_core.shell:Creating environment hook '/home/giromi/Repos/ws_sensor_combined_src/install/px4_ros2_cpp/share/px4_ros2_cpp/hook/cmake_prefix_path.sh'
[22.202s] Level 1:colcon.colcon_core.environment:checking '/home/giromi/Repos/ws_sensor_combined_src/install/px4_ros2_cpp/lib'
[22.202s] Level 1:colcon.colcon_core.shell:create_environment_hook('px4_ros2_cpp', 'ld_library_path_lib')
[22.228s] INFO:colcon.colcon_core.shell:Creating environment hook '/home/giromi/Repos/ws_sensor_combined_src/install/px4_ros2_cpp/share/px4_ros2_cpp/hook/ld_library_path_lib.ps1'
[22.229s] INFO:colcon.colcon_core.shell:Creating environment descriptor '/home/giromi/Repos/ws_sensor_combined_src/install/px4_ros2_cpp/share/px4_ros2_cpp/hook/ld_library_path_lib.dsv'
[22.230s] INFO:colcon.colcon_core.shell:Creating environment hook '/home/giromi/Repos/ws_sensor_combined_src/install/px4_ros2_cpp/share/px4_ros2_cpp/hook/ld_library_path_lib.sh'
[22.230s] Level 1:colcon.colcon_core.environment:checking '/home/giromi/Repos/ws_sensor_combined_src/install/px4_ros2_cpp/bin'
[22.230s] Level 1:colcon.colcon_core.environment:checking '/home/giromi/Repos/ws_sensor_combined_src/install/px4_ros2_cpp/lib/pkgconfig/px4_ros2_cpp.pc'
[22.230s] Level 1:colcon.colcon_core.environment:checking '/home/giromi/Repos/ws_sensor_combined_src/install/px4_ros2_cpp/lib/python3.10/site-packages'
[22.231s] Level 1:colcon.colcon_core.environment:checking '/home/giromi/Repos/ws_sensor_combined_src/install/px4_ros2_cpp/bin'
[22.257s] INFO:colcon.colcon_core.shell:Creating package script '/home/giromi/Repos/ws_sensor_combined_src/install/px4_ros2_cpp/share/px4_ros2_cpp/package.ps1'
[22.259s] INFO:colcon.colcon_core.shell:Creating package descriptor '/home/giromi/Repos/ws_sensor_combined_src/install/px4_ros2_cpp/share/px4_ros2_cpp/package.dsv'
[22.259s] INFO:colcon.colcon_core.shell:Creating package script '/home/giromi/Repos/ws_sensor_combined_src/install/px4_ros2_cpp/share/px4_ros2_cpp/package.sh'
[22.260s] INFO:colcon.colcon_core.shell:Creating package script '/home/giromi/Repos/ws_sensor_combined_src/install/px4_ros2_cpp/share/px4_ros2_cpp/package.bash'
[22.260s] INFO:colcon.colcon_core.shell:Creating package script '/home/giromi/Repos/ws_sensor_combined_src/install/px4_ros2_cpp/share/px4_ros2_cpp/package.zsh'
[22.261s] Level 1:colcon.colcon_core.environment:create_file_with_runtime_dependencies(/home/giromi/Repos/ws_sensor_combined_src/install/px4_ros2_cpp/share/colcon-core/packages/px4_ros2_cpp)
[22.261s] INFO:colcon.colcon_ros.task.ament_cmake.build:Building ROS package in '/home/giromi/Repos/ws_sensor_combined_src/src/px4-ros2-interface-lib/examples/cpp/navigation/global_navigation' with build type 'ament_cmake'
[22.262s] INFO:colcon.colcon_cmake.task.cmake.build:Building CMake package in '/home/giromi/Repos/ws_sensor_combined_src/src/px4-ros2-interface-lib/examples/cpp/navigation/global_navigation'
[22.290s] INFO:colcon.colcon_core.shell:Skip shell extension 'powershell' for command environment: Not usable outside of PowerShell
[22.290s] DEBUG:colcon.colcon_core.shell:Skip shell extension 'dsv' for command environment
[22.405s] INFO:colcon.colcon_ros.task.ament_cmake.build:Building ROS package in '/home/giromi/Repos/ws_sensor_combined_src/src/px4-ros2-interface-lib/examples/cpp/navigation/local_navigation' with build type 'ament_cmake'
[22.406s] INFO:colcon.colcon_cmake.task.cmake.build:Building CMake package in '/home/giromi/Repos/ws_sensor_combined_src/src/px4-ros2-interface-lib/examples/cpp/navigation/local_navigation'
[22.436s] INFO:colcon.colcon_core.shell:Skip shell extension 'powershell' for command environment: Not usable outside of PowerShell
[22.436s] DEBUG:colcon.colcon_core.shell:Skip shell extension 'dsv' for command environment
[22.540s] INFO:colcon.colcon_ros.task.ament_cmake.build:Building ROS package in '/home/giromi/Repos/ws_sensor_combined_src/src/px4-ros2-interface-lib/examples/cpp/modes/goto' with build type 'ament_cmake'
[22.540s] INFO:colcon.colcon_cmake.task.cmake.build:Building CMake package in '/home/giromi/Repos/ws_sensor_combined_src/src/px4-ros2-interface-lib/examples/cpp/modes/goto'
[22.564s] INFO:colcon.colcon_core.shell:Skip shell extension 'powershell' for command environment: Not usable outside of PowerShell
[22.565s] DEBUG:colcon.colcon_core.shell:Skip shell extension 'dsv' for command environment
[22.673s] INFO:colcon.colcon_ros.task.ament_cmake.build:Building ROS package in '/home/giromi/Repos/ws_sensor_combined_src/src/px4-ros2-interface-lib/examples/cpp/modes/manual' with build type 'ament_cmake'
[22.673s] INFO:colcon.colcon_cmake.task.cmake.build:Building CMake package in '/home/giromi/Repos/ws_sensor_combined_src/src/px4-ros2-interface-lib/examples/cpp/modes/manual'
[22.703s] INFO:colcon.colcon_core.shell:Skip shell extension 'powershell' for command environment: Not usable outside of PowerShell
[22.703s] DEBUG:colcon.colcon_core.shell:Skip shell extension 'dsv' for command environment
[22.808s] INFO:colcon.colcon_ros.task.ament_cmake.build:Building ROS package in '/home/giromi/Repos/ws_sensor_combined_src/src/px4-ros2-interface-lib/examples/cpp/modes/rtl_replacement' with build type 'ament_cmake'
[22.809s] INFO:colcon.colcon_cmake.task.cmake.build:Building CMake package in '/home/giromi/Repos/ws_sensor_combined_src/src/px4-ros2-interface-lib/examples/cpp/modes/rtl_replacement'
[22.836s] INFO:colcon.colcon_core.shell:Skip shell extension 'powershell' for command environment: Not usable outside of PowerShell
[22.836s] DEBUG:colcon.colcon_core.shell:Skip shell extension 'dsv' for command environment
[22.935s] INFO:colcon.colcon_ros.task.ament_cmake.build:Building ROS package in '/home/giromi/Repos/ws_sensor_combined_src/src/px4-ros2-interface-lib/examples/cpp/modes/mode_with_executor' with build type 'ament_cmake'
[22.936s] INFO:colcon.colcon_cmake.task.cmake.build:Building CMake package in '/home/giromi/Repos/ws_sensor_combined_src/src/px4-ros2-interface-lib/examples/cpp/modes/mode_with_executor'
[22.960s] INFO:colcon.colcon_core.shell:Skip shell extension 'powershell' for command environment: Not usable outside of PowerShell
[22.961s] DEBUG:colcon.colcon_core.shell:Skip shell extension 'dsv' for command environment
[23.072s] DEBUG:colcon.colcon_core.event_handler.log_command:Invoking command in '/home/giromi/Repos/ws_sensor_combined_src/build/example_global_navigation_cpp': CMAKE_PREFIX_PATH=/home/giromi/Repos/ws_sensor_combined_src/install/px4_ros2_cpp:/home/giromi/Repos/ws_sensor_combined_src/install/px4_msgs:/home/giromi/Repos/ws_sensor_combined_src/install/px4_control_cpp:/home/giromi/Repos/ws_sensor_combined_src/install/px4_ros_com:/home/giromi/Repos/ws_sensor_combined_src/install/example_mode_with_executor_cpp:/home/giromi/Repos/ws_sensor_combined_src/install/example_mode_rtl_replacement_cpp:/home/giromi/Repos/ws_sensor_combined_src/install/example_mode_manual_cpp:/home/giromi/Repos/ws_sensor_combined_src/install/example_mode_goto_cpp:/home/giromi/Repos/ws_sensor_combined_src/install/example_local_navigation_cpp:/home/giromi/Repos/ws_sensor_combined_src/install/example_global_navigation_cpp:/home/giromi/Repos/ws_sensor_combined_src/install/px4_control:/opt/ros/humble LD_LIBRARY_PATH=/home/giromi/Repos/ws_sensor_combined_src/install/px4_ros2_cpp/lib:/home/giromi/Repos/ws_sensor_combined_src/install/px4_msgs/lib:/home/giromi/Repos/ws_sensor_combined_src/install/px4_ros_com/lib:/opt/ros/humble/opt/rviz_ogre_vendor/lib:/opt/ros/humble/lib/x86_64-linux-gnu:/opt/ros/humble/lib /usr/bin/cmake --build /home/giromi/Repos/ws_sensor_combined_src/build/example_global_navigation_cpp -- -j8 -l8
[23.079s] DEBUG:colcon.colcon_core.event_handler.log_command:Invoking command in '/home/giromi/Repos/ws_sensor_combined_src/build/example_local_navigation_cpp': CMAKE_PREFIX_PATH=/home/giromi/Repos/ws_sensor_combined_src/install/px4_ros2_cpp:/home/giromi/Repos/ws_sensor_combined_src/install/px4_msgs:/home/giromi/Repos/ws_sensor_combined_src/install/px4_control_cpp:/home/giromi/Repos/ws_sensor_combined_src/install/px4_ros_com:/home/giromi/Repos/ws_sensor_combined_src/install/example_mode_with_executor_cpp:/home/giromi/Repos/ws_sensor_combined_src/install/example_mode_rtl_replacement_cpp:/home/giromi/Repos/ws_sensor_combined_src/install/example_mode_manual_cpp:/home/giromi/Repos/ws_sensor_combined_src/install/example_mode_goto_cpp:/home/giromi/Repos/ws_sensor_combined_src/install/example_local_navigation_cpp:/home/giromi/Repos/ws_sensor_combined_src/install/example_global_navigation_cpp:/home/giromi/Repos/ws_sensor_combined_src/install/px4_control:/opt/ros/humble LD_LIBRARY_PATH=/home/giromi/Repos/ws_sensor_combined_src/install/px4_ros2_cpp/lib:/home/giromi/Repos/ws_sensor_combined_src/install/px4_msgs/lib:/home/giromi/Repos/ws_sensor_combined_src/install/px4_ros_com/lib:/opt/ros/humble/opt/rviz_ogre_vendor/lib:/opt/ros/humble/lib/x86_64-linux-gnu:/opt/ros/humble/lib /usr/bin/cmake --build /home/giromi/Repos/ws_sensor_combined_src/build/example_local_navigation_cpp -- -j8 -l8
[23.085s] DEBUG:colcon.colcon_core.event_handler.log_command:Invoking command in '/home/giromi/Repos/ws_sensor_combined_src/build/example_mode_goto_cpp': CMAKE_PREFIX_PATH=/home/giromi/Repos/ws_sensor_combined_src/install/px4_ros2_cpp:/home/giromi/Repos/ws_sensor_combined_src/install/px4_msgs:/home/giromi/Repos/ws_sensor_combined_src/install/px4_control_cpp:/home/giromi/Repos/ws_sensor_combined_src/install/px4_ros_com:/home/giromi/Repos/ws_sensor_combined_src/install/example_mode_with_executor_cpp:/home/giromi/Repos/ws_sensor_combined_src/install/example_mode_rtl_replacement_cpp:/home/giromi/Repos/ws_sensor_combined_src/install/example_mode_manual_cpp:/home/giromi/Repos/ws_sensor_combined_src/install/example_mode_goto_cpp:/home/giromi/Repos/ws_sensor_combined_src/install/example_local_navigation_cpp:/home/giromi/Repos/ws_sensor_combined_src/install/example_global_navigation_cpp:/home/giromi/Repos/ws_sensor_combined_src/install/px4_control:/opt/ros/humble LD_LIBRARY_PATH=/home/giromi/Repos/ws_sensor_combined_src/install/px4_ros2_cpp/lib:/home/giromi/Repos/ws_sensor_combined_src/install/px4_msgs/lib:/home/giromi/Repos/ws_sensor_combined_src/install/px4_ros_com/lib:/opt/ros/humble/opt/rviz_ogre_vendor/lib:/opt/ros/humble/lib/x86_64-linux-gnu:/opt/ros/humble/lib /usr/bin/cmake --build /home/giromi/Repos/ws_sensor_combined_src/build/example_mode_goto_cpp -- -j8 -l8
[23.094s] DEBUG:colcon.colcon_core.event_handler.log_command:Invoking command in '/home/giromi/Repos/ws_sensor_combined_src/build/example_mode_manual_cpp': CMAKE_PREFIX_PATH=/home/giromi/Repos/ws_sensor_combined_src/install/px4_ros2_cpp:/home/giromi/Repos/ws_sensor_combined_src/install/px4_msgs:/home/giromi/Repos/ws_sensor_combined_src/install/px4_control_cpp:/home/giromi/Repos/ws_sensor_combined_src/install/px4_ros_com:/home/giromi/Repos/ws_sensor_combined_src/install/example_mode_with_executor_cpp:/home/giromi/Repos/ws_sensor_combined_src/install/example_mode_rtl_replacement_cpp:/home/giromi/Repos/ws_sensor_combined_src/install/example_mode_manual_cpp:/home/giromi/Repos/ws_sensor_combined_src/install/example_mode_goto_cpp:/home/giromi/Repos/ws_sensor_combined_src/install/example_local_navigation_cpp:/home/giromi/Repos/ws_sensor_combined_src/install/example_global_navigation_cpp:/home/giromi/Repos/ws_sensor_combined_src/install/px4_control:/opt/ros/humble LD_LIBRARY_PATH=/home/giromi/Repos/ws_sensor_combined_src/install/px4_ros2_cpp/lib:/home/giromi/Repos/ws_sensor_combined_src/install/px4_msgs/lib:/home/giromi/Repos/ws_sensor_combined_src/install/px4_ros_com/lib:/opt/ros/humble/opt/rviz_ogre_vendor/lib:/opt/ros/humble/lib/x86_64-linux-gnu:/opt/ros/humble/lib /usr/bin/cmake --build /home/giromi/Repos/ws_sensor_combined_src/build/example_mode_manual_cpp -- -j8 -l8
[23.102s] DEBUG:colcon.colcon_core.event_handler.log_command:Invoking command in '/home/giromi/Repos/ws_sensor_combined_src/build/example_mode_rtl_replacement_cpp': CMAKE_PREFIX_PATH=/home/giromi/Repos/ws_sensor_combined_src/install/px4_ros2_cpp:/home/giromi/Repos/ws_sensor_combined_src/install/px4_msgs:/home/giromi/Repos/ws_sensor_combined_src/install/px4_control_cpp:/home/giromi/Repos/ws_sensor_combined_src/install/px4_ros_com:/home/giromi/Repos/ws_sensor_combined_src/install/example_mode_with_executor_cpp:/home/giromi/Repos/ws_sensor_combined_src/install/example_mode_rtl_replacement_cpp:/home/giromi/Repos/ws_sensor_combined_src/install/example_mode_manual_cpp:/home/giromi/Repos/ws_sensor_combined_src/install/example_mode_goto_cpp:/home/giromi/Repos/ws_sensor_combined_src/install/example_local_navigation_cpp:/home/giromi/Repos/ws_sensor_combined_src/install/example_global_navigation_cpp:/home/giromi/Repos/ws_sensor_combined_src/install/px4_control:/opt/ros/humble LD_LIBRARY_PATH=/home/giromi/Repos/ws_sensor_combined_src/install/px4_ros2_cpp/lib:/home/giromi/Repos/ws_sensor_combined_src/install/px4_msgs/lib:/home/giromi/Repos/ws_sensor_combined_src/install/px4_ros_com/lib:/opt/ros/humble/opt/rviz_ogre_vendor/lib:/opt/ros/humble/lib/x86_64-linux-gnu:/opt/ros/humble/lib /usr/bin/cmake --build /home/giromi/Repos/ws_sensor_combined_src/build/example_mode_rtl_replacement_cpp -- -j8 -l8
[23.114s] DEBUG:colcon.colcon_core.event_handler.log_command:Invoking command in '/home/giromi/Repos/ws_sensor_combined_src/build/example_mode_with_executor_cpp': CMAKE_PREFIX_PATH=/home/giromi/Repos/ws_sensor_combined_src/install/px4_ros2_cpp:/home/giromi/Repos/ws_sensor_combined_src/install/px4_msgs:/home/giromi/Repos/ws_sensor_combined_src/install/px4_control_cpp:/home/giromi/Repos/ws_sensor_combined_src/install/px4_ros_com:/home/giromi/Repos/ws_sensor_combined_src/install/example_mode_with_executor_cpp:/home/giromi/Repos/ws_sensor_combined_src/install/example_mode_rtl_replacement_cpp:/home/giromi/Repos/ws_sensor_combined_src/install/example_mode_manual_cpp:/home/giromi/Repos/ws_sensor_combined_src/install/example_mode_goto_cpp:/home/giromi/Repos/ws_sensor_combined_src/install/example_local_navigation_cpp:/home/giromi/Repos/ws_sensor_combined_src/install/example_global_navigation_cpp:/home/giromi/Repos/ws_sensor_combined_src/install/px4_control:/opt/ros/humble LD_LIBRARY_PATH=/home/giromi/Repos/ws_sensor_combined_src/install/px4_ros2_cpp/lib:/home/giromi/Repos/ws_sensor_combined_src/install/px4_msgs/lib:/home/giromi/Repos/ws_sensor_combined_src/install/px4_ros_com/lib:/opt/ros/humble/opt/rviz_ogre_vendor/lib:/opt/ros/humble/lib/x86_64-linux-gnu:/opt/ros/humble/lib /usr/bin/cmake --build /home/giromi/Repos/ws_sensor_combined_src/build/example_mode_with_executor_cpp -- -j8 -l8
[23.224s] DEBUG:colcon.colcon_core.event_handler.log_command:Invoked command in '/home/giromi/Repos/ws_sensor_combined_src/build/example_global_navigation_cpp' returned '0': CMAKE_PREFIX_PATH=/home/giromi/Repos/ws_sensor_combined_src/install/px4_ros2_cpp:/home/giromi/Repos/ws_sensor_combined_src/install/px4_msgs:/home/giromi/Repos/ws_sensor_combined_src/install/px4_control_cpp:/home/giromi/Repos/ws_sensor_combined_src/install/px4_ros_com:/home/giromi/Repos/ws_sensor_combined_src/install/example_mode_with_executor_cpp:/home/giromi/Repos/ws_sensor_combined_src/install/example_mode_rtl_replacement_cpp:/home/giromi/Repos/ws_sensor_combined_src/install/example_mode_manual_cpp:/home/giromi/Repos/ws_sensor_combined_src/install/example_mode_goto_cpp:/home/giromi/Repos/ws_sensor_combined_src/install/example_local_navigation_cpp:/home/giromi/Repos/ws_sensor_combined_src/install/example_global_navigation_cpp:/home/giromi/Repos/ws_sensor_combined_src/install/px4_control:/opt/ros/humble LD_LIBRARY_PATH=/home/giromi/Repos/ws_sensor_combined_src/install/px4_ros2_cpp/lib:/home/giromi/Repos/ws_sensor_combined_src/install/px4_msgs/lib:/home/giromi/Repos/ws_sensor_combined_src/install/px4_ros_com/lib:/opt/ros/humble/opt/rviz_ogre_vendor/lib:/opt/ros/humble/lib/x86_64-linux-gnu:/opt/ros/humble/lib /usr/bin/cmake --build /home/giromi/Repos/ws_sensor_combined_src/build/example_global_navigation_cpp -- -j8 -l8
[23.232s] DEBUG:colcon.colcon_core.event_handler.log_command:Invoked command in '/home/giromi/Repos/ws_sensor_combined_src/build/example_local_navigation_cpp' returned '0': CMAKE_PREFIX_PATH=/home/giromi/Repos/ws_sensor_combined_src/install/px4_ros2_cpp:/home/giromi/Repos/ws_sensor_combined_src/install/px4_msgs:/home/giromi/Repos/ws_sensor_combined_src/install/px4_control_cpp:/home/giromi/Repos/ws_sensor_combined_src/install/px4_ros_com:/home/giromi/Repos/ws_sensor_combined_src/install/example_mode_with_executor_cpp:/home/giromi/Repos/ws_sensor_combined_src/install/example_mode_rtl_replacement_cpp:/home/giromi/Repos/ws_sensor_combined_src/install/example_mode_manual_cpp:/home/giromi/Repos/ws_sensor_combined_src/install/example_mode_goto_cpp:/home/giromi/Repos/ws_sensor_combined_src/install/example_local_navigation_cpp:/home/giromi/Repos/ws_sensor_combined_src/install/example_global_navigation_cpp:/home/giromi/Repos/ws_sensor_combined_src/install/px4_control:/opt/ros/humble LD_LIBRARY_PATH=/home/giromi/Repos/ws_sensor_combined_src/install/px4_ros2_cpp/lib:/home/giromi/Repos/ws_sensor_combined_src/install/px4_msgs/lib:/home/giromi/Repos/ws_sensor_combined_src/install/px4_ros_com/lib:/opt/ros/humble/opt/rviz_ogre_vendor/lib:/opt/ros/humble/lib/x86_64-linux-gnu:/opt/ros/humble/lib /usr/bin/cmake --build /home/giromi/Repos/ws_sensor_combined_src/build/example_local_navigation_cpp -- -j8 -l8
[23.239s] DEBUG:colcon.colcon_core.event_handler.log_command:Invoked command in '/home/giromi/Repos/ws_sensor_combined_src/build/example_mode_goto_cpp' returned '0': CMAKE_PREFIX_PATH=/home/giromi/Repos/ws_sensor_combined_src/install/px4_ros2_cpp:/home/giromi/Repos/ws_sensor_combined_src/install/px4_msgs:/home/giromi/Repos/ws_sensor_combined_src/install/px4_control_cpp:/home/giromi/Repos/ws_sensor_combined_src/install/px4_ros_com:/home/giromi/Repos/ws_sensor_combined_src/install/example_mode_with_executor_cpp:/home/giromi/Repos/ws_sensor_combined_src/install/example_mode_rtl_replacement_cpp:/home/giromi/Repos/ws_sensor_combined_src/install/example_mode_manual_cpp:/home/giromi/Repos/ws_sensor_combined_src/install/example_mode_goto_cpp:/home/giromi/Repos/ws_sensor_combined_src/install/example_local_navigation_cpp:/home/giromi/Repos/ws_sensor_combined_src/install/example_global_navigation_cpp:/home/giromi/Repos/ws_sensor_combined_src/install/px4_control:/opt/ros/humble LD_LIBRARY_PATH=/home/giromi/Repos/ws_sensor_combined_src/install/px4_ros2_cpp/lib:/home/giromi/Repos/ws_sensor_combined_src/install/px4_msgs/lib:/home/giromi/Repos/ws_sensor_combined_src/install/px4_ros_com/lib:/opt/ros/humble/opt/rviz_ogre_vendor/lib:/opt/ros/humble/lib/x86_64-linux-gnu:/opt/ros/humble/lib /usr/bin/cmake --build /home/giromi/Repos/ws_sensor_combined_src/build/example_mode_goto_cpp -- -j8 -l8
[23.242s] DEBUG:colcon.colcon_core.event_handler.log_command:Invoked command in '/home/giromi/Repos/ws_sensor_combined_src/build/example_mode_manual_cpp' returned '0': CMAKE_PREFIX_PATH=/home/giromi/Repos/ws_sensor_combined_src/install/px4_ros2_cpp:/home/giromi/Repos/ws_sensor_combined_src/install/px4_msgs:/home/giromi/Repos/ws_sensor_combined_src/install/px4_control_cpp:/home/giromi/Repos/ws_sensor_combined_src/install/px4_ros_com:/home/giromi/Repos/ws_sensor_combined_src/install/example_mode_with_executor_cpp:/home/giromi/Repos/ws_sensor_combined_src/install/example_mode_rtl_replacement_cpp:/home/giromi/Repos/ws_sensor_combined_src/install/example_mode_manual_cpp:/home/giromi/Repos/ws_sensor_combined_src/install/example_mode_goto_cpp:/home/giromi/Repos/ws_sensor_combined_src/install/example_local_navigation_cpp:/home/giromi/Repos/ws_sensor_combined_src/install/example_global_navigation_cpp:/home/giromi/Repos/ws_sensor_combined_src/install/px4_control:/opt/ros/humble LD_LIBRARY_PATH=/home/giromi/Repos/ws_sensor_combined_src/install/px4_ros2_cpp/lib:/home/giromi/Repos/ws_sensor_combined_src/install/px4_msgs/lib:/home/giromi/Repos/ws_sensor_combined_src/install/px4_ros_com/lib:/opt/ros/humble/opt/rviz_ogre_vendor/lib:/opt/ros/humble/lib/x86_64-linux-gnu:/opt/ros/humble/lib /usr/bin/cmake --build /home/giromi/Repos/ws_sensor_combined_src/build/example_mode_manual_cpp -- -j8 -l8
[23.261s] DEBUG:colcon.colcon_core.event_handler.log_command:Invoked command in '/home/giromi/Repos/ws_sensor_combined_src/build/example_mode_with_executor_cpp' returned '0': CMAKE_PREFIX_PATH=/home/giromi/Repos/ws_sensor_combined_src/install/px4_ros2_cpp:/home/giromi/Repos/ws_sensor_combined_src/install/px4_msgs:/home/giromi/Repos/ws_sensor_combined_src/install/px4_control_cpp:/home/giromi/Repos/ws_sensor_combined_src/install/px4_ros_com:/home/giromi/Repos/ws_sensor_combined_src/install/example_mode_with_executor_cpp:/home/giromi/Repos/ws_sensor_combined_src/install/example_mode_rtl_replacement_cpp:/home/giromi/Repos/ws_sensor_combined_src/install/example_mode_manual_cpp:/home/giromi/Repos/ws_sensor_combined_src/install/example_mode_goto_cpp:/home/giromi/Repos/ws_sensor_combined_src/install/example_local_navigation_cpp:/home/giromi/Repos/ws_sensor_combined_src/install/example_global_navigation_cpp:/home/giromi/Repos/ws_sensor_combined_src/install/px4_control:/opt/ros/humble LD_LIBRARY_PATH=/home/giromi/Repos/ws_sensor_combined_src/install/px4_ros2_cpp/lib:/home/giromi/Repos/ws_sensor_combined_src/install/px4_msgs/lib:/home/giromi/Repos/ws_sensor_combined_src/install/px4_ros_com/lib:/opt/ros/humble/opt/rviz_ogre_vendor/lib:/opt/ros/humble/lib/x86_64-linux-gnu:/opt/ros/humble/lib /usr/bin/cmake --build /home/giromi/Repos/ws_sensor_combined_src/build/example_mode_with_executor_cpp -- -j8 -l8
[23.267s] DEBUG:colcon.colcon_core.event_handler.log_command:Invoked command in '/home/giromi/Repos/ws_sensor_combined_src/build/example_mode_rtl_replacement_cpp' returned '0': CMAKE_PREFIX_PATH=/home/giromi/Repos/ws_sensor_combined_src/install/px4_ros2_cpp:/home/giromi/Repos/ws_sensor_combined_src/install/px4_msgs:/home/giromi/Repos/ws_sensor_combined_src/install/px4_control_cpp:/home/giromi/Repos/ws_sensor_combined_src/install/px4_ros_com:/home/giromi/Repos/ws_sensor_combined_src/install/example_mode_with_executor_cpp:/home/giromi/Repos/ws_sensor_combined_src/install/example_mode_rtl_replacement_cpp:/home/giromi/Repos/ws_sensor_combined_src/install/example_mode_manual_cpp:/home/giromi/Repos/ws_sensor_combined_src/install/example_mode_goto_cpp:/home/giromi/Repos/ws_sensor_combined_src/install/example_local_navigation_cpp:/home/giromi/Repos/ws_sensor_combined_src/install/example_global_navigation_cpp:/home/giromi/Repos/ws_sensor_combined_src/install/px4_control:/opt/ros/humble LD_LIBRARY_PATH=/home/giromi/Repos/ws_sensor_combined_src/install/px4_ros2_cpp/lib:/home/giromi/Repos/ws_sensor_combined_src/install/px4_msgs/lib:/home/giromi/Repos/ws_sensor_combined_src/install/px4_ros_com/lib:/opt/ros/humble/opt/rviz_ogre_vendor/lib:/opt/ros/humble/lib/x86_64-linux-gnu:/opt/ros/humble/lib /usr/bin/cmake --build /home/giromi/Repos/ws_sensor_combined_src/build/example_mode_rtl_replacement_cpp -- -j8 -l8
[23.289s] DEBUG:colcon.colcon_core.event_handler.log_command:Invoking command in '/home/giromi/Repos/ws_sensor_combined_src/build/example_local_navigation_cpp': CMAKE_PREFIX_PATH=/home/giromi/Repos/ws_sensor_combined_src/install/px4_ros2_cpp:/home/giromi/Repos/ws_sensor_combined_src/install/px4_msgs:/home/giromi/Repos/ws_sensor_combined_src/install/px4_control_cpp:/home/giromi/Repos/ws_sensor_combined_src/install/px4_ros_com:/home/giromi/Repos/ws_sensor_combined_src/install/example_mode_with_executor_cpp:/home/giromi/Repos/ws_sensor_combined_src/install/example_mode_rtl_replacement_cpp:/home/giromi/Repos/ws_sensor_combined_src/install/example_mode_manual_cpp:/home/giromi/Repos/ws_sensor_combined_src/install/example_mode_goto_cpp:/home/giromi/Repos/ws_sensor_combined_src/install/example_local_navigation_cpp:/home/giromi/Repos/ws_sensor_combined_src/install/example_global_navigation_cpp:/home/giromi/Repos/ws_sensor_combined_src/install/px4_control:/opt/ros/humble LD_LIBRARY_PATH=/home/giromi/Repos/ws_sensor_combined_src/install/px4_ros2_cpp/lib:/home/giromi/Repos/ws_sensor_combined_src/install/px4_msgs/lib:/home/giromi/Repos/ws_sensor_combined_src/install/px4_ros_com/lib:/opt/ros/humble/opt/rviz_ogre_vendor/lib:/opt/ros/humble/lib/x86_64-linux-gnu:/opt/ros/humble/lib /usr/bin/cmake --install /home/giromi/Repos/ws_sensor_combined_src/build/example_local_navigation_cpp
[23.293s] DEBUG:colcon.colcon_core.event_handler.log_command:Invoking command in '/home/giromi/Repos/ws_sensor_combined_src/build/example_global_navigation_cpp': CMAKE_PREFIX_PATH=/home/giromi/Repos/ws_sensor_combined_src/install/px4_ros2_cpp:/home/giromi/Repos/ws_sensor_combined_src/install/px4_msgs:/home/giromi/Repos/ws_sensor_combined_src/install/px4_control_cpp:/home/giromi/Repos/ws_sensor_combined_src/install/px4_ros_com:/home/giromi/Repos/ws_sensor_combined_src/install/example_mode_with_executor_cpp:/home/giromi/Repos/ws_sensor_combined_src/install/example_mode_rtl_replacement_cpp:/home/giromi/Repos/ws_sensor_combined_src/install/example_mode_manual_cpp:/home/giromi/Repos/ws_sensor_combined_src/install/example_mode_goto_cpp:/home/giromi/Repos/ws_sensor_combined_src/install/example_local_navigation_cpp:/home/giromi/Repos/ws_sensor_combined_src/install/example_global_navigation_cpp:/home/giromi/Repos/ws_sensor_combined_src/install/px4_control:/opt/ros/humble LD_LIBRARY_PATH=/home/giromi/Repos/ws_sensor_combined_src/install/px4_ros2_cpp/lib:/home/giromi/Repos/ws_sensor_combined_src/install/px4_msgs/lib:/home/giromi/Repos/ws_sensor_combined_src/install/px4_ros_com/lib:/opt/ros/humble/opt/rviz_ogre_vendor/lib:/opt/ros/humble/lib/x86_64-linux-gnu:/opt/ros/humble/lib /usr/bin/cmake --install /home/giromi/Repos/ws_sensor_combined_src/build/example_global_navigation_cpp
[23.305s] DEBUG:colcon.colcon_core.event_handler.log_command:Invoking command in '/home/giromi/Repos/ws_sensor_combined_src/build/example_mode_goto_cpp': CMAKE_PREFIX_PATH=/home/giromi/Repos/ws_sensor_combined_src/install/px4_ros2_cpp:/home/giromi/Repos/ws_sensor_combined_src/install/px4_msgs:/home/giromi/Repos/ws_sensor_combined_src/install/px4_control_cpp:/home/giromi/Repos/ws_sensor_combined_src/install/px4_ros_com:/home/giromi/Repos/ws_sensor_combined_src/install/example_mode_with_executor_cpp:/home/giromi/Repos/ws_sensor_combined_src/install/example_mode_rtl_replacement_cpp:/home/giromi/Repos/ws_sensor_combined_src/install/example_mode_manual_cpp:/home/giromi/Repos/ws_sensor_combined_src/install/example_mode_goto_cpp:/home/giromi/Repos/ws_sensor_combined_src/install/example_local_navigation_cpp:/home/giromi/Repos/ws_sensor_combined_src/install/example_global_navigation_cpp:/home/giromi/Repos/ws_sensor_combined_src/install/px4_control:/opt/ros/humble LD_LIBRARY_PATH=/home/giromi/Repos/ws_sensor_combined_src/install/px4_ros2_cpp/lib:/home/giromi/Repos/ws_sensor_combined_src/install/px4_msgs/lib:/home/giromi/Repos/ws_sensor_combined_src/install/px4_ros_com/lib:/opt/ros/humble/opt/rviz_ogre_vendor/lib:/opt/ros/humble/lib/x86_64-linux-gnu:/opt/ros/humble/lib /usr/bin/cmake --install /home/giromi/Repos/ws_sensor_combined_src/build/example_mode_goto_cpp
[23.307s] DEBUG:colcon.colcon_core.event_handler.log_command:Invoking command in '/home/giromi/Repos/ws_sensor_combined_src/build/example_mode_manual_cpp': CMAKE_PREFIX_PATH=/home/giromi/Repos/ws_sensor_combined_src/install/px4_ros2_cpp:/home/giromi/Repos/ws_sensor_combined_src/install/px4_msgs:/home/giromi/Repos/ws_sensor_combined_src/install/px4_control_cpp:/home/giromi/Repos/ws_sensor_combined_src/install/px4_ros_com:/home/giromi/Repos/ws_sensor_combined_src/install/example_mode_with_executor_cpp:/home/giromi/Repos/ws_sensor_combined_src/install/example_mode_rtl_replacement_cpp:/home/giromi/Repos/ws_sensor_combined_src/install/example_mode_manual_cpp:/home/giromi/Repos/ws_sensor_combined_src/install/example_mode_goto_cpp:/home/giromi/Repos/ws_sensor_combined_src/install/example_local_navigation_cpp:/home/giromi/Repos/ws_sensor_combined_src/install/example_global_navigation_cpp:/home/giromi/Repos/ws_sensor_combined_src/install/px4_control:/opt/ros/humble LD_LIBRARY_PATH=/home/giromi/Repos/ws_sensor_combined_src/install/px4_ros2_cpp/lib:/home/giromi/Repos/ws_sensor_combined_src/install/px4_msgs/lib:/home/giromi/Repos/ws_sensor_combined_src/install/px4_ros_com/lib:/opt/ros/humble/opt/rviz_ogre_vendor/lib:/opt/ros/humble/lib/x86_64-linux-gnu:/opt/ros/humble/lib /usr/bin/cmake --install /home/giromi/Repos/ws_sensor_combined_src/build/example_mode_manual_cpp
[23.321s] Level 1:colcon.colcon_core.environment:create_environment_scripts_only(example_local_navigation_cpp)
[23.329s] DEBUG:colcon.colcon_core.event_handler.log_command:Invoked command in '/home/giromi/Repos/ws_sensor_combined_src/build/example_local_navigation_cpp' returned '0': CMAKE_PREFIX_PATH=/home/giromi/Repos/ws_sensor_combined_src/install/px4_ros2_cpp:/home/giromi/Repos/ws_sensor_combined_src/install/px4_msgs:/home/giromi/Repos/ws_sensor_combined_src/install/px4_control_cpp:/home/giromi/Repos/ws_sensor_combined_src/install/px4_ros_com:/home/giromi/Repos/ws_sensor_combined_src/install/example_mode_with_executor_cpp:/home/giromi/Repos/ws_sensor_combined_src/install/example_mode_rtl_replacement_cpp:/home/giromi/Repos/ws_sensor_combined_src/install/example_mode_manual_cpp:/home/giromi/Repos/ws_sensor_combined_src/install/example_mode_goto_cpp:/home/giromi/Repos/ws_sensor_combined_src/install/example_local_navigation_cpp:/home/giromi/Repos/ws_sensor_combined_src/install/example_global_navigation_cpp:/home/giromi/Repos/ws_sensor_combined_src/install/px4_control:/opt/ros/humble LD_LIBRARY_PATH=/home/giromi/Repos/ws_sensor_combined_src/install/px4_ros2_cpp/lib:/home/giromi/Repos/ws_sensor_combined_src/install/px4_msgs/lib:/home/giromi/Repos/ws_sensor_combined_src/install/px4_ros_com/lib:/opt/ros/humble/opt/rviz_ogre_vendor/lib:/opt/ros/humble/lib/x86_64-linux-gnu:/opt/ros/humble/lib /usr/bin/cmake --install /home/giromi/Repos/ws_sensor_combined_src/build/example_local_navigation_cpp
[23.363s] Level 1:colcon.colcon_core.environment:checking '/home/giromi/Repos/ws_sensor_combined_src/install/example_local_navigation_cpp' for CMake module files
[23.364s] Level 1:colcon.colcon_core.environment:checking '/home/giromi/Repos/ws_sensor_combined_src/install/example_local_navigation_cpp' for CMake config files
[23.364s] Level 1:colcon.colcon_core.shell:create_environment_hook('example_local_navigation_cpp', 'cmake_prefix_path')
[23.392s] INFO:colcon.colcon_core.shell:Creating environment hook '/home/giromi/Repos/ws_sensor_combined_src/install/example_local_navigation_cpp/share/example_local_navigation_cpp/hook/cmake_prefix_path.ps1'
[23.392s] INFO:colcon.colcon_core.shell:Creating environment descriptor '/home/giromi/Repos/ws_sensor_combined_src/install/example_local_navigation_cpp/share/example_local_navigation_cpp/hook/cmake_prefix_path.dsv'
[23.393s] INFO:colcon.colcon_core.shell:Creating environment hook '/home/giromi/Repos/ws_sensor_combined_src/install/example_local_navigation_cpp/share/example_local_navigation_cpp/hook/cmake_prefix_path.sh'
[23.394s] Level 1:colcon.colcon_core.environment:checking '/home/giromi/Repos/ws_sensor_combined_src/install/example_local_navigation_cpp/lib'
[23.394s] Level 1:colcon.colcon_core.environment:checking '/home/giromi/Repos/ws_sensor_combined_src/install/example_local_navigation_cpp/bin'
[23.394s] Level 1:colcon.colcon_core.environment:checking '/home/giromi/Repos/ws_sensor_combined_src/install/example_local_navigation_cpp/lib/pkgconfig/example_local_navigation_cpp.pc'
[23.394s] Level 1:colcon.colcon_core.environment:checking '/home/giromi/Repos/ws_sensor_combined_src/install/example_local_navigation_cpp/lib/python3.10/site-packages'
[23.395s] Level 1:colcon.colcon_core.environment:checking '/home/giromi/Repos/ws_sensor_combined_src/install/example_local_navigation_cpp/bin'
[23.418s] INFO:colcon.colcon_core.shell:Creating package script '/home/giromi/Repos/ws_sensor_combined_src/install/example_local_navigation_cpp/share/example_local_navigation_cpp/package.ps1'
[23.418s] INFO:colcon.colcon_core.shell:Creating package descriptor '/home/giromi/Repos/ws_sensor_combined_src/install/example_local_navigation_cpp/share/example_local_navigation_cpp/package.dsv'
[23.419s] INFO:colcon.colcon_core.shell:Creating package script '/home/giromi/Repos/ws_sensor_combined_src/install/example_local_navigation_cpp/share/example_local_navigation_cpp/package.sh'
[23.420s] INFO:colcon.colcon_core.shell:Creating package script '/home/giromi/Repos/ws_sensor_combined_src/install/example_local_navigation_cpp/share/example_local_navigation_cpp/package.bash'
[23.420s] INFO:colcon.colcon_core.shell:Creating package script '/home/giromi/Repos/ws_sensor_combined_src/install/example_local_navigation_cpp/share/example_local_navigation_cpp/package.zsh'
[23.421s] Level 1:colcon.colcon_core.environment:create_file_with_runtime_dependencies(/home/giromi/Repos/ws_sensor_combined_src/install/example_local_navigation_cpp/share/colcon-core/packages/example_local_navigation_cpp)
[23.423s] Level 1:colcon.colcon_core.environment:create_environment_scripts_only(example_global_navigation_cpp)
[23.425s] DEBUG:colcon.colcon_core.event_handler.log_command:Invoked command in '/home/giromi/Repos/ws_sensor_combined_src/build/example_global_navigation_cpp' returned '0': CMAKE_PREFIX_PATH=/home/giromi/Repos/ws_sensor_combined_src/install/px4_ros2_cpp:/home/giromi/Repos/ws_sensor_combined_src/install/px4_msgs:/home/giromi/Repos/ws_sensor_combined_src/install/px4_control_cpp:/home/giromi/Repos/ws_sensor_combined_src/install/px4_ros_com:/home/giromi/Repos/ws_sensor_combined_src/install/example_mode_with_executor_cpp:/home/giromi/Repos/ws_sensor_combined_src/install/example_mode_rtl_replacement_cpp:/home/giromi/Repos/ws_sensor_combined_src/install/example_mode_manual_cpp:/home/giromi/Repos/ws_sensor_combined_src/install/example_mode_goto_cpp:/home/giromi/Repos/ws_sensor_combined_src/install/example_local_navigation_cpp:/home/giromi/Repos/ws_sensor_combined_src/install/example_global_navigation_cpp:/home/giromi/Repos/ws_sensor_combined_src/install/px4_control:/opt/ros/humble LD_LIBRARY_PATH=/home/giromi/Repos/ws_sensor_combined_src/install/px4_ros2_cpp/lib:/home/giromi/Repos/ws_sensor_combined_src/install/px4_msgs/lib:/home/giromi/Repos/ws_sensor_combined_src/install/px4_ros_com/lib:/opt/ros/humble/opt/rviz_ogre_vendor/lib:/opt/ros/humble/lib/x86_64-linux-gnu:/opt/ros/humble/lib /usr/bin/cmake --install /home/giromi/Repos/ws_sensor_combined_src/build/example_global_navigation_cpp
[23.457s] Level 1:colcon.colcon_core.environment:checking '/home/giromi/Repos/ws_sensor_combined_src/install/example_global_navigation_cpp' for CMake module files
[23.458s] Level 1:colcon.colcon_core.environment:checking '/home/giromi/Repos/ws_sensor_combined_src/install/example_global_navigation_cpp' for CMake config files
[23.458s] Level 1:colcon.colcon_core.shell:create_environment_hook('example_global_navigation_cpp', 'cmake_prefix_path')
[23.484s] INFO:colcon.colcon_core.shell:Creating environment hook '/home/giromi/Repos/ws_sensor_combined_src/install/example_global_navigation_cpp/share/example_global_navigation_cpp/hook/cmake_prefix_path.ps1'
[23.484s] INFO:colcon.colcon_core.shell:Creating environment descriptor '/home/giromi/Repos/ws_sensor_combined_src/install/example_global_navigation_cpp/share/example_global_navigation_cpp/hook/cmake_prefix_path.dsv'
[23.487s] INFO:colcon.colcon_core.shell:Creating environment hook '/home/giromi/Repos/ws_sensor_combined_src/install/example_global_navigation_cpp/share/example_global_navigation_cpp/hook/cmake_prefix_path.sh'
[23.488s] Level 1:colcon.colcon_core.environment:checking '/home/giromi/Repos/ws_sensor_combined_src/install/example_global_navigation_cpp/lib'
[23.489s] Level 1:colcon.colcon_core.environment:checking '/home/giromi/Repos/ws_sensor_combined_src/install/example_global_navigation_cpp/bin'
[23.489s] Level 1:colcon.colcon_core.environment:checking '/home/giromi/Repos/ws_sensor_combined_src/install/example_global_navigation_cpp/lib/pkgconfig/example_global_navigation_cpp.pc'
[23.489s] Level 1:colcon.colcon_core.environment:checking '/home/giromi/Repos/ws_sensor_combined_src/install/example_global_navigation_cpp/lib/python3.10/site-packages'
[23.489s] Level 1:colcon.colcon_core.environment:checking '/home/giromi/Repos/ws_sensor_combined_src/install/example_global_navigation_cpp/bin'
[23.513s] INFO:colcon.colcon_core.shell:Creating package script '/home/giromi/Repos/ws_sensor_combined_src/install/example_global_navigation_cpp/share/example_global_navigation_cpp/package.ps1'
[23.514s] INFO:colcon.colcon_core.shell:Creating package descriptor '/home/giromi/Repos/ws_sensor_combined_src/install/example_global_navigation_cpp/share/example_global_navigation_cpp/package.dsv'
[23.515s] INFO:colcon.colcon_core.shell:Creating package script '/home/giromi/Repos/ws_sensor_combined_src/install/example_global_navigation_cpp/share/example_global_navigation_cpp/package.sh'
[23.515s] INFO:colcon.colcon_core.shell:Creating package script '/home/giromi/Repos/ws_sensor_combined_src/install/example_global_navigation_cpp/share/example_global_navigation_cpp/package.bash'
[23.516s] INFO:colcon.colcon_core.shell:Creating package script '/home/giromi/Repos/ws_sensor_combined_src/install/example_global_navigation_cpp/share/example_global_navigation_cpp/package.zsh'
[23.516s] Level 1:colcon.colcon_core.environment:create_file_with_runtime_dependencies(/home/giromi/Repos/ws_sensor_combined_src/install/example_global_navigation_cpp/share/colcon-core/packages/example_global_navigation_cpp)
[23.522s] DEBUG:colcon.colcon_core.event_handler.log_command:Invoking command in '/home/giromi/Repos/ws_sensor_combined_src/build/example_mode_rtl_replacement_cpp': CMAKE_PREFIX_PATH=/home/giromi/Repos/ws_sensor_combined_src/install/px4_ros2_cpp:/home/giromi/Repos/ws_sensor_combined_src/install/px4_msgs:/home/giromi/Repos/ws_sensor_combined_src/install/px4_control_cpp:/home/giromi/Repos/ws_sensor_combined_src/install/px4_ros_com:/home/giromi/Repos/ws_sensor_combined_src/install/example_mode_with_executor_cpp:/home/giromi/Repos/ws_sensor_combined_src/install/example_mode_rtl_replacement_cpp:/home/giromi/Repos/ws_sensor_combined_src/install/example_mode_manual_cpp:/home/giromi/Repos/ws_sensor_combined_src/install/example_mode_goto_cpp:/home/giromi/Repos/ws_sensor_combined_src/install/example_local_navigation_cpp:/home/giromi/Repos/ws_sensor_combined_src/install/example_global_navigation_cpp:/home/giromi/Repos/ws_sensor_combined_src/install/px4_control:/opt/ros/humble LD_LIBRARY_PATH=/home/giromi/Repos/ws_sensor_combined_src/install/px4_ros2_cpp/lib:/home/giromi/Repos/ws_sensor_combined_src/install/px4_msgs/lib:/home/giromi/Repos/ws_sensor_combined_src/install/px4_ros_com/lib:/opt/ros/humble/opt/rviz_ogre_vendor/lib:/opt/ros/humble/lib/x86_64-linux-gnu:/opt/ros/humble/lib /usr/bin/cmake --install /home/giromi/Repos/ws_sensor_combined_src/build/example_mode_rtl_replacement_cpp
[23.527s] DEBUG:colcon.colcon_core.event_handler.log_command:Invoking command in '/home/giromi/Repos/ws_sensor_combined_src/build/example_mode_with_executor_cpp': CMAKE_PREFIX_PATH=/home/giromi/Repos/ws_sensor_combined_src/install/px4_ros2_cpp:/home/giromi/Repos/ws_sensor_combined_src/install/px4_msgs:/home/giromi/Repos/ws_sensor_combined_src/install/px4_control_cpp:/home/giromi/Repos/ws_sensor_combined_src/install/px4_ros_com:/home/giromi/Repos/ws_sensor_combined_src/install/example_mode_with_executor_cpp:/home/giromi/Repos/ws_sensor_combined_src/install/example_mode_rtl_replacement_cpp:/home/giromi/Repos/ws_sensor_combined_src/install/example_mode_manual_cpp:/home/giromi/Repos/ws_sensor_combined_src/install/example_mode_goto_cpp:/home/giromi/Repos/ws_sensor_combined_src/install/example_local_navigation_cpp:/home/giromi/Repos/ws_sensor_combined_src/install/example_global_navigation_cpp:/home/giromi/Repos/ws_sensor_combined_src/install/px4_control:/opt/ros/humble LD_LIBRARY_PATH=/home/giromi/Repos/ws_sensor_combined_src/install/px4_ros2_cpp/lib:/home/giromi/Repos/ws_sensor_combined_src/install/px4_msgs/lib:/home/giromi/Repos/ws_sensor_combined_src/install/px4_ros_com/lib:/opt/ros/humble/opt/rviz_ogre_vendor/lib:/opt/ros/humble/lib/x86_64-linux-gnu:/opt/ros/humble/lib /usr/bin/cmake --install /home/giromi/Repos/ws_sensor_combined_src/build/example_mode_with_executor_cpp
[23.529s] Level 1:colcon.colcon_core.environment:create_environment_scripts_only(example_mode_goto_cpp)
[23.530s] DEBUG:colcon.colcon_core.event_handler.log_command:Invoked command in '/home/giromi/Repos/ws_sensor_combined_src/build/example_mode_goto_cpp' returned '0': CMAKE_PREFIX_PATH=/home/giromi/Repos/ws_sensor_combined_src/install/px4_ros2_cpp:/home/giromi/Repos/ws_sensor_combined_src/install/px4_msgs:/home/giromi/Repos/ws_sensor_combined_src/install/px4_control_cpp:/home/giromi/Repos/ws_sensor_combined_src/install/px4_ros_com:/home/giromi/Repos/ws_sensor_combined_src/install/example_mode_with_executor_cpp:/home/giromi/Repos/ws_sensor_combined_src/install/example_mode_rtl_replacement_cpp:/home/giromi/Repos/ws_sensor_combined_src/install/example_mode_manual_cpp:/home/giromi/Repos/ws_sensor_combined_src/install/example_mode_goto_cpp:/home/giromi/Repos/ws_sensor_combined_src/install/example_local_navigation_cpp:/home/giromi/Repos/ws_sensor_combined_src/install/example_global_navigation_cpp:/home/giromi/Repos/ws_sensor_combined_src/install/px4_control:/opt/ros/humble LD_LIBRARY_PATH=/home/giromi/Repos/ws_sensor_combined_src/install/px4_ros2_cpp/lib:/home/giromi/Repos/ws_sensor_combined_src/install/px4_msgs/lib:/home/giromi/Repos/ws_sensor_combined_src/install/px4_ros_com/lib:/opt/ros/humble/opt/rviz_ogre_vendor/lib:/opt/ros/humble/lib/x86_64-linux-gnu:/opt/ros/humble/lib /usr/bin/cmake --install /home/giromi/Repos/ws_sensor_combined_src/build/example_mode_goto_cpp
[23.561s] Level 1:colcon.colcon_core.environment:checking '/home/giromi/Repos/ws_sensor_combined_src/install/example_mode_goto_cpp' for CMake module files
[23.562s] Level 1:colcon.colcon_core.environment:checking '/home/giromi/Repos/ws_sensor_combined_src/install/example_mode_goto_cpp' for CMake config files
[23.562s] Level 1:colcon.colcon_core.shell:create_environment_hook('example_mode_goto_cpp', 'cmake_prefix_path')
[23.584s] INFO:colcon.colcon_core.shell:Creating environment hook '/home/giromi/Repos/ws_sensor_combined_src/install/example_mode_goto_cpp/share/example_mode_goto_cpp/hook/cmake_prefix_path.ps1'
[23.585s] INFO:colcon.colcon_core.shell:Creating environment descriptor '/home/giromi/Repos/ws_sensor_combined_src/install/example_mode_goto_cpp/share/example_mode_goto_cpp/hook/cmake_prefix_path.dsv'
[23.586s] INFO:colcon.colcon_core.shell:Creating environment hook '/home/giromi/Repos/ws_sensor_combined_src/install/example_mode_goto_cpp/share/example_mode_goto_cpp/hook/cmake_prefix_path.sh'
[23.587s] Level 1:colcon.colcon_core.environment:checking '/home/giromi/Repos/ws_sensor_combined_src/install/example_mode_goto_cpp/lib'
[23.587s] Level 1:colcon.colcon_core.environment:checking '/home/giromi/Repos/ws_sensor_combined_src/install/example_mode_goto_cpp/bin'
[23.587s] Level 1:colcon.colcon_core.environment:checking '/home/giromi/Repos/ws_sensor_combined_src/install/example_mode_goto_cpp/lib/pkgconfig/example_mode_goto_cpp.pc'
[23.587s] Level 1:colcon.colcon_core.environment:checking '/home/giromi/Repos/ws_sensor_combined_src/install/example_mode_goto_cpp/lib/python3.10/site-packages'
[23.588s] Level 1:colcon.colcon_core.environment:checking '/home/giromi/Repos/ws_sensor_combined_src/install/example_mode_goto_cpp/bin'
[23.610s] INFO:colcon.colcon_core.shell:Creating package script '/home/giromi/Repos/ws_sensor_combined_src/install/example_mode_goto_cpp/share/example_mode_goto_cpp/package.ps1'
[23.610s] INFO:colcon.colcon_core.shell:Creating package descriptor '/home/giromi/Repos/ws_sensor_combined_src/install/example_mode_goto_cpp/share/example_mode_goto_cpp/package.dsv'
[23.611s] INFO:colcon.colcon_core.shell:Creating package script '/home/giromi/Repos/ws_sensor_combined_src/install/example_mode_goto_cpp/share/example_mode_goto_cpp/package.sh'
[23.611s] INFO:colcon.colcon_core.shell:Creating package script '/home/giromi/Repos/ws_sensor_combined_src/install/example_mode_goto_cpp/share/example_mode_goto_cpp/package.bash'
[23.612s] INFO:colcon.colcon_core.shell:Creating package script '/home/giromi/Repos/ws_sensor_combined_src/install/example_mode_goto_cpp/share/example_mode_goto_cpp/package.zsh'
[23.612s] Level 1:colcon.colcon_core.environment:create_file_with_runtime_dependencies(/home/giromi/Repos/ws_sensor_combined_src/install/example_mode_goto_cpp/share/colcon-core/packages/example_mode_goto_cpp)
[23.614s] Level 1:colcon.colcon_core.environment:create_environment_scripts_only(example_mode_manual_cpp)
[23.616s] DEBUG:colcon.colcon_core.event_handler.log_command:Invoked command in '/home/giromi/Repos/ws_sensor_combined_src/build/example_mode_manual_cpp' returned '0': CMAKE_PREFIX_PATH=/home/giromi/Repos/ws_sensor_combined_src/install/px4_ros2_cpp:/home/giromi/Repos/ws_sensor_combined_src/install/px4_msgs:/home/giromi/Repos/ws_sensor_combined_src/install/px4_control_cpp:/home/giromi/Repos/ws_sensor_combined_src/install/px4_ros_com:/home/giromi/Repos/ws_sensor_combined_src/install/example_mode_with_executor_cpp:/home/giromi/Repos/ws_sensor_combined_src/install/example_mode_rtl_replacement_cpp:/home/giromi/Repos/ws_sensor_combined_src/install/example_mode_manual_cpp:/home/giromi/Repos/ws_sensor_combined_src/install/example_mode_goto_cpp:/home/giromi/Repos/ws_sensor_combined_src/install/example_local_navigation_cpp:/home/giromi/Repos/ws_sensor_combined_src/install/example_global_navigation_cpp:/home/giromi/Repos/ws_sensor_combined_src/install/px4_control:/opt/ros/humble LD_LIBRARY_PATH=/home/giromi/Repos/ws_sensor_combined_src/install/px4_ros2_cpp/lib:/home/giromi/Repos/ws_sensor_combined_src/install/px4_msgs/lib:/home/giromi/Repos/ws_sensor_combined_src/install/px4_ros_com/lib:/opt/ros/humble/opt/rviz_ogre_vendor/lib:/opt/ros/humble/lib/x86_64-linux-gnu:/opt/ros/humble/lib /usr/bin/cmake --install /home/giromi/Repos/ws_sensor_combined_src/build/example_mode_manual_cpp
[23.640s] Level 1:colcon.colcon_core.environment:checking '/home/giromi/Repos/ws_sensor_combined_src/install/example_mode_manual_cpp' for CMake module files
[23.640s] Level 1:colcon.colcon_core.environment:checking '/home/giromi/Repos/ws_sensor_combined_src/install/example_mode_manual_cpp' for CMake config files
[23.641s] Level 1:colcon.colcon_core.shell:create_environment_hook('example_mode_manual_cpp', 'cmake_prefix_path')
[23.661s] INFO:colcon.colcon_core.shell:Creating environment hook '/home/giromi/Repos/ws_sensor_combined_src/install/example_mode_manual_cpp/share/example_mode_manual_cpp/hook/cmake_prefix_path.ps1'
[23.662s] INFO:colcon.colcon_core.shell:Creating environment descriptor '/home/giromi/Repos/ws_sensor_combined_src/install/example_mode_manual_cpp/share/example_mode_manual_cpp/hook/cmake_prefix_path.dsv'
[23.662s] INFO:colcon.colcon_core.shell:Creating environment hook '/home/giromi/Repos/ws_sensor_combined_src/install/example_mode_manual_cpp/share/example_mode_manual_cpp/hook/cmake_prefix_path.sh'
[23.663s] Level 1:colcon.colcon_core.environment:checking '/home/giromi/Repos/ws_sensor_combined_src/install/example_mode_manual_cpp/lib'
[23.663s] Level 1:colcon.colcon_core.environment:checking '/home/giromi/Repos/ws_sensor_combined_src/install/example_mode_manual_cpp/bin'
[23.663s] Level 1:colcon.colcon_core.environment:checking '/home/giromi/Repos/ws_sensor_combined_src/install/example_mode_manual_cpp/lib/pkgconfig/example_mode_manual_cpp.pc'
[23.663s] Level 1:colcon.colcon_core.environment:checking '/home/giromi/Repos/ws_sensor_combined_src/install/example_mode_manual_cpp/lib/python3.10/site-packages'
[23.663s] Level 1:colcon.colcon_core.environment:checking '/home/giromi/Repos/ws_sensor_combined_src/install/example_mode_manual_cpp/bin'
[23.685s] INFO:colcon.colcon_core.shell:Creating package script '/home/giromi/Repos/ws_sensor_combined_src/install/example_mode_manual_cpp/share/example_mode_manual_cpp/package.ps1'
[23.686s] INFO:colcon.colcon_core.shell:Creating package descriptor '/home/giromi/Repos/ws_sensor_combined_src/install/example_mode_manual_cpp/share/example_mode_manual_cpp/package.dsv'
[23.687s] INFO:colcon.colcon_core.shell:Creating package script '/home/giromi/Repos/ws_sensor_combined_src/install/example_mode_manual_cpp/share/example_mode_manual_cpp/package.sh'
[23.687s] INFO:colcon.colcon_core.shell:Creating package script '/home/giromi/Repos/ws_sensor_combined_src/install/example_mode_manual_cpp/share/example_mode_manual_cpp/package.bash'
[23.688s] INFO:colcon.colcon_core.shell:Creating package script '/home/giromi/Repos/ws_sensor_combined_src/install/example_mode_manual_cpp/share/example_mode_manual_cpp/package.zsh'
[23.688s] Level 1:colcon.colcon_core.environment:create_file_with_runtime_dependencies(/home/giromi/Repos/ws_sensor_combined_src/install/example_mode_manual_cpp/share/colcon-core/packages/example_mode_manual_cpp)
[23.720s] Level 1:colcon.colcon_core.environment:create_environment_scripts_only(example_local_navigation_cpp)
[23.743s] Level 1:colcon.colcon_core.environment:checking '/home/giromi/Repos/ws_sensor_combined_src/install/example_local_navigation_cpp' for CMake module files
[23.744s] Level 1:colcon.colcon_core.environment:checking '/home/giromi/Repos/ws_sensor_combined_src/install/example_local_navigation_cpp' for CMake config files
[23.744s] Level 1:colcon.colcon_core.shell:create_environment_hook('example_local_navigation_cpp', 'cmake_prefix_path')
[23.769s] INFO:colcon.colcon_core.shell:Creating environment hook '/home/giromi/Repos/ws_sensor_combined_src/install/example_local_navigation_cpp/share/example_local_navigation_cpp/hook/cmake_prefix_path.ps1'
[23.769s] INFO:colcon.colcon_core.shell:Creating environment descriptor '/home/giromi/Repos/ws_sensor_combined_src/install/example_local_navigation_cpp/share/example_local_navigation_cpp/hook/cmake_prefix_path.dsv'
[23.770s] INFO:colcon.colcon_core.shell:Creating environment hook '/home/giromi/Repos/ws_sensor_combined_src/install/example_local_navigation_cpp/share/example_local_navigation_cpp/hook/cmake_prefix_path.sh'
[23.771s] Level 1:colcon.colcon_core.environment:checking '/home/giromi/Repos/ws_sensor_combined_src/install/example_local_navigation_cpp/lib'
[23.771s] Level 1:colcon.colcon_core.environment:checking '/home/giromi/Repos/ws_sensor_combined_src/install/example_local_navigation_cpp/bin'
[23.771s] Level 1:colcon.colcon_core.environment:checking '/home/giromi/Repos/ws_sensor_combined_src/install/example_local_navigation_cpp/lib/pkgconfig/example_local_navigation_cpp.pc'
[23.771s] Level 1:colcon.colcon_core.environment:checking '/home/giromi/Repos/ws_sensor_combined_src/install/example_local_navigation_cpp/lib/python3.10/site-packages'
[23.772s] Level 1:colcon.colcon_core.environment:checking '/home/giromi/Repos/ws_sensor_combined_src/install/example_local_navigation_cpp/bin'
[23.796s] INFO:colcon.colcon_core.shell:Creating package script '/home/giromi/Repos/ws_sensor_combined_src/install/example_local_navigation_cpp/share/example_local_navigation_cpp/package.ps1'
[23.796s] INFO:colcon.colcon_core.shell:Creating package descriptor '/home/giromi/Repos/ws_sensor_combined_src/install/example_local_navigation_cpp/share/example_local_navigation_cpp/package.dsv'
[23.797s] INFO:colcon.colcon_core.shell:Creating package script '/home/giromi/Repos/ws_sensor_combined_src/install/example_local_navigation_cpp/share/example_local_navigation_cpp/package.sh'
[23.798s] INFO:colcon.colcon_core.shell:Creating package script '/home/giromi/Repos/ws_sensor_combined_src/install/example_local_navigation_cpp/share/example_local_navigation_cpp/package.bash'
[23.799s] INFO:colcon.colcon_core.shell:Creating package script '/home/giromi/Repos/ws_sensor_combined_src/install/example_local_navigation_cpp/share/example_local_navigation_cpp/package.zsh'
[23.799s] Level 1:colcon.colcon_core.environment:create_file_with_runtime_dependencies(/home/giromi/Repos/ws_sensor_combined_src/install/example_local_navigation_cpp/share/colcon-core/packages/example_local_navigation_cpp)
[23.803s] Level 1:colcon.colcon_core.environment:create_environment_scripts_only(example_mode_rtl_replacement_cpp)
[23.804s] DEBUG:colcon.colcon_core.event_handler.log_command:Invoked command in '/home/giromi/Repos/ws_sensor_combined_src/build/example_mode_rtl_replacement_cpp' returned '0': CMAKE_PREFIX_PATH=/home/giromi/Repos/ws_sensor_combined_src/install/px4_ros2_cpp:/home/giromi/Repos/ws_sensor_combined_src/install/px4_msgs:/home/giromi/Repos/ws_sensor_combined_src/install/px4_control_cpp:/home/giromi/Repos/ws_sensor_combined_src/install/px4_ros_com:/home/giromi/Repos/ws_sensor_combined_src/install/example_mode_with_executor_cpp:/home/giromi/Repos/ws_sensor_combined_src/install/example_mode_rtl_replacement_cpp:/home/giromi/Repos/ws_sensor_combined_src/install/example_mode_manual_cpp:/home/giromi/Repos/ws_sensor_combined_src/install/example_mode_goto_cpp:/home/giromi/Repos/ws_sensor_combined_src/install/example_local_navigation_cpp:/home/giromi/Repos/ws_sensor_combined_src/install/example_global_navigation_cpp:/home/giromi/Repos/ws_sensor_combined_src/install/px4_control:/opt/ros/humble LD_LIBRARY_PATH=/home/giromi/Repos/ws_sensor_combined_src/install/px4_ros2_cpp/lib:/home/giromi/Repos/ws_sensor_combined_src/install/px4_msgs/lib:/home/giromi/Repos/ws_sensor_combined_src/install/px4_ros_com/lib:/opt/ros/humble/opt/rviz_ogre_vendor/lib:/opt/ros/humble/lib/x86_64-linux-gnu:/opt/ros/humble/lib /usr/bin/cmake --install /home/giromi/Repos/ws_sensor_combined_src/build/example_mode_rtl_replacement_cpp
[23.831s] Level 1:colcon.colcon_core.environment:checking '/home/giromi/Repos/ws_sensor_combined_src/install/example_mode_rtl_replacement_cpp' for CMake module files
[23.832s] Level 1:colcon.colcon_core.environment:checking '/home/giromi/Repos/ws_sensor_combined_src/install/example_mode_rtl_replacement_cpp' for CMake config files
[23.832s] Level 1:colcon.colcon_core.shell:create_environment_hook('example_mode_rtl_replacement_cpp', 'cmake_prefix_path')
[23.858s] INFO:colcon.colcon_core.shell:Creating environment hook '/home/giromi/Repos/ws_sensor_combined_src/install/example_mode_rtl_replacement_cpp/share/example_mode_rtl_replacement_cpp/hook/cmake_prefix_path.ps1'
[23.859s] INFO:colcon.colcon_core.shell:Creating environment descriptor '/home/giromi/Repos/ws_sensor_combined_src/install/example_mode_rtl_replacement_cpp/share/example_mode_rtl_replacement_cpp/hook/cmake_prefix_path.dsv'
[23.859s] INFO:colcon.colcon_core.shell:Creating environment hook '/home/giromi/Repos/ws_sensor_combined_src/install/example_mode_rtl_replacement_cpp/share/example_mode_rtl_replacement_cpp/hook/cmake_prefix_path.sh'
[23.860s] Level 1:colcon.colcon_core.environment:checking '/home/giromi/Repos/ws_sensor_combined_src/install/example_mode_rtl_replacement_cpp/lib'
[23.860s] Level 1:colcon.colcon_core.environment:checking '/home/giromi/Repos/ws_sensor_combined_src/install/example_mode_rtl_replacement_cpp/bin'
[23.860s] Level 1:colcon.colcon_core.environment:checking '/home/giromi/Repos/ws_sensor_combined_src/install/example_mode_rtl_replacement_cpp/lib/pkgconfig/example_mode_rtl_replacement_cpp.pc'
[23.861s] Level 1:colcon.colcon_core.environment:checking '/home/giromi/Repos/ws_sensor_combined_src/install/example_mode_rtl_replacement_cpp/lib/python3.10/site-packages'
[23.861s] Level 1:colcon.colcon_core.environment:checking '/home/giromi/Repos/ws_sensor_combined_src/install/example_mode_rtl_replacement_cpp/bin'
[23.886s] INFO:colcon.colcon_core.shell:Creating package script '/home/giromi/Repos/ws_sensor_combined_src/install/example_mode_rtl_replacement_cpp/share/example_mode_rtl_replacement_cpp/package.ps1'
[23.888s] INFO:colcon.colcon_core.shell:Creating package descriptor '/home/giromi/Repos/ws_sensor_combined_src/install/example_mode_rtl_replacement_cpp/share/example_mode_rtl_replacement_cpp/package.dsv'
[23.889s] INFO:colcon.colcon_core.shell:Creating package script '/home/giromi/Repos/ws_sensor_combined_src/install/example_mode_rtl_replacement_cpp/share/example_mode_rtl_replacement_cpp/package.sh'
[23.889s] INFO:colcon.colcon_core.shell:Creating package script '/home/giromi/Repos/ws_sensor_combined_src/install/example_mode_rtl_replacement_cpp/share/example_mode_rtl_replacement_cpp/package.bash'
[23.890s] INFO:colcon.colcon_core.shell:Creating package script '/home/giromi/Repos/ws_sensor_combined_src/install/example_mode_rtl_replacement_cpp/share/example_mode_rtl_replacement_cpp/package.zsh'
[23.891s] Level 1:colcon.colcon_core.environment:create_file_with_runtime_dependencies(/home/giromi/Repos/ws_sensor_combined_src/install/example_mode_rtl_replacement_cpp/share/colcon-core/packages/example_mode_rtl_replacement_cpp)
[23.892s] Level 1:colcon.colcon_core.environment:create_environment_scripts_only(example_mode_with_executor_cpp)
[23.893s] DEBUG:colcon.colcon_core.event_handler.log_command:Invoked command in '/home/giromi/Repos/ws_sensor_combined_src/build/example_mode_with_executor_cpp' returned '0': CMAKE_PREFIX_PATH=/home/giromi/Repos/ws_sensor_combined_src/install/px4_ros2_cpp:/home/giromi/Repos/ws_sensor_combined_src/install/px4_msgs:/home/giromi/Repos/ws_sensor_combined_src/install/px4_control_cpp:/home/giromi/Repos/ws_sensor_combined_src/install/px4_ros_com:/home/giromi/Repos/ws_sensor_combined_src/install/example_mode_with_executor_cpp:/home/giromi/Repos/ws_sensor_combined_src/install/example_mode_rtl_replacement_cpp:/home/giromi/Repos/ws_sensor_combined_src/install/example_mode_manual_cpp:/home/giromi/Repos/ws_sensor_combined_src/install/example_mode_goto_cpp:/home/giromi/Repos/ws_sensor_combined_src/install/example_local_navigation_cpp:/home/giromi/Repos/ws_sensor_combined_src/install/example_global_navigation_cpp:/home/giromi/Repos/ws_sensor_combined_src/install/px4_control:/opt/ros/humble LD_LIBRARY_PATH=/home/giromi/Repos/ws_sensor_combined_src/install/px4_ros2_cpp/lib:/home/giromi/Repos/ws_sensor_combined_src/install/px4_msgs/lib:/home/giromi/Repos/ws_sensor_combined_src/install/px4_ros_com/lib:/opt/ros/humble/opt/rviz_ogre_vendor/lib:/opt/ros/humble/lib/x86_64-linux-gnu:/opt/ros/humble/lib /usr/bin/cmake --install /home/giromi/Repos/ws_sensor_combined_src/build/example_mode_with_executor_cpp
[23.943s] Level 1:colcon.colcon_core.environment:checking '/home/giromi/Repos/ws_sensor_combined_src/install/example_mode_with_executor_cpp' for CMake module files
[23.943s] Level 1:colcon.colcon_core.environment:checking '/home/giromi/Repos/ws_sensor_combined_src/install/example_mode_with_executor_cpp' for CMake config files
[23.944s] Level 1:colcon.colcon_core.shell:create_environment_hook('example_mode_with_executor_cpp', 'cmake_prefix_path')
[23.966s] INFO:colcon.colcon_core.shell:Creating environment hook '/home/giromi/Repos/ws_sensor_combined_src/install/example_mode_with_executor_cpp/share/example_mode_with_executor_cpp/hook/cmake_prefix_path.ps1'
[23.967s] INFO:colcon.colcon_core.shell:Creating environment descriptor '/home/giromi/Repos/ws_sensor_combined_src/install/example_mode_with_executor_cpp/share/example_mode_with_executor_cpp/hook/cmake_prefix_path.dsv'
[23.968s] INFO:colcon.colcon_core.shell:Creating environment hook '/home/giromi/Repos/ws_sensor_combined_src/install/example_mode_with_executor_cpp/share/example_mode_with_executor_cpp/hook/cmake_prefix_path.sh'
[23.969s] Level 1:colcon.colcon_core.environment:checking '/home/giromi/Repos/ws_sensor_combined_src/install/example_mode_with_executor_cpp/lib'
[23.970s] Level 1:colcon.colcon_core.environment:checking '/home/giromi/Repos/ws_sensor_combined_src/install/example_mode_with_executor_cpp/bin'
[23.970s] Level 1:colcon.colcon_core.environment:checking '/home/giromi/Repos/ws_sensor_combined_src/install/example_mode_with_executor_cpp/lib/pkgconfig/example_mode_with_executor_cpp.pc'
[23.970s] Level 1:colcon.colcon_core.environment:checking '/home/giromi/Repos/ws_sensor_combined_src/install/example_mode_with_executor_cpp/lib/python3.10/site-packages'
[23.971s] Level 1:colcon.colcon_core.environment:checking '/home/giromi/Repos/ws_sensor_combined_src/install/example_mode_with_executor_cpp/bin'
[23.995s] INFO:colcon.colcon_core.shell:Creating package script '/home/giromi/Repos/ws_sensor_combined_src/install/example_mode_with_executor_cpp/share/example_mode_with_executor_cpp/package.ps1'
[23.995s] INFO:colcon.colcon_core.shell:Creating package descriptor '/home/giromi/Repos/ws_sensor_combined_src/install/example_mode_with_executor_cpp/share/example_mode_with_executor_cpp/package.dsv'
[23.996s] INFO:colcon.colcon_core.shell:Creating package script '/home/giromi/Repos/ws_sensor_combined_src/install/example_mode_with_executor_cpp/share/example_mode_with_executor_cpp/package.sh'
[23.996s] INFO:colcon.colcon_core.shell:Creating package script '/home/giromi/Repos/ws_sensor_combined_src/install/example_mode_with_executor_cpp/share/example_mode_with_executor_cpp/package.bash'
[23.997s] INFO:colcon.colcon_core.shell:Creating package script '/home/giromi/Repos/ws_sensor_combined_src/install/example_mode_with_executor_cpp/share/example_mode_with_executor_cpp/package.zsh'
[23.998s] Level 1:colcon.colcon_core.environment:create_file_with_runtime_dependencies(/home/giromi/Repos/ws_sensor_combined_src/install/example_mode_with_executor_cpp/share/colcon-core/packages/example_mode_with_executor_cpp)
[24.033s] Level 1:colcon.colcon_core.environment:create_environment_scripts_only(example_global_navigation_cpp)
[24.058s] Level 1:colcon.colcon_core.environment:checking '/home/giromi/Repos/ws_sensor_combined_src/install/example_global_navigation_cpp' for CMake module files
[24.059s] Level 1:colcon.colcon_core.environment:checking '/home/giromi/Repos/ws_sensor_combined_src/install/example_global_navigation_cpp' for CMake config files
[24.059s] Level 1:colcon.colcon_core.shell:create_environment_hook('example_global_navigation_cpp', 'cmake_prefix_path')
[24.083s] INFO:colcon.colcon_core.shell:Creating environment hook '/home/giromi/Repos/ws_sensor_combined_src/install/example_global_navigation_cpp/share/example_global_navigation_cpp/hook/cmake_prefix_path.ps1'
[24.083s] INFO:colcon.colcon_core.shell:Creating environment descriptor '/home/giromi/Repos/ws_sensor_combined_src/install/example_global_navigation_cpp/share/example_global_navigation_cpp/hook/cmake_prefix_path.dsv'
[24.084s] INFO:colcon.colcon_core.shell:Creating environment hook '/home/giromi/Repos/ws_sensor_combined_src/install/example_global_navigation_cpp/share/example_global_navigation_cpp/hook/cmake_prefix_path.sh'
[24.085s] Level 1:colcon.colcon_core.environment:checking '/home/giromi/Repos/ws_sensor_combined_src/install/example_global_navigation_cpp/lib'
[24.086s] Level 1:colcon.colcon_core.environment:checking '/home/giromi/Repos/ws_sensor_combined_src/install/example_global_navigation_cpp/bin'
[24.086s] Level 1:colcon.colcon_core.environment:checking '/home/giromi/Repos/ws_sensor_combined_src/install/example_global_navigation_cpp/lib/pkgconfig/example_global_navigation_cpp.pc'
[24.086s] Level 1:colcon.colcon_core.environment:checking '/home/giromi/Repos/ws_sensor_combined_src/install/example_global_navigation_cpp/lib/python3.10/site-packages'
[24.087s] Level 1:colcon.colcon_core.environment:checking '/home/giromi/Repos/ws_sensor_combined_src/install/example_global_navigation_cpp/bin'
[24.115s] INFO:colcon.colcon_core.shell:Creating package script '/home/giromi/Repos/ws_sensor_combined_src/install/example_global_navigation_cpp/share/example_global_navigation_cpp/package.ps1'
[24.116s] INFO:colcon.colcon_core.shell:Creating package descriptor '/home/giromi/Repos/ws_sensor_combined_src/install/example_global_navigation_cpp/share/example_global_navigation_cpp/package.dsv'
[24.117s] INFO:colcon.colcon_core.shell:Creating package script '/home/giromi/Repos/ws_sensor_combined_src/install/example_global_navigation_cpp/share/example_global_navigation_cpp/package.sh'
[24.117s] INFO:colcon.colcon_core.shell:Creating package script '/home/giromi/Repos/ws_sensor_combined_src/install/example_global_navigation_cpp/share/example_global_navigation_cpp/package.bash'
[24.117s] INFO:colcon.colcon_core.shell:Creating package script '/home/giromi/Repos/ws_sensor_combined_src/install/example_global_navigation_cpp/share/example_global_navigation_cpp/package.zsh'
[24.118s] Level 1:colcon.colcon_core.environment:create_file_with_runtime_dependencies(/home/giromi/Repos/ws_sensor_combined_src/install/example_global_navigation_cpp/share/colcon-core/packages/example_global_navigation_cpp)
[24.145s] Level 1:colcon.colcon_core.environment:create_environment_scripts_only(example_mode_goto_cpp)
[24.169s] Level 1:colcon.colcon_core.environment:checking '/home/giromi/Repos/ws_sensor_combined_src/install/example_mode_goto_cpp' for CMake module files
[24.170s] Level 1:colcon.colcon_core.environment:checking '/home/giromi/Repos/ws_sensor_combined_src/install/example_mode_goto_cpp' for CMake config files
[24.171s] Level 1:colcon.colcon_core.shell:create_environment_hook('example_mode_goto_cpp', 'cmake_prefix_path')
[24.196s] INFO:colcon.colcon_core.shell:Creating environment hook '/home/giromi/Repos/ws_sensor_combined_src/install/example_mode_goto_cpp/share/example_mode_goto_cpp/hook/cmake_prefix_path.ps1'
[24.197s] INFO:colcon.colcon_core.shell:Creating environment descriptor '/home/giromi/Repos/ws_sensor_combined_src/install/example_mode_goto_cpp/share/example_mode_goto_cpp/hook/cmake_prefix_path.dsv'
[24.197s] INFO:colcon.colcon_core.shell:Creating environment hook '/home/giromi/Repos/ws_sensor_combined_src/install/example_mode_goto_cpp/share/example_mode_goto_cpp/hook/cmake_prefix_path.sh'
[24.198s] Level 1:colcon.colcon_core.environment:checking '/home/giromi/Repos/ws_sensor_combined_src/install/example_mode_goto_cpp/lib'
[24.198s] Level 1:colcon.colcon_core.environment:checking '/home/giromi/Repos/ws_sensor_combined_src/install/example_mode_goto_cpp/bin'
[24.198s] Level 1:colcon.colcon_core.environment:checking '/home/giromi/Repos/ws_sensor_combined_src/install/example_mode_goto_cpp/lib/pkgconfig/example_mode_goto_cpp.pc'
[24.198s] Level 1:colcon.colcon_core.environment:checking '/home/giromi/Repos/ws_sensor_combined_src/install/example_mode_goto_cpp/lib/python3.10/site-packages'
[24.199s] Level 1:colcon.colcon_core.environment:checking '/home/giromi/Repos/ws_sensor_combined_src/install/example_mode_goto_cpp/bin'
[24.222s] INFO:colcon.colcon_core.shell:Creating package script '/home/giromi/Repos/ws_sensor_combined_src/install/example_mode_goto_cpp/share/example_mode_goto_cpp/package.ps1'
[24.223s] INFO:colcon.colcon_core.shell:Creating package descriptor '/home/giromi/Repos/ws_sensor_combined_src/install/example_mode_goto_cpp/share/example_mode_goto_cpp/package.dsv'
[24.224s] INFO:colcon.colcon_core.shell:Creating package script '/home/giromi/Repos/ws_sensor_combined_src/install/example_mode_goto_cpp/share/example_mode_goto_cpp/package.sh'
[24.224s] INFO:colcon.colcon_core.shell:Creating package script '/home/giromi/Repos/ws_sensor_combined_src/install/example_mode_goto_cpp/share/example_mode_goto_cpp/package.bash'
[24.225s] INFO:colcon.colcon_core.shell:Creating package script '/home/giromi/Repos/ws_sensor_combined_src/install/example_mode_goto_cpp/share/example_mode_goto_cpp/package.zsh'
[24.226s] Level 1:colcon.colcon_core.environment:create_file_with_runtime_dependencies(/home/giromi/Repos/ws_sensor_combined_src/install/example_mode_goto_cpp/share/colcon-core/packages/example_mode_goto_cpp)
[24.249s] Level 1:colcon.colcon_core.environment:create_environment_scripts_only(example_mode_manual_cpp)
[24.270s] Level 1:colcon.colcon_core.environment:checking '/home/giromi/Repos/ws_sensor_combined_src/install/example_mode_manual_cpp' for CMake module files
[24.271s] Level 1:colcon.colcon_core.environment:checking '/home/giromi/Repos/ws_sensor_combined_src/install/example_mode_manual_cpp' for CMake config files
[24.272s] Level 1:colcon.colcon_core.shell:create_environment_hook('example_mode_manual_cpp', 'cmake_prefix_path')
[24.296s] INFO:colcon.colcon_core.shell:Creating environment hook '/home/giromi/Repos/ws_sensor_combined_src/install/example_mode_manual_cpp/share/example_mode_manual_cpp/hook/cmake_prefix_path.ps1'
[24.296s] INFO:colcon.colcon_core.shell:Creating environment descriptor '/home/giromi/Repos/ws_sensor_combined_src/install/example_mode_manual_cpp/share/example_mode_manual_cpp/hook/cmake_prefix_path.dsv'
[24.297s] INFO:colcon.colcon_core.shell:Creating environment hook '/home/giromi/Repos/ws_sensor_combined_src/install/example_mode_manual_cpp/share/example_mode_manual_cpp/hook/cmake_prefix_path.sh'
[24.297s] Level 1:colcon.colcon_core.environment:checking '/home/giromi/Repos/ws_sensor_combined_src/install/example_mode_manual_cpp/lib'
[24.297s] Level 1:colcon.colcon_core.environment:checking '/home/giromi/Repos/ws_sensor_combined_src/install/example_mode_manual_cpp/bin'
[24.297s] Level 1:colcon.colcon_core.environment:checking '/home/giromi/Repos/ws_sensor_combined_src/install/example_mode_manual_cpp/lib/pkgconfig/example_mode_manual_cpp.pc'
[24.298s] Level 1:colcon.colcon_core.environment:checking '/home/giromi/Repos/ws_sensor_combined_src/install/example_mode_manual_cpp/lib/python3.10/site-packages'
[24.298s] Level 1:colcon.colcon_core.environment:checking '/home/giromi/Repos/ws_sensor_combined_src/install/example_mode_manual_cpp/bin'
[24.322s] INFO:colcon.colcon_core.shell:Creating package script '/home/giromi/Repos/ws_sensor_combined_src/install/example_mode_manual_cpp/share/example_mode_manual_cpp/package.ps1'
[24.323s] INFO:colcon.colcon_core.shell:Creating package descriptor '/home/giromi/Repos/ws_sensor_combined_src/install/example_mode_manual_cpp/share/example_mode_manual_cpp/package.dsv'
[24.324s] INFO:colcon.colcon_core.shell:Creating package script '/home/giromi/Repos/ws_sensor_combined_src/install/example_mode_manual_cpp/share/example_mode_manual_cpp/package.sh'
[24.324s] INFO:colcon.colcon_core.shell:Creating package script '/home/giromi/Repos/ws_sensor_combined_src/install/example_mode_manual_cpp/share/example_mode_manual_cpp/package.bash'
[24.325s] INFO:colcon.colcon_core.shell:Creating package script '/home/giromi/Repos/ws_sensor_combined_src/install/example_mode_manual_cpp/share/example_mode_manual_cpp/package.zsh'
[24.325s] Level 1:colcon.colcon_core.environment:create_file_with_runtime_dependencies(/home/giromi/Repos/ws_sensor_combined_src/install/example_mode_manual_cpp/share/colcon-core/packages/example_mode_manual_cpp)
[24.351s] Level 1:colcon.colcon_core.environment:create_environment_scripts_only(example_mode_rtl_replacement_cpp)
[24.375s] Level 1:colcon.colcon_core.environment:checking '/home/giromi/Repos/ws_sensor_combined_src/install/example_mode_rtl_replacement_cpp' for CMake module files
[24.376s] Level 1:colcon.colcon_core.environment:checking '/home/giromi/Repos/ws_sensor_combined_src/install/example_mode_rtl_replacement_cpp' for CMake config files
[24.376s] Level 1:colcon.colcon_core.shell:create_environment_hook('example_mode_rtl_replacement_cpp', 'cmake_prefix_path')
[24.403s] INFO:colcon.colcon_core.shell:Creating environment hook '/home/giromi/Repos/ws_sensor_combined_src/install/example_mode_rtl_replacement_cpp/share/example_mode_rtl_replacement_cpp/hook/cmake_prefix_path.ps1'
[24.404s] INFO:colcon.colcon_core.shell:Creating environment descriptor '/home/giromi/Repos/ws_sensor_combined_src/install/example_mode_rtl_replacement_cpp/share/example_mode_rtl_replacement_cpp/hook/cmake_prefix_path.dsv'
[24.404s] INFO:colcon.colcon_core.shell:Creating environment hook '/home/giromi/Repos/ws_sensor_combined_src/install/example_mode_rtl_replacement_cpp/share/example_mode_rtl_replacement_cpp/hook/cmake_prefix_path.sh'
[24.405s] Level 1:colcon.colcon_core.environment:checking '/home/giromi/Repos/ws_sensor_combined_src/install/example_mode_rtl_replacement_cpp/lib'
[24.405s] Level 1:colcon.colcon_core.environment:checking '/home/giromi/Repos/ws_sensor_combined_src/install/example_mode_rtl_replacement_cpp/bin'
[24.405s] Level 1:colcon.colcon_core.environment:checking '/home/giromi/Repos/ws_sensor_combined_src/install/example_mode_rtl_replacement_cpp/lib/pkgconfig/example_mode_rtl_replacement_cpp.pc'
[24.405s] Level 1:colcon.colcon_core.environment:checking '/home/giromi/Repos/ws_sensor_combined_src/install/example_mode_rtl_replacement_cpp/lib/python3.10/site-packages'
[24.406s] Level 1:colcon.colcon_core.environment:checking '/home/giromi/Repos/ws_sensor_combined_src/install/example_mode_rtl_replacement_cpp/bin'
[24.428s] INFO:colcon.colcon_core.shell:Creating package script '/home/giromi/Repos/ws_sensor_combined_src/install/example_mode_rtl_replacement_cpp/share/example_mode_rtl_replacement_cpp/package.ps1'
[24.429s] INFO:colcon.colcon_core.shell:Creating package descriptor '/home/giromi/Repos/ws_sensor_combined_src/install/example_mode_rtl_replacement_cpp/share/example_mode_rtl_replacement_cpp/package.dsv'
[24.430s] INFO:colcon.colcon_core.shell:Creating package script '/home/giromi/Repos/ws_sensor_combined_src/install/example_mode_rtl_replacement_cpp/share/example_mode_rtl_replacement_cpp/package.sh'
[24.431s] INFO:colcon.colcon_core.shell:Creating package script '/home/giromi/Repos/ws_sensor_combined_src/install/example_mode_rtl_replacement_cpp/share/example_mode_rtl_replacement_cpp/package.bash'
[24.432s] INFO:colcon.colcon_core.shell:Creating package script '/home/giromi/Repos/ws_sensor_combined_src/install/example_mode_rtl_replacement_cpp/share/example_mode_rtl_replacement_cpp/package.zsh'
[24.433s] Level 1:colcon.colcon_core.environment:create_file_with_runtime_dependencies(/home/giromi/Repos/ws_sensor_combined_src/install/example_mode_rtl_replacement_cpp/share/colcon-core/packages/example_mode_rtl_replacement_cpp)
[24.459s] Level 1:colcon.colcon_core.environment:create_environment_scripts_only(example_mode_with_executor_cpp)
[24.482s] Level 1:colcon.colcon_core.environment:checking '/home/giromi/Repos/ws_sensor_combined_src/install/example_mode_with_executor_cpp' for CMake module files
[24.483s] Level 1:colcon.colcon_core.environment:checking '/home/giromi/Repos/ws_sensor_combined_src/install/example_mode_with_executor_cpp' for CMake config files
[24.483s] Level 1:colcon.colcon_core.shell:create_environment_hook('example_mode_with_executor_cpp', 'cmake_prefix_path')
[24.510s] INFO:colcon.colcon_core.shell:Creating environment hook '/home/giromi/Repos/ws_sensor_combined_src/install/example_mode_with_executor_cpp/share/example_mode_with_executor_cpp/hook/cmake_prefix_path.ps1'
[24.511s] INFO:colcon.colcon_core.shell:Creating environment descriptor '/home/giromi/Repos/ws_sensor_combined_src/install/example_mode_with_executor_cpp/share/example_mode_with_executor_cpp/hook/cmake_prefix_path.dsv'
[24.512s] INFO:colcon.colcon_core.shell:Creating environment hook '/home/giromi/Repos/ws_sensor_combined_src/install/example_mode_with_executor_cpp/share/example_mode_with_executor_cpp/hook/cmake_prefix_path.sh'
[24.513s] Level 1:colcon.colcon_core.environment:checking '/home/giromi/Repos/ws_sensor_combined_src/install/example_mode_with_executor_cpp/lib'
[24.513s] Level 1:colcon.colcon_core.environment:checking '/home/giromi/Repos/ws_sensor_combined_src/install/example_mode_with_executor_cpp/bin'
[24.513s] Level 1:colcon.colcon_core.environment:checking '/home/giromi/Repos/ws_sensor_combined_src/install/example_mode_with_executor_cpp/lib/pkgconfig/example_mode_with_executor_cpp.pc'
[24.513s] Level 1:colcon.colcon_core.environment:checking '/home/giromi/Repos/ws_sensor_combined_src/install/example_mode_with_executor_cpp/lib/python3.10/site-packages'
[24.514s] Level 1:colcon.colcon_core.environment:checking '/home/giromi/Repos/ws_sensor_combined_src/install/example_mode_with_executor_cpp/bin'
[24.538s] INFO:colcon.colcon_core.shell:Creating package script '/home/giromi/Repos/ws_sensor_combined_src/install/example_mode_with_executor_cpp/share/example_mode_with_executor_cpp/package.ps1'
[24.539s] INFO:colcon.colcon_core.shell:Creating package descriptor '/home/giromi/Repos/ws_sensor_combined_src/install/example_mode_with_executor_cpp/share/example_mode_with_executor_cpp/package.dsv'
[24.540s] INFO:colcon.colcon_core.shell:Creating package script '/home/giromi/Repos/ws_sensor_combined_src/install/example_mode_with_executor_cpp/share/example_mode_with_executor_cpp/package.sh'
[24.540s] INFO:colcon.colcon_core.shell:Creating package script '/home/giromi/Repos/ws_sensor_combined_src/install/example_mode_with_executor_cpp/share/example_mode_with_executor_cpp/package.bash'
[24.541s] INFO:colcon.colcon_core.shell:Creating package script '/home/giromi/Repos/ws_sensor_combined_src/install/example_mode_with_executor_cpp/share/example_mode_with_executor_cpp/package.zsh'
[24.541s] Level 1:colcon.colcon_core.environment:create_file_with_runtime_dependencies(/home/giromi/Repos/ws_sensor_combined_src/install/example_mode_with_executor_cpp/share/colcon-core/packages/example_mode_with_executor_cpp)
[24.542s] DEBUG:colcon.colcon_parallel_executor.executor.parallel:closing loop
[24.543s] DEBUG:colcon.colcon_parallel_executor.executor.parallel:loop closed
[24.543s] DEBUG:colcon.colcon_parallel_executor.executor.parallel:run_until_complete finished with '0'
[24.544s] DEBUG:colcon.colcon_core.event_reactor:joining thread
[24.576s] INFO:colcon.colcon_core.plugin_system:Skipping extension 'colcon_notification.desktop_notification.terminal_notifier': Not used on non-Darwin systems
[24.576s] INFO:colcon.colcon_core.plugin_system:Skipping extension 'colcon_notification.desktop_notification.win32': Not used on non-Windows systems
[24.576s] INFO:colcon.colcon_notification.desktop_notification:Sending desktop notification using 'notify2'
[24.590s] DEBUG:colcon.colcon_core.event_reactor:joined thread
[24.614s] INFO:colcon.colcon_core.shell:Creating prefix script '/home/giromi/Repos/ws_sensor_combined_src/install/local_setup.ps1'
[24.616s] INFO:colcon.colcon_core.shell:Creating prefix util module '/home/giromi/Repos/ws_sensor_combined_src/install/_local_setup_util_ps1.py'
[24.617s] INFO:colcon.colcon_core.shell:Creating prefix chain script '/home/giromi/Repos/ws_sensor_combined_src/install/setup.ps1'
[24.643s] INFO:colcon.colcon_core.shell:Creating prefix script '/home/giromi/Repos/ws_sensor_combined_src/install/local_setup.sh'
[24.644s] INFO:colcon.colcon_core.shell:Creating prefix util module '/home/giromi/Repos/ws_sensor_combined_src/install/_local_setup_util_sh.py'
[24.644s] INFO:colcon.colcon_core.shell:Creating prefix chain script '/home/giromi/Repos/ws_sensor_combined_src/install/setup.sh'
[24.669s] INFO:colcon.colcon_core.shell:Creating prefix script '/home/giromi/Repos/ws_sensor_combined_src/install/local_setup.bash'
[24.670s] INFO:colcon.colcon_core.shell:Creating prefix chain script '/home/giromi/Repos/ws_sensor_combined_src/install/setup.bash'
[24.694s] INFO:colcon.colcon_core.shell:Creating prefix script '/home/giromi/Repos/ws_sensor_combined_src/install/local_setup.zsh'
[24.695s] INFO:colcon.colcon_core.shell:Creating prefix chain script '/home/giromi/Repos/ws_sensor_combined_src/install/setup.zsh'
