[0.000000] (-) TimerEvent: {}
[0.000378] (key_event) JobQueued: {'identifier': 'key_event', 'dependencies': OrderedDict()}
[0.000641] (px4_msgs) JobQueued: {'identifier': 'px4_msgs', 'dependencies': OrderedDict()}
[0.000682] (px4_ros2_cpp) JobQueued: {'identifier': 'px4_ros2_cpp', 'dependencies': OrderedDict([('px4_msgs', '/home/giromi/Repos/VTOL/ws_sensor_combined_src/install/px4_msgs')])}
[0.001354] (px4_ros_com) JobQueued: {'identifier': 'px4_ros_com', 'dependencies': OrderedDict([('px4_msgs', '/home/giromi/Repos/VTOL/ws_sensor_combined_src/install/px4_msgs')])}
[0.001499] (example_global_navigation_cpp) JobQueued: {'identifier': 'example_global_navigation_cpp', 'dependencies': OrderedDict([('px4_msgs', '/home/giromi/Repos/VTOL/ws_sensor_combined_src/install/px4_msgs'), ('px4_ros2_cpp', '/home/giromi/Repos/VTOL/ws_sensor_combined_src/install/px4_ros2_cpp')])}
[0.001711] (example_local_navigation_cpp) JobQueued: {'identifier': 'example_local_navigation_cpp', 'dependencies': OrderedDict([('px4_msgs', '/home/giromi/Repos/VTOL/ws_sensor_combined_src/install/px4_msgs'), ('px4_ros2_cpp', '/home/giromi/Repos/VTOL/ws_sensor_combined_src/install/px4_ros2_cpp')])}
[0.001748] (example_mode_goto_cpp) JobQueued: {'identifier': 'example_mode_goto_cpp', 'dependencies': OrderedDict([('px4_msgs', '/home/giromi/Repos/VTOL/ws_sensor_combined_src/install/px4_msgs'), ('px4_ros2_cpp', '/home/giromi/Repos/VTOL/ws_sensor_combined_src/install/px4_ros2_cpp')])}
[0.001802] (example_mode_manual_cpp) JobQueued: {'identifier': 'example_mode_manual_cpp', 'dependencies': OrderedDict([('px4_msgs', '/home/giromi/Repos/VTOL/ws_sensor_combined_src/install/px4_msgs'), ('px4_ros2_cpp', '/home/giromi/Repos/VTOL/ws_sensor_combined_src/install/px4_ros2_cpp')])}
[0.001833] (example_mode_rtl_replacement_cpp) JobQueued: {'identifier': 'example_mode_rtl_replacement_cpp', 'dependencies': OrderedDict([('px4_msgs', '/home/giromi/Repos/VTOL/ws_sensor_combined_src/install/px4_msgs'), ('px4_ros2_cpp', '/home/giromi/Repos/VTOL/ws_sensor_combined_src/install/px4_ros2_cpp')])}
[0.002007] (example_mode_with_executor_cpp) JobQueued: {'identifier': 'example_mode_with_executor_cpp', 'dependencies': OrderedDict([('px4_msgs', '/home/giromi/Repos/VTOL/ws_sensor_combined_src/install/px4_msgs'), ('px4_ros2_cpp', '/home/giromi/Repos/VTOL/ws_sensor_combined_src/install/px4_ros2_cpp')])}
[0.002231] (px4_msgs) JobStarted: {'identifier': 'px4_msgs'}
[0.081269] (key_event) JobStarted: {'identifier': 'key_event'}
[0.100625] (-) TimerEvent: {}
[0.159369] (px4_msgs) JobProgress: {'identifier': 'px4_msgs', 'progress': 'cmake'}
[0.160243] (px4_msgs) JobProgress: {'identifier': 'px4_msgs', 'progress': 'build'}
[0.161214] (px4_msgs) Command: {'cmd': ['/usr/local/bin/cmake', '--build', '/home/giromi/Repos/VTOL/ws_sensor_combined_src/build/px4_msgs', '--', '-j8', '-l8'], 'cwd': '/home/giromi/Repos/VTOL/ws_sensor_combined_src/build/px4_msgs', 'env': OrderedDict([('LESSOPEN', '| /usr/bin/lesspipe %s'), ('TMUX', '/tmp/tmux-1000/default,11588,2'), ('USER', 'giromi'), ('LC_TIME', 'ko_KR.UTF-8'), ('XDG_SESSION_TYPE', 'x11'), ('SHLVL', '2'), ('LD_LIBRARY_PATH', '/opt/ros/humble/opt/rviz_ogre_vendor/lib:/opt/ros/humble/lib/x86_64-linux-gnu:/opt/ros/humble/lib'), ('HOME', '/home/giromi'), ('OLDPWD', '/home/giromi/Repos'), ('TERM_PROGRAM_VERSION', '3.2a'), ('DESKTOP_SESSION', 'ubuntu'), ('NVM_BIN', '/home/giromi/.nvm/versions/node/v20.11.0/bin'), ('NVM_INC', '/home/giromi/.nvm/versions/node/v20.11.0/include/node'), ('ROS_PYTHON_VERSION', '3'), ('GNOME_SHELL_SESSION_MODE', 'ubuntu'), ('GTK_MODULES', 'gail:atk-bridge'), ('LC_MONETARY', 'ko_KR.UTF-8'), ('SYSTEMD_EXEC_PID', '2086'), ('DBUS_SESSION_BUS_ADDRESS', 'unix:path=/run/user/1000/bus'), ('COLORTERM', 'truecolor'), ('NVM_DIR', '/home/giromi/.nvm'), ('COLCON_PREFIX_PATH', '/home/giromi/Repos/ros2_ws/install'), ('ROS_DISTRO', 'humble'), ('GTK_IM_MODULE', 'ibus'), ('LOGNAME', 'giromi'), ('_', '/usr/bin/colcon'), ('ROS_VERSION', '2'), ('XDG_SESSION_CLASS', 'user'), ('USERNAME', 'giromi'), ('TERM', 'screen-256color'), ('GNOME_DESKTOP_SESSION_ID', 'this-is-deprecated'), ('ROS_LOCALHOST_ONLY', '0'), ('WINDOWPATH', '2'), ('PATH', '/opt/gcc-arm-none-eabi-9-2020-q2-update/bin:/home/giromi/.local/bin:/home/giromi/.nvm/versions/node/v20.11.0/bin:/opt/ros/humble/bin:/opt/gcc-arm-none-eabi-9-2020-q2-update/bin:/home/giromi/.local/bin:/usr/local/sbin:/usr/local/bin:/usr/sbin:/usr/bin:/sbin:/bin:/usr/games:/usr/local/games:/snap/bin:/snap/bin:/home/giromi/Bashes:/home/giromi/Bashes'), ('SESSION_MANAGER', 'local/ubuntu22:@/tmp/.ICE-unix/2063,unix/ubuntu22:/tmp/.ICE-unix/2063'), ('XDG_MENU_PREFIX', 'gnome-'), ('LC_ADDRESS', 'ko_KR.UTF-8'), ('GNOME_TERMINAL_SCREEN', '/org/gnome/Terminal/screen/6a3067ed_8076_461a_8fc0_84c32ba13639'), ('XDG_RUNTIME_DIR', '/run/user/1000'), ('DISPLAY', ':1'), ('LANG', 'en_US.UTF-8'), ('XDG_CURRENT_DESKTOP', 'ubuntu:GNOME'), ('LC_TELEPHONE', 'ko_KR.UTF-8'), ('XMODIFIERS', '@im=ibus'), ('XDG_SESSION_DESKTOP', 'ubuntu'), ('XAUTHORITY', '/run/user/1000/gdm/Xauthority'), ('LS_COLORS', 'rs=0:di=01;34:ln=01;36:mh=00:pi=40;33:so=01;35:do=01;35:bd=40;33;01:cd=40;33;01:or=40;31;01:mi=00:su=37;41:sg=30;43:ca=30;41:tw=30;42:ow=34;42:st=37;44:ex=01;32:*.tar=01;31:*.tgz=01;31:*.arc=01;31:*.arj=01;31:*.taz=01;31:*.lha=01;31:*.lz4=01;31:*.lzh=01;31:*.lzma=01;31:*.tlz=01;31:*.txz=01;31:*.tzo=01;31:*.t7z=01;31:*.zip=01;31:*.z=01;31:*.dz=01;31:*.gz=01;31:*.lrz=01;31:*.lz=01;31:*.lzo=01;31:*.xz=01;31:*.zst=01;31:*.tzst=01;31:*.bz2=01;31:*.bz=01;31:*.tbz=01;31:*.tbz2=01;31:*.tz=01;31:*.deb=01;31:*.rpm=01;31:*.jar=01;31:*.war=01;31:*.ear=01;31:*.sar=01;31:*.rar=01;31:*.alz=01;31:*.ace=01;31:*.zoo=01;31:*.cpio=01;31:*.7z=01;31:*.rz=01;31:*.cab=01;31:*.wim=01;31:*.swm=01;31:*.dwm=01;31:*.esd=01;31:*.jpg=01;35:*.jpeg=01;35:*.mjpg=01;35:*.mjpeg=01;35:*.gif=01;35:*.bmp=01;35:*.pbm=01;35:*.pgm=01;35:*.ppm=01;35:*.tga=01;35:*.xbm=01;35:*.xpm=01;35:*.tif=01;35:*.tiff=01;35:*.png=01;35:*.svg=01;35:*.svgz=01;35:*.mng=01;35:*.pcx=01;35:*.mov=01;35:*.mpg=01;35:*.mpeg=01;35:*.m2v=01;35:*.mkv=01;35:*.webm=01;35:*.webp=01;35:*.ogm=01;35:*.mp4=01;35:*.m4v=01;35:*.mp4v=01;35:*.vob=01;35:*.qt=01;35:*.nuv=01;35:*.wmv=01;35:*.asf=01;35:*.rm=01;35:*.rmvb=01;35:*.flc=01;35:*.avi=01;35:*.fli=01;35:*.flv=01;35:*.gl=01;35:*.dl=01;35:*.xcf=01;35:*.xwd=01;35:*.yuv=01;35:*.cgm=01;35:*.emf=01;35:*.ogv=01;35:*.ogx=01;35:*.aac=00;36:*.au=00;36:*.flac=00;36:*.m4a=00;36:*.mid=00;36:*.midi=00;36:*.mka=00;36:*.mp3=00;36:*.mpc=00;36:*.ogg=00;36:*.ra=00;36:*.wav=00;36:*.oga=00;36:*.opus=00;36:*.spx=00;36:*.xspf=00;36:'), ('GNOME_TERMINAL_SERVICE', ':1.100'), ('TERM_PROGRAM', 'tmux'), ('SSH_AGENT_LAUNCHER', 'gnome-keyring'), ('SSH_AUTH_SOCK', '/run/user/1000/keyring/ssh'), ('AMENT_PREFIX_PATH', '/opt/ros/humble'), ('SHELL', '/bin/bash'), ('LC_NAME', 'ko_KR.UTF-8'), ('QT_ACCESSIBILITY', '1'), ('GDMSESSION', 'ubuntu'), ('LESSCLOSE', '/usr/bin/lesspipe %s %s'), ('LC_MEASUREMENT', 'ko_KR.UTF-8'), ('GPG_AGENT_INFO', '/run/user/1000/gnupg/S.gpg-agent:0:1'), ('LC_IDENTIFICATION', 'ko_KR.UTF-8'), ('QT_IM_MODULE', 'ibus'), ('PWD', '/home/giromi/Repos/VTOL/ws_sensor_combined_src/build/px4_msgs'), ('LC_ALL', 'en_US.UTF-8'), ('XDG_CONFIG_DIRS', '/etc/xdg/xdg-ubuntu:/etc/xdg'), ('NVM_CD_FLAGS', ''), ('XDG_DATA_DIRS', '/usr/share/ubuntu:/usr/share/gnome:/usr/local/share/:/usr/share/:/var/lib/snapd/desktop'), ('PYTHONPATH', '/opt/ros/humble/lib/python3.10/site-packages:/opt/ros/humble/local/lib/python3.10/dist-packages'), ('LC_NUMERIC', 'ko_KR.UTF-8'), ('TMUX_PLUGIN_MANAGER_PATH', '/home/giromi/.tmux/plugins/'), ('LC_PAPER', 'ko_KR.UTF-8'), ('COLCON', '1'), ('VTE_VERSION', '6800'), ('TMUX_PANE', '%8'), ('CMAKE_PREFIX_PATH', '/opt/ros/humble')]), 'shell': False}
[0.165463] (key_event) JobProgress: {'identifier': 'key_event', 'progress': 'cmake'}
[0.166132] (key_event) JobProgress: {'identifier': 'key_event', 'progress': 'build'}
[0.166414] (key_event) Command: {'cmd': ['/usr/local/bin/cmake', '--build', '/home/giromi/Repos/VTOL/ws_sensor_combined_src/build/key_event', '--', '-j8', '-l8'], 'cwd': '/home/giromi/Repos/VTOL/ws_sensor_combined_src/build/key_event', 'env': OrderedDict([('LESSOPEN', '| /usr/bin/lesspipe %s'), ('TMUX', '/tmp/tmux-1000/default,11588,2'), ('USER', 'giromi'), ('LC_TIME', 'ko_KR.UTF-8'), ('XDG_SESSION_TYPE', 'x11'), ('SHLVL', '2'), ('LD_LIBRARY_PATH', '/opt/ros/humble/opt/rviz_ogre_vendor/lib:/opt/ros/humble/lib/x86_64-linux-gnu:/opt/ros/humble/lib'), ('HOME', '/home/giromi'), ('OLDPWD', '/home/giromi/Repos'), ('TERM_PROGRAM_VERSION', '3.2a'), ('DESKTOP_SESSION', 'ubuntu'), ('NVM_BIN', '/home/giromi/.nvm/versions/node/v20.11.0/bin'), ('NVM_INC', '/home/giromi/.nvm/versions/node/v20.11.0/include/node'), ('ROS_PYTHON_VERSION', '3'), ('GNOME_SHELL_SESSION_MODE', 'ubuntu'), ('GTK_MODULES', 'gail:atk-bridge'), ('LC_MONETARY', 'ko_KR.UTF-8'), ('SYSTEMD_EXEC_PID', '2086'), ('DBUS_SESSION_BUS_ADDRESS', 'unix:path=/run/user/1000/bus'), ('COLORTERM', 'truecolor'), ('NVM_DIR', '/home/giromi/.nvm'), ('COLCON_PREFIX_PATH', '/home/giromi/Repos/ros2_ws/install'), ('ROS_DISTRO', 'humble'), ('GTK_IM_MODULE', 'ibus'), ('LOGNAME', 'giromi'), ('_', '/usr/bin/colcon'), ('ROS_VERSION', '2'), ('XDG_SESSION_CLASS', 'user'), ('USERNAME', 'giromi'), ('TERM', 'screen-256color'), ('GNOME_DESKTOP_SESSION_ID', 'this-is-deprecated'), ('ROS_LOCALHOST_ONLY', '0'), ('WINDOWPATH', '2'), ('PATH', '/opt/gcc-arm-none-eabi-9-2020-q2-update/bin:/home/giromi/.local/bin:/home/giromi/.nvm/versions/node/v20.11.0/bin:/opt/ros/humble/bin:/opt/gcc-arm-none-eabi-9-2020-q2-update/bin:/home/giromi/.local/bin:/usr/local/sbin:/usr/local/bin:/usr/sbin:/usr/bin:/sbin:/bin:/usr/games:/usr/local/games:/snap/bin:/snap/bin:/home/giromi/Bashes:/home/giromi/Bashes'), ('SESSION_MANAGER', 'local/ubuntu22:@/tmp/.ICE-unix/2063,unix/ubuntu22:/tmp/.ICE-unix/2063'), ('XDG_MENU_PREFIX', 'gnome-'), ('LC_ADDRESS', 'ko_KR.UTF-8'), ('GNOME_TERMINAL_SCREEN', '/org/gnome/Terminal/screen/6a3067ed_8076_461a_8fc0_84c32ba13639'), ('XDG_RUNTIME_DIR', '/run/user/1000'), ('DISPLAY', ':1'), ('LANG', 'en_US.UTF-8'), ('XDG_CURRENT_DESKTOP', 'ubuntu:GNOME'), ('LC_TELEPHONE', 'ko_KR.UTF-8'), ('XMODIFIERS', '@im=ibus'), ('XDG_SESSION_DESKTOP', 'ubuntu'), ('XAUTHORITY', '/run/user/1000/gdm/Xauthority'), ('LS_COLORS', 'rs=0:di=01;34:ln=01;36:mh=00:pi=40;33:so=01;35:do=01;35:bd=40;33;01:cd=40;33;01:or=40;31;01:mi=00:su=37;41:sg=30;43:ca=30;41:tw=30;42:ow=34;42:st=37;44:ex=01;32:*.tar=01;31:*.tgz=01;31:*.arc=01;31:*.arj=01;31:*.taz=01;31:*.lha=01;31:*.lz4=01;31:*.lzh=01;31:*.lzma=01;31:*.tlz=01;31:*.txz=01;31:*.tzo=01;31:*.t7z=01;31:*.zip=01;31:*.z=01;31:*.dz=01;31:*.gz=01;31:*.lrz=01;31:*.lz=01;31:*.lzo=01;31:*.xz=01;31:*.zst=01;31:*.tzst=01;31:*.bz2=01;31:*.bz=01;31:*.tbz=01;31:*.tbz2=01;31:*.tz=01;31:*.deb=01;31:*.rpm=01;31:*.jar=01;31:*.war=01;31:*.ear=01;31:*.sar=01;31:*.rar=01;31:*.alz=01;31:*.ace=01;31:*.zoo=01;31:*.cpio=01;31:*.7z=01;31:*.rz=01;31:*.cab=01;31:*.wim=01;31:*.swm=01;31:*.dwm=01;31:*.esd=01;31:*.jpg=01;35:*.jpeg=01;35:*.mjpg=01;35:*.mjpeg=01;35:*.gif=01;35:*.bmp=01;35:*.pbm=01;35:*.pgm=01;35:*.ppm=01;35:*.tga=01;35:*.xbm=01;35:*.xpm=01;35:*.tif=01;35:*.tiff=01;35:*.png=01;35:*.svg=01;35:*.svgz=01;35:*.mng=01;35:*.pcx=01;35:*.mov=01;35:*.mpg=01;35:*.mpeg=01;35:*.m2v=01;35:*.mkv=01;35:*.webm=01;35:*.webp=01;35:*.ogm=01;35:*.mp4=01;35:*.m4v=01;35:*.mp4v=01;35:*.vob=01;35:*.qt=01;35:*.nuv=01;35:*.wmv=01;35:*.asf=01;35:*.rm=01;35:*.rmvb=01;35:*.flc=01;35:*.avi=01;35:*.fli=01;35:*.flv=01;35:*.gl=01;35:*.dl=01;35:*.xcf=01;35:*.xwd=01;35:*.yuv=01;35:*.cgm=01;35:*.emf=01;35:*.ogv=01;35:*.ogx=01;35:*.aac=00;36:*.au=00;36:*.flac=00;36:*.m4a=00;36:*.mid=00;36:*.midi=00;36:*.mka=00;36:*.mp3=00;36:*.mpc=00;36:*.ogg=00;36:*.ra=00;36:*.wav=00;36:*.oga=00;36:*.opus=00;36:*.spx=00;36:*.xspf=00;36:'), ('GNOME_TERMINAL_SERVICE', ':1.100'), ('TERM_PROGRAM', 'tmux'), ('SSH_AGENT_LAUNCHER', 'gnome-keyring'), ('SSH_AUTH_SOCK', '/run/user/1000/keyring/ssh'), ('AMENT_PREFIX_PATH', '/opt/ros/humble'), ('SHELL', '/bin/bash'), ('LC_NAME', 'ko_KR.UTF-8'), ('QT_ACCESSIBILITY', '1'), ('GDMSESSION', 'ubuntu'), ('LESSCLOSE', '/usr/bin/lesspipe %s %s'), ('LC_MEASUREMENT', 'ko_KR.UTF-8'), ('GPG_AGENT_INFO', '/run/user/1000/gnupg/S.gpg-agent:0:1'), ('LC_IDENTIFICATION', 'ko_KR.UTF-8'), ('QT_IM_MODULE', 'ibus'), ('PWD', '/home/giromi/Repos/VTOL/ws_sensor_combined_src/build/key_event'), ('LC_ALL', 'en_US.UTF-8'), ('XDG_CONFIG_DIRS', '/etc/xdg/xdg-ubuntu:/etc/xdg'), ('NVM_CD_FLAGS', ''), ('XDG_DATA_DIRS', '/usr/share/ubuntu:/usr/share/gnome:/usr/local/share/:/usr/share/:/var/lib/snapd/desktop'), ('PYTHONPATH', '/opt/ros/humble/lib/python3.10/site-packages:/opt/ros/humble/local/lib/python3.10/dist-packages'), ('LC_NUMERIC', 'ko_KR.UTF-8'), ('TMUX_PLUGIN_MANAGER_PATH', '/home/giromi/.tmux/plugins/'), ('LC_PAPER', 'ko_KR.UTF-8'), ('COLCON', '1'), ('VTE_VERSION', '6800'), ('TMUX_PANE', '%8'), ('CMAKE_PREFIX_PATH', '/opt/ros/humble')]), 'shell': False}
[0.200757] (-) TimerEvent: {}
[0.202405] (key_event) StdoutLine: {'line': b'[ 33%] Built target key_event\n'}
[0.202686] (key_event) StdoutLine: {'line': b'[ 66%] Built target key_sub\n'}
[0.203193] (key_event) StdoutLine: {'line': b'[100%] Built target key_pub\n'}
[0.209338] (key_event) CommandEnded: {'returncode': 0}
[0.242922] (key_event) JobProgress: {'identifier': 'key_event', 'progress': 'install'}
[0.248460] (key_event) Command: {'cmd': ['/usr/local/bin/cmake', '--install', '/home/giromi/Repos/VTOL/ws_sensor_combined_src/build/key_event'], 'cwd': '/home/giromi/Repos/VTOL/ws_sensor_combined_src/build/key_event', 'env': OrderedDict([('LESSOPEN', '| /usr/bin/lesspipe %s'), ('TMUX', '/tmp/tmux-1000/default,11588,2'), ('USER', 'giromi'), ('LC_TIME', 'ko_KR.UTF-8'), ('XDG_SESSION_TYPE', 'x11'), ('SHLVL', '2'), ('LD_LIBRARY_PATH', '/opt/ros/humble/opt/rviz_ogre_vendor/lib:/opt/ros/humble/lib/x86_64-linux-gnu:/opt/ros/humble/lib'), ('HOME', '/home/giromi'), ('OLDPWD', '/home/giromi/Repos'), ('TERM_PROGRAM_VERSION', '3.2a'), ('DESKTOP_SESSION', 'ubuntu'), ('NVM_BIN', '/home/giromi/.nvm/versions/node/v20.11.0/bin'), ('NVM_INC', '/home/giromi/.nvm/versions/node/v20.11.0/include/node'), ('ROS_PYTHON_VERSION', '3'), ('GNOME_SHELL_SESSION_MODE', 'ubuntu'), ('GTK_MODULES', 'gail:atk-bridge'), ('LC_MONETARY', 'ko_KR.UTF-8'), ('SYSTEMD_EXEC_PID', '2086'), ('DBUS_SESSION_BUS_ADDRESS', 'unix:path=/run/user/1000/bus'), ('COLORTERM', 'truecolor'), ('NVM_DIR', '/home/giromi/.nvm'), ('COLCON_PREFIX_PATH', '/home/giromi/Repos/ros2_ws/install'), ('ROS_DISTRO', 'humble'), ('GTK_IM_MODULE', 'ibus'), ('LOGNAME', 'giromi'), ('_', '/usr/bin/colcon'), ('ROS_VERSION', '2'), ('XDG_SESSION_CLASS', 'user'), ('USERNAME', 'giromi'), ('TERM', 'screen-256color'), ('GNOME_DESKTOP_SESSION_ID', 'this-is-deprecated'), ('ROS_LOCALHOST_ONLY', '0'), ('WINDOWPATH', '2'), ('PATH', '/opt/gcc-arm-none-eabi-9-2020-q2-update/bin:/home/giromi/.local/bin:/home/giromi/.nvm/versions/node/v20.11.0/bin:/opt/ros/humble/bin:/opt/gcc-arm-none-eabi-9-2020-q2-update/bin:/home/giromi/.local/bin:/usr/local/sbin:/usr/local/bin:/usr/sbin:/usr/bin:/sbin:/bin:/usr/games:/usr/local/games:/snap/bin:/snap/bin:/home/giromi/Bashes:/home/giromi/Bashes'), ('SESSION_MANAGER', 'local/ubuntu22:@/tmp/.ICE-unix/2063,unix/ubuntu22:/tmp/.ICE-unix/2063'), ('XDG_MENU_PREFIX', 'gnome-'), ('LC_ADDRESS', 'ko_KR.UTF-8'), ('GNOME_TERMINAL_SCREEN', '/org/gnome/Terminal/screen/6a3067ed_8076_461a_8fc0_84c32ba13639'), ('XDG_RUNTIME_DIR', '/run/user/1000'), ('DISPLAY', ':1'), ('LANG', 'en_US.UTF-8'), ('XDG_CURRENT_DESKTOP', 'ubuntu:GNOME'), ('LC_TELEPHONE', 'ko_KR.UTF-8'), ('XMODIFIERS', '@im=ibus'), ('XDG_SESSION_DESKTOP', 'ubuntu'), ('XAUTHORITY', '/run/user/1000/gdm/Xauthority'), ('LS_COLORS', 'rs=0:di=01;34:ln=01;36:mh=00:pi=40;33:so=01;35:do=01;35:bd=40;33;01:cd=40;33;01:or=40;31;01:mi=00:su=37;41:sg=30;43:ca=30;41:tw=30;42:ow=34;42:st=37;44:ex=01;32:*.tar=01;31:*.tgz=01;31:*.arc=01;31:*.arj=01;31:*.taz=01;31:*.lha=01;31:*.lz4=01;31:*.lzh=01;31:*.lzma=01;31:*.tlz=01;31:*.txz=01;31:*.tzo=01;31:*.t7z=01;31:*.zip=01;31:*.z=01;31:*.dz=01;31:*.gz=01;31:*.lrz=01;31:*.lz=01;31:*.lzo=01;31:*.xz=01;31:*.zst=01;31:*.tzst=01;31:*.bz2=01;31:*.bz=01;31:*.tbz=01;31:*.tbz2=01;31:*.tz=01;31:*.deb=01;31:*.rpm=01;31:*.jar=01;31:*.war=01;31:*.ear=01;31:*.sar=01;31:*.rar=01;31:*.alz=01;31:*.ace=01;31:*.zoo=01;31:*.cpio=01;31:*.7z=01;31:*.rz=01;31:*.cab=01;31:*.wim=01;31:*.swm=01;31:*.dwm=01;31:*.esd=01;31:*.jpg=01;35:*.jpeg=01;35:*.mjpg=01;35:*.mjpeg=01;35:*.gif=01;35:*.bmp=01;35:*.pbm=01;35:*.pgm=01;35:*.ppm=01;35:*.tga=01;35:*.xbm=01;35:*.xpm=01;35:*.tif=01;35:*.tiff=01;35:*.png=01;35:*.svg=01;35:*.svgz=01;35:*.mng=01;35:*.pcx=01;35:*.mov=01;35:*.mpg=01;35:*.mpeg=01;35:*.m2v=01;35:*.mkv=01;35:*.webm=01;35:*.webp=01;35:*.ogm=01;35:*.mp4=01;35:*.m4v=01;35:*.mp4v=01;35:*.vob=01;35:*.qt=01;35:*.nuv=01;35:*.wmv=01;35:*.asf=01;35:*.rm=01;35:*.rmvb=01;35:*.flc=01;35:*.avi=01;35:*.fli=01;35:*.flv=01;35:*.gl=01;35:*.dl=01;35:*.xcf=01;35:*.xwd=01;35:*.yuv=01;35:*.cgm=01;35:*.emf=01;35:*.ogv=01;35:*.ogx=01;35:*.aac=00;36:*.au=00;36:*.flac=00;36:*.m4a=00;36:*.mid=00;36:*.midi=00;36:*.mka=00;36:*.mp3=00;36:*.mpc=00;36:*.ogg=00;36:*.ra=00;36:*.wav=00;36:*.oga=00;36:*.opus=00;36:*.spx=00;36:*.xspf=00;36:'), ('GNOME_TERMINAL_SERVICE', ':1.100'), ('TERM_PROGRAM', 'tmux'), ('SSH_AGENT_LAUNCHER', 'gnome-keyring'), ('SSH_AUTH_SOCK', '/run/user/1000/keyring/ssh'), ('AMENT_PREFIX_PATH', '/opt/ros/humble'), ('SHELL', '/bin/bash'), ('LC_NAME', 'ko_KR.UTF-8'), ('QT_ACCESSIBILITY', '1'), ('GDMSESSION', 'ubuntu'), ('LESSCLOSE', '/usr/bin/lesspipe %s %s'), ('LC_MEASUREMENT', 'ko_KR.UTF-8'), ('GPG_AGENT_INFO', '/run/user/1000/gnupg/S.gpg-agent:0:1'), ('LC_IDENTIFICATION', 'ko_KR.UTF-8'), ('QT_IM_MODULE', 'ibus'), ('PWD', '/home/giromi/Repos/VTOL/ws_sensor_combined_src/build/key_event'), ('LC_ALL', 'en_US.UTF-8'), ('XDG_CONFIG_DIRS', '/etc/xdg/xdg-ubuntu:/etc/xdg'), ('NVM_CD_FLAGS', ''), ('XDG_DATA_DIRS', '/usr/share/ubuntu:/usr/share/gnome:/usr/local/share/:/usr/share/:/var/lib/snapd/desktop'), ('PYTHONPATH', '/opt/ros/humble/lib/python3.10/site-packages:/opt/ros/humble/local/lib/python3.10/dist-packages'), ('LC_NUMERIC', 'ko_KR.UTF-8'), ('TMUX_PLUGIN_MANAGER_PATH', '/home/giromi/.tmux/plugins/'), ('LC_PAPER', 'ko_KR.UTF-8'), ('COLCON', '1'), ('VTE_VERSION', '6800'), ('TMUX_PANE', '%8'), ('CMAKE_PREFIX_PATH', '/opt/ros/humble')]), 'shell': False}
[0.252118] (key_event) StdoutLine: {'line': b'-- Install configuration: ""\n'}
[0.252695] (key_event) StdoutLine: {'line': b'-- Execute custom install script\n'}
[0.253126] (key_event) StdoutLine: {'line': b'-- Up-to-date symlink: /home/giromi/Repos/VTOL/ws_sensor_combined_src/install/key_event/lib/key_event/key_event\n'}
[0.253556] (key_event) StdoutLine: {'line': b'-- Up-to-date symlink: /home/giromi/Repos/VTOL/ws_sensor_combined_src/install/key_event/lib/key_event/key_sub\n'}
[0.253994] (key_event) StdoutLine: {'line': b'-- Up-to-date symlink: /home/giromi/Repos/VTOL/ws_sensor_combined_src/install/key_event/lib/key_event/key_pub\n'}
[0.254353] (key_event) StdoutLine: {'line': b'-- Up-to-date symlink: /home/giromi/Repos/VTOL/ws_sensor_combined_src/install/key_event/share/ament_index/resource_index/package_run_dependencies/key_event\n'}
[0.254693] (key_event) StdoutLine: {'line': b'-- Up-to-date symlink: /home/giromi/Repos/VTOL/ws_sensor_combined_src/install/key_event/share/ament_index/resource_index/parent_prefix_path/key_event\n'}
[0.255022] (key_event) StdoutLine: {'line': b'-- Up-to-date symlink: /home/giromi/Repos/VTOL/ws_sensor_combined_src/install/key_event/share/key_event/environment/ament_prefix_path.sh\n'}
[0.255336] (key_event) StdoutLine: {'line': b'-- Up-to-date symlink: /home/giromi/Repos/VTOL/ws_sensor_combined_src/install/key_event/share/key_event/environment/ament_prefix_path.dsv\n'}
[0.255648] (key_event) StdoutLine: {'line': b'-- Up-to-date symlink: /home/giromi/Repos/VTOL/ws_sensor_combined_src/install/key_event/share/key_event/environment/path.sh\n'}
[0.255926] (key_event) StdoutLine: {'line': b'-- Up-to-date symlink: /home/giromi/Repos/VTOL/ws_sensor_combined_src/install/key_event/share/key_event/environment/path.dsv\n'}
[0.256317] (key_event) StdoutLine: {'line': b'-- Up-to-date symlink: /home/giromi/Repos/VTOL/ws_sensor_combined_src/install/key_event/share/key_event/local_setup.bash\n'}
[0.256676] (key_event) StdoutLine: {'line': b'-- Up-to-date symlink: /home/giromi/Repos/VTOL/ws_sensor_combined_src/install/key_event/share/key_event/local_setup.sh\n'}
[0.257033] (key_event) StdoutLine: {'line': b'-- Up-to-date symlink: /home/giromi/Repos/VTOL/ws_sensor_combined_src/install/key_event/share/key_event/local_setup.zsh\n'}
[0.257402] (key_event) StdoutLine: {'line': b'-- Up-to-date symlink: /home/giromi/Repos/VTOL/ws_sensor_combined_src/install/key_event/share/key_event/local_setup.dsv\n'}
[0.257650] (key_event) StdoutLine: {'line': b'-- Symlinking: /home/giromi/Repos/VTOL/ws_sensor_combined_src/install/key_event/share/key_event/package.dsv\n'}
[0.262235] (key_event) StdoutLine: {'line': b'-- Up-to-date symlink: /home/giromi/Repos/VTOL/ws_sensor_combined_src/install/key_event/share/ament_index/resource_index/packages/key_event\n'}
[0.262605] (key_event) StdoutLine: {'line': b'-- Up-to-date symlink: /home/giromi/Repos/VTOL/ws_sensor_combined_src/install/key_event/share/key_event/cmake/key_eventConfig.cmake\n'}
[0.262893] (key_event) StdoutLine: {'line': b'-- Up-to-date symlink: /home/giromi/Repos/VTOL/ws_sensor_combined_src/install/key_event/share/key_event/cmake/key_eventConfig-version.cmake\n'}
[0.263151] (key_event) StdoutLine: {'line': b'-- Up-to-date symlink: /home/giromi/Repos/VTOL/ws_sensor_combined_src/install/key_event/share/key_event/package.xml\n'}
[0.264854] (key_event) CommandEnded: {'returncode': 0}
[0.301059] (-) TimerEvent: {}
[0.401453] (-) TimerEvent: {}
[0.453074] (key_event) JobEnded: {'identifier': 'key_event', 'rc': 0}
[0.501573] (-) TimerEvent: {}
[0.601832] (-) TimerEvent: {}
[0.702225] (-) TimerEvent: {}
[0.802524] (-) TimerEvent: {}
[0.885498] (px4_msgs) StdoutLine: {'line': b'[  0%] Built target ament_cmake_python_symlink_px4_msgs\n'}
[0.902647] (-) TimerEvent: {}
[0.906804] (px4_msgs) StdoutLine: {'line': b'[  0%] Built target px4_msgs__cpp\n'}
[0.955995] (px4_msgs) StdoutLine: {'line': b'[ 12%] Built target px4_msgs__rosidl_generator_c\n'}
[1.002746] (-) TimerEvent: {}
[1.038622] (px4_msgs) StdoutLine: {'line': b'[ 25%] Built target px4_msgs__rosidl_typesupport_c\n'}
[1.052339] (px4_msgs) StdoutLine: {'line': b'[ 37%] Built target px4_msgs__rosidl_typesupport_fastrtps_cpp\n'}
[1.067408] (px4_msgs) StdoutLine: {'line': b'[ 50%] Built target px4_msgs__rosidl_typesupport_introspection_c\n'}
[1.072927] (px4_msgs) StdoutLine: {'line': b'[ 62%] Built target px4_msgs__rosidl_typesupport_cpp\n'}
[1.088387] (px4_msgs) StdoutLine: {'line': b'[ 75%] Built target px4_msgs__rosidl_typesupport_introspection_cpp\n'}
[1.098519] (px4_msgs) StdoutLine: {'line': b'[ 88%] Built target px4_msgs__rosidl_typesupport_fastrtps_c\n'}
[1.102851] (-) TimerEvent: {}
[1.112476] (px4_msgs) StdoutLine: {'line': b'[ 88%] Built target px4_msgs\n'}
[1.140531] (px4_msgs) StdoutLine: {'line': b'[ 88%] Built target px4_msgs__py\n'}
[1.146844] (px4_msgs) StdoutLine: {'line': b'running egg_info\n'}
[1.165332] (px4_msgs) StdoutLine: {'line': b'writing px4_msgs.egg-info/PKG-INFO\n'}
[1.165860] (px4_msgs) StdoutLine: {'line': b'writing dependency_links to px4_msgs.egg-info/dependency_links.txt\n'}
[1.166242] (px4_msgs) StdoutLine: {'line': b'writing top-level names to px4_msgs.egg-info/top_level.txt\n'}
[1.202968] (-) TimerEvent: {}
[1.223188] (px4_msgs) StdoutLine: {'line': b"reading manifest file 'px4_msgs.egg-info/SOURCES.txt'\n"}
[1.227257] (px4_msgs) StdoutLine: {'line': b"writing manifest file 'px4_msgs.egg-info/SOURCES.txt'\n"}
[1.242488] (px4_msgs) StdoutLine: {'line': b'[100%] Built target px4_msgs__rosidl_generator_py\n'}
[1.258792] (px4_msgs) StdoutLine: {'line': b'[100%] Built target ament_cmake_python_build_px4_msgs_egg\n'}
[1.262624] (px4_msgs) StdoutLine: {'line': b'[100%] Built target px4_msgs__rosidl_typesupport_introspection_c__pyext\n'}
[1.262869] (px4_msgs) StdoutLine: {'line': b'[100%] Built target px4_msgs__rosidl_typesupport_fastrtps_c__pyext\n'}
[1.263130] (px4_msgs) StdoutLine: {'line': b'[100%] Built target px4_msgs__rosidl_typesupport_c__pyext\n'}
[1.271114] (px4_msgs) CommandEnded: {'returncode': 0}
[1.303098] (-) TimerEvent: {}
[1.403433] (-) TimerEvent: {}
[1.503712] (-) TimerEvent: {}
[1.604028] (-) TimerEvent: {}
[1.704308] (-) TimerEvent: {}
[1.804604] (-) TimerEvent: {}
[1.904847] (-) TimerEvent: {}
[2.005121] (-) TimerEvent: {}
[2.105471] (-) TimerEvent: {}
[2.205698] (-) TimerEvent: {}
[2.305969] (-) TimerEvent: {}
[2.406239] (-) TimerEvent: {}
[2.506500] (-) TimerEvent: {}
[2.606737] (-) TimerEvent: {}
[2.707115] (-) TimerEvent: {}
[2.807399] (-) TimerEvent: {}
[2.907640] (-) TimerEvent: {}
[3.007869] (-) TimerEvent: {}
[3.108134] (-) TimerEvent: {}
[3.208429] (-) TimerEvent: {}
[3.308691] (-) TimerEvent: {}
[3.408956] (-) TimerEvent: {}
[3.509220] (-) TimerEvent: {}
[3.609461] (-) TimerEvent: {}
[3.709853] (-) TimerEvent: {}
[3.810111] (-) TimerEvent: {}
[3.910482] (-) TimerEvent: {}
[4.010778] (-) TimerEvent: {}
[4.111076] (-) TimerEvent: {}
[4.211459] (-) TimerEvent: {}
[4.311758] (-) TimerEvent: {}
[4.412011] (-) TimerEvent: {}
[4.512362] (-) TimerEvent: {}
[4.612796] (-) TimerEvent: {}
[4.713088] (-) TimerEvent: {}
[4.813383] (-) TimerEvent: {}
[4.913673] (-) TimerEvent: {}
[5.014158] (-) TimerEvent: {}
[5.114439] (-) TimerEvent: {}
[5.214724] (-) TimerEvent: {}
[5.315001] (-) TimerEvent: {}
[5.415349] (-) TimerEvent: {}
[5.515657] (-) TimerEvent: {}
[5.616207] (-) TimerEvent: {}
[5.716472] (-) TimerEvent: {}
[5.816769] (-) TimerEvent: {}
[5.917182] (-) TimerEvent: {}
[6.017461] (-) TimerEvent: {}
[6.117769] (-) TimerEvent: {}
[6.218105] (-) TimerEvent: {}
[6.318409] (-) TimerEvent: {}
[6.418845] (-) TimerEvent: {}
[6.519172] (-) TimerEvent: {}
[6.619484] (-) TimerEvent: {}
[6.671813] (px4_msgs) JobProgress: {'identifier': 'px4_msgs', 'progress': 'install'}
[6.672974] (px4_msgs) Command: {'cmd': ['/usr/local/bin/cmake', '--install', '/home/giromi/Repos/VTOL/ws_sensor_combined_src/build/px4_msgs'], 'cwd': '/home/giromi/Repos/VTOL/ws_sensor_combined_src/build/px4_msgs', 'env': OrderedDict([('LESSOPEN', '| /usr/bin/lesspipe %s'), ('TMUX', '/tmp/tmux-1000/default,11588,2'), ('USER', 'giromi'), ('LC_TIME', 'ko_KR.UTF-8'), ('XDG_SESSION_TYPE', 'x11'), ('SHLVL', '2'), ('LD_LIBRARY_PATH', '/opt/ros/humble/opt/rviz_ogre_vendor/lib:/opt/ros/humble/lib/x86_64-linux-gnu:/opt/ros/humble/lib'), ('HOME', '/home/giromi'), ('OLDPWD', '/home/giromi/Repos'), ('TERM_PROGRAM_VERSION', '3.2a'), ('DESKTOP_SESSION', 'ubuntu'), ('NVM_BIN', '/home/giromi/.nvm/versions/node/v20.11.0/bin'), ('NVM_INC', '/home/giromi/.nvm/versions/node/v20.11.0/include/node'), ('ROS_PYTHON_VERSION', '3'), ('GNOME_SHELL_SESSION_MODE', 'ubuntu'), ('GTK_MODULES', 'gail:atk-bridge'), ('LC_MONETARY', 'ko_KR.UTF-8'), ('SYSTEMD_EXEC_PID', '2086'), ('DBUS_SESSION_BUS_ADDRESS', 'unix:path=/run/user/1000/bus'), ('COLORTERM', 'truecolor'), ('NVM_DIR', '/home/giromi/.nvm'), ('COLCON_PREFIX_PATH', '/home/giromi/Repos/ros2_ws/install'), ('ROS_DISTRO', 'humble'), ('GTK_IM_MODULE', 'ibus'), ('LOGNAME', 'giromi'), ('_', '/usr/bin/colcon'), ('ROS_VERSION', '2'), ('XDG_SESSION_CLASS', 'user'), ('USERNAME', 'giromi'), ('TERM', 'screen-256color'), ('GNOME_DESKTOP_SESSION_ID', 'this-is-deprecated'), ('ROS_LOCALHOST_ONLY', '0'), ('WINDOWPATH', '2'), ('PATH', '/opt/gcc-arm-none-eabi-9-2020-q2-update/bin:/home/giromi/.local/bin:/home/giromi/.nvm/versions/node/v20.11.0/bin:/opt/ros/humble/bin:/opt/gcc-arm-none-eabi-9-2020-q2-update/bin:/home/giromi/.local/bin:/usr/local/sbin:/usr/local/bin:/usr/sbin:/usr/bin:/sbin:/bin:/usr/games:/usr/local/games:/snap/bin:/snap/bin:/home/giromi/Bashes:/home/giromi/Bashes'), ('SESSION_MANAGER', 'local/ubuntu22:@/tmp/.ICE-unix/2063,unix/ubuntu22:/tmp/.ICE-unix/2063'), ('XDG_MENU_PREFIX', 'gnome-'), ('LC_ADDRESS', 'ko_KR.UTF-8'), ('GNOME_TERMINAL_SCREEN', '/org/gnome/Terminal/screen/6a3067ed_8076_461a_8fc0_84c32ba13639'), ('XDG_RUNTIME_DIR', '/run/user/1000'), ('DISPLAY', ':1'), ('LANG', 'en_US.UTF-8'), ('XDG_CURRENT_DESKTOP', 'ubuntu:GNOME'), ('LC_TELEPHONE', 'ko_KR.UTF-8'), ('XMODIFIERS', '@im=ibus'), ('XDG_SESSION_DESKTOP', 'ubuntu'), ('XAUTHORITY', '/run/user/1000/gdm/Xauthority'), ('LS_COLORS', 'rs=0:di=01;34:ln=01;36:mh=00:pi=40;33:so=01;35:do=01;35:bd=40;33;01:cd=40;33;01:or=40;31;01:mi=00:su=37;41:sg=30;43:ca=30;41:tw=30;42:ow=34;42:st=37;44:ex=01;32:*.tar=01;31:*.tgz=01;31:*.arc=01;31:*.arj=01;31:*.taz=01;31:*.lha=01;31:*.lz4=01;31:*.lzh=01;31:*.lzma=01;31:*.tlz=01;31:*.txz=01;31:*.tzo=01;31:*.t7z=01;31:*.zip=01;31:*.z=01;31:*.dz=01;31:*.gz=01;31:*.lrz=01;31:*.lz=01;31:*.lzo=01;31:*.xz=01;31:*.zst=01;31:*.tzst=01;31:*.bz2=01;31:*.bz=01;31:*.tbz=01;31:*.tbz2=01;31:*.tz=01;31:*.deb=01;31:*.rpm=01;31:*.jar=01;31:*.war=01;31:*.ear=01;31:*.sar=01;31:*.rar=01;31:*.alz=01;31:*.ace=01;31:*.zoo=01;31:*.cpio=01;31:*.7z=01;31:*.rz=01;31:*.cab=01;31:*.wim=01;31:*.swm=01;31:*.dwm=01;31:*.esd=01;31:*.jpg=01;35:*.jpeg=01;35:*.mjpg=01;35:*.mjpeg=01;35:*.gif=01;35:*.bmp=01;35:*.pbm=01;35:*.pgm=01;35:*.ppm=01;35:*.tga=01;35:*.xbm=01;35:*.xpm=01;35:*.tif=01;35:*.tiff=01;35:*.png=01;35:*.svg=01;35:*.svgz=01;35:*.mng=01;35:*.pcx=01;35:*.mov=01;35:*.mpg=01;35:*.mpeg=01;35:*.m2v=01;35:*.mkv=01;35:*.webm=01;35:*.webp=01;35:*.ogm=01;35:*.mp4=01;35:*.m4v=01;35:*.mp4v=01;35:*.vob=01;35:*.qt=01;35:*.nuv=01;35:*.wmv=01;35:*.asf=01;35:*.rm=01;35:*.rmvb=01;35:*.flc=01;35:*.avi=01;35:*.fli=01;35:*.flv=01;35:*.gl=01;35:*.dl=01;35:*.xcf=01;35:*.xwd=01;35:*.yuv=01;35:*.cgm=01;35:*.emf=01;35:*.ogv=01;35:*.ogx=01;35:*.aac=00;36:*.au=00;36:*.flac=00;36:*.m4a=00;36:*.mid=00;36:*.midi=00;36:*.mka=00;36:*.mp3=00;36:*.mpc=00;36:*.ogg=00;36:*.ra=00;36:*.wav=00;36:*.oga=00;36:*.opus=00;36:*.spx=00;36:*.xspf=00;36:'), ('GNOME_TERMINAL_SERVICE', ':1.100'), ('TERM_PROGRAM', 'tmux'), ('SSH_AGENT_LAUNCHER', 'gnome-keyring'), ('SSH_AUTH_SOCK', '/run/user/1000/keyring/ssh'), ('AMENT_PREFIX_PATH', '/opt/ros/humble'), ('SHELL', '/bin/bash'), ('LC_NAME', 'ko_KR.UTF-8'), ('QT_ACCESSIBILITY', '1'), ('GDMSESSION', 'ubuntu'), ('LESSCLOSE', '/usr/bin/lesspipe %s %s'), ('LC_MEASUREMENT', 'ko_KR.UTF-8'), ('GPG_AGENT_INFO', '/run/user/1000/gnupg/S.gpg-agent:0:1'), ('LC_IDENTIFICATION', 'ko_KR.UTF-8'), ('QT_IM_MODULE', 'ibus'), ('PWD', '/home/giromi/Repos/VTOL/ws_sensor_combined_src/build/px4_msgs'), ('LC_ALL', 'en_US.UTF-8'), ('XDG_CONFIG_DIRS', '/etc/xdg/xdg-ubuntu:/etc/xdg'), ('NVM_CD_FLAGS', ''), ('XDG_DATA_DIRS', '/usr/share/ubuntu:/usr/share/gnome:/usr/local/share/:/usr/share/:/var/lib/snapd/desktop'), ('PYTHONPATH', '/opt/ros/humble/lib/python3.10/site-packages:/opt/ros/humble/local/lib/python3.10/dist-packages'), ('LC_NUMERIC', 'ko_KR.UTF-8'), ('TMUX_PLUGIN_MANAGER_PATH', '/home/giromi/.tmux/plugins/'), ('LC_PAPER', 'ko_KR.UTF-8'), ('COLCON', '1'), ('VTE_VERSION', '6800'), ('TMUX_PANE', '%8'), ('CMAKE_PREFIX_PATH', '/opt/ros/humble')]), 'shell': False}
[6.678107] (px4_msgs) StdoutLine: {'line': b'-- Install configuration: ""\n'}
[6.681219] (px4_msgs) StdoutLine: {'line': b'-- Execute custom install script\n'}
[6.681695] (px4_msgs) StdoutLine: {'line': b'-- Up-to-date symlink: /home/giromi/Repos/VTOL/ws_sensor_combined_src/install/px4_msgs/share/ament_index/resource_index/rosidl_interfaces/px4_msgs\n'}
[6.693821] (px4_msgs) StdoutLine: {'line': b'-- Up-to-date symlink: /home/giromi/Repos/VTOL/ws_sensor_combined_src/install/px4_msgs/include/px4_msgs/px4_msgs/msg/action_request.h\n'}
[6.694153] (px4_msgs) StdoutLine: {'line': b'-- Up-to-date symlink: /home/giromi/Repos/VTOL/ws_sensor_combined_src/install/px4_msgs/include/px4_msgs/px4_msgs/msg/actuator_armed.h\n'}
[6.694382] (px4_msgs) StdoutLine: {'line': b'-- Up-to-date symlink: /home/giromi/Repos/VTOL/ws_sensor_combined_src/install/px4_msgs/include/px4_msgs/px4_msgs/msg/actuator_controls_status.h\n'}
[6.694629] (px4_msgs) StdoutLine: {'line': b'-- Up-to-date symlink: /home/giromi/Repos/VTOL/ws_sensor_combined_src/install/px4_msgs/include/px4_msgs/px4_msgs/msg/actuator_motors.h\n'}
[6.694830] (px4_msgs) StdoutLine: {'line': b'-- Up-to-date symlink: /home/giromi/Repos/VTOL/ws_sensor_combined_src/install/px4_msgs/include/px4_msgs/px4_msgs/msg/actuator_outputs.h\n'}
[6.695062] (px4_msgs) StdoutLine: {'line': b'-- Up-to-date symlink: /home/giromi/Repos/VTOL/ws_sensor_combined_src/install/px4_msgs/include/px4_msgs/px4_msgs/msg/actuator_servos.h\n'}
[6.695333] (px4_msgs) StdoutLine: {'line': b'-- Up-to-date symlink: /home/giromi/Repos/VTOL/ws_sensor_combined_src/install/px4_msgs/include/px4_msgs/px4_msgs/msg/actuator_servos_trim.h\n'}
[6.695622] (px4_msgs) StdoutLine: {'line': b'-- Up-to-date symlink: /home/giromi/Repos/VTOL/ws_sensor_combined_src/install/px4_msgs/include/px4_msgs/px4_msgs/msg/actuator_test.h\n'}
[6.695904] (px4_msgs) StdoutLine: {'line': b'-- Up-to-date symlink: /home/giromi/Repos/VTOL/ws_sensor_combined_src/install/px4_msgs/include/px4_msgs/px4_msgs/msg/adc_report.h\n'}
[6.696215] (px4_msgs) StdoutLine: {'line': b'-- Up-to-date symlink: /home/giromi/Repos/VTOL/ws_sensor_combined_src/install/px4_msgs/include/px4_msgs/px4_msgs/msg/airspeed.h\n'}
[6.696493] (px4_msgs) StdoutLine: {'line': b'-- Up-to-date symlink: /home/giromi/Repos/VTOL/ws_sensor_combined_src/install/px4_msgs/include/px4_msgs/px4_msgs/msg/airspeed_validated.h\n'}
[6.696738] (px4_msgs) StdoutLine: {'line': b'-- Up-to-date symlink: /home/giromi/Repos/VTOL/ws_sensor_combined_src/install/px4_msgs/include/px4_msgs/px4_msgs/msg/airspeed_wind.h\n'}
[6.696938] (px4_msgs) StdoutLine: {'line': b'-- Up-to-date symlink: /home/giromi/Repos/VTOL/ws_sensor_combined_src/install/px4_msgs/include/px4_msgs/px4_msgs/msg/arming_check_reply.h\n'}
[6.697160] (px4_msgs) StdoutLine: {'line': b'-- Up-to-date symlink: /home/giromi/Repos/VTOL/ws_sensor_combined_src/install/px4_msgs/include/px4_msgs/px4_msgs/msg/arming_check_request.h\n'}
[6.697423] (px4_msgs) StdoutLine: {'line': b'-- Up-to-date symlink: /home/giromi/Repos/VTOL/ws_sensor_combined_src/install/px4_msgs/include/px4_msgs/px4_msgs/msg/autotune_attitude_control_status.h\n'}
[6.697649] (px4_msgs) StdoutLine: {'line': b'-- Up-to-date symlink: /home/giromi/Repos/VTOL/ws_sensor_combined_src/install/px4_msgs/include/px4_msgs/px4_msgs/msg/battery_status.h\n'}
[6.697871] (px4_msgs) StdoutLine: {'line': b'-- Up-to-date symlink: /home/giromi/Repos/VTOL/ws_sensor_combined_src/install/px4_msgs/include/px4_msgs/px4_msgs/msg/buffer128.h\n'}
[6.698105] (px4_msgs) StdoutLine: {'line': b'-- Up-to-date symlink: /home/giromi/Repos/VTOL/ws_sensor_combined_src/install/px4_msgs/include/px4_msgs/px4_msgs/msg/button_event.h\n'}
[6.698355] (px4_msgs) StdoutLine: {'line': b'-- Up-to-date symlink: /home/giromi/Repos/VTOL/ws_sensor_combined_src/install/px4_msgs/include/px4_msgs/px4_msgs/msg/camera_capture.h\n'}
[6.698603] (px4_msgs) StdoutLine: {'line': b'-- Up-to-date symlink: /home/giromi/Repos/VTOL/ws_sensor_combined_src/install/px4_msgs/include/px4_msgs/px4_msgs/msg/camera_status.h\n'}
[6.698848] (px4_msgs) StdoutLine: {'line': b'-- Up-to-date symlink: /home/giromi/Repos/VTOL/ws_sensor_combined_src/install/px4_msgs/include/px4_msgs/px4_msgs/msg/camera_trigger.h\n'}
[6.699064] (px4_msgs) StdoutLine: {'line': b'-- Up-to-date symlink: /home/giromi/Repos/VTOL/ws_sensor_combined_src/install/px4_msgs/include/px4_msgs/px4_msgs/msg/cellular_status.h\n'}
[6.699341] (px4_msgs) StdoutLine: {'line': b'-- Up-to-date symlink: /home/giromi/Repos/VTOL/ws_sensor_combined_src/install/px4_msgs/include/px4_msgs/px4_msgs/msg/collision_constraints.h\n'}
[6.699586] (px4_msgs) StdoutLine: {'line': b'-- Up-to-date symlink: /home/giromi/Repos/VTOL/ws_sensor_combined_src/install/px4_msgs/include/px4_msgs/px4_msgs/msg/collision_report.h\n'}
[6.699835] (px4_msgs) StdoutLine: {'line': b'-- Up-to-date symlink: /home/giromi/Repos/VTOL/ws_sensor_combined_src/install/px4_msgs/include/px4_msgs/px4_msgs/msg/config_overrides.h\n'}
[6.700157] (px4_msgs) StdoutLine: {'line': b'-- Up-to-date symlink: /home/giromi/Repos/VTOL/ws_sensor_combined_src/install/px4_msgs/include/px4_msgs/px4_msgs/msg/control_allocator_status.h\n'}
[6.700384] (px4_msgs) StdoutLine: {'line': b'-- Up-to-date symlink: /home/giromi/Repos/VTOL/ws_sensor_combined_src/install/px4_msgs/include/px4_msgs/px4_msgs/msg/cpuload.h\n'}
[6.700626] (px4_msgs) StdoutLine: {'line': b'-- Up-to-date symlink: /home/giromi/Repos/VTOL/ws_sensor_combined_src/install/px4_msgs/include/px4_msgs/px4_msgs/msg/dataman_request.h\n'}
[6.700841] (px4_msgs) StdoutLine: {'line': b'-- Up-to-date symlink: /home/giromi/Repos/VTOL/ws_sensor_combined_src/install/px4_msgs/include/px4_msgs/px4_msgs/msg/dataman_response.h\n'}
[6.701074] (px4_msgs) StdoutLine: {'line': b'-- Up-to-date symlink: /home/giromi/Repos/VTOL/ws_sensor_combined_src/install/px4_msgs/include/px4_msgs/px4_msgs/msg/debug_array.h\n'}
[6.701319] (px4_msgs) StdoutLine: {'line': b'-- Up-to-date symlink: /home/giromi/Repos/VTOL/ws_sensor_combined_src/install/px4_msgs/include/px4_msgs/px4_msgs/msg/debug_key_value.h\n'}
[6.701535] (px4_msgs) StdoutLine: {'line': b'-- Up-to-date symlink: /home/giromi/Repos/VTOL/ws_sensor_combined_src/install/px4_msgs/include/px4_msgs/px4_msgs/msg/debug_value.h\n'}
[6.701794] (px4_msgs) StdoutLine: {'line': b'-- Up-to-date symlink: /home/giromi/Repos/VTOL/ws_sensor_combined_src/install/px4_msgs/include/px4_msgs/px4_msgs/msg/debug_vect.h\n'}
[6.702088] (px4_msgs) StdoutLine: {'line': b'-- Up-to-date symlink: /home/giromi/Repos/VTOL/ws_sensor_combined_src/install/px4_msgs/include/px4_msgs/px4_msgs/msg/detail/action_request__functions.h\n'}
[6.702335] (px4_msgs) StdoutLine: {'line': b'-- Up-to-date symlink: /home/giromi/Repos/VTOL/ws_sensor_combined_src/install/px4_msgs/include/px4_msgs/px4_msgs/msg/detail/action_request__struct.h\n'}
[6.702591] (px4_msgs) StdoutLine: {'line': b'-- Up-to-date symlink: /home/giromi/Repos/VTOL/ws_sensor_combined_src/install/px4_msgs/include/px4_msgs/px4_msgs/msg/detail/action_request__type_support.h\n'}
[6.702833] (px4_msgs) StdoutLine: {'line': b'-- Up-to-date symlink: /home/giromi/Repos/VTOL/ws_sensor_combined_src/install/px4_msgs/include/px4_msgs/px4_msgs/msg/detail/actuator_armed__functions.h\n'}
[6.703106] (px4_msgs) StdoutLine: {'line': b'-- Up-to-date symlink: /home/giromi/Repos/VTOL/ws_sensor_combined_src/install/px4_msgs/include/px4_msgs/px4_msgs/msg/detail/actuator_armed__struct.h\n'}
[6.703363] (px4_msgs) StdoutLine: {'line': b'-- Up-to-date symlink: /home/giromi/Repos/VTOL/ws_sensor_combined_src/install/px4_msgs/include/px4_msgs/px4_msgs/msg/detail/actuator_armed__type_support.h\n'}
[6.703579] (px4_msgs) StdoutLine: {'line': b'-- Up-to-date symlink: /home/giromi/Repos/VTOL/ws_sensor_combined_src/install/px4_msgs/include/px4_msgs/px4_msgs/msg/detail/actuator_controls_status__functions.h\n'}
[6.703816] (px4_msgs) StdoutLine: {'line': b'-- Up-to-date symlink: /home/giromi/Repos/VTOL/ws_sensor_combined_src/install/px4_msgs/include/px4_msgs/px4_msgs/msg/detail/actuator_controls_status__struct.h\n'}
[6.704129] (px4_msgs) StdoutLine: {'line': b'-- Up-to-date symlink: /home/giromi/Repos/VTOL/ws_sensor_combined_src/install/px4_msgs/include/px4_msgs/px4_msgs/msg/detail/actuator_controls_status__type_support.h\n'}
[6.704391] (px4_msgs) StdoutLine: {'line': b'-- Up-to-date symlink: /home/giromi/Repos/VTOL/ws_sensor_combined_src/install/px4_msgs/include/px4_msgs/px4_msgs/msg/detail/actuator_motors__functions.h\n'}
[6.704666] (px4_msgs) StdoutLine: {'line': b'-- Up-to-date symlink: /home/giromi/Repos/VTOL/ws_sensor_combined_src/install/px4_msgs/include/px4_msgs/px4_msgs/msg/detail/actuator_motors__struct.h\n'}
[6.704910] (px4_msgs) StdoutLine: {'line': b'-- Up-to-date symlink: /home/giromi/Repos/VTOL/ws_sensor_combined_src/install/px4_msgs/include/px4_msgs/px4_msgs/msg/detail/actuator_motors__type_support.h\n'}
[6.705173] (px4_msgs) StdoutLine: {'line': b'-- Up-to-date symlink: /home/giromi/Repos/VTOL/ws_sensor_combined_src/install/px4_msgs/include/px4_msgs/px4_msgs/msg/detail/actuator_outputs__functions.h\n'}
[6.705498] (px4_msgs) StdoutLine: {'line': b'-- Up-to-date symlink: /home/giromi/Repos/VTOL/ws_sensor_combined_src/install/px4_msgs/include/px4_msgs/px4_msgs/msg/detail/actuator_outputs__struct.h\n'}
[6.705802] (px4_msgs) StdoutLine: {'line': b'-- Up-to-date symlink: /home/giromi/Repos/VTOL/ws_sensor_combined_src/install/px4_msgs/include/px4_msgs/px4_msgs/msg/detail/actuator_outputs__type_support.h\n'}
[6.706069] (px4_msgs) StdoutLine: {'line': b'-- Up-to-date symlink: /home/giromi/Repos/VTOL/ws_sensor_combined_src/install/px4_msgs/include/px4_msgs/px4_msgs/msg/detail/actuator_servos__functions.h\n'}
[6.706319] (px4_msgs) StdoutLine: {'line': b'-- Up-to-date symlink: /home/giromi/Repos/VTOL/ws_sensor_combined_src/install/px4_msgs/include/px4_msgs/px4_msgs/msg/detail/actuator_servos__struct.h\n'}
[6.706569] (px4_msgs) StdoutLine: {'line': b'-- Up-to-date symlink: /home/giromi/Repos/VTOL/ws_sensor_combined_src/install/px4_msgs/include/px4_msgs/px4_msgs/msg/detail/actuator_servos__type_support.h\n'}
[6.706814] (px4_msgs) StdoutLine: {'line': b'-- Up-to-date symlink: /home/giromi/Repos/VTOL/ws_sensor_combined_src/install/px4_msgs/include/px4_msgs/px4_msgs/msg/detail/actuator_servos_trim__functions.h\n'}
[6.707086] (px4_msgs) StdoutLine: {'line': b'-- Up-to-date symlink: /home/giromi/Repos/VTOL/ws_sensor_combined_src/install/px4_msgs/include/px4_msgs/px4_msgs/msg/detail/actuator_servos_trim__struct.h\n'}
[6.707334] (px4_msgs) StdoutLine: {'line': b'-- Up-to-date symlink: /home/giromi/Repos/VTOL/ws_sensor_combined_src/install/px4_msgs/include/px4_msgs/px4_msgs/msg/detail/actuator_servos_trim__type_support.h\n'}
[6.707556] (px4_msgs) StdoutLine: {'line': b'-- Up-to-date symlink: /home/giromi/Repos/VTOL/ws_sensor_combined_src/install/px4_msgs/include/px4_msgs/px4_msgs/msg/detail/actuator_test__functions.h\n'}
[6.707819] (px4_msgs) StdoutLine: {'line': b'-- Up-to-date symlink: /home/giromi/Repos/VTOL/ws_sensor_combined_src/install/px4_msgs/include/px4_msgs/px4_msgs/msg/detail/actuator_test__struct.h\n'}
[6.708129] (px4_msgs) StdoutLine: {'line': b'-- Up-to-date symlink: /home/giromi/Repos/VTOL/ws_sensor_combined_src/install/px4_msgs/include/px4_msgs/px4_msgs/msg/detail/actuator_test__type_support.h\n'}
[6.708371] (px4_msgs) StdoutLine: {'line': b'-- Up-to-date symlink: /home/giromi/Repos/VTOL/ws_sensor_combined_src/install/px4_msgs/include/px4_msgs/px4_msgs/msg/detail/adc_report__functions.h\n'}
[6.708656] (px4_msgs) StdoutLine: {'line': b'-- Up-to-date symlink: /home/giromi/Repos/VTOL/ws_sensor_combined_src/install/px4_msgs/include/px4_msgs/px4_msgs/msg/detail/adc_report__struct.h\n'}
[6.708912] (px4_msgs) StdoutLine: {'line': b'-- Up-to-date symlink: /home/giromi/Repos/VTOL/ws_sensor_combined_src/install/px4_msgs/include/px4_msgs/px4_msgs/msg/detail/adc_report__type_support.h\n'}
[6.709220] (px4_msgs) StdoutLine: {'line': b'-- Up-to-date symlink: /home/giromi/Repos/VTOL/ws_sensor_combined_src/install/px4_msgs/include/px4_msgs/px4_msgs/msg/detail/airspeed__functions.h\n'}
[6.709460] (px4_msgs) StdoutLine: {'line': b'-- Up-to-date symlink: /home/giromi/Repos/VTOL/ws_sensor_combined_src/install/px4_msgs/include/px4_msgs/px4_msgs/msg/detail/airspeed__struct.h\n'}
[6.709741] (px4_msgs) StdoutLine: {'line': b'-- Up-to-date symlink: /home/giromi/Repos/VTOL/ws_sensor_combined_src/install/px4_msgs/include/px4_msgs/px4_msgs/msg/detail/airspeed__type_support.h\n'}
[6.710039] (px4_msgs) StdoutLine: {'line': b'-- Up-to-date symlink: /home/giromi/Repos/VTOL/ws_sensor_combined_src/install/px4_msgs/include/px4_msgs/px4_msgs/msg/detail/airspeed_validated__functions.h\n'}
[6.710299] (px4_msgs) StdoutLine: {'line': b'-- Up-to-date symlink: /home/giromi/Repos/VTOL/ws_sensor_combined_src/install/px4_msgs/include/px4_msgs/px4_msgs/msg/detail/airspeed_validated__struct.h\n'}
[6.710542] (px4_msgs) StdoutLine: {'line': b'-- Up-to-date symlink: /home/giromi/Repos/VTOL/ws_sensor_combined_src/install/px4_msgs/include/px4_msgs/px4_msgs/msg/detail/airspeed_validated__type_support.h\n'}
[6.710789] (px4_msgs) StdoutLine: {'line': b'-- Up-to-date symlink: /home/giromi/Repos/VTOL/ws_sensor_combined_src/install/px4_msgs/include/px4_msgs/px4_msgs/msg/detail/airspeed_wind__functions.h\n'}
[6.711063] (px4_msgs) StdoutLine: {'line': b'-- Up-to-date symlink: /home/giromi/Repos/VTOL/ws_sensor_combined_src/install/px4_msgs/include/px4_msgs/px4_msgs/msg/detail/airspeed_wind__struct.h\n'}
[6.711312] (px4_msgs) StdoutLine: {'line': b'-- Up-to-date symlink: /home/giromi/Repos/VTOL/ws_sensor_combined_src/install/px4_msgs/include/px4_msgs/px4_msgs/msg/detail/airspeed_wind__type_support.h\n'}
[6.711563] (px4_msgs) StdoutLine: {'line': b'-- Up-to-date symlink: /home/giromi/Repos/VTOL/ws_sensor_combined_src/install/px4_msgs/include/px4_msgs/px4_msgs/msg/detail/arming_check_reply__functions.h\n'}
[6.711840] (px4_msgs) StdoutLine: {'line': b'-- Up-to-date symlink: /home/giromi/Repos/VTOL/ws_sensor_combined_src/install/px4_msgs/include/px4_msgs/px4_msgs/msg/detail/arming_check_reply__struct.h\n'}
[6.712111] (px4_msgs) StdoutLine: {'line': b'-- Up-to-date symlink: /home/giromi/Repos/VTOL/ws_sensor_combined_src/install/px4_msgs/include/px4_msgs/px4_msgs/msg/detail/arming_check_reply__type_support.h\n'}
[6.712375] (px4_msgs) StdoutLine: {'line': b'-- Up-to-date symlink: /home/giromi/Repos/VTOL/ws_sensor_combined_src/install/px4_msgs/include/px4_msgs/px4_msgs/msg/detail/arming_check_request__functions.h\n'}
[6.712650] (px4_msgs) StdoutLine: {'line': b'-- Up-to-date symlink: /home/giromi/Repos/VTOL/ws_sensor_combined_src/install/px4_msgs/include/px4_msgs/px4_msgs/msg/detail/arming_check_request__struct.h\n'}
[6.712917] (px4_msgs) StdoutLine: {'line': b'-- Up-to-date symlink: /home/giromi/Repos/VTOL/ws_sensor_combined_src/install/px4_msgs/include/px4_msgs/px4_msgs/msg/detail/arming_check_request__type_support.h\n'}
[6.713185] (px4_msgs) StdoutLine: {'line': b'-- Up-to-date symlink: /home/giromi/Repos/VTOL/ws_sensor_combined_src/install/px4_msgs/include/px4_msgs/px4_msgs/msg/detail/autotune_attitude_control_status__functions.h\n'}
[6.713486] (px4_msgs) StdoutLine: {'line': b'-- Up-to-date symlink: /home/giromi/Repos/VTOL/ws_sensor_combined_src/install/px4_msgs/include/px4_msgs/px4_msgs/msg/detail/autotune_attitude_control_status__struct.h\n'}
[6.713760] (px4_msgs) StdoutLine: {'line': b'-- Up-to-date symlink: /home/giromi/Repos/VTOL/ws_sensor_combined_src/install/px4_msgs/include/px4_msgs/px4_msgs/msg/detail/autotune_attitude_control_status__type_support.h\n'}
[6.714036] (px4_msgs) StdoutLine: {'line': b'-- Up-to-date symlink: /home/giromi/Repos/VTOL/ws_sensor_combined_src/install/px4_msgs/include/px4_msgs/px4_msgs/msg/detail/battery_status__functions.h\n'}
[6.714281] (px4_msgs) StdoutLine: {'line': b'-- Up-to-date symlink: /home/giromi/Repos/VTOL/ws_sensor_combined_src/install/px4_msgs/include/px4_msgs/px4_msgs/msg/detail/battery_status__struct.h\n'}
[6.714523] (px4_msgs) StdoutLine: {'line': b'-- Up-to-date symlink: /home/giromi/Repos/VTOL/ws_sensor_combined_src/install/px4_msgs/include/px4_msgs/px4_msgs/msg/detail/battery_status__type_support.h\n'}
[6.714764] (px4_msgs) StdoutLine: {'line': b'-- Up-to-date symlink: /home/giromi/Repos/VTOL/ws_sensor_combined_src/install/px4_msgs/include/px4_msgs/px4_msgs/msg/detail/buffer128__functions.h\n'}
[6.715029] (px4_msgs) StdoutLine: {'line': b'-- Up-to-date symlink: /home/giromi/Repos/VTOL/ws_sensor_combined_src/install/px4_msgs/include/px4_msgs/px4_msgs/msg/detail/buffer128__struct.h\n'}
[6.715286] (px4_msgs) StdoutLine: {'line': b'-- Up-to-date symlink: /home/giromi/Repos/VTOL/ws_sensor_combined_src/install/px4_msgs/include/px4_msgs/px4_msgs/msg/detail/buffer128__type_support.h\n'}
[6.715527] (px4_msgs) StdoutLine: {'line': b'-- Up-to-date symlink: /home/giromi/Repos/VTOL/ws_sensor_combined_src/install/px4_msgs/include/px4_msgs/px4_msgs/msg/detail/button_event__functions.h\n'}
[6.715768] (px4_msgs) StdoutLine: {'line': b'-- Up-to-date symlink: /home/giromi/Repos/VTOL/ws_sensor_combined_src/install/px4_msgs/include/px4_msgs/px4_msgs/msg/detail/button_event__struct.h\n'}
[6.716056] (px4_msgs) StdoutLine: {'line': b'-- Up-to-date symlink: /home/giromi/Repos/VTOL/ws_sensor_combined_src/install/px4_msgs/include/px4_msgs/px4_msgs/msg/detail/button_event__type_support.h\n'}
[6.716328] (px4_msgs) StdoutLine: {'line': b'-- Up-to-date symlink: /home/giromi/Repos/VTOL/ws_sensor_combined_src/install/px4_msgs/include/px4_msgs/px4_msgs/msg/detail/camera_capture__functions.h\n'}
[6.716594] (px4_msgs) StdoutLine: {'line': b'-- Up-to-date symlink: /home/giromi/Repos/VTOL/ws_sensor_combined_src/install/px4_msgs/include/px4_msgs/px4_msgs/msg/detail/camera_capture__struct.h\n'}
[6.716872] (px4_msgs) StdoutLine: {'line': b'-- Up-to-date symlink: /home/giromi/Repos/VTOL/ws_sensor_combined_src/install/px4_msgs/include/px4_msgs/px4_msgs/msg/detail/camera_capture__type_support.h\n'}
[6.717139] (px4_msgs) StdoutLine: {'line': b'-- Up-to-date symlink: /home/giromi/Repos/VTOL/ws_sensor_combined_src/install/px4_msgs/include/px4_msgs/px4_msgs/msg/detail/camera_status__functions.h\n'}
[6.717399] (px4_msgs) StdoutLine: {'line': b'-- Up-to-date symlink: /home/giromi/Repos/VTOL/ws_sensor_combined_src/install/px4_msgs/include/px4_msgs/px4_msgs/msg/detail/camera_status__struct.h\n'}
[6.717638] (px4_msgs) StdoutLine: {'line': b'-- Up-to-date symlink: /home/giromi/Repos/VTOL/ws_sensor_combined_src/install/px4_msgs/include/px4_msgs/px4_msgs/msg/detail/camera_status__type_support.h\n'}
[6.717882] (px4_msgs) StdoutLine: {'line': b'-- Up-to-date symlink: /home/giromi/Repos/VTOL/ws_sensor_combined_src/install/px4_msgs/include/px4_msgs/px4_msgs/msg/detail/camera_trigger__functions.h\n'}
[6.718153] (px4_msgs) StdoutLine: {'line': b'-- Up-to-date symlink: /home/giromi/Repos/VTOL/ws_sensor_combined_src/install/px4_msgs/include/px4_msgs/px4_msgs/msg/detail/camera_trigger__struct.h\n'}
[6.718400] (px4_msgs) StdoutLine: {'line': b'-- Up-to-date symlink: /home/giromi/Repos/VTOL/ws_sensor_combined_src/install/px4_msgs/include/px4_msgs/px4_msgs/msg/detail/camera_trigger__type_support.h\n'}
[6.718640] (px4_msgs) StdoutLine: {'line': b'-- Up-to-date symlink: /home/giromi/Repos/VTOL/ws_sensor_combined_src/install/px4_msgs/include/px4_msgs/px4_msgs/msg/detail/cellular_status__functions.h\n'}
[6.718889] (px4_msgs) StdoutLine: {'line': b'-- Up-to-date symlink: /home/giromi/Repos/VTOL/ws_sensor_combined_src/install/px4_msgs/include/px4_msgs/px4_msgs/msg/detail/cellular_status__struct.h\n'}
[6.719141] (px4_msgs) StdoutLine: {'line': b'-- Up-to-date symlink: /home/giromi/Repos/VTOL/ws_sensor_combined_src/install/px4_msgs/include/px4_msgs/px4_msgs/msg/detail/cellular_status__type_support.h\n'}
[6.719398] (px4_msgs) StdoutLine: {'line': b'-- Up-to-date symlink: /home/giromi/Repos/VTOL/ws_sensor_combined_src/install/px4_msgs/include/px4_msgs/px4_msgs/msg/detail/collision_constraints__functions.h\n'}
[6.719541] (-) TimerEvent: {}
[6.719705] (px4_msgs) StdoutLine: {'line': b'-- Up-to-date symlink: /home/giromi/Repos/VTOL/ws_sensor_combined_src/install/px4_msgs/include/px4_msgs/px4_msgs/msg/detail/collision_constraints__struct.h\n'}
[6.719875] (px4_msgs) StdoutLine: {'line': b'-- Up-to-date symlink: /home/giromi/Repos/VTOL/ws_sensor_combined_src/install/px4_msgs/include/px4_msgs/px4_msgs/msg/detail/collision_constraints__type_support.h\n'}
[6.720181] (px4_msgs) StdoutLine: {'line': b'-- Up-to-date symlink: /home/giromi/Repos/VTOL/ws_sensor_combined_src/install/px4_msgs/include/px4_msgs/px4_msgs/msg/detail/collision_report__functions.h\n'}
[6.720446] (px4_msgs) StdoutLine: {'line': b'-- Up-to-date symlink: /home/giromi/Repos/VTOL/ws_sensor_combined_src/install/px4_msgs/include/px4_msgs/px4_msgs/msg/detail/collision_report__struct.h\n'}
[6.720689] (px4_msgs) StdoutLine: {'line': b'-- Up-to-date symlink: /home/giromi/Repos/VTOL/ws_sensor_combined_src/install/px4_msgs/include/px4_msgs/px4_msgs/msg/detail/collision_report__type_support.h\n'}
[6.720942] (px4_msgs) StdoutLine: {'line': b'-- Up-to-date symlink: /home/giromi/Repos/VTOL/ws_sensor_combined_src/install/px4_msgs/include/px4_msgs/px4_msgs/msg/detail/config_overrides__functions.h\n'}
[6.721209] (px4_msgs) StdoutLine: {'line': b'-- Up-to-date symlink: /home/giromi/Repos/VTOL/ws_sensor_combined_src/install/px4_msgs/include/px4_msgs/px4_msgs/msg/detail/config_overrides__struct.h\n'}
[6.721466] (px4_msgs) StdoutLine: {'line': b'-- Up-to-date symlink: /home/giromi/Repos/VTOL/ws_sensor_combined_src/install/px4_msgs/include/px4_msgs/px4_msgs/msg/detail/config_overrides__type_support.h\n'}
[6.721708] (px4_msgs) StdoutLine: {'line': b'-- Up-to-date symlink: /home/giromi/Repos/VTOL/ws_sensor_combined_src/install/px4_msgs/include/px4_msgs/px4_msgs/msg/detail/control_allocator_status__functions.h\n'}
[6.721970] (px4_msgs) StdoutLine: {'line': b'-- Up-to-date symlink: /home/giromi/Repos/VTOL/ws_sensor_combined_src/install/px4_msgs/include/px4_msgs/px4_msgs/msg/detail/control_allocator_status__struct.h\n'}
[6.722226] (px4_msgs) StdoutLine: {'line': b'-- Up-to-date symlink: /home/giromi/Repos/VTOL/ws_sensor_combined_src/install/px4_msgs/include/px4_msgs/px4_msgs/msg/detail/control_allocator_status__type_support.h\n'}
[6.722485] (px4_msgs) StdoutLine: {'line': b'-- Up-to-date symlink: /home/giromi/Repos/VTOL/ws_sensor_combined_src/install/px4_msgs/include/px4_msgs/px4_msgs/msg/detail/cpuload__functions.h\n'}
[6.722775] (px4_msgs) StdoutLine: {'line': b'-- Up-to-date symlink: /home/giromi/Repos/VTOL/ws_sensor_combined_src/install/px4_msgs/include/px4_msgs/px4_msgs/msg/detail/cpuload__struct.h\n'}
[6.723049] (px4_msgs) StdoutLine: {'line': b'-- Up-to-date symlink: /home/giromi/Repos/VTOL/ws_sensor_combined_src/install/px4_msgs/include/px4_msgs/px4_msgs/msg/detail/cpuload__type_support.h\n'}
[6.723303] (px4_msgs) StdoutLine: {'line': b'-- Up-to-date symlink: /home/giromi/Repos/VTOL/ws_sensor_combined_src/install/px4_msgs/include/px4_msgs/px4_msgs/msg/detail/dataman_request__functions.h\n'}
[6.723569] (px4_msgs) StdoutLine: {'line': b'-- Up-to-date symlink: /home/giromi/Repos/VTOL/ws_sensor_combined_src/install/px4_msgs/include/px4_msgs/px4_msgs/msg/detail/dataman_request__struct.h\n'}
[6.723781] (px4_msgs) StdoutLine: {'line': b'-- Up-to-date symlink: /home/giromi/Repos/VTOL/ws_sensor_combined_src/install/px4_msgs/include/px4_msgs/px4_msgs/msg/detail/dataman_request__type_support.h\n'}
[6.724085] (px4_msgs) StdoutLine: {'line': b'-- Up-to-date symlink: /home/giromi/Repos/VTOL/ws_sensor_combined_src/install/px4_msgs/include/px4_msgs/px4_msgs/msg/detail/dataman_response__functions.h\n'}
[6.724394] (px4_msgs) StdoutLine: {'line': b'-- Up-to-date symlink: /home/giromi/Repos/VTOL/ws_sensor_combined_src/install/px4_msgs/include/px4_msgs/px4_msgs/msg/detail/dataman_response__struct.h\n'}
[6.724692] (px4_msgs) StdoutLine: {'line': b'-- Up-to-date symlink: /home/giromi/Repos/VTOL/ws_sensor_combined_src/install/px4_msgs/include/px4_msgs/px4_msgs/msg/detail/dataman_response__type_support.h\n'}
[6.724968] (px4_msgs) StdoutLine: {'line': b'-- Up-to-date symlink: /home/giromi/Repos/VTOL/ws_sensor_combined_src/install/px4_msgs/include/px4_msgs/px4_msgs/msg/detail/debug_array__functions.h\n'}
[6.725314] (px4_msgs) StdoutLine: {'line': b'-- Up-to-date symlink: /home/giromi/Repos/VTOL/ws_sensor_combined_src/install/px4_msgs/include/px4_msgs/px4_msgs/msg/detail/debug_array__struct.h\n'}
[6.725566] (px4_msgs) StdoutLine: {'line': b'-- Up-to-date symlink: /home/giromi/Repos/VTOL/ws_sensor_combined_src/install/px4_msgs/include/px4_msgs/px4_msgs/msg/detail/debug_array__type_support.h\n'}
[6.725804] (px4_msgs) StdoutLine: {'line': b'-- Up-to-date symlink: /home/giromi/Repos/VTOL/ws_sensor_combined_src/install/px4_msgs/include/px4_msgs/px4_msgs/msg/detail/debug_key_value__functions.h\n'}
[6.726047] (px4_msgs) StdoutLine: {'line': b'-- Up-to-date symlink: /home/giromi/Repos/VTOL/ws_sensor_combined_src/install/px4_msgs/include/px4_msgs/px4_msgs/msg/detail/debug_key_value__struct.h\n'}
[6.726344] (px4_msgs) StdoutLine: {'line': b'-- Up-to-date symlink: /home/giromi/Repos/VTOL/ws_sensor_combined_src/install/px4_msgs/include/px4_msgs/px4_msgs/msg/detail/debug_key_value__type_support.h\n'}
[6.726617] (px4_msgs) StdoutLine: {'line': b'-- Up-to-date symlink: /home/giromi/Repos/VTOL/ws_sensor_combined_src/install/px4_msgs/include/px4_msgs/px4_msgs/msg/detail/debug_value__functions.h\n'}
[6.726856] (px4_msgs) StdoutLine: {'line': b'-- Up-to-date symlink: /home/giromi/Repos/VTOL/ws_sensor_combined_src/install/px4_msgs/include/px4_msgs/px4_msgs/msg/detail/debug_value__struct.h\n'}
[6.727110] (px4_msgs) StdoutLine: {'line': b'-- Up-to-date symlink: /home/giromi/Repos/VTOL/ws_sensor_combined_src/install/px4_msgs/include/px4_msgs/px4_msgs/msg/detail/debug_value__type_support.h\n'}
[6.727355] (px4_msgs) StdoutLine: {'line': b'-- Up-to-date symlink: /home/giromi/Repos/VTOL/ws_sensor_combined_src/install/px4_msgs/include/px4_msgs/px4_msgs/msg/detail/debug_vect__functions.h\n'}
[6.727580] (px4_msgs) StdoutLine: {'line': b'-- Up-to-date symlink: /home/giromi/Repos/VTOL/ws_sensor_combined_src/install/px4_msgs/include/px4_msgs/px4_msgs/msg/detail/debug_vect__struct.h\n'}
[6.727823] (px4_msgs) StdoutLine: {'line': b'-- Up-to-date symlink: /home/giromi/Repos/VTOL/ws_sensor_combined_src/install/px4_msgs/include/px4_msgs/px4_msgs/msg/detail/debug_vect__type_support.h\n'}
[6.728132] (px4_msgs) StdoutLine: {'line': b'-- Up-to-date symlink: /home/giromi/Repos/VTOL/ws_sensor_combined_src/install/px4_msgs/include/px4_msgs/px4_msgs/msg/detail/differential_drive_setpoint__functions.h\n'}
[6.728353] (px4_msgs) StdoutLine: {'line': b'-- Up-to-date symlink: /home/giromi/Repos/VTOL/ws_sensor_combined_src/install/px4_msgs/include/px4_msgs/px4_msgs/msg/detail/differential_drive_setpoint__struct.h\n'}
[6.728599] (px4_msgs) StdoutLine: {'line': b'-- Up-to-date symlink: /home/giromi/Repos/VTOL/ws_sensor_combined_src/install/px4_msgs/include/px4_msgs/px4_msgs/msg/detail/differential_drive_setpoint__type_support.h\n'}
[6.728846] (px4_msgs) StdoutLine: {'line': b'-- Up-to-date symlink: /home/giromi/Repos/VTOL/ws_sensor_combined_src/install/px4_msgs/include/px4_msgs/px4_msgs/msg/detail/differential_pressure__functions.h\n'}
[6.729097] (px4_msgs) StdoutLine: {'line': b'-- Up-to-date symlink: /home/giromi/Repos/VTOL/ws_sensor_combined_src/install/px4_msgs/include/px4_msgs/px4_msgs/msg/detail/differential_pressure__struct.h\n'}
[6.729306] (px4_msgs) StdoutLine: {'line': b'-- Up-to-date symlink: /home/giromi/Repos/VTOL/ws_sensor_combined_src/install/px4_msgs/include/px4_msgs/px4_msgs/msg/detail/differential_pressure__type_support.h\n'}
[6.729591] (px4_msgs) StdoutLine: {'line': b'-- Up-to-date symlink: /home/giromi/Repos/VTOL/ws_sensor_combined_src/install/px4_msgs/include/px4_msgs/px4_msgs/msg/detail/distance_sensor__functions.h\n'}
[6.729851] (px4_msgs) StdoutLine: {'line': b'-- Up-to-date symlink: /home/giromi/Repos/VTOL/ws_sensor_combined_src/install/px4_msgs/include/px4_msgs/px4_msgs/msg/detail/distance_sensor__struct.h\n'}
[6.730101] (px4_msgs) StdoutLine: {'line': b'-- Up-to-date symlink: /home/giromi/Repos/VTOL/ws_sensor_combined_src/install/px4_msgs/include/px4_msgs/px4_msgs/msg/detail/distance_sensor__type_support.h\n'}
[6.730369] (px4_msgs) StdoutLine: {'line': b'-- Up-to-date symlink: /home/giromi/Repos/VTOL/ws_sensor_combined_src/install/px4_msgs/include/px4_msgs/px4_msgs/msg/detail/ekf2_timestamps__functions.h\n'}
[6.730652] (px4_msgs) StdoutLine: {'line': b'-- Up-to-date symlink: /home/giromi/Repos/VTOL/ws_sensor_combined_src/install/px4_msgs/include/px4_msgs/px4_msgs/msg/detail/ekf2_timestamps__struct.h\n'}
[6.730923] (px4_msgs) StdoutLine: {'line': b'-- Up-to-date symlink: /home/giromi/Repos/VTOL/ws_sensor_combined_src/install/px4_msgs/include/px4_msgs/px4_msgs/msg/detail/ekf2_timestamps__type_support.h\n'}
[6.731200] (px4_msgs) StdoutLine: {'line': b'-- Up-to-date symlink: /home/giromi/Repos/VTOL/ws_sensor_combined_src/install/px4_msgs/include/px4_msgs/px4_msgs/msg/detail/esc_report__functions.h\n'}
[6.731476] (px4_msgs) StdoutLine: {'line': b'-- Up-to-date symlink: /home/giromi/Repos/VTOL/ws_sensor_combined_src/install/px4_msgs/include/px4_msgs/px4_msgs/msg/detail/esc_report__struct.h\n'}
[6.731742] (px4_msgs) StdoutLine: {'line': b'-- Up-to-date symlink: /home/giromi/Repos/VTOL/ws_sensor_combined_src/install/px4_msgs/include/px4_msgs/px4_msgs/msg/detail/esc_report__type_support.h\n'}
[6.732039] (px4_msgs) StdoutLine: {'line': b'-- Up-to-date symlink: /home/giromi/Repos/VTOL/ws_sensor_combined_src/install/px4_msgs/include/px4_msgs/px4_msgs/msg/detail/esc_status__functions.h\n'}
[6.732333] (px4_msgs) StdoutLine: {'line': b'-- Up-to-date symlink: /home/giromi/Repos/VTOL/ws_sensor_combined_src/install/px4_msgs/include/px4_msgs/px4_msgs/msg/detail/esc_status__struct.h\n'}
[6.732576] (px4_msgs) StdoutLine: {'line': b'-- Up-to-date symlink: /home/giromi/Repos/VTOL/ws_sensor_combined_src/install/px4_msgs/include/px4_msgs/px4_msgs/msg/detail/esc_status__type_support.h\n'}
[6.732807] (px4_msgs) StdoutLine: {'line': b'-- Up-to-date symlink: /home/giromi/Repos/VTOL/ws_sensor_combined_src/install/px4_msgs/include/px4_msgs/px4_msgs/msg/detail/estimator_aid_source1d__functions.h\n'}
[6.733078] (px4_msgs) StdoutLine: {'line': b'-- Up-to-date symlink: /home/giromi/Repos/VTOL/ws_sensor_combined_src/install/px4_msgs/include/px4_msgs/px4_msgs/msg/detail/estimator_aid_source1d__struct.h\n'}
[6.733342] (px4_msgs) StdoutLine: {'line': b'-- Up-to-date symlink: /home/giromi/Repos/VTOL/ws_sensor_combined_src/install/px4_msgs/include/px4_msgs/px4_msgs/msg/detail/estimator_aid_source1d__type_support.h\n'}
[6.733581] (px4_msgs) StdoutLine: {'line': b'-- Up-to-date symlink: /home/giromi/Repos/VTOL/ws_sensor_combined_src/install/px4_msgs/include/px4_msgs/px4_msgs/msg/detail/estimator_aid_source2d__functions.h\n'}
[6.733871] (px4_msgs) StdoutLine: {'line': b'-- Up-to-date symlink: /home/giromi/Repos/VTOL/ws_sensor_combined_src/install/px4_msgs/include/px4_msgs/px4_msgs/msg/detail/estimator_aid_source2d__struct.h\n'}
[6.734145] (px4_msgs) StdoutLine: {'line': b'-- Up-to-date symlink: /home/giromi/Repos/VTOL/ws_sensor_combined_src/install/px4_msgs/include/px4_msgs/px4_msgs/msg/detail/estimator_aid_source2d__type_support.h\n'}
[6.734422] (px4_msgs) StdoutLine: {'line': b'-- Up-to-date symlink: /home/giromi/Repos/VTOL/ws_sensor_combined_src/install/px4_msgs/include/px4_msgs/px4_msgs/msg/detail/estimator_aid_source3d__functions.h\n'}
[6.734691] (px4_msgs) StdoutLine: {'line': b'-- Up-to-date symlink: /home/giromi/Repos/VTOL/ws_sensor_combined_src/install/px4_msgs/include/px4_msgs/px4_msgs/msg/detail/estimator_aid_source3d__struct.h\n'}
[6.734897] (px4_msgs) StdoutLine: {'line': b'-- Up-to-date symlink: /home/giromi/Repos/VTOL/ws_sensor_combined_src/install/px4_msgs/include/px4_msgs/px4_msgs/msg/detail/estimator_aid_source3d__type_support.h\n'}
[6.735169] (px4_msgs) StdoutLine: {'line': b'-- Up-to-date symlink: /home/giromi/Repos/VTOL/ws_sensor_combined_src/install/px4_msgs/include/px4_msgs/px4_msgs/msg/detail/estimator_bias3d__functions.h\n'}
[6.735401] (px4_msgs) StdoutLine: {'line': b'-- Up-to-date symlink: /home/giromi/Repos/VTOL/ws_sensor_combined_src/install/px4_msgs/include/px4_msgs/px4_msgs/msg/detail/estimator_bias3d__struct.h\n'}
[6.735618] (px4_msgs) StdoutLine: {'line': b'-- Up-to-date symlink: /home/giromi/Repos/VTOL/ws_sensor_combined_src/install/px4_msgs/include/px4_msgs/px4_msgs/msg/detail/estimator_bias3d__type_support.h\n'}
[6.735873] (px4_msgs) StdoutLine: {'line': b'-- Up-to-date symlink: /home/giromi/Repos/VTOL/ws_sensor_combined_src/install/px4_msgs/include/px4_msgs/px4_msgs/msg/detail/estimator_bias__functions.h\n'}
[6.736153] (px4_msgs) StdoutLine: {'line': b'-- Up-to-date symlink: /home/giromi/Repos/VTOL/ws_sensor_combined_src/install/px4_msgs/include/px4_msgs/px4_msgs/msg/detail/estimator_bias__struct.h\n'}
[6.736408] (px4_msgs) StdoutLine: {'line': b'-- Up-to-date symlink: /home/giromi/Repos/VTOL/ws_sensor_combined_src/install/px4_msgs/include/px4_msgs/px4_msgs/msg/detail/estimator_bias__type_support.h\n'}
[6.736649] (px4_msgs) StdoutLine: {'line': b'-- Up-to-date symlink: /home/giromi/Repos/VTOL/ws_sensor_combined_src/install/px4_msgs/include/px4_msgs/px4_msgs/msg/detail/estimator_event_flags__functions.h\n'}
[6.736861] (px4_msgs) StdoutLine: {'line': b'-- Up-to-date symlink: /home/giromi/Repos/VTOL/ws_sensor_combined_src/install/px4_msgs/include/px4_msgs/px4_msgs/msg/detail/estimator_event_flags__struct.h\n'}
[6.737136] (px4_msgs) StdoutLine: {'line': b'-- Up-to-date symlink: /home/giromi/Repos/VTOL/ws_sensor_combined_src/install/px4_msgs/include/px4_msgs/px4_msgs/msg/detail/estimator_event_flags__type_support.h\n'}
[6.737393] (px4_msgs) StdoutLine: {'line': b'-- Up-to-date symlink: /home/giromi/Repos/VTOL/ws_sensor_combined_src/install/px4_msgs/include/px4_msgs/px4_msgs/msg/detail/estimator_gps_status__functions.h\n'}
[6.737604] (px4_msgs) StdoutLine: {'line': b'-- Up-to-date symlink: /home/giromi/Repos/VTOL/ws_sensor_combined_src/install/px4_msgs/include/px4_msgs/px4_msgs/msg/detail/estimator_gps_status__struct.h\n'}
[6.737858] (px4_msgs) StdoutLine: {'line': b'-- Up-to-date symlink: /home/giromi/Repos/VTOL/ws_sensor_combined_src/install/px4_msgs/include/px4_msgs/px4_msgs/msg/detail/estimator_gps_status__type_support.h\n'}
[6.738113] (px4_msgs) StdoutLine: {'line': b'-- Up-to-date symlink: /home/giromi/Repos/VTOL/ws_sensor_combined_src/install/px4_msgs/include/px4_msgs/px4_msgs/msg/detail/estimator_innovations__functions.h\n'}
[6.738318] (px4_msgs) StdoutLine: {'line': b'-- Up-to-date symlink: /home/giromi/Repos/VTOL/ws_sensor_combined_src/install/px4_msgs/include/px4_msgs/px4_msgs/msg/detail/estimator_innovations__struct.h\n'}
[6.738566] (px4_msgs) StdoutLine: {'line': b'-- Up-to-date symlink: /home/giromi/Repos/VTOL/ws_sensor_combined_src/install/px4_msgs/include/px4_msgs/px4_msgs/msg/detail/estimator_innovations__type_support.h\n'}
[6.738801] (px4_msgs) StdoutLine: {'line': b'-- Up-to-date symlink: /home/giromi/Repos/VTOL/ws_sensor_combined_src/install/px4_msgs/include/px4_msgs/px4_msgs/msg/detail/estimator_selector_status__functions.h\n'}
[6.739057] (px4_msgs) StdoutLine: {'line': b'-- Up-to-date symlink: /home/giromi/Repos/VTOL/ws_sensor_combined_src/install/px4_msgs/include/px4_msgs/px4_msgs/msg/detail/estimator_selector_status__struct.h\n'}
[6.739286] (px4_msgs) StdoutLine: {'line': b'-- Up-to-date symlink: /home/giromi/Repos/VTOL/ws_sensor_combined_src/install/px4_msgs/include/px4_msgs/px4_msgs/msg/detail/estimator_selector_status__type_support.h\n'}
[6.739527] (px4_msgs) StdoutLine: {'line': b'-- Up-to-date symlink: /home/giromi/Repos/VTOL/ws_sensor_combined_src/install/px4_msgs/include/px4_msgs/px4_msgs/msg/detail/estimator_sensor_bias__functions.h\n'}
[6.739771] (px4_msgs) StdoutLine: {'line': b'-- Up-to-date symlink: /home/giromi/Repos/VTOL/ws_sensor_combined_src/install/px4_msgs/include/px4_msgs/px4_msgs/msg/detail/estimator_sensor_bias__struct.h\n'}
[6.740076] (px4_msgs) StdoutLine: {'line': b'-- Up-to-date symlink: /home/giromi/Repos/VTOL/ws_sensor_combined_src/install/px4_msgs/include/px4_msgs/px4_msgs/msg/detail/estimator_sensor_bias__type_support.h\n'}
[6.740407] (px4_msgs) StdoutLine: {'line': b'-- Up-to-date symlink: /home/giromi/Repos/VTOL/ws_sensor_combined_src/install/px4_msgs/include/px4_msgs/px4_msgs/msg/detail/estimator_states__functions.h\n'}
[6.740635] (px4_msgs) StdoutLine: {'line': b'-- Up-to-date symlink: /home/giromi/Repos/VTOL/ws_sensor_combined_src/install/px4_msgs/include/px4_msgs/px4_msgs/msg/detail/estimator_states__struct.h\n'}
[6.740886] (px4_msgs) StdoutLine: {'line': b'-- Up-to-date symlink: /home/giromi/Repos/VTOL/ws_sensor_combined_src/install/px4_msgs/include/px4_msgs/px4_msgs/msg/detail/estimator_states__type_support.h\n'}
[6.741184] (px4_msgs) StdoutLine: {'line': b'-- Up-to-date symlink: /home/giromi/Repos/VTOL/ws_sensor_combined_src/install/px4_msgs/include/px4_msgs/px4_msgs/msg/detail/estimator_status__functions.h\n'}
[6.741455] (px4_msgs) StdoutLine: {'line': b'-- Up-to-date symlink: /home/giromi/Repos/VTOL/ws_sensor_combined_src/install/px4_msgs/include/px4_msgs/px4_msgs/msg/detail/estimator_status__struct.h\n'}
[6.741695] (px4_msgs) StdoutLine: {'line': b'-- Up-to-date symlink: /home/giromi/Repos/VTOL/ws_sensor_combined_src/install/px4_msgs/include/px4_msgs/px4_msgs/msg/detail/estimator_status__type_support.h\n'}
[6.741939] (px4_msgs) StdoutLine: {'line': b'-- Up-to-date symlink: /home/giromi/Repos/VTOL/ws_sensor_combined_src/install/px4_msgs/include/px4_msgs/px4_msgs/msg/detail/estimator_status_flags__functions.h\n'}
[6.742190] (px4_msgs) StdoutLine: {'line': b'-- Up-to-date symlink: /home/giromi/Repos/VTOL/ws_sensor_combined_src/install/px4_msgs/include/px4_msgs/px4_msgs/msg/detail/estimator_status_flags__struct.h\n'}
[6.742449] (px4_msgs) StdoutLine: {'line': b'-- Up-to-date symlink: /home/giromi/Repos/VTOL/ws_sensor_combined_src/install/px4_msgs/include/px4_msgs/px4_msgs/msg/detail/estimator_status_flags__type_support.h\n'}
[6.742692] (px4_msgs) StdoutLine: {'line': b'-- Up-to-date symlink: /home/giromi/Repos/VTOL/ws_sensor_combined_src/install/px4_msgs/include/px4_msgs/px4_msgs/msg/detail/event__functions.h\n'}
[6.742939] (px4_msgs) StdoutLine: {'line': b'-- Up-to-date symlink: /home/giromi/Repos/VTOL/ws_sensor_combined_src/install/px4_msgs/include/px4_msgs/px4_msgs/msg/detail/event__struct.h\n'}
[6.743270] (px4_msgs) StdoutLine: {'line': b'-- Up-to-date symlink: /home/giromi/Repos/VTOL/ws_sensor_combined_src/install/px4_msgs/include/px4_msgs/px4_msgs/msg/detail/event__type_support.h\n'}
[6.743511] (px4_msgs) StdoutLine: {'line': b'-- Up-to-date symlink: /home/giromi/Repos/VTOL/ws_sensor_combined_src/install/px4_msgs/include/px4_msgs/px4_msgs/msg/detail/failsafe_flags__functions.h\n'}
[6.743810] (px4_msgs) StdoutLine: {'line': b'-- Up-to-date symlink: /home/giromi/Repos/VTOL/ws_sensor_combined_src/install/px4_msgs/include/px4_msgs/px4_msgs/msg/detail/failsafe_flags__struct.h\n'}
[6.744095] (px4_msgs) StdoutLine: {'line': b'-- Up-to-date symlink: /home/giromi/Repos/VTOL/ws_sensor_combined_src/install/px4_msgs/include/px4_msgs/px4_msgs/msg/detail/failsafe_flags__type_support.h\n'}
[6.744331] (px4_msgs) StdoutLine: {'line': b'-- Up-to-date symlink: /home/giromi/Repos/VTOL/ws_sensor_combined_src/install/px4_msgs/include/px4_msgs/px4_msgs/msg/detail/failure_detector_status__functions.h\n'}
[6.744579] (px4_msgs) StdoutLine: {'line': b'-- Up-to-date symlink: /home/giromi/Repos/VTOL/ws_sensor_combined_src/install/px4_msgs/include/px4_msgs/px4_msgs/msg/detail/failure_detector_status__struct.h\n'}
[6.744823] (px4_msgs) StdoutLine: {'line': b'-- Up-to-date symlink: /home/giromi/Repos/VTOL/ws_sensor_combined_src/install/px4_msgs/include/px4_msgs/px4_msgs/msg/detail/failure_detector_status__type_support.h\n'}
[6.745094] (px4_msgs) StdoutLine: {'line': b'-- Up-to-date symlink: /home/giromi/Repos/VTOL/ws_sensor_combined_src/install/px4_msgs/include/px4_msgs/px4_msgs/msg/detail/figure_eight_status__functions.h\n'}
[6.745346] (px4_msgs) StdoutLine: {'line': b'-- Up-to-date symlink: /home/giromi/Repos/VTOL/ws_sensor_combined_src/install/px4_msgs/include/px4_msgs/px4_msgs/msg/detail/figure_eight_status__struct.h\n'}
[6.745586] (px4_msgs) StdoutLine: {'line': b'-- Up-to-date symlink: /home/giromi/Repos/VTOL/ws_sensor_combined_src/install/px4_msgs/include/px4_msgs/px4_msgs/msg/detail/figure_eight_status__type_support.h\n'}
[6.745827] (px4_msgs) StdoutLine: {'line': b'-- Up-to-date symlink: /home/giromi/Repos/VTOL/ws_sensor_combined_src/install/px4_msgs/include/px4_msgs/px4_msgs/msg/detail/follow_target__functions.h\n'}
[6.746070] (px4_msgs) StdoutLine: {'line': b'-- Up-to-date symlink: /home/giromi/Repos/VTOL/ws_sensor_combined_src/install/px4_msgs/include/px4_msgs/px4_msgs/msg/detail/follow_target__struct.h\n'}
[6.746313] (px4_msgs) StdoutLine: {'line': b'-- Up-to-date symlink: /home/giromi/Repos/VTOL/ws_sensor_combined_src/install/px4_msgs/include/px4_msgs/px4_msgs/msg/detail/follow_target__type_support.h\n'}
[6.746583] (px4_msgs) StdoutLine: {'line': b'-- Up-to-date symlink: /home/giromi/Repos/VTOL/ws_sensor_combined_src/install/px4_msgs/include/px4_msgs/px4_msgs/msg/detail/follow_target_estimator__functions.h\n'}
[6.746853] (px4_msgs) StdoutLine: {'line': b'-- Up-to-date symlink: /home/giromi/Repos/VTOL/ws_sensor_combined_src/install/px4_msgs/include/px4_msgs/px4_msgs/msg/detail/follow_target_estimator__struct.h\n'}
[6.747107] (px4_msgs) StdoutLine: {'line': b'-- Up-to-date symlink: /home/giromi/Repos/VTOL/ws_sensor_combined_src/install/px4_msgs/include/px4_msgs/px4_msgs/msg/detail/follow_target_estimator__type_support.h\n'}
[6.747385] (px4_msgs) StdoutLine: {'line': b'-- Up-to-date symlink: /home/giromi/Repos/VTOL/ws_sensor_combined_src/install/px4_msgs/include/px4_msgs/px4_msgs/msg/detail/follow_target_status__functions.h\n'}
[6.747680] (px4_msgs) StdoutLine: {'line': b'-- Up-to-date symlink: /home/giromi/Repos/VTOL/ws_sensor_combined_src/install/px4_msgs/include/px4_msgs/px4_msgs/msg/detail/follow_target_status__struct.h\n'}
[6.747932] (px4_msgs) StdoutLine: {'line': b'-- Up-to-date symlink: /home/giromi/Repos/VTOL/ws_sensor_combined_src/install/px4_msgs/include/px4_msgs/px4_msgs/msg/detail/follow_target_status__type_support.h\n'}
[6.748295] (px4_msgs) StdoutLine: {'line': b'-- Up-to-date symlink: /home/giromi/Repos/VTOL/ws_sensor_combined_src/install/px4_msgs/include/px4_msgs/px4_msgs/msg/detail/generator_status__functions.h\n'}
[6.748577] (px4_msgs) StdoutLine: {'line': b'-- Up-to-date symlink: /home/giromi/Repos/VTOL/ws_sensor_combined_src/install/px4_msgs/include/px4_msgs/px4_msgs/msg/detail/generator_status__struct.h\n'}
[6.748822] (px4_msgs) StdoutLine: {'line': b'-- Up-to-date symlink: /home/giromi/Repos/VTOL/ws_sensor_combined_src/install/px4_msgs/include/px4_msgs/px4_msgs/msg/detail/generator_status__type_support.h\n'}
[6.749104] (px4_msgs) StdoutLine: {'line': b'-- Up-to-date symlink: /home/giromi/Repos/VTOL/ws_sensor_combined_src/install/px4_msgs/include/px4_msgs/px4_msgs/msg/detail/geofence_result__functions.h\n'}
[6.749429] (px4_msgs) StdoutLine: {'line': b'-- Up-to-date symlink: /home/giromi/Repos/VTOL/ws_sensor_combined_src/install/px4_msgs/include/px4_msgs/px4_msgs/msg/detail/geofence_result__struct.h\n'}
[6.749656] (px4_msgs) StdoutLine: {'line': b'-- Up-to-date symlink: /home/giromi/Repos/VTOL/ws_sensor_combined_src/install/px4_msgs/include/px4_msgs/px4_msgs/msg/detail/geofence_result__type_support.h\n'}
[6.749904] (px4_msgs) StdoutLine: {'line': b'-- Up-to-date symlink: /home/giromi/Repos/VTOL/ws_sensor_combined_src/install/px4_msgs/include/px4_msgs/px4_msgs/msg/detail/gimbal_controls__functions.h\n'}
[6.750213] (px4_msgs) StdoutLine: {'line': b'-- Up-to-date symlink: /home/giromi/Repos/VTOL/ws_sensor_combined_src/install/px4_msgs/include/px4_msgs/px4_msgs/msg/detail/gimbal_controls__struct.h\n'}
[6.750511] (px4_msgs) StdoutLine: {'line': b'-- Up-to-date symlink: /home/giromi/Repos/VTOL/ws_sensor_combined_src/install/px4_msgs/include/px4_msgs/px4_msgs/msg/detail/gimbal_controls__type_support.h\n'}
[6.750762] (px4_msgs) StdoutLine: {'line': b'-- Up-to-date symlink: /home/giromi/Repos/VTOL/ws_sensor_combined_src/install/px4_msgs/include/px4_msgs/px4_msgs/msg/detail/gimbal_device_attitude_status__functions.h\n'}
[6.751036] (px4_msgs) StdoutLine: {'line': b'-- Up-to-date symlink: /home/giromi/Repos/VTOL/ws_sensor_combined_src/install/px4_msgs/include/px4_msgs/px4_msgs/msg/detail/gimbal_device_attitude_status__struct.h\n'}
[6.751386] (px4_msgs) StdoutLine: {'line': b'-- Up-to-date symlink: /home/giromi/Repos/VTOL/ws_sensor_combined_src/install/px4_msgs/include/px4_msgs/px4_msgs/msg/detail/gimbal_device_attitude_status__type_support.h\n'}
[6.751645] (px4_msgs) StdoutLine: {'line': b'-- Up-to-date symlink: /home/giromi/Repos/VTOL/ws_sensor_combined_src/install/px4_msgs/include/px4_msgs/px4_msgs/msg/detail/gimbal_device_information__functions.h\n'}
[6.751900] (px4_msgs) StdoutLine: {'line': b'-- Up-to-date symlink: /home/giromi/Repos/VTOL/ws_sensor_combined_src/install/px4_msgs/include/px4_msgs/px4_msgs/msg/detail/gimbal_device_information__struct.h\n'}
[6.752308] (px4_msgs) StdoutLine: {'line': b'-- Up-to-date symlink: /home/giromi/Repos/VTOL/ws_sensor_combined_src/install/px4_msgs/include/px4_msgs/px4_msgs/msg/detail/gimbal_device_information__type_support.h\n'}
[6.752560] (px4_msgs) StdoutLine: {'line': b'-- Up-to-date symlink: /home/giromi/Repos/VTOL/ws_sensor_combined_src/install/px4_msgs/include/px4_msgs/px4_msgs/msg/detail/gimbal_device_set_attitude__functions.h\n'}
[6.752798] (px4_msgs) StdoutLine: {'line': b'-- Up-to-date symlink: /home/giromi/Repos/VTOL/ws_sensor_combined_src/install/px4_msgs/include/px4_msgs/px4_msgs/msg/detail/gimbal_device_set_attitude__struct.h\n'}
[6.753071] (px4_msgs) StdoutLine: {'line': b'-- Up-to-date symlink: /home/giromi/Repos/VTOL/ws_sensor_combined_src/install/px4_msgs/include/px4_msgs/px4_msgs/msg/detail/gimbal_device_set_attitude__type_support.h\n'}
[6.753420] (px4_msgs) StdoutLine: {'line': b'-- Up-to-date symlink: /home/giromi/Repos/VTOL/ws_sensor_combined_src/install/px4_msgs/include/px4_msgs/px4_msgs/msg/detail/gimbal_manager_information__functions.h\n'}
[6.753651] (px4_msgs) StdoutLine: {'line': b'-- Up-to-date symlink: /home/giromi/Repos/VTOL/ws_sensor_combined_src/install/px4_msgs/include/px4_msgs/px4_msgs/msg/detail/gimbal_manager_information__struct.h\n'}
[6.753887] (px4_msgs) StdoutLine: {'line': b'-- Up-to-date symlink: /home/giromi/Repos/VTOL/ws_sensor_combined_src/install/px4_msgs/include/px4_msgs/px4_msgs/msg/detail/gimbal_manager_information__type_support.h\n'}
[6.754256] (px4_msgs) StdoutLine: {'line': b'-- Up-to-date symlink: /home/giromi/Repos/VTOL/ws_sensor_combined_src/install/px4_msgs/include/px4_msgs/px4_msgs/msg/detail/gimbal_manager_set_attitude__functions.h\n'}
[6.754527] (px4_msgs) StdoutLine: {'line': b'-- Up-to-date symlink: /home/giromi/Repos/VTOL/ws_sensor_combined_src/install/px4_msgs/include/px4_msgs/px4_msgs/msg/detail/gimbal_manager_set_attitude__struct.h\n'}
[6.754794] (px4_msgs) StdoutLine: {'line': b'-- Up-to-date symlink: /home/giromi/Repos/VTOL/ws_sensor_combined_src/install/px4_msgs/include/px4_msgs/px4_msgs/msg/detail/gimbal_manager_set_attitude__type_support.h\n'}
[6.755061] (px4_msgs) StdoutLine: {'line': b'-- Up-to-date symlink: /home/giromi/Repos/VTOL/ws_sensor_combined_src/install/px4_msgs/include/px4_msgs/px4_msgs/msg/detail/gimbal_manager_set_manual_control__functions.h\n'}
[6.755399] (px4_msgs) StdoutLine: {'line': b'-- Up-to-date symlink: /home/giromi/Repos/VTOL/ws_sensor_combined_src/install/px4_msgs/include/px4_msgs/px4_msgs/msg/detail/gimbal_manager_set_manual_control__struct.h\n'}
[6.755648] (px4_msgs) StdoutLine: {'line': b'-- Up-to-date symlink: /home/giromi/Repos/VTOL/ws_sensor_combined_src/install/px4_msgs/include/px4_msgs/px4_msgs/msg/detail/gimbal_manager_set_manual_control__type_support.h\n'}
[6.755927] (px4_msgs) StdoutLine: {'line': b'-- Up-to-date symlink: /home/giromi/Repos/VTOL/ws_sensor_combined_src/install/px4_msgs/include/px4_msgs/px4_msgs/msg/detail/gimbal_manager_status__functions.h\n'}
[6.756388] (px4_msgs) StdoutLine: {'line': b'-- Up-to-date symlink: /home/giromi/Repos/VTOL/ws_sensor_combined_src/install/px4_msgs/include/px4_msgs/px4_msgs/msg/detail/gimbal_manager_status__struct.h\n'}
[6.756589] (px4_msgs) StdoutLine: {'line': b'-- Up-to-date symlink: /home/giromi/Repos/VTOL/ws_sensor_combined_src/install/px4_msgs/include/px4_msgs/px4_msgs/msg/detail/gimbal_manager_status__type_support.h\n'}
[6.756877] (px4_msgs) StdoutLine: {'line': b'-- Up-to-date symlink: /home/giromi/Repos/VTOL/ws_sensor_combined_src/install/px4_msgs/include/px4_msgs/px4_msgs/msg/detail/goto_setpoint__functions.h\n'}
[6.757180] (px4_msgs) StdoutLine: {'line': b'-- Up-to-date symlink: /home/giromi/Repos/VTOL/ws_sensor_combined_src/install/px4_msgs/include/px4_msgs/px4_msgs/msg/detail/goto_setpoint__struct.h\n'}
[6.757506] (px4_msgs) StdoutLine: {'line': b'-- Up-to-date symlink: /home/giromi/Repos/VTOL/ws_sensor_combined_src/install/px4_msgs/include/px4_msgs/px4_msgs/msg/detail/goto_setpoint__type_support.h\n'}
[6.757752] (px4_msgs) StdoutLine: {'line': b'-- Up-to-date symlink: /home/giromi/Repos/VTOL/ws_sensor_combined_src/install/px4_msgs/include/px4_msgs/px4_msgs/msg/detail/gpio_config__functions.h\n'}
[6.758013] (px4_msgs) StdoutLine: {'line': b'-- Up-to-date symlink: /home/giromi/Repos/VTOL/ws_sensor_combined_src/install/px4_msgs/include/px4_msgs/px4_msgs/msg/detail/gpio_config__struct.h\n'}
[6.758300] (px4_msgs) StdoutLine: {'line': b'-- Up-to-date symlink: /home/giromi/Repos/VTOL/ws_sensor_combined_src/install/px4_msgs/include/px4_msgs/px4_msgs/msg/detail/gpio_config__type_support.h\n'}
[6.758562] (px4_msgs) StdoutLine: {'line': b'-- Up-to-date symlink: /home/giromi/Repos/VTOL/ws_sensor_combined_src/install/px4_msgs/include/px4_msgs/px4_msgs/msg/detail/gpio_in__functions.h\n'}
[6.758857] (px4_msgs) StdoutLine: {'line': b'-- Up-to-date symlink: /home/giromi/Repos/VTOL/ws_sensor_combined_src/install/px4_msgs/include/px4_msgs/px4_msgs/msg/detail/gpio_in__struct.h\n'}
[6.759154] (px4_msgs) StdoutLine: {'line': b'-- Up-to-date symlink: /home/giromi/Repos/VTOL/ws_sensor_combined_src/install/px4_msgs/include/px4_msgs/px4_msgs/msg/detail/gpio_in__type_support.h\n'}
[6.759422] (px4_msgs) StdoutLine: {'line': b'-- Up-to-date symlink: /home/giromi/Repos/VTOL/ws_sensor_combined_src/install/px4_msgs/include/px4_msgs/px4_msgs/msg/detail/gpio_out__functions.h\n'}
[6.759662] (px4_msgs) StdoutLine: {'line': b'-- Up-to-date symlink: /home/giromi/Repos/VTOL/ws_sensor_combined_src/install/px4_msgs/include/px4_msgs/px4_msgs/msg/detail/gpio_out__struct.h\n'}
[6.759922] (px4_msgs) StdoutLine: {'line': b'-- Up-to-date symlink: /home/giromi/Repos/VTOL/ws_sensor_combined_src/install/px4_msgs/include/px4_msgs/px4_msgs/msg/detail/gpio_out__type_support.h\n'}
[6.760311] (px4_msgs) StdoutLine: {'line': b'-- Up-to-date symlink: /home/giromi/Repos/VTOL/ws_sensor_combined_src/install/px4_msgs/include/px4_msgs/px4_msgs/msg/detail/gpio_request__functions.h\n'}
[6.760565] (px4_msgs) StdoutLine: {'line': b'-- Up-to-date symlink: /home/giromi/Repos/VTOL/ws_sensor_combined_src/install/px4_msgs/include/px4_msgs/px4_msgs/msg/detail/gpio_request__struct.h\n'}
[6.760801] (px4_msgs) StdoutLine: {'line': b'-- Up-to-date symlink: /home/giromi/Repos/VTOL/ws_sensor_combined_src/install/px4_msgs/include/px4_msgs/px4_msgs/msg/detail/gpio_request__type_support.h\n'}
[6.761165] (px4_msgs) StdoutLine: {'line': b'-- Up-to-date symlink: /home/giromi/Repos/VTOL/ws_sensor_combined_src/install/px4_msgs/include/px4_msgs/px4_msgs/msg/detail/gps_dump__functions.h\n'}
[6.761435] (px4_msgs) StdoutLine: {'line': b'-- Up-to-date symlink: /home/giromi/Repos/VTOL/ws_sensor_combined_src/install/px4_msgs/include/px4_msgs/px4_msgs/msg/detail/gps_dump__struct.h\n'}
[6.761702] (px4_msgs) StdoutLine: {'line': b'-- Up-to-date symlink: /home/giromi/Repos/VTOL/ws_sensor_combined_src/install/px4_msgs/include/px4_msgs/px4_msgs/msg/detail/gps_dump__type_support.h\n'}
[6.761954] (px4_msgs) StdoutLine: {'line': b'-- Up-to-date symlink: /home/giromi/Repos/VTOL/ws_sensor_combined_src/install/px4_msgs/include/px4_msgs/px4_msgs/msg/detail/gps_inject_data__functions.h\n'}
[6.762326] (px4_msgs) StdoutLine: {'line': b'-- Up-to-date symlink: /home/giromi/Repos/VTOL/ws_sensor_combined_src/install/px4_msgs/include/px4_msgs/px4_msgs/msg/detail/gps_inject_data__struct.h\n'}
[6.762581] (px4_msgs) StdoutLine: {'line': b'-- Up-to-date symlink: /home/giromi/Repos/VTOL/ws_sensor_combined_src/install/px4_msgs/include/px4_msgs/px4_msgs/msg/detail/gps_inject_data__type_support.h\n'}
[6.762865] (px4_msgs) StdoutLine: {'line': b'-- Up-to-date symlink: /home/giromi/Repos/VTOL/ws_sensor_combined_src/install/px4_msgs/include/px4_msgs/px4_msgs/msg/detail/gripper__functions.h\n'}
[6.763177] (px4_msgs) StdoutLine: {'line': b'-- Up-to-date symlink: /home/giromi/Repos/VTOL/ws_sensor_combined_src/install/px4_msgs/include/px4_msgs/px4_msgs/msg/detail/gripper__struct.h\n'}
[6.763441] (px4_msgs) StdoutLine: {'line': b'-- Up-to-date symlink: /home/giromi/Repos/VTOL/ws_sensor_combined_src/install/px4_msgs/include/px4_msgs/px4_msgs/msg/detail/gripper__type_support.h\n'}
[6.763705] (px4_msgs) StdoutLine: {'line': b'-- Up-to-date symlink: /home/giromi/Repos/VTOL/ws_sensor_combined_src/install/px4_msgs/include/px4_msgs/px4_msgs/msg/detail/health_report__functions.h\n'}
[6.763961] (px4_msgs) StdoutLine: {'line': b'-- Up-to-date symlink: /home/giromi/Repos/VTOL/ws_sensor_combined_src/install/px4_msgs/include/px4_msgs/px4_msgs/msg/detail/health_report__struct.h\n'}
[6.764413] (px4_msgs) StdoutLine: {'line': b'-- Up-to-date symlink: /home/giromi/Repos/VTOL/ws_sensor_combined_src/install/px4_msgs/include/px4_msgs/px4_msgs/msg/detail/health_report__type_support.h\n'}
[6.764669] (px4_msgs) StdoutLine: {'line': b'-- Up-to-date symlink: /home/giromi/Repos/VTOL/ws_sensor_combined_src/install/px4_msgs/include/px4_msgs/px4_msgs/msg/detail/heater_status__functions.h\n'}
[6.764930] (px4_msgs) StdoutLine: {'line': b'-- Up-to-date symlink: /home/giromi/Repos/VTOL/ws_sensor_combined_src/install/px4_msgs/include/px4_msgs/px4_msgs/msg/detail/heater_status__struct.h\n'}
[6.765265] (px4_msgs) StdoutLine: {'line': b'-- Up-to-date symlink: /home/giromi/Repos/VTOL/ws_sensor_combined_src/install/px4_msgs/include/px4_msgs/px4_msgs/msg/detail/heater_status__type_support.h\n'}
[6.765541] (px4_msgs) StdoutLine: {'line': b'-- Up-to-date symlink: /home/giromi/Repos/VTOL/ws_sensor_combined_src/install/px4_msgs/include/px4_msgs/px4_msgs/msg/detail/home_position__functions.h\n'}
[6.765812] (px4_msgs) StdoutLine: {'line': b'-- Up-to-date symlink: /home/giromi/Repos/VTOL/ws_sensor_combined_src/install/px4_msgs/include/px4_msgs/px4_msgs/msg/detail/home_position__struct.h\n'}
[6.766131] (px4_msgs) StdoutLine: {'line': b'-- Up-to-date symlink: /home/giromi/Repos/VTOL/ws_sensor_combined_src/install/px4_msgs/include/px4_msgs/px4_msgs/msg/detail/home_position__type_support.h\n'}
[6.766429] (px4_msgs) StdoutLine: {'line': b'-- Up-to-date symlink: /home/giromi/Repos/VTOL/ws_sensor_combined_src/install/px4_msgs/include/px4_msgs/px4_msgs/msg/detail/hover_thrust_estimate__functions.h\n'}
[6.766709] (px4_msgs) StdoutLine: {'line': b'-- Up-to-date symlink: /home/giromi/Repos/VTOL/ws_sensor_combined_src/install/px4_msgs/include/px4_msgs/px4_msgs/msg/detail/hover_thrust_estimate__struct.h\n'}
[6.766975] (px4_msgs) StdoutLine: {'line': b'-- Up-to-date symlink: /home/giromi/Repos/VTOL/ws_sensor_combined_src/install/px4_msgs/include/px4_msgs/px4_msgs/msg/detail/hover_thrust_estimate__type_support.h\n'}
[6.767321] (px4_msgs) StdoutLine: {'line': b'-- Up-to-date symlink: /home/giromi/Repos/VTOL/ws_sensor_combined_src/install/px4_msgs/include/px4_msgs/px4_msgs/msg/detail/input_rc__functions.h\n'}
[6.767599] (px4_msgs) StdoutLine: {'line': b'-- Up-to-date symlink: /home/giromi/Repos/VTOL/ws_sensor_combined_src/install/px4_msgs/include/px4_msgs/px4_msgs/msg/detail/input_rc__struct.h\n'}
[6.767853] (px4_msgs) StdoutLine: {'line': b'-- Up-to-date symlink: /home/giromi/Repos/VTOL/ws_sensor_combined_src/install/px4_msgs/include/px4_msgs/px4_msgs/msg/detail/input_rc__type_support.h\n'}
[6.768276] (px4_msgs) StdoutLine: {'line': b'-- Up-to-date symlink: /home/giromi/Repos/VTOL/ws_sensor_combined_src/install/px4_msgs/include/px4_msgs/px4_msgs/msg/detail/internal_combustion_engine_status__functions.h\n'}
[6.768577] (px4_msgs) StdoutLine: {'line': b'-- Up-to-date symlink: /home/giromi/Repos/VTOL/ws_sensor_combined_src/install/px4_msgs/include/px4_msgs/px4_msgs/msg/detail/internal_combustion_engine_status__struct.h\n'}
[6.768785] (px4_msgs) StdoutLine: {'line': b'-- Up-to-date symlink: /home/giromi/Repos/VTOL/ws_sensor_combined_src/install/px4_msgs/include/px4_msgs/px4_msgs/msg/detail/internal_combustion_engine_status__type_support.h\n'}
[6.769064] (px4_msgs) StdoutLine: {'line': b'-- Up-to-date symlink: /home/giromi/Repos/VTOL/ws_sensor_combined_src/install/px4_msgs/include/px4_msgs/px4_msgs/msg/detail/iridiumsbd_status__functions.h\n'}
[6.769511] (px4_msgs) StdoutLine: {'line': b'-- Up-to-date symlink: /home/giromi/Repos/VTOL/ws_sensor_combined_src/install/px4_msgs/include/px4_msgs/px4_msgs/msg/detail/iridiumsbd_status__struct.h\n'}
[6.769739] (px4_msgs) StdoutLine: {'line': b'-- Up-to-date symlink: /home/giromi/Repos/VTOL/ws_sensor_combined_src/install/px4_msgs/include/px4_msgs/px4_msgs/msg/detail/iridiumsbd_status__type_support.h\n'}
[6.770011] (px4_msgs) StdoutLine: {'line': b'-- Up-to-date symlink: /home/giromi/Repos/VTOL/ws_sensor_combined_src/install/px4_msgs/include/px4_msgs/px4_msgs/msg/detail/irlock_report__functions.h\n'}
[6.770375] (px4_msgs) StdoutLine: {'line': b'-- Up-to-date symlink: /home/giromi/Repos/VTOL/ws_sensor_combined_src/install/px4_msgs/include/px4_msgs/px4_msgs/msg/detail/irlock_report__struct.h\n'}
[6.770634] (px4_msgs) StdoutLine: {'line': b'-- Up-to-date symlink: /home/giromi/Repos/VTOL/ws_sensor_combined_src/install/px4_msgs/include/px4_msgs/px4_msgs/msg/detail/irlock_report__type_support.h\n'}
[6.770928] (px4_msgs) StdoutLine: {'line': b'-- Up-to-date symlink: /home/giromi/Repos/VTOL/ws_sensor_combined_src/install/px4_msgs/include/px4_msgs/px4_msgs/msg/detail/landing_gear__functions.h\n'}
[6.771181] (px4_msgs) StdoutLine: {'line': b'-- Up-to-date symlink: /home/giromi/Repos/VTOL/ws_sensor_combined_src/install/px4_msgs/include/px4_msgs/px4_msgs/msg/detail/landing_gear__struct.h\n'}
[6.771484] (px4_msgs) StdoutLine: {'line': b'-- Up-to-date symlink: /home/giromi/Repos/VTOL/ws_sensor_combined_src/install/px4_msgs/include/px4_msgs/px4_msgs/msg/detail/landing_gear__type_support.h\n'}
[6.771753] (px4_msgs) StdoutLine: {'line': b'-- Up-to-date symlink: /home/giromi/Repos/VTOL/ws_sensor_combined_src/install/px4_msgs/include/px4_msgs/px4_msgs/msg/detail/landing_gear_wheel__functions.h\n'}
[6.771970] (px4_msgs) StdoutLine: {'line': b'-- Up-to-date symlink: /home/giromi/Repos/VTOL/ws_sensor_combined_src/install/px4_msgs/include/px4_msgs/px4_msgs/msg/detail/landing_gear_wheel__struct.h\n'}
[6.772338] (px4_msgs) StdoutLine: {'line': b'-- Up-to-date symlink: /home/giromi/Repos/VTOL/ws_sensor_combined_src/install/px4_msgs/include/px4_msgs/px4_msgs/msg/detail/landing_gear_wheel__type_support.h\n'}
[6.772582] (px4_msgs) StdoutLine: {'line': b'-- Up-to-date symlink: /home/giromi/Repos/VTOL/ws_sensor_combined_src/install/px4_msgs/include/px4_msgs/px4_msgs/msg/detail/landing_target_innovations__functions.h\n'}
[6.772814] (px4_msgs) StdoutLine: {'line': b'-- Up-to-date symlink: /home/giromi/Repos/VTOL/ws_sensor_combined_src/install/px4_msgs/include/px4_msgs/px4_msgs/msg/detail/landing_target_innovations__struct.h\n'}
[6.773148] (px4_msgs) StdoutLine: {'line': b'-- Up-to-date symlink: /home/giromi/Repos/VTOL/ws_sensor_combined_src/install/px4_msgs/include/px4_msgs/px4_msgs/msg/detail/landing_target_innovations__type_support.h\n'}
[6.773412] (px4_msgs) StdoutLine: {'line': b'-- Up-to-date symlink: /home/giromi/Repos/VTOL/ws_sensor_combined_src/install/px4_msgs/include/px4_msgs/px4_msgs/msg/detail/landing_target_pose__functions.h\n'}
[6.773674] (px4_msgs) StdoutLine: {'line': b'-- Up-to-date symlink: /home/giromi/Repos/VTOL/ws_sensor_combined_src/install/px4_msgs/include/px4_msgs/px4_msgs/msg/detail/landing_target_pose__struct.h\n'}
[6.773942] (px4_msgs) StdoutLine: {'line': b'-- Up-to-date symlink: /home/giromi/Repos/VTOL/ws_sensor_combined_src/install/px4_msgs/include/px4_msgs/px4_msgs/msg/detail/landing_target_pose__type_support.h\n'}
[6.774367] (px4_msgs) StdoutLine: {'line': b'-- Up-to-date symlink: /home/giromi/Repos/VTOL/ws_sensor_combined_src/install/px4_msgs/include/px4_msgs/px4_msgs/msg/detail/launch_detection_status__functions.h\n'}
[6.774662] (px4_msgs) StdoutLine: {'line': b'-- Up-to-date symlink: /home/giromi/Repos/VTOL/ws_sensor_combined_src/install/px4_msgs/include/px4_msgs/px4_msgs/msg/detail/launch_detection_status__struct.h\n'}
[6.774945] (px4_msgs) StdoutLine: {'line': b'-- Up-to-date symlink: /home/giromi/Repos/VTOL/ws_sensor_combined_src/install/px4_msgs/include/px4_msgs/px4_msgs/msg/detail/launch_detection_status__type_support.h\n'}
[6.775201] (px4_msgs) StdoutLine: {'line': b'-- Up-to-date symlink: /home/giromi/Repos/VTOL/ws_sensor_combined_src/install/px4_msgs/include/px4_msgs/px4_msgs/msg/detail/led_control__functions.h\n'}
[6.775475] (px4_msgs) StdoutLine: {'line': b'-- Up-to-date symlink: /home/giromi/Repos/VTOL/ws_sensor_combined_src/install/px4_msgs/include/px4_msgs/px4_msgs/msg/detail/led_control__struct.h\n'}
[6.775780] (px4_msgs) StdoutLine: {'line': b'-- Up-to-date symlink: /home/giromi/Repos/VTOL/ws_sensor_combined_src/install/px4_msgs/include/px4_msgs/px4_msgs/msg/detail/led_control__type_support.h\n'}
[6.776077] (px4_msgs) StdoutLine: {'line': b'-- Up-to-date symlink: /home/giromi/Repos/VTOL/ws_sensor_combined_src/install/px4_msgs/include/px4_msgs/px4_msgs/msg/detail/log_message__functions.h\n'}
[6.776353] (px4_msgs) StdoutLine: {'line': b'-- Up-to-date symlink: /home/giromi/Repos/VTOL/ws_sensor_combined_src/install/px4_msgs/include/px4_msgs/px4_msgs/msg/detail/log_message__struct.h\n'}
[6.776594] (px4_msgs) StdoutLine: {'line': b'-- Up-to-date symlink: /home/giromi/Repos/VTOL/ws_sensor_combined_src/install/px4_msgs/include/px4_msgs/px4_msgs/msg/detail/log_message__type_support.h\n'}
[6.776841] (px4_msgs) StdoutLine: {'line': b'-- Up-to-date symlink: /home/giromi/Repos/VTOL/ws_sensor_combined_src/install/px4_msgs/include/px4_msgs/px4_msgs/msg/detail/logger_status__functions.h\n'}
[6.777152] (px4_msgs) StdoutLine: {'line': b'-- Up-to-date symlink: /home/giromi/Repos/VTOL/ws_sensor_combined_src/install/px4_msgs/include/px4_msgs/px4_msgs/msg/detail/logger_status__struct.h\n'}
[6.777408] (px4_msgs) StdoutLine: {'line': b'-- Up-to-date symlink: /home/giromi/Repos/VTOL/ws_sensor_combined_src/install/px4_msgs/include/px4_msgs/px4_msgs/msg/detail/logger_status__type_support.h\n'}
[6.777677] (px4_msgs) StdoutLine: {'line': b'-- Up-to-date symlink: /home/giromi/Repos/VTOL/ws_sensor_combined_src/install/px4_msgs/include/px4_msgs/px4_msgs/msg/detail/mag_worker_data__functions.h\n'}
[6.777933] (px4_msgs) StdoutLine: {'line': b'-- Up-to-date symlink: /home/giromi/Repos/VTOL/ws_sensor_combined_src/install/px4_msgs/include/px4_msgs/px4_msgs/msg/detail/mag_worker_data__struct.h\n'}
[6.778228] (px4_msgs) StdoutLine: {'line': b'-- Up-to-date symlink: /home/giromi/Repos/VTOL/ws_sensor_combined_src/install/px4_msgs/include/px4_msgs/px4_msgs/msg/detail/mag_worker_data__type_support.h\n'}
[6.778492] (px4_msgs) StdoutLine: {'line': b'-- Up-to-date symlink: /home/giromi/Repos/VTOL/ws_sensor_combined_src/install/px4_msgs/include/px4_msgs/px4_msgs/msg/detail/magnetometer_bias_estimate__functions.h\n'}
[6.778737] (px4_msgs) StdoutLine: {'line': b'-- Up-to-date symlink: /home/giromi/Repos/VTOL/ws_sensor_combined_src/install/px4_msgs/include/px4_msgs/px4_msgs/msg/detail/magnetometer_bias_estimate__struct.h\n'}
[6.778974] (px4_msgs) StdoutLine: {'line': b'-- Up-to-date symlink: /home/giromi/Repos/VTOL/ws_sensor_combined_src/install/px4_msgs/include/px4_msgs/px4_msgs/msg/detail/magnetometer_bias_estimate__type_support.h\n'}
[6.779265] (px4_msgs) StdoutLine: {'line': b'-- Up-to-date symlink: /home/giromi/Repos/VTOL/ws_sensor_combined_src/install/px4_msgs/include/px4_msgs/px4_msgs/msg/detail/manual_control_setpoint__functions.h\n'}
[6.779522] (px4_msgs) StdoutLine: {'line': b'-- Up-to-date symlink: /home/giromi/Repos/VTOL/ws_sensor_combined_src/install/px4_msgs/include/px4_msgs/px4_msgs/msg/detail/manual_control_setpoint__struct.h\n'}
[6.779735] (px4_msgs) StdoutLine: {'line': b'-- Up-to-date symlink: /home/giromi/Repos/VTOL/ws_sensor_combined_src/install/px4_msgs/include/px4_msgs/px4_msgs/msg/detail/manual_control_setpoint__type_support.h\n'}
[6.780017] (px4_msgs) StdoutLine: {'line': b'-- Up-to-date symlink: /home/giromi/Repos/VTOL/ws_sensor_combined_src/install/px4_msgs/include/px4_msgs/px4_msgs/msg/detail/manual_control_switches__functions.h\n'}
[6.780351] (px4_msgs) StdoutLine: {'line': b'-- Up-to-date symlink: /home/giromi/Repos/VTOL/ws_sensor_combined_src/install/px4_msgs/include/px4_msgs/px4_msgs/msg/detail/manual_control_switches__struct.h\n'}
[6.780558] (px4_msgs) StdoutLine: {'line': b'-- Up-to-date symlink: /home/giromi/Repos/VTOL/ws_sensor_combined_src/install/px4_msgs/include/px4_msgs/px4_msgs/msg/detail/manual_control_switches__type_support.h\n'}
[6.780761] (px4_msgs) StdoutLine: {'line': b'-- Up-to-date symlink: /home/giromi/Repos/VTOL/ws_sensor_combined_src/install/px4_msgs/include/px4_msgs/px4_msgs/msg/detail/mavlink_log__functions.h\n'}
[6.781016] (px4_msgs) StdoutLine: {'line': b'-- Up-to-date symlink: /home/giromi/Repos/VTOL/ws_sensor_combined_src/install/px4_msgs/include/px4_msgs/px4_msgs/msg/detail/mavlink_log__struct.h\n'}
[6.781303] (px4_msgs) StdoutLine: {'line': b'-- Up-to-date symlink: /home/giromi/Repos/VTOL/ws_sensor_combined_src/install/px4_msgs/include/px4_msgs/px4_msgs/msg/detail/mavlink_log__type_support.h\n'}
[6.781583] (px4_msgs) StdoutLine: {'line': b'-- Up-to-date symlink: /home/giromi/Repos/VTOL/ws_sensor_combined_src/install/px4_msgs/include/px4_msgs/px4_msgs/msg/detail/mavlink_tunnel__functions.h\n'}
[6.781838] (px4_msgs) StdoutLine: {'line': b'-- Up-to-date symlink: /home/giromi/Repos/VTOL/ws_sensor_combined_src/install/px4_msgs/include/px4_msgs/px4_msgs/msg/detail/mavlink_tunnel__struct.h\n'}
[6.782122] (px4_msgs) StdoutLine: {'line': b'-- Up-to-date symlink: /home/giromi/Repos/VTOL/ws_sensor_combined_src/install/px4_msgs/include/px4_msgs/px4_msgs/msg/detail/mavlink_tunnel__type_support.h\n'}
[6.782432] (px4_msgs) StdoutLine: {'line': b'-- Up-to-date symlink: /home/giromi/Repos/VTOL/ws_sensor_combined_src/install/px4_msgs/include/px4_msgs/px4_msgs/msg/detail/message_format_request__functions.h\n'}
[6.782671] (px4_msgs) StdoutLine: {'line': b'-- Up-to-date symlink: /home/giromi/Repos/VTOL/ws_sensor_combined_src/install/px4_msgs/include/px4_msgs/px4_msgs/msg/detail/message_format_request__struct.h\n'}
[6.782888] (px4_msgs) StdoutLine: {'line': b'-- Up-to-date symlink: /home/giromi/Repos/VTOL/ws_sensor_combined_src/install/px4_msgs/include/px4_msgs/px4_msgs/msg/detail/message_format_request__type_support.h\n'}
[6.783085] (px4_msgs) StdoutLine: {'line': b'-- Up-to-date symlink: /home/giromi/Repos/VTOL/ws_sensor_combined_src/install/px4_msgs/include/px4_msgs/px4_msgs/msg/detail/message_format_response__functions.h\n'}
[6.783397] (px4_msgs) StdoutLine: {'line': b'-- Up-to-date symlink: /home/giromi/Repos/VTOL/ws_sensor_combined_src/install/px4_msgs/include/px4_msgs/px4_msgs/msg/detail/message_format_response__struct.h\n'}
[6.783629] (px4_msgs) StdoutLine: {'line': b'-- Up-to-date symlink: /home/giromi/Repos/VTOL/ws_sensor_combined_src/install/px4_msgs/include/px4_msgs/px4_msgs/msg/detail/message_format_response__type_support.h\n'}
[6.783870] (px4_msgs) StdoutLine: {'line': b'-- Up-to-date symlink: /home/giromi/Repos/VTOL/ws_sensor_combined_src/install/px4_msgs/include/px4_msgs/px4_msgs/msg/detail/mission__functions.h\n'}
[6.784180] (px4_msgs) StdoutLine: {'line': b'-- Up-to-date symlink: /home/giromi/Repos/VTOL/ws_sensor_combined_src/install/px4_msgs/include/px4_msgs/px4_msgs/msg/detail/mission__struct.h\n'}
[6.784487] (px4_msgs) StdoutLine: {'line': b'-- Up-to-date symlink: /home/giromi/Repos/VTOL/ws_sensor_combined_src/install/px4_msgs/include/px4_msgs/px4_msgs/msg/detail/mission__type_support.h\n'}
[6.784750] (px4_msgs) StdoutLine: {'line': b'-- Up-to-date symlink: /home/giromi/Repos/VTOL/ws_sensor_combined_src/install/px4_msgs/include/px4_msgs/px4_msgs/msg/detail/mission_result__functions.h\n'}
[6.785009] (px4_msgs) StdoutLine: {'line': b'-- Up-to-date symlink: /home/giromi/Repos/VTOL/ws_sensor_combined_src/install/px4_msgs/include/px4_msgs/px4_msgs/msg/detail/mission_result__struct.h\n'}
[6.785306] (px4_msgs) StdoutLine: {'line': b'-- Up-to-date symlink: /home/giromi/Repos/VTOL/ws_sensor_combined_src/install/px4_msgs/include/px4_msgs/px4_msgs/msg/detail/mission_result__type_support.h\n'}
[6.785546] (px4_msgs) StdoutLine: {'line': b'-- Up-to-date symlink: /home/giromi/Repos/VTOL/ws_sensor_combined_src/install/px4_msgs/include/px4_msgs/px4_msgs/msg/detail/mode_completed__functions.h\n'}
[6.785792] (px4_msgs) StdoutLine: {'line': b'-- Up-to-date symlink: /home/giromi/Repos/VTOL/ws_sensor_combined_src/install/px4_msgs/include/px4_msgs/px4_msgs/msg/detail/mode_completed__struct.h\n'}
[6.786040] (px4_msgs) StdoutLine: {'line': b'-- Up-to-date symlink: /home/giromi/Repos/VTOL/ws_sensor_combined_src/install/px4_msgs/include/px4_msgs/px4_msgs/msg/detail/mode_completed__type_support.h\n'}
[6.786331] (px4_msgs) StdoutLine: {'line': b'-- Up-to-date symlink: /home/giromi/Repos/VTOL/ws_sensor_combined_src/install/px4_msgs/include/px4_msgs/px4_msgs/msg/detail/mount_orientation__functions.h\n'}
[6.786571] (px4_msgs) StdoutLine: {'line': b'-- Up-to-date symlink: /home/giromi/Repos/VTOL/ws_sensor_combined_src/install/px4_msgs/include/px4_msgs/px4_msgs/msg/detail/mount_orientation__struct.h\n'}
[6.786804] (px4_msgs) StdoutLine: {'line': b'-- Up-to-date symlink: /home/giromi/Repos/VTOL/ws_sensor_combined_src/install/px4_msgs/include/px4_msgs/px4_msgs/msg/detail/mount_orientation__type_support.h\n'}
[6.787046] (px4_msgs) StdoutLine: {'line': b'-- Up-to-date symlink: /home/giromi/Repos/VTOL/ws_sensor_combined_src/install/px4_msgs/include/px4_msgs/px4_msgs/msg/detail/navigator_mission_item__functions.h\n'}
[6.787330] (px4_msgs) StdoutLine: {'line': b'-- Up-to-date symlink: /home/giromi/Repos/VTOL/ws_sensor_combined_src/install/px4_msgs/include/px4_msgs/px4_msgs/msg/detail/navigator_mission_item__struct.h\n'}
[6.787568] (px4_msgs) StdoutLine: {'line': b'-- Up-to-date symlink: /home/giromi/Repos/VTOL/ws_sensor_combined_src/install/px4_msgs/include/px4_msgs/px4_msgs/msg/detail/navigator_mission_item__type_support.h\n'}
[6.787806] (px4_msgs) StdoutLine: {'line': b'-- Up-to-date symlink: /home/giromi/Repos/VTOL/ws_sensor_combined_src/install/px4_msgs/include/px4_msgs/px4_msgs/msg/detail/normalized_unsigned_setpoint__functions.h\n'}
[6.788105] (px4_msgs) StdoutLine: {'line': b'-- Up-to-date symlink: /home/giromi/Repos/VTOL/ws_sensor_combined_src/install/px4_msgs/include/px4_msgs/px4_msgs/msg/detail/normalized_unsigned_setpoint__struct.h\n'}
[6.788354] (px4_msgs) StdoutLine: {'line': b'-- Up-to-date symlink: /home/giromi/Repos/VTOL/ws_sensor_combined_src/install/px4_msgs/include/px4_msgs/px4_msgs/msg/detail/normalized_unsigned_setpoint__type_support.h\n'}
[6.788591] (px4_msgs) StdoutLine: {'line': b'-- Up-to-date symlink: /home/giromi/Repos/VTOL/ws_sensor_combined_src/install/px4_msgs/include/px4_msgs/px4_msgs/msg/detail/npfg_status__functions.h\n'}
[6.788855] (px4_msgs) StdoutLine: {'line': b'-- Up-to-date symlink: /home/giromi/Repos/VTOL/ws_sensor_combined_src/install/px4_msgs/include/px4_msgs/px4_msgs/msg/detail/npfg_status__struct.h\n'}
[6.789100] (px4_msgs) StdoutLine: {'line': b'-- Up-to-date symlink: /home/giromi/Repos/VTOL/ws_sensor_combined_src/install/px4_msgs/include/px4_msgs/px4_msgs/msg/detail/npfg_status__type_support.h\n'}
[6.789340] (px4_msgs) StdoutLine: {'line': b'-- Up-to-date symlink: /home/giromi/Repos/VTOL/ws_sensor_combined_src/install/px4_msgs/include/px4_msgs/px4_msgs/msg/detail/obstacle_distance__functions.h\n'}
[6.789582] (px4_msgs) StdoutLine: {'line': b'-- Up-to-date symlink: /home/giromi/Repos/VTOL/ws_sensor_combined_src/install/px4_msgs/include/px4_msgs/px4_msgs/msg/detail/obstacle_distance__struct.h\n'}
[6.789825] (px4_msgs) StdoutLine: {'line': b'-- Up-to-date symlink: /home/giromi/Repos/VTOL/ws_sensor_combined_src/install/px4_msgs/include/px4_msgs/px4_msgs/msg/detail/obstacle_distance__type_support.h\n'}
[6.790073] (px4_msgs) StdoutLine: {'line': b'-- Up-to-date symlink: /home/giromi/Repos/VTOL/ws_sensor_combined_src/install/px4_msgs/include/px4_msgs/px4_msgs/msg/detail/offboard_control_mode__functions.h\n'}
[6.790313] (px4_msgs) StdoutLine: {'line': b'-- Up-to-date symlink: /home/giromi/Repos/VTOL/ws_sensor_combined_src/install/px4_msgs/include/px4_msgs/px4_msgs/msg/detail/offboard_control_mode__struct.h\n'}
[6.790586] (px4_msgs) StdoutLine: {'line': b'-- Up-to-date symlink: /home/giromi/Repos/VTOL/ws_sensor_combined_src/install/px4_msgs/include/px4_msgs/px4_msgs/msg/detail/offboard_control_mode__type_support.h\n'}
[6.790846] (px4_msgs) StdoutLine: {'line': b'-- Up-to-date symlink: /home/giromi/Repos/VTOL/ws_sensor_combined_src/install/px4_msgs/include/px4_msgs/px4_msgs/msg/detail/onboard_computer_status__functions.h\n'}
[6.791150] (px4_msgs) StdoutLine: {'line': b'-- Up-to-date symlink: /home/giromi/Repos/VTOL/ws_sensor_combined_src/install/px4_msgs/include/px4_msgs/px4_msgs/msg/detail/onboard_computer_status__struct.h\n'}
[6.791422] (px4_msgs) StdoutLine: {'line': b'-- Up-to-date symlink: /home/giromi/Repos/VTOL/ws_sensor_combined_src/install/px4_msgs/include/px4_msgs/px4_msgs/msg/detail/onboard_computer_status__type_support.h\n'}
[6.791686] (px4_msgs) StdoutLine: {'line': b'-- Up-to-date symlink: /home/giromi/Repos/VTOL/ws_sensor_combined_src/install/px4_msgs/include/px4_msgs/px4_msgs/msg/detail/orb_test__functions.h\n'}
[6.791969] (px4_msgs) StdoutLine: {'line': b'-- Up-to-date symlink: /home/giromi/Repos/VTOL/ws_sensor_combined_src/install/px4_msgs/include/px4_msgs/px4_msgs/msg/detail/orb_test__struct.h\n'}
[6.792238] (px4_msgs) StdoutLine: {'line': b'-- Up-to-date symlink: /home/giromi/Repos/VTOL/ws_sensor_combined_src/install/px4_msgs/include/px4_msgs/px4_msgs/msg/detail/orb_test__type_support.h\n'}
[6.792502] (px4_msgs) StdoutLine: {'line': b'-- Up-to-date symlink: /home/giromi/Repos/VTOL/ws_sensor_combined_src/install/px4_msgs/include/px4_msgs/px4_msgs/msg/detail/orb_test_large__functions.h\n'}
[6.792768] (px4_msgs) StdoutLine: {'line': b'-- Up-to-date symlink: /home/giromi/Repos/VTOL/ws_sensor_combined_src/install/px4_msgs/include/px4_msgs/px4_msgs/msg/detail/orb_test_large__struct.h\n'}
[6.793037] (px4_msgs) StdoutLine: {'line': b'-- Up-to-date symlink: /home/giromi/Repos/VTOL/ws_sensor_combined_src/install/px4_msgs/include/px4_msgs/px4_msgs/msg/detail/orb_test_large__type_support.h\n'}
[6.793312] (px4_msgs) StdoutLine: {'line': b'-- Up-to-date symlink: /home/giromi/Repos/VTOL/ws_sensor_combined_src/install/px4_msgs/include/px4_msgs/px4_msgs/msg/detail/orb_test_medium__functions.h\n'}
[6.793575] (px4_msgs) StdoutLine: {'line': b'-- Up-to-date symlink: /home/giromi/Repos/VTOL/ws_sensor_combined_src/install/px4_msgs/include/px4_msgs/px4_msgs/msg/detail/orb_test_medium__struct.h\n'}
[6.793841] (px4_msgs) StdoutLine: {'line': b'-- Up-to-date symlink: /home/giromi/Repos/VTOL/ws_sensor_combined_src/install/px4_msgs/include/px4_msgs/px4_msgs/msg/detail/orb_test_medium__type_support.h\n'}
[6.794172] (px4_msgs) StdoutLine: {'line': b'-- Up-to-date symlink: /home/giromi/Repos/VTOL/ws_sensor_combined_src/install/px4_msgs/include/px4_msgs/px4_msgs/msg/detail/orbit_status__functions.h\n'}
[6.794482] (px4_msgs) StdoutLine: {'line': b'-- Up-to-date symlink: /home/giromi/Repos/VTOL/ws_sensor_combined_src/install/px4_msgs/include/px4_msgs/px4_msgs/msg/detail/orbit_status__struct.h\n'}
[6.794745] (px4_msgs) StdoutLine: {'line': b'-- Up-to-date symlink: /home/giromi/Repos/VTOL/ws_sensor_combined_src/install/px4_msgs/include/px4_msgs/px4_msgs/msg/detail/orbit_status__type_support.h\n'}
[6.795021] (px4_msgs) StdoutLine: {'line': b'-- Up-to-date symlink: /home/giromi/Repos/VTOL/ws_sensor_combined_src/install/px4_msgs/include/px4_msgs/px4_msgs/msg/detail/parameter_update__functions.h\n'}
[6.795307] (px4_msgs) StdoutLine: {'line': b'-- Up-to-date symlink: /home/giromi/Repos/VTOL/ws_sensor_combined_src/install/px4_msgs/include/px4_msgs/px4_msgs/msg/detail/parameter_update__struct.h\n'}
[6.795547] (px4_msgs) StdoutLine: {'line': b'-- Up-to-date symlink: /home/giromi/Repos/VTOL/ws_sensor_combined_src/install/px4_msgs/include/px4_msgs/px4_msgs/msg/detail/parameter_update__type_support.h\n'}
[6.795784] (px4_msgs) StdoutLine: {'line': b'-- Up-to-date symlink: /home/giromi/Repos/VTOL/ws_sensor_combined_src/install/px4_msgs/include/px4_msgs/px4_msgs/msg/detail/ping__functions.h\n'}
[6.796081] (px4_msgs) StdoutLine: {'line': b'-- Up-to-date symlink: /home/giromi/Repos/VTOL/ws_sensor_combined_src/install/px4_msgs/include/px4_msgs/px4_msgs/msg/detail/ping__struct.h\n'}
[6.796373] (px4_msgs) StdoutLine: {'line': b'-- Up-to-date symlink: /home/giromi/Repos/VTOL/ws_sensor_combined_src/install/px4_msgs/include/px4_msgs/px4_msgs/msg/detail/ping__type_support.h\n'}
[6.796613] (px4_msgs) StdoutLine: {'line': b'-- Up-to-date symlink: /home/giromi/Repos/VTOL/ws_sensor_combined_src/install/px4_msgs/include/px4_msgs/px4_msgs/msg/detail/position_controller_landing_status__functions.h\n'}
[6.796851] (px4_msgs) StdoutLine: {'line': b'-- Up-to-date symlink: /home/giromi/Repos/VTOL/ws_sensor_combined_src/install/px4_msgs/include/px4_msgs/px4_msgs/msg/detail/position_controller_landing_status__struct.h\n'}
[6.797173] (px4_msgs) StdoutLine: {'line': b'-- Up-to-date symlink: /home/giromi/Repos/VTOL/ws_sensor_combined_src/install/px4_msgs/include/px4_msgs/px4_msgs/msg/detail/position_controller_landing_status__type_support.h\n'}
[6.797430] (px4_msgs) StdoutLine: {'line': b'-- Up-to-date symlink: /home/giromi/Repos/VTOL/ws_sensor_combined_src/install/px4_msgs/include/px4_msgs/px4_msgs/msg/detail/position_controller_status__functions.h\n'}
[6.797664] (px4_msgs) StdoutLine: {'line': b'-- Up-to-date symlink: /home/giromi/Repos/VTOL/ws_sensor_combined_src/install/px4_msgs/include/px4_msgs/px4_msgs/msg/detail/position_controller_status__struct.h\n'}
[6.797900] (px4_msgs) StdoutLine: {'line': b'-- Up-to-date symlink: /home/giromi/Repos/VTOL/ws_sensor_combined_src/install/px4_msgs/include/px4_msgs/px4_msgs/msg/detail/position_controller_status__type_support.h\n'}
[6.798240] (px4_msgs) StdoutLine: {'line': b'-- Up-to-date symlink: /home/giromi/Repos/VTOL/ws_sensor_combined_src/install/px4_msgs/include/px4_msgs/px4_msgs/msg/detail/position_setpoint__functions.h\n'}
[6.798480] (px4_msgs) StdoutLine: {'line': b'-- Up-to-date symlink: /home/giromi/Repos/VTOL/ws_sensor_combined_src/install/px4_msgs/include/px4_msgs/px4_msgs/msg/detail/position_setpoint__struct.h\n'}
[6.798724] (px4_msgs) StdoutLine: {'line': b'-- Up-to-date symlink: /home/giromi/Repos/VTOL/ws_sensor_combined_src/install/px4_msgs/include/px4_msgs/px4_msgs/msg/detail/position_setpoint__type_support.h\n'}
[6.798999] (px4_msgs) StdoutLine: {'line': b'-- Up-to-date symlink: /home/giromi/Repos/VTOL/ws_sensor_combined_src/install/px4_msgs/include/px4_msgs/px4_msgs/msg/detail/position_setpoint_triplet__functions.h\n'}
[6.799313] (px4_msgs) StdoutLine: {'line': b'-- Up-to-date symlink: /home/giromi/Repos/VTOL/ws_sensor_combined_src/install/px4_msgs/include/px4_msgs/px4_msgs/msg/detail/position_setpoint_triplet__struct.h\n'}
[6.799546] (px4_msgs) StdoutLine: {'line': b'-- Up-to-date symlink: /home/giromi/Repos/VTOL/ws_sensor_combined_src/install/px4_msgs/include/px4_msgs/px4_msgs/msg/detail/position_setpoint_triplet__type_support.h\n'}
[6.799784] (px4_msgs) StdoutLine: {'line': b'-- Up-to-date symlink: /home/giromi/Repos/VTOL/ws_sensor_combined_src/install/px4_msgs/include/px4_msgs/px4_msgs/msg/detail/power_button_state__functions.h\n'}
[6.800135] (px4_msgs) StdoutLine: {'line': b'-- Up-to-date symlink: /home/giromi/Repos/VTOL/ws_sensor_combined_src/install/px4_msgs/include/px4_msgs/px4_msgs/msg/detail/power_button_state__struct.h\n'}
[6.800378] (px4_msgs) StdoutLine: {'line': b'-- Up-to-date symlink: /home/giromi/Repos/VTOL/ws_sensor_combined_src/install/px4_msgs/include/px4_msgs/px4_msgs/msg/detail/power_button_state__type_support.h\n'}
[6.800658] (px4_msgs) StdoutLine: {'line': b'-- Up-to-date symlink: /home/giromi/Repos/VTOL/ws_sensor_combined_src/install/px4_msgs/include/px4_msgs/px4_msgs/msg/detail/power_monitor__functions.h\n'}
[6.800901] (px4_msgs) StdoutLine: {'line': b'-- Up-to-date symlink: /home/giromi/Repos/VTOL/ws_sensor_combined_src/install/px4_msgs/include/px4_msgs/px4_msgs/msg/detail/power_monitor__struct.h\n'}
[6.801155] (px4_msgs) StdoutLine: {'line': b'-- Up-to-date symlink: /home/giromi/Repos/VTOL/ws_sensor_combined_src/install/px4_msgs/include/px4_msgs/px4_msgs/msg/detail/power_monitor__type_support.h\n'}
[6.801452] (px4_msgs) StdoutLine: {'line': b'-- Up-to-date symlink: /home/giromi/Repos/VTOL/ws_sensor_combined_src/install/px4_msgs/include/px4_msgs/px4_msgs/msg/detail/pps_capture__functions.h\n'}
[6.801700] (px4_msgs) StdoutLine: {'line': b'-- Up-to-date symlink: /home/giromi/Repos/VTOL/ws_sensor_combined_src/install/px4_msgs/include/px4_msgs/px4_msgs/msg/detail/pps_capture__struct.h\n'}
[6.801998] (px4_msgs) StdoutLine: {'line': b'-- Up-to-date symlink: /home/giromi/Repos/VTOL/ws_sensor_combined_src/install/px4_msgs/include/px4_msgs/px4_msgs/msg/detail/pps_capture__type_support.h\n'}
[6.802253] (px4_msgs) StdoutLine: {'line': b'-- Up-to-date symlink: /home/giromi/Repos/VTOL/ws_sensor_combined_src/install/px4_msgs/include/px4_msgs/px4_msgs/msg/detail/pwm_input__functions.h\n'}
[6.802544] (px4_msgs) StdoutLine: {'line': b'-- Up-to-date symlink: /home/giromi/Repos/VTOL/ws_sensor_combined_src/install/px4_msgs/include/px4_msgs/px4_msgs/msg/detail/pwm_input__struct.h\n'}
[6.802802] (px4_msgs) StdoutLine: {'line': b'-- Up-to-date symlink: /home/giromi/Repos/VTOL/ws_sensor_combined_src/install/px4_msgs/include/px4_msgs/px4_msgs/msg/detail/pwm_input__type_support.h\n'}
[6.803077] (px4_msgs) StdoutLine: {'line': b'-- Up-to-date symlink: /home/giromi/Repos/VTOL/ws_sensor_combined_src/install/px4_msgs/include/px4_msgs/px4_msgs/msg/detail/px4io_status__functions.h\n'}
[6.803350] (px4_msgs) StdoutLine: {'line': b'-- Up-to-date symlink: /home/giromi/Repos/VTOL/ws_sensor_combined_src/install/px4_msgs/include/px4_msgs/px4_msgs/msg/detail/px4io_status__struct.h\n'}
[6.803614] (px4_msgs) StdoutLine: {'line': b'-- Up-to-date symlink: /home/giromi/Repos/VTOL/ws_sensor_combined_src/install/px4_msgs/include/px4_msgs/px4_msgs/msg/detail/px4io_status__type_support.h\n'}
[6.803880] (px4_msgs) StdoutLine: {'line': b'-- Up-to-date symlink: /home/giromi/Repos/VTOL/ws_sensor_combined_src/install/px4_msgs/include/px4_msgs/px4_msgs/msg/detail/qshell_req__functions.h\n'}
[6.804180] (px4_msgs) StdoutLine: {'line': b'-- Up-to-date symlink: /home/giromi/Repos/VTOL/ws_sensor_combined_src/install/px4_msgs/include/px4_msgs/px4_msgs/msg/detail/qshell_req__struct.h\n'}
[6.804416] (px4_msgs) StdoutLine: {'line': b'-- Up-to-date symlink: /home/giromi/Repos/VTOL/ws_sensor_combined_src/install/px4_msgs/include/px4_msgs/px4_msgs/msg/detail/qshell_req__type_support.h\n'}
[6.804663] (px4_msgs) StdoutLine: {'line': b'-- Up-to-date symlink: /home/giromi/Repos/VTOL/ws_sensor_combined_src/install/px4_msgs/include/px4_msgs/px4_msgs/msg/detail/qshell_retval__functions.h\n'}
[6.804902] (px4_msgs) StdoutLine: {'line': b'-- Up-to-date symlink: /home/giromi/Repos/VTOL/ws_sensor_combined_src/install/px4_msgs/include/px4_msgs/px4_msgs/msg/detail/qshell_retval__struct.h\n'}
[6.805229] (px4_msgs) StdoutLine: {'line': b'-- Up-to-date symlink: /home/giromi/Repos/VTOL/ws_sensor_combined_src/install/px4_msgs/include/px4_msgs/px4_msgs/msg/detail/qshell_retval__type_support.h\n'}
[6.805494] (px4_msgs) StdoutLine: {'line': b'-- Up-to-date symlink: /home/giromi/Repos/VTOL/ws_sensor_combined_src/install/px4_msgs/include/px4_msgs/px4_msgs/msg/detail/radio_status__functions.h\n'}
[6.805729] (px4_msgs) StdoutLine: {'line': b'-- Up-to-date symlink: /home/giromi/Repos/VTOL/ws_sensor_combined_src/install/px4_msgs/include/px4_msgs/px4_msgs/msg/detail/radio_status__struct.h\n'}
[6.806079] (px4_msgs) StdoutLine: {'line': b'-- Up-to-date symlink: /home/giromi/Repos/VTOL/ws_sensor_combined_src/install/px4_msgs/include/px4_msgs/px4_msgs/msg/detail/radio_status__type_support.h\n'}
[6.806330] (px4_msgs) StdoutLine: {'line': b'-- Up-to-date symlink: /home/giromi/Repos/VTOL/ws_sensor_combined_src/install/px4_msgs/include/px4_msgs/px4_msgs/msg/detail/rate_ctrl_status__functions.h\n'}
[6.806575] (px4_msgs) StdoutLine: {'line': b'-- Up-to-date symlink: /home/giromi/Repos/VTOL/ws_sensor_combined_src/install/px4_msgs/include/px4_msgs/px4_msgs/msg/detail/rate_ctrl_status__struct.h\n'}
[6.806857] (px4_msgs) StdoutLine: {'line': b'-- Up-to-date symlink: /home/giromi/Repos/VTOL/ws_sensor_combined_src/install/px4_msgs/include/px4_msgs/px4_msgs/msg/detail/rate_ctrl_status__type_support.h\n'}
[6.807121] (px4_msgs) StdoutLine: {'line': b'-- Up-to-date symlink: /home/giromi/Repos/VTOL/ws_sensor_combined_src/install/px4_msgs/include/px4_msgs/px4_msgs/msg/detail/rc_channels__functions.h\n'}
[6.807395] (px4_msgs) StdoutLine: {'line': b'-- Up-to-date symlink: /home/giromi/Repos/VTOL/ws_sensor_combined_src/install/px4_msgs/include/px4_msgs/px4_msgs/msg/detail/rc_channels__struct.h\n'}
[6.807673] (px4_msgs) StdoutLine: {'line': b'-- Up-to-date symlink: /home/giromi/Repos/VTOL/ws_sensor_combined_src/install/px4_msgs/include/px4_msgs/px4_msgs/msg/detail/rc_channels__type_support.h\n'}
[6.807926] (px4_msgs) StdoutLine: {'line': b'-- Up-to-date symlink: /home/giromi/Repos/VTOL/ws_sensor_combined_src/install/px4_msgs/include/px4_msgs/px4_msgs/msg/detail/rc_parameter_map__functions.h\n'}
[6.808272] (px4_msgs) StdoutLine: {'line': b'-- Up-to-date symlink: /home/giromi/Repos/VTOL/ws_sensor_combined_src/install/px4_msgs/include/px4_msgs/px4_msgs/msg/detail/rc_parameter_map__struct.h\n'}
[6.808542] (px4_msgs) StdoutLine: {'line': b'-- Up-to-date symlink: /home/giromi/Repos/VTOL/ws_sensor_combined_src/install/px4_msgs/include/px4_msgs/px4_msgs/msg/detail/rc_parameter_map__type_support.h\n'}
[6.808826] (px4_msgs) StdoutLine: {'line': b'-- Up-to-date symlink: /home/giromi/Repos/VTOL/ws_sensor_combined_src/install/px4_msgs/include/px4_msgs/px4_msgs/msg/detail/register_ext_component_reply__functions.h\n'}
[6.809223] (px4_msgs) StdoutLine: {'line': b'-- Up-to-date symlink: /home/giromi/Repos/VTOL/ws_sensor_combined_src/install/px4_msgs/include/px4_msgs/px4_msgs/msg/detail/register_ext_component_reply__struct.h\n'}
[6.809475] (px4_msgs) StdoutLine: {'line': b'-- Up-to-date symlink: /home/giromi/Repos/VTOL/ws_sensor_combined_src/install/px4_msgs/include/px4_msgs/px4_msgs/msg/detail/register_ext_component_reply__type_support.h\n'}
[6.809709] (px4_msgs) StdoutLine: {'line': b'-- Up-to-date symlink: /home/giromi/Repos/VTOL/ws_sensor_combined_src/install/px4_msgs/include/px4_msgs/px4_msgs/msg/detail/register_ext_component_request__functions.h\n'}
[6.809976] (px4_msgs) StdoutLine: {'line': b'-- Up-to-date symlink: /home/giromi/Repos/VTOL/ws_sensor_combined_src/install/px4_msgs/include/px4_msgs/px4_msgs/msg/detail/register_ext_component_request__struct.h\n'}
[6.810338] (px4_msgs) StdoutLine: {'line': b'-- Up-to-date symlink: /home/giromi/Repos/VTOL/ws_sensor_combined_src/install/px4_msgs/include/px4_msgs/px4_msgs/msg/detail/register_ext_component_request__type_support.h\n'}
[6.810605] (px4_msgs) StdoutLine: {'line': b'-- Up-to-date symlink: /home/giromi/Repos/VTOL/ws_sensor_combined_src/install/px4_msgs/include/px4_msgs/px4_msgs/msg/detail/rpm__functions.h\n'}
[6.810852] (px4_msgs) StdoutLine: {'line': b'-- Up-to-date symlink: /home/giromi/Repos/VTOL/ws_sensor_combined_src/install/px4_msgs/include/px4_msgs/px4_msgs/msg/detail/rpm__struct.h\n'}
[6.811121] (px4_msgs) StdoutLine: {'line': b'-- Up-to-date symlink: /home/giromi/Repos/VTOL/ws_sensor_combined_src/install/px4_msgs/include/px4_msgs/px4_msgs/msg/detail/rpm__type_support.h\n'}
[6.811336] (px4_msgs) StdoutLine: {'line': b'-- Up-to-date symlink: /home/giromi/Repos/VTOL/ws_sensor_combined_src/install/px4_msgs/include/px4_msgs/px4_msgs/msg/detail/rtl_time_estimate__functions.h\n'}
[6.811585] (px4_msgs) StdoutLine: {'line': b'-- Up-to-date symlink: /home/giromi/Repos/VTOL/ws_sensor_combined_src/install/px4_msgs/include/px4_msgs/px4_msgs/msg/detail/rtl_time_estimate__struct.h\n'}
[6.811855] (px4_msgs) StdoutLine: {'line': b'-- Up-to-date symlink: /home/giromi/Repos/VTOL/ws_sensor_combined_src/install/px4_msgs/include/px4_msgs/px4_msgs/msg/detail/rtl_time_estimate__type_support.h\n'}
[6.812229] (px4_msgs) StdoutLine: {'line': b'-- Up-to-date symlink: /home/giromi/Repos/VTOL/ws_sensor_combined_src/install/px4_msgs/include/px4_msgs/px4_msgs/msg/detail/satellite_info__functions.h\n'}
[6.812497] (px4_msgs) StdoutLine: {'line': b'-- Up-to-date symlink: /home/giromi/Repos/VTOL/ws_sensor_combined_src/install/px4_msgs/include/px4_msgs/px4_msgs/msg/detail/satellite_info__struct.h\n'}
[6.812739] (px4_msgs) StdoutLine: {'line': b'-- Up-to-date symlink: /home/giromi/Repos/VTOL/ws_sensor_combined_src/install/px4_msgs/include/px4_msgs/px4_msgs/msg/detail/satellite_info__type_support.h\n'}
[6.812998] (px4_msgs) StdoutLine: {'line': b'-- Up-to-date symlink: /home/giromi/Repos/VTOL/ws_sensor_combined_src/install/px4_msgs/include/px4_msgs/px4_msgs/msg/detail/sensor_accel__functions.h\n'}
[6.813269] (px4_msgs) StdoutLine: {'line': b'-- Up-to-date symlink: /home/giromi/Repos/VTOL/ws_sensor_combined_src/install/px4_msgs/include/px4_msgs/px4_msgs/msg/detail/sensor_accel__struct.h\n'}
[6.813506] (px4_msgs) StdoutLine: {'line': b'-- Up-to-date symlink: /home/giromi/Repos/VTOL/ws_sensor_combined_src/install/px4_msgs/include/px4_msgs/px4_msgs/msg/detail/sensor_accel__type_support.h\n'}
[6.813745] (px4_msgs) StdoutLine: {'line': b'-- Up-to-date symlink: /home/giromi/Repos/VTOL/ws_sensor_combined_src/install/px4_msgs/include/px4_msgs/px4_msgs/msg/detail/sensor_accel_fifo__functions.h\n'}
[6.813986] (px4_msgs) StdoutLine: {'line': b'-- Up-to-date symlink: /home/giromi/Repos/VTOL/ws_sensor_combined_src/install/px4_msgs/include/px4_msgs/px4_msgs/msg/detail/sensor_accel_fifo__struct.h\n'}
[6.814278] (px4_msgs) StdoutLine: {'line': b'-- Up-to-date symlink: /home/giromi/Repos/VTOL/ws_sensor_combined_src/install/px4_msgs/include/px4_msgs/px4_msgs/msg/detail/sensor_accel_fifo__type_support.h\n'}
[6.814518] (px4_msgs) StdoutLine: {'line': b'-- Up-to-date symlink: /home/giromi/Repos/VTOL/ws_sensor_combined_src/install/px4_msgs/include/px4_msgs/px4_msgs/msg/detail/sensor_airflow__functions.h\n'}
[6.814772] (px4_msgs) StdoutLine: {'line': b'-- Up-to-date symlink: /home/giromi/Repos/VTOL/ws_sensor_combined_src/install/px4_msgs/include/px4_msgs/px4_msgs/msg/detail/sensor_airflow__struct.h\n'}
[6.815089] (px4_msgs) StdoutLine: {'line': b'-- Up-to-date symlink: /home/giromi/Repos/VTOL/ws_sensor_combined_src/install/px4_msgs/include/px4_msgs/px4_msgs/msg/detail/sensor_airflow__type_support.h\n'}
[6.815427] (px4_msgs) StdoutLine: {'line': b'-- Up-to-date symlink: /home/giromi/Repos/VTOL/ws_sensor_combined_src/install/px4_msgs/include/px4_msgs/px4_msgs/msg/detail/sensor_baro__functions.h\n'}
[6.815665] (px4_msgs) StdoutLine: {'line': b'-- Up-to-date symlink: /home/giromi/Repos/VTOL/ws_sensor_combined_src/install/px4_msgs/include/px4_msgs/px4_msgs/msg/detail/sensor_baro__struct.h\n'}
[6.815908] (px4_msgs) StdoutLine: {'line': b'-- Up-to-date symlink: /home/giromi/Repos/VTOL/ws_sensor_combined_src/install/px4_msgs/include/px4_msgs/px4_msgs/msg/detail/sensor_baro__type_support.h\n'}
[6.816209] (px4_msgs) StdoutLine: {'line': b'-- Up-to-date symlink: /home/giromi/Repos/VTOL/ws_sensor_combined_src/install/px4_msgs/include/px4_msgs/px4_msgs/msg/detail/sensor_combined__functions.h\n'}
[6.816453] (px4_msgs) StdoutLine: {'line': b'-- Up-to-date symlink: /home/giromi/Repos/VTOL/ws_sensor_combined_src/install/px4_msgs/include/px4_msgs/px4_msgs/msg/detail/sensor_combined__struct.h\n'}
[6.816698] (px4_msgs) StdoutLine: {'line': b'-- Up-to-date symlink: /home/giromi/Repos/VTOL/ws_sensor_combined_src/install/px4_msgs/include/px4_msgs/px4_msgs/msg/detail/sensor_combined__type_support.h\n'}
[6.816939] (px4_msgs) StdoutLine: {'line': b'-- Up-to-date symlink: /home/giromi/Repos/VTOL/ws_sensor_combined_src/install/px4_msgs/include/px4_msgs/px4_msgs/msg/detail/sensor_correction__functions.h\n'}
[6.817162] (px4_msgs) StdoutLine: {'line': b'-- Up-to-date symlink: /home/giromi/Repos/VTOL/ws_sensor_combined_src/install/px4_msgs/include/px4_msgs/px4_msgs/msg/detail/sensor_correction__struct.h\n'}
[6.817409] (px4_msgs) StdoutLine: {'line': b'-- Up-to-date symlink: /home/giromi/Repos/VTOL/ws_sensor_combined_src/install/px4_msgs/include/px4_msgs/px4_msgs/msg/detail/sensor_correction__type_support.h\n'}
[6.817649] (px4_msgs) StdoutLine: {'line': b'-- Up-to-date symlink: /home/giromi/Repos/VTOL/ws_sensor_combined_src/install/px4_msgs/include/px4_msgs/px4_msgs/msg/detail/sensor_gnss_relative__functions.h\n'}
[6.817887] (px4_msgs) StdoutLine: {'line': b'-- Up-to-date symlink: /home/giromi/Repos/VTOL/ws_sensor_combined_src/install/px4_msgs/include/px4_msgs/px4_msgs/msg/detail/sensor_gnss_relative__struct.h\n'}
[6.818138] (px4_msgs) StdoutLine: {'line': b'-- Up-to-date symlink: /home/giromi/Repos/VTOL/ws_sensor_combined_src/install/px4_msgs/include/px4_msgs/px4_msgs/msg/detail/sensor_gnss_relative__type_support.h\n'}
[6.818395] (px4_msgs) StdoutLine: {'line': b'-- Up-to-date symlink: /home/giromi/Repos/VTOL/ws_sensor_combined_src/install/px4_msgs/include/px4_msgs/px4_msgs/msg/detail/sensor_gps__functions.h\n'}
[6.818641] (px4_msgs) StdoutLine: {'line': b'-- Up-to-date symlink: /home/giromi/Repos/VTOL/ws_sensor_combined_src/install/px4_msgs/include/px4_msgs/px4_msgs/msg/detail/sensor_gps__struct.h\n'}
[6.818882] (px4_msgs) StdoutLine: {'line': b'-- Up-to-date symlink: /home/giromi/Repos/VTOL/ws_sensor_combined_src/install/px4_msgs/include/px4_msgs/px4_msgs/msg/detail/sensor_gps__type_support.h\n'}
[6.819124] (px4_msgs) StdoutLine: {'line': b'-- Up-to-date symlink: /home/giromi/Repos/VTOL/ws_sensor_combined_src/install/px4_msgs/include/px4_msgs/px4_msgs/msg/detail/sensor_gyro__functions.h\n'}
[6.819362] (px4_msgs) StdoutLine: {'line': b'-- Up-to-date symlink: /home/giromi/Repos/VTOL/ws_sensor_combined_src/install/px4_msgs/include/px4_msgs/px4_msgs/msg/detail/sensor_gyro__struct.h\n'}
[6.819611] (px4_msgs) StdoutLine: {'line': b'-- Up-to-date symlink: /home/giromi/Repos/VTOL/ws_sensor_combined_src/install/px4_msgs/include/px4_msgs/px4_msgs/msg/detail/sensor_gyro__type_support.h\n'}
[6.819749] (-) TimerEvent: {}
[6.819917] (px4_msgs) StdoutLine: {'line': b'-- Up-to-date symlink: /home/giromi/Repos/VTOL/ws_sensor_combined_src/install/px4_msgs/include/px4_msgs/px4_msgs/msg/detail/sensor_gyro_fft__functions.h\n'}
[6.820152] (px4_msgs) StdoutLine: {'line': b'-- Up-to-date symlink: /home/giromi/Repos/VTOL/ws_sensor_combined_src/install/px4_msgs/include/px4_msgs/px4_msgs/msg/detail/sensor_gyro_fft__struct.h\n'}
[6.820419] (px4_msgs) StdoutLine: {'line': b'-- Up-to-date symlink: /home/giromi/Repos/VTOL/ws_sensor_combined_src/install/px4_msgs/include/px4_msgs/px4_msgs/msg/detail/sensor_gyro_fft__type_support.h\n'}
[6.820629] (px4_msgs) StdoutLine: {'line': b'-- Up-to-date symlink: /home/giromi/Repos/VTOL/ws_sensor_combined_src/install/px4_msgs/include/px4_msgs/px4_msgs/msg/detail/sensor_gyro_fifo__functions.h\n'}
[6.820851] (px4_msgs) StdoutLine: {'line': b'-- Up-to-date symlink: /home/giromi/Repos/VTOL/ws_sensor_combined_src/install/px4_msgs/include/px4_msgs/px4_msgs/msg/detail/sensor_gyro_fifo__struct.h\n'}
[6.821071] (px4_msgs) StdoutLine: {'line': b'-- Up-to-date symlink: /home/giromi/Repos/VTOL/ws_sensor_combined_src/install/px4_msgs/include/px4_msgs/px4_msgs/msg/detail/sensor_gyro_fifo__type_support.h\n'}
[6.821329] (px4_msgs) StdoutLine: {'line': b'-- Up-to-date symlink: /home/giromi/Repos/VTOL/ws_sensor_combined_src/install/px4_msgs/include/px4_msgs/px4_msgs/msg/detail/sensor_hygrometer__functions.h\n'}
[6.821568] (px4_msgs) StdoutLine: {'line': b'-- Up-to-date symlink: /home/giromi/Repos/VTOL/ws_sensor_combined_src/install/px4_msgs/include/px4_msgs/px4_msgs/msg/detail/sensor_hygrometer__struct.h\n'}
[6.821810] (px4_msgs) StdoutLine: {'line': b'-- Up-to-date symlink: /home/giromi/Repos/VTOL/ws_sensor_combined_src/install/px4_msgs/include/px4_msgs/px4_msgs/msg/detail/sensor_hygrometer__type_support.h\n'}
[6.822047] (px4_msgs) StdoutLine: {'line': b'-- Up-to-date symlink: /home/giromi/Repos/VTOL/ws_sensor_combined_src/install/px4_msgs/include/px4_msgs/px4_msgs/msg/detail/sensor_mag__functions.h\n'}
[6.822293] (px4_msgs) StdoutLine: {'line': b'-- Up-to-date symlink: /home/giromi/Repos/VTOL/ws_sensor_combined_src/install/px4_msgs/include/px4_msgs/px4_msgs/msg/detail/sensor_mag__struct.h\n'}
[6.822529] (px4_msgs) StdoutLine: {'line': b'-- Up-to-date symlink: /home/giromi/Repos/VTOL/ws_sensor_combined_src/install/px4_msgs/include/px4_msgs/px4_msgs/msg/detail/sensor_mag__type_support.h\n'}
[6.822772] (px4_msgs) StdoutLine: {'line': b'-- Up-to-date symlink: /home/giromi/Repos/VTOL/ws_sensor_combined_src/install/px4_msgs/include/px4_msgs/px4_msgs/msg/detail/sensor_optical_flow__functions.h\n'}
[6.823010] (px4_msgs) StdoutLine: {'line': b'-- Up-to-date symlink: /home/giromi/Repos/VTOL/ws_sensor_combined_src/install/px4_msgs/include/px4_msgs/px4_msgs/msg/detail/sensor_optical_flow__struct.h\n'}
[6.823250] (px4_msgs) StdoutLine: {'line': b'-- Up-to-date symlink: /home/giromi/Repos/VTOL/ws_sensor_combined_src/install/px4_msgs/include/px4_msgs/px4_msgs/msg/detail/sensor_optical_flow__type_support.h\n'}
[6.823491] (px4_msgs) StdoutLine: {'line': b'-- Up-to-date symlink: /home/giromi/Repos/VTOL/ws_sensor_combined_src/install/px4_msgs/include/px4_msgs/px4_msgs/msg/detail/sensor_preflight_mag__functions.h\n'}
[6.823730] (px4_msgs) StdoutLine: {'line': b'-- Up-to-date symlink: /home/giromi/Repos/VTOL/ws_sensor_combined_src/install/px4_msgs/include/px4_msgs/px4_msgs/msg/detail/sensor_preflight_mag__struct.h\n'}
[6.823983] (px4_msgs) StdoutLine: {'line': b'-- Up-to-date symlink: /home/giromi/Repos/VTOL/ws_sensor_combined_src/install/px4_msgs/include/px4_msgs/px4_msgs/msg/detail/sensor_preflight_mag__type_support.h\n'}
[6.824242] (px4_msgs) StdoutLine: {'line': b'-- Up-to-date symlink: /home/giromi/Repos/VTOL/ws_sensor_combined_src/install/px4_msgs/include/px4_msgs/px4_msgs/msg/detail/sensor_selection__functions.h\n'}
[6.824485] (px4_msgs) StdoutLine: {'line': b'-- Up-to-date symlink: /home/giromi/Repos/VTOL/ws_sensor_combined_src/install/px4_msgs/include/px4_msgs/px4_msgs/msg/detail/sensor_selection__struct.h\n'}
[6.824729] (px4_msgs) StdoutLine: {'line': b'-- Up-to-date symlink: /home/giromi/Repos/VTOL/ws_sensor_combined_src/install/px4_msgs/include/px4_msgs/px4_msgs/msg/detail/sensor_selection__type_support.h\n'}
[6.824973] (px4_msgs) StdoutLine: {'line': b'-- Up-to-date symlink: /home/giromi/Repos/VTOL/ws_sensor_combined_src/install/px4_msgs/include/px4_msgs/px4_msgs/msg/detail/sensor_uwb__functions.h\n'}
[6.825217] (px4_msgs) StdoutLine: {'line': b'-- Up-to-date symlink: /home/giromi/Repos/VTOL/ws_sensor_combined_src/install/px4_msgs/include/px4_msgs/px4_msgs/msg/detail/sensor_uwb__struct.h\n'}
[6.825458] (px4_msgs) StdoutLine: {'line': b'-- Up-to-date symlink: /home/giromi/Repos/VTOL/ws_sensor_combined_src/install/px4_msgs/include/px4_msgs/px4_msgs/msg/detail/sensor_uwb__type_support.h\n'}
[6.825698] (px4_msgs) StdoutLine: {'line': b'-- Up-to-date symlink: /home/giromi/Repos/VTOL/ws_sensor_combined_src/install/px4_msgs/include/px4_msgs/px4_msgs/msg/detail/sensors_status__functions.h\n'}
[6.825938] (px4_msgs) StdoutLine: {'line': b'-- Up-to-date symlink: /home/giromi/Repos/VTOL/ws_sensor_combined_src/install/px4_msgs/include/px4_msgs/px4_msgs/msg/detail/sensors_status__struct.h\n'}
[6.826181] (px4_msgs) StdoutLine: {'line': b'-- Up-to-date symlink: /home/giromi/Repos/VTOL/ws_sensor_combined_src/install/px4_msgs/include/px4_msgs/px4_msgs/msg/detail/sensors_status__type_support.h\n'}
[6.826423] (px4_msgs) StdoutLine: {'line': b'-- Up-to-date symlink: /home/giromi/Repos/VTOL/ws_sensor_combined_src/install/px4_msgs/include/px4_msgs/px4_msgs/msg/detail/sensors_status_imu__functions.h\n'}
[6.826665] (px4_msgs) StdoutLine: {'line': b'-- Up-to-date symlink: /home/giromi/Repos/VTOL/ws_sensor_combined_src/install/px4_msgs/include/px4_msgs/px4_msgs/msg/detail/sensors_status_imu__struct.h\n'}
[6.826908] (px4_msgs) StdoutLine: {'line': b'-- Up-to-date symlink: /home/giromi/Repos/VTOL/ws_sensor_combined_src/install/px4_msgs/include/px4_msgs/px4_msgs/msg/detail/sensors_status_imu__type_support.h\n'}
[6.827173] (px4_msgs) StdoutLine: {'line': b'-- Up-to-date symlink: /home/giromi/Repos/VTOL/ws_sensor_combined_src/install/px4_msgs/include/px4_msgs/px4_msgs/msg/detail/system_power__functions.h\n'}
[6.827426] (px4_msgs) StdoutLine: {'line': b'-- Up-to-date symlink: /home/giromi/Repos/VTOL/ws_sensor_combined_src/install/px4_msgs/include/px4_msgs/px4_msgs/msg/detail/system_power__struct.h\n'}
[6.827669] (px4_msgs) StdoutLine: {'line': b'-- Up-to-date symlink: /home/giromi/Repos/VTOL/ws_sensor_combined_src/install/px4_msgs/include/px4_msgs/px4_msgs/msg/detail/system_power__type_support.h\n'}
[6.827925] (px4_msgs) StdoutLine: {'line': b'-- Up-to-date symlink: /home/giromi/Repos/VTOL/ws_sensor_combined_src/install/px4_msgs/include/px4_msgs/px4_msgs/msg/detail/takeoff_status__functions.h\n'}
[6.828206] (px4_msgs) StdoutLine: {'line': b'-- Up-to-date symlink: /home/giromi/Repos/VTOL/ws_sensor_combined_src/install/px4_msgs/include/px4_msgs/px4_msgs/msg/detail/takeoff_status__struct.h\n'}
[6.828497] (px4_msgs) StdoutLine: {'line': b'-- Up-to-date symlink: /home/giromi/Repos/VTOL/ws_sensor_combined_src/install/px4_msgs/include/px4_msgs/px4_msgs/msg/detail/takeoff_status__type_support.h\n'}
[6.828749] (px4_msgs) StdoutLine: {'line': b'-- Up-to-date symlink: /home/giromi/Repos/VTOL/ws_sensor_combined_src/install/px4_msgs/include/px4_msgs/px4_msgs/msg/detail/task_stack_info__functions.h\n'}
[6.828989] (px4_msgs) StdoutLine: {'line': b'-- Up-to-date symlink: /home/giromi/Repos/VTOL/ws_sensor_combined_src/install/px4_msgs/include/px4_msgs/px4_msgs/msg/detail/task_stack_info__struct.h\n'}
[6.829216] (px4_msgs) StdoutLine: {'line': b'-- Up-to-date symlink: /home/giromi/Repos/VTOL/ws_sensor_combined_src/install/px4_msgs/include/px4_msgs/px4_msgs/msg/detail/task_stack_info__type_support.h\n'}
[6.829470] (px4_msgs) StdoutLine: {'line': b'-- Up-to-date symlink: /home/giromi/Repos/VTOL/ws_sensor_combined_src/install/px4_msgs/include/px4_msgs/px4_msgs/msg/detail/tecs_status__functions.h\n'}
[6.829697] (px4_msgs) StdoutLine: {'line': b'-- Up-to-date symlink: /home/giromi/Repos/VTOL/ws_sensor_combined_src/install/px4_msgs/include/px4_msgs/px4_msgs/msg/detail/tecs_status__struct.h\n'}
[6.829936] (px4_msgs) StdoutLine: {'line': b'-- Up-to-date symlink: /home/giromi/Repos/VTOL/ws_sensor_combined_src/install/px4_msgs/include/px4_msgs/px4_msgs/msg/detail/tecs_status__type_support.h\n'}
[6.830179] (px4_msgs) StdoutLine: {'line': b'-- Up-to-date symlink: /home/giromi/Repos/VTOL/ws_sensor_combined_src/install/px4_msgs/include/px4_msgs/px4_msgs/msg/detail/telemetry_status__functions.h\n'}
[6.830416] (px4_msgs) StdoutLine: {'line': b'-- Up-to-date symlink: /home/giromi/Repos/VTOL/ws_sensor_combined_src/install/px4_msgs/include/px4_msgs/px4_msgs/msg/detail/telemetry_status__struct.h\n'}
[6.830661] (px4_msgs) StdoutLine: {'line': b'-- Up-to-date symlink: /home/giromi/Repos/VTOL/ws_sensor_combined_src/install/px4_msgs/include/px4_msgs/px4_msgs/msg/detail/telemetry_status__type_support.h\n'}
[6.830876] (px4_msgs) StdoutLine: {'line': b'-- Up-to-date symlink: /home/giromi/Repos/VTOL/ws_sensor_combined_src/install/px4_msgs/include/px4_msgs/px4_msgs/msg/detail/tiltrotor_extra_controls__functions.h\n'}
[6.831145] (px4_msgs) StdoutLine: {'line': b'-- Up-to-date symlink: /home/giromi/Repos/VTOL/ws_sensor_combined_src/install/px4_msgs/include/px4_msgs/px4_msgs/msg/detail/tiltrotor_extra_controls__struct.h\n'}
[6.831386] (px4_msgs) StdoutLine: {'line': b'-- Up-to-date symlink: /home/giromi/Repos/VTOL/ws_sensor_combined_src/install/px4_msgs/include/px4_msgs/px4_msgs/msg/detail/tiltrotor_extra_controls__type_support.h\n'}
[6.831628] (px4_msgs) StdoutLine: {'line': b'-- Up-to-date symlink: /home/giromi/Repos/VTOL/ws_sensor_combined_src/install/px4_msgs/include/px4_msgs/px4_msgs/msg/detail/timesync_status__functions.h\n'}
[6.831868] (px4_msgs) StdoutLine: {'line': b'-- Up-to-date symlink: /home/giromi/Repos/VTOL/ws_sensor_combined_src/install/px4_msgs/include/px4_msgs/px4_msgs/msg/detail/timesync_status__struct.h\n'}
[6.832214] (px4_msgs) StdoutLine: {'line': b'-- Up-to-date symlink: /home/giromi/Repos/VTOL/ws_sensor_combined_src/install/px4_msgs/include/px4_msgs/px4_msgs/msg/detail/timesync_status__type_support.h\n'}
[6.832460] (px4_msgs) StdoutLine: {'line': b'-- Up-to-date symlink: /home/giromi/Repos/VTOL/ws_sensor_combined_src/install/px4_msgs/include/px4_msgs/px4_msgs/msg/detail/trajectory_bezier__functions.h\n'}
[6.832698] (px4_msgs) StdoutLine: {'line': b'-- Up-to-date symlink: /home/giromi/Repos/VTOL/ws_sensor_combined_src/install/px4_msgs/include/px4_msgs/px4_msgs/msg/detail/trajectory_bezier__struct.h\n'}
[6.832945] (px4_msgs) StdoutLine: {'line': b'-- Up-to-date symlink: /home/giromi/Repos/VTOL/ws_sensor_combined_src/install/px4_msgs/include/px4_msgs/px4_msgs/msg/detail/trajectory_bezier__type_support.h\n'}
[6.833188] (px4_msgs) StdoutLine: {'line': b'-- Up-to-date symlink: /home/giromi/Repos/VTOL/ws_sensor_combined_src/install/px4_msgs/include/px4_msgs/px4_msgs/msg/detail/trajectory_setpoint__functions.h\n'}
[6.833429] (px4_msgs) StdoutLine: {'line': b'-- Up-to-date symlink: /home/giromi/Repos/VTOL/ws_sensor_combined_src/install/px4_msgs/include/px4_msgs/px4_msgs/msg/detail/trajectory_setpoint__struct.h\n'}
[6.833671] (px4_msgs) StdoutLine: {'line': b'-- Up-to-date symlink: /home/giromi/Repos/VTOL/ws_sensor_combined_src/install/px4_msgs/include/px4_msgs/px4_msgs/msg/detail/trajectory_setpoint__type_support.h\n'}
[6.833913] (px4_msgs) StdoutLine: {'line': b'-- Up-to-date symlink: /home/giromi/Repos/VTOL/ws_sensor_combined_src/install/px4_msgs/include/px4_msgs/px4_msgs/msg/detail/trajectory_waypoint__functions.h\n'}
[6.834149] (px4_msgs) StdoutLine: {'line': b'-- Up-to-date symlink: /home/giromi/Repos/VTOL/ws_sensor_combined_src/install/px4_msgs/include/px4_msgs/px4_msgs/msg/detail/trajectory_waypoint__struct.h\n'}
[6.834390] (px4_msgs) StdoutLine: {'line': b'-- Up-to-date symlink: /home/giromi/Repos/VTOL/ws_sensor_combined_src/install/px4_msgs/include/px4_msgs/px4_msgs/msg/detail/trajectory_waypoint__type_support.h\n'}
[6.834631] (px4_msgs) StdoutLine: {'line': b'-- Up-to-date symlink: /home/giromi/Repos/VTOL/ws_sensor_combined_src/install/px4_msgs/include/px4_msgs/px4_msgs/msg/detail/transponder_report__functions.h\n'}
[6.834873] (px4_msgs) StdoutLine: {'line': b'-- Up-to-date symlink: /home/giromi/Repos/VTOL/ws_sensor_combined_src/install/px4_msgs/include/px4_msgs/px4_msgs/msg/detail/transponder_report__struct.h\n'}
[6.835125] (px4_msgs) StdoutLine: {'line': b'-- Up-to-date symlink: /home/giromi/Repos/VTOL/ws_sensor_combined_src/install/px4_msgs/include/px4_msgs/px4_msgs/msg/detail/transponder_report__type_support.h\n'}
[6.835366] (px4_msgs) StdoutLine: {'line': b'-- Up-to-date symlink: /home/giromi/Repos/VTOL/ws_sensor_combined_src/install/px4_msgs/include/px4_msgs/px4_msgs/msg/detail/tune_control__functions.h\n'}
[6.835611] (px4_msgs) StdoutLine: {'line': b'-- Up-to-date symlink: /home/giromi/Repos/VTOL/ws_sensor_combined_src/install/px4_msgs/include/px4_msgs/px4_msgs/msg/detail/tune_control__struct.h\n'}
[6.835854] (px4_msgs) StdoutLine: {'line': b'-- Up-to-date symlink: /home/giromi/Repos/VTOL/ws_sensor_combined_src/install/px4_msgs/include/px4_msgs/px4_msgs/msg/detail/tune_control__type_support.h\n'}
[6.836181] (px4_msgs) StdoutLine: {'line': b'-- Up-to-date symlink: /home/giromi/Repos/VTOL/ws_sensor_combined_src/install/px4_msgs/include/px4_msgs/px4_msgs/msg/detail/uavcan_parameter_request__functions.h\n'}
[6.836363] (px4_msgs) StdoutLine: {'line': b'-- Up-to-date symlink: /home/giromi/Repos/VTOL/ws_sensor_combined_src/install/px4_msgs/include/px4_msgs/px4_msgs/msg/detail/uavcan_parameter_request__struct.h\n'}
[6.836512] (px4_msgs) StdoutLine: {'line': b'-- Up-to-date symlink: /home/giromi/Repos/VTOL/ws_sensor_combined_src/install/px4_msgs/include/px4_msgs/px4_msgs/msg/detail/uavcan_parameter_request__type_support.h\n'}
[6.836657] (px4_msgs) StdoutLine: {'line': b'-- Up-to-date symlink: /home/giromi/Repos/VTOL/ws_sensor_combined_src/install/px4_msgs/include/px4_msgs/px4_msgs/msg/detail/uavcan_parameter_value__functions.h\n'}
[6.836811] (px4_msgs) StdoutLine: {'line': b'-- Up-to-date symlink: /home/giromi/Repos/VTOL/ws_sensor_combined_src/install/px4_msgs/include/px4_msgs/px4_msgs/msg/detail/uavcan_parameter_value__struct.h\n'}
[6.836951] (px4_msgs) StdoutLine: {'line': b'-- Up-to-date symlink: /home/giromi/Repos/VTOL/ws_sensor_combined_src/install/px4_msgs/include/px4_msgs/px4_msgs/msg/detail/uavcan_parameter_value__type_support.h\n'}
[6.837096] (px4_msgs) StdoutLine: {'line': b'-- Up-to-date symlink: /home/giromi/Repos/VTOL/ws_sensor_combined_src/install/px4_msgs/include/px4_msgs/px4_msgs/msg/detail/ulog_stream__functions.h\n'}
[6.837222] (px4_msgs) StdoutLine: {'line': b'-- Up-to-date symlink: /home/giromi/Repos/VTOL/ws_sensor_combined_src/install/px4_msgs/include/px4_msgs/px4_msgs/msg/detail/ulog_stream__struct.h\n'}
[6.837354] (px4_msgs) StdoutLine: {'line': b'-- Up-to-date symlink: /home/giromi/Repos/VTOL/ws_sensor_combined_src/install/px4_msgs/include/px4_msgs/px4_msgs/msg/detail/ulog_stream__type_support.h\n'}
[6.837488] (px4_msgs) StdoutLine: {'line': b'-- Up-to-date symlink: /home/giromi/Repos/VTOL/ws_sensor_combined_src/install/px4_msgs/include/px4_msgs/px4_msgs/msg/detail/ulog_stream_ack__functions.h\n'}
[6.837660] (px4_msgs) StdoutLine: {'line': b'-- Up-to-date symlink: /home/giromi/Repos/VTOL/ws_sensor_combined_src/install/px4_msgs/include/px4_msgs/px4_msgs/msg/detail/ulog_stream_ack__struct.h\n'}
[6.837790] (px4_msgs) StdoutLine: {'line': b'-- Up-to-date symlink: /home/giromi/Repos/VTOL/ws_sensor_combined_src/install/px4_msgs/include/px4_msgs/px4_msgs/msg/detail/ulog_stream_ack__type_support.h\n'}
[6.837917] (px4_msgs) StdoutLine: {'line': b'-- Up-to-date symlink: /home/giromi/Repos/VTOL/ws_sensor_combined_src/install/px4_msgs/include/px4_msgs/px4_msgs/msg/detail/unregister_ext_component__functions.h\n'}
[6.838084] (px4_msgs) StdoutLine: {'line': b'-- Up-to-date symlink: /home/giromi/Repos/VTOL/ws_sensor_combined_src/install/px4_msgs/include/px4_msgs/px4_msgs/msg/detail/unregister_ext_component__struct.h\n'}
[6.838220] (px4_msgs) StdoutLine: {'line': b'-- Up-to-date symlink: /home/giromi/Repos/VTOL/ws_sensor_combined_src/install/px4_msgs/include/px4_msgs/px4_msgs/msg/detail/unregister_ext_component__type_support.h\n'}
[6.838364] (px4_msgs) StdoutLine: {'line': b'-- Up-to-date symlink: /home/giromi/Repos/VTOL/ws_sensor_combined_src/install/px4_msgs/include/px4_msgs/px4_msgs/msg/detail/vehicle_acceleration__functions.h\n'}
[6.838505] (px4_msgs) StdoutLine: {'line': b'-- Up-to-date symlink: /home/giromi/Repos/VTOL/ws_sensor_combined_src/install/px4_msgs/include/px4_msgs/px4_msgs/msg/detail/vehicle_acceleration__struct.h\n'}
[6.838631] (px4_msgs) StdoutLine: {'line': b'-- Up-to-date symlink: /home/giromi/Repos/VTOL/ws_sensor_combined_src/install/px4_msgs/include/px4_msgs/px4_msgs/msg/detail/vehicle_acceleration__type_support.h\n'}
[6.838787] (px4_msgs) StdoutLine: {'line': b'-- Up-to-date symlink: /home/giromi/Repos/VTOL/ws_sensor_combined_src/install/px4_msgs/include/px4_msgs/px4_msgs/msg/detail/vehicle_air_data__functions.h\n'}
[6.838924] (px4_msgs) StdoutLine: {'line': b'-- Up-to-date symlink: /home/giromi/Repos/VTOL/ws_sensor_combined_src/install/px4_msgs/include/px4_msgs/px4_msgs/msg/detail/vehicle_air_data__struct.h\n'}
[6.839055] (px4_msgs) StdoutLine: {'line': b'-- Up-to-date symlink: /home/giromi/Repos/VTOL/ws_sensor_combined_src/install/px4_msgs/include/px4_msgs/px4_msgs/msg/detail/vehicle_air_data__type_support.h\n'}
[6.839180] (px4_msgs) StdoutLine: {'line': b'-- Up-to-date symlink: /home/giromi/Repos/VTOL/ws_sensor_combined_src/install/px4_msgs/include/px4_msgs/px4_msgs/msg/detail/vehicle_angular_acceleration_setpoint__functions.h\n'}
[6.839324] (px4_msgs) StdoutLine: {'line': b'-- Up-to-date symlink: /home/giromi/Repos/VTOL/ws_sensor_combined_src/install/px4_msgs/include/px4_msgs/px4_msgs/msg/detail/vehicle_angular_acceleration_setpoint__struct.h\n'}
[6.839493] (px4_msgs) StdoutLine: {'line': b'-- Up-to-date symlink: /home/giromi/Repos/VTOL/ws_sensor_combined_src/install/px4_msgs/include/px4_msgs/px4_msgs/msg/detail/vehicle_angular_acceleration_setpoint__type_support.h\n'}
[6.839662] (px4_msgs) StdoutLine: {'line': b'-- Up-to-date symlink: /home/giromi/Repos/VTOL/ws_sensor_combined_src/install/px4_msgs/include/px4_msgs/px4_msgs/msg/detail/vehicle_angular_velocity__functions.h\n'}
[6.839824] (px4_msgs) StdoutLine: {'line': b'-- Up-to-date symlink: /home/giromi/Repos/VTOL/ws_sensor_combined_src/install/px4_msgs/include/px4_msgs/px4_msgs/msg/detail/vehicle_angular_velocity__struct.h\n'}
[6.839993] (px4_msgs) StdoutLine: {'line': b'-- Up-to-date symlink: /home/giromi/Repos/VTOL/ws_sensor_combined_src/install/px4_msgs/include/px4_msgs/px4_msgs/msg/detail/vehicle_angular_velocity__type_support.h\n'}
[6.840193] (px4_msgs) StdoutLine: {'line': b'-- Up-to-date symlink: /home/giromi/Repos/VTOL/ws_sensor_combined_src/install/px4_msgs/include/px4_msgs/px4_msgs/msg/detail/vehicle_attitude__functions.h\n'}
[6.840355] (px4_msgs) StdoutLine: {'line': b'-- Up-to-date symlink: /home/giromi/Repos/VTOL/ws_sensor_combined_src/install/px4_msgs/include/px4_msgs/px4_msgs/msg/detail/vehicle_attitude__struct.h\n'}
[6.840488] (px4_msgs) StdoutLine: {'line': b'-- Up-to-date symlink: /home/giromi/Repos/VTOL/ws_sensor_combined_src/install/px4_msgs/include/px4_msgs/px4_msgs/msg/detail/vehicle_attitude__type_support.h\n'}
[6.840689] (px4_msgs) StdoutLine: {'line': b'-- Up-to-date symlink: /home/giromi/Repos/VTOL/ws_sensor_combined_src/install/px4_msgs/include/px4_msgs/px4_msgs/msg/detail/vehicle_attitude_setpoint__functions.h\n'}
[6.840837] (px4_msgs) StdoutLine: {'line': b'-- Up-to-date symlink: /home/giromi/Repos/VTOL/ws_sensor_combined_src/install/px4_msgs/include/px4_msgs/px4_msgs/msg/detail/vehicle_attitude_setpoint__struct.h\n'}
[6.840979] (px4_msgs) StdoutLine: {'line': b'-- Up-to-date symlink: /home/giromi/Repos/VTOL/ws_sensor_combined_src/install/px4_msgs/include/px4_msgs/px4_msgs/msg/detail/vehicle_attitude_setpoint__type_support.h\n'}
[6.841123] (px4_msgs) StdoutLine: {'line': b'-- Up-to-date symlink: /home/giromi/Repos/VTOL/ws_sensor_combined_src/install/px4_msgs/include/px4_msgs/px4_msgs/msg/detail/vehicle_command__functions.h\n'}
[6.841264] (px4_msgs) StdoutLine: {'line': b'-- Up-to-date symlink: /home/giromi/Repos/VTOL/ws_sensor_combined_src/install/px4_msgs/include/px4_msgs/px4_msgs/msg/detail/vehicle_command__struct.h\n'}
[6.841445] (px4_msgs) StdoutLine: {'line': b'-- Up-to-date symlink: /home/giromi/Repos/VTOL/ws_sensor_combined_src/install/px4_msgs/include/px4_msgs/px4_msgs/msg/detail/vehicle_command__type_support.h\n'}
[6.841603] (px4_msgs) StdoutLine: {'line': b'-- Up-to-date symlink: /home/giromi/Repos/VTOL/ws_sensor_combined_src/install/px4_msgs/include/px4_msgs/px4_msgs/msg/detail/vehicle_command_ack__functions.h\n'}
[6.841770] (px4_msgs) StdoutLine: {'line': b'-- Up-to-date symlink: /home/giromi/Repos/VTOL/ws_sensor_combined_src/install/px4_msgs/include/px4_msgs/px4_msgs/msg/detail/vehicle_command_ack__struct.h\n'}
[6.841899] (px4_msgs) StdoutLine: {'line': b'-- Up-to-date symlink: /home/giromi/Repos/VTOL/ws_sensor_combined_src/install/px4_msgs/include/px4_msgs/px4_msgs/msg/detail/vehicle_command_ack__type_support.h\n'}
[6.842047] (px4_msgs) StdoutLine: {'line': b'-- Up-to-date symlink: /home/giromi/Repos/VTOL/ws_sensor_combined_src/install/px4_msgs/include/px4_msgs/px4_msgs/msg/detail/vehicle_constraints__functions.h\n'}
[6.842191] (px4_msgs) StdoutLine: {'line': b'-- Up-to-date symlink: /home/giromi/Repos/VTOL/ws_sensor_combined_src/install/px4_msgs/include/px4_msgs/px4_msgs/msg/detail/vehicle_constraints__struct.h\n'}
[6.842339] (px4_msgs) StdoutLine: {'line': b'-- Up-to-date symlink: /home/giromi/Repos/VTOL/ws_sensor_combined_src/install/px4_msgs/include/px4_msgs/px4_msgs/msg/detail/vehicle_constraints__type_support.h\n'}
[6.842491] (px4_msgs) StdoutLine: {'line': b'-- Up-to-date symlink: /home/giromi/Repos/VTOL/ws_sensor_combined_src/install/px4_msgs/include/px4_msgs/px4_msgs/msg/detail/vehicle_control_mode__functions.h\n'}
[6.842678] (px4_msgs) StdoutLine: {'line': b'-- Up-to-date symlink: /home/giromi/Repos/VTOL/ws_sensor_combined_src/install/px4_msgs/include/px4_msgs/px4_msgs/msg/detail/vehicle_control_mode__struct.h\n'}
[6.842814] (px4_msgs) StdoutLine: {'line': b'-- Up-to-date symlink: /home/giromi/Repos/VTOL/ws_sensor_combined_src/install/px4_msgs/include/px4_msgs/px4_msgs/msg/detail/vehicle_control_mode__type_support.h\n'}
[6.842995] (px4_msgs) StdoutLine: {'line': b'-- Up-to-date symlink: /home/giromi/Repos/VTOL/ws_sensor_combined_src/install/px4_msgs/include/px4_msgs/px4_msgs/msg/detail/vehicle_global_position__functions.h\n'}
[6.843168] (px4_msgs) StdoutLine: {'line': b'-- Up-to-date symlink: /home/giromi/Repos/VTOL/ws_sensor_combined_src/install/px4_msgs/include/px4_msgs/px4_msgs/msg/detail/vehicle_global_position__struct.h\n'}
[6.843364] (px4_msgs) StdoutLine: {'line': b'-- Up-to-date symlink: /home/giromi/Repos/VTOL/ws_sensor_combined_src/install/px4_msgs/include/px4_msgs/px4_msgs/msg/detail/vehicle_global_position__type_support.h\n'}
[6.843592] (px4_msgs) StdoutLine: {'line': b'-- Up-to-date symlink: /home/giromi/Repos/VTOL/ws_sensor_combined_src/install/px4_msgs/include/px4_msgs/px4_msgs/msg/detail/vehicle_imu__functions.h\n'}
[6.843815] (px4_msgs) StdoutLine: {'line': b'-- Up-to-date symlink: /home/giromi/Repos/VTOL/ws_sensor_combined_src/install/px4_msgs/include/px4_msgs/px4_msgs/msg/detail/vehicle_imu__struct.h\n'}
[6.844057] (px4_msgs) StdoutLine: {'line': b'-- Up-to-date symlink: /home/giromi/Repos/VTOL/ws_sensor_combined_src/install/px4_msgs/include/px4_msgs/px4_msgs/msg/detail/vehicle_imu__type_support.h\n'}
[6.844233] (px4_msgs) StdoutLine: {'line': b'-- Up-to-date symlink: /home/giromi/Repos/VTOL/ws_sensor_combined_src/install/px4_msgs/include/px4_msgs/px4_msgs/msg/detail/vehicle_imu_status__functions.h\n'}
[6.844407] (px4_msgs) StdoutLine: {'line': b'-- Up-to-date symlink: /home/giromi/Repos/VTOL/ws_sensor_combined_src/install/px4_msgs/include/px4_msgs/px4_msgs/msg/detail/vehicle_imu_status__struct.h\n'}
[6.844582] (px4_msgs) StdoutLine: {'line': b'-- Up-to-date symlink: /home/giromi/Repos/VTOL/ws_sensor_combined_src/install/px4_msgs/include/px4_msgs/px4_msgs/msg/detail/vehicle_imu_status__type_support.h\n'}
[6.844754] (px4_msgs) StdoutLine: {'line': b'-- Up-to-date symlink: /home/giromi/Repos/VTOL/ws_sensor_combined_src/install/px4_msgs/include/px4_msgs/px4_msgs/msg/detail/vehicle_land_detected__functions.h\n'}
[6.844926] (px4_msgs) StdoutLine: {'line': b'-- Up-to-date symlink: /home/giromi/Repos/VTOL/ws_sensor_combined_src/install/px4_msgs/include/px4_msgs/px4_msgs/msg/detail/vehicle_land_detected__struct.h\n'}
[6.845098] (px4_msgs) StdoutLine: {'line': b'-- Up-to-date symlink: /home/giromi/Repos/VTOL/ws_sensor_combined_src/install/px4_msgs/include/px4_msgs/px4_msgs/msg/detail/vehicle_land_detected__type_support.h\n'}
[6.845244] (px4_msgs) StdoutLine: {'line': b'-- Up-to-date symlink: /home/giromi/Repos/VTOL/ws_sensor_combined_src/install/px4_msgs/include/px4_msgs/px4_msgs/msg/detail/vehicle_local_position__functions.h\n'}
[6.845397] (px4_msgs) StdoutLine: {'line': b'-- Up-to-date symlink: /home/giromi/Repos/VTOL/ws_sensor_combined_src/install/px4_msgs/include/px4_msgs/px4_msgs/msg/detail/vehicle_local_position__struct.h\n'}
[6.845635] (px4_msgs) StdoutLine: {'line': b'-- Up-to-date symlink: /home/giromi/Repos/VTOL/ws_sensor_combined_src/install/px4_msgs/include/px4_msgs/px4_msgs/msg/detail/vehicle_local_position__type_support.h\n'}
[6.845838] (px4_msgs) StdoutLine: {'line': b'-- Up-to-date symlink: /home/giromi/Repos/VTOL/ws_sensor_combined_src/install/px4_msgs/include/px4_msgs/px4_msgs/msg/detail/vehicle_local_position_setpoint__functions.h\n'}
[6.846071] (px4_msgs) StdoutLine: {'line': b'-- Up-to-date symlink: /home/giromi/Repos/VTOL/ws_sensor_combined_src/install/px4_msgs/include/px4_msgs/px4_msgs/msg/detail/vehicle_local_position_setpoint__struct.h\n'}
[6.846225] (px4_msgs) StdoutLine: {'line': b'-- Up-to-date symlink: /home/giromi/Repos/VTOL/ws_sensor_combined_src/install/px4_msgs/include/px4_msgs/px4_msgs/msg/detail/vehicle_local_position_setpoint__type_support.h\n'}
[6.846398] (px4_msgs) StdoutLine: {'line': b'-- Up-to-date symlink: /home/giromi/Repos/VTOL/ws_sensor_combined_src/install/px4_msgs/include/px4_msgs/px4_msgs/msg/detail/vehicle_magnetometer__functions.h\n'}
[6.846574] (px4_msgs) StdoutLine: {'line': b'-- Up-to-date symlink: /home/giromi/Repos/VTOL/ws_sensor_combined_src/install/px4_msgs/include/px4_msgs/px4_msgs/msg/detail/vehicle_magnetometer__struct.h\n'}
[6.846746] (px4_msgs) StdoutLine: {'line': b'-- Up-to-date symlink: /home/giromi/Repos/VTOL/ws_sensor_combined_src/install/px4_msgs/include/px4_msgs/px4_msgs/msg/detail/vehicle_magnetometer__type_support.h\n'}
[6.846974] (px4_msgs) StdoutLine: {'line': b'-- Up-to-date symlink: /home/giromi/Repos/VTOL/ws_sensor_combined_src/install/px4_msgs/include/px4_msgs/px4_msgs/msg/detail/vehicle_odometry__functions.h\n'}
[6.847199] (px4_msgs) StdoutLine: {'line': b'-- Up-to-date symlink: /home/giromi/Repos/VTOL/ws_sensor_combined_src/install/px4_msgs/include/px4_msgs/px4_msgs/msg/detail/vehicle_odometry__struct.h\n'}
[6.847426] (px4_msgs) StdoutLine: {'line': b'-- Up-to-date symlink: /home/giromi/Repos/VTOL/ws_sensor_combined_src/install/px4_msgs/include/px4_msgs/px4_msgs/msg/detail/vehicle_odometry__type_support.h\n'}
[6.847677] (px4_msgs) StdoutLine: {'line': b'-- Up-to-date symlink: /home/giromi/Repos/VTOL/ws_sensor_combined_src/install/px4_msgs/include/px4_msgs/px4_msgs/msg/detail/vehicle_optical_flow__functions.h\n'}
[6.847900] (px4_msgs) StdoutLine: {'line': b'-- Up-to-date symlink: /home/giromi/Repos/VTOL/ws_sensor_combined_src/install/px4_msgs/include/px4_msgs/px4_msgs/msg/detail/vehicle_optical_flow__struct.h\n'}
[6.848219] (px4_msgs) StdoutLine: {'line': b'-- Up-to-date symlink: /home/giromi/Repos/VTOL/ws_sensor_combined_src/install/px4_msgs/include/px4_msgs/px4_msgs/msg/detail/vehicle_optical_flow__type_support.h\n'}
[6.848451] (px4_msgs) StdoutLine: {'line': b'-- Up-to-date symlink: /home/giromi/Repos/VTOL/ws_sensor_combined_src/install/px4_msgs/include/px4_msgs/px4_msgs/msg/detail/vehicle_optical_flow_vel__functions.h\n'}
[6.848637] (px4_msgs) StdoutLine: {'line': b'-- Up-to-date symlink: /home/giromi/Repos/VTOL/ws_sensor_combined_src/install/px4_msgs/include/px4_msgs/px4_msgs/msg/detail/vehicle_optical_flow_vel__struct.h\n'}
[6.848863] (px4_msgs) StdoutLine: {'line': b'-- Up-to-date symlink: /home/giromi/Repos/VTOL/ws_sensor_combined_src/install/px4_msgs/include/px4_msgs/px4_msgs/msg/detail/vehicle_optical_flow_vel__type_support.h\n'}
[6.849083] (px4_msgs) StdoutLine: {'line': b'-- Up-to-date symlink: /home/giromi/Repos/VTOL/ws_sensor_combined_src/install/px4_msgs/include/px4_msgs/px4_msgs/msg/detail/vehicle_rates_setpoint__functions.h\n'}
[6.849309] (px4_msgs) StdoutLine: {'line': b'-- Up-to-date symlink: /home/giromi/Repos/VTOL/ws_sensor_combined_src/install/px4_msgs/include/px4_msgs/px4_msgs/msg/detail/vehicle_rates_setpoint__struct.h\n'}
[6.849554] (px4_msgs) StdoutLine: {'line': b'-- Up-to-date symlink: /home/giromi/Repos/VTOL/ws_sensor_combined_src/install/px4_msgs/include/px4_msgs/px4_msgs/msg/detail/vehicle_rates_setpoint__type_support.h\n'}
[6.849787] (px4_msgs) StdoutLine: {'line': b'-- Up-to-date symlink: /home/giromi/Repos/VTOL/ws_sensor_combined_src/install/px4_msgs/include/px4_msgs/px4_msgs/msg/detail/vehicle_roi__functions.h\n'}
[6.849988] (px4_msgs) StdoutLine: {'line': b'-- Up-to-date symlink: /home/giromi/Repos/VTOL/ws_sensor_combined_src/install/px4_msgs/include/px4_msgs/px4_msgs/msg/detail/vehicle_roi__struct.h\n'}
[6.850234] (px4_msgs) StdoutLine: {'line': b'-- Up-to-date symlink: /home/giromi/Repos/VTOL/ws_sensor_combined_src/install/px4_msgs/include/px4_msgs/px4_msgs/msg/detail/vehicle_roi__type_support.h\n'}
[6.850433] (px4_msgs) StdoutLine: {'line': b'-- Up-to-date symlink: /home/giromi/Repos/VTOL/ws_sensor_combined_src/install/px4_msgs/include/px4_msgs/px4_msgs/msg/detail/vehicle_status__functions.h\n'}
[6.850679] (px4_msgs) StdoutLine: {'line': b'-- Up-to-date symlink: /home/giromi/Repos/VTOL/ws_sensor_combined_src/install/px4_msgs/include/px4_msgs/px4_msgs/msg/detail/vehicle_status__struct.h\n'}
[6.850880] (px4_msgs) StdoutLine: {'line': b'-- Up-to-date symlink: /home/giromi/Repos/VTOL/ws_sensor_combined_src/install/px4_msgs/include/px4_msgs/px4_msgs/msg/detail/vehicle_status__type_support.h\n'}
[6.851107] (px4_msgs) StdoutLine: {'line': b'-- Up-to-date symlink: /home/giromi/Repos/VTOL/ws_sensor_combined_src/install/px4_msgs/include/px4_msgs/px4_msgs/msg/detail/vehicle_thrust_setpoint__functions.h\n'}
[6.851329] (px4_msgs) StdoutLine: {'line': b'-- Up-to-date symlink: /home/giromi/Repos/VTOL/ws_sensor_combined_src/install/px4_msgs/include/px4_msgs/px4_msgs/msg/detail/vehicle_thrust_setpoint__struct.h\n'}
[6.851554] (px4_msgs) StdoutLine: {'line': b'-- Up-to-date symlink: /home/giromi/Repos/VTOL/ws_sensor_combined_src/install/px4_msgs/include/px4_msgs/px4_msgs/msg/detail/vehicle_thrust_setpoint__type_support.h\n'}
[6.851843] (px4_msgs) StdoutLine: {'line': b'-- Up-to-date symlink: /home/giromi/Repos/VTOL/ws_sensor_combined_src/install/px4_msgs/include/px4_msgs/px4_msgs/msg/detail/vehicle_torque_setpoint__functions.h\n'}
[6.852086] (px4_msgs) StdoutLine: {'line': b'-- Up-to-date symlink: /home/giromi/Repos/VTOL/ws_sensor_combined_src/install/px4_msgs/include/px4_msgs/px4_msgs/msg/detail/vehicle_torque_setpoint__struct.h\n'}
[6.852318] (px4_msgs) StdoutLine: {'line': b'-- Up-to-date symlink: /home/giromi/Repos/VTOL/ws_sensor_combined_src/install/px4_msgs/include/px4_msgs/px4_msgs/msg/detail/vehicle_torque_setpoint__type_support.h\n'}
[6.852551] (px4_msgs) StdoutLine: {'line': b'-- Up-to-date symlink: /home/giromi/Repos/VTOL/ws_sensor_combined_src/install/px4_msgs/include/px4_msgs/px4_msgs/msg/detail/vehicle_trajectory_bezier__functions.h\n'}
[6.852725] (px4_msgs) StdoutLine: {'line': b'-- Up-to-date symlink: /home/giromi/Repos/VTOL/ws_sensor_combined_src/install/px4_msgs/include/px4_msgs/px4_msgs/msg/detail/vehicle_trajectory_bezier__struct.h\n'}
[6.852884] (px4_msgs) StdoutLine: {'line': b'-- Up-to-date symlink: /home/giromi/Repos/VTOL/ws_sensor_combined_src/install/px4_msgs/include/px4_msgs/px4_msgs/msg/detail/vehicle_trajectory_bezier__type_support.h\n'}
[6.853139] (px4_msgs) StdoutLine: {'line': b'-- Up-to-date symlink: /home/giromi/Repos/VTOL/ws_sensor_combined_src/install/px4_msgs/include/px4_msgs/px4_msgs/msg/detail/vehicle_trajectory_waypoint__functions.h\n'}
[6.853280] (px4_msgs) StdoutLine: {'line': b'-- Up-to-date symlink: /home/giromi/Repos/VTOL/ws_sensor_combined_src/install/px4_msgs/include/px4_msgs/px4_msgs/msg/detail/vehicle_trajectory_waypoint__struct.h\n'}
[6.853412] (px4_msgs) StdoutLine: {'line': b'-- Up-to-date symlink: /home/giromi/Repos/VTOL/ws_sensor_combined_src/install/px4_msgs/include/px4_msgs/px4_msgs/msg/detail/vehicle_trajectory_waypoint__type_support.h\n'}
[6.853580] (px4_msgs) StdoutLine: {'line': b'-- Up-to-date symlink: /home/giromi/Repos/VTOL/ws_sensor_combined_src/install/px4_msgs/include/px4_msgs/px4_msgs/msg/detail/velocity_limits__functions.h\n'}
[6.853716] (px4_msgs) StdoutLine: {'line': b'-- Up-to-date symlink: /home/giromi/Repos/VTOL/ws_sensor_combined_src/install/px4_msgs/include/px4_msgs/px4_msgs/msg/detail/velocity_limits__struct.h\n'}
[6.853866] (px4_msgs) StdoutLine: {'line': b'-- Up-to-date symlink: /home/giromi/Repos/VTOL/ws_sensor_combined_src/install/px4_msgs/include/px4_msgs/px4_msgs/msg/detail/velocity_limits__type_support.h\n'}
[6.854037] (px4_msgs) StdoutLine: {'line': b'-- Up-to-date symlink: /home/giromi/Repos/VTOL/ws_sensor_combined_src/install/px4_msgs/include/px4_msgs/px4_msgs/msg/detail/vtol_vehicle_status__functions.h\n'}
[6.854170] (px4_msgs) StdoutLine: {'line': b'-- Up-to-date symlink: /home/giromi/Repos/VTOL/ws_sensor_combined_src/install/px4_msgs/include/px4_msgs/px4_msgs/msg/detail/vtol_vehicle_status__struct.h\n'}
[6.854311] (px4_msgs) StdoutLine: {'line': b'-- Up-to-date symlink: /home/giromi/Repos/VTOL/ws_sensor_combined_src/install/px4_msgs/include/px4_msgs/px4_msgs/msg/detail/vtol_vehicle_status__type_support.h\n'}
[6.854454] (px4_msgs) StdoutLine: {'line': b'-- Up-to-date symlink: /home/giromi/Repos/VTOL/ws_sensor_combined_src/install/px4_msgs/include/px4_msgs/px4_msgs/msg/detail/wheel_encoders__functions.h\n'}
[6.854597] (px4_msgs) StdoutLine: {'line': b'-- Up-to-date symlink: /home/giromi/Repos/VTOL/ws_sensor_combined_src/install/px4_msgs/include/px4_msgs/px4_msgs/msg/detail/wheel_encoders__struct.h\n'}
[6.854741] (px4_msgs) StdoutLine: {'line': b'-- Up-to-date symlink: /home/giromi/Repos/VTOL/ws_sensor_combined_src/install/px4_msgs/include/px4_msgs/px4_msgs/msg/detail/wheel_encoders__type_support.h\n'}
[6.854886] (px4_msgs) StdoutLine: {'line': b'-- Up-to-date symlink: /home/giromi/Repos/VTOL/ws_sensor_combined_src/install/px4_msgs/include/px4_msgs/px4_msgs/msg/detail/wind__functions.h\n'}
[6.855027] (px4_msgs) StdoutLine: {'line': b'-- Up-to-date symlink: /home/giromi/Repos/VTOL/ws_sensor_combined_src/install/px4_msgs/include/px4_msgs/px4_msgs/msg/detail/wind__struct.h\n'}
[6.855174] (px4_msgs) StdoutLine: {'line': b'-- Up-to-date symlink: /home/giromi/Repos/VTOL/ws_sensor_combined_src/install/px4_msgs/include/px4_msgs/px4_msgs/msg/detail/wind__type_support.h\n'}
[6.855311] (px4_msgs) StdoutLine: {'line': b'-- Up-to-date symlink: /home/giromi/Repos/VTOL/ws_sensor_combined_src/install/px4_msgs/include/px4_msgs/px4_msgs/msg/detail/yaw_estimator_status__functions.h\n'}
[6.855451] (px4_msgs) StdoutLine: {'line': b'-- Up-to-date symlink: /home/giromi/Repos/VTOL/ws_sensor_combined_src/install/px4_msgs/include/px4_msgs/px4_msgs/msg/detail/yaw_estimator_status__struct.h\n'}
[6.855590] (px4_msgs) StdoutLine: {'line': b'-- Up-to-date symlink: /home/giromi/Repos/VTOL/ws_sensor_combined_src/install/px4_msgs/include/px4_msgs/px4_msgs/msg/detail/yaw_estimator_status__type_support.h\n'}
[6.855727] (px4_msgs) StdoutLine: {'line': b'-- Up-to-date symlink: /home/giromi/Repos/VTOL/ws_sensor_combined_src/install/px4_msgs/include/px4_msgs/px4_msgs/msg/differential_drive_setpoint.h\n'}
[6.855866] (px4_msgs) StdoutLine: {'line': b'-- Up-to-date symlink: /home/giromi/Repos/VTOL/ws_sensor_combined_src/install/px4_msgs/include/px4_msgs/px4_msgs/msg/differential_pressure.h\n'}
[6.856088] (px4_msgs) StdoutLine: {'line': b'-- Up-to-date symlink: /home/giromi/Repos/VTOL/ws_sensor_combined_src/install/px4_msgs/include/px4_msgs/px4_msgs/msg/distance_sensor.h\n'}
[6.856318] (px4_msgs) StdoutLine: {'line': b'-- Up-to-date symlink: /home/giromi/Repos/VTOL/ws_sensor_combined_src/install/px4_msgs/include/px4_msgs/px4_msgs/msg/ekf2_timestamps.h\n'}
[6.856507] (px4_msgs) StdoutLine: {'line': b'-- Up-to-date symlink: /home/giromi/Repos/VTOL/ws_sensor_combined_src/install/px4_msgs/include/px4_msgs/px4_msgs/msg/esc_report.h\n'}
[6.856668] (px4_msgs) StdoutLine: {'line': b'-- Up-to-date symlink: /home/giromi/Repos/VTOL/ws_sensor_combined_src/install/px4_msgs/include/px4_msgs/px4_msgs/msg/esc_status.h\n'}
[6.856793] (px4_msgs) StdoutLine: {'line': b'-- Up-to-date symlink: /home/giromi/Repos/VTOL/ws_sensor_combined_src/install/px4_msgs/include/px4_msgs/px4_msgs/msg/estimator_aid_source1d.h\n'}
[6.856913] (px4_msgs) StdoutLine: {'line': b'-- Up-to-date symlink: /home/giromi/Repos/VTOL/ws_sensor_combined_src/install/px4_msgs/include/px4_msgs/px4_msgs/msg/estimator_aid_source2d.h\n'}
[6.857040] (px4_msgs) StdoutLine: {'line': b'-- Up-to-date symlink: /home/giromi/Repos/VTOL/ws_sensor_combined_src/install/px4_msgs/include/px4_msgs/px4_msgs/msg/estimator_aid_source3d.h\n'}
[6.857180] (px4_msgs) StdoutLine: {'line': b'-- Up-to-date symlink: /home/giromi/Repos/VTOL/ws_sensor_combined_src/install/px4_msgs/include/px4_msgs/px4_msgs/msg/estimator_bias.h\n'}
[6.857325] (px4_msgs) StdoutLine: {'line': b'-- Up-to-date symlink: /home/giromi/Repos/VTOL/ws_sensor_combined_src/install/px4_msgs/include/px4_msgs/px4_msgs/msg/estimator_bias3d.h\n'}
[6.857522] (px4_msgs) StdoutLine: {'line': b'-- Up-to-date symlink: /home/giromi/Repos/VTOL/ws_sensor_combined_src/install/px4_msgs/include/px4_msgs/px4_msgs/msg/estimator_event_flags.h\n'}
[6.857675] (px4_msgs) StdoutLine: {'line': b'-- Up-to-date symlink: /home/giromi/Repos/VTOL/ws_sensor_combined_src/install/px4_msgs/include/px4_msgs/px4_msgs/msg/estimator_gps_status.h\n'}
[6.857795] (px4_msgs) StdoutLine: {'line': b'-- Up-to-date symlink: /home/giromi/Repos/VTOL/ws_sensor_combined_src/install/px4_msgs/include/px4_msgs/px4_msgs/msg/estimator_innovations.h\n'}
[6.857923] (px4_msgs) StdoutLine: {'line': b'-- Up-to-date symlink: /home/giromi/Repos/VTOL/ws_sensor_combined_src/install/px4_msgs/include/px4_msgs/px4_msgs/msg/estimator_selector_status.h\n'}
[6.858075] (px4_msgs) StdoutLine: {'line': b'-- Up-to-date symlink: /home/giromi/Repos/VTOL/ws_sensor_combined_src/install/px4_msgs/include/px4_msgs/px4_msgs/msg/estimator_sensor_bias.h\n'}
[6.858228] (px4_msgs) StdoutLine: {'line': b'-- Up-to-date symlink: /home/giromi/Repos/VTOL/ws_sensor_combined_src/install/px4_msgs/include/px4_msgs/px4_msgs/msg/estimator_states.h\n'}
[6.858357] (px4_msgs) StdoutLine: {'line': b'-- Up-to-date symlink: /home/giromi/Repos/VTOL/ws_sensor_combined_src/install/px4_msgs/include/px4_msgs/px4_msgs/msg/estimator_status.h\n'}
[6.858482] (px4_msgs) StdoutLine: {'line': b'-- Up-to-date symlink: /home/giromi/Repos/VTOL/ws_sensor_combined_src/install/px4_msgs/include/px4_msgs/px4_msgs/msg/estimator_status_flags.h\n'}
[6.858623] (px4_msgs) StdoutLine: {'line': b'-- Up-to-date symlink: /home/giromi/Repos/VTOL/ws_sensor_combined_src/install/px4_msgs/include/px4_msgs/px4_msgs/msg/event.h\n'}
[6.858787] (px4_msgs) StdoutLine: {'line': b'-- Up-to-date symlink: /home/giromi/Repos/VTOL/ws_sensor_combined_src/install/px4_msgs/include/px4_msgs/px4_msgs/msg/failsafe_flags.h\n'}
[6.858912] (px4_msgs) StdoutLine: {'line': b'-- Up-to-date symlink: /home/giromi/Repos/VTOL/ws_sensor_combined_src/install/px4_msgs/include/px4_msgs/px4_msgs/msg/failure_detector_status.h\n'}
[6.859072] (px4_msgs) StdoutLine: {'line': b'-- Up-to-date symlink: /home/giromi/Repos/VTOL/ws_sensor_combined_src/install/px4_msgs/include/px4_msgs/px4_msgs/msg/figure_eight_status.h\n'}
[6.859235] (px4_msgs) StdoutLine: {'line': b'-- Up-to-date symlink: /home/giromi/Repos/VTOL/ws_sensor_combined_src/install/px4_msgs/include/px4_msgs/px4_msgs/msg/follow_target.h\n'}
[6.859397] (px4_msgs) StdoutLine: {'line': b'-- Up-to-date symlink: /home/giromi/Repos/VTOL/ws_sensor_combined_src/install/px4_msgs/include/px4_msgs/px4_msgs/msg/follow_target_estimator.h\n'}
[6.859555] (px4_msgs) StdoutLine: {'line': b'-- Up-to-date symlink: /home/giromi/Repos/VTOL/ws_sensor_combined_src/install/px4_msgs/include/px4_msgs/px4_msgs/msg/follow_target_status.h\n'}
[6.859686] (px4_msgs) StdoutLine: {'line': b'-- Up-to-date symlink: /home/giromi/Repos/VTOL/ws_sensor_combined_src/install/px4_msgs/include/px4_msgs/px4_msgs/msg/generator_status.h\n'}
[6.859819] (px4_msgs) StdoutLine: {'line': b'-- Up-to-date symlink: /home/giromi/Repos/VTOL/ws_sensor_combined_src/install/px4_msgs/include/px4_msgs/px4_msgs/msg/geofence_result.h\n'}
[6.859996] (px4_msgs) StdoutLine: {'line': b'-- Up-to-date symlink: /home/giromi/Repos/VTOL/ws_sensor_combined_src/install/px4_msgs/include/px4_msgs/px4_msgs/msg/gimbal_controls.h\n'}
[6.860161] (px4_msgs) StdoutLine: {'line': b'-- Up-to-date symlink: /home/giromi/Repos/VTOL/ws_sensor_combined_src/install/px4_msgs/include/px4_msgs/px4_msgs/msg/gimbal_device_attitude_status.h\n'}
[6.860318] (px4_msgs) StdoutLine: {'line': b'-- Up-to-date symlink: /home/giromi/Repos/VTOL/ws_sensor_combined_src/install/px4_msgs/include/px4_msgs/px4_msgs/msg/gimbal_device_information.h\n'}
[6.860441] (px4_msgs) StdoutLine: {'line': b'-- Up-to-date symlink: /home/giromi/Repos/VTOL/ws_sensor_combined_src/install/px4_msgs/include/px4_msgs/px4_msgs/msg/gimbal_device_set_attitude.h\n'}
[6.860573] (px4_msgs) StdoutLine: {'line': b'-- Up-to-date symlink: /home/giromi/Repos/VTOL/ws_sensor_combined_src/install/px4_msgs/include/px4_msgs/px4_msgs/msg/gimbal_manager_information.h\n'}
[6.860706] (px4_msgs) StdoutLine: {'line': b'-- Up-to-date symlink: /home/giromi/Repos/VTOL/ws_sensor_combined_src/install/px4_msgs/include/px4_msgs/px4_msgs/msg/gimbal_manager_set_attitude.h\n'}
[6.860846] (px4_msgs) StdoutLine: {'line': b'-- Up-to-date symlink: /home/giromi/Repos/VTOL/ws_sensor_combined_src/install/px4_msgs/include/px4_msgs/px4_msgs/msg/gimbal_manager_set_manual_control.h\n'}
[6.861014] (px4_msgs) StdoutLine: {'line': b'-- Up-to-date symlink: /home/giromi/Repos/VTOL/ws_sensor_combined_src/install/px4_msgs/include/px4_msgs/px4_msgs/msg/gimbal_manager_status.h\n'}
[6.861133] (px4_msgs) StdoutLine: {'line': b'-- Up-to-date symlink: /home/giromi/Repos/VTOL/ws_sensor_combined_src/install/px4_msgs/include/px4_msgs/px4_msgs/msg/goto_setpoint.h\n'}
[6.861267] (px4_msgs) StdoutLine: {'line': b'-- Up-to-date symlink: /home/giromi/Repos/VTOL/ws_sensor_combined_src/install/px4_msgs/include/px4_msgs/px4_msgs/msg/gpio_config.h\n'}
[6.861399] (px4_msgs) StdoutLine: {'line': b'-- Up-to-date symlink: /home/giromi/Repos/VTOL/ws_sensor_combined_src/install/px4_msgs/include/px4_msgs/px4_msgs/msg/gpio_in.h\n'}
[6.861565] (px4_msgs) StdoutLine: {'line': b'-- Up-to-date symlink: /home/giromi/Repos/VTOL/ws_sensor_combined_src/install/px4_msgs/include/px4_msgs/px4_msgs/msg/gpio_out.h\n'}
[6.861689] (px4_msgs) StdoutLine: {'line': b'-- Up-to-date symlink: /home/giromi/Repos/VTOL/ws_sensor_combined_src/install/px4_msgs/include/px4_msgs/px4_msgs/msg/gpio_request.h\n'}
[6.861820] (px4_msgs) StdoutLine: {'line': b'-- Up-to-date symlink: /home/giromi/Repos/VTOL/ws_sensor_combined_src/install/px4_msgs/include/px4_msgs/px4_msgs/msg/gps_dump.h\n'}
[6.861952] (px4_msgs) StdoutLine: {'line': b'-- Up-to-date symlink: /home/giromi/Repos/VTOL/ws_sensor_combined_src/install/px4_msgs/include/px4_msgs/px4_msgs/msg/gps_inject_data.h\n'}
[6.862092] (px4_msgs) StdoutLine: {'line': b'-- Up-to-date symlink: /home/giromi/Repos/VTOL/ws_sensor_combined_src/install/px4_msgs/include/px4_msgs/px4_msgs/msg/gripper.h\n'}
[6.862226] (px4_msgs) StdoutLine: {'line': b'-- Up-to-date symlink: /home/giromi/Repos/VTOL/ws_sensor_combined_src/install/px4_msgs/include/px4_msgs/px4_msgs/msg/health_report.h\n'}
[6.862357] (px4_msgs) StdoutLine: {'line': b'-- Up-to-date symlink: /home/giromi/Repos/VTOL/ws_sensor_combined_src/install/px4_msgs/include/px4_msgs/px4_msgs/msg/heater_status.h\n'}
[6.862489] (px4_msgs) StdoutLine: {'line': b'-- Up-to-date symlink: /home/giromi/Repos/VTOL/ws_sensor_combined_src/install/px4_msgs/include/px4_msgs/px4_msgs/msg/home_position.h\n'}
[6.862622] (px4_msgs) StdoutLine: {'line': b'-- Up-to-date symlink: /home/giromi/Repos/VTOL/ws_sensor_combined_src/install/px4_msgs/include/px4_msgs/px4_msgs/msg/hover_thrust_estimate.h\n'}
[6.862789] (px4_msgs) StdoutLine: {'line': b'-- Up-to-date symlink: /home/giromi/Repos/VTOL/ws_sensor_combined_src/install/px4_msgs/include/px4_msgs/px4_msgs/msg/input_rc.h\n'}
[6.863014] (px4_msgs) StdoutLine: {'line': b'-- Up-to-date symlink: /home/giromi/Repos/VTOL/ws_sensor_combined_src/install/px4_msgs/include/px4_msgs/px4_msgs/msg/internal_combustion_engine_status.h\n'}
[6.863144] (px4_msgs) StdoutLine: {'line': b'-- Up-to-date symlink: /home/giromi/Repos/VTOL/ws_sensor_combined_src/install/px4_msgs/include/px4_msgs/px4_msgs/msg/iridiumsbd_status.h\n'}
[6.863277] (px4_msgs) StdoutLine: {'line': b'-- Up-to-date symlink: /home/giromi/Repos/VTOL/ws_sensor_combined_src/install/px4_msgs/include/px4_msgs/px4_msgs/msg/irlock_report.h\n'}
[6.863412] (px4_msgs) StdoutLine: {'line': b'-- Up-to-date symlink: /home/giromi/Repos/VTOL/ws_sensor_combined_src/install/px4_msgs/include/px4_msgs/px4_msgs/msg/landing_gear.h\n'}
[6.863548] (px4_msgs) StdoutLine: {'line': b'-- Up-to-date symlink: /home/giromi/Repos/VTOL/ws_sensor_combined_src/install/px4_msgs/include/px4_msgs/px4_msgs/msg/landing_gear_wheel.h\n'}
[6.863729] (px4_msgs) StdoutLine: {'line': b'-- Up-to-date symlink: /home/giromi/Repos/VTOL/ws_sensor_combined_src/install/px4_msgs/include/px4_msgs/px4_msgs/msg/landing_target_innovations.h\n'}
[6.863919] (px4_msgs) StdoutLine: {'line': b'-- Up-to-date symlink: /home/giromi/Repos/VTOL/ws_sensor_combined_src/install/px4_msgs/include/px4_msgs/px4_msgs/msg/landing_target_pose.h\n'}
[6.864169] (px4_msgs) StdoutLine: {'line': b'-- Up-to-date symlink: /home/giromi/Repos/VTOL/ws_sensor_combined_src/install/px4_msgs/include/px4_msgs/px4_msgs/msg/launch_detection_status.h\n'}
[6.864331] (px4_msgs) StdoutLine: {'line': b'-- Up-to-date symlink: /home/giromi/Repos/VTOL/ws_sensor_combined_src/install/px4_msgs/include/px4_msgs/px4_msgs/msg/led_control.h\n'}
[6.864488] (px4_msgs) StdoutLine: {'line': b'-- Up-to-date symlink: /home/giromi/Repos/VTOL/ws_sensor_combined_src/install/px4_msgs/include/px4_msgs/px4_msgs/msg/log_message.h\n'}
[6.864614] (px4_msgs) StdoutLine: {'line': b'-- Up-to-date symlink: /home/giromi/Repos/VTOL/ws_sensor_combined_src/install/px4_msgs/include/px4_msgs/px4_msgs/msg/logger_status.h\n'}
[6.864761] (px4_msgs) StdoutLine: {'line': b'-- Up-to-date symlink: /home/giromi/Repos/VTOL/ws_sensor_combined_src/install/px4_msgs/include/px4_msgs/px4_msgs/msg/mag_worker_data.h\n'}
[6.864927] (px4_msgs) StdoutLine: {'line': b'-- Up-to-date symlink: /home/giromi/Repos/VTOL/ws_sensor_combined_src/install/px4_msgs/include/px4_msgs/px4_msgs/msg/magnetometer_bias_estimate.h\n'}
[6.865061] (px4_msgs) StdoutLine: {'line': b'-- Up-to-date symlink: /home/giromi/Repos/VTOL/ws_sensor_combined_src/install/px4_msgs/include/px4_msgs/px4_msgs/msg/manual_control_setpoint.h\n'}
[6.865203] (px4_msgs) StdoutLine: {'line': b'-- Up-to-date symlink: /home/giromi/Repos/VTOL/ws_sensor_combined_src/install/px4_msgs/include/px4_msgs/px4_msgs/msg/manual_control_switches.h\n'}
[6.865345] (px4_msgs) StdoutLine: {'line': b'-- Up-to-date symlink: /home/giromi/Repos/VTOL/ws_sensor_combined_src/install/px4_msgs/include/px4_msgs/px4_msgs/msg/mavlink_log.h\n'}
[6.865489] (px4_msgs) StdoutLine: {'line': b'-- Up-to-date symlink: /home/giromi/Repos/VTOL/ws_sensor_combined_src/install/px4_msgs/include/px4_msgs/px4_msgs/msg/mavlink_tunnel.h\n'}
[6.865632] (px4_msgs) StdoutLine: {'line': b'-- Up-to-date symlink: /home/giromi/Repos/VTOL/ws_sensor_combined_src/install/px4_msgs/include/px4_msgs/px4_msgs/msg/message_format_request.h\n'}
[6.865857] (px4_msgs) StdoutLine: {'line': b'-- Up-to-date symlink: /home/giromi/Repos/VTOL/ws_sensor_combined_src/install/px4_msgs/include/px4_msgs/px4_msgs/msg/message_format_response.h\n'}
[6.866048] (px4_msgs) StdoutLine: {'line': b'-- Up-to-date symlink: /home/giromi/Repos/VTOL/ws_sensor_combined_src/install/px4_msgs/include/px4_msgs/px4_msgs/msg/mission.h\n'}
[6.866267] (px4_msgs) StdoutLine: {'line': b'-- Up-to-date symlink: /home/giromi/Repos/VTOL/ws_sensor_combined_src/install/px4_msgs/include/px4_msgs/px4_msgs/msg/mission_result.h\n'}
[6.866441] (px4_msgs) StdoutLine: {'line': b'-- Up-to-date symlink: /home/giromi/Repos/VTOL/ws_sensor_combined_src/install/px4_msgs/include/px4_msgs/px4_msgs/msg/mode_completed.h\n'}
[6.866605] (px4_msgs) StdoutLine: {'line': b'-- Up-to-date symlink: /home/giromi/Repos/VTOL/ws_sensor_combined_src/install/px4_msgs/include/px4_msgs/px4_msgs/msg/mount_orientation.h\n'}
[6.866750] (px4_msgs) StdoutLine: {'line': b'-- Up-to-date symlink: /home/giromi/Repos/VTOL/ws_sensor_combined_src/install/px4_msgs/include/px4_msgs/px4_msgs/msg/navigator_mission_item.h\n'}
[6.866919] (px4_msgs) StdoutLine: {'line': b'-- Up-to-date symlink: /home/giromi/Repos/VTOL/ws_sensor_combined_src/install/px4_msgs/include/px4_msgs/px4_msgs/msg/normalized_unsigned_setpoint.h\n'}
[6.867084] (px4_msgs) StdoutLine: {'line': b'-- Up-to-date symlink: /home/giromi/Repos/VTOL/ws_sensor_combined_src/install/px4_msgs/include/px4_msgs/px4_msgs/msg/npfg_status.h\n'}
[6.867251] (px4_msgs) StdoutLine: {'line': b'-- Up-to-date symlink: /home/giromi/Repos/VTOL/ws_sensor_combined_src/install/px4_msgs/include/px4_msgs/px4_msgs/msg/obstacle_distance.h\n'}
[6.867436] (px4_msgs) StdoutLine: {'line': b'-- Up-to-date symlink: /home/giromi/Repos/VTOL/ws_sensor_combined_src/install/px4_msgs/include/px4_msgs/px4_msgs/msg/offboard_control_mode.h\n'}
[6.867635] (px4_msgs) StdoutLine: {'line': b'-- Up-to-date symlink: /home/giromi/Repos/VTOL/ws_sensor_combined_src/install/px4_msgs/include/px4_msgs/px4_msgs/msg/onboard_computer_status.h\n'}
[6.867861] (px4_msgs) StdoutLine: {'line': b'-- Up-to-date symlink: /home/giromi/Repos/VTOL/ws_sensor_combined_src/install/px4_msgs/include/px4_msgs/px4_msgs/msg/orb_test.h\n'}
[6.868164] (px4_msgs) StdoutLine: {'line': b'-- Up-to-date symlink: /home/giromi/Repos/VTOL/ws_sensor_combined_src/install/px4_msgs/include/px4_msgs/px4_msgs/msg/orb_test_large.h\n'}
[6.868296] (px4_msgs) StdoutLine: {'line': b'-- Up-to-date symlink: /home/giromi/Repos/VTOL/ws_sensor_combined_src/install/px4_msgs/include/px4_msgs/px4_msgs/msg/orb_test_medium.h\n'}
[6.868506] (px4_msgs) StdoutLine: {'line': b'-- Up-to-date symlink: /home/giromi/Repos/VTOL/ws_sensor_combined_src/install/px4_msgs/include/px4_msgs/px4_msgs/msg/orbit_status.h\n'}
[6.868698] (px4_msgs) StdoutLine: {'line': b'-- Up-to-date symlink: /home/giromi/Repos/VTOL/ws_sensor_combined_src/install/px4_msgs/include/px4_msgs/px4_msgs/msg/parameter_update.h\n'}
[6.868890] (px4_msgs) StdoutLine: {'line': b'-- Up-to-date symlink: /home/giromi/Repos/VTOL/ws_sensor_combined_src/install/px4_msgs/include/px4_msgs/px4_msgs/msg/ping.h\n'}
[6.869071] (px4_msgs) StdoutLine: {'line': b'-- Up-to-date symlink: /home/giromi/Repos/VTOL/ws_sensor_combined_src/install/px4_msgs/include/px4_msgs/px4_msgs/msg/position_controller_landing_status.h\n'}
[6.869273] (px4_msgs) StdoutLine: {'line': b'-- Up-to-date symlink: /home/giromi/Repos/VTOL/ws_sensor_combined_src/install/px4_msgs/include/px4_msgs/px4_msgs/msg/position_controller_status.h\n'}
[6.869472] (px4_msgs) StdoutLine: {'line': b'-- Up-to-date symlink: /home/giromi/Repos/VTOL/ws_sensor_combined_src/install/px4_msgs/include/px4_msgs/px4_msgs/msg/position_setpoint.h\n'}
[6.869682] (px4_msgs) StdoutLine: {'line': b'-- Up-to-date symlink: /home/giromi/Repos/VTOL/ws_sensor_combined_src/install/px4_msgs/include/px4_msgs/px4_msgs/msg/position_setpoint_triplet.h\n'}
[6.869898] (px4_msgs) StdoutLine: {'line': b'-- Up-to-date symlink: /home/giromi/Repos/VTOL/ws_sensor_combined_src/install/px4_msgs/include/px4_msgs/px4_msgs/msg/power_button_state.h\n'}
[6.870115] (px4_msgs) StdoutLine: {'line': b'-- Up-to-date symlink: /home/giromi/Repos/VTOL/ws_sensor_combined_src/install/px4_msgs/include/px4_msgs/px4_msgs/msg/power_monitor.h\n'}
[6.870375] (px4_msgs) StdoutLine: {'line': b'-- Up-to-date symlink: /home/giromi/Repos/VTOL/ws_sensor_combined_src/install/px4_msgs/include/px4_msgs/px4_msgs/msg/pps_capture.h\n'}
[6.870609] (px4_msgs) StdoutLine: {'line': b'-- Up-to-date symlink: /home/giromi/Repos/VTOL/ws_sensor_combined_src/install/px4_msgs/include/px4_msgs/px4_msgs/msg/pwm_input.h\n'}
[6.870831] (px4_msgs) StdoutLine: {'line': b'-- Up-to-date symlink: /home/giromi/Repos/VTOL/ws_sensor_combined_src/install/px4_msgs/include/px4_msgs/px4_msgs/msg/px4io_status.h\n'}
[6.871048] (px4_msgs) StdoutLine: {'line': b'-- Up-to-date symlink: /home/giromi/Repos/VTOL/ws_sensor_combined_src/install/px4_msgs/include/px4_msgs/px4_msgs/msg/qshell_req.h\n'}
[6.871262] (px4_msgs) StdoutLine: {'line': b'-- Up-to-date symlink: /home/giromi/Repos/VTOL/ws_sensor_combined_src/install/px4_msgs/include/px4_msgs/px4_msgs/msg/qshell_retval.h\n'}
[6.871492] (px4_msgs) StdoutLine: {'line': b'-- Up-to-date symlink: /home/giromi/Repos/VTOL/ws_sensor_combined_src/install/px4_msgs/include/px4_msgs/px4_msgs/msg/radio_status.h\n'}
[6.871668] (px4_msgs) StdoutLine: {'line': b'-- Up-to-date symlink: /home/giromi/Repos/VTOL/ws_sensor_combined_src/install/px4_msgs/include/px4_msgs/px4_msgs/msg/rate_ctrl_status.h\n'}
[6.871856] (px4_msgs) StdoutLine: {'line': b'-- Up-to-date symlink: /home/giromi/Repos/VTOL/ws_sensor_combined_src/install/px4_msgs/include/px4_msgs/px4_msgs/msg/rc_channels.h\n'}
[6.872129] (px4_msgs) StdoutLine: {'line': b'-- Up-to-date symlink: /home/giromi/Repos/VTOL/ws_sensor_combined_src/install/px4_msgs/include/px4_msgs/px4_msgs/msg/rc_parameter_map.h\n'}
[6.872266] (px4_msgs) StdoutLine: {'line': b'-- Up-to-date symlink: /home/giromi/Repos/VTOL/ws_sensor_combined_src/install/px4_msgs/include/px4_msgs/px4_msgs/msg/register_ext_component_reply.h\n'}
[6.872409] (px4_msgs) StdoutLine: {'line': b'-- Up-to-date symlink: /home/giromi/Repos/VTOL/ws_sensor_combined_src/install/px4_msgs/include/px4_msgs/px4_msgs/msg/register_ext_component_request.h\n'}
[6.872638] (px4_msgs) StdoutLine: {'line': b'-- Up-to-date symlink: /home/giromi/Repos/VTOL/ws_sensor_combined_src/install/px4_msgs/include/px4_msgs/px4_msgs/msg/rosidl_generator_c__visibility_control.h\n'}
[6.872902] (px4_msgs) StdoutLine: {'line': b'-- Up-to-date symlink: /home/giromi/Repos/VTOL/ws_sensor_combined_src/install/px4_msgs/include/px4_msgs/px4_msgs/msg/rpm.h\n'}
[6.873138] (px4_msgs) StdoutLine: {'line': b'-- Up-to-date symlink: /home/giromi/Repos/VTOL/ws_sensor_combined_src/install/px4_msgs/include/px4_msgs/px4_msgs/msg/rtl_time_estimate.h\n'}
[6.873357] (px4_msgs) StdoutLine: {'line': b'-- Up-to-date symlink: /home/giromi/Repos/VTOL/ws_sensor_combined_src/install/px4_msgs/include/px4_msgs/px4_msgs/msg/satellite_info.h\n'}
[6.873581] (px4_msgs) StdoutLine: {'line': b'-- Up-to-date symlink: /home/giromi/Repos/VTOL/ws_sensor_combined_src/install/px4_msgs/include/px4_msgs/px4_msgs/msg/sensor_accel.h\n'}
[6.873762] (px4_msgs) StdoutLine: {'line': b'-- Up-to-date symlink: /home/giromi/Repos/VTOL/ws_sensor_combined_src/install/px4_msgs/include/px4_msgs/px4_msgs/msg/sensor_accel_fifo.h\n'}
[6.873980] (px4_msgs) StdoutLine: {'line': b'-- Up-to-date symlink: /home/giromi/Repos/VTOL/ws_sensor_combined_src/install/px4_msgs/include/px4_msgs/px4_msgs/msg/sensor_airflow.h\n'}
[6.874212] (px4_msgs) StdoutLine: {'line': b'-- Up-to-date symlink: /home/giromi/Repos/VTOL/ws_sensor_combined_src/install/px4_msgs/include/px4_msgs/px4_msgs/msg/sensor_baro.h\n'}
[6.874464] (px4_msgs) StdoutLine: {'line': b'-- Up-to-date symlink: /home/giromi/Repos/VTOL/ws_sensor_combined_src/install/px4_msgs/include/px4_msgs/px4_msgs/msg/sensor_combined.h\n'}
[6.874685] (px4_msgs) StdoutLine: {'line': b'-- Up-to-date symlink: /home/giromi/Repos/VTOL/ws_sensor_combined_src/install/px4_msgs/include/px4_msgs/px4_msgs/msg/sensor_correction.h\n'}
[6.874896] (px4_msgs) StdoutLine: {'line': b'-- Up-to-date symlink: /home/giromi/Repos/VTOL/ws_sensor_combined_src/install/px4_msgs/include/px4_msgs/px4_msgs/msg/sensor_gnss_relative.h\n'}
[6.875141] (px4_msgs) StdoutLine: {'line': b'-- Up-to-date symlink: /home/giromi/Repos/VTOL/ws_sensor_combined_src/install/px4_msgs/include/px4_msgs/px4_msgs/msg/sensor_gps.h\n'}
[6.875319] (px4_msgs) StdoutLine: {'line': b'-- Up-to-date symlink: /home/giromi/Repos/VTOL/ws_sensor_combined_src/install/px4_msgs/include/px4_msgs/px4_msgs/msg/sensor_gyro.h\n'}
[6.875484] (px4_msgs) StdoutLine: {'line': b'-- Up-to-date symlink: /home/giromi/Repos/VTOL/ws_sensor_combined_src/install/px4_msgs/include/px4_msgs/px4_msgs/msg/sensor_gyro_fft.h\n'}
[6.875603] (px4_msgs) StdoutLine: {'line': b'-- Up-to-date symlink: /home/giromi/Repos/VTOL/ws_sensor_combined_src/install/px4_msgs/include/px4_msgs/px4_msgs/msg/sensor_gyro_fifo.h\n'}
[6.875779] (px4_msgs) StdoutLine: {'line': b'-- Up-to-date symlink: /home/giromi/Repos/VTOL/ws_sensor_combined_src/install/px4_msgs/include/px4_msgs/px4_msgs/msg/sensor_hygrometer.h\n'}
[6.875936] (px4_msgs) StdoutLine: {'line': b'-- Up-to-date symlink: /home/giromi/Repos/VTOL/ws_sensor_combined_src/install/px4_msgs/include/px4_msgs/px4_msgs/msg/sensor_mag.h\n'}
[6.876139] (px4_msgs) StdoutLine: {'line': b'-- Up-to-date symlink: /home/giromi/Repos/VTOL/ws_sensor_combined_src/install/px4_msgs/include/px4_msgs/px4_msgs/msg/sensor_optical_flow.h\n'}
[6.876274] (px4_msgs) StdoutLine: {'line': b'-- Up-to-date symlink: /home/giromi/Repos/VTOL/ws_sensor_combined_src/install/px4_msgs/include/px4_msgs/px4_msgs/msg/sensor_preflight_mag.h\n'}
[6.876408] (px4_msgs) StdoutLine: {'line': b'-- Up-to-date symlink: /home/giromi/Repos/VTOL/ws_sensor_combined_src/install/px4_msgs/include/px4_msgs/px4_msgs/msg/sensor_selection.h\n'}
[6.876541] (px4_msgs) StdoutLine: {'line': b'-- Up-to-date symlink: /home/giromi/Repos/VTOL/ws_sensor_combined_src/install/px4_msgs/include/px4_msgs/px4_msgs/msg/sensor_uwb.h\n'}
[6.876673] (px4_msgs) StdoutLine: {'line': b'-- Up-to-date symlink: /home/giromi/Repos/VTOL/ws_sensor_combined_src/install/px4_msgs/include/px4_msgs/px4_msgs/msg/sensors_status.h\n'}
[6.876806] (px4_msgs) StdoutLine: {'line': b'-- Up-to-date symlink: /home/giromi/Repos/VTOL/ws_sensor_combined_src/install/px4_msgs/include/px4_msgs/px4_msgs/msg/sensors_status_imu.h\n'}
[6.876942] (px4_msgs) StdoutLine: {'line': b'-- Up-to-date symlink: /home/giromi/Repos/VTOL/ws_sensor_combined_src/install/px4_msgs/include/px4_msgs/px4_msgs/msg/system_power.h\n'}
[6.877078] (px4_msgs) StdoutLine: {'line': b'-- Up-to-date symlink: /home/giromi/Repos/VTOL/ws_sensor_combined_src/install/px4_msgs/include/px4_msgs/px4_msgs/msg/takeoff_status.h\n'}
[6.877253] (px4_msgs) StdoutLine: {'line': b'-- Up-to-date symlink: /home/giromi/Repos/VTOL/ws_sensor_combined_src/install/px4_msgs/include/px4_msgs/px4_msgs/msg/task_stack_info.h\n'}
[6.877415] (px4_msgs) StdoutLine: {'line': b'-- Up-to-date symlink: /home/giromi/Repos/VTOL/ws_sensor_combined_src/install/px4_msgs/include/px4_msgs/px4_msgs/msg/tecs_status.h\n'}
[6.877546] (px4_msgs) StdoutLine: {'line': b'-- Up-to-date symlink: /home/giromi/Repos/VTOL/ws_sensor_combined_src/install/px4_msgs/include/px4_msgs/px4_msgs/msg/telemetry_status.h\n'}
[6.877696] (px4_msgs) StdoutLine: {'line': b'-- Up-to-date symlink: /home/giromi/Repos/VTOL/ws_sensor_combined_src/install/px4_msgs/include/px4_msgs/px4_msgs/msg/tiltrotor_extra_controls.h\n'}
[6.877925] (px4_msgs) StdoutLine: {'line': b'-- Up-to-date symlink: /home/giromi/Repos/VTOL/ws_sensor_combined_src/install/px4_msgs/include/px4_msgs/px4_msgs/msg/timesync_status.h\n'}
[6.878090] (px4_msgs) StdoutLine: {'line': b'-- Up-to-date symlink: /home/giromi/Repos/VTOL/ws_sensor_combined_src/install/px4_msgs/include/px4_msgs/px4_msgs/msg/trajectory_bezier.h\n'}
[6.878273] (px4_msgs) StdoutLine: {'line': b'-- Up-to-date symlink: /home/giromi/Repos/VTOL/ws_sensor_combined_src/install/px4_msgs/include/px4_msgs/px4_msgs/msg/trajectory_setpoint.h\n'}
[6.878469] (px4_msgs) StdoutLine: {'line': b'-- Up-to-date symlink: /home/giromi/Repos/VTOL/ws_sensor_combined_src/install/px4_msgs/include/px4_msgs/px4_msgs/msg/trajectory_waypoint.h\n'}
[6.878693] (px4_msgs) StdoutLine: {'line': b'-- Up-to-date symlink: /home/giromi/Repos/VTOL/ws_sensor_combined_src/install/px4_msgs/include/px4_msgs/px4_msgs/msg/transponder_report.h\n'}
[6.878908] (px4_msgs) StdoutLine: {'line': b'-- Up-to-date symlink: /home/giromi/Repos/VTOL/ws_sensor_combined_src/install/px4_msgs/include/px4_msgs/px4_msgs/msg/tune_control.h\n'}
[6.879126] (px4_msgs) StdoutLine: {'line': b'-- Up-to-date symlink: /home/giromi/Repos/VTOL/ws_sensor_combined_src/install/px4_msgs/include/px4_msgs/px4_msgs/msg/uavcan_parameter_request.h\n'}
[6.879343] (px4_msgs) StdoutLine: {'line': b'-- Up-to-date symlink: /home/giromi/Repos/VTOL/ws_sensor_combined_src/install/px4_msgs/include/px4_msgs/px4_msgs/msg/uavcan_parameter_value.h\n'}
[6.879560] (px4_msgs) StdoutLine: {'line': b'-- Up-to-date symlink: /home/giromi/Repos/VTOL/ws_sensor_combined_src/install/px4_msgs/include/px4_msgs/px4_msgs/msg/ulog_stream.h\n'}
[6.879748] (px4_msgs) StdoutLine: {'line': b'-- Up-to-date symlink: /home/giromi/Repos/VTOL/ws_sensor_combined_src/install/px4_msgs/include/px4_msgs/px4_msgs/msg/ulog_stream_ack.h\n'}
[6.879942] (px4_msgs) StdoutLine: {'line': b'-- Up-to-date symlink: /home/giromi/Repos/VTOL/ws_sensor_combined_src/install/px4_msgs/include/px4_msgs/px4_msgs/msg/unregister_ext_component.h\n'}
[6.880198] (px4_msgs) StdoutLine: {'line': b'-- Up-to-date symlink: /home/giromi/Repos/VTOL/ws_sensor_combined_src/install/px4_msgs/include/px4_msgs/px4_msgs/msg/vehicle_acceleration.h\n'}
[6.880393] (px4_msgs) StdoutLine: {'line': b'-- Up-to-date symlink: /home/giromi/Repos/VTOL/ws_sensor_combined_src/install/px4_msgs/include/px4_msgs/px4_msgs/msg/vehicle_air_data.h\n'}
[6.880592] (px4_msgs) StdoutLine: {'line': b'-- Up-to-date symlink: /home/giromi/Repos/VTOL/ws_sensor_combined_src/install/px4_msgs/include/px4_msgs/px4_msgs/msg/vehicle_angular_acceleration_setpoint.h\n'}
[6.880823] (px4_msgs) StdoutLine: {'line': b'-- Up-to-date symlink: /home/giromi/Repos/VTOL/ws_sensor_combined_src/install/px4_msgs/include/px4_msgs/px4_msgs/msg/vehicle_angular_velocity.h\n'}
[6.880993] (px4_msgs) StdoutLine: {'line': b'-- Up-to-date symlink: /home/giromi/Repos/VTOL/ws_sensor_combined_src/install/px4_msgs/include/px4_msgs/px4_msgs/msg/vehicle_attitude.h\n'}
[6.881188] (px4_msgs) StdoutLine: {'line': b'-- Up-to-date symlink: /home/giromi/Repos/VTOL/ws_sensor_combined_src/install/px4_msgs/include/px4_msgs/px4_msgs/msg/vehicle_attitude_setpoint.h\n'}
[6.881418] (px4_msgs) StdoutLine: {'line': b'-- Up-to-date symlink: /home/giromi/Repos/VTOL/ws_sensor_combined_src/install/px4_msgs/include/px4_msgs/px4_msgs/msg/vehicle_command.h\n'}
[6.881721] (px4_msgs) StdoutLine: {'line': b'-- Up-to-date symlink: /home/giromi/Repos/VTOL/ws_sensor_combined_src/install/px4_msgs/include/px4_msgs/px4_msgs/msg/vehicle_command_ack.h\n'}
[6.881964] (px4_msgs) StdoutLine: {'line': b'-- Up-to-date symlink: /home/giromi/Repos/VTOL/ws_sensor_combined_src/install/px4_msgs/include/px4_msgs/px4_msgs/msg/vehicle_constraints.h\n'}
[6.882189] (px4_msgs) StdoutLine: {'line': b'-- Up-to-date symlink: /home/giromi/Repos/VTOL/ws_sensor_combined_src/install/px4_msgs/include/px4_msgs/px4_msgs/msg/vehicle_control_mode.h\n'}
[6.882383] (px4_msgs) StdoutLine: {'line': b'-- Up-to-date symlink: /home/giromi/Repos/VTOL/ws_sensor_combined_src/install/px4_msgs/include/px4_msgs/px4_msgs/msg/vehicle_global_position.h\n'}
[6.882624] (px4_msgs) StdoutLine: {'line': b'-- Up-to-date symlink: /home/giromi/Repos/VTOL/ws_sensor_combined_src/install/px4_msgs/include/px4_msgs/px4_msgs/msg/vehicle_imu.h\n'}
[6.882841] (px4_msgs) StdoutLine: {'line': b'-- Up-to-date symlink: /home/giromi/Repos/VTOL/ws_sensor_combined_src/install/px4_msgs/include/px4_msgs/px4_msgs/msg/vehicle_imu_status.h\n'}
[6.883062] (px4_msgs) StdoutLine: {'line': b'-- Up-to-date symlink: /home/giromi/Repos/VTOL/ws_sensor_combined_src/install/px4_msgs/include/px4_msgs/px4_msgs/msg/vehicle_land_detected.h\n'}
[6.883308] (px4_msgs) StdoutLine: {'line': b'-- Up-to-date symlink: /home/giromi/Repos/VTOL/ws_sensor_combined_src/install/px4_msgs/include/px4_msgs/px4_msgs/msg/vehicle_local_position.h\n'}
[6.883533] (px4_msgs) StdoutLine: {'line': b'-- Up-to-date symlink: /home/giromi/Repos/VTOL/ws_sensor_combined_src/install/px4_msgs/include/px4_msgs/px4_msgs/msg/vehicle_local_position_setpoint.h\n'}
[6.883759] (px4_msgs) StdoutLine: {'line': b'-- Up-to-date symlink: /home/giromi/Repos/VTOL/ws_sensor_combined_src/install/px4_msgs/include/px4_msgs/px4_msgs/msg/vehicle_magnetometer.h\n'}
[6.883939] (px4_msgs) StdoutLine: {'line': b'-- Up-to-date symlink: /home/giromi/Repos/VTOL/ws_sensor_combined_src/install/px4_msgs/include/px4_msgs/px4_msgs/msg/vehicle_odometry.h\n'}
[6.884234] (px4_msgs) StdoutLine: {'line': b'-- Up-to-date symlink: /home/giromi/Repos/VTOL/ws_sensor_combined_src/install/px4_msgs/include/px4_msgs/px4_msgs/msg/vehicle_optical_flow.h\n'}
[6.884450] (px4_msgs) StdoutLine: {'line': b'-- Up-to-date symlink: /home/giromi/Repos/VTOL/ws_sensor_combined_src/install/px4_msgs/include/px4_msgs/px4_msgs/msg/vehicle_optical_flow_vel.h\n'}
[6.884668] (px4_msgs) StdoutLine: {'line': b'-- Up-to-date symlink: /home/giromi/Repos/VTOL/ws_sensor_combined_src/install/px4_msgs/include/px4_msgs/px4_msgs/msg/vehicle_rates_setpoint.h\n'}
[6.884892] (px4_msgs) StdoutLine: {'line': b'-- Up-to-date symlink: /home/giromi/Repos/VTOL/ws_sensor_combined_src/install/px4_msgs/include/px4_msgs/px4_msgs/msg/vehicle_roi.h\n'}
[6.885133] (px4_msgs) StdoutLine: {'line': b'-- Up-to-date symlink: /home/giromi/Repos/VTOL/ws_sensor_combined_src/install/px4_msgs/include/px4_msgs/px4_msgs/msg/vehicle_status.h\n'}
[6.885377] (px4_msgs) StdoutLine: {'line': b'-- Up-to-date symlink: /home/giromi/Repos/VTOL/ws_sensor_combined_src/install/px4_msgs/include/px4_msgs/px4_msgs/msg/vehicle_thrust_setpoint.h\n'}
[6.885510] (px4_msgs) StdoutLine: {'line': b'-- Up-to-date symlink: /home/giromi/Repos/VTOL/ws_sensor_combined_src/install/px4_msgs/include/px4_msgs/px4_msgs/msg/vehicle_torque_setpoint.h\n'}
[6.885671] (px4_msgs) StdoutLine: {'line': b'-- Up-to-date symlink: /home/giromi/Repos/VTOL/ws_sensor_combined_src/install/px4_msgs/include/px4_msgs/px4_msgs/msg/vehicle_trajectory_bezier.h\n'}
[6.885890] (px4_msgs) StdoutLine: {'line': b'-- Up-to-date symlink: /home/giromi/Repos/VTOL/ws_sensor_combined_src/install/px4_msgs/include/px4_msgs/px4_msgs/msg/vehicle_trajectory_waypoint.h\n'}
[6.886078] (px4_msgs) StdoutLine: {'line': b'-- Up-to-date symlink: /home/giromi/Repos/VTOL/ws_sensor_combined_src/install/px4_msgs/include/px4_msgs/px4_msgs/msg/velocity_limits.h\n'}
[6.886379] (px4_msgs) StdoutLine: {'line': b'-- Up-to-date symlink: /home/giromi/Repos/VTOL/ws_sensor_combined_src/install/px4_msgs/include/px4_msgs/px4_msgs/msg/vtol_vehicle_status.h\n'}
[6.886650] (px4_msgs) StdoutLine: {'line': b'-- Up-to-date symlink: /home/giromi/Repos/VTOL/ws_sensor_combined_src/install/px4_msgs/include/px4_msgs/px4_msgs/msg/wheel_encoders.h\n'}
[6.886863] (px4_msgs) StdoutLine: {'line': b'-- Up-to-date symlink: /home/giromi/Repos/VTOL/ws_sensor_combined_src/install/px4_msgs/include/px4_msgs/px4_msgs/msg/wind.h\n'}
[6.887065] (px4_msgs) StdoutLine: {'line': b'-- Up-to-date symlink: /home/giromi/Repos/VTOL/ws_sensor_combined_src/install/px4_msgs/include/px4_msgs/px4_msgs/msg/yaw_estimator_status.h\n'}
[6.887278] (px4_msgs) StdoutLine: {'line': b'-- Up-to-date symlink: /home/giromi/Repos/VTOL/ws_sensor_combined_src/install/px4_msgs/include/px4_msgs/px4_msgs/srv/detail/vehicle_command__functions.h\n'}
[6.887458] (px4_msgs) StdoutLine: {'line': b'-- Up-to-date symlink: /home/giromi/Repos/VTOL/ws_sensor_combined_src/install/px4_msgs/include/px4_msgs/px4_msgs/srv/detail/vehicle_command__struct.h\n'}
[6.887642] (px4_msgs) StdoutLine: {'line': b'-- Up-to-date symlink: /home/giromi/Repos/VTOL/ws_sensor_combined_src/install/px4_msgs/include/px4_msgs/px4_msgs/srv/detail/vehicle_command__type_support.h\n'}
[6.887837] (px4_msgs) StdoutLine: {'line': b'-- Up-to-date symlink: /home/giromi/Repos/VTOL/ws_sensor_combined_src/install/px4_msgs/include/px4_msgs/px4_msgs/srv/vehicle_command.h\n'}
[6.888311] (px4_msgs) StdoutLine: {'line': b'-- Up-to-date symlink: /home/giromi/Repos/VTOL/ws_sensor_combined_src/install/px4_msgs/share/px4_msgs/environment/library_path.sh\n'}
[6.888653] (px4_msgs) StdoutLine: {'line': b'-- Up-to-date symlink: /home/giromi/Repos/VTOL/ws_sensor_combined_src/install/px4_msgs/share/px4_msgs/environment/library_path.dsv\n'}
[6.897100] (px4_msgs) StdoutLine: {'line': b'-- Up-to-date symlink: /home/giromi/Repos/VTOL/ws_sensor_combined_src/install/px4_msgs/include/px4_msgs/px4_msgs/msg/detail/action_request__rosidl_typesupport_fastrtps_c.h\n'}
[6.897331] (px4_msgs) StdoutLine: {'line': b'-- Up-to-date symlink: /home/giromi/Repos/VTOL/ws_sensor_combined_src/install/px4_msgs/include/px4_msgs/px4_msgs/msg/detail/actuator_armed__rosidl_typesupport_fastrtps_c.h\n'}
[6.897541] (px4_msgs) StdoutLine: {'line': b'-- Up-to-date symlink: /home/giromi/Repos/VTOL/ws_sensor_combined_src/install/px4_msgs/include/px4_msgs/px4_msgs/msg/detail/actuator_controls_status__rosidl_typesupport_fastrtps_c.h\n'}
[6.897755] (px4_msgs) StdoutLine: {'line': b'-- Up-to-date symlink: /home/giromi/Repos/VTOL/ws_sensor_combined_src/install/px4_msgs/include/px4_msgs/px4_msgs/msg/detail/actuator_motors__rosidl_typesupport_fastrtps_c.h\n'}
[6.897992] (px4_msgs) StdoutLine: {'line': b'-- Up-to-date symlink: /home/giromi/Repos/VTOL/ws_sensor_combined_src/install/px4_msgs/include/px4_msgs/px4_msgs/msg/detail/actuator_outputs__rosidl_typesupport_fastrtps_c.h\n'}
[6.898256] (px4_msgs) StdoutLine: {'line': b'-- Up-to-date symlink: /home/giromi/Repos/VTOL/ws_sensor_combined_src/install/px4_msgs/include/px4_msgs/px4_msgs/msg/detail/actuator_servos__rosidl_typesupport_fastrtps_c.h\n'}
[6.898530] (px4_msgs) StdoutLine: {'line': b'-- Up-to-date symlink: /home/giromi/Repos/VTOL/ws_sensor_combined_src/install/px4_msgs/include/px4_msgs/px4_msgs/msg/detail/actuator_servos_trim__rosidl_typesupport_fastrtps_c.h\n'}
[6.898743] (px4_msgs) StdoutLine: {'line': b'-- Up-to-date symlink: /home/giromi/Repos/VTOL/ws_sensor_combined_src/install/px4_msgs/include/px4_msgs/px4_msgs/msg/detail/actuator_test__rosidl_typesupport_fastrtps_c.h\n'}
[6.898928] (px4_msgs) StdoutLine: {'line': b'-- Up-to-date symlink: /home/giromi/Repos/VTOL/ws_sensor_combined_src/install/px4_msgs/include/px4_msgs/px4_msgs/msg/detail/adc_report__rosidl_typesupport_fastrtps_c.h\n'}
[6.899103] (px4_msgs) StdoutLine: {'line': b'-- Up-to-date symlink: /home/giromi/Repos/VTOL/ws_sensor_combined_src/install/px4_msgs/include/px4_msgs/px4_msgs/msg/detail/airspeed__rosidl_typesupport_fastrtps_c.h\n'}
[6.899226] (px4_msgs) StdoutLine: {'line': b'-- Up-to-date symlink: /home/giromi/Repos/VTOL/ws_sensor_combined_src/install/px4_msgs/include/px4_msgs/px4_msgs/msg/detail/airspeed_validated__rosidl_typesupport_fastrtps_c.h\n'}
[6.899374] (px4_msgs) StdoutLine: {'line': b'-- Up-to-date symlink: /home/giromi/Repos/VTOL/ws_sensor_combined_src/install/px4_msgs/include/px4_msgs/px4_msgs/msg/detail/airspeed_wind__rosidl_typesupport_fastrtps_c.h\n'}
[6.899525] (px4_msgs) StdoutLine: {'line': b'-- Up-to-date symlink: /home/giromi/Repos/VTOL/ws_sensor_combined_src/install/px4_msgs/include/px4_msgs/px4_msgs/msg/detail/arming_check_reply__rosidl_typesupport_fastrtps_c.h\n'}
[6.899675] (px4_msgs) StdoutLine: {'line': b'-- Up-to-date symlink: /home/giromi/Repos/VTOL/ws_sensor_combined_src/install/px4_msgs/include/px4_msgs/px4_msgs/msg/detail/arming_check_request__rosidl_typesupport_fastrtps_c.h\n'}
[6.899877] (px4_msgs) StdoutLine: {'line': b'-- Up-to-date symlink: /home/giromi/Repos/VTOL/ws_sensor_combined_src/install/px4_msgs/include/px4_msgs/px4_msgs/msg/detail/autotune_attitude_control_status__rosidl_typesupport_fastrtps_c.h\n'}
[6.900154] (px4_msgs) StdoutLine: {'line': b'-- Up-to-date symlink: /home/giromi/Repos/VTOL/ws_sensor_combined_src/install/px4_msgs/include/px4_msgs/px4_msgs/msg/detail/battery_status__rosidl_typesupport_fastrtps_c.h\n'}
[6.900432] (px4_msgs) StdoutLine: {'line': b'-- Up-to-date symlink: /home/giromi/Repos/VTOL/ws_sensor_combined_src/install/px4_msgs/include/px4_msgs/px4_msgs/msg/detail/buffer128__rosidl_typesupport_fastrtps_c.h\n'}
[6.900668] (px4_msgs) StdoutLine: {'line': b'-- Up-to-date symlink: /home/giromi/Repos/VTOL/ws_sensor_combined_src/install/px4_msgs/include/px4_msgs/px4_msgs/msg/detail/button_event__rosidl_typesupport_fastrtps_c.h\n'}
[6.900890] (px4_msgs) StdoutLine: {'line': b'-- Up-to-date symlink: /home/giromi/Repos/VTOL/ws_sensor_combined_src/install/px4_msgs/include/px4_msgs/px4_msgs/msg/detail/camera_capture__rosidl_typesupport_fastrtps_c.h\n'}
[6.901035] (px4_msgs) StdoutLine: {'line': b'-- Up-to-date symlink: /home/giromi/Repos/VTOL/ws_sensor_combined_src/install/px4_msgs/include/px4_msgs/px4_msgs/msg/detail/camera_status__rosidl_typesupport_fastrtps_c.h\n'}
[6.901245] (px4_msgs) StdoutLine: {'line': b'-- Up-to-date symlink: /home/giromi/Repos/VTOL/ws_sensor_combined_src/install/px4_msgs/include/px4_msgs/px4_msgs/msg/detail/camera_trigger__rosidl_typesupport_fastrtps_c.h\n'}
[6.901421] (px4_msgs) StdoutLine: {'line': b'-- Up-to-date symlink: /home/giromi/Repos/VTOL/ws_sensor_combined_src/install/px4_msgs/include/px4_msgs/px4_msgs/msg/detail/cellular_status__rosidl_typesupport_fastrtps_c.h\n'}
[6.901597] (px4_msgs) StdoutLine: {'line': b'-- Up-to-date symlink: /home/giromi/Repos/VTOL/ws_sensor_combined_src/install/px4_msgs/include/px4_msgs/px4_msgs/msg/detail/collision_constraints__rosidl_typesupport_fastrtps_c.h\n'}
[6.901814] (px4_msgs) StdoutLine: {'line': b'-- Up-to-date symlink: /home/giromi/Repos/VTOL/ws_sensor_combined_src/install/px4_msgs/include/px4_msgs/px4_msgs/msg/detail/collision_report__rosidl_typesupport_fastrtps_c.h\n'}
[6.901977] (px4_msgs) StdoutLine: {'line': b'-- Up-to-date symlink: /home/giromi/Repos/VTOL/ws_sensor_combined_src/install/px4_msgs/include/px4_msgs/px4_msgs/msg/detail/config_overrides__rosidl_typesupport_fastrtps_c.h\n'}
[6.902215] (px4_msgs) StdoutLine: {'line': b'-- Up-to-date symlink: /home/giromi/Repos/VTOL/ws_sensor_combined_src/install/px4_msgs/include/px4_msgs/px4_msgs/msg/detail/control_allocator_status__rosidl_typesupport_fastrtps_c.h\n'}
[6.902456] (px4_msgs) StdoutLine: {'line': b'-- Up-to-date symlink: /home/giromi/Repos/VTOL/ws_sensor_combined_src/install/px4_msgs/include/px4_msgs/px4_msgs/msg/detail/cpuload__rosidl_typesupport_fastrtps_c.h\n'}
[6.902677] (px4_msgs) StdoutLine: {'line': b'-- Up-to-date symlink: /home/giromi/Repos/VTOL/ws_sensor_combined_src/install/px4_msgs/include/px4_msgs/px4_msgs/msg/detail/dataman_request__rosidl_typesupport_fastrtps_c.h\n'}
[6.902972] (px4_msgs) StdoutLine: {'line': b'-- Up-to-date symlink: /home/giromi/Repos/VTOL/ws_sensor_combined_src/install/px4_msgs/include/px4_msgs/px4_msgs/msg/detail/dataman_response__rosidl_typesupport_fastrtps_c.h\n'}
[6.903215] (px4_msgs) StdoutLine: {'line': b'-- Up-to-date symlink: /home/giromi/Repos/VTOL/ws_sensor_combined_src/install/px4_msgs/include/px4_msgs/px4_msgs/msg/detail/debug_array__rosidl_typesupport_fastrtps_c.h\n'}
[6.903393] (px4_msgs) StdoutLine: {'line': b'-- Up-to-date symlink: /home/giromi/Repos/VTOL/ws_sensor_combined_src/install/px4_msgs/include/px4_msgs/px4_msgs/msg/detail/debug_key_value__rosidl_typesupport_fastrtps_c.h\n'}
[6.903582] (px4_msgs) StdoutLine: {'line': b'-- Up-to-date symlink: /home/giromi/Repos/VTOL/ws_sensor_combined_src/install/px4_msgs/include/px4_msgs/px4_msgs/msg/detail/debug_value__rosidl_typesupport_fastrtps_c.h\n'}
[6.903789] (px4_msgs) StdoutLine: {'line': b'-- Up-to-date symlink: /home/giromi/Repos/VTOL/ws_sensor_combined_src/install/px4_msgs/include/px4_msgs/px4_msgs/msg/detail/debug_vect__rosidl_typesupport_fastrtps_c.h\n'}
[6.904081] (px4_msgs) StdoutLine: {'line': b'-- Up-to-date symlink: /home/giromi/Repos/VTOL/ws_sensor_combined_src/install/px4_msgs/include/px4_msgs/px4_msgs/msg/detail/differential_drive_setpoint__rosidl_typesupport_fastrtps_c.h\n'}
[6.904231] (px4_msgs) StdoutLine: {'line': b'-- Up-to-date symlink: /home/giromi/Repos/VTOL/ws_sensor_combined_src/install/px4_msgs/include/px4_msgs/px4_msgs/msg/detail/differential_pressure__rosidl_typesupport_fastrtps_c.h\n'}
[6.904431] (px4_msgs) StdoutLine: {'line': b'-- Up-to-date symlink: /home/giromi/Repos/VTOL/ws_sensor_combined_src/install/px4_msgs/include/px4_msgs/px4_msgs/msg/detail/distance_sensor__rosidl_typesupport_fastrtps_c.h\n'}
[6.904610] (px4_msgs) StdoutLine: {'line': b'-- Up-to-date symlink: /home/giromi/Repos/VTOL/ws_sensor_combined_src/install/px4_msgs/include/px4_msgs/px4_msgs/msg/detail/ekf2_timestamps__rosidl_typesupport_fastrtps_c.h\n'}
[6.904775] (px4_msgs) StdoutLine: {'line': b'-- Up-to-date symlink: /home/giromi/Repos/VTOL/ws_sensor_combined_src/install/px4_msgs/include/px4_msgs/px4_msgs/msg/detail/esc_report__rosidl_typesupport_fastrtps_c.h\n'}
[6.904954] (px4_msgs) StdoutLine: {'line': b'-- Up-to-date symlink: /home/giromi/Repos/VTOL/ws_sensor_combined_src/install/px4_msgs/include/px4_msgs/px4_msgs/msg/detail/esc_status__rosidl_typesupport_fastrtps_c.h\n'}
[6.905155] (px4_msgs) StdoutLine: {'line': b'-- Up-to-date symlink: /home/giromi/Repos/VTOL/ws_sensor_combined_src/install/px4_msgs/include/px4_msgs/px4_msgs/msg/detail/estimator_aid_source1d__rosidl_typesupport_fastrtps_c.h\n'}
[6.905348] (px4_msgs) StdoutLine: {'line': b'-- Up-to-date symlink: /home/giromi/Repos/VTOL/ws_sensor_combined_src/install/px4_msgs/include/px4_msgs/px4_msgs/msg/detail/estimator_aid_source2d__rosidl_typesupport_fastrtps_c.h\n'}
[6.905550] (px4_msgs) StdoutLine: {'line': b'-- Up-to-date symlink: /home/giromi/Repos/VTOL/ws_sensor_combined_src/install/px4_msgs/include/px4_msgs/px4_msgs/msg/detail/estimator_aid_source3d__rosidl_typesupport_fastrtps_c.h\n'}
[6.905751] (px4_msgs) StdoutLine: {'line': b'-- Up-to-date symlink: /home/giromi/Repos/VTOL/ws_sensor_combined_src/install/px4_msgs/include/px4_msgs/px4_msgs/msg/detail/estimator_bias3d__rosidl_typesupport_fastrtps_c.h\n'}
[6.905985] (px4_msgs) StdoutLine: {'line': b'-- Up-to-date symlink: /home/giromi/Repos/VTOL/ws_sensor_combined_src/install/px4_msgs/include/px4_msgs/px4_msgs/msg/detail/estimator_bias__rosidl_typesupport_fastrtps_c.h\n'}
[6.906208] (px4_msgs) StdoutLine: {'line': b'-- Up-to-date symlink: /home/giromi/Repos/VTOL/ws_sensor_combined_src/install/px4_msgs/include/px4_msgs/px4_msgs/msg/detail/estimator_event_flags__rosidl_typesupport_fastrtps_c.h\n'}
[6.906535] (px4_msgs) StdoutLine: {'line': b'-- Up-to-date symlink: /home/giromi/Repos/VTOL/ws_sensor_combined_src/install/px4_msgs/include/px4_msgs/px4_msgs/msg/detail/estimator_gps_status__rosidl_typesupport_fastrtps_c.h\n'}
[6.906721] (px4_msgs) StdoutLine: {'line': b'-- Up-to-date symlink: /home/giromi/Repos/VTOL/ws_sensor_combined_src/install/px4_msgs/include/px4_msgs/px4_msgs/msg/detail/estimator_innovations__rosidl_typesupport_fastrtps_c.h\n'}
[6.906998] (px4_msgs) StdoutLine: {'line': b'-- Up-to-date symlink: /home/giromi/Repos/VTOL/ws_sensor_combined_src/install/px4_msgs/include/px4_msgs/px4_msgs/msg/detail/estimator_selector_status__rosidl_typesupport_fastrtps_c.h\n'}
[6.907246] (px4_msgs) StdoutLine: {'line': b'-- Up-to-date symlink: /home/giromi/Repos/VTOL/ws_sensor_combined_src/install/px4_msgs/include/px4_msgs/px4_msgs/msg/detail/estimator_sensor_bias__rosidl_typesupport_fastrtps_c.h\n'}
[6.907448] (px4_msgs) StdoutLine: {'line': b'-- Up-to-date symlink: /home/giromi/Repos/VTOL/ws_sensor_combined_src/install/px4_msgs/include/px4_msgs/px4_msgs/msg/detail/estimator_states__rosidl_typesupport_fastrtps_c.h\n'}
[6.907630] (px4_msgs) StdoutLine: {'line': b'-- Up-to-date symlink: /home/giromi/Repos/VTOL/ws_sensor_combined_src/install/px4_msgs/include/px4_msgs/px4_msgs/msg/detail/estimator_status__rosidl_typesupport_fastrtps_c.h\n'}
[6.907809] (px4_msgs) StdoutLine: {'line': b'-- Up-to-date symlink: /home/giromi/Repos/VTOL/ws_sensor_combined_src/install/px4_msgs/include/px4_msgs/px4_msgs/msg/detail/estimator_status_flags__rosidl_typesupport_fastrtps_c.h\n'}
[6.908034] (px4_msgs) StdoutLine: {'line': b'-- Up-to-date symlink: /home/giromi/Repos/VTOL/ws_sensor_combined_src/install/px4_msgs/include/px4_msgs/px4_msgs/msg/detail/event__rosidl_typesupport_fastrtps_c.h\n'}
[6.908306] (px4_msgs) StdoutLine: {'line': b'-- Up-to-date symlink: /home/giromi/Repos/VTOL/ws_sensor_combined_src/install/px4_msgs/include/px4_msgs/px4_msgs/msg/detail/failsafe_flags__rosidl_typesupport_fastrtps_c.h\n'}
[6.908583] (px4_msgs) StdoutLine: {'line': b'-- Up-to-date symlink: /home/giromi/Repos/VTOL/ws_sensor_combined_src/install/px4_msgs/include/px4_msgs/px4_msgs/msg/detail/failure_detector_status__rosidl_typesupport_fastrtps_c.h\n'}
[6.908886] (px4_msgs) StdoutLine: {'line': b'-- Up-to-date symlink: /home/giromi/Repos/VTOL/ws_sensor_combined_src/install/px4_msgs/include/px4_msgs/px4_msgs/msg/detail/figure_eight_status__rosidl_typesupport_fastrtps_c.h\n'}
[6.909118] (px4_msgs) StdoutLine: {'line': b'-- Up-to-date symlink: /home/giromi/Repos/VTOL/ws_sensor_combined_src/install/px4_msgs/include/px4_msgs/px4_msgs/msg/detail/follow_target__rosidl_typesupport_fastrtps_c.h\n'}
[6.909405] (px4_msgs) StdoutLine: {'line': b'-- Up-to-date symlink: /home/giromi/Repos/VTOL/ws_sensor_combined_src/install/px4_msgs/include/px4_msgs/px4_msgs/msg/detail/follow_target_estimator__rosidl_typesupport_fastrtps_c.h\n'}
[6.909688] (px4_msgs) StdoutLine: {'line': b'-- Up-to-date symlink: /home/giromi/Repos/VTOL/ws_sensor_combined_src/install/px4_msgs/include/px4_msgs/px4_msgs/msg/detail/follow_target_status__rosidl_typesupport_fastrtps_c.h\n'}
[6.909935] (px4_msgs) StdoutLine: {'line': b'-- Up-to-date symlink: /home/giromi/Repos/VTOL/ws_sensor_combined_src/install/px4_msgs/include/px4_msgs/px4_msgs/msg/detail/generator_status__rosidl_typesupport_fastrtps_c.h\n'}
[6.910119] (px4_msgs) StdoutLine: {'line': b'-- Up-to-date symlink: /home/giromi/Repos/VTOL/ws_sensor_combined_src/install/px4_msgs/include/px4_msgs/px4_msgs/msg/detail/geofence_result__rosidl_typesupport_fastrtps_c.h\n'}
[6.910286] (px4_msgs) StdoutLine: {'line': b'-- Up-to-date symlink: /home/giromi/Repos/VTOL/ws_sensor_combined_src/install/px4_msgs/include/px4_msgs/px4_msgs/msg/detail/gimbal_controls__rosidl_typesupport_fastrtps_c.h\n'}
[6.910409] (px4_msgs) StdoutLine: {'line': b'-- Up-to-date symlink: /home/giromi/Repos/VTOL/ws_sensor_combined_src/install/px4_msgs/include/px4_msgs/px4_msgs/msg/detail/gimbal_device_attitude_status__rosidl_typesupport_fastrtps_c.h\n'}
[6.910610] (px4_msgs) StdoutLine: {'line': b'-- Up-to-date symlink: /home/giromi/Repos/VTOL/ws_sensor_combined_src/install/px4_msgs/include/px4_msgs/px4_msgs/msg/detail/gimbal_device_information__rosidl_typesupport_fastrtps_c.h\n'}
[6.910785] (px4_msgs) StdoutLine: {'line': b'-- Up-to-date symlink: /home/giromi/Repos/VTOL/ws_sensor_combined_src/install/px4_msgs/include/px4_msgs/px4_msgs/msg/detail/gimbal_device_set_attitude__rosidl_typesupport_fastrtps_c.h\n'}
[6.911005] (px4_msgs) StdoutLine: {'line': b'-- Up-to-date symlink: /home/giromi/Repos/VTOL/ws_sensor_combined_src/install/px4_msgs/include/px4_msgs/px4_msgs/msg/detail/gimbal_manager_information__rosidl_typesupport_fastrtps_c.h\n'}
[6.911168] (px4_msgs) StdoutLine: {'line': b'-- Up-to-date symlink: /home/giromi/Repos/VTOL/ws_sensor_combined_src/install/px4_msgs/include/px4_msgs/px4_msgs/msg/detail/gimbal_manager_set_attitude__rosidl_typesupport_fastrtps_c.h\n'}
[6.911301] (px4_msgs) StdoutLine: {'line': b'-- Up-to-date symlink: /home/giromi/Repos/VTOL/ws_sensor_combined_src/install/px4_msgs/include/px4_msgs/px4_msgs/msg/detail/gimbal_manager_set_manual_control__rosidl_typesupport_fastrtps_c.h\n'}
[6.911503] (px4_msgs) StdoutLine: {'line': b'-- Up-to-date symlink: /home/giromi/Repos/VTOL/ws_sensor_combined_src/install/px4_msgs/include/px4_msgs/px4_msgs/msg/detail/gimbal_manager_status__rosidl_typesupport_fastrtps_c.h\n'}
[6.911716] (px4_msgs) StdoutLine: {'line': b'-- Up-to-date symlink: /home/giromi/Repos/VTOL/ws_sensor_combined_src/install/px4_msgs/include/px4_msgs/px4_msgs/msg/detail/goto_setpoint__rosidl_typesupport_fastrtps_c.h\n'}
[6.911869] (px4_msgs) StdoutLine: {'line': b'-- Up-to-date symlink: /home/giromi/Repos/VTOL/ws_sensor_combined_src/install/px4_msgs/include/px4_msgs/px4_msgs/msg/detail/gpio_config__rosidl_typesupport_fastrtps_c.h\n'}
[6.912140] (px4_msgs) StdoutLine: {'line': b'-- Up-to-date symlink: /home/giromi/Repos/VTOL/ws_sensor_combined_src/install/px4_msgs/include/px4_msgs/px4_msgs/msg/detail/gpio_in__rosidl_typesupport_fastrtps_c.h\n'}
[6.912331] (px4_msgs) StdoutLine: {'line': b'-- Up-to-date symlink: /home/giromi/Repos/VTOL/ws_sensor_combined_src/install/px4_msgs/include/px4_msgs/px4_msgs/msg/detail/gpio_out__rosidl_typesupport_fastrtps_c.h\n'}
[6.912460] (px4_msgs) StdoutLine: {'line': b'-- Up-to-date symlink: /home/giromi/Repos/VTOL/ws_sensor_combined_src/install/px4_msgs/include/px4_msgs/px4_msgs/msg/detail/gpio_request__rosidl_typesupport_fastrtps_c.h\n'}
[6.912650] (px4_msgs) StdoutLine: {'line': b'-- Up-to-date symlink: /home/giromi/Repos/VTOL/ws_sensor_combined_src/install/px4_msgs/include/px4_msgs/px4_msgs/msg/detail/gps_dump__rosidl_typesupport_fastrtps_c.h\n'}
[6.912789] (px4_msgs) StdoutLine: {'line': b'-- Up-to-date symlink: /home/giromi/Repos/VTOL/ws_sensor_combined_src/install/px4_msgs/include/px4_msgs/px4_msgs/msg/detail/gps_inject_data__rosidl_typesupport_fastrtps_c.h\n'}
[6.912941] (px4_msgs) StdoutLine: {'line': b'-- Up-to-date symlink: /home/giromi/Repos/VTOL/ws_sensor_combined_src/install/px4_msgs/include/px4_msgs/px4_msgs/msg/detail/gripper__rosidl_typesupport_fastrtps_c.h\n'}
[6.913092] (px4_msgs) StdoutLine: {'line': b'-- Up-to-date symlink: /home/giromi/Repos/VTOL/ws_sensor_combined_src/install/px4_msgs/include/px4_msgs/px4_msgs/msg/detail/health_report__rosidl_typesupport_fastrtps_c.h\n'}
[6.913245] (px4_msgs) StdoutLine: {'line': b'-- Up-to-date symlink: /home/giromi/Repos/VTOL/ws_sensor_combined_src/install/px4_msgs/include/px4_msgs/px4_msgs/msg/detail/heater_status__rosidl_typesupport_fastrtps_c.h\n'}
[6.913398] (px4_msgs) StdoutLine: {'line': b'-- Up-to-date symlink: /home/giromi/Repos/VTOL/ws_sensor_combined_src/install/px4_msgs/include/px4_msgs/px4_msgs/msg/detail/home_position__rosidl_typesupport_fastrtps_c.h\n'}
[6.913551] (px4_msgs) StdoutLine: {'line': b'-- Up-to-date symlink: /home/giromi/Repos/VTOL/ws_sensor_combined_src/install/px4_msgs/include/px4_msgs/px4_msgs/msg/detail/hover_thrust_estimate__rosidl_typesupport_fastrtps_c.h\n'}
[6.913758] (px4_msgs) StdoutLine: {'line': b'-- Up-to-date symlink: /home/giromi/Repos/VTOL/ws_sensor_combined_src/install/px4_msgs/include/px4_msgs/px4_msgs/msg/detail/input_rc__rosidl_typesupport_fastrtps_c.h\n'}
[6.914003] (px4_msgs) StdoutLine: {'line': b'-- Up-to-date symlink: /home/giromi/Repos/VTOL/ws_sensor_combined_src/install/px4_msgs/include/px4_msgs/px4_msgs/msg/detail/internal_combustion_engine_status__rosidl_typesupport_fastrtps_c.h\n'}
[6.914208] (px4_msgs) StdoutLine: {'line': b'-- Up-to-date symlink: /home/giromi/Repos/VTOL/ws_sensor_combined_src/install/px4_msgs/include/px4_msgs/px4_msgs/msg/detail/iridiumsbd_status__rosidl_typesupport_fastrtps_c.h\n'}
[6.914438] (px4_msgs) StdoutLine: {'line': b'-- Up-to-date symlink: /home/giromi/Repos/VTOL/ws_sensor_combined_src/install/px4_msgs/include/px4_msgs/px4_msgs/msg/detail/irlock_report__rosidl_typesupport_fastrtps_c.h\n'}
[6.914666] (px4_msgs) StdoutLine: {'line': b'-- Up-to-date symlink: /home/giromi/Repos/VTOL/ws_sensor_combined_src/install/px4_msgs/include/px4_msgs/px4_msgs/msg/detail/landing_gear__rosidl_typesupport_fastrtps_c.h\n'}
[6.914863] (px4_msgs) StdoutLine: {'line': b'-- Up-to-date symlink: /home/giromi/Repos/VTOL/ws_sensor_combined_src/install/px4_msgs/include/px4_msgs/px4_msgs/msg/detail/landing_gear_wheel__rosidl_typesupport_fastrtps_c.h\n'}
[6.915100] (px4_msgs) StdoutLine: {'line': b'-- Up-to-date symlink: /home/giromi/Repos/VTOL/ws_sensor_combined_src/install/px4_msgs/include/px4_msgs/px4_msgs/msg/detail/landing_target_innovations__rosidl_typesupport_fastrtps_c.h\n'}
[6.915288] (px4_msgs) StdoutLine: {'line': b'-- Up-to-date symlink: /home/giromi/Repos/VTOL/ws_sensor_combined_src/install/px4_msgs/include/px4_msgs/px4_msgs/msg/detail/landing_target_pose__rosidl_typesupport_fastrtps_c.h\n'}
[6.915438] (px4_msgs) StdoutLine: {'line': b'-- Up-to-date symlink: /home/giromi/Repos/VTOL/ws_sensor_combined_src/install/px4_msgs/include/px4_msgs/px4_msgs/msg/detail/launch_detection_status__rosidl_typesupport_fastrtps_c.h\n'}
[6.915644] (px4_msgs) StdoutLine: {'line': b'-- Up-to-date symlink: /home/giromi/Repos/VTOL/ws_sensor_combined_src/install/px4_msgs/include/px4_msgs/px4_msgs/msg/detail/led_control__rosidl_typesupport_fastrtps_c.h\n'}
[6.915846] (px4_msgs) StdoutLine: {'line': b'-- Up-to-date symlink: /home/giromi/Repos/VTOL/ws_sensor_combined_src/install/px4_msgs/include/px4_msgs/px4_msgs/msg/detail/log_message__rosidl_typesupport_fastrtps_c.h\n'}
[6.916079] (px4_msgs) StdoutLine: {'line': b'-- Up-to-date symlink: /home/giromi/Repos/VTOL/ws_sensor_combined_src/install/px4_msgs/include/px4_msgs/px4_msgs/msg/detail/logger_status__rosidl_typesupport_fastrtps_c.h\n'}
[6.916227] (px4_msgs) StdoutLine: {'line': b'-- Up-to-date symlink: /home/giromi/Repos/VTOL/ws_sensor_combined_src/install/px4_msgs/include/px4_msgs/px4_msgs/msg/detail/mag_worker_data__rosidl_typesupport_fastrtps_c.h\n'}
[6.916380] (px4_msgs) StdoutLine: {'line': b'-- Up-to-date symlink: /home/giromi/Repos/VTOL/ws_sensor_combined_src/install/px4_msgs/include/px4_msgs/px4_msgs/msg/detail/magnetometer_bias_estimate__rosidl_typesupport_fastrtps_c.h\n'}
[6.916526] (px4_msgs) StdoutLine: {'line': b'-- Up-to-date symlink: /home/giromi/Repos/VTOL/ws_sensor_combined_src/install/px4_msgs/include/px4_msgs/px4_msgs/msg/detail/manual_control_setpoint__rosidl_typesupport_fastrtps_c.h\n'}
[6.916730] (px4_msgs) StdoutLine: {'line': b'-- Up-to-date symlink: /home/giromi/Repos/VTOL/ws_sensor_combined_src/install/px4_msgs/include/px4_msgs/px4_msgs/msg/detail/manual_control_switches__rosidl_typesupport_fastrtps_c.h\n'}
[6.916881] (px4_msgs) StdoutLine: {'line': b'-- Up-to-date symlink: /home/giromi/Repos/VTOL/ws_sensor_combined_src/install/px4_msgs/include/px4_msgs/px4_msgs/msg/detail/mavlink_log__rosidl_typesupport_fastrtps_c.h\n'}
[6.917081] (px4_msgs) StdoutLine: {'line': b'-- Up-to-date symlink: /home/giromi/Repos/VTOL/ws_sensor_combined_src/install/px4_msgs/include/px4_msgs/px4_msgs/msg/detail/mavlink_tunnel__rosidl_typesupport_fastrtps_c.h\n'}
[6.917321] (px4_msgs) StdoutLine: {'line': b'-- Up-to-date symlink: /home/giromi/Repos/VTOL/ws_sensor_combined_src/install/px4_msgs/include/px4_msgs/px4_msgs/msg/detail/message_format_request__rosidl_typesupport_fastrtps_c.h\n'}
[6.917523] (px4_msgs) StdoutLine: {'line': b'-- Up-to-date symlink: /home/giromi/Repos/VTOL/ws_sensor_combined_src/install/px4_msgs/include/px4_msgs/px4_msgs/msg/detail/message_format_response__rosidl_typesupport_fastrtps_c.h\n'}
[6.917727] (px4_msgs) StdoutLine: {'line': b'-- Up-to-date symlink: /home/giromi/Repos/VTOL/ws_sensor_combined_src/install/px4_msgs/include/px4_msgs/px4_msgs/msg/detail/mission__rosidl_typesupport_fastrtps_c.h\n'}
[6.917928] (px4_msgs) StdoutLine: {'line': b'-- Up-to-date symlink: /home/giromi/Repos/VTOL/ws_sensor_combined_src/install/px4_msgs/include/px4_msgs/px4_msgs/msg/detail/mission_result__rosidl_typesupport_fastrtps_c.h\n'}
[6.918167] (px4_msgs) StdoutLine: {'line': b'-- Up-to-date symlink: /home/giromi/Repos/VTOL/ws_sensor_combined_src/install/px4_msgs/include/px4_msgs/px4_msgs/msg/detail/mode_completed__rosidl_typesupport_fastrtps_c.h\n'}
[6.918367] (px4_msgs) StdoutLine: {'line': b'-- Up-to-date symlink: /home/giromi/Repos/VTOL/ws_sensor_combined_src/install/px4_msgs/include/px4_msgs/px4_msgs/msg/detail/mount_orientation__rosidl_typesupport_fastrtps_c.h\n'}
[6.918574] (px4_msgs) StdoutLine: {'line': b'-- Up-to-date symlink: /home/giromi/Repos/VTOL/ws_sensor_combined_src/install/px4_msgs/include/px4_msgs/px4_msgs/msg/detail/navigator_mission_item__rosidl_typesupport_fastrtps_c.h\n'}
[6.918774] (px4_msgs) StdoutLine: {'line': b'-- Up-to-date symlink: /home/giromi/Repos/VTOL/ws_sensor_combined_src/install/px4_msgs/include/px4_msgs/px4_msgs/msg/detail/normalized_unsigned_setpoint__rosidl_typesupport_fastrtps_c.h\n'}
[6.919025] (px4_msgs) StdoutLine: {'line': b'-- Up-to-date symlink: /home/giromi/Repos/VTOL/ws_sensor_combined_src/install/px4_msgs/include/px4_msgs/px4_msgs/msg/detail/npfg_status__rosidl_typesupport_fastrtps_c.h\n'}
[6.919202] (px4_msgs) StdoutLine: {'line': b'-- Up-to-date symlink: /home/giromi/Repos/VTOL/ws_sensor_combined_src/install/px4_msgs/include/px4_msgs/px4_msgs/msg/detail/obstacle_distance__rosidl_typesupport_fastrtps_c.h\n'}
[6.919440] (px4_msgs) StdoutLine: {'line': b'-- Up-to-date symlink: /home/giromi/Repos/VTOL/ws_sensor_combined_src/install/px4_msgs/include/px4_msgs/px4_msgs/msg/detail/offboard_control_mode__rosidl_typesupport_fastrtps_c.h\n'}
[6.919641] (px4_msgs) StdoutLine: {'line': b'-- Up-to-date symlink: /home/giromi/Repos/VTOL/ws_sensor_combined_src/install/px4_msgs/include/px4_msgs/px4_msgs/msg/detail/onboard_computer_status__rosidl_typesupport_fastrtps_c.h\n'}
[6.919810] (-) TimerEvent: {}
[6.919933] (px4_msgs) StdoutLine: {'line': b'-- Up-to-date symlink: /home/giromi/Repos/VTOL/ws_sensor_combined_src/install/px4_msgs/include/px4_msgs/px4_msgs/msg/detail/orb_test__rosidl_typesupport_fastrtps_c.h\n'}
[6.920135] (px4_msgs) StdoutLine: {'line': b'-- Up-to-date symlink: /home/giromi/Repos/VTOL/ws_sensor_combined_src/install/px4_msgs/include/px4_msgs/px4_msgs/msg/detail/orb_test_large__rosidl_typesupport_fastrtps_c.h\n'}
[6.920339] (px4_msgs) StdoutLine: {'line': b'-- Up-to-date symlink: /home/giromi/Repos/VTOL/ws_sensor_combined_src/install/px4_msgs/include/px4_msgs/px4_msgs/msg/detail/orb_test_medium__rosidl_typesupport_fastrtps_c.h\n'}
[6.920580] (px4_msgs) StdoutLine: {'line': b'-- Up-to-date symlink: /home/giromi/Repos/VTOL/ws_sensor_combined_src/install/px4_msgs/include/px4_msgs/px4_msgs/msg/detail/orbit_status__rosidl_typesupport_fastrtps_c.h\n'}
[6.920778] (px4_msgs) StdoutLine: {'line': b'-- Up-to-date symlink: /home/giromi/Repos/VTOL/ws_sensor_combined_src/install/px4_msgs/include/px4_msgs/px4_msgs/msg/detail/parameter_update__rosidl_typesupport_fastrtps_c.h\n'}
[6.920948] (px4_msgs) StdoutLine: {'line': b'-- Up-to-date symlink: /home/giromi/Repos/VTOL/ws_sensor_combined_src/install/px4_msgs/include/px4_msgs/px4_msgs/msg/detail/ping__rosidl_typesupport_fastrtps_c.h\n'}
[6.921068] (px4_msgs) StdoutLine: {'line': b'-- Up-to-date symlink: /home/giromi/Repos/VTOL/ws_sensor_combined_src/install/px4_msgs/include/px4_msgs/px4_msgs/msg/detail/position_controller_landing_status__rosidl_typesupport_fastrtps_c.h\n'}
[6.921246] (px4_msgs) StdoutLine: {'line': b'-- Up-to-date symlink: /home/giromi/Repos/VTOL/ws_sensor_combined_src/install/px4_msgs/include/px4_msgs/px4_msgs/msg/detail/position_controller_status__rosidl_typesupport_fastrtps_c.h\n'}
[6.921482] (px4_msgs) StdoutLine: {'line': b'-- Up-to-date symlink: /home/giromi/Repos/VTOL/ws_sensor_combined_src/install/px4_msgs/include/px4_msgs/px4_msgs/msg/detail/position_setpoint__rosidl_typesupport_fastrtps_c.h\n'}
[6.921692] (px4_msgs) StdoutLine: {'line': b'-- Up-to-date symlink: /home/giromi/Repos/VTOL/ws_sensor_combined_src/install/px4_msgs/include/px4_msgs/px4_msgs/msg/detail/position_setpoint_triplet__rosidl_typesupport_fastrtps_c.h\n'}
[6.921889] (px4_msgs) StdoutLine: {'line': b'-- Up-to-date symlink: /home/giromi/Repos/VTOL/ws_sensor_combined_src/install/px4_msgs/include/px4_msgs/px4_msgs/msg/detail/power_button_state__rosidl_typesupport_fastrtps_c.h\n'}
[6.922008] (px4_msgs) StdoutLine: {'line': b'-- Up-to-date symlink: /home/giromi/Repos/VTOL/ws_sensor_combined_src/install/px4_msgs/include/px4_msgs/px4_msgs/msg/detail/power_monitor__rosidl_typesupport_fastrtps_c.h\n'}
[6.922221] (px4_msgs) StdoutLine: {'line': b'-- Up-to-date symlink: /home/giromi/Repos/VTOL/ws_sensor_combined_src/install/px4_msgs/include/px4_msgs/px4_msgs/msg/detail/pps_capture__rosidl_typesupport_fastrtps_c.h\n'}
[6.922353] (px4_msgs) StdoutLine: {'line': b'-- Up-to-date symlink: /home/giromi/Repos/VTOL/ws_sensor_combined_src/install/px4_msgs/include/px4_msgs/px4_msgs/msg/detail/pwm_input__rosidl_typesupport_fastrtps_c.h\n'}
[6.922526] (px4_msgs) StdoutLine: {'line': b'-- Up-to-date symlink: /home/giromi/Repos/VTOL/ws_sensor_combined_src/install/px4_msgs/include/px4_msgs/px4_msgs/msg/detail/px4io_status__rosidl_typesupport_fastrtps_c.h\n'}
[6.922633] (px4_msgs) StdoutLine: {'line': b'-- Up-to-date symlink: /home/giromi/Repos/VTOL/ws_sensor_combined_src/install/px4_msgs/include/px4_msgs/px4_msgs/msg/detail/qshell_req__rosidl_typesupport_fastrtps_c.h\n'}
[6.922825] (px4_msgs) StdoutLine: {'line': b'-- Up-to-date symlink: /home/giromi/Repos/VTOL/ws_sensor_combined_src/install/px4_msgs/include/px4_msgs/px4_msgs/msg/detail/qshell_retval__rosidl_typesupport_fastrtps_c.h\n'}
[6.923027] (px4_msgs) StdoutLine: {'line': b'-- Up-to-date symlink: /home/giromi/Repos/VTOL/ws_sensor_combined_src/install/px4_msgs/include/px4_msgs/px4_msgs/msg/detail/radio_status__rosidl_typesupport_fastrtps_c.h\n'}
[6.923189] (px4_msgs) StdoutLine: {'line': b'-- Up-to-date symlink: /home/giromi/Repos/VTOL/ws_sensor_combined_src/install/px4_msgs/include/px4_msgs/px4_msgs/msg/detail/rate_ctrl_status__rosidl_typesupport_fastrtps_c.h\n'}
[6.923408] (px4_msgs) StdoutLine: {'line': b'-- Up-to-date symlink: /home/giromi/Repos/VTOL/ws_sensor_combined_src/install/px4_msgs/include/px4_msgs/px4_msgs/msg/detail/rc_channels__rosidl_typesupport_fastrtps_c.h\n'}
[6.923633] (px4_msgs) StdoutLine: {'line': b'-- Up-to-date symlink: /home/giromi/Repos/VTOL/ws_sensor_combined_src/install/px4_msgs/include/px4_msgs/px4_msgs/msg/detail/rc_parameter_map__rosidl_typesupport_fastrtps_c.h\n'}
[6.923830] (px4_msgs) StdoutLine: {'line': b'-- Up-to-date symlink: /home/giromi/Repos/VTOL/ws_sensor_combined_src/install/px4_msgs/include/px4_msgs/px4_msgs/msg/detail/register_ext_component_reply__rosidl_typesupport_fastrtps_c.h\n'}
[6.924098] (px4_msgs) StdoutLine: {'line': b'-- Up-to-date symlink: /home/giromi/Repos/VTOL/ws_sensor_combined_src/install/px4_msgs/include/px4_msgs/px4_msgs/msg/detail/register_ext_component_request__rosidl_typesupport_fastrtps_c.h\n'}
[6.924295] (px4_msgs) StdoutLine: {'line': b'-- Up-to-date symlink: /home/giromi/Repos/VTOL/ws_sensor_combined_src/install/px4_msgs/include/px4_msgs/px4_msgs/msg/detail/rpm__rosidl_typesupport_fastrtps_c.h\n'}
[6.924404] (px4_msgs) StdoutLine: {'line': b'-- Up-to-date symlink: /home/giromi/Repos/VTOL/ws_sensor_combined_src/install/px4_msgs/include/px4_msgs/px4_msgs/msg/detail/rtl_time_estimate__rosidl_typesupport_fastrtps_c.h\n'}
[6.924594] (px4_msgs) StdoutLine: {'line': b'-- Up-to-date symlink: /home/giromi/Repos/VTOL/ws_sensor_combined_src/install/px4_msgs/include/px4_msgs/px4_msgs/msg/detail/satellite_info__rosidl_typesupport_fastrtps_c.h\n'}
[6.924701] (px4_msgs) StdoutLine: {'line': b'-- Up-to-date symlink: /home/giromi/Repos/VTOL/ws_sensor_combined_src/install/px4_msgs/include/px4_msgs/px4_msgs/msg/detail/sensor_accel__rosidl_typesupport_fastrtps_c.h\n'}
[6.924891] (px4_msgs) StdoutLine: {'line': b'-- Up-to-date symlink: /home/giromi/Repos/VTOL/ws_sensor_combined_src/install/px4_msgs/include/px4_msgs/px4_msgs/msg/detail/sensor_accel_fifo__rosidl_typesupport_fastrtps_c.h\n'}
[6.925006] (px4_msgs) StdoutLine: {'line': b'-- Up-to-date symlink: /home/giromi/Repos/VTOL/ws_sensor_combined_src/install/px4_msgs/include/px4_msgs/px4_msgs/msg/detail/sensor_airflow__rosidl_typesupport_fastrtps_c.h\n'}
[6.925190] (px4_msgs) StdoutLine: {'line': b'-- Up-to-date symlink: /home/giromi/Repos/VTOL/ws_sensor_combined_src/install/px4_msgs/include/px4_msgs/px4_msgs/msg/detail/sensor_baro__rosidl_typesupport_fastrtps_c.h\n'}
[6.925393] (px4_msgs) StdoutLine: {'line': b'-- Up-to-date symlink: /home/giromi/Repos/VTOL/ws_sensor_combined_src/install/px4_msgs/include/px4_msgs/px4_msgs/msg/detail/sensor_combined__rosidl_typesupport_fastrtps_c.h\n'}
[6.925596] (px4_msgs) StdoutLine: {'line': b'-- Up-to-date symlink: /home/giromi/Repos/VTOL/ws_sensor_combined_src/install/px4_msgs/include/px4_msgs/px4_msgs/msg/detail/sensor_correction__rosidl_typesupport_fastrtps_c.h\n'}
[6.925795] (px4_msgs) StdoutLine: {'line': b'-- Up-to-date symlink: /home/giromi/Repos/VTOL/ws_sensor_combined_src/install/px4_msgs/include/px4_msgs/px4_msgs/msg/detail/sensor_gnss_relative__rosidl_typesupport_fastrtps_c.h\n'}
[6.925988] (px4_msgs) StdoutLine: {'line': b'-- Up-to-date symlink: /home/giromi/Repos/VTOL/ws_sensor_combined_src/install/px4_msgs/include/px4_msgs/px4_msgs/msg/detail/sensor_gps__rosidl_typesupport_fastrtps_c.h\n'}
[6.926097] (px4_msgs) StdoutLine: {'line': b'-- Up-to-date symlink: /home/giromi/Repos/VTOL/ws_sensor_combined_src/install/px4_msgs/include/px4_msgs/px4_msgs/msg/detail/sensor_gyro__rosidl_typesupport_fastrtps_c.h\n'}
[6.926317] (px4_msgs) StdoutLine: {'line': b'-- Up-to-date symlink: /home/giromi/Repos/VTOL/ws_sensor_combined_src/install/px4_msgs/include/px4_msgs/px4_msgs/msg/detail/sensor_gyro_fft__rosidl_typesupport_fastrtps_c.h\n'}
[6.926513] (px4_msgs) StdoutLine: {'line': b'-- Up-to-date symlink: /home/giromi/Repos/VTOL/ws_sensor_combined_src/install/px4_msgs/include/px4_msgs/px4_msgs/msg/detail/sensor_gyro_fifo__rosidl_typesupport_fastrtps_c.h\n'}
[6.926678] (px4_msgs) StdoutLine: {'line': b'-- Up-to-date symlink: /home/giromi/Repos/VTOL/ws_sensor_combined_src/install/px4_msgs/include/px4_msgs/px4_msgs/msg/detail/sensor_hygrometer__rosidl_typesupport_fastrtps_c.h\n'}
[6.926880] (px4_msgs) StdoutLine: {'line': b'-- Up-to-date symlink: /home/giromi/Repos/VTOL/ws_sensor_combined_src/install/px4_msgs/include/px4_msgs/px4_msgs/msg/detail/sensor_mag__rosidl_typesupport_fastrtps_c.h\n'}
[6.927080] (px4_msgs) StdoutLine: {'line': b'-- Up-to-date symlink: /home/giromi/Repos/VTOL/ws_sensor_combined_src/install/px4_msgs/include/px4_msgs/px4_msgs/msg/detail/sensor_optical_flow__rosidl_typesupport_fastrtps_c.h\n'}
[6.927323] (px4_msgs) StdoutLine: {'line': b'-- Up-to-date symlink: /home/giromi/Repos/VTOL/ws_sensor_combined_src/install/px4_msgs/include/px4_msgs/px4_msgs/msg/detail/sensor_preflight_mag__rosidl_typesupport_fastrtps_c.h\n'}
[6.927533] (px4_msgs) StdoutLine: {'line': b'-- Up-to-date symlink: /home/giromi/Repos/VTOL/ws_sensor_combined_src/install/px4_msgs/include/px4_msgs/px4_msgs/msg/detail/sensor_selection__rosidl_typesupport_fastrtps_c.h\n'}
[6.927769] (px4_msgs) StdoutLine: {'line': b'-- Up-to-date symlink: /home/giromi/Repos/VTOL/ws_sensor_combined_src/install/px4_msgs/include/px4_msgs/px4_msgs/msg/detail/sensor_uwb__rosidl_typesupport_fastrtps_c.h\n'}
[6.927933] (px4_msgs) StdoutLine: {'line': b'-- Up-to-date symlink: /home/giromi/Repos/VTOL/ws_sensor_combined_src/install/px4_msgs/include/px4_msgs/px4_msgs/msg/detail/sensors_status__rosidl_typesupport_fastrtps_c.h\n'}
[6.928192] (px4_msgs) StdoutLine: {'line': b'-- Up-to-date symlink: /home/giromi/Repos/VTOL/ws_sensor_combined_src/install/px4_msgs/include/px4_msgs/px4_msgs/msg/detail/sensors_status_imu__rosidl_typesupport_fastrtps_c.h\n'}
[6.928431] (px4_msgs) StdoutLine: {'line': b'-- Up-to-date symlink: /home/giromi/Repos/VTOL/ws_sensor_combined_src/install/px4_msgs/include/px4_msgs/px4_msgs/msg/detail/system_power__rosidl_typesupport_fastrtps_c.h\n'}
[6.928628] (px4_msgs) StdoutLine: {'line': b'-- Up-to-date symlink: /home/giromi/Repos/VTOL/ws_sensor_combined_src/install/px4_msgs/include/px4_msgs/px4_msgs/msg/detail/takeoff_status__rosidl_typesupport_fastrtps_c.h\n'}
[6.928815] (px4_msgs) StdoutLine: {'line': b'-- Up-to-date symlink: /home/giromi/Repos/VTOL/ws_sensor_combined_src/install/px4_msgs/include/px4_msgs/px4_msgs/msg/detail/task_stack_info__rosidl_typesupport_fastrtps_c.h\n'}
[6.929032] (px4_msgs) StdoutLine: {'line': b'-- Up-to-date symlink: /home/giromi/Repos/VTOL/ws_sensor_combined_src/install/px4_msgs/include/px4_msgs/px4_msgs/msg/detail/tecs_status__rosidl_typesupport_fastrtps_c.h\n'}
[6.929234] (px4_msgs) StdoutLine: {'line': b'-- Up-to-date symlink: /home/giromi/Repos/VTOL/ws_sensor_combined_src/install/px4_msgs/include/px4_msgs/px4_msgs/msg/detail/telemetry_status__rosidl_typesupport_fastrtps_c.h\n'}
[6.929478] (px4_msgs) StdoutLine: {'line': b'-- Up-to-date symlink: /home/giromi/Repos/VTOL/ws_sensor_combined_src/install/px4_msgs/include/px4_msgs/px4_msgs/msg/detail/tiltrotor_extra_controls__rosidl_typesupport_fastrtps_c.h\n'}
[6.929704] (px4_msgs) StdoutLine: {'line': b'-- Up-to-date symlink: /home/giromi/Repos/VTOL/ws_sensor_combined_src/install/px4_msgs/include/px4_msgs/px4_msgs/msg/detail/timesync_status__rosidl_typesupport_fastrtps_c.h\n'}
[6.929942] (px4_msgs) StdoutLine: {'line': b'-- Up-to-date symlink: /home/giromi/Repos/VTOL/ws_sensor_combined_src/install/px4_msgs/include/px4_msgs/px4_msgs/msg/detail/trajectory_bezier__rosidl_typesupport_fastrtps_c.h\n'}
[6.930161] (px4_msgs) StdoutLine: {'line': b'-- Up-to-date symlink: /home/giromi/Repos/VTOL/ws_sensor_combined_src/install/px4_msgs/include/px4_msgs/px4_msgs/msg/detail/trajectory_setpoint__rosidl_typesupport_fastrtps_c.h\n'}
[6.930386] (px4_msgs) StdoutLine: {'line': b'-- Up-to-date symlink: /home/giromi/Repos/VTOL/ws_sensor_combined_src/install/px4_msgs/include/px4_msgs/px4_msgs/msg/detail/trajectory_waypoint__rosidl_typesupport_fastrtps_c.h\n'}
[6.930612] (px4_msgs) StdoutLine: {'line': b'-- Up-to-date symlink: /home/giromi/Repos/VTOL/ws_sensor_combined_src/install/px4_msgs/include/px4_msgs/px4_msgs/msg/detail/transponder_report__rosidl_typesupport_fastrtps_c.h\n'}
[6.930835] (px4_msgs) StdoutLine: {'line': b'-- Up-to-date symlink: /home/giromi/Repos/VTOL/ws_sensor_combined_src/install/px4_msgs/include/px4_msgs/px4_msgs/msg/detail/tune_control__rosidl_typesupport_fastrtps_c.h\n'}
[6.931095] (px4_msgs) StdoutLine: {'line': b'-- Up-to-date symlink: /home/giromi/Repos/VTOL/ws_sensor_combined_src/install/px4_msgs/include/px4_msgs/px4_msgs/msg/detail/uavcan_parameter_request__rosidl_typesupport_fastrtps_c.h\n'}
[6.931251] (px4_msgs) StdoutLine: {'line': b'-- Up-to-date symlink: /home/giromi/Repos/VTOL/ws_sensor_combined_src/install/px4_msgs/include/px4_msgs/px4_msgs/msg/detail/uavcan_parameter_value__rosidl_typesupport_fastrtps_c.h\n'}
[6.931410] (px4_msgs) StdoutLine: {'line': b'-- Up-to-date symlink: /home/giromi/Repos/VTOL/ws_sensor_combined_src/install/px4_msgs/include/px4_msgs/px4_msgs/msg/detail/ulog_stream__rosidl_typesupport_fastrtps_c.h\n'}
[6.931605] (px4_msgs) StdoutLine: {'line': b'-- Up-to-date symlink: /home/giromi/Repos/VTOL/ws_sensor_combined_src/install/px4_msgs/include/px4_msgs/px4_msgs/msg/detail/ulog_stream_ack__rosidl_typesupport_fastrtps_c.h\n'}
[6.931843] (px4_msgs) StdoutLine: {'line': b'-- Up-to-date symlink: /home/giromi/Repos/VTOL/ws_sensor_combined_src/install/px4_msgs/include/px4_msgs/px4_msgs/msg/detail/unregister_ext_component__rosidl_typesupport_fastrtps_c.h\n'}
[6.932082] (px4_msgs) StdoutLine: {'line': b'-- Up-to-date symlink: /home/giromi/Repos/VTOL/ws_sensor_combined_src/install/px4_msgs/include/px4_msgs/px4_msgs/msg/detail/vehicle_acceleration__rosidl_typesupport_fastrtps_c.h\n'}
[6.932283] (px4_msgs) StdoutLine: {'line': b'-- Up-to-date symlink: /home/giromi/Repos/VTOL/ws_sensor_combined_src/install/px4_msgs/include/px4_msgs/px4_msgs/msg/detail/vehicle_air_data__rosidl_typesupport_fastrtps_c.h\n'}
[6.932485] (px4_msgs) StdoutLine: {'line': b'-- Up-to-date symlink: /home/giromi/Repos/VTOL/ws_sensor_combined_src/install/px4_msgs/include/px4_msgs/px4_msgs/msg/detail/vehicle_angular_acceleration_setpoint__rosidl_typesupport_fastrtps_c.h\n'}
[6.932738] (px4_msgs) StdoutLine: {'line': b'-- Up-to-date symlink: /home/giromi/Repos/VTOL/ws_sensor_combined_src/install/px4_msgs/include/px4_msgs/px4_msgs/msg/detail/vehicle_angular_velocity__rosidl_typesupport_fastrtps_c.h\n'}
[6.932919] (px4_msgs) StdoutLine: {'line': b'-- Up-to-date symlink: /home/giromi/Repos/VTOL/ws_sensor_combined_src/install/px4_msgs/include/px4_msgs/px4_msgs/msg/detail/vehicle_attitude__rosidl_typesupport_fastrtps_c.h\n'}
[6.933168] (px4_msgs) StdoutLine: {'line': b'-- Up-to-date symlink: /home/giromi/Repos/VTOL/ws_sensor_combined_src/install/px4_msgs/include/px4_msgs/px4_msgs/msg/detail/vehicle_attitude_setpoint__rosidl_typesupport_fastrtps_c.h\n'}
[6.933379] (px4_msgs) StdoutLine: {'line': b'-- Up-to-date symlink: /home/giromi/Repos/VTOL/ws_sensor_combined_src/install/px4_msgs/include/px4_msgs/px4_msgs/msg/detail/vehicle_command__rosidl_typesupport_fastrtps_c.h\n'}
[6.933586] (px4_msgs) StdoutLine: {'line': b'-- Up-to-date symlink: /home/giromi/Repos/VTOL/ws_sensor_combined_src/install/px4_msgs/include/px4_msgs/px4_msgs/msg/detail/vehicle_command_ack__rosidl_typesupport_fastrtps_c.h\n'}
[6.933775] (px4_msgs) StdoutLine: {'line': b'-- Up-to-date symlink: /home/giromi/Repos/VTOL/ws_sensor_combined_src/install/px4_msgs/include/px4_msgs/px4_msgs/msg/detail/vehicle_constraints__rosidl_typesupport_fastrtps_c.h\n'}
[6.934009] (px4_msgs) StdoutLine: {'line': b'-- Up-to-date symlink: /home/giromi/Repos/VTOL/ws_sensor_combined_src/install/px4_msgs/include/px4_msgs/px4_msgs/msg/detail/vehicle_control_mode__rosidl_typesupport_fastrtps_c.h\n'}
[6.934149] (px4_msgs) StdoutLine: {'line': b'-- Up-to-date symlink: /home/giromi/Repos/VTOL/ws_sensor_combined_src/install/px4_msgs/include/px4_msgs/px4_msgs/msg/detail/vehicle_global_position__rosidl_typesupport_fastrtps_c.h\n'}
[6.934323] (px4_msgs) StdoutLine: {'line': b'-- Up-to-date symlink: /home/giromi/Repos/VTOL/ws_sensor_combined_src/install/px4_msgs/include/px4_msgs/px4_msgs/msg/detail/vehicle_imu__rosidl_typesupport_fastrtps_c.h\n'}
[6.934448] (px4_msgs) StdoutLine: {'line': b'-- Up-to-date symlink: /home/giromi/Repos/VTOL/ws_sensor_combined_src/install/px4_msgs/include/px4_msgs/px4_msgs/msg/detail/vehicle_imu_status__rosidl_typesupport_fastrtps_c.h\n'}
[6.934587] (px4_msgs) StdoutLine: {'line': b'-- Up-to-date symlink: /home/giromi/Repos/VTOL/ws_sensor_combined_src/install/px4_msgs/include/px4_msgs/px4_msgs/msg/detail/vehicle_land_detected__rosidl_typesupport_fastrtps_c.h\n'}
[6.934731] (px4_msgs) StdoutLine: {'line': b'-- Up-to-date symlink: /home/giromi/Repos/VTOL/ws_sensor_combined_src/install/px4_msgs/include/px4_msgs/px4_msgs/msg/detail/vehicle_local_position__rosidl_typesupport_fastrtps_c.h\n'}
[6.934874] (px4_msgs) StdoutLine: {'line': b'-- Up-to-date symlink: /home/giromi/Repos/VTOL/ws_sensor_combined_src/install/px4_msgs/include/px4_msgs/px4_msgs/msg/detail/vehicle_local_position_setpoint__rosidl_typesupport_fastrtps_c.h\n'}
[6.935025] (px4_msgs) StdoutLine: {'line': b'-- Up-to-date symlink: /home/giromi/Repos/VTOL/ws_sensor_combined_src/install/px4_msgs/include/px4_msgs/px4_msgs/msg/detail/vehicle_magnetometer__rosidl_typesupport_fastrtps_c.h\n'}
[6.935163] (px4_msgs) StdoutLine: {'line': b'-- Up-to-date symlink: /home/giromi/Repos/VTOL/ws_sensor_combined_src/install/px4_msgs/include/px4_msgs/px4_msgs/msg/detail/vehicle_odometry__rosidl_typesupport_fastrtps_c.h\n'}
[6.935305] (px4_msgs) StdoutLine: {'line': b'-- Up-to-date symlink: /home/giromi/Repos/VTOL/ws_sensor_combined_src/install/px4_msgs/include/px4_msgs/px4_msgs/msg/detail/vehicle_optical_flow__rosidl_typesupport_fastrtps_c.h\n'}
[6.935450] (px4_msgs) StdoutLine: {'line': b'-- Up-to-date symlink: /home/giromi/Repos/VTOL/ws_sensor_combined_src/install/px4_msgs/include/px4_msgs/px4_msgs/msg/detail/vehicle_optical_flow_vel__rosidl_typesupport_fastrtps_c.h\n'}
[6.935593] (px4_msgs) StdoutLine: {'line': b'-- Up-to-date symlink: /home/giromi/Repos/VTOL/ws_sensor_combined_src/install/px4_msgs/include/px4_msgs/px4_msgs/msg/detail/vehicle_rates_setpoint__rosidl_typesupport_fastrtps_c.h\n'}
[6.935744] (px4_msgs) StdoutLine: {'line': b'-- Up-to-date symlink: /home/giromi/Repos/VTOL/ws_sensor_combined_src/install/px4_msgs/include/px4_msgs/px4_msgs/msg/detail/vehicle_roi__rosidl_typesupport_fastrtps_c.h\n'}
[6.935885] (px4_msgs) StdoutLine: {'line': b'-- Up-to-date symlink: /home/giromi/Repos/VTOL/ws_sensor_combined_src/install/px4_msgs/include/px4_msgs/px4_msgs/msg/detail/vehicle_status__rosidl_typesupport_fastrtps_c.h\n'}
[6.936059] (px4_msgs) StdoutLine: {'line': b'-- Up-to-date symlink: /home/giromi/Repos/VTOL/ws_sensor_combined_src/install/px4_msgs/include/px4_msgs/px4_msgs/msg/detail/vehicle_thrust_setpoint__rosidl_typesupport_fastrtps_c.h\n'}
[6.936202] (px4_msgs) StdoutLine: {'line': b'-- Up-to-date symlink: /home/giromi/Repos/VTOL/ws_sensor_combined_src/install/px4_msgs/include/px4_msgs/px4_msgs/msg/detail/vehicle_torque_setpoint__rosidl_typesupport_fastrtps_c.h\n'}
[6.936339] (px4_msgs) StdoutLine: {'line': b'-- Up-to-date symlink: /home/giromi/Repos/VTOL/ws_sensor_combined_src/install/px4_msgs/include/px4_msgs/px4_msgs/msg/detail/vehicle_trajectory_bezier__rosidl_typesupport_fastrtps_c.h\n'}
[6.936527] (px4_msgs) StdoutLine: {'line': b'-- Up-to-date symlink: /home/giromi/Repos/VTOL/ws_sensor_combined_src/install/px4_msgs/include/px4_msgs/px4_msgs/msg/detail/vehicle_trajectory_waypoint__rosidl_typesupport_fastrtps_c.h\n'}
[6.936697] (px4_msgs) StdoutLine: {'line': b'-- Up-to-date symlink: /home/giromi/Repos/VTOL/ws_sensor_combined_src/install/px4_msgs/include/px4_msgs/px4_msgs/msg/detail/velocity_limits__rosidl_typesupport_fastrtps_c.h\n'}
[6.936819] (px4_msgs) StdoutLine: {'line': b'-- Up-to-date symlink: /home/giromi/Repos/VTOL/ws_sensor_combined_src/install/px4_msgs/include/px4_msgs/px4_msgs/msg/detail/vtol_vehicle_status__rosidl_typesupport_fastrtps_c.h\n'}
[6.936958] (px4_msgs) StdoutLine: {'line': b'-- Up-to-date symlink: /home/giromi/Repos/VTOL/ws_sensor_combined_src/install/px4_msgs/include/px4_msgs/px4_msgs/msg/detail/wheel_encoders__rosidl_typesupport_fastrtps_c.h\n'}
[6.937102] (px4_msgs) StdoutLine: {'line': b'-- Up-to-date symlink: /home/giromi/Repos/VTOL/ws_sensor_combined_src/install/px4_msgs/include/px4_msgs/px4_msgs/msg/detail/wind__rosidl_typesupport_fastrtps_c.h\n'}
[6.937243] (px4_msgs) StdoutLine: {'line': b'-- Up-to-date symlink: /home/giromi/Repos/VTOL/ws_sensor_combined_src/install/px4_msgs/include/px4_msgs/px4_msgs/msg/detail/yaw_estimator_status__rosidl_typesupport_fastrtps_c.h\n'}
[6.937378] (px4_msgs) StdoutLine: {'line': b'-- Up-to-date symlink: /home/giromi/Repos/VTOL/ws_sensor_combined_src/install/px4_msgs/include/px4_msgs/px4_msgs/msg/rosidl_typesupport_fastrtps_c__visibility_control.h\n'}
[6.937521] (px4_msgs) StdoutLine: {'line': b'-- Up-to-date symlink: /home/giromi/Repos/VTOL/ws_sensor_combined_src/install/px4_msgs/include/px4_msgs/px4_msgs/srv/detail/vehicle_command__rosidl_typesupport_fastrtps_c.h\n'}
[6.945439] (px4_msgs) StdoutLine: {'line': b'-- Up-to-date symlink: /home/giromi/Repos/VTOL/ws_sensor_combined_src/install/px4_msgs/include/px4_msgs/px4_msgs/msg/action_request.hpp\n'}
[6.945673] (px4_msgs) StdoutLine: {'line': b'-- Up-to-date symlink: /home/giromi/Repos/VTOL/ws_sensor_combined_src/install/px4_msgs/include/px4_msgs/px4_msgs/msg/actuator_armed.hpp\n'}
[6.945916] (px4_msgs) StdoutLine: {'line': b'-- Up-to-date symlink: /home/giromi/Repos/VTOL/ws_sensor_combined_src/install/px4_msgs/include/px4_msgs/px4_msgs/msg/actuator_controls_status.hpp\n'}
[6.946110] (px4_msgs) StdoutLine: {'line': b'-- Up-to-date symlink: /home/giromi/Repos/VTOL/ws_sensor_combined_src/install/px4_msgs/include/px4_msgs/px4_msgs/msg/actuator_motors.hpp\n'}
[6.946289] (px4_msgs) StdoutLine: {'line': b'-- Up-to-date symlink: /home/giromi/Repos/VTOL/ws_sensor_combined_src/install/px4_msgs/include/px4_msgs/px4_msgs/msg/actuator_outputs.hpp\n'}
[6.946552] (px4_msgs) StdoutLine: {'line': b'-- Up-to-date symlink: /home/giromi/Repos/VTOL/ws_sensor_combined_src/install/px4_msgs/include/px4_msgs/px4_msgs/msg/actuator_servos.hpp\n'}
[6.946747] (px4_msgs) StdoutLine: {'line': b'-- Up-to-date symlink: /home/giromi/Repos/VTOL/ws_sensor_combined_src/install/px4_msgs/include/px4_msgs/px4_msgs/msg/actuator_servos_trim.hpp\n'}
[6.946861] (px4_msgs) StdoutLine: {'line': b'-- Up-to-date symlink: /home/giromi/Repos/VTOL/ws_sensor_combined_src/install/px4_msgs/include/px4_msgs/px4_msgs/msg/actuator_test.hpp\n'}
[6.946973] (px4_msgs) StdoutLine: {'line': b'-- Up-to-date symlink: /home/giromi/Repos/VTOL/ws_sensor_combined_src/install/px4_msgs/include/px4_msgs/px4_msgs/msg/adc_report.hpp\n'}
[6.947142] (px4_msgs) StdoutLine: {'line': b'-- Up-to-date symlink: /home/giromi/Repos/VTOL/ws_sensor_combined_src/install/px4_msgs/include/px4_msgs/px4_msgs/msg/airspeed.hpp\n'}
[6.947331] (px4_msgs) StdoutLine: {'line': b'-- Up-to-date symlink: /home/giromi/Repos/VTOL/ws_sensor_combined_src/install/px4_msgs/include/px4_msgs/px4_msgs/msg/airspeed_validated.hpp\n'}
[6.947445] (px4_msgs) StdoutLine: {'line': b'-- Up-to-date symlink: /home/giromi/Repos/VTOL/ws_sensor_combined_src/install/px4_msgs/include/px4_msgs/px4_msgs/msg/airspeed_wind.hpp\n'}
[6.947633] (px4_msgs) StdoutLine: {'line': b'-- Up-to-date symlink: /home/giromi/Repos/VTOL/ws_sensor_combined_src/install/px4_msgs/include/px4_msgs/px4_msgs/msg/arming_check_reply.hpp\n'}
[6.947815] (px4_msgs) StdoutLine: {'line': b'-- Up-to-date symlink: /home/giromi/Repos/VTOL/ws_sensor_combined_src/install/px4_msgs/include/px4_msgs/px4_msgs/msg/arming_check_request.hpp\n'}
[6.947937] (px4_msgs) StdoutLine: {'line': b'-- Up-to-date symlink: /home/giromi/Repos/VTOL/ws_sensor_combined_src/install/px4_msgs/include/px4_msgs/px4_msgs/msg/autotune_attitude_control_status.hpp\n'}
[6.948136] (px4_msgs) StdoutLine: {'line': b'-- Up-to-date symlink: /home/giromi/Repos/VTOL/ws_sensor_combined_src/install/px4_msgs/include/px4_msgs/px4_msgs/msg/battery_status.hpp\n'}
[6.948260] (px4_msgs) StdoutLine: {'line': b'-- Up-to-date symlink: /home/giromi/Repos/VTOL/ws_sensor_combined_src/install/px4_msgs/include/px4_msgs/px4_msgs/msg/buffer128.hpp\n'}
[6.948391] (px4_msgs) StdoutLine: {'line': b'-- Up-to-date symlink: /home/giromi/Repos/VTOL/ws_sensor_combined_src/install/px4_msgs/include/px4_msgs/px4_msgs/msg/button_event.hpp\n'}
[6.948556] (px4_msgs) StdoutLine: {'line': b'-- Up-to-date symlink: /home/giromi/Repos/VTOL/ws_sensor_combined_src/install/px4_msgs/include/px4_msgs/px4_msgs/msg/camera_capture.hpp\n'}
[6.948718] (px4_msgs) StdoutLine: {'line': b'-- Up-to-date symlink: /home/giromi/Repos/VTOL/ws_sensor_combined_src/install/px4_msgs/include/px4_msgs/px4_msgs/msg/camera_status.hpp\n'}
[6.948842] (px4_msgs) StdoutLine: {'line': b'-- Up-to-date symlink: /home/giromi/Repos/VTOL/ws_sensor_combined_src/install/px4_msgs/include/px4_msgs/px4_msgs/msg/camera_trigger.hpp\n'}
[6.948973] (px4_msgs) StdoutLine: {'line': b'-- Up-to-date symlink: /home/giromi/Repos/VTOL/ws_sensor_combined_src/install/px4_msgs/include/px4_msgs/px4_msgs/msg/cellular_status.hpp\n'}
[6.949106] (px4_msgs) StdoutLine: {'line': b'-- Up-to-date symlink: /home/giromi/Repos/VTOL/ws_sensor_combined_src/install/px4_msgs/include/px4_msgs/px4_msgs/msg/collision_constraints.hpp\n'}
[6.949235] (px4_msgs) StdoutLine: {'line': b'-- Up-to-date symlink: /home/giromi/Repos/VTOL/ws_sensor_combined_src/install/px4_msgs/include/px4_msgs/px4_msgs/msg/collision_report.hpp\n'}
[6.949423] (px4_msgs) StdoutLine: {'line': b'-- Up-to-date symlink: /home/giromi/Repos/VTOL/ws_sensor_combined_src/install/px4_msgs/include/px4_msgs/px4_msgs/msg/config_overrides.hpp\n'}
[6.949533] (px4_msgs) StdoutLine: {'line': b'-- Up-to-date symlink: /home/giromi/Repos/VTOL/ws_sensor_combined_src/install/px4_msgs/include/px4_msgs/px4_msgs/msg/control_allocator_status.hpp\n'}
[6.949668] (px4_msgs) StdoutLine: {'line': b'-- Up-to-date symlink: /home/giromi/Repos/VTOL/ws_sensor_combined_src/install/px4_msgs/include/px4_msgs/px4_msgs/msg/cpuload.hpp\n'}
[6.949799] (px4_msgs) StdoutLine: {'line': b'-- Up-to-date symlink: /home/giromi/Repos/VTOL/ws_sensor_combined_src/install/px4_msgs/include/px4_msgs/px4_msgs/msg/dataman_request.hpp\n'}
[6.949930] (px4_msgs) StdoutLine: {'line': b'-- Up-to-date symlink: /home/giromi/Repos/VTOL/ws_sensor_combined_src/install/px4_msgs/include/px4_msgs/px4_msgs/msg/dataman_response.hpp\n'}
[6.950062] (px4_msgs) StdoutLine: {'line': b'-- Up-to-date symlink: /home/giromi/Repos/VTOL/ws_sensor_combined_src/install/px4_msgs/include/px4_msgs/px4_msgs/msg/debug_array.hpp\n'}
[6.950194] (px4_msgs) StdoutLine: {'line': b'-- Up-to-date symlink: /home/giromi/Repos/VTOL/ws_sensor_combined_src/install/px4_msgs/include/px4_msgs/px4_msgs/msg/debug_key_value.hpp\n'}
[6.950340] (px4_msgs) StdoutLine: {'line': b'-- Up-to-date symlink: /home/giromi/Repos/VTOL/ws_sensor_combined_src/install/px4_msgs/include/px4_msgs/px4_msgs/msg/debug_value.hpp\n'}
[6.950472] (px4_msgs) StdoutLine: {'line': b'-- Up-to-date symlink: /home/giromi/Repos/VTOL/ws_sensor_combined_src/install/px4_msgs/include/px4_msgs/px4_msgs/msg/debug_vect.hpp\n'}
[6.950627] (px4_msgs) StdoutLine: {'line': b'-- Up-to-date symlink: /home/giromi/Repos/VTOL/ws_sensor_combined_src/install/px4_msgs/include/px4_msgs/px4_msgs/msg/detail/action_request__builder.hpp\n'}
[6.950770] (px4_msgs) StdoutLine: {'line': b'-- Up-to-date symlink: /home/giromi/Repos/VTOL/ws_sensor_combined_src/install/px4_msgs/include/px4_msgs/px4_msgs/msg/detail/action_request__struct.hpp\n'}
[6.950921] (px4_msgs) StdoutLine: {'line': b'-- Up-to-date symlink: /home/giromi/Repos/VTOL/ws_sensor_combined_src/install/px4_msgs/include/px4_msgs/px4_msgs/msg/detail/action_request__traits.hpp\n'}
[6.951070] (px4_msgs) StdoutLine: {'line': b'-- Up-to-date symlink: /home/giromi/Repos/VTOL/ws_sensor_combined_src/install/px4_msgs/include/px4_msgs/px4_msgs/msg/detail/actuator_armed__builder.hpp\n'}
[6.951212] (px4_msgs) StdoutLine: {'line': b'-- Up-to-date symlink: /home/giromi/Repos/VTOL/ws_sensor_combined_src/install/px4_msgs/include/px4_msgs/px4_msgs/msg/detail/actuator_armed__struct.hpp\n'}
[6.951472] (px4_msgs) StdoutLine: {'line': b'-- Up-to-date symlink: /home/giromi/Repos/VTOL/ws_sensor_combined_src/install/px4_msgs/include/px4_msgs/px4_msgs/msg/detail/actuator_armed__traits.hpp\n'}
[6.951721] (px4_msgs) StdoutLine: {'line': b'-- Up-to-date symlink: /home/giromi/Repos/VTOL/ws_sensor_combined_src/install/px4_msgs/include/px4_msgs/px4_msgs/msg/detail/actuator_controls_status__builder.hpp\n'}
[6.951924] (px4_msgs) StdoutLine: {'line': b'-- Up-to-date symlink: /home/giromi/Repos/VTOL/ws_sensor_combined_src/install/px4_msgs/include/px4_msgs/px4_msgs/msg/detail/actuator_controls_status__struct.hpp\n'}
[6.952162] (px4_msgs) StdoutLine: {'line': b'-- Up-to-date symlink: /home/giromi/Repos/VTOL/ws_sensor_combined_src/install/px4_msgs/include/px4_msgs/px4_msgs/msg/detail/actuator_controls_status__traits.hpp\n'}
[6.952311] (px4_msgs) StdoutLine: {'line': b'-- Up-to-date symlink: /home/giromi/Repos/VTOL/ws_sensor_combined_src/install/px4_msgs/include/px4_msgs/px4_msgs/msg/detail/actuator_motors__builder.hpp\n'}
[6.952505] (px4_msgs) StdoutLine: {'line': b'-- Up-to-date symlink: /home/giromi/Repos/VTOL/ws_sensor_combined_src/install/px4_msgs/include/px4_msgs/px4_msgs/msg/detail/actuator_motors__struct.hpp\n'}
[6.952687] (px4_msgs) StdoutLine: {'line': b'-- Up-to-date symlink: /home/giromi/Repos/VTOL/ws_sensor_combined_src/install/px4_msgs/include/px4_msgs/px4_msgs/msg/detail/actuator_motors__traits.hpp\n'}
[6.952864] (px4_msgs) StdoutLine: {'line': b'-- Up-to-date symlink: /home/giromi/Repos/VTOL/ws_sensor_combined_src/install/px4_msgs/include/px4_msgs/px4_msgs/msg/detail/actuator_outputs__builder.hpp\n'}
[6.952996] (px4_msgs) StdoutLine: {'line': b'-- Up-to-date symlink: /home/giromi/Repos/VTOL/ws_sensor_combined_src/install/px4_msgs/include/px4_msgs/px4_msgs/msg/detail/actuator_outputs__struct.hpp\n'}
[6.953198] (px4_msgs) StdoutLine: {'line': b'-- Up-to-date symlink: /home/giromi/Repos/VTOL/ws_sensor_combined_src/install/px4_msgs/include/px4_msgs/px4_msgs/msg/detail/actuator_outputs__traits.hpp\n'}
[6.953446] (px4_msgs) StdoutLine: {'line': b'-- Up-to-date symlink: /home/giromi/Repos/VTOL/ws_sensor_combined_src/install/px4_msgs/include/px4_msgs/px4_msgs/msg/detail/actuator_servos__builder.hpp\n'}
[6.953679] (px4_msgs) StdoutLine: {'line': b'-- Up-to-date symlink: /home/giromi/Repos/VTOL/ws_sensor_combined_src/install/px4_msgs/include/px4_msgs/px4_msgs/msg/detail/actuator_servos__struct.hpp\n'}
[6.953819] (px4_msgs) StdoutLine: {'line': b'-- Up-to-date symlink: /home/giromi/Repos/VTOL/ws_sensor_combined_src/install/px4_msgs/include/px4_msgs/px4_msgs/msg/detail/actuator_servos__traits.hpp\n'}
[6.954059] (px4_msgs) StdoutLine: {'line': b'-- Up-to-date symlink: /home/giromi/Repos/VTOL/ws_sensor_combined_src/install/px4_msgs/include/px4_msgs/px4_msgs/msg/detail/actuator_servos_trim__builder.hpp\n'}
[6.954296] (px4_msgs) StdoutLine: {'line': b'-- Up-to-date symlink: /home/giromi/Repos/VTOL/ws_sensor_combined_src/install/px4_msgs/include/px4_msgs/px4_msgs/msg/detail/actuator_servos_trim__struct.hpp\n'}
[6.954555] (px4_msgs) StdoutLine: {'line': b'-- Up-to-date symlink: /home/giromi/Repos/VTOL/ws_sensor_combined_src/install/px4_msgs/include/px4_msgs/px4_msgs/msg/detail/actuator_servos_trim__traits.hpp\n'}
[6.954775] (px4_msgs) StdoutLine: {'line': b'-- Up-to-date symlink: /home/giromi/Repos/VTOL/ws_sensor_combined_src/install/px4_msgs/include/px4_msgs/px4_msgs/msg/detail/actuator_test__builder.hpp\n'}
[6.955003] (px4_msgs) StdoutLine: {'line': b'-- Up-to-date symlink: /home/giromi/Repos/VTOL/ws_sensor_combined_src/install/px4_msgs/include/px4_msgs/px4_msgs/msg/detail/actuator_test__struct.hpp\n'}
[6.955178] (px4_msgs) StdoutLine: {'line': b'-- Up-to-date symlink: /home/giromi/Repos/VTOL/ws_sensor_combined_src/install/px4_msgs/include/px4_msgs/px4_msgs/msg/detail/actuator_test__traits.hpp\n'}
[6.955337] (px4_msgs) StdoutLine: {'line': b'-- Up-to-date symlink: /home/giromi/Repos/VTOL/ws_sensor_combined_src/install/px4_msgs/include/px4_msgs/px4_msgs/msg/detail/adc_report__builder.hpp\n'}
[6.955512] (px4_msgs) StdoutLine: {'line': b'-- Up-to-date symlink: /home/giromi/Repos/VTOL/ws_sensor_combined_src/install/px4_msgs/include/px4_msgs/px4_msgs/msg/detail/adc_report__struct.hpp\n'}
[6.955690] (px4_msgs) StdoutLine: {'line': b'-- Up-to-date symlink: /home/giromi/Repos/VTOL/ws_sensor_combined_src/install/px4_msgs/include/px4_msgs/px4_msgs/msg/detail/adc_report__traits.hpp\n'}
[6.955902] (px4_msgs) StdoutLine: {'line': b'-- Up-to-date symlink: /home/giromi/Repos/VTOL/ws_sensor_combined_src/install/px4_msgs/include/px4_msgs/px4_msgs/msg/detail/airspeed__builder.hpp\n'}
[6.956175] (px4_msgs) StdoutLine: {'line': b'-- Up-to-date symlink: /home/giromi/Repos/VTOL/ws_sensor_combined_src/install/px4_msgs/include/px4_msgs/px4_msgs/msg/detail/airspeed__struct.hpp\n'}
[6.956348] (px4_msgs) StdoutLine: {'line': b'-- Up-to-date symlink: /home/giromi/Repos/VTOL/ws_sensor_combined_src/install/px4_msgs/include/px4_msgs/px4_msgs/msg/detail/airspeed__traits.hpp\n'}
[6.956555] (px4_msgs) StdoutLine: {'line': b'-- Up-to-date symlink: /home/giromi/Repos/VTOL/ws_sensor_combined_src/install/px4_msgs/include/px4_msgs/px4_msgs/msg/detail/airspeed_validated__builder.hpp\n'}
[6.956757] (px4_msgs) StdoutLine: {'line': b'-- Up-to-date symlink: /home/giromi/Repos/VTOL/ws_sensor_combined_src/install/px4_msgs/include/px4_msgs/px4_msgs/msg/detail/airspeed_validated__struct.hpp\n'}
[6.956915] (px4_msgs) StdoutLine: {'line': b'-- Up-to-date symlink: /home/giromi/Repos/VTOL/ws_sensor_combined_src/install/px4_msgs/include/px4_msgs/px4_msgs/msg/detail/airspeed_validated__traits.hpp\n'}
[6.957091] (px4_msgs) StdoutLine: {'line': b'-- Up-to-date symlink: /home/giromi/Repos/VTOL/ws_sensor_combined_src/install/px4_msgs/include/px4_msgs/px4_msgs/msg/detail/airspeed_wind__builder.hpp\n'}
[6.957236] (px4_msgs) StdoutLine: {'line': b'-- Up-to-date symlink: /home/giromi/Repos/VTOL/ws_sensor_combined_src/install/px4_msgs/include/px4_msgs/px4_msgs/msg/detail/airspeed_wind__struct.hpp\n'}
[6.957393] (px4_msgs) StdoutLine: {'line': b'-- Up-to-date symlink: /home/giromi/Repos/VTOL/ws_sensor_combined_src/install/px4_msgs/include/px4_msgs/px4_msgs/msg/detail/airspeed_wind__traits.hpp\n'}
[6.957591] (px4_msgs) StdoutLine: {'line': b'-- Up-to-date symlink: /home/giromi/Repos/VTOL/ws_sensor_combined_src/install/px4_msgs/include/px4_msgs/px4_msgs/msg/detail/arming_check_reply__builder.hpp\n'}
[6.957794] (px4_msgs) StdoutLine: {'line': b'-- Up-to-date symlink: /home/giromi/Repos/VTOL/ws_sensor_combined_src/install/px4_msgs/include/px4_msgs/px4_msgs/msg/detail/arming_check_reply__struct.hpp\n'}
[6.958000] (px4_msgs) StdoutLine: {'line': b'-- Up-to-date symlink: /home/giromi/Repos/VTOL/ws_sensor_combined_src/install/px4_msgs/include/px4_msgs/px4_msgs/msg/detail/arming_check_reply__traits.hpp\n'}
[6.958201] (px4_msgs) StdoutLine: {'line': b'-- Up-to-date symlink: /home/giromi/Repos/VTOL/ws_sensor_combined_src/install/px4_msgs/include/px4_msgs/px4_msgs/msg/detail/arming_check_request__builder.hpp\n'}
[6.958406] (px4_msgs) StdoutLine: {'line': b'-- Up-to-date symlink: /home/giromi/Repos/VTOL/ws_sensor_combined_src/install/px4_msgs/include/px4_msgs/px4_msgs/msg/detail/arming_check_request__struct.hpp\n'}
[6.958659] (px4_msgs) StdoutLine: {'line': b'-- Up-to-date symlink: /home/giromi/Repos/VTOL/ws_sensor_combined_src/install/px4_msgs/include/px4_msgs/px4_msgs/msg/detail/arming_check_request__traits.hpp\n'}
[6.958895] (px4_msgs) StdoutLine: {'line': b'-- Up-to-date symlink: /home/giromi/Repos/VTOL/ws_sensor_combined_src/install/px4_msgs/include/px4_msgs/px4_msgs/msg/detail/autotune_attitude_control_status__builder.hpp\n'}
[6.959102] (px4_msgs) StdoutLine: {'line': b'-- Up-to-date symlink: /home/giromi/Repos/VTOL/ws_sensor_combined_src/install/px4_msgs/include/px4_msgs/px4_msgs/msg/detail/autotune_attitude_control_status__struct.hpp\n'}
[6.959334] (px4_msgs) StdoutLine: {'line': b'-- Up-to-date symlink: /home/giromi/Repos/VTOL/ws_sensor_combined_src/install/px4_msgs/include/px4_msgs/px4_msgs/msg/detail/autotune_attitude_control_status__traits.hpp\n'}
[6.959557] (px4_msgs) StdoutLine: {'line': b'-- Up-to-date symlink: /home/giromi/Repos/VTOL/ws_sensor_combined_src/install/px4_msgs/include/px4_msgs/px4_msgs/msg/detail/battery_status__builder.hpp\n'}
[6.959823] (px4_msgs) StdoutLine: {'line': b'-- Up-to-date symlink: /home/giromi/Repos/VTOL/ws_sensor_combined_src/install/px4_msgs/include/px4_msgs/px4_msgs/msg/detail/battery_status__struct.hpp\n'}
[6.960118] (px4_msgs) StdoutLine: {'line': b'-- Up-to-date symlink: /home/giromi/Repos/VTOL/ws_sensor_combined_src/install/px4_msgs/include/px4_msgs/px4_msgs/msg/detail/battery_status__traits.hpp\n'}
[6.960325] (px4_msgs) StdoutLine: {'line': b'-- Up-to-date symlink: /home/giromi/Repos/VTOL/ws_sensor_combined_src/install/px4_msgs/include/px4_msgs/px4_msgs/msg/detail/buffer128__builder.hpp\n'}
[6.960528] (px4_msgs) StdoutLine: {'line': b'-- Up-to-date symlink: /home/giromi/Repos/VTOL/ws_sensor_combined_src/install/px4_msgs/include/px4_msgs/px4_msgs/msg/detail/buffer128__struct.hpp\n'}
[6.960671] (px4_msgs) StdoutLine: {'line': b'-- Up-to-date symlink: /home/giromi/Repos/VTOL/ws_sensor_combined_src/install/px4_msgs/include/px4_msgs/px4_msgs/msg/detail/buffer128__traits.hpp\n'}
[6.960904] (px4_msgs) StdoutLine: {'line': b'-- Up-to-date symlink: /home/giromi/Repos/VTOL/ws_sensor_combined_src/install/px4_msgs/include/px4_msgs/px4_msgs/msg/detail/button_event__builder.hpp\n'}
[6.961045] (px4_msgs) StdoutLine: {'line': b'-- Up-to-date symlink: /home/giromi/Repos/VTOL/ws_sensor_combined_src/install/px4_msgs/include/px4_msgs/px4_msgs/msg/detail/button_event__struct.hpp\n'}
[6.961249] (px4_msgs) StdoutLine: {'line': b'-- Up-to-date symlink: /home/giromi/Repos/VTOL/ws_sensor_combined_src/install/px4_msgs/include/px4_msgs/px4_msgs/msg/detail/button_event__traits.hpp\n'}
[6.961366] (px4_msgs) StdoutLine: {'line': b'-- Up-to-date symlink: /home/giromi/Repos/VTOL/ws_sensor_combined_src/install/px4_msgs/include/px4_msgs/px4_msgs/msg/detail/camera_capture__builder.hpp\n'}
[6.961576] (px4_msgs) StdoutLine: {'line': b'-- Up-to-date symlink: /home/giromi/Repos/VTOL/ws_sensor_combined_src/install/px4_msgs/include/px4_msgs/px4_msgs/msg/detail/camera_capture__struct.hpp\n'}
[6.961798] (px4_msgs) StdoutLine: {'line': b'-- Up-to-date symlink: /home/giromi/Repos/VTOL/ws_sensor_combined_src/install/px4_msgs/include/px4_msgs/px4_msgs/msg/detail/camera_capture__traits.hpp\n'}
[6.962119] (px4_msgs) StdoutLine: {'line': b'-- Up-to-date symlink: /home/giromi/Repos/VTOL/ws_sensor_combined_src/install/px4_msgs/include/px4_msgs/px4_msgs/msg/detail/camera_status__builder.hpp\n'}
[6.962461] (px4_msgs) StdoutLine: {'line': b'-- Up-to-date symlink: /home/giromi/Repos/VTOL/ws_sensor_combined_src/install/px4_msgs/include/px4_msgs/px4_msgs/msg/detail/camera_status__struct.hpp\n'}
[6.962728] (px4_msgs) StdoutLine: {'line': b'-- Up-to-date symlink: /home/giromi/Repos/VTOL/ws_sensor_combined_src/install/px4_msgs/include/px4_msgs/px4_msgs/msg/detail/camera_status__traits.hpp\n'}
[6.962952] (px4_msgs) StdoutLine: {'line': b'-- Up-to-date symlink: /home/giromi/Repos/VTOL/ws_sensor_combined_src/install/px4_msgs/include/px4_msgs/px4_msgs/msg/detail/camera_trigger__builder.hpp\n'}
[6.963150] (px4_msgs) StdoutLine: {'line': b'-- Up-to-date symlink: /home/giromi/Repos/VTOL/ws_sensor_combined_src/install/px4_msgs/include/px4_msgs/px4_msgs/msg/detail/camera_trigger__struct.hpp\n'}
[6.963350] (px4_msgs) StdoutLine: {'line': b'-- Up-to-date symlink: /home/giromi/Repos/VTOL/ws_sensor_combined_src/install/px4_msgs/include/px4_msgs/px4_msgs/msg/detail/camera_trigger__traits.hpp\n'}
[6.963480] (px4_msgs) StdoutLine: {'line': b'-- Up-to-date symlink: /home/giromi/Repos/VTOL/ws_sensor_combined_src/install/px4_msgs/include/px4_msgs/px4_msgs/msg/detail/cellular_status__builder.hpp\n'}
[6.963655] (px4_msgs) StdoutLine: {'line': b'-- Up-to-date symlink: /home/giromi/Repos/VTOL/ws_sensor_combined_src/install/px4_msgs/include/px4_msgs/px4_msgs/msg/detail/cellular_status__struct.hpp\n'}
[6.963859] (px4_msgs) StdoutLine: {'line': b'-- Up-to-date symlink: /home/giromi/Repos/VTOL/ws_sensor_combined_src/install/px4_msgs/include/px4_msgs/px4_msgs/msg/detail/cellular_status__traits.hpp\n'}
[6.964161] (px4_msgs) StdoutLine: {'line': b'-- Up-to-date symlink: /home/giromi/Repos/VTOL/ws_sensor_combined_src/install/px4_msgs/include/px4_msgs/px4_msgs/msg/detail/collision_constraints__builder.hpp\n'}
[6.964401] (px4_msgs) StdoutLine: {'line': b'-- Up-to-date symlink: /home/giromi/Repos/VTOL/ws_sensor_combined_src/install/px4_msgs/include/px4_msgs/px4_msgs/msg/detail/collision_constraints__struct.hpp\n'}
[6.964642] (px4_msgs) StdoutLine: {'line': b'-- Up-to-date symlink: /home/giromi/Repos/VTOL/ws_sensor_combined_src/install/px4_msgs/include/px4_msgs/px4_msgs/msg/detail/collision_constraints__traits.hpp\n'}
[6.964852] (px4_msgs) StdoutLine: {'line': b'-- Up-to-date symlink: /home/giromi/Repos/VTOL/ws_sensor_combined_src/install/px4_msgs/include/px4_msgs/px4_msgs/msg/detail/collision_report__builder.hpp\n'}
[6.964990] (px4_msgs) StdoutLine: {'line': b'-- Up-to-date symlink: /home/giromi/Repos/VTOL/ws_sensor_combined_src/install/px4_msgs/include/px4_msgs/px4_msgs/msg/detail/collision_report__struct.hpp\n'}
[6.965227] (px4_msgs) StdoutLine: {'line': b'-- Up-to-date symlink: /home/giromi/Repos/VTOL/ws_sensor_combined_src/install/px4_msgs/include/px4_msgs/px4_msgs/msg/detail/collision_report__traits.hpp\n'}
[6.965502] (px4_msgs) StdoutLine: {'line': b'-- Up-to-date symlink: /home/giromi/Repos/VTOL/ws_sensor_combined_src/install/px4_msgs/include/px4_msgs/px4_msgs/msg/detail/config_overrides__builder.hpp\n'}
[6.965721] (px4_msgs) StdoutLine: {'line': b'-- Up-to-date symlink: /home/giromi/Repos/VTOL/ws_sensor_combined_src/install/px4_msgs/include/px4_msgs/px4_msgs/msg/detail/config_overrides__struct.hpp\n'}
[6.965916] (px4_msgs) StdoutLine: {'line': b'-- Up-to-date symlink: /home/giromi/Repos/VTOL/ws_sensor_combined_src/install/px4_msgs/include/px4_msgs/px4_msgs/msg/detail/config_overrides__traits.hpp\n'}
[6.966142] (px4_msgs) StdoutLine: {'line': b'-- Up-to-date symlink: /home/giromi/Repos/VTOL/ws_sensor_combined_src/install/px4_msgs/include/px4_msgs/px4_msgs/msg/detail/control_allocator_status__builder.hpp\n'}
[6.966413] (px4_msgs) StdoutLine: {'line': b'-- Up-to-date symlink: /home/giromi/Repos/VTOL/ws_sensor_combined_src/install/px4_msgs/include/px4_msgs/px4_msgs/msg/detail/control_allocator_status__struct.hpp\n'}
[6.966639] (px4_msgs) StdoutLine: {'line': b'-- Up-to-date symlink: /home/giromi/Repos/VTOL/ws_sensor_combined_src/install/px4_msgs/include/px4_msgs/px4_msgs/msg/detail/control_allocator_status__traits.hpp\n'}
[6.966874] (px4_msgs) StdoutLine: {'line': b'-- Up-to-date symlink: /home/giromi/Repos/VTOL/ws_sensor_combined_src/install/px4_msgs/include/px4_msgs/px4_msgs/msg/detail/cpuload__builder.hpp\n'}
[6.967050] (px4_msgs) StdoutLine: {'line': b'-- Up-to-date symlink: /home/giromi/Repos/VTOL/ws_sensor_combined_src/install/px4_msgs/include/px4_msgs/px4_msgs/msg/detail/cpuload__struct.hpp\n'}
[6.967243] (px4_msgs) StdoutLine: {'line': b'-- Up-to-date symlink: /home/giromi/Repos/VTOL/ws_sensor_combined_src/install/px4_msgs/include/px4_msgs/px4_msgs/msg/detail/cpuload__traits.hpp\n'}
[6.967479] (px4_msgs) StdoutLine: {'line': b'-- Up-to-date symlink: /home/giromi/Repos/VTOL/ws_sensor_combined_src/install/px4_msgs/include/px4_msgs/px4_msgs/msg/detail/dataman_request__builder.hpp\n'}
[6.967708] (px4_msgs) StdoutLine: {'line': b'-- Up-to-date symlink: /home/giromi/Repos/VTOL/ws_sensor_combined_src/install/px4_msgs/include/px4_msgs/px4_msgs/msg/detail/dataman_request__struct.hpp\n'}
[6.967931] (px4_msgs) StdoutLine: {'line': b'-- Up-to-date symlink: /home/giromi/Repos/VTOL/ws_sensor_combined_src/install/px4_msgs/include/px4_msgs/px4_msgs/msg/detail/dataman_request__traits.hpp\n'}
[6.968244] (px4_msgs) StdoutLine: {'line': b'-- Up-to-date symlink: /home/giromi/Repos/VTOL/ws_sensor_combined_src/install/px4_msgs/include/px4_msgs/px4_msgs/msg/detail/dataman_response__builder.hpp\n'}
[6.968449] (px4_msgs) StdoutLine: {'line': b'-- Up-to-date symlink: /home/giromi/Repos/VTOL/ws_sensor_combined_src/install/px4_msgs/include/px4_msgs/px4_msgs/msg/detail/dataman_response__struct.hpp\n'}
[6.968627] (px4_msgs) StdoutLine: {'line': b'-- Up-to-date symlink: /home/giromi/Repos/VTOL/ws_sensor_combined_src/install/px4_msgs/include/px4_msgs/px4_msgs/msg/detail/dataman_response__traits.hpp\n'}
[6.968795] (px4_msgs) StdoutLine: {'line': b'-- Up-to-date symlink: /home/giromi/Repos/VTOL/ws_sensor_combined_src/install/px4_msgs/include/px4_msgs/px4_msgs/msg/detail/debug_array__builder.hpp\n'}
[6.968997] (px4_msgs) StdoutLine: {'line': b'-- Up-to-date symlink: /home/giromi/Repos/VTOL/ws_sensor_combined_src/install/px4_msgs/include/px4_msgs/px4_msgs/msg/detail/debug_array__struct.hpp\n'}
[6.969186] (px4_msgs) StdoutLine: {'line': b'-- Up-to-date symlink: /home/giromi/Repos/VTOL/ws_sensor_combined_src/install/px4_msgs/include/px4_msgs/px4_msgs/msg/detail/debug_array__traits.hpp\n'}
[6.969421] (px4_msgs) StdoutLine: {'line': b'-- Up-to-date symlink: /home/giromi/Repos/VTOL/ws_sensor_combined_src/install/px4_msgs/include/px4_msgs/px4_msgs/msg/detail/debug_key_value__builder.hpp\n'}
[6.969612] (px4_msgs) StdoutLine: {'line': b'-- Up-to-date symlink: /home/giromi/Repos/VTOL/ws_sensor_combined_src/install/px4_msgs/include/px4_msgs/px4_msgs/msg/detail/debug_key_value__struct.hpp\n'}
[6.969849] (px4_msgs) StdoutLine: {'line': b'-- Up-to-date symlink: /home/giromi/Repos/VTOL/ws_sensor_combined_src/install/px4_msgs/include/px4_msgs/px4_msgs/msg/detail/debug_key_value__traits.hpp\n'}
[6.970093] (px4_msgs) StdoutLine: {'line': b'-- Up-to-date symlink: /home/giromi/Repos/VTOL/ws_sensor_combined_src/install/px4_msgs/include/px4_msgs/px4_msgs/msg/detail/debug_value__builder.hpp\n'}
[6.970341] (px4_msgs) StdoutLine: {'line': b'-- Up-to-date symlink: /home/giromi/Repos/VTOL/ws_sensor_combined_src/install/px4_msgs/include/px4_msgs/px4_msgs/msg/detail/debug_value__struct.hpp\n'}
[6.970543] (px4_msgs) StdoutLine: {'line': b'-- Up-to-date symlink: /home/giromi/Repos/VTOL/ws_sensor_combined_src/install/px4_msgs/include/px4_msgs/px4_msgs/msg/detail/debug_value__traits.hpp\n'}
[6.970771] (px4_msgs) StdoutLine: {'line': b'-- Up-to-date symlink: /home/giromi/Repos/VTOL/ws_sensor_combined_src/install/px4_msgs/include/px4_msgs/px4_msgs/msg/detail/debug_vect__builder.hpp\n'}
[6.970996] (px4_msgs) StdoutLine: {'line': b'-- Up-to-date symlink: /home/giromi/Repos/VTOL/ws_sensor_combined_src/install/px4_msgs/include/px4_msgs/px4_msgs/msg/detail/debug_vect__struct.hpp\n'}
[6.971246] (px4_msgs) StdoutLine: {'line': b'-- Up-to-date symlink: /home/giromi/Repos/VTOL/ws_sensor_combined_src/install/px4_msgs/include/px4_msgs/px4_msgs/msg/detail/debug_vect__traits.hpp\n'}
[6.971430] (px4_msgs) StdoutLine: {'line': b'-- Up-to-date symlink: /home/giromi/Repos/VTOL/ws_sensor_combined_src/install/px4_msgs/include/px4_msgs/px4_msgs/msg/detail/differential_drive_setpoint__builder.hpp\n'}
[6.971681] (px4_msgs) StdoutLine: {'line': b'-- Up-to-date symlink: /home/giromi/Repos/VTOL/ws_sensor_combined_src/install/px4_msgs/include/px4_msgs/px4_msgs/msg/detail/differential_drive_setpoint__struct.hpp\n'}
[6.971919] (px4_msgs) StdoutLine: {'line': b'-- Up-to-date symlink: /home/giromi/Repos/VTOL/ws_sensor_combined_src/install/px4_msgs/include/px4_msgs/px4_msgs/msg/detail/differential_drive_setpoint__traits.hpp\n'}
[6.972136] (px4_msgs) StdoutLine: {'line': b'-- Up-to-date symlink: /home/giromi/Repos/VTOL/ws_sensor_combined_src/install/px4_msgs/include/px4_msgs/px4_msgs/msg/detail/differential_pressure__builder.hpp\n'}
[6.972327] (px4_msgs) StdoutLine: {'line': b'-- Up-to-date symlink: /home/giromi/Repos/VTOL/ws_sensor_combined_src/install/px4_msgs/include/px4_msgs/px4_msgs/msg/detail/differential_pressure__struct.hpp\n'}
[6.972510] (px4_msgs) StdoutLine: {'line': b'-- Up-to-date symlink: /home/giromi/Repos/VTOL/ws_sensor_combined_src/install/px4_msgs/include/px4_msgs/px4_msgs/msg/detail/differential_pressure__traits.hpp\n'}
[6.972686] (px4_msgs) StdoutLine: {'line': b'-- Up-to-date symlink: /home/giromi/Repos/VTOL/ws_sensor_combined_src/install/px4_msgs/include/px4_msgs/px4_msgs/msg/detail/distance_sensor__builder.hpp\n'}
[6.972866] (px4_msgs) StdoutLine: {'line': b'-- Up-to-date symlink: /home/giromi/Repos/VTOL/ws_sensor_combined_src/install/px4_msgs/include/px4_msgs/px4_msgs/msg/detail/distance_sensor__struct.hpp\n'}
[6.973047] (px4_msgs) StdoutLine: {'line': b'-- Up-to-date symlink: /home/giromi/Repos/VTOL/ws_sensor_combined_src/install/px4_msgs/include/px4_msgs/px4_msgs/msg/detail/distance_sensor__traits.hpp\n'}
[6.973266] (px4_msgs) StdoutLine: {'line': b'-- Up-to-date symlink: /home/giromi/Repos/VTOL/ws_sensor_combined_src/install/px4_msgs/include/px4_msgs/px4_msgs/msg/detail/ekf2_timestamps__builder.hpp\n'}
[6.973528] (px4_msgs) StdoutLine: {'line': b'-- Up-to-date symlink: /home/giromi/Repos/VTOL/ws_sensor_combined_src/install/px4_msgs/include/px4_msgs/px4_msgs/msg/detail/ekf2_timestamps__struct.hpp\n'}
[6.973766] (px4_msgs) StdoutLine: {'line': b'-- Up-to-date symlink: /home/giromi/Repos/VTOL/ws_sensor_combined_src/install/px4_msgs/include/px4_msgs/px4_msgs/msg/detail/ekf2_timestamps__traits.hpp\n'}
[6.974006] (px4_msgs) StdoutLine: {'line': b'-- Up-to-date symlink: /home/giromi/Repos/VTOL/ws_sensor_combined_src/install/px4_msgs/include/px4_msgs/px4_msgs/msg/detail/esc_report__builder.hpp\n'}
[6.974301] (px4_msgs) StdoutLine: {'line': b'-- Up-to-date symlink: /home/giromi/Repos/VTOL/ws_sensor_combined_src/install/px4_msgs/include/px4_msgs/px4_msgs/msg/detail/esc_report__struct.hpp\n'}
[6.974575] (px4_msgs) StdoutLine: {'line': b'-- Up-to-date symlink: /home/giromi/Repos/VTOL/ws_sensor_combined_src/install/px4_msgs/include/px4_msgs/px4_msgs/msg/detail/esc_report__traits.hpp\n'}
[6.974816] (px4_msgs) StdoutLine: {'line': b'-- Up-to-date symlink: /home/giromi/Repos/VTOL/ws_sensor_combined_src/install/px4_msgs/include/px4_msgs/px4_msgs/msg/detail/esc_status__builder.hpp\n'}
[6.975031] (px4_msgs) StdoutLine: {'line': b'-- Up-to-date symlink: /home/giromi/Repos/VTOL/ws_sensor_combined_src/install/px4_msgs/include/px4_msgs/px4_msgs/msg/detail/esc_status__struct.hpp\n'}
[6.975251] (px4_msgs) StdoutLine: {'line': b'-- Up-to-date symlink: /home/giromi/Repos/VTOL/ws_sensor_combined_src/install/px4_msgs/include/px4_msgs/px4_msgs/msg/detail/esc_status__traits.hpp\n'}
[6.975518] (px4_msgs) StdoutLine: {'line': b'-- Up-to-date symlink: /home/giromi/Repos/VTOL/ws_sensor_combined_src/install/px4_msgs/include/px4_msgs/px4_msgs/msg/detail/estimator_aid_source1d__builder.hpp\n'}
[6.975690] (px4_msgs) StdoutLine: {'line': b'-- Up-to-date symlink: /home/giromi/Repos/VTOL/ws_sensor_combined_src/install/px4_msgs/include/px4_msgs/px4_msgs/msg/detail/estimator_aid_source1d__struct.hpp\n'}
[6.975913] (px4_msgs) StdoutLine: {'line': b'-- Up-to-date symlink: /home/giromi/Repos/VTOL/ws_sensor_combined_src/install/px4_msgs/include/px4_msgs/px4_msgs/msg/detail/estimator_aid_source1d__traits.hpp\n'}
[6.976154] (px4_msgs) StdoutLine: {'line': b'-- Up-to-date symlink: /home/giromi/Repos/VTOL/ws_sensor_combined_src/install/px4_msgs/include/px4_msgs/px4_msgs/msg/detail/estimator_aid_source2d__builder.hpp\n'}
[6.976325] (px4_msgs) StdoutLine: {'line': b'-- Up-to-date symlink: /home/giromi/Repos/VTOL/ws_sensor_combined_src/install/px4_msgs/include/px4_msgs/px4_msgs/msg/detail/estimator_aid_source2d__struct.hpp\n'}
[6.976499] (px4_msgs) StdoutLine: {'line': b'-- Up-to-date symlink: /home/giromi/Repos/VTOL/ws_sensor_combined_src/install/px4_msgs/include/px4_msgs/px4_msgs/msg/detail/estimator_aid_source2d__traits.hpp\n'}
[6.976672] (px4_msgs) StdoutLine: {'line': b'-- Up-to-date symlink: /home/giromi/Repos/VTOL/ws_sensor_combined_src/install/px4_msgs/include/px4_msgs/px4_msgs/msg/detail/estimator_aid_source3d__builder.hpp\n'}
[6.976897] (px4_msgs) StdoutLine: {'line': b'-- Up-to-date symlink: /home/giromi/Repos/VTOL/ws_sensor_combined_src/install/px4_msgs/include/px4_msgs/px4_msgs/msg/detail/estimator_aid_source3d__struct.hpp\n'}
[6.977115] (px4_msgs) StdoutLine: {'line': b'-- Up-to-date symlink: /home/giromi/Repos/VTOL/ws_sensor_combined_src/install/px4_msgs/include/px4_msgs/px4_msgs/msg/detail/estimator_aid_source3d__traits.hpp\n'}
[6.977363] (px4_msgs) StdoutLine: {'line': b'-- Up-to-date symlink: /home/giromi/Repos/VTOL/ws_sensor_combined_src/install/px4_msgs/include/px4_msgs/px4_msgs/msg/detail/estimator_bias3d__builder.hpp\n'}
[6.977639] (px4_msgs) StdoutLine: {'line': b'-- Up-to-date symlink: /home/giromi/Repos/VTOL/ws_sensor_combined_src/install/px4_msgs/include/px4_msgs/px4_msgs/msg/detail/estimator_bias3d__struct.hpp\n'}
[6.977827] (px4_msgs) StdoutLine: {'line': b'-- Up-to-date symlink: /home/giromi/Repos/VTOL/ws_sensor_combined_src/install/px4_msgs/include/px4_msgs/px4_msgs/msg/detail/estimator_bias3d__traits.hpp\n'}
[6.978065] (px4_msgs) StdoutLine: {'line': b'-- Up-to-date symlink: /home/giromi/Repos/VTOL/ws_sensor_combined_src/install/px4_msgs/include/px4_msgs/px4_msgs/msg/detail/estimator_bias__builder.hpp\n'}
[6.978305] (px4_msgs) StdoutLine: {'line': b'-- Up-to-date symlink: /home/giromi/Repos/VTOL/ws_sensor_combined_src/install/px4_msgs/include/px4_msgs/px4_msgs/msg/detail/estimator_bias__struct.hpp\n'}
[6.978527] (px4_msgs) StdoutLine: {'line': b'-- Up-to-date symlink: /home/giromi/Repos/VTOL/ws_sensor_combined_src/install/px4_msgs/include/px4_msgs/px4_msgs/msg/detail/estimator_bias__traits.hpp\n'}
[6.978752] (px4_msgs) StdoutLine: {'line': b'-- Up-to-date symlink: /home/giromi/Repos/VTOL/ws_sensor_combined_src/install/px4_msgs/include/px4_msgs/px4_msgs/msg/detail/estimator_event_flags__builder.hpp\n'}
[6.979012] (px4_msgs) StdoutLine: {'line': b'-- Up-to-date symlink: /home/giromi/Repos/VTOL/ws_sensor_combined_src/install/px4_msgs/include/px4_msgs/px4_msgs/msg/detail/estimator_event_flags__struct.hpp\n'}
[6.979201] (px4_msgs) StdoutLine: {'line': b'-- Up-to-date symlink: /home/giromi/Repos/VTOL/ws_sensor_combined_src/install/px4_msgs/include/px4_msgs/px4_msgs/msg/detail/estimator_event_flags__traits.hpp\n'}
[6.979469] (px4_msgs) StdoutLine: {'line': b'-- Up-to-date symlink: /home/giromi/Repos/VTOL/ws_sensor_combined_src/install/px4_msgs/include/px4_msgs/px4_msgs/msg/detail/estimator_gps_status__builder.hpp\n'}
[6.979645] (px4_msgs) StdoutLine: {'line': b'-- Up-to-date symlink: /home/giromi/Repos/VTOL/ws_sensor_combined_src/install/px4_msgs/include/px4_msgs/px4_msgs/msg/detail/estimator_gps_status__struct.hpp\n'}
[6.979821] (px4_msgs) StdoutLine: {'line': b'-- Up-to-date symlink: /home/giromi/Repos/VTOL/ws_sensor_combined_src/install/px4_msgs/include/px4_msgs/px4_msgs/msg/detail/estimator_gps_status__traits.hpp\n'}
[6.980061] (px4_msgs) StdoutLine: {'line': b'-- Up-to-date symlink: /home/giromi/Repos/VTOL/ws_sensor_combined_src/install/px4_msgs/include/px4_msgs/px4_msgs/msg/detail/estimator_innovations__builder.hpp\n'}
[6.980304] (px4_msgs) StdoutLine: {'line': b'-- Up-to-date symlink: /home/giromi/Repos/VTOL/ws_sensor_combined_src/install/px4_msgs/include/px4_msgs/px4_msgs/msg/detail/estimator_innovations__struct.hpp\n'}
[6.980532] (px4_msgs) StdoutLine: {'line': b'-- Up-to-date symlink: /home/giromi/Repos/VTOL/ws_sensor_combined_src/install/px4_msgs/include/px4_msgs/px4_msgs/msg/detail/estimator_innovations__traits.hpp\n'}
[6.980752] (px4_msgs) StdoutLine: {'line': b'-- Up-to-date symlink: /home/giromi/Repos/VTOL/ws_sensor_combined_src/install/px4_msgs/include/px4_msgs/px4_msgs/msg/detail/estimator_selector_status__builder.hpp\n'}
[6.980891] (px4_msgs) StdoutLine: {'line': b'-- Up-to-date symlink: /home/giromi/Repos/VTOL/ws_sensor_combined_src/install/px4_msgs/include/px4_msgs/px4_msgs/msg/detail/estimator_selector_status__struct.hpp\n'}
[6.981104] (px4_msgs) StdoutLine: {'line': b'-- Up-to-date symlink: /home/giromi/Repos/VTOL/ws_sensor_combined_src/install/px4_msgs/include/px4_msgs/px4_msgs/msg/detail/estimator_selector_status__traits.hpp\n'}
[6.981223] (px4_msgs) StdoutLine: {'line': b'-- Up-to-date symlink: /home/giromi/Repos/VTOL/ws_sensor_combined_src/install/px4_msgs/include/px4_msgs/px4_msgs/msg/detail/estimator_sensor_bias__builder.hpp\n'}
[6.981411] (px4_msgs) StdoutLine: {'line': b'-- Up-to-date symlink: /home/giromi/Repos/VTOL/ws_sensor_combined_src/install/px4_msgs/include/px4_msgs/px4_msgs/msg/detail/estimator_sensor_bias__struct.hpp\n'}
[6.981592] (px4_msgs) StdoutLine: {'line': b'-- Up-to-date symlink: /home/giromi/Repos/VTOL/ws_sensor_combined_src/install/px4_msgs/include/px4_msgs/px4_msgs/msg/detail/estimator_sensor_bias__traits.hpp\n'}
[6.981870] (px4_msgs) StdoutLine: {'line': b'-- Up-to-date symlink: /home/giromi/Repos/VTOL/ws_sensor_combined_src/install/px4_msgs/include/px4_msgs/px4_msgs/msg/detail/estimator_states__builder.hpp\n'}
[6.982123] (px4_msgs) StdoutLine: {'line': b'-- Up-to-date symlink: /home/giromi/Repos/VTOL/ws_sensor_combined_src/install/px4_msgs/include/px4_msgs/px4_msgs/msg/detail/estimator_states__struct.hpp\n'}
[6.982372] (px4_msgs) StdoutLine: {'line': b'-- Up-to-date symlink: /home/giromi/Repos/VTOL/ws_sensor_combined_src/install/px4_msgs/include/px4_msgs/px4_msgs/msg/detail/estimator_states__traits.hpp\n'}
[6.982575] (px4_msgs) StdoutLine: {'line': b'-- Up-to-date symlink: /home/giromi/Repos/VTOL/ws_sensor_combined_src/install/px4_msgs/include/px4_msgs/px4_msgs/msg/detail/estimator_status__builder.hpp\n'}
[6.982704] (px4_msgs) StdoutLine: {'line': b'-- Up-to-date symlink: /home/giromi/Repos/VTOL/ws_sensor_combined_src/install/px4_msgs/include/px4_msgs/px4_msgs/msg/detail/estimator_status__struct.hpp\n'}
[6.982845] (px4_msgs) StdoutLine: {'line': b'-- Up-to-date symlink: /home/giromi/Repos/VTOL/ws_sensor_combined_src/install/px4_msgs/include/px4_msgs/px4_msgs/msg/detail/estimator_status__traits.hpp\n'}
[6.983051] (px4_msgs) StdoutLine: {'line': b'-- Up-to-date symlink: /home/giromi/Repos/VTOL/ws_sensor_combined_src/install/px4_msgs/include/px4_msgs/px4_msgs/msg/detail/estimator_status_flags__builder.hpp\n'}
[6.983242] (px4_msgs) StdoutLine: {'line': b'-- Up-to-date symlink: /home/giromi/Repos/VTOL/ws_sensor_combined_src/install/px4_msgs/include/px4_msgs/px4_msgs/msg/detail/estimator_status_flags__struct.hpp\n'}
[6.983395] (px4_msgs) StdoutLine: {'line': b'-- Up-to-date symlink: /home/giromi/Repos/VTOL/ws_sensor_combined_src/install/px4_msgs/include/px4_msgs/px4_msgs/msg/detail/estimator_status_flags__traits.hpp\n'}
[6.983551] (px4_msgs) StdoutLine: {'line': b'-- Up-to-date symlink: /home/giromi/Repos/VTOL/ws_sensor_combined_src/install/px4_msgs/include/px4_msgs/px4_msgs/msg/detail/event__builder.hpp\n'}
[6.983805] (px4_msgs) StdoutLine: {'line': b'-- Up-to-date symlink: /home/giromi/Repos/VTOL/ws_sensor_combined_src/install/px4_msgs/include/px4_msgs/px4_msgs/msg/detail/event__struct.hpp\n'}
[6.983940] (px4_msgs) StdoutLine: {'line': b'-- Up-to-date symlink: /home/giromi/Repos/VTOL/ws_sensor_combined_src/install/px4_msgs/include/px4_msgs/px4_msgs/msg/detail/event__traits.hpp\n'}
[6.984233] (px4_msgs) StdoutLine: {'line': b'-- Up-to-date symlink: /home/giromi/Repos/VTOL/ws_sensor_combined_src/install/px4_msgs/include/px4_msgs/px4_msgs/msg/detail/failsafe_flags__builder.hpp\n'}
[6.984447] (px4_msgs) StdoutLine: {'line': b'-- Up-to-date symlink: /home/giromi/Repos/VTOL/ws_sensor_combined_src/install/px4_msgs/include/px4_msgs/px4_msgs/msg/detail/failsafe_flags__struct.hpp\n'}
[6.984639] (px4_msgs) StdoutLine: {'line': b'-- Up-to-date symlink: /home/giromi/Repos/VTOL/ws_sensor_combined_src/install/px4_msgs/include/px4_msgs/px4_msgs/msg/detail/failsafe_flags__traits.hpp\n'}
[6.984779] (px4_msgs) StdoutLine: {'line': b'-- Up-to-date symlink: /home/giromi/Repos/VTOL/ws_sensor_combined_src/install/px4_msgs/include/px4_msgs/px4_msgs/msg/detail/failure_detector_status__builder.hpp\n'}
[6.984978] (px4_msgs) StdoutLine: {'line': b'-- Up-to-date symlink: /home/giromi/Repos/VTOL/ws_sensor_combined_src/install/px4_msgs/include/px4_msgs/px4_msgs/msg/detail/failure_detector_status__struct.hpp\n'}
[6.985153] (px4_msgs) StdoutLine: {'line': b'-- Up-to-date symlink: /home/giromi/Repos/VTOL/ws_sensor_combined_src/install/px4_msgs/include/px4_msgs/px4_msgs/msg/detail/failure_detector_status__traits.hpp\n'}
[6.985256] (px4_msgs) StdoutLine: {'line': b'-- Up-to-date symlink: /home/giromi/Repos/VTOL/ws_sensor_combined_src/install/px4_msgs/include/px4_msgs/px4_msgs/msg/detail/figure_eight_status__builder.hpp\n'}
[6.985411] (px4_msgs) StdoutLine: {'line': b'-- Up-to-date symlink: /home/giromi/Repos/VTOL/ws_sensor_combined_src/install/px4_msgs/include/px4_msgs/px4_msgs/msg/detail/figure_eight_status__struct.hpp\n'}
[6.985582] (px4_msgs) StdoutLine: {'line': b'-- Up-to-date symlink: /home/giromi/Repos/VTOL/ws_sensor_combined_src/install/px4_msgs/include/px4_msgs/px4_msgs/msg/detail/figure_eight_status__traits.hpp\n'}
[6.985779] (px4_msgs) StdoutLine: {'line': b'-- Up-to-date symlink: /home/giromi/Repos/VTOL/ws_sensor_combined_src/install/px4_msgs/include/px4_msgs/px4_msgs/msg/detail/follow_target__builder.hpp\n'}
[6.985943] (px4_msgs) StdoutLine: {'line': b'-- Up-to-date symlink: /home/giromi/Repos/VTOL/ws_sensor_combined_src/install/px4_msgs/include/px4_msgs/px4_msgs/msg/detail/follow_target__struct.hpp\n'}
[6.986105] (px4_msgs) StdoutLine: {'line': b'-- Up-to-date symlink: /home/giromi/Repos/VTOL/ws_sensor_combined_src/install/px4_msgs/include/px4_msgs/px4_msgs/msg/detail/follow_target__traits.hpp\n'}
[6.986271] (px4_msgs) StdoutLine: {'line': b'-- Up-to-date symlink: /home/giromi/Repos/VTOL/ws_sensor_combined_src/install/px4_msgs/include/px4_msgs/px4_msgs/msg/detail/follow_target_estimator__builder.hpp\n'}
[6.986433] (px4_msgs) StdoutLine: {'line': b'-- Up-to-date symlink: /home/giromi/Repos/VTOL/ws_sensor_combined_src/install/px4_msgs/include/px4_msgs/px4_msgs/msg/detail/follow_target_estimator__struct.hpp\n'}
[6.986598] (px4_msgs) StdoutLine: {'line': b'-- Up-to-date symlink: /home/giromi/Repos/VTOL/ws_sensor_combined_src/install/px4_msgs/include/px4_msgs/px4_msgs/msg/detail/follow_target_estimator__traits.hpp\n'}
[6.986749] (px4_msgs) StdoutLine: {'line': b'-- Up-to-date symlink: /home/giromi/Repos/VTOL/ws_sensor_combined_src/install/px4_msgs/include/px4_msgs/px4_msgs/msg/detail/follow_target_status__builder.hpp\n'}
[6.986884] (px4_msgs) StdoutLine: {'line': b'-- Up-to-date symlink: /home/giromi/Repos/VTOL/ws_sensor_combined_src/install/px4_msgs/include/px4_msgs/px4_msgs/msg/detail/follow_target_status__struct.hpp\n'}
[6.987074] (px4_msgs) StdoutLine: {'line': b'-- Up-to-date symlink: /home/giromi/Repos/VTOL/ws_sensor_combined_src/install/px4_msgs/include/px4_msgs/px4_msgs/msg/detail/follow_target_status__traits.hpp\n'}
[6.987227] (px4_msgs) StdoutLine: {'line': b'-- Up-to-date symlink: /home/giromi/Repos/VTOL/ws_sensor_combined_src/install/px4_msgs/include/px4_msgs/px4_msgs/msg/detail/generator_status__builder.hpp\n'}
[6.987395] (px4_msgs) StdoutLine: {'line': b'-- Up-to-date symlink: /home/giromi/Repos/VTOL/ws_sensor_combined_src/install/px4_msgs/include/px4_msgs/px4_msgs/msg/detail/generator_status__struct.hpp\n'}
[6.987557] (px4_msgs) StdoutLine: {'line': b'-- Up-to-date symlink: /home/giromi/Repos/VTOL/ws_sensor_combined_src/install/px4_msgs/include/px4_msgs/px4_msgs/msg/detail/generator_status__traits.hpp\n'}
[6.987741] (px4_msgs) StdoutLine: {'line': b'-- Up-to-date symlink: /home/giromi/Repos/VTOL/ws_sensor_combined_src/install/px4_msgs/include/px4_msgs/px4_msgs/msg/detail/geofence_result__builder.hpp\n'}
[6.987907] (px4_msgs) StdoutLine: {'line': b'-- Up-to-date symlink: /home/giromi/Repos/VTOL/ws_sensor_combined_src/install/px4_msgs/include/px4_msgs/px4_msgs/msg/detail/geofence_result__struct.hpp\n'}
[6.988114] (px4_msgs) StdoutLine: {'line': b'-- Up-to-date symlink: /home/giromi/Repos/VTOL/ws_sensor_combined_src/install/px4_msgs/include/px4_msgs/px4_msgs/msg/detail/geofence_result__traits.hpp\n'}
[6.988252] (px4_msgs) StdoutLine: {'line': b'-- Up-to-date symlink: /home/giromi/Repos/VTOL/ws_sensor_combined_src/install/px4_msgs/include/px4_msgs/px4_msgs/msg/detail/gimbal_controls__builder.hpp\n'}
[6.988401] (px4_msgs) StdoutLine: {'line': b'-- Up-to-date symlink: /home/giromi/Repos/VTOL/ws_sensor_combined_src/install/px4_msgs/include/px4_msgs/px4_msgs/msg/detail/gimbal_controls__struct.hpp\n'}
[6.988595] (px4_msgs) StdoutLine: {'line': b'-- Up-to-date symlink: /home/giromi/Repos/VTOL/ws_sensor_combined_src/install/px4_msgs/include/px4_msgs/px4_msgs/msg/detail/gimbal_controls__traits.hpp\n'}
[6.988766] (px4_msgs) StdoutLine: {'line': b'-- Up-to-date symlink: /home/giromi/Repos/VTOL/ws_sensor_combined_src/install/px4_msgs/include/px4_msgs/px4_msgs/msg/detail/gimbal_device_attitude_status__builder.hpp\n'}
[6.988978] (px4_msgs) StdoutLine: {'line': b'-- Up-to-date symlink: /home/giromi/Repos/VTOL/ws_sensor_combined_src/install/px4_msgs/include/px4_msgs/px4_msgs/msg/detail/gimbal_device_attitude_status__struct.hpp\n'}
[6.989189] (px4_msgs) StdoutLine: {'line': b'-- Up-to-date symlink: /home/giromi/Repos/VTOL/ws_sensor_combined_src/install/px4_msgs/include/px4_msgs/px4_msgs/msg/detail/gimbal_device_attitude_status__traits.hpp\n'}
[6.989404] (px4_msgs) StdoutLine: {'line': b'-- Up-to-date symlink: /home/giromi/Repos/VTOL/ws_sensor_combined_src/install/px4_msgs/include/px4_msgs/px4_msgs/msg/detail/gimbal_device_information__builder.hpp\n'}
[6.989619] (px4_msgs) StdoutLine: {'line': b'-- Up-to-date symlink: /home/giromi/Repos/VTOL/ws_sensor_combined_src/install/px4_msgs/include/px4_msgs/px4_msgs/msg/detail/gimbal_device_information__struct.hpp\n'}
[6.989838] (px4_msgs) StdoutLine: {'line': b'-- Up-to-date symlink: /home/giromi/Repos/VTOL/ws_sensor_combined_src/install/px4_msgs/include/px4_msgs/px4_msgs/msg/detail/gimbal_device_information__traits.hpp\n'}
[6.990083] (px4_msgs) StdoutLine: {'line': b'-- Up-to-date symlink: /home/giromi/Repos/VTOL/ws_sensor_combined_src/install/px4_msgs/include/px4_msgs/px4_msgs/msg/detail/gimbal_device_set_attitude__builder.hpp\n'}
[6.990297] (px4_msgs) StdoutLine: {'line': b'-- Up-to-date symlink: /home/giromi/Repos/VTOL/ws_sensor_combined_src/install/px4_msgs/include/px4_msgs/px4_msgs/msg/detail/gimbal_device_set_attitude__struct.hpp\n'}
[6.990463] (px4_msgs) StdoutLine: {'line': b'-- Up-to-date symlink: /home/giromi/Repos/VTOL/ws_sensor_combined_src/install/px4_msgs/include/px4_msgs/px4_msgs/msg/detail/gimbal_device_set_attitude__traits.hpp\n'}
[6.990632] (px4_msgs) StdoutLine: {'line': b'-- Up-to-date symlink: /home/giromi/Repos/VTOL/ws_sensor_combined_src/install/px4_msgs/include/px4_msgs/px4_msgs/msg/detail/gimbal_manager_information__builder.hpp\n'}
[6.990811] (px4_msgs) StdoutLine: {'line': b'-- Up-to-date symlink: /home/giromi/Repos/VTOL/ws_sensor_combined_src/install/px4_msgs/include/px4_msgs/px4_msgs/msg/detail/gimbal_manager_information__struct.hpp\n'}
[6.990977] (px4_msgs) StdoutLine: {'line': b'-- Up-to-date symlink: /home/giromi/Repos/VTOL/ws_sensor_combined_src/install/px4_msgs/include/px4_msgs/px4_msgs/msg/detail/gimbal_manager_information__traits.hpp\n'}
[6.991182] (px4_msgs) StdoutLine: {'line': b'-- Up-to-date symlink: /home/giromi/Repos/VTOL/ws_sensor_combined_src/install/px4_msgs/include/px4_msgs/px4_msgs/msg/detail/gimbal_manager_set_attitude__builder.hpp\n'}
[6.991359] (px4_msgs) StdoutLine: {'line': b'-- Up-to-date symlink: /home/giromi/Repos/VTOL/ws_sensor_combined_src/install/px4_msgs/include/px4_msgs/px4_msgs/msg/detail/gimbal_manager_set_attitude__struct.hpp\n'}
[6.991583] (px4_msgs) StdoutLine: {'line': b'-- Up-to-date symlink: /home/giromi/Repos/VTOL/ws_sensor_combined_src/install/px4_msgs/include/px4_msgs/px4_msgs/msg/detail/gimbal_manager_set_attitude__traits.hpp\n'}
[6.991945] (px4_msgs) StdoutLine: {'line': b'-- Up-to-date symlink: /home/giromi/Repos/VTOL/ws_sensor_combined_src/install/px4_msgs/include/px4_msgs/px4_msgs/msg/detail/gimbal_manager_set_manual_control__builder.hpp\n'}
[6.992327] (px4_msgs) StdoutLine: {'line': b'-- Up-to-date symlink: /home/giromi/Repos/VTOL/ws_sensor_combined_src/install/px4_msgs/include/px4_msgs/px4_msgs/msg/detail/gimbal_manager_set_manual_control__struct.hpp\n'}
[6.992571] (px4_msgs) StdoutLine: {'line': b'-- Up-to-date symlink: /home/giromi/Repos/VTOL/ws_sensor_combined_src/install/px4_msgs/include/px4_msgs/px4_msgs/msg/detail/gimbal_manager_set_manual_control__traits.hpp\n'}
[6.992852] (px4_msgs) StdoutLine: {'line': b'-- Up-to-date symlink: /home/giromi/Repos/VTOL/ws_sensor_combined_src/install/px4_msgs/include/px4_msgs/px4_msgs/msg/detail/gimbal_manager_status__builder.hpp\n'}
[6.993098] (px4_msgs) StdoutLine: {'line': b'-- Up-to-date symlink: /home/giromi/Repos/VTOL/ws_sensor_combined_src/install/px4_msgs/include/px4_msgs/px4_msgs/msg/detail/gimbal_manager_status__struct.hpp\n'}
[6.993244] (px4_msgs) StdoutLine: {'line': b'-- Up-to-date symlink: /home/giromi/Repos/VTOL/ws_sensor_combined_src/install/px4_msgs/include/px4_msgs/px4_msgs/msg/detail/gimbal_manager_status__traits.hpp\n'}
[6.993360] (px4_msgs) StdoutLine: {'line': b'-- Up-to-date symlink: /home/giromi/Repos/VTOL/ws_sensor_combined_src/install/px4_msgs/include/px4_msgs/px4_msgs/msg/detail/goto_setpoint__builder.hpp\n'}
[6.993527] (px4_msgs) StdoutLine: {'line': b'-- Up-to-date symlink: /home/giromi/Repos/VTOL/ws_sensor_combined_src/install/px4_msgs/include/px4_msgs/px4_msgs/msg/detail/goto_setpoint__struct.hpp\n'}
[6.993694] (px4_msgs) StdoutLine: {'line': b'-- Up-to-date symlink: /home/giromi/Repos/VTOL/ws_sensor_combined_src/install/px4_msgs/include/px4_msgs/px4_msgs/msg/detail/goto_setpoint__traits.hpp\n'}
[6.993846] (px4_msgs) StdoutLine: {'line': b'-- Up-to-date symlink: /home/giromi/Repos/VTOL/ws_sensor_combined_src/install/px4_msgs/include/px4_msgs/px4_msgs/msg/detail/gpio_config__builder.hpp\n'}
[6.993995] (px4_msgs) StdoutLine: {'line': b'-- Up-to-date symlink: /home/giromi/Repos/VTOL/ws_sensor_combined_src/install/px4_msgs/include/px4_msgs/px4_msgs/msg/detail/gpio_config__struct.hpp\n'}
[6.994139] (px4_msgs) StdoutLine: {'line': b'-- Up-to-date symlink: /home/giromi/Repos/VTOL/ws_sensor_combined_src/install/px4_msgs/include/px4_msgs/px4_msgs/msg/detail/gpio_config__traits.hpp\n'}
[6.994284] (px4_msgs) StdoutLine: {'line': b'-- Up-to-date symlink: /home/giromi/Repos/VTOL/ws_sensor_combined_src/install/px4_msgs/include/px4_msgs/px4_msgs/msg/detail/gpio_in__builder.hpp\n'}
[6.994555] (px4_msgs) StdoutLine: {'line': b'-- Up-to-date symlink: /home/giromi/Repos/VTOL/ws_sensor_combined_src/install/px4_msgs/include/px4_msgs/px4_msgs/msg/detail/gpio_in__struct.hpp\n'}
[6.994829] (px4_msgs) StdoutLine: {'line': b'-- Up-to-date symlink: /home/giromi/Repos/VTOL/ws_sensor_combined_src/install/px4_msgs/include/px4_msgs/px4_msgs/msg/detail/gpio_in__traits.hpp\n'}
[6.995135] (px4_msgs) StdoutLine: {'line': b'-- Up-to-date symlink: /home/giromi/Repos/VTOL/ws_sensor_combined_src/install/px4_msgs/include/px4_msgs/px4_msgs/msg/detail/gpio_out__builder.hpp\n'}
[6.995542] (px4_msgs) StdoutLine: {'line': b'-- Up-to-date symlink: /home/giromi/Repos/VTOL/ws_sensor_combined_src/install/px4_msgs/include/px4_msgs/px4_msgs/msg/detail/gpio_out__struct.hpp\n'}
[6.995894] (px4_msgs) StdoutLine: {'line': b'-- Up-to-date symlink: /home/giromi/Repos/VTOL/ws_sensor_combined_src/install/px4_msgs/include/px4_msgs/px4_msgs/msg/detail/gpio_out__traits.hpp\n'}
[6.996139] (px4_msgs) StdoutLine: {'line': b'-- Up-to-date symlink: /home/giromi/Repos/VTOL/ws_sensor_combined_src/install/px4_msgs/include/px4_msgs/px4_msgs/msg/detail/gpio_request__builder.hpp\n'}
[6.996361] (px4_msgs) StdoutLine: {'line': b'-- Up-to-date symlink: /home/giromi/Repos/VTOL/ws_sensor_combined_src/install/px4_msgs/include/px4_msgs/px4_msgs/msg/detail/gpio_request__struct.hpp\n'}
[6.996568] (px4_msgs) StdoutLine: {'line': b'-- Up-to-date symlink: /home/giromi/Repos/VTOL/ws_sensor_combined_src/install/px4_msgs/include/px4_msgs/px4_msgs/msg/detail/gpio_request__traits.hpp\n'}
[6.996795] (px4_msgs) StdoutLine: {'line': b'-- Up-to-date symlink: /home/giromi/Repos/VTOL/ws_sensor_combined_src/install/px4_msgs/include/px4_msgs/px4_msgs/msg/detail/gps_dump__builder.hpp\n'}
[6.996971] (px4_msgs) StdoutLine: {'line': b'-- Up-to-date symlink: /home/giromi/Repos/VTOL/ws_sensor_combined_src/install/px4_msgs/include/px4_msgs/px4_msgs/msg/detail/gps_dump__struct.hpp\n'}
[6.997137] (px4_msgs) StdoutLine: {'line': b'-- Up-to-date symlink: /home/giromi/Repos/VTOL/ws_sensor_combined_src/install/px4_msgs/include/px4_msgs/px4_msgs/msg/detail/gps_dump__traits.hpp\n'}
[6.997370] (px4_msgs) StdoutLine: {'line': b'-- Up-to-date symlink: /home/giromi/Repos/VTOL/ws_sensor_combined_src/install/px4_msgs/include/px4_msgs/px4_msgs/msg/detail/gps_inject_data__builder.hpp\n'}
[6.997647] (px4_msgs) StdoutLine: {'line': b'-- Up-to-date symlink: /home/giromi/Repos/VTOL/ws_sensor_combined_src/install/px4_msgs/include/px4_msgs/px4_msgs/msg/detail/gps_inject_data__struct.hpp\n'}
[6.997877] (px4_msgs) StdoutLine: {'line': b'-- Up-to-date symlink: /home/giromi/Repos/VTOL/ws_sensor_combined_src/install/px4_msgs/include/px4_msgs/px4_msgs/msg/detail/gps_inject_data__traits.hpp\n'}
[6.998051] (px4_msgs) StdoutLine: {'line': b'-- Up-to-date symlink: /home/giromi/Repos/VTOL/ws_sensor_combined_src/install/px4_msgs/include/px4_msgs/px4_msgs/msg/detail/gripper__builder.hpp\n'}
[6.998270] (px4_msgs) StdoutLine: {'line': b'-- Up-to-date symlink: /home/giromi/Repos/VTOL/ws_sensor_combined_src/install/px4_msgs/include/px4_msgs/px4_msgs/msg/detail/gripper__struct.hpp\n'}
[6.998479] (px4_msgs) StdoutLine: {'line': b'-- Up-to-date symlink: /home/giromi/Repos/VTOL/ws_sensor_combined_src/install/px4_msgs/include/px4_msgs/px4_msgs/msg/detail/gripper__traits.hpp\n'}
[6.998617] (px4_msgs) StdoutLine: {'line': b'-- Up-to-date symlink: /home/giromi/Repos/VTOL/ws_sensor_combined_src/install/px4_msgs/include/px4_msgs/px4_msgs/msg/detail/health_report__builder.hpp\n'}
[6.998754] (px4_msgs) StdoutLine: {'line': b'-- Up-to-date symlink: /home/giromi/Repos/VTOL/ws_sensor_combined_src/install/px4_msgs/include/px4_msgs/px4_msgs/msg/detail/health_report__struct.hpp\n'}
[6.998892] (px4_msgs) StdoutLine: {'line': b'-- Up-to-date symlink: /home/giromi/Repos/VTOL/ws_sensor_combined_src/install/px4_msgs/include/px4_msgs/px4_msgs/msg/detail/health_report__traits.hpp\n'}
[6.999032] (px4_msgs) StdoutLine: {'line': b'-- Up-to-date symlink: /home/giromi/Repos/VTOL/ws_sensor_combined_src/install/px4_msgs/include/px4_msgs/px4_msgs/msg/detail/heater_status__builder.hpp\n'}
[6.999201] (px4_msgs) StdoutLine: {'line': b'-- Up-to-date symlink: /home/giromi/Repos/VTOL/ws_sensor_combined_src/install/px4_msgs/include/px4_msgs/px4_msgs/msg/detail/heater_status__struct.hpp\n'}
[6.999341] (px4_msgs) StdoutLine: {'line': b'-- Up-to-date symlink: /home/giromi/Repos/VTOL/ws_sensor_combined_src/install/px4_msgs/include/px4_msgs/px4_msgs/msg/detail/heater_status__traits.hpp\n'}
[6.999483] (px4_msgs) StdoutLine: {'line': b'-- Up-to-date symlink: /home/giromi/Repos/VTOL/ws_sensor_combined_src/install/px4_msgs/include/px4_msgs/px4_msgs/msg/detail/home_position__builder.hpp\n'}
[6.999618] (px4_msgs) StdoutLine: {'line': b'-- Up-to-date symlink: /home/giromi/Repos/VTOL/ws_sensor_combined_src/install/px4_msgs/include/px4_msgs/px4_msgs/msg/detail/home_position__struct.hpp\n'}
[6.999745] (px4_msgs) StdoutLine: {'line': b'-- Up-to-date symlink: /home/giromi/Repos/VTOL/ws_sensor_combined_src/install/px4_msgs/include/px4_msgs/px4_msgs/msg/detail/home_position__traits.hpp\n'}
[6.999885] (px4_msgs) StdoutLine: {'line': b'-- Up-to-date symlink: /home/giromi/Repos/VTOL/ws_sensor_combined_src/install/px4_msgs/include/px4_msgs/px4_msgs/msg/detail/hover_thrust_estimate__builder.hpp\n'}
[7.000120] (px4_msgs) StdoutLine: {'line': b'-- Up-to-date symlink: /home/giromi/Repos/VTOL/ws_sensor_combined_src/install/px4_msgs/include/px4_msgs/px4_msgs/msg/detail/hover_thrust_estimate__struct.hpp\n'}
[7.000284] (px4_msgs) StdoutLine: {'line': b'-- Up-to-date symlink: /home/giromi/Repos/VTOL/ws_sensor_combined_src/install/px4_msgs/include/px4_msgs/px4_msgs/msg/detail/hover_thrust_estimate__traits.hpp\n'}
[7.000470] (px4_msgs) StdoutLine: {'line': b'-- Up-to-date symlink: /home/giromi/Repos/VTOL/ws_sensor_combined_src/install/px4_msgs/include/px4_msgs/px4_msgs/msg/detail/input_rc__builder.hpp\n'}
[7.000611] (px4_msgs) StdoutLine: {'line': b'-- Up-to-date symlink: /home/giromi/Repos/VTOL/ws_sensor_combined_src/install/px4_msgs/include/px4_msgs/px4_msgs/msg/detail/input_rc__struct.hpp\n'}
[7.000744] (px4_msgs) StdoutLine: {'line': b'-- Up-to-date symlink: /home/giromi/Repos/VTOL/ws_sensor_combined_src/install/px4_msgs/include/px4_msgs/px4_msgs/msg/detail/input_rc__traits.hpp\n'}
[7.000885] (px4_msgs) StdoutLine: {'line': b'-- Up-to-date symlink: /home/giromi/Repos/VTOL/ws_sensor_combined_src/install/px4_msgs/include/px4_msgs/px4_msgs/msg/detail/internal_combustion_engine_status__builder.hpp\n'}
[7.001023] (px4_msgs) StdoutLine: {'line': b'-- Up-to-date symlink: /home/giromi/Repos/VTOL/ws_sensor_combined_src/install/px4_msgs/include/px4_msgs/px4_msgs/msg/detail/internal_combustion_engine_status__struct.hpp\n'}
[7.001158] (px4_msgs) StdoutLine: {'line': b'-- Up-to-date symlink: /home/giromi/Repos/VTOL/ws_sensor_combined_src/install/px4_msgs/include/px4_msgs/px4_msgs/msg/detail/internal_combustion_engine_status__traits.hpp\n'}
[7.001300] (px4_msgs) StdoutLine: {'line': b'-- Up-to-date symlink: /home/giromi/Repos/VTOL/ws_sensor_combined_src/install/px4_msgs/include/px4_msgs/px4_msgs/msg/detail/iridiumsbd_status__builder.hpp\n'}
[7.001447] (px4_msgs) StdoutLine: {'line': b'-- Up-to-date symlink: /home/giromi/Repos/VTOL/ws_sensor_combined_src/install/px4_msgs/include/px4_msgs/px4_msgs/msg/detail/iridiumsbd_status__struct.hpp\n'}
[7.001624] (px4_msgs) StdoutLine: {'line': b'-- Up-to-date symlink: /home/giromi/Repos/VTOL/ws_sensor_combined_src/install/px4_msgs/include/px4_msgs/px4_msgs/msg/detail/iridiumsbd_status__traits.hpp\n'}
[7.001779] (px4_msgs) StdoutLine: {'line': b'-- Up-to-date symlink: /home/giromi/Repos/VTOL/ws_sensor_combined_src/install/px4_msgs/include/px4_msgs/px4_msgs/msg/detail/irlock_report__builder.hpp\n'}
[7.001916] (px4_msgs) StdoutLine: {'line': b'-- Up-to-date symlink: /home/giromi/Repos/VTOL/ws_sensor_combined_src/install/px4_msgs/include/px4_msgs/px4_msgs/msg/detail/irlock_report__struct.hpp\n'}
[7.002048] (px4_msgs) StdoutLine: {'line': b'-- Up-to-date symlink: /home/giromi/Repos/VTOL/ws_sensor_combined_src/install/px4_msgs/include/px4_msgs/px4_msgs/msg/detail/irlock_report__traits.hpp\n'}
[7.002176] (px4_msgs) StdoutLine: {'line': b'-- Up-to-date symlink: /home/giromi/Repos/VTOL/ws_sensor_combined_src/install/px4_msgs/include/px4_msgs/px4_msgs/msg/detail/landing_gear__builder.hpp\n'}
[7.002315] (px4_msgs) StdoutLine: {'line': b'-- Up-to-date symlink: /home/giromi/Repos/VTOL/ws_sensor_combined_src/install/px4_msgs/include/px4_msgs/px4_msgs/msg/detail/landing_gear__struct.hpp\n'}
[7.002456] (px4_msgs) StdoutLine: {'line': b'-- Up-to-date symlink: /home/giromi/Repos/VTOL/ws_sensor_combined_src/install/px4_msgs/include/px4_msgs/px4_msgs/msg/detail/landing_gear__traits.hpp\n'}
[7.002600] (px4_msgs) StdoutLine: {'line': b'-- Up-to-date symlink: /home/giromi/Repos/VTOL/ws_sensor_combined_src/install/px4_msgs/include/px4_msgs/px4_msgs/msg/detail/landing_gear_wheel__builder.hpp\n'}
[7.002808] (px4_msgs) StdoutLine: {'line': b'-- Up-to-date symlink: /home/giromi/Repos/VTOL/ws_sensor_combined_src/install/px4_msgs/include/px4_msgs/px4_msgs/msg/detail/landing_gear_wheel__struct.hpp\n'}
[7.002955] (px4_msgs) StdoutLine: {'line': b'-- Up-to-date symlink: /home/giromi/Repos/VTOL/ws_sensor_combined_src/install/px4_msgs/include/px4_msgs/px4_msgs/msg/detail/landing_gear_wheel__traits.hpp\n'}
[7.003107] (px4_msgs) StdoutLine: {'line': b'-- Up-to-date symlink: /home/giromi/Repos/VTOL/ws_sensor_combined_src/install/px4_msgs/include/px4_msgs/px4_msgs/msg/detail/landing_target_innovations__builder.hpp\n'}
[7.003251] (px4_msgs) StdoutLine: {'line': b'-- Up-to-date symlink: /home/giromi/Repos/VTOL/ws_sensor_combined_src/install/px4_msgs/include/px4_msgs/px4_msgs/msg/detail/landing_target_innovations__struct.hpp\n'}
[7.003414] (px4_msgs) StdoutLine: {'line': b'-- Up-to-date symlink: /home/giromi/Repos/VTOL/ws_sensor_combined_src/install/px4_msgs/include/px4_msgs/px4_msgs/msg/detail/landing_target_innovations__traits.hpp\n'}
[7.003551] (px4_msgs) StdoutLine: {'line': b'-- Up-to-date symlink: /home/giromi/Repos/VTOL/ws_sensor_combined_src/install/px4_msgs/include/px4_msgs/px4_msgs/msg/detail/landing_target_pose__builder.hpp\n'}
[7.003685] (px4_msgs) StdoutLine: {'line': b'-- Up-to-date symlink: /home/giromi/Repos/VTOL/ws_sensor_combined_src/install/px4_msgs/include/px4_msgs/px4_msgs/msg/detail/landing_target_pose__struct.hpp\n'}
[7.003813] (px4_msgs) StdoutLine: {'line': b'-- Up-to-date symlink: /home/giromi/Repos/VTOL/ws_sensor_combined_src/install/px4_msgs/include/px4_msgs/px4_msgs/msg/detail/landing_target_pose__traits.hpp\n'}
[7.003976] (px4_msgs) StdoutLine: {'line': b'-- Up-to-date symlink: /home/giromi/Repos/VTOL/ws_sensor_combined_src/install/px4_msgs/include/px4_msgs/px4_msgs/msg/detail/launch_detection_status__builder.hpp\n'}
[7.004181] (px4_msgs) StdoutLine: {'line': b'-- Up-to-date symlink: /home/giromi/Repos/VTOL/ws_sensor_combined_src/install/px4_msgs/include/px4_msgs/px4_msgs/msg/detail/launch_detection_status__struct.hpp\n'}
[7.004326] (px4_msgs) StdoutLine: {'line': b'-- Up-to-date symlink: /home/giromi/Repos/VTOL/ws_sensor_combined_src/install/px4_msgs/include/px4_msgs/px4_msgs/msg/detail/launch_detection_status__traits.hpp\n'}
[7.004462] (px4_msgs) StdoutLine: {'line': b'-- Up-to-date symlink: /home/giromi/Repos/VTOL/ws_sensor_combined_src/install/px4_msgs/include/px4_msgs/px4_msgs/msg/detail/led_control__builder.hpp\n'}
[7.004599] (px4_msgs) StdoutLine: {'line': b'-- Up-to-date symlink: /home/giromi/Repos/VTOL/ws_sensor_combined_src/install/px4_msgs/include/px4_msgs/px4_msgs/msg/detail/led_control__struct.hpp\n'}
[7.004731] (px4_msgs) StdoutLine: {'line': b'-- Up-to-date symlink: /home/giromi/Repos/VTOL/ws_sensor_combined_src/install/px4_msgs/include/px4_msgs/px4_msgs/msg/detail/led_control__traits.hpp\n'}
[7.004884] (px4_msgs) StdoutLine: {'line': b'-- Up-to-date symlink: /home/giromi/Repos/VTOL/ws_sensor_combined_src/install/px4_msgs/include/px4_msgs/px4_msgs/msg/detail/log_message__builder.hpp\n'}
[7.005021] (px4_msgs) StdoutLine: {'line': b'-- Up-to-date symlink: /home/giromi/Repos/VTOL/ws_sensor_combined_src/install/px4_msgs/include/px4_msgs/px4_msgs/msg/detail/log_message__struct.hpp\n'}
[7.005163] (px4_msgs) StdoutLine: {'line': b'-- Up-to-date symlink: /home/giromi/Repos/VTOL/ws_sensor_combined_src/install/px4_msgs/include/px4_msgs/px4_msgs/msg/detail/log_message__traits.hpp\n'}
[7.005294] (px4_msgs) StdoutLine: {'line': b'-- Up-to-date symlink: /home/giromi/Repos/VTOL/ws_sensor_combined_src/install/px4_msgs/include/px4_msgs/px4_msgs/msg/detail/logger_status__builder.hpp\n'}
[7.005421] (px4_msgs) StdoutLine: {'line': b'-- Up-to-date symlink: /home/giromi/Repos/VTOL/ws_sensor_combined_src/install/px4_msgs/include/px4_msgs/px4_msgs/msg/detail/logger_status__struct.hpp\n'}
[7.005559] (px4_msgs) StdoutLine: {'line': b'-- Up-to-date symlink: /home/giromi/Repos/VTOL/ws_sensor_combined_src/install/px4_msgs/include/px4_msgs/px4_msgs/msg/detail/logger_status__traits.hpp\n'}
[7.005701] (px4_msgs) StdoutLine: {'line': b'-- Up-to-date symlink: /home/giromi/Repos/VTOL/ws_sensor_combined_src/install/px4_msgs/include/px4_msgs/px4_msgs/msg/detail/mag_worker_data__builder.hpp\n'}
[7.005846] (px4_msgs) StdoutLine: {'line': b'-- Up-to-date symlink: /home/giromi/Repos/VTOL/ws_sensor_combined_src/install/px4_msgs/include/px4_msgs/px4_msgs/msg/detail/mag_worker_data__struct.hpp\n'}
[7.005985] (px4_msgs) StdoutLine: {'line': b'-- Up-to-date symlink: /home/giromi/Repos/VTOL/ws_sensor_combined_src/install/px4_msgs/include/px4_msgs/px4_msgs/msg/detail/mag_worker_data__traits.hpp\n'}
[7.006127] (px4_msgs) StdoutLine: {'line': b'-- Up-to-date symlink: /home/giromi/Repos/VTOL/ws_sensor_combined_src/install/px4_msgs/include/px4_msgs/px4_msgs/msg/detail/magnetometer_bias_estimate__builder.hpp\n'}
[7.006268] (px4_msgs) StdoutLine: {'line': b'-- Up-to-date symlink: /home/giromi/Repos/VTOL/ws_sensor_combined_src/install/px4_msgs/include/px4_msgs/px4_msgs/msg/detail/magnetometer_bias_estimate__struct.hpp\n'}
[7.006404] (px4_msgs) StdoutLine: {'line': b'-- Up-to-date symlink: /home/giromi/Repos/VTOL/ws_sensor_combined_src/install/px4_msgs/include/px4_msgs/px4_msgs/msg/detail/magnetometer_bias_estimate__traits.hpp\n'}
[7.006544] (px4_msgs) StdoutLine: {'line': b'-- Up-to-date symlink: /home/giromi/Repos/VTOL/ws_sensor_combined_src/install/px4_msgs/include/px4_msgs/px4_msgs/msg/detail/manual_control_setpoint__builder.hpp\n'}
[7.006705] (px4_msgs) StdoutLine: {'line': b'-- Up-to-date symlink: /home/giromi/Repos/VTOL/ws_sensor_combined_src/install/px4_msgs/include/px4_msgs/px4_msgs/msg/detail/manual_control_setpoint__struct.hpp\n'}
[7.006860] (px4_msgs) StdoutLine: {'line': b'-- Up-to-date symlink: /home/giromi/Repos/VTOL/ws_sensor_combined_src/install/px4_msgs/include/px4_msgs/px4_msgs/msg/detail/manual_control_setpoint__traits.hpp\n'}
[7.006997] (px4_msgs) StdoutLine: {'line': b'-- Up-to-date symlink: /home/giromi/Repos/VTOL/ws_sensor_combined_src/install/px4_msgs/include/px4_msgs/px4_msgs/msg/detail/manual_control_switches__builder.hpp\n'}
[7.007173] (px4_msgs) StdoutLine: {'line': b'-- Up-to-date symlink: /home/giromi/Repos/VTOL/ws_sensor_combined_src/install/px4_msgs/include/px4_msgs/px4_msgs/msg/detail/manual_control_switches__struct.hpp\n'}
[7.007302] (px4_msgs) StdoutLine: {'line': b'-- Up-to-date symlink: /home/giromi/Repos/VTOL/ws_sensor_combined_src/install/px4_msgs/include/px4_msgs/px4_msgs/msg/detail/manual_control_switches__traits.hpp\n'}
[7.007436] (px4_msgs) StdoutLine: {'line': b'-- Up-to-date symlink: /home/giromi/Repos/VTOL/ws_sensor_combined_src/install/px4_msgs/include/px4_msgs/px4_msgs/msg/detail/mavlink_log__builder.hpp\n'}
[7.007595] (px4_msgs) StdoutLine: {'line': b'-- Up-to-date symlink: /home/giromi/Repos/VTOL/ws_sensor_combined_src/install/px4_msgs/include/px4_msgs/px4_msgs/msg/detail/mavlink_log__struct.hpp\n'}
[7.007727] (px4_msgs) StdoutLine: {'line': b'-- Up-to-date symlink: /home/giromi/Repos/VTOL/ws_sensor_combined_src/install/px4_msgs/include/px4_msgs/px4_msgs/msg/detail/mavlink_log__traits.hpp\n'}
[7.007853] (px4_msgs) StdoutLine: {'line': b'-- Up-to-date symlink: /home/giromi/Repos/VTOL/ws_sensor_combined_src/install/px4_msgs/include/px4_msgs/px4_msgs/msg/detail/mavlink_tunnel__builder.hpp\n'}
[7.008086] (px4_msgs) StdoutLine: {'line': b'-- Up-to-date symlink: /home/giromi/Repos/VTOL/ws_sensor_combined_src/install/px4_msgs/include/px4_msgs/px4_msgs/msg/detail/mavlink_tunnel__struct.hpp\n'}
[7.008207] (px4_msgs) StdoutLine: {'line': b'-- Up-to-date symlink: /home/giromi/Repos/VTOL/ws_sensor_combined_src/install/px4_msgs/include/px4_msgs/px4_msgs/msg/detail/mavlink_tunnel__traits.hpp\n'}
[7.008370] (px4_msgs) StdoutLine: {'line': b'-- Up-to-date symlink: /home/giromi/Repos/VTOL/ws_sensor_combined_src/install/px4_msgs/include/px4_msgs/px4_msgs/msg/detail/message_format_request__builder.hpp\n'}
[7.008504] (px4_msgs) StdoutLine: {'line': b'-- Up-to-date symlink: /home/giromi/Repos/VTOL/ws_sensor_combined_src/install/px4_msgs/include/px4_msgs/px4_msgs/msg/detail/message_format_request__struct.hpp\n'}
[7.008767] (px4_msgs) StdoutLine: {'line': b'-- Up-to-date symlink: /home/giromi/Repos/VTOL/ws_sensor_combined_src/install/px4_msgs/include/px4_msgs/px4_msgs/msg/detail/message_format_request__traits.hpp\n'}
[7.008973] (px4_msgs) StdoutLine: {'line': b'-- Up-to-date symlink: /home/giromi/Repos/VTOL/ws_sensor_combined_src/install/px4_msgs/include/px4_msgs/px4_msgs/msg/detail/message_format_response__builder.hpp\n'}
[7.009143] (px4_msgs) StdoutLine: {'line': b'-- Up-to-date symlink: /home/giromi/Repos/VTOL/ws_sensor_combined_src/install/px4_msgs/include/px4_msgs/px4_msgs/msg/detail/message_format_response__struct.hpp\n'}
[7.009301] (px4_msgs) StdoutLine: {'line': b'-- Up-to-date symlink: /home/giromi/Repos/VTOL/ws_sensor_combined_src/install/px4_msgs/include/px4_msgs/px4_msgs/msg/detail/message_format_response__traits.hpp\n'}
[7.009431] (px4_msgs) StdoutLine: {'line': b'-- Up-to-date symlink: /home/giromi/Repos/VTOL/ws_sensor_combined_src/install/px4_msgs/include/px4_msgs/px4_msgs/msg/detail/mission__builder.hpp\n'}
[7.009612] (px4_msgs) StdoutLine: {'line': b'-- Up-to-date symlink: /home/giromi/Repos/VTOL/ws_sensor_combined_src/install/px4_msgs/include/px4_msgs/px4_msgs/msg/detail/mission__struct.hpp\n'}
[7.009776] (px4_msgs) StdoutLine: {'line': b'-- Up-to-date symlink: /home/giromi/Repos/VTOL/ws_sensor_combined_src/install/px4_msgs/include/px4_msgs/px4_msgs/msg/detail/mission__traits.hpp\n'}
[7.009913] (px4_msgs) StdoutLine: {'line': b'-- Up-to-date symlink: /home/giromi/Repos/VTOL/ws_sensor_combined_src/install/px4_msgs/include/px4_msgs/px4_msgs/msg/detail/mission_result__builder.hpp\n'}
[7.010111] (px4_msgs) StdoutLine: {'line': b'-- Up-to-date symlink: /home/giromi/Repos/VTOL/ws_sensor_combined_src/install/px4_msgs/include/px4_msgs/px4_msgs/msg/detail/mission_result__struct.hpp\n'}
[7.010297] (px4_msgs) StdoutLine: {'line': b'-- Up-to-date symlink: /home/giromi/Repos/VTOL/ws_sensor_combined_src/install/px4_msgs/include/px4_msgs/px4_msgs/msg/detail/mission_result__traits.hpp\n'}
[7.010450] (px4_msgs) StdoutLine: {'line': b'-- Up-to-date symlink: /home/giromi/Repos/VTOL/ws_sensor_combined_src/install/px4_msgs/include/px4_msgs/px4_msgs/msg/detail/mode_completed__builder.hpp\n'}
[7.010658] (px4_msgs) StdoutLine: {'line': b'-- Up-to-date symlink: /home/giromi/Repos/VTOL/ws_sensor_combined_src/install/px4_msgs/include/px4_msgs/px4_msgs/msg/detail/mode_completed__struct.hpp\n'}
[7.010806] (px4_msgs) StdoutLine: {'line': b'-- Up-to-date symlink: /home/giromi/Repos/VTOL/ws_sensor_combined_src/install/px4_msgs/include/px4_msgs/px4_msgs/msg/detail/mode_completed__traits.hpp\n'}
[7.010972] (px4_msgs) StdoutLine: {'line': b'-- Up-to-date symlink: /home/giromi/Repos/VTOL/ws_sensor_combined_src/install/px4_msgs/include/px4_msgs/px4_msgs/msg/detail/mount_orientation__builder.hpp\n'}
[7.011148] (px4_msgs) StdoutLine: {'line': b'-- Up-to-date symlink: /home/giromi/Repos/VTOL/ws_sensor_combined_src/install/px4_msgs/include/px4_msgs/px4_msgs/msg/detail/mount_orientation__struct.hpp\n'}
[7.011322] (px4_msgs) StdoutLine: {'line': b'-- Up-to-date symlink: /home/giromi/Repos/VTOL/ws_sensor_combined_src/install/px4_msgs/include/px4_msgs/px4_msgs/msg/detail/mount_orientation__traits.hpp\n'}
[7.011494] (px4_msgs) StdoutLine: {'line': b'-- Up-to-date symlink: /home/giromi/Repos/VTOL/ws_sensor_combined_src/install/px4_msgs/include/px4_msgs/px4_msgs/msg/detail/navigator_mission_item__builder.hpp\n'}
[7.011693] (px4_msgs) StdoutLine: {'line': b'-- Up-to-date symlink: /home/giromi/Repos/VTOL/ws_sensor_combined_src/install/px4_msgs/include/px4_msgs/px4_msgs/msg/detail/navigator_mission_item__struct.hpp\n'}
[7.011859] (px4_msgs) StdoutLine: {'line': b'-- Up-to-date symlink: /home/giromi/Repos/VTOL/ws_sensor_combined_src/install/px4_msgs/include/px4_msgs/px4_msgs/msg/detail/navigator_mission_item__traits.hpp\n'}
[7.012176] (px4_msgs) StdoutLine: {'line': b'-- Up-to-date symlink: /home/giromi/Repos/VTOL/ws_sensor_combined_src/install/px4_msgs/include/px4_msgs/px4_msgs/msg/detail/normalized_unsigned_setpoint__builder.hpp\n'}
[7.012352] (px4_msgs) StdoutLine: {'line': b'-- Up-to-date symlink: /home/giromi/Repos/VTOL/ws_sensor_combined_src/install/px4_msgs/include/px4_msgs/px4_msgs/msg/detail/normalized_unsigned_setpoint__struct.hpp\n'}
[7.012553] (px4_msgs) StdoutLine: {'line': b'-- Up-to-date symlink: /home/giromi/Repos/VTOL/ws_sensor_combined_src/install/px4_msgs/include/px4_msgs/px4_msgs/msg/detail/normalized_unsigned_setpoint__traits.hpp\n'}
[7.012828] (px4_msgs) StdoutLine: {'line': b'-- Up-to-date symlink: /home/giromi/Repos/VTOL/ws_sensor_combined_src/install/px4_msgs/include/px4_msgs/px4_msgs/msg/detail/npfg_status__builder.hpp\n'}
[7.013104] (px4_msgs) StdoutLine: {'line': b'-- Up-to-date symlink: /home/giromi/Repos/VTOL/ws_sensor_combined_src/install/px4_msgs/include/px4_msgs/px4_msgs/msg/detail/npfg_status__struct.hpp\n'}
[7.013269] (px4_msgs) StdoutLine: {'line': b'-- Up-to-date symlink: /home/giromi/Repos/VTOL/ws_sensor_combined_src/install/px4_msgs/include/px4_msgs/px4_msgs/msg/detail/npfg_status__traits.hpp\n'}
[7.013471] (px4_msgs) StdoutLine: {'line': b'-- Up-to-date symlink: /home/giromi/Repos/VTOL/ws_sensor_combined_src/install/px4_msgs/include/px4_msgs/px4_msgs/msg/detail/obstacle_distance__builder.hpp\n'}
[7.013621] (px4_msgs) StdoutLine: {'line': b'-- Up-to-date symlink: /home/giromi/Repos/VTOL/ws_sensor_combined_src/install/px4_msgs/include/px4_msgs/px4_msgs/msg/detail/obstacle_distance__struct.hpp\n'}
[7.013789] (px4_msgs) StdoutLine: {'line': b'-- Up-to-date symlink: /home/giromi/Repos/VTOL/ws_sensor_combined_src/install/px4_msgs/include/px4_msgs/px4_msgs/msg/detail/obstacle_distance__traits.hpp\n'}
[7.014033] (px4_msgs) StdoutLine: {'line': b'-- Up-to-date symlink: /home/giromi/Repos/VTOL/ws_sensor_combined_src/install/px4_msgs/include/px4_msgs/px4_msgs/msg/detail/offboard_control_mode__builder.hpp\n'}
[7.014257] (px4_msgs) StdoutLine: {'line': b'-- Up-to-date symlink: /home/giromi/Repos/VTOL/ws_sensor_combined_src/install/px4_msgs/include/px4_msgs/px4_msgs/msg/detail/offboard_control_mode__struct.hpp\n'}
[7.014370] (px4_msgs) StdoutLine: {'line': b'-- Up-to-date symlink: /home/giromi/Repos/VTOL/ws_sensor_combined_src/install/px4_msgs/include/px4_msgs/px4_msgs/msg/detail/offboard_control_mode__traits.hpp\n'}
[7.014527] (px4_msgs) StdoutLine: {'line': b'-- Up-to-date symlink: /home/giromi/Repos/VTOL/ws_sensor_combined_src/install/px4_msgs/include/px4_msgs/px4_msgs/msg/detail/onboard_computer_status__builder.hpp\n'}
[7.014738] (px4_msgs) StdoutLine: {'line': b'-- Up-to-date symlink: /home/giromi/Repos/VTOL/ws_sensor_combined_src/install/px4_msgs/include/px4_msgs/px4_msgs/msg/detail/onboard_computer_status__struct.hpp\n'}
[7.014908] (px4_msgs) StdoutLine: {'line': b'-- Up-to-date symlink: /home/giromi/Repos/VTOL/ws_sensor_combined_src/install/px4_msgs/include/px4_msgs/px4_msgs/msg/detail/onboard_computer_status__traits.hpp\n'}
[7.015093] (px4_msgs) StdoutLine: {'line': b'-- Up-to-date symlink: /home/giromi/Repos/VTOL/ws_sensor_combined_src/install/px4_msgs/include/px4_msgs/px4_msgs/msg/detail/orb_test__builder.hpp\n'}
[7.015272] (px4_msgs) StdoutLine: {'line': b'-- Up-to-date symlink: /home/giromi/Repos/VTOL/ws_sensor_combined_src/install/px4_msgs/include/px4_msgs/px4_msgs/msg/detail/orb_test__struct.hpp\n'}
[7.015464] (px4_msgs) StdoutLine: {'line': b'-- Up-to-date symlink: /home/giromi/Repos/VTOL/ws_sensor_combined_src/install/px4_msgs/include/px4_msgs/px4_msgs/msg/detail/orb_test__traits.hpp\n'}
[7.015656] (px4_msgs) StdoutLine: {'line': b'-- Up-to-date symlink: /home/giromi/Repos/VTOL/ws_sensor_combined_src/install/px4_msgs/include/px4_msgs/px4_msgs/msg/detail/orb_test_large__builder.hpp\n'}
[7.015798] (px4_msgs) StdoutLine: {'line': b'-- Up-to-date symlink: /home/giromi/Repos/VTOL/ws_sensor_combined_src/install/px4_msgs/include/px4_msgs/px4_msgs/msg/detail/orb_test_large__struct.hpp\n'}
[7.015939] (px4_msgs) StdoutLine: {'line': b'-- Up-to-date symlink: /home/giromi/Repos/VTOL/ws_sensor_combined_src/install/px4_msgs/include/px4_msgs/px4_msgs/msg/detail/orb_test_large__traits.hpp\n'}
[7.016237] (px4_msgs) StdoutLine: {'line': b'-- Up-to-date symlink: /home/giromi/Repos/VTOL/ws_sensor_combined_src/install/px4_msgs/include/px4_msgs/px4_msgs/msg/detail/orb_test_medium__builder.hpp\n'}
[7.016478] (px4_msgs) StdoutLine: {'line': b'-- Up-to-date symlink: /home/giromi/Repos/VTOL/ws_sensor_combined_src/install/px4_msgs/include/px4_msgs/px4_msgs/msg/detail/orb_test_medium__struct.hpp\n'}
[7.016678] (px4_msgs) StdoutLine: {'line': b'-- Up-to-date symlink: /home/giromi/Repos/VTOL/ws_sensor_combined_src/install/px4_msgs/include/px4_msgs/px4_msgs/msg/detail/orb_test_medium__traits.hpp\n'}
[7.016877] (px4_msgs) StdoutLine: {'line': b'-- Up-to-date symlink: /home/giromi/Repos/VTOL/ws_sensor_combined_src/install/px4_msgs/include/px4_msgs/px4_msgs/msg/detail/orbit_status__builder.hpp\n'}
[7.017052] (px4_msgs) StdoutLine: {'line': b'-- Up-to-date symlink: /home/giromi/Repos/VTOL/ws_sensor_combined_src/install/px4_msgs/include/px4_msgs/px4_msgs/msg/detail/orbit_status__struct.hpp\n'}
[7.017241] (px4_msgs) StdoutLine: {'line': b'-- Up-to-date symlink: /home/giromi/Repos/VTOL/ws_sensor_combined_src/install/px4_msgs/include/px4_msgs/px4_msgs/msg/detail/orbit_status__traits.hpp\n'}
[7.017437] (px4_msgs) StdoutLine: {'line': b'-- Up-to-date symlink: /home/giromi/Repos/VTOL/ws_sensor_combined_src/install/px4_msgs/include/px4_msgs/px4_msgs/msg/detail/parameter_update__builder.hpp\n'}
[7.017626] (px4_msgs) StdoutLine: {'line': b'-- Up-to-date symlink: /home/giromi/Repos/VTOL/ws_sensor_combined_src/install/px4_msgs/include/px4_msgs/px4_msgs/msg/detail/parameter_update__struct.hpp\n'}
[7.017782] (px4_msgs) StdoutLine: {'line': b'-- Up-to-date symlink: /home/giromi/Repos/VTOL/ws_sensor_combined_src/install/px4_msgs/include/px4_msgs/px4_msgs/msg/detail/parameter_update__traits.hpp\n'}
[7.017951] (px4_msgs) StdoutLine: {'line': b'-- Up-to-date symlink: /home/giromi/Repos/VTOL/ws_sensor_combined_src/install/px4_msgs/include/px4_msgs/px4_msgs/msg/detail/ping__builder.hpp\n'}
[7.018108] (px4_msgs) StdoutLine: {'line': b'-- Up-to-date symlink: /home/giromi/Repos/VTOL/ws_sensor_combined_src/install/px4_msgs/include/px4_msgs/px4_msgs/msg/detail/ping__struct.hpp\n'}
[7.018244] (px4_msgs) StdoutLine: {'line': b'-- Up-to-date symlink: /home/giromi/Repos/VTOL/ws_sensor_combined_src/install/px4_msgs/include/px4_msgs/px4_msgs/msg/detail/ping__traits.hpp\n'}
[7.018391] (px4_msgs) StdoutLine: {'line': b'-- Up-to-date symlink: /home/giromi/Repos/VTOL/ws_sensor_combined_src/install/px4_msgs/include/px4_msgs/px4_msgs/msg/detail/position_controller_landing_status__builder.hpp\n'}
[7.018541] (px4_msgs) StdoutLine: {'line': b'-- Up-to-date symlink: /home/giromi/Repos/VTOL/ws_sensor_combined_src/install/px4_msgs/include/px4_msgs/px4_msgs/msg/detail/position_controller_landing_status__struct.hpp\n'}
[7.018684] (px4_msgs) StdoutLine: {'line': b'-- Up-to-date symlink: /home/giromi/Repos/VTOL/ws_sensor_combined_src/install/px4_msgs/include/px4_msgs/px4_msgs/msg/detail/position_controller_landing_status__traits.hpp\n'}
[7.018827] (px4_msgs) StdoutLine: {'line': b'-- Up-to-date symlink: /home/giromi/Repos/VTOL/ws_sensor_combined_src/install/px4_msgs/include/px4_msgs/px4_msgs/msg/detail/position_controller_status__builder.hpp\n'}
[7.018981] (px4_msgs) StdoutLine: {'line': b'-- Up-to-date symlink: /home/giromi/Repos/VTOL/ws_sensor_combined_src/install/px4_msgs/include/px4_msgs/px4_msgs/msg/detail/position_controller_status__struct.hpp\n'}
[7.019185] (px4_msgs) StdoutLine: {'line': b'-- Up-to-date symlink: /home/giromi/Repos/VTOL/ws_sensor_combined_src/install/px4_msgs/include/px4_msgs/px4_msgs/msg/detail/position_controller_status__traits.hpp\n'}
[7.019358] (px4_msgs) StdoutLine: {'line': b'-- Up-to-date symlink: /home/giromi/Repos/VTOL/ws_sensor_combined_src/install/px4_msgs/include/px4_msgs/px4_msgs/msg/detail/position_setpoint__builder.hpp\n'}
[7.019525] (px4_msgs) StdoutLine: {'line': b'-- Up-to-date symlink: /home/giromi/Repos/VTOL/ws_sensor_combined_src/install/px4_msgs/include/px4_msgs/px4_msgs/msg/detail/position_setpoint__struct.hpp\n'}
[7.019677] (px4_msgs) StdoutLine: {'line': b'-- Up-to-date symlink: /home/giromi/Repos/VTOL/ws_sensor_combined_src/install/px4_msgs/include/px4_msgs/px4_msgs/msg/detail/position_setpoint__traits.hpp\n'}
[7.019786] (px4_msgs) StdoutLine: {'line': b'-- Up-to-date symlink: /home/giromi/Repos/VTOL/ws_sensor_combined_src/install/px4_msgs/include/px4_msgs/px4_msgs/msg/detail/position_setpoint_triplet__builder.hpp\n'}
[7.019847] (-) TimerEvent: {}
[7.019963] (px4_msgs) StdoutLine: {'line': b'-- Up-to-date symlink: /home/giromi/Repos/VTOL/ws_sensor_combined_src/install/px4_msgs/include/px4_msgs/px4_msgs/msg/detail/position_setpoint_triplet__struct.hpp\n'}
[7.020225] (px4_msgs) StdoutLine: {'line': b'-- Up-to-date symlink: /home/giromi/Repos/VTOL/ws_sensor_combined_src/install/px4_msgs/include/px4_msgs/px4_msgs/msg/detail/position_setpoint_triplet__traits.hpp\n'}
[7.020424] (px4_msgs) StdoutLine: {'line': b'-- Up-to-date symlink: /home/giromi/Repos/VTOL/ws_sensor_combined_src/install/px4_msgs/include/px4_msgs/px4_msgs/msg/detail/power_button_state__builder.hpp\n'}
[7.020563] (px4_msgs) StdoutLine: {'line': b'-- Up-to-date symlink: /home/giromi/Repos/VTOL/ws_sensor_combined_src/install/px4_msgs/include/px4_msgs/px4_msgs/msg/detail/power_button_state__struct.hpp\n'}
[7.020690] (px4_msgs) StdoutLine: {'line': b'-- Up-to-date symlink: /home/giromi/Repos/VTOL/ws_sensor_combined_src/install/px4_msgs/include/px4_msgs/px4_msgs/msg/detail/power_button_state__traits.hpp\n'}
[7.020808] (px4_msgs) StdoutLine: {'line': b'-- Up-to-date symlink: /home/giromi/Repos/VTOL/ws_sensor_combined_src/install/px4_msgs/include/px4_msgs/px4_msgs/msg/detail/power_monitor__builder.hpp\n'}
[7.020948] (px4_msgs) StdoutLine: {'line': b'-- Up-to-date symlink: /home/giromi/Repos/VTOL/ws_sensor_combined_src/install/px4_msgs/include/px4_msgs/px4_msgs/msg/detail/power_monitor__struct.hpp\n'}
[7.021068] (px4_msgs) StdoutLine: {'line': b'-- Up-to-date symlink: /home/giromi/Repos/VTOL/ws_sensor_combined_src/install/px4_msgs/include/px4_msgs/px4_msgs/msg/detail/power_monitor__traits.hpp\n'}
[7.021238] (px4_msgs) StdoutLine: {'line': b'-- Up-to-date symlink: /home/giromi/Repos/VTOL/ws_sensor_combined_src/install/px4_msgs/include/px4_msgs/px4_msgs/msg/detail/pps_capture__builder.hpp\n'}
[7.021362] (px4_msgs) StdoutLine: {'line': b'-- Up-to-date symlink: /home/giromi/Repos/VTOL/ws_sensor_combined_src/install/px4_msgs/include/px4_msgs/px4_msgs/msg/detail/pps_capture__struct.hpp\n'}
[7.021489] (px4_msgs) StdoutLine: {'line': b'-- Up-to-date symlink: /home/giromi/Repos/VTOL/ws_sensor_combined_src/install/px4_msgs/include/px4_msgs/px4_msgs/msg/detail/pps_capture__traits.hpp\n'}
[7.021619] (px4_msgs) StdoutLine: {'line': b'-- Up-to-date symlink: /home/giromi/Repos/VTOL/ws_sensor_combined_src/install/px4_msgs/include/px4_msgs/px4_msgs/msg/detail/pwm_input__builder.hpp\n'}
[7.021774] (px4_msgs) StdoutLine: {'line': b'-- Up-to-date symlink: /home/giromi/Repos/VTOL/ws_sensor_combined_src/install/px4_msgs/include/px4_msgs/px4_msgs/msg/detail/pwm_input__struct.hpp\n'}
[7.021910] (px4_msgs) StdoutLine: {'line': b'-- Up-to-date symlink: /home/giromi/Repos/VTOL/ws_sensor_combined_src/install/px4_msgs/include/px4_msgs/px4_msgs/msg/detail/pwm_input__traits.hpp\n'}
[7.022033] (px4_msgs) StdoutLine: {'line': b'-- Up-to-date symlink: /home/giromi/Repos/VTOL/ws_sensor_combined_src/install/px4_msgs/include/px4_msgs/px4_msgs/msg/detail/px4io_status__builder.hpp\n'}
[7.022159] (px4_msgs) StdoutLine: {'line': b'-- Up-to-date symlink: /home/giromi/Repos/VTOL/ws_sensor_combined_src/install/px4_msgs/include/px4_msgs/px4_msgs/msg/detail/px4io_status__struct.hpp\n'}
[7.022295] (px4_msgs) StdoutLine: {'line': b'-- Up-to-date symlink: /home/giromi/Repos/VTOL/ws_sensor_combined_src/install/px4_msgs/include/px4_msgs/px4_msgs/msg/detail/px4io_status__traits.hpp\n'}
[7.022430] (px4_msgs) StdoutLine: {'line': b'-- Up-to-date symlink: /home/giromi/Repos/VTOL/ws_sensor_combined_src/install/px4_msgs/include/px4_msgs/px4_msgs/msg/detail/qshell_req__builder.hpp\n'}
[7.022582] (px4_msgs) StdoutLine: {'line': b'-- Up-to-date symlink: /home/giromi/Repos/VTOL/ws_sensor_combined_src/install/px4_msgs/include/px4_msgs/px4_msgs/msg/detail/qshell_req__struct.hpp\n'}
[7.022729] (px4_msgs) StdoutLine: {'line': b'-- Up-to-date symlink: /home/giromi/Repos/VTOL/ws_sensor_combined_src/install/px4_msgs/include/px4_msgs/px4_msgs/msg/detail/qshell_req__traits.hpp\n'}
[7.022873] (px4_msgs) StdoutLine: {'line': b'-- Up-to-date symlink: /home/giromi/Repos/VTOL/ws_sensor_combined_src/install/px4_msgs/include/px4_msgs/px4_msgs/msg/detail/qshell_retval__builder.hpp\n'}
[7.023022] (px4_msgs) StdoutLine: {'line': b'-- Up-to-date symlink: /home/giromi/Repos/VTOL/ws_sensor_combined_src/install/px4_msgs/include/px4_msgs/px4_msgs/msg/detail/qshell_retval__struct.hpp\n'}
[7.023173] (px4_msgs) StdoutLine: {'line': b'-- Up-to-date symlink: /home/giromi/Repos/VTOL/ws_sensor_combined_src/install/px4_msgs/include/px4_msgs/px4_msgs/msg/detail/qshell_retval__traits.hpp\n'}
[7.023360] (px4_msgs) StdoutLine: {'line': b'-- Up-to-date symlink: /home/giromi/Repos/VTOL/ws_sensor_combined_src/install/px4_msgs/include/px4_msgs/px4_msgs/msg/detail/radio_status__builder.hpp\n'}
[7.023570] (px4_msgs) StdoutLine: {'line': b'-- Up-to-date symlink: /home/giromi/Repos/VTOL/ws_sensor_combined_src/install/px4_msgs/include/px4_msgs/px4_msgs/msg/detail/radio_status__struct.hpp\n'}
[7.023739] (px4_msgs) StdoutLine: {'line': b'-- Up-to-date symlink: /home/giromi/Repos/VTOL/ws_sensor_combined_src/install/px4_msgs/include/px4_msgs/px4_msgs/msg/detail/radio_status__traits.hpp\n'}
[7.023943] (px4_msgs) StdoutLine: {'line': b'-- Up-to-date symlink: /home/giromi/Repos/VTOL/ws_sensor_combined_src/install/px4_msgs/include/px4_msgs/px4_msgs/msg/detail/rate_ctrl_status__builder.hpp\n'}
[7.024303] (px4_msgs) StdoutLine: {'line': b'-- Up-to-date symlink: /home/giromi/Repos/VTOL/ws_sensor_combined_src/install/px4_msgs/include/px4_msgs/px4_msgs/msg/detail/rate_ctrl_status__struct.hpp\n'}
[7.024492] (px4_msgs) StdoutLine: {'line': b'-- Up-to-date symlink: /home/giromi/Repos/VTOL/ws_sensor_combined_src/install/px4_msgs/include/px4_msgs/px4_msgs/msg/detail/rate_ctrl_status__traits.hpp\n'}
[7.024721] (px4_msgs) StdoutLine: {'line': b'-- Up-to-date symlink: /home/giromi/Repos/VTOL/ws_sensor_combined_src/install/px4_msgs/include/px4_msgs/px4_msgs/msg/detail/rc_channels__builder.hpp\n'}
[7.024974] (px4_msgs) StdoutLine: {'line': b'-- Up-to-date symlink: /home/giromi/Repos/VTOL/ws_sensor_combined_src/install/px4_msgs/include/px4_msgs/px4_msgs/msg/detail/rc_channels__struct.hpp\n'}
[7.025399] (px4_msgs) StdoutLine: {'line': b'-- Up-to-date symlink: /home/giromi/Repos/VTOL/ws_sensor_combined_src/install/px4_msgs/include/px4_msgs/px4_msgs/msg/detail/rc_channels__traits.hpp\n'}
[7.025918] (px4_msgs) StdoutLine: {'line': b'-- Up-to-date symlink: /home/giromi/Repos/VTOL/ws_sensor_combined_src/install/px4_msgs/include/px4_msgs/px4_msgs/msg/detail/rc_parameter_map__builder.hpp\n'}
[7.026296] (px4_msgs) StdoutLine: {'line': b'-- Up-to-date symlink: /home/giromi/Repos/VTOL/ws_sensor_combined_src/install/px4_msgs/include/px4_msgs/px4_msgs/msg/detail/rc_parameter_map__struct.hpp\n'}
[7.026593] (px4_msgs) StdoutLine: {'line': b'-- Up-to-date symlink: /home/giromi/Repos/VTOL/ws_sensor_combined_src/install/px4_msgs/include/px4_msgs/px4_msgs/msg/detail/rc_parameter_map__traits.hpp\n'}
[7.026790] (px4_msgs) StdoutLine: {'line': b'-- Up-to-date symlink: /home/giromi/Repos/VTOL/ws_sensor_combined_src/install/px4_msgs/include/px4_msgs/px4_msgs/msg/detail/register_ext_component_reply__builder.hpp\n'}
[7.027088] (px4_msgs) StdoutLine: {'line': b'-- Up-to-date symlink: /home/giromi/Repos/VTOL/ws_sensor_combined_src/install/px4_msgs/include/px4_msgs/px4_msgs/msg/detail/register_ext_component_reply__struct.hpp\n'}
[7.027551] (px4_msgs) StdoutLine: {'line': b'-- Up-to-date symlink: /home/giromi/Repos/VTOL/ws_sensor_combined_src/install/px4_msgs/include/px4_msgs/px4_msgs/msg/detail/register_ext_component_reply__traits.hpp\n'}
[7.028231] (px4_msgs) StdoutLine: {'line': b'-- Up-to-date symlink: /home/giromi/Repos/VTOL/ws_sensor_combined_src/install/px4_msgs/include/px4_msgs/px4_msgs/msg/detail/register_ext_component_request__builder.hpp\n'}
[7.028642] (px4_msgs) StdoutLine: {'line': b'-- Up-to-date symlink: /home/giromi/Repos/VTOL/ws_sensor_combined_src/install/px4_msgs/include/px4_msgs/px4_msgs/msg/detail/register_ext_component_request__struct.hpp\n'}
[7.028856] (px4_msgs) StdoutLine: {'line': b'-- Up-to-date symlink: /home/giromi/Repos/VTOL/ws_sensor_combined_src/install/px4_msgs/include/px4_msgs/px4_msgs/msg/detail/register_ext_component_request__traits.hpp\n'}
[7.029097] (px4_msgs) StdoutLine: {'line': b'-- Up-to-date symlink: /home/giromi/Repos/VTOL/ws_sensor_combined_src/install/px4_msgs/include/px4_msgs/px4_msgs/msg/detail/rpm__builder.hpp\n'}
[7.029328] (px4_msgs) StdoutLine: {'line': b'-- Up-to-date symlink: /home/giromi/Repos/VTOL/ws_sensor_combined_src/install/px4_msgs/include/px4_msgs/px4_msgs/msg/detail/rpm__struct.hpp\n'}
[7.029666] (px4_msgs) StdoutLine: {'line': b'-- Up-to-date symlink: /home/giromi/Repos/VTOL/ws_sensor_combined_src/install/px4_msgs/include/px4_msgs/px4_msgs/msg/detail/rpm__traits.hpp\n'}
[7.030020] (px4_msgs) StdoutLine: {'line': b'-- Up-to-date symlink: /home/giromi/Repos/VTOL/ws_sensor_combined_src/install/px4_msgs/include/px4_msgs/px4_msgs/msg/detail/rtl_time_estimate__builder.hpp\n'}
[7.030327] (px4_msgs) StdoutLine: {'line': b'-- Up-to-date symlink: /home/giromi/Repos/VTOL/ws_sensor_combined_src/install/px4_msgs/include/px4_msgs/px4_msgs/msg/detail/rtl_time_estimate__struct.hpp\n'}
[7.030559] (px4_msgs) StdoutLine: {'line': b'-- Up-to-date symlink: /home/giromi/Repos/VTOL/ws_sensor_combined_src/install/px4_msgs/include/px4_msgs/px4_msgs/msg/detail/rtl_time_estimate__traits.hpp\n'}
[7.030878] (px4_msgs) StdoutLine: {'line': b'-- Up-to-date symlink: /home/giromi/Repos/VTOL/ws_sensor_combined_src/install/px4_msgs/include/px4_msgs/px4_msgs/msg/detail/satellite_info__builder.hpp\n'}
[7.031133] (px4_msgs) StdoutLine: {'line': b'-- Up-to-date symlink: /home/giromi/Repos/VTOL/ws_sensor_combined_src/install/px4_msgs/include/px4_msgs/px4_msgs/msg/detail/satellite_info__struct.hpp\n'}
[7.031317] (px4_msgs) StdoutLine: {'line': b'-- Up-to-date symlink: /home/giromi/Repos/VTOL/ws_sensor_combined_src/install/px4_msgs/include/px4_msgs/px4_msgs/msg/detail/satellite_info__traits.hpp\n'}
[7.031581] (px4_msgs) StdoutLine: {'line': b'-- Up-to-date symlink: /home/giromi/Repos/VTOL/ws_sensor_combined_src/install/px4_msgs/include/px4_msgs/px4_msgs/msg/detail/sensor_accel__builder.hpp\n'}
[7.031825] (px4_msgs) StdoutLine: {'line': b'-- Up-to-date symlink: /home/giromi/Repos/VTOL/ws_sensor_combined_src/install/px4_msgs/include/px4_msgs/px4_msgs/msg/detail/sensor_accel__struct.hpp\n'}
[7.032128] (px4_msgs) StdoutLine: {'line': b'-- Up-to-date symlink: /home/giromi/Repos/VTOL/ws_sensor_combined_src/install/px4_msgs/include/px4_msgs/px4_msgs/msg/detail/sensor_accel__traits.hpp\n'}
[7.032383] (px4_msgs) StdoutLine: {'line': b'-- Up-to-date symlink: /home/giromi/Repos/VTOL/ws_sensor_combined_src/install/px4_msgs/include/px4_msgs/px4_msgs/msg/detail/sensor_accel_fifo__builder.hpp\n'}
[7.032624] (px4_msgs) StdoutLine: {'line': b'-- Up-to-date symlink: /home/giromi/Repos/VTOL/ws_sensor_combined_src/install/px4_msgs/include/px4_msgs/px4_msgs/msg/detail/sensor_accel_fifo__struct.hpp\n'}
[7.032826] (px4_msgs) StdoutLine: {'line': b'-- Up-to-date symlink: /home/giromi/Repos/VTOL/ws_sensor_combined_src/install/px4_msgs/include/px4_msgs/px4_msgs/msg/detail/sensor_accel_fifo__traits.hpp\n'}
[7.033038] (px4_msgs) StdoutLine: {'line': b'-- Up-to-date symlink: /home/giromi/Repos/VTOL/ws_sensor_combined_src/install/px4_msgs/include/px4_msgs/px4_msgs/msg/detail/sensor_airflow__builder.hpp\n'}
[7.033241] (px4_msgs) StdoutLine: {'line': b'-- Up-to-date symlink: /home/giromi/Repos/VTOL/ws_sensor_combined_src/install/px4_msgs/include/px4_msgs/px4_msgs/msg/detail/sensor_airflow__struct.hpp\n'}
[7.033473] (px4_msgs) StdoutLine: {'line': b'-- Up-to-date symlink: /home/giromi/Repos/VTOL/ws_sensor_combined_src/install/px4_msgs/include/px4_msgs/px4_msgs/msg/detail/sensor_airflow__traits.hpp\n'}
[7.033641] (px4_msgs) StdoutLine: {'line': b'-- Up-to-date symlink: /home/giromi/Repos/VTOL/ws_sensor_combined_src/install/px4_msgs/include/px4_msgs/px4_msgs/msg/detail/sensor_baro__builder.hpp\n'}
[7.033878] (px4_msgs) StdoutLine: {'line': b'-- Up-to-date symlink: /home/giromi/Repos/VTOL/ws_sensor_combined_src/install/px4_msgs/include/px4_msgs/px4_msgs/msg/detail/sensor_baro__struct.hpp\n'}
[7.034086] (px4_msgs) StdoutLine: {'line': b'-- Up-to-date symlink: /home/giromi/Repos/VTOL/ws_sensor_combined_src/install/px4_msgs/include/px4_msgs/px4_msgs/msg/detail/sensor_baro__traits.hpp\n'}
[7.034401] (px4_msgs) StdoutLine: {'line': b'-- Up-to-date symlink: /home/giromi/Repos/VTOL/ws_sensor_combined_src/install/px4_msgs/include/px4_msgs/px4_msgs/msg/detail/sensor_combined__builder.hpp\n'}
[7.034616] (px4_msgs) StdoutLine: {'line': b'-- Up-to-date symlink: /home/giromi/Repos/VTOL/ws_sensor_combined_src/install/px4_msgs/include/px4_msgs/px4_msgs/msg/detail/sensor_combined__struct.hpp\n'}
[7.034867] (px4_msgs) StdoutLine: {'line': b'-- Up-to-date symlink: /home/giromi/Repos/VTOL/ws_sensor_combined_src/install/px4_msgs/include/px4_msgs/px4_msgs/msg/detail/sensor_combined__traits.hpp\n'}
[7.035100] (px4_msgs) StdoutLine: {'line': b'-- Up-to-date symlink: /home/giromi/Repos/VTOL/ws_sensor_combined_src/install/px4_msgs/include/px4_msgs/px4_msgs/msg/detail/sensor_correction__builder.hpp\n'}
[7.035317] (px4_msgs) StdoutLine: {'line': b'-- Up-to-date symlink: /home/giromi/Repos/VTOL/ws_sensor_combined_src/install/px4_msgs/include/px4_msgs/px4_msgs/msg/detail/sensor_correction__struct.hpp\n'}
[7.035595] (px4_msgs) StdoutLine: {'line': b'-- Up-to-date symlink: /home/giromi/Repos/VTOL/ws_sensor_combined_src/install/px4_msgs/include/px4_msgs/px4_msgs/msg/detail/sensor_correction__traits.hpp\n'}
[7.035824] (px4_msgs) StdoutLine: {'line': b'-- Up-to-date symlink: /home/giromi/Repos/VTOL/ws_sensor_combined_src/install/px4_msgs/include/px4_msgs/px4_msgs/msg/detail/sensor_gnss_relative__builder.hpp\n'}
[7.036076] (px4_msgs) StdoutLine: {'line': b'-- Up-to-date symlink: /home/giromi/Repos/VTOL/ws_sensor_combined_src/install/px4_msgs/include/px4_msgs/px4_msgs/msg/detail/sensor_gnss_relative__struct.hpp\n'}
[7.036347] (px4_msgs) StdoutLine: {'line': b'-- Up-to-date symlink: /home/giromi/Repos/VTOL/ws_sensor_combined_src/install/px4_msgs/include/px4_msgs/px4_msgs/msg/detail/sensor_gnss_relative__traits.hpp\n'}
[7.036589] (px4_msgs) StdoutLine: {'line': b'-- Up-to-date symlink: /home/giromi/Repos/VTOL/ws_sensor_combined_src/install/px4_msgs/include/px4_msgs/px4_msgs/msg/detail/sensor_gps__builder.hpp\n'}
[7.036841] (px4_msgs) StdoutLine: {'line': b'-- Up-to-date symlink: /home/giromi/Repos/VTOL/ws_sensor_combined_src/install/px4_msgs/include/px4_msgs/px4_msgs/msg/detail/sensor_gps__struct.hpp\n'}
[7.037064] (px4_msgs) StdoutLine: {'line': b'-- Up-to-date symlink: /home/giromi/Repos/VTOL/ws_sensor_combined_src/install/px4_msgs/include/px4_msgs/px4_msgs/msg/detail/sensor_gps__traits.hpp\n'}
[7.037349] (px4_msgs) StdoutLine: {'line': b'-- Up-to-date symlink: /home/giromi/Repos/VTOL/ws_sensor_combined_src/install/px4_msgs/include/px4_msgs/px4_msgs/msg/detail/sensor_gyro__builder.hpp\n'}
[7.037633] (px4_msgs) StdoutLine: {'line': b'-- Up-to-date symlink: /home/giromi/Repos/VTOL/ws_sensor_combined_src/install/px4_msgs/include/px4_msgs/px4_msgs/msg/detail/sensor_gyro__struct.hpp\n'}
[7.037871] (px4_msgs) StdoutLine: {'line': b'-- Up-to-date symlink: /home/giromi/Repos/VTOL/ws_sensor_combined_src/install/px4_msgs/include/px4_msgs/px4_msgs/msg/detail/sensor_gyro__traits.hpp\n'}
[7.038108] (px4_msgs) StdoutLine: {'line': b'-- Up-to-date symlink: /home/giromi/Repos/VTOL/ws_sensor_combined_src/install/px4_msgs/include/px4_msgs/px4_msgs/msg/detail/sensor_gyro_fft__builder.hpp\n'}
[7.038352] (px4_msgs) StdoutLine: {'line': b'-- Up-to-date symlink: /home/giromi/Repos/VTOL/ws_sensor_combined_src/install/px4_msgs/include/px4_msgs/px4_msgs/msg/detail/sensor_gyro_fft__struct.hpp\n'}
[7.038590] (px4_msgs) StdoutLine: {'line': b'-- Up-to-date symlink: /home/giromi/Repos/VTOL/ws_sensor_combined_src/install/px4_msgs/include/px4_msgs/px4_msgs/msg/detail/sensor_gyro_fft__traits.hpp\n'}
[7.038834] (px4_msgs) StdoutLine: {'line': b'-- Up-to-date symlink: /home/giromi/Repos/VTOL/ws_sensor_combined_src/install/px4_msgs/include/px4_msgs/px4_msgs/msg/detail/sensor_gyro_fifo__builder.hpp\n'}
[7.039082] (px4_msgs) StdoutLine: {'line': b'-- Up-to-date symlink: /home/giromi/Repos/VTOL/ws_sensor_combined_src/install/px4_msgs/include/px4_msgs/px4_msgs/msg/detail/sensor_gyro_fifo__struct.hpp\n'}
[7.039339] (px4_msgs) StdoutLine: {'line': b'-- Up-to-date symlink: /home/giromi/Repos/VTOL/ws_sensor_combined_src/install/px4_msgs/include/px4_msgs/px4_msgs/msg/detail/sensor_gyro_fifo__traits.hpp\n'}
[7.039598] (px4_msgs) StdoutLine: {'line': b'-- Up-to-date symlink: /home/giromi/Repos/VTOL/ws_sensor_combined_src/install/px4_msgs/include/px4_msgs/px4_msgs/msg/detail/sensor_hygrometer__builder.hpp\n'}
[7.039844] (px4_msgs) StdoutLine: {'line': b'-- Up-to-date symlink: /home/giromi/Repos/VTOL/ws_sensor_combined_src/install/px4_msgs/include/px4_msgs/px4_msgs/msg/detail/sensor_hygrometer__struct.hpp\n'}
[7.040186] (px4_msgs) StdoutLine: {'line': b'-- Up-to-date symlink: /home/giromi/Repos/VTOL/ws_sensor_combined_src/install/px4_msgs/include/px4_msgs/px4_msgs/msg/detail/sensor_hygrometer__traits.hpp\n'}
[7.040444] (px4_msgs) StdoutLine: {'line': b'-- Up-to-date symlink: /home/giromi/Repos/VTOL/ws_sensor_combined_src/install/px4_msgs/include/px4_msgs/px4_msgs/msg/detail/sensor_mag__builder.hpp\n'}
[7.040729] (px4_msgs) StdoutLine: {'line': b'-- Up-to-date symlink: /home/giromi/Repos/VTOL/ws_sensor_combined_src/install/px4_msgs/include/px4_msgs/px4_msgs/msg/detail/sensor_mag__struct.hpp\n'}
[7.041012] (px4_msgs) StdoutLine: {'line': b'-- Up-to-date symlink: /home/giromi/Repos/VTOL/ws_sensor_combined_src/install/px4_msgs/include/px4_msgs/px4_msgs/msg/detail/sensor_mag__traits.hpp\n'}
[7.041279] (px4_msgs) StdoutLine: {'line': b'-- Up-to-date symlink: /home/giromi/Repos/VTOL/ws_sensor_combined_src/install/px4_msgs/include/px4_msgs/px4_msgs/msg/detail/sensor_optical_flow__builder.hpp\n'}
[7.041541] (px4_msgs) StdoutLine: {'line': b'-- Up-to-date symlink: /home/giromi/Repos/VTOL/ws_sensor_combined_src/install/px4_msgs/include/px4_msgs/px4_msgs/msg/detail/sensor_optical_flow__struct.hpp\n'}
[7.041824] (px4_msgs) StdoutLine: {'line': b'-- Up-to-date symlink: /home/giromi/Repos/VTOL/ws_sensor_combined_src/install/px4_msgs/include/px4_msgs/px4_msgs/msg/detail/sensor_optical_flow__traits.hpp\n'}
[7.042142] (px4_msgs) StdoutLine: {'line': b'-- Up-to-date symlink: /home/giromi/Repos/VTOL/ws_sensor_combined_src/install/px4_msgs/include/px4_msgs/px4_msgs/msg/detail/sensor_preflight_mag__builder.hpp\n'}
[7.042434] (px4_msgs) StdoutLine: {'line': b'-- Up-to-date symlink: /home/giromi/Repos/VTOL/ws_sensor_combined_src/install/px4_msgs/include/px4_msgs/px4_msgs/msg/detail/sensor_preflight_mag__struct.hpp\n'}
[7.042697] (px4_msgs) StdoutLine: {'line': b'-- Up-to-date symlink: /home/giromi/Repos/VTOL/ws_sensor_combined_src/install/px4_msgs/include/px4_msgs/px4_msgs/msg/detail/sensor_preflight_mag__traits.hpp\n'}
[7.042963] (px4_msgs) StdoutLine: {'line': b'-- Up-to-date symlink: /home/giromi/Repos/VTOL/ws_sensor_combined_src/install/px4_msgs/include/px4_msgs/px4_msgs/msg/detail/sensor_selection__builder.hpp\n'}
[7.043230] (px4_msgs) StdoutLine: {'line': b'-- Up-to-date symlink: /home/giromi/Repos/VTOL/ws_sensor_combined_src/install/px4_msgs/include/px4_msgs/px4_msgs/msg/detail/sensor_selection__struct.hpp\n'}
[7.043495] (px4_msgs) StdoutLine: {'line': b'-- Up-to-date symlink: /home/giromi/Repos/VTOL/ws_sensor_combined_src/install/px4_msgs/include/px4_msgs/px4_msgs/msg/detail/sensor_selection__traits.hpp\n'}
[7.043761] (px4_msgs) StdoutLine: {'line': b'-- Up-to-date symlink: /home/giromi/Repos/VTOL/ws_sensor_combined_src/install/px4_msgs/include/px4_msgs/px4_msgs/msg/detail/sensor_uwb__builder.hpp\n'}
[7.044061] (px4_msgs) StdoutLine: {'line': b'-- Up-to-date symlink: /home/giromi/Repos/VTOL/ws_sensor_combined_src/install/px4_msgs/include/px4_msgs/px4_msgs/msg/detail/sensor_uwb__struct.hpp\n'}
[7.044351] (px4_msgs) StdoutLine: {'line': b'-- Up-to-date symlink: /home/giromi/Repos/VTOL/ws_sensor_combined_src/install/px4_msgs/include/px4_msgs/px4_msgs/msg/detail/sensor_uwb__traits.hpp\n'}
[7.044587] (px4_msgs) StdoutLine: {'line': b'-- Up-to-date symlink: /home/giromi/Repos/VTOL/ws_sensor_combined_src/install/px4_msgs/include/px4_msgs/px4_msgs/msg/detail/sensors_status__builder.hpp\n'}
[7.044838] (px4_msgs) StdoutLine: {'line': b'-- Up-to-date symlink: /home/giromi/Repos/VTOL/ws_sensor_combined_src/install/px4_msgs/include/px4_msgs/px4_msgs/msg/detail/sensors_status__struct.hpp\n'}
[7.045074] (px4_msgs) StdoutLine: {'line': b'-- Up-to-date symlink: /home/giromi/Repos/VTOL/ws_sensor_combined_src/install/px4_msgs/include/px4_msgs/px4_msgs/msg/detail/sensors_status__traits.hpp\n'}
[7.045317] (px4_msgs) StdoutLine: {'line': b'-- Up-to-date symlink: /home/giromi/Repos/VTOL/ws_sensor_combined_src/install/px4_msgs/include/px4_msgs/px4_msgs/msg/detail/sensors_status_imu__builder.hpp\n'}
[7.045552] (px4_msgs) StdoutLine: {'line': b'-- Up-to-date symlink: /home/giromi/Repos/VTOL/ws_sensor_combined_src/install/px4_msgs/include/px4_msgs/px4_msgs/msg/detail/sensors_status_imu__struct.hpp\n'}
[7.045819] (px4_msgs) StdoutLine: {'line': b'-- Up-to-date symlink: /home/giromi/Repos/VTOL/ws_sensor_combined_src/install/px4_msgs/include/px4_msgs/px4_msgs/msg/detail/sensors_status_imu__traits.hpp\n'}
[7.046086] (px4_msgs) StdoutLine: {'line': b'-- Up-to-date symlink: /home/giromi/Repos/VTOL/ws_sensor_combined_src/install/px4_msgs/include/px4_msgs/px4_msgs/msg/detail/system_power__builder.hpp\n'}
[7.046354] (px4_msgs) StdoutLine: {'line': b'-- Up-to-date symlink: /home/giromi/Repos/VTOL/ws_sensor_combined_src/install/px4_msgs/include/px4_msgs/px4_msgs/msg/detail/system_power__struct.hpp\n'}
[7.046618] (px4_msgs) StdoutLine: {'line': b'-- Up-to-date symlink: /home/giromi/Repos/VTOL/ws_sensor_combined_src/install/px4_msgs/include/px4_msgs/px4_msgs/msg/detail/system_power__traits.hpp\n'}
[7.046881] (px4_msgs) StdoutLine: {'line': b'-- Up-to-date symlink: /home/giromi/Repos/VTOL/ws_sensor_combined_src/install/px4_msgs/include/px4_msgs/px4_msgs/msg/detail/takeoff_status__builder.hpp\n'}
[7.047115] (px4_msgs) StdoutLine: {'line': b'-- Up-to-date symlink: /home/giromi/Repos/VTOL/ws_sensor_combined_src/install/px4_msgs/include/px4_msgs/px4_msgs/msg/detail/takeoff_status__struct.hpp\n'}
[7.047360] (px4_msgs) StdoutLine: {'line': b'-- Up-to-date symlink: /home/giromi/Repos/VTOL/ws_sensor_combined_src/install/px4_msgs/include/px4_msgs/px4_msgs/msg/detail/takeoff_status__traits.hpp\n'}
[7.047597] (px4_msgs) StdoutLine: {'line': b'-- Up-to-date symlink: /home/giromi/Repos/VTOL/ws_sensor_combined_src/install/px4_msgs/include/px4_msgs/px4_msgs/msg/detail/task_stack_info__builder.hpp\n'}
[7.047822] (px4_msgs) StdoutLine: {'line': b'-- Up-to-date symlink: /home/giromi/Repos/VTOL/ws_sensor_combined_src/install/px4_msgs/include/px4_msgs/px4_msgs/msg/detail/task_stack_info__struct.hpp\n'}
[7.048284] (px4_msgs) StdoutLine: {'line': b'-- Up-to-date symlink: /home/giromi/Repos/VTOL/ws_sensor_combined_src/install/px4_msgs/include/px4_msgs/px4_msgs/msg/detail/task_stack_info__traits.hpp\n'}
[7.048520] (px4_msgs) StdoutLine: {'line': b'-- Up-to-date symlink: /home/giromi/Repos/VTOL/ws_sensor_combined_src/install/px4_msgs/include/px4_msgs/px4_msgs/msg/detail/tecs_status__builder.hpp\n'}
[7.048748] (px4_msgs) StdoutLine: {'line': b'-- Up-to-date symlink: /home/giromi/Repos/VTOL/ws_sensor_combined_src/install/px4_msgs/include/px4_msgs/px4_msgs/msg/detail/tecs_status__struct.hpp\n'}
[7.049037] (px4_msgs) StdoutLine: {'line': b'-- Up-to-date symlink: /home/giromi/Repos/VTOL/ws_sensor_combined_src/install/px4_msgs/include/px4_msgs/px4_msgs/msg/detail/tecs_status__traits.hpp\n'}
[7.049309] (px4_msgs) StdoutLine: {'line': b'-- Up-to-date symlink: /home/giromi/Repos/VTOL/ws_sensor_combined_src/install/px4_msgs/include/px4_msgs/px4_msgs/msg/detail/telemetry_status__builder.hpp\n'}
[7.049584] (px4_msgs) StdoutLine: {'line': b'-- Up-to-date symlink: /home/giromi/Repos/VTOL/ws_sensor_combined_src/install/px4_msgs/include/px4_msgs/px4_msgs/msg/detail/telemetry_status__struct.hpp\n'}
[7.049888] (px4_msgs) StdoutLine: {'line': b'-- Up-to-date symlink: /home/giromi/Repos/VTOL/ws_sensor_combined_src/install/px4_msgs/include/px4_msgs/px4_msgs/msg/detail/telemetry_status__traits.hpp\n'}
[7.050114] (px4_msgs) StdoutLine: {'line': b'-- Up-to-date symlink: /home/giromi/Repos/VTOL/ws_sensor_combined_src/install/px4_msgs/include/px4_msgs/px4_msgs/msg/detail/tiltrotor_extra_controls__builder.hpp\n'}
[7.050342] (px4_msgs) StdoutLine: {'line': b'-- Up-to-date symlink: /home/giromi/Repos/VTOL/ws_sensor_combined_src/install/px4_msgs/include/px4_msgs/px4_msgs/msg/detail/tiltrotor_extra_controls__struct.hpp\n'}
[7.050596] (px4_msgs) StdoutLine: {'line': b'-- Up-to-date symlink: /home/giromi/Repos/VTOL/ws_sensor_combined_src/install/px4_msgs/include/px4_msgs/px4_msgs/msg/detail/tiltrotor_extra_controls__traits.hpp\n'}
[7.050872] (px4_msgs) StdoutLine: {'line': b'-- Up-to-date symlink: /home/giromi/Repos/VTOL/ws_sensor_combined_src/install/px4_msgs/include/px4_msgs/px4_msgs/msg/detail/timesync_status__builder.hpp\n'}
[7.051171] (px4_msgs) StdoutLine: {'line': b'-- Up-to-date symlink: /home/giromi/Repos/VTOL/ws_sensor_combined_src/install/px4_msgs/include/px4_msgs/px4_msgs/msg/detail/timesync_status__struct.hpp\n'}
[7.051391] (px4_msgs) StdoutLine: {'line': b'-- Up-to-date symlink: /home/giromi/Repos/VTOL/ws_sensor_combined_src/install/px4_msgs/include/px4_msgs/px4_msgs/msg/detail/timesync_status__traits.hpp\n'}
[7.051702] (px4_msgs) StdoutLine: {'line': b'-- Up-to-date symlink: /home/giromi/Repos/VTOL/ws_sensor_combined_src/install/px4_msgs/include/px4_msgs/px4_msgs/msg/detail/trajectory_bezier__builder.hpp\n'}
[7.052032] (px4_msgs) StdoutLine: {'line': b'-- Up-to-date symlink: /home/giromi/Repos/VTOL/ws_sensor_combined_src/install/px4_msgs/include/px4_msgs/px4_msgs/msg/detail/trajectory_bezier__struct.hpp\n'}
[7.052360] (px4_msgs) StdoutLine: {'line': b'-- Up-to-date symlink: /home/giromi/Repos/VTOL/ws_sensor_combined_src/install/px4_msgs/include/px4_msgs/px4_msgs/msg/detail/trajectory_bezier__traits.hpp\n'}
[7.052640] (px4_msgs) StdoutLine: {'line': b'-- Up-to-date symlink: /home/giromi/Repos/VTOL/ws_sensor_combined_src/install/px4_msgs/include/px4_msgs/px4_msgs/msg/detail/trajectory_setpoint__builder.hpp\n'}
[7.052893] (px4_msgs) StdoutLine: {'line': b'-- Up-to-date symlink: /home/giromi/Repos/VTOL/ws_sensor_combined_src/install/px4_msgs/include/px4_msgs/px4_msgs/msg/detail/trajectory_setpoint__struct.hpp\n'}
[7.053192] (px4_msgs) StdoutLine: {'line': b'-- Up-to-date symlink: /home/giromi/Repos/VTOL/ws_sensor_combined_src/install/px4_msgs/include/px4_msgs/px4_msgs/msg/detail/trajectory_setpoint__traits.hpp\n'}
[7.053488] (px4_msgs) StdoutLine: {'line': b'-- Up-to-date symlink: /home/giromi/Repos/VTOL/ws_sensor_combined_src/install/px4_msgs/include/px4_msgs/px4_msgs/msg/detail/trajectory_waypoint__builder.hpp\n'}
[7.053790] (px4_msgs) StdoutLine: {'line': b'-- Up-to-date symlink: /home/giromi/Repos/VTOL/ws_sensor_combined_src/install/px4_msgs/include/px4_msgs/px4_msgs/msg/detail/trajectory_waypoint__struct.hpp\n'}
[7.054033] (px4_msgs) StdoutLine: {'line': b'-- Up-to-date symlink: /home/giromi/Repos/VTOL/ws_sensor_combined_src/install/px4_msgs/include/px4_msgs/px4_msgs/msg/detail/trajectory_waypoint__traits.hpp\n'}
[7.054331] (px4_msgs) StdoutLine: {'line': b'-- Up-to-date symlink: /home/giromi/Repos/VTOL/ws_sensor_combined_src/install/px4_msgs/include/px4_msgs/px4_msgs/msg/detail/transponder_report__builder.hpp\n'}
[7.054582] (px4_msgs) StdoutLine: {'line': b'-- Up-to-date symlink: /home/giromi/Repos/VTOL/ws_sensor_combined_src/install/px4_msgs/include/px4_msgs/px4_msgs/msg/detail/transponder_report__struct.hpp\n'}
[7.054848] (px4_msgs) StdoutLine: {'line': b'-- Up-to-date symlink: /home/giromi/Repos/VTOL/ws_sensor_combined_src/install/px4_msgs/include/px4_msgs/px4_msgs/msg/detail/transponder_report__traits.hpp\n'}
[7.055114] (px4_msgs) StdoutLine: {'line': b'-- Up-to-date symlink: /home/giromi/Repos/VTOL/ws_sensor_combined_src/install/px4_msgs/include/px4_msgs/px4_msgs/msg/detail/tune_control__builder.hpp\n'}
[7.055389] (px4_msgs) StdoutLine: {'line': b'-- Up-to-date symlink: /home/giromi/Repos/VTOL/ws_sensor_combined_src/install/px4_msgs/include/px4_msgs/px4_msgs/msg/detail/tune_control__struct.hpp\n'}
[7.055609] (px4_msgs) StdoutLine: {'line': b'-- Up-to-date symlink: /home/giromi/Repos/VTOL/ws_sensor_combined_src/install/px4_msgs/include/px4_msgs/px4_msgs/msg/detail/tune_control__traits.hpp\n'}
[7.055881] (px4_msgs) StdoutLine: {'line': b'-- Up-to-date symlink: /home/giromi/Repos/VTOL/ws_sensor_combined_src/install/px4_msgs/include/px4_msgs/px4_msgs/msg/detail/uavcan_parameter_request__builder.hpp\n'}
[7.056268] (px4_msgs) StdoutLine: {'line': b'-- Up-to-date symlink: /home/giromi/Repos/VTOL/ws_sensor_combined_src/install/px4_msgs/include/px4_msgs/px4_msgs/msg/detail/uavcan_parameter_request__struct.hpp\n'}
[7.056516] (px4_msgs) StdoutLine: {'line': b'-- Up-to-date symlink: /home/giromi/Repos/VTOL/ws_sensor_combined_src/install/px4_msgs/include/px4_msgs/px4_msgs/msg/detail/uavcan_parameter_request__traits.hpp\n'}
[7.056779] (px4_msgs) StdoutLine: {'line': b'-- Up-to-date symlink: /home/giromi/Repos/VTOL/ws_sensor_combined_src/install/px4_msgs/include/px4_msgs/px4_msgs/msg/detail/uavcan_parameter_value__builder.hpp\n'}
[7.057065] (px4_msgs) StdoutLine: {'line': b'-- Up-to-date symlink: /home/giromi/Repos/VTOL/ws_sensor_combined_src/install/px4_msgs/include/px4_msgs/px4_msgs/msg/detail/uavcan_parameter_value__struct.hpp\n'}
[7.057380] (px4_msgs) StdoutLine: {'line': b'-- Up-to-date symlink: /home/giromi/Repos/VTOL/ws_sensor_combined_src/install/px4_msgs/include/px4_msgs/px4_msgs/msg/detail/uavcan_parameter_value__traits.hpp\n'}
[7.057679] (px4_msgs) StdoutLine: {'line': b'-- Up-to-date symlink: /home/giromi/Repos/VTOL/ws_sensor_combined_src/install/px4_msgs/include/px4_msgs/px4_msgs/msg/detail/ulog_stream__builder.hpp\n'}
[7.057985] (px4_msgs) StdoutLine: {'line': b'-- Up-to-date symlink: /home/giromi/Repos/VTOL/ws_sensor_combined_src/install/px4_msgs/include/px4_msgs/px4_msgs/msg/detail/ulog_stream__struct.hpp\n'}
[7.058289] (px4_msgs) StdoutLine: {'line': b'-- Up-to-date symlink: /home/giromi/Repos/VTOL/ws_sensor_combined_src/install/px4_msgs/include/px4_msgs/px4_msgs/msg/detail/ulog_stream__traits.hpp\n'}
[7.058607] (px4_msgs) StdoutLine: {'line': b'-- Up-to-date symlink: /home/giromi/Repos/VTOL/ws_sensor_combined_src/install/px4_msgs/include/px4_msgs/px4_msgs/msg/detail/ulog_stream_ack__builder.hpp\n'}
[7.058928] (px4_msgs) StdoutLine: {'line': b'-- Up-to-date symlink: /home/giromi/Repos/VTOL/ws_sensor_combined_src/install/px4_msgs/include/px4_msgs/px4_msgs/msg/detail/ulog_stream_ack__struct.hpp\n'}
[7.059262] (px4_msgs) StdoutLine: {'line': b'-- Up-to-date symlink: /home/giromi/Repos/VTOL/ws_sensor_combined_src/install/px4_msgs/include/px4_msgs/px4_msgs/msg/detail/ulog_stream_ack__traits.hpp\n'}
[7.059557] (px4_msgs) StdoutLine: {'line': b'-- Up-to-date symlink: /home/giromi/Repos/VTOL/ws_sensor_combined_src/install/px4_msgs/include/px4_msgs/px4_msgs/msg/detail/unregister_ext_component__builder.hpp\n'}
[7.059853] (px4_msgs) StdoutLine: {'line': b'-- Up-to-date symlink: /home/giromi/Repos/VTOL/ws_sensor_combined_src/install/px4_msgs/include/px4_msgs/px4_msgs/msg/detail/unregister_ext_component__struct.hpp\n'}
[7.060189] (px4_msgs) StdoutLine: {'line': b'-- Up-to-date symlink: /home/giromi/Repos/VTOL/ws_sensor_combined_src/install/px4_msgs/include/px4_msgs/px4_msgs/msg/detail/unregister_ext_component__traits.hpp\n'}
[7.060464] (px4_msgs) StdoutLine: {'line': b'-- Up-to-date symlink: /home/giromi/Repos/VTOL/ws_sensor_combined_src/install/px4_msgs/include/px4_msgs/px4_msgs/msg/detail/vehicle_acceleration__builder.hpp\n'}
[7.060750] (px4_msgs) StdoutLine: {'line': b'-- Up-to-date symlink: /home/giromi/Repos/VTOL/ws_sensor_combined_src/install/px4_msgs/include/px4_msgs/px4_msgs/msg/detail/vehicle_acceleration__struct.hpp\n'}
[7.061092] (px4_msgs) StdoutLine: {'line': b'-- Up-to-date symlink: /home/giromi/Repos/VTOL/ws_sensor_combined_src/install/px4_msgs/include/px4_msgs/px4_msgs/msg/detail/vehicle_acceleration__traits.hpp\n'}
[7.061404] (px4_msgs) StdoutLine: {'line': b'-- Up-to-date symlink: /home/giromi/Repos/VTOL/ws_sensor_combined_src/install/px4_msgs/include/px4_msgs/px4_msgs/msg/detail/vehicle_air_data__builder.hpp\n'}
[7.061677] (px4_msgs) StdoutLine: {'line': b'-- Up-to-date symlink: /home/giromi/Repos/VTOL/ws_sensor_combined_src/install/px4_msgs/include/px4_msgs/px4_msgs/msg/detail/vehicle_air_data__struct.hpp\n'}
[7.061951] (px4_msgs) StdoutLine: {'line': b'-- Up-to-date symlink: /home/giromi/Repos/VTOL/ws_sensor_combined_src/install/px4_msgs/include/px4_msgs/px4_msgs/msg/detail/vehicle_air_data__traits.hpp\n'}
[7.062248] (px4_msgs) StdoutLine: {'line': b'-- Up-to-date symlink: /home/giromi/Repos/VTOL/ws_sensor_combined_src/install/px4_msgs/include/px4_msgs/px4_msgs/msg/detail/vehicle_angular_acceleration_setpoint__builder.hpp\n'}
[7.062647] (px4_msgs) StdoutLine: {'line': b'-- Up-to-date symlink: /home/giromi/Repos/VTOL/ws_sensor_combined_src/install/px4_msgs/include/px4_msgs/px4_msgs/msg/detail/vehicle_angular_acceleration_setpoint__struct.hpp\n'}
[7.062964] (px4_msgs) StdoutLine: {'line': b'-- Up-to-date symlink: /home/giromi/Repos/VTOL/ws_sensor_combined_src/install/px4_msgs/include/px4_msgs/px4_msgs/msg/detail/vehicle_angular_acceleration_setpoint__traits.hpp\n'}
[7.063347] (px4_msgs) StdoutLine: {'line': b'-- Up-to-date symlink: /home/giromi/Repos/VTOL/ws_sensor_combined_src/install/px4_msgs/include/px4_msgs/px4_msgs/msg/detail/vehicle_angular_velocity__builder.hpp\n'}
[7.063714] (px4_msgs) StdoutLine: {'line': b'-- Up-to-date symlink: /home/giromi/Repos/VTOL/ws_sensor_combined_src/install/px4_msgs/include/px4_msgs/px4_msgs/msg/detail/vehicle_angular_velocity__struct.hpp\n'}
[7.064245] (px4_msgs) StdoutLine: {'line': b'-- Up-to-date symlink: /home/giromi/Repos/VTOL/ws_sensor_combined_src/install/px4_msgs/include/px4_msgs/px4_msgs/msg/detail/vehicle_angular_velocity__traits.hpp\n'}
[7.064512] (px4_msgs) StdoutLine: {'line': b'-- Up-to-date symlink: /home/giromi/Repos/VTOL/ws_sensor_combined_src/install/px4_msgs/include/px4_msgs/px4_msgs/msg/detail/vehicle_attitude__builder.hpp\n'}
[7.064803] (px4_msgs) StdoutLine: {'line': b'-- Up-to-date symlink: /home/giromi/Repos/VTOL/ws_sensor_combined_src/install/px4_msgs/include/px4_msgs/px4_msgs/msg/detail/vehicle_attitude__struct.hpp\n'}
[7.065075] (px4_msgs) StdoutLine: {'line': b'-- Up-to-date symlink: /home/giromi/Repos/VTOL/ws_sensor_combined_src/install/px4_msgs/include/px4_msgs/px4_msgs/msg/detail/vehicle_attitude__traits.hpp\n'}
[7.065353] (px4_msgs) StdoutLine: {'line': b'-- Up-to-date symlink: /home/giromi/Repos/VTOL/ws_sensor_combined_src/install/px4_msgs/include/px4_msgs/px4_msgs/msg/detail/vehicle_attitude_setpoint__builder.hpp\n'}
[7.065604] (px4_msgs) StdoutLine: {'line': b'-- Up-to-date symlink: /home/giromi/Repos/VTOL/ws_sensor_combined_src/install/px4_msgs/include/px4_msgs/px4_msgs/msg/detail/vehicle_attitude_setpoint__struct.hpp\n'}
[7.065917] (px4_msgs) StdoutLine: {'line': b'-- Up-to-date symlink: /home/giromi/Repos/VTOL/ws_sensor_combined_src/install/px4_msgs/include/px4_msgs/px4_msgs/msg/detail/vehicle_attitude_setpoint__traits.hpp\n'}
[7.066193] (px4_msgs) StdoutLine: {'line': b'-- Up-to-date symlink: /home/giromi/Repos/VTOL/ws_sensor_combined_src/install/px4_msgs/include/px4_msgs/px4_msgs/msg/detail/vehicle_command__builder.hpp\n'}
[7.066452] (px4_msgs) StdoutLine: {'line': b'-- Up-to-date symlink: /home/giromi/Repos/VTOL/ws_sensor_combined_src/install/px4_msgs/include/px4_msgs/px4_msgs/msg/detail/vehicle_command__struct.hpp\n'}
[7.066756] (px4_msgs) StdoutLine: {'line': b'-- Up-to-date symlink: /home/giromi/Repos/VTOL/ws_sensor_combined_src/install/px4_msgs/include/px4_msgs/px4_msgs/msg/detail/vehicle_command__traits.hpp\n'}
[7.067039] (px4_msgs) StdoutLine: {'line': b'-- Up-to-date symlink: /home/giromi/Repos/VTOL/ws_sensor_combined_src/install/px4_msgs/include/px4_msgs/px4_msgs/msg/detail/vehicle_command_ack__builder.hpp\n'}
[7.067353] (px4_msgs) StdoutLine: {'line': b'-- Up-to-date symlink: /home/giromi/Repos/VTOL/ws_sensor_combined_src/install/px4_msgs/include/px4_msgs/px4_msgs/msg/detail/vehicle_command_ack__struct.hpp\n'}
[7.067593] (px4_msgs) StdoutLine: {'line': b'-- Up-to-date symlink: /home/giromi/Repos/VTOL/ws_sensor_combined_src/install/px4_msgs/include/px4_msgs/px4_msgs/msg/detail/vehicle_command_ack__traits.hpp\n'}
[7.067875] (px4_msgs) StdoutLine: {'line': b'-- Up-to-date symlink: /home/giromi/Repos/VTOL/ws_sensor_combined_src/install/px4_msgs/include/px4_msgs/px4_msgs/msg/detail/vehicle_constraints__builder.hpp\n'}
[7.068229] (px4_msgs) StdoutLine: {'line': b'-- Up-to-date symlink: /home/giromi/Repos/VTOL/ws_sensor_combined_src/install/px4_msgs/include/px4_msgs/px4_msgs/msg/detail/vehicle_constraints__struct.hpp\n'}
[7.068492] (px4_msgs) StdoutLine: {'line': b'-- Up-to-date symlink: /home/giromi/Repos/VTOL/ws_sensor_combined_src/install/px4_msgs/include/px4_msgs/px4_msgs/msg/detail/vehicle_constraints__traits.hpp\n'}
[7.068809] (px4_msgs) StdoutLine: {'line': b'-- Up-to-date symlink: /home/giromi/Repos/VTOL/ws_sensor_combined_src/install/px4_msgs/include/px4_msgs/px4_msgs/msg/detail/vehicle_control_mode__builder.hpp\n'}
[7.069083] (px4_msgs) StdoutLine: {'line': b'-- Up-to-date symlink: /home/giromi/Repos/VTOL/ws_sensor_combined_src/install/px4_msgs/include/px4_msgs/px4_msgs/msg/detail/vehicle_control_mode__struct.hpp\n'}
[7.069349] (px4_msgs) StdoutLine: {'line': b'-- Up-to-date symlink: /home/giromi/Repos/VTOL/ws_sensor_combined_src/install/px4_msgs/include/px4_msgs/px4_msgs/msg/detail/vehicle_control_mode__traits.hpp\n'}
[7.069606] (px4_msgs) StdoutLine: {'line': b'-- Up-to-date symlink: /home/giromi/Repos/VTOL/ws_sensor_combined_src/install/px4_msgs/include/px4_msgs/px4_msgs/msg/detail/vehicle_global_position__builder.hpp\n'}
[7.069867] (px4_msgs) StdoutLine: {'line': b'-- Up-to-date symlink: /home/giromi/Repos/VTOL/ws_sensor_combined_src/install/px4_msgs/include/px4_msgs/px4_msgs/msg/detail/vehicle_global_position__struct.hpp\n'}
[7.070159] (px4_msgs) StdoutLine: {'line': b'-- Up-to-date symlink: /home/giromi/Repos/VTOL/ws_sensor_combined_src/install/px4_msgs/include/px4_msgs/px4_msgs/msg/detail/vehicle_global_position__traits.hpp\n'}
[7.070398] (px4_msgs) StdoutLine: {'line': b'-- Up-to-date symlink: /home/giromi/Repos/VTOL/ws_sensor_combined_src/install/px4_msgs/include/px4_msgs/px4_msgs/msg/detail/vehicle_imu__builder.hpp\n'}
[7.070641] (px4_msgs) StdoutLine: {'line': b'-- Up-to-date symlink: /home/giromi/Repos/VTOL/ws_sensor_combined_src/install/px4_msgs/include/px4_msgs/px4_msgs/msg/detail/vehicle_imu__struct.hpp\n'}
[7.070953] (px4_msgs) StdoutLine: {'line': b'-- Up-to-date symlink: /home/giromi/Repos/VTOL/ws_sensor_combined_src/install/px4_msgs/include/px4_msgs/px4_msgs/msg/detail/vehicle_imu__traits.hpp\n'}
[7.071164] (px4_msgs) StdoutLine: {'line': b'-- Up-to-date symlink: /home/giromi/Repos/VTOL/ws_sensor_combined_src/install/px4_msgs/include/px4_msgs/px4_msgs/msg/detail/vehicle_imu_status__builder.hpp\n'}
[7.071471] (px4_msgs) StdoutLine: {'line': b'-- Up-to-date symlink: /home/giromi/Repos/VTOL/ws_sensor_combined_src/install/px4_msgs/include/px4_msgs/px4_msgs/msg/detail/vehicle_imu_status__struct.hpp\n'}
[7.071735] (px4_msgs) StdoutLine: {'line': b'-- Up-to-date symlink: /home/giromi/Repos/VTOL/ws_sensor_combined_src/install/px4_msgs/include/px4_msgs/px4_msgs/msg/detail/vehicle_imu_status__traits.hpp\n'}
[7.071988] (px4_msgs) StdoutLine: {'line': b'-- Up-to-date symlink: /home/giromi/Repos/VTOL/ws_sensor_combined_src/install/px4_msgs/include/px4_msgs/px4_msgs/msg/detail/vehicle_land_detected__builder.hpp\n'}
[7.072377] (px4_msgs) StdoutLine: {'line': b'-- Up-to-date symlink: /home/giromi/Repos/VTOL/ws_sensor_combined_src/install/px4_msgs/include/px4_msgs/px4_msgs/msg/detail/vehicle_land_detected__struct.hpp\n'}
[7.072616] (px4_msgs) StdoutLine: {'line': b'-- Up-to-date symlink: /home/giromi/Repos/VTOL/ws_sensor_combined_src/install/px4_msgs/include/px4_msgs/px4_msgs/msg/detail/vehicle_land_detected__traits.hpp\n'}
[7.072926] (px4_msgs) StdoutLine: {'line': b'-- Up-to-date symlink: /home/giromi/Repos/VTOL/ws_sensor_combined_src/install/px4_msgs/include/px4_msgs/px4_msgs/msg/detail/vehicle_local_position__builder.hpp\n'}
[7.073175] (px4_msgs) StdoutLine: {'line': b'-- Up-to-date symlink: /home/giromi/Repos/VTOL/ws_sensor_combined_src/install/px4_msgs/include/px4_msgs/px4_msgs/msg/detail/vehicle_local_position__struct.hpp\n'}
[7.073463] (px4_msgs) StdoutLine: {'line': b'-- Up-to-date symlink: /home/giromi/Repos/VTOL/ws_sensor_combined_src/install/px4_msgs/include/px4_msgs/px4_msgs/msg/detail/vehicle_local_position__traits.hpp\n'}
[7.073723] (px4_msgs) StdoutLine: {'line': b'-- Up-to-date symlink: /home/giromi/Repos/VTOL/ws_sensor_combined_src/install/px4_msgs/include/px4_msgs/px4_msgs/msg/detail/vehicle_local_position_setpoint__builder.hpp\n'}
[7.073970] (px4_msgs) StdoutLine: {'line': b'-- Up-to-date symlink: /home/giromi/Repos/VTOL/ws_sensor_combined_src/install/px4_msgs/include/px4_msgs/px4_msgs/msg/detail/vehicle_local_position_setpoint__struct.hpp\n'}
[7.074252] (px4_msgs) StdoutLine: {'line': b'-- Up-to-date symlink: /home/giromi/Repos/VTOL/ws_sensor_combined_src/install/px4_msgs/include/px4_msgs/px4_msgs/msg/detail/vehicle_local_position_setpoint__traits.hpp\n'}
[7.074526] (px4_msgs) StdoutLine: {'line': b'-- Up-to-date symlink: /home/giromi/Repos/VTOL/ws_sensor_combined_src/install/px4_msgs/include/px4_msgs/px4_msgs/msg/detail/vehicle_magnetometer__builder.hpp\n'}
[7.074799] (px4_msgs) StdoutLine: {'line': b'-- Up-to-date symlink: /home/giromi/Repos/VTOL/ws_sensor_combined_src/install/px4_msgs/include/px4_msgs/px4_msgs/msg/detail/vehicle_magnetometer__struct.hpp\n'}
[7.075065] (px4_msgs) StdoutLine: {'line': b'-- Up-to-date symlink: /home/giromi/Repos/VTOL/ws_sensor_combined_src/install/px4_msgs/include/px4_msgs/px4_msgs/msg/detail/vehicle_magnetometer__traits.hpp\n'}
[7.075341] (px4_msgs) StdoutLine: {'line': b'-- Up-to-date symlink: /home/giromi/Repos/VTOL/ws_sensor_combined_src/install/px4_msgs/include/px4_msgs/px4_msgs/msg/detail/vehicle_odometry__builder.hpp\n'}
[7.075700] (px4_msgs) StdoutLine: {'line': b'-- Up-to-date symlink: /home/giromi/Repos/VTOL/ws_sensor_combined_src/install/px4_msgs/include/px4_msgs/px4_msgs/msg/detail/vehicle_odometry__struct.hpp\n'}
[7.075990] (px4_msgs) StdoutLine: {'line': b'-- Up-to-date symlink: /home/giromi/Repos/VTOL/ws_sensor_combined_src/install/px4_msgs/include/px4_msgs/px4_msgs/msg/detail/vehicle_odometry__traits.hpp\n'}
[7.076271] (px4_msgs) StdoutLine: {'line': b'-- Up-to-date symlink: /home/giromi/Repos/VTOL/ws_sensor_combined_src/install/px4_msgs/include/px4_msgs/px4_msgs/msg/detail/vehicle_optical_flow__builder.hpp\n'}
[7.076570] (px4_msgs) StdoutLine: {'line': b'-- Up-to-date symlink: /home/giromi/Repos/VTOL/ws_sensor_combined_src/install/px4_msgs/include/px4_msgs/px4_msgs/msg/detail/vehicle_optical_flow__struct.hpp\n'}
[7.076813] (px4_msgs) StdoutLine: {'line': b'-- Up-to-date symlink: /home/giromi/Repos/VTOL/ws_sensor_combined_src/install/px4_msgs/include/px4_msgs/px4_msgs/msg/detail/vehicle_optical_flow__traits.hpp\n'}
[7.077098] (px4_msgs) StdoutLine: {'line': b'-- Up-to-date symlink: /home/giromi/Repos/VTOL/ws_sensor_combined_src/install/px4_msgs/include/px4_msgs/px4_msgs/msg/detail/vehicle_optical_flow_vel__builder.hpp\n'}
[7.077364] (px4_msgs) StdoutLine: {'line': b'-- Up-to-date symlink: /home/giromi/Repos/VTOL/ws_sensor_combined_src/install/px4_msgs/include/px4_msgs/px4_msgs/msg/detail/vehicle_optical_flow_vel__struct.hpp\n'}
[7.077631] (px4_msgs) StdoutLine: {'line': b'-- Up-to-date symlink: /home/giromi/Repos/VTOL/ws_sensor_combined_src/install/px4_msgs/include/px4_msgs/px4_msgs/msg/detail/vehicle_optical_flow_vel__traits.hpp\n'}
[7.077876] (px4_msgs) StdoutLine: {'line': b'-- Up-to-date symlink: /home/giromi/Repos/VTOL/ws_sensor_combined_src/install/px4_msgs/include/px4_msgs/px4_msgs/msg/detail/vehicle_rates_setpoint__builder.hpp\n'}
[7.078146] (px4_msgs) StdoutLine: {'line': b'-- Up-to-date symlink: /home/giromi/Repos/VTOL/ws_sensor_combined_src/install/px4_msgs/include/px4_msgs/px4_msgs/msg/detail/vehicle_rates_setpoint__struct.hpp\n'}
[7.078394] (px4_msgs) StdoutLine: {'line': b'-- Up-to-date symlink: /home/giromi/Repos/VTOL/ws_sensor_combined_src/install/px4_msgs/include/px4_msgs/px4_msgs/msg/detail/vehicle_rates_setpoint__traits.hpp\n'}
[7.078628] (px4_msgs) StdoutLine: {'line': b'-- Up-to-date symlink: /home/giromi/Repos/VTOL/ws_sensor_combined_src/install/px4_msgs/include/px4_msgs/px4_msgs/msg/detail/vehicle_roi__builder.hpp\n'}
[7.078892] (px4_msgs) StdoutLine: {'line': b'-- Up-to-date symlink: /home/giromi/Repos/VTOL/ws_sensor_combined_src/install/px4_msgs/include/px4_msgs/px4_msgs/msg/detail/vehicle_roi__struct.hpp\n'}
[7.079136] (px4_msgs) StdoutLine: {'line': b'-- Up-to-date symlink: /home/giromi/Repos/VTOL/ws_sensor_combined_src/install/px4_msgs/include/px4_msgs/px4_msgs/msg/detail/vehicle_roi__traits.hpp\n'}
[7.079364] (px4_msgs) StdoutLine: {'line': b'-- Up-to-date symlink: /home/giromi/Repos/VTOL/ws_sensor_combined_src/install/px4_msgs/include/px4_msgs/px4_msgs/msg/detail/vehicle_status__builder.hpp\n'}
[7.079598] (px4_msgs) StdoutLine: {'line': b'-- Up-to-date symlink: /home/giromi/Repos/VTOL/ws_sensor_combined_src/install/px4_msgs/include/px4_msgs/px4_msgs/msg/detail/vehicle_status__struct.hpp\n'}
[7.079830] (px4_msgs) StdoutLine: {'line': b'-- Up-to-date symlink: /home/giromi/Repos/VTOL/ws_sensor_combined_src/install/px4_msgs/include/px4_msgs/px4_msgs/msg/detail/vehicle_status__traits.hpp\n'}
[7.080129] (px4_msgs) StdoutLine: {'line': b'-- Up-to-date symlink: /home/giromi/Repos/VTOL/ws_sensor_combined_src/install/px4_msgs/include/px4_msgs/px4_msgs/msg/detail/vehicle_thrust_setpoint__builder.hpp\n'}
[7.080397] (px4_msgs) StdoutLine: {'line': b'-- Up-to-date symlink: /home/giromi/Repos/VTOL/ws_sensor_combined_src/install/px4_msgs/include/px4_msgs/px4_msgs/msg/detail/vehicle_thrust_setpoint__struct.hpp\n'}
[7.080626] (px4_msgs) StdoutLine: {'line': b'-- Up-to-date symlink: /home/giromi/Repos/VTOL/ws_sensor_combined_src/install/px4_msgs/include/px4_msgs/px4_msgs/msg/detail/vehicle_thrust_setpoint__traits.hpp\n'}
[7.080870] (px4_msgs) StdoutLine: {'line': b'-- Up-to-date symlink: /home/giromi/Repos/VTOL/ws_sensor_combined_src/install/px4_msgs/include/px4_msgs/px4_msgs/msg/detail/vehicle_torque_setpoint__builder.hpp\n'}
[7.081143] (px4_msgs) StdoutLine: {'line': b'-- Up-to-date symlink: /home/giromi/Repos/VTOL/ws_sensor_combined_src/install/px4_msgs/include/px4_msgs/px4_msgs/msg/detail/vehicle_torque_setpoint__struct.hpp\n'}
[7.081380] (px4_msgs) StdoutLine: {'line': b'-- Up-to-date symlink: /home/giromi/Repos/VTOL/ws_sensor_combined_src/install/px4_msgs/include/px4_msgs/px4_msgs/msg/detail/vehicle_torque_setpoint__traits.hpp\n'}
[7.081614] (px4_msgs) StdoutLine: {'line': b'-- Up-to-date symlink: /home/giromi/Repos/VTOL/ws_sensor_combined_src/install/px4_msgs/include/px4_msgs/px4_msgs/msg/detail/vehicle_trajectory_bezier__builder.hpp\n'}
[7.081845] (px4_msgs) StdoutLine: {'line': b'-- Up-to-date symlink: /home/giromi/Repos/VTOL/ws_sensor_combined_src/install/px4_msgs/include/px4_msgs/px4_msgs/msg/detail/vehicle_trajectory_bezier__struct.hpp\n'}
[7.082091] (px4_msgs) StdoutLine: {'line': b'-- Up-to-date symlink: /home/giromi/Repos/VTOL/ws_sensor_combined_src/install/px4_msgs/include/px4_msgs/px4_msgs/msg/detail/vehicle_trajectory_bezier__traits.hpp\n'}
[7.082340] (px4_msgs) StdoutLine: {'line': b'-- Up-to-date symlink: /home/giromi/Repos/VTOL/ws_sensor_combined_src/install/px4_msgs/include/px4_msgs/px4_msgs/msg/detail/vehicle_trajectory_waypoint__builder.hpp\n'}
[7.082569] (px4_msgs) StdoutLine: {'line': b'-- Up-to-date symlink: /home/giromi/Repos/VTOL/ws_sensor_combined_src/install/px4_msgs/include/px4_msgs/px4_msgs/msg/detail/vehicle_trajectory_waypoint__struct.hpp\n'}
[7.082799] (px4_msgs) StdoutLine: {'line': b'-- Up-to-date symlink: /home/giromi/Repos/VTOL/ws_sensor_combined_src/install/px4_msgs/include/px4_msgs/px4_msgs/msg/detail/vehicle_trajectory_waypoint__traits.hpp\n'}
[7.083032] (px4_msgs) StdoutLine: {'line': b'-- Up-to-date symlink: /home/giromi/Repos/VTOL/ws_sensor_combined_src/install/px4_msgs/include/px4_msgs/px4_msgs/msg/detail/velocity_limits__builder.hpp\n'}
[7.083268] (px4_msgs) StdoutLine: {'line': b'-- Up-to-date symlink: /home/giromi/Repos/VTOL/ws_sensor_combined_src/install/px4_msgs/include/px4_msgs/px4_msgs/msg/detail/velocity_limits__struct.hpp\n'}
[7.083502] (px4_msgs) StdoutLine: {'line': b'-- Up-to-date symlink: /home/giromi/Repos/VTOL/ws_sensor_combined_src/install/px4_msgs/include/px4_msgs/px4_msgs/msg/detail/velocity_limits__traits.hpp\n'}
[7.083740] (px4_msgs) StdoutLine: {'line': b'-- Up-to-date symlink: /home/giromi/Repos/VTOL/ws_sensor_combined_src/install/px4_msgs/include/px4_msgs/px4_msgs/msg/detail/vtol_vehicle_status__builder.hpp\n'}
[7.084000] (px4_msgs) StdoutLine: {'line': b'-- Up-to-date symlink: /home/giromi/Repos/VTOL/ws_sensor_combined_src/install/px4_msgs/include/px4_msgs/px4_msgs/msg/detail/vtol_vehicle_status__struct.hpp\n'}
[7.084287] (px4_msgs) StdoutLine: {'line': b'-- Up-to-date symlink: /home/giromi/Repos/VTOL/ws_sensor_combined_src/install/px4_msgs/include/px4_msgs/px4_msgs/msg/detail/vtol_vehicle_status__traits.hpp\n'}
[7.084559] (px4_msgs) StdoutLine: {'line': b'-- Up-to-date symlink: /home/giromi/Repos/VTOL/ws_sensor_combined_src/install/px4_msgs/include/px4_msgs/px4_msgs/msg/detail/wheel_encoders__builder.hpp\n'}
[7.084760] (px4_msgs) StdoutLine: {'line': b'-- Up-to-date symlink: /home/giromi/Repos/VTOL/ws_sensor_combined_src/install/px4_msgs/include/px4_msgs/px4_msgs/msg/detail/wheel_encoders__struct.hpp\n'}
[7.084974] (px4_msgs) StdoutLine: {'line': b'-- Up-to-date symlink: /home/giromi/Repos/VTOL/ws_sensor_combined_src/install/px4_msgs/include/px4_msgs/px4_msgs/msg/detail/wheel_encoders__traits.hpp\n'}
[7.085177] (px4_msgs) StdoutLine: {'line': b'-- Up-to-date symlink: /home/giromi/Repos/VTOL/ws_sensor_combined_src/install/px4_msgs/include/px4_msgs/px4_msgs/msg/detail/wind__builder.hpp\n'}
[7.085381] (px4_msgs) StdoutLine: {'line': b'-- Up-to-date symlink: /home/giromi/Repos/VTOL/ws_sensor_combined_src/install/px4_msgs/include/px4_msgs/px4_msgs/msg/detail/wind__struct.hpp\n'}
[7.085616] (px4_msgs) StdoutLine: {'line': b'-- Up-to-date symlink: /home/giromi/Repos/VTOL/ws_sensor_combined_src/install/px4_msgs/include/px4_msgs/px4_msgs/msg/detail/wind__traits.hpp\n'}
[7.085851] (px4_msgs) StdoutLine: {'line': b'-- Up-to-date symlink: /home/giromi/Repos/VTOL/ws_sensor_combined_src/install/px4_msgs/include/px4_msgs/px4_msgs/msg/detail/yaw_estimator_status__builder.hpp\n'}
[7.086085] (px4_msgs) StdoutLine: {'line': b'-- Up-to-date symlink: /home/giromi/Repos/VTOL/ws_sensor_combined_src/install/px4_msgs/include/px4_msgs/px4_msgs/msg/detail/yaw_estimator_status__struct.hpp\n'}
[7.086319] (px4_msgs) StdoutLine: {'line': b'-- Up-to-date symlink: /home/giromi/Repos/VTOL/ws_sensor_combined_src/install/px4_msgs/include/px4_msgs/px4_msgs/msg/detail/yaw_estimator_status__traits.hpp\n'}
[7.086544] (px4_msgs) StdoutLine: {'line': b'-- Up-to-date symlink: /home/giromi/Repos/VTOL/ws_sensor_combined_src/install/px4_msgs/include/px4_msgs/px4_msgs/msg/differential_drive_setpoint.hpp\n'}
[7.086742] (px4_msgs) StdoutLine: {'line': b'-- Up-to-date symlink: /home/giromi/Repos/VTOL/ws_sensor_combined_src/install/px4_msgs/include/px4_msgs/px4_msgs/msg/differential_pressure.hpp\n'}
[7.086967] (px4_msgs) StdoutLine: {'line': b'-- Up-to-date symlink: /home/giromi/Repos/VTOL/ws_sensor_combined_src/install/px4_msgs/include/px4_msgs/px4_msgs/msg/distance_sensor.hpp\n'}
[7.087188] (px4_msgs) StdoutLine: {'line': b'-- Up-to-date symlink: /home/giromi/Repos/VTOL/ws_sensor_combined_src/install/px4_msgs/include/px4_msgs/px4_msgs/msg/ekf2_timestamps.hpp\n'}
[7.087374] (px4_msgs) StdoutLine: {'line': b'-- Up-to-date symlink: /home/giromi/Repos/VTOL/ws_sensor_combined_src/install/px4_msgs/include/px4_msgs/px4_msgs/msg/esc_report.hpp\n'}
[7.087582] (px4_msgs) StdoutLine: {'line': b'-- Up-to-date symlink: /home/giromi/Repos/VTOL/ws_sensor_combined_src/install/px4_msgs/include/px4_msgs/px4_msgs/msg/esc_status.hpp\n'}
[7.087813] (px4_msgs) StdoutLine: {'line': b'-- Up-to-date symlink: /home/giromi/Repos/VTOL/ws_sensor_combined_src/install/px4_msgs/include/px4_msgs/px4_msgs/msg/estimator_aid_source1d.hpp\n'}
[7.088106] (px4_msgs) StdoutLine: {'line': b'-- Up-to-date symlink: /home/giromi/Repos/VTOL/ws_sensor_combined_src/install/px4_msgs/include/px4_msgs/px4_msgs/msg/estimator_aid_source2d.hpp\n'}
[7.088342] (px4_msgs) StdoutLine: {'line': b'-- Up-to-date symlink: /home/giromi/Repos/VTOL/ws_sensor_combined_src/install/px4_msgs/include/px4_msgs/px4_msgs/msg/estimator_aid_source3d.hpp\n'}
[7.088532] (px4_msgs) StdoutLine: {'line': b'-- Up-to-date symlink: /home/giromi/Repos/VTOL/ws_sensor_combined_src/install/px4_msgs/include/px4_msgs/px4_msgs/msg/estimator_bias.hpp\n'}
[7.088747] (px4_msgs) StdoutLine: {'line': b'-- Up-to-date symlink: /home/giromi/Repos/VTOL/ws_sensor_combined_src/install/px4_msgs/include/px4_msgs/px4_msgs/msg/estimator_bias3d.hpp\n'}
[7.088942] (px4_msgs) StdoutLine: {'line': b'-- Up-to-date symlink: /home/giromi/Repos/VTOL/ws_sensor_combined_src/install/px4_msgs/include/px4_msgs/px4_msgs/msg/estimator_event_flags.hpp\n'}
[7.089127] (px4_msgs) StdoutLine: {'line': b'-- Up-to-date symlink: /home/giromi/Repos/VTOL/ws_sensor_combined_src/install/px4_msgs/include/px4_msgs/px4_msgs/msg/estimator_gps_status.hpp\n'}
[7.089303] (px4_msgs) StdoutLine: {'line': b'-- Up-to-date symlink: /home/giromi/Repos/VTOL/ws_sensor_combined_src/install/px4_msgs/include/px4_msgs/px4_msgs/msg/estimator_innovations.hpp\n'}
[7.089490] (px4_msgs) StdoutLine: {'line': b'-- Up-to-date symlink: /home/giromi/Repos/VTOL/ws_sensor_combined_src/install/px4_msgs/include/px4_msgs/px4_msgs/msg/estimator_selector_status.hpp\n'}
[7.089644] (px4_msgs) StdoutLine: {'line': b'-- Up-to-date symlink: /home/giromi/Repos/VTOL/ws_sensor_combined_src/install/px4_msgs/include/px4_msgs/px4_msgs/msg/estimator_sensor_bias.hpp\n'}
[7.089781] (px4_msgs) StdoutLine: {'line': b'-- Up-to-date symlink: /home/giromi/Repos/VTOL/ws_sensor_combined_src/install/px4_msgs/include/px4_msgs/px4_msgs/msg/estimator_states.hpp\n'}
[7.089936] (px4_msgs) StdoutLine: {'line': b'-- Up-to-date symlink: /home/giromi/Repos/VTOL/ws_sensor_combined_src/install/px4_msgs/include/px4_msgs/px4_msgs/msg/estimator_status.hpp\n'}
[7.090096] (px4_msgs) StdoutLine: {'line': b'-- Up-to-date symlink: /home/giromi/Repos/VTOL/ws_sensor_combined_src/install/px4_msgs/include/px4_msgs/px4_msgs/msg/estimator_status_flags.hpp\n'}
[7.090306] (px4_msgs) StdoutLine: {'line': b'-- Up-to-date symlink: /home/giromi/Repos/VTOL/ws_sensor_combined_src/install/px4_msgs/include/px4_msgs/px4_msgs/msg/event.hpp\n'}
[7.090496] (px4_msgs) StdoutLine: {'line': b'-- Up-to-date symlink: /home/giromi/Repos/VTOL/ws_sensor_combined_src/install/px4_msgs/include/px4_msgs/px4_msgs/msg/failsafe_flags.hpp\n'}
[7.090635] (px4_msgs) StdoutLine: {'line': b'-- Up-to-date symlink: /home/giromi/Repos/VTOL/ws_sensor_combined_src/install/px4_msgs/include/px4_msgs/px4_msgs/msg/failure_detector_status.hpp\n'}
[7.090838] (px4_msgs) StdoutLine: {'line': b'-- Up-to-date symlink: /home/giromi/Repos/VTOL/ws_sensor_combined_src/install/px4_msgs/include/px4_msgs/px4_msgs/msg/figure_eight_status.hpp\n'}
[7.091029] (px4_msgs) StdoutLine: {'line': b'-- Up-to-date symlink: /home/giromi/Repos/VTOL/ws_sensor_combined_src/install/px4_msgs/include/px4_msgs/px4_msgs/msg/follow_target.hpp\n'}
[7.091221] (px4_msgs) StdoutLine: {'line': b'-- Up-to-date symlink: /home/giromi/Repos/VTOL/ws_sensor_combined_src/install/px4_msgs/include/px4_msgs/px4_msgs/msg/follow_target_estimator.hpp\n'}
[7.091410] (px4_msgs) StdoutLine: {'line': b'-- Up-to-date symlink: /home/giromi/Repos/VTOL/ws_sensor_combined_src/install/px4_msgs/include/px4_msgs/px4_msgs/msg/follow_target_status.hpp\n'}
[7.091619] (px4_msgs) StdoutLine: {'line': b'-- Up-to-date symlink: /home/giromi/Repos/VTOL/ws_sensor_combined_src/install/px4_msgs/include/px4_msgs/px4_msgs/msg/generator_status.hpp\n'}
[7.091803] (px4_msgs) StdoutLine: {'line': b'-- Up-to-date symlink: /home/giromi/Repos/VTOL/ws_sensor_combined_src/install/px4_msgs/include/px4_msgs/px4_msgs/msg/geofence_result.hpp\n'}
[7.092061] (px4_msgs) StdoutLine: {'line': b'-- Up-to-date symlink: /home/giromi/Repos/VTOL/ws_sensor_combined_src/install/px4_msgs/include/px4_msgs/px4_msgs/msg/gimbal_controls.hpp\n'}
[7.092272] (px4_msgs) StdoutLine: {'line': b'-- Up-to-date symlink: /home/giromi/Repos/VTOL/ws_sensor_combined_src/install/px4_msgs/include/px4_msgs/px4_msgs/msg/gimbal_device_attitude_status.hpp\n'}
[7.092480] (px4_msgs) StdoutLine: {'line': b'-- Up-to-date symlink: /home/giromi/Repos/VTOL/ws_sensor_combined_src/install/px4_msgs/include/px4_msgs/px4_msgs/msg/gimbal_device_information.hpp\n'}
[7.092678] (px4_msgs) StdoutLine: {'line': b'-- Up-to-date symlink: /home/giromi/Repos/VTOL/ws_sensor_combined_src/install/px4_msgs/include/px4_msgs/px4_msgs/msg/gimbal_device_set_attitude.hpp\n'}
[7.092872] (px4_msgs) StdoutLine: {'line': b'-- Up-to-date symlink: /home/giromi/Repos/VTOL/ws_sensor_combined_src/install/px4_msgs/include/px4_msgs/px4_msgs/msg/gimbal_manager_information.hpp\n'}
[7.093034] (px4_msgs) StdoutLine: {'line': b'-- Up-to-date symlink: /home/giromi/Repos/VTOL/ws_sensor_combined_src/install/px4_msgs/include/px4_msgs/px4_msgs/msg/gimbal_manager_set_attitude.hpp\n'}
[7.093247] (px4_msgs) StdoutLine: {'line': b'-- Up-to-date symlink: /home/giromi/Repos/VTOL/ws_sensor_combined_src/install/px4_msgs/include/px4_msgs/px4_msgs/msg/gimbal_manager_set_manual_control.hpp\n'}
[7.093437] (px4_msgs) StdoutLine: {'line': b'-- Up-to-date symlink: /home/giromi/Repos/VTOL/ws_sensor_combined_src/install/px4_msgs/include/px4_msgs/px4_msgs/msg/gimbal_manager_status.hpp\n'}
[7.093645] (px4_msgs) StdoutLine: {'line': b'-- Up-to-date symlink: /home/giromi/Repos/VTOL/ws_sensor_combined_src/install/px4_msgs/include/px4_msgs/px4_msgs/msg/goto_setpoint.hpp\n'}
[7.093893] (px4_msgs) StdoutLine: {'line': b'-- Up-to-date symlink: /home/giromi/Repos/VTOL/ws_sensor_combined_src/install/px4_msgs/include/px4_msgs/px4_msgs/msg/gpio_config.hpp\n'}
[7.094086] (px4_msgs) StdoutLine: {'line': b'-- Up-to-date symlink: /home/giromi/Repos/VTOL/ws_sensor_combined_src/install/px4_msgs/include/px4_msgs/px4_msgs/msg/gpio_in.hpp\n'}
[7.094276] (px4_msgs) StdoutLine: {'line': b'-- Up-to-date symlink: /home/giromi/Repos/VTOL/ws_sensor_combined_src/install/px4_msgs/include/px4_msgs/px4_msgs/msg/gpio_out.hpp\n'}
[7.094482] (px4_msgs) StdoutLine: {'line': b'-- Up-to-date symlink: /home/giromi/Repos/VTOL/ws_sensor_combined_src/install/px4_msgs/include/px4_msgs/px4_msgs/msg/gpio_request.hpp\n'}
[7.094687] (px4_msgs) StdoutLine: {'line': b'-- Up-to-date symlink: /home/giromi/Repos/VTOL/ws_sensor_combined_src/install/px4_msgs/include/px4_msgs/px4_msgs/msg/gps_dump.hpp\n'}
[7.094876] (px4_msgs) StdoutLine: {'line': b'-- Up-to-date symlink: /home/giromi/Repos/VTOL/ws_sensor_combined_src/install/px4_msgs/include/px4_msgs/px4_msgs/msg/gps_inject_data.hpp\n'}
[7.095064] (px4_msgs) StdoutLine: {'line': b'-- Up-to-date symlink: /home/giromi/Repos/VTOL/ws_sensor_combined_src/install/px4_msgs/include/px4_msgs/px4_msgs/msg/gripper.hpp\n'}
[7.095212] (px4_msgs) StdoutLine: {'line': b'-- Up-to-date symlink: /home/giromi/Repos/VTOL/ws_sensor_combined_src/install/px4_msgs/include/px4_msgs/px4_msgs/msg/health_report.hpp\n'}
[7.095388] (px4_msgs) StdoutLine: {'line': b'-- Up-to-date symlink: /home/giromi/Repos/VTOL/ws_sensor_combined_src/install/px4_msgs/include/px4_msgs/px4_msgs/msg/heater_status.hpp\n'}
[7.095611] (px4_msgs) StdoutLine: {'line': b'-- Up-to-date symlink: /home/giromi/Repos/VTOL/ws_sensor_combined_src/install/px4_msgs/include/px4_msgs/px4_msgs/msg/home_position.hpp\n'}
[7.095797] (px4_msgs) StdoutLine: {'line': b'-- Up-to-date symlink: /home/giromi/Repos/VTOL/ws_sensor_combined_src/install/px4_msgs/include/px4_msgs/px4_msgs/msg/hover_thrust_estimate.hpp\n'}
[7.096046] (px4_msgs) StdoutLine: {'line': b'-- Up-to-date symlink: /home/giromi/Repos/VTOL/ws_sensor_combined_src/install/px4_msgs/include/px4_msgs/px4_msgs/msg/input_rc.hpp\n'}
[7.096243] (px4_msgs) StdoutLine: {'line': b'-- Up-to-date symlink: /home/giromi/Repos/VTOL/ws_sensor_combined_src/install/px4_msgs/include/px4_msgs/px4_msgs/msg/internal_combustion_engine_status.hpp\n'}
[7.096435] (px4_msgs) StdoutLine: {'line': b'-- Up-to-date symlink: /home/giromi/Repos/VTOL/ws_sensor_combined_src/install/px4_msgs/include/px4_msgs/px4_msgs/msg/iridiumsbd_status.hpp\n'}
[7.096660] (px4_msgs) StdoutLine: {'line': b'-- Up-to-date symlink: /home/giromi/Repos/VTOL/ws_sensor_combined_src/install/px4_msgs/include/px4_msgs/px4_msgs/msg/irlock_report.hpp\n'}
[7.096851] (px4_msgs) StdoutLine: {'line': b'-- Up-to-date symlink: /home/giromi/Repos/VTOL/ws_sensor_combined_src/install/px4_msgs/include/px4_msgs/px4_msgs/msg/landing_gear.hpp\n'}
[7.096998] (px4_msgs) StdoutLine: {'line': b'-- Up-to-date symlink: /home/giromi/Repos/VTOL/ws_sensor_combined_src/install/px4_msgs/include/px4_msgs/px4_msgs/msg/landing_gear_wheel.hpp\n'}
[7.097256] (px4_msgs) StdoutLine: {'line': b'-- Up-to-date symlink: /home/giromi/Repos/VTOL/ws_sensor_combined_src/install/px4_msgs/include/px4_msgs/px4_msgs/msg/landing_target_innovations.hpp\n'}
[7.097420] (px4_msgs) StdoutLine: {'line': b'-- Up-to-date symlink: /home/giromi/Repos/VTOL/ws_sensor_combined_src/install/px4_msgs/include/px4_msgs/px4_msgs/msg/landing_target_pose.hpp\n'}
[7.097607] (px4_msgs) StdoutLine: {'line': b'-- Up-to-date symlink: /home/giromi/Repos/VTOL/ws_sensor_combined_src/install/px4_msgs/include/px4_msgs/px4_msgs/msg/launch_detection_status.hpp\n'}
[7.097849] (px4_msgs) StdoutLine: {'line': b'-- Up-to-date symlink: /home/giromi/Repos/VTOL/ws_sensor_combined_src/install/px4_msgs/include/px4_msgs/px4_msgs/msg/led_control.hpp\n'}
[7.098045] (px4_msgs) StdoutLine: {'line': b'-- Up-to-date symlink: /home/giromi/Repos/VTOL/ws_sensor_combined_src/install/px4_msgs/include/px4_msgs/px4_msgs/msg/log_message.hpp\n'}
[7.098275] (px4_msgs) StdoutLine: {'line': b'-- Up-to-date symlink: /home/giromi/Repos/VTOL/ws_sensor_combined_src/install/px4_msgs/include/px4_msgs/px4_msgs/msg/logger_status.hpp\n'}
[7.098535] (px4_msgs) StdoutLine: {'line': b'-- Up-to-date symlink: /home/giromi/Repos/VTOL/ws_sensor_combined_src/install/px4_msgs/include/px4_msgs/px4_msgs/msg/mag_worker_data.hpp\n'}
[7.098786] (px4_msgs) StdoutLine: {'line': b'-- Up-to-date symlink: /home/giromi/Repos/VTOL/ws_sensor_combined_src/install/px4_msgs/include/px4_msgs/px4_msgs/msg/magnetometer_bias_estimate.hpp\n'}
[7.098977] (px4_msgs) StdoutLine: {'line': b'-- Up-to-date symlink: /home/giromi/Repos/VTOL/ws_sensor_combined_src/install/px4_msgs/include/px4_msgs/px4_msgs/msg/manual_control_setpoint.hpp\n'}
[7.099245] (px4_msgs) StdoutLine: {'line': b'-- Up-to-date symlink: /home/giromi/Repos/VTOL/ws_sensor_combined_src/install/px4_msgs/include/px4_msgs/px4_msgs/msg/manual_control_switches.hpp\n'}
[7.099459] (px4_msgs) StdoutLine: {'line': b'-- Up-to-date symlink: /home/giromi/Repos/VTOL/ws_sensor_combined_src/install/px4_msgs/include/px4_msgs/px4_msgs/msg/mavlink_log.hpp\n'}
[7.099644] (px4_msgs) StdoutLine: {'line': b'-- Up-to-date symlink: /home/giromi/Repos/VTOL/ws_sensor_combined_src/install/px4_msgs/include/px4_msgs/px4_msgs/msg/mavlink_tunnel.hpp\n'}
[7.099848] (px4_msgs) StdoutLine: {'line': b'-- Up-to-date symlink: /home/giromi/Repos/VTOL/ws_sensor_combined_src/install/px4_msgs/include/px4_msgs/px4_msgs/msg/message_format_request.hpp\n'}
[7.100088] (px4_msgs) StdoutLine: {'line': b'-- Up-to-date symlink: /home/giromi/Repos/VTOL/ws_sensor_combined_src/install/px4_msgs/include/px4_msgs/px4_msgs/msg/message_format_response.hpp\n'}
[7.100291] (px4_msgs) StdoutLine: {'line': b'-- Up-to-date symlink: /home/giromi/Repos/VTOL/ws_sensor_combined_src/install/px4_msgs/include/px4_msgs/px4_msgs/msg/mission.hpp\n'}
[7.100497] (px4_msgs) StdoutLine: {'line': b'-- Up-to-date symlink: /home/giromi/Repos/VTOL/ws_sensor_combined_src/install/px4_msgs/include/px4_msgs/px4_msgs/msg/mission_result.hpp\n'}
[7.100658] (px4_msgs) StdoutLine: {'line': b'-- Up-to-date symlink: /home/giromi/Repos/VTOL/ws_sensor_combined_src/install/px4_msgs/include/px4_msgs/px4_msgs/msg/mode_completed.hpp\n'}
[7.100857] (px4_msgs) StdoutLine: {'line': b'-- Up-to-date symlink: /home/giromi/Repos/VTOL/ws_sensor_combined_src/install/px4_msgs/include/px4_msgs/px4_msgs/msg/mount_orientation.hpp\n'}
[7.101078] (px4_msgs) StdoutLine: {'line': b'-- Up-to-date symlink: /home/giromi/Repos/VTOL/ws_sensor_combined_src/install/px4_msgs/include/px4_msgs/px4_msgs/msg/navigator_mission_item.hpp\n'}
[7.101302] (px4_msgs) StdoutLine: {'line': b'-- Up-to-date symlink: /home/giromi/Repos/VTOL/ws_sensor_combined_src/install/px4_msgs/include/px4_msgs/px4_msgs/msg/normalized_unsigned_setpoint.hpp\n'}
[7.101466] (px4_msgs) StdoutLine: {'line': b'-- Up-to-date symlink: /home/giromi/Repos/VTOL/ws_sensor_combined_src/install/px4_msgs/include/px4_msgs/px4_msgs/msg/npfg_status.hpp\n'}
[7.101654] (px4_msgs) StdoutLine: {'line': b'-- Up-to-date symlink: /home/giromi/Repos/VTOL/ws_sensor_combined_src/install/px4_msgs/include/px4_msgs/px4_msgs/msg/obstacle_distance.hpp\n'}
[7.101818] (px4_msgs) StdoutLine: {'line': b'-- Up-to-date symlink: /home/giromi/Repos/VTOL/ws_sensor_combined_src/install/px4_msgs/include/px4_msgs/px4_msgs/msg/offboard_control_mode.hpp\n'}
[7.101977] (px4_msgs) StdoutLine: {'line': b'-- Up-to-date symlink: /home/giromi/Repos/VTOL/ws_sensor_combined_src/install/px4_msgs/include/px4_msgs/px4_msgs/msg/onboard_computer_status.hpp\n'}
[7.102137] (px4_msgs) StdoutLine: {'line': b'-- Up-to-date symlink: /home/giromi/Repos/VTOL/ws_sensor_combined_src/install/px4_msgs/include/px4_msgs/px4_msgs/msg/orb_test.hpp\n'}
[7.102296] (px4_msgs) StdoutLine: {'line': b'-- Up-to-date symlink: /home/giromi/Repos/VTOL/ws_sensor_combined_src/install/px4_msgs/include/px4_msgs/px4_msgs/msg/orb_test_large.hpp\n'}
[7.102492] (px4_msgs) StdoutLine: {'line': b'-- Up-to-date symlink: /home/giromi/Repos/VTOL/ws_sensor_combined_src/install/px4_msgs/include/px4_msgs/px4_msgs/msg/orb_test_medium.hpp\n'}
[7.102748] (px4_msgs) StdoutLine: {'line': b'-- Up-to-date symlink: /home/giromi/Repos/VTOL/ws_sensor_combined_src/install/px4_msgs/include/px4_msgs/px4_msgs/msg/orbit_status.hpp\n'}
[7.102973] (px4_msgs) StdoutLine: {'line': b'-- Up-to-date symlink: /home/giromi/Repos/VTOL/ws_sensor_combined_src/install/px4_msgs/include/px4_msgs/px4_msgs/msg/parameter_update.hpp\n'}
[7.103164] (px4_msgs) StdoutLine: {'line': b'-- Up-to-date symlink: /home/giromi/Repos/VTOL/ws_sensor_combined_src/install/px4_msgs/include/px4_msgs/px4_msgs/msg/ping.hpp\n'}
[7.103377] (px4_msgs) StdoutLine: {'line': b'-- Up-to-date symlink: /home/giromi/Repos/VTOL/ws_sensor_combined_src/install/px4_msgs/include/px4_msgs/px4_msgs/msg/position_controller_landing_status.hpp\n'}
[7.103537] (px4_msgs) StdoutLine: {'line': b'-- Up-to-date symlink: /home/giromi/Repos/VTOL/ws_sensor_combined_src/install/px4_msgs/include/px4_msgs/px4_msgs/msg/position_controller_status.hpp\n'}
[7.103695] (px4_msgs) StdoutLine: {'line': b'-- Up-to-date symlink: /home/giromi/Repos/VTOL/ws_sensor_combined_src/install/px4_msgs/include/px4_msgs/px4_msgs/msg/position_setpoint.hpp\n'}
[7.103878] (px4_msgs) StdoutLine: {'line': b'-- Up-to-date symlink: /home/giromi/Repos/VTOL/ws_sensor_combined_src/install/px4_msgs/include/px4_msgs/px4_msgs/msg/position_setpoint_triplet.hpp\n'}
[7.104089] (px4_msgs) StdoutLine: {'line': b'-- Up-to-date symlink: /home/giromi/Repos/VTOL/ws_sensor_combined_src/install/px4_msgs/include/px4_msgs/px4_msgs/msg/power_button_state.hpp\n'}
[7.104249] (px4_msgs) StdoutLine: {'line': b'-- Up-to-date symlink: /home/giromi/Repos/VTOL/ws_sensor_combined_src/install/px4_msgs/include/px4_msgs/px4_msgs/msg/power_monitor.hpp\n'}
[7.104476] (px4_msgs) StdoutLine: {'line': b'-- Up-to-date symlink: /home/giromi/Repos/VTOL/ws_sensor_combined_src/install/px4_msgs/include/px4_msgs/px4_msgs/msg/pps_capture.hpp\n'}
[7.104707] (px4_msgs) StdoutLine: {'line': b'-- Up-to-date symlink: /home/giromi/Repos/VTOL/ws_sensor_combined_src/install/px4_msgs/include/px4_msgs/px4_msgs/msg/pwm_input.hpp\n'}
[7.104917] (px4_msgs) StdoutLine: {'line': b'-- Up-to-date symlink: /home/giromi/Repos/VTOL/ws_sensor_combined_src/install/px4_msgs/include/px4_msgs/px4_msgs/msg/px4io_status.hpp\n'}
[7.105108] (px4_msgs) StdoutLine: {'line': b'-- Up-to-date symlink: /home/giromi/Repos/VTOL/ws_sensor_combined_src/install/px4_msgs/include/px4_msgs/px4_msgs/msg/qshell_req.hpp\n'}
[7.105292] (px4_msgs) StdoutLine: {'line': b'-- Up-to-date symlink: /home/giromi/Repos/VTOL/ws_sensor_combined_src/install/px4_msgs/include/px4_msgs/px4_msgs/msg/qshell_retval.hpp\n'}
[7.105436] (px4_msgs) StdoutLine: {'line': b'-- Up-to-date symlink: /home/giromi/Repos/VTOL/ws_sensor_combined_src/install/px4_msgs/include/px4_msgs/px4_msgs/msg/radio_status.hpp\n'}
[7.105625] (px4_msgs) StdoutLine: {'line': b'-- Up-to-date symlink: /home/giromi/Repos/VTOL/ws_sensor_combined_src/install/px4_msgs/include/px4_msgs/px4_msgs/msg/rate_ctrl_status.hpp\n'}
[7.105786] (px4_msgs) StdoutLine: {'line': b'-- Up-to-date symlink: /home/giromi/Repos/VTOL/ws_sensor_combined_src/install/px4_msgs/include/px4_msgs/px4_msgs/msg/rc_channels.hpp\n'}
[7.105976] (px4_msgs) StdoutLine: {'line': b'-- Up-to-date symlink: /home/giromi/Repos/VTOL/ws_sensor_combined_src/install/px4_msgs/include/px4_msgs/px4_msgs/msg/rc_parameter_map.hpp\n'}
[7.106194] (px4_msgs) StdoutLine: {'line': b'-- Up-to-date symlink: /home/giromi/Repos/VTOL/ws_sensor_combined_src/install/px4_msgs/include/px4_msgs/px4_msgs/msg/register_ext_component_reply.hpp\n'}
[7.106383] (px4_msgs) StdoutLine: {'line': b'-- Up-to-date symlink: /home/giromi/Repos/VTOL/ws_sensor_combined_src/install/px4_msgs/include/px4_msgs/px4_msgs/msg/register_ext_component_request.hpp\n'}
[7.106598] (px4_msgs) StdoutLine: {'line': b'-- Up-to-date symlink: /home/giromi/Repos/VTOL/ws_sensor_combined_src/install/px4_msgs/include/px4_msgs/px4_msgs/msg/rpm.hpp\n'}
[7.106829] (px4_msgs) StdoutLine: {'line': b'-- Up-to-date symlink: /home/giromi/Repos/VTOL/ws_sensor_combined_src/install/px4_msgs/include/px4_msgs/px4_msgs/msg/rtl_time_estimate.hpp\n'}
[7.106984] (px4_msgs) StdoutLine: {'line': b'-- Up-to-date symlink: /home/giromi/Repos/VTOL/ws_sensor_combined_src/install/px4_msgs/include/px4_msgs/px4_msgs/msg/satellite_info.hpp\n'}
[7.107140] (px4_msgs) StdoutLine: {'line': b'-- Up-to-date symlink: /home/giromi/Repos/VTOL/ws_sensor_combined_src/install/px4_msgs/include/px4_msgs/px4_msgs/msg/sensor_accel.hpp\n'}
[7.107366] (px4_msgs) StdoutLine: {'line': b'-- Up-to-date symlink: /home/giromi/Repos/VTOL/ws_sensor_combined_src/install/px4_msgs/include/px4_msgs/px4_msgs/msg/sensor_accel_fifo.hpp\n'}
[7.107530] (px4_msgs) StdoutLine: {'line': b'-- Up-to-date symlink: /home/giromi/Repos/VTOL/ws_sensor_combined_src/install/px4_msgs/include/px4_msgs/px4_msgs/msg/sensor_airflow.hpp\n'}
[7.107747] (px4_msgs) StdoutLine: {'line': b'-- Up-to-date symlink: /home/giromi/Repos/VTOL/ws_sensor_combined_src/install/px4_msgs/include/px4_msgs/px4_msgs/msg/sensor_baro.hpp\n'}
[7.107958] (px4_msgs) StdoutLine: {'line': b'-- Up-to-date symlink: /home/giromi/Repos/VTOL/ws_sensor_combined_src/install/px4_msgs/include/px4_msgs/px4_msgs/msg/sensor_combined.hpp\n'}
[7.108141] (px4_msgs) StdoutLine: {'line': b'-- Up-to-date symlink: /home/giromi/Repos/VTOL/ws_sensor_combined_src/install/px4_msgs/include/px4_msgs/px4_msgs/msg/sensor_correction.hpp\n'}
[7.108301] (px4_msgs) StdoutLine: {'line': b'-- Up-to-date symlink: /home/giromi/Repos/VTOL/ws_sensor_combined_src/install/px4_msgs/include/px4_msgs/px4_msgs/msg/sensor_gnss_relative.hpp\n'}
[7.108464] (px4_msgs) StdoutLine: {'line': b'-- Up-to-date symlink: /home/giromi/Repos/VTOL/ws_sensor_combined_src/install/px4_msgs/include/px4_msgs/px4_msgs/msg/sensor_gps.hpp\n'}
[7.108621] (px4_msgs) StdoutLine: {'line': b'-- Up-to-date symlink: /home/giromi/Repos/VTOL/ws_sensor_combined_src/install/px4_msgs/include/px4_msgs/px4_msgs/msg/sensor_gyro.hpp\n'}
[7.108848] (px4_msgs) StdoutLine: {'line': b'-- Up-to-date symlink: /home/giromi/Repos/VTOL/ws_sensor_combined_src/install/px4_msgs/include/px4_msgs/px4_msgs/msg/sensor_gyro_fft.hpp\n'}
[7.109008] (px4_msgs) StdoutLine: {'line': b'-- Up-to-date symlink: /home/giromi/Repos/VTOL/ws_sensor_combined_src/install/px4_msgs/include/px4_msgs/px4_msgs/msg/sensor_gyro_fifo.hpp\n'}
[7.109161] (px4_msgs) StdoutLine: {'line': b'-- Up-to-date symlink: /home/giromi/Repos/VTOL/ws_sensor_combined_src/install/px4_msgs/include/px4_msgs/px4_msgs/msg/sensor_hygrometer.hpp\n'}
[7.109350] (px4_msgs) StdoutLine: {'line': b'-- Up-to-date symlink: /home/giromi/Repos/VTOL/ws_sensor_combined_src/install/px4_msgs/include/px4_msgs/px4_msgs/msg/sensor_mag.hpp\n'}
[7.109545] (px4_msgs) StdoutLine: {'line': b'-- Up-to-date symlink: /home/giromi/Repos/VTOL/ws_sensor_combined_src/install/px4_msgs/include/px4_msgs/px4_msgs/msg/sensor_optical_flow.hpp\n'}
[7.109708] (px4_msgs) StdoutLine: {'line': b'-- Up-to-date symlink: /home/giromi/Repos/VTOL/ws_sensor_combined_src/install/px4_msgs/include/px4_msgs/px4_msgs/msg/sensor_preflight_mag.hpp\n'}
[7.109863] (px4_msgs) StdoutLine: {'line': b'-- Up-to-date symlink: /home/giromi/Repos/VTOL/ws_sensor_combined_src/install/px4_msgs/include/px4_msgs/px4_msgs/msg/sensor_selection.hpp\n'}
[7.110038] (px4_msgs) StdoutLine: {'line': b'-- Up-to-date symlink: /home/giromi/Repos/VTOL/ws_sensor_combined_src/install/px4_msgs/include/px4_msgs/px4_msgs/msg/sensor_uwb.hpp\n'}
[7.110210] (px4_msgs) StdoutLine: {'line': b'-- Up-to-date symlink: /home/giromi/Repos/VTOL/ws_sensor_combined_src/install/px4_msgs/include/px4_msgs/px4_msgs/msg/sensors_status.hpp\n'}
[7.110399] (px4_msgs) StdoutLine: {'line': b'-- Up-to-date symlink: /home/giromi/Repos/VTOL/ws_sensor_combined_src/install/px4_msgs/include/px4_msgs/px4_msgs/msg/sensors_status_imu.hpp\n'}
[7.110594] (px4_msgs) StdoutLine: {'line': b'-- Up-to-date symlink: /home/giromi/Repos/VTOL/ws_sensor_combined_src/install/px4_msgs/include/px4_msgs/px4_msgs/msg/system_power.hpp\n'}
[7.110771] (px4_msgs) StdoutLine: {'line': b'-- Up-to-date symlink: /home/giromi/Repos/VTOL/ws_sensor_combined_src/install/px4_msgs/include/px4_msgs/px4_msgs/msg/takeoff_status.hpp\n'}
[7.110944] (px4_msgs) StdoutLine: {'line': b'-- Up-to-date symlink: /home/giromi/Repos/VTOL/ws_sensor_combined_src/install/px4_msgs/include/px4_msgs/px4_msgs/msg/task_stack_info.hpp\n'}
[7.111133] (px4_msgs) StdoutLine: {'line': b'-- Up-to-date symlink: /home/giromi/Repos/VTOL/ws_sensor_combined_src/install/px4_msgs/include/px4_msgs/px4_msgs/msg/tecs_status.hpp\n'}
[7.111295] (px4_msgs) StdoutLine: {'line': b'-- Up-to-date symlink: /home/giromi/Repos/VTOL/ws_sensor_combined_src/install/px4_msgs/include/px4_msgs/px4_msgs/msg/telemetry_status.hpp\n'}
[7.111455] (px4_msgs) StdoutLine: {'line': b'-- Up-to-date symlink: /home/giromi/Repos/VTOL/ws_sensor_combined_src/install/px4_msgs/include/px4_msgs/px4_msgs/msg/tiltrotor_extra_controls.hpp\n'}
[7.111614] (px4_msgs) StdoutLine: {'line': b'-- Up-to-date symlink: /home/giromi/Repos/VTOL/ws_sensor_combined_src/install/px4_msgs/include/px4_msgs/px4_msgs/msg/timesync_status.hpp\n'}
[7.111773] (px4_msgs) StdoutLine: {'line': b'-- Up-to-date symlink: /home/giromi/Repos/VTOL/ws_sensor_combined_src/install/px4_msgs/include/px4_msgs/px4_msgs/msg/trajectory_bezier.hpp\n'}
[7.111983] (px4_msgs) StdoutLine: {'line': b'-- Up-to-date symlink: /home/giromi/Repos/VTOL/ws_sensor_combined_src/install/px4_msgs/include/px4_msgs/px4_msgs/msg/trajectory_setpoint.hpp\n'}
[7.112195] (px4_msgs) StdoutLine: {'line': b'-- Up-to-date symlink: /home/giromi/Repos/VTOL/ws_sensor_combined_src/install/px4_msgs/include/px4_msgs/px4_msgs/msg/trajectory_waypoint.hpp\n'}
[7.112354] (px4_msgs) StdoutLine: {'line': b'-- Up-to-date symlink: /home/giromi/Repos/VTOL/ws_sensor_combined_src/install/px4_msgs/include/px4_msgs/px4_msgs/msg/transponder_report.hpp\n'}
[7.112514] (px4_msgs) StdoutLine: {'line': b'-- Up-to-date symlink: /home/giromi/Repos/VTOL/ws_sensor_combined_src/install/px4_msgs/include/px4_msgs/px4_msgs/msg/tune_control.hpp\n'}
[7.112706] (px4_msgs) StdoutLine: {'line': b'-- Up-to-date symlink: /home/giromi/Repos/VTOL/ws_sensor_combined_src/install/px4_msgs/include/px4_msgs/px4_msgs/msg/uavcan_parameter_request.hpp\n'}
[7.112904] (px4_msgs) StdoutLine: {'line': b'-- Up-to-date symlink: /home/giromi/Repos/VTOL/ws_sensor_combined_src/install/px4_msgs/include/px4_msgs/px4_msgs/msg/uavcan_parameter_value.hpp\n'}
[7.113098] (px4_msgs) StdoutLine: {'line': b'-- Up-to-date symlink: /home/giromi/Repos/VTOL/ws_sensor_combined_src/install/px4_msgs/include/px4_msgs/px4_msgs/msg/ulog_stream.hpp\n'}
[7.113339] (px4_msgs) StdoutLine: {'line': b'-- Up-to-date symlink: /home/giromi/Repos/VTOL/ws_sensor_combined_src/install/px4_msgs/include/px4_msgs/px4_msgs/msg/ulog_stream_ack.hpp\n'}
[7.113567] (px4_msgs) StdoutLine: {'line': b'-- Up-to-date symlink: /home/giromi/Repos/VTOL/ws_sensor_combined_src/install/px4_msgs/include/px4_msgs/px4_msgs/msg/unregister_ext_component.hpp\n'}
[7.113778] (px4_msgs) StdoutLine: {'line': b'-- Up-to-date symlink: /home/giromi/Repos/VTOL/ws_sensor_combined_src/install/px4_msgs/include/px4_msgs/px4_msgs/msg/vehicle_acceleration.hpp\n'}
[7.113968] (px4_msgs) StdoutLine: {'line': b'-- Up-to-date symlink: /home/giromi/Repos/VTOL/ws_sensor_combined_src/install/px4_msgs/include/px4_msgs/px4_msgs/msg/vehicle_air_data.hpp\n'}
[7.114308] (px4_msgs) StdoutLine: {'line': b'-- Up-to-date symlink: /home/giromi/Repos/VTOL/ws_sensor_combined_src/install/px4_msgs/include/px4_msgs/px4_msgs/msg/vehicle_angular_acceleration_setpoint.hpp\n'}
[7.114559] (px4_msgs) StdoutLine: {'line': b'-- Up-to-date symlink: /home/giromi/Repos/VTOL/ws_sensor_combined_src/install/px4_msgs/include/px4_msgs/px4_msgs/msg/vehicle_angular_velocity.hpp\n'}
[7.114785] (px4_msgs) StdoutLine: {'line': b'-- Up-to-date symlink: /home/giromi/Repos/VTOL/ws_sensor_combined_src/install/px4_msgs/include/px4_msgs/px4_msgs/msg/vehicle_attitude.hpp\n'}
[7.115029] (px4_msgs) StdoutLine: {'line': b'-- Up-to-date symlink: /home/giromi/Repos/VTOL/ws_sensor_combined_src/install/px4_msgs/include/px4_msgs/px4_msgs/msg/vehicle_attitude_setpoint.hpp\n'}
[7.115258] (px4_msgs) StdoutLine: {'line': b'-- Up-to-date symlink: /home/giromi/Repos/VTOL/ws_sensor_combined_src/install/px4_msgs/include/px4_msgs/px4_msgs/msg/vehicle_command.hpp\n'}
[7.115517] (px4_msgs) StdoutLine: {'line': b'-- Up-to-date symlink: /home/giromi/Repos/VTOL/ws_sensor_combined_src/install/px4_msgs/include/px4_msgs/px4_msgs/msg/vehicle_command_ack.hpp\n'}
[7.115766] (px4_msgs) StdoutLine: {'line': b'-- Up-to-date symlink: /home/giromi/Repos/VTOL/ws_sensor_combined_src/install/px4_msgs/include/px4_msgs/px4_msgs/msg/vehicle_constraints.hpp\n'}
[7.115976] (px4_msgs) StdoutLine: {'line': b'-- Up-to-date symlink: /home/giromi/Repos/VTOL/ws_sensor_combined_src/install/px4_msgs/include/px4_msgs/px4_msgs/msg/vehicle_control_mode.hpp\n'}
[7.116272] (px4_msgs) StdoutLine: {'line': b'-- Up-to-date symlink: /home/giromi/Repos/VTOL/ws_sensor_combined_src/install/px4_msgs/include/px4_msgs/px4_msgs/msg/vehicle_global_position.hpp\n'}
[7.116530] (px4_msgs) StdoutLine: {'line': b'-- Up-to-date symlink: /home/giromi/Repos/VTOL/ws_sensor_combined_src/install/px4_msgs/include/px4_msgs/px4_msgs/msg/vehicle_imu.hpp\n'}
[7.116763] (px4_msgs) StdoutLine: {'line': b'-- Up-to-date symlink: /home/giromi/Repos/VTOL/ws_sensor_combined_src/install/px4_msgs/include/px4_msgs/px4_msgs/msg/vehicle_imu_status.hpp\n'}
[7.117052] (px4_msgs) StdoutLine: {'line': b'-- Up-to-date symlink: /home/giromi/Repos/VTOL/ws_sensor_combined_src/install/px4_msgs/include/px4_msgs/px4_msgs/msg/vehicle_land_detected.hpp\n'}
[7.117314] (px4_msgs) StdoutLine: {'line': b'-- Up-to-date symlink: /home/giromi/Repos/VTOL/ws_sensor_combined_src/install/px4_msgs/include/px4_msgs/px4_msgs/msg/vehicle_local_position.hpp\n'}
[7.117561] (px4_msgs) StdoutLine: {'line': b'-- Up-to-date symlink: /home/giromi/Repos/VTOL/ws_sensor_combined_src/install/px4_msgs/include/px4_msgs/px4_msgs/msg/vehicle_local_position_setpoint.hpp\n'}
[7.117811] (px4_msgs) StdoutLine: {'line': b'-- Up-to-date symlink: /home/giromi/Repos/VTOL/ws_sensor_combined_src/install/px4_msgs/include/px4_msgs/px4_msgs/msg/vehicle_magnetometer.hpp\n'}
[7.118038] (px4_msgs) StdoutLine: {'line': b'-- Up-to-date symlink: /home/giromi/Repos/VTOL/ws_sensor_combined_src/install/px4_msgs/include/px4_msgs/px4_msgs/msg/vehicle_odometry.hpp\n'}
[7.118301] (px4_msgs) StdoutLine: {'line': b'-- Up-to-date symlink: /home/giromi/Repos/VTOL/ws_sensor_combined_src/install/px4_msgs/include/px4_msgs/px4_msgs/msg/vehicle_optical_flow.hpp\n'}
[7.118503] (px4_msgs) StdoutLine: {'line': b'-- Up-to-date symlink: /home/giromi/Repos/VTOL/ws_sensor_combined_src/install/px4_msgs/include/px4_msgs/px4_msgs/msg/vehicle_optical_flow_vel.hpp\n'}
[7.118693] (px4_msgs) StdoutLine: {'line': b'-- Up-to-date symlink: /home/giromi/Repos/VTOL/ws_sensor_combined_src/install/px4_msgs/include/px4_msgs/px4_msgs/msg/vehicle_rates_setpoint.hpp\n'}
[7.118969] (px4_msgs) StdoutLine: {'line': b'-- Up-to-date symlink: /home/giromi/Repos/VTOL/ws_sensor_combined_src/install/px4_msgs/include/px4_msgs/px4_msgs/msg/vehicle_roi.hpp\n'}
[7.119183] (px4_msgs) StdoutLine: {'line': b'-- Up-to-date symlink: /home/giromi/Repos/VTOL/ws_sensor_combined_src/install/px4_msgs/include/px4_msgs/px4_msgs/msg/vehicle_status.hpp\n'}
[7.119435] (px4_msgs) StdoutLine: {'line': b'-- Up-to-date symlink: /home/giromi/Repos/VTOL/ws_sensor_combined_src/install/px4_msgs/include/px4_msgs/px4_msgs/msg/vehicle_thrust_setpoint.hpp\n'}
[7.119594] (px4_msgs) StdoutLine: {'line': b'-- Up-to-date symlink: /home/giromi/Repos/VTOL/ws_sensor_combined_src/install/px4_msgs/include/px4_msgs/px4_msgs/msg/vehicle_torque_setpoint.hpp\n'}
[7.119812] (px4_msgs) StdoutLine: {'line': b'-- Up-to-date symlink: /home/giromi/Repos/VTOL/ws_sensor_combined_src/install/px4_msgs/include/px4_msgs/px4_msgs/msg/vehicle_trajectory_bezier.hpp\n'}
[7.119874] (-) TimerEvent: {}
[7.120103] (px4_msgs) StdoutLine: {'line': b'-- Up-to-date symlink: /home/giromi/Repos/VTOL/ws_sensor_combined_src/install/px4_msgs/include/px4_msgs/px4_msgs/msg/vehicle_trajectory_waypoint.hpp\n'}
[7.120326] (px4_msgs) StdoutLine: {'line': b'-- Up-to-date symlink: /home/giromi/Repos/VTOL/ws_sensor_combined_src/install/px4_msgs/include/px4_msgs/px4_msgs/msg/velocity_limits.hpp\n'}
[7.120517] (px4_msgs) StdoutLine: {'line': b'-- Up-to-date symlink: /home/giromi/Repos/VTOL/ws_sensor_combined_src/install/px4_msgs/include/px4_msgs/px4_msgs/msg/vtol_vehicle_status.hpp\n'}
[7.120707] (px4_msgs) StdoutLine: {'line': b'-- Up-to-date symlink: /home/giromi/Repos/VTOL/ws_sensor_combined_src/install/px4_msgs/include/px4_msgs/px4_msgs/msg/wheel_encoders.hpp\n'}
[7.120829] (px4_msgs) StdoutLine: {'line': b'-- Up-to-date symlink: /home/giromi/Repos/VTOL/ws_sensor_combined_src/install/px4_msgs/include/px4_msgs/px4_msgs/msg/wind.hpp\n'}
[7.121031] (px4_msgs) StdoutLine: {'line': b'-- Up-to-date symlink: /home/giromi/Repos/VTOL/ws_sensor_combined_src/install/px4_msgs/include/px4_msgs/px4_msgs/msg/yaw_estimator_status.hpp\n'}
[7.121230] (px4_msgs) StdoutLine: {'line': b'-- Up-to-date symlink: /home/giromi/Repos/VTOL/ws_sensor_combined_src/install/px4_msgs/include/px4_msgs/px4_msgs/srv/detail/vehicle_command__builder.hpp\n'}
[7.121423] (px4_msgs) StdoutLine: {'line': b'-- Up-to-date symlink: /home/giromi/Repos/VTOL/ws_sensor_combined_src/install/px4_msgs/include/px4_msgs/px4_msgs/srv/detail/vehicle_command__struct.hpp\n'}
[7.121642] (px4_msgs) StdoutLine: {'line': b'-- Up-to-date symlink: /home/giromi/Repos/VTOL/ws_sensor_combined_src/install/px4_msgs/include/px4_msgs/px4_msgs/srv/detail/vehicle_command__traits.hpp\n'}
[7.121838] (px4_msgs) StdoutLine: {'line': b'-- Up-to-date symlink: /home/giromi/Repos/VTOL/ws_sensor_combined_src/install/px4_msgs/include/px4_msgs/px4_msgs/srv/vehicle_command.hpp\n'}
[7.128995] (px4_msgs) StdoutLine: {'line': b'-- Up-to-date symlink: /home/giromi/Repos/VTOL/ws_sensor_combined_src/install/px4_msgs/include/px4_msgs/px4_msgs/msg/detail/action_request__rosidl_typesupport_fastrtps_cpp.hpp\n'}
[7.129187] (px4_msgs) StdoutLine: {'line': b'-- Up-to-date symlink: /home/giromi/Repos/VTOL/ws_sensor_combined_src/install/px4_msgs/include/px4_msgs/px4_msgs/msg/detail/actuator_armed__rosidl_typesupport_fastrtps_cpp.hpp\n'}
[7.129384] (px4_msgs) StdoutLine: {'line': b'-- Up-to-date symlink: /home/giromi/Repos/VTOL/ws_sensor_combined_src/install/px4_msgs/include/px4_msgs/px4_msgs/msg/detail/actuator_controls_status__rosidl_typesupport_fastrtps_cpp.hpp\n'}
[7.129577] (px4_msgs) StdoutLine: {'line': b'-- Up-to-date symlink: /home/giromi/Repos/VTOL/ws_sensor_combined_src/install/px4_msgs/include/px4_msgs/px4_msgs/msg/detail/actuator_motors__rosidl_typesupport_fastrtps_cpp.hpp\n'}
[7.129775] (px4_msgs) StdoutLine: {'line': b'-- Up-to-date symlink: /home/giromi/Repos/VTOL/ws_sensor_combined_src/install/px4_msgs/include/px4_msgs/px4_msgs/msg/detail/actuator_outputs__rosidl_typesupport_fastrtps_cpp.hpp\n'}
[7.130038] (px4_msgs) StdoutLine: {'line': b'-- Up-to-date symlink: /home/giromi/Repos/VTOL/ws_sensor_combined_src/install/px4_msgs/include/px4_msgs/px4_msgs/msg/detail/actuator_servos__rosidl_typesupport_fastrtps_cpp.hpp\n'}
[7.130252] (px4_msgs) StdoutLine: {'line': b'-- Up-to-date symlink: /home/giromi/Repos/VTOL/ws_sensor_combined_src/install/px4_msgs/include/px4_msgs/px4_msgs/msg/detail/actuator_servos_trim__rosidl_typesupport_fastrtps_cpp.hpp\n'}
[7.130442] (px4_msgs) StdoutLine: {'line': b'-- Up-to-date symlink: /home/giromi/Repos/VTOL/ws_sensor_combined_src/install/px4_msgs/include/px4_msgs/px4_msgs/msg/detail/actuator_test__rosidl_typesupport_fastrtps_cpp.hpp\n'}
[7.130630] (px4_msgs) StdoutLine: {'line': b'-- Up-to-date symlink: /home/giromi/Repos/VTOL/ws_sensor_combined_src/install/px4_msgs/include/px4_msgs/px4_msgs/msg/detail/adc_report__rosidl_typesupport_fastrtps_cpp.hpp\n'}
[7.130804] (px4_msgs) StdoutLine: {'line': b'-- Up-to-date symlink: /home/giromi/Repos/VTOL/ws_sensor_combined_src/install/px4_msgs/include/px4_msgs/px4_msgs/msg/detail/airspeed__rosidl_typesupport_fastrtps_cpp.hpp\n'}
[7.130965] (px4_msgs) StdoutLine: {'line': b'-- Up-to-date symlink: /home/giromi/Repos/VTOL/ws_sensor_combined_src/install/px4_msgs/include/px4_msgs/px4_msgs/msg/detail/airspeed_validated__rosidl_typesupport_fastrtps_cpp.hpp\n'}
[7.131203] (px4_msgs) StdoutLine: {'line': b'-- Up-to-date symlink: /home/giromi/Repos/VTOL/ws_sensor_combined_src/install/px4_msgs/include/px4_msgs/px4_msgs/msg/detail/airspeed_wind__rosidl_typesupport_fastrtps_cpp.hpp\n'}
[7.131382] (px4_msgs) StdoutLine: {'line': b'-- Up-to-date symlink: /home/giromi/Repos/VTOL/ws_sensor_combined_src/install/px4_msgs/include/px4_msgs/px4_msgs/msg/detail/arming_check_reply__rosidl_typesupport_fastrtps_cpp.hpp\n'}
[7.131568] (px4_msgs) StdoutLine: {'line': b'-- Up-to-date symlink: /home/giromi/Repos/VTOL/ws_sensor_combined_src/install/px4_msgs/include/px4_msgs/px4_msgs/msg/detail/arming_check_request__rosidl_typesupport_fastrtps_cpp.hpp\n'}
[7.131775] (px4_msgs) StdoutLine: {'line': b'-- Up-to-date symlink: /home/giromi/Repos/VTOL/ws_sensor_combined_src/install/px4_msgs/include/px4_msgs/px4_msgs/msg/detail/autotune_attitude_control_status__rosidl_typesupport_fastrtps_cpp.hpp\n'}
[7.131937] (px4_msgs) StdoutLine: {'line': b'-- Up-to-date symlink: /home/giromi/Repos/VTOL/ws_sensor_combined_src/install/px4_msgs/include/px4_msgs/px4_msgs/msg/detail/battery_status__rosidl_typesupport_fastrtps_cpp.hpp\n'}
[7.132195] (px4_msgs) StdoutLine: {'line': b'-- Up-to-date symlink: /home/giromi/Repos/VTOL/ws_sensor_combined_src/install/px4_msgs/include/px4_msgs/px4_msgs/msg/detail/buffer128__rosidl_typesupport_fastrtps_cpp.hpp\n'}
[7.132404] (px4_msgs) StdoutLine: {'line': b'-- Up-to-date symlink: /home/giromi/Repos/VTOL/ws_sensor_combined_src/install/px4_msgs/include/px4_msgs/px4_msgs/msg/detail/button_event__rosidl_typesupport_fastrtps_cpp.hpp\n'}
[7.132602] (px4_msgs) StdoutLine: {'line': b'-- Up-to-date symlink: /home/giromi/Repos/VTOL/ws_sensor_combined_src/install/px4_msgs/include/px4_msgs/px4_msgs/msg/detail/camera_capture__rosidl_typesupport_fastrtps_cpp.hpp\n'}
[7.132792] (px4_msgs) StdoutLine: {'line': b'-- Up-to-date symlink: /home/giromi/Repos/VTOL/ws_sensor_combined_src/install/px4_msgs/include/px4_msgs/px4_msgs/msg/detail/camera_status__rosidl_typesupport_fastrtps_cpp.hpp\n'}
[7.133030] (px4_msgs) StdoutLine: {'line': b'-- Up-to-date symlink: /home/giromi/Repos/VTOL/ws_sensor_combined_src/install/px4_msgs/include/px4_msgs/px4_msgs/msg/detail/camera_trigger__rosidl_typesupport_fastrtps_cpp.hpp\n'}
[7.133240] (px4_msgs) StdoutLine: {'line': b'-- Up-to-date symlink: /home/giromi/Repos/VTOL/ws_sensor_combined_src/install/px4_msgs/include/px4_msgs/px4_msgs/msg/detail/cellular_status__rosidl_typesupport_fastrtps_cpp.hpp\n'}
[7.133416] (px4_msgs) StdoutLine: {'line': b'-- Up-to-date symlink: /home/giromi/Repos/VTOL/ws_sensor_combined_src/install/px4_msgs/include/px4_msgs/px4_msgs/msg/detail/collision_constraints__rosidl_typesupport_fastrtps_cpp.hpp\n'}
[7.133616] (px4_msgs) StdoutLine: {'line': b'-- Up-to-date symlink: /home/giromi/Repos/VTOL/ws_sensor_combined_src/install/px4_msgs/include/px4_msgs/px4_msgs/msg/detail/collision_report__rosidl_typesupport_fastrtps_cpp.hpp\n'}
[7.133807] (px4_msgs) StdoutLine: {'line': b'-- Up-to-date symlink: /home/giromi/Repos/VTOL/ws_sensor_combined_src/install/px4_msgs/include/px4_msgs/px4_msgs/msg/detail/config_overrides__rosidl_typesupport_fastrtps_cpp.hpp\n'}
[7.133986] (px4_msgs) StdoutLine: {'line': b'-- Up-to-date symlink: /home/giromi/Repos/VTOL/ws_sensor_combined_src/install/px4_msgs/include/px4_msgs/px4_msgs/msg/detail/control_allocator_status__rosidl_typesupport_fastrtps_cpp.hpp\n'}
[7.134149] (px4_msgs) StdoutLine: {'line': b'-- Up-to-date symlink: /home/giromi/Repos/VTOL/ws_sensor_combined_src/install/px4_msgs/include/px4_msgs/px4_msgs/msg/detail/cpuload__rosidl_typesupport_fastrtps_cpp.hpp\n'}
[7.134382] (px4_msgs) StdoutLine: {'line': b'-- Up-to-date symlink: /home/giromi/Repos/VTOL/ws_sensor_combined_src/install/px4_msgs/include/px4_msgs/px4_msgs/msg/detail/dataman_request__rosidl_typesupport_fastrtps_cpp.hpp\n'}
[7.134575] (px4_msgs) StdoutLine: {'line': b'-- Up-to-date symlink: /home/giromi/Repos/VTOL/ws_sensor_combined_src/install/px4_msgs/include/px4_msgs/px4_msgs/msg/detail/dataman_response__rosidl_typesupport_fastrtps_cpp.hpp\n'}
[7.134758] (px4_msgs) StdoutLine: {'line': b'-- Up-to-date symlink: /home/giromi/Repos/VTOL/ws_sensor_combined_src/install/px4_msgs/include/px4_msgs/px4_msgs/msg/detail/debug_array__rosidl_typesupport_fastrtps_cpp.hpp\n'}
[7.135000] (px4_msgs) StdoutLine: {'line': b'-- Up-to-date symlink: /home/giromi/Repos/VTOL/ws_sensor_combined_src/install/px4_msgs/include/px4_msgs/px4_msgs/msg/detail/debug_key_value__rosidl_typesupport_fastrtps_cpp.hpp\n'}
[7.135217] (px4_msgs) StdoutLine: {'line': b'-- Up-to-date symlink: /home/giromi/Repos/VTOL/ws_sensor_combined_src/install/px4_msgs/include/px4_msgs/px4_msgs/msg/detail/debug_value__rosidl_typesupport_fastrtps_cpp.hpp\n'}
[7.135423] (px4_msgs) StdoutLine: {'line': b'-- Up-to-date symlink: /home/giromi/Repos/VTOL/ws_sensor_combined_src/install/px4_msgs/include/px4_msgs/px4_msgs/msg/detail/debug_vect__rosidl_typesupport_fastrtps_cpp.hpp\n'}
[7.135593] (px4_msgs) StdoutLine: {'line': b'-- Up-to-date symlink: /home/giromi/Repos/VTOL/ws_sensor_combined_src/install/px4_msgs/include/px4_msgs/px4_msgs/msg/detail/differential_drive_setpoint__rosidl_typesupport_fastrtps_cpp.hpp\n'}
[7.135745] (px4_msgs) StdoutLine: {'line': b'-- Up-to-date symlink: /home/giromi/Repos/VTOL/ws_sensor_combined_src/install/px4_msgs/include/px4_msgs/px4_msgs/msg/detail/differential_pressure__rosidl_typesupport_fastrtps_cpp.hpp\n'}
[7.135901] (px4_msgs) StdoutLine: {'line': b'-- Up-to-date symlink: /home/giromi/Repos/VTOL/ws_sensor_combined_src/install/px4_msgs/include/px4_msgs/px4_msgs/msg/detail/distance_sensor__rosidl_typesupport_fastrtps_cpp.hpp\n'}
[7.136168] (px4_msgs) StdoutLine: {'line': b'-- Up-to-date symlink: /home/giromi/Repos/VTOL/ws_sensor_combined_src/install/px4_msgs/include/px4_msgs/px4_msgs/msg/detail/ekf2_timestamps__rosidl_typesupport_fastrtps_cpp.hpp\n'}
[7.136358] (px4_msgs) StdoutLine: {'line': b'-- Up-to-date symlink: /home/giromi/Repos/VTOL/ws_sensor_combined_src/install/px4_msgs/include/px4_msgs/px4_msgs/msg/detail/esc_report__rosidl_typesupport_fastrtps_cpp.hpp\n'}
[7.136525] (px4_msgs) StdoutLine: {'line': b'-- Up-to-date symlink: /home/giromi/Repos/VTOL/ws_sensor_combined_src/install/px4_msgs/include/px4_msgs/px4_msgs/msg/detail/esc_status__rosidl_typesupport_fastrtps_cpp.hpp\n'}
[7.136736] (px4_msgs) StdoutLine: {'line': b'-- Up-to-date symlink: /home/giromi/Repos/VTOL/ws_sensor_combined_src/install/px4_msgs/include/px4_msgs/px4_msgs/msg/detail/estimator_aid_source1d__rosidl_typesupport_fastrtps_cpp.hpp\n'}
[7.136973] (px4_msgs) StdoutLine: {'line': b'-- Up-to-date symlink: /home/giromi/Repos/VTOL/ws_sensor_combined_src/install/px4_msgs/include/px4_msgs/px4_msgs/msg/detail/estimator_aid_source2d__rosidl_typesupport_fastrtps_cpp.hpp\n'}
[7.137206] (px4_msgs) StdoutLine: {'line': b'-- Up-to-date symlink: /home/giromi/Repos/VTOL/ws_sensor_combined_src/install/px4_msgs/include/px4_msgs/px4_msgs/msg/detail/estimator_aid_source3d__rosidl_typesupport_fastrtps_cpp.hpp\n'}
[7.137395] (px4_msgs) StdoutLine: {'line': b'-- Up-to-date symlink: /home/giromi/Repos/VTOL/ws_sensor_combined_src/install/px4_msgs/include/px4_msgs/px4_msgs/msg/detail/estimator_bias3d__rosidl_typesupport_fastrtps_cpp.hpp\n'}
[7.137578] (px4_msgs) StdoutLine: {'line': b'-- Up-to-date symlink: /home/giromi/Repos/VTOL/ws_sensor_combined_src/install/px4_msgs/include/px4_msgs/px4_msgs/msg/detail/estimator_bias__rosidl_typesupport_fastrtps_cpp.hpp\n'}
[7.137792] (px4_msgs) StdoutLine: {'line': b'-- Up-to-date symlink: /home/giromi/Repos/VTOL/ws_sensor_combined_src/install/px4_msgs/include/px4_msgs/px4_msgs/msg/detail/estimator_event_flags__rosidl_typesupport_fastrtps_cpp.hpp\n'}
[7.137985] (px4_msgs) StdoutLine: {'line': b'-- Up-to-date symlink: /home/giromi/Repos/VTOL/ws_sensor_combined_src/install/px4_msgs/include/px4_msgs/px4_msgs/msg/detail/estimator_gps_status__rosidl_typesupport_fastrtps_cpp.hpp\n'}
[7.138170] (px4_msgs) StdoutLine: {'line': b'-- Up-to-date symlink: /home/giromi/Repos/VTOL/ws_sensor_combined_src/install/px4_msgs/include/px4_msgs/px4_msgs/msg/detail/estimator_innovations__rosidl_typesupport_fastrtps_cpp.hpp\n'}
[7.138356] (px4_msgs) StdoutLine: {'line': b'-- Up-to-date symlink: /home/giromi/Repos/VTOL/ws_sensor_combined_src/install/px4_msgs/include/px4_msgs/px4_msgs/msg/detail/estimator_selector_status__rosidl_typesupport_fastrtps_cpp.hpp\n'}
[7.138595] (px4_msgs) StdoutLine: {'line': b'-- Up-to-date symlink: /home/giromi/Repos/VTOL/ws_sensor_combined_src/install/px4_msgs/include/px4_msgs/px4_msgs/msg/detail/estimator_sensor_bias__rosidl_typesupport_fastrtps_cpp.hpp\n'}
[7.138804] (px4_msgs) StdoutLine: {'line': b'-- Up-to-date symlink: /home/giromi/Repos/VTOL/ws_sensor_combined_src/install/px4_msgs/include/px4_msgs/px4_msgs/msg/detail/estimator_states__rosidl_typesupport_fastrtps_cpp.hpp\n'}
[7.138972] (px4_msgs) StdoutLine: {'line': b'-- Up-to-date symlink: /home/giromi/Repos/VTOL/ws_sensor_combined_src/install/px4_msgs/include/px4_msgs/px4_msgs/msg/detail/estimator_status__rosidl_typesupport_fastrtps_cpp.hpp\n'}
[7.139170] (px4_msgs) StdoutLine: {'line': b'-- Up-to-date symlink: /home/giromi/Repos/VTOL/ws_sensor_combined_src/install/px4_msgs/include/px4_msgs/px4_msgs/msg/detail/estimator_status_flags__rosidl_typesupport_fastrtps_cpp.hpp\n'}
[7.139414] (px4_msgs) StdoutLine: {'line': b'-- Up-to-date symlink: /home/giromi/Repos/VTOL/ws_sensor_combined_src/install/px4_msgs/include/px4_msgs/px4_msgs/msg/detail/event__rosidl_typesupport_fastrtps_cpp.hpp\n'}
[7.139635] (px4_msgs) StdoutLine: {'line': b'-- Up-to-date symlink: /home/giromi/Repos/VTOL/ws_sensor_combined_src/install/px4_msgs/include/px4_msgs/px4_msgs/msg/detail/failsafe_flags__rosidl_typesupport_fastrtps_cpp.hpp\n'}
[7.139848] (px4_msgs) StdoutLine: {'line': b'-- Up-to-date symlink: /home/giromi/Repos/VTOL/ws_sensor_combined_src/install/px4_msgs/include/px4_msgs/px4_msgs/msg/detail/failure_detector_status__rosidl_typesupport_fastrtps_cpp.hpp\n'}
[7.140151] (px4_msgs) StdoutLine: {'line': b'-- Up-to-date symlink: /home/giromi/Repos/VTOL/ws_sensor_combined_src/install/px4_msgs/include/px4_msgs/px4_msgs/msg/detail/figure_eight_status__rosidl_typesupport_fastrtps_cpp.hpp\n'}
[7.140347] (px4_msgs) StdoutLine: {'line': b'-- Up-to-date symlink: /home/giromi/Repos/VTOL/ws_sensor_combined_src/install/px4_msgs/include/px4_msgs/px4_msgs/msg/detail/follow_target__rosidl_typesupport_fastrtps_cpp.hpp\n'}
[7.140563] (px4_msgs) StdoutLine: {'line': b'-- Up-to-date symlink: /home/giromi/Repos/VTOL/ws_sensor_combined_src/install/px4_msgs/include/px4_msgs/px4_msgs/msg/detail/follow_target_estimator__rosidl_typesupport_fastrtps_cpp.hpp\n'}
[7.140769] (px4_msgs) StdoutLine: {'line': b'-- Up-to-date symlink: /home/giromi/Repos/VTOL/ws_sensor_combined_src/install/px4_msgs/include/px4_msgs/px4_msgs/msg/detail/follow_target_status__rosidl_typesupport_fastrtps_cpp.hpp\n'}
[7.140955] (px4_msgs) StdoutLine: {'line': b'-- Up-to-date symlink: /home/giromi/Repos/VTOL/ws_sensor_combined_src/install/px4_msgs/include/px4_msgs/px4_msgs/msg/detail/generator_status__rosidl_typesupport_fastrtps_cpp.hpp\n'}
[7.141139] (px4_msgs) StdoutLine: {'line': b'-- Up-to-date symlink: /home/giromi/Repos/VTOL/ws_sensor_combined_src/install/px4_msgs/include/px4_msgs/px4_msgs/msg/detail/geofence_result__rosidl_typesupport_fastrtps_cpp.hpp\n'}
[7.141305] (px4_msgs) StdoutLine: {'line': b'-- Up-to-date symlink: /home/giromi/Repos/VTOL/ws_sensor_combined_src/install/px4_msgs/include/px4_msgs/px4_msgs/msg/detail/gimbal_controls__rosidl_typesupport_fastrtps_cpp.hpp\n'}
[7.141504] (px4_msgs) StdoutLine: {'line': b'-- Up-to-date symlink: /home/giromi/Repos/VTOL/ws_sensor_combined_src/install/px4_msgs/include/px4_msgs/px4_msgs/msg/detail/gimbal_device_attitude_status__rosidl_typesupport_fastrtps_cpp.hpp\n'}
[7.141689] (px4_msgs) StdoutLine: {'line': b'-- Up-to-date symlink: /home/giromi/Repos/VTOL/ws_sensor_combined_src/install/px4_msgs/include/px4_msgs/px4_msgs/msg/detail/gimbal_device_information__rosidl_typesupport_fastrtps_cpp.hpp\n'}
[7.141902] (px4_msgs) StdoutLine: {'line': b'-- Up-to-date symlink: /home/giromi/Repos/VTOL/ws_sensor_combined_src/install/px4_msgs/include/px4_msgs/px4_msgs/msg/detail/gimbal_device_set_attitude__rosidl_typesupport_fastrtps_cpp.hpp\n'}
[7.142246] (px4_msgs) StdoutLine: {'line': b'-- Up-to-date symlink: /home/giromi/Repos/VTOL/ws_sensor_combined_src/install/px4_msgs/include/px4_msgs/px4_msgs/msg/detail/gimbal_manager_information__rosidl_typesupport_fastrtps_cpp.hpp\n'}
[7.142450] (px4_msgs) StdoutLine: {'line': b'-- Up-to-date symlink: /home/giromi/Repos/VTOL/ws_sensor_combined_src/install/px4_msgs/include/px4_msgs/px4_msgs/msg/detail/gimbal_manager_set_attitude__rosidl_typesupport_fastrtps_cpp.hpp\n'}
[7.142720] (px4_msgs) StdoutLine: {'line': b'-- Up-to-date symlink: /home/giromi/Repos/VTOL/ws_sensor_combined_src/install/px4_msgs/include/px4_msgs/px4_msgs/msg/detail/gimbal_manager_set_manual_control__rosidl_typesupport_fastrtps_cpp.hpp\n'}
[7.142954] (px4_msgs) StdoutLine: {'line': b'-- Up-to-date symlink: /home/giromi/Repos/VTOL/ws_sensor_combined_src/install/px4_msgs/include/px4_msgs/px4_msgs/msg/detail/gimbal_manager_status__rosidl_typesupport_fastrtps_cpp.hpp\n'}
[7.143195] (px4_msgs) StdoutLine: {'line': b'-- Up-to-date symlink: /home/giromi/Repos/VTOL/ws_sensor_combined_src/install/px4_msgs/include/px4_msgs/px4_msgs/msg/detail/goto_setpoint__rosidl_typesupport_fastrtps_cpp.hpp\n'}
[7.143443] (px4_msgs) StdoutLine: {'line': b'-- Up-to-date symlink: /home/giromi/Repos/VTOL/ws_sensor_combined_src/install/px4_msgs/include/px4_msgs/px4_msgs/msg/detail/gpio_config__rosidl_typesupport_fastrtps_cpp.hpp\n'}
[7.143651] (px4_msgs) StdoutLine: {'line': b'-- Up-to-date symlink: /home/giromi/Repos/VTOL/ws_sensor_combined_src/install/px4_msgs/include/px4_msgs/px4_msgs/msg/detail/gpio_in__rosidl_typesupport_fastrtps_cpp.hpp\n'}
[7.143858] (px4_msgs) StdoutLine: {'line': b'-- Up-to-date symlink: /home/giromi/Repos/VTOL/ws_sensor_combined_src/install/px4_msgs/include/px4_msgs/px4_msgs/msg/detail/gpio_out__rosidl_typesupport_fastrtps_cpp.hpp\n'}
[7.144162] (px4_msgs) StdoutLine: {'line': b'-- Up-to-date symlink: /home/giromi/Repos/VTOL/ws_sensor_combined_src/install/px4_msgs/include/px4_msgs/px4_msgs/msg/detail/gpio_request__rosidl_typesupport_fastrtps_cpp.hpp\n'}
[7.144389] (px4_msgs) StdoutLine: {'line': b'-- Up-to-date symlink: /home/giromi/Repos/VTOL/ws_sensor_combined_src/install/px4_msgs/include/px4_msgs/px4_msgs/msg/detail/gps_dump__rosidl_typesupport_fastrtps_cpp.hpp\n'}
[7.144653] (px4_msgs) StdoutLine: {'line': b'-- Up-to-date symlink: /home/giromi/Repos/VTOL/ws_sensor_combined_src/install/px4_msgs/include/px4_msgs/px4_msgs/msg/detail/gps_inject_data__rosidl_typesupport_fastrtps_cpp.hpp\n'}
[7.144875] (px4_msgs) StdoutLine: {'line': b'-- Up-to-date symlink: /home/giromi/Repos/VTOL/ws_sensor_combined_src/install/px4_msgs/include/px4_msgs/px4_msgs/msg/detail/gripper__rosidl_typesupport_fastrtps_cpp.hpp\n'}
[7.145092] (px4_msgs) StdoutLine: {'line': b'-- Up-to-date symlink: /home/giromi/Repos/VTOL/ws_sensor_combined_src/install/px4_msgs/include/px4_msgs/px4_msgs/msg/detail/health_report__rosidl_typesupport_fastrtps_cpp.hpp\n'}
[7.145284] (px4_msgs) StdoutLine: {'line': b'-- Up-to-date symlink: /home/giromi/Repos/VTOL/ws_sensor_combined_src/install/px4_msgs/include/px4_msgs/px4_msgs/msg/detail/heater_status__rosidl_typesupport_fastrtps_cpp.hpp\n'}
[7.145497] (px4_msgs) StdoutLine: {'line': b'-- Up-to-date symlink: /home/giromi/Repos/VTOL/ws_sensor_combined_src/install/px4_msgs/include/px4_msgs/px4_msgs/msg/detail/home_position__rosidl_typesupport_fastrtps_cpp.hpp\n'}
[7.145709] (px4_msgs) StdoutLine: {'line': b'-- Up-to-date symlink: /home/giromi/Repos/VTOL/ws_sensor_combined_src/install/px4_msgs/include/px4_msgs/px4_msgs/msg/detail/hover_thrust_estimate__rosidl_typesupport_fastrtps_cpp.hpp\n'}
[7.145909] (px4_msgs) StdoutLine: {'line': b'-- Up-to-date symlink: /home/giromi/Repos/VTOL/ws_sensor_combined_src/install/px4_msgs/include/px4_msgs/px4_msgs/msg/detail/input_rc__rosidl_typesupport_fastrtps_cpp.hpp\n'}
[7.146072] (px4_msgs) StdoutLine: {'line': b'-- Up-to-date symlink: /home/giromi/Repos/VTOL/ws_sensor_combined_src/install/px4_msgs/include/px4_msgs/px4_msgs/msg/detail/internal_combustion_engine_status__rosidl_typesupport_fastrtps_cpp.hpp\n'}
[7.146256] (px4_msgs) StdoutLine: {'line': b'-- Up-to-date symlink: /home/giromi/Repos/VTOL/ws_sensor_combined_src/install/px4_msgs/include/px4_msgs/px4_msgs/msg/detail/iridiumsbd_status__rosidl_typesupport_fastrtps_cpp.hpp\n'}
[7.146430] (px4_msgs) StdoutLine: {'line': b'-- Up-to-date symlink: /home/giromi/Repos/VTOL/ws_sensor_combined_src/install/px4_msgs/include/px4_msgs/px4_msgs/msg/detail/irlock_report__rosidl_typesupport_fastrtps_cpp.hpp\n'}
[7.146588] (px4_msgs) StdoutLine: {'line': b'-- Up-to-date symlink: /home/giromi/Repos/VTOL/ws_sensor_combined_src/install/px4_msgs/include/px4_msgs/px4_msgs/msg/detail/landing_gear__rosidl_typesupport_fastrtps_cpp.hpp\n'}
[7.146815] (px4_msgs) StdoutLine: {'line': b'-- Up-to-date symlink: /home/giromi/Repos/VTOL/ws_sensor_combined_src/install/px4_msgs/include/px4_msgs/px4_msgs/msg/detail/landing_gear_wheel__rosidl_typesupport_fastrtps_cpp.hpp\n'}
[7.147032] (px4_msgs) StdoutLine: {'line': b'-- Up-to-date symlink: /home/giromi/Repos/VTOL/ws_sensor_combined_src/install/px4_msgs/include/px4_msgs/px4_msgs/msg/detail/landing_target_innovations__rosidl_typesupport_fastrtps_cpp.hpp\n'}
[7.147228] (px4_msgs) StdoutLine: {'line': b'-- Up-to-date symlink: /home/giromi/Repos/VTOL/ws_sensor_combined_src/install/px4_msgs/include/px4_msgs/px4_msgs/msg/detail/landing_target_pose__rosidl_typesupport_fastrtps_cpp.hpp\n'}
[7.147417] (px4_msgs) StdoutLine: {'line': b'-- Up-to-date symlink: /home/giromi/Repos/VTOL/ws_sensor_combined_src/install/px4_msgs/include/px4_msgs/px4_msgs/msg/detail/launch_detection_status__rosidl_typesupport_fastrtps_cpp.hpp\n'}
[7.147683] (px4_msgs) StdoutLine: {'line': b'-- Up-to-date symlink: /home/giromi/Repos/VTOL/ws_sensor_combined_src/install/px4_msgs/include/px4_msgs/px4_msgs/msg/detail/led_control__rosidl_typesupport_fastrtps_cpp.hpp\n'}
[7.147830] (px4_msgs) StdoutLine: {'line': b'-- Up-to-date symlink: /home/giromi/Repos/VTOL/ws_sensor_combined_src/install/px4_msgs/include/px4_msgs/px4_msgs/msg/detail/log_message__rosidl_typesupport_fastrtps_cpp.hpp\n'}
[7.148101] (px4_msgs) StdoutLine: {'line': b'-- Up-to-date symlink: /home/giromi/Repos/VTOL/ws_sensor_combined_src/install/px4_msgs/include/px4_msgs/px4_msgs/msg/detail/logger_status__rosidl_typesupport_fastrtps_cpp.hpp\n'}
[7.148303] (px4_msgs) StdoutLine: {'line': b'-- Up-to-date symlink: /home/giromi/Repos/VTOL/ws_sensor_combined_src/install/px4_msgs/include/px4_msgs/px4_msgs/msg/detail/mag_worker_data__rosidl_typesupport_fastrtps_cpp.hpp\n'}
[7.148523] (px4_msgs) StdoutLine: {'line': b'-- Up-to-date symlink: /home/giromi/Repos/VTOL/ws_sensor_combined_src/install/px4_msgs/include/px4_msgs/px4_msgs/msg/detail/magnetometer_bias_estimate__rosidl_typesupport_fastrtps_cpp.hpp\n'}
[7.148719] (px4_msgs) StdoutLine: {'line': b'-- Up-to-date symlink: /home/giromi/Repos/VTOL/ws_sensor_combined_src/install/px4_msgs/include/px4_msgs/px4_msgs/msg/detail/manual_control_setpoint__rosidl_typesupport_fastrtps_cpp.hpp\n'}
[7.148965] (px4_msgs) StdoutLine: {'line': b'-- Up-to-date symlink: /home/giromi/Repos/VTOL/ws_sensor_combined_src/install/px4_msgs/include/px4_msgs/px4_msgs/msg/detail/manual_control_switches__rosidl_typesupport_fastrtps_cpp.hpp\n'}
[7.149155] (px4_msgs) StdoutLine: {'line': b'-- Up-to-date symlink: /home/giromi/Repos/VTOL/ws_sensor_combined_src/install/px4_msgs/include/px4_msgs/px4_msgs/msg/detail/mavlink_log__rosidl_typesupport_fastrtps_cpp.hpp\n'}
[7.149350] (px4_msgs) StdoutLine: {'line': b'-- Up-to-date symlink: /home/giromi/Repos/VTOL/ws_sensor_combined_src/install/px4_msgs/include/px4_msgs/px4_msgs/msg/detail/mavlink_tunnel__rosidl_typesupport_fastrtps_cpp.hpp\n'}
[7.149499] (px4_msgs) StdoutLine: {'line': b'-- Up-to-date symlink: /home/giromi/Repos/VTOL/ws_sensor_combined_src/install/px4_msgs/include/px4_msgs/px4_msgs/msg/detail/message_format_request__rosidl_typesupport_fastrtps_cpp.hpp\n'}
[7.149678] (px4_msgs) StdoutLine: {'line': b'-- Up-to-date symlink: /home/giromi/Repos/VTOL/ws_sensor_combined_src/install/px4_msgs/include/px4_msgs/px4_msgs/msg/detail/message_format_response__rosidl_typesupport_fastrtps_cpp.hpp\n'}
[7.149864] (px4_msgs) StdoutLine: {'line': b'-- Up-to-date symlink: /home/giromi/Repos/VTOL/ws_sensor_combined_src/install/px4_msgs/include/px4_msgs/px4_msgs/msg/detail/mission__rosidl_typesupport_fastrtps_cpp.hpp\n'}
[7.150056] (px4_msgs) StdoutLine: {'line': b'-- Up-to-date symlink: /home/giromi/Repos/VTOL/ws_sensor_combined_src/install/px4_msgs/include/px4_msgs/px4_msgs/msg/detail/mission_result__rosidl_typesupport_fastrtps_cpp.hpp\n'}
[7.150279] (px4_msgs) StdoutLine: {'line': b'-- Up-to-date symlink: /home/giromi/Repos/VTOL/ws_sensor_combined_src/install/px4_msgs/include/px4_msgs/px4_msgs/msg/detail/mode_completed__rosidl_typesupport_fastrtps_cpp.hpp\n'}
[7.150468] (px4_msgs) StdoutLine: {'line': b'-- Up-to-date symlink: /home/giromi/Repos/VTOL/ws_sensor_combined_src/install/px4_msgs/include/px4_msgs/px4_msgs/msg/detail/mount_orientation__rosidl_typesupport_fastrtps_cpp.hpp\n'}
[7.150658] (px4_msgs) StdoutLine: {'line': b'-- Up-to-date symlink: /home/giromi/Repos/VTOL/ws_sensor_combined_src/install/px4_msgs/include/px4_msgs/px4_msgs/msg/detail/navigator_mission_item__rosidl_typesupport_fastrtps_cpp.hpp\n'}
[7.150855] (px4_msgs) StdoutLine: {'line': b'-- Up-to-date symlink: /home/giromi/Repos/VTOL/ws_sensor_combined_src/install/px4_msgs/include/px4_msgs/px4_msgs/msg/detail/normalized_unsigned_setpoint__rosidl_typesupport_fastrtps_cpp.hpp\n'}
[7.151072] (px4_msgs) StdoutLine: {'line': b'-- Up-to-date symlink: /home/giromi/Repos/VTOL/ws_sensor_combined_src/install/px4_msgs/include/px4_msgs/px4_msgs/msg/detail/npfg_status__rosidl_typesupport_fastrtps_cpp.hpp\n'}
[7.151262] (px4_msgs) StdoutLine: {'line': b'-- Up-to-date symlink: /home/giromi/Repos/VTOL/ws_sensor_combined_src/install/px4_msgs/include/px4_msgs/px4_msgs/msg/detail/obstacle_distance__rosidl_typesupport_fastrtps_cpp.hpp\n'}
[7.151409] (px4_msgs) StdoutLine: {'line': b'-- Up-to-date symlink: /home/giromi/Repos/VTOL/ws_sensor_combined_src/install/px4_msgs/include/px4_msgs/px4_msgs/msg/detail/offboard_control_mode__rosidl_typesupport_fastrtps_cpp.hpp\n'}
[7.151593] (px4_msgs) StdoutLine: {'line': b'-- Up-to-date symlink: /home/giromi/Repos/VTOL/ws_sensor_combined_src/install/px4_msgs/include/px4_msgs/px4_msgs/msg/detail/onboard_computer_status__rosidl_typesupport_fastrtps_cpp.hpp\n'}
[7.151780] (px4_msgs) StdoutLine: {'line': b'-- Up-to-date symlink: /home/giromi/Repos/VTOL/ws_sensor_combined_src/install/px4_msgs/include/px4_msgs/px4_msgs/msg/detail/orb_test__rosidl_typesupport_fastrtps_cpp.hpp\n'}
[7.152059] (px4_msgs) StdoutLine: {'line': b'-- Up-to-date symlink: /home/giromi/Repos/VTOL/ws_sensor_combined_src/install/px4_msgs/include/px4_msgs/px4_msgs/msg/detail/orb_test_large__rosidl_typesupport_fastrtps_cpp.hpp\n'}
[7.152262] (px4_msgs) StdoutLine: {'line': b'-- Up-to-date symlink: /home/giromi/Repos/VTOL/ws_sensor_combined_src/install/px4_msgs/include/px4_msgs/px4_msgs/msg/detail/orb_test_medium__rosidl_typesupport_fastrtps_cpp.hpp\n'}
[7.152482] (px4_msgs) StdoutLine: {'line': b'-- Up-to-date symlink: /home/giromi/Repos/VTOL/ws_sensor_combined_src/install/px4_msgs/include/px4_msgs/px4_msgs/msg/detail/orbit_status__rosidl_typesupport_fastrtps_cpp.hpp\n'}
[7.152673] (px4_msgs) StdoutLine: {'line': b'-- Up-to-date symlink: /home/giromi/Repos/VTOL/ws_sensor_combined_src/install/px4_msgs/include/px4_msgs/px4_msgs/msg/detail/parameter_update__rosidl_typesupport_fastrtps_cpp.hpp\n'}
[7.152864] (px4_msgs) StdoutLine: {'line': b'-- Up-to-date symlink: /home/giromi/Repos/VTOL/ws_sensor_combined_src/install/px4_msgs/include/px4_msgs/px4_msgs/msg/detail/ping__rosidl_typesupport_fastrtps_cpp.hpp\n'}
[7.153048] (px4_msgs) StdoutLine: {'line': b'-- Up-to-date symlink: /home/giromi/Repos/VTOL/ws_sensor_combined_src/install/px4_msgs/include/px4_msgs/px4_msgs/msg/detail/position_controller_landing_status__rosidl_typesupport_fastrtps_cpp.hpp\n'}
[7.153274] (px4_msgs) StdoutLine: {'line': b'-- Up-to-date symlink: /home/giromi/Repos/VTOL/ws_sensor_combined_src/install/px4_msgs/include/px4_msgs/px4_msgs/msg/detail/position_controller_status__rosidl_typesupport_fastrtps_cpp.hpp\n'}
[7.153499] (px4_msgs) StdoutLine: {'line': b'-- Up-to-date symlink: /home/giromi/Repos/VTOL/ws_sensor_combined_src/install/px4_msgs/include/px4_msgs/px4_msgs/msg/detail/position_setpoint__rosidl_typesupport_fastrtps_cpp.hpp\n'}
[7.153719] (px4_msgs) StdoutLine: {'line': b'-- Up-to-date symlink: /home/giromi/Repos/VTOL/ws_sensor_combined_src/install/px4_msgs/include/px4_msgs/px4_msgs/msg/detail/position_setpoint_triplet__rosidl_typesupport_fastrtps_cpp.hpp\n'}
[7.153899] (px4_msgs) StdoutLine: {'line': b'-- Up-to-date symlink: /home/giromi/Repos/VTOL/ws_sensor_combined_src/install/px4_msgs/include/px4_msgs/px4_msgs/msg/detail/power_button_state__rosidl_typesupport_fastrtps_cpp.hpp\n'}
[7.154124] (px4_msgs) StdoutLine: {'line': b'-- Up-to-date symlink: /home/giromi/Repos/VTOL/ws_sensor_combined_src/install/px4_msgs/include/px4_msgs/px4_msgs/msg/detail/power_monitor__rosidl_typesupport_fastrtps_cpp.hpp\n'}
[7.154382] (px4_msgs) StdoutLine: {'line': b'-- Up-to-date symlink: /home/giromi/Repos/VTOL/ws_sensor_combined_src/install/px4_msgs/include/px4_msgs/px4_msgs/msg/detail/pps_capture__rosidl_typesupport_fastrtps_cpp.hpp\n'}
[7.154607] (px4_msgs) StdoutLine: {'line': b'-- Up-to-date symlink: /home/giromi/Repos/VTOL/ws_sensor_combined_src/install/px4_msgs/include/px4_msgs/px4_msgs/msg/detail/pwm_input__rosidl_typesupport_fastrtps_cpp.hpp\n'}
[7.154831] (px4_msgs) StdoutLine: {'line': b'-- Up-to-date symlink: /home/giromi/Repos/VTOL/ws_sensor_combined_src/install/px4_msgs/include/px4_msgs/px4_msgs/msg/detail/px4io_status__rosidl_typesupport_fastrtps_cpp.hpp\n'}
[7.155087] (px4_msgs) StdoutLine: {'line': b'-- Up-to-date symlink: /home/giromi/Repos/VTOL/ws_sensor_combined_src/install/px4_msgs/include/px4_msgs/px4_msgs/msg/detail/qshell_req__rosidl_typesupport_fastrtps_cpp.hpp\n'}
[7.155315] (px4_msgs) StdoutLine: {'line': b'-- Up-to-date symlink: /home/giromi/Repos/VTOL/ws_sensor_combined_src/install/px4_msgs/include/px4_msgs/px4_msgs/msg/detail/qshell_retval__rosidl_typesupport_fastrtps_cpp.hpp\n'}
[7.155524] (px4_msgs) StdoutLine: {'line': b'-- Up-to-date symlink: /home/giromi/Repos/VTOL/ws_sensor_combined_src/install/px4_msgs/include/px4_msgs/px4_msgs/msg/detail/radio_status__rosidl_typesupport_fastrtps_cpp.hpp\n'}
[7.155726] (px4_msgs) StdoutLine: {'line': b'-- Up-to-date symlink: /home/giromi/Repos/VTOL/ws_sensor_combined_src/install/px4_msgs/include/px4_msgs/px4_msgs/msg/detail/rate_ctrl_status__rosidl_typesupport_fastrtps_cpp.hpp\n'}
[7.155930] (px4_msgs) StdoutLine: {'line': b'-- Up-to-date symlink: /home/giromi/Repos/VTOL/ws_sensor_combined_src/install/px4_msgs/include/px4_msgs/px4_msgs/msg/detail/rc_channels__rosidl_typesupport_fastrtps_cpp.hpp\n'}
[7.156200] (px4_msgs) StdoutLine: {'line': b'-- Up-to-date symlink: /home/giromi/Repos/VTOL/ws_sensor_combined_src/install/px4_msgs/include/px4_msgs/px4_msgs/msg/detail/rc_parameter_map__rosidl_typesupport_fastrtps_cpp.hpp\n'}
[7.156455] (px4_msgs) StdoutLine: {'line': b'-- Up-to-date symlink: /home/giromi/Repos/VTOL/ws_sensor_combined_src/install/px4_msgs/include/px4_msgs/px4_msgs/msg/detail/register_ext_component_reply__rosidl_typesupport_fastrtps_cpp.hpp\n'}
[7.156682] (px4_msgs) StdoutLine: {'line': b'-- Up-to-date symlink: /home/giromi/Repos/VTOL/ws_sensor_combined_src/install/px4_msgs/include/px4_msgs/px4_msgs/msg/detail/register_ext_component_request__rosidl_typesupport_fastrtps_cpp.hpp\n'}
[7.156909] (px4_msgs) StdoutLine: {'line': b'-- Up-to-date symlink: /home/giromi/Repos/VTOL/ws_sensor_combined_src/install/px4_msgs/include/px4_msgs/px4_msgs/msg/detail/rpm__rosidl_typesupport_fastrtps_cpp.hpp\n'}
[7.157174] (px4_msgs) StdoutLine: {'line': b'-- Up-to-date symlink: /home/giromi/Repos/VTOL/ws_sensor_combined_src/install/px4_msgs/include/px4_msgs/px4_msgs/msg/detail/rtl_time_estimate__rosidl_typesupport_fastrtps_cpp.hpp\n'}
[7.157418] (px4_msgs) StdoutLine: {'line': b'-- Up-to-date symlink: /home/giromi/Repos/VTOL/ws_sensor_combined_src/install/px4_msgs/include/px4_msgs/px4_msgs/msg/detail/satellite_info__rosidl_typesupport_fastrtps_cpp.hpp\n'}
[7.157658] (px4_msgs) StdoutLine: {'line': b'-- Up-to-date symlink: /home/giromi/Repos/VTOL/ws_sensor_combined_src/install/px4_msgs/include/px4_msgs/px4_msgs/msg/detail/sensor_accel__rosidl_typesupport_fastrtps_cpp.hpp\n'}
[7.157885] (px4_msgs) StdoutLine: {'line': b'-- Up-to-date symlink: /home/giromi/Repos/VTOL/ws_sensor_combined_src/install/px4_msgs/include/px4_msgs/px4_msgs/msg/detail/sensor_accel_fifo__rosidl_typesupport_fastrtps_cpp.hpp\n'}
[7.158087] (px4_msgs) StdoutLine: {'line': b'-- Up-to-date symlink: /home/giromi/Repos/VTOL/ws_sensor_combined_src/install/px4_msgs/include/px4_msgs/px4_msgs/msg/detail/sensor_airflow__rosidl_typesupport_fastrtps_cpp.hpp\n'}
[7.158312] (px4_msgs) StdoutLine: {'line': b'-- Up-to-date symlink: /home/giromi/Repos/VTOL/ws_sensor_combined_src/install/px4_msgs/include/px4_msgs/px4_msgs/msg/detail/sensor_baro__rosidl_typesupport_fastrtps_cpp.hpp\n'}
[7.158572] (px4_msgs) StdoutLine: {'line': b'-- Up-to-date symlink: /home/giromi/Repos/VTOL/ws_sensor_combined_src/install/px4_msgs/include/px4_msgs/px4_msgs/msg/detail/sensor_combined__rosidl_typesupport_fastrtps_cpp.hpp\n'}
[7.158802] (px4_msgs) StdoutLine: {'line': b'-- Up-to-date symlink: /home/giromi/Repos/VTOL/ws_sensor_combined_src/install/px4_msgs/include/px4_msgs/px4_msgs/msg/detail/sensor_correction__rosidl_typesupport_fastrtps_cpp.hpp\n'}
[7.159025] (px4_msgs) StdoutLine: {'line': b'-- Up-to-date symlink: /home/giromi/Repos/VTOL/ws_sensor_combined_src/install/px4_msgs/include/px4_msgs/px4_msgs/msg/detail/sensor_gnss_relative__rosidl_typesupport_fastrtps_cpp.hpp\n'}
[7.159285] (px4_msgs) StdoutLine: {'line': b'-- Up-to-date symlink: /home/giromi/Repos/VTOL/ws_sensor_combined_src/install/px4_msgs/include/px4_msgs/px4_msgs/msg/detail/sensor_gps__rosidl_typesupport_fastrtps_cpp.hpp\n'}
[7.159511] (px4_msgs) StdoutLine: {'line': b'-- Up-to-date symlink: /home/giromi/Repos/VTOL/ws_sensor_combined_src/install/px4_msgs/include/px4_msgs/px4_msgs/msg/detail/sensor_gyro__rosidl_typesupport_fastrtps_cpp.hpp\n'}
[7.159736] (px4_msgs) StdoutLine: {'line': b'-- Up-to-date symlink: /home/giromi/Repos/VTOL/ws_sensor_combined_src/install/px4_msgs/include/px4_msgs/px4_msgs/msg/detail/sensor_gyro_fft__rosidl_typesupport_fastrtps_cpp.hpp\n'}
[7.159935] (px4_msgs) StdoutLine: {'line': b'-- Up-to-date symlink: /home/giromi/Repos/VTOL/ws_sensor_combined_src/install/px4_msgs/include/px4_msgs/px4_msgs/msg/detail/sensor_gyro_fifo__rosidl_typesupport_fastrtps_cpp.hpp\n'}
[7.160180] (px4_msgs) StdoutLine: {'line': b'-- Up-to-date symlink: /home/giromi/Repos/VTOL/ws_sensor_combined_src/install/px4_msgs/include/px4_msgs/px4_msgs/msg/detail/sensor_hygrometer__rosidl_typesupport_fastrtps_cpp.hpp\n'}
[7.160383] (px4_msgs) StdoutLine: {'line': b'-- Up-to-date symlink: /home/giromi/Repos/VTOL/ws_sensor_combined_src/install/px4_msgs/include/px4_msgs/px4_msgs/msg/detail/sensor_mag__rosidl_typesupport_fastrtps_cpp.hpp\n'}
[7.160643] (px4_msgs) StdoutLine: {'line': b'-- Up-to-date symlink: /home/giromi/Repos/VTOL/ws_sensor_combined_src/install/px4_msgs/include/px4_msgs/px4_msgs/msg/detail/sensor_optical_flow__rosidl_typesupport_fastrtps_cpp.hpp\n'}
[7.160869] (px4_msgs) StdoutLine: {'line': b'-- Up-to-date symlink: /home/giromi/Repos/VTOL/ws_sensor_combined_src/install/px4_msgs/include/px4_msgs/px4_msgs/msg/detail/sensor_preflight_mag__rosidl_typesupport_fastrtps_cpp.hpp\n'}
[7.161095] (px4_msgs) StdoutLine: {'line': b'-- Up-to-date symlink: /home/giromi/Repos/VTOL/ws_sensor_combined_src/install/px4_msgs/include/px4_msgs/px4_msgs/msg/detail/sensor_selection__rosidl_typesupport_fastrtps_cpp.hpp\n'}
[7.161359] (px4_msgs) StdoutLine: {'line': b'-- Up-to-date symlink: /home/giromi/Repos/VTOL/ws_sensor_combined_src/install/px4_msgs/include/px4_msgs/px4_msgs/msg/detail/sensor_uwb__rosidl_typesupport_fastrtps_cpp.hpp\n'}
[7.161585] (px4_msgs) StdoutLine: {'line': b'-- Up-to-date symlink: /home/giromi/Repos/VTOL/ws_sensor_combined_src/install/px4_msgs/include/px4_msgs/px4_msgs/msg/detail/sensors_status__rosidl_typesupport_fastrtps_cpp.hpp\n'}
[7.161816] (px4_msgs) StdoutLine: {'line': b'-- Up-to-date symlink: /home/giromi/Repos/VTOL/ws_sensor_combined_src/install/px4_msgs/include/px4_msgs/px4_msgs/msg/detail/sensors_status_imu__rosidl_typesupport_fastrtps_cpp.hpp\n'}
[7.162042] (px4_msgs) StdoutLine: {'line': b'-- Up-to-date symlink: /home/giromi/Repos/VTOL/ws_sensor_combined_src/install/px4_msgs/include/px4_msgs/px4_msgs/msg/detail/system_power__rosidl_typesupport_fastrtps_cpp.hpp\n'}
[7.162268] (px4_msgs) StdoutLine: {'line': b'-- Up-to-date symlink: /home/giromi/Repos/VTOL/ws_sensor_combined_src/install/px4_msgs/include/px4_msgs/px4_msgs/msg/detail/takeoff_status__rosidl_typesupport_fastrtps_cpp.hpp\n'}
[7.162471] (px4_msgs) StdoutLine: {'line': b'-- Up-to-date symlink: /home/giromi/Repos/VTOL/ws_sensor_combined_src/install/px4_msgs/include/px4_msgs/px4_msgs/msg/detail/task_stack_info__rosidl_typesupport_fastrtps_cpp.hpp\n'}
[7.162707] (px4_msgs) StdoutLine: {'line': b'-- Up-to-date symlink: /home/giromi/Repos/VTOL/ws_sensor_combined_src/install/px4_msgs/include/px4_msgs/px4_msgs/msg/detail/tecs_status__rosidl_typesupport_fastrtps_cpp.hpp\n'}
[7.162910] (px4_msgs) StdoutLine: {'line': b'-- Up-to-date symlink: /home/giromi/Repos/VTOL/ws_sensor_combined_src/install/px4_msgs/include/px4_msgs/px4_msgs/msg/detail/telemetry_status__rosidl_typesupport_fastrtps_cpp.hpp\n'}
[7.163135] (px4_msgs) StdoutLine: {'line': b'-- Up-to-date symlink: /home/giromi/Repos/VTOL/ws_sensor_combined_src/install/px4_msgs/include/px4_msgs/px4_msgs/msg/detail/tiltrotor_extra_controls__rosidl_typesupport_fastrtps_cpp.hpp\n'}
[7.163383] (px4_msgs) StdoutLine: {'line': b'-- Up-to-date symlink: /home/giromi/Repos/VTOL/ws_sensor_combined_src/install/px4_msgs/include/px4_msgs/px4_msgs/msg/detail/timesync_status__rosidl_typesupport_fastrtps_cpp.hpp\n'}
[7.163625] (px4_msgs) StdoutLine: {'line': b'-- Up-to-date symlink: /home/giromi/Repos/VTOL/ws_sensor_combined_src/install/px4_msgs/include/px4_msgs/px4_msgs/msg/detail/trajectory_bezier__rosidl_typesupport_fastrtps_cpp.hpp\n'}
[7.163849] (px4_msgs) StdoutLine: {'line': b'-- Up-to-date symlink: /home/giromi/Repos/VTOL/ws_sensor_combined_src/install/px4_msgs/include/px4_msgs/px4_msgs/msg/detail/trajectory_setpoint__rosidl_typesupport_fastrtps_cpp.hpp\n'}
[7.164156] (px4_msgs) StdoutLine: {'line': b'-- Up-to-date symlink: /home/giromi/Repos/VTOL/ws_sensor_combined_src/install/px4_msgs/include/px4_msgs/px4_msgs/msg/detail/trajectory_waypoint__rosidl_typesupport_fastrtps_cpp.hpp\n'}
[7.164348] (px4_msgs) StdoutLine: {'line': b'-- Up-to-date symlink: /home/giromi/Repos/VTOL/ws_sensor_combined_src/install/px4_msgs/include/px4_msgs/px4_msgs/msg/detail/transponder_report__rosidl_typesupport_fastrtps_cpp.hpp\n'}
[7.164539] (px4_msgs) StdoutLine: {'line': b'-- Up-to-date symlink: /home/giromi/Repos/VTOL/ws_sensor_combined_src/install/px4_msgs/include/px4_msgs/px4_msgs/msg/detail/tune_control__rosidl_typesupport_fastrtps_cpp.hpp\n'}
[7.164736] (px4_msgs) StdoutLine: {'line': b'-- Up-to-date symlink: /home/giromi/Repos/VTOL/ws_sensor_combined_src/install/px4_msgs/include/px4_msgs/px4_msgs/msg/detail/uavcan_parameter_request__rosidl_typesupport_fastrtps_cpp.hpp\n'}
[7.164902] (px4_msgs) StdoutLine: {'line': b'-- Up-to-date symlink: /home/giromi/Repos/VTOL/ws_sensor_combined_src/install/px4_msgs/include/px4_msgs/px4_msgs/msg/detail/uavcan_parameter_value__rosidl_typesupport_fastrtps_cpp.hpp\n'}
[7.165123] (px4_msgs) StdoutLine: {'line': b'-- Up-to-date symlink: /home/giromi/Repos/VTOL/ws_sensor_combined_src/install/px4_msgs/include/px4_msgs/px4_msgs/msg/detail/ulog_stream__rosidl_typesupport_fastrtps_cpp.hpp\n'}
[7.165371] (px4_msgs) StdoutLine: {'line': b'-- Up-to-date symlink: /home/giromi/Repos/VTOL/ws_sensor_combined_src/install/px4_msgs/include/px4_msgs/px4_msgs/msg/detail/ulog_stream_ack__rosidl_typesupport_fastrtps_cpp.hpp\n'}
[7.165614] (px4_msgs) StdoutLine: {'line': b'-- Up-to-date symlink: /home/giromi/Repos/VTOL/ws_sensor_combined_src/install/px4_msgs/include/px4_msgs/px4_msgs/msg/detail/unregister_ext_component__rosidl_typesupport_fastrtps_cpp.hpp\n'}
[7.165832] (px4_msgs) StdoutLine: {'line': b'-- Up-to-date symlink: /home/giromi/Repos/VTOL/ws_sensor_combined_src/install/px4_msgs/include/px4_msgs/px4_msgs/msg/detail/vehicle_acceleration__rosidl_typesupport_fastrtps_cpp.hpp\n'}
[7.166024] (px4_msgs) StdoutLine: {'line': b'-- Up-to-date symlink: /home/giromi/Repos/VTOL/ws_sensor_combined_src/install/px4_msgs/include/px4_msgs/px4_msgs/msg/detail/vehicle_air_data__rosidl_typesupport_fastrtps_cpp.hpp\n'}
[7.166214] (px4_msgs) StdoutLine: {'line': b'-- Up-to-date symlink: /home/giromi/Repos/VTOL/ws_sensor_combined_src/install/px4_msgs/include/px4_msgs/px4_msgs/msg/detail/vehicle_angular_acceleration_setpoint__rosidl_typesupport_fastrtps_cpp.hpp\n'}
[7.166399] (px4_msgs) StdoutLine: {'line': b'-- Up-to-date symlink: /home/giromi/Repos/VTOL/ws_sensor_combined_src/install/px4_msgs/include/px4_msgs/px4_msgs/msg/detail/vehicle_angular_velocity__rosidl_typesupport_fastrtps_cpp.hpp\n'}
[7.166586] (px4_msgs) StdoutLine: {'line': b'-- Up-to-date symlink: /home/giromi/Repos/VTOL/ws_sensor_combined_src/install/px4_msgs/include/px4_msgs/px4_msgs/msg/detail/vehicle_attitude__rosidl_typesupport_fastrtps_cpp.hpp\n'}
[7.166782] (px4_msgs) StdoutLine: {'line': b'-- Up-to-date symlink: /home/giromi/Repos/VTOL/ws_sensor_combined_src/install/px4_msgs/include/px4_msgs/px4_msgs/msg/detail/vehicle_attitude_setpoint__rosidl_typesupport_fastrtps_cpp.hpp\n'}
[7.166978] (px4_msgs) StdoutLine: {'line': b'-- Up-to-date symlink: /home/giromi/Repos/VTOL/ws_sensor_combined_src/install/px4_msgs/include/px4_msgs/px4_msgs/msg/detail/vehicle_command__rosidl_typesupport_fastrtps_cpp.hpp\n'}
[7.167179] (px4_msgs) StdoutLine: {'line': b'-- Up-to-date symlink: /home/giromi/Repos/VTOL/ws_sensor_combined_src/install/px4_msgs/include/px4_msgs/px4_msgs/msg/detail/vehicle_command_ack__rosidl_typesupport_fastrtps_cpp.hpp\n'}
[7.167349] (px4_msgs) StdoutLine: {'line': b'-- Up-to-date symlink: /home/giromi/Repos/VTOL/ws_sensor_combined_src/install/px4_msgs/include/px4_msgs/px4_msgs/msg/detail/vehicle_constraints__rosidl_typesupport_fastrtps_cpp.hpp\n'}
[7.167580] (px4_msgs) StdoutLine: {'line': b'-- Up-to-date symlink: /home/giromi/Repos/VTOL/ws_sensor_combined_src/install/px4_msgs/include/px4_msgs/px4_msgs/msg/detail/vehicle_control_mode__rosidl_typesupport_fastrtps_cpp.hpp\n'}
[7.167773] (px4_msgs) StdoutLine: {'line': b'-- Up-to-date symlink: /home/giromi/Repos/VTOL/ws_sensor_combined_src/install/px4_msgs/include/px4_msgs/px4_msgs/msg/detail/vehicle_global_position__rosidl_typesupport_fastrtps_cpp.hpp\n'}
[7.168034] (px4_msgs) StdoutLine: {'line': b'-- Up-to-date symlink: /home/giromi/Repos/VTOL/ws_sensor_combined_src/install/px4_msgs/include/px4_msgs/px4_msgs/msg/detail/vehicle_imu__rosidl_typesupport_fastrtps_cpp.hpp\n'}
[7.168202] (px4_msgs) StdoutLine: {'line': b'-- Up-to-date symlink: /home/giromi/Repos/VTOL/ws_sensor_combined_src/install/px4_msgs/include/px4_msgs/px4_msgs/msg/detail/vehicle_imu_status__rosidl_typesupport_fastrtps_cpp.hpp\n'}
[7.168388] (px4_msgs) StdoutLine: {'line': b'-- Up-to-date symlink: /home/giromi/Repos/VTOL/ws_sensor_combined_src/install/px4_msgs/include/px4_msgs/px4_msgs/msg/detail/vehicle_land_detected__rosidl_typesupport_fastrtps_cpp.hpp\n'}
[7.168550] (px4_msgs) StdoutLine: {'line': b'-- Up-to-date symlink: /home/giromi/Repos/VTOL/ws_sensor_combined_src/install/px4_msgs/include/px4_msgs/px4_msgs/msg/detail/vehicle_local_position__rosidl_typesupport_fastrtps_cpp.hpp\n'}
[7.168780] (px4_msgs) StdoutLine: {'line': b'-- Up-to-date symlink: /home/giromi/Repos/VTOL/ws_sensor_combined_src/install/px4_msgs/include/px4_msgs/px4_msgs/msg/detail/vehicle_local_position_setpoint__rosidl_typesupport_fastrtps_cpp.hpp\n'}
[7.168980] (px4_msgs) StdoutLine: {'line': b'-- Up-to-date symlink: /home/giromi/Repos/VTOL/ws_sensor_combined_src/install/px4_msgs/include/px4_msgs/px4_msgs/msg/detail/vehicle_magnetometer__rosidl_typesupport_fastrtps_cpp.hpp\n'}
[7.169175] (px4_msgs) StdoutLine: {'line': b'-- Up-to-date symlink: /home/giromi/Repos/VTOL/ws_sensor_combined_src/install/px4_msgs/include/px4_msgs/px4_msgs/msg/detail/vehicle_odometry__rosidl_typesupport_fastrtps_cpp.hpp\n'}
[7.169395] (px4_msgs) StdoutLine: {'line': b'-- Up-to-date symlink: /home/giromi/Repos/VTOL/ws_sensor_combined_src/install/px4_msgs/include/px4_msgs/px4_msgs/msg/detail/vehicle_optical_flow__rosidl_typesupport_fastrtps_cpp.hpp\n'}
[7.169590] (px4_msgs) StdoutLine: {'line': b'-- Up-to-date symlink: /home/giromi/Repos/VTOL/ws_sensor_combined_src/install/px4_msgs/include/px4_msgs/px4_msgs/msg/detail/vehicle_optical_flow_vel__rosidl_typesupport_fastrtps_cpp.hpp\n'}
[7.169756] (px4_msgs) StdoutLine: {'line': b'-- Up-to-date symlink: /home/giromi/Repos/VTOL/ws_sensor_combined_src/install/px4_msgs/include/px4_msgs/px4_msgs/msg/detail/vehicle_rates_setpoint__rosidl_typesupport_fastrtps_cpp.hpp\n'}
[7.169919] (px4_msgs) StdoutLine: {'line': b'-- Up-to-date symlink: /home/giromi/Repos/VTOL/ws_sensor_combined_src/install/px4_msgs/include/px4_msgs/px4_msgs/msg/detail/vehicle_roi__rosidl_typesupport_fastrtps_cpp.hpp\n'}
[7.170143] (px4_msgs) StdoutLine: {'line': b'-- Up-to-date symlink: /home/giromi/Repos/VTOL/ws_sensor_combined_src/install/px4_msgs/include/px4_msgs/px4_msgs/msg/detail/vehicle_status__rosidl_typesupport_fastrtps_cpp.hpp\n'}
[7.170369] (px4_msgs) StdoutLine: {'line': b'-- Up-to-date symlink: /home/giromi/Repos/VTOL/ws_sensor_combined_src/install/px4_msgs/include/px4_msgs/px4_msgs/msg/detail/vehicle_thrust_setpoint__rosidl_typesupport_fastrtps_cpp.hpp\n'}
[7.170594] (px4_msgs) StdoutLine: {'line': b'-- Up-to-date symlink: /home/giromi/Repos/VTOL/ws_sensor_combined_src/install/px4_msgs/include/px4_msgs/px4_msgs/msg/detail/vehicle_torque_setpoint__rosidl_typesupport_fastrtps_cpp.hpp\n'}
[7.170851] (px4_msgs) StdoutLine: {'line': b'-- Up-to-date symlink: /home/giromi/Repos/VTOL/ws_sensor_combined_src/install/px4_msgs/include/px4_msgs/px4_msgs/msg/detail/vehicle_trajectory_bezier__rosidl_typesupport_fastrtps_cpp.hpp\n'}
[7.171085] (px4_msgs) StdoutLine: {'line': b'-- Up-to-date symlink: /home/giromi/Repos/VTOL/ws_sensor_combined_src/install/px4_msgs/include/px4_msgs/px4_msgs/msg/detail/vehicle_trajectory_waypoint__rosidl_typesupport_fastrtps_cpp.hpp\n'}
[7.171303] (px4_msgs) StdoutLine: {'line': b'-- Up-to-date symlink: /home/giromi/Repos/VTOL/ws_sensor_combined_src/install/px4_msgs/include/px4_msgs/px4_msgs/msg/detail/velocity_limits__rosidl_typesupport_fastrtps_cpp.hpp\n'}
[7.171549] (px4_msgs) StdoutLine: {'line': b'-- Up-to-date symlink: /home/giromi/Repos/VTOL/ws_sensor_combined_src/install/px4_msgs/include/px4_msgs/px4_msgs/msg/detail/vtol_vehicle_status__rosidl_typesupport_fastrtps_cpp.hpp\n'}
[7.171787] (px4_msgs) StdoutLine: {'line': b'-- Up-to-date symlink: /home/giromi/Repos/VTOL/ws_sensor_combined_src/install/px4_msgs/include/px4_msgs/px4_msgs/msg/detail/wheel_encoders__rosidl_typesupport_fastrtps_cpp.hpp\n'}
[7.172024] (px4_msgs) StdoutLine: {'line': b'-- Up-to-date symlink: /home/giromi/Repos/VTOL/ws_sensor_combined_src/install/px4_msgs/include/px4_msgs/px4_msgs/msg/detail/wind__rosidl_typesupport_fastrtps_cpp.hpp\n'}
[7.172199] (px4_msgs) StdoutLine: {'line': b'-- Up-to-date symlink: /home/giromi/Repos/VTOL/ws_sensor_combined_src/install/px4_msgs/include/px4_msgs/px4_msgs/msg/detail/yaw_estimator_status__rosidl_typesupport_fastrtps_cpp.hpp\n'}
[7.172382] (px4_msgs) StdoutLine: {'line': b'-- Up-to-date symlink: /home/giromi/Repos/VTOL/ws_sensor_combined_src/install/px4_msgs/include/px4_msgs/px4_msgs/msg/rosidl_typesupport_fastrtps_cpp__visibility_control.h\n'}
[7.172571] (px4_msgs) StdoutLine: {'line': b'-- Up-to-date symlink: /home/giromi/Repos/VTOL/ws_sensor_combined_src/install/px4_msgs/include/px4_msgs/px4_msgs/srv/detail/vehicle_command__rosidl_typesupport_fastrtps_cpp.hpp\n'}
[7.176164] (px4_msgs) StdoutLine: {'line': b'-- Up-to-date symlink: /home/giromi/Repos/VTOL/ws_sensor_combined_src/install/px4_msgs/include/px4_msgs/px4_msgs/msg/detail/action_request__rosidl_typesupport_introspection_c.h\n'}
[7.176413] (px4_msgs) StdoutLine: {'line': b'-- Up-to-date symlink: /home/giromi/Repos/VTOL/ws_sensor_combined_src/install/px4_msgs/include/px4_msgs/px4_msgs/msg/detail/actuator_armed__rosidl_typesupport_introspection_c.h\n'}
[7.176646] (px4_msgs) StdoutLine: {'line': b'-- Up-to-date symlink: /home/giromi/Repos/VTOL/ws_sensor_combined_src/install/px4_msgs/include/px4_msgs/px4_msgs/msg/detail/actuator_controls_status__rosidl_typesupport_introspection_c.h\n'}
[7.176854] (px4_msgs) StdoutLine: {'line': b'-- Up-to-date symlink: /home/giromi/Repos/VTOL/ws_sensor_combined_src/install/px4_msgs/include/px4_msgs/px4_msgs/msg/detail/actuator_motors__rosidl_typesupport_introspection_c.h\n'}
[7.177058] (px4_msgs) StdoutLine: {'line': b'-- Up-to-date symlink: /home/giromi/Repos/VTOL/ws_sensor_combined_src/install/px4_msgs/include/px4_msgs/px4_msgs/msg/detail/actuator_outputs__rosidl_typesupport_introspection_c.h\n'}
[7.177257] (px4_msgs) StdoutLine: {'line': b'-- Up-to-date symlink: /home/giromi/Repos/VTOL/ws_sensor_combined_src/install/px4_msgs/include/px4_msgs/px4_msgs/msg/detail/actuator_servos__rosidl_typesupport_introspection_c.h\n'}
[7.177469] (px4_msgs) StdoutLine: {'line': b'-- Up-to-date symlink: /home/giromi/Repos/VTOL/ws_sensor_combined_src/install/px4_msgs/include/px4_msgs/px4_msgs/msg/detail/actuator_servos_trim__rosidl_typesupport_introspection_c.h\n'}
[7.177629] (px4_msgs) StdoutLine: {'line': b'-- Up-to-date symlink: /home/giromi/Repos/VTOL/ws_sensor_combined_src/install/px4_msgs/include/px4_msgs/px4_msgs/msg/detail/actuator_test__rosidl_typesupport_introspection_c.h\n'}
[7.177820] (px4_msgs) StdoutLine: {'line': b'-- Up-to-date symlink: /home/giromi/Repos/VTOL/ws_sensor_combined_src/install/px4_msgs/include/px4_msgs/px4_msgs/msg/detail/adc_report__rosidl_typesupport_introspection_c.h\n'}
[7.177941] (px4_msgs) StdoutLine: {'line': b'-- Up-to-date symlink: /home/giromi/Repos/VTOL/ws_sensor_combined_src/install/px4_msgs/include/px4_msgs/px4_msgs/msg/detail/airspeed__rosidl_typesupport_introspection_c.h\n'}
[7.178147] (px4_msgs) StdoutLine: {'line': b'-- Up-to-date symlink: /home/giromi/Repos/VTOL/ws_sensor_combined_src/install/px4_msgs/include/px4_msgs/px4_msgs/msg/detail/airspeed_validated__rosidl_typesupport_introspection_c.h\n'}
[7.178353] (px4_msgs) StdoutLine: {'line': b'-- Up-to-date symlink: /home/giromi/Repos/VTOL/ws_sensor_combined_src/install/px4_msgs/include/px4_msgs/px4_msgs/msg/detail/airspeed_wind__rosidl_typesupport_introspection_c.h\n'}
[7.178589] (px4_msgs) StdoutLine: {'line': b'-- Up-to-date symlink: /home/giromi/Repos/VTOL/ws_sensor_combined_src/install/px4_msgs/include/px4_msgs/px4_msgs/msg/detail/arming_check_reply__rosidl_typesupport_introspection_c.h\n'}
[7.178774] (px4_msgs) StdoutLine: {'line': b'-- Up-to-date symlink: /home/giromi/Repos/VTOL/ws_sensor_combined_src/install/px4_msgs/include/px4_msgs/px4_msgs/msg/detail/arming_check_request__rosidl_typesupport_introspection_c.h\n'}
[7.178954] (px4_msgs) StdoutLine: {'line': b'-- Up-to-date symlink: /home/giromi/Repos/VTOL/ws_sensor_combined_src/install/px4_msgs/include/px4_msgs/px4_msgs/msg/detail/autotune_attitude_control_status__rosidl_typesupport_introspection_c.h\n'}
[7.179189] (px4_msgs) StdoutLine: {'line': b'-- Up-to-date symlink: /home/giromi/Repos/VTOL/ws_sensor_combined_src/install/px4_msgs/include/px4_msgs/px4_msgs/msg/detail/battery_status__rosidl_typesupport_introspection_c.h\n'}
[7.179384] (px4_msgs) StdoutLine: {'line': b'-- Up-to-date symlink: /home/giromi/Repos/VTOL/ws_sensor_combined_src/install/px4_msgs/include/px4_msgs/px4_msgs/msg/detail/buffer128__rosidl_typesupport_introspection_c.h\n'}
[7.179541] (px4_msgs) StdoutLine: {'line': b'-- Up-to-date symlink: /home/giromi/Repos/VTOL/ws_sensor_combined_src/install/px4_msgs/include/px4_msgs/px4_msgs/msg/detail/button_event__rosidl_typesupport_introspection_c.h\n'}
[7.179698] (px4_msgs) StdoutLine: {'line': b'-- Up-to-date symlink: /home/giromi/Repos/VTOL/ws_sensor_combined_src/install/px4_msgs/include/px4_msgs/px4_msgs/msg/detail/camera_capture__rosidl_typesupport_introspection_c.h\n'}
[7.179898] (px4_msgs) StdoutLine: {'line': b'-- Up-to-date symlink: /home/giromi/Repos/VTOL/ws_sensor_combined_src/install/px4_msgs/include/px4_msgs/px4_msgs/msg/detail/camera_status__rosidl_typesupport_introspection_c.h\n'}
[7.180139] (px4_msgs) StdoutLine: {'line': b'-- Up-to-date symlink: /home/giromi/Repos/VTOL/ws_sensor_combined_src/install/px4_msgs/include/px4_msgs/px4_msgs/msg/detail/camera_trigger__rosidl_typesupport_introspection_c.h\n'}
[7.180391] (px4_msgs) StdoutLine: {'line': b'-- Up-to-date symlink: /home/giromi/Repos/VTOL/ws_sensor_combined_src/install/px4_msgs/include/px4_msgs/px4_msgs/msg/detail/cellular_status__rosidl_typesupport_introspection_c.h\n'}
[7.180643] (px4_msgs) StdoutLine: {'line': b'-- Up-to-date symlink: /home/giromi/Repos/VTOL/ws_sensor_combined_src/install/px4_msgs/include/px4_msgs/px4_msgs/msg/detail/collision_constraints__rosidl_typesupport_introspection_c.h\n'}
[7.180788] (px4_msgs) StdoutLine: {'line': b'-- Up-to-date symlink: /home/giromi/Repos/VTOL/ws_sensor_combined_src/install/px4_msgs/include/px4_msgs/px4_msgs/msg/detail/collision_report__rosidl_typesupport_introspection_c.h\n'}
[7.180953] (px4_msgs) StdoutLine: {'line': b'-- Up-to-date symlink: /home/giromi/Repos/VTOL/ws_sensor_combined_src/install/px4_msgs/include/px4_msgs/px4_msgs/msg/detail/config_overrides__rosidl_typesupport_introspection_c.h\n'}
[7.181166] (px4_msgs) StdoutLine: {'line': b'-- Up-to-date symlink: /home/giromi/Repos/VTOL/ws_sensor_combined_src/install/px4_msgs/include/px4_msgs/px4_msgs/msg/detail/control_allocator_status__rosidl_typesupport_introspection_c.h\n'}
[7.181355] (px4_msgs) StdoutLine: {'line': b'-- Up-to-date symlink: /home/giromi/Repos/VTOL/ws_sensor_combined_src/install/px4_msgs/include/px4_msgs/px4_msgs/msg/detail/cpuload__rosidl_typesupport_introspection_c.h\n'}
[7.181554] (px4_msgs) StdoutLine: {'line': b'-- Up-to-date symlink: /home/giromi/Repos/VTOL/ws_sensor_combined_src/install/px4_msgs/include/px4_msgs/px4_msgs/msg/detail/dataman_request__rosidl_typesupport_introspection_c.h\n'}
[7.181779] (px4_msgs) StdoutLine: {'line': b'-- Up-to-date symlink: /home/giromi/Repos/VTOL/ws_sensor_combined_src/install/px4_msgs/include/px4_msgs/px4_msgs/msg/detail/dataman_response__rosidl_typesupport_introspection_c.h\n'}
[7.181939] (px4_msgs) StdoutLine: {'line': b'-- Up-to-date symlink: /home/giromi/Repos/VTOL/ws_sensor_combined_src/install/px4_msgs/include/px4_msgs/px4_msgs/msg/detail/debug_array__rosidl_typesupport_introspection_c.h\n'}
[7.182136] (px4_msgs) StdoutLine: {'line': b'-- Up-to-date symlink: /home/giromi/Repos/VTOL/ws_sensor_combined_src/install/px4_msgs/include/px4_msgs/px4_msgs/msg/detail/debug_key_value__rosidl_typesupport_introspection_c.h\n'}
[7.182303] (px4_msgs) StdoutLine: {'line': b'-- Up-to-date symlink: /home/giromi/Repos/VTOL/ws_sensor_combined_src/install/px4_msgs/include/px4_msgs/px4_msgs/msg/detail/debug_value__rosidl_typesupport_introspection_c.h\n'}
[7.182492] (px4_msgs) StdoutLine: {'line': b'-- Up-to-date symlink: /home/giromi/Repos/VTOL/ws_sensor_combined_src/install/px4_msgs/include/px4_msgs/px4_msgs/msg/detail/debug_vect__rosidl_typesupport_introspection_c.h\n'}
[7.182674] (px4_msgs) StdoutLine: {'line': b'-- Up-to-date symlink: /home/giromi/Repos/VTOL/ws_sensor_combined_src/install/px4_msgs/include/px4_msgs/px4_msgs/msg/detail/differential_drive_setpoint__rosidl_typesupport_introspection_c.h\n'}
[7.182869] (px4_msgs) StdoutLine: {'line': b'-- Up-to-date symlink: /home/giromi/Repos/VTOL/ws_sensor_combined_src/install/px4_msgs/include/px4_msgs/px4_msgs/msg/detail/differential_pressure__rosidl_typesupport_introspection_c.h\n'}
[7.183037] (px4_msgs) StdoutLine: {'line': b'-- Up-to-date symlink: /home/giromi/Repos/VTOL/ws_sensor_combined_src/install/px4_msgs/include/px4_msgs/px4_msgs/msg/detail/distance_sensor__rosidl_typesupport_introspection_c.h\n'}
[7.183218] (px4_msgs) StdoutLine: {'line': b'-- Up-to-date symlink: /home/giromi/Repos/VTOL/ws_sensor_combined_src/install/px4_msgs/include/px4_msgs/px4_msgs/msg/detail/ekf2_timestamps__rosidl_typesupport_introspection_c.h\n'}
[7.183431] (px4_msgs) StdoutLine: {'line': b'-- Up-to-date symlink: /home/giromi/Repos/VTOL/ws_sensor_combined_src/install/px4_msgs/include/px4_msgs/px4_msgs/msg/detail/esc_report__rosidl_typesupport_introspection_c.h\n'}
[7.183602] (px4_msgs) StdoutLine: {'line': b'-- Up-to-date symlink: /home/giromi/Repos/VTOL/ws_sensor_combined_src/install/px4_msgs/include/px4_msgs/px4_msgs/msg/detail/esc_status__rosidl_typesupport_introspection_c.h\n'}
[7.183798] (px4_msgs) StdoutLine: {'line': b'-- Up-to-date symlink: /home/giromi/Repos/VTOL/ws_sensor_combined_src/install/px4_msgs/include/px4_msgs/px4_msgs/msg/detail/estimator_aid_source1d__rosidl_typesupport_introspection_c.h\n'}
[7.184098] (px4_msgs) StdoutLine: {'line': b'-- Up-to-date symlink: /home/giromi/Repos/VTOL/ws_sensor_combined_src/install/px4_msgs/include/px4_msgs/px4_msgs/msg/detail/estimator_aid_source2d__rosidl_typesupport_introspection_c.h\n'}
[7.184213] (px4_msgs) StdoutLine: {'line': b'-- Up-to-date symlink: /home/giromi/Repos/VTOL/ws_sensor_combined_src/install/px4_msgs/include/px4_msgs/px4_msgs/msg/detail/estimator_aid_source3d__rosidl_typesupport_introspection_c.h\n'}
[7.184370] (px4_msgs) StdoutLine: {'line': b'-- Up-to-date symlink: /home/giromi/Repos/VTOL/ws_sensor_combined_src/install/px4_msgs/include/px4_msgs/px4_msgs/msg/detail/estimator_bias3d__rosidl_typesupport_introspection_c.h\n'}
[7.184562] (px4_msgs) StdoutLine: {'line': b'-- Up-to-date symlink: /home/giromi/Repos/VTOL/ws_sensor_combined_src/install/px4_msgs/include/px4_msgs/px4_msgs/msg/detail/estimator_bias__rosidl_typesupport_introspection_c.h\n'}
[7.184720] (px4_msgs) StdoutLine: {'line': b'-- Up-to-date symlink: /home/giromi/Repos/VTOL/ws_sensor_combined_src/install/px4_msgs/include/px4_msgs/px4_msgs/msg/detail/estimator_event_flags__rosidl_typesupport_introspection_c.h\n'}
[7.184913] (px4_msgs) StdoutLine: {'line': b'-- Up-to-date symlink: /home/giromi/Repos/VTOL/ws_sensor_combined_src/install/px4_msgs/include/px4_msgs/px4_msgs/msg/detail/estimator_gps_status__rosidl_typesupport_introspection_c.h\n'}
[7.185101] (px4_msgs) StdoutLine: {'line': b'-- Up-to-date symlink: /home/giromi/Repos/VTOL/ws_sensor_combined_src/install/px4_msgs/include/px4_msgs/px4_msgs/msg/detail/estimator_innovations__rosidl_typesupport_introspection_c.h\n'}
[7.185319] (px4_msgs) StdoutLine: {'line': b'-- Up-to-date symlink: /home/giromi/Repos/VTOL/ws_sensor_combined_src/install/px4_msgs/include/px4_msgs/px4_msgs/msg/detail/estimator_selector_status__rosidl_typesupport_introspection_c.h\n'}
[7.185545] (px4_msgs) StdoutLine: {'line': b'-- Up-to-date symlink: /home/giromi/Repos/VTOL/ws_sensor_combined_src/install/px4_msgs/include/px4_msgs/px4_msgs/msg/detail/estimator_sensor_bias__rosidl_typesupport_introspection_c.h\n'}
[7.185713] (px4_msgs) StdoutLine: {'line': b'-- Up-to-date symlink: /home/giromi/Repos/VTOL/ws_sensor_combined_src/install/px4_msgs/include/px4_msgs/px4_msgs/msg/detail/estimator_states__rosidl_typesupport_introspection_c.h\n'}
[7.185838] (px4_msgs) StdoutLine: {'line': b'-- Up-to-date symlink: /home/giromi/Repos/VTOL/ws_sensor_combined_src/install/px4_msgs/include/px4_msgs/px4_msgs/msg/detail/estimator_status__rosidl_typesupport_introspection_c.h\n'}
[7.185996] (px4_msgs) StdoutLine: {'line': b'-- Up-to-date symlink: /home/giromi/Repos/VTOL/ws_sensor_combined_src/install/px4_msgs/include/px4_msgs/px4_msgs/msg/detail/estimator_status_flags__rosidl_typesupport_introspection_c.h\n'}
[7.186163] (px4_msgs) StdoutLine: {'line': b'-- Up-to-date symlink: /home/giromi/Repos/VTOL/ws_sensor_combined_src/install/px4_msgs/include/px4_msgs/px4_msgs/msg/detail/event__rosidl_typesupport_introspection_c.h\n'}
[7.186321] (px4_msgs) StdoutLine: {'line': b'-- Up-to-date symlink: /home/giromi/Repos/VTOL/ws_sensor_combined_src/install/px4_msgs/include/px4_msgs/px4_msgs/msg/detail/failsafe_flags__rosidl_typesupport_introspection_c.h\n'}
[7.186511] (px4_msgs) StdoutLine: {'line': b'-- Up-to-date symlink: /home/giromi/Repos/VTOL/ws_sensor_combined_src/install/px4_msgs/include/px4_msgs/px4_msgs/msg/detail/failure_detector_status__rosidl_typesupport_introspection_c.h\n'}
[7.186732] (px4_msgs) StdoutLine: {'line': b'-- Up-to-date symlink: /home/giromi/Repos/VTOL/ws_sensor_combined_src/install/px4_msgs/include/px4_msgs/px4_msgs/msg/detail/figure_eight_status__rosidl_typesupport_introspection_c.h\n'}
[7.186900] (px4_msgs) StdoutLine: {'line': b'-- Up-to-date symlink: /home/giromi/Repos/VTOL/ws_sensor_combined_src/install/px4_msgs/include/px4_msgs/px4_msgs/msg/detail/follow_target__rosidl_typesupport_introspection_c.h\n'}
[7.187096] (px4_msgs) StdoutLine: {'line': b'-- Up-to-date symlink: /home/giromi/Repos/VTOL/ws_sensor_combined_src/install/px4_msgs/include/px4_msgs/px4_msgs/msg/detail/follow_target_estimator__rosidl_typesupport_introspection_c.h\n'}
[7.187257] (px4_msgs) StdoutLine: {'line': b'-- Up-to-date symlink: /home/giromi/Repos/VTOL/ws_sensor_combined_src/install/px4_msgs/include/px4_msgs/px4_msgs/msg/detail/follow_target_status__rosidl_typesupport_introspection_c.h\n'}
[7.187450] (px4_msgs) StdoutLine: {'line': b'-- Up-to-date symlink: /home/giromi/Repos/VTOL/ws_sensor_combined_src/install/px4_msgs/include/px4_msgs/px4_msgs/msg/detail/generator_status__rosidl_typesupport_introspection_c.h\n'}
[7.187603] (px4_msgs) StdoutLine: {'line': b'-- Up-to-date symlink: /home/giromi/Repos/VTOL/ws_sensor_combined_src/install/px4_msgs/include/px4_msgs/px4_msgs/msg/detail/geofence_result__rosidl_typesupport_introspection_c.h\n'}
[7.187758] (px4_msgs) StdoutLine: {'line': b'-- Up-to-date symlink: /home/giromi/Repos/VTOL/ws_sensor_combined_src/install/px4_msgs/include/px4_msgs/px4_msgs/msg/detail/gimbal_controls__rosidl_typesupport_introspection_c.h\n'}
[7.187979] (px4_msgs) StdoutLine: {'line': b'-- Up-to-date symlink: /home/giromi/Repos/VTOL/ws_sensor_combined_src/install/px4_msgs/include/px4_msgs/px4_msgs/msg/detail/gimbal_device_attitude_status__rosidl_typesupport_introspection_c.h\n'}
[7.188179] (px4_msgs) StdoutLine: {'line': b'-- Up-to-date symlink: /home/giromi/Repos/VTOL/ws_sensor_combined_src/install/px4_msgs/include/px4_msgs/px4_msgs/msg/detail/gimbal_device_information__rosidl_typesupport_introspection_c.h\n'}
[7.188367] (px4_msgs) StdoutLine: {'line': b'-- Up-to-date symlink: /home/giromi/Repos/VTOL/ws_sensor_combined_src/install/px4_msgs/include/px4_msgs/px4_msgs/msg/detail/gimbal_device_set_attitude__rosidl_typesupport_introspection_c.h\n'}
[7.188565] (px4_msgs) StdoutLine: {'line': b'-- Up-to-date symlink: /home/giromi/Repos/VTOL/ws_sensor_combined_src/install/px4_msgs/include/px4_msgs/px4_msgs/msg/detail/gimbal_manager_information__rosidl_typesupport_introspection_c.h\n'}
[7.188749] (px4_msgs) StdoutLine: {'line': b'-- Up-to-date symlink: /home/giromi/Repos/VTOL/ws_sensor_combined_src/install/px4_msgs/include/px4_msgs/px4_msgs/msg/detail/gimbal_manager_set_attitude__rosidl_typesupport_introspection_c.h\n'}
[7.188992] (px4_msgs) StdoutLine: {'line': b'-- Up-to-date symlink: /home/giromi/Repos/VTOL/ws_sensor_combined_src/install/px4_msgs/include/px4_msgs/px4_msgs/msg/detail/gimbal_manager_set_manual_control__rosidl_typesupport_introspection_c.h\n'}
[7.189154] (px4_msgs) StdoutLine: {'line': b'-- Up-to-date symlink: /home/giromi/Repos/VTOL/ws_sensor_combined_src/install/px4_msgs/include/px4_msgs/px4_msgs/msg/detail/gimbal_manager_status__rosidl_typesupport_introspection_c.h\n'}
[7.189310] (px4_msgs) StdoutLine: {'line': b'-- Up-to-date symlink: /home/giromi/Repos/VTOL/ws_sensor_combined_src/install/px4_msgs/include/px4_msgs/px4_msgs/msg/detail/goto_setpoint__rosidl_typesupport_introspection_c.h\n'}
[7.189502] (px4_msgs) StdoutLine: {'line': b'-- Up-to-date symlink: /home/giromi/Repos/VTOL/ws_sensor_combined_src/install/px4_msgs/include/px4_msgs/px4_msgs/msg/detail/gpio_config__rosidl_typesupport_introspection_c.h\n'}
[7.189694] (px4_msgs) StdoutLine: {'line': b'-- Up-to-date symlink: /home/giromi/Repos/VTOL/ws_sensor_combined_src/install/px4_msgs/include/px4_msgs/px4_msgs/msg/detail/gpio_in__rosidl_typesupport_introspection_c.h\n'}
[7.189856] (px4_msgs) StdoutLine: {'line': b'-- Up-to-date symlink: /home/giromi/Repos/VTOL/ws_sensor_combined_src/install/px4_msgs/include/px4_msgs/px4_msgs/msg/detail/gpio_out__rosidl_typesupport_introspection_c.h\n'}
[7.190046] (px4_msgs) StdoutLine: {'line': b'-- Up-to-date symlink: /home/giromi/Repos/VTOL/ws_sensor_combined_src/install/px4_msgs/include/px4_msgs/px4_msgs/msg/detail/gpio_request__rosidl_typesupport_introspection_c.h\n'}
[7.190244] (px4_msgs) StdoutLine: {'line': b'-- Up-to-date symlink: /home/giromi/Repos/VTOL/ws_sensor_combined_src/install/px4_msgs/include/px4_msgs/px4_msgs/msg/detail/gps_dump__rosidl_typesupport_introspection_c.h\n'}
[7.190404] (px4_msgs) StdoutLine: {'line': b'-- Up-to-date symlink: /home/giromi/Repos/VTOL/ws_sensor_combined_src/install/px4_msgs/include/px4_msgs/px4_msgs/msg/detail/gps_inject_data__rosidl_typesupport_introspection_c.h\n'}
[7.190565] (px4_msgs) StdoutLine: {'line': b'-- Up-to-date symlink: /home/giromi/Repos/VTOL/ws_sensor_combined_src/install/px4_msgs/include/px4_msgs/px4_msgs/msg/detail/gripper__rosidl_typesupport_introspection_c.h\n'}
[7.190756] (px4_msgs) StdoutLine: {'line': b'-- Up-to-date symlink: /home/giromi/Repos/VTOL/ws_sensor_combined_src/install/px4_msgs/include/px4_msgs/px4_msgs/msg/detail/health_report__rosidl_typesupport_introspection_c.h\n'}
[7.190918] (px4_msgs) StdoutLine: {'line': b'-- Up-to-date symlink: /home/giromi/Repos/VTOL/ws_sensor_combined_src/install/px4_msgs/include/px4_msgs/px4_msgs/msg/detail/heater_status__rosidl_typesupport_introspection_c.h\n'}
[7.191072] (px4_msgs) StdoutLine: {'line': b'-- Up-to-date symlink: /home/giromi/Repos/VTOL/ws_sensor_combined_src/install/px4_msgs/include/px4_msgs/px4_msgs/msg/detail/home_position__rosidl_typesupport_introspection_c.h\n'}
[7.191262] (px4_msgs) StdoutLine: {'line': b'-- Up-to-date symlink: /home/giromi/Repos/VTOL/ws_sensor_combined_src/install/px4_msgs/include/px4_msgs/px4_msgs/msg/detail/hover_thrust_estimate__rosidl_typesupport_introspection_c.h\n'}
[7.191482] (px4_msgs) StdoutLine: {'line': b'-- Up-to-date symlink: /home/giromi/Repos/VTOL/ws_sensor_combined_src/install/px4_msgs/include/px4_msgs/px4_msgs/msg/detail/input_rc__rosidl_typesupport_introspection_c.h\n'}
[7.191650] (px4_msgs) StdoutLine: {'line': b'-- Up-to-date symlink: /home/giromi/Repos/VTOL/ws_sensor_combined_src/install/px4_msgs/include/px4_msgs/px4_msgs/msg/detail/internal_combustion_engine_status__rosidl_typesupport_introspection_c.h\n'}
[7.191854] (px4_msgs) StdoutLine: {'line': b'-- Up-to-date symlink: /home/giromi/Repos/VTOL/ws_sensor_combined_src/install/px4_msgs/include/px4_msgs/px4_msgs/msg/detail/iridiumsbd_status__rosidl_typesupport_introspection_c.h\n'}
[7.192202] (px4_msgs) StdoutLine: {'line': b'-- Up-to-date symlink: /home/giromi/Repos/VTOL/ws_sensor_combined_src/install/px4_msgs/include/px4_msgs/px4_msgs/msg/detail/irlock_report__rosidl_typesupport_introspection_c.h\n'}
[7.192404] (px4_msgs) StdoutLine: {'line': b'-- Up-to-date symlink: /home/giromi/Repos/VTOL/ws_sensor_combined_src/install/px4_msgs/include/px4_msgs/px4_msgs/msg/detail/landing_gear__rosidl_typesupport_introspection_c.h\n'}
[7.192602] (px4_msgs) StdoutLine: {'line': b'-- Up-to-date symlink: /home/giromi/Repos/VTOL/ws_sensor_combined_src/install/px4_msgs/include/px4_msgs/px4_msgs/msg/detail/landing_gear_wheel__rosidl_typesupport_introspection_c.h\n'}
[7.192828] (px4_msgs) StdoutLine: {'line': b'-- Up-to-date symlink: /home/giromi/Repos/VTOL/ws_sensor_combined_src/install/px4_msgs/include/px4_msgs/px4_msgs/msg/detail/landing_target_innovations__rosidl_typesupport_introspection_c.h\n'}
[7.193027] (px4_msgs) StdoutLine: {'line': b'-- Up-to-date symlink: /home/giromi/Repos/VTOL/ws_sensor_combined_src/install/px4_msgs/include/px4_msgs/px4_msgs/msg/detail/landing_target_pose__rosidl_typesupport_introspection_c.h\n'}
[7.193191] (px4_msgs) StdoutLine: {'line': b'-- Up-to-date symlink: /home/giromi/Repos/VTOL/ws_sensor_combined_src/install/px4_msgs/include/px4_msgs/px4_msgs/msg/detail/launch_detection_status__rosidl_typesupport_introspection_c.h\n'}
[7.193383] (px4_msgs) StdoutLine: {'line': b'-- Up-to-date symlink: /home/giromi/Repos/VTOL/ws_sensor_combined_src/install/px4_msgs/include/px4_msgs/px4_msgs/msg/detail/led_control__rosidl_typesupport_introspection_c.h\n'}
[7.193583] (px4_msgs) StdoutLine: {'line': b'-- Up-to-date symlink: /home/giromi/Repos/VTOL/ws_sensor_combined_src/install/px4_msgs/include/px4_msgs/px4_msgs/msg/detail/log_message__rosidl_typesupport_introspection_c.h\n'}
[7.193781] (px4_msgs) StdoutLine: {'line': b'-- Up-to-date symlink: /home/giromi/Repos/VTOL/ws_sensor_combined_src/install/px4_msgs/include/px4_msgs/px4_msgs/msg/detail/logger_status__rosidl_typesupport_introspection_c.h\n'}
[7.193995] (px4_msgs) StdoutLine: {'line': b'-- Up-to-date symlink: /home/giromi/Repos/VTOL/ws_sensor_combined_src/install/px4_msgs/include/px4_msgs/px4_msgs/msg/detail/mag_worker_data__rosidl_typesupport_introspection_c.h\n'}
[7.194204] (px4_msgs) StdoutLine: {'line': b'-- Up-to-date symlink: /home/giromi/Repos/VTOL/ws_sensor_combined_src/install/px4_msgs/include/px4_msgs/px4_msgs/msg/detail/magnetometer_bias_estimate__rosidl_typesupport_introspection_c.h\n'}
[7.194340] (px4_msgs) StdoutLine: {'line': b'-- Up-to-date symlink: /home/giromi/Repos/VTOL/ws_sensor_combined_src/install/px4_msgs/include/px4_msgs/px4_msgs/msg/detail/manual_control_setpoint__rosidl_typesupport_introspection_c.h\n'}
[7.194543] (px4_msgs) StdoutLine: {'line': b'-- Up-to-date symlink: /home/giromi/Repos/VTOL/ws_sensor_combined_src/install/px4_msgs/include/px4_msgs/px4_msgs/msg/detail/manual_control_switches__rosidl_typesupport_introspection_c.h\n'}
[7.194682] (px4_msgs) StdoutLine: {'line': b'-- Up-to-date symlink: /home/giromi/Repos/VTOL/ws_sensor_combined_src/install/px4_msgs/include/px4_msgs/px4_msgs/msg/detail/mavlink_log__rosidl_typesupport_introspection_c.h\n'}
[7.194907] (px4_msgs) StdoutLine: {'line': b'-- Up-to-date symlink: /home/giromi/Repos/VTOL/ws_sensor_combined_src/install/px4_msgs/include/px4_msgs/px4_msgs/msg/detail/mavlink_tunnel__rosidl_typesupport_introspection_c.h\n'}
[7.195115] (px4_msgs) StdoutLine: {'line': b'-- Up-to-date symlink: /home/giromi/Repos/VTOL/ws_sensor_combined_src/install/px4_msgs/include/px4_msgs/px4_msgs/msg/detail/message_format_request__rosidl_typesupport_introspection_c.h\n'}
[7.195264] (px4_msgs) StdoutLine: {'line': b'-- Up-to-date symlink: /home/giromi/Repos/VTOL/ws_sensor_combined_src/install/px4_msgs/include/px4_msgs/px4_msgs/msg/detail/message_format_response__rosidl_typesupport_introspection_c.h\n'}
[7.195446] (px4_msgs) StdoutLine: {'line': b'-- Up-to-date symlink: /home/giromi/Repos/VTOL/ws_sensor_combined_src/install/px4_msgs/include/px4_msgs/px4_msgs/msg/detail/mission__rosidl_typesupport_introspection_c.h\n'}
[7.195630] (px4_msgs) StdoutLine: {'line': b'-- Up-to-date symlink: /home/giromi/Repos/VTOL/ws_sensor_combined_src/install/px4_msgs/include/px4_msgs/px4_msgs/msg/detail/mission_result__rosidl_typesupport_introspection_c.h\n'}
[7.195838] (px4_msgs) StdoutLine: {'line': b'-- Up-to-date symlink: /home/giromi/Repos/VTOL/ws_sensor_combined_src/install/px4_msgs/include/px4_msgs/px4_msgs/msg/detail/mode_completed__rosidl_typesupport_introspection_c.h\n'}
[7.196090] (px4_msgs) StdoutLine: {'line': b'-- Up-to-date symlink: /home/giromi/Repos/VTOL/ws_sensor_combined_src/install/px4_msgs/include/px4_msgs/px4_msgs/msg/detail/mount_orientation__rosidl_typesupport_introspection_c.h\n'}
[7.196325] (px4_msgs) StdoutLine: {'line': b'-- Up-to-date symlink: /home/giromi/Repos/VTOL/ws_sensor_combined_src/install/px4_msgs/include/px4_msgs/px4_msgs/msg/detail/navigator_mission_item__rosidl_typesupport_introspection_c.h\n'}
[7.196518] (px4_msgs) StdoutLine: {'line': b'-- Up-to-date symlink: /home/giromi/Repos/VTOL/ws_sensor_combined_src/install/px4_msgs/include/px4_msgs/px4_msgs/msg/detail/normalized_unsigned_setpoint__rosidl_typesupport_introspection_c.h\n'}
[7.196709] (px4_msgs) StdoutLine: {'line': b'-- Up-to-date symlink: /home/giromi/Repos/VTOL/ws_sensor_combined_src/install/px4_msgs/include/px4_msgs/px4_msgs/msg/detail/npfg_status__rosidl_typesupport_introspection_c.h\n'}
[7.196863] (px4_msgs) StdoutLine: {'line': b'-- Up-to-date symlink: /home/giromi/Repos/VTOL/ws_sensor_combined_src/install/px4_msgs/include/px4_msgs/px4_msgs/msg/detail/obstacle_distance__rosidl_typesupport_introspection_c.h\n'}
[7.197081] (px4_msgs) StdoutLine: {'line': b'-- Up-to-date symlink: /home/giromi/Repos/VTOL/ws_sensor_combined_src/install/px4_msgs/include/px4_msgs/px4_msgs/msg/detail/offboard_control_mode__rosidl_typesupport_introspection_c.h\n'}
[7.197259] (px4_msgs) StdoutLine: {'line': b'-- Up-to-date symlink: /home/giromi/Repos/VTOL/ws_sensor_combined_src/install/px4_msgs/include/px4_msgs/px4_msgs/msg/detail/onboard_computer_status__rosidl_typesupport_introspection_c.h\n'}
[7.197444] (px4_msgs) StdoutLine: {'line': b'-- Up-to-date symlink: /home/giromi/Repos/VTOL/ws_sensor_combined_src/install/px4_msgs/include/px4_msgs/px4_msgs/msg/detail/orb_test__rosidl_typesupport_introspection_c.h\n'}
[7.197708] (px4_msgs) StdoutLine: {'line': b'-- Up-to-date symlink: /home/giromi/Repos/VTOL/ws_sensor_combined_src/install/px4_msgs/include/px4_msgs/px4_msgs/msg/detail/orb_test_large__rosidl_typesupport_introspection_c.h\n'}
[7.197929] (px4_msgs) StdoutLine: {'line': b'-- Up-to-date symlink: /home/giromi/Repos/VTOL/ws_sensor_combined_src/install/px4_msgs/include/px4_msgs/px4_msgs/msg/detail/orb_test_medium__rosidl_typesupport_introspection_c.h\n'}
[7.198118] (px4_msgs) StdoutLine: {'line': b'-- Up-to-date symlink: /home/giromi/Repos/VTOL/ws_sensor_combined_src/install/px4_msgs/include/px4_msgs/px4_msgs/msg/detail/orbit_status__rosidl_typesupport_introspection_c.h\n'}
[7.198302] (px4_msgs) StdoutLine: {'line': b'-- Up-to-date symlink: /home/giromi/Repos/VTOL/ws_sensor_combined_src/install/px4_msgs/include/px4_msgs/px4_msgs/msg/detail/parameter_update__rosidl_typesupport_introspection_c.h\n'}
[7.198502] (px4_msgs) StdoutLine: {'line': b'-- Up-to-date symlink: /home/giromi/Repos/VTOL/ws_sensor_combined_src/install/px4_msgs/include/px4_msgs/px4_msgs/msg/detail/ping__rosidl_typesupport_introspection_c.h\n'}
[7.198730] (px4_msgs) StdoutLine: {'line': b'-- Up-to-date symlink: /home/giromi/Repos/VTOL/ws_sensor_combined_src/install/px4_msgs/include/px4_msgs/px4_msgs/msg/detail/position_controller_landing_status__rosidl_typesupport_introspection_c.h\n'}
[7.198919] (px4_msgs) StdoutLine: {'line': b'-- Up-to-date symlink: /home/giromi/Repos/VTOL/ws_sensor_combined_src/install/px4_msgs/include/px4_msgs/px4_msgs/msg/detail/position_controller_status__rosidl_typesupport_introspection_c.h\n'}
[7.199158] (px4_msgs) StdoutLine: {'line': b'-- Up-to-date symlink: /home/giromi/Repos/VTOL/ws_sensor_combined_src/install/px4_msgs/include/px4_msgs/px4_msgs/msg/detail/position_setpoint__rosidl_typesupport_introspection_c.h\n'}
[7.199329] (px4_msgs) StdoutLine: {'line': b'-- Up-to-date symlink: /home/giromi/Repos/VTOL/ws_sensor_combined_src/install/px4_msgs/include/px4_msgs/px4_msgs/msg/detail/position_setpoint_triplet__rosidl_typesupport_introspection_c.h\n'}
[7.199495] (px4_msgs) StdoutLine: {'line': b'-- Up-to-date symlink: /home/giromi/Repos/VTOL/ws_sensor_combined_src/install/px4_msgs/include/px4_msgs/px4_msgs/msg/detail/power_button_state__rosidl_typesupport_introspection_c.h\n'}
[7.199659] (px4_msgs) StdoutLine: {'line': b'-- Up-to-date symlink: /home/giromi/Repos/VTOL/ws_sensor_combined_src/install/px4_msgs/include/px4_msgs/px4_msgs/msg/detail/power_monitor__rosidl_typesupport_introspection_c.h\n'}
[7.199827] (px4_msgs) StdoutLine: {'line': b'-- Up-to-date symlink: /home/giromi/Repos/VTOL/ws_sensor_combined_src/install/px4_msgs/include/px4_msgs/px4_msgs/msg/detail/pps_capture__rosidl_typesupport_introspection_c.h\n'}
[7.200182] (px4_msgs) StdoutLine: {'line': b'-- Up-to-date symlink: /home/giromi/Repos/VTOL/ws_sensor_combined_src/install/px4_msgs/include/px4_msgs/px4_msgs/msg/detail/pwm_input__rosidl_typesupport_introspection_c.h\n'}
[7.200373] (px4_msgs) StdoutLine: {'line': b'-- Up-to-date symlink: /home/giromi/Repos/VTOL/ws_sensor_combined_src/install/px4_msgs/include/px4_msgs/px4_msgs/msg/detail/px4io_status__rosidl_typesupport_introspection_c.h\n'}
[7.200601] (px4_msgs) StdoutLine: {'line': b'-- Up-to-date symlink: /home/giromi/Repos/VTOL/ws_sensor_combined_src/install/px4_msgs/include/px4_msgs/px4_msgs/msg/detail/qshell_req__rosidl_typesupport_introspection_c.h\n'}
[7.200835] (px4_msgs) StdoutLine: {'line': b'-- Up-to-date symlink: /home/giromi/Repos/VTOL/ws_sensor_combined_src/install/px4_msgs/include/px4_msgs/px4_msgs/msg/detail/qshell_retval__rosidl_typesupport_introspection_c.h\n'}
[7.200988] (px4_msgs) StdoutLine: {'line': b'-- Up-to-date symlink: /home/giromi/Repos/VTOL/ws_sensor_combined_src/install/px4_msgs/include/px4_msgs/px4_msgs/msg/detail/radio_status__rosidl_typesupport_introspection_c.h\n'}
[7.201190] (px4_msgs) StdoutLine: {'line': b'-- Up-to-date symlink: /home/giromi/Repos/VTOL/ws_sensor_combined_src/install/px4_msgs/include/px4_msgs/px4_msgs/msg/detail/rate_ctrl_status__rosidl_typesupport_introspection_c.h\n'}
[7.201358] (px4_msgs) StdoutLine: {'line': b'-- Up-to-date symlink: /home/giromi/Repos/VTOL/ws_sensor_combined_src/install/px4_msgs/include/px4_msgs/px4_msgs/msg/detail/rc_channels__rosidl_typesupport_introspection_c.h\n'}
[7.201526] (px4_msgs) StdoutLine: {'line': b'-- Up-to-date symlink: /home/giromi/Repos/VTOL/ws_sensor_combined_src/install/px4_msgs/include/px4_msgs/px4_msgs/msg/detail/rc_parameter_map__rosidl_typesupport_introspection_c.h\n'}
[7.201761] (px4_msgs) StdoutLine: {'line': b'-- Up-to-date symlink: /home/giromi/Repos/VTOL/ws_sensor_combined_src/install/px4_msgs/include/px4_msgs/px4_msgs/msg/detail/register_ext_component_reply__rosidl_typesupport_introspection_c.h\n'}
[7.201956] (px4_msgs) StdoutLine: {'line': b'-- Up-to-date symlink: /home/giromi/Repos/VTOL/ws_sensor_combined_src/install/px4_msgs/include/px4_msgs/px4_msgs/msg/detail/register_ext_component_request__rosidl_typesupport_introspection_c.h\n'}
[7.202154] (px4_msgs) StdoutLine: {'line': b'-- Up-to-date symlink: /home/giromi/Repos/VTOL/ws_sensor_combined_src/install/px4_msgs/include/px4_msgs/px4_msgs/msg/detail/rpm__rosidl_typesupport_introspection_c.h\n'}
[7.202377] (px4_msgs) StdoutLine: {'line': b'-- Up-to-date symlink: /home/giromi/Repos/VTOL/ws_sensor_combined_src/install/px4_msgs/include/px4_msgs/px4_msgs/msg/detail/rtl_time_estimate__rosidl_typesupport_introspection_c.h\n'}
[7.202643] (px4_msgs) StdoutLine: {'line': b'-- Up-to-date symlink: /home/giromi/Repos/VTOL/ws_sensor_combined_src/install/px4_msgs/include/px4_msgs/px4_msgs/msg/detail/satellite_info__rosidl_typesupport_introspection_c.h\n'}
[7.202841] (px4_msgs) StdoutLine: {'line': b'-- Up-to-date symlink: /home/giromi/Repos/VTOL/ws_sensor_combined_src/install/px4_msgs/include/px4_msgs/px4_msgs/msg/detail/sensor_accel__rosidl_typesupport_introspection_c.h\n'}
[7.202992] (px4_msgs) StdoutLine: {'line': b'-- Up-to-date symlink: /home/giromi/Repos/VTOL/ws_sensor_combined_src/install/px4_msgs/include/px4_msgs/px4_msgs/msg/detail/sensor_accel_fifo__rosidl_typesupport_introspection_c.h\n'}
[7.203178] (px4_msgs) StdoutLine: {'line': b'-- Up-to-date symlink: /home/giromi/Repos/VTOL/ws_sensor_combined_src/install/px4_msgs/include/px4_msgs/px4_msgs/msg/detail/sensor_airflow__rosidl_typesupport_introspection_c.h\n'}
[7.203355] (px4_msgs) StdoutLine: {'line': b'-- Up-to-date symlink: /home/giromi/Repos/VTOL/ws_sensor_combined_src/install/px4_msgs/include/px4_msgs/px4_msgs/msg/detail/sensor_baro__rosidl_typesupport_introspection_c.h\n'}
[7.203553] (px4_msgs) StdoutLine: {'line': b'-- Up-to-date symlink: /home/giromi/Repos/VTOL/ws_sensor_combined_src/install/px4_msgs/include/px4_msgs/px4_msgs/msg/detail/sensor_combined__rosidl_typesupport_introspection_c.h\n'}
[7.203761] (px4_msgs) StdoutLine: {'line': b'-- Up-to-date symlink: /home/giromi/Repos/VTOL/ws_sensor_combined_src/install/px4_msgs/include/px4_msgs/px4_msgs/msg/detail/sensor_correction__rosidl_typesupport_introspection_c.h\n'}
[7.203913] (px4_msgs) StdoutLine: {'line': b'-- Up-to-date symlink: /home/giromi/Repos/VTOL/ws_sensor_combined_src/install/px4_msgs/include/px4_msgs/px4_msgs/msg/detail/sensor_gnss_relative__rosidl_typesupport_introspection_c.h\n'}
[7.204181] (px4_msgs) StdoutLine: {'line': b'-- Up-to-date symlink: /home/giromi/Repos/VTOL/ws_sensor_combined_src/install/px4_msgs/include/px4_msgs/px4_msgs/msg/detail/sensor_gps__rosidl_typesupport_introspection_c.h\n'}
[7.204373] (px4_msgs) StdoutLine: {'line': b'-- Up-to-date symlink: /home/giromi/Repos/VTOL/ws_sensor_combined_src/install/px4_msgs/include/px4_msgs/px4_msgs/msg/detail/sensor_gyro__rosidl_typesupport_introspection_c.h\n'}
[7.204603] (px4_msgs) StdoutLine: {'line': b'-- Up-to-date symlink: /home/giromi/Repos/VTOL/ws_sensor_combined_src/install/px4_msgs/include/px4_msgs/px4_msgs/msg/detail/sensor_gyro_fft__rosidl_typesupport_introspection_c.h\n'}
[7.204780] (px4_msgs) StdoutLine: {'line': b'-- Up-to-date symlink: /home/giromi/Repos/VTOL/ws_sensor_combined_src/install/px4_msgs/include/px4_msgs/px4_msgs/msg/detail/sensor_gyro_fifo__rosidl_typesupport_introspection_c.h\n'}
[7.204941] (px4_msgs) StdoutLine: {'line': b'-- Up-to-date symlink: /home/giromi/Repos/VTOL/ws_sensor_combined_src/install/px4_msgs/include/px4_msgs/px4_msgs/msg/detail/sensor_hygrometer__rosidl_typesupport_introspection_c.h\n'}
[7.205163] (px4_msgs) StdoutLine: {'line': b'-- Up-to-date symlink: /home/giromi/Repos/VTOL/ws_sensor_combined_src/install/px4_msgs/include/px4_msgs/px4_msgs/msg/detail/sensor_mag__rosidl_typesupport_introspection_c.h\n'}
[7.205358] (px4_msgs) StdoutLine: {'line': b'-- Up-to-date symlink: /home/giromi/Repos/VTOL/ws_sensor_combined_src/install/px4_msgs/include/px4_msgs/px4_msgs/msg/detail/sensor_optical_flow__rosidl_typesupport_introspection_c.h\n'}
[7.205516] (px4_msgs) StdoutLine: {'line': b'-- Up-to-date symlink: /home/giromi/Repos/VTOL/ws_sensor_combined_src/install/px4_msgs/include/px4_msgs/px4_msgs/msg/detail/sensor_preflight_mag__rosidl_typesupport_introspection_c.h\n'}
[7.205708] (px4_msgs) StdoutLine: {'line': b'-- Up-to-date symlink: /home/giromi/Repos/VTOL/ws_sensor_combined_src/install/px4_msgs/include/px4_msgs/px4_msgs/msg/detail/sensor_selection__rosidl_typesupport_introspection_c.h\n'}
[7.205946] (px4_msgs) StdoutLine: {'line': b'-- Up-to-date symlink: /home/giromi/Repos/VTOL/ws_sensor_combined_src/install/px4_msgs/include/px4_msgs/px4_msgs/msg/detail/sensor_uwb__rosidl_typesupport_introspection_c.h\n'}
[7.206115] (px4_msgs) StdoutLine: {'line': b'-- Up-to-date symlink: /home/giromi/Repos/VTOL/ws_sensor_combined_src/install/px4_msgs/include/px4_msgs/px4_msgs/msg/detail/sensors_status__rosidl_typesupport_introspection_c.h\n'}
[7.206279] (px4_msgs) StdoutLine: {'line': b'-- Up-to-date symlink: /home/giromi/Repos/VTOL/ws_sensor_combined_src/install/px4_msgs/include/px4_msgs/px4_msgs/msg/detail/sensors_status_imu__rosidl_typesupport_introspection_c.h\n'}
[7.206440] (px4_msgs) StdoutLine: {'line': b'-- Up-to-date symlink: /home/giromi/Repos/VTOL/ws_sensor_combined_src/install/px4_msgs/include/px4_msgs/px4_msgs/msg/detail/system_power__rosidl_typesupport_introspection_c.h\n'}
[7.206645] (px4_msgs) StdoutLine: {'line': b'-- Up-to-date symlink: /home/giromi/Repos/VTOL/ws_sensor_combined_src/install/px4_msgs/include/px4_msgs/px4_msgs/msg/detail/takeoff_status__rosidl_typesupport_introspection_c.h\n'}
[7.206846] (px4_msgs) StdoutLine: {'line': b'-- Up-to-date symlink: /home/giromi/Repos/VTOL/ws_sensor_combined_src/install/px4_msgs/include/px4_msgs/px4_msgs/msg/detail/task_stack_info__rosidl_typesupport_introspection_c.h\n'}
[7.207016] (px4_msgs) StdoutLine: {'line': b'-- Up-to-date symlink: /home/giromi/Repos/VTOL/ws_sensor_combined_src/install/px4_msgs/include/px4_msgs/px4_msgs/msg/detail/tecs_status__rosidl_typesupport_introspection_c.h\n'}
[7.207180] (px4_msgs) StdoutLine: {'line': b'-- Up-to-date symlink: /home/giromi/Repos/VTOL/ws_sensor_combined_src/install/px4_msgs/include/px4_msgs/px4_msgs/msg/detail/telemetry_status__rosidl_typesupport_introspection_c.h\n'}
[7.207376] (px4_msgs) StdoutLine: {'line': b'-- Up-to-date symlink: /home/giromi/Repos/VTOL/ws_sensor_combined_src/install/px4_msgs/include/px4_msgs/px4_msgs/msg/detail/tiltrotor_extra_controls__rosidl_typesupport_introspection_c.h\n'}
[7.207595] (px4_msgs) StdoutLine: {'line': b'-- Up-to-date symlink: /home/giromi/Repos/VTOL/ws_sensor_combined_src/install/px4_msgs/include/px4_msgs/px4_msgs/msg/detail/timesync_status__rosidl_typesupport_introspection_c.h\n'}
[7.207780] (px4_msgs) StdoutLine: {'line': b'-- Up-to-date symlink: /home/giromi/Repos/VTOL/ws_sensor_combined_src/install/px4_msgs/include/px4_msgs/px4_msgs/msg/detail/trajectory_bezier__rosidl_typesupport_introspection_c.h\n'}
[7.208065] (px4_msgs) StdoutLine: {'line': b'-- Up-to-date symlink: /home/giromi/Repos/VTOL/ws_sensor_combined_src/install/px4_msgs/include/px4_msgs/px4_msgs/msg/detail/trajectory_setpoint__rosidl_typesupport_introspection_c.h\n'}
[7.208256] (px4_msgs) StdoutLine: {'line': b'-- Up-to-date symlink: /home/giromi/Repos/VTOL/ws_sensor_combined_src/install/px4_msgs/include/px4_msgs/px4_msgs/msg/detail/trajectory_waypoint__rosidl_typesupport_introspection_c.h\n'}
[7.208455] (px4_msgs) StdoutLine: {'line': b'-- Up-to-date symlink: /home/giromi/Repos/VTOL/ws_sensor_combined_src/install/px4_msgs/include/px4_msgs/px4_msgs/msg/detail/transponder_report__rosidl_typesupport_introspection_c.h\n'}
[7.208664] (px4_msgs) StdoutLine: {'line': b'-- Up-to-date symlink: /home/giromi/Repos/VTOL/ws_sensor_combined_src/install/px4_msgs/include/px4_msgs/px4_msgs/msg/detail/tune_control__rosidl_typesupport_introspection_c.h\n'}
[7.208871] (px4_msgs) StdoutLine: {'line': b'-- Up-to-date symlink: /home/giromi/Repos/VTOL/ws_sensor_combined_src/install/px4_msgs/include/px4_msgs/px4_msgs/msg/detail/uavcan_parameter_request__rosidl_typesupport_introspection_c.h\n'}
[7.209023] (px4_msgs) StdoutLine: {'line': b'-- Up-to-date symlink: /home/giromi/Repos/VTOL/ws_sensor_combined_src/install/px4_msgs/include/px4_msgs/px4_msgs/msg/detail/uavcan_parameter_value__rosidl_typesupport_introspection_c.h\n'}
[7.209190] (px4_msgs) StdoutLine: {'line': b'-- Up-to-date symlink: /home/giromi/Repos/VTOL/ws_sensor_combined_src/install/px4_msgs/include/px4_msgs/px4_msgs/msg/detail/ulog_stream__rosidl_typesupport_introspection_c.h\n'}
[7.209356] (px4_msgs) StdoutLine: {'line': b'-- Up-to-date symlink: /home/giromi/Repos/VTOL/ws_sensor_combined_src/install/px4_msgs/include/px4_msgs/px4_msgs/msg/detail/ulog_stream_ack__rosidl_typesupport_introspection_c.h\n'}
[7.209519] (px4_msgs) StdoutLine: {'line': b'-- Up-to-date symlink: /home/giromi/Repos/VTOL/ws_sensor_combined_src/install/px4_msgs/include/px4_msgs/px4_msgs/msg/detail/unregister_ext_component__rosidl_typesupport_introspection_c.h\n'}
[7.209754] (px4_msgs) StdoutLine: {'line': b'-- Up-to-date symlink: /home/giromi/Repos/VTOL/ws_sensor_combined_src/install/px4_msgs/include/px4_msgs/px4_msgs/msg/detail/vehicle_acceleration__rosidl_typesupport_introspection_c.h\n'}
[7.210019] (px4_msgs) StdoutLine: {'line': b'-- Up-to-date symlink: /home/giromi/Repos/VTOL/ws_sensor_combined_src/install/px4_msgs/include/px4_msgs/px4_msgs/msg/detail/vehicle_air_data__rosidl_typesupport_introspection_c.h\n'}
[7.210238] (px4_msgs) StdoutLine: {'line': b'-- Up-to-date symlink: /home/giromi/Repos/VTOL/ws_sensor_combined_src/install/px4_msgs/include/px4_msgs/px4_msgs/msg/detail/vehicle_angular_acceleration_setpoint__rosidl_typesupport_introspection_c.h\n'}
[7.210390] (px4_msgs) StdoutLine: {'line': b'-- Up-to-date symlink: /home/giromi/Repos/VTOL/ws_sensor_combined_src/install/px4_msgs/include/px4_msgs/px4_msgs/msg/detail/vehicle_angular_velocity__rosidl_typesupport_introspection_c.h\n'}
[7.210555] (px4_msgs) StdoutLine: {'line': b'-- Up-to-date symlink: /home/giromi/Repos/VTOL/ws_sensor_combined_src/install/px4_msgs/include/px4_msgs/px4_msgs/msg/detail/vehicle_attitude__rosidl_typesupport_introspection_c.h\n'}
[7.210753] (px4_msgs) StdoutLine: {'line': b'-- Up-to-date symlink: /home/giromi/Repos/VTOL/ws_sensor_combined_src/install/px4_msgs/include/px4_msgs/px4_msgs/msg/detail/vehicle_attitude_setpoint__rosidl_typesupport_introspection_c.h\n'}
[7.210917] (px4_msgs) StdoutLine: {'line': b'-- Up-to-date symlink: /home/giromi/Repos/VTOL/ws_sensor_combined_src/install/px4_msgs/include/px4_msgs/px4_msgs/msg/detail/vehicle_command__rosidl_typesupport_introspection_c.h\n'}
[7.211081] (px4_msgs) StdoutLine: {'line': b'-- Up-to-date symlink: /home/giromi/Repos/VTOL/ws_sensor_combined_src/install/px4_msgs/include/px4_msgs/px4_msgs/msg/detail/vehicle_command_ack__rosidl_typesupport_introspection_c.h\n'}
[7.211294] (px4_msgs) StdoutLine: {'line': b'-- Up-to-date symlink: /home/giromi/Repos/VTOL/ws_sensor_combined_src/install/px4_msgs/include/px4_msgs/px4_msgs/msg/detail/vehicle_constraints__rosidl_typesupport_introspection_c.h\n'}
[7.211501] (px4_msgs) StdoutLine: {'line': b'-- Up-to-date symlink: /home/giromi/Repos/VTOL/ws_sensor_combined_src/install/px4_msgs/include/px4_msgs/px4_msgs/msg/detail/vehicle_control_mode__rosidl_typesupport_introspection_c.h\n'}
[7.211714] (px4_msgs) StdoutLine: {'line': b'-- Up-to-date symlink: /home/giromi/Repos/VTOL/ws_sensor_combined_src/install/px4_msgs/include/px4_msgs/px4_msgs/msg/detail/vehicle_global_position__rosidl_typesupport_introspection_c.h\n'}
[7.211914] (px4_msgs) StdoutLine: {'line': b'-- Up-to-date symlink: /home/giromi/Repos/VTOL/ws_sensor_combined_src/install/px4_msgs/include/px4_msgs/px4_msgs/msg/detail/vehicle_imu__rosidl_typesupport_introspection_c.h\n'}
[7.212146] (px4_msgs) StdoutLine: {'line': b'-- Up-to-date symlink: /home/giromi/Repos/VTOL/ws_sensor_combined_src/install/px4_msgs/include/px4_msgs/px4_msgs/msg/detail/vehicle_imu_status__rosidl_typesupport_introspection_c.h\n'}
[7.212309] (px4_msgs) StdoutLine: {'line': b'-- Up-to-date symlink: /home/giromi/Repos/VTOL/ws_sensor_combined_src/install/px4_msgs/include/px4_msgs/px4_msgs/msg/detail/vehicle_land_detected__rosidl_typesupport_introspection_c.h\n'}
[7.212471] (px4_msgs) StdoutLine: {'line': b'-- Up-to-date symlink: /home/giromi/Repos/VTOL/ws_sensor_combined_src/install/px4_msgs/include/px4_msgs/px4_msgs/msg/detail/vehicle_local_position__rosidl_typesupport_introspection_c.h\n'}
[7.212635] (px4_msgs) StdoutLine: {'line': b'-- Up-to-date symlink: /home/giromi/Repos/VTOL/ws_sensor_combined_src/install/px4_msgs/include/px4_msgs/px4_msgs/msg/detail/vehicle_local_position_setpoint__rosidl_typesupport_introspection_c.h\n'}
[7.212834] (px4_msgs) StdoutLine: {'line': b'-- Up-to-date symlink: /home/giromi/Repos/VTOL/ws_sensor_combined_src/install/px4_msgs/include/px4_msgs/px4_msgs/msg/detail/vehicle_magnetometer__rosidl_typesupport_introspection_c.h\n'}
[7.212993] (px4_msgs) StdoutLine: {'line': b'-- Up-to-date symlink: /home/giromi/Repos/VTOL/ws_sensor_combined_src/install/px4_msgs/include/px4_msgs/px4_msgs/msg/detail/vehicle_odometry__rosidl_typesupport_introspection_c.h\n'}
[7.213189] (px4_msgs) StdoutLine: {'line': b'-- Up-to-date symlink: /home/giromi/Repos/VTOL/ws_sensor_combined_src/install/px4_msgs/include/px4_msgs/px4_msgs/msg/detail/vehicle_optical_flow__rosidl_typesupport_introspection_c.h\n'}
[7.213390] (px4_msgs) StdoutLine: {'line': b'-- Up-to-date symlink: /home/giromi/Repos/VTOL/ws_sensor_combined_src/install/px4_msgs/include/px4_msgs/px4_msgs/msg/detail/vehicle_optical_flow_vel__rosidl_typesupport_introspection_c.h\n'}
[7.213592] (px4_msgs) StdoutLine: {'line': b'-- Up-to-date symlink: /home/giromi/Repos/VTOL/ws_sensor_combined_src/install/px4_msgs/include/px4_msgs/px4_msgs/msg/detail/vehicle_rates_setpoint__rosidl_typesupport_introspection_c.h\n'}
[7.213776] (px4_msgs) StdoutLine: {'line': b'-- Up-to-date symlink: /home/giromi/Repos/VTOL/ws_sensor_combined_src/install/px4_msgs/include/px4_msgs/px4_msgs/msg/detail/vehicle_roi__rosidl_typesupport_introspection_c.h\n'}
[7.213959] (px4_msgs) StdoutLine: {'line': b'-- Up-to-date symlink: /home/giromi/Repos/VTOL/ws_sensor_combined_src/install/px4_msgs/include/px4_msgs/px4_msgs/msg/detail/vehicle_status__rosidl_typesupport_introspection_c.h\n'}
[7.214149] (px4_msgs) StdoutLine: {'line': b'-- Up-to-date symlink: /home/giromi/Repos/VTOL/ws_sensor_combined_src/install/px4_msgs/include/px4_msgs/px4_msgs/msg/detail/vehicle_thrust_setpoint__rosidl_typesupport_introspection_c.h\n'}
[7.214312] (px4_msgs) StdoutLine: {'line': b'-- Up-to-date symlink: /home/giromi/Repos/VTOL/ws_sensor_combined_src/install/px4_msgs/include/px4_msgs/px4_msgs/msg/detail/vehicle_torque_setpoint__rosidl_typesupport_introspection_c.h\n'}
[7.214476] (px4_msgs) StdoutLine: {'line': b'-- Up-to-date symlink: /home/giromi/Repos/VTOL/ws_sensor_combined_src/install/px4_msgs/include/px4_msgs/px4_msgs/msg/detail/vehicle_trajectory_bezier__rosidl_typesupport_introspection_c.h\n'}
[7.214633] (px4_msgs) StdoutLine: {'line': b'-- Up-to-date symlink: /home/giromi/Repos/VTOL/ws_sensor_combined_src/install/px4_msgs/include/px4_msgs/px4_msgs/msg/detail/vehicle_trajectory_waypoint__rosidl_typesupport_introspection_c.h\n'}
[7.214864] (px4_msgs) StdoutLine: {'line': b'-- Up-to-date symlink: /home/giromi/Repos/VTOL/ws_sensor_combined_src/install/px4_msgs/include/px4_msgs/px4_msgs/msg/detail/velocity_limits__rosidl_typesupport_introspection_c.h\n'}
[7.215064] (px4_msgs) StdoutLine: {'line': b'-- Up-to-date symlink: /home/giromi/Repos/VTOL/ws_sensor_combined_src/install/px4_msgs/include/px4_msgs/px4_msgs/msg/detail/vtol_vehicle_status__rosidl_typesupport_introspection_c.h\n'}
[7.215268] (px4_msgs) StdoutLine: {'line': b'-- Up-to-date symlink: /home/giromi/Repos/VTOL/ws_sensor_combined_src/install/px4_msgs/include/px4_msgs/px4_msgs/msg/detail/wheel_encoders__rosidl_typesupport_introspection_c.h\n'}
[7.215436] (px4_msgs) StdoutLine: {'line': b'-- Up-to-date symlink: /home/giromi/Repos/VTOL/ws_sensor_combined_src/install/px4_msgs/include/px4_msgs/px4_msgs/msg/detail/wind__rosidl_typesupport_introspection_c.h\n'}
[7.215599] (px4_msgs) StdoutLine: {'line': b'-- Up-to-date symlink: /home/giromi/Repos/VTOL/ws_sensor_combined_src/install/px4_msgs/include/px4_msgs/px4_msgs/msg/detail/yaw_estimator_status__rosidl_typesupport_introspection_c.h\n'}
[7.215759] (px4_msgs) StdoutLine: {'line': b'-- Up-to-date symlink: /home/giromi/Repos/VTOL/ws_sensor_combined_src/install/px4_msgs/include/px4_msgs/px4_msgs/msg/rosidl_typesupport_introspection_c__visibility_control.h\n'}
[7.215990] (px4_msgs) StdoutLine: {'line': b'-- Up-to-date symlink: /home/giromi/Repos/VTOL/ws_sensor_combined_src/install/px4_msgs/include/px4_msgs/px4_msgs/srv/detail/vehicle_command__rosidl_typesupport_introspection_c.h\n'}
[7.219574] (px4_msgs) StdoutLine: {'line': b'-- Up-to-date symlink: /home/giromi/Repos/VTOL/ws_sensor_combined_src/install/px4_msgs/include/px4_msgs/px4_msgs/msg/detail/action_request__rosidl_typesupport_introspection_cpp.hpp\n'}
[7.219739] (px4_msgs) StdoutLine: {'line': b'-- Up-to-date symlink: /home/giromi/Repos/VTOL/ws_sensor_combined_src/install/px4_msgs/include/px4_msgs/px4_msgs/msg/detail/actuator_armed__rosidl_typesupport_introspection_cpp.hpp\n'}
[7.219880] (px4_msgs) StdoutLine: {'line': b'-- Up-to-date symlink: /home/giromi/Repos/VTOL/ws_sensor_combined_src/install/px4_msgs/include/px4_msgs/px4_msgs/msg/detail/actuator_controls_status__rosidl_typesupport_introspection_cpp.hpp\n'}
[7.219940] (-) TimerEvent: {}
[7.220182] (px4_msgs) StdoutLine: {'line': b'-- Up-to-date symlink: /home/giromi/Repos/VTOL/ws_sensor_combined_src/install/px4_msgs/include/px4_msgs/px4_msgs/msg/detail/actuator_motors__rosidl_typesupport_introspection_cpp.hpp\n'}
[7.220368] (px4_msgs) StdoutLine: {'line': b'-- Up-to-date symlink: /home/giromi/Repos/VTOL/ws_sensor_combined_src/install/px4_msgs/include/px4_msgs/px4_msgs/msg/detail/actuator_outputs__rosidl_typesupport_introspection_cpp.hpp\n'}
[7.220576] (px4_msgs) StdoutLine: {'line': b'-- Up-to-date symlink: /home/giromi/Repos/VTOL/ws_sensor_combined_src/install/px4_msgs/include/px4_msgs/px4_msgs/msg/detail/actuator_servos__rosidl_typesupport_introspection_cpp.hpp\n'}
[7.220727] (px4_msgs) StdoutLine: {'line': b'-- Up-to-date symlink: /home/giromi/Repos/VTOL/ws_sensor_combined_src/install/px4_msgs/include/px4_msgs/px4_msgs/msg/detail/actuator_servos_trim__rosidl_typesupport_introspection_cpp.hpp\n'}
[7.220886] (px4_msgs) StdoutLine: {'line': b'-- Up-to-date symlink: /home/giromi/Repos/VTOL/ws_sensor_combined_src/install/px4_msgs/include/px4_msgs/px4_msgs/msg/detail/actuator_test__rosidl_typesupport_introspection_cpp.hpp\n'}
[7.221048] (px4_msgs) StdoutLine: {'line': b'-- Up-to-date symlink: /home/giromi/Repos/VTOL/ws_sensor_combined_src/install/px4_msgs/include/px4_msgs/px4_msgs/msg/detail/adc_report__rosidl_typesupport_introspection_cpp.hpp\n'}
[7.221209] (px4_msgs) StdoutLine: {'line': b'-- Up-to-date symlink: /home/giromi/Repos/VTOL/ws_sensor_combined_src/install/px4_msgs/include/px4_msgs/px4_msgs/msg/detail/airspeed__rosidl_typesupport_introspection_cpp.hpp\n'}
[7.221379] (px4_msgs) StdoutLine: {'line': b'-- Up-to-date symlink: /home/giromi/Repos/VTOL/ws_sensor_combined_src/install/px4_msgs/include/px4_msgs/px4_msgs/msg/detail/airspeed_validated__rosidl_typesupport_introspection_cpp.hpp\n'}
[7.221534] (px4_msgs) StdoutLine: {'line': b'-- Up-to-date symlink: /home/giromi/Repos/VTOL/ws_sensor_combined_src/install/px4_msgs/include/px4_msgs/px4_msgs/msg/detail/airspeed_wind__rosidl_typesupport_introspection_cpp.hpp\n'}
[7.221711] (px4_msgs) StdoutLine: {'line': b'-- Up-to-date symlink: /home/giromi/Repos/VTOL/ws_sensor_combined_src/install/px4_msgs/include/px4_msgs/px4_msgs/msg/detail/arming_check_reply__rosidl_typesupport_introspection_cpp.hpp\n'}
[7.221882] (px4_msgs) StdoutLine: {'line': b'-- Up-to-date symlink: /home/giromi/Repos/VTOL/ws_sensor_combined_src/install/px4_msgs/include/px4_msgs/px4_msgs/msg/detail/arming_check_request__rosidl_typesupport_introspection_cpp.hpp\n'}
[7.222041] (px4_msgs) StdoutLine: {'line': b'-- Up-to-date symlink: /home/giromi/Repos/VTOL/ws_sensor_combined_src/install/px4_msgs/include/px4_msgs/px4_msgs/msg/detail/autotune_attitude_control_status__rosidl_typesupport_introspection_cpp.hpp\n'}
[7.222172] (px4_msgs) StdoutLine: {'line': b'-- Up-to-date symlink: /home/giromi/Repos/VTOL/ws_sensor_combined_src/install/px4_msgs/include/px4_msgs/px4_msgs/msg/detail/battery_status__rosidl_typesupport_introspection_cpp.hpp\n'}
[7.222356] (px4_msgs) StdoutLine: {'line': b'-- Up-to-date symlink: /home/giromi/Repos/VTOL/ws_sensor_combined_src/install/px4_msgs/include/px4_msgs/px4_msgs/msg/detail/buffer128__rosidl_typesupport_introspection_cpp.hpp\n'}
[7.222522] (px4_msgs) StdoutLine: {'line': b'-- Up-to-date symlink: /home/giromi/Repos/VTOL/ws_sensor_combined_src/install/px4_msgs/include/px4_msgs/px4_msgs/msg/detail/button_event__rosidl_typesupport_introspection_cpp.hpp\n'}
[7.222692] (px4_msgs) StdoutLine: {'line': b'-- Up-to-date symlink: /home/giromi/Repos/VTOL/ws_sensor_combined_src/install/px4_msgs/include/px4_msgs/px4_msgs/msg/detail/camera_capture__rosidl_typesupport_introspection_cpp.hpp\n'}
[7.222837] (px4_msgs) StdoutLine: {'line': b'-- Up-to-date symlink: /home/giromi/Repos/VTOL/ws_sensor_combined_src/install/px4_msgs/include/px4_msgs/px4_msgs/msg/detail/camera_status__rosidl_typesupport_introspection_cpp.hpp\n'}
[7.223022] (px4_msgs) StdoutLine: {'line': b'-- Up-to-date symlink: /home/giromi/Repos/VTOL/ws_sensor_combined_src/install/px4_msgs/include/px4_msgs/px4_msgs/msg/detail/camera_trigger__rosidl_typesupport_introspection_cpp.hpp\n'}
[7.223175] (px4_msgs) StdoutLine: {'line': b'-- Up-to-date symlink: /home/giromi/Repos/VTOL/ws_sensor_combined_src/install/px4_msgs/include/px4_msgs/px4_msgs/msg/detail/cellular_status__rosidl_typesupport_introspection_cpp.hpp\n'}
[7.223324] (px4_msgs) StdoutLine: {'line': b'-- Up-to-date symlink: /home/giromi/Repos/VTOL/ws_sensor_combined_src/install/px4_msgs/include/px4_msgs/px4_msgs/msg/detail/collision_constraints__rosidl_typesupport_introspection_cpp.hpp\n'}
[7.223497] (px4_msgs) StdoutLine: {'line': b'-- Up-to-date symlink: /home/giromi/Repos/VTOL/ws_sensor_combined_src/install/px4_msgs/include/px4_msgs/px4_msgs/msg/detail/collision_report__rosidl_typesupport_introspection_cpp.hpp\n'}
[7.223642] (px4_msgs) StdoutLine: {'line': b'-- Up-to-date symlink: /home/giromi/Repos/VTOL/ws_sensor_combined_src/install/px4_msgs/include/px4_msgs/px4_msgs/msg/detail/config_overrides__rosidl_typesupport_introspection_cpp.hpp\n'}
[7.223805] (px4_msgs) StdoutLine: {'line': b'-- Up-to-date symlink: /home/giromi/Repos/VTOL/ws_sensor_combined_src/install/px4_msgs/include/px4_msgs/px4_msgs/msg/detail/control_allocator_status__rosidl_typesupport_introspection_cpp.hpp\n'}
[7.223986] (px4_msgs) StdoutLine: {'line': b'-- Up-to-date symlink: /home/giromi/Repos/VTOL/ws_sensor_combined_src/install/px4_msgs/include/px4_msgs/px4_msgs/msg/detail/cpuload__rosidl_typesupport_introspection_cpp.hpp\n'}
[7.224153] (px4_msgs) StdoutLine: {'line': b'-- Up-to-date symlink: /home/giromi/Repos/VTOL/ws_sensor_combined_src/install/px4_msgs/include/px4_msgs/px4_msgs/msg/detail/dataman_request__rosidl_typesupport_introspection_cpp.hpp\n'}
[7.224337] (px4_msgs) StdoutLine: {'line': b'-- Up-to-date symlink: /home/giromi/Repos/VTOL/ws_sensor_combined_src/install/px4_msgs/include/px4_msgs/px4_msgs/msg/detail/dataman_response__rosidl_typesupport_introspection_cpp.hpp\n'}
[7.224495] (px4_msgs) StdoutLine: {'line': b'-- Up-to-date symlink: /home/giromi/Repos/VTOL/ws_sensor_combined_src/install/px4_msgs/include/px4_msgs/px4_msgs/msg/detail/debug_array__rosidl_typesupport_introspection_cpp.hpp\n'}
[7.224656] (px4_msgs) StdoutLine: {'line': b'-- Up-to-date symlink: /home/giromi/Repos/VTOL/ws_sensor_combined_src/install/px4_msgs/include/px4_msgs/px4_msgs/msg/detail/debug_key_value__rosidl_typesupport_introspection_cpp.hpp\n'}
[7.224807] (px4_msgs) StdoutLine: {'line': b'-- Up-to-date symlink: /home/giromi/Repos/VTOL/ws_sensor_combined_src/install/px4_msgs/include/px4_msgs/px4_msgs/msg/detail/debug_value__rosidl_typesupport_introspection_cpp.hpp\n'}
[7.224945] (px4_msgs) StdoutLine: {'line': b'-- Up-to-date symlink: /home/giromi/Repos/VTOL/ws_sensor_combined_src/install/px4_msgs/include/px4_msgs/px4_msgs/msg/detail/debug_vect__rosidl_typesupport_introspection_cpp.hpp\n'}
[7.225096] (px4_msgs) StdoutLine: {'line': b'-- Up-to-date symlink: /home/giromi/Repos/VTOL/ws_sensor_combined_src/install/px4_msgs/include/px4_msgs/px4_msgs/msg/detail/differential_drive_setpoint__rosidl_typesupport_introspection_cpp.hpp\n'}
[7.225259] (px4_msgs) StdoutLine: {'line': b'-- Up-to-date symlink: /home/giromi/Repos/VTOL/ws_sensor_combined_src/install/px4_msgs/include/px4_msgs/px4_msgs/msg/detail/differential_pressure__rosidl_typesupport_introspection_cpp.hpp\n'}
[7.225421] (px4_msgs) StdoutLine: {'line': b'-- Up-to-date symlink: /home/giromi/Repos/VTOL/ws_sensor_combined_src/install/px4_msgs/include/px4_msgs/px4_msgs/msg/detail/distance_sensor__rosidl_typesupport_introspection_cpp.hpp\n'}
[7.225585] (px4_msgs) StdoutLine: {'line': b'-- Up-to-date symlink: /home/giromi/Repos/VTOL/ws_sensor_combined_src/install/px4_msgs/include/px4_msgs/px4_msgs/msg/detail/ekf2_timestamps__rosidl_typesupport_introspection_cpp.hpp\n'}
[7.225747] (px4_msgs) StdoutLine: {'line': b'-- Up-to-date symlink: /home/giromi/Repos/VTOL/ws_sensor_combined_src/install/px4_msgs/include/px4_msgs/px4_msgs/msg/detail/esc_report__rosidl_typesupport_introspection_cpp.hpp\n'}
[7.225906] (px4_msgs) StdoutLine: {'line': b'-- Up-to-date symlink: /home/giromi/Repos/VTOL/ws_sensor_combined_src/install/px4_msgs/include/px4_msgs/px4_msgs/msg/detail/esc_status__rosidl_typesupport_introspection_cpp.hpp\n'}
[7.226059] (px4_msgs) StdoutLine: {'line': b'-- Up-to-date symlink: /home/giromi/Repos/VTOL/ws_sensor_combined_src/install/px4_msgs/include/px4_msgs/px4_msgs/msg/detail/estimator_aid_source1d__rosidl_typesupport_introspection_cpp.hpp\n'}
[7.226195] (px4_msgs) StdoutLine: {'line': b'-- Up-to-date symlink: /home/giromi/Repos/VTOL/ws_sensor_combined_src/install/px4_msgs/include/px4_msgs/px4_msgs/msg/detail/estimator_aid_source2d__rosidl_typesupport_introspection_cpp.hpp\n'}
[7.226372] (px4_msgs) StdoutLine: {'line': b'-- Up-to-date symlink: /home/giromi/Repos/VTOL/ws_sensor_combined_src/install/px4_msgs/include/px4_msgs/px4_msgs/msg/detail/estimator_aid_source3d__rosidl_typesupport_introspection_cpp.hpp\n'}
[7.226531] (px4_msgs) StdoutLine: {'line': b'-- Up-to-date symlink: /home/giromi/Repos/VTOL/ws_sensor_combined_src/install/px4_msgs/include/px4_msgs/px4_msgs/msg/detail/estimator_bias3d__rosidl_typesupport_introspection_cpp.hpp\n'}
[7.226691] (px4_msgs) StdoutLine: {'line': b'-- Up-to-date symlink: /home/giromi/Repos/VTOL/ws_sensor_combined_src/install/px4_msgs/include/px4_msgs/px4_msgs/msg/detail/estimator_bias__rosidl_typesupport_introspection_cpp.hpp\n'}
[7.226841] (px4_msgs) StdoutLine: {'line': b'-- Up-to-date symlink: /home/giromi/Repos/VTOL/ws_sensor_combined_src/install/px4_msgs/include/px4_msgs/px4_msgs/msg/detail/estimator_event_flags__rosidl_typesupport_introspection_cpp.hpp\n'}
[7.227004] (px4_msgs) StdoutLine: {'line': b'-- Up-to-date symlink: /home/giromi/Repos/VTOL/ws_sensor_combined_src/install/px4_msgs/include/px4_msgs/px4_msgs/msg/detail/estimator_gps_status__rosidl_typesupport_introspection_cpp.hpp\n'}
[7.227141] (px4_msgs) StdoutLine: {'line': b'-- Up-to-date symlink: /home/giromi/Repos/VTOL/ws_sensor_combined_src/install/px4_msgs/include/px4_msgs/px4_msgs/msg/detail/estimator_innovations__rosidl_typesupport_introspection_cpp.hpp\n'}
[7.227280] (px4_msgs) StdoutLine: {'line': b'-- Up-to-date symlink: /home/giromi/Repos/VTOL/ws_sensor_combined_src/install/px4_msgs/include/px4_msgs/px4_msgs/msg/detail/estimator_selector_status__rosidl_typesupport_introspection_cpp.hpp\n'}
[7.227417] (px4_msgs) StdoutLine: {'line': b'-- Up-to-date symlink: /home/giromi/Repos/VTOL/ws_sensor_combined_src/install/px4_msgs/include/px4_msgs/px4_msgs/msg/detail/estimator_sensor_bias__rosidl_typesupport_introspection_cpp.hpp\n'}
[7.227555] (px4_msgs) StdoutLine: {'line': b'-- Up-to-date symlink: /home/giromi/Repos/VTOL/ws_sensor_combined_src/install/px4_msgs/include/px4_msgs/px4_msgs/msg/detail/estimator_states__rosidl_typesupport_introspection_cpp.hpp\n'}
[7.227691] (px4_msgs) StdoutLine: {'line': b'-- Up-to-date symlink: /home/giromi/Repos/VTOL/ws_sensor_combined_src/install/px4_msgs/include/px4_msgs/px4_msgs/msg/detail/estimator_status__rosidl_typesupport_introspection_cpp.hpp\n'}
[7.227828] (px4_msgs) StdoutLine: {'line': b'-- Up-to-date symlink: /home/giromi/Repos/VTOL/ws_sensor_combined_src/install/px4_msgs/include/px4_msgs/px4_msgs/msg/detail/estimator_status_flags__rosidl_typesupport_introspection_cpp.hpp\n'}
[7.228019] (px4_msgs) StdoutLine: {'line': b'-- Up-to-date symlink: /home/giromi/Repos/VTOL/ws_sensor_combined_src/install/px4_msgs/include/px4_msgs/px4_msgs/msg/detail/event__rosidl_typesupport_introspection_cpp.hpp\n'}
[7.228182] (px4_msgs) StdoutLine: {'line': b'-- Up-to-date symlink: /home/giromi/Repos/VTOL/ws_sensor_combined_src/install/px4_msgs/include/px4_msgs/px4_msgs/msg/detail/failsafe_flags__rosidl_typesupport_introspection_cpp.hpp\n'}
[7.228320] (px4_msgs) StdoutLine: {'line': b'-- Up-to-date symlink: /home/giromi/Repos/VTOL/ws_sensor_combined_src/install/px4_msgs/include/px4_msgs/px4_msgs/msg/detail/failure_detector_status__rosidl_typesupport_introspection_cpp.hpp\n'}
[7.228461] (px4_msgs) StdoutLine: {'line': b'-- Up-to-date symlink: /home/giromi/Repos/VTOL/ws_sensor_combined_src/install/px4_msgs/include/px4_msgs/px4_msgs/msg/detail/figure_eight_status__rosidl_typesupport_introspection_cpp.hpp\n'}
[7.228606] (px4_msgs) StdoutLine: {'line': b'-- Up-to-date symlink: /home/giromi/Repos/VTOL/ws_sensor_combined_src/install/px4_msgs/include/px4_msgs/px4_msgs/msg/detail/follow_target__rosidl_typesupport_introspection_cpp.hpp\n'}
[7.228746] (px4_msgs) StdoutLine: {'line': b'-- Up-to-date symlink: /home/giromi/Repos/VTOL/ws_sensor_combined_src/install/px4_msgs/include/px4_msgs/px4_msgs/msg/detail/follow_target_estimator__rosidl_typesupport_introspection_cpp.hpp\n'}
[7.228887] (px4_msgs) StdoutLine: {'line': b'-- Up-to-date symlink: /home/giromi/Repos/VTOL/ws_sensor_combined_src/install/px4_msgs/include/px4_msgs/px4_msgs/msg/detail/follow_target_status__rosidl_typesupport_introspection_cpp.hpp\n'}
[7.229028] (px4_msgs) StdoutLine: {'line': b'-- Up-to-date symlink: /home/giromi/Repos/VTOL/ws_sensor_combined_src/install/px4_msgs/include/px4_msgs/px4_msgs/msg/detail/generator_status__rosidl_typesupport_introspection_cpp.hpp\n'}
[7.229165] (px4_msgs) StdoutLine: {'line': b'-- Up-to-date symlink: /home/giromi/Repos/VTOL/ws_sensor_combined_src/install/px4_msgs/include/px4_msgs/px4_msgs/msg/detail/geofence_result__rosidl_typesupport_introspection_cpp.hpp\n'}
[7.229303] (px4_msgs) StdoutLine: {'line': b'-- Up-to-date symlink: /home/giromi/Repos/VTOL/ws_sensor_combined_src/install/px4_msgs/include/px4_msgs/px4_msgs/msg/detail/gimbal_controls__rosidl_typesupport_introspection_cpp.hpp\n'}
[7.229444] (px4_msgs) StdoutLine: {'line': b'-- Up-to-date symlink: /home/giromi/Repos/VTOL/ws_sensor_combined_src/install/px4_msgs/include/px4_msgs/px4_msgs/msg/detail/gimbal_device_attitude_status__rosidl_typesupport_introspection_cpp.hpp\n'}
[7.229585] (px4_msgs) StdoutLine: {'line': b'-- Up-to-date symlink: /home/giromi/Repos/VTOL/ws_sensor_combined_src/install/px4_msgs/include/px4_msgs/px4_msgs/msg/detail/gimbal_device_information__rosidl_typesupport_introspection_cpp.hpp\n'}
[7.229723] (px4_msgs) StdoutLine: {'line': b'-- Up-to-date symlink: /home/giromi/Repos/VTOL/ws_sensor_combined_src/install/px4_msgs/include/px4_msgs/px4_msgs/msg/detail/gimbal_device_set_attitude__rosidl_typesupport_introspection_cpp.hpp\n'}
[7.229864] (px4_msgs) StdoutLine: {'line': b'-- Up-to-date symlink: /home/giromi/Repos/VTOL/ws_sensor_combined_src/install/px4_msgs/include/px4_msgs/px4_msgs/msg/detail/gimbal_manager_information__rosidl_typesupport_introspection_cpp.hpp\n'}
[7.230002] (px4_msgs) StdoutLine: {'line': b'-- Up-to-date symlink: /home/giromi/Repos/VTOL/ws_sensor_combined_src/install/px4_msgs/include/px4_msgs/px4_msgs/msg/detail/gimbal_manager_set_attitude__rosidl_typesupport_introspection_cpp.hpp\n'}
[7.230141] (px4_msgs) StdoutLine: {'line': b'-- Up-to-date symlink: /home/giromi/Repos/VTOL/ws_sensor_combined_src/install/px4_msgs/include/px4_msgs/px4_msgs/msg/detail/gimbal_manager_set_manual_control__rosidl_typesupport_introspection_cpp.hpp\n'}
[7.230280] (px4_msgs) StdoutLine: {'line': b'-- Up-to-date symlink: /home/giromi/Repos/VTOL/ws_sensor_combined_src/install/px4_msgs/include/px4_msgs/px4_msgs/msg/detail/gimbal_manager_status__rosidl_typesupport_introspection_cpp.hpp\n'}
[7.230415] (px4_msgs) StdoutLine: {'line': b'-- Up-to-date symlink: /home/giromi/Repos/VTOL/ws_sensor_combined_src/install/px4_msgs/include/px4_msgs/px4_msgs/msg/detail/goto_setpoint__rosidl_typesupport_introspection_cpp.hpp\n'}
[7.230553] (px4_msgs) StdoutLine: {'line': b'-- Up-to-date symlink: /home/giromi/Repos/VTOL/ws_sensor_combined_src/install/px4_msgs/include/px4_msgs/px4_msgs/msg/detail/gpio_config__rosidl_typesupport_introspection_cpp.hpp\n'}
[7.230696] (px4_msgs) StdoutLine: {'line': b'-- Up-to-date symlink: /home/giromi/Repos/VTOL/ws_sensor_combined_src/install/px4_msgs/include/px4_msgs/px4_msgs/msg/detail/gpio_in__rosidl_typesupport_introspection_cpp.hpp\n'}
[7.230832] (px4_msgs) StdoutLine: {'line': b'-- Up-to-date symlink: /home/giromi/Repos/VTOL/ws_sensor_combined_src/install/px4_msgs/include/px4_msgs/px4_msgs/msg/detail/gpio_out__rosidl_typesupport_introspection_cpp.hpp\n'}
[7.231007] (px4_msgs) StdoutLine: {'line': b'-- Up-to-date symlink: /home/giromi/Repos/VTOL/ws_sensor_combined_src/install/px4_msgs/include/px4_msgs/px4_msgs/msg/detail/gpio_request__rosidl_typesupport_introspection_cpp.hpp\n'}
[7.231157] (px4_msgs) StdoutLine: {'line': b'-- Up-to-date symlink: /home/giromi/Repos/VTOL/ws_sensor_combined_src/install/px4_msgs/include/px4_msgs/px4_msgs/msg/detail/gps_dump__rosidl_typesupport_introspection_cpp.hpp\n'}
[7.231297] (px4_msgs) StdoutLine: {'line': b'-- Up-to-date symlink: /home/giromi/Repos/VTOL/ws_sensor_combined_src/install/px4_msgs/include/px4_msgs/px4_msgs/msg/detail/gps_inject_data__rosidl_typesupport_introspection_cpp.hpp\n'}
[7.231437] (px4_msgs) StdoutLine: {'line': b'-- Up-to-date symlink: /home/giromi/Repos/VTOL/ws_sensor_combined_src/install/px4_msgs/include/px4_msgs/px4_msgs/msg/detail/gripper__rosidl_typesupport_introspection_cpp.hpp\n'}
[7.231577] (px4_msgs) StdoutLine: {'line': b'-- Up-to-date symlink: /home/giromi/Repos/VTOL/ws_sensor_combined_src/install/px4_msgs/include/px4_msgs/px4_msgs/msg/detail/health_report__rosidl_typesupport_introspection_cpp.hpp\n'}
[7.231719] (px4_msgs) StdoutLine: {'line': b'-- Up-to-date symlink: /home/giromi/Repos/VTOL/ws_sensor_combined_src/install/px4_msgs/include/px4_msgs/px4_msgs/msg/detail/heater_status__rosidl_typesupport_introspection_cpp.hpp\n'}
[7.231861] (px4_msgs) StdoutLine: {'line': b'-- Up-to-date symlink: /home/giromi/Repos/VTOL/ws_sensor_combined_src/install/px4_msgs/include/px4_msgs/px4_msgs/msg/detail/home_position__rosidl_typesupport_introspection_cpp.hpp\n'}
[7.232050] (px4_msgs) StdoutLine: {'line': b'-- Up-to-date symlink: /home/giromi/Repos/VTOL/ws_sensor_combined_src/install/px4_msgs/include/px4_msgs/px4_msgs/msg/detail/hover_thrust_estimate__rosidl_typesupport_introspection_cpp.hpp\n'}
[7.232198] (px4_msgs) StdoutLine: {'line': b'-- Up-to-date symlink: /home/giromi/Repos/VTOL/ws_sensor_combined_src/install/px4_msgs/include/px4_msgs/px4_msgs/msg/detail/input_rc__rosidl_typesupport_introspection_cpp.hpp\n'}
[7.232336] (px4_msgs) StdoutLine: {'line': b'-- Up-to-date symlink: /home/giromi/Repos/VTOL/ws_sensor_combined_src/install/px4_msgs/include/px4_msgs/px4_msgs/msg/detail/internal_combustion_engine_status__rosidl_typesupport_introspection_cpp.hpp\n'}
[7.232475] (px4_msgs) StdoutLine: {'line': b'-- Up-to-date symlink: /home/giromi/Repos/VTOL/ws_sensor_combined_src/install/px4_msgs/include/px4_msgs/px4_msgs/msg/detail/iridiumsbd_status__rosidl_typesupport_introspection_cpp.hpp\n'}
[7.232614] (px4_msgs) StdoutLine: {'line': b'-- Up-to-date symlink: /home/giromi/Repos/VTOL/ws_sensor_combined_src/install/px4_msgs/include/px4_msgs/px4_msgs/msg/detail/irlock_report__rosidl_typesupport_introspection_cpp.hpp\n'}
[7.232797] (px4_msgs) StdoutLine: {'line': b'-- Up-to-date symlink: /home/giromi/Repos/VTOL/ws_sensor_combined_src/install/px4_msgs/include/px4_msgs/px4_msgs/msg/detail/landing_gear__rosidl_typesupport_introspection_cpp.hpp\n'}
[7.232967] (px4_msgs) StdoutLine: {'line': b'-- Up-to-date symlink: /home/giromi/Repos/VTOL/ws_sensor_combined_src/install/px4_msgs/include/px4_msgs/px4_msgs/msg/detail/landing_gear_wheel__rosidl_typesupport_introspection_cpp.hpp\n'}
[7.233138] (px4_msgs) StdoutLine: {'line': b'-- Up-to-date symlink: /home/giromi/Repos/VTOL/ws_sensor_combined_src/install/px4_msgs/include/px4_msgs/px4_msgs/msg/detail/landing_target_innovations__rosidl_typesupport_introspection_cpp.hpp\n'}
[7.233310] (px4_msgs) StdoutLine: {'line': b'-- Up-to-date symlink: /home/giromi/Repos/VTOL/ws_sensor_combined_src/install/px4_msgs/include/px4_msgs/px4_msgs/msg/detail/landing_target_pose__rosidl_typesupport_introspection_cpp.hpp\n'}
[7.233480] (px4_msgs) StdoutLine: {'line': b'-- Up-to-date symlink: /home/giromi/Repos/VTOL/ws_sensor_combined_src/install/px4_msgs/include/px4_msgs/px4_msgs/msg/detail/launch_detection_status__rosidl_typesupport_introspection_cpp.hpp\n'}
[7.233653] (px4_msgs) StdoutLine: {'line': b'-- Up-to-date symlink: /home/giromi/Repos/VTOL/ws_sensor_combined_src/install/px4_msgs/include/px4_msgs/px4_msgs/msg/detail/led_control__rosidl_typesupport_introspection_cpp.hpp\n'}
[7.233829] (px4_msgs) StdoutLine: {'line': b'-- Up-to-date symlink: /home/giromi/Repos/VTOL/ws_sensor_combined_src/install/px4_msgs/include/px4_msgs/px4_msgs/msg/detail/log_message__rosidl_typesupport_introspection_cpp.hpp\n'}
[7.233948] (px4_msgs) StdoutLine: {'line': b'-- Up-to-date symlink: /home/giromi/Repos/VTOL/ws_sensor_combined_src/install/px4_msgs/include/px4_msgs/px4_msgs/msg/detail/logger_status__rosidl_typesupport_introspection_cpp.hpp\n'}
[7.234090] (px4_msgs) StdoutLine: {'line': b'-- Up-to-date symlink: /home/giromi/Repos/VTOL/ws_sensor_combined_src/install/px4_msgs/include/px4_msgs/px4_msgs/msg/detail/mag_worker_data__rosidl_typesupport_introspection_cpp.hpp\n'}
[7.234233] (px4_msgs) StdoutLine: {'line': b'-- Up-to-date symlink: /home/giromi/Repos/VTOL/ws_sensor_combined_src/install/px4_msgs/include/px4_msgs/px4_msgs/msg/detail/magnetometer_bias_estimate__rosidl_typesupport_introspection_cpp.hpp\n'}
[7.234376] (px4_msgs) StdoutLine: {'line': b'-- Up-to-date symlink: /home/giromi/Repos/VTOL/ws_sensor_combined_src/install/px4_msgs/include/px4_msgs/px4_msgs/msg/detail/manual_control_setpoint__rosidl_typesupport_introspection_cpp.hpp\n'}
[7.234534] (px4_msgs) StdoutLine: {'line': b'-- Up-to-date symlink: /home/giromi/Repos/VTOL/ws_sensor_combined_src/install/px4_msgs/include/px4_msgs/px4_msgs/msg/detail/manual_control_switches__rosidl_typesupport_introspection_cpp.hpp\n'}
[7.234723] (px4_msgs) StdoutLine: {'line': b'-- Up-to-date symlink: /home/giromi/Repos/VTOL/ws_sensor_combined_src/install/px4_msgs/include/px4_msgs/px4_msgs/msg/detail/mavlink_log__rosidl_typesupport_introspection_cpp.hpp\n'}
[7.234896] (px4_msgs) StdoutLine: {'line': b'-- Up-to-date symlink: /home/giromi/Repos/VTOL/ws_sensor_combined_src/install/px4_msgs/include/px4_msgs/px4_msgs/msg/detail/mavlink_tunnel__rosidl_typesupport_introspection_cpp.hpp\n'}
[7.235064] (px4_msgs) StdoutLine: {'line': b'-- Up-to-date symlink: /home/giromi/Repos/VTOL/ws_sensor_combined_src/install/px4_msgs/include/px4_msgs/px4_msgs/msg/detail/message_format_request__rosidl_typesupport_introspection_cpp.hpp\n'}
[7.235237] (px4_msgs) StdoutLine: {'line': b'-- Up-to-date symlink: /home/giromi/Repos/VTOL/ws_sensor_combined_src/install/px4_msgs/include/px4_msgs/px4_msgs/msg/detail/message_format_response__rosidl_typesupport_introspection_cpp.hpp\n'}
[7.235411] (px4_msgs) StdoutLine: {'line': b'-- Up-to-date symlink: /home/giromi/Repos/VTOL/ws_sensor_combined_src/install/px4_msgs/include/px4_msgs/px4_msgs/msg/detail/mission__rosidl_typesupport_introspection_cpp.hpp\n'}
[7.235531] (px4_msgs) StdoutLine: {'line': b'-- Up-to-date symlink: /home/giromi/Repos/VTOL/ws_sensor_combined_src/install/px4_msgs/include/px4_msgs/px4_msgs/msg/detail/mission_result__rosidl_typesupport_introspection_cpp.hpp\n'}
[7.235677] (px4_msgs) StdoutLine: {'line': b'-- Up-to-date symlink: /home/giromi/Repos/VTOL/ws_sensor_combined_src/install/px4_msgs/include/px4_msgs/px4_msgs/msg/detail/mode_completed__rosidl_typesupport_introspection_cpp.hpp\n'}
[7.235822] (px4_msgs) StdoutLine: {'line': b'-- Up-to-date symlink: /home/giromi/Repos/VTOL/ws_sensor_combined_src/install/px4_msgs/include/px4_msgs/px4_msgs/msg/detail/mount_orientation__rosidl_typesupport_introspection_cpp.hpp\n'}
[7.235975] (px4_msgs) StdoutLine: {'line': b'-- Up-to-date symlink: /home/giromi/Repos/VTOL/ws_sensor_combined_src/install/px4_msgs/include/px4_msgs/px4_msgs/msg/detail/navigator_mission_item__rosidl_typesupport_introspection_cpp.hpp\n'}
[7.236146] (px4_msgs) StdoutLine: {'line': b'-- Up-to-date symlink: /home/giromi/Repos/VTOL/ws_sensor_combined_src/install/px4_msgs/include/px4_msgs/px4_msgs/msg/detail/normalized_unsigned_setpoint__rosidl_typesupport_introspection_cpp.hpp\n'}
[7.236408] (px4_msgs) StdoutLine: {'line': b'-- Up-to-date symlink: /home/giromi/Repos/VTOL/ws_sensor_combined_src/install/px4_msgs/include/px4_msgs/px4_msgs/msg/detail/npfg_status__rosidl_typesupport_introspection_cpp.hpp\n'}
[7.236552] (px4_msgs) StdoutLine: {'line': b'-- Up-to-date symlink: /home/giromi/Repos/VTOL/ws_sensor_combined_src/install/px4_msgs/include/px4_msgs/px4_msgs/msg/detail/obstacle_distance__rosidl_typesupport_introspection_cpp.hpp\n'}
[7.236720] (px4_msgs) StdoutLine: {'line': b'-- Up-to-date symlink: /home/giromi/Repos/VTOL/ws_sensor_combined_src/install/px4_msgs/include/px4_msgs/px4_msgs/msg/detail/offboard_control_mode__rosidl_typesupport_introspection_cpp.hpp\n'}
[7.236988] (px4_msgs) StdoutLine: {'line': b'-- Up-to-date symlink: /home/giromi/Repos/VTOL/ws_sensor_combined_src/install/px4_msgs/include/px4_msgs/px4_msgs/msg/detail/onboard_computer_status__rosidl_typesupport_introspection_cpp.hpp\n'}
[7.237156] (px4_msgs) StdoutLine: {'line': b'-- Up-to-date symlink: /home/giromi/Repos/VTOL/ws_sensor_combined_src/install/px4_msgs/include/px4_msgs/px4_msgs/msg/detail/orb_test__rosidl_typesupport_introspection_cpp.hpp\n'}
[7.237314] (px4_msgs) StdoutLine: {'line': b'-- Up-to-date symlink: /home/giromi/Repos/VTOL/ws_sensor_combined_src/install/px4_msgs/include/px4_msgs/px4_msgs/msg/detail/orb_test_large__rosidl_typesupport_introspection_cpp.hpp\n'}
[7.237516] (px4_msgs) StdoutLine: {'line': b'-- Up-to-date symlink: /home/giromi/Repos/VTOL/ws_sensor_combined_src/install/px4_msgs/include/px4_msgs/px4_msgs/msg/detail/orb_test_medium__rosidl_typesupport_introspection_cpp.hpp\n'}
[7.237763] (px4_msgs) StdoutLine: {'line': b'-- Up-to-date symlink: /home/giromi/Repos/VTOL/ws_sensor_combined_src/install/px4_msgs/include/px4_msgs/px4_msgs/msg/detail/orbit_status__rosidl_typesupport_introspection_cpp.hpp\n'}
[7.237887] (px4_msgs) StdoutLine: {'line': b'-- Up-to-date symlink: /home/giromi/Repos/VTOL/ws_sensor_combined_src/install/px4_msgs/include/px4_msgs/px4_msgs/msg/detail/parameter_update__rosidl_typesupport_introspection_cpp.hpp\n'}
[7.238007] (px4_msgs) StdoutLine: {'line': b'-- Up-to-date symlink: /home/giromi/Repos/VTOL/ws_sensor_combined_src/install/px4_msgs/include/px4_msgs/px4_msgs/msg/detail/ping__rosidl_typesupport_introspection_cpp.hpp\n'}
[7.238115] (px4_msgs) StdoutLine: {'line': b'-- Up-to-date symlink: /home/giromi/Repos/VTOL/ws_sensor_combined_src/install/px4_msgs/include/px4_msgs/px4_msgs/msg/detail/position_controller_landing_status__rosidl_typesupport_introspection_cpp.hpp\n'}
[7.238247] (px4_msgs) StdoutLine: {'line': b'-- Up-to-date symlink: /home/giromi/Repos/VTOL/ws_sensor_combined_src/install/px4_msgs/include/px4_msgs/px4_msgs/msg/detail/position_controller_status__rosidl_typesupport_introspection_cpp.hpp\n'}
[7.238432] (px4_msgs) StdoutLine: {'line': b'-- Up-to-date symlink: /home/giromi/Repos/VTOL/ws_sensor_combined_src/install/px4_msgs/include/px4_msgs/px4_msgs/msg/detail/position_setpoint__rosidl_typesupport_introspection_cpp.hpp\n'}
[7.238630] (px4_msgs) StdoutLine: {'line': b'-- Up-to-date symlink: /home/giromi/Repos/VTOL/ws_sensor_combined_src/install/px4_msgs/include/px4_msgs/px4_msgs/msg/detail/position_setpoint_triplet__rosidl_typesupport_introspection_cpp.hpp\n'}
[7.238847] (px4_msgs) StdoutLine: {'line': b'-- Up-to-date symlink: /home/giromi/Repos/VTOL/ws_sensor_combined_src/install/px4_msgs/include/px4_msgs/px4_msgs/msg/detail/power_button_state__rosidl_typesupport_introspection_cpp.hpp\n'}
[7.239123] (px4_msgs) StdoutLine: {'line': b'-- Up-to-date symlink: /home/giromi/Repos/VTOL/ws_sensor_combined_src/install/px4_msgs/include/px4_msgs/px4_msgs/msg/detail/power_monitor__rosidl_typesupport_introspection_cpp.hpp\n'}
[7.239309] (px4_msgs) StdoutLine: {'line': b'-- Up-to-date symlink: /home/giromi/Repos/VTOL/ws_sensor_combined_src/install/px4_msgs/include/px4_msgs/px4_msgs/msg/detail/pps_capture__rosidl_typesupport_introspection_cpp.hpp\n'}
[7.239456] (px4_msgs) StdoutLine: {'line': b'-- Up-to-date symlink: /home/giromi/Repos/VTOL/ws_sensor_combined_src/install/px4_msgs/include/px4_msgs/px4_msgs/msg/detail/pwm_input__rosidl_typesupport_introspection_cpp.hpp\n'}
[7.239598] (px4_msgs) StdoutLine: {'line': b'-- Up-to-date symlink: /home/giromi/Repos/VTOL/ws_sensor_combined_src/install/px4_msgs/include/px4_msgs/px4_msgs/msg/detail/px4io_status__rosidl_typesupport_introspection_cpp.hpp\n'}
[7.239736] (px4_msgs) StdoutLine: {'line': b'-- Up-to-date symlink: /home/giromi/Repos/VTOL/ws_sensor_combined_src/install/px4_msgs/include/px4_msgs/px4_msgs/msg/detail/qshell_req__rosidl_typesupport_introspection_cpp.hpp\n'}
[7.239888] (px4_msgs) StdoutLine: {'line': b'-- Up-to-date symlink: /home/giromi/Repos/VTOL/ws_sensor_combined_src/install/px4_msgs/include/px4_msgs/px4_msgs/msg/detail/qshell_retval__rosidl_typesupport_introspection_cpp.hpp\n'}
[7.240094] (px4_msgs) StdoutLine: {'line': b'-- Up-to-date symlink: /home/giromi/Repos/VTOL/ws_sensor_combined_src/install/px4_msgs/include/px4_msgs/px4_msgs/msg/detail/radio_status__rosidl_typesupport_introspection_cpp.hpp\n'}
[7.240274] (px4_msgs) StdoutLine: {'line': b'-- Up-to-date symlink: /home/giromi/Repos/VTOL/ws_sensor_combined_src/install/px4_msgs/include/px4_msgs/px4_msgs/msg/detail/rate_ctrl_status__rosidl_typesupport_introspection_cpp.hpp\n'}
[7.240454] (px4_msgs) StdoutLine: {'line': b'-- Up-to-date symlink: /home/giromi/Repos/VTOL/ws_sensor_combined_src/install/px4_msgs/include/px4_msgs/px4_msgs/msg/detail/rc_channels__rosidl_typesupport_introspection_cpp.hpp\n'}
[7.240615] (px4_msgs) StdoutLine: {'line': b'-- Up-to-date symlink: /home/giromi/Repos/VTOL/ws_sensor_combined_src/install/px4_msgs/include/px4_msgs/px4_msgs/msg/detail/rc_parameter_map__rosidl_typesupport_introspection_cpp.hpp\n'}
[7.240862] (px4_msgs) StdoutLine: {'line': b'-- Up-to-date symlink: /home/giromi/Repos/VTOL/ws_sensor_combined_src/install/px4_msgs/include/px4_msgs/px4_msgs/msg/detail/register_ext_component_reply__rosidl_typesupport_introspection_cpp.hpp\n'}
[7.240989] (px4_msgs) StdoutLine: {'line': b'-- Up-to-date symlink: /home/giromi/Repos/VTOL/ws_sensor_combined_src/install/px4_msgs/include/px4_msgs/px4_msgs/msg/detail/register_ext_component_request__rosidl_typesupport_introspection_cpp.hpp\n'}
[7.241112] (px4_msgs) StdoutLine: {'line': b'-- Up-to-date symlink: /home/giromi/Repos/VTOL/ws_sensor_combined_src/install/px4_msgs/include/px4_msgs/px4_msgs/msg/detail/rpm__rosidl_typesupport_introspection_cpp.hpp\n'}
[7.241269] (px4_msgs) StdoutLine: {'line': b'-- Up-to-date symlink: /home/giromi/Repos/VTOL/ws_sensor_combined_src/install/px4_msgs/include/px4_msgs/px4_msgs/msg/detail/rtl_time_estimate__rosidl_typesupport_introspection_cpp.hpp\n'}
[7.241411] (px4_msgs) StdoutLine: {'line': b'-- Up-to-date symlink: /home/giromi/Repos/VTOL/ws_sensor_combined_src/install/px4_msgs/include/px4_msgs/px4_msgs/msg/detail/satellite_info__rosidl_typesupport_introspection_cpp.hpp\n'}
[7.241540] (px4_msgs) StdoutLine: {'line': b'-- Up-to-date symlink: /home/giromi/Repos/VTOL/ws_sensor_combined_src/install/px4_msgs/include/px4_msgs/px4_msgs/msg/detail/sensor_accel__rosidl_typesupport_introspection_cpp.hpp\n'}
[7.241731] (px4_msgs) StdoutLine: {'line': b'-- Up-to-date symlink: /home/giromi/Repos/VTOL/ws_sensor_combined_src/install/px4_msgs/include/px4_msgs/px4_msgs/msg/detail/sensor_accel_fifo__rosidl_typesupport_introspection_cpp.hpp\n'}
[7.241843] (px4_msgs) StdoutLine: {'line': b'-- Up-to-date symlink: /home/giromi/Repos/VTOL/ws_sensor_combined_src/install/px4_msgs/include/px4_msgs/px4_msgs/msg/detail/sensor_airflow__rosidl_typesupport_introspection_cpp.hpp\n'}
[7.241978] (px4_msgs) StdoutLine: {'line': b'-- Up-to-date symlink: /home/giromi/Repos/VTOL/ws_sensor_combined_src/install/px4_msgs/include/px4_msgs/px4_msgs/msg/detail/sensor_baro__rosidl_typesupport_introspection_cpp.hpp\n'}
[7.242115] (px4_msgs) StdoutLine: {'line': b'-- Up-to-date symlink: /home/giromi/Repos/VTOL/ws_sensor_combined_src/install/px4_msgs/include/px4_msgs/px4_msgs/msg/detail/sensor_combined__rosidl_typesupport_introspection_cpp.hpp\n'}
[7.242257] (px4_msgs) StdoutLine: {'line': b'-- Up-to-date symlink: /home/giromi/Repos/VTOL/ws_sensor_combined_src/install/px4_msgs/include/px4_msgs/px4_msgs/msg/detail/sensor_correction__rosidl_typesupport_introspection_cpp.hpp\n'}
[7.242431] (px4_msgs) StdoutLine: {'line': b'-- Up-to-date symlink: /home/giromi/Repos/VTOL/ws_sensor_combined_src/install/px4_msgs/include/px4_msgs/px4_msgs/msg/detail/sensor_gnss_relative__rosidl_typesupport_introspection_cpp.hpp\n'}
[7.242570] (px4_msgs) StdoutLine: {'line': b'-- Up-to-date symlink: /home/giromi/Repos/VTOL/ws_sensor_combined_src/install/px4_msgs/include/px4_msgs/px4_msgs/msg/detail/sensor_gps__rosidl_typesupport_introspection_cpp.hpp\n'}
[7.242711] (px4_msgs) StdoutLine: {'line': b'-- Up-to-date symlink: /home/giromi/Repos/VTOL/ws_sensor_combined_src/install/px4_msgs/include/px4_msgs/px4_msgs/msg/detail/sensor_gyro__rosidl_typesupport_introspection_cpp.hpp\n'}
[7.242847] (px4_msgs) StdoutLine: {'line': b'-- Up-to-date symlink: /home/giromi/Repos/VTOL/ws_sensor_combined_src/install/px4_msgs/include/px4_msgs/px4_msgs/msg/detail/sensor_gyro_fft__rosidl_typesupport_introspection_cpp.hpp\n'}
[7.242987] (px4_msgs) StdoutLine: {'line': b'-- Up-to-date symlink: /home/giromi/Repos/VTOL/ws_sensor_combined_src/install/px4_msgs/include/px4_msgs/px4_msgs/msg/detail/sensor_gyro_fifo__rosidl_typesupport_introspection_cpp.hpp\n'}
[7.243125] (px4_msgs) StdoutLine: {'line': b'-- Up-to-date symlink: /home/giromi/Repos/VTOL/ws_sensor_combined_src/install/px4_msgs/include/px4_msgs/px4_msgs/msg/detail/sensor_hygrometer__rosidl_typesupport_introspection_cpp.hpp\n'}
[7.243281] (px4_msgs) StdoutLine: {'line': b'-- Up-to-date symlink: /home/giromi/Repos/VTOL/ws_sensor_combined_src/install/px4_msgs/include/px4_msgs/px4_msgs/msg/detail/sensor_mag__rosidl_typesupport_introspection_cpp.hpp\n'}
[7.243439] (px4_msgs) StdoutLine: {'line': b'-- Up-to-date symlink: /home/giromi/Repos/VTOL/ws_sensor_combined_src/install/px4_msgs/include/px4_msgs/px4_msgs/msg/detail/sensor_optical_flow__rosidl_typesupport_introspection_cpp.hpp\n'}
[7.243575] (px4_msgs) StdoutLine: {'line': b'-- Up-to-date symlink: /home/giromi/Repos/VTOL/ws_sensor_combined_src/install/px4_msgs/include/px4_msgs/px4_msgs/msg/detail/sensor_preflight_mag__rosidl_typesupport_introspection_cpp.hpp\n'}
[7.243714] (px4_msgs) StdoutLine: {'line': b'-- Up-to-date symlink: /home/giromi/Repos/VTOL/ws_sensor_combined_src/install/px4_msgs/include/px4_msgs/px4_msgs/msg/detail/sensor_selection__rosidl_typesupport_introspection_cpp.hpp\n'}
[7.243852] (px4_msgs) StdoutLine: {'line': b'-- Up-to-date symlink: /home/giromi/Repos/VTOL/ws_sensor_combined_src/install/px4_msgs/include/px4_msgs/px4_msgs/msg/detail/sensor_uwb__rosidl_typesupport_introspection_cpp.hpp\n'}
[7.244034] (px4_msgs) StdoutLine: {'line': b'-- Up-to-date symlink: /home/giromi/Repos/VTOL/ws_sensor_combined_src/install/px4_msgs/include/px4_msgs/px4_msgs/msg/detail/sensors_status__rosidl_typesupport_introspection_cpp.hpp\n'}
[7.244183] (px4_msgs) StdoutLine: {'line': b'-- Up-to-date symlink: /home/giromi/Repos/VTOL/ws_sensor_combined_src/install/px4_msgs/include/px4_msgs/px4_msgs/msg/detail/sensors_status_imu__rosidl_typesupport_introspection_cpp.hpp\n'}
[7.244321] (px4_msgs) StdoutLine: {'line': b'-- Up-to-date symlink: /home/giromi/Repos/VTOL/ws_sensor_combined_src/install/px4_msgs/include/px4_msgs/px4_msgs/msg/detail/system_power__rosidl_typesupport_introspection_cpp.hpp\n'}
[7.244495] (px4_msgs) StdoutLine: {'line': b'-- Up-to-date symlink: /home/giromi/Repos/VTOL/ws_sensor_combined_src/install/px4_msgs/include/px4_msgs/px4_msgs/msg/detail/takeoff_status__rosidl_typesupport_introspection_cpp.hpp\n'}
[7.244633] (px4_msgs) StdoutLine: {'line': b'-- Up-to-date symlink: /home/giromi/Repos/VTOL/ws_sensor_combined_src/install/px4_msgs/include/px4_msgs/px4_msgs/msg/detail/task_stack_info__rosidl_typesupport_introspection_cpp.hpp\n'}
[7.244771] (px4_msgs) StdoutLine: {'line': b'-- Up-to-date symlink: /home/giromi/Repos/VTOL/ws_sensor_combined_src/install/px4_msgs/include/px4_msgs/px4_msgs/msg/detail/tecs_status__rosidl_typesupport_introspection_cpp.hpp\n'}
[7.244910] (px4_msgs) StdoutLine: {'line': b'-- Up-to-date symlink: /home/giromi/Repos/VTOL/ws_sensor_combined_src/install/px4_msgs/include/px4_msgs/px4_msgs/msg/detail/telemetry_status__rosidl_typesupport_introspection_cpp.hpp\n'}
[7.245048] (px4_msgs) StdoutLine: {'line': b'-- Up-to-date symlink: /home/giromi/Repos/VTOL/ws_sensor_combined_src/install/px4_msgs/include/px4_msgs/px4_msgs/msg/detail/tiltrotor_extra_controls__rosidl_typesupport_introspection_cpp.hpp\n'}
[7.245187] (px4_msgs) StdoutLine: {'line': b'-- Up-to-date symlink: /home/giromi/Repos/VTOL/ws_sensor_combined_src/install/px4_msgs/include/px4_msgs/px4_msgs/msg/detail/timesync_status__rosidl_typesupport_introspection_cpp.hpp\n'}
[7.245362] (px4_msgs) StdoutLine: {'line': b'-- Up-to-date symlink: /home/giromi/Repos/VTOL/ws_sensor_combined_src/install/px4_msgs/include/px4_msgs/px4_msgs/msg/detail/trajectory_bezier__rosidl_typesupport_introspection_cpp.hpp\n'}
[7.245517] (px4_msgs) StdoutLine: {'line': b'-- Up-to-date symlink: /home/giromi/Repos/VTOL/ws_sensor_combined_src/install/px4_msgs/include/px4_msgs/px4_msgs/msg/detail/trajectory_setpoint__rosidl_typesupport_introspection_cpp.hpp\n'}
[7.245657] (px4_msgs) StdoutLine: {'line': b'-- Up-to-date symlink: /home/giromi/Repos/VTOL/ws_sensor_combined_src/install/px4_msgs/include/px4_msgs/px4_msgs/msg/detail/trajectory_waypoint__rosidl_typesupport_introspection_cpp.hpp\n'}
[7.245796] (px4_msgs) StdoutLine: {'line': b'-- Up-to-date symlink: /home/giromi/Repos/VTOL/ws_sensor_combined_src/install/px4_msgs/include/px4_msgs/px4_msgs/msg/detail/transponder_report__rosidl_typesupport_introspection_cpp.hpp\n'}
[7.245933] (px4_msgs) StdoutLine: {'line': b'-- Up-to-date symlink: /home/giromi/Repos/VTOL/ws_sensor_combined_src/install/px4_msgs/include/px4_msgs/px4_msgs/msg/detail/tune_control__rosidl_typesupport_introspection_cpp.hpp\n'}
[7.246076] (px4_msgs) StdoutLine: {'line': b'-- Up-to-date symlink: /home/giromi/Repos/VTOL/ws_sensor_combined_src/install/px4_msgs/include/px4_msgs/px4_msgs/msg/detail/uavcan_parameter_request__rosidl_typesupport_introspection_cpp.hpp\n'}
[7.246213] (px4_msgs) StdoutLine: {'line': b'-- Up-to-date symlink: /home/giromi/Repos/VTOL/ws_sensor_combined_src/install/px4_msgs/include/px4_msgs/px4_msgs/msg/detail/uavcan_parameter_value__rosidl_typesupport_introspection_cpp.hpp\n'}
[7.246353] (px4_msgs) StdoutLine: {'line': b'-- Up-to-date symlink: /home/giromi/Repos/VTOL/ws_sensor_combined_src/install/px4_msgs/include/px4_msgs/px4_msgs/msg/detail/ulog_stream__rosidl_typesupport_introspection_cpp.hpp\n'}
[7.246513] (px4_msgs) StdoutLine: {'line': b'-- Up-to-date symlink: /home/giromi/Repos/VTOL/ws_sensor_combined_src/install/px4_msgs/include/px4_msgs/px4_msgs/msg/detail/ulog_stream_ack__rosidl_typesupport_introspection_cpp.hpp\n'}
[7.246691] (px4_msgs) StdoutLine: {'line': b'-- Up-to-date symlink: /home/giromi/Repos/VTOL/ws_sensor_combined_src/install/px4_msgs/include/px4_msgs/px4_msgs/msg/detail/unregister_ext_component__rosidl_typesupport_introspection_cpp.hpp\n'}
[7.246844] (px4_msgs) StdoutLine: {'line': b'-- Up-to-date symlink: /home/giromi/Repos/VTOL/ws_sensor_combined_src/install/px4_msgs/include/px4_msgs/px4_msgs/msg/detail/vehicle_acceleration__rosidl_typesupport_introspection_cpp.hpp\n'}
[7.247039] (px4_msgs) StdoutLine: {'line': b'-- Up-to-date symlink: /home/giromi/Repos/VTOL/ws_sensor_combined_src/install/px4_msgs/include/px4_msgs/px4_msgs/msg/detail/vehicle_air_data__rosidl_typesupport_introspection_cpp.hpp\n'}
[7.247188] (px4_msgs) StdoutLine: {'line': b'-- Up-to-date symlink: /home/giromi/Repos/VTOL/ws_sensor_combined_src/install/px4_msgs/include/px4_msgs/px4_msgs/msg/detail/vehicle_angular_acceleration_setpoint__rosidl_typesupport_introspection_cpp.hpp\n'}
[7.247329] (px4_msgs) StdoutLine: {'line': b'-- Up-to-date symlink: /home/giromi/Repos/VTOL/ws_sensor_combined_src/install/px4_msgs/include/px4_msgs/px4_msgs/msg/detail/vehicle_angular_velocity__rosidl_typesupport_introspection_cpp.hpp\n'}
[7.247505] (px4_msgs) StdoutLine: {'line': b'-- Up-to-date symlink: /home/giromi/Repos/VTOL/ws_sensor_combined_src/install/px4_msgs/include/px4_msgs/px4_msgs/msg/detail/vehicle_attitude__rosidl_typesupport_introspection_cpp.hpp\n'}
[7.247654] (px4_msgs) StdoutLine: {'line': b'-- Up-to-date symlink: /home/giromi/Repos/VTOL/ws_sensor_combined_src/install/px4_msgs/include/px4_msgs/px4_msgs/msg/detail/vehicle_attitude_setpoint__rosidl_typesupport_introspection_cpp.hpp\n'}
[7.247794] (px4_msgs) StdoutLine: {'line': b'-- Up-to-date symlink: /home/giromi/Repos/VTOL/ws_sensor_combined_src/install/px4_msgs/include/px4_msgs/px4_msgs/msg/detail/vehicle_command__rosidl_typesupport_introspection_cpp.hpp\n'}
[7.247937] (px4_msgs) StdoutLine: {'line': b'-- Up-to-date symlink: /home/giromi/Repos/VTOL/ws_sensor_combined_src/install/px4_msgs/include/px4_msgs/px4_msgs/msg/detail/vehicle_command_ack__rosidl_typesupport_introspection_cpp.hpp\n'}
[7.248145] (px4_msgs) StdoutLine: {'line': b'-- Up-to-date symlink: /home/giromi/Repos/VTOL/ws_sensor_combined_src/install/px4_msgs/include/px4_msgs/px4_msgs/msg/detail/vehicle_constraints__rosidl_typesupport_introspection_cpp.hpp\n'}
[7.248283] (px4_msgs) StdoutLine: {'line': b'-- Up-to-date symlink: /home/giromi/Repos/VTOL/ws_sensor_combined_src/install/px4_msgs/include/px4_msgs/px4_msgs/msg/detail/vehicle_control_mode__rosidl_typesupport_introspection_cpp.hpp\n'}
[7.248421] (px4_msgs) StdoutLine: {'line': b'-- Up-to-date symlink: /home/giromi/Repos/VTOL/ws_sensor_combined_src/install/px4_msgs/include/px4_msgs/px4_msgs/msg/detail/vehicle_global_position__rosidl_typesupport_introspection_cpp.hpp\n'}
[7.248594] (px4_msgs) StdoutLine: {'line': b'-- Up-to-date symlink: /home/giromi/Repos/VTOL/ws_sensor_combined_src/install/px4_msgs/include/px4_msgs/px4_msgs/msg/detail/vehicle_imu__rosidl_typesupport_introspection_cpp.hpp\n'}
[7.248734] (px4_msgs) StdoutLine: {'line': b'-- Up-to-date symlink: /home/giromi/Repos/VTOL/ws_sensor_combined_src/install/px4_msgs/include/px4_msgs/px4_msgs/msg/detail/vehicle_imu_status__rosidl_typesupport_introspection_cpp.hpp\n'}
[7.248871] (px4_msgs) StdoutLine: {'line': b'-- Up-to-date symlink: /home/giromi/Repos/VTOL/ws_sensor_combined_src/install/px4_msgs/include/px4_msgs/px4_msgs/msg/detail/vehicle_land_detected__rosidl_typesupport_introspection_cpp.hpp\n'}
[7.249012] (px4_msgs) StdoutLine: {'line': b'-- Up-to-date symlink: /home/giromi/Repos/VTOL/ws_sensor_combined_src/install/px4_msgs/include/px4_msgs/px4_msgs/msg/detail/vehicle_local_position__rosidl_typesupport_introspection_cpp.hpp\n'}
[7.249149] (px4_msgs) StdoutLine: {'line': b'-- Up-to-date symlink: /home/giromi/Repos/VTOL/ws_sensor_combined_src/install/px4_msgs/include/px4_msgs/px4_msgs/msg/detail/vehicle_local_position_setpoint__rosidl_typesupport_introspection_cpp.hpp\n'}
[7.249288] (px4_msgs) StdoutLine: {'line': b'-- Up-to-date symlink: /home/giromi/Repos/VTOL/ws_sensor_combined_src/install/px4_msgs/include/px4_msgs/px4_msgs/msg/detail/vehicle_magnetometer__rosidl_typesupport_introspection_cpp.hpp\n'}
[7.249427] (px4_msgs) StdoutLine: {'line': b'-- Up-to-date symlink: /home/giromi/Repos/VTOL/ws_sensor_combined_src/install/px4_msgs/include/px4_msgs/px4_msgs/msg/detail/vehicle_odometry__rosidl_typesupport_introspection_cpp.hpp\n'}
[7.249597] (px4_msgs) StdoutLine: {'line': b'-- Up-to-date symlink: /home/giromi/Repos/VTOL/ws_sensor_combined_src/install/px4_msgs/include/px4_msgs/px4_msgs/msg/detail/vehicle_optical_flow__rosidl_typesupport_introspection_cpp.hpp\n'}
[7.249734] (px4_msgs) StdoutLine: {'line': b'-- Up-to-date symlink: /home/giromi/Repos/VTOL/ws_sensor_combined_src/install/px4_msgs/include/px4_msgs/px4_msgs/msg/detail/vehicle_optical_flow_vel__rosidl_typesupport_introspection_cpp.hpp\n'}
[7.249872] (px4_msgs) StdoutLine: {'line': b'-- Up-to-date symlink: /home/giromi/Repos/VTOL/ws_sensor_combined_src/install/px4_msgs/include/px4_msgs/px4_msgs/msg/detail/vehicle_rates_setpoint__rosidl_typesupport_introspection_cpp.hpp\n'}
[7.250011] (px4_msgs) StdoutLine: {'line': b'-- Up-to-date symlink: /home/giromi/Repos/VTOL/ws_sensor_combined_src/install/px4_msgs/include/px4_msgs/px4_msgs/msg/detail/vehicle_roi__rosidl_typesupport_introspection_cpp.hpp\n'}
[7.250150] (px4_msgs) StdoutLine: {'line': b'-- Up-to-date symlink: /home/giromi/Repos/VTOL/ws_sensor_combined_src/install/px4_msgs/include/px4_msgs/px4_msgs/msg/detail/vehicle_status__rosidl_typesupport_introspection_cpp.hpp\n'}
[7.250286] (px4_msgs) StdoutLine: {'line': b'-- Up-to-date symlink: /home/giromi/Repos/VTOL/ws_sensor_combined_src/install/px4_msgs/include/px4_msgs/px4_msgs/msg/detail/vehicle_thrust_setpoint__rosidl_typesupport_introspection_cpp.hpp\n'}
[7.250426] (px4_msgs) StdoutLine: {'line': b'-- Up-to-date symlink: /home/giromi/Repos/VTOL/ws_sensor_combined_src/install/px4_msgs/include/px4_msgs/px4_msgs/msg/detail/vehicle_torque_setpoint__rosidl_typesupport_introspection_cpp.hpp\n'}
[7.250562] (px4_msgs) StdoutLine: {'line': b'-- Up-to-date symlink: /home/giromi/Repos/VTOL/ws_sensor_combined_src/install/px4_msgs/include/px4_msgs/px4_msgs/msg/detail/vehicle_trajectory_bezier__rosidl_typesupport_introspection_cpp.hpp\n'}
[7.250705] (px4_msgs) StdoutLine: {'line': b'-- Up-to-date symlink: /home/giromi/Repos/VTOL/ws_sensor_combined_src/install/px4_msgs/include/px4_msgs/px4_msgs/msg/detail/vehicle_trajectory_waypoint__rosidl_typesupport_introspection_cpp.hpp\n'}
[7.250875] (px4_msgs) StdoutLine: {'line': b'-- Up-to-date symlink: /home/giromi/Repos/VTOL/ws_sensor_combined_src/install/px4_msgs/include/px4_msgs/px4_msgs/msg/detail/velocity_limits__rosidl_typesupport_introspection_cpp.hpp\n'}
[7.251015] (px4_msgs) StdoutLine: {'line': b'-- Up-to-date symlink: /home/giromi/Repos/VTOL/ws_sensor_combined_src/install/px4_msgs/include/px4_msgs/px4_msgs/msg/detail/vtol_vehicle_status__rosidl_typesupport_introspection_cpp.hpp\n'}
[7.251154] (px4_msgs) StdoutLine: {'line': b'-- Up-to-date symlink: /home/giromi/Repos/VTOL/ws_sensor_combined_src/install/px4_msgs/include/px4_msgs/px4_msgs/msg/detail/wheel_encoders__rosidl_typesupport_introspection_cpp.hpp\n'}
[7.251294] (px4_msgs) StdoutLine: {'line': b'-- Up-to-date symlink: /home/giromi/Repos/VTOL/ws_sensor_combined_src/install/px4_msgs/include/px4_msgs/px4_msgs/msg/detail/wind__rosidl_typesupport_introspection_cpp.hpp\n'}
[7.251434] (px4_msgs) StdoutLine: {'line': b'-- Up-to-date symlink: /home/giromi/Repos/VTOL/ws_sensor_combined_src/install/px4_msgs/include/px4_msgs/px4_msgs/msg/detail/yaw_estimator_status__rosidl_typesupport_introspection_cpp.hpp\n'}
[7.251613] (px4_msgs) StdoutLine: {'line': b'-- Up-to-date symlink: /home/giromi/Repos/VTOL/ws_sensor_combined_src/install/px4_msgs/include/px4_msgs/px4_msgs/srv/detail/vehicle_command__rosidl_typesupport_introspection_cpp.hpp\n'}
[7.251816] (px4_msgs) StdoutLine: {'line': b'-- Up-to-date symlink: /home/giromi/Repos/VTOL/ws_sensor_combined_src/install/px4_msgs/share/px4_msgs/environment/pythonpath.sh\n'}
[7.252041] (px4_msgs) StdoutLine: {'line': b'-- Up-to-date symlink: /home/giromi/Repos/VTOL/ws_sensor_combined_src/install/px4_msgs/share/px4_msgs/environment/pythonpath.dsv\n'}
[7.252396] (px4_msgs) StdoutLine: {'line': b'-- Up-to-date symlink: /home/giromi/Repos/VTOL/ws_sensor_combined_src/install/px4_msgs/local/lib/python3.10/dist-packages/px4_msgs-2.0.1-py3.10.egg-info/PKG-INFO\n'}
[7.252641] (px4_msgs) StdoutLine: {'line': b'-- Up-to-date symlink: /home/giromi/Repos/VTOL/ws_sensor_combined_src/install/px4_msgs/local/lib/python3.10/dist-packages/px4_msgs-2.0.1-py3.10.egg-info/SOURCES.txt\n'}
[7.252766] (px4_msgs) StdoutLine: {'line': b'-- Up-to-date symlink: /home/giromi/Repos/VTOL/ws_sensor_combined_src/install/px4_msgs/local/lib/python3.10/dist-packages/px4_msgs-2.0.1-py3.10.egg-info/dependency_links.txt\n'}
[7.253025] (px4_msgs) StdoutLine: {'line': b'-- Up-to-date symlink: /home/giromi/Repos/VTOL/ws_sensor_combined_src/install/px4_msgs/local/lib/python3.10/dist-packages/px4_msgs-2.0.1-py3.10.egg-info/top_level.txt\n'}
[7.261162] (px4_msgs) StdoutLine: {'line': b'-- Up-to-date symlink: /home/giromi/Repos/VTOL/ws_sensor_combined_src/install/px4_msgs/local/lib/python3.10/dist-packages/px4_msgs/__init__.py\n'}
[7.261367] (px4_msgs) StdoutLine: {'line': b'-- Up-to-date symlink: /home/giromi/Repos/VTOL/ws_sensor_combined_src/install/px4_msgs/local/lib/python3.10/dist-packages/px4_msgs/_px4_msgs_s.ep.rosidl_typesupport_c.c\n'}
[7.261543] (px4_msgs) StdoutLine: {'line': b'-- Up-to-date symlink: /home/giromi/Repos/VTOL/ws_sensor_combined_src/install/px4_msgs/local/lib/python3.10/dist-packages/px4_msgs/_px4_msgs_s.ep.rosidl_typesupport_fastrtps_c.c\n'}
[7.261765] (px4_msgs) StdoutLine: {'line': b'-- Up-to-date symlink: /home/giromi/Repos/VTOL/ws_sensor_combined_src/install/px4_msgs/local/lib/python3.10/dist-packages/px4_msgs/_px4_msgs_s.ep.rosidl_typesupport_introspection_c.c\n'}
[7.261955] (px4_msgs) StdoutLine: {'line': b'-- Up-to-date symlink: /home/giromi/Repos/VTOL/ws_sensor_combined_src/install/px4_msgs/local/lib/python3.10/dist-packages/px4_msgs/libpx4_msgs__rosidl_generator_py.so\n'}
[7.262119] (px4_msgs) StdoutLine: {'line': b'-- Up-to-date symlink: /home/giromi/Repos/VTOL/ws_sensor_combined_src/install/px4_msgs/local/lib/python3.10/dist-packages/px4_msgs/msg/__init__.py\n'}
[7.262295] (px4_msgs) StdoutLine: {'line': b'-- Up-to-date symlink: /home/giromi/Repos/VTOL/ws_sensor_combined_src/install/px4_msgs/local/lib/python3.10/dist-packages/px4_msgs/msg/_action_request.py\n'}
[7.262470] (px4_msgs) StdoutLine: {'line': b'-- Up-to-date symlink: /home/giromi/Repos/VTOL/ws_sensor_combined_src/install/px4_msgs/local/lib/python3.10/dist-packages/px4_msgs/msg/_action_request_s.c\n'}
[7.262639] (px4_msgs) StdoutLine: {'line': b'-- Up-to-date symlink: /home/giromi/Repos/VTOL/ws_sensor_combined_src/install/px4_msgs/local/lib/python3.10/dist-packages/px4_msgs/msg/_actuator_armed.py\n'}
[7.262811] (px4_msgs) StdoutLine: {'line': b'-- Up-to-date symlink: /home/giromi/Repos/VTOL/ws_sensor_combined_src/install/px4_msgs/local/lib/python3.10/dist-packages/px4_msgs/msg/_actuator_armed_s.c\n'}
[7.262930] (px4_msgs) StdoutLine: {'line': b'-- Up-to-date symlink: /home/giromi/Repos/VTOL/ws_sensor_combined_src/install/px4_msgs/local/lib/python3.10/dist-packages/px4_msgs/msg/_actuator_controls_status.py\n'}
[7.263073] (px4_msgs) StdoutLine: {'line': b'-- Up-to-date symlink: /home/giromi/Repos/VTOL/ws_sensor_combined_src/install/px4_msgs/local/lib/python3.10/dist-packages/px4_msgs/msg/_actuator_controls_status_s.c\n'}
[7.263214] (px4_msgs) StdoutLine: {'line': b'-- Up-to-date symlink: /home/giromi/Repos/VTOL/ws_sensor_combined_src/install/px4_msgs/local/lib/python3.10/dist-packages/px4_msgs/msg/_actuator_motors.py\n'}
[7.263355] (px4_msgs) StdoutLine: {'line': b'-- Up-to-date symlink: /home/giromi/Repos/VTOL/ws_sensor_combined_src/install/px4_msgs/local/lib/python3.10/dist-packages/px4_msgs/msg/_actuator_motors_s.c\n'}
[7.263495] (px4_msgs) StdoutLine: {'line': b'-- Up-to-date symlink: /home/giromi/Repos/VTOL/ws_sensor_combined_src/install/px4_msgs/local/lib/python3.10/dist-packages/px4_msgs/msg/_actuator_outputs.py\n'}
[7.263692] (px4_msgs) StdoutLine: {'line': b'-- Up-to-date symlink: /home/giromi/Repos/VTOL/ws_sensor_combined_src/install/px4_msgs/local/lib/python3.10/dist-packages/px4_msgs/msg/_actuator_outputs_s.c\n'}
[7.263861] (px4_msgs) StdoutLine: {'line': b'-- Up-to-date symlink: /home/giromi/Repos/VTOL/ws_sensor_combined_src/install/px4_msgs/local/lib/python3.10/dist-packages/px4_msgs/msg/_actuator_servos.py\n'}
[7.264054] (px4_msgs) StdoutLine: {'line': b'-- Up-to-date symlink: /home/giromi/Repos/VTOL/ws_sensor_combined_src/install/px4_msgs/local/lib/python3.10/dist-packages/px4_msgs/msg/_actuator_servos_s.c\n'}
[7.264277] (px4_msgs) StdoutLine: {'line': b'-- Up-to-date symlink: /home/giromi/Repos/VTOL/ws_sensor_combined_src/install/px4_msgs/local/lib/python3.10/dist-packages/px4_msgs/msg/_actuator_servos_trim.py\n'}
[7.264467] (px4_msgs) StdoutLine: {'line': b'-- Up-to-date symlink: /home/giromi/Repos/VTOL/ws_sensor_combined_src/install/px4_msgs/local/lib/python3.10/dist-packages/px4_msgs/msg/_actuator_servos_trim_s.c\n'}
[7.264650] (px4_msgs) StdoutLine: {'line': b'-- Up-to-date symlink: /home/giromi/Repos/VTOL/ws_sensor_combined_src/install/px4_msgs/local/lib/python3.10/dist-packages/px4_msgs/msg/_actuator_test.py\n'}
[7.264819] (px4_msgs) StdoutLine: {'line': b'-- Up-to-date symlink: /home/giromi/Repos/VTOL/ws_sensor_combined_src/install/px4_msgs/local/lib/python3.10/dist-packages/px4_msgs/msg/_actuator_test_s.c\n'}
[7.264935] (px4_msgs) StdoutLine: {'line': b'-- Up-to-date symlink: /home/giromi/Repos/VTOL/ws_sensor_combined_src/install/px4_msgs/local/lib/python3.10/dist-packages/px4_msgs/msg/_adc_report.py\n'}
[7.265077] (px4_msgs) StdoutLine: {'line': b'-- Up-to-date symlink: /home/giromi/Repos/VTOL/ws_sensor_combined_src/install/px4_msgs/local/lib/python3.10/dist-packages/px4_msgs/msg/_adc_report_s.c\n'}
[7.265305] (px4_msgs) StdoutLine: {'line': b'-- Up-to-date symlink: /home/giromi/Repos/VTOL/ws_sensor_combined_src/install/px4_msgs/local/lib/python3.10/dist-packages/px4_msgs/msg/_airspeed.py\n'}
[7.265478] (px4_msgs) StdoutLine: {'line': b'-- Up-to-date symlink: /home/giromi/Repos/VTOL/ws_sensor_combined_src/install/px4_msgs/local/lib/python3.10/dist-packages/px4_msgs/msg/_airspeed_s.c\n'}
[7.265604] (px4_msgs) StdoutLine: {'line': b'-- Up-to-date symlink: /home/giromi/Repos/VTOL/ws_sensor_combined_src/install/px4_msgs/local/lib/python3.10/dist-packages/px4_msgs/msg/_airspeed_validated.py\n'}
[7.265754] (px4_msgs) StdoutLine: {'line': b'-- Up-to-date symlink: /home/giromi/Repos/VTOL/ws_sensor_combined_src/install/px4_msgs/local/lib/python3.10/dist-packages/px4_msgs/msg/_airspeed_validated_s.c\n'}
[7.265916] (px4_msgs) StdoutLine: {'line': b'-- Up-to-date symlink: /home/giromi/Repos/VTOL/ws_sensor_combined_src/install/px4_msgs/local/lib/python3.10/dist-packages/px4_msgs/msg/_airspeed_wind.py\n'}
[7.266074] (px4_msgs) StdoutLine: {'line': b'-- Up-to-date symlink: /home/giromi/Repos/VTOL/ws_sensor_combined_src/install/px4_msgs/local/lib/python3.10/dist-packages/px4_msgs/msg/_airspeed_wind_s.c\n'}
[7.266235] (px4_msgs) StdoutLine: {'line': b'-- Up-to-date symlink: /home/giromi/Repos/VTOL/ws_sensor_combined_src/install/px4_msgs/local/lib/python3.10/dist-packages/px4_msgs/msg/_arming_check_reply.py\n'}
[7.266395] (px4_msgs) StdoutLine: {'line': b'-- Up-to-date symlink: /home/giromi/Repos/VTOL/ws_sensor_combined_src/install/px4_msgs/local/lib/python3.10/dist-packages/px4_msgs/msg/_arming_check_reply_s.c\n'}
[7.266602] (px4_msgs) StdoutLine: {'line': b'-- Up-to-date symlink: /home/giromi/Repos/VTOL/ws_sensor_combined_src/install/px4_msgs/local/lib/python3.10/dist-packages/px4_msgs/msg/_arming_check_request.py\n'}
[7.266751] (px4_msgs) StdoutLine: {'line': b'-- Up-to-date symlink: /home/giromi/Repos/VTOL/ws_sensor_combined_src/install/px4_msgs/local/lib/python3.10/dist-packages/px4_msgs/msg/_arming_check_request_s.c\n'}
[7.266918] (px4_msgs) StdoutLine: {'line': b'-- Up-to-date symlink: /home/giromi/Repos/VTOL/ws_sensor_combined_src/install/px4_msgs/local/lib/python3.10/dist-packages/px4_msgs/msg/_autotune_attitude_control_status.py\n'}
[7.267045] (px4_msgs) StdoutLine: {'line': b'-- Up-to-date symlink: /home/giromi/Repos/VTOL/ws_sensor_combined_src/install/px4_msgs/local/lib/python3.10/dist-packages/px4_msgs/msg/_autotune_attitude_control_status_s.c\n'}
[7.267184] (px4_msgs) StdoutLine: {'line': b'-- Up-to-date symlink: /home/giromi/Repos/VTOL/ws_sensor_combined_src/install/px4_msgs/local/lib/python3.10/dist-packages/px4_msgs/msg/_battery_status.py\n'}
[7.267356] (px4_msgs) StdoutLine: {'line': b'-- Up-to-date symlink: /home/giromi/Repos/VTOL/ws_sensor_combined_src/install/px4_msgs/local/lib/python3.10/dist-packages/px4_msgs/msg/_battery_status_s.c\n'}
[7.267492] (px4_msgs) StdoutLine: {'line': b'-- Up-to-date symlink: /home/giromi/Repos/VTOL/ws_sensor_combined_src/install/px4_msgs/local/lib/python3.10/dist-packages/px4_msgs/msg/_buffer128.py\n'}
[7.267628] (px4_msgs) StdoutLine: {'line': b'-- Up-to-date symlink: /home/giromi/Repos/VTOL/ws_sensor_combined_src/install/px4_msgs/local/lib/python3.10/dist-packages/px4_msgs/msg/_buffer128_s.c\n'}
[7.267764] (px4_msgs) StdoutLine: {'line': b'-- Up-to-date symlink: /home/giromi/Repos/VTOL/ws_sensor_combined_src/install/px4_msgs/local/lib/python3.10/dist-packages/px4_msgs/msg/_button_event.py\n'}
[7.267936] (px4_msgs) StdoutLine: {'line': b'-- Up-to-date symlink: /home/giromi/Repos/VTOL/ws_sensor_combined_src/install/px4_msgs/local/lib/python3.10/dist-packages/px4_msgs/msg/_button_event_s.c\n'}
[7.268138] (px4_msgs) StdoutLine: {'line': b'-- Up-to-date symlink: /home/giromi/Repos/VTOL/ws_sensor_combined_src/install/px4_msgs/local/lib/python3.10/dist-packages/px4_msgs/msg/_camera_capture.py\n'}
[7.268296] (px4_msgs) StdoutLine: {'line': b'-- Up-to-date symlink: /home/giromi/Repos/VTOL/ws_sensor_combined_src/install/px4_msgs/local/lib/python3.10/dist-packages/px4_msgs/msg/_camera_capture_s.c\n'}
[7.268424] (px4_msgs) StdoutLine: {'line': b'-- Up-to-date symlink: /home/giromi/Repos/VTOL/ws_sensor_combined_src/install/px4_msgs/local/lib/python3.10/dist-packages/px4_msgs/msg/_camera_status.py\n'}
[7.268578] (px4_msgs) StdoutLine: {'line': b'-- Up-to-date symlink: /home/giromi/Repos/VTOL/ws_sensor_combined_src/install/px4_msgs/local/lib/python3.10/dist-packages/px4_msgs/msg/_camera_status_s.c\n'}
[7.268767] (px4_msgs) StdoutLine: {'line': b'-- Up-to-date symlink: /home/giromi/Repos/VTOL/ws_sensor_combined_src/install/px4_msgs/local/lib/python3.10/dist-packages/px4_msgs/msg/_camera_trigger.py\n'}
[7.268888] (px4_msgs) StdoutLine: {'line': b'-- Up-to-date symlink: /home/giromi/Repos/VTOL/ws_sensor_combined_src/install/px4_msgs/local/lib/python3.10/dist-packages/px4_msgs/msg/_camera_trigger_s.c\n'}
[7.269021] (px4_msgs) StdoutLine: {'line': b'-- Up-to-date symlink: /home/giromi/Repos/VTOL/ws_sensor_combined_src/install/px4_msgs/local/lib/python3.10/dist-packages/px4_msgs/msg/_cellular_status.py\n'}
[7.269190] (px4_msgs) StdoutLine: {'line': b'-- Up-to-date symlink: /home/giromi/Repos/VTOL/ws_sensor_combined_src/install/px4_msgs/local/lib/python3.10/dist-packages/px4_msgs/msg/_cellular_status_s.c\n'}
[7.269340] (px4_msgs) StdoutLine: {'line': b'-- Up-to-date symlink: /home/giromi/Repos/VTOL/ws_sensor_combined_src/install/px4_msgs/local/lib/python3.10/dist-packages/px4_msgs/msg/_collision_constraints.py\n'}
[7.269521] (px4_msgs) StdoutLine: {'line': b'-- Up-to-date symlink: /home/giromi/Repos/VTOL/ws_sensor_combined_src/install/px4_msgs/local/lib/python3.10/dist-packages/px4_msgs/msg/_collision_constraints_s.c\n'}
[7.269685] (px4_msgs) StdoutLine: {'line': b'-- Up-to-date symlink: /home/giromi/Repos/VTOL/ws_sensor_combined_src/install/px4_msgs/local/lib/python3.10/dist-packages/px4_msgs/msg/_collision_report.py\n'}
[7.269847] (px4_msgs) StdoutLine: {'line': b'-- Up-to-date symlink: /home/giromi/Repos/VTOL/ws_sensor_combined_src/install/px4_msgs/local/lib/python3.10/dist-packages/px4_msgs/msg/_collision_report_s.c\n'}
[7.269994] (px4_msgs) StdoutLine: {'line': b'-- Up-to-date symlink: /home/giromi/Repos/VTOL/ws_sensor_combined_src/install/px4_msgs/local/lib/python3.10/dist-packages/px4_msgs/msg/_config_overrides.py\n'}
[7.270153] (px4_msgs) StdoutLine: {'line': b'-- Up-to-date symlink: /home/giromi/Repos/VTOL/ws_sensor_combined_src/install/px4_msgs/local/lib/python3.10/dist-packages/px4_msgs/msg/_config_overrides_s.c\n'}
[7.270262] (px4_msgs) StdoutLine: {'line': b'-- Up-to-date symlink: /home/giromi/Repos/VTOL/ws_sensor_combined_src/install/px4_msgs/local/lib/python3.10/dist-packages/px4_msgs/msg/_control_allocator_status.py\n'}
[7.270429] (px4_msgs) StdoutLine: {'line': b'-- Up-to-date symlink: /home/giromi/Repos/VTOL/ws_sensor_combined_src/install/px4_msgs/local/lib/python3.10/dist-packages/px4_msgs/msg/_control_allocator_status_s.c\n'}
[7.270611] (px4_msgs) StdoutLine: {'line': b'-- Up-to-date symlink: /home/giromi/Repos/VTOL/ws_sensor_combined_src/install/px4_msgs/local/lib/python3.10/dist-packages/px4_msgs/msg/_cpuload.py\n'}
[7.270791] (px4_msgs) StdoutLine: {'line': b'-- Up-to-date symlink: /home/giromi/Repos/VTOL/ws_sensor_combined_src/install/px4_msgs/local/lib/python3.10/dist-packages/px4_msgs/msg/_cpuload_s.c\n'}
[7.270953] (px4_msgs) StdoutLine: {'line': b'-- Up-to-date symlink: /home/giromi/Repos/VTOL/ws_sensor_combined_src/install/px4_msgs/local/lib/python3.10/dist-packages/px4_msgs/msg/_dataman_request.py\n'}
[7.271085] (px4_msgs) StdoutLine: {'line': b'-- Up-to-date symlink: /home/giromi/Repos/VTOL/ws_sensor_combined_src/install/px4_msgs/local/lib/python3.10/dist-packages/px4_msgs/msg/_dataman_request_s.c\n'}
[7.271222] (px4_msgs) StdoutLine: {'line': b'-- Up-to-date symlink: /home/giromi/Repos/VTOL/ws_sensor_combined_src/install/px4_msgs/local/lib/python3.10/dist-packages/px4_msgs/msg/_dataman_response.py\n'}
[7.271376] (px4_msgs) StdoutLine: {'line': b'-- Up-to-date symlink: /home/giromi/Repos/VTOL/ws_sensor_combined_src/install/px4_msgs/local/lib/python3.10/dist-packages/px4_msgs/msg/_dataman_response_s.c\n'}
[7.271526] (px4_msgs) StdoutLine: {'line': b'-- Up-to-date symlink: /home/giromi/Repos/VTOL/ws_sensor_combined_src/install/px4_msgs/local/lib/python3.10/dist-packages/px4_msgs/msg/_debug_array.py\n'}
[7.271661] (px4_msgs) StdoutLine: {'line': b'-- Up-to-date symlink: /home/giromi/Repos/VTOL/ws_sensor_combined_src/install/px4_msgs/local/lib/python3.10/dist-packages/px4_msgs/msg/_debug_array_s.c\n'}
[7.271797] (px4_msgs) StdoutLine: {'line': b'-- Up-to-date symlink: /home/giromi/Repos/VTOL/ws_sensor_combined_src/install/px4_msgs/local/lib/python3.10/dist-packages/px4_msgs/msg/_debug_key_value.py\n'}
[7.271935] (px4_msgs) StdoutLine: {'line': b'-- Up-to-date symlink: /home/giromi/Repos/VTOL/ws_sensor_combined_src/install/px4_msgs/local/lib/python3.10/dist-packages/px4_msgs/msg/_debug_key_value_s.c\n'}
[7.272120] (px4_msgs) StdoutLine: {'line': b'-- Up-to-date symlink: /home/giromi/Repos/VTOL/ws_sensor_combined_src/install/px4_msgs/local/lib/python3.10/dist-packages/px4_msgs/msg/_debug_value.py\n'}
[7.272272] (px4_msgs) StdoutLine: {'line': b'-- Up-to-date symlink: /home/giromi/Repos/VTOL/ws_sensor_combined_src/install/px4_msgs/local/lib/python3.10/dist-packages/px4_msgs/msg/_debug_value_s.c\n'}
[7.272449] (px4_msgs) StdoutLine: {'line': b'-- Up-to-date symlink: /home/giromi/Repos/VTOL/ws_sensor_combined_src/install/px4_msgs/local/lib/python3.10/dist-packages/px4_msgs/msg/_debug_vect.py\n'}
[7.272613] (px4_msgs) StdoutLine: {'line': b'-- Up-to-date symlink: /home/giromi/Repos/VTOL/ws_sensor_combined_src/install/px4_msgs/local/lib/python3.10/dist-packages/px4_msgs/msg/_debug_vect_s.c\n'}
[7.272810] (px4_msgs) StdoutLine: {'line': b'-- Up-to-date symlink: /home/giromi/Repos/VTOL/ws_sensor_combined_src/install/px4_msgs/local/lib/python3.10/dist-packages/px4_msgs/msg/_differential_drive_setpoint.py\n'}
[7.272969] (px4_msgs) StdoutLine: {'line': b'-- Up-to-date symlink: /home/giromi/Repos/VTOL/ws_sensor_combined_src/install/px4_msgs/local/lib/python3.10/dist-packages/px4_msgs/msg/_differential_drive_setpoint_s.c\n'}
[7.273109] (px4_msgs) StdoutLine: {'line': b'-- Up-to-date symlink: /home/giromi/Repos/VTOL/ws_sensor_combined_src/install/px4_msgs/local/lib/python3.10/dist-packages/px4_msgs/msg/_differential_pressure.py\n'}
[7.273264] (px4_msgs) StdoutLine: {'line': b'-- Up-to-date symlink: /home/giromi/Repos/VTOL/ws_sensor_combined_src/install/px4_msgs/local/lib/python3.10/dist-packages/px4_msgs/msg/_differential_pressure_s.c\n'}
[7.273397] (px4_msgs) StdoutLine: {'line': b'-- Up-to-date symlink: /home/giromi/Repos/VTOL/ws_sensor_combined_src/install/px4_msgs/local/lib/python3.10/dist-packages/px4_msgs/msg/_distance_sensor.py\n'}
[7.273567] (px4_msgs) StdoutLine: {'line': b'-- Up-to-date symlink: /home/giromi/Repos/VTOL/ws_sensor_combined_src/install/px4_msgs/local/lib/python3.10/dist-packages/px4_msgs/msg/_distance_sensor_s.c\n'}
[7.273718] (px4_msgs) StdoutLine: {'line': b'-- Up-to-date symlink: /home/giromi/Repos/VTOL/ws_sensor_combined_src/install/px4_msgs/local/lib/python3.10/dist-packages/px4_msgs/msg/_ekf2_timestamps.py\n'}
[7.273883] (px4_msgs) StdoutLine: {'line': b'-- Up-to-date symlink: /home/giromi/Repos/VTOL/ws_sensor_combined_src/install/px4_msgs/local/lib/python3.10/dist-packages/px4_msgs/msg/_ekf2_timestamps_s.c\n'}
[7.274044] (px4_msgs) StdoutLine: {'line': b'-- Up-to-date symlink: /home/giromi/Repos/VTOL/ws_sensor_combined_src/install/px4_msgs/local/lib/python3.10/dist-packages/px4_msgs/msg/_esc_report.py\n'}
[7.274203] (px4_msgs) StdoutLine: {'line': b'-- Up-to-date symlink: /home/giromi/Repos/VTOL/ws_sensor_combined_src/install/px4_msgs/local/lib/python3.10/dist-packages/px4_msgs/msg/_esc_report_s.c\n'}
[7.274349] (px4_msgs) StdoutLine: {'line': b'-- Up-to-date symlink: /home/giromi/Repos/VTOL/ws_sensor_combined_src/install/px4_msgs/local/lib/python3.10/dist-packages/px4_msgs/msg/_esc_status.py\n'}
[7.274497] (px4_msgs) StdoutLine: {'line': b'-- Up-to-date symlink: /home/giromi/Repos/VTOL/ws_sensor_combined_src/install/px4_msgs/local/lib/python3.10/dist-packages/px4_msgs/msg/_esc_status_s.c\n'}
[7.274648] (px4_msgs) StdoutLine: {'line': b'-- Up-to-date symlink: /home/giromi/Repos/VTOL/ws_sensor_combined_src/install/px4_msgs/local/lib/python3.10/dist-packages/px4_msgs/msg/_estimator_aid_source1d.py\n'}
[7.274821] (px4_msgs) StdoutLine: {'line': b'-- Up-to-date symlink: /home/giromi/Repos/VTOL/ws_sensor_combined_src/install/px4_msgs/local/lib/python3.10/dist-packages/px4_msgs/msg/_estimator_aid_source1d_s.c\n'}
[7.274969] (px4_msgs) StdoutLine: {'line': b'-- Up-to-date symlink: /home/giromi/Repos/VTOL/ws_sensor_combined_src/install/px4_msgs/local/lib/python3.10/dist-packages/px4_msgs/msg/_estimator_aid_source2d.py\n'}
[7.275142] (px4_msgs) StdoutLine: {'line': b'-- Up-to-date symlink: /home/giromi/Repos/VTOL/ws_sensor_combined_src/install/px4_msgs/local/lib/python3.10/dist-packages/px4_msgs/msg/_estimator_aid_source2d_s.c\n'}
[7.275298] (px4_msgs) StdoutLine: {'line': b'-- Up-to-date symlink: /home/giromi/Repos/VTOL/ws_sensor_combined_src/install/px4_msgs/local/lib/python3.10/dist-packages/px4_msgs/msg/_estimator_aid_source3d.py\n'}
[7.275444] (px4_msgs) StdoutLine: {'line': b'-- Up-to-date symlink: /home/giromi/Repos/VTOL/ws_sensor_combined_src/install/px4_msgs/local/lib/python3.10/dist-packages/px4_msgs/msg/_estimator_aid_source3d_s.c\n'}
[7.275621] (px4_msgs) StdoutLine: {'line': b'-- Up-to-date symlink: /home/giromi/Repos/VTOL/ws_sensor_combined_src/install/px4_msgs/local/lib/python3.10/dist-packages/px4_msgs/msg/_estimator_bias.py\n'}
[7.275779] (px4_msgs) StdoutLine: {'line': b'-- Up-to-date symlink: /home/giromi/Repos/VTOL/ws_sensor_combined_src/install/px4_msgs/local/lib/python3.10/dist-packages/px4_msgs/msg/_estimator_bias3d.py\n'}
[7.275909] (px4_msgs) StdoutLine: {'line': b'-- Up-to-date symlink: /home/giromi/Repos/VTOL/ws_sensor_combined_src/install/px4_msgs/local/lib/python3.10/dist-packages/px4_msgs/msg/_estimator_bias3d_s.c\n'}
[7.276113] (px4_msgs) StdoutLine: {'line': b'-- Up-to-date symlink: /home/giromi/Repos/VTOL/ws_sensor_combined_src/install/px4_msgs/local/lib/python3.10/dist-packages/px4_msgs/msg/_estimator_bias_s.c\n'}
[7.276257] (px4_msgs) StdoutLine: {'line': b'-- Up-to-date symlink: /home/giromi/Repos/VTOL/ws_sensor_combined_src/install/px4_msgs/local/lib/python3.10/dist-packages/px4_msgs/msg/_estimator_event_flags.py\n'}
[7.276429] (px4_msgs) StdoutLine: {'line': b'-- Up-to-date symlink: /home/giromi/Repos/VTOL/ws_sensor_combined_src/install/px4_msgs/local/lib/python3.10/dist-packages/px4_msgs/msg/_estimator_event_flags_s.c\n'}
[7.276597] (px4_msgs) StdoutLine: {'line': b'-- Up-to-date symlink: /home/giromi/Repos/VTOL/ws_sensor_combined_src/install/px4_msgs/local/lib/python3.10/dist-packages/px4_msgs/msg/_estimator_gps_status.py\n'}
[7.276751] (px4_msgs) StdoutLine: {'line': b'-- Up-to-date symlink: /home/giromi/Repos/VTOL/ws_sensor_combined_src/install/px4_msgs/local/lib/python3.10/dist-packages/px4_msgs/msg/_estimator_gps_status_s.c\n'}
[7.276931] (px4_msgs) StdoutLine: {'line': b'-- Up-to-date symlink: /home/giromi/Repos/VTOL/ws_sensor_combined_src/install/px4_msgs/local/lib/python3.10/dist-packages/px4_msgs/msg/_estimator_innovations.py\n'}
[7.277084] (px4_msgs) StdoutLine: {'line': b'-- Up-to-date symlink: /home/giromi/Repos/VTOL/ws_sensor_combined_src/install/px4_msgs/local/lib/python3.10/dist-packages/px4_msgs/msg/_estimator_innovations_s.c\n'}
[7.277215] (px4_msgs) StdoutLine: {'line': b'-- Up-to-date symlink: /home/giromi/Repos/VTOL/ws_sensor_combined_src/install/px4_msgs/local/lib/python3.10/dist-packages/px4_msgs/msg/_estimator_selector_status.py\n'}
[7.277352] (px4_msgs) StdoutLine: {'line': b'-- Up-to-date symlink: /home/giromi/Repos/VTOL/ws_sensor_combined_src/install/px4_msgs/local/lib/python3.10/dist-packages/px4_msgs/msg/_estimator_selector_status_s.c\n'}
[7.277487] (px4_msgs) StdoutLine: {'line': b'-- Up-to-date symlink: /home/giromi/Repos/VTOL/ws_sensor_combined_src/install/px4_msgs/local/lib/python3.10/dist-packages/px4_msgs/msg/_estimator_sensor_bias.py\n'}
[7.277671] (px4_msgs) StdoutLine: {'line': b'-- Up-to-date symlink: /home/giromi/Repos/VTOL/ws_sensor_combined_src/install/px4_msgs/local/lib/python3.10/dist-packages/px4_msgs/msg/_estimator_sensor_bias_s.c\n'}
[7.277844] (px4_msgs) StdoutLine: {'line': b'-- Up-to-date symlink: /home/giromi/Repos/VTOL/ws_sensor_combined_src/install/px4_msgs/local/lib/python3.10/dist-packages/px4_msgs/msg/_estimator_states.py\n'}
[7.278000] (px4_msgs) StdoutLine: {'line': b'-- Up-to-date symlink: /home/giromi/Repos/VTOL/ws_sensor_combined_src/install/px4_msgs/local/lib/python3.10/dist-packages/px4_msgs/msg/_estimator_states_s.c\n'}
[7.278145] (px4_msgs) StdoutLine: {'line': b'-- Up-to-date symlink: /home/giromi/Repos/VTOL/ws_sensor_combined_src/install/px4_msgs/local/lib/python3.10/dist-packages/px4_msgs/msg/_estimator_status.py\n'}
[7.278288] (px4_msgs) StdoutLine: {'line': b'-- Up-to-date symlink: /home/giromi/Repos/VTOL/ws_sensor_combined_src/install/px4_msgs/local/lib/python3.10/dist-packages/px4_msgs/msg/_estimator_status_flags.py\n'}
[7.278450] (px4_msgs) StdoutLine: {'line': b'-- Up-to-date symlink: /home/giromi/Repos/VTOL/ws_sensor_combined_src/install/px4_msgs/local/lib/python3.10/dist-packages/px4_msgs/msg/_estimator_status_flags_s.c\n'}
[7.278595] (px4_msgs) StdoutLine: {'line': b'-- Up-to-date symlink: /home/giromi/Repos/VTOL/ws_sensor_combined_src/install/px4_msgs/local/lib/python3.10/dist-packages/px4_msgs/msg/_estimator_status_s.c\n'}
[7.278730] (px4_msgs) StdoutLine: {'line': b'-- Up-to-date symlink: /home/giromi/Repos/VTOL/ws_sensor_combined_src/install/px4_msgs/local/lib/python3.10/dist-packages/px4_msgs/msg/_event.py\n'}
[7.278888] (px4_msgs) StdoutLine: {'line': b'-- Up-to-date symlink: /home/giromi/Repos/VTOL/ws_sensor_combined_src/install/px4_msgs/local/lib/python3.10/dist-packages/px4_msgs/msg/_event_s.c\n'}
[7.279042] (px4_msgs) StdoutLine: {'line': b'-- Up-to-date symlink: /home/giromi/Repos/VTOL/ws_sensor_combined_src/install/px4_msgs/local/lib/python3.10/dist-packages/px4_msgs/msg/_failsafe_flags.py\n'}
[7.279187] (px4_msgs) StdoutLine: {'line': b'-- Up-to-date symlink: /home/giromi/Repos/VTOL/ws_sensor_combined_src/install/px4_msgs/local/lib/python3.10/dist-packages/px4_msgs/msg/_failsafe_flags_s.c\n'}
[7.279352] (px4_msgs) StdoutLine: {'line': b'-- Up-to-date symlink: /home/giromi/Repos/VTOL/ws_sensor_combined_src/install/px4_msgs/local/lib/python3.10/dist-packages/px4_msgs/msg/_failure_detector_status.py\n'}
[7.279520] (px4_msgs) StdoutLine: {'line': b'-- Up-to-date symlink: /home/giromi/Repos/VTOL/ws_sensor_combined_src/install/px4_msgs/local/lib/python3.10/dist-packages/px4_msgs/msg/_failure_detector_status_s.c\n'}
[7.279668] (px4_msgs) StdoutLine: {'line': b'-- Up-to-date symlink: /home/giromi/Repos/VTOL/ws_sensor_combined_src/install/px4_msgs/local/lib/python3.10/dist-packages/px4_msgs/msg/_figure_eight_status.py\n'}
[7.279813] (px4_msgs) StdoutLine: {'line': b'-- Up-to-date symlink: /home/giromi/Repos/VTOL/ws_sensor_combined_src/install/px4_msgs/local/lib/python3.10/dist-packages/px4_msgs/msg/_figure_eight_status_s.c\n'}
[7.280009] (px4_msgs) StdoutLine: {'line': b'-- Up-to-date symlink: /home/giromi/Repos/VTOL/ws_sensor_combined_src/install/px4_msgs/local/lib/python3.10/dist-packages/px4_msgs/msg/_follow_target.py\n'}
[7.280260] (px4_msgs) StdoutLine: {'line': b'-- Up-to-date symlink: /home/giromi/Repos/VTOL/ws_sensor_combined_src/install/px4_msgs/local/lib/python3.10/dist-packages/px4_msgs/msg/_follow_target_estimator.py\n'}
[7.280424] (px4_msgs) StdoutLine: {'line': b'-- Up-to-date symlink: /home/giromi/Repos/VTOL/ws_sensor_combined_src/install/px4_msgs/local/lib/python3.10/dist-packages/px4_msgs/msg/_follow_target_estimator_s.c\n'}
[7.280583] (px4_msgs) StdoutLine: {'line': b'-- Up-to-date symlink: /home/giromi/Repos/VTOL/ws_sensor_combined_src/install/px4_msgs/local/lib/python3.10/dist-packages/px4_msgs/msg/_follow_target_s.c\n'}
[7.280740] (px4_msgs) StdoutLine: {'line': b'-- Up-to-date symlink: /home/giromi/Repos/VTOL/ws_sensor_combined_src/install/px4_msgs/local/lib/python3.10/dist-packages/px4_msgs/msg/_follow_target_status.py\n'}
[7.280896] (px4_msgs) StdoutLine: {'line': b'-- Up-to-date symlink: /home/giromi/Repos/VTOL/ws_sensor_combined_src/install/px4_msgs/local/lib/python3.10/dist-packages/px4_msgs/msg/_follow_target_status_s.c\n'}
[7.281039] (px4_msgs) StdoutLine: {'line': b'-- Up-to-date symlink: /home/giromi/Repos/VTOL/ws_sensor_combined_src/install/px4_msgs/local/lib/python3.10/dist-packages/px4_msgs/msg/_generator_status.py\n'}
[7.281199] (px4_msgs) StdoutLine: {'line': b'-- Up-to-date symlink: /home/giromi/Repos/VTOL/ws_sensor_combined_src/install/px4_msgs/local/lib/python3.10/dist-packages/px4_msgs/msg/_generator_status_s.c\n'}
[7.281344] (px4_msgs) StdoutLine: {'line': b'-- Up-to-date symlink: /home/giromi/Repos/VTOL/ws_sensor_combined_src/install/px4_msgs/local/lib/python3.10/dist-packages/px4_msgs/msg/_geofence_result.py\n'}
[7.281547] (px4_msgs) StdoutLine: {'line': b'-- Up-to-date symlink: /home/giromi/Repos/VTOL/ws_sensor_combined_src/install/px4_msgs/local/lib/python3.10/dist-packages/px4_msgs/msg/_geofence_result_s.c\n'}
[7.281695] (px4_msgs) StdoutLine: {'line': b'-- Up-to-date symlink: /home/giromi/Repos/VTOL/ws_sensor_combined_src/install/px4_msgs/local/lib/python3.10/dist-packages/px4_msgs/msg/_gimbal_controls.py\n'}
[7.281840] (px4_msgs) StdoutLine: {'line': b'-- Up-to-date symlink: /home/giromi/Repos/VTOL/ws_sensor_combined_src/install/px4_msgs/local/lib/python3.10/dist-packages/px4_msgs/msg/_gimbal_controls_s.c\n'}
[7.282005] (px4_msgs) StdoutLine: {'line': b'-- Up-to-date symlink: /home/giromi/Repos/VTOL/ws_sensor_combined_src/install/px4_msgs/local/lib/python3.10/dist-packages/px4_msgs/msg/_gimbal_device_attitude_status.py\n'}
[7.282188] (px4_msgs) StdoutLine: {'line': b'-- Up-to-date symlink: /home/giromi/Repos/VTOL/ws_sensor_combined_src/install/px4_msgs/local/lib/python3.10/dist-packages/px4_msgs/msg/_gimbal_device_attitude_status_s.c\n'}
[7.282366] (px4_msgs) StdoutLine: {'line': b'-- Up-to-date symlink: /home/giromi/Repos/VTOL/ws_sensor_combined_src/install/px4_msgs/local/lib/python3.10/dist-packages/px4_msgs/msg/_gimbal_device_information.py\n'}
[7.282525] (px4_msgs) StdoutLine: {'line': b'-- Up-to-date symlink: /home/giromi/Repos/VTOL/ws_sensor_combined_src/install/px4_msgs/local/lib/python3.10/dist-packages/px4_msgs/msg/_gimbal_device_information_s.c\n'}
[7.282684] (px4_msgs) StdoutLine: {'line': b'-- Up-to-date symlink: /home/giromi/Repos/VTOL/ws_sensor_combined_src/install/px4_msgs/local/lib/python3.10/dist-packages/px4_msgs/msg/_gimbal_device_set_attitude.py\n'}
[7.282831] (px4_msgs) StdoutLine: {'line': b'-- Up-to-date symlink: /home/giromi/Repos/VTOL/ws_sensor_combined_src/install/px4_msgs/local/lib/python3.10/dist-packages/px4_msgs/msg/_gimbal_device_set_attitude_s.c\n'}
[7.282998] (px4_msgs) StdoutLine: {'line': b'-- Up-to-date symlink: /home/giromi/Repos/VTOL/ws_sensor_combined_src/install/px4_msgs/local/lib/python3.10/dist-packages/px4_msgs/msg/_gimbal_manager_information.py\n'}
[7.283135] (px4_msgs) StdoutLine: {'line': b'-- Up-to-date symlink: /home/giromi/Repos/VTOL/ws_sensor_combined_src/install/px4_msgs/local/lib/python3.10/dist-packages/px4_msgs/msg/_gimbal_manager_information_s.c\n'}
[7.283271] (px4_msgs) StdoutLine: {'line': b'-- Up-to-date symlink: /home/giromi/Repos/VTOL/ws_sensor_combined_src/install/px4_msgs/local/lib/python3.10/dist-packages/px4_msgs/msg/_gimbal_manager_set_attitude.py\n'}
[7.283421] (px4_msgs) StdoutLine: {'line': b'-- Up-to-date symlink: /home/giromi/Repos/VTOL/ws_sensor_combined_src/install/px4_msgs/local/lib/python3.10/dist-packages/px4_msgs/msg/_gimbal_manager_set_attitude_s.c\n'}
[7.283626] (px4_msgs) StdoutLine: {'line': b'-- Up-to-date symlink: /home/giromi/Repos/VTOL/ws_sensor_combined_src/install/px4_msgs/local/lib/python3.10/dist-packages/px4_msgs/msg/_gimbal_manager_set_manual_control.py\n'}
[7.283781] (px4_msgs) StdoutLine: {'line': b'-- Up-to-date symlink: /home/giromi/Repos/VTOL/ws_sensor_combined_src/install/px4_msgs/local/lib/python3.10/dist-packages/px4_msgs/msg/_gimbal_manager_set_manual_control_s.c\n'}
[7.283929] (px4_msgs) StdoutLine: {'line': b'-- Up-to-date symlink: /home/giromi/Repos/VTOL/ws_sensor_combined_src/install/px4_msgs/local/lib/python3.10/dist-packages/px4_msgs/msg/_gimbal_manager_status.py\n'}
[7.284160] (px4_msgs) StdoutLine: {'line': b'-- Up-to-date symlink: /home/giromi/Repos/VTOL/ws_sensor_combined_src/install/px4_msgs/local/lib/python3.10/dist-packages/px4_msgs/msg/_gimbal_manager_status_s.c\n'}
[7.284374] (px4_msgs) StdoutLine: {'line': b'-- Up-to-date symlink: /home/giromi/Repos/VTOL/ws_sensor_combined_src/install/px4_msgs/local/lib/python3.10/dist-packages/px4_msgs/msg/_goto_setpoint.py\n'}
[7.284531] (px4_msgs) StdoutLine: {'line': b'-- Up-to-date symlink: /home/giromi/Repos/VTOL/ws_sensor_combined_src/install/px4_msgs/local/lib/python3.10/dist-packages/px4_msgs/msg/_goto_setpoint_s.c\n'}
[7.284671] (px4_msgs) StdoutLine: {'line': b'-- Up-to-date symlink: /home/giromi/Repos/VTOL/ws_sensor_combined_src/install/px4_msgs/local/lib/python3.10/dist-packages/px4_msgs/msg/_gpio_config.py\n'}
[7.284803] (px4_msgs) StdoutLine: {'line': b'-- Up-to-date symlink: /home/giromi/Repos/VTOL/ws_sensor_combined_src/install/px4_msgs/local/lib/python3.10/dist-packages/px4_msgs/msg/_gpio_config_s.c\n'}
[7.284955] (px4_msgs) StdoutLine: {'line': b'-- Up-to-date symlink: /home/giromi/Repos/VTOL/ws_sensor_combined_src/install/px4_msgs/local/lib/python3.10/dist-packages/px4_msgs/msg/_gpio_in.py\n'}
[7.285113] (px4_msgs) StdoutLine: {'line': b'-- Up-to-date symlink: /home/giromi/Repos/VTOL/ws_sensor_combined_src/install/px4_msgs/local/lib/python3.10/dist-packages/px4_msgs/msg/_gpio_in_s.c\n'}
[7.285259] (px4_msgs) StdoutLine: {'line': b'-- Up-to-date symlink: /home/giromi/Repos/VTOL/ws_sensor_combined_src/install/px4_msgs/local/lib/python3.10/dist-packages/px4_msgs/msg/_gpio_out.py\n'}
[7.285391] (px4_msgs) StdoutLine: {'line': b'-- Up-to-date symlink: /home/giromi/Repos/VTOL/ws_sensor_combined_src/install/px4_msgs/local/lib/python3.10/dist-packages/px4_msgs/msg/_gpio_out_s.c\n'}
[7.285545] (px4_msgs) StdoutLine: {'line': b'-- Up-to-date symlink: /home/giromi/Repos/VTOL/ws_sensor_combined_src/install/px4_msgs/local/lib/python3.10/dist-packages/px4_msgs/msg/_gpio_request.py\n'}
[7.285710] (px4_msgs) StdoutLine: {'line': b'-- Up-to-date symlink: /home/giromi/Repos/VTOL/ws_sensor_combined_src/install/px4_msgs/local/lib/python3.10/dist-packages/px4_msgs/msg/_gpio_request_s.c\n'}
[7.285881] (px4_msgs) StdoutLine: {'line': b'-- Up-to-date symlink: /home/giromi/Repos/VTOL/ws_sensor_combined_src/install/px4_msgs/local/lib/python3.10/dist-packages/px4_msgs/msg/_gps_dump.py\n'}
[7.286021] (px4_msgs) StdoutLine: {'line': b'-- Up-to-date symlink: /home/giromi/Repos/VTOL/ws_sensor_combined_src/install/px4_msgs/local/lib/python3.10/dist-packages/px4_msgs/msg/_gps_dump_s.c\n'}
[7.286153] (px4_msgs) StdoutLine: {'line': b'-- Up-to-date symlink: /home/giromi/Repos/VTOL/ws_sensor_combined_src/install/px4_msgs/local/lib/python3.10/dist-packages/px4_msgs/msg/_gps_inject_data.py\n'}
[7.286316] (px4_msgs) StdoutLine: {'line': b'-- Up-to-date symlink: /home/giromi/Repos/VTOL/ws_sensor_combined_src/install/px4_msgs/local/lib/python3.10/dist-packages/px4_msgs/msg/_gps_inject_data_s.c\n'}
[7.286483] (px4_msgs) StdoutLine: {'line': b'-- Up-to-date symlink: /home/giromi/Repos/VTOL/ws_sensor_combined_src/install/px4_msgs/local/lib/python3.10/dist-packages/px4_msgs/msg/_gripper.py\n'}
[7.286619] (px4_msgs) StdoutLine: {'line': b'-- Up-to-date symlink: /home/giromi/Repos/VTOL/ws_sensor_combined_src/install/px4_msgs/local/lib/python3.10/dist-packages/px4_msgs/msg/_gripper_s.c\n'}
[7.286755] (px4_msgs) StdoutLine: {'line': b'-- Up-to-date symlink: /home/giromi/Repos/VTOL/ws_sensor_combined_src/install/px4_msgs/local/lib/python3.10/dist-packages/px4_msgs/msg/_health_report.py\n'}
[7.286890] (px4_msgs) StdoutLine: {'line': b'-- Up-to-date symlink: /home/giromi/Repos/VTOL/ws_sensor_combined_src/install/px4_msgs/local/lib/python3.10/dist-packages/px4_msgs/msg/_health_report_s.c\n'}
[7.287039] (px4_msgs) StdoutLine: {'line': b'-- Up-to-date symlink: /home/giromi/Repos/VTOL/ws_sensor_combined_src/install/px4_msgs/local/lib/python3.10/dist-packages/px4_msgs/msg/_heater_status.py\n'}
[7.287202] (px4_msgs) StdoutLine: {'line': b'-- Up-to-date symlink: /home/giromi/Repos/VTOL/ws_sensor_combined_src/install/px4_msgs/local/lib/python3.10/dist-packages/px4_msgs/msg/_heater_status_s.c\n'}
[7.287361] (px4_msgs) StdoutLine: {'line': b'-- Up-to-date symlink: /home/giromi/Repos/VTOL/ws_sensor_combined_src/install/px4_msgs/local/lib/python3.10/dist-packages/px4_msgs/msg/_home_position.py\n'}
[7.287518] (px4_msgs) StdoutLine: {'line': b'-- Up-to-date symlink: /home/giromi/Repos/VTOL/ws_sensor_combined_src/install/px4_msgs/local/lib/python3.10/dist-packages/px4_msgs/msg/_home_position_s.c\n'}
[7.287701] (px4_msgs) StdoutLine: {'line': b'-- Up-to-date symlink: /home/giromi/Repos/VTOL/ws_sensor_combined_src/install/px4_msgs/local/lib/python3.10/dist-packages/px4_msgs/msg/_hover_thrust_estimate.py\n'}
[7.287833] (px4_msgs) StdoutLine: {'line': b'-- Up-to-date symlink: /home/giromi/Repos/VTOL/ws_sensor_combined_src/install/px4_msgs/local/lib/python3.10/dist-packages/px4_msgs/msg/_hover_thrust_estimate_s.c\n'}
[7.287996] (px4_msgs) StdoutLine: {'line': b'-- Up-to-date symlink: /home/giromi/Repos/VTOL/ws_sensor_combined_src/install/px4_msgs/local/lib/python3.10/dist-packages/px4_msgs/msg/_input_rc.py\n'}
[7.288166] (px4_msgs) StdoutLine: {'line': b'-- Up-to-date symlink: /home/giromi/Repos/VTOL/ws_sensor_combined_src/install/px4_msgs/local/lib/python3.10/dist-packages/px4_msgs/msg/_input_rc_s.c\n'}
[7.288308] (px4_msgs) StdoutLine: {'line': b'-- Up-to-date symlink: /home/giromi/Repos/VTOL/ws_sensor_combined_src/install/px4_msgs/local/lib/python3.10/dist-packages/px4_msgs/msg/_internal_combustion_engine_status.py\n'}
[7.288532] (px4_msgs) StdoutLine: {'line': b'-- Up-to-date symlink: /home/giromi/Repos/VTOL/ws_sensor_combined_src/install/px4_msgs/local/lib/python3.10/dist-packages/px4_msgs/msg/_internal_combustion_engine_status_s.c\n'}
[7.288686] (px4_msgs) StdoutLine: {'line': b'-- Up-to-date symlink: /home/giromi/Repos/VTOL/ws_sensor_combined_src/install/px4_msgs/local/lib/python3.10/dist-packages/px4_msgs/msg/_iridiumsbd_status.py\n'}
[7.288847] (px4_msgs) StdoutLine: {'line': b'-- Up-to-date symlink: /home/giromi/Repos/VTOL/ws_sensor_combined_src/install/px4_msgs/local/lib/python3.10/dist-packages/px4_msgs/msg/_iridiumsbd_status_s.c\n'}
[7.289004] (px4_msgs) StdoutLine: {'line': b'-- Up-to-date symlink: /home/giromi/Repos/VTOL/ws_sensor_combined_src/install/px4_msgs/local/lib/python3.10/dist-packages/px4_msgs/msg/_irlock_report.py\n'}
[7.289166] (px4_msgs) StdoutLine: {'line': b'-- Up-to-date symlink: /home/giromi/Repos/VTOL/ws_sensor_combined_src/install/px4_msgs/local/lib/python3.10/dist-packages/px4_msgs/msg/_irlock_report_s.c\n'}
[7.289318] (px4_msgs) StdoutLine: {'line': b'-- Up-to-date symlink: /home/giromi/Repos/VTOL/ws_sensor_combined_src/install/px4_msgs/local/lib/python3.10/dist-packages/px4_msgs/msg/_landing_gear.py\n'}
[7.289454] (px4_msgs) StdoutLine: {'line': b'-- Up-to-date symlink: /home/giromi/Repos/VTOL/ws_sensor_combined_src/install/px4_msgs/local/lib/python3.10/dist-packages/px4_msgs/msg/_landing_gear_s.c\n'}
[7.289588] (px4_msgs) StdoutLine: {'line': b'-- Up-to-date symlink: /home/giromi/Repos/VTOL/ws_sensor_combined_src/install/px4_msgs/local/lib/python3.10/dist-packages/px4_msgs/msg/_landing_gear_wheel.py\n'}
[7.289745] (px4_msgs) StdoutLine: {'line': b'-- Up-to-date symlink: /home/giromi/Repos/VTOL/ws_sensor_combined_src/install/px4_msgs/local/lib/python3.10/dist-packages/px4_msgs/msg/_landing_gear_wheel_s.c\n'}
[7.289897] (px4_msgs) StdoutLine: {'line': b'-- Up-to-date symlink: /home/giromi/Repos/VTOL/ws_sensor_combined_src/install/px4_msgs/local/lib/python3.10/dist-packages/px4_msgs/msg/_landing_target_innovations.py\n'}
[7.290034] (px4_msgs) StdoutLine: {'line': b'-- Up-to-date symlink: /home/giromi/Repos/VTOL/ws_sensor_combined_src/install/px4_msgs/local/lib/python3.10/dist-packages/px4_msgs/msg/_landing_target_innovations_s.c\n'}
[7.290171] (px4_msgs) StdoutLine: {'line': b'-- Up-to-date symlink: /home/giromi/Repos/VTOL/ws_sensor_combined_src/install/px4_msgs/local/lib/python3.10/dist-packages/px4_msgs/msg/_landing_target_pose.py\n'}
[7.290308] (px4_msgs) StdoutLine: {'line': b'-- Up-to-date symlink: /home/giromi/Repos/VTOL/ws_sensor_combined_src/install/px4_msgs/local/lib/python3.10/dist-packages/px4_msgs/msg/_landing_target_pose_s.c\n'}
[7.290464] (px4_msgs) StdoutLine: {'line': b'-- Up-to-date symlink: /home/giromi/Repos/VTOL/ws_sensor_combined_src/install/px4_msgs/local/lib/python3.10/dist-packages/px4_msgs/msg/_launch_detection_status.py\n'}
[7.290617] (px4_msgs) StdoutLine: {'line': b'-- Up-to-date symlink: /home/giromi/Repos/VTOL/ws_sensor_combined_src/install/px4_msgs/local/lib/python3.10/dist-packages/px4_msgs/msg/_launch_detection_status_s.c\n'}
[7.290755] (px4_msgs) StdoutLine: {'line': b'-- Up-to-date symlink: /home/giromi/Repos/VTOL/ws_sensor_combined_src/install/px4_msgs/local/lib/python3.10/dist-packages/px4_msgs/msg/_led_control.py\n'}
[7.290893] (px4_msgs) StdoutLine: {'line': b'-- Up-to-date symlink: /home/giromi/Repos/VTOL/ws_sensor_combined_src/install/px4_msgs/local/lib/python3.10/dist-packages/px4_msgs/msg/_led_control_s.c\n'}
[7.291038] (px4_msgs) StdoutLine: {'line': b'-- Up-to-date symlink: /home/giromi/Repos/VTOL/ws_sensor_combined_src/install/px4_msgs/local/lib/python3.10/dist-packages/px4_msgs/msg/_log_message.py\n'}
[7.291204] (px4_msgs) StdoutLine: {'line': b'-- Up-to-date symlink: /home/giromi/Repos/VTOL/ws_sensor_combined_src/install/px4_msgs/local/lib/python3.10/dist-packages/px4_msgs/msg/_log_message_s.c\n'}
[7.291364] (px4_msgs) StdoutLine: {'line': b'-- Up-to-date symlink: /home/giromi/Repos/VTOL/ws_sensor_combined_src/install/px4_msgs/local/lib/python3.10/dist-packages/px4_msgs/msg/_logger_status.py\n'}
[7.291521] (px4_msgs) StdoutLine: {'line': b'-- Up-to-date symlink: /home/giromi/Repos/VTOL/ws_sensor_combined_src/install/px4_msgs/local/lib/python3.10/dist-packages/px4_msgs/msg/_logger_status_s.c\n'}
[7.291667] (px4_msgs) StdoutLine: {'line': b'-- Up-to-date symlink: /home/giromi/Repos/VTOL/ws_sensor_combined_src/install/px4_msgs/local/lib/python3.10/dist-packages/px4_msgs/msg/_mag_worker_data.py\n'}
[7.291851] (px4_msgs) StdoutLine: {'line': b'-- Up-to-date symlink: /home/giromi/Repos/VTOL/ws_sensor_combined_src/install/px4_msgs/local/lib/python3.10/dist-packages/px4_msgs/msg/_mag_worker_data_s.c\n'}
[7.292073] (px4_msgs) StdoutLine: {'line': b'-- Up-to-date symlink: /home/giromi/Repos/VTOL/ws_sensor_combined_src/install/px4_msgs/local/lib/python3.10/dist-packages/px4_msgs/msg/_magnetometer_bias_estimate.py\n'}
[7.292216] (px4_msgs) StdoutLine: {'line': b'-- Up-to-date symlink: /home/giromi/Repos/VTOL/ws_sensor_combined_src/install/px4_msgs/local/lib/python3.10/dist-packages/px4_msgs/msg/_magnetometer_bias_estimate_s.c\n'}
[7.292359] (px4_msgs) StdoutLine: {'line': b'-- Up-to-date symlink: /home/giromi/Repos/VTOL/ws_sensor_combined_src/install/px4_msgs/local/lib/python3.10/dist-packages/px4_msgs/msg/_manual_control_setpoint.py\n'}
[7.292518] (px4_msgs) StdoutLine: {'line': b'-- Up-to-date symlink: /home/giromi/Repos/VTOL/ws_sensor_combined_src/install/px4_msgs/local/lib/python3.10/dist-packages/px4_msgs/msg/_manual_control_setpoint_s.c\n'}
[7.292671] (px4_msgs) StdoutLine: {'line': b'-- Up-to-date symlink: /home/giromi/Repos/VTOL/ws_sensor_combined_src/install/px4_msgs/local/lib/python3.10/dist-packages/px4_msgs/msg/_manual_control_switches.py\n'}
[7.292805] (px4_msgs) StdoutLine: {'line': b'-- Up-to-date symlink: /home/giromi/Repos/VTOL/ws_sensor_combined_src/install/px4_msgs/local/lib/python3.10/dist-packages/px4_msgs/msg/_manual_control_switches_s.c\n'}
[7.292948] (px4_msgs) StdoutLine: {'line': b'-- Up-to-date symlink: /home/giromi/Repos/VTOL/ws_sensor_combined_src/install/px4_msgs/local/lib/python3.10/dist-packages/px4_msgs/msg/_mavlink_log.py\n'}
[7.293085] (px4_msgs) StdoutLine: {'line': b'-- Up-to-date symlink: /home/giromi/Repos/VTOL/ws_sensor_combined_src/install/px4_msgs/local/lib/python3.10/dist-packages/px4_msgs/msg/_mavlink_log_s.c\n'}
[7.293242] (px4_msgs) StdoutLine: {'line': b'-- Up-to-date symlink: /home/giromi/Repos/VTOL/ws_sensor_combined_src/install/px4_msgs/local/lib/python3.10/dist-packages/px4_msgs/msg/_mavlink_tunnel.py\n'}
[7.293397] (px4_msgs) StdoutLine: {'line': b'-- Up-to-date symlink: /home/giromi/Repos/VTOL/ws_sensor_combined_src/install/px4_msgs/local/lib/python3.10/dist-packages/px4_msgs/msg/_mavlink_tunnel_s.c\n'}
[7.293532] (px4_msgs) StdoutLine: {'line': b'-- Up-to-date symlink: /home/giromi/Repos/VTOL/ws_sensor_combined_src/install/px4_msgs/local/lib/python3.10/dist-packages/px4_msgs/msg/_message_format_request.py\n'}
[7.293672] (px4_msgs) StdoutLine: {'line': b'-- Up-to-date symlink: /home/giromi/Repos/VTOL/ws_sensor_combined_src/install/px4_msgs/local/lib/python3.10/dist-packages/px4_msgs/msg/_message_format_request_s.c\n'}
[7.293815] (px4_msgs) StdoutLine: {'line': b'-- Up-to-date symlink: /home/giromi/Repos/VTOL/ws_sensor_combined_src/install/px4_msgs/local/lib/python3.10/dist-packages/px4_msgs/msg/_message_format_response.py\n'}
[7.293953] (px4_msgs) StdoutLine: {'line': b'-- Up-to-date symlink: /home/giromi/Repos/VTOL/ws_sensor_combined_src/install/px4_msgs/local/lib/python3.10/dist-packages/px4_msgs/msg/_message_format_response_s.c\n'}
[7.294092] (px4_msgs) StdoutLine: {'line': b'-- Up-to-date symlink: /home/giromi/Repos/VTOL/ws_sensor_combined_src/install/px4_msgs/local/lib/python3.10/dist-packages/px4_msgs/msg/_mission.py\n'}
[7.294227] (px4_msgs) StdoutLine: {'line': b'-- Up-to-date symlink: /home/giromi/Repos/VTOL/ws_sensor_combined_src/install/px4_msgs/local/lib/python3.10/dist-packages/px4_msgs/msg/_mission_result.py\n'}
[7.294417] (px4_msgs) StdoutLine: {'line': b'-- Up-to-date symlink: /home/giromi/Repos/VTOL/ws_sensor_combined_src/install/px4_msgs/local/lib/python3.10/dist-packages/px4_msgs/msg/_mission_result_s.c\n'}
[7.294609] (px4_msgs) StdoutLine: {'line': b'-- Up-to-date symlink: /home/giromi/Repos/VTOL/ws_sensor_combined_src/install/px4_msgs/local/lib/python3.10/dist-packages/px4_msgs/msg/_mission_s.c\n'}
[7.294731] (px4_msgs) StdoutLine: {'line': b'-- Up-to-date symlink: /home/giromi/Repos/VTOL/ws_sensor_combined_src/install/px4_msgs/local/lib/python3.10/dist-packages/px4_msgs/msg/_mode_completed.py\n'}
[7.294866] (px4_msgs) StdoutLine: {'line': b'-- Up-to-date symlink: /home/giromi/Repos/VTOL/ws_sensor_combined_src/install/px4_msgs/local/lib/python3.10/dist-packages/px4_msgs/msg/_mode_completed_s.c\n'}
[7.295006] (px4_msgs) StdoutLine: {'line': b'-- Up-to-date symlink: /home/giromi/Repos/VTOL/ws_sensor_combined_src/install/px4_msgs/local/lib/python3.10/dist-packages/px4_msgs/msg/_mount_orientation.py\n'}
[7.295143] (px4_msgs) StdoutLine: {'line': b'-- Up-to-date symlink: /home/giromi/Repos/VTOL/ws_sensor_combined_src/install/px4_msgs/local/lib/python3.10/dist-packages/px4_msgs/msg/_mount_orientation_s.c\n'}
[7.295299] (px4_msgs) StdoutLine: {'line': b'-- Up-to-date symlink: /home/giromi/Repos/VTOL/ws_sensor_combined_src/install/px4_msgs/local/lib/python3.10/dist-packages/px4_msgs/msg/_navigator_mission_item.py\n'}
[7.295452] (px4_msgs) StdoutLine: {'line': b'-- Up-to-date symlink: /home/giromi/Repos/VTOL/ws_sensor_combined_src/install/px4_msgs/local/lib/python3.10/dist-packages/px4_msgs/msg/_navigator_mission_item_s.c\n'}
[7.295589] (px4_msgs) StdoutLine: {'line': b'-- Up-to-date symlink: /home/giromi/Repos/VTOL/ws_sensor_combined_src/install/px4_msgs/local/lib/python3.10/dist-packages/px4_msgs/msg/_normalized_unsigned_setpoint.py\n'}
[7.295723] (px4_msgs) StdoutLine: {'line': b'-- Up-to-date symlink: /home/giromi/Repos/VTOL/ws_sensor_combined_src/install/px4_msgs/local/lib/python3.10/dist-packages/px4_msgs/msg/_normalized_unsigned_setpoint_s.c\n'}
[7.295860] (px4_msgs) StdoutLine: {'line': b'-- Up-to-date symlink: /home/giromi/Repos/VTOL/ws_sensor_combined_src/install/px4_msgs/local/lib/python3.10/dist-packages/px4_msgs/msg/_npfg_status.py\n'}
[7.296068] (px4_msgs) StdoutLine: {'line': b'-- Up-to-date symlink: /home/giromi/Repos/VTOL/ws_sensor_combined_src/install/px4_msgs/local/lib/python3.10/dist-packages/px4_msgs/msg/_npfg_status_s.c\n'}
[7.296210] (px4_msgs) StdoutLine: {'line': b'-- Up-to-date symlink: /home/giromi/Repos/VTOL/ws_sensor_combined_src/install/px4_msgs/local/lib/python3.10/dist-packages/px4_msgs/msg/_obstacle_distance.py\n'}
[7.296344] (px4_msgs) StdoutLine: {'line': b'-- Up-to-date symlink: /home/giromi/Repos/VTOL/ws_sensor_combined_src/install/px4_msgs/local/lib/python3.10/dist-packages/px4_msgs/msg/_obstacle_distance_s.c\n'}
[7.296481] (px4_msgs) StdoutLine: {'line': b'-- Up-to-date symlink: /home/giromi/Repos/VTOL/ws_sensor_combined_src/install/px4_msgs/local/lib/python3.10/dist-packages/px4_msgs/msg/_offboard_control_mode.py\n'}
[7.296653] (px4_msgs) StdoutLine: {'line': b'-- Up-to-date symlink: /home/giromi/Repos/VTOL/ws_sensor_combined_src/install/px4_msgs/local/lib/python3.10/dist-packages/px4_msgs/msg/_offboard_control_mode_s.c\n'}
[7.296790] (px4_msgs) StdoutLine: {'line': b'-- Up-to-date symlink: /home/giromi/Repos/VTOL/ws_sensor_combined_src/install/px4_msgs/local/lib/python3.10/dist-packages/px4_msgs/msg/_onboard_computer_status.py\n'}
[7.296927] (px4_msgs) StdoutLine: {'line': b'-- Up-to-date symlink: /home/giromi/Repos/VTOL/ws_sensor_combined_src/install/px4_msgs/local/lib/python3.10/dist-packages/px4_msgs/msg/_onboard_computer_status_s.c\n'}
[7.297061] (px4_msgs) StdoutLine: {'line': b'-- Up-to-date symlink: /home/giromi/Repos/VTOL/ws_sensor_combined_src/install/px4_msgs/local/lib/python3.10/dist-packages/px4_msgs/msg/_orb_test.py\n'}
[7.297242] (px4_msgs) StdoutLine: {'line': b'-- Up-to-date symlink: /home/giromi/Repos/VTOL/ws_sensor_combined_src/install/px4_msgs/local/lib/python3.10/dist-packages/px4_msgs/msg/_orb_test_large.py\n'}
[7.297414] (px4_msgs) StdoutLine: {'line': b'-- Up-to-date symlink: /home/giromi/Repos/VTOL/ws_sensor_combined_src/install/px4_msgs/local/lib/python3.10/dist-packages/px4_msgs/msg/_orb_test_large_s.c\n'}
[7.297556] (px4_msgs) StdoutLine: {'line': b'-- Up-to-date symlink: /home/giromi/Repos/VTOL/ws_sensor_combined_src/install/px4_msgs/local/lib/python3.10/dist-packages/px4_msgs/msg/_orb_test_medium.py\n'}
[7.297734] (px4_msgs) StdoutLine: {'line': b'-- Up-to-date symlink: /home/giromi/Repos/VTOL/ws_sensor_combined_src/install/px4_msgs/local/lib/python3.10/dist-packages/px4_msgs/msg/_orb_test_medium_s.c\n'}
[7.297908] (px4_msgs) StdoutLine: {'line': b'-- Up-to-date symlink: /home/giromi/Repos/VTOL/ws_sensor_combined_src/install/px4_msgs/local/lib/python3.10/dist-packages/px4_msgs/msg/_orb_test_s.c\n'}
[7.298078] (px4_msgs) StdoutLine: {'line': b'-- Up-to-date symlink: /home/giromi/Repos/VTOL/ws_sensor_combined_src/install/px4_msgs/local/lib/python3.10/dist-packages/px4_msgs/msg/_orbit_status.py\n'}
[7.298248] (px4_msgs) StdoutLine: {'line': b'-- Up-to-date symlink: /home/giromi/Repos/VTOL/ws_sensor_combined_src/install/px4_msgs/local/lib/python3.10/dist-packages/px4_msgs/msg/_orbit_status_s.c\n'}
[7.298418] (px4_msgs) StdoutLine: {'line': b'-- Up-to-date symlink: /home/giromi/Repos/VTOL/ws_sensor_combined_src/install/px4_msgs/local/lib/python3.10/dist-packages/px4_msgs/msg/_parameter_update.py\n'}
[7.298581] (px4_msgs) StdoutLine: {'line': b'-- Up-to-date symlink: /home/giromi/Repos/VTOL/ws_sensor_combined_src/install/px4_msgs/local/lib/python3.10/dist-packages/px4_msgs/msg/_parameter_update_s.c\n'}
[7.298754] (px4_msgs) StdoutLine: {'line': b'-- Up-to-date symlink: /home/giromi/Repos/VTOL/ws_sensor_combined_src/install/px4_msgs/local/lib/python3.10/dist-packages/px4_msgs/msg/_ping.py\n'}
[7.298887] (px4_msgs) StdoutLine: {'line': b'-- Up-to-date symlink: /home/giromi/Repos/VTOL/ws_sensor_combined_src/install/px4_msgs/local/lib/python3.10/dist-packages/px4_msgs/msg/_ping_s.c\n'}
[7.299030] (px4_msgs) StdoutLine: {'line': b'-- Up-to-date symlink: /home/giromi/Repos/VTOL/ws_sensor_combined_src/install/px4_msgs/local/lib/python3.10/dist-packages/px4_msgs/msg/_position_controller_landing_status.py\n'}
[7.299174] (px4_msgs) StdoutLine: {'line': b'-- Up-to-date symlink: /home/giromi/Repos/VTOL/ws_sensor_combined_src/install/px4_msgs/local/lib/python3.10/dist-packages/px4_msgs/msg/_position_controller_landing_status_s.c\n'}
[7.299317] (px4_msgs) StdoutLine: {'line': b'-- Up-to-date symlink: /home/giromi/Repos/VTOL/ws_sensor_combined_src/install/px4_msgs/local/lib/python3.10/dist-packages/px4_msgs/msg/_position_controller_status.py\n'}
[7.299500] (px4_msgs) StdoutLine: {'line': b'-- Up-to-date symlink: /home/giromi/Repos/VTOL/ws_sensor_combined_src/install/px4_msgs/local/lib/python3.10/dist-packages/px4_msgs/msg/_position_controller_status_s.c\n'}
[7.299647] (px4_msgs) StdoutLine: {'line': b'-- Up-to-date symlink: /home/giromi/Repos/VTOL/ws_sensor_combined_src/install/px4_msgs/local/lib/python3.10/dist-packages/px4_msgs/msg/_position_setpoint.py\n'}
[7.299819] (px4_msgs) StdoutLine: {'line': b'-- Up-to-date symlink: /home/giromi/Repos/VTOL/ws_sensor_combined_src/install/px4_msgs/local/lib/python3.10/dist-packages/px4_msgs/msg/_position_setpoint_s.c\n'}
[7.299992] (px4_msgs) StdoutLine: {'line': b'-- Up-to-date symlink: /home/giromi/Repos/VTOL/ws_sensor_combined_src/install/px4_msgs/local/lib/python3.10/dist-packages/px4_msgs/msg/_position_setpoint_triplet.py\n'}
[7.300178] (px4_msgs) StdoutLine: {'line': b'-- Up-to-date symlink: /home/giromi/Repos/VTOL/ws_sensor_combined_src/install/px4_msgs/local/lib/python3.10/dist-packages/px4_msgs/msg/_position_setpoint_triplet_s.c\n'}
[7.300347] (px4_msgs) StdoutLine: {'line': b'-- Up-to-date symlink: /home/giromi/Repos/VTOL/ws_sensor_combined_src/install/px4_msgs/local/lib/python3.10/dist-packages/px4_msgs/msg/_power_button_state.py\n'}
[7.300501] (px4_msgs) StdoutLine: {'line': b'-- Up-to-date symlink: /home/giromi/Repos/VTOL/ws_sensor_combined_src/install/px4_msgs/local/lib/python3.10/dist-packages/px4_msgs/msg/_power_button_state_s.c\n'}
[7.300637] (px4_msgs) StdoutLine: {'line': b'-- Up-to-date symlink: /home/giromi/Repos/VTOL/ws_sensor_combined_src/install/px4_msgs/local/lib/python3.10/dist-packages/px4_msgs/msg/_power_monitor.py\n'}
[7.300818] (px4_msgs) StdoutLine: {'line': b'-- Up-to-date symlink: /home/giromi/Repos/VTOL/ws_sensor_combined_src/install/px4_msgs/local/lib/python3.10/dist-packages/px4_msgs/msg/_power_monitor_s.c\n'}
[7.300969] (px4_msgs) StdoutLine: {'line': b'-- Up-to-date symlink: /home/giromi/Repos/VTOL/ws_sensor_combined_src/install/px4_msgs/local/lib/python3.10/dist-packages/px4_msgs/msg/_pps_capture.py\n'}
[7.301122] (px4_msgs) StdoutLine: {'line': b'-- Up-to-date symlink: /home/giromi/Repos/VTOL/ws_sensor_combined_src/install/px4_msgs/local/lib/python3.10/dist-packages/px4_msgs/msg/_pps_capture_s.c\n'}
[7.301278] (px4_msgs) StdoutLine: {'line': b'-- Up-to-date symlink: /home/giromi/Repos/VTOL/ws_sensor_combined_src/install/px4_msgs/local/lib/python3.10/dist-packages/px4_msgs/msg/_pwm_input.py\n'}
[7.301473] (px4_msgs) StdoutLine: {'line': b'-- Up-to-date symlink: /home/giromi/Repos/VTOL/ws_sensor_combined_src/install/px4_msgs/local/lib/python3.10/dist-packages/px4_msgs/msg/_pwm_input_s.c\n'}
[7.301645] (px4_msgs) StdoutLine: {'line': b'-- Up-to-date symlink: /home/giromi/Repos/VTOL/ws_sensor_combined_src/install/px4_msgs/local/lib/python3.10/dist-packages/px4_msgs/msg/_px4io_status.py\n'}
[7.301806] (px4_msgs) StdoutLine: {'line': b'-- Up-to-date symlink: /home/giromi/Repos/VTOL/ws_sensor_combined_src/install/px4_msgs/local/lib/python3.10/dist-packages/px4_msgs/msg/_px4io_status_s.c\n'}
[7.301968] (px4_msgs) StdoutLine: {'line': b'-- Up-to-date symlink: /home/giromi/Repos/VTOL/ws_sensor_combined_src/install/px4_msgs/local/lib/python3.10/dist-packages/px4_msgs/msg/_qshell_req.py\n'}
[7.302135] (px4_msgs) StdoutLine: {'line': b'-- Up-to-date symlink: /home/giromi/Repos/VTOL/ws_sensor_combined_src/install/px4_msgs/local/lib/python3.10/dist-packages/px4_msgs/msg/_qshell_req_s.c\n'}
[7.302291] (px4_msgs) StdoutLine: {'line': b'-- Up-to-date symlink: /home/giromi/Repos/VTOL/ws_sensor_combined_src/install/px4_msgs/local/lib/python3.10/dist-packages/px4_msgs/msg/_qshell_retval.py\n'}
[7.302440] (px4_msgs) StdoutLine: {'line': b'-- Up-to-date symlink: /home/giromi/Repos/VTOL/ws_sensor_combined_src/install/px4_msgs/local/lib/python3.10/dist-packages/px4_msgs/msg/_qshell_retval_s.c\n'}
[7.302576] (px4_msgs) StdoutLine: {'line': b'-- Up-to-date symlink: /home/giromi/Repos/VTOL/ws_sensor_combined_src/install/px4_msgs/local/lib/python3.10/dist-packages/px4_msgs/msg/_radio_status.py\n'}
[7.302715] (px4_msgs) StdoutLine: {'line': b'-- Up-to-date symlink: /home/giromi/Repos/VTOL/ws_sensor_combined_src/install/px4_msgs/local/lib/python3.10/dist-packages/px4_msgs/msg/_radio_status_s.c\n'}
[7.302858] (px4_msgs) StdoutLine: {'line': b'-- Up-to-date symlink: /home/giromi/Repos/VTOL/ws_sensor_combined_src/install/px4_msgs/local/lib/python3.10/dist-packages/px4_msgs/msg/_rate_ctrl_status.py\n'}
[7.303011] (px4_msgs) StdoutLine: {'line': b'-- Up-to-date symlink: /home/giromi/Repos/VTOL/ws_sensor_combined_src/install/px4_msgs/local/lib/python3.10/dist-packages/px4_msgs/msg/_rate_ctrl_status_s.c\n'}
[7.303170] (px4_msgs) StdoutLine: {'line': b'-- Up-to-date symlink: /home/giromi/Repos/VTOL/ws_sensor_combined_src/install/px4_msgs/local/lib/python3.10/dist-packages/px4_msgs/msg/_rc_channels.py\n'}
[7.303311] (px4_msgs) StdoutLine: {'line': b'-- Up-to-date symlink: /home/giromi/Repos/VTOL/ws_sensor_combined_src/install/px4_msgs/local/lib/python3.10/dist-packages/px4_msgs/msg/_rc_channels_s.c\n'}
[7.303494] (px4_msgs) StdoutLine: {'line': b'-- Up-to-date symlink: /home/giromi/Repos/VTOL/ws_sensor_combined_src/install/px4_msgs/local/lib/python3.10/dist-packages/px4_msgs/msg/_rc_parameter_map.py\n'}
[7.303655] (px4_msgs) StdoutLine: {'line': b'-- Up-to-date symlink: /home/giromi/Repos/VTOL/ws_sensor_combined_src/install/px4_msgs/local/lib/python3.10/dist-packages/px4_msgs/msg/_rc_parameter_map_s.c\n'}
[7.303807] (px4_msgs) StdoutLine: {'line': b'-- Up-to-date symlink: /home/giromi/Repos/VTOL/ws_sensor_combined_src/install/px4_msgs/local/lib/python3.10/dist-packages/px4_msgs/msg/_register_ext_component_reply.py\n'}
[7.303951] (px4_msgs) StdoutLine: {'line': b'-- Up-to-date symlink: /home/giromi/Repos/VTOL/ws_sensor_combined_src/install/px4_msgs/local/lib/python3.10/dist-packages/px4_msgs/msg/_register_ext_component_reply_s.c\n'}
[7.304169] (px4_msgs) StdoutLine: {'line': b'-- Up-to-date symlink: /home/giromi/Repos/VTOL/ws_sensor_combined_src/install/px4_msgs/local/lib/python3.10/dist-packages/px4_msgs/msg/_register_ext_component_request.py\n'}
[7.304348] (px4_msgs) StdoutLine: {'line': b'-- Up-to-date symlink: /home/giromi/Repos/VTOL/ws_sensor_combined_src/install/px4_msgs/local/lib/python3.10/dist-packages/px4_msgs/msg/_register_ext_component_request_s.c\n'}
[7.304521] (px4_msgs) StdoutLine: {'line': b'-- Up-to-date symlink: /home/giromi/Repos/VTOL/ws_sensor_combined_src/install/px4_msgs/local/lib/python3.10/dist-packages/px4_msgs/msg/_rpm.py\n'}
[7.304669] (px4_msgs) StdoutLine: {'line': b'-- Up-to-date symlink: /home/giromi/Repos/VTOL/ws_sensor_combined_src/install/px4_msgs/local/lib/python3.10/dist-packages/px4_msgs/msg/_rpm_s.c\n'}
[7.304836] (px4_msgs) StdoutLine: {'line': b'-- Up-to-date symlink: /home/giromi/Repos/VTOL/ws_sensor_combined_src/install/px4_msgs/local/lib/python3.10/dist-packages/px4_msgs/msg/_rtl_time_estimate.py\n'}
[7.305001] (px4_msgs) StdoutLine: {'line': b'-- Up-to-date symlink: /home/giromi/Repos/VTOL/ws_sensor_combined_src/install/px4_msgs/local/lib/python3.10/dist-packages/px4_msgs/msg/_rtl_time_estimate_s.c\n'}
[7.305164] (px4_msgs) StdoutLine: {'line': b'-- Up-to-date symlink: /home/giromi/Repos/VTOL/ws_sensor_combined_src/install/px4_msgs/local/lib/python3.10/dist-packages/px4_msgs/msg/_satellite_info.py\n'}
[7.305329] (px4_msgs) StdoutLine: {'line': b'-- Up-to-date symlink: /home/giromi/Repos/VTOL/ws_sensor_combined_src/install/px4_msgs/local/lib/python3.10/dist-packages/px4_msgs/msg/_satellite_info_s.c\n'}
[7.305491] (px4_msgs) StdoutLine: {'line': b'-- Up-to-date symlink: /home/giromi/Repos/VTOL/ws_sensor_combined_src/install/px4_msgs/local/lib/python3.10/dist-packages/px4_msgs/msg/_sensor_accel.py\n'}
[7.305656] (px4_msgs) StdoutLine: {'line': b'-- Up-to-date symlink: /home/giromi/Repos/VTOL/ws_sensor_combined_src/install/px4_msgs/local/lib/python3.10/dist-packages/px4_msgs/msg/_sensor_accel_fifo.py\n'}
[7.305807] (px4_msgs) StdoutLine: {'line': b'-- Up-to-date symlink: /home/giromi/Repos/VTOL/ws_sensor_combined_src/install/px4_msgs/local/lib/python3.10/dist-packages/px4_msgs/msg/_sensor_accel_fifo_s.c\n'}
[7.305943] (px4_msgs) StdoutLine: {'line': b'-- Up-to-date symlink: /home/giromi/Repos/VTOL/ws_sensor_combined_src/install/px4_msgs/local/lib/python3.10/dist-packages/px4_msgs/msg/_sensor_accel_s.c\n'}
[7.306083] (px4_msgs) StdoutLine: {'line': b'-- Up-to-date symlink: /home/giromi/Repos/VTOL/ws_sensor_combined_src/install/px4_msgs/local/lib/python3.10/dist-packages/px4_msgs/msg/_sensor_airflow.py\n'}
[7.306223] (px4_msgs) StdoutLine: {'line': b'-- Up-to-date symlink: /home/giromi/Repos/VTOL/ws_sensor_combined_src/install/px4_msgs/local/lib/python3.10/dist-packages/px4_msgs/msg/_sensor_airflow_s.c\n'}
[7.306362] (px4_msgs) StdoutLine: {'line': b'-- Up-to-date symlink: /home/giromi/Repos/VTOL/ws_sensor_combined_src/install/px4_msgs/local/lib/python3.10/dist-packages/px4_msgs/msg/_sensor_baro.py\n'}
[7.306504] (px4_msgs) StdoutLine: {'line': b'-- Up-to-date symlink: /home/giromi/Repos/VTOL/ws_sensor_combined_src/install/px4_msgs/local/lib/python3.10/dist-packages/px4_msgs/msg/_sensor_baro_s.c\n'}
[7.306644] (px4_msgs) StdoutLine: {'line': b'-- Up-to-date symlink: /home/giromi/Repos/VTOL/ws_sensor_combined_src/install/px4_msgs/local/lib/python3.10/dist-packages/px4_msgs/msg/_sensor_combined.py\n'}
[7.306784] (px4_msgs) StdoutLine: {'line': b'-- Up-to-date symlink: /home/giromi/Repos/VTOL/ws_sensor_combined_src/install/px4_msgs/local/lib/python3.10/dist-packages/px4_msgs/msg/_sensor_combined_s.c\n'}
[7.306928] (px4_msgs) StdoutLine: {'line': b'-- Up-to-date symlink: /home/giromi/Repos/VTOL/ws_sensor_combined_src/install/px4_msgs/local/lib/python3.10/dist-packages/px4_msgs/msg/_sensor_correction.py\n'}
[7.307068] (px4_msgs) StdoutLine: {'line': b'-- Up-to-date symlink: /home/giromi/Repos/VTOL/ws_sensor_combined_src/install/px4_msgs/local/lib/python3.10/dist-packages/px4_msgs/msg/_sensor_correction_s.c\n'}
[7.307210] (px4_msgs) StdoutLine: {'line': b'-- Up-to-date symlink: /home/giromi/Repos/VTOL/ws_sensor_combined_src/install/px4_msgs/local/lib/python3.10/dist-packages/px4_msgs/msg/_sensor_gnss_relative.py\n'}
[7.307363] (px4_msgs) StdoutLine: {'line': b'-- Up-to-date symlink: /home/giromi/Repos/VTOL/ws_sensor_combined_src/install/px4_msgs/local/lib/python3.10/dist-packages/px4_msgs/msg/_sensor_gnss_relative_s.c\n'}
[7.307531] (px4_msgs) StdoutLine: {'line': b'-- Up-to-date symlink: /home/giromi/Repos/VTOL/ws_sensor_combined_src/install/px4_msgs/local/lib/python3.10/dist-packages/px4_msgs/msg/_sensor_gps.py\n'}
[7.307662] (px4_msgs) StdoutLine: {'line': b'-- Up-to-date symlink: /home/giromi/Repos/VTOL/ws_sensor_combined_src/install/px4_msgs/local/lib/python3.10/dist-packages/px4_msgs/msg/_sensor_gps_s.c\n'}
[7.307795] (px4_msgs) StdoutLine: {'line': b'-- Up-to-date symlink: /home/giromi/Repos/VTOL/ws_sensor_combined_src/install/px4_msgs/local/lib/python3.10/dist-packages/px4_msgs/msg/_sensor_gyro.py\n'}
[7.307930] (px4_msgs) StdoutLine: {'line': b'-- Up-to-date symlink: /home/giromi/Repos/VTOL/ws_sensor_combined_src/install/px4_msgs/local/lib/python3.10/dist-packages/px4_msgs/msg/_sensor_gyro_fft.py\n'}
[7.308175] (px4_msgs) StdoutLine: {'line': b'-- Up-to-date symlink: /home/giromi/Repos/VTOL/ws_sensor_combined_src/install/px4_msgs/local/lib/python3.10/dist-packages/px4_msgs/msg/_sensor_gyro_fft_s.c\n'}
[7.308317] (px4_msgs) StdoutLine: {'line': b'-- Up-to-date symlink: /home/giromi/Repos/VTOL/ws_sensor_combined_src/install/px4_msgs/local/lib/python3.10/dist-packages/px4_msgs/msg/_sensor_gyro_fifo.py\n'}
[7.308447] (px4_msgs) StdoutLine: {'line': b'-- Up-to-date symlink: /home/giromi/Repos/VTOL/ws_sensor_combined_src/install/px4_msgs/local/lib/python3.10/dist-packages/px4_msgs/msg/_sensor_gyro_fifo_s.c\n'}
[7.308586] (px4_msgs) StdoutLine: {'line': b'-- Up-to-date symlink: /home/giromi/Repos/VTOL/ws_sensor_combined_src/install/px4_msgs/local/lib/python3.10/dist-packages/px4_msgs/msg/_sensor_gyro_s.c\n'}
[7.308734] (px4_msgs) StdoutLine: {'line': b'-- Up-to-date symlink: /home/giromi/Repos/VTOL/ws_sensor_combined_src/install/px4_msgs/local/lib/python3.10/dist-packages/px4_msgs/msg/_sensor_hygrometer.py\n'}
[7.308896] (px4_msgs) StdoutLine: {'line': b'-- Up-to-date symlink: /home/giromi/Repos/VTOL/ws_sensor_combined_src/install/px4_msgs/local/lib/python3.10/dist-packages/px4_msgs/msg/_sensor_hygrometer_s.c\n'}
[7.309063] (px4_msgs) StdoutLine: {'line': b'-- Up-to-date symlink: /home/giromi/Repos/VTOL/ws_sensor_combined_src/install/px4_msgs/local/lib/python3.10/dist-packages/px4_msgs/msg/_sensor_mag.py\n'}
[7.309206] (px4_msgs) StdoutLine: {'line': b'-- Up-to-date symlink: /home/giromi/Repos/VTOL/ws_sensor_combined_src/install/px4_msgs/local/lib/python3.10/dist-packages/px4_msgs/msg/_sensor_mag_s.c\n'}
[7.309317] (px4_msgs) StdoutLine: {'line': b'-- Up-to-date symlink: /home/giromi/Repos/VTOL/ws_sensor_combined_src/install/px4_msgs/local/lib/python3.10/dist-packages/px4_msgs/msg/_sensor_optical_flow.py\n'}
[7.309479] (px4_msgs) StdoutLine: {'line': b'-- Up-to-date symlink: /home/giromi/Repos/VTOL/ws_sensor_combined_src/install/px4_msgs/local/lib/python3.10/dist-packages/px4_msgs/msg/_sensor_optical_flow_s.c\n'}
[7.309624] (px4_msgs) StdoutLine: {'line': b'-- Up-to-date symlink: /home/giromi/Repos/VTOL/ws_sensor_combined_src/install/px4_msgs/local/lib/python3.10/dist-packages/px4_msgs/msg/_sensor_preflight_mag.py\n'}
[7.309758] (px4_msgs) StdoutLine: {'line': b'-- Up-to-date symlink: /home/giromi/Repos/VTOL/ws_sensor_combined_src/install/px4_msgs/local/lib/python3.10/dist-packages/px4_msgs/msg/_sensor_preflight_mag_s.c\n'}
[7.309891] (px4_msgs) StdoutLine: {'line': b'-- Up-to-date symlink: /home/giromi/Repos/VTOL/ws_sensor_combined_src/install/px4_msgs/local/lib/python3.10/dist-packages/px4_msgs/msg/_sensor_selection.py\n'}
[7.310031] (px4_msgs) StdoutLine: {'line': b'-- Up-to-date symlink: /home/giromi/Repos/VTOL/ws_sensor_combined_src/install/px4_msgs/local/lib/python3.10/dist-packages/px4_msgs/msg/_sensor_selection_s.c\n'}
[7.310167] (px4_msgs) StdoutLine: {'line': b'-- Up-to-date symlink: /home/giromi/Repos/VTOL/ws_sensor_combined_src/install/px4_msgs/local/lib/python3.10/dist-packages/px4_msgs/msg/_sensor_uwb.py\n'}
[7.310312] (px4_msgs) StdoutLine: {'line': b'-- Up-to-date symlink: /home/giromi/Repos/VTOL/ws_sensor_combined_src/install/px4_msgs/local/lib/python3.10/dist-packages/px4_msgs/msg/_sensor_uwb_s.c\n'}
[7.310424] (px4_msgs) StdoutLine: {'line': b'-- Up-to-date symlink: /home/giromi/Repos/VTOL/ws_sensor_combined_src/install/px4_msgs/local/lib/python3.10/dist-packages/px4_msgs/msg/_sensors_status.py\n'}
[7.310560] (px4_msgs) StdoutLine: {'line': b'-- Up-to-date symlink: /home/giromi/Repos/VTOL/ws_sensor_combined_src/install/px4_msgs/local/lib/python3.10/dist-packages/px4_msgs/msg/_sensors_status_imu.py\n'}
[7.310697] (px4_msgs) StdoutLine: {'line': b'-- Up-to-date symlink: /home/giromi/Repos/VTOL/ws_sensor_combined_src/install/px4_msgs/local/lib/python3.10/dist-packages/px4_msgs/msg/_sensors_status_imu_s.c\n'}
[7.310835] (px4_msgs) StdoutLine: {'line': b'-- Up-to-date symlink: /home/giromi/Repos/VTOL/ws_sensor_combined_src/install/px4_msgs/local/lib/python3.10/dist-packages/px4_msgs/msg/_sensors_status_s.c\n'}
[7.310996] (px4_msgs) StdoutLine: {'line': b'-- Up-to-date symlink: /home/giromi/Repos/VTOL/ws_sensor_combined_src/install/px4_msgs/local/lib/python3.10/dist-packages/px4_msgs/msg/_system_power.py\n'}
[7.311131] (px4_msgs) StdoutLine: {'line': b'-- Up-to-date symlink: /home/giromi/Repos/VTOL/ws_sensor_combined_src/install/px4_msgs/local/lib/python3.10/dist-packages/px4_msgs/msg/_system_power_s.c\n'}
[7.311270] (px4_msgs) StdoutLine: {'line': b'-- Up-to-date symlink: /home/giromi/Repos/VTOL/ws_sensor_combined_src/install/px4_msgs/local/lib/python3.10/dist-packages/px4_msgs/msg/_takeoff_status.py\n'}
[7.311403] (px4_msgs) StdoutLine: {'line': b'-- Up-to-date symlink: /home/giromi/Repos/VTOL/ws_sensor_combined_src/install/px4_msgs/local/lib/python3.10/dist-packages/px4_msgs/msg/_takeoff_status_s.c\n'}
[7.311536] (px4_msgs) StdoutLine: {'line': b'-- Up-to-date symlink: /home/giromi/Repos/VTOL/ws_sensor_combined_src/install/px4_msgs/local/lib/python3.10/dist-packages/px4_msgs/msg/_task_stack_info.py\n'}
[7.311681] (px4_msgs) StdoutLine: {'line': b'-- Up-to-date symlink: /home/giromi/Repos/VTOL/ws_sensor_combined_src/install/px4_msgs/local/lib/python3.10/dist-packages/px4_msgs/msg/_task_stack_info_s.c\n'}
[7.311820] (px4_msgs) StdoutLine: {'line': b'-- Up-to-date symlink: /home/giromi/Repos/VTOL/ws_sensor_combined_src/install/px4_msgs/local/lib/python3.10/dist-packages/px4_msgs/msg/_tecs_status.py\n'}
[7.311962] (px4_msgs) StdoutLine: {'line': b'-- Up-to-date symlink: /home/giromi/Repos/VTOL/ws_sensor_combined_src/install/px4_msgs/local/lib/python3.10/dist-packages/px4_msgs/msg/_tecs_status_s.c\n'}
[7.312100] (px4_msgs) StdoutLine: {'line': b'-- Up-to-date symlink: /home/giromi/Repos/VTOL/ws_sensor_combined_src/install/px4_msgs/local/lib/python3.10/dist-packages/px4_msgs/msg/_telemetry_status.py\n'}
[7.312246] (px4_msgs) StdoutLine: {'line': b'-- Up-to-date symlink: /home/giromi/Repos/VTOL/ws_sensor_combined_src/install/px4_msgs/local/lib/python3.10/dist-packages/px4_msgs/msg/_telemetry_status_s.c\n'}
[7.312382] (px4_msgs) StdoutLine: {'line': b'-- Up-to-date symlink: /home/giromi/Repos/VTOL/ws_sensor_combined_src/install/px4_msgs/local/lib/python3.10/dist-packages/px4_msgs/msg/_tiltrotor_extra_controls.py\n'}
[7.312524] (px4_msgs) StdoutLine: {'line': b'-- Up-to-date symlink: /home/giromi/Repos/VTOL/ws_sensor_combined_src/install/px4_msgs/local/lib/python3.10/dist-packages/px4_msgs/msg/_tiltrotor_extra_controls_s.c\n'}
[7.312659] (px4_msgs) StdoutLine: {'line': b'-- Up-to-date symlink: /home/giromi/Repos/VTOL/ws_sensor_combined_src/install/px4_msgs/local/lib/python3.10/dist-packages/px4_msgs/msg/_timesync_status.py\n'}
[7.312802] (px4_msgs) StdoutLine: {'line': b'-- Up-to-date symlink: /home/giromi/Repos/VTOL/ws_sensor_combined_src/install/px4_msgs/local/lib/python3.10/dist-packages/px4_msgs/msg/_timesync_status_s.c\n'}
[7.312939] (px4_msgs) StdoutLine: {'line': b'-- Up-to-date symlink: /home/giromi/Repos/VTOL/ws_sensor_combined_src/install/px4_msgs/local/lib/python3.10/dist-packages/px4_msgs/msg/_trajectory_bezier.py\n'}
[7.313074] (px4_msgs) StdoutLine: {'line': b'-- Up-to-date symlink: /home/giromi/Repos/VTOL/ws_sensor_combined_src/install/px4_msgs/local/lib/python3.10/dist-packages/px4_msgs/msg/_trajectory_bezier_s.c\n'}
[7.313209] (px4_msgs) StdoutLine: {'line': b'-- Up-to-date symlink: /home/giromi/Repos/VTOL/ws_sensor_combined_src/install/px4_msgs/local/lib/python3.10/dist-packages/px4_msgs/msg/_trajectory_setpoint.py\n'}
[7.313344] (px4_msgs) StdoutLine: {'line': b'-- Up-to-date symlink: /home/giromi/Repos/VTOL/ws_sensor_combined_src/install/px4_msgs/local/lib/python3.10/dist-packages/px4_msgs/msg/_trajectory_setpoint_s.c\n'}
[7.313480] (px4_msgs) StdoutLine: {'line': b'-- Up-to-date symlink: /home/giromi/Repos/VTOL/ws_sensor_combined_src/install/px4_msgs/local/lib/python3.10/dist-packages/px4_msgs/msg/_trajectory_waypoint.py\n'}
[7.313614] (px4_msgs) StdoutLine: {'line': b'-- Up-to-date symlink: /home/giromi/Repos/VTOL/ws_sensor_combined_src/install/px4_msgs/local/lib/python3.10/dist-packages/px4_msgs/msg/_trajectory_waypoint_s.c\n'}
[7.313758] (px4_msgs) StdoutLine: {'line': b'-- Up-to-date symlink: /home/giromi/Repos/VTOL/ws_sensor_combined_src/install/px4_msgs/local/lib/python3.10/dist-packages/px4_msgs/msg/_transponder_report.py\n'}
[7.313889] (px4_msgs) StdoutLine: {'line': b'-- Up-to-date symlink: /home/giromi/Repos/VTOL/ws_sensor_combined_src/install/px4_msgs/local/lib/python3.10/dist-packages/px4_msgs/msg/_transponder_report_s.c\n'}
[7.314027] (px4_msgs) StdoutLine: {'line': b'-- Up-to-date symlink: /home/giromi/Repos/VTOL/ws_sensor_combined_src/install/px4_msgs/local/lib/python3.10/dist-packages/px4_msgs/msg/_tune_control.py\n'}
[7.314166] (px4_msgs) StdoutLine: {'line': b'-- Up-to-date symlink: /home/giromi/Repos/VTOL/ws_sensor_combined_src/install/px4_msgs/local/lib/python3.10/dist-packages/px4_msgs/msg/_tune_control_s.c\n'}
[7.314307] (px4_msgs) StdoutLine: {'line': b'-- Up-to-date symlink: /home/giromi/Repos/VTOL/ws_sensor_combined_src/install/px4_msgs/local/lib/python3.10/dist-packages/px4_msgs/msg/_uavcan_parameter_request.py\n'}
[7.314452] (px4_msgs) StdoutLine: {'line': b'-- Up-to-date symlink: /home/giromi/Repos/VTOL/ws_sensor_combined_src/install/px4_msgs/local/lib/python3.10/dist-packages/px4_msgs/msg/_uavcan_parameter_request_s.c\n'}
[7.314591] (px4_msgs) StdoutLine: {'line': b'-- Up-to-date symlink: /home/giromi/Repos/VTOL/ws_sensor_combined_src/install/px4_msgs/local/lib/python3.10/dist-packages/px4_msgs/msg/_uavcan_parameter_value.py\n'}
[7.314729] (px4_msgs) StdoutLine: {'line': b'-- Up-to-date symlink: /home/giromi/Repos/VTOL/ws_sensor_combined_src/install/px4_msgs/local/lib/python3.10/dist-packages/px4_msgs/msg/_uavcan_parameter_value_s.c\n'}
[7.314892] (px4_msgs) StdoutLine: {'line': b'-- Up-to-date symlink: /home/giromi/Repos/VTOL/ws_sensor_combined_src/install/px4_msgs/local/lib/python3.10/dist-packages/px4_msgs/msg/_ulog_stream.py\n'}
[7.315030] (px4_msgs) StdoutLine: {'line': b'-- Up-to-date symlink: /home/giromi/Repos/VTOL/ws_sensor_combined_src/install/px4_msgs/local/lib/python3.10/dist-packages/px4_msgs/msg/_ulog_stream_ack.py\n'}
[7.315164] (px4_msgs) StdoutLine: {'line': b'-- Up-to-date symlink: /home/giromi/Repos/VTOL/ws_sensor_combined_src/install/px4_msgs/local/lib/python3.10/dist-packages/px4_msgs/msg/_ulog_stream_ack_s.c\n'}
[7.315304] (px4_msgs) StdoutLine: {'line': b'-- Up-to-date symlink: /home/giromi/Repos/VTOL/ws_sensor_combined_src/install/px4_msgs/local/lib/python3.10/dist-packages/px4_msgs/msg/_ulog_stream_s.c\n'}
[7.315443] (px4_msgs) StdoutLine: {'line': b'-- Up-to-date symlink: /home/giromi/Repos/VTOL/ws_sensor_combined_src/install/px4_msgs/local/lib/python3.10/dist-packages/px4_msgs/msg/_unregister_ext_component.py\n'}
[7.315575] (px4_msgs) StdoutLine: {'line': b'-- Up-to-date symlink: /home/giromi/Repos/VTOL/ws_sensor_combined_src/install/px4_msgs/local/lib/python3.10/dist-packages/px4_msgs/msg/_unregister_ext_component_s.c\n'}
[7.315707] (px4_msgs) StdoutLine: {'line': b'-- Up-to-date symlink: /home/giromi/Repos/VTOL/ws_sensor_combined_src/install/px4_msgs/local/lib/python3.10/dist-packages/px4_msgs/msg/_vehicle_acceleration.py\n'}
[7.315847] (px4_msgs) StdoutLine: {'line': b'-- Up-to-date symlink: /home/giromi/Repos/VTOL/ws_sensor_combined_src/install/px4_msgs/local/lib/python3.10/dist-packages/px4_msgs/msg/_vehicle_acceleration_s.c\n'}
[7.315981] (px4_msgs) StdoutLine: {'line': b'-- Up-to-date symlink: /home/giromi/Repos/VTOL/ws_sensor_combined_src/install/px4_msgs/local/lib/python3.10/dist-packages/px4_msgs/msg/_vehicle_air_data.py\n'}
[7.316156] (px4_msgs) StdoutLine: {'line': b'-- Up-to-date symlink: /home/giromi/Repos/VTOL/ws_sensor_combined_src/install/px4_msgs/local/lib/python3.10/dist-packages/px4_msgs/msg/_vehicle_air_data_s.c\n'}
[7.316296] (px4_msgs) StdoutLine: {'line': b'-- Up-to-date symlink: /home/giromi/Repos/VTOL/ws_sensor_combined_src/install/px4_msgs/local/lib/python3.10/dist-packages/px4_msgs/msg/_vehicle_angular_acceleration_setpoint.py\n'}
[7.316436] (px4_msgs) StdoutLine: {'line': b'-- Up-to-date symlink: /home/giromi/Repos/VTOL/ws_sensor_combined_src/install/px4_msgs/local/lib/python3.10/dist-packages/px4_msgs/msg/_vehicle_angular_acceleration_setpoint_s.c\n'}
[7.316598] (px4_msgs) StdoutLine: {'line': b'-- Up-to-date symlink: /home/giromi/Repos/VTOL/ws_sensor_combined_src/install/px4_msgs/local/lib/python3.10/dist-packages/px4_msgs/msg/_vehicle_angular_velocity.py\n'}
[7.316756] (px4_msgs) StdoutLine: {'line': b'-- Up-to-date symlink: /home/giromi/Repos/VTOL/ws_sensor_combined_src/install/px4_msgs/local/lib/python3.10/dist-packages/px4_msgs/msg/_vehicle_angular_velocity_s.c\n'}
[7.316896] (px4_msgs) StdoutLine: {'line': b'-- Up-to-date symlink: /home/giromi/Repos/VTOL/ws_sensor_combined_src/install/px4_msgs/local/lib/python3.10/dist-packages/px4_msgs/msg/_vehicle_attitude.py\n'}
[7.317030] (px4_msgs) StdoutLine: {'line': b'-- Up-to-date symlink: /home/giromi/Repos/VTOL/ws_sensor_combined_src/install/px4_msgs/local/lib/python3.10/dist-packages/px4_msgs/msg/_vehicle_attitude_s.c\n'}
[7.317168] (px4_msgs) StdoutLine: {'line': b'-- Up-to-date symlink: /home/giromi/Repos/VTOL/ws_sensor_combined_src/install/px4_msgs/local/lib/python3.10/dist-packages/px4_msgs/msg/_vehicle_attitude_setpoint.py\n'}
[7.317306] (px4_msgs) StdoutLine: {'line': b'-- Up-to-date symlink: /home/giromi/Repos/VTOL/ws_sensor_combined_src/install/px4_msgs/local/lib/python3.10/dist-packages/px4_msgs/msg/_vehicle_attitude_setpoint_s.c\n'}
[7.317470] (px4_msgs) StdoutLine: {'line': b'-- Up-to-date symlink: /home/giromi/Repos/VTOL/ws_sensor_combined_src/install/px4_msgs/local/lib/python3.10/dist-packages/px4_msgs/msg/_vehicle_command.py\n'}
[7.317602] (px4_msgs) StdoutLine: {'line': b'-- Up-to-date symlink: /home/giromi/Repos/VTOL/ws_sensor_combined_src/install/px4_msgs/local/lib/python3.10/dist-packages/px4_msgs/msg/_vehicle_command_ack.py\n'}
[7.317722] (px4_msgs) StdoutLine: {'line': b'-- Up-to-date symlink: /home/giromi/Repos/VTOL/ws_sensor_combined_src/install/px4_msgs/local/lib/python3.10/dist-packages/px4_msgs/msg/_vehicle_command_ack_s.c\n'}
[7.317886] (px4_msgs) StdoutLine: {'line': b'-- Up-to-date symlink: /home/giromi/Repos/VTOL/ws_sensor_combined_src/install/px4_msgs/local/lib/python3.10/dist-packages/px4_msgs/msg/_vehicle_command_s.c\n'}
[7.317997] (px4_msgs) StdoutLine: {'line': b'-- Up-to-date symlink: /home/giromi/Repos/VTOL/ws_sensor_combined_src/install/px4_msgs/local/lib/python3.10/dist-packages/px4_msgs/msg/_vehicle_constraints.py\n'}
[7.318133] (px4_msgs) StdoutLine: {'line': b'-- Up-to-date symlink: /home/giromi/Repos/VTOL/ws_sensor_combined_src/install/px4_msgs/local/lib/python3.10/dist-packages/px4_msgs/msg/_vehicle_constraints_s.c\n'}
[7.318294] (px4_msgs) StdoutLine: {'line': b'-- Up-to-date symlink: /home/giromi/Repos/VTOL/ws_sensor_combined_src/install/px4_msgs/local/lib/python3.10/dist-packages/px4_msgs/msg/_vehicle_control_mode.py\n'}
[7.318406] (px4_msgs) StdoutLine: {'line': b'-- Up-to-date symlink: /home/giromi/Repos/VTOL/ws_sensor_combined_src/install/px4_msgs/local/lib/python3.10/dist-packages/px4_msgs/msg/_vehicle_control_mode_s.c\n'}
[7.318548] (px4_msgs) StdoutLine: {'line': b'-- Up-to-date symlink: /home/giromi/Repos/VTOL/ws_sensor_combined_src/install/px4_msgs/local/lib/python3.10/dist-packages/px4_msgs/msg/_vehicle_global_position.py\n'}
[7.318706] (px4_msgs) StdoutLine: {'line': b'-- Up-to-date symlink: /home/giromi/Repos/VTOL/ws_sensor_combined_src/install/px4_msgs/local/lib/python3.10/dist-packages/px4_msgs/msg/_vehicle_global_position_s.c\n'}
[7.318839] (px4_msgs) StdoutLine: {'line': b'-- Up-to-date symlink: /home/giromi/Repos/VTOL/ws_sensor_combined_src/install/px4_msgs/local/lib/python3.10/dist-packages/px4_msgs/msg/_vehicle_imu.py\n'}
[7.318969] (px4_msgs) StdoutLine: {'line': b'-- Up-to-date symlink: /home/giromi/Repos/VTOL/ws_sensor_combined_src/install/px4_msgs/local/lib/python3.10/dist-packages/px4_msgs/msg/_vehicle_imu_s.c\n'}
[7.319108] (px4_msgs) StdoutLine: {'line': b'-- Up-to-date symlink: /home/giromi/Repos/VTOL/ws_sensor_combined_src/install/px4_msgs/local/lib/python3.10/dist-packages/px4_msgs/msg/_vehicle_imu_status.py\n'}
[7.319246] (px4_msgs) StdoutLine: {'line': b'-- Up-to-date symlink: /home/giromi/Repos/VTOL/ws_sensor_combined_src/install/px4_msgs/local/lib/python3.10/dist-packages/px4_msgs/msg/_vehicle_imu_status_s.c\n'}
[7.319396] (px4_msgs) StdoutLine: {'line': b'-- Up-to-date symlink: /home/giromi/Repos/VTOL/ws_sensor_combined_src/install/px4_msgs/local/lib/python3.10/dist-packages/px4_msgs/msg/_vehicle_land_detected.py\n'}
[7.319550] (px4_msgs) StdoutLine: {'line': b'-- Up-to-date symlink: /home/giromi/Repos/VTOL/ws_sensor_combined_src/install/px4_msgs/local/lib/python3.10/dist-packages/px4_msgs/msg/_vehicle_land_detected_s.c\n'}
[7.319682] (px4_msgs) StdoutLine: {'line': b'-- Up-to-date symlink: /home/giromi/Repos/VTOL/ws_sensor_combined_src/install/px4_msgs/local/lib/python3.10/dist-packages/px4_msgs/msg/_vehicle_local_position.py\n'}
[7.319816] (px4_msgs) StdoutLine: {'line': b'-- Up-to-date symlink: /home/giromi/Repos/VTOL/ws_sensor_combined_src/install/px4_msgs/local/lib/python3.10/dist-packages/px4_msgs/msg/_vehicle_local_position_s.c\n'}
[7.319965] (px4_msgs) StdoutLine: {'line': b'-- Up-to-date symlink: /home/giromi/Repos/VTOL/ws_sensor_combined_src/install/px4_msgs/local/lib/python3.10/dist-packages/px4_msgs/msg/_vehicle_local_position_setpoint.py\n'}
[7.320082] (-) TimerEvent: {}
[7.320319] (px4_msgs) StdoutLine: {'line': b'-- Up-to-date symlink: /home/giromi/Repos/VTOL/ws_sensor_combined_src/install/px4_msgs/local/lib/python3.10/dist-packages/px4_msgs/msg/_vehicle_local_position_setpoint_s.c\n'}
[7.320563] (px4_msgs) StdoutLine: {'line': b'-- Up-to-date symlink: /home/giromi/Repos/VTOL/ws_sensor_combined_src/install/px4_msgs/local/lib/python3.10/dist-packages/px4_msgs/msg/_vehicle_magnetometer.py\n'}
[7.320679] (px4_msgs) StdoutLine: {'line': b'-- Up-to-date symlink: /home/giromi/Repos/VTOL/ws_sensor_combined_src/install/px4_msgs/local/lib/python3.10/dist-packages/px4_msgs/msg/_vehicle_magnetometer_s.c\n'}
[7.320809] (px4_msgs) StdoutLine: {'line': b'-- Up-to-date symlink: /home/giromi/Repos/VTOL/ws_sensor_combined_src/install/px4_msgs/local/lib/python3.10/dist-packages/px4_msgs/msg/_vehicle_odometry.py\n'}
[7.320986] (px4_msgs) StdoutLine: {'line': b'-- Up-to-date symlink: /home/giromi/Repos/VTOL/ws_sensor_combined_src/install/px4_msgs/local/lib/python3.10/dist-packages/px4_msgs/msg/_vehicle_odometry_s.c\n'}
[7.321130] (px4_msgs) StdoutLine: {'line': b'-- Up-to-date symlink: /home/giromi/Repos/VTOL/ws_sensor_combined_src/install/px4_msgs/local/lib/python3.10/dist-packages/px4_msgs/msg/_vehicle_optical_flow.py\n'}
[7.321294] (px4_msgs) StdoutLine: {'line': b'-- Up-to-date symlink: /home/giromi/Repos/VTOL/ws_sensor_combined_src/install/px4_msgs/local/lib/python3.10/dist-packages/px4_msgs/msg/_vehicle_optical_flow_s.c\n'}
[7.321459] (px4_msgs) StdoutLine: {'line': b'-- Up-to-date symlink: /home/giromi/Repos/VTOL/ws_sensor_combined_src/install/px4_msgs/local/lib/python3.10/dist-packages/px4_msgs/msg/_vehicle_optical_flow_vel.py\n'}
[7.321682] (px4_msgs) StdoutLine: {'line': b'-- Up-to-date symlink: /home/giromi/Repos/VTOL/ws_sensor_combined_src/install/px4_msgs/local/lib/python3.10/dist-packages/px4_msgs/msg/_vehicle_optical_flow_vel_s.c\n'}
[7.321874] (px4_msgs) StdoutLine: {'line': b'-- Up-to-date symlink: /home/giromi/Repos/VTOL/ws_sensor_combined_src/install/px4_msgs/local/lib/python3.10/dist-packages/px4_msgs/msg/_vehicle_rates_setpoint.py\n'}
[7.322054] (px4_msgs) StdoutLine: {'line': b'-- Up-to-date symlink: /home/giromi/Repos/VTOL/ws_sensor_combined_src/install/px4_msgs/local/lib/python3.10/dist-packages/px4_msgs/msg/_vehicle_rates_setpoint_s.c\n'}
[7.322237] (px4_msgs) StdoutLine: {'line': b'-- Up-to-date symlink: /home/giromi/Repos/VTOL/ws_sensor_combined_src/install/px4_msgs/local/lib/python3.10/dist-packages/px4_msgs/msg/_vehicle_roi.py\n'}
[7.322355] (px4_msgs) StdoutLine: {'line': b'-- Up-to-date symlink: /home/giromi/Repos/VTOL/ws_sensor_combined_src/install/px4_msgs/local/lib/python3.10/dist-packages/px4_msgs/msg/_vehicle_roi_s.c\n'}
[7.322572] (px4_msgs) StdoutLine: {'line': b'-- Up-to-date symlink: /home/giromi/Repos/VTOL/ws_sensor_combined_src/install/px4_msgs/local/lib/python3.10/dist-packages/px4_msgs/msg/_vehicle_status.py\n'}
[7.322707] (px4_msgs) StdoutLine: {'line': b'-- Up-to-date symlink: /home/giromi/Repos/VTOL/ws_sensor_combined_src/install/px4_msgs/local/lib/python3.10/dist-packages/px4_msgs/msg/_vehicle_status_s.c\n'}
[7.322861] (px4_msgs) StdoutLine: {'line': b'-- Up-to-date symlink: /home/giromi/Repos/VTOL/ws_sensor_combined_src/install/px4_msgs/local/lib/python3.10/dist-packages/px4_msgs/msg/_vehicle_thrust_setpoint.py\n'}
[7.323100] (px4_msgs) StdoutLine: {'line': b'-- Up-to-date symlink: /home/giromi/Repos/VTOL/ws_sensor_combined_src/install/px4_msgs/local/lib/python3.10/dist-packages/px4_msgs/msg/_vehicle_thrust_setpoint_s.c\n'}
[7.323305] (px4_msgs) StdoutLine: {'line': b'-- Up-to-date symlink: /home/giromi/Repos/VTOL/ws_sensor_combined_src/install/px4_msgs/local/lib/python3.10/dist-packages/px4_msgs/msg/_vehicle_torque_setpoint.py\n'}
[7.323510] (px4_msgs) StdoutLine: {'line': b'-- Up-to-date symlink: /home/giromi/Repos/VTOL/ws_sensor_combined_src/install/px4_msgs/local/lib/python3.10/dist-packages/px4_msgs/msg/_vehicle_torque_setpoint_s.c\n'}
[7.323713] (px4_msgs) StdoutLine: {'line': b'-- Up-to-date symlink: /home/giromi/Repos/VTOL/ws_sensor_combined_src/install/px4_msgs/local/lib/python3.10/dist-packages/px4_msgs/msg/_vehicle_trajectory_bezier.py\n'}
[7.323838] (px4_msgs) StdoutLine: {'line': b'-- Up-to-date symlink: /home/giromi/Repos/VTOL/ws_sensor_combined_src/install/px4_msgs/local/lib/python3.10/dist-packages/px4_msgs/msg/_vehicle_trajectory_bezier_s.c\n'}
[7.323961] (px4_msgs) StdoutLine: {'line': b'-- Up-to-date symlink: /home/giromi/Repos/VTOL/ws_sensor_combined_src/install/px4_msgs/local/lib/python3.10/dist-packages/px4_msgs/msg/_vehicle_trajectory_waypoint.py\n'}
[7.324114] (px4_msgs) StdoutLine: {'line': b'-- Up-to-date symlink: /home/giromi/Repos/VTOL/ws_sensor_combined_src/install/px4_msgs/local/lib/python3.10/dist-packages/px4_msgs/msg/_vehicle_trajectory_waypoint_s.c\n'}
[7.324256] (px4_msgs) StdoutLine: {'line': b'-- Up-to-date symlink: /home/giromi/Repos/VTOL/ws_sensor_combined_src/install/px4_msgs/local/lib/python3.10/dist-packages/px4_msgs/msg/_velocity_limits.py\n'}
[7.324398] (px4_msgs) StdoutLine: {'line': b'-- Up-to-date symlink: /home/giromi/Repos/VTOL/ws_sensor_combined_src/install/px4_msgs/local/lib/python3.10/dist-packages/px4_msgs/msg/_velocity_limits_s.c\n'}
[7.324539] (px4_msgs) StdoutLine: {'line': b'-- Up-to-date symlink: /home/giromi/Repos/VTOL/ws_sensor_combined_src/install/px4_msgs/local/lib/python3.10/dist-packages/px4_msgs/msg/_vtol_vehicle_status.py\n'}
[7.324681] (px4_msgs) StdoutLine: {'line': b'-- Up-to-date symlink: /home/giromi/Repos/VTOL/ws_sensor_combined_src/install/px4_msgs/local/lib/python3.10/dist-packages/px4_msgs/msg/_vtol_vehicle_status_s.c\n'}
[7.324821] (px4_msgs) StdoutLine: {'line': b'-- Up-to-date symlink: /home/giromi/Repos/VTOL/ws_sensor_combined_src/install/px4_msgs/local/lib/python3.10/dist-packages/px4_msgs/msg/_wheel_encoders.py\n'}
[7.324963] (px4_msgs) StdoutLine: {'line': b'-- Up-to-date symlink: /home/giromi/Repos/VTOL/ws_sensor_combined_src/install/px4_msgs/local/lib/python3.10/dist-packages/px4_msgs/msg/_wheel_encoders_s.c\n'}
[7.325106] (px4_msgs) StdoutLine: {'line': b'-- Up-to-date symlink: /home/giromi/Repos/VTOL/ws_sensor_combined_src/install/px4_msgs/local/lib/python3.10/dist-packages/px4_msgs/msg/_wind.py\n'}
[7.325248] (px4_msgs) StdoutLine: {'line': b'-- Up-to-date symlink: /home/giromi/Repos/VTOL/ws_sensor_combined_src/install/px4_msgs/local/lib/python3.10/dist-packages/px4_msgs/msg/_wind_s.c\n'}
[7.325391] (px4_msgs) StdoutLine: {'line': b'-- Up-to-date symlink: /home/giromi/Repos/VTOL/ws_sensor_combined_src/install/px4_msgs/local/lib/python3.10/dist-packages/px4_msgs/msg/_yaw_estimator_status.py\n'}
[7.325531] (px4_msgs) StdoutLine: {'line': b'-- Up-to-date symlink: /home/giromi/Repos/VTOL/ws_sensor_combined_src/install/px4_msgs/local/lib/python3.10/dist-packages/px4_msgs/msg/_yaw_estimator_status_s.c\n'}
[7.325671] (px4_msgs) StdoutLine: {'line': b'-- Up-to-date symlink: /home/giromi/Repos/VTOL/ws_sensor_combined_src/install/px4_msgs/local/lib/python3.10/dist-packages/px4_msgs/px4_msgs_s__rosidl_typesupport_c.cpython-310-x86_64-linux-gnu.so\n'}
[7.325810] (px4_msgs) StdoutLine: {'line': b'-- Up-to-date symlink: /home/giromi/Repos/VTOL/ws_sensor_combined_src/install/px4_msgs/local/lib/python3.10/dist-packages/px4_msgs/px4_msgs_s__rosidl_typesupport_fastrtps_c.cpython-310-x86_64-linux-gnu.so\n'}
[7.325953] (px4_msgs) StdoutLine: {'line': b'-- Up-to-date symlink: /home/giromi/Repos/VTOL/ws_sensor_combined_src/install/px4_msgs/local/lib/python3.10/dist-packages/px4_msgs/px4_msgs_s__rosidl_typesupport_introspection_c.cpython-310-x86_64-linux-gnu.so\n'}
[7.326098] (px4_msgs) StdoutLine: {'line': b'-- Up-to-date symlink: /home/giromi/Repos/VTOL/ws_sensor_combined_src/install/px4_msgs/local/lib/python3.10/dist-packages/px4_msgs/srv/__init__.py\n'}
[7.326242] (px4_msgs) StdoutLine: {'line': b'-- Up-to-date symlink: /home/giromi/Repos/VTOL/ws_sensor_combined_src/install/px4_msgs/local/lib/python3.10/dist-packages/px4_msgs/srv/_vehicle_command.py\n'}
[7.326384] (px4_msgs) StdoutLine: {'line': b'-- Up-to-date symlink: /home/giromi/Repos/VTOL/ws_sensor_combined_src/install/px4_msgs/local/lib/python3.10/dist-packages/px4_msgs/srv/_vehicle_command_s.c\n'}
[7.326717] (px4_msgs) StdoutLine: {'line': b'-- Up-to-date symlink: /home/giromi/Repos/VTOL/ws_sensor_combined_src/install/px4_msgs/local/lib/python3.10/dist-packages/px4_msgs/px4_msgs_s__rosidl_typesupport_fastrtps_c.cpython-310-x86_64-linux-gnu.so\n'}
[7.327014] (px4_msgs) StdoutLine: {'line': b'-- Up-to-date symlink: /home/giromi/Repos/VTOL/ws_sensor_combined_src/install/px4_msgs/local/lib/python3.10/dist-packages/px4_msgs/px4_msgs_s__rosidl_typesupport_introspection_c.cpython-310-x86_64-linux-gnu.so\n'}
[7.327304] (px4_msgs) StdoutLine: {'line': b'-- Up-to-date symlink: /home/giromi/Repos/VTOL/ws_sensor_combined_src/install/px4_msgs/local/lib/python3.10/dist-packages/px4_msgs/px4_msgs_s__rosidl_typesupport_c.cpython-310-x86_64-linux-gnu.so\n'}
[7.327524] (px4_msgs) StdoutLine: {'line': b'-- Up-to-date symlink: /home/giromi/Repos/VTOL/ws_sensor_combined_src/install/px4_msgs/share/px4_msgs/msg/ActionRequest.idl\n'}
[7.327768] (px4_msgs) StdoutLine: {'line': b'-- Up-to-date symlink: /home/giromi/Repos/VTOL/ws_sensor_combined_src/install/px4_msgs/share/px4_msgs/msg/ActuatorArmed.idl\n'}
[7.328003] (px4_msgs) StdoutLine: {'line': b'-- Up-to-date symlink: /home/giromi/Repos/VTOL/ws_sensor_combined_src/install/px4_msgs/share/px4_msgs/msg/ActuatorControlsStatus.idl\n'}
[7.328285] (px4_msgs) StdoutLine: {'line': b'-- Up-to-date symlink: /home/giromi/Repos/VTOL/ws_sensor_combined_src/install/px4_msgs/share/px4_msgs/msg/ActuatorMotors.idl\n'}
[7.328458] (px4_msgs) StdoutLine: {'line': b'-- Up-to-date symlink: /home/giromi/Repos/VTOL/ws_sensor_combined_src/install/px4_msgs/share/px4_msgs/msg/ActuatorOutputs.idl\n'}
[7.328666] (px4_msgs) StdoutLine: {'line': b'-- Up-to-date symlink: /home/giromi/Repos/VTOL/ws_sensor_combined_src/install/px4_msgs/share/px4_msgs/msg/ActuatorServos.idl\n'}
[7.328875] (px4_msgs) StdoutLine: {'line': b'-- Up-to-date symlink: /home/giromi/Repos/VTOL/ws_sensor_combined_src/install/px4_msgs/share/px4_msgs/msg/ActuatorServosTrim.idl\n'}
[7.329122] (px4_msgs) StdoutLine: {'line': b'-- Up-to-date symlink: /home/giromi/Repos/VTOL/ws_sensor_combined_src/install/px4_msgs/share/px4_msgs/msg/ActuatorTest.idl\n'}
[7.329264] (px4_msgs) StdoutLine: {'line': b'-- Up-to-date symlink: /home/giromi/Repos/VTOL/ws_sensor_combined_src/install/px4_msgs/share/px4_msgs/msg/AdcReport.idl\n'}
[7.329441] (px4_msgs) StdoutLine: {'line': b'-- Up-to-date symlink: /home/giromi/Repos/VTOL/ws_sensor_combined_src/install/px4_msgs/share/px4_msgs/msg/Airspeed.idl\n'}
[7.329620] (px4_msgs) StdoutLine: {'line': b'-- Up-to-date symlink: /home/giromi/Repos/VTOL/ws_sensor_combined_src/install/px4_msgs/share/px4_msgs/msg/AirspeedValidated.idl\n'}
[7.329803] (px4_msgs) StdoutLine: {'line': b'-- Up-to-date symlink: /home/giromi/Repos/VTOL/ws_sensor_combined_src/install/px4_msgs/share/px4_msgs/msg/AirspeedWind.idl\n'}
[7.329982] (px4_msgs) StdoutLine: {'line': b'-- Up-to-date symlink: /home/giromi/Repos/VTOL/ws_sensor_combined_src/install/px4_msgs/share/px4_msgs/msg/ArmingCheckReply.idl\n'}
[7.330160] (px4_msgs) StdoutLine: {'line': b'-- Up-to-date symlink: /home/giromi/Repos/VTOL/ws_sensor_combined_src/install/px4_msgs/share/px4_msgs/msg/ArmingCheckRequest.idl\n'}
[7.330322] (px4_msgs) StdoutLine: {'line': b'-- Up-to-date symlink: /home/giromi/Repos/VTOL/ws_sensor_combined_src/install/px4_msgs/share/px4_msgs/msg/AutotuneAttitudeControlStatus.idl\n'}
[7.330546] (px4_msgs) StdoutLine: {'line': b'-- Up-to-date symlink: /home/giromi/Repos/VTOL/ws_sensor_combined_src/install/px4_msgs/share/px4_msgs/msg/BatteryStatus.idl\n'}
[7.330753] (px4_msgs) StdoutLine: {'line': b'-- Up-to-date symlink: /home/giromi/Repos/VTOL/ws_sensor_combined_src/install/px4_msgs/share/px4_msgs/msg/Buffer128.idl\n'}
[7.330912] (px4_msgs) StdoutLine: {'line': b'-- Up-to-date symlink: /home/giromi/Repos/VTOL/ws_sensor_combined_src/install/px4_msgs/share/px4_msgs/msg/ButtonEvent.idl\n'}
[7.331096] (px4_msgs) StdoutLine: {'line': b'-- Up-to-date symlink: /home/giromi/Repos/VTOL/ws_sensor_combined_src/install/px4_msgs/share/px4_msgs/msg/CameraCapture.idl\n'}
[7.331280] (px4_msgs) StdoutLine: {'line': b'-- Up-to-date symlink: /home/giromi/Repos/VTOL/ws_sensor_combined_src/install/px4_msgs/share/px4_msgs/msg/CameraStatus.idl\n'}
[7.331461] (px4_msgs) StdoutLine: {'line': b'-- Up-to-date symlink: /home/giromi/Repos/VTOL/ws_sensor_combined_src/install/px4_msgs/share/px4_msgs/msg/CameraTrigger.idl\n'}
[7.331640] (px4_msgs) StdoutLine: {'line': b'-- Up-to-date symlink: /home/giromi/Repos/VTOL/ws_sensor_combined_src/install/px4_msgs/share/px4_msgs/msg/CellularStatus.idl\n'}
[7.331823] (px4_msgs) StdoutLine: {'line': b'-- Up-to-date symlink: /home/giromi/Repos/VTOL/ws_sensor_combined_src/install/px4_msgs/share/px4_msgs/msg/CollisionConstraints.idl\n'}
[7.332010] (px4_msgs) StdoutLine: {'line': b'-- Up-to-date symlink: /home/giromi/Repos/VTOL/ws_sensor_combined_src/install/px4_msgs/share/px4_msgs/msg/CollisionReport.idl\n'}
[7.332193] (px4_msgs) StdoutLine: {'line': b'-- Up-to-date symlink: /home/giromi/Repos/VTOL/ws_sensor_combined_src/install/px4_msgs/share/px4_msgs/msg/ConfigOverrides.idl\n'}
[7.332399] (px4_msgs) StdoutLine: {'line': b'-- Up-to-date symlink: /home/giromi/Repos/VTOL/ws_sensor_combined_src/install/px4_msgs/share/px4_msgs/msg/ControlAllocatorStatus.idl\n'}
[7.332577] (px4_msgs) StdoutLine: {'line': b'-- Up-to-date symlink: /home/giromi/Repos/VTOL/ws_sensor_combined_src/install/px4_msgs/share/px4_msgs/msg/Cpuload.idl\n'}
[7.332762] (px4_msgs) StdoutLine: {'line': b'-- Up-to-date symlink: /home/giromi/Repos/VTOL/ws_sensor_combined_src/install/px4_msgs/share/px4_msgs/msg/DatamanRequest.idl\n'}
[7.332918] (px4_msgs) StdoutLine: {'line': b'-- Up-to-date symlink: /home/giromi/Repos/VTOL/ws_sensor_combined_src/install/px4_msgs/share/px4_msgs/msg/DatamanResponse.idl\n'}
[7.333136] (px4_msgs) StdoutLine: {'line': b'-- Up-to-date symlink: /home/giromi/Repos/VTOL/ws_sensor_combined_src/install/px4_msgs/share/px4_msgs/msg/DebugArray.idl\n'}
[7.333346] (px4_msgs) StdoutLine: {'line': b'-- Up-to-date symlink: /home/giromi/Repos/VTOL/ws_sensor_combined_src/install/px4_msgs/share/px4_msgs/msg/DebugKeyValue.idl\n'}
[7.333491] (px4_msgs) StdoutLine: {'line': b'-- Up-to-date symlink: /home/giromi/Repos/VTOL/ws_sensor_combined_src/install/px4_msgs/share/px4_msgs/msg/DebugValue.idl\n'}
[7.333677] (px4_msgs) StdoutLine: {'line': b'-- Up-to-date symlink: /home/giromi/Repos/VTOL/ws_sensor_combined_src/install/px4_msgs/share/px4_msgs/msg/DebugVect.idl\n'}
[7.333853] (px4_msgs) StdoutLine: {'line': b'-- Up-to-date symlink: /home/giromi/Repos/VTOL/ws_sensor_combined_src/install/px4_msgs/share/px4_msgs/msg/DifferentialDriveSetpoint.idl\n'}
[7.334038] (px4_msgs) StdoutLine: {'line': b'-- Up-to-date symlink: /home/giromi/Repos/VTOL/ws_sensor_combined_src/install/px4_msgs/share/px4_msgs/msg/DifferentialPressure.idl\n'}
[7.334214] (px4_msgs) StdoutLine: {'line': b'-- Up-to-date symlink: /home/giromi/Repos/VTOL/ws_sensor_combined_src/install/px4_msgs/share/px4_msgs/msg/DistanceSensor.idl\n'}
[7.334394] (px4_msgs) StdoutLine: {'line': b'-- Up-to-date symlink: /home/giromi/Repos/VTOL/ws_sensor_combined_src/install/px4_msgs/share/px4_msgs/msg/Ekf2Timestamps.idl\n'}
[7.334574] (px4_msgs) StdoutLine: {'line': b'-- Up-to-date symlink: /home/giromi/Repos/VTOL/ws_sensor_combined_src/install/px4_msgs/share/px4_msgs/msg/EscReport.idl\n'}
[7.334729] (px4_msgs) StdoutLine: {'line': b'-- Up-to-date symlink: /home/giromi/Repos/VTOL/ws_sensor_combined_src/install/px4_msgs/share/px4_msgs/msg/EscStatus.idl\n'}
[7.334934] (px4_msgs) StdoutLine: {'line': b'-- Up-to-date symlink: /home/giromi/Repos/VTOL/ws_sensor_combined_src/install/px4_msgs/share/px4_msgs/msg/EstimatorAidSource1d.idl\n'}
[7.335115] (px4_msgs) StdoutLine: {'line': b'-- Up-to-date symlink: /home/giromi/Repos/VTOL/ws_sensor_combined_src/install/px4_msgs/share/px4_msgs/msg/EstimatorAidSource2d.idl\n'}
[7.335299] (px4_msgs) StdoutLine: {'line': b'-- Up-to-date symlink: /home/giromi/Repos/VTOL/ws_sensor_combined_src/install/px4_msgs/share/px4_msgs/msg/EstimatorAidSource3d.idl\n'}
[7.335479] (px4_msgs) StdoutLine: {'line': b'-- Up-to-date symlink: /home/giromi/Repos/VTOL/ws_sensor_combined_src/install/px4_msgs/share/px4_msgs/msg/EstimatorBias.idl\n'}
[7.335660] (px4_msgs) StdoutLine: {'line': b'-- Up-to-date symlink: /home/giromi/Repos/VTOL/ws_sensor_combined_src/install/px4_msgs/share/px4_msgs/msg/EstimatorBias3d.idl\n'}
[7.335833] (px4_msgs) StdoutLine: {'line': b'-- Up-to-date symlink: /home/giromi/Repos/VTOL/ws_sensor_combined_src/install/px4_msgs/share/px4_msgs/msg/EstimatorEventFlags.idl\n'}
[7.336036] (px4_msgs) StdoutLine: {'line': b'-- Up-to-date symlink: /home/giromi/Repos/VTOL/ws_sensor_combined_src/install/px4_msgs/share/px4_msgs/msg/EstimatorGpsStatus.idl\n'}
[7.336215] (px4_msgs) StdoutLine: {'line': b'-- Up-to-date symlink: /home/giromi/Repos/VTOL/ws_sensor_combined_src/install/px4_msgs/share/px4_msgs/msg/EstimatorInnovations.idl\n'}
[7.336396] (px4_msgs) StdoutLine: {'line': b'-- Up-to-date symlink: /home/giromi/Repos/VTOL/ws_sensor_combined_src/install/px4_msgs/share/px4_msgs/msg/EstimatorSelectorStatus.idl\n'}
[7.336577] (px4_msgs) StdoutLine: {'line': b'-- Up-to-date symlink: /home/giromi/Repos/VTOL/ws_sensor_combined_src/install/px4_msgs/share/px4_msgs/msg/EstimatorSensorBias.idl\n'}
[7.336760] (px4_msgs) StdoutLine: {'line': b'-- Up-to-date symlink: /home/giromi/Repos/VTOL/ws_sensor_combined_src/install/px4_msgs/share/px4_msgs/msg/EstimatorStates.idl\n'}
[7.336940] (px4_msgs) StdoutLine: {'line': b'-- Up-to-date symlink: /home/giromi/Repos/VTOL/ws_sensor_combined_src/install/px4_msgs/share/px4_msgs/msg/EstimatorStatus.idl\n'}
[7.337278] (px4_msgs) StdoutLine: {'line': b'-- Up-to-date symlink: /home/giromi/Repos/VTOL/ws_sensor_combined_src/install/px4_msgs/share/px4_msgs/msg/EstimatorStatusFlags.idl\n'}
[7.337471] (px4_msgs) StdoutLine: {'line': b'-- Up-to-date symlink: /home/giromi/Repos/VTOL/ws_sensor_combined_src/install/px4_msgs/share/px4_msgs/msg/Event.idl\n'}
[7.337761] (px4_msgs) StdoutLine: {'line': b'-- Up-to-date symlink: /home/giromi/Repos/VTOL/ws_sensor_combined_src/install/px4_msgs/share/px4_msgs/msg/FailsafeFlags.idl\n'}
[7.337943] (px4_msgs) StdoutLine: {'line': b'-- Up-to-date symlink: /home/giromi/Repos/VTOL/ws_sensor_combined_src/install/px4_msgs/share/px4_msgs/msg/FailureDetectorStatus.idl\n'}
[7.338128] (px4_msgs) StdoutLine: {'line': b'-- Up-to-date symlink: /home/giromi/Repos/VTOL/ws_sensor_combined_src/install/px4_msgs/share/px4_msgs/msg/FigureEightStatus.idl\n'}
[7.338315] (px4_msgs) StdoutLine: {'line': b'-- Up-to-date symlink: /home/giromi/Repos/VTOL/ws_sensor_combined_src/install/px4_msgs/share/px4_msgs/msg/FollowTarget.idl\n'}
[7.338505] (px4_msgs) StdoutLine: {'line': b'-- Up-to-date symlink: /home/giromi/Repos/VTOL/ws_sensor_combined_src/install/px4_msgs/share/px4_msgs/msg/FollowTargetEstimator.idl\n'}
[7.338691] (px4_msgs) StdoutLine: {'line': b'-- Up-to-date symlink: /home/giromi/Repos/VTOL/ws_sensor_combined_src/install/px4_msgs/share/px4_msgs/msg/FollowTargetStatus.idl\n'}
[7.338967] (px4_msgs) StdoutLine: {'line': b'-- Up-to-date symlink: /home/giromi/Repos/VTOL/ws_sensor_combined_src/install/px4_msgs/share/px4_msgs/msg/GeneratorStatus.idl\n'}
[7.339208] (px4_msgs) StdoutLine: {'line': b'-- Up-to-date symlink: /home/giromi/Repos/VTOL/ws_sensor_combined_src/install/px4_msgs/share/px4_msgs/msg/GeofenceResult.idl\n'}
[7.339445] (px4_msgs) StdoutLine: {'line': b'-- Up-to-date symlink: /home/giromi/Repos/VTOL/ws_sensor_combined_src/install/px4_msgs/share/px4_msgs/msg/GimbalControls.idl\n'}
[7.339655] (px4_msgs) StdoutLine: {'line': b'-- Up-to-date symlink: /home/giromi/Repos/VTOL/ws_sensor_combined_src/install/px4_msgs/share/px4_msgs/msg/GimbalDeviceAttitudeStatus.idl\n'}
[7.339911] (px4_msgs) StdoutLine: {'line': b'-- Up-to-date symlink: /home/giromi/Repos/VTOL/ws_sensor_combined_src/install/px4_msgs/share/px4_msgs/msg/GimbalDeviceInformation.idl\n'}
[7.340222] (px4_msgs) StdoutLine: {'line': b'-- Up-to-date symlink: /home/giromi/Repos/VTOL/ws_sensor_combined_src/install/px4_msgs/share/px4_msgs/msg/GimbalDeviceSetAttitude.idl\n'}
[7.340462] (px4_msgs) StdoutLine: {'line': b'-- Up-to-date symlink: /home/giromi/Repos/VTOL/ws_sensor_combined_src/install/px4_msgs/share/px4_msgs/msg/GimbalManagerInformation.idl\n'}
[7.340704] (px4_msgs) StdoutLine: {'line': b'-- Up-to-date symlink: /home/giromi/Repos/VTOL/ws_sensor_combined_src/install/px4_msgs/share/px4_msgs/msg/GimbalManagerSetAttitude.idl\n'}
[7.340948] (px4_msgs) StdoutLine: {'line': b'-- Up-to-date symlink: /home/giromi/Repos/VTOL/ws_sensor_combined_src/install/px4_msgs/share/px4_msgs/msg/GimbalManagerSetManualControl.idl\n'}
[7.341148] (px4_msgs) StdoutLine: {'line': b'-- Up-to-date symlink: /home/giromi/Repos/VTOL/ws_sensor_combined_src/install/px4_msgs/share/px4_msgs/msg/GimbalManagerStatus.idl\n'}
[7.341364] (px4_msgs) StdoutLine: {'line': b'-- Up-to-date symlink: /home/giromi/Repos/VTOL/ws_sensor_combined_src/install/px4_msgs/share/px4_msgs/msg/GotoSetpoint.idl\n'}
[7.341579] (px4_msgs) StdoutLine: {'line': b'-- Up-to-date symlink: /home/giromi/Repos/VTOL/ws_sensor_combined_src/install/px4_msgs/share/px4_msgs/msg/GpioConfig.idl\n'}
[7.341781] (px4_msgs) StdoutLine: {'line': b'-- Up-to-date symlink: /home/giromi/Repos/VTOL/ws_sensor_combined_src/install/px4_msgs/share/px4_msgs/msg/GpioIn.idl\n'}
[7.341988] (px4_msgs) StdoutLine: {'line': b'-- Up-to-date symlink: /home/giromi/Repos/VTOL/ws_sensor_combined_src/install/px4_msgs/share/px4_msgs/msg/GpioOut.idl\n'}
[7.342196] (px4_msgs) StdoutLine: {'line': b'-- Up-to-date symlink: /home/giromi/Repos/VTOL/ws_sensor_combined_src/install/px4_msgs/share/px4_msgs/msg/GpioRequest.idl\n'}
[7.342445] (px4_msgs) StdoutLine: {'line': b'-- Up-to-date symlink: /home/giromi/Repos/VTOL/ws_sensor_combined_src/install/px4_msgs/share/px4_msgs/msg/GpsDump.idl\n'}
[7.342675] (px4_msgs) StdoutLine: {'line': b'-- Up-to-date symlink: /home/giromi/Repos/VTOL/ws_sensor_combined_src/install/px4_msgs/share/px4_msgs/msg/GpsInjectData.idl\n'}
[7.342910] (px4_msgs) StdoutLine: {'line': b'-- Up-to-date symlink: /home/giromi/Repos/VTOL/ws_sensor_combined_src/install/px4_msgs/share/px4_msgs/msg/Gripper.idl\n'}
[7.343095] (px4_msgs) StdoutLine: {'line': b'-- Up-to-date symlink: /home/giromi/Repos/VTOL/ws_sensor_combined_src/install/px4_msgs/share/px4_msgs/msg/HealthReport.idl\n'}
[7.343305] (px4_msgs) StdoutLine: {'line': b'-- Up-to-date symlink: /home/giromi/Repos/VTOL/ws_sensor_combined_src/install/px4_msgs/share/px4_msgs/msg/HeaterStatus.idl\n'}
[7.343516] (px4_msgs) StdoutLine: {'line': b'-- Up-to-date symlink: /home/giromi/Repos/VTOL/ws_sensor_combined_src/install/px4_msgs/share/px4_msgs/msg/HomePosition.idl\n'}
[7.343719] (px4_msgs) StdoutLine: {'line': b'-- Up-to-date symlink: /home/giromi/Repos/VTOL/ws_sensor_combined_src/install/px4_msgs/share/px4_msgs/msg/HoverThrustEstimate.idl\n'}
[7.343911] (px4_msgs) StdoutLine: {'line': b'-- Up-to-date symlink: /home/giromi/Repos/VTOL/ws_sensor_combined_src/install/px4_msgs/share/px4_msgs/msg/InputRc.idl\n'}
[7.344206] (px4_msgs) StdoutLine: {'line': b'-- Up-to-date symlink: /home/giromi/Repos/VTOL/ws_sensor_combined_src/install/px4_msgs/share/px4_msgs/msg/InternalCombustionEngineStatus.idl\n'}
[7.344424] (px4_msgs) StdoutLine: {'line': b'-- Up-to-date symlink: /home/giromi/Repos/VTOL/ws_sensor_combined_src/install/px4_msgs/share/px4_msgs/msg/IridiumsbdStatus.idl\n'}
[7.344675] (px4_msgs) StdoutLine: {'line': b'-- Up-to-date symlink: /home/giromi/Repos/VTOL/ws_sensor_combined_src/install/px4_msgs/share/px4_msgs/msg/IrlockReport.idl\n'}
[7.344907] (px4_msgs) StdoutLine: {'line': b'-- Up-to-date symlink: /home/giromi/Repos/VTOL/ws_sensor_combined_src/install/px4_msgs/share/px4_msgs/msg/LandingGear.idl\n'}
[7.345110] (px4_msgs) StdoutLine: {'line': b'-- Up-to-date symlink: /home/giromi/Repos/VTOL/ws_sensor_combined_src/install/px4_msgs/share/px4_msgs/msg/LandingGearWheel.idl\n'}
[7.345367] (px4_msgs) StdoutLine: {'line': b'-- Up-to-date symlink: /home/giromi/Repos/VTOL/ws_sensor_combined_src/install/px4_msgs/share/px4_msgs/msg/LandingTargetInnovations.idl\n'}
[7.345596] (px4_msgs) StdoutLine: {'line': b'-- Up-to-date symlink: /home/giromi/Repos/VTOL/ws_sensor_combined_src/install/px4_msgs/share/px4_msgs/msg/LandingTargetPose.idl\n'}
[7.345835] (px4_msgs) StdoutLine: {'line': b'-- Up-to-date symlink: /home/giromi/Repos/VTOL/ws_sensor_combined_src/install/px4_msgs/share/px4_msgs/msg/LaunchDetectionStatus.idl\n'}
[7.346007] (px4_msgs) StdoutLine: {'line': b'-- Up-to-date symlink: /home/giromi/Repos/VTOL/ws_sensor_combined_src/install/px4_msgs/share/px4_msgs/msg/LedControl.idl\n'}
[7.346251] (px4_msgs) StdoutLine: {'line': b'-- Up-to-date symlink: /home/giromi/Repos/VTOL/ws_sensor_combined_src/install/px4_msgs/share/px4_msgs/msg/LogMessage.idl\n'}
[7.346476] (px4_msgs) StdoutLine: {'line': b'-- Up-to-date symlink: /home/giromi/Repos/VTOL/ws_sensor_combined_src/install/px4_msgs/share/px4_msgs/msg/LoggerStatus.idl\n'}
[7.346744] (px4_msgs) StdoutLine: {'line': b'-- Up-to-date symlink: /home/giromi/Repos/VTOL/ws_sensor_combined_src/install/px4_msgs/share/px4_msgs/msg/MagWorkerData.idl\n'}
[7.346937] (px4_msgs) StdoutLine: {'line': b'-- Up-to-date symlink: /home/giromi/Repos/VTOL/ws_sensor_combined_src/install/px4_msgs/share/px4_msgs/msg/MagnetometerBiasEstimate.idl\n'}
[7.347134] (px4_msgs) StdoutLine: {'line': b'-- Up-to-date symlink: /home/giromi/Repos/VTOL/ws_sensor_combined_src/install/px4_msgs/share/px4_msgs/msg/ManualControlSetpoint.idl\n'}
[7.347394] (px4_msgs) StdoutLine: {'line': b'-- Up-to-date symlink: /home/giromi/Repos/VTOL/ws_sensor_combined_src/install/px4_msgs/share/px4_msgs/msg/ManualControlSwitches.idl\n'}
[7.347664] (px4_msgs) StdoutLine: {'line': b'-- Up-to-date symlink: /home/giromi/Repos/VTOL/ws_sensor_combined_src/install/px4_msgs/share/px4_msgs/msg/MavlinkLog.idl\n'}
[7.347894] (px4_msgs) StdoutLine: {'line': b'-- Up-to-date symlink: /home/giromi/Repos/VTOL/ws_sensor_combined_src/install/px4_msgs/share/px4_msgs/msg/MavlinkTunnel.idl\n'}
[7.348116] (px4_msgs) StdoutLine: {'line': b'-- Up-to-date symlink: /home/giromi/Repos/VTOL/ws_sensor_combined_src/install/px4_msgs/share/px4_msgs/msg/MessageFormatRequest.idl\n'}
[7.348354] (px4_msgs) StdoutLine: {'line': b'-- Up-to-date symlink: /home/giromi/Repos/VTOL/ws_sensor_combined_src/install/px4_msgs/share/px4_msgs/msg/MessageFormatResponse.idl\n'}
[7.348556] (px4_msgs) StdoutLine: {'line': b'-- Up-to-date symlink: /home/giromi/Repos/VTOL/ws_sensor_combined_src/install/px4_msgs/share/px4_msgs/msg/Mission.idl\n'}
[7.348762] (px4_msgs) StdoutLine: {'line': b'-- Up-to-date symlink: /home/giromi/Repos/VTOL/ws_sensor_combined_src/install/px4_msgs/share/px4_msgs/msg/MissionResult.idl\n'}
[7.348998] (px4_msgs) StdoutLine: {'line': b'-- Up-to-date symlink: /home/giromi/Repos/VTOL/ws_sensor_combined_src/install/px4_msgs/share/px4_msgs/msg/ModeCompleted.idl\n'}
[7.349178] (px4_msgs) StdoutLine: {'line': b'-- Up-to-date symlink: /home/giromi/Repos/VTOL/ws_sensor_combined_src/install/px4_msgs/share/px4_msgs/msg/MountOrientation.idl\n'}
[7.349386] (px4_msgs) StdoutLine: {'line': b'-- Up-to-date symlink: /home/giromi/Repos/VTOL/ws_sensor_combined_src/install/px4_msgs/share/px4_msgs/msg/NavigatorMissionItem.idl\n'}
[7.349544] (px4_msgs) StdoutLine: {'line': b'-- Up-to-date symlink: /home/giromi/Repos/VTOL/ws_sensor_combined_src/install/px4_msgs/share/px4_msgs/msg/NormalizedUnsignedSetpoint.idl\n'}
[7.349726] (px4_msgs) StdoutLine: {'line': b'-- Up-to-date symlink: /home/giromi/Repos/VTOL/ws_sensor_combined_src/install/px4_msgs/share/px4_msgs/msg/NpfgStatus.idl\n'}
[7.349914] (px4_msgs) StdoutLine: {'line': b'-- Up-to-date symlink: /home/giromi/Repos/VTOL/ws_sensor_combined_src/install/px4_msgs/share/px4_msgs/msg/ObstacleDistance.idl\n'}
[7.350098] (px4_msgs) StdoutLine: {'line': b'-- Up-to-date symlink: /home/giromi/Repos/VTOL/ws_sensor_combined_src/install/px4_msgs/share/px4_msgs/msg/OffboardControlMode.idl\n'}
[7.350280] (px4_msgs) StdoutLine: {'line': b'-- Up-to-date symlink: /home/giromi/Repos/VTOL/ws_sensor_combined_src/install/px4_msgs/share/px4_msgs/msg/OnboardComputerStatus.idl\n'}
[7.350461] (px4_msgs) StdoutLine: {'line': b'-- Up-to-date symlink: /home/giromi/Repos/VTOL/ws_sensor_combined_src/install/px4_msgs/share/px4_msgs/msg/OrbTest.idl\n'}
[7.350641] (px4_msgs) StdoutLine: {'line': b'-- Up-to-date symlink: /home/giromi/Repos/VTOL/ws_sensor_combined_src/install/px4_msgs/share/px4_msgs/msg/OrbTestLarge.idl\n'}
[7.350822] (px4_msgs) StdoutLine: {'line': b'-- Up-to-date symlink: /home/giromi/Repos/VTOL/ws_sensor_combined_src/install/px4_msgs/share/px4_msgs/msg/OrbTestMedium.idl\n'}
[7.351022] (px4_msgs) StdoutLine: {'line': b'-- Up-to-date symlink: /home/giromi/Repos/VTOL/ws_sensor_combined_src/install/px4_msgs/share/px4_msgs/msg/OrbitStatus.idl\n'}
[7.351243] (px4_msgs) StdoutLine: {'line': b'-- Up-to-date symlink: /home/giromi/Repos/VTOL/ws_sensor_combined_src/install/px4_msgs/share/px4_msgs/msg/ParameterUpdate.idl\n'}
[7.351424] (px4_msgs) StdoutLine: {'line': b'-- Up-to-date symlink: /home/giromi/Repos/VTOL/ws_sensor_combined_src/install/px4_msgs/share/px4_msgs/msg/Ping.idl\n'}
[7.351646] (px4_msgs) StdoutLine: {'line': b'-- Up-to-date symlink: /home/giromi/Repos/VTOL/ws_sensor_combined_src/install/px4_msgs/share/px4_msgs/msg/PositionControllerLandingStatus.idl\n'}
[7.351823] (px4_msgs) StdoutLine: {'line': b'-- Up-to-date symlink: /home/giromi/Repos/VTOL/ws_sensor_combined_src/install/px4_msgs/share/px4_msgs/msg/PositionControllerStatus.idl\n'}
[7.351979] (px4_msgs) StdoutLine: {'line': b'-- Up-to-date symlink: /home/giromi/Repos/VTOL/ws_sensor_combined_src/install/px4_msgs/share/px4_msgs/msg/PositionSetpoint.idl\n'}
[7.352247] (px4_msgs) StdoutLine: {'line': b'-- Up-to-date symlink: /home/giromi/Repos/VTOL/ws_sensor_combined_src/install/px4_msgs/share/px4_msgs/msg/PositionSetpointTriplet.idl\n'}
[7.352429] (px4_msgs) StdoutLine: {'line': b'-- Up-to-date symlink: /home/giromi/Repos/VTOL/ws_sensor_combined_src/install/px4_msgs/share/px4_msgs/msg/PowerButtonState.idl\n'}
[7.352636] (px4_msgs) StdoutLine: {'line': b'-- Up-to-date symlink: /home/giromi/Repos/VTOL/ws_sensor_combined_src/install/px4_msgs/share/px4_msgs/msg/PowerMonitor.idl\n'}
[7.352821] (px4_msgs) StdoutLine: {'line': b'-- Up-to-date symlink: /home/giromi/Repos/VTOL/ws_sensor_combined_src/install/px4_msgs/share/px4_msgs/msg/PpsCapture.idl\n'}
[7.353003] (px4_msgs) StdoutLine: {'line': b'-- Up-to-date symlink: /home/giromi/Repos/VTOL/ws_sensor_combined_src/install/px4_msgs/share/px4_msgs/msg/PwmInput.idl\n'}
[7.353192] (px4_msgs) StdoutLine: {'line': b'-- Up-to-date symlink: /home/giromi/Repos/VTOL/ws_sensor_combined_src/install/px4_msgs/share/px4_msgs/msg/Px4ioStatus.idl\n'}
[7.353425] (px4_msgs) StdoutLine: {'line': b'-- Up-to-date symlink: /home/giromi/Repos/VTOL/ws_sensor_combined_src/install/px4_msgs/share/px4_msgs/msg/QshellReq.idl\n'}
[7.353640] (px4_msgs) StdoutLine: {'line': b'-- Up-to-date symlink: /home/giromi/Repos/VTOL/ws_sensor_combined_src/install/px4_msgs/share/px4_msgs/msg/QshellRetval.idl\n'}
[7.353806] (px4_msgs) StdoutLine: {'line': b'-- Up-to-date symlink: /home/giromi/Repos/VTOL/ws_sensor_combined_src/install/px4_msgs/share/px4_msgs/msg/RadioStatus.idl\n'}
[7.354016] (px4_msgs) StdoutLine: {'line': b'-- Up-to-date symlink: /home/giromi/Repos/VTOL/ws_sensor_combined_src/install/px4_msgs/share/px4_msgs/msg/RateCtrlStatus.idl\n'}
[7.354222] (px4_msgs) StdoutLine: {'line': b'-- Up-to-date symlink: /home/giromi/Repos/VTOL/ws_sensor_combined_src/install/px4_msgs/share/px4_msgs/msg/RcChannels.idl\n'}
[7.354459] (px4_msgs) StdoutLine: {'line': b'-- Up-to-date symlink: /home/giromi/Repos/VTOL/ws_sensor_combined_src/install/px4_msgs/share/px4_msgs/msg/RcParameterMap.idl\n'}
[7.354639] (px4_msgs) StdoutLine: {'line': b'-- Up-to-date symlink: /home/giromi/Repos/VTOL/ws_sensor_combined_src/install/px4_msgs/share/px4_msgs/msg/RegisterExtComponentReply.idl\n'}
[7.354849] (px4_msgs) StdoutLine: {'line': b'-- Up-to-date symlink: /home/giromi/Repos/VTOL/ws_sensor_combined_src/install/px4_msgs/share/px4_msgs/msg/RegisterExtComponentRequest.idl\n'}
[7.355055] (px4_msgs) StdoutLine: {'line': b'-- Up-to-date symlink: /home/giromi/Repos/VTOL/ws_sensor_combined_src/install/px4_msgs/share/px4_msgs/msg/Rpm.idl\n'}
[7.355313] (px4_msgs) StdoutLine: {'line': b'-- Up-to-date symlink: /home/giromi/Repos/VTOL/ws_sensor_combined_src/install/px4_msgs/share/px4_msgs/msg/RtlTimeEstimate.idl\n'}
[7.355509] (px4_msgs) StdoutLine: {'line': b'-- Up-to-date symlink: /home/giromi/Repos/VTOL/ws_sensor_combined_src/install/px4_msgs/share/px4_msgs/msg/SatelliteInfo.idl\n'}
[7.355714] (px4_msgs) StdoutLine: {'line': b'-- Up-to-date symlink: /home/giromi/Repos/VTOL/ws_sensor_combined_src/install/px4_msgs/share/px4_msgs/msg/SensorAccel.idl\n'}
[7.355878] (px4_msgs) StdoutLine: {'line': b'-- Up-to-date symlink: /home/giromi/Repos/VTOL/ws_sensor_combined_src/install/px4_msgs/share/px4_msgs/msg/SensorAccelFifo.idl\n'}
[7.356164] (px4_msgs) StdoutLine: {'line': b'-- Up-to-date symlink: /home/giromi/Repos/VTOL/ws_sensor_combined_src/install/px4_msgs/share/px4_msgs/msg/SensorAirflow.idl\n'}
[7.356378] (px4_msgs) StdoutLine: {'line': b'-- Up-to-date symlink: /home/giromi/Repos/VTOL/ws_sensor_combined_src/install/px4_msgs/share/px4_msgs/msg/SensorBaro.idl\n'}
[7.356536] (px4_msgs) StdoutLine: {'line': b'-- Up-to-date symlink: /home/giromi/Repos/VTOL/ws_sensor_combined_src/install/px4_msgs/share/px4_msgs/msg/SensorCombined.idl\n'}
[7.356746] (px4_msgs) StdoutLine: {'line': b'-- Up-to-date symlink: /home/giromi/Repos/VTOL/ws_sensor_combined_src/install/px4_msgs/share/px4_msgs/msg/SensorCorrection.idl\n'}
[7.356940] (px4_msgs) StdoutLine: {'line': b'-- Up-to-date symlink: /home/giromi/Repos/VTOL/ws_sensor_combined_src/install/px4_msgs/share/px4_msgs/msg/SensorGnssRelative.idl\n'}
[7.357190] (px4_msgs) StdoutLine: {'line': b'-- Up-to-date symlink: /home/giromi/Repos/VTOL/ws_sensor_combined_src/install/px4_msgs/share/px4_msgs/msg/SensorGps.idl\n'}
[7.357433] (px4_msgs) StdoutLine: {'line': b'-- Up-to-date symlink: /home/giromi/Repos/VTOL/ws_sensor_combined_src/install/px4_msgs/share/px4_msgs/msg/SensorGyro.idl\n'}
[7.357584] (px4_msgs) StdoutLine: {'line': b'-- Up-to-date symlink: /home/giromi/Repos/VTOL/ws_sensor_combined_src/install/px4_msgs/share/px4_msgs/msg/SensorGyroFft.idl\n'}
[7.357807] (px4_msgs) StdoutLine: {'line': b'-- Up-to-date symlink: /home/giromi/Repos/VTOL/ws_sensor_combined_src/install/px4_msgs/share/px4_msgs/msg/SensorGyroFifo.idl\n'}
[7.357976] (px4_msgs) StdoutLine: {'line': b'-- Up-to-date symlink: /home/giromi/Repos/VTOL/ws_sensor_combined_src/install/px4_msgs/share/px4_msgs/msg/SensorHygrometer.idl\n'}
[7.358216] (px4_msgs) StdoutLine: {'line': b'-- Up-to-date symlink: /home/giromi/Repos/VTOL/ws_sensor_combined_src/install/px4_msgs/share/px4_msgs/msg/SensorMag.idl\n'}
[7.358388] (px4_msgs) StdoutLine: {'line': b'-- Up-to-date symlink: /home/giromi/Repos/VTOL/ws_sensor_combined_src/install/px4_msgs/share/px4_msgs/msg/SensorOpticalFlow.idl\n'}
[7.358608] (px4_msgs) StdoutLine: {'line': b'-- Up-to-date symlink: /home/giromi/Repos/VTOL/ws_sensor_combined_src/install/px4_msgs/share/px4_msgs/msg/SensorPreflightMag.idl\n'}
[7.358782] (px4_msgs) StdoutLine: {'line': b'-- Up-to-date symlink: /home/giromi/Repos/VTOL/ws_sensor_combined_src/install/px4_msgs/share/px4_msgs/msg/SensorSelection.idl\n'}
[7.358999] (px4_msgs) StdoutLine: {'line': b'-- Up-to-date symlink: /home/giromi/Repos/VTOL/ws_sensor_combined_src/install/px4_msgs/share/px4_msgs/msg/SensorUwb.idl\n'}
[7.359222] (px4_msgs) StdoutLine: {'line': b'-- Up-to-date symlink: /home/giromi/Repos/VTOL/ws_sensor_combined_src/install/px4_msgs/share/px4_msgs/msg/SensorsStatus.idl\n'}
[7.359352] (px4_msgs) StdoutLine: {'line': b'-- Up-to-date symlink: /home/giromi/Repos/VTOL/ws_sensor_combined_src/install/px4_msgs/share/px4_msgs/msg/SensorsStatusImu.idl\n'}
[7.359508] (px4_msgs) StdoutLine: {'line': b'-- Up-to-date symlink: /home/giromi/Repos/VTOL/ws_sensor_combined_src/install/px4_msgs/share/px4_msgs/msg/SystemPower.idl\n'}
[7.359689] (px4_msgs) StdoutLine: {'line': b'-- Up-to-date symlink: /home/giromi/Repos/VTOL/ws_sensor_combined_src/install/px4_msgs/share/px4_msgs/msg/TakeoffStatus.idl\n'}
[7.359866] (px4_msgs) StdoutLine: {'line': b'-- Up-to-date symlink: /home/giromi/Repos/VTOL/ws_sensor_combined_src/install/px4_msgs/share/px4_msgs/msg/TaskStackInfo.idl\n'}
[7.360126] (px4_msgs) StdoutLine: {'line': b'-- Up-to-date symlink: /home/giromi/Repos/VTOL/ws_sensor_combined_src/install/px4_msgs/share/px4_msgs/msg/TecsStatus.idl\n'}
[7.360310] (px4_msgs) StdoutLine: {'line': b'-- Up-to-date symlink: /home/giromi/Repos/VTOL/ws_sensor_combined_src/install/px4_msgs/share/px4_msgs/msg/TelemetryStatus.idl\n'}
[7.360441] (px4_msgs) StdoutLine: {'line': b'-- Up-to-date symlink: /home/giromi/Repos/VTOL/ws_sensor_combined_src/install/px4_msgs/share/px4_msgs/msg/TiltrotorExtraControls.idl\n'}
[7.360619] (px4_msgs) StdoutLine: {'line': b'-- Up-to-date symlink: /home/giromi/Repos/VTOL/ws_sensor_combined_src/install/px4_msgs/share/px4_msgs/msg/TimesyncStatus.idl\n'}
[7.360798] (px4_msgs) StdoutLine: {'line': b'-- Up-to-date symlink: /home/giromi/Repos/VTOL/ws_sensor_combined_src/install/px4_msgs/share/px4_msgs/msg/TrajectoryBezier.idl\n'}
[7.361006] (px4_msgs) StdoutLine: {'line': b'-- Up-to-date symlink: /home/giromi/Repos/VTOL/ws_sensor_combined_src/install/px4_msgs/share/px4_msgs/msg/TrajectorySetpoint.idl\n'}
[7.361187] (px4_msgs) StdoutLine: {'line': b'-- Up-to-date symlink: /home/giromi/Repos/VTOL/ws_sensor_combined_src/install/px4_msgs/share/px4_msgs/msg/TrajectoryWaypoint.idl\n'}
[7.361367] (px4_msgs) StdoutLine: {'line': b'-- Up-to-date symlink: /home/giromi/Repos/VTOL/ws_sensor_combined_src/install/px4_msgs/share/px4_msgs/msg/TransponderReport.idl\n'}
[7.361519] (px4_msgs) StdoutLine: {'line': b'-- Up-to-date symlink: /home/giromi/Repos/VTOL/ws_sensor_combined_src/install/px4_msgs/share/px4_msgs/msg/TuneControl.idl\n'}
[7.361728] (px4_msgs) StdoutLine: {'line': b'-- Up-to-date symlink: /home/giromi/Repos/VTOL/ws_sensor_combined_src/install/px4_msgs/share/px4_msgs/msg/UavcanParameterRequest.idl\n'}
[7.361911] (px4_msgs) StdoutLine: {'line': b'-- Up-to-date symlink: /home/giromi/Repos/VTOL/ws_sensor_combined_src/install/px4_msgs/share/px4_msgs/msg/UavcanParameterValue.idl\n'}
[7.362059] (px4_msgs) StdoutLine: {'line': b'-- Up-to-date symlink: /home/giromi/Repos/VTOL/ws_sensor_combined_src/install/px4_msgs/share/px4_msgs/msg/UlogStream.idl\n'}
[7.362245] (px4_msgs) StdoutLine: {'line': b'-- Up-to-date symlink: /home/giromi/Repos/VTOL/ws_sensor_combined_src/install/px4_msgs/share/px4_msgs/msg/UlogStreamAck.idl\n'}
[7.362422] (px4_msgs) StdoutLine: {'line': b'-- Up-to-date symlink: /home/giromi/Repos/VTOL/ws_sensor_combined_src/install/px4_msgs/share/px4_msgs/msg/UnregisterExtComponent.idl\n'}
[7.362602] (px4_msgs) StdoutLine: {'line': b'-- Up-to-date symlink: /home/giromi/Repos/VTOL/ws_sensor_combined_src/install/px4_msgs/share/px4_msgs/msg/VehicleAcceleration.idl\n'}
[7.362817] (px4_msgs) StdoutLine: {'line': b'-- Up-to-date symlink: /home/giromi/Repos/VTOL/ws_sensor_combined_src/install/px4_msgs/share/px4_msgs/msg/VehicleAirData.idl\n'}
[7.363000] (px4_msgs) StdoutLine: {'line': b'-- Up-to-date symlink: /home/giromi/Repos/VTOL/ws_sensor_combined_src/install/px4_msgs/share/px4_msgs/msg/VehicleAngularAccelerationSetpoint.idl\n'}
[7.363230] (px4_msgs) StdoutLine: {'line': b'-- Up-to-date symlink: /home/giromi/Repos/VTOL/ws_sensor_combined_src/install/px4_msgs/share/px4_msgs/msg/VehicleAngularVelocity.idl\n'}
[7.363391] (px4_msgs) StdoutLine: {'line': b'-- Up-to-date symlink: /home/giromi/Repos/VTOL/ws_sensor_combined_src/install/px4_msgs/share/px4_msgs/msg/VehicleAttitude.idl\n'}
[7.363569] (px4_msgs) StdoutLine: {'line': b'-- Up-to-date symlink: /home/giromi/Repos/VTOL/ws_sensor_combined_src/install/px4_msgs/share/px4_msgs/msg/VehicleAttitudeSetpoint.idl\n'}
[7.363763] (px4_msgs) StdoutLine: {'line': b'-- Up-to-date symlink: /home/giromi/Repos/VTOL/ws_sensor_combined_src/install/px4_msgs/share/px4_msgs/msg/VehicleCommand.idl\n'}
[7.364010] (px4_msgs) StdoutLine: {'line': b'-- Up-to-date symlink: /home/giromi/Repos/VTOL/ws_sensor_combined_src/install/px4_msgs/share/px4_msgs/msg/VehicleCommandAck.idl\n'}
[7.364247] (px4_msgs) StdoutLine: {'line': b'-- Up-to-date symlink: /home/giromi/Repos/VTOL/ws_sensor_combined_src/install/px4_msgs/share/px4_msgs/msg/VehicleConstraints.idl\n'}
[7.364457] (px4_msgs) StdoutLine: {'line': b'-- Up-to-date symlink: /home/giromi/Repos/VTOL/ws_sensor_combined_src/install/px4_msgs/share/px4_msgs/msg/VehicleControlMode.idl\n'}
[7.364650] (px4_msgs) StdoutLine: {'line': b'-- Up-to-date symlink: /home/giromi/Repos/VTOL/ws_sensor_combined_src/install/px4_msgs/share/px4_msgs/msg/VehicleGlobalPosition.idl\n'}
[7.364880] (px4_msgs) StdoutLine: {'line': b'-- Up-to-date symlink: /home/giromi/Repos/VTOL/ws_sensor_combined_src/install/px4_msgs/share/px4_msgs/msg/VehicleImu.idl\n'}
[7.365136] (px4_msgs) StdoutLine: {'line': b'-- Up-to-date symlink: /home/giromi/Repos/VTOL/ws_sensor_combined_src/install/px4_msgs/share/px4_msgs/msg/VehicleImuStatus.idl\n'}
[7.365365] (px4_msgs) StdoutLine: {'line': b'-- Up-to-date symlink: /home/giromi/Repos/VTOL/ws_sensor_combined_src/install/px4_msgs/share/px4_msgs/msg/VehicleLandDetected.idl\n'}
[7.365624] (px4_msgs) StdoutLine: {'line': b'-- Up-to-date symlink: /home/giromi/Repos/VTOL/ws_sensor_combined_src/install/px4_msgs/share/px4_msgs/msg/VehicleLocalPosition.idl\n'}
[7.365814] (px4_msgs) StdoutLine: {'line': b'-- Up-to-date symlink: /home/giromi/Repos/VTOL/ws_sensor_combined_src/install/px4_msgs/share/px4_msgs/msg/VehicleLocalPositionSetpoint.idl\n'}
[7.366110] (px4_msgs) StdoutLine: {'line': b'-- Up-to-date symlink: /home/giromi/Repos/VTOL/ws_sensor_combined_src/install/px4_msgs/share/px4_msgs/msg/VehicleMagnetometer.idl\n'}
[7.366328] (px4_msgs) StdoutLine: {'line': b'-- Up-to-date symlink: /home/giromi/Repos/VTOL/ws_sensor_combined_src/install/px4_msgs/share/px4_msgs/msg/VehicleOdometry.idl\n'}
[7.366574] (px4_msgs) StdoutLine: {'line': b'-- Up-to-date symlink: /home/giromi/Repos/VTOL/ws_sensor_combined_src/install/px4_msgs/share/px4_msgs/msg/VehicleOpticalFlow.idl\n'}
[7.366888] (px4_msgs) StdoutLine: {'line': b'-- Up-to-date symlink: /home/giromi/Repos/VTOL/ws_sensor_combined_src/install/px4_msgs/share/px4_msgs/msg/VehicleOpticalFlowVel.idl\n'}
[7.367117] (px4_msgs) StdoutLine: {'line': b'-- Up-to-date symlink: /home/giromi/Repos/VTOL/ws_sensor_combined_src/install/px4_msgs/share/px4_msgs/msg/VehicleRatesSetpoint.idl\n'}
[7.367384] (px4_msgs) StdoutLine: {'line': b'-- Up-to-date symlink: /home/giromi/Repos/VTOL/ws_sensor_combined_src/install/px4_msgs/share/px4_msgs/msg/VehicleRoi.idl\n'}
[7.367660] (px4_msgs) StdoutLine: {'line': b'-- Up-to-date symlink: /home/giromi/Repos/VTOL/ws_sensor_combined_src/install/px4_msgs/share/px4_msgs/msg/VehicleStatus.idl\n'}
[7.367889] (px4_msgs) StdoutLine: {'line': b'-- Up-to-date symlink: /home/giromi/Repos/VTOL/ws_sensor_combined_src/install/px4_msgs/share/px4_msgs/msg/VehicleThrustSetpoint.idl\n'}
[7.368232] (px4_msgs) StdoutLine: {'line': b'-- Up-to-date symlink: /home/giromi/Repos/VTOL/ws_sensor_combined_src/install/px4_msgs/share/px4_msgs/msg/VehicleTorqueSetpoint.idl\n'}
[7.368467] (px4_msgs) StdoutLine: {'line': b'-- Up-to-date symlink: /home/giromi/Repos/VTOL/ws_sensor_combined_src/install/px4_msgs/share/px4_msgs/msg/VehicleTrajectoryBezier.idl\n'}
[7.368748] (px4_msgs) StdoutLine: {'line': b'-- Up-to-date symlink: /home/giromi/Repos/VTOL/ws_sensor_combined_src/install/px4_msgs/share/px4_msgs/msg/VehicleTrajectoryWaypoint.idl\n'}
[7.369272] (px4_msgs) StdoutLine: {'line': b'-- Up-to-date symlink: /home/giromi/Repos/VTOL/ws_sensor_combined_src/install/px4_msgs/share/px4_msgs/msg/VelocityLimits.idl\n'}
[7.369682] (px4_msgs) StdoutLine: {'line': b'-- Up-to-date symlink: /home/giromi/Repos/VTOL/ws_sensor_combined_src/install/px4_msgs/share/px4_msgs/msg/VtolVehicleStatus.idl\n'}
[7.369913] (px4_msgs) StdoutLine: {'line': b'-- Up-to-date symlink: /home/giromi/Repos/VTOL/ws_sensor_combined_src/install/px4_msgs/share/px4_msgs/msg/WheelEncoders.idl\n'}
[7.370163] (px4_msgs) StdoutLine: {'line': b'-- Up-to-date symlink: /home/giromi/Repos/VTOL/ws_sensor_combined_src/install/px4_msgs/share/px4_msgs/msg/Wind.idl\n'}
[7.370402] (px4_msgs) StdoutLine: {'line': b'-- Up-to-date symlink: /home/giromi/Repos/VTOL/ws_sensor_combined_src/install/px4_msgs/share/px4_msgs/msg/YawEstimatorStatus.idl\n'}
[7.370628] (px4_msgs) StdoutLine: {'line': b'-- Up-to-date symlink: /home/giromi/Repos/VTOL/ws_sensor_combined_src/install/px4_msgs/share/px4_msgs/srv/VehicleCommand.idl\n'}
[7.370902] (px4_msgs) StdoutLine: {'line': b'-- Up-to-date symlink: /home/giromi/Repos/VTOL/ws_sensor_combined_src/install/px4_msgs/share/px4_msgs/msg/ActionRequest.msg\n'}
[7.371404] (px4_msgs) StdoutLine: {'line': b'-- Up-to-date symlink: /home/giromi/Repos/VTOL/ws_sensor_combined_src/install/px4_msgs/share/px4_msgs/msg/ActuatorArmed.msg\n'}
[7.372073] (px4_msgs) StdoutLine: {'line': b'-- Up-to-date symlink: /home/giromi/Repos/VTOL/ws_sensor_combined_src/install/px4_msgs/share/px4_msgs/msg/ActuatorControlsStatus.msg\n'}
[7.372547] (px4_msgs) StdoutLine: {'line': b'-- Up-to-date symlink: /home/giromi/Repos/VTOL/ws_sensor_combined_src/install/px4_msgs/share/px4_msgs/msg/ActuatorMotors.msg\n'}
[7.372804] (px4_msgs) StdoutLine: {'line': b'-- Up-to-date symlink: /home/giromi/Repos/VTOL/ws_sensor_combined_src/install/px4_msgs/share/px4_msgs/msg/ActuatorOutputs.msg\n'}
[7.373037] (px4_msgs) StdoutLine: {'line': b'-- Up-to-date symlink: /home/giromi/Repos/VTOL/ws_sensor_combined_src/install/px4_msgs/share/px4_msgs/msg/ActuatorServos.msg\n'}
[7.373307] (px4_msgs) StdoutLine: {'line': b'-- Up-to-date symlink: /home/giromi/Repos/VTOL/ws_sensor_combined_src/install/px4_msgs/share/px4_msgs/msg/ActuatorServosTrim.msg\n'}
[7.373583] (px4_msgs) StdoutLine: {'line': b'-- Up-to-date symlink: /home/giromi/Repos/VTOL/ws_sensor_combined_src/install/px4_msgs/share/px4_msgs/msg/ActuatorTest.msg\n'}
[7.373809] (px4_msgs) StdoutLine: {'line': b'-- Up-to-date symlink: /home/giromi/Repos/VTOL/ws_sensor_combined_src/install/px4_msgs/share/px4_msgs/msg/AdcReport.msg\n'}
[7.374040] (px4_msgs) StdoutLine: {'line': b'-- Up-to-date symlink: /home/giromi/Repos/VTOL/ws_sensor_combined_src/install/px4_msgs/share/px4_msgs/msg/Airspeed.msg\n'}
[7.374233] (px4_msgs) StdoutLine: {'line': b'-- Up-to-date symlink: /home/giromi/Repos/VTOL/ws_sensor_combined_src/install/px4_msgs/share/px4_msgs/msg/AirspeedValidated.msg\n'}
[7.374536] (px4_msgs) StdoutLine: {'line': b'-- Up-to-date symlink: /home/giromi/Repos/VTOL/ws_sensor_combined_src/install/px4_msgs/share/px4_msgs/msg/AirspeedWind.msg\n'}
[7.374744] (px4_msgs) StdoutLine: {'line': b'-- Up-to-date symlink: /home/giromi/Repos/VTOL/ws_sensor_combined_src/install/px4_msgs/share/px4_msgs/msg/ArmingCheckReply.msg\n'}
[7.374918] (px4_msgs) StdoutLine: {'line': b'-- Up-to-date symlink: /home/giromi/Repos/VTOL/ws_sensor_combined_src/install/px4_msgs/share/px4_msgs/msg/ArmingCheckRequest.msg\n'}
[7.375110] (px4_msgs) StdoutLine: {'line': b'-- Up-to-date symlink: /home/giromi/Repos/VTOL/ws_sensor_combined_src/install/px4_msgs/share/px4_msgs/msg/AutotuneAttitudeControlStatus.msg\n'}
[7.375386] (px4_msgs) StdoutLine: {'line': b'-- Up-to-date symlink: /home/giromi/Repos/VTOL/ws_sensor_combined_src/install/px4_msgs/share/px4_msgs/msg/BatteryStatus.msg\n'}
[7.375615] (px4_msgs) StdoutLine: {'line': b'-- Up-to-date symlink: /home/giromi/Repos/VTOL/ws_sensor_combined_src/install/px4_msgs/share/px4_msgs/msg/Buffer128.msg\n'}
[7.375769] (px4_msgs) StdoutLine: {'line': b'-- Up-to-date symlink: /home/giromi/Repos/VTOL/ws_sensor_combined_src/install/px4_msgs/share/px4_msgs/msg/ButtonEvent.msg\n'}
[7.375939] (px4_msgs) StdoutLine: {'line': b'-- Up-to-date symlink: /home/giromi/Repos/VTOL/ws_sensor_combined_src/install/px4_msgs/share/px4_msgs/msg/CameraCapture.msg\n'}
[7.376192] (px4_msgs) StdoutLine: {'line': b'-- Up-to-date symlink: /home/giromi/Repos/VTOL/ws_sensor_combined_src/install/px4_msgs/share/px4_msgs/msg/CameraStatus.msg\n'}
[7.376450] (px4_msgs) StdoutLine: {'line': b'-- Up-to-date symlink: /home/giromi/Repos/VTOL/ws_sensor_combined_src/install/px4_msgs/share/px4_msgs/msg/CameraTrigger.msg\n'}
[7.376636] (px4_msgs) StdoutLine: {'line': b'-- Up-to-date symlink: /home/giromi/Repos/VTOL/ws_sensor_combined_src/install/px4_msgs/share/px4_msgs/msg/CellularStatus.msg\n'}
[7.376796] (px4_msgs) StdoutLine: {'line': b'-- Up-to-date symlink: /home/giromi/Repos/VTOL/ws_sensor_combined_src/install/px4_msgs/share/px4_msgs/msg/CollisionConstraints.msg\n'}
[7.377016] (px4_msgs) StdoutLine: {'line': b'-- Up-to-date symlink: /home/giromi/Repos/VTOL/ws_sensor_combined_src/install/px4_msgs/share/px4_msgs/msg/CollisionReport.msg\n'}
[7.377154] (px4_msgs) StdoutLine: {'line': b'-- Up-to-date symlink: /home/giromi/Repos/VTOL/ws_sensor_combined_src/install/px4_msgs/share/px4_msgs/msg/ConfigOverrides.msg\n'}
[7.377352] (px4_msgs) StdoutLine: {'line': b'-- Up-to-date symlink: /home/giromi/Repos/VTOL/ws_sensor_combined_src/install/px4_msgs/share/px4_msgs/msg/ControlAllocatorStatus.msg\n'}
[7.377559] (px4_msgs) StdoutLine: {'line': b'-- Up-to-date symlink: /home/giromi/Repos/VTOL/ws_sensor_combined_src/install/px4_msgs/share/px4_msgs/msg/Cpuload.msg\n'}
[7.377715] (px4_msgs) StdoutLine: {'line': b'-- Up-to-date symlink: /home/giromi/Repos/VTOL/ws_sensor_combined_src/install/px4_msgs/share/px4_msgs/msg/DatamanRequest.msg\n'}
[7.377886] (px4_msgs) StdoutLine: {'line': b'-- Up-to-date symlink: /home/giromi/Repos/VTOL/ws_sensor_combined_src/install/px4_msgs/share/px4_msgs/msg/DatamanResponse.msg\n'}
[7.378064] (px4_msgs) StdoutLine: {'line': b'-- Up-to-date symlink: /home/giromi/Repos/VTOL/ws_sensor_combined_src/install/px4_msgs/share/px4_msgs/msg/DebugArray.msg\n'}
[7.378288] (px4_msgs) StdoutLine: {'line': b'-- Up-to-date symlink: /home/giromi/Repos/VTOL/ws_sensor_combined_src/install/px4_msgs/share/px4_msgs/msg/DebugKeyValue.msg\n'}
[7.378479] (px4_msgs) StdoutLine: {'line': b'-- Up-to-date symlink: /home/giromi/Repos/VTOL/ws_sensor_combined_src/install/px4_msgs/share/px4_msgs/msg/DebugValue.msg\n'}
[7.378681] (px4_msgs) StdoutLine: {'line': b'-- Up-to-date symlink: /home/giromi/Repos/VTOL/ws_sensor_combined_src/install/px4_msgs/share/px4_msgs/msg/DebugVect.msg\n'}
[7.378884] (px4_msgs) StdoutLine: {'line': b'-- Up-to-date symlink: /home/giromi/Repos/VTOL/ws_sensor_combined_src/install/px4_msgs/share/px4_msgs/msg/DifferentialDriveSetpoint.msg\n'}
[7.379081] (px4_msgs) StdoutLine: {'line': b'-- Up-to-date symlink: /home/giromi/Repos/VTOL/ws_sensor_combined_src/install/px4_msgs/share/px4_msgs/msg/DifferentialPressure.msg\n'}
[7.379310] (px4_msgs) StdoutLine: {'line': b'-- Up-to-date symlink: /home/giromi/Repos/VTOL/ws_sensor_combined_src/install/px4_msgs/share/px4_msgs/msg/DistanceSensor.msg\n'}
[7.379523] (px4_msgs) StdoutLine: {'line': b'-- Up-to-date symlink: /home/giromi/Repos/VTOL/ws_sensor_combined_src/install/px4_msgs/share/px4_msgs/msg/Ekf2Timestamps.msg\n'}
[7.379684] (px4_msgs) StdoutLine: {'line': b'-- Up-to-date symlink: /home/giromi/Repos/VTOL/ws_sensor_combined_src/install/px4_msgs/share/px4_msgs/msg/EscReport.msg\n'}
[7.379839] (px4_msgs) StdoutLine: {'line': b'-- Up-to-date symlink: /home/giromi/Repos/VTOL/ws_sensor_combined_src/install/px4_msgs/share/px4_msgs/msg/EscStatus.msg\n'}
[7.380115] (px4_msgs) StdoutLine: {'line': b'-- Up-to-date symlink: /home/giromi/Repos/VTOL/ws_sensor_combined_src/install/px4_msgs/share/px4_msgs/msg/EstimatorAidSource1d.msg\n'}
[7.380321] (px4_msgs) StdoutLine: {'line': b'-- Up-to-date symlink: /home/giromi/Repos/VTOL/ws_sensor_combined_src/install/px4_msgs/share/px4_msgs/msg/EstimatorAidSource2d.msg\n'}
[7.380523] (px4_msgs) StdoutLine: {'line': b'-- Up-to-date symlink: /home/giromi/Repos/VTOL/ws_sensor_combined_src/install/px4_msgs/share/px4_msgs/msg/EstimatorAidSource3d.msg\n'}
[7.380708] (px4_msgs) StdoutLine: {'line': b'-- Up-to-date symlink: /home/giromi/Repos/VTOL/ws_sensor_combined_src/install/px4_msgs/share/px4_msgs/msg/EstimatorBias.msg\n'}
[7.380933] (px4_msgs) StdoutLine: {'line': b'-- Up-to-date symlink: /home/giromi/Repos/VTOL/ws_sensor_combined_src/install/px4_msgs/share/px4_msgs/msg/EstimatorBias3d.msg\n'}
[7.381188] (px4_msgs) StdoutLine: {'line': b'-- Up-to-date symlink: /home/giromi/Repos/VTOL/ws_sensor_combined_src/install/px4_msgs/share/px4_msgs/msg/EstimatorEventFlags.msg\n'}
[7.381392] (px4_msgs) StdoutLine: {'line': b'-- Up-to-date symlink: /home/giromi/Repos/VTOL/ws_sensor_combined_src/install/px4_msgs/share/px4_msgs/msg/EstimatorGpsStatus.msg\n'}
[7.381583] (px4_msgs) StdoutLine: {'line': b'-- Up-to-date symlink: /home/giromi/Repos/VTOL/ws_sensor_combined_src/install/px4_msgs/share/px4_msgs/msg/EstimatorInnovations.msg\n'}
[7.381783] (px4_msgs) StdoutLine: {'line': b'-- Up-to-date symlink: /home/giromi/Repos/VTOL/ws_sensor_combined_src/install/px4_msgs/share/px4_msgs/msg/EstimatorSelectorStatus.msg\n'}
[7.381965] (px4_msgs) StdoutLine: {'line': b'-- Up-to-date symlink: /home/giromi/Repos/VTOL/ws_sensor_combined_src/install/px4_msgs/share/px4_msgs/msg/EstimatorSensorBias.msg\n'}
[7.382152] (px4_msgs) StdoutLine: {'line': b'-- Up-to-date symlink: /home/giromi/Repos/VTOL/ws_sensor_combined_src/install/px4_msgs/share/px4_msgs/msg/EstimatorStates.msg\n'}
[7.382349] (px4_msgs) StdoutLine: {'line': b'-- Up-to-date symlink: /home/giromi/Repos/VTOL/ws_sensor_combined_src/install/px4_msgs/share/px4_msgs/msg/EstimatorStatus.msg\n'}
[7.382542] (px4_msgs) StdoutLine: {'line': b'-- Up-to-date symlink: /home/giromi/Repos/VTOL/ws_sensor_combined_src/install/px4_msgs/share/px4_msgs/msg/EstimatorStatusFlags.msg\n'}
[7.382696] (px4_msgs) StdoutLine: {'line': b'-- Up-to-date symlink: /home/giromi/Repos/VTOL/ws_sensor_combined_src/install/px4_msgs/share/px4_msgs/msg/Event.msg\n'}
[7.382903] (px4_msgs) StdoutLine: {'line': b'-- Up-to-date symlink: /home/giromi/Repos/VTOL/ws_sensor_combined_src/install/px4_msgs/share/px4_msgs/msg/FailsafeFlags.msg\n'}
[7.383132] (px4_msgs) StdoutLine: {'line': b'-- Up-to-date symlink: /home/giromi/Repos/VTOL/ws_sensor_combined_src/install/px4_msgs/share/px4_msgs/msg/FailureDetectorStatus.msg\n'}
[7.383357] (px4_msgs) StdoutLine: {'line': b'-- Up-to-date symlink: /home/giromi/Repos/VTOL/ws_sensor_combined_src/install/px4_msgs/share/px4_msgs/msg/FigureEightStatus.msg\n'}
[7.383618] (px4_msgs) StdoutLine: {'line': b'-- Up-to-date symlink: /home/giromi/Repos/VTOL/ws_sensor_combined_src/install/px4_msgs/share/px4_msgs/msg/FollowTarget.msg\n'}
[7.383911] (px4_msgs) StdoutLine: {'line': b'-- Up-to-date symlink: /home/giromi/Repos/VTOL/ws_sensor_combined_src/install/px4_msgs/share/px4_msgs/msg/FollowTargetEstimator.msg\n'}
[7.384245] (px4_msgs) StdoutLine: {'line': b'-- Up-to-date symlink: /home/giromi/Repos/VTOL/ws_sensor_combined_src/install/px4_msgs/share/px4_msgs/msg/FollowTargetStatus.msg\n'}
[7.384699] (px4_msgs) StdoutLine: {'line': b'-- Up-to-date symlink: /home/giromi/Repos/VTOL/ws_sensor_combined_src/install/px4_msgs/share/px4_msgs/msg/GeneratorStatus.msg\n'}
[7.385290] (px4_msgs) StdoutLine: {'line': b'-- Up-to-date symlink: /home/giromi/Repos/VTOL/ws_sensor_combined_src/install/px4_msgs/share/px4_msgs/msg/GeofenceResult.msg\n'}
[7.385579] (px4_msgs) StdoutLine: {'line': b'-- Up-to-date symlink: /home/giromi/Repos/VTOL/ws_sensor_combined_src/install/px4_msgs/share/px4_msgs/msg/GimbalControls.msg\n'}
[7.385812] (px4_msgs) StdoutLine: {'line': b'-- Up-to-date symlink: /home/giromi/Repos/VTOL/ws_sensor_combined_src/install/px4_msgs/share/px4_msgs/msg/GimbalDeviceAttitudeStatus.msg\n'}
[7.386018] (px4_msgs) StdoutLine: {'line': b'-- Up-to-date symlink: /home/giromi/Repos/VTOL/ws_sensor_combined_src/install/px4_msgs/share/px4_msgs/msg/GimbalDeviceInformation.msg\n'}
[7.386230] (px4_msgs) StdoutLine: {'line': b'-- Up-to-date symlink: /home/giromi/Repos/VTOL/ws_sensor_combined_src/install/px4_msgs/share/px4_msgs/msg/GimbalDeviceSetAttitude.msg\n'}
[7.386436] (px4_msgs) StdoutLine: {'line': b'-- Up-to-date symlink: /home/giromi/Repos/VTOL/ws_sensor_combined_src/install/px4_msgs/share/px4_msgs/msg/GimbalManagerInformation.msg\n'}
[7.386652] (px4_msgs) StdoutLine: {'line': b'-- Up-to-date symlink: /home/giromi/Repos/VTOL/ws_sensor_combined_src/install/px4_msgs/share/px4_msgs/msg/GimbalManagerSetAttitude.msg\n'}
[7.386844] (px4_msgs) StdoutLine: {'line': b'-- Up-to-date symlink: /home/giromi/Repos/VTOL/ws_sensor_combined_src/install/px4_msgs/share/px4_msgs/msg/GimbalManagerSetManualControl.msg\n'}
[7.387031] (px4_msgs) StdoutLine: {'line': b'-- Up-to-date symlink: /home/giromi/Repos/VTOL/ws_sensor_combined_src/install/px4_msgs/share/px4_msgs/msg/GimbalManagerStatus.msg\n'}
[7.387247] (px4_msgs) StdoutLine: {'line': b'-- Up-to-date symlink: /home/giromi/Repos/VTOL/ws_sensor_combined_src/install/px4_msgs/share/px4_msgs/msg/GotoSetpoint.msg\n'}
[7.387462] (px4_msgs) StdoutLine: {'line': b'-- Up-to-date symlink: /home/giromi/Repos/VTOL/ws_sensor_combined_src/install/px4_msgs/share/px4_msgs/msg/GpioConfig.msg\n'}
[7.387664] (px4_msgs) StdoutLine: {'line': b'-- Up-to-date symlink: /home/giromi/Repos/VTOL/ws_sensor_combined_src/install/px4_msgs/share/px4_msgs/msg/GpioIn.msg\n'}
[7.387856] (px4_msgs) StdoutLine: {'line': b'-- Up-to-date symlink: /home/giromi/Repos/VTOL/ws_sensor_combined_src/install/px4_msgs/share/px4_msgs/msg/GpioOut.msg\n'}
[7.388101] (px4_msgs) StdoutLine: {'line': b'-- Up-to-date symlink: /home/giromi/Repos/VTOL/ws_sensor_combined_src/install/px4_msgs/share/px4_msgs/msg/GpioRequest.msg\n'}
[7.388323] (px4_msgs) StdoutLine: {'line': b'-- Up-to-date symlink: /home/giromi/Repos/VTOL/ws_sensor_combined_src/install/px4_msgs/share/px4_msgs/msg/GpsDump.msg\n'}
[7.388485] (px4_msgs) StdoutLine: {'line': b'-- Up-to-date symlink: /home/giromi/Repos/VTOL/ws_sensor_combined_src/install/px4_msgs/share/px4_msgs/msg/GpsInjectData.msg\n'}
[7.388708] (px4_msgs) StdoutLine: {'line': b'-- Up-to-date symlink: /home/giromi/Repos/VTOL/ws_sensor_combined_src/install/px4_msgs/share/px4_msgs/msg/Gripper.msg\n'}
[7.388889] (px4_msgs) StdoutLine: {'line': b'-- Up-to-date symlink: /home/giromi/Repos/VTOL/ws_sensor_combined_src/install/px4_msgs/share/px4_msgs/msg/HealthReport.msg\n'}
[7.389035] (px4_msgs) StdoutLine: {'line': b'-- Up-to-date symlink: /home/giromi/Repos/VTOL/ws_sensor_combined_src/install/px4_msgs/share/px4_msgs/msg/HeaterStatus.msg\n'}
[7.389238] (px4_msgs) StdoutLine: {'line': b'-- Up-to-date symlink: /home/giromi/Repos/VTOL/ws_sensor_combined_src/install/px4_msgs/share/px4_msgs/msg/HomePosition.msg\n'}
[7.389435] (px4_msgs) StdoutLine: {'line': b'-- Up-to-date symlink: /home/giromi/Repos/VTOL/ws_sensor_combined_src/install/px4_msgs/share/px4_msgs/msg/HoverThrustEstimate.msg\n'}
[7.389634] (px4_msgs) StdoutLine: {'line': b'-- Up-to-date symlink: /home/giromi/Repos/VTOL/ws_sensor_combined_src/install/px4_msgs/share/px4_msgs/msg/InputRc.msg\n'}
[7.389841] (px4_msgs) StdoutLine: {'line': b'-- Up-to-date symlink: /home/giromi/Repos/VTOL/ws_sensor_combined_src/install/px4_msgs/share/px4_msgs/msg/InternalCombustionEngineStatus.msg\n'}
[7.390039] (px4_msgs) StdoutLine: {'line': b'-- Up-to-date symlink: /home/giromi/Repos/VTOL/ws_sensor_combined_src/install/px4_msgs/share/px4_msgs/msg/IridiumsbdStatus.msg\n'}
[7.390228] (px4_msgs) StdoutLine: {'line': b'-- Up-to-date symlink: /home/giromi/Repos/VTOL/ws_sensor_combined_src/install/px4_msgs/share/px4_msgs/msg/IrlockReport.msg\n'}
[7.390399] (px4_msgs) StdoutLine: {'line': b'-- Up-to-date symlink: /home/giromi/Repos/VTOL/ws_sensor_combined_src/install/px4_msgs/share/px4_msgs/msg/LandingGear.msg\n'}
[7.390587] (px4_msgs) StdoutLine: {'line': b'-- Up-to-date symlink: /home/giromi/Repos/VTOL/ws_sensor_combined_src/install/px4_msgs/share/px4_msgs/msg/LandingGearWheel.msg\n'}
[7.390760] (px4_msgs) StdoutLine: {'line': b'-- Up-to-date symlink: /home/giromi/Repos/VTOL/ws_sensor_combined_src/install/px4_msgs/share/px4_msgs/msg/LandingTargetInnovations.msg\n'}
[7.390939] (px4_msgs) StdoutLine: {'line': b'-- Up-to-date symlink: /home/giromi/Repos/VTOL/ws_sensor_combined_src/install/px4_msgs/share/px4_msgs/msg/LandingTargetPose.msg\n'}
[7.391130] (px4_msgs) StdoutLine: {'line': b'-- Up-to-date symlink: /home/giromi/Repos/VTOL/ws_sensor_combined_src/install/px4_msgs/share/px4_msgs/msg/LaunchDetectionStatus.msg\n'}
[7.391334] (px4_msgs) StdoutLine: {'line': b'-- Up-to-date symlink: /home/giromi/Repos/VTOL/ws_sensor_combined_src/install/px4_msgs/share/px4_msgs/msg/LedControl.msg\n'}
[7.391536] (px4_msgs) StdoutLine: {'line': b'-- Up-to-date symlink: /home/giromi/Repos/VTOL/ws_sensor_combined_src/install/px4_msgs/share/px4_msgs/msg/LogMessage.msg\n'}
[7.391721] (px4_msgs) StdoutLine: {'line': b'-- Up-to-date symlink: /home/giromi/Repos/VTOL/ws_sensor_combined_src/install/px4_msgs/share/px4_msgs/msg/LoggerStatus.msg\n'}
[7.391902] (px4_msgs) StdoutLine: {'line': b'-- Up-to-date symlink: /home/giromi/Repos/VTOL/ws_sensor_combined_src/install/px4_msgs/share/px4_msgs/msg/MagWorkerData.msg\n'}
[7.392155] (px4_msgs) StdoutLine: {'line': b'-- Up-to-date symlink: /home/giromi/Repos/VTOL/ws_sensor_combined_src/install/px4_msgs/share/px4_msgs/msg/MagnetometerBiasEstimate.msg\n'}
[7.392325] (px4_msgs) StdoutLine: {'line': b'-- Up-to-date symlink: /home/giromi/Repos/VTOL/ws_sensor_combined_src/install/px4_msgs/share/px4_msgs/msg/ManualControlSetpoint.msg\n'}
[7.392478] (px4_msgs) StdoutLine: {'line': b'-- Up-to-date symlink: /home/giromi/Repos/VTOL/ws_sensor_combined_src/install/px4_msgs/share/px4_msgs/msg/ManualControlSwitches.msg\n'}
[7.392679] (px4_msgs) StdoutLine: {'line': b'-- Up-to-date symlink: /home/giromi/Repos/VTOL/ws_sensor_combined_src/install/px4_msgs/share/px4_msgs/msg/MavlinkLog.msg\n'}
[7.392865] (px4_msgs) StdoutLine: {'line': b'-- Up-to-date symlink: /home/giromi/Repos/VTOL/ws_sensor_combined_src/install/px4_msgs/share/px4_msgs/msg/MavlinkTunnel.msg\n'}
[7.393037] (px4_msgs) StdoutLine: {'line': b'-- Up-to-date symlink: /home/giromi/Repos/VTOL/ws_sensor_combined_src/install/px4_msgs/share/px4_msgs/msg/MessageFormatRequest.msg\n'}
[7.393223] (px4_msgs) StdoutLine: {'line': b'-- Up-to-date symlink: /home/giromi/Repos/VTOL/ws_sensor_combined_src/install/px4_msgs/share/px4_msgs/msg/MessageFormatResponse.msg\n'}
[7.393416] (px4_msgs) StdoutLine: {'line': b'-- Up-to-date symlink: /home/giromi/Repos/VTOL/ws_sensor_combined_src/install/px4_msgs/share/px4_msgs/msg/Mission.msg\n'}
[7.393624] (px4_msgs) StdoutLine: {'line': b'-- Up-to-date symlink: /home/giromi/Repos/VTOL/ws_sensor_combined_src/install/px4_msgs/share/px4_msgs/msg/MissionResult.msg\n'}
[7.393828] (px4_msgs) StdoutLine: {'line': b'-- Up-to-date symlink: /home/giromi/Repos/VTOL/ws_sensor_combined_src/install/px4_msgs/share/px4_msgs/msg/ModeCompleted.msg\n'}
[7.394023] (px4_msgs) StdoutLine: {'line': b'-- Up-to-date symlink: /home/giromi/Repos/VTOL/ws_sensor_combined_src/install/px4_msgs/share/px4_msgs/msg/MountOrientation.msg\n'}
[7.394228] (px4_msgs) StdoutLine: {'line': b'-- Up-to-date symlink: /home/giromi/Repos/VTOL/ws_sensor_combined_src/install/px4_msgs/share/px4_msgs/msg/NavigatorMissionItem.msg\n'}
[7.394427] (px4_msgs) StdoutLine: {'line': b'-- Up-to-date symlink: /home/giromi/Repos/VTOL/ws_sensor_combined_src/install/px4_msgs/share/px4_msgs/msg/NormalizedUnsignedSetpoint.msg\n'}
[7.394633] (px4_msgs) StdoutLine: {'line': b'-- Up-to-date symlink: /home/giromi/Repos/VTOL/ws_sensor_combined_src/install/px4_msgs/share/px4_msgs/msg/NpfgStatus.msg\n'}
[7.394829] (px4_msgs) StdoutLine: {'line': b'-- Up-to-date symlink: /home/giromi/Repos/VTOL/ws_sensor_combined_src/install/px4_msgs/share/px4_msgs/msg/ObstacleDistance.msg\n'}
[7.395026] (px4_msgs) StdoutLine: {'line': b'-- Up-to-date symlink: /home/giromi/Repos/VTOL/ws_sensor_combined_src/install/px4_msgs/share/px4_msgs/msg/OffboardControlMode.msg\n'}
[7.395224] (px4_msgs) StdoutLine: {'line': b'-- Up-to-date symlink: /home/giromi/Repos/VTOL/ws_sensor_combined_src/install/px4_msgs/share/px4_msgs/msg/OnboardComputerStatus.msg\n'}
[7.395426] (px4_msgs) StdoutLine: {'line': b'-- Up-to-date symlink: /home/giromi/Repos/VTOL/ws_sensor_combined_src/install/px4_msgs/share/px4_msgs/msg/OrbTest.msg\n'}
[7.395632] (px4_msgs) StdoutLine: {'line': b'-- Up-to-date symlink: /home/giromi/Repos/VTOL/ws_sensor_combined_src/install/px4_msgs/share/px4_msgs/msg/OrbTestLarge.msg\n'}
[7.395849] (px4_msgs) StdoutLine: {'line': b'-- Up-to-date symlink: /home/giromi/Repos/VTOL/ws_sensor_combined_src/install/px4_msgs/share/px4_msgs/msg/OrbTestMedium.msg\n'}
[7.396088] (px4_msgs) StdoutLine: {'line': b'-- Up-to-date symlink: /home/giromi/Repos/VTOL/ws_sensor_combined_src/install/px4_msgs/share/px4_msgs/msg/OrbitStatus.msg\n'}
[7.396290] (px4_msgs) StdoutLine: {'line': b'-- Up-to-date symlink: /home/giromi/Repos/VTOL/ws_sensor_combined_src/install/px4_msgs/share/px4_msgs/msg/ParameterUpdate.msg\n'}
[7.396483] (px4_msgs) StdoutLine: {'line': b'-- Up-to-date symlink: /home/giromi/Repos/VTOL/ws_sensor_combined_src/install/px4_msgs/share/px4_msgs/msg/Ping.msg\n'}
[7.396684] (px4_msgs) StdoutLine: {'line': b'-- Up-to-date symlink: /home/giromi/Repos/VTOL/ws_sensor_combined_src/install/px4_msgs/share/px4_msgs/msg/PositionControllerLandingStatus.msg\n'}
[7.396886] (px4_msgs) StdoutLine: {'line': b'-- Up-to-date symlink: /home/giromi/Repos/VTOL/ws_sensor_combined_src/install/px4_msgs/share/px4_msgs/msg/PositionControllerStatus.msg\n'}
[7.397086] (px4_msgs) StdoutLine: {'line': b'-- Up-to-date symlink: /home/giromi/Repos/VTOL/ws_sensor_combined_src/install/px4_msgs/share/px4_msgs/msg/PositionSetpoint.msg\n'}
[7.397274] (px4_msgs) StdoutLine: {'line': b'-- Up-to-date symlink: /home/giromi/Repos/VTOL/ws_sensor_combined_src/install/px4_msgs/share/px4_msgs/msg/PositionSetpointTriplet.msg\n'}
[7.397454] (px4_msgs) StdoutLine: {'line': b'-- Up-to-date symlink: /home/giromi/Repos/VTOL/ws_sensor_combined_src/install/px4_msgs/share/px4_msgs/msg/PowerButtonState.msg\n'}
[7.397627] (px4_msgs) StdoutLine: {'line': b'-- Up-to-date symlink: /home/giromi/Repos/VTOL/ws_sensor_combined_src/install/px4_msgs/share/px4_msgs/msg/PowerMonitor.msg\n'}
[7.397919] (px4_msgs) StdoutLine: {'line': b'-- Up-to-date symlink: /home/giromi/Repos/VTOL/ws_sensor_combined_src/install/px4_msgs/share/px4_msgs/msg/PpsCapture.msg\n'}
[7.398147] (px4_msgs) StdoutLine: {'line': b'-- Up-to-date symlink: /home/giromi/Repos/VTOL/ws_sensor_combined_src/install/px4_msgs/share/px4_msgs/msg/PwmInput.msg\n'}
[7.398374] (px4_msgs) StdoutLine: {'line': b'-- Up-to-date symlink: /home/giromi/Repos/VTOL/ws_sensor_combined_src/install/px4_msgs/share/px4_msgs/msg/Px4ioStatus.msg\n'}
[7.398667] (px4_msgs) StdoutLine: {'line': b'-- Up-to-date symlink: /home/giromi/Repos/VTOL/ws_sensor_combined_src/install/px4_msgs/share/px4_msgs/msg/QshellReq.msg\n'}
[7.399076] (px4_msgs) StdoutLine: {'line': b'-- Up-to-date symlink: /home/giromi/Repos/VTOL/ws_sensor_combined_src/install/px4_msgs/share/px4_msgs/msg/QshellRetval.msg\n'}
[7.399567] (px4_msgs) StdoutLine: {'line': b'-- Up-to-date symlink: /home/giromi/Repos/VTOL/ws_sensor_combined_src/install/px4_msgs/share/px4_msgs/msg/RadioStatus.msg\n'}
[7.400123] (px4_msgs) StdoutLine: {'line': b'-- Up-to-date symlink: /home/giromi/Repos/VTOL/ws_sensor_combined_src/install/px4_msgs/share/px4_msgs/msg/RateCtrlStatus.msg\n'}
[7.400409] (px4_msgs) StdoutLine: {'line': b'-- Up-to-date symlink: /home/giromi/Repos/VTOL/ws_sensor_combined_src/install/px4_msgs/share/px4_msgs/msg/RcChannels.msg\n'}
[7.400658] (px4_msgs) StdoutLine: {'line': b'-- Up-to-date symlink: /home/giromi/Repos/VTOL/ws_sensor_combined_src/install/px4_msgs/share/px4_msgs/msg/RcParameterMap.msg\n'}
[7.400886] (px4_msgs) StdoutLine: {'line': b'-- Up-to-date symlink: /home/giromi/Repos/VTOL/ws_sensor_combined_src/install/px4_msgs/share/px4_msgs/msg/RegisterExtComponentReply.msg\n'}
[7.401062] (px4_msgs) StdoutLine: {'line': b'-- Up-to-date symlink: /home/giromi/Repos/VTOL/ws_sensor_combined_src/install/px4_msgs/share/px4_msgs/msg/RegisterExtComponentRequest.msg\n'}
[7.401242] (px4_msgs) StdoutLine: {'line': b'-- Up-to-date symlink: /home/giromi/Repos/VTOL/ws_sensor_combined_src/install/px4_msgs/share/px4_msgs/msg/Rpm.msg\n'}
[7.401457] (px4_msgs) StdoutLine: {'line': b'-- Up-to-date symlink: /home/giromi/Repos/VTOL/ws_sensor_combined_src/install/px4_msgs/share/px4_msgs/msg/RtlTimeEstimate.msg\n'}
[7.401680] (px4_msgs) StdoutLine: {'line': b'-- Up-to-date symlink: /home/giromi/Repos/VTOL/ws_sensor_combined_src/install/px4_msgs/share/px4_msgs/msg/SatelliteInfo.msg\n'}
[7.402077] (px4_msgs) StdoutLine: {'line': b'-- Up-to-date symlink: /home/giromi/Repos/VTOL/ws_sensor_combined_src/install/px4_msgs/share/px4_msgs/msg/SensorAccel.msg\n'}
[7.402596] (px4_msgs) StdoutLine: {'line': b'-- Up-to-date symlink: /home/giromi/Repos/VTOL/ws_sensor_combined_src/install/px4_msgs/share/px4_msgs/msg/SensorAccelFifo.msg\n'}
[7.403063] (px4_msgs) StdoutLine: {'line': b'-- Up-to-date symlink: /home/giromi/Repos/VTOL/ws_sensor_combined_src/install/px4_msgs/share/px4_msgs/msg/SensorAirflow.msg\n'}
[7.403458] (px4_msgs) StdoutLine: {'line': b'-- Up-to-date symlink: /home/giromi/Repos/VTOL/ws_sensor_combined_src/install/px4_msgs/share/px4_msgs/msg/SensorBaro.msg\n'}
[7.403681] (px4_msgs) StdoutLine: {'line': b'-- Up-to-date symlink: /home/giromi/Repos/VTOL/ws_sensor_combined_src/install/px4_msgs/share/px4_msgs/msg/SensorCombined.msg\n'}
[7.403888] (px4_msgs) StdoutLine: {'line': b'-- Up-to-date symlink: /home/giromi/Repos/VTOL/ws_sensor_combined_src/install/px4_msgs/share/px4_msgs/msg/SensorCorrection.msg\n'}
[7.404252] (px4_msgs) StdoutLine: {'line': b'-- Up-to-date symlink: /home/giromi/Repos/VTOL/ws_sensor_combined_src/install/px4_msgs/share/px4_msgs/msg/SensorGnssRelative.msg\n'}
[7.404456] (px4_msgs) StdoutLine: {'line': b'-- Up-to-date symlink: /home/giromi/Repos/VTOL/ws_sensor_combined_src/install/px4_msgs/share/px4_msgs/msg/SensorGps.msg\n'}
[7.404779] (px4_msgs) StdoutLine: {'line': b'-- Up-to-date symlink: /home/giromi/Repos/VTOL/ws_sensor_combined_src/install/px4_msgs/share/px4_msgs/msg/SensorGyro.msg\n'}
[7.404985] (px4_msgs) StdoutLine: {'line': b'-- Up-to-date symlink: /home/giromi/Repos/VTOL/ws_sensor_combined_src/install/px4_msgs/share/px4_msgs/msg/SensorGyroFft.msg\n'}
[7.405175] (px4_msgs) StdoutLine: {'line': b'-- Up-to-date symlink: /home/giromi/Repos/VTOL/ws_sensor_combined_src/install/px4_msgs/share/px4_msgs/msg/SensorGyroFifo.msg\n'}
[7.405379] (px4_msgs) StdoutLine: {'line': b'-- Up-to-date symlink: /home/giromi/Repos/VTOL/ws_sensor_combined_src/install/px4_msgs/share/px4_msgs/msg/SensorHygrometer.msg\n'}
[7.405525] (px4_msgs) StdoutLine: {'line': b'-- Up-to-date symlink: /home/giromi/Repos/VTOL/ws_sensor_combined_src/install/px4_msgs/share/px4_msgs/msg/SensorMag.msg\n'}
[7.405742] (px4_msgs) StdoutLine: {'line': b'-- Up-to-date symlink: /home/giromi/Repos/VTOL/ws_sensor_combined_src/install/px4_msgs/share/px4_msgs/msg/SensorOpticalFlow.msg\n'}
[7.405950] (px4_msgs) StdoutLine: {'line': b'-- Up-to-date symlink: /home/giromi/Repos/VTOL/ws_sensor_combined_src/install/px4_msgs/share/px4_msgs/msg/SensorPreflightMag.msg\n'}
[7.406122] (px4_msgs) StdoutLine: {'line': b'-- Up-to-date symlink: /home/giromi/Repos/VTOL/ws_sensor_combined_src/install/px4_msgs/share/px4_msgs/msg/SensorSelection.msg\n'}
[7.406334] (px4_msgs) StdoutLine: {'line': b'-- Up-to-date symlink: /home/giromi/Repos/VTOL/ws_sensor_combined_src/install/px4_msgs/share/px4_msgs/msg/SensorUwb.msg\n'}
[7.406524] (px4_msgs) StdoutLine: {'line': b'-- Up-to-date symlink: /home/giromi/Repos/VTOL/ws_sensor_combined_src/install/px4_msgs/share/px4_msgs/msg/SensorsStatus.msg\n'}
[7.406646] (px4_msgs) StdoutLine: {'line': b'-- Up-to-date symlink: /home/giromi/Repos/VTOL/ws_sensor_combined_src/install/px4_msgs/share/px4_msgs/msg/SensorsStatusImu.msg\n'}
[7.406822] (px4_msgs) StdoutLine: {'line': b'-- Up-to-date symlink: /home/giromi/Repos/VTOL/ws_sensor_combined_src/install/px4_msgs/share/px4_msgs/msg/SystemPower.msg\n'}
[7.407036] (px4_msgs) StdoutLine: {'line': b'-- Up-to-date symlink: /home/giromi/Repos/VTOL/ws_sensor_combined_src/install/px4_msgs/share/px4_msgs/msg/TakeoffStatus.msg\n'}
[7.407214] (px4_msgs) StdoutLine: {'line': b'-- Up-to-date symlink: /home/giromi/Repos/VTOL/ws_sensor_combined_src/install/px4_msgs/share/px4_msgs/msg/TaskStackInfo.msg\n'}
[7.407466] (px4_msgs) StdoutLine: {'line': b'-- Up-to-date symlink: /home/giromi/Repos/VTOL/ws_sensor_combined_src/install/px4_msgs/share/px4_msgs/msg/TecsStatus.msg\n'}
[7.407694] (px4_msgs) StdoutLine: {'line': b'-- Up-to-date symlink: /home/giromi/Repos/VTOL/ws_sensor_combined_src/install/px4_msgs/share/px4_msgs/msg/TelemetryStatus.msg\n'}
[7.407890] (px4_msgs) StdoutLine: {'line': b'-- Up-to-date symlink: /home/giromi/Repos/VTOL/ws_sensor_combined_src/install/px4_msgs/share/px4_msgs/msg/TiltrotorExtraControls.msg\n'}
[7.408084] (px4_msgs) StdoutLine: {'line': b'-- Up-to-date symlink: /home/giromi/Repos/VTOL/ws_sensor_combined_src/install/px4_msgs/share/px4_msgs/msg/TimesyncStatus.msg\n'}
[7.408269] (px4_msgs) StdoutLine: {'line': b'-- Up-to-date symlink: /home/giromi/Repos/VTOL/ws_sensor_combined_src/install/px4_msgs/share/px4_msgs/msg/TrajectoryBezier.msg\n'}
[7.408504] (px4_msgs) StdoutLine: {'line': b'-- Up-to-date symlink: /home/giromi/Repos/VTOL/ws_sensor_combined_src/install/px4_msgs/share/px4_msgs/msg/TrajectorySetpoint.msg\n'}
[7.408746] (px4_msgs) StdoutLine: {'line': b'-- Up-to-date symlink: /home/giromi/Repos/VTOL/ws_sensor_combined_src/install/px4_msgs/share/px4_msgs/msg/TrajectoryWaypoint.msg\n'}
[7.408958] (px4_msgs) StdoutLine: {'line': b'-- Up-to-date symlink: /home/giromi/Repos/VTOL/ws_sensor_combined_src/install/px4_msgs/share/px4_msgs/msg/TransponderReport.msg\n'}
[7.409127] (px4_msgs) StdoutLine: {'line': b'-- Up-to-date symlink: /home/giromi/Repos/VTOL/ws_sensor_combined_src/install/px4_msgs/share/px4_msgs/msg/TuneControl.msg\n'}
[7.409284] (px4_msgs) StdoutLine: {'line': b'-- Up-to-date symlink: /home/giromi/Repos/VTOL/ws_sensor_combined_src/install/px4_msgs/share/px4_msgs/msg/UavcanParameterRequest.msg\n'}
[7.409483] (px4_msgs) StdoutLine: {'line': b'-- Up-to-date symlink: /home/giromi/Repos/VTOL/ws_sensor_combined_src/install/px4_msgs/share/px4_msgs/msg/UavcanParameterValue.msg\n'}
[7.409735] (px4_msgs) StdoutLine: {'line': b'-- Up-to-date symlink: /home/giromi/Repos/VTOL/ws_sensor_combined_src/install/px4_msgs/share/px4_msgs/msg/UlogStream.msg\n'}
[7.409948] (px4_msgs) StdoutLine: {'line': b'-- Up-to-date symlink: /home/giromi/Repos/VTOL/ws_sensor_combined_src/install/px4_msgs/share/px4_msgs/msg/UlogStreamAck.msg\n'}
[7.410175] (px4_msgs) StdoutLine: {'line': b'-- Up-to-date symlink: /home/giromi/Repos/VTOL/ws_sensor_combined_src/install/px4_msgs/share/px4_msgs/msg/UnregisterExtComponent.msg\n'}
[7.410332] (px4_msgs) StdoutLine: {'line': b'-- Up-to-date symlink: /home/giromi/Repos/VTOL/ws_sensor_combined_src/install/px4_msgs/share/px4_msgs/msg/VehicleAcceleration.msg\n'}
[7.410551] (px4_msgs) StdoutLine: {'line': b'-- Up-to-date symlink: /home/giromi/Repos/VTOL/ws_sensor_combined_src/install/px4_msgs/share/px4_msgs/msg/VehicleAirData.msg\n'}
[7.410782] (px4_msgs) StdoutLine: {'line': b'-- Up-to-date symlink: /home/giromi/Repos/VTOL/ws_sensor_combined_src/install/px4_msgs/share/px4_msgs/msg/VehicleAngularAccelerationSetpoint.msg\n'}
[7.410995] (px4_msgs) StdoutLine: {'line': b'-- Up-to-date symlink: /home/giromi/Repos/VTOL/ws_sensor_combined_src/install/px4_msgs/share/px4_msgs/msg/VehicleAngularVelocity.msg\n'}
[7.411218] (px4_msgs) StdoutLine: {'line': b'-- Up-to-date symlink: /home/giromi/Repos/VTOL/ws_sensor_combined_src/install/px4_msgs/share/px4_msgs/msg/VehicleAttitude.msg\n'}
[7.411374] (px4_msgs) StdoutLine: {'line': b'-- Up-to-date symlink: /home/giromi/Repos/VTOL/ws_sensor_combined_src/install/px4_msgs/share/px4_msgs/msg/VehicleAttitudeSetpoint.msg\n'}
[7.411571] (px4_msgs) StdoutLine: {'line': b'-- Up-to-date symlink: /home/giromi/Repos/VTOL/ws_sensor_combined_src/install/px4_msgs/share/px4_msgs/msg/VehicleCommand.msg\n'}
[7.411765] (px4_msgs) StdoutLine: {'line': b'-- Up-to-date symlink: /home/giromi/Repos/VTOL/ws_sensor_combined_src/install/px4_msgs/share/px4_msgs/msg/VehicleCommandAck.msg\n'}
[7.411940] (px4_msgs) StdoutLine: {'line': b'-- Up-to-date symlink: /home/giromi/Repos/VTOL/ws_sensor_combined_src/install/px4_msgs/share/px4_msgs/msg/VehicleConstraints.msg\n'}
[7.412158] (px4_msgs) StdoutLine: {'line': b'-- Up-to-date symlink: /home/giromi/Repos/VTOL/ws_sensor_combined_src/install/px4_msgs/share/px4_msgs/msg/VehicleControlMode.msg\n'}
[7.412364] (px4_msgs) StdoutLine: {'line': b'-- Up-to-date symlink: /home/giromi/Repos/VTOL/ws_sensor_combined_src/install/px4_msgs/share/px4_msgs/msg/VehicleGlobalPosition.msg\n'}
[7.412612] (px4_msgs) StdoutLine: {'line': b'-- Up-to-date symlink: /home/giromi/Repos/VTOL/ws_sensor_combined_src/install/px4_msgs/share/px4_msgs/msg/VehicleImu.msg\n'}
[7.412760] (px4_msgs) StdoutLine: {'line': b'-- Up-to-date symlink: /home/giromi/Repos/VTOL/ws_sensor_combined_src/install/px4_msgs/share/px4_msgs/msg/VehicleImuStatus.msg\n'}
[7.412959] (px4_msgs) StdoutLine: {'line': b'-- Up-to-date symlink: /home/giromi/Repos/VTOL/ws_sensor_combined_src/install/px4_msgs/share/px4_msgs/msg/VehicleLandDetected.msg\n'}
[7.413169] (px4_msgs) StdoutLine: {'line': b'-- Up-to-date symlink: /home/giromi/Repos/VTOL/ws_sensor_combined_src/install/px4_msgs/share/px4_msgs/msg/VehicleLocalPosition.msg\n'}
[7.413361] (px4_msgs) StdoutLine: {'line': b'-- Up-to-date symlink: /home/giromi/Repos/VTOL/ws_sensor_combined_src/install/px4_msgs/share/px4_msgs/msg/VehicleLocalPositionSetpoint.msg\n'}
[7.413560] (px4_msgs) StdoutLine: {'line': b'-- Up-to-date symlink: /home/giromi/Repos/VTOL/ws_sensor_combined_src/install/px4_msgs/share/px4_msgs/msg/VehicleMagnetometer.msg\n'}
[7.413728] (px4_msgs) StdoutLine: {'line': b'-- Up-to-date symlink: /home/giromi/Repos/VTOL/ws_sensor_combined_src/install/px4_msgs/share/px4_msgs/msg/VehicleOdometry.msg\n'}
[7.413950] (px4_msgs) StdoutLine: {'line': b'-- Up-to-date symlink: /home/giromi/Repos/VTOL/ws_sensor_combined_src/install/px4_msgs/share/px4_msgs/msg/VehicleOpticalFlow.msg\n'}
[7.414119] (px4_msgs) StdoutLine: {'line': b'-- Up-to-date symlink: /home/giromi/Repos/VTOL/ws_sensor_combined_src/install/px4_msgs/share/px4_msgs/msg/VehicleOpticalFlowVel.msg\n'}
[7.414299] (px4_msgs) StdoutLine: {'line': b'-- Up-to-date symlink: /home/giromi/Repos/VTOL/ws_sensor_combined_src/install/px4_msgs/share/px4_msgs/msg/VehicleRatesSetpoint.msg\n'}
[7.414509] (px4_msgs) StdoutLine: {'line': b'-- Up-to-date symlink: /home/giromi/Repos/VTOL/ws_sensor_combined_src/install/px4_msgs/share/px4_msgs/msg/VehicleRoi.msg\n'}
[7.414710] (px4_msgs) StdoutLine: {'line': b'-- Up-to-date symlink: /home/giromi/Repos/VTOL/ws_sensor_combined_src/install/px4_msgs/share/px4_msgs/msg/VehicleStatus.msg\n'}
[7.414908] (px4_msgs) StdoutLine: {'line': b'-- Up-to-date symlink: /home/giromi/Repos/VTOL/ws_sensor_combined_src/install/px4_msgs/share/px4_msgs/msg/VehicleThrustSetpoint.msg\n'}
[7.415122] (px4_msgs) StdoutLine: {'line': b'-- Up-to-date symlink: /home/giromi/Repos/VTOL/ws_sensor_combined_src/install/px4_msgs/share/px4_msgs/msg/VehicleTorqueSetpoint.msg\n'}
[7.415353] (px4_msgs) StdoutLine: {'line': b'-- Up-to-date symlink: /home/giromi/Repos/VTOL/ws_sensor_combined_src/install/px4_msgs/share/px4_msgs/msg/VehicleTrajectoryBezier.msg\n'}
[7.415552] (px4_msgs) StdoutLine: {'line': b'-- Up-to-date symlink: /home/giromi/Repos/VTOL/ws_sensor_combined_src/install/px4_msgs/share/px4_msgs/msg/VehicleTrajectoryWaypoint.msg\n'}
[7.415706] (px4_msgs) StdoutLine: {'line': b'-- Up-to-date symlink: /home/giromi/Repos/VTOL/ws_sensor_combined_src/install/px4_msgs/share/px4_msgs/msg/VelocityLimits.msg\n'}
[7.415915] (px4_msgs) StdoutLine: {'line': b'-- Up-to-date symlink: /home/giromi/Repos/VTOL/ws_sensor_combined_src/install/px4_msgs/share/px4_msgs/msg/VtolVehicleStatus.msg\n'}
[7.416210] (px4_msgs) StdoutLine: {'line': b'-- Up-to-date symlink: /home/giromi/Repos/VTOL/ws_sensor_combined_src/install/px4_msgs/share/px4_msgs/msg/WheelEncoders.msg\n'}
[7.416375] (px4_msgs) StdoutLine: {'line': b'-- Up-to-date symlink: /home/giromi/Repos/VTOL/ws_sensor_combined_src/install/px4_msgs/share/px4_msgs/msg/Wind.msg\n'}
[7.416559] (px4_msgs) StdoutLine: {'line': b'-- Up-to-date symlink: /home/giromi/Repos/VTOL/ws_sensor_combined_src/install/px4_msgs/share/px4_msgs/msg/YawEstimatorStatus.msg\n'}
[7.416746] (px4_msgs) StdoutLine: {'line': b'-- Up-to-date symlink: /home/giromi/Repos/VTOL/ws_sensor_combined_src/install/px4_msgs/share/px4_msgs/srv/VehicleCommand.srv\n'}
[7.416976] (px4_msgs) StdoutLine: {'line': b'-- Up-to-date symlink: /home/giromi/Repos/VTOL/ws_sensor_combined_src/install/px4_msgs/share/px4_msgs/srv/VehicleCommand_Request.msg\n'}
[7.417218] (px4_msgs) StdoutLine: {'line': b'-- Up-to-date symlink: /home/giromi/Repos/VTOL/ws_sensor_combined_src/install/px4_msgs/share/px4_msgs/srv/VehicleCommand_Response.msg\n'}
[7.417414] (px4_msgs) StdoutLine: {'line': b'-- Up-to-date symlink: /home/giromi/Repos/VTOL/ws_sensor_combined_src/install/px4_msgs/share/ament_index/resource_index/package_run_dependencies/px4_msgs\n'}
[7.417677] (px4_msgs) StdoutLine: {'line': b'-- Up-to-date symlink: /home/giromi/Repos/VTOL/ws_sensor_combined_src/install/px4_msgs/share/ament_index/resource_index/parent_prefix_path/px4_msgs\n'}
[7.417868] (px4_msgs) StdoutLine: {'line': b'-- Up-to-date symlink: /home/giromi/Repos/VTOL/ws_sensor_combined_src/install/px4_msgs/share/px4_msgs/environment/ament_prefix_path.sh\n'}
[7.418063] (px4_msgs) StdoutLine: {'line': b'-- Up-to-date symlink: /home/giromi/Repos/VTOL/ws_sensor_combined_src/install/px4_msgs/share/px4_msgs/environment/ament_prefix_path.dsv\n'}
[7.418330] (px4_msgs) StdoutLine: {'line': b'-- Up-to-date symlink: /home/giromi/Repos/VTOL/ws_sensor_combined_src/install/px4_msgs/share/px4_msgs/environment/path.sh\n'}
[7.418567] (px4_msgs) StdoutLine: {'line': b'-- Up-to-date symlink: /home/giromi/Repos/VTOL/ws_sensor_combined_src/install/px4_msgs/share/px4_msgs/environment/path.dsv\n'}
[7.418751] (px4_msgs) StdoutLine: {'line': b'-- Up-to-date symlink: /home/giromi/Repos/VTOL/ws_sensor_combined_src/install/px4_msgs/share/px4_msgs/local_setup.bash\n'}
[7.418933] (px4_msgs) StdoutLine: {'line': b'-- Up-to-date symlink: /home/giromi/Repos/VTOL/ws_sensor_combined_src/install/px4_msgs/share/px4_msgs/local_setup.sh\n'}
[7.419168] (px4_msgs) StdoutLine: {'line': b'-- Up-to-date symlink: /home/giromi/Repos/VTOL/ws_sensor_combined_src/install/px4_msgs/share/px4_msgs/local_setup.zsh\n'}
[7.419478] (px4_msgs) StdoutLine: {'line': b'-- Up-to-date symlink: /home/giromi/Repos/VTOL/ws_sensor_combined_src/install/px4_msgs/share/px4_msgs/local_setup.dsv\n'}
[7.419660] (px4_msgs) StdoutLine: {'line': b'-- Symlinking: /home/giromi/Repos/VTOL/ws_sensor_combined_src/install/px4_msgs/share/px4_msgs/package.dsv\n'}
[7.420146] (-) TimerEvent: {}
[7.423892] (px4_msgs) StdoutLine: {'line': b'-- Up-to-date symlink: /home/giromi/Repos/VTOL/ws_sensor_combined_src/install/px4_msgs/share/ament_index/resource_index/packages/px4_msgs\n'}
[7.424166] (px4_msgs) StdoutLine: {'line': b'-- Up-to-date symlink: /home/giromi/Repos/VTOL/ws_sensor_combined_src/install/px4_msgs/share/px4_msgs/cmake/rosidl_cmake-extras.cmake\n'}
[7.424369] (px4_msgs) StdoutLine: {'line': b'-- Up-to-date symlink: /home/giromi/Repos/VTOL/ws_sensor_combined_src/install/px4_msgs/share/px4_msgs/cmake/ament_cmake_export_dependencies-extras.cmake\n'}
[7.424551] (px4_msgs) StdoutLine: {'line': b'-- Up-to-date symlink: /home/giromi/Repos/VTOL/ws_sensor_combined_src/install/px4_msgs/share/px4_msgs/cmake/ament_cmake_export_include_directories-extras.cmake\n'}
[7.424779] (px4_msgs) StdoutLine: {'line': b'-- Up-to-date symlink: /home/giromi/Repos/VTOL/ws_sensor_combined_src/install/px4_msgs/share/px4_msgs/cmake/ament_cmake_export_libraries-extras.cmake\n'}
[7.424963] (px4_msgs) StdoutLine: {'line': b'-- Up-to-date symlink: /home/giromi/Repos/VTOL/ws_sensor_combined_src/install/px4_msgs/share/px4_msgs/cmake/ament_cmake_export_targets-extras.cmake\n'}
[7.425124] (px4_msgs) StdoutLine: {'line': b'-- Up-to-date symlink: /home/giromi/Repos/VTOL/ws_sensor_combined_src/install/px4_msgs/share/px4_msgs/cmake/rosidl_cmake_export_typesupport_targets-extras.cmake\n'}
[7.425297] (px4_msgs) StdoutLine: {'line': b'-- Up-to-date symlink: /home/giromi/Repos/VTOL/ws_sensor_combined_src/install/px4_msgs/share/px4_msgs/cmake/rosidl_cmake_export_typesupport_libraries-extras.cmake\n'}
[7.425510] (px4_msgs) StdoutLine: {'line': b'-- Up-to-date symlink: /home/giromi/Repos/VTOL/ws_sensor_combined_src/install/px4_msgs/share/px4_msgs/cmake/px4_msgsConfig.cmake\n'}
[7.425655] (px4_msgs) StdoutLine: {'line': b'-- Up-to-date symlink: /home/giromi/Repos/VTOL/ws_sensor_combined_src/install/px4_msgs/share/px4_msgs/cmake/px4_msgsConfig-version.cmake\n'}
[7.425861] (px4_msgs) StdoutLine: {'line': b'-- Up-to-date symlink: /home/giromi/Repos/VTOL/ws_sensor_combined_src/install/px4_msgs/share/px4_msgs/package.xml\n'}
[7.426375] (px4_msgs) StdoutLine: {'line': b'-- Up-to-date: /home/giromi/Repos/VTOL/ws_sensor_combined_src/install/px4_msgs/lib/libpx4_msgs__rosidl_generator_c.so\n'}
[7.426783] (px4_msgs) StdoutLine: {'line': b'-- Up-to-date: /home/giromi/Repos/VTOL/ws_sensor_combined_src/install/px4_msgs/lib/libpx4_msgs__rosidl_typesupport_fastrtps_c.so\n'}
[7.427202] (px4_msgs) StdoutLine: {'line': b'-- Up-to-date: /home/giromi/Repos/VTOL/ws_sensor_combined_src/install/px4_msgs/lib/libpx4_msgs__rosidl_typesupport_fastrtps_cpp.so\n'}
[7.427545] (px4_msgs) StdoutLine: {'line': b'-- Up-to-date: /home/giromi/Repos/VTOL/ws_sensor_combined_src/install/px4_msgs/lib/libpx4_msgs__rosidl_typesupport_introspection_c.so\n'}
[7.427856] (px4_msgs) StdoutLine: {'line': b'-- Up-to-date: /home/giromi/Repos/VTOL/ws_sensor_combined_src/install/px4_msgs/lib/libpx4_msgs__rosidl_typesupport_c.so\n'}
[7.428235] (px4_msgs) StdoutLine: {'line': b'-- Up-to-date: /home/giromi/Repos/VTOL/ws_sensor_combined_src/install/px4_msgs/lib/libpx4_msgs__rosidl_typesupport_introspection_cpp.so\n'}
[7.428565] (px4_msgs) StdoutLine: {'line': b'-- Up-to-date: /home/giromi/Repos/VTOL/ws_sensor_combined_src/install/px4_msgs/lib/libpx4_msgs__rosidl_typesupport_cpp.so\n'}
[7.469643] (px4_msgs) StdoutLine: {'line': b"Listing '/home/giromi/Repos/VTOL/ws_sensor_combined_src/install/px4_msgs/local/lib/python3.10/dist-packages/px4_msgs'...\n"}
[7.469798] (px4_msgs) StdoutLine: {'line': b"Listing '/home/giromi/Repos/VTOL/ws_sensor_combined_src/install/px4_msgs/local/lib/python3.10/dist-packages/px4_msgs/msg'...\n"}
[7.469868] (px4_msgs) StdoutLine: {'line': b"Listing '/home/giromi/Repos/VTOL/ws_sensor_combined_src/install/px4_msgs/local/lib/python3.10/dist-packages/px4_msgs/srv'...\n"}
[7.474231] (px4_msgs) StdoutLine: {'line': b'-- Up-to-date: /home/giromi/Repos/VTOL/ws_sensor_combined_src/install/px4_msgs/lib/libpx4_msgs__rosidl_generator_py.so\n'}
[7.474597] (px4_msgs) StdoutLine: {'line': b'-- Up-to-date: /home/giromi/Repos/VTOL/ws_sensor_combined_src/install/px4_msgs/share/px4_msgs/cmake/export_px4_msgs__rosidl_generator_cExport.cmake\n'}
[7.474909] (px4_msgs) StdoutLine: {'line': b'-- Up-to-date: /home/giromi/Repos/VTOL/ws_sensor_combined_src/install/px4_msgs/share/px4_msgs/cmake/export_px4_msgs__rosidl_generator_cExport-noconfig.cmake\n'}
[7.475117] (px4_msgs) StdoutLine: {'line': b'-- Up-to-date: /home/giromi/Repos/VTOL/ws_sensor_combined_src/install/px4_msgs/share/px4_msgs/cmake/export_px4_msgs__rosidl_typesupport_fastrtps_cExport.cmake\n'}
[7.475237] (px4_msgs) StdoutLine: {'line': b'-- Up-to-date: /home/giromi/Repos/VTOL/ws_sensor_combined_src/install/px4_msgs/share/px4_msgs/cmake/export_px4_msgs__rosidl_typesupport_fastrtps_cExport-noconfig.cmake\n'}
[7.475371] (px4_msgs) StdoutLine: {'line': b'-- Up-to-date: /home/giromi/Repos/VTOL/ws_sensor_combined_src/install/px4_msgs/share/px4_msgs/cmake/export_px4_msgs__rosidl_generator_cppExport.cmake\n'}
[7.475508] (px4_msgs) StdoutLine: {'line': b'-- Up-to-date: /home/giromi/Repos/VTOL/ws_sensor_combined_src/install/px4_msgs/share/px4_msgs/cmake/export_px4_msgs__rosidl_typesupport_fastrtps_cppExport.cmake\n'}
[7.475569] (px4_msgs) StdoutLine: {'line': b'-- Up-to-date: /home/giromi/Repos/VTOL/ws_sensor_combined_src/install/px4_msgs/share/px4_msgs/cmake/export_px4_msgs__rosidl_typesupport_fastrtps_cppExport-noconfig.cmake\n'}
[7.475665] (px4_msgs) StdoutLine: {'line': b'-- Up-to-date: /home/giromi/Repos/VTOL/ws_sensor_combined_src/install/px4_msgs/share/px4_msgs/cmake/px4_msgs__rosidl_typesupport_introspection_cExport.cmake\n'}
[7.475741] (px4_msgs) StdoutLine: {'line': b'-- Up-to-date: /home/giromi/Repos/VTOL/ws_sensor_combined_src/install/px4_msgs/share/px4_msgs/cmake/px4_msgs__rosidl_typesupport_introspection_cExport-noconfig.cmake\n'}
[7.475818] (px4_msgs) StdoutLine: {'line': b'-- Up-to-date: /home/giromi/Repos/VTOL/ws_sensor_combined_src/install/px4_msgs/share/px4_msgs/cmake/px4_msgs__rosidl_typesupport_cExport.cmake\n'}
[7.475896] (px4_msgs) StdoutLine: {'line': b'-- Up-to-date: /home/giromi/Repos/VTOL/ws_sensor_combined_src/install/px4_msgs/share/px4_msgs/cmake/px4_msgs__rosidl_typesupport_cExport-noconfig.cmake\n'}
[7.476001] (px4_msgs) StdoutLine: {'line': b'-- Up-to-date: /home/giromi/Repos/VTOL/ws_sensor_combined_src/install/px4_msgs/share/px4_msgs/cmake/px4_msgs__rosidl_typesupport_introspection_cppExport.cmake\n'}
[7.476132] (px4_msgs) StdoutLine: {'line': b'-- Up-to-date: /home/giromi/Repos/VTOL/ws_sensor_combined_src/install/px4_msgs/share/px4_msgs/cmake/px4_msgs__rosidl_typesupport_introspection_cppExport-noconfig.cmake\n'}
[7.476225] (px4_msgs) StdoutLine: {'line': b'-- Up-to-date: /home/giromi/Repos/VTOL/ws_sensor_combined_src/install/px4_msgs/share/px4_msgs/cmake/px4_msgs__rosidl_typesupport_cppExport.cmake\n'}
[7.476295] (px4_msgs) StdoutLine: {'line': b'-- Up-to-date: /home/giromi/Repos/VTOL/ws_sensor_combined_src/install/px4_msgs/share/px4_msgs/cmake/px4_msgs__rosidl_typesupport_cppExport-noconfig.cmake\n'}
[7.476356] (px4_msgs) StdoutLine: {'line': b'-- Up-to-date: /home/giromi/Repos/VTOL/ws_sensor_combined_src/install/px4_msgs/share/px4_msgs/cmake/export_px4_msgs__rosidl_generator_pyExport.cmake\n'}
[7.476416] (px4_msgs) StdoutLine: {'line': b'-- Up-to-date: /home/giromi/Repos/VTOL/ws_sensor_combined_src/install/px4_msgs/share/px4_msgs/cmake/export_px4_msgs__rosidl_generator_pyExport-noconfig.cmake\n'}
[7.477915] (px4_msgs) CommandEnded: {'returncode': 0}
[7.520321] (-) TimerEvent: {}
[7.620635] (-) TimerEvent: {}
[7.720962] (-) TimerEvent: {}
[7.821446] (-) TimerEvent: {}
[7.921794] (-) TimerEvent: {}
[8.022125] (-) TimerEvent: {}
[8.122423] (-) TimerEvent: {}
[8.222700] (-) TimerEvent: {}
[8.323022] (-) TimerEvent: {}
[8.423335] (-) TimerEvent: {}
[8.523581] (-) TimerEvent: {}
[8.623865] (-) TimerEvent: {}
[8.724127] (-) TimerEvent: {}
[8.824449] (-) TimerEvent: {}
[8.924723] (-) TimerEvent: {}
[9.024959] (-) TimerEvent: {}
[9.125225] (-) TimerEvent: {}
[9.225576] (-) TimerEvent: {}
[9.325889] (-) TimerEvent: {}
[9.426181] (-) TimerEvent: {}
[9.526622] (-) TimerEvent: {}
[9.627013] (-) TimerEvent: {}
[9.727250] (-) TimerEvent: {}
[9.827464] (-) TimerEvent: {}
[9.927713] (-) TimerEvent: {}
[10.027990] (-) TimerEvent: {}
[10.128253] (-) TimerEvent: {}
[10.228480] (-) TimerEvent: {}
[10.328751] (-) TimerEvent: {}
[10.428995] (-) TimerEvent: {}
[10.529302] (-) TimerEvent: {}
[10.629530] (-) TimerEvent: {}
[10.729813] (-) TimerEvent: {}
[10.830168] (-) TimerEvent: {}
[10.930405] (-) TimerEvent: {}
[11.030675] (-) TimerEvent: {}
[11.130952] (-) TimerEvent: {}
[11.231224] (-) TimerEvent: {}
[11.331469] (-) TimerEvent: {}
[11.431874] (-) TimerEvent: {}
[11.532296] (-) TimerEvent: {}
[11.632568] (-) TimerEvent: {}
[11.732862] (-) TimerEvent: {}
[11.833218] (-) TimerEvent: {}
[11.933484] (-) TimerEvent: {}
[12.033872] (-) TimerEvent: {}
[12.134184] (-) TimerEvent: {}
[12.234448] (-) TimerEvent: {}
[12.334704] (-) TimerEvent: {}
[12.434953] (-) TimerEvent: {}
[12.535231] (-) TimerEvent: {}
[12.635519] (-) TimerEvent: {}
[12.735810] (-) TimerEvent: {}
[12.836188] (-) TimerEvent: {}
[12.936532] (-) TimerEvent: {}
[13.036827] (-) TimerEvent: {}
[13.137959] (-) TimerEvent: {}
[13.222596] (px4_msgs) JobEnded: {'identifier': 'px4_msgs', 'rc': 0}
[13.223588] (px4_ros2_cpp) JobStarted: {'identifier': 'px4_ros2_cpp'}
[13.238077] (-) TimerEvent: {}
[13.300037] (px4_ros_com) JobStarted: {'identifier': 'px4_ros_com'}
[13.338235] (-) TimerEvent: {}
[13.385867] (px4_ros2_cpp) JobProgress: {'identifier': 'px4_ros2_cpp', 'progress': 'cmake'}
[13.386914] (px4_ros2_cpp) JobProgress: {'identifier': 'px4_ros2_cpp', 'progress': 'build'}
[13.387348] (px4_ros2_cpp) Command: {'cmd': ['/usr/local/bin/cmake', '--build', '/home/giromi/Repos/VTOL/ws_sensor_combined_src/build/px4_ros2_cpp', '--', '-j8', '-l8'], 'cwd': '/home/giromi/Repos/VTOL/ws_sensor_combined_src/build/px4_ros2_cpp', 'env': OrderedDict([('LESSOPEN', '| /usr/bin/lesspipe %s'), ('TMUX', '/tmp/tmux-1000/default,11588,2'), ('USER', 'giromi'), ('LC_TIME', 'ko_KR.UTF-8'), ('XDG_SESSION_TYPE', 'x11'), ('SHLVL', '2'), ('LD_LIBRARY_PATH', '/home/giromi/Repos/VTOL/ws_sensor_combined_src/install/px4_msgs/lib:/opt/ros/humble/opt/rviz_ogre_vendor/lib:/opt/ros/humble/lib/x86_64-linux-gnu:/opt/ros/humble/lib'), ('HOME', '/home/giromi'), ('OLDPWD', '/home/giromi/Repos'), ('TERM_PROGRAM_VERSION', '3.2a'), ('DESKTOP_SESSION', 'ubuntu'), ('NVM_BIN', '/home/giromi/.nvm/versions/node/v20.11.0/bin'), ('NVM_INC', '/home/giromi/.nvm/versions/node/v20.11.0/include/node'), ('ROS_PYTHON_VERSION', '3'), ('GNOME_SHELL_SESSION_MODE', 'ubuntu'), ('GTK_MODULES', 'gail:atk-bridge'), ('LC_MONETARY', 'ko_KR.UTF-8'), ('SYSTEMD_EXEC_PID', '2086'), ('DBUS_SESSION_BUS_ADDRESS', 'unix:path=/run/user/1000/bus'), ('COLORTERM', 'truecolor'), ('NVM_DIR', '/home/giromi/.nvm'), ('COLCON_PREFIX_PATH', '/home/giromi/Repos/ros2_ws/install'), ('ROS_DISTRO', 'humble'), ('GTK_IM_MODULE', 'ibus'), ('LOGNAME', 'giromi'), ('_', '/usr/bin/colcon'), ('ROS_VERSION', '2'), ('XDG_SESSION_CLASS', 'user'), ('USERNAME', 'giromi'), ('TERM', 'screen-256color'), ('GNOME_DESKTOP_SESSION_ID', 'this-is-deprecated'), ('ROS_LOCALHOST_ONLY', '0'), ('WINDOWPATH', '2'), ('PATH', '/opt/gcc-arm-none-eabi-9-2020-q2-update/bin:/home/giromi/.local/bin:/home/giromi/.nvm/versions/node/v20.11.0/bin:/opt/ros/humble/bin:/opt/gcc-arm-none-eabi-9-2020-q2-update/bin:/home/giromi/.local/bin:/usr/local/sbin:/usr/local/bin:/usr/sbin:/usr/bin:/sbin:/bin:/usr/games:/usr/local/games:/snap/bin:/snap/bin:/home/giromi/Bashes:/home/giromi/Bashes'), ('SESSION_MANAGER', 'local/ubuntu22:@/tmp/.ICE-unix/2063,unix/ubuntu22:/tmp/.ICE-unix/2063'), ('XDG_MENU_PREFIX', 'gnome-'), ('LC_ADDRESS', 'ko_KR.UTF-8'), ('GNOME_TERMINAL_SCREEN', '/org/gnome/Terminal/screen/6a3067ed_8076_461a_8fc0_84c32ba13639'), ('XDG_RUNTIME_DIR', '/run/user/1000'), ('DISPLAY', ':1'), ('LANG', 'en_US.UTF-8'), ('XDG_CURRENT_DESKTOP', 'ubuntu:GNOME'), ('LC_TELEPHONE', 'ko_KR.UTF-8'), ('XMODIFIERS', '@im=ibus'), ('XDG_SESSION_DESKTOP', 'ubuntu'), ('XAUTHORITY', '/run/user/1000/gdm/Xauthority'), ('LS_COLORS', 'rs=0:di=01;34:ln=01;36:mh=00:pi=40;33:so=01;35:do=01;35:bd=40;33;01:cd=40;33;01:or=40;31;01:mi=00:su=37;41:sg=30;43:ca=30;41:tw=30;42:ow=34;42:st=37;44:ex=01;32:*.tar=01;31:*.tgz=01;31:*.arc=01;31:*.arj=01;31:*.taz=01;31:*.lha=01;31:*.lz4=01;31:*.lzh=01;31:*.lzma=01;31:*.tlz=01;31:*.txz=01;31:*.tzo=01;31:*.t7z=01;31:*.zip=01;31:*.z=01;31:*.dz=01;31:*.gz=01;31:*.lrz=01;31:*.lz=01;31:*.lzo=01;31:*.xz=01;31:*.zst=01;31:*.tzst=01;31:*.bz2=01;31:*.bz=01;31:*.tbz=01;31:*.tbz2=01;31:*.tz=01;31:*.deb=01;31:*.rpm=01;31:*.jar=01;31:*.war=01;31:*.ear=01;31:*.sar=01;31:*.rar=01;31:*.alz=01;31:*.ace=01;31:*.zoo=01;31:*.cpio=01;31:*.7z=01;31:*.rz=01;31:*.cab=01;31:*.wim=01;31:*.swm=01;31:*.dwm=01;31:*.esd=01;31:*.jpg=01;35:*.jpeg=01;35:*.mjpg=01;35:*.mjpeg=01;35:*.gif=01;35:*.bmp=01;35:*.pbm=01;35:*.pgm=01;35:*.ppm=01;35:*.tga=01;35:*.xbm=01;35:*.xpm=01;35:*.tif=01;35:*.tiff=01;35:*.png=01;35:*.svg=01;35:*.svgz=01;35:*.mng=01;35:*.pcx=01;35:*.mov=01;35:*.mpg=01;35:*.mpeg=01;35:*.m2v=01;35:*.mkv=01;35:*.webm=01;35:*.webp=01;35:*.ogm=01;35:*.mp4=01;35:*.m4v=01;35:*.mp4v=01;35:*.vob=01;35:*.qt=01;35:*.nuv=01;35:*.wmv=01;35:*.asf=01;35:*.rm=01;35:*.rmvb=01;35:*.flc=01;35:*.avi=01;35:*.fli=01;35:*.flv=01;35:*.gl=01;35:*.dl=01;35:*.xcf=01;35:*.xwd=01;35:*.yuv=01;35:*.cgm=01;35:*.emf=01;35:*.ogv=01;35:*.ogx=01;35:*.aac=00;36:*.au=00;36:*.flac=00;36:*.m4a=00;36:*.mid=00;36:*.midi=00;36:*.mka=00;36:*.mp3=00;36:*.mpc=00;36:*.ogg=00;36:*.ra=00;36:*.wav=00;36:*.oga=00;36:*.opus=00;36:*.spx=00;36:*.xspf=00;36:'), ('GNOME_TERMINAL_SERVICE', ':1.100'), ('TERM_PROGRAM', 'tmux'), ('SSH_AGENT_LAUNCHER', 'gnome-keyring'), ('SSH_AUTH_SOCK', '/run/user/1000/keyring/ssh'), ('AMENT_PREFIX_PATH', '/home/giromi/Repos/VTOL/ws_sensor_combined_src/install/px4_msgs:/opt/ros/humble'), ('SHELL', '/bin/bash'), ('LC_NAME', 'ko_KR.UTF-8'), ('QT_ACCESSIBILITY', '1'), ('GDMSESSION', 'ubuntu'), ('LESSCLOSE', '/usr/bin/lesspipe %s %s'), ('LC_MEASUREMENT', 'ko_KR.UTF-8'), ('GPG_AGENT_INFO', '/run/user/1000/gnupg/S.gpg-agent:0:1'), ('LC_IDENTIFICATION', 'ko_KR.UTF-8'), ('QT_IM_MODULE', 'ibus'), ('PWD', '/home/giromi/Repos/VTOL/ws_sensor_combined_src/build/px4_ros2_cpp'), ('LC_ALL', 'en_US.UTF-8'), ('XDG_CONFIG_DIRS', '/etc/xdg/xdg-ubuntu:/etc/xdg'), ('NVM_CD_FLAGS', ''), ('XDG_DATA_DIRS', '/usr/share/ubuntu:/usr/share/gnome:/usr/local/share/:/usr/share/:/var/lib/snapd/desktop'), ('PYTHONPATH', '/home/giromi/Repos/VTOL/ws_sensor_combined_src/install/px4_msgs/local/lib/python3.10/dist-packages:/opt/ros/humble/lib/python3.10/site-packages:/opt/ros/humble/local/lib/python3.10/dist-packages'), ('LC_NUMERIC', 'ko_KR.UTF-8'), ('TMUX_PLUGIN_MANAGER_PATH', '/home/giromi/.tmux/plugins/'), ('LC_PAPER', 'ko_KR.UTF-8'), ('COLCON', '1'), ('VTE_VERSION', '6800'), ('TMUX_PANE', '%8'), ('CMAKE_PREFIX_PATH', '/home/giromi/Repos/VTOL/ws_sensor_combined_src/install/px4_msgs:/opt/ros/humble')]), 'shell': False}
[13.391404] (px4_ros_com) JobProgress: {'identifier': 'px4_ros_com', 'progress': 'cmake'}
[13.392455] (px4_ros_com) JobProgress: {'identifier': 'px4_ros_com', 'progress': 'build'}
[13.392997] (px4_ros_com) Command: {'cmd': ['/usr/local/bin/cmake', '--build', '/home/giromi/Repos/VTOL/ws_sensor_combined_src/build/px4_ros_com', '--', '-j8', '-l8'], 'cwd': '/home/giromi/Repos/VTOL/ws_sensor_combined_src/build/px4_ros_com', 'env': OrderedDict([('LESSOPEN', '| /usr/bin/lesspipe %s'), ('TMUX', '/tmp/tmux-1000/default,11588,2'), ('USER', 'giromi'), ('LC_TIME', 'ko_KR.UTF-8'), ('XDG_SESSION_TYPE', 'x11'), ('SHLVL', '2'), ('LD_LIBRARY_PATH', '/home/giromi/Repos/VTOL/ws_sensor_combined_src/install/px4_msgs/lib:/opt/ros/humble/opt/rviz_ogre_vendor/lib:/opt/ros/humble/lib/x86_64-linux-gnu:/opt/ros/humble/lib'), ('HOME', '/home/giromi'), ('OLDPWD', '/home/giromi/Repos'), ('TERM_PROGRAM_VERSION', '3.2a'), ('DESKTOP_SESSION', 'ubuntu'), ('NVM_BIN', '/home/giromi/.nvm/versions/node/v20.11.0/bin'), ('NVM_INC', '/home/giromi/.nvm/versions/node/v20.11.0/include/node'), ('ROS_PYTHON_VERSION', '3'), ('GNOME_SHELL_SESSION_MODE', 'ubuntu'), ('GTK_MODULES', 'gail:atk-bridge'), ('LC_MONETARY', 'ko_KR.UTF-8'), ('SYSTEMD_EXEC_PID', '2086'), ('DBUS_SESSION_BUS_ADDRESS', 'unix:path=/run/user/1000/bus'), ('COLORTERM', 'truecolor'), ('NVM_DIR', '/home/giromi/.nvm'), ('COLCON_PREFIX_PATH', '/home/giromi/Repos/ros2_ws/install'), ('ROS_DISTRO', 'humble'), ('GTK_IM_MODULE', 'ibus'), ('LOGNAME', 'giromi'), ('_', '/usr/bin/colcon'), ('ROS_VERSION', '2'), ('XDG_SESSION_CLASS', 'user'), ('USERNAME', 'giromi'), ('TERM', 'screen-256color'), ('GNOME_DESKTOP_SESSION_ID', 'this-is-deprecated'), ('ROS_LOCALHOST_ONLY', '0'), ('WINDOWPATH', '2'), ('PATH', '/opt/gcc-arm-none-eabi-9-2020-q2-update/bin:/home/giromi/.local/bin:/home/giromi/.nvm/versions/node/v20.11.0/bin:/opt/ros/humble/bin:/opt/gcc-arm-none-eabi-9-2020-q2-update/bin:/home/giromi/.local/bin:/usr/local/sbin:/usr/local/bin:/usr/sbin:/usr/bin:/sbin:/bin:/usr/games:/usr/local/games:/snap/bin:/snap/bin:/home/giromi/Bashes:/home/giromi/Bashes'), ('SESSION_MANAGER', 'local/ubuntu22:@/tmp/.ICE-unix/2063,unix/ubuntu22:/tmp/.ICE-unix/2063'), ('XDG_MENU_PREFIX', 'gnome-'), ('LC_ADDRESS', 'ko_KR.UTF-8'), ('GNOME_TERMINAL_SCREEN', '/org/gnome/Terminal/screen/6a3067ed_8076_461a_8fc0_84c32ba13639'), ('XDG_RUNTIME_DIR', '/run/user/1000'), ('DISPLAY', ':1'), ('LANG', 'en_US.UTF-8'), ('XDG_CURRENT_DESKTOP', 'ubuntu:GNOME'), ('LC_TELEPHONE', 'ko_KR.UTF-8'), ('XMODIFIERS', '@im=ibus'), ('XDG_SESSION_DESKTOP', 'ubuntu'), ('XAUTHORITY', '/run/user/1000/gdm/Xauthority'), ('LS_COLORS', 'rs=0:di=01;34:ln=01;36:mh=00:pi=40;33:so=01;35:do=01;35:bd=40;33;01:cd=40;33;01:or=40;31;01:mi=00:su=37;41:sg=30;43:ca=30;41:tw=30;42:ow=34;42:st=37;44:ex=01;32:*.tar=01;31:*.tgz=01;31:*.arc=01;31:*.arj=01;31:*.taz=01;31:*.lha=01;31:*.lz4=01;31:*.lzh=01;31:*.lzma=01;31:*.tlz=01;31:*.txz=01;31:*.tzo=01;31:*.t7z=01;31:*.zip=01;31:*.z=01;31:*.dz=01;31:*.gz=01;31:*.lrz=01;31:*.lz=01;31:*.lzo=01;31:*.xz=01;31:*.zst=01;31:*.tzst=01;31:*.bz2=01;31:*.bz=01;31:*.tbz=01;31:*.tbz2=01;31:*.tz=01;31:*.deb=01;31:*.rpm=01;31:*.jar=01;31:*.war=01;31:*.ear=01;31:*.sar=01;31:*.rar=01;31:*.alz=01;31:*.ace=01;31:*.zoo=01;31:*.cpio=01;31:*.7z=01;31:*.rz=01;31:*.cab=01;31:*.wim=01;31:*.swm=01;31:*.dwm=01;31:*.esd=01;31:*.jpg=01;35:*.jpeg=01;35:*.mjpg=01;35:*.mjpeg=01;35:*.gif=01;35:*.bmp=01;35:*.pbm=01;35:*.pgm=01;35:*.ppm=01;35:*.tga=01;35:*.xbm=01;35:*.xpm=01;35:*.tif=01;35:*.tiff=01;35:*.png=01;35:*.svg=01;35:*.svgz=01;35:*.mng=01;35:*.pcx=01;35:*.mov=01;35:*.mpg=01;35:*.mpeg=01;35:*.m2v=01;35:*.mkv=01;35:*.webm=01;35:*.webp=01;35:*.ogm=01;35:*.mp4=01;35:*.m4v=01;35:*.mp4v=01;35:*.vob=01;35:*.qt=01;35:*.nuv=01;35:*.wmv=01;35:*.asf=01;35:*.rm=01;35:*.rmvb=01;35:*.flc=01;35:*.avi=01;35:*.fli=01;35:*.flv=01;35:*.gl=01;35:*.dl=01;35:*.xcf=01;35:*.xwd=01;35:*.yuv=01;35:*.cgm=01;35:*.emf=01;35:*.ogv=01;35:*.ogx=01;35:*.aac=00;36:*.au=00;36:*.flac=00;36:*.m4a=00;36:*.mid=00;36:*.midi=00;36:*.mka=00;36:*.mp3=00;36:*.mpc=00;36:*.ogg=00;36:*.ra=00;36:*.wav=00;36:*.oga=00;36:*.opus=00;36:*.spx=00;36:*.xspf=00;36:'), ('GNOME_TERMINAL_SERVICE', ':1.100'), ('TERM_PROGRAM', 'tmux'), ('SSH_AGENT_LAUNCHER', 'gnome-keyring'), ('SSH_AUTH_SOCK', '/run/user/1000/keyring/ssh'), ('AMENT_PREFIX_PATH', '/home/giromi/Repos/VTOL/ws_sensor_combined_src/install/px4_msgs:/opt/ros/humble'), ('SHELL', '/bin/bash'), ('LC_NAME', 'ko_KR.UTF-8'), ('QT_ACCESSIBILITY', '1'), ('GDMSESSION', 'ubuntu'), ('LESSCLOSE', '/usr/bin/lesspipe %s %s'), ('LC_MEASUREMENT', 'ko_KR.UTF-8'), ('GPG_AGENT_INFO', '/run/user/1000/gnupg/S.gpg-agent:0:1'), ('LC_IDENTIFICATION', 'ko_KR.UTF-8'), ('QT_IM_MODULE', 'ibus'), ('PWD', '/home/giromi/Repos/VTOL/ws_sensor_combined_src/build/px4_ros_com'), ('LC_ALL', 'en_US.UTF-8'), ('XDG_CONFIG_DIRS', '/etc/xdg/xdg-ubuntu:/etc/xdg'), ('NVM_CD_FLAGS', ''), ('XDG_DATA_DIRS', '/usr/share/ubuntu:/usr/share/gnome:/usr/local/share/:/usr/share/:/var/lib/snapd/desktop'), ('PYTHONPATH', '/home/giromi/Repos/VTOL/ws_sensor_combined_src/install/px4_msgs/local/lib/python3.10/dist-packages:/opt/ros/humble/lib/python3.10/site-packages:/opt/ros/humble/local/lib/python3.10/dist-packages'), ('LC_NUMERIC', 'ko_KR.UTF-8'), ('TMUX_PLUGIN_MANAGER_PATH', '/home/giromi/.tmux/plugins/'), ('LC_PAPER', 'ko_KR.UTF-8'), ('COLCON', '1'), ('VTE_VERSION', '6800'), ('TMUX_PANE', '%8'), ('CMAKE_PREFIX_PATH', '/home/giromi/Repos/VTOL/ws_sensor_combined_src/install/px4_msgs:/opt/ros/humble')]), 'shell': False}
[13.438372] (-) TimerEvent: {}
[13.451970] (px4_ros2_cpp) StdoutLine: {'line': b'[  5%] Built target integration_utils\n'}
[13.453985] (px4_ros2_cpp) StdoutLine: {'line': b'[ 10%] Built target gtest\n'}
[13.455879] (px4_ros2_cpp) StdoutLine: {'line': b'[ 16%] Built target gtest_main\n'}
[13.460557] (px4_ros_com) StdoutLine: {'line': b'[  9%] Built target Dubins\n'}
[13.462762] (px4_ros_com) StdoutLine: {'line': b'[ 18%] Built target OffboardControl\n'}
[13.464717] (px4_ros_com) StdoutLine: {'line': b'[ 27%] Built target frame_transforms\n'}
[13.465037] (px4_ros_com) StdoutLine: {'line': b'[ 36%] Built target ServoControlPublisher\n'}
[13.467512] (px4_ros_com) StdoutLine: {'line': b'[ 45%] Built target sensor_combined_listener\n'}
[13.469837] (px4_ros_com) StdoutLine: {'line': b'[ 54%] Built target debug_vect_advertiser\n'}
[13.470092] (px4_ros_com) StdoutLine: {'line': b'[ 63%] Built target vehicle_gps_position_listener\n'}
[13.473667] (px4_ros_com) StdoutLine: {'line': b'[ 72%] Built target key_event_pub\n'}
[13.488663] (px4_ros_com) StdoutLine: {'line': b'[ 81%] Built target offboard_control\n'}
[13.489655] (px4_ros_com) StdoutLine: {'line': b'[ 90%] Built target key_event_sub\n'}
[13.489910] (px4_ros_com) StdoutLine: {'line': b'[100%] Built target pwm_aux_output\n'}
[13.497408] (px4_ros_com) CommandEnded: {'returncode': 0}
[13.500838] (px4_ros2_cpp) StdoutLine: {'line': b'[ 67%] Built target px4_ros2_cpp\n'}
[13.538373] (px4_ros2_cpp) StdoutLine: {'line': b'[ 81%] Built target px4_ros2_cpp_unit_tests\n'}
[13.538610] (-) TimerEvent: {}
[13.541929] (px4_ros2_cpp) StdoutLine: {'line': b'[100%] Built target integration_tests\n'}
[13.548717] (px4_ros2_cpp) CommandEnded: {'returncode': 0}
[13.558205] (px4_ros_com) JobProgress: {'identifier': 'px4_ros_com', 'progress': 'install'}
[13.558701] (px4_ros_com) Command: {'cmd': ['/usr/local/bin/cmake', '--install', '/home/giromi/Repos/VTOL/ws_sensor_combined_src/build/px4_ros_com'], 'cwd': '/home/giromi/Repos/VTOL/ws_sensor_combined_src/build/px4_ros_com', 'env': OrderedDict([('LESSOPEN', '| /usr/bin/lesspipe %s'), ('TMUX', '/tmp/tmux-1000/default,11588,2'), ('USER', 'giromi'), ('LC_TIME', 'ko_KR.UTF-8'), ('XDG_SESSION_TYPE', 'x11'), ('SHLVL', '2'), ('LD_LIBRARY_PATH', '/home/giromi/Repos/VTOL/ws_sensor_combined_src/install/px4_msgs/lib:/opt/ros/humble/opt/rviz_ogre_vendor/lib:/opt/ros/humble/lib/x86_64-linux-gnu:/opt/ros/humble/lib'), ('HOME', '/home/giromi'), ('OLDPWD', '/home/giromi/Repos'), ('TERM_PROGRAM_VERSION', '3.2a'), ('DESKTOP_SESSION', 'ubuntu'), ('NVM_BIN', '/home/giromi/.nvm/versions/node/v20.11.0/bin'), ('NVM_INC', '/home/giromi/.nvm/versions/node/v20.11.0/include/node'), ('ROS_PYTHON_VERSION', '3'), ('GNOME_SHELL_SESSION_MODE', 'ubuntu'), ('GTK_MODULES', 'gail:atk-bridge'), ('LC_MONETARY', 'ko_KR.UTF-8'), ('SYSTEMD_EXEC_PID', '2086'), ('DBUS_SESSION_BUS_ADDRESS', 'unix:path=/run/user/1000/bus'), ('COLORTERM', 'truecolor'), ('NVM_DIR', '/home/giromi/.nvm'), ('COLCON_PREFIX_PATH', '/home/giromi/Repos/ros2_ws/install'), ('ROS_DISTRO', 'humble'), ('GTK_IM_MODULE', 'ibus'), ('LOGNAME', 'giromi'), ('_', '/usr/bin/colcon'), ('ROS_VERSION', '2'), ('XDG_SESSION_CLASS', 'user'), ('USERNAME', 'giromi'), ('TERM', 'screen-256color'), ('GNOME_DESKTOP_SESSION_ID', 'this-is-deprecated'), ('ROS_LOCALHOST_ONLY', '0'), ('WINDOWPATH', '2'), ('PATH', '/opt/gcc-arm-none-eabi-9-2020-q2-update/bin:/home/giromi/.local/bin:/home/giromi/.nvm/versions/node/v20.11.0/bin:/opt/ros/humble/bin:/opt/gcc-arm-none-eabi-9-2020-q2-update/bin:/home/giromi/.local/bin:/usr/local/sbin:/usr/local/bin:/usr/sbin:/usr/bin:/sbin:/bin:/usr/games:/usr/local/games:/snap/bin:/snap/bin:/home/giromi/Bashes:/home/giromi/Bashes'), ('SESSION_MANAGER', 'local/ubuntu22:@/tmp/.ICE-unix/2063,unix/ubuntu22:/tmp/.ICE-unix/2063'), ('XDG_MENU_PREFIX', 'gnome-'), ('LC_ADDRESS', 'ko_KR.UTF-8'), ('GNOME_TERMINAL_SCREEN', '/org/gnome/Terminal/screen/6a3067ed_8076_461a_8fc0_84c32ba13639'), ('XDG_RUNTIME_DIR', '/run/user/1000'), ('DISPLAY', ':1'), ('LANG', 'en_US.UTF-8'), ('XDG_CURRENT_DESKTOP', 'ubuntu:GNOME'), ('LC_TELEPHONE', 'ko_KR.UTF-8'), ('XMODIFIERS', '@im=ibus'), ('XDG_SESSION_DESKTOP', 'ubuntu'), ('XAUTHORITY', '/run/user/1000/gdm/Xauthority'), ('LS_COLORS', 'rs=0:di=01;34:ln=01;36:mh=00:pi=40;33:so=01;35:do=01;35:bd=40;33;01:cd=40;33;01:or=40;31;01:mi=00:su=37;41:sg=30;43:ca=30;41:tw=30;42:ow=34;42:st=37;44:ex=01;32:*.tar=01;31:*.tgz=01;31:*.arc=01;31:*.arj=01;31:*.taz=01;31:*.lha=01;31:*.lz4=01;31:*.lzh=01;31:*.lzma=01;31:*.tlz=01;31:*.txz=01;31:*.tzo=01;31:*.t7z=01;31:*.zip=01;31:*.z=01;31:*.dz=01;31:*.gz=01;31:*.lrz=01;31:*.lz=01;31:*.lzo=01;31:*.xz=01;31:*.zst=01;31:*.tzst=01;31:*.bz2=01;31:*.bz=01;31:*.tbz=01;31:*.tbz2=01;31:*.tz=01;31:*.deb=01;31:*.rpm=01;31:*.jar=01;31:*.war=01;31:*.ear=01;31:*.sar=01;31:*.rar=01;31:*.alz=01;31:*.ace=01;31:*.zoo=01;31:*.cpio=01;31:*.7z=01;31:*.rz=01;31:*.cab=01;31:*.wim=01;31:*.swm=01;31:*.dwm=01;31:*.esd=01;31:*.jpg=01;35:*.jpeg=01;35:*.mjpg=01;35:*.mjpeg=01;35:*.gif=01;35:*.bmp=01;35:*.pbm=01;35:*.pgm=01;35:*.ppm=01;35:*.tga=01;35:*.xbm=01;35:*.xpm=01;35:*.tif=01;35:*.tiff=01;35:*.png=01;35:*.svg=01;35:*.svgz=01;35:*.mng=01;35:*.pcx=01;35:*.mov=01;35:*.mpg=01;35:*.mpeg=01;35:*.m2v=01;35:*.mkv=01;35:*.webm=01;35:*.webp=01;35:*.ogm=01;35:*.mp4=01;35:*.m4v=01;35:*.mp4v=01;35:*.vob=01;35:*.qt=01;35:*.nuv=01;35:*.wmv=01;35:*.asf=01;35:*.rm=01;35:*.rmvb=01;35:*.flc=01;35:*.avi=01;35:*.fli=01;35:*.flv=01;35:*.gl=01;35:*.dl=01;35:*.xcf=01;35:*.xwd=01;35:*.yuv=01;35:*.cgm=01;35:*.emf=01;35:*.ogv=01;35:*.ogx=01;35:*.aac=00;36:*.au=00;36:*.flac=00;36:*.m4a=00;36:*.mid=00;36:*.midi=00;36:*.mka=00;36:*.mp3=00;36:*.mpc=00;36:*.ogg=00;36:*.ra=00;36:*.wav=00;36:*.oga=00;36:*.opus=00;36:*.spx=00;36:*.xspf=00;36:'), ('GNOME_TERMINAL_SERVICE', ':1.100'), ('TERM_PROGRAM', 'tmux'), ('SSH_AGENT_LAUNCHER', 'gnome-keyring'), ('SSH_AUTH_SOCK', '/run/user/1000/keyring/ssh'), ('AMENT_PREFIX_PATH', '/home/giromi/Repos/VTOL/ws_sensor_combined_src/install/px4_msgs:/opt/ros/humble'), ('SHELL', '/bin/bash'), ('LC_NAME', 'ko_KR.UTF-8'), ('QT_ACCESSIBILITY', '1'), ('GDMSESSION', 'ubuntu'), ('LESSCLOSE', '/usr/bin/lesspipe %s %s'), ('LC_MEASUREMENT', 'ko_KR.UTF-8'), ('GPG_AGENT_INFO', '/run/user/1000/gnupg/S.gpg-agent:0:1'), ('LC_IDENTIFICATION', 'ko_KR.UTF-8'), ('QT_IM_MODULE', 'ibus'), ('PWD', '/home/giromi/Repos/VTOL/ws_sensor_combined_src/build/px4_ros_com'), ('LC_ALL', 'en_US.UTF-8'), ('XDG_CONFIG_DIRS', '/etc/xdg/xdg-ubuntu:/etc/xdg'), ('NVM_CD_FLAGS', ''), ('XDG_DATA_DIRS', '/usr/share/ubuntu:/usr/share/gnome:/usr/local/share/:/usr/share/:/var/lib/snapd/desktop'), ('PYTHONPATH', '/home/giromi/Repos/VTOL/ws_sensor_combined_src/install/px4_msgs/local/lib/python3.10/dist-packages:/opt/ros/humble/lib/python3.10/site-packages:/opt/ros/humble/local/lib/python3.10/dist-packages'), ('LC_NUMERIC', 'ko_KR.UTF-8'), ('TMUX_PLUGIN_MANAGER_PATH', '/home/giromi/.tmux/plugins/'), ('LC_PAPER', 'ko_KR.UTF-8'), ('COLCON', '1'), ('VTE_VERSION', '6800'), ('TMUX_PANE', '%8'), ('CMAKE_PREFIX_PATH', '/home/giromi/Repos/VTOL/ws_sensor_combined_src/install/px4_msgs:/opt/ros/humble')]), 'shell': False}
[13.563613] (px4_ros_com) StdoutLine: {'line': b'-- Install configuration: ""\n'}
[13.564450] (px4_ros_com) StdoutLine: {'line': b'-- Execute custom install script\n'}
[13.564894] (px4_ros_com) StdoutLine: {'line': b'-- Up-to-date symlink: /home/giromi/Repos/VTOL/ws_sensor_combined_src/install/px4_ros_com/lib/px4_ros_com/sensor_combined_listener\n'}
[13.565404] (px4_ros_com) StdoutLine: {'line': b'-- Up-to-date symlink: /home/giromi/Repos/VTOL/ws_sensor_combined_src/install/px4_ros_com/lib/px4_ros_com/vehicle_gps_position_listener\n'}
[13.565885] (px4_ros_com) StdoutLine: {'line': b'-- Up-to-date symlink: /home/giromi/Repos/VTOL/ws_sensor_combined_src/install/px4_ros_com/lib/px4_ros_com/debug_vect_advertiser\n'}
[13.566326] (px4_ros_com) StdoutLine: {'line': b'-- Up-to-date symlink: /home/giromi/Repos/VTOL/ws_sensor_combined_src/install/px4_ros_com/lib/px4_ros_com/offboard_control\n'}
[13.566779] (px4_ros_com) StdoutLine: {'line': b'-- Up-to-date symlink: /home/giromi/Repos/VTOL/ws_sensor_combined_src/install/px4_ros_com/lib/px4_ros_com/key_event_pub\n'}
[13.567202] (px4_ros_com) StdoutLine: {'line': b'-- Up-to-date symlink: /home/giromi/Repos/VTOL/ws_sensor_combined_src/install/px4_ros_com/lib/px4_ros_com/key_event_sub\n'}
[13.567644] (px4_ros_com) StdoutLine: {'line': b'-- Up-to-date symlink: /home/giromi/Repos/VTOL/ws_sensor_combined_src/install/px4_ros_com/lib/px4_ros_com/pwm_aux_output\n'}
[13.567968] (px4_ros_com) StdoutLine: {'line': b'-- Up-to-date symlink: /home/giromi/Repos/VTOL/ws_sensor_combined_src/install/px4_ros_com/share/px4_ros_com/environment/library_path.sh\n'}
[13.568334] (px4_ros_com) StdoutLine: {'line': b'-- Up-to-date symlink: /home/giromi/Repos/VTOL/ws_sensor_combined_src/install/px4_ros_com/share/px4_ros_com/environment/library_path.dsv\n'}
[13.568987] (px4_ros_com) StdoutLine: {'line': b'-- Up-to-date symlink: /home/giromi/Repos/VTOL/ws_sensor_combined_src/install/px4_ros_com/include/px4_ros_com/Dubins.hpp\n'}
[13.569241] (px4_ros_com) StdoutLine: {'line': b'-- Up-to-date symlink: /home/giromi/Repos/VTOL/ws_sensor_combined_src/install/px4_ros_com/include/px4_ros_com/OffboardControl.hpp\n'}
[13.569444] (px4_ros_com) StdoutLine: {'line': b'-- Up-to-date symlink: /home/giromi/Repos/VTOL/ws_sensor_combined_src/install/px4_ros_com/include/px4_ros_com/ServoControlPublisher.hpp\n'}
[13.569719] (px4_ros_com) StdoutLine: {'line': b'-- Up-to-date symlink: /home/giromi/Repos/VTOL/ws_sensor_combined_src/install/px4_ros_com/include/px4_ros_com/frame_transforms.h\n'}
[13.569851] (px4_ros_com) StdoutLine: {'line': b'-- Up-to-date symlink: /home/giromi/Repos/VTOL/ws_sensor_combined_src/install/px4_ros_com/share/px4_ros_com//launch/offboard_control_launch.yaml\n'}
[13.570024] (px4_ros_com) StdoutLine: {'line': b'-- Up-to-date symlink: /home/giromi/Repos/VTOL/ws_sensor_combined_src/install/px4_ros_com/share/px4_ros_com//launch/sensor_combined_listener.launch.py\n'}
[13.570539] (px4_ros_com) StdoutLine: {'line': b'-- Up-to-date symlink: /home/giromi/Repos/VTOL/ws_sensor_combined_src/install/px4_ros_com/share/px4_ros_com//test/__init__.py\n'}
[13.570729] (px4_ros_com) StdoutLine: {'line': b'-- Up-to-date symlink: /home/giromi/Repos/VTOL/ws_sensor_combined_src/install/px4_ros_com/share/px4_ros_com//test/pipeline_io_test.py\n'}
[13.570942] (px4_ros_com) StdoutLine: {'line': b'-- Up-to-date symlink: /home/giromi/Repos/VTOL/ws_sensor_combined_src/install/px4_ros_com/share/px4_ros_com//test/test_input.py\n'}
[13.571158] (px4_ros_com) StdoutLine: {'line': b'-- Up-to-date symlink: /home/giromi/Repos/VTOL/ws_sensor_combined_src/install/px4_ros_com/share/px4_ros_com//test/test_output.py\n'}
[13.571508] (px4_ros_com) StdoutLine: {'line': b'-- Up-to-date symlink: /home/giromi/Repos/VTOL/ws_sensor_combined_src/install/px4_ros_com/share/ament_index/resource_index/package_run_dependencies/px4_ros_com\n'}
[13.571826] (px4_ros_com) StdoutLine: {'line': b'-- Up-to-date symlink: /home/giromi/Repos/VTOL/ws_sensor_combined_src/install/px4_ros_com/share/ament_index/resource_index/parent_prefix_path/px4_ros_com\n'}
[13.572168] (px4_ros_com) StdoutLine: {'line': b'-- Up-to-date symlink: /home/giromi/Repos/VTOL/ws_sensor_combined_src/install/px4_ros_com/share/px4_ros_com/environment/ament_prefix_path.sh\n'}
[13.572467] (px4_ros_com) StdoutLine: {'line': b'-- Up-to-date symlink: /home/giromi/Repos/VTOL/ws_sensor_combined_src/install/px4_ros_com/share/px4_ros_com/environment/ament_prefix_path.dsv\n'}
[13.572764] (px4_ros_com) StdoutLine: {'line': b'-- Up-to-date symlink: /home/giromi/Repos/VTOL/ws_sensor_combined_src/install/px4_ros_com/share/px4_ros_com/environment/path.sh\n'}
[13.573119] (px4_ros_com) StdoutLine: {'line': b'-- Up-to-date symlink: /home/giromi/Repos/VTOL/ws_sensor_combined_src/install/px4_ros_com/share/px4_ros_com/environment/path.dsv\n'}
[13.573431] (px4_ros_com) StdoutLine: {'line': b'-- Up-to-date symlink: /home/giromi/Repos/VTOL/ws_sensor_combined_src/install/px4_ros_com/share/px4_ros_com/local_setup.bash\n'}
[13.573622] (px4_ros_com) StdoutLine: {'line': b'-- Up-to-date symlink: /home/giromi/Repos/VTOL/ws_sensor_combined_src/install/px4_ros_com/share/px4_ros_com/local_setup.sh\n'}
[13.573809] (px4_ros_com) StdoutLine: {'line': b'-- Up-to-date symlink: /home/giromi/Repos/VTOL/ws_sensor_combined_src/install/px4_ros_com/share/px4_ros_com/local_setup.zsh\n'}
[13.574131] (px4_ros_com) StdoutLine: {'line': b'-- Up-to-date symlink: /home/giromi/Repos/VTOL/ws_sensor_combined_src/install/px4_ros_com/share/px4_ros_com/local_setup.dsv\n'}
[13.574484] (px4_ros_com) StdoutLine: {'line': b'-- Symlinking: /home/giromi/Repos/VTOL/ws_sensor_combined_src/install/px4_ros_com/share/px4_ros_com/package.dsv\n'}
[13.579607] (px4_ros_com) StdoutLine: {'line': b'-- Up-to-date symlink: /home/giromi/Repos/VTOL/ws_sensor_combined_src/install/px4_ros_com/share/ament_index/resource_index/packages/px4_ros_com\n'}
[13.579889] (px4_ros_com) StdoutLine: {'line': b'-- Up-to-date symlink: /home/giromi/Repos/VTOL/ws_sensor_combined_src/install/px4_ros_com/share/px4_ros_com/cmake/ament_cmake_export_dependencies-extras.cmake\n'}
[13.580039] (px4_ros_com) StdoutLine: {'line': b'-- Up-to-date symlink: /home/giromi/Repos/VTOL/ws_sensor_combined_src/install/px4_ros_com/share/px4_ros_com/cmake/ament_cmake_export_targets-extras.cmake\n'}
[13.580212] (px4_ros_com) StdoutLine: {'line': b'-- Up-to-date symlink: /home/giromi/Repos/VTOL/ws_sensor_combined_src/install/px4_ros_com/share/px4_ros_com/cmake/ament_cmake_export_include_directories-extras.cmake\n'}
[13.580509] (px4_ros_com) StdoutLine: {'line': b'-- Up-to-date symlink: /home/giromi/Repos/VTOL/ws_sensor_combined_src/install/px4_ros_com/share/px4_ros_com/cmake/ament_cmake_export_libraries-extras.cmake\n'}
[13.580859] (px4_ros_com) StdoutLine: {'line': b'-- Up-to-date symlink: /home/giromi/Repos/VTOL/ws_sensor_combined_src/install/px4_ros_com/share/px4_ros_com/cmake/px4_ros_comConfig.cmake\n'}
[13.581240] (px4_ros_com) StdoutLine: {'line': b'-- Up-to-date symlink: /home/giromi/Repos/VTOL/ws_sensor_combined_src/install/px4_ros_com/share/px4_ros_com/cmake/px4_ros_comConfig-version.cmake\n'}
[13.581468] (px4_ros_com) StdoutLine: {'line': b'-- Up-to-date symlink: /home/giromi/Repos/VTOL/ws_sensor_combined_src/install/px4_ros_com/share/px4_ros_com/package.xml\n'}
[13.581813] (px4_ros_com) StdoutLine: {'line': b'-- Up-to-date: /home/giromi/Repos/VTOL/ws_sensor_combined_src/install/px4_ros_com/lib/libframe_transforms.so\n'}
[13.582440] (px4_ros_com) StdoutLine: {'line': b'-- Up-to-date: /home/giromi/Repos/VTOL/ws_sensor_combined_src/install/px4_ros_com/lib/libOffboardControl.so\n'}
[13.583016] (px4_ros_com) StdoutLine: {'line': b'-- Up-to-date: /home/giromi/Repos/VTOL/ws_sensor_combined_src/install/px4_ros_com/lib/libDubins.so\n'}
[13.583659] (px4_ros_com) StdoutLine: {'line': b'-- Up-to-date: /home/giromi/Repos/VTOL/ws_sensor_combined_src/install/px4_ros_com/lib/libServoControlPublisher.so\n'}
[13.584235] (px4_ros_com) StdoutLine: {'line': b'-- Up-to-date: /home/giromi/Repos/VTOL/ws_sensor_combined_src/install/px4_ros_com/share/px4_ros_com/cmake/export_frame_transformsExport.cmake\n'}
[13.584476] (px4_ros_com) StdoutLine: {'line': b'-- Up-to-date: /home/giromi/Repos/VTOL/ws_sensor_combined_src/install/px4_ros_com/share/px4_ros_com/cmake/export_frame_transformsExport-noconfig.cmake\n'}
[13.587961] (px4_ros_com) CommandEnded: {'returncode': 0}
[13.638715] (-) TimerEvent: {}
[13.696905] (px4_ros2_cpp) JobProgress: {'identifier': 'px4_ros2_cpp', 'progress': 'install'}
[13.697200] (px4_ros2_cpp) Command: {'cmd': ['/usr/local/bin/cmake', '--install', '/home/giromi/Repos/VTOL/ws_sensor_combined_src/build/px4_ros2_cpp'], 'cwd': '/home/giromi/Repos/VTOL/ws_sensor_combined_src/build/px4_ros2_cpp', 'env': OrderedDict([('LESSOPEN', '| /usr/bin/lesspipe %s'), ('TMUX', '/tmp/tmux-1000/default,11588,2'), ('USER', 'giromi'), ('LC_TIME', 'ko_KR.UTF-8'), ('XDG_SESSION_TYPE', 'x11'), ('SHLVL', '2'), ('LD_LIBRARY_PATH', '/home/giromi/Repos/VTOL/ws_sensor_combined_src/install/px4_msgs/lib:/opt/ros/humble/opt/rviz_ogre_vendor/lib:/opt/ros/humble/lib/x86_64-linux-gnu:/opt/ros/humble/lib'), ('HOME', '/home/giromi'), ('OLDPWD', '/home/giromi/Repos'), ('TERM_PROGRAM_VERSION', '3.2a'), ('DESKTOP_SESSION', 'ubuntu'), ('NVM_BIN', '/home/giromi/.nvm/versions/node/v20.11.0/bin'), ('NVM_INC', '/home/giromi/.nvm/versions/node/v20.11.0/include/node'), ('ROS_PYTHON_VERSION', '3'), ('GNOME_SHELL_SESSION_MODE', 'ubuntu'), ('GTK_MODULES', 'gail:atk-bridge'), ('LC_MONETARY', 'ko_KR.UTF-8'), ('SYSTEMD_EXEC_PID', '2086'), ('DBUS_SESSION_BUS_ADDRESS', 'unix:path=/run/user/1000/bus'), ('COLORTERM', 'truecolor'), ('NVM_DIR', '/home/giromi/.nvm'), ('COLCON_PREFIX_PATH', '/home/giromi/Repos/ros2_ws/install'), ('ROS_DISTRO', 'humble'), ('GTK_IM_MODULE', 'ibus'), ('LOGNAME', 'giromi'), ('_', '/usr/bin/colcon'), ('ROS_VERSION', '2'), ('XDG_SESSION_CLASS', 'user'), ('USERNAME', 'giromi'), ('TERM', 'screen-256color'), ('GNOME_DESKTOP_SESSION_ID', 'this-is-deprecated'), ('ROS_LOCALHOST_ONLY', '0'), ('WINDOWPATH', '2'), ('PATH', '/opt/gcc-arm-none-eabi-9-2020-q2-update/bin:/home/giromi/.local/bin:/home/giromi/.nvm/versions/node/v20.11.0/bin:/opt/ros/humble/bin:/opt/gcc-arm-none-eabi-9-2020-q2-update/bin:/home/giromi/.local/bin:/usr/local/sbin:/usr/local/bin:/usr/sbin:/usr/bin:/sbin:/bin:/usr/games:/usr/local/games:/snap/bin:/snap/bin:/home/giromi/Bashes:/home/giromi/Bashes'), ('SESSION_MANAGER', 'local/ubuntu22:@/tmp/.ICE-unix/2063,unix/ubuntu22:/tmp/.ICE-unix/2063'), ('XDG_MENU_PREFIX', 'gnome-'), ('LC_ADDRESS', 'ko_KR.UTF-8'), ('GNOME_TERMINAL_SCREEN', '/org/gnome/Terminal/screen/6a3067ed_8076_461a_8fc0_84c32ba13639'), ('XDG_RUNTIME_DIR', '/run/user/1000'), ('DISPLAY', ':1'), ('LANG', 'en_US.UTF-8'), ('XDG_CURRENT_DESKTOP', 'ubuntu:GNOME'), ('LC_TELEPHONE', 'ko_KR.UTF-8'), ('XMODIFIERS', '@im=ibus'), ('XDG_SESSION_DESKTOP', 'ubuntu'), ('XAUTHORITY', '/run/user/1000/gdm/Xauthority'), ('LS_COLORS', 'rs=0:di=01;34:ln=01;36:mh=00:pi=40;33:so=01;35:do=01;35:bd=40;33;01:cd=40;33;01:or=40;31;01:mi=00:su=37;41:sg=30;43:ca=30;41:tw=30;42:ow=34;42:st=37;44:ex=01;32:*.tar=01;31:*.tgz=01;31:*.arc=01;31:*.arj=01;31:*.taz=01;31:*.lha=01;31:*.lz4=01;31:*.lzh=01;31:*.lzma=01;31:*.tlz=01;31:*.txz=01;31:*.tzo=01;31:*.t7z=01;31:*.zip=01;31:*.z=01;31:*.dz=01;31:*.gz=01;31:*.lrz=01;31:*.lz=01;31:*.lzo=01;31:*.xz=01;31:*.zst=01;31:*.tzst=01;31:*.bz2=01;31:*.bz=01;31:*.tbz=01;31:*.tbz2=01;31:*.tz=01;31:*.deb=01;31:*.rpm=01;31:*.jar=01;31:*.war=01;31:*.ear=01;31:*.sar=01;31:*.rar=01;31:*.alz=01;31:*.ace=01;31:*.zoo=01;31:*.cpio=01;31:*.7z=01;31:*.rz=01;31:*.cab=01;31:*.wim=01;31:*.swm=01;31:*.dwm=01;31:*.esd=01;31:*.jpg=01;35:*.jpeg=01;35:*.mjpg=01;35:*.mjpeg=01;35:*.gif=01;35:*.bmp=01;35:*.pbm=01;35:*.pgm=01;35:*.ppm=01;35:*.tga=01;35:*.xbm=01;35:*.xpm=01;35:*.tif=01;35:*.tiff=01;35:*.png=01;35:*.svg=01;35:*.svgz=01;35:*.mng=01;35:*.pcx=01;35:*.mov=01;35:*.mpg=01;35:*.mpeg=01;35:*.m2v=01;35:*.mkv=01;35:*.webm=01;35:*.webp=01;35:*.ogm=01;35:*.mp4=01;35:*.m4v=01;35:*.mp4v=01;35:*.vob=01;35:*.qt=01;35:*.nuv=01;35:*.wmv=01;35:*.asf=01;35:*.rm=01;35:*.rmvb=01;35:*.flc=01;35:*.avi=01;35:*.fli=01;35:*.flv=01;35:*.gl=01;35:*.dl=01;35:*.xcf=01;35:*.xwd=01;35:*.yuv=01;35:*.cgm=01;35:*.emf=01;35:*.ogv=01;35:*.ogx=01;35:*.aac=00;36:*.au=00;36:*.flac=00;36:*.m4a=00;36:*.mid=00;36:*.midi=00;36:*.mka=00;36:*.mp3=00;36:*.mpc=00;36:*.ogg=00;36:*.ra=00;36:*.wav=00;36:*.oga=00;36:*.opus=00;36:*.spx=00;36:*.xspf=00;36:'), ('GNOME_TERMINAL_SERVICE', ':1.100'), ('TERM_PROGRAM', 'tmux'), ('SSH_AGENT_LAUNCHER', 'gnome-keyring'), ('SSH_AUTH_SOCK', '/run/user/1000/keyring/ssh'), ('AMENT_PREFIX_PATH', '/home/giromi/Repos/VTOL/ws_sensor_combined_src/install/px4_msgs:/opt/ros/humble'), ('SHELL', '/bin/bash'), ('LC_NAME', 'ko_KR.UTF-8'), ('QT_ACCESSIBILITY', '1'), ('GDMSESSION', 'ubuntu'), ('LESSCLOSE', '/usr/bin/lesspipe %s %s'), ('LC_MEASUREMENT', 'ko_KR.UTF-8'), ('GPG_AGENT_INFO', '/run/user/1000/gnupg/S.gpg-agent:0:1'), ('LC_IDENTIFICATION', 'ko_KR.UTF-8'), ('QT_IM_MODULE', 'ibus'), ('PWD', '/home/giromi/Repos/VTOL/ws_sensor_combined_src/build/px4_ros2_cpp'), ('LC_ALL', 'en_US.UTF-8'), ('XDG_CONFIG_DIRS', '/etc/xdg/xdg-ubuntu:/etc/xdg'), ('NVM_CD_FLAGS', ''), ('XDG_DATA_DIRS', '/usr/share/ubuntu:/usr/share/gnome:/usr/local/share/:/usr/share/:/var/lib/snapd/desktop'), ('PYTHONPATH', '/home/giromi/Repos/VTOL/ws_sensor_combined_src/install/px4_msgs/local/lib/python3.10/dist-packages:/opt/ros/humble/lib/python3.10/site-packages:/opt/ros/humble/local/lib/python3.10/dist-packages'), ('LC_NUMERIC', 'ko_KR.UTF-8'), ('TMUX_PLUGIN_MANAGER_PATH', '/home/giromi/.tmux/plugins/'), ('LC_PAPER', 'ko_KR.UTF-8'), ('COLCON', '1'), ('VTE_VERSION', '6800'), ('TMUX_PANE', '%8'), ('CMAKE_PREFIX_PATH', '/home/giromi/Repos/VTOL/ws_sensor_combined_src/install/px4_msgs:/opt/ros/humble')]), 'shell': False}
[13.702275] (px4_ros2_cpp) StdoutLine: {'line': b'-- Install configuration: ""\n'}
[13.703126] (px4_ros2_cpp) StdoutLine: {'line': b'-- Execute custom install script\n'}
[13.703569] (px4_ros2_cpp) StdoutLine: {'line': b'-- Up-to-date symlink: /home/giromi/Repos/VTOL/ws_sensor_combined_src/install/px4_ros2_cpp/share/px4_ros2_cpp/environment/library_path.sh\n'}
[13.703973] (px4_ros2_cpp) StdoutLine: {'line': b'-- Up-to-date symlink: /home/giromi/Repos/VTOL/ws_sensor_combined_src/install/px4_ros2_cpp/share/px4_ros2_cpp/environment/library_path.dsv\n'}
[13.705231] (px4_ros2_cpp) StdoutLine: {'line': b'-- Up-to-date symlink: /home/giromi/Repos/VTOL/ws_sensor_combined_src/install/px4_ros2_cpp/include/px4_ros2/common/context.hpp\n'}
[13.705500] (px4_ros2_cpp) StdoutLine: {'line': b'-- Up-to-date symlink: /home/giromi/Repos/VTOL/ws_sensor_combined_src/install/px4_ros2_cpp/include/px4_ros2/common/frame.hpp\n'}
[13.705896] (px4_ros2_cpp) StdoutLine: {'line': b'-- Up-to-date symlink: /home/giromi/Repos/VTOL/ws_sensor_combined_src/install/px4_ros2_cpp/include/px4_ros2/common/requirement_flags.hpp\n'}
[13.706174] (px4_ros2_cpp) StdoutLine: {'line': b'-- Up-to-date symlink: /home/giromi/Repos/VTOL/ws_sensor_combined_src/install/px4_ros2_cpp/include/px4_ros2/common/setpoint_base.hpp\n'}
[13.706397] (px4_ros2_cpp) StdoutLine: {'line': b'-- Up-to-date symlink: /home/giromi/Repos/VTOL/ws_sensor_combined_src/install/px4_ros2_cpp/include/px4_ros2/components/events.hpp\n'}
[13.706609] (px4_ros2_cpp) StdoutLine: {'line': b'-- Up-to-date symlink: /home/giromi/Repos/VTOL/ws_sensor_combined_src/install/px4_ros2_cpp/include/px4_ros2/components/groups.dox\n'}
[13.706874] (px4_ros2_cpp) StdoutLine: {'line': b'-- Up-to-date symlink: /home/giromi/Repos/VTOL/ws_sensor_combined_src/install/px4_ros2_cpp/include/px4_ros2/components/health_and_arming_checks.hpp\n'}
[13.707167] (px4_ros2_cpp) StdoutLine: {'line': b'-- Up-to-date symlink: /home/giromi/Repos/VTOL/ws_sensor_combined_src/install/px4_ros2_cpp/include/px4_ros2/components/manual_control_input.hpp\n'}
[13.707369] (px4_ros2_cpp) StdoutLine: {'line': b'-- Up-to-date symlink: /home/giromi/Repos/VTOL/ws_sensor_combined_src/install/px4_ros2_cpp/include/px4_ros2/components/message_compatibility_check.hpp\n'}
[13.707573] (px4_ros2_cpp) StdoutLine: {'line': b'-- Up-to-date symlink: /home/giromi/Repos/VTOL/ws_sensor_combined_src/install/px4_ros2_cpp/include/px4_ros2/components/mode.hpp\n'}
[13.707775] (px4_ros2_cpp) StdoutLine: {'line': b'-- Up-to-date symlink: /home/giromi/Repos/VTOL/ws_sensor_combined_src/install/px4_ros2_cpp/include/px4_ros2/components/mode_executor.hpp\n'}
[13.708019] (px4_ros2_cpp) StdoutLine: {'line': b'-- Up-to-date symlink: /home/giromi/Repos/VTOL/ws_sensor_combined_src/install/px4_ros2_cpp/include/px4_ros2/components/overrides.hpp\n'}
[13.708239] (px4_ros2_cpp) StdoutLine: {'line': b'-- Up-to-date symlink: /home/giromi/Repos/VTOL/ws_sensor_combined_src/install/px4_ros2_cpp/include/px4_ros2/components/wait_for_fmu.hpp\n'}
[13.708465] (px4_ros2_cpp) StdoutLine: {'line': b'-- Up-to-date symlink: /home/giromi/Repos/VTOL/ws_sensor_combined_src/install/px4_ros2_cpp/include/px4_ros2/control/groups.dox\n'}
[13.708848] (px4_ros2_cpp) StdoutLine: {'line': b'-- Up-to-date symlink: /home/giromi/Repos/VTOL/ws_sensor_combined_src/install/px4_ros2_cpp/include/px4_ros2/control/peripheral_actuators.hpp\n'}
[13.709010] (px4_ros2_cpp) StdoutLine: {'line': b'-- Up-to-date symlink: /home/giromi/Repos/VTOL/ws_sensor_combined_src/install/px4_ros2_cpp/include/px4_ros2/control/setpoint_types/direct_actuators.hpp\n'}
[13.709237] (px4_ros2_cpp) StdoutLine: {'line': b'-- Up-to-date symlink: /home/giromi/Repos/VTOL/ws_sensor_combined_src/install/px4_ros2_cpp/include/px4_ros2/control/setpoint_types/experimental/attitude.hpp\n'}
[13.709463] (px4_ros2_cpp) StdoutLine: {'line': b'-- Up-to-date symlink: /home/giromi/Repos/VTOL/ws_sensor_combined_src/install/px4_ros2_cpp/include/px4_ros2/control/setpoint_types/experimental/rates.hpp\n'}
[13.709800] (px4_ros2_cpp) StdoutLine: {'line': b'-- Up-to-date symlink: /home/giromi/Repos/VTOL/ws_sensor_combined_src/install/px4_ros2_cpp/include/px4_ros2/control/setpoint_types/experimental/trajectory.hpp\n'}
[13.710025] (px4_ros2_cpp) StdoutLine: {'line': b'-- Up-to-date symlink: /home/giromi/Repos/VTOL/ws_sensor_combined_src/install/px4_ros2_cpp/include/px4_ros2/control/setpoint_types/goto.hpp\n'}
[13.710251] (px4_ros2_cpp) StdoutLine: {'line': b'-- Up-to-date symlink: /home/giromi/Repos/VTOL/ws_sensor_combined_src/install/px4_ros2_cpp/include/px4_ros2/control/setpoint_types/groups.dox\n'}
[13.710526] (px4_ros2_cpp) StdoutLine: {'line': b'-- Up-to-date symlink: /home/giromi/Repos/VTOL/ws_sensor_combined_src/install/px4_ros2_cpp/include/px4_ros2/navigation/experimental/global_position_measurement_interface.hpp\n'}
[13.710797] (px4_ros2_cpp) StdoutLine: {'line': b'-- Up-to-date symlink: /home/giromi/Repos/VTOL/ws_sensor_combined_src/install/px4_ros2_cpp/include/px4_ros2/navigation/experimental/local_position_measurement_interface.hpp\n'}
[13.711014] (px4_ros2_cpp) StdoutLine: {'line': b'-- Up-to-date symlink: /home/giromi/Repos/VTOL/ws_sensor_combined_src/install/px4_ros2_cpp/include/px4_ros2/navigation/experimental/navigation_interface_base.hpp\n'}
[13.711341] (px4_ros2_cpp) StdoutLine: {'line': b'-- Up-to-date symlink: /home/giromi/Repos/VTOL/ws_sensor_combined_src/install/px4_ros2_cpp/include/px4_ros2/navigation/groups.dox\n'}
[13.711617] (px4_ros2_cpp) StdoutLine: {'line': b'-- Up-to-date symlink: /home/giromi/Repos/VTOL/ws_sensor_combined_src/install/px4_ros2_cpp/include/px4_ros2/odometry/global_position.hpp\n'}
[13.711915] (px4_ros2_cpp) StdoutLine: {'line': b'-- Up-to-date symlink: /home/giromi/Repos/VTOL/ws_sensor_combined_src/install/px4_ros2_cpp/include/px4_ros2/odometry/groups.dox\n'}
[13.712120] (px4_ros2_cpp) StdoutLine: {'line': b'-- Up-to-date symlink: /home/giromi/Repos/VTOL/ws_sensor_combined_src/install/px4_ros2_cpp/include/px4_ros2/odometry/local_position.hpp\n'}
[13.712383] (px4_ros2_cpp) StdoutLine: {'line': b'-- Up-to-date symlink: /home/giromi/Repos/VTOL/ws_sensor_combined_src/install/px4_ros2_cpp/include/px4_ros2/odometry/subscription.hpp\n'}
[13.712875] (px4_ros2_cpp) StdoutLine: {'line': b'-- Up-to-date symlink: /home/giromi/Repos/VTOL/ws_sensor_combined_src/install/px4_ros2_cpp/share/ament_index/resource_index/package_run_dependencies/px4_ros2_cpp\n'}
[13.713305] (px4_ros2_cpp) StdoutLine: {'line': b'-- Up-to-date symlink: /home/giromi/Repos/VTOL/ws_sensor_combined_src/install/px4_ros2_cpp/share/ament_index/resource_index/parent_prefix_path/px4_ros2_cpp\n'}
[13.715783] (px4_ros2_cpp) StdoutLine: {'line': b'-- Up-to-date symlink: /home/giromi/Repos/VTOL/ws_sensor_combined_src/install/px4_ros2_cpp/share/px4_ros2_cpp/environment/ament_prefix_path.sh\n'}
[13.716122] (px4_ros2_cpp) StdoutLine: {'line': b'-- Up-to-date symlink: /home/giromi/Repos/VTOL/ws_sensor_combined_src/install/px4_ros2_cpp/share/px4_ros2_cpp/environment/ament_prefix_path.dsv\n'}
[13.717722] (px4_ros2_cpp) StdoutLine: {'line': b'-- Up-to-date symlink: /home/giromi/Repos/VTOL/ws_sensor_combined_src/install/px4_ros2_cpp/share/px4_ros2_cpp/environment/path.sh\n'}
[13.718025] (px4_ros2_cpp) StdoutLine: {'line': b'-- Up-to-date symlink: /home/giromi/Repos/VTOL/ws_sensor_combined_src/install/px4_ros2_cpp/share/px4_ros2_cpp/environment/path.dsv\n'}
[13.718195] (px4_ros2_cpp) StdoutLine: {'line': b'-- Up-to-date symlink: /home/giromi/Repos/VTOL/ws_sensor_combined_src/install/px4_ros2_cpp/share/px4_ros2_cpp/local_setup.bash\n'}
[13.718376] (px4_ros2_cpp) StdoutLine: {'line': b'-- Up-to-date symlink: /home/giromi/Repos/VTOL/ws_sensor_combined_src/install/px4_ros2_cpp/share/px4_ros2_cpp/local_setup.sh\n'}
[13.718578] (px4_ros2_cpp) StdoutLine: {'line': b'-- Up-to-date symlink: /home/giromi/Repos/VTOL/ws_sensor_combined_src/install/px4_ros2_cpp/share/px4_ros2_cpp/local_setup.zsh\n'}
[13.718811] (px4_ros2_cpp) StdoutLine: {'line': b'-- Up-to-date symlink: /home/giromi/Repos/VTOL/ws_sensor_combined_src/install/px4_ros2_cpp/share/px4_ros2_cpp/local_setup.dsv\n'}
[13.719466] (px4_ros2_cpp) StdoutLine: {'line': b'-- Symlinking: /home/giromi/Repos/VTOL/ws_sensor_combined_src/install/px4_ros2_cpp/share/px4_ros2_cpp/package.dsv\n'}
[13.725543] (px4_ros2_cpp) StdoutLine: {'line': b'-- Up-to-date symlink: /home/giromi/Repos/VTOL/ws_sensor_combined_src/install/px4_ros2_cpp/share/ament_index/resource_index/packages/px4_ros2_cpp\n'}
[13.725915] (px4_ros2_cpp) StdoutLine: {'line': b'-- Up-to-date symlink: /home/giromi/Repos/VTOL/ws_sensor_combined_src/install/px4_ros2_cpp/share/px4_ros2_cpp/cmake/ament_cmake_export_targets-extras.cmake\n'}
[13.726173] (px4_ros2_cpp) StdoutLine: {'line': b'-- Up-to-date symlink: /home/giromi/Repos/VTOL/ws_sensor_combined_src/install/px4_ros2_cpp/share/px4_ros2_cpp/cmake/ament_cmake_export_dependencies-extras.cmake\n'}
[13.726527] (px4_ros2_cpp) StdoutLine: {'line': b'-- Up-to-date symlink: /home/giromi/Repos/VTOL/ws_sensor_combined_src/install/px4_ros2_cpp/share/px4_ros2_cpp/cmake/px4_ros2_cppConfig.cmake\n'}
[13.726851] (px4_ros2_cpp) StdoutLine: {'line': b'-- Up-to-date symlink: /home/giromi/Repos/VTOL/ws_sensor_combined_src/install/px4_ros2_cpp/share/px4_ros2_cpp/cmake/px4_ros2_cppConfig-version.cmake\n'}
[13.727110] (px4_ros2_cpp) StdoutLine: {'line': b'-- Up-to-date symlink: /home/giromi/Repos/VTOL/ws_sensor_combined_src/install/px4_ros2_cpp/share/px4_ros2_cpp/package.xml\n'}
[13.727516] (px4_ros2_cpp) StdoutLine: {'line': b'-- Up-to-date: /home/giromi/Repos/VTOL/ws_sensor_combined_src/install/px4_ros2_cpp/lib/libpx4_ros2_cpp.so\n'}
[13.728020] (px4_ros2_cpp) StdoutLine: {'line': b'-- Up-to-date: /home/giromi/Repos/VTOL/ws_sensor_combined_src/install/px4_ros2_cpp/share/px4_ros2_cpp/cmake/px4_ros2_cppExport.cmake\n'}
[13.728229] (px4_ros2_cpp) StdoutLine: {'line': b'-- Up-to-date: /home/giromi/Repos/VTOL/ws_sensor_combined_src/install/px4_ros2_cpp/share/px4_ros2_cpp/cmake/px4_ros2_cppExport-noconfig.cmake\n'}
[13.731535] (px4_ros2_cpp) CommandEnded: {'returncode': 0}
[13.738860] (-) TimerEvent: {}
[13.839242] (-) TimerEvent: {}
[13.939506] (-) TimerEvent: {}
[14.039943] (-) TimerEvent: {}
[14.078878] (px4_ros_com) JobEnded: {'identifier': 'px4_ros_com', 'rc': 0}
[14.140073] (-) TimerEvent: {}
[14.211091] (px4_ros2_cpp) JobEnded: {'identifier': 'px4_ros2_cpp', 'rc': 0}
[14.211834] (example_global_navigation_cpp) JobStarted: {'identifier': 'example_global_navigation_cpp'}
[14.240176] (-) TimerEvent: {}
[14.306406] (example_local_navigation_cpp) JobStarted: {'identifier': 'example_local_navigation_cpp'}
[14.345496] (-) TimerEvent: {}
[14.397286] (example_mode_goto_cpp) JobStarted: {'identifier': 'example_mode_goto_cpp'}
[14.445613] (-) TimerEvent: {}
[14.486296] (example_mode_manual_cpp) JobStarted: {'identifier': 'example_mode_manual_cpp'}
[14.545852] (-) TimerEvent: {}
[14.582512] (example_mode_rtl_replacement_cpp) JobStarted: {'identifier': 'example_mode_rtl_replacement_cpp'}
[14.646185] (-) TimerEvent: {}
[14.673909] (example_mode_with_executor_cpp) JobStarted: {'identifier': 'example_mode_with_executor_cpp'}
[14.746661] (-) TimerEvent: {}
[14.760901] (example_global_navigation_cpp) JobProgress: {'identifier': 'example_global_navigation_cpp', 'progress': 'cmake'}
[14.761924] (example_global_navigation_cpp) JobProgress: {'identifier': 'example_global_navigation_cpp', 'progress': 'build'}
[14.763089] (example_global_navigation_cpp) Command: {'cmd': ['/usr/local/bin/cmake', '--build', '/home/giromi/Repos/VTOL/ws_sensor_combined_src/build/example_global_navigation_cpp', '--', '-j8', '-l8'], 'cwd': '/home/giromi/Repos/VTOL/ws_sensor_combined_src/build/example_global_navigation_cpp', 'env': OrderedDict([('LESSOPEN', '| /usr/bin/lesspipe %s'), ('TMUX', '/tmp/tmux-1000/default,11588,2'), ('USER', 'giromi'), ('LC_TIME', 'ko_KR.UTF-8'), ('XDG_SESSION_TYPE', 'x11'), ('SHLVL', '2'), ('LD_LIBRARY_PATH', '/home/giromi/Repos/VTOL/ws_sensor_combined_src/install/px4_ros2_cpp/lib:/home/giromi/Repos/VTOL/ws_sensor_combined_src/install/px4_msgs/lib:/opt/ros/humble/opt/rviz_ogre_vendor/lib:/opt/ros/humble/lib/x86_64-linux-gnu:/opt/ros/humble/lib'), ('HOME', '/home/giromi'), ('OLDPWD', '/home/giromi/Repos'), ('TERM_PROGRAM_VERSION', '3.2a'), ('DESKTOP_SESSION', 'ubuntu'), ('NVM_BIN', '/home/giromi/.nvm/versions/node/v20.11.0/bin'), ('NVM_INC', '/home/giromi/.nvm/versions/node/v20.11.0/include/node'), ('ROS_PYTHON_VERSION', '3'), ('GNOME_SHELL_SESSION_MODE', 'ubuntu'), ('GTK_MODULES', 'gail:atk-bridge'), ('LC_MONETARY', 'ko_KR.UTF-8'), ('SYSTEMD_EXEC_PID', '2086'), ('DBUS_SESSION_BUS_ADDRESS', 'unix:path=/run/user/1000/bus'), ('COLORTERM', 'truecolor'), ('NVM_DIR', '/home/giromi/.nvm'), ('COLCON_PREFIX_PATH', '/home/giromi/Repos/ros2_ws/install'), ('ROS_DISTRO', 'humble'), ('GTK_IM_MODULE', 'ibus'), ('LOGNAME', 'giromi'), ('_', '/usr/bin/colcon'), ('ROS_VERSION', '2'), ('XDG_SESSION_CLASS', 'user'), ('USERNAME', 'giromi'), ('TERM', 'screen-256color'), ('GNOME_DESKTOP_SESSION_ID', 'this-is-deprecated'), ('ROS_LOCALHOST_ONLY', '0'), ('WINDOWPATH', '2'), ('PATH', '/opt/gcc-arm-none-eabi-9-2020-q2-update/bin:/home/giromi/.local/bin:/home/giromi/.nvm/versions/node/v20.11.0/bin:/opt/ros/humble/bin:/opt/gcc-arm-none-eabi-9-2020-q2-update/bin:/home/giromi/.local/bin:/usr/local/sbin:/usr/local/bin:/usr/sbin:/usr/bin:/sbin:/bin:/usr/games:/usr/local/games:/snap/bin:/snap/bin:/home/giromi/Bashes:/home/giromi/Bashes'), ('SESSION_MANAGER', 'local/ubuntu22:@/tmp/.ICE-unix/2063,unix/ubuntu22:/tmp/.ICE-unix/2063'), ('XDG_MENU_PREFIX', 'gnome-'), ('LC_ADDRESS', 'ko_KR.UTF-8'), ('GNOME_TERMINAL_SCREEN', '/org/gnome/Terminal/screen/6a3067ed_8076_461a_8fc0_84c32ba13639'), ('XDG_RUNTIME_DIR', '/run/user/1000'), ('DISPLAY', ':1'), ('LANG', 'en_US.UTF-8'), ('XDG_CURRENT_DESKTOP', 'ubuntu:GNOME'), ('LC_TELEPHONE', 'ko_KR.UTF-8'), ('XMODIFIERS', '@im=ibus'), ('XDG_SESSION_DESKTOP', 'ubuntu'), ('XAUTHORITY', '/run/user/1000/gdm/Xauthority'), ('LS_COLORS', 'rs=0:di=01;34:ln=01;36:mh=00:pi=40;33:so=01;35:do=01;35:bd=40;33;01:cd=40;33;01:or=40;31;01:mi=00:su=37;41:sg=30;43:ca=30;41:tw=30;42:ow=34;42:st=37;44:ex=01;32:*.tar=01;31:*.tgz=01;31:*.arc=01;31:*.arj=01;31:*.taz=01;31:*.lha=01;31:*.lz4=01;31:*.lzh=01;31:*.lzma=01;31:*.tlz=01;31:*.txz=01;31:*.tzo=01;31:*.t7z=01;31:*.zip=01;31:*.z=01;31:*.dz=01;31:*.gz=01;31:*.lrz=01;31:*.lz=01;31:*.lzo=01;31:*.xz=01;31:*.zst=01;31:*.tzst=01;31:*.bz2=01;31:*.bz=01;31:*.tbz=01;31:*.tbz2=01;31:*.tz=01;31:*.deb=01;31:*.rpm=01;31:*.jar=01;31:*.war=01;31:*.ear=01;31:*.sar=01;31:*.rar=01;31:*.alz=01;31:*.ace=01;31:*.zoo=01;31:*.cpio=01;31:*.7z=01;31:*.rz=01;31:*.cab=01;31:*.wim=01;31:*.swm=01;31:*.dwm=01;31:*.esd=01;31:*.jpg=01;35:*.jpeg=01;35:*.mjpg=01;35:*.mjpeg=01;35:*.gif=01;35:*.bmp=01;35:*.pbm=01;35:*.pgm=01;35:*.ppm=01;35:*.tga=01;35:*.xbm=01;35:*.xpm=01;35:*.tif=01;35:*.tiff=01;35:*.png=01;35:*.svg=01;35:*.svgz=01;35:*.mng=01;35:*.pcx=01;35:*.mov=01;35:*.mpg=01;35:*.mpeg=01;35:*.m2v=01;35:*.mkv=01;35:*.webm=01;35:*.webp=01;35:*.ogm=01;35:*.mp4=01;35:*.m4v=01;35:*.mp4v=01;35:*.vob=01;35:*.qt=01;35:*.nuv=01;35:*.wmv=01;35:*.asf=01;35:*.rm=01;35:*.rmvb=01;35:*.flc=01;35:*.avi=01;35:*.fli=01;35:*.flv=01;35:*.gl=01;35:*.dl=01;35:*.xcf=01;35:*.xwd=01;35:*.yuv=01;35:*.cgm=01;35:*.emf=01;35:*.ogv=01;35:*.ogx=01;35:*.aac=00;36:*.au=00;36:*.flac=00;36:*.m4a=00;36:*.mid=00;36:*.midi=00;36:*.mka=00;36:*.mp3=00;36:*.mpc=00;36:*.ogg=00;36:*.ra=00;36:*.wav=00;36:*.oga=00;36:*.opus=00;36:*.spx=00;36:*.xspf=00;36:'), ('GNOME_TERMINAL_SERVICE', ':1.100'), ('TERM_PROGRAM', 'tmux'), ('SSH_AGENT_LAUNCHER', 'gnome-keyring'), ('SSH_AUTH_SOCK', '/run/user/1000/keyring/ssh'), ('AMENT_PREFIX_PATH', '/home/giromi/Repos/VTOL/ws_sensor_combined_src/install/px4_ros2_cpp:/home/giromi/Repos/VTOL/ws_sensor_combined_src/install/px4_msgs:/opt/ros/humble'), ('SHELL', '/bin/bash'), ('LC_NAME', 'ko_KR.UTF-8'), ('QT_ACCESSIBILITY', '1'), ('GDMSESSION', 'ubuntu'), ('LESSCLOSE', '/usr/bin/lesspipe %s %s'), ('LC_MEASUREMENT', 'ko_KR.UTF-8'), ('GPG_AGENT_INFO', '/run/user/1000/gnupg/S.gpg-agent:0:1'), ('LC_IDENTIFICATION', 'ko_KR.UTF-8'), ('QT_IM_MODULE', 'ibus'), ('PWD', '/home/giromi/Repos/VTOL/ws_sensor_combined_src/build/example_global_navigation_cpp'), ('LC_ALL', 'en_US.UTF-8'), ('XDG_CONFIG_DIRS', '/etc/xdg/xdg-ubuntu:/etc/xdg'), ('NVM_CD_FLAGS', ''), ('XDG_DATA_DIRS', '/usr/share/ubuntu:/usr/share/gnome:/usr/local/share/:/usr/share/:/var/lib/snapd/desktop'), ('PYTHONPATH', '/home/giromi/Repos/VTOL/ws_sensor_combined_src/install/px4_msgs/local/lib/python3.10/dist-packages:/opt/ros/humble/lib/python3.10/site-packages:/opt/ros/humble/local/lib/python3.10/dist-packages'), ('LC_NUMERIC', 'ko_KR.UTF-8'), ('TMUX_PLUGIN_MANAGER_PATH', '/home/giromi/.tmux/plugins/'), ('LC_PAPER', 'ko_KR.UTF-8'), ('COLCON', '1'), ('VTE_VERSION', '6800'), ('TMUX_PANE', '%8'), ('CMAKE_PREFIX_PATH', '/home/giromi/Repos/VTOL/ws_sensor_combined_src/install/px4_ros2_cpp:/home/giromi/Repos/VTOL/ws_sensor_combined_src/install/px4_msgs:/opt/ros/humble')]), 'shell': False}
[14.765100] (example_local_navigation_cpp) JobProgress: {'identifier': 'example_local_navigation_cpp', 'progress': 'cmake'}
[14.765510] (example_local_navigation_cpp) JobProgress: {'identifier': 'example_local_navigation_cpp', 'progress': 'build'}
[14.765837] (example_local_navigation_cpp) Command: {'cmd': ['/usr/local/bin/cmake', '--build', '/home/giromi/Repos/VTOL/ws_sensor_combined_src/build/example_local_navigation_cpp', '--', '-j8', '-l8'], 'cwd': '/home/giromi/Repos/VTOL/ws_sensor_combined_src/build/example_local_navigation_cpp', 'env': OrderedDict([('LESSOPEN', '| /usr/bin/lesspipe %s'), ('TMUX', '/tmp/tmux-1000/default,11588,2'), ('USER', 'giromi'), ('LC_TIME', 'ko_KR.UTF-8'), ('XDG_SESSION_TYPE', 'x11'), ('SHLVL', '2'), ('LD_LIBRARY_PATH', '/home/giromi/Repos/VTOL/ws_sensor_combined_src/install/px4_ros2_cpp/lib:/home/giromi/Repos/VTOL/ws_sensor_combined_src/install/px4_msgs/lib:/opt/ros/humble/opt/rviz_ogre_vendor/lib:/opt/ros/humble/lib/x86_64-linux-gnu:/opt/ros/humble/lib'), ('HOME', '/home/giromi'), ('OLDPWD', '/home/giromi/Repos'), ('TERM_PROGRAM_VERSION', '3.2a'), ('DESKTOP_SESSION', 'ubuntu'), ('NVM_BIN', '/home/giromi/.nvm/versions/node/v20.11.0/bin'), ('NVM_INC', '/home/giromi/.nvm/versions/node/v20.11.0/include/node'), ('ROS_PYTHON_VERSION', '3'), ('GNOME_SHELL_SESSION_MODE', 'ubuntu'), ('GTK_MODULES', 'gail:atk-bridge'), ('LC_MONETARY', 'ko_KR.UTF-8'), ('SYSTEMD_EXEC_PID', '2086'), ('DBUS_SESSION_BUS_ADDRESS', 'unix:path=/run/user/1000/bus'), ('COLORTERM', 'truecolor'), ('NVM_DIR', '/home/giromi/.nvm'), ('COLCON_PREFIX_PATH', '/home/giromi/Repos/ros2_ws/install'), ('ROS_DISTRO', 'humble'), ('GTK_IM_MODULE', 'ibus'), ('LOGNAME', 'giromi'), ('_', '/usr/bin/colcon'), ('ROS_VERSION', '2'), ('XDG_SESSION_CLASS', 'user'), ('USERNAME', 'giromi'), ('TERM', 'screen-256color'), ('GNOME_DESKTOP_SESSION_ID', 'this-is-deprecated'), ('ROS_LOCALHOST_ONLY', '0'), ('WINDOWPATH', '2'), ('PATH', '/opt/gcc-arm-none-eabi-9-2020-q2-update/bin:/home/giromi/.local/bin:/home/giromi/.nvm/versions/node/v20.11.0/bin:/opt/ros/humble/bin:/opt/gcc-arm-none-eabi-9-2020-q2-update/bin:/home/giromi/.local/bin:/usr/local/sbin:/usr/local/bin:/usr/sbin:/usr/bin:/sbin:/bin:/usr/games:/usr/local/games:/snap/bin:/snap/bin:/home/giromi/Bashes:/home/giromi/Bashes'), ('SESSION_MANAGER', 'local/ubuntu22:@/tmp/.ICE-unix/2063,unix/ubuntu22:/tmp/.ICE-unix/2063'), ('XDG_MENU_PREFIX', 'gnome-'), ('LC_ADDRESS', 'ko_KR.UTF-8'), ('GNOME_TERMINAL_SCREEN', '/org/gnome/Terminal/screen/6a3067ed_8076_461a_8fc0_84c32ba13639'), ('XDG_RUNTIME_DIR', '/run/user/1000'), ('DISPLAY', ':1'), ('LANG', 'en_US.UTF-8'), ('XDG_CURRENT_DESKTOP', 'ubuntu:GNOME'), ('LC_TELEPHONE', 'ko_KR.UTF-8'), ('XMODIFIERS', '@im=ibus'), ('XDG_SESSION_DESKTOP', 'ubuntu'), ('XAUTHORITY', '/run/user/1000/gdm/Xauthority'), ('LS_COLORS', 'rs=0:di=01;34:ln=01;36:mh=00:pi=40;33:so=01;35:do=01;35:bd=40;33;01:cd=40;33;01:or=40;31;01:mi=00:su=37;41:sg=30;43:ca=30;41:tw=30;42:ow=34;42:st=37;44:ex=01;32:*.tar=01;31:*.tgz=01;31:*.arc=01;31:*.arj=01;31:*.taz=01;31:*.lha=01;31:*.lz4=01;31:*.lzh=01;31:*.lzma=01;31:*.tlz=01;31:*.txz=01;31:*.tzo=01;31:*.t7z=01;31:*.zip=01;31:*.z=01;31:*.dz=01;31:*.gz=01;31:*.lrz=01;31:*.lz=01;31:*.lzo=01;31:*.xz=01;31:*.zst=01;31:*.tzst=01;31:*.bz2=01;31:*.bz=01;31:*.tbz=01;31:*.tbz2=01;31:*.tz=01;31:*.deb=01;31:*.rpm=01;31:*.jar=01;31:*.war=01;31:*.ear=01;31:*.sar=01;31:*.rar=01;31:*.alz=01;31:*.ace=01;31:*.zoo=01;31:*.cpio=01;31:*.7z=01;31:*.rz=01;31:*.cab=01;31:*.wim=01;31:*.swm=01;31:*.dwm=01;31:*.esd=01;31:*.jpg=01;35:*.jpeg=01;35:*.mjpg=01;35:*.mjpeg=01;35:*.gif=01;35:*.bmp=01;35:*.pbm=01;35:*.pgm=01;35:*.ppm=01;35:*.tga=01;35:*.xbm=01;35:*.xpm=01;35:*.tif=01;35:*.tiff=01;35:*.png=01;35:*.svg=01;35:*.svgz=01;35:*.mng=01;35:*.pcx=01;35:*.mov=01;35:*.mpg=01;35:*.mpeg=01;35:*.m2v=01;35:*.mkv=01;35:*.webm=01;35:*.webp=01;35:*.ogm=01;35:*.mp4=01;35:*.m4v=01;35:*.mp4v=01;35:*.vob=01;35:*.qt=01;35:*.nuv=01;35:*.wmv=01;35:*.asf=01;35:*.rm=01;35:*.rmvb=01;35:*.flc=01;35:*.avi=01;35:*.fli=01;35:*.flv=01;35:*.gl=01;35:*.dl=01;35:*.xcf=01;35:*.xwd=01;35:*.yuv=01;35:*.cgm=01;35:*.emf=01;35:*.ogv=01;35:*.ogx=01;35:*.aac=00;36:*.au=00;36:*.flac=00;36:*.m4a=00;36:*.mid=00;36:*.midi=00;36:*.mka=00;36:*.mp3=00;36:*.mpc=00;36:*.ogg=00;36:*.ra=00;36:*.wav=00;36:*.oga=00;36:*.opus=00;36:*.spx=00;36:*.xspf=00;36:'), ('GNOME_TERMINAL_SERVICE', ':1.100'), ('TERM_PROGRAM', 'tmux'), ('SSH_AGENT_LAUNCHER', 'gnome-keyring'), ('SSH_AUTH_SOCK', '/run/user/1000/keyring/ssh'), ('AMENT_PREFIX_PATH', '/home/giromi/Repos/VTOL/ws_sensor_combined_src/install/px4_ros2_cpp:/home/giromi/Repos/VTOL/ws_sensor_combined_src/install/px4_msgs:/opt/ros/humble'), ('SHELL', '/bin/bash'), ('LC_NAME', 'ko_KR.UTF-8'), ('QT_ACCESSIBILITY', '1'), ('GDMSESSION', 'ubuntu'), ('LESSCLOSE', '/usr/bin/lesspipe %s %s'), ('LC_MEASUREMENT', 'ko_KR.UTF-8'), ('GPG_AGENT_INFO', '/run/user/1000/gnupg/S.gpg-agent:0:1'), ('LC_IDENTIFICATION', 'ko_KR.UTF-8'), ('QT_IM_MODULE', 'ibus'), ('PWD', '/home/giromi/Repos/VTOL/ws_sensor_combined_src/build/example_local_navigation_cpp'), ('LC_ALL', 'en_US.UTF-8'), ('XDG_CONFIG_DIRS', '/etc/xdg/xdg-ubuntu:/etc/xdg'), ('NVM_CD_FLAGS', ''), ('XDG_DATA_DIRS', '/usr/share/ubuntu:/usr/share/gnome:/usr/local/share/:/usr/share/:/var/lib/snapd/desktop'), ('PYTHONPATH', '/home/giromi/Repos/VTOL/ws_sensor_combined_src/install/px4_msgs/local/lib/python3.10/dist-packages:/opt/ros/humble/lib/python3.10/site-packages:/opt/ros/humble/local/lib/python3.10/dist-packages'), ('LC_NUMERIC', 'ko_KR.UTF-8'), ('TMUX_PLUGIN_MANAGER_PATH', '/home/giromi/.tmux/plugins/'), ('LC_PAPER', 'ko_KR.UTF-8'), ('COLCON', '1'), ('VTE_VERSION', '6800'), ('TMUX_PANE', '%8'), ('CMAKE_PREFIX_PATH', '/home/giromi/Repos/VTOL/ws_sensor_combined_src/install/px4_ros2_cpp:/home/giromi/Repos/VTOL/ws_sensor_combined_src/install/px4_msgs:/opt/ros/humble')]), 'shell': False}
[14.768618] (example_mode_goto_cpp) JobProgress: {'identifier': 'example_mode_goto_cpp', 'progress': 'cmake'}
[14.768943] (example_mode_goto_cpp) JobProgress: {'identifier': 'example_mode_goto_cpp', 'progress': 'build'}
[14.770022] (example_mode_goto_cpp) Command: {'cmd': ['/usr/local/bin/cmake', '--build', '/home/giromi/Repos/VTOL/ws_sensor_combined_src/build/example_mode_goto_cpp', '--', '-j8', '-l8'], 'cwd': '/home/giromi/Repos/VTOL/ws_sensor_combined_src/build/example_mode_goto_cpp', 'env': OrderedDict([('LESSOPEN', '| /usr/bin/lesspipe %s'), ('TMUX', '/tmp/tmux-1000/default,11588,2'), ('USER', 'giromi'), ('LC_TIME', 'ko_KR.UTF-8'), ('XDG_SESSION_TYPE', 'x11'), ('SHLVL', '2'), ('LD_LIBRARY_PATH', '/home/giromi/Repos/VTOL/ws_sensor_combined_src/install/px4_ros2_cpp/lib:/home/giromi/Repos/VTOL/ws_sensor_combined_src/install/px4_msgs/lib:/opt/ros/humble/opt/rviz_ogre_vendor/lib:/opt/ros/humble/lib/x86_64-linux-gnu:/opt/ros/humble/lib'), ('HOME', '/home/giromi'), ('OLDPWD', '/home/giromi/Repos'), ('TERM_PROGRAM_VERSION', '3.2a'), ('DESKTOP_SESSION', 'ubuntu'), ('NVM_BIN', '/home/giromi/.nvm/versions/node/v20.11.0/bin'), ('NVM_INC', '/home/giromi/.nvm/versions/node/v20.11.0/include/node'), ('ROS_PYTHON_VERSION', '3'), ('GNOME_SHELL_SESSION_MODE', 'ubuntu'), ('GTK_MODULES', 'gail:atk-bridge'), ('LC_MONETARY', 'ko_KR.UTF-8'), ('SYSTEMD_EXEC_PID', '2086'), ('DBUS_SESSION_BUS_ADDRESS', 'unix:path=/run/user/1000/bus'), ('COLORTERM', 'truecolor'), ('NVM_DIR', '/home/giromi/.nvm'), ('COLCON_PREFIX_PATH', '/home/giromi/Repos/ros2_ws/install'), ('ROS_DISTRO', 'humble'), ('GTK_IM_MODULE', 'ibus'), ('LOGNAME', 'giromi'), ('_', '/usr/bin/colcon'), ('ROS_VERSION', '2'), ('XDG_SESSION_CLASS', 'user'), ('USERNAME', 'giromi'), ('TERM', 'screen-256color'), ('GNOME_DESKTOP_SESSION_ID', 'this-is-deprecated'), ('ROS_LOCALHOST_ONLY', '0'), ('WINDOWPATH', '2'), ('PATH', '/opt/gcc-arm-none-eabi-9-2020-q2-update/bin:/home/giromi/.local/bin:/home/giromi/.nvm/versions/node/v20.11.0/bin:/opt/ros/humble/bin:/opt/gcc-arm-none-eabi-9-2020-q2-update/bin:/home/giromi/.local/bin:/usr/local/sbin:/usr/local/bin:/usr/sbin:/usr/bin:/sbin:/bin:/usr/games:/usr/local/games:/snap/bin:/snap/bin:/home/giromi/Bashes:/home/giromi/Bashes'), ('SESSION_MANAGER', 'local/ubuntu22:@/tmp/.ICE-unix/2063,unix/ubuntu22:/tmp/.ICE-unix/2063'), ('XDG_MENU_PREFIX', 'gnome-'), ('LC_ADDRESS', 'ko_KR.UTF-8'), ('GNOME_TERMINAL_SCREEN', '/org/gnome/Terminal/screen/6a3067ed_8076_461a_8fc0_84c32ba13639'), ('XDG_RUNTIME_DIR', '/run/user/1000'), ('DISPLAY', ':1'), ('LANG', 'en_US.UTF-8'), ('XDG_CURRENT_DESKTOP', 'ubuntu:GNOME'), ('LC_TELEPHONE', 'ko_KR.UTF-8'), ('XMODIFIERS', '@im=ibus'), ('XDG_SESSION_DESKTOP', 'ubuntu'), ('XAUTHORITY', '/run/user/1000/gdm/Xauthority'), ('LS_COLORS', 'rs=0:di=01;34:ln=01;36:mh=00:pi=40;33:so=01;35:do=01;35:bd=40;33;01:cd=40;33;01:or=40;31;01:mi=00:su=37;41:sg=30;43:ca=30;41:tw=30;42:ow=34;42:st=37;44:ex=01;32:*.tar=01;31:*.tgz=01;31:*.arc=01;31:*.arj=01;31:*.taz=01;31:*.lha=01;31:*.lz4=01;31:*.lzh=01;31:*.lzma=01;31:*.tlz=01;31:*.txz=01;31:*.tzo=01;31:*.t7z=01;31:*.zip=01;31:*.z=01;31:*.dz=01;31:*.gz=01;31:*.lrz=01;31:*.lz=01;31:*.lzo=01;31:*.xz=01;31:*.zst=01;31:*.tzst=01;31:*.bz2=01;31:*.bz=01;31:*.tbz=01;31:*.tbz2=01;31:*.tz=01;31:*.deb=01;31:*.rpm=01;31:*.jar=01;31:*.war=01;31:*.ear=01;31:*.sar=01;31:*.rar=01;31:*.alz=01;31:*.ace=01;31:*.zoo=01;31:*.cpio=01;31:*.7z=01;31:*.rz=01;31:*.cab=01;31:*.wim=01;31:*.swm=01;31:*.dwm=01;31:*.esd=01;31:*.jpg=01;35:*.jpeg=01;35:*.mjpg=01;35:*.mjpeg=01;35:*.gif=01;35:*.bmp=01;35:*.pbm=01;35:*.pgm=01;35:*.ppm=01;35:*.tga=01;35:*.xbm=01;35:*.xpm=01;35:*.tif=01;35:*.tiff=01;35:*.png=01;35:*.svg=01;35:*.svgz=01;35:*.mng=01;35:*.pcx=01;35:*.mov=01;35:*.mpg=01;35:*.mpeg=01;35:*.m2v=01;35:*.mkv=01;35:*.webm=01;35:*.webp=01;35:*.ogm=01;35:*.mp4=01;35:*.m4v=01;35:*.mp4v=01;35:*.vob=01;35:*.qt=01;35:*.nuv=01;35:*.wmv=01;35:*.asf=01;35:*.rm=01;35:*.rmvb=01;35:*.flc=01;35:*.avi=01;35:*.fli=01;35:*.flv=01;35:*.gl=01;35:*.dl=01;35:*.xcf=01;35:*.xwd=01;35:*.yuv=01;35:*.cgm=01;35:*.emf=01;35:*.ogv=01;35:*.ogx=01;35:*.aac=00;36:*.au=00;36:*.flac=00;36:*.m4a=00;36:*.mid=00;36:*.midi=00;36:*.mka=00;36:*.mp3=00;36:*.mpc=00;36:*.ogg=00;36:*.ra=00;36:*.wav=00;36:*.oga=00;36:*.opus=00;36:*.spx=00;36:*.xspf=00;36:'), ('GNOME_TERMINAL_SERVICE', ':1.100'), ('TERM_PROGRAM', 'tmux'), ('SSH_AGENT_LAUNCHER', 'gnome-keyring'), ('SSH_AUTH_SOCK', '/run/user/1000/keyring/ssh'), ('AMENT_PREFIX_PATH', '/home/giromi/Repos/VTOL/ws_sensor_combined_src/install/px4_ros2_cpp:/home/giromi/Repos/VTOL/ws_sensor_combined_src/install/px4_msgs:/opt/ros/humble'), ('SHELL', '/bin/bash'), ('LC_NAME', 'ko_KR.UTF-8'), ('QT_ACCESSIBILITY', '1'), ('GDMSESSION', 'ubuntu'), ('LESSCLOSE', '/usr/bin/lesspipe %s %s'), ('LC_MEASUREMENT', 'ko_KR.UTF-8'), ('GPG_AGENT_INFO', '/run/user/1000/gnupg/S.gpg-agent:0:1'), ('LC_IDENTIFICATION', 'ko_KR.UTF-8'), ('QT_IM_MODULE', 'ibus'), ('PWD', '/home/giromi/Repos/VTOL/ws_sensor_combined_src/build/example_mode_goto_cpp'), ('LC_ALL', 'en_US.UTF-8'), ('XDG_CONFIG_DIRS', '/etc/xdg/xdg-ubuntu:/etc/xdg'), ('NVM_CD_FLAGS', ''), ('XDG_DATA_DIRS', '/usr/share/ubuntu:/usr/share/gnome:/usr/local/share/:/usr/share/:/var/lib/snapd/desktop'), ('PYTHONPATH', '/home/giromi/Repos/VTOL/ws_sensor_combined_src/install/px4_msgs/local/lib/python3.10/dist-packages:/opt/ros/humble/lib/python3.10/site-packages:/opt/ros/humble/local/lib/python3.10/dist-packages'), ('LC_NUMERIC', 'ko_KR.UTF-8'), ('TMUX_PLUGIN_MANAGER_PATH', '/home/giromi/.tmux/plugins/'), ('LC_PAPER', 'ko_KR.UTF-8'), ('COLCON', '1'), ('VTE_VERSION', '6800'), ('TMUX_PANE', '%8'), ('CMAKE_PREFIX_PATH', '/home/giromi/Repos/VTOL/ws_sensor_combined_src/install/px4_ros2_cpp:/home/giromi/Repos/VTOL/ws_sensor_combined_src/install/px4_msgs:/opt/ros/humble')]), 'shell': False}
[14.772353] (example_mode_manual_cpp) JobProgress: {'identifier': 'example_mode_manual_cpp', 'progress': 'cmake'}
[14.772853] (example_mode_manual_cpp) JobProgress: {'identifier': 'example_mode_manual_cpp', 'progress': 'build'}
[14.773229] (example_mode_manual_cpp) Command: {'cmd': ['/usr/local/bin/cmake', '--build', '/home/giromi/Repos/VTOL/ws_sensor_combined_src/build/example_mode_manual_cpp', '--', '-j8', '-l8'], 'cwd': '/home/giromi/Repos/VTOL/ws_sensor_combined_src/build/example_mode_manual_cpp', 'env': OrderedDict([('LESSOPEN', '| /usr/bin/lesspipe %s'), ('TMUX', '/tmp/tmux-1000/default,11588,2'), ('USER', 'giromi'), ('LC_TIME', 'ko_KR.UTF-8'), ('XDG_SESSION_TYPE', 'x11'), ('SHLVL', '2'), ('LD_LIBRARY_PATH', '/home/giromi/Repos/VTOL/ws_sensor_combined_src/install/px4_ros2_cpp/lib:/home/giromi/Repos/VTOL/ws_sensor_combined_src/install/px4_msgs/lib:/opt/ros/humble/opt/rviz_ogre_vendor/lib:/opt/ros/humble/lib/x86_64-linux-gnu:/opt/ros/humble/lib'), ('HOME', '/home/giromi'), ('OLDPWD', '/home/giromi/Repos'), ('TERM_PROGRAM_VERSION', '3.2a'), ('DESKTOP_SESSION', 'ubuntu'), ('NVM_BIN', '/home/giromi/.nvm/versions/node/v20.11.0/bin'), ('NVM_INC', '/home/giromi/.nvm/versions/node/v20.11.0/include/node'), ('ROS_PYTHON_VERSION', '3'), ('GNOME_SHELL_SESSION_MODE', 'ubuntu'), ('GTK_MODULES', 'gail:atk-bridge'), ('LC_MONETARY', 'ko_KR.UTF-8'), ('SYSTEMD_EXEC_PID', '2086'), ('DBUS_SESSION_BUS_ADDRESS', 'unix:path=/run/user/1000/bus'), ('COLORTERM', 'truecolor'), ('NVM_DIR', '/home/giromi/.nvm'), ('COLCON_PREFIX_PATH', '/home/giromi/Repos/ros2_ws/install'), ('ROS_DISTRO', 'humble'), ('GTK_IM_MODULE', 'ibus'), ('LOGNAME', 'giromi'), ('_', '/usr/bin/colcon'), ('ROS_VERSION', '2'), ('XDG_SESSION_CLASS', 'user'), ('USERNAME', 'giromi'), ('TERM', 'screen-256color'), ('GNOME_DESKTOP_SESSION_ID', 'this-is-deprecated'), ('ROS_LOCALHOST_ONLY', '0'), ('WINDOWPATH', '2'), ('PATH', '/opt/gcc-arm-none-eabi-9-2020-q2-update/bin:/home/giromi/.local/bin:/home/giromi/.nvm/versions/node/v20.11.0/bin:/opt/ros/humble/bin:/opt/gcc-arm-none-eabi-9-2020-q2-update/bin:/home/giromi/.local/bin:/usr/local/sbin:/usr/local/bin:/usr/sbin:/usr/bin:/sbin:/bin:/usr/games:/usr/local/games:/snap/bin:/snap/bin:/home/giromi/Bashes:/home/giromi/Bashes'), ('SESSION_MANAGER', 'local/ubuntu22:@/tmp/.ICE-unix/2063,unix/ubuntu22:/tmp/.ICE-unix/2063'), ('XDG_MENU_PREFIX', 'gnome-'), ('LC_ADDRESS', 'ko_KR.UTF-8'), ('GNOME_TERMINAL_SCREEN', '/org/gnome/Terminal/screen/6a3067ed_8076_461a_8fc0_84c32ba13639'), ('XDG_RUNTIME_DIR', '/run/user/1000'), ('DISPLAY', ':1'), ('LANG', 'en_US.UTF-8'), ('XDG_CURRENT_DESKTOP', 'ubuntu:GNOME'), ('LC_TELEPHONE', 'ko_KR.UTF-8'), ('XMODIFIERS', '@im=ibus'), ('XDG_SESSION_DESKTOP', 'ubuntu'), ('XAUTHORITY', '/run/user/1000/gdm/Xauthority'), ('LS_COLORS', 'rs=0:di=01;34:ln=01;36:mh=00:pi=40;33:so=01;35:do=01;35:bd=40;33;01:cd=40;33;01:or=40;31;01:mi=00:su=37;41:sg=30;43:ca=30;41:tw=30;42:ow=34;42:st=37;44:ex=01;32:*.tar=01;31:*.tgz=01;31:*.arc=01;31:*.arj=01;31:*.taz=01;31:*.lha=01;31:*.lz4=01;31:*.lzh=01;31:*.lzma=01;31:*.tlz=01;31:*.txz=01;31:*.tzo=01;31:*.t7z=01;31:*.zip=01;31:*.z=01;31:*.dz=01;31:*.gz=01;31:*.lrz=01;31:*.lz=01;31:*.lzo=01;31:*.xz=01;31:*.zst=01;31:*.tzst=01;31:*.bz2=01;31:*.bz=01;31:*.tbz=01;31:*.tbz2=01;31:*.tz=01;31:*.deb=01;31:*.rpm=01;31:*.jar=01;31:*.war=01;31:*.ear=01;31:*.sar=01;31:*.rar=01;31:*.alz=01;31:*.ace=01;31:*.zoo=01;31:*.cpio=01;31:*.7z=01;31:*.rz=01;31:*.cab=01;31:*.wim=01;31:*.swm=01;31:*.dwm=01;31:*.esd=01;31:*.jpg=01;35:*.jpeg=01;35:*.mjpg=01;35:*.mjpeg=01;35:*.gif=01;35:*.bmp=01;35:*.pbm=01;35:*.pgm=01;35:*.ppm=01;35:*.tga=01;35:*.xbm=01;35:*.xpm=01;35:*.tif=01;35:*.tiff=01;35:*.png=01;35:*.svg=01;35:*.svgz=01;35:*.mng=01;35:*.pcx=01;35:*.mov=01;35:*.mpg=01;35:*.mpeg=01;35:*.m2v=01;35:*.mkv=01;35:*.webm=01;35:*.webp=01;35:*.ogm=01;35:*.mp4=01;35:*.m4v=01;35:*.mp4v=01;35:*.vob=01;35:*.qt=01;35:*.nuv=01;35:*.wmv=01;35:*.asf=01;35:*.rm=01;35:*.rmvb=01;35:*.flc=01;35:*.avi=01;35:*.fli=01;35:*.flv=01;35:*.gl=01;35:*.dl=01;35:*.xcf=01;35:*.xwd=01;35:*.yuv=01;35:*.cgm=01;35:*.emf=01;35:*.ogv=01;35:*.ogx=01;35:*.aac=00;36:*.au=00;36:*.flac=00;36:*.m4a=00;36:*.mid=00;36:*.midi=00;36:*.mka=00;36:*.mp3=00;36:*.mpc=00;36:*.ogg=00;36:*.ra=00;36:*.wav=00;36:*.oga=00;36:*.opus=00;36:*.spx=00;36:*.xspf=00;36:'), ('GNOME_TERMINAL_SERVICE', ':1.100'), ('TERM_PROGRAM', 'tmux'), ('SSH_AGENT_LAUNCHER', 'gnome-keyring'), ('SSH_AUTH_SOCK', '/run/user/1000/keyring/ssh'), ('AMENT_PREFIX_PATH', '/home/giromi/Repos/VTOL/ws_sensor_combined_src/install/px4_ros2_cpp:/home/giromi/Repos/VTOL/ws_sensor_combined_src/install/px4_msgs:/opt/ros/humble'), ('SHELL', '/bin/bash'), ('LC_NAME', 'ko_KR.UTF-8'), ('QT_ACCESSIBILITY', '1'), ('GDMSESSION', 'ubuntu'), ('LESSCLOSE', '/usr/bin/lesspipe %s %s'), ('LC_MEASUREMENT', 'ko_KR.UTF-8'), ('GPG_AGENT_INFO', '/run/user/1000/gnupg/S.gpg-agent:0:1'), ('LC_IDENTIFICATION', 'ko_KR.UTF-8'), ('QT_IM_MODULE', 'ibus'), ('PWD', '/home/giromi/Repos/VTOL/ws_sensor_combined_src/build/example_mode_manual_cpp'), ('LC_ALL', 'en_US.UTF-8'), ('XDG_CONFIG_DIRS', '/etc/xdg/xdg-ubuntu:/etc/xdg'), ('NVM_CD_FLAGS', ''), ('XDG_DATA_DIRS', '/usr/share/ubuntu:/usr/share/gnome:/usr/local/share/:/usr/share/:/var/lib/snapd/desktop'), ('PYTHONPATH', '/home/giromi/Repos/VTOL/ws_sensor_combined_src/install/px4_msgs/local/lib/python3.10/dist-packages:/opt/ros/humble/lib/python3.10/site-packages:/opt/ros/humble/local/lib/python3.10/dist-packages'), ('LC_NUMERIC', 'ko_KR.UTF-8'), ('TMUX_PLUGIN_MANAGER_PATH', '/home/giromi/.tmux/plugins/'), ('LC_PAPER', 'ko_KR.UTF-8'), ('COLCON', '1'), ('VTE_VERSION', '6800'), ('TMUX_PANE', '%8'), ('CMAKE_PREFIX_PATH', '/home/giromi/Repos/VTOL/ws_sensor_combined_src/install/px4_ros2_cpp:/home/giromi/Repos/VTOL/ws_sensor_combined_src/install/px4_msgs:/opt/ros/humble')]), 'shell': False}
[14.776631] (example_mode_rtl_replacement_cpp) JobProgress: {'identifier': 'example_mode_rtl_replacement_cpp', 'progress': 'cmake'}
[14.778113] (example_mode_rtl_replacement_cpp) JobProgress: {'identifier': 'example_mode_rtl_replacement_cpp', 'progress': 'build'}
[14.779674] (example_mode_rtl_replacement_cpp) Command: {'cmd': ['/usr/local/bin/cmake', '--build', '/home/giromi/Repos/VTOL/ws_sensor_combined_src/build/example_mode_rtl_replacement_cpp', '--', '-j8', '-l8'], 'cwd': '/home/giromi/Repos/VTOL/ws_sensor_combined_src/build/example_mode_rtl_replacement_cpp', 'env': OrderedDict([('LESSOPEN', '| /usr/bin/lesspipe %s'), ('TMUX', '/tmp/tmux-1000/default,11588,2'), ('USER', 'giromi'), ('LC_TIME', 'ko_KR.UTF-8'), ('XDG_SESSION_TYPE', 'x11'), ('SHLVL', '2'), ('LD_LIBRARY_PATH', '/home/giromi/Repos/VTOL/ws_sensor_combined_src/install/px4_ros2_cpp/lib:/home/giromi/Repos/VTOL/ws_sensor_combined_src/install/px4_msgs/lib:/opt/ros/humble/opt/rviz_ogre_vendor/lib:/opt/ros/humble/lib/x86_64-linux-gnu:/opt/ros/humble/lib'), ('HOME', '/home/giromi'), ('OLDPWD', '/home/giromi/Repos'), ('TERM_PROGRAM_VERSION', '3.2a'), ('DESKTOP_SESSION', 'ubuntu'), ('NVM_BIN', '/home/giromi/.nvm/versions/node/v20.11.0/bin'), ('NVM_INC', '/home/giromi/.nvm/versions/node/v20.11.0/include/node'), ('ROS_PYTHON_VERSION', '3'), ('GNOME_SHELL_SESSION_MODE', 'ubuntu'), ('GTK_MODULES', 'gail:atk-bridge'), ('LC_MONETARY', 'ko_KR.UTF-8'), ('SYSTEMD_EXEC_PID', '2086'), ('DBUS_SESSION_BUS_ADDRESS', 'unix:path=/run/user/1000/bus'), ('COLORTERM', 'truecolor'), ('NVM_DIR', '/home/giromi/.nvm'), ('COLCON_PREFIX_PATH', '/home/giromi/Repos/ros2_ws/install'), ('ROS_DISTRO', 'humble'), ('GTK_IM_MODULE', 'ibus'), ('LOGNAME', 'giromi'), ('_', '/usr/bin/colcon'), ('ROS_VERSION', '2'), ('XDG_SESSION_CLASS', 'user'), ('USERNAME', 'giromi'), ('TERM', 'screen-256color'), ('GNOME_DESKTOP_SESSION_ID', 'this-is-deprecated'), ('ROS_LOCALHOST_ONLY', '0'), ('WINDOWPATH', '2'), ('PATH', '/opt/gcc-arm-none-eabi-9-2020-q2-update/bin:/home/giromi/.local/bin:/home/giromi/.nvm/versions/node/v20.11.0/bin:/opt/ros/humble/bin:/opt/gcc-arm-none-eabi-9-2020-q2-update/bin:/home/giromi/.local/bin:/usr/local/sbin:/usr/local/bin:/usr/sbin:/usr/bin:/sbin:/bin:/usr/games:/usr/local/games:/snap/bin:/snap/bin:/home/giromi/Bashes:/home/giromi/Bashes'), ('SESSION_MANAGER', 'local/ubuntu22:@/tmp/.ICE-unix/2063,unix/ubuntu22:/tmp/.ICE-unix/2063'), ('XDG_MENU_PREFIX', 'gnome-'), ('LC_ADDRESS', 'ko_KR.UTF-8'), ('GNOME_TERMINAL_SCREEN', '/org/gnome/Terminal/screen/6a3067ed_8076_461a_8fc0_84c32ba13639'), ('XDG_RUNTIME_DIR', '/run/user/1000'), ('DISPLAY', ':1'), ('LANG', 'en_US.UTF-8'), ('XDG_CURRENT_DESKTOP', 'ubuntu:GNOME'), ('LC_TELEPHONE', 'ko_KR.UTF-8'), ('XMODIFIERS', '@im=ibus'), ('XDG_SESSION_DESKTOP', 'ubuntu'), ('XAUTHORITY', '/run/user/1000/gdm/Xauthority'), ('LS_COLORS', 'rs=0:di=01;34:ln=01;36:mh=00:pi=40;33:so=01;35:do=01;35:bd=40;33;01:cd=40;33;01:or=40;31;01:mi=00:su=37;41:sg=30;43:ca=30;41:tw=30;42:ow=34;42:st=37;44:ex=01;32:*.tar=01;31:*.tgz=01;31:*.arc=01;31:*.arj=01;31:*.taz=01;31:*.lha=01;31:*.lz4=01;31:*.lzh=01;31:*.lzma=01;31:*.tlz=01;31:*.txz=01;31:*.tzo=01;31:*.t7z=01;31:*.zip=01;31:*.z=01;31:*.dz=01;31:*.gz=01;31:*.lrz=01;31:*.lz=01;31:*.lzo=01;31:*.xz=01;31:*.zst=01;31:*.tzst=01;31:*.bz2=01;31:*.bz=01;31:*.tbz=01;31:*.tbz2=01;31:*.tz=01;31:*.deb=01;31:*.rpm=01;31:*.jar=01;31:*.war=01;31:*.ear=01;31:*.sar=01;31:*.rar=01;31:*.alz=01;31:*.ace=01;31:*.zoo=01;31:*.cpio=01;31:*.7z=01;31:*.rz=01;31:*.cab=01;31:*.wim=01;31:*.swm=01;31:*.dwm=01;31:*.esd=01;31:*.jpg=01;35:*.jpeg=01;35:*.mjpg=01;35:*.mjpeg=01;35:*.gif=01;35:*.bmp=01;35:*.pbm=01;35:*.pgm=01;35:*.ppm=01;35:*.tga=01;35:*.xbm=01;35:*.xpm=01;35:*.tif=01;35:*.tiff=01;35:*.png=01;35:*.svg=01;35:*.svgz=01;35:*.mng=01;35:*.pcx=01;35:*.mov=01;35:*.mpg=01;35:*.mpeg=01;35:*.m2v=01;35:*.mkv=01;35:*.webm=01;35:*.webp=01;35:*.ogm=01;35:*.mp4=01;35:*.m4v=01;35:*.mp4v=01;35:*.vob=01;35:*.qt=01;35:*.nuv=01;35:*.wmv=01;35:*.asf=01;35:*.rm=01;35:*.rmvb=01;35:*.flc=01;35:*.avi=01;35:*.fli=01;35:*.flv=01;35:*.gl=01;35:*.dl=01;35:*.xcf=01;35:*.xwd=01;35:*.yuv=01;35:*.cgm=01;35:*.emf=01;35:*.ogv=01;35:*.ogx=01;35:*.aac=00;36:*.au=00;36:*.flac=00;36:*.m4a=00;36:*.mid=00;36:*.midi=00;36:*.mka=00;36:*.mp3=00;36:*.mpc=00;36:*.ogg=00;36:*.ra=00;36:*.wav=00;36:*.oga=00;36:*.opus=00;36:*.spx=00;36:*.xspf=00;36:'), ('GNOME_TERMINAL_SERVICE', ':1.100'), ('TERM_PROGRAM', 'tmux'), ('SSH_AGENT_LAUNCHER', 'gnome-keyring'), ('SSH_AUTH_SOCK', '/run/user/1000/keyring/ssh'), ('AMENT_PREFIX_PATH', '/home/giromi/Repos/VTOL/ws_sensor_combined_src/install/px4_ros2_cpp:/home/giromi/Repos/VTOL/ws_sensor_combined_src/install/px4_msgs:/opt/ros/humble'), ('SHELL', '/bin/bash'), ('LC_NAME', 'ko_KR.UTF-8'), ('QT_ACCESSIBILITY', '1'), ('GDMSESSION', 'ubuntu'), ('LESSCLOSE', '/usr/bin/lesspipe %s %s'), ('LC_MEASUREMENT', 'ko_KR.UTF-8'), ('GPG_AGENT_INFO', '/run/user/1000/gnupg/S.gpg-agent:0:1'), ('LC_IDENTIFICATION', 'ko_KR.UTF-8'), ('QT_IM_MODULE', 'ibus'), ('PWD', '/home/giromi/Repos/VTOL/ws_sensor_combined_src/build/example_mode_rtl_replacement_cpp'), ('LC_ALL', 'en_US.UTF-8'), ('XDG_CONFIG_DIRS', '/etc/xdg/xdg-ubuntu:/etc/xdg'), ('NVM_CD_FLAGS', ''), ('XDG_DATA_DIRS', '/usr/share/ubuntu:/usr/share/gnome:/usr/local/share/:/usr/share/:/var/lib/snapd/desktop'), ('PYTHONPATH', '/home/giromi/Repos/VTOL/ws_sensor_combined_src/install/px4_msgs/local/lib/python3.10/dist-packages:/opt/ros/humble/lib/python3.10/site-packages:/opt/ros/humble/local/lib/python3.10/dist-packages'), ('LC_NUMERIC', 'ko_KR.UTF-8'), ('TMUX_PLUGIN_MANAGER_PATH', '/home/giromi/.tmux/plugins/'), ('LC_PAPER', 'ko_KR.UTF-8'), ('COLCON', '1'), ('VTE_VERSION', '6800'), ('TMUX_PANE', '%8'), ('CMAKE_PREFIX_PATH', '/home/giromi/Repos/VTOL/ws_sensor_combined_src/install/px4_ros2_cpp:/home/giromi/Repos/VTOL/ws_sensor_combined_src/install/px4_msgs:/opt/ros/humble')]), 'shell': False}
[14.791283] (example_mode_with_executor_cpp) JobProgress: {'identifier': 'example_mode_with_executor_cpp', 'progress': 'cmake'}
[14.792154] (example_mode_with_executor_cpp) JobProgress: {'identifier': 'example_mode_with_executor_cpp', 'progress': 'build'}
[14.792824] (example_mode_with_executor_cpp) Command: {'cmd': ['/usr/local/bin/cmake', '--build', '/home/giromi/Repos/VTOL/ws_sensor_combined_src/build/example_mode_with_executor_cpp', '--', '-j8', '-l8'], 'cwd': '/home/giromi/Repos/VTOL/ws_sensor_combined_src/build/example_mode_with_executor_cpp', 'env': OrderedDict([('LESSOPEN', '| /usr/bin/lesspipe %s'), ('TMUX', '/tmp/tmux-1000/default,11588,2'), ('USER', 'giromi'), ('LC_TIME', 'ko_KR.UTF-8'), ('XDG_SESSION_TYPE', 'x11'), ('SHLVL', '2'), ('LD_LIBRARY_PATH', '/home/giromi/Repos/VTOL/ws_sensor_combined_src/install/px4_ros2_cpp/lib:/home/giromi/Repos/VTOL/ws_sensor_combined_src/install/px4_msgs/lib:/opt/ros/humble/opt/rviz_ogre_vendor/lib:/opt/ros/humble/lib/x86_64-linux-gnu:/opt/ros/humble/lib'), ('HOME', '/home/giromi'), ('OLDPWD', '/home/giromi/Repos'), ('TERM_PROGRAM_VERSION', '3.2a'), ('DESKTOP_SESSION', 'ubuntu'), ('NVM_BIN', '/home/giromi/.nvm/versions/node/v20.11.0/bin'), ('NVM_INC', '/home/giromi/.nvm/versions/node/v20.11.0/include/node'), ('ROS_PYTHON_VERSION', '3'), ('GNOME_SHELL_SESSION_MODE', 'ubuntu'), ('GTK_MODULES', 'gail:atk-bridge'), ('LC_MONETARY', 'ko_KR.UTF-8'), ('SYSTEMD_EXEC_PID', '2086'), ('DBUS_SESSION_BUS_ADDRESS', 'unix:path=/run/user/1000/bus'), ('COLORTERM', 'truecolor'), ('NVM_DIR', '/home/giromi/.nvm'), ('COLCON_PREFIX_PATH', '/home/giromi/Repos/ros2_ws/install'), ('ROS_DISTRO', 'humble'), ('GTK_IM_MODULE', 'ibus'), ('LOGNAME', 'giromi'), ('_', '/usr/bin/colcon'), ('ROS_VERSION', '2'), ('XDG_SESSION_CLASS', 'user'), ('USERNAME', 'giromi'), ('TERM', 'screen-256color'), ('GNOME_DESKTOP_SESSION_ID', 'this-is-deprecated'), ('ROS_LOCALHOST_ONLY', '0'), ('WINDOWPATH', '2'), ('PATH', '/opt/gcc-arm-none-eabi-9-2020-q2-update/bin:/home/giromi/.local/bin:/home/giromi/.nvm/versions/node/v20.11.0/bin:/opt/ros/humble/bin:/opt/gcc-arm-none-eabi-9-2020-q2-update/bin:/home/giromi/.local/bin:/usr/local/sbin:/usr/local/bin:/usr/sbin:/usr/bin:/sbin:/bin:/usr/games:/usr/local/games:/snap/bin:/snap/bin:/home/giromi/Bashes:/home/giromi/Bashes'), ('SESSION_MANAGER', 'local/ubuntu22:@/tmp/.ICE-unix/2063,unix/ubuntu22:/tmp/.ICE-unix/2063'), ('XDG_MENU_PREFIX', 'gnome-'), ('LC_ADDRESS', 'ko_KR.UTF-8'), ('GNOME_TERMINAL_SCREEN', '/org/gnome/Terminal/screen/6a3067ed_8076_461a_8fc0_84c32ba13639'), ('XDG_RUNTIME_DIR', '/run/user/1000'), ('DISPLAY', ':1'), ('LANG', 'en_US.UTF-8'), ('XDG_CURRENT_DESKTOP', 'ubuntu:GNOME'), ('LC_TELEPHONE', 'ko_KR.UTF-8'), ('XMODIFIERS', '@im=ibus'), ('XDG_SESSION_DESKTOP', 'ubuntu'), ('XAUTHORITY', '/run/user/1000/gdm/Xauthority'), ('LS_COLORS', 'rs=0:di=01;34:ln=01;36:mh=00:pi=40;33:so=01;35:do=01;35:bd=40;33;01:cd=40;33;01:or=40;31;01:mi=00:su=37;41:sg=30;43:ca=30;41:tw=30;42:ow=34;42:st=37;44:ex=01;32:*.tar=01;31:*.tgz=01;31:*.arc=01;31:*.arj=01;31:*.taz=01;31:*.lha=01;31:*.lz4=01;31:*.lzh=01;31:*.lzma=01;31:*.tlz=01;31:*.txz=01;31:*.tzo=01;31:*.t7z=01;31:*.zip=01;31:*.z=01;31:*.dz=01;31:*.gz=01;31:*.lrz=01;31:*.lz=01;31:*.lzo=01;31:*.xz=01;31:*.zst=01;31:*.tzst=01;31:*.bz2=01;31:*.bz=01;31:*.tbz=01;31:*.tbz2=01;31:*.tz=01;31:*.deb=01;31:*.rpm=01;31:*.jar=01;31:*.war=01;31:*.ear=01;31:*.sar=01;31:*.rar=01;31:*.alz=01;31:*.ace=01;31:*.zoo=01;31:*.cpio=01;31:*.7z=01;31:*.rz=01;31:*.cab=01;31:*.wim=01;31:*.swm=01;31:*.dwm=01;31:*.esd=01;31:*.jpg=01;35:*.jpeg=01;35:*.mjpg=01;35:*.mjpeg=01;35:*.gif=01;35:*.bmp=01;35:*.pbm=01;35:*.pgm=01;35:*.ppm=01;35:*.tga=01;35:*.xbm=01;35:*.xpm=01;35:*.tif=01;35:*.tiff=01;35:*.png=01;35:*.svg=01;35:*.svgz=01;35:*.mng=01;35:*.pcx=01;35:*.mov=01;35:*.mpg=01;35:*.mpeg=01;35:*.m2v=01;35:*.mkv=01;35:*.webm=01;35:*.webp=01;35:*.ogm=01;35:*.mp4=01;35:*.m4v=01;35:*.mp4v=01;35:*.vob=01;35:*.qt=01;35:*.nuv=01;35:*.wmv=01;35:*.asf=01;35:*.rm=01;35:*.rmvb=01;35:*.flc=01;35:*.avi=01;35:*.fli=01;35:*.flv=01;35:*.gl=01;35:*.dl=01;35:*.xcf=01;35:*.xwd=01;35:*.yuv=01;35:*.cgm=01;35:*.emf=01;35:*.ogv=01;35:*.ogx=01;35:*.aac=00;36:*.au=00;36:*.flac=00;36:*.m4a=00;36:*.mid=00;36:*.midi=00;36:*.mka=00;36:*.mp3=00;36:*.mpc=00;36:*.ogg=00;36:*.ra=00;36:*.wav=00;36:*.oga=00;36:*.opus=00;36:*.spx=00;36:*.xspf=00;36:'), ('GNOME_TERMINAL_SERVICE', ':1.100'), ('TERM_PROGRAM', 'tmux'), ('SSH_AGENT_LAUNCHER', 'gnome-keyring'), ('SSH_AUTH_SOCK', '/run/user/1000/keyring/ssh'), ('AMENT_PREFIX_PATH', '/home/giromi/Repos/VTOL/ws_sensor_combined_src/install/px4_ros2_cpp:/home/giromi/Repos/VTOL/ws_sensor_combined_src/install/px4_msgs:/opt/ros/humble'), ('SHELL', '/bin/bash'), ('LC_NAME', 'ko_KR.UTF-8'), ('QT_ACCESSIBILITY', '1'), ('GDMSESSION', 'ubuntu'), ('LESSCLOSE', '/usr/bin/lesspipe %s %s'), ('LC_MEASUREMENT', 'ko_KR.UTF-8'), ('GPG_AGENT_INFO', '/run/user/1000/gnupg/S.gpg-agent:0:1'), ('LC_IDENTIFICATION', 'ko_KR.UTF-8'), ('QT_IM_MODULE', 'ibus'), ('PWD', '/home/giromi/Repos/VTOL/ws_sensor_combined_src/build/example_mode_with_executor_cpp'), ('LC_ALL', 'en_US.UTF-8'), ('XDG_CONFIG_DIRS', '/etc/xdg/xdg-ubuntu:/etc/xdg'), ('NVM_CD_FLAGS', ''), ('XDG_DATA_DIRS', '/usr/share/ubuntu:/usr/share/gnome:/usr/local/share/:/usr/share/:/var/lib/snapd/desktop'), ('PYTHONPATH', '/home/giromi/Repos/VTOL/ws_sensor_combined_src/install/px4_msgs/local/lib/python3.10/dist-packages:/opt/ros/humble/lib/python3.10/site-packages:/opt/ros/humble/local/lib/python3.10/dist-packages'), ('LC_NUMERIC', 'ko_KR.UTF-8'), ('TMUX_PLUGIN_MANAGER_PATH', '/home/giromi/.tmux/plugins/'), ('LC_PAPER', 'ko_KR.UTF-8'), ('COLCON', '1'), ('VTE_VERSION', '6800'), ('TMUX_PANE', '%8'), ('CMAKE_PREFIX_PATH', '/home/giromi/Repos/VTOL/ws_sensor_combined_src/install/px4_ros2_cpp:/home/giromi/Repos/VTOL/ws_sensor_combined_src/install/px4_msgs:/opt/ros/humble')]), 'shell': False}
[14.816724] (example_global_navigation_cpp) StdoutLine: {'line': b'[100%] Built target example_global_navigation\n'}
[14.824918] (example_global_navigation_cpp) CommandEnded: {'returncode': 0}
[14.828566] (example_local_navigation_cpp) StdoutLine: {'line': b'[100%] Built target example_local_navigation\n'}
[14.833091] (example_mode_goto_cpp) StdoutLine: {'line': b'[100%] Built target example_mode_goto\n'}
[14.836331] (example_local_navigation_cpp) CommandEnded: {'returncode': 0}
[14.839802] (example_mode_rtl_replacement_cpp) StdoutLine: {'line': b'[100%] Built target example_mode_rtl\n'}
[14.840163] (example_mode_manual_cpp) StdoutLine: {'line': b'[100%] Built target example_mode_manual\n'}
[14.841599] (example_mode_goto_cpp) CommandEnded: {'returncode': 0}
[14.846812] (example_mode_with_executor_cpp) StdoutLine: {'line': b'[100%] Built target example_mode_with_executor\n'}
[14.847311] (-) TimerEvent: {}
[14.848552] (example_mode_manual_cpp) CommandEnded: {'returncode': 0}
[14.851260] (example_mode_rtl_replacement_cpp) CommandEnded: {'returncode': 0}
[14.855426] (example_global_navigation_cpp) JobProgress: {'identifier': 'example_global_navigation_cpp', 'progress': 'install'}
[14.856354] (example_global_navigation_cpp) Command: {'cmd': ['/usr/local/bin/cmake', '--install', '/home/giromi/Repos/VTOL/ws_sensor_combined_src/build/example_global_navigation_cpp'], 'cwd': '/home/giromi/Repos/VTOL/ws_sensor_combined_src/build/example_global_navigation_cpp', 'env': OrderedDict([('LESSOPEN', '| /usr/bin/lesspipe %s'), ('TMUX', '/tmp/tmux-1000/default,11588,2'), ('USER', 'giromi'), ('LC_TIME', 'ko_KR.UTF-8'), ('XDG_SESSION_TYPE', 'x11'), ('SHLVL', '2'), ('LD_LIBRARY_PATH', '/home/giromi/Repos/VTOL/ws_sensor_combined_src/install/px4_ros2_cpp/lib:/home/giromi/Repos/VTOL/ws_sensor_combined_src/install/px4_msgs/lib:/opt/ros/humble/opt/rviz_ogre_vendor/lib:/opt/ros/humble/lib/x86_64-linux-gnu:/opt/ros/humble/lib'), ('HOME', '/home/giromi'), ('OLDPWD', '/home/giromi/Repos'), ('TERM_PROGRAM_VERSION', '3.2a'), ('DESKTOP_SESSION', 'ubuntu'), ('NVM_BIN', '/home/giromi/.nvm/versions/node/v20.11.0/bin'), ('NVM_INC', '/home/giromi/.nvm/versions/node/v20.11.0/include/node'), ('ROS_PYTHON_VERSION', '3'), ('GNOME_SHELL_SESSION_MODE', 'ubuntu'), ('GTK_MODULES', 'gail:atk-bridge'), ('LC_MONETARY', 'ko_KR.UTF-8'), ('SYSTEMD_EXEC_PID', '2086'), ('DBUS_SESSION_BUS_ADDRESS', 'unix:path=/run/user/1000/bus'), ('COLORTERM', 'truecolor'), ('NVM_DIR', '/home/giromi/.nvm'), ('COLCON_PREFIX_PATH', '/home/giromi/Repos/ros2_ws/install'), ('ROS_DISTRO', 'humble'), ('GTK_IM_MODULE', 'ibus'), ('LOGNAME', 'giromi'), ('_', '/usr/bin/colcon'), ('ROS_VERSION', '2'), ('XDG_SESSION_CLASS', 'user'), ('USERNAME', 'giromi'), ('TERM', 'screen-256color'), ('GNOME_DESKTOP_SESSION_ID', 'this-is-deprecated'), ('ROS_LOCALHOST_ONLY', '0'), ('WINDOWPATH', '2'), ('PATH', '/opt/gcc-arm-none-eabi-9-2020-q2-update/bin:/home/giromi/.local/bin:/home/giromi/.nvm/versions/node/v20.11.0/bin:/opt/ros/humble/bin:/opt/gcc-arm-none-eabi-9-2020-q2-update/bin:/home/giromi/.local/bin:/usr/local/sbin:/usr/local/bin:/usr/sbin:/usr/bin:/sbin:/bin:/usr/games:/usr/local/games:/snap/bin:/snap/bin:/home/giromi/Bashes:/home/giromi/Bashes'), ('SESSION_MANAGER', 'local/ubuntu22:@/tmp/.ICE-unix/2063,unix/ubuntu22:/tmp/.ICE-unix/2063'), ('XDG_MENU_PREFIX', 'gnome-'), ('LC_ADDRESS', 'ko_KR.UTF-8'), ('GNOME_TERMINAL_SCREEN', '/org/gnome/Terminal/screen/6a3067ed_8076_461a_8fc0_84c32ba13639'), ('XDG_RUNTIME_DIR', '/run/user/1000'), ('DISPLAY', ':1'), ('LANG', 'en_US.UTF-8'), ('XDG_CURRENT_DESKTOP', 'ubuntu:GNOME'), ('LC_TELEPHONE', 'ko_KR.UTF-8'), ('XMODIFIERS', '@im=ibus'), ('XDG_SESSION_DESKTOP', 'ubuntu'), ('XAUTHORITY', '/run/user/1000/gdm/Xauthority'), ('LS_COLORS', 'rs=0:di=01;34:ln=01;36:mh=00:pi=40;33:so=01;35:do=01;35:bd=40;33;01:cd=40;33;01:or=40;31;01:mi=00:su=37;41:sg=30;43:ca=30;41:tw=30;42:ow=34;42:st=37;44:ex=01;32:*.tar=01;31:*.tgz=01;31:*.arc=01;31:*.arj=01;31:*.taz=01;31:*.lha=01;31:*.lz4=01;31:*.lzh=01;31:*.lzma=01;31:*.tlz=01;31:*.txz=01;31:*.tzo=01;31:*.t7z=01;31:*.zip=01;31:*.z=01;31:*.dz=01;31:*.gz=01;31:*.lrz=01;31:*.lz=01;31:*.lzo=01;31:*.xz=01;31:*.zst=01;31:*.tzst=01;31:*.bz2=01;31:*.bz=01;31:*.tbz=01;31:*.tbz2=01;31:*.tz=01;31:*.deb=01;31:*.rpm=01;31:*.jar=01;31:*.war=01;31:*.ear=01;31:*.sar=01;31:*.rar=01;31:*.alz=01;31:*.ace=01;31:*.zoo=01;31:*.cpio=01;31:*.7z=01;31:*.rz=01;31:*.cab=01;31:*.wim=01;31:*.swm=01;31:*.dwm=01;31:*.esd=01;31:*.jpg=01;35:*.jpeg=01;35:*.mjpg=01;35:*.mjpeg=01;35:*.gif=01;35:*.bmp=01;35:*.pbm=01;35:*.pgm=01;35:*.ppm=01;35:*.tga=01;35:*.xbm=01;35:*.xpm=01;35:*.tif=01;35:*.tiff=01;35:*.png=01;35:*.svg=01;35:*.svgz=01;35:*.mng=01;35:*.pcx=01;35:*.mov=01;35:*.mpg=01;35:*.mpeg=01;35:*.m2v=01;35:*.mkv=01;35:*.webm=01;35:*.webp=01;35:*.ogm=01;35:*.mp4=01;35:*.m4v=01;35:*.mp4v=01;35:*.vob=01;35:*.qt=01;35:*.nuv=01;35:*.wmv=01;35:*.asf=01;35:*.rm=01;35:*.rmvb=01;35:*.flc=01;35:*.avi=01;35:*.fli=01;35:*.flv=01;35:*.gl=01;35:*.dl=01;35:*.xcf=01;35:*.xwd=01;35:*.yuv=01;35:*.cgm=01;35:*.emf=01;35:*.ogv=01;35:*.ogx=01;35:*.aac=00;36:*.au=00;36:*.flac=00;36:*.m4a=00;36:*.mid=00;36:*.midi=00;36:*.mka=00;36:*.mp3=00;36:*.mpc=00;36:*.ogg=00;36:*.ra=00;36:*.wav=00;36:*.oga=00;36:*.opus=00;36:*.spx=00;36:*.xspf=00;36:'), ('GNOME_TERMINAL_SERVICE', ':1.100'), ('TERM_PROGRAM', 'tmux'), ('SSH_AGENT_LAUNCHER', 'gnome-keyring'), ('SSH_AUTH_SOCK', '/run/user/1000/keyring/ssh'), ('AMENT_PREFIX_PATH', '/home/giromi/Repos/VTOL/ws_sensor_combined_src/install/px4_ros2_cpp:/home/giromi/Repos/VTOL/ws_sensor_combined_src/install/px4_msgs:/opt/ros/humble'), ('SHELL', '/bin/bash'), ('LC_NAME', 'ko_KR.UTF-8'), ('QT_ACCESSIBILITY', '1'), ('GDMSESSION', 'ubuntu'), ('LESSCLOSE', '/usr/bin/lesspipe %s %s'), ('LC_MEASUREMENT', 'ko_KR.UTF-8'), ('GPG_AGENT_INFO', '/run/user/1000/gnupg/S.gpg-agent:0:1'), ('LC_IDENTIFICATION', 'ko_KR.UTF-8'), ('QT_IM_MODULE', 'ibus'), ('PWD', '/home/giromi/Repos/VTOL/ws_sensor_combined_src/build/example_global_navigation_cpp'), ('LC_ALL', 'en_US.UTF-8'), ('XDG_CONFIG_DIRS', '/etc/xdg/xdg-ubuntu:/etc/xdg'), ('NVM_CD_FLAGS', ''), ('XDG_DATA_DIRS', '/usr/share/ubuntu:/usr/share/gnome:/usr/local/share/:/usr/share/:/var/lib/snapd/desktop'), ('PYTHONPATH', '/home/giromi/Repos/VTOL/ws_sensor_combined_src/install/px4_msgs/local/lib/python3.10/dist-packages:/opt/ros/humble/lib/python3.10/site-packages:/opt/ros/humble/local/lib/python3.10/dist-packages'), ('LC_NUMERIC', 'ko_KR.UTF-8'), ('TMUX_PLUGIN_MANAGER_PATH', '/home/giromi/.tmux/plugins/'), ('LC_PAPER', 'ko_KR.UTF-8'), ('COLCON', '1'), ('VTE_VERSION', '6800'), ('TMUX_PANE', '%8'), ('CMAKE_PREFIX_PATH', '/home/giromi/Repos/VTOL/ws_sensor_combined_src/install/px4_ros2_cpp:/home/giromi/Repos/VTOL/ws_sensor_combined_src/install/px4_msgs:/opt/ros/humble')]), 'shell': False}
[14.859529] (example_mode_with_executor_cpp) CommandEnded: {'returncode': 0}
[14.862434] (example_global_navigation_cpp) StdoutLine: {'line': b'-- Install configuration: ""\n'}
[14.863347] (example_global_navigation_cpp) StdoutLine: {'line': b'-- Execute custom install script\n'}
[14.863757] (example_global_navigation_cpp) StdoutLine: {'line': b'-- Up-to-date symlink: /home/giromi/Repos/VTOL/ws_sensor_combined_src/install/example_global_navigation_cpp/lib/example_global_navigation_cpp/example_global_navigation\n'}
[14.864434] (example_global_navigation_cpp) StdoutLine: {'line': b'-- Up-to-date symlink: /home/giromi/Repos/VTOL/ws_sensor_combined_src/install/example_global_navigation_cpp/share/ament_index/resource_index/package_run_dependencies/example_global_navigation_cpp\n'}
[14.864952] (example_global_navigation_cpp) StdoutLine: {'line': b'-- Up-to-date symlink: /home/giromi/Repos/VTOL/ws_sensor_combined_src/install/example_global_navigation_cpp/share/ament_index/resource_index/parent_prefix_path/example_global_navigation_cpp\n'}
[14.865779] (example_global_navigation_cpp) StdoutLine: {'line': b'-- Up-to-date symlink: /home/giromi/Repos/VTOL/ws_sensor_combined_src/install/example_global_navigation_cpp/share/example_global_navigation_cpp/environment/ament_prefix_path.sh\n'}
[14.866988] (example_local_navigation_cpp) JobProgress: {'identifier': 'example_local_navigation_cpp', 'progress': 'install'}
[14.867176] (example_global_navigation_cpp) StdoutLine: {'line': b'-- Up-to-date symlink: /home/giromi/Repos/VTOL/ws_sensor_combined_src/install/example_global_navigation_cpp/share/example_global_navigation_cpp/environment/ament_prefix_path.dsv\n'}
[14.868152] (example_local_navigation_cpp) Command: {'cmd': ['/usr/local/bin/cmake', '--install', '/home/giromi/Repos/VTOL/ws_sensor_combined_src/build/example_local_navigation_cpp'], 'cwd': '/home/giromi/Repos/VTOL/ws_sensor_combined_src/build/example_local_navigation_cpp', 'env': OrderedDict([('LESSOPEN', '| /usr/bin/lesspipe %s'), ('TMUX', '/tmp/tmux-1000/default,11588,2'), ('USER', 'giromi'), ('LC_TIME', 'ko_KR.UTF-8'), ('XDG_SESSION_TYPE', 'x11'), ('SHLVL', '2'), ('LD_LIBRARY_PATH', '/home/giromi/Repos/VTOL/ws_sensor_combined_src/install/px4_ros2_cpp/lib:/home/giromi/Repos/VTOL/ws_sensor_combined_src/install/px4_msgs/lib:/opt/ros/humble/opt/rviz_ogre_vendor/lib:/opt/ros/humble/lib/x86_64-linux-gnu:/opt/ros/humble/lib'), ('HOME', '/home/giromi'), ('OLDPWD', '/home/giromi/Repos'), ('TERM_PROGRAM_VERSION', '3.2a'), ('DESKTOP_SESSION', 'ubuntu'), ('NVM_BIN', '/home/giromi/.nvm/versions/node/v20.11.0/bin'), ('NVM_INC', '/home/giromi/.nvm/versions/node/v20.11.0/include/node'), ('ROS_PYTHON_VERSION', '3'), ('GNOME_SHELL_SESSION_MODE', 'ubuntu'), ('GTK_MODULES', 'gail:atk-bridge'), ('LC_MONETARY', 'ko_KR.UTF-8'), ('SYSTEMD_EXEC_PID', '2086'), ('DBUS_SESSION_BUS_ADDRESS', 'unix:path=/run/user/1000/bus'), ('COLORTERM', 'truecolor'), ('NVM_DIR', '/home/giromi/.nvm'), ('COLCON_PREFIX_PATH', '/home/giromi/Repos/ros2_ws/install'), ('ROS_DISTRO', 'humble'), ('GTK_IM_MODULE', 'ibus'), ('LOGNAME', 'giromi'), ('_', '/usr/bin/colcon'), ('ROS_VERSION', '2'), ('XDG_SESSION_CLASS', 'user'), ('USERNAME', 'giromi'), ('TERM', 'screen-256color'), ('GNOME_DESKTOP_SESSION_ID', 'this-is-deprecated'), ('ROS_LOCALHOST_ONLY', '0'), ('WINDOWPATH', '2'), ('PATH', '/opt/gcc-arm-none-eabi-9-2020-q2-update/bin:/home/giromi/.local/bin:/home/giromi/.nvm/versions/node/v20.11.0/bin:/opt/ros/humble/bin:/opt/gcc-arm-none-eabi-9-2020-q2-update/bin:/home/giromi/.local/bin:/usr/local/sbin:/usr/local/bin:/usr/sbin:/usr/bin:/sbin:/bin:/usr/games:/usr/local/games:/snap/bin:/snap/bin:/home/giromi/Bashes:/home/giromi/Bashes'), ('SESSION_MANAGER', 'local/ubuntu22:@/tmp/.ICE-unix/2063,unix/ubuntu22:/tmp/.ICE-unix/2063'), ('XDG_MENU_PREFIX', 'gnome-'), ('LC_ADDRESS', 'ko_KR.UTF-8'), ('GNOME_TERMINAL_SCREEN', '/org/gnome/Terminal/screen/6a3067ed_8076_461a_8fc0_84c32ba13639'), ('XDG_RUNTIME_DIR', '/run/user/1000'), ('DISPLAY', ':1'), ('LANG', 'en_US.UTF-8'), ('XDG_CURRENT_DESKTOP', 'ubuntu:GNOME'), ('LC_TELEPHONE', 'ko_KR.UTF-8'), ('XMODIFIERS', '@im=ibus'), ('XDG_SESSION_DESKTOP', 'ubuntu'), ('XAUTHORITY', '/run/user/1000/gdm/Xauthority'), ('LS_COLORS', 'rs=0:di=01;34:ln=01;36:mh=00:pi=40;33:so=01;35:do=01;35:bd=40;33;01:cd=40;33;01:or=40;31;01:mi=00:su=37;41:sg=30;43:ca=30;41:tw=30;42:ow=34;42:st=37;44:ex=01;32:*.tar=01;31:*.tgz=01;31:*.arc=01;31:*.arj=01;31:*.taz=01;31:*.lha=01;31:*.lz4=01;31:*.lzh=01;31:*.lzma=01;31:*.tlz=01;31:*.txz=01;31:*.tzo=01;31:*.t7z=01;31:*.zip=01;31:*.z=01;31:*.dz=01;31:*.gz=01;31:*.lrz=01;31:*.lz=01;31:*.lzo=01;31:*.xz=01;31:*.zst=01;31:*.tzst=01;31:*.bz2=01;31:*.bz=01;31:*.tbz=01;31:*.tbz2=01;31:*.tz=01;31:*.deb=01;31:*.rpm=01;31:*.jar=01;31:*.war=01;31:*.ear=01;31:*.sar=01;31:*.rar=01;31:*.alz=01;31:*.ace=01;31:*.zoo=01;31:*.cpio=01;31:*.7z=01;31:*.rz=01;31:*.cab=01;31:*.wim=01;31:*.swm=01;31:*.dwm=01;31:*.esd=01;31:*.jpg=01;35:*.jpeg=01;35:*.mjpg=01;35:*.mjpeg=01;35:*.gif=01;35:*.bmp=01;35:*.pbm=01;35:*.pgm=01;35:*.ppm=01;35:*.tga=01;35:*.xbm=01;35:*.xpm=01;35:*.tif=01;35:*.tiff=01;35:*.png=01;35:*.svg=01;35:*.svgz=01;35:*.mng=01;35:*.pcx=01;35:*.mov=01;35:*.mpg=01;35:*.mpeg=01;35:*.m2v=01;35:*.mkv=01;35:*.webm=01;35:*.webp=01;35:*.ogm=01;35:*.mp4=01;35:*.m4v=01;35:*.mp4v=01;35:*.vob=01;35:*.qt=01;35:*.nuv=01;35:*.wmv=01;35:*.asf=01;35:*.rm=01;35:*.rmvb=01;35:*.flc=01;35:*.avi=01;35:*.fli=01;35:*.flv=01;35:*.gl=01;35:*.dl=01;35:*.xcf=01;35:*.xwd=01;35:*.yuv=01;35:*.cgm=01;35:*.emf=01;35:*.ogv=01;35:*.ogx=01;35:*.aac=00;36:*.au=00;36:*.flac=00;36:*.m4a=00;36:*.mid=00;36:*.midi=00;36:*.mka=00;36:*.mp3=00;36:*.mpc=00;36:*.ogg=00;36:*.ra=00;36:*.wav=00;36:*.oga=00;36:*.opus=00;36:*.spx=00;36:*.xspf=00;36:'), ('GNOME_TERMINAL_SERVICE', ':1.100'), ('TERM_PROGRAM', 'tmux'), ('SSH_AGENT_LAUNCHER', 'gnome-keyring'), ('SSH_AUTH_SOCK', '/run/user/1000/keyring/ssh'), ('AMENT_PREFIX_PATH', '/home/giromi/Repos/VTOL/ws_sensor_combined_src/install/px4_ros2_cpp:/home/giromi/Repos/VTOL/ws_sensor_combined_src/install/px4_msgs:/opt/ros/humble'), ('SHELL', '/bin/bash'), ('LC_NAME', 'ko_KR.UTF-8'), ('QT_ACCESSIBILITY', '1'), ('GDMSESSION', 'ubuntu'), ('LESSCLOSE', '/usr/bin/lesspipe %s %s'), ('LC_MEASUREMENT', 'ko_KR.UTF-8'), ('GPG_AGENT_INFO', '/run/user/1000/gnupg/S.gpg-agent:0:1'), ('LC_IDENTIFICATION', 'ko_KR.UTF-8'), ('QT_IM_MODULE', 'ibus'), ('PWD', '/home/giromi/Repos/VTOL/ws_sensor_combined_src/build/example_local_navigation_cpp'), ('LC_ALL', 'en_US.UTF-8'), ('XDG_CONFIG_DIRS', '/etc/xdg/xdg-ubuntu:/etc/xdg'), ('NVM_CD_FLAGS', ''), ('XDG_DATA_DIRS', '/usr/share/ubuntu:/usr/share/gnome:/usr/local/share/:/usr/share/:/var/lib/snapd/desktop'), ('PYTHONPATH', '/home/giromi/Repos/VTOL/ws_sensor_combined_src/install/px4_msgs/local/lib/python3.10/dist-packages:/opt/ros/humble/lib/python3.10/site-packages:/opt/ros/humble/local/lib/python3.10/dist-packages'), ('LC_NUMERIC', 'ko_KR.UTF-8'), ('TMUX_PLUGIN_MANAGER_PATH', '/home/giromi/.tmux/plugins/'), ('LC_PAPER', 'ko_KR.UTF-8'), ('COLCON', '1'), ('VTE_VERSION', '6800'), ('TMUX_PANE', '%8'), ('CMAKE_PREFIX_PATH', '/home/giromi/Repos/VTOL/ws_sensor_combined_src/install/px4_ros2_cpp:/home/giromi/Repos/VTOL/ws_sensor_combined_src/install/px4_msgs:/opt/ros/humble')]), 'shell': False}
[14.870087] (example_global_navigation_cpp) StdoutLine: {'line': b'-- Up-to-date symlink: /home/giromi/Repos/VTOL/ws_sensor_combined_src/install/example_global_navigation_cpp/share/example_global_navigation_cpp/environment/path.sh\n'}
[14.871415] (example_global_navigation_cpp) StdoutLine: {'line': b'-- Up-to-date symlink: /home/giromi/Repos/VTOL/ws_sensor_combined_src/install/example_global_navigation_cpp/share/example_global_navigation_cpp/environment/path.dsv\n'}
[14.871736] (example_global_navigation_cpp) StdoutLine: {'line': b'-- Up-to-date symlink: /home/giromi/Repos/VTOL/ws_sensor_combined_src/install/example_global_navigation_cpp/share/example_global_navigation_cpp/local_setup.bash\n'}
[14.871988] (example_global_navigation_cpp) StdoutLine: {'line': b'-- Up-to-date symlink: /home/giromi/Repos/VTOL/ws_sensor_combined_src/install/example_global_navigation_cpp/share/example_global_navigation_cpp/local_setup.sh\n'}
[14.873715] (example_global_navigation_cpp) StdoutLine: {'line': b'-- Up-to-date symlink: /home/giromi/Repos/VTOL/ws_sensor_combined_src/install/example_global_navigation_cpp/share/example_global_navigation_cpp/local_setup.zsh\n'}
[14.873866] (example_global_navigation_cpp) StdoutLine: {'line': b'-- Up-to-date symlink: /home/giromi/Repos/VTOL/ws_sensor_combined_src/install/example_global_navigation_cpp/share/example_global_navigation_cpp/local_setup.dsv\n'}
[14.874722] (example_global_navigation_cpp) StdoutLine: {'line': b'-- Symlinking: /home/giromi/Repos/VTOL/ws_sensor_combined_src/install/example_global_navigation_cpp/share/example_global_navigation_cpp/package.dsv\n'}
[14.875257] (example_mode_goto_cpp) JobProgress: {'identifier': 'example_mode_goto_cpp', 'progress': 'install'}
[14.875303] (example_mode_goto_cpp) Command: {'cmd': ['/usr/local/bin/cmake', '--install', '/home/giromi/Repos/VTOL/ws_sensor_combined_src/build/example_mode_goto_cpp'], 'cwd': '/home/giromi/Repos/VTOL/ws_sensor_combined_src/build/example_mode_goto_cpp', 'env': OrderedDict([('LESSOPEN', '| /usr/bin/lesspipe %s'), ('TMUX', '/tmp/tmux-1000/default,11588,2'), ('USER', 'giromi'), ('LC_TIME', 'ko_KR.UTF-8'), ('XDG_SESSION_TYPE', 'x11'), ('SHLVL', '2'), ('LD_LIBRARY_PATH', '/home/giromi/Repos/VTOL/ws_sensor_combined_src/install/px4_ros2_cpp/lib:/home/giromi/Repos/VTOL/ws_sensor_combined_src/install/px4_msgs/lib:/opt/ros/humble/opt/rviz_ogre_vendor/lib:/opt/ros/humble/lib/x86_64-linux-gnu:/opt/ros/humble/lib'), ('HOME', '/home/giromi'), ('OLDPWD', '/home/giromi/Repos'), ('TERM_PROGRAM_VERSION', '3.2a'), ('DESKTOP_SESSION', 'ubuntu'), ('NVM_BIN', '/home/giromi/.nvm/versions/node/v20.11.0/bin'), ('NVM_INC', '/home/giromi/.nvm/versions/node/v20.11.0/include/node'), ('ROS_PYTHON_VERSION', '3'), ('GNOME_SHELL_SESSION_MODE', 'ubuntu'), ('GTK_MODULES', 'gail:atk-bridge'), ('LC_MONETARY', 'ko_KR.UTF-8'), ('SYSTEMD_EXEC_PID', '2086'), ('DBUS_SESSION_BUS_ADDRESS', 'unix:path=/run/user/1000/bus'), ('COLORTERM', 'truecolor'), ('NVM_DIR', '/home/giromi/.nvm'), ('COLCON_PREFIX_PATH', '/home/giromi/Repos/ros2_ws/install'), ('ROS_DISTRO', 'humble'), ('GTK_IM_MODULE', 'ibus'), ('LOGNAME', 'giromi'), ('_', '/usr/bin/colcon'), ('ROS_VERSION', '2'), ('XDG_SESSION_CLASS', 'user'), ('USERNAME', 'giromi'), ('TERM', 'screen-256color'), ('GNOME_DESKTOP_SESSION_ID', 'this-is-deprecated'), ('ROS_LOCALHOST_ONLY', '0'), ('WINDOWPATH', '2'), ('PATH', '/opt/gcc-arm-none-eabi-9-2020-q2-update/bin:/home/giromi/.local/bin:/home/giromi/.nvm/versions/node/v20.11.0/bin:/opt/ros/humble/bin:/opt/gcc-arm-none-eabi-9-2020-q2-update/bin:/home/giromi/.local/bin:/usr/local/sbin:/usr/local/bin:/usr/sbin:/usr/bin:/sbin:/bin:/usr/games:/usr/local/games:/snap/bin:/snap/bin:/home/giromi/Bashes:/home/giromi/Bashes'), ('SESSION_MANAGER', 'local/ubuntu22:@/tmp/.ICE-unix/2063,unix/ubuntu22:/tmp/.ICE-unix/2063'), ('XDG_MENU_PREFIX', 'gnome-'), ('LC_ADDRESS', 'ko_KR.UTF-8'), ('GNOME_TERMINAL_SCREEN', '/org/gnome/Terminal/screen/6a3067ed_8076_461a_8fc0_84c32ba13639'), ('XDG_RUNTIME_DIR', '/run/user/1000'), ('DISPLAY', ':1'), ('LANG', 'en_US.UTF-8'), ('XDG_CURRENT_DESKTOP', 'ubuntu:GNOME'), ('LC_TELEPHONE', 'ko_KR.UTF-8'), ('XMODIFIERS', '@im=ibus'), ('XDG_SESSION_DESKTOP', 'ubuntu'), ('XAUTHORITY', '/run/user/1000/gdm/Xauthority'), ('LS_COLORS', 'rs=0:di=01;34:ln=01;36:mh=00:pi=40;33:so=01;35:do=01;35:bd=40;33;01:cd=40;33;01:or=40;31;01:mi=00:su=37;41:sg=30;43:ca=30;41:tw=30;42:ow=34;42:st=37;44:ex=01;32:*.tar=01;31:*.tgz=01;31:*.arc=01;31:*.arj=01;31:*.taz=01;31:*.lha=01;31:*.lz4=01;31:*.lzh=01;31:*.lzma=01;31:*.tlz=01;31:*.txz=01;31:*.tzo=01;31:*.t7z=01;31:*.zip=01;31:*.z=01;31:*.dz=01;31:*.gz=01;31:*.lrz=01;31:*.lz=01;31:*.lzo=01;31:*.xz=01;31:*.zst=01;31:*.tzst=01;31:*.bz2=01;31:*.bz=01;31:*.tbz=01;31:*.tbz2=01;31:*.tz=01;31:*.deb=01;31:*.rpm=01;31:*.jar=01;31:*.war=01;31:*.ear=01;31:*.sar=01;31:*.rar=01;31:*.alz=01;31:*.ace=01;31:*.zoo=01;31:*.cpio=01;31:*.7z=01;31:*.rz=01;31:*.cab=01;31:*.wim=01;31:*.swm=01;31:*.dwm=01;31:*.esd=01;31:*.jpg=01;35:*.jpeg=01;35:*.mjpg=01;35:*.mjpeg=01;35:*.gif=01;35:*.bmp=01;35:*.pbm=01;35:*.pgm=01;35:*.ppm=01;35:*.tga=01;35:*.xbm=01;35:*.xpm=01;35:*.tif=01;35:*.tiff=01;35:*.png=01;35:*.svg=01;35:*.svgz=01;35:*.mng=01;35:*.pcx=01;35:*.mov=01;35:*.mpg=01;35:*.mpeg=01;35:*.m2v=01;35:*.mkv=01;35:*.webm=01;35:*.webp=01;35:*.ogm=01;35:*.mp4=01;35:*.m4v=01;35:*.mp4v=01;35:*.vob=01;35:*.qt=01;35:*.nuv=01;35:*.wmv=01;35:*.asf=01;35:*.rm=01;35:*.rmvb=01;35:*.flc=01;35:*.avi=01;35:*.fli=01;35:*.flv=01;35:*.gl=01;35:*.dl=01;35:*.xcf=01;35:*.xwd=01;35:*.yuv=01;35:*.cgm=01;35:*.emf=01;35:*.ogv=01;35:*.ogx=01;35:*.aac=00;36:*.au=00;36:*.flac=00;36:*.m4a=00;36:*.mid=00;36:*.midi=00;36:*.mka=00;36:*.mp3=00;36:*.mpc=00;36:*.ogg=00;36:*.ra=00;36:*.wav=00;36:*.oga=00;36:*.opus=00;36:*.spx=00;36:*.xspf=00;36:'), ('GNOME_TERMINAL_SERVICE', ':1.100'), ('TERM_PROGRAM', 'tmux'), ('SSH_AGENT_LAUNCHER', 'gnome-keyring'), ('SSH_AUTH_SOCK', '/run/user/1000/keyring/ssh'), ('AMENT_PREFIX_PATH', '/home/giromi/Repos/VTOL/ws_sensor_combined_src/install/px4_ros2_cpp:/home/giromi/Repos/VTOL/ws_sensor_combined_src/install/px4_msgs:/opt/ros/humble'), ('SHELL', '/bin/bash'), ('LC_NAME', 'ko_KR.UTF-8'), ('QT_ACCESSIBILITY', '1'), ('GDMSESSION', 'ubuntu'), ('LESSCLOSE', '/usr/bin/lesspipe %s %s'), ('LC_MEASUREMENT', 'ko_KR.UTF-8'), ('GPG_AGENT_INFO', '/run/user/1000/gnupg/S.gpg-agent:0:1'), ('LC_IDENTIFICATION', 'ko_KR.UTF-8'), ('QT_IM_MODULE', 'ibus'), ('PWD', '/home/giromi/Repos/VTOL/ws_sensor_combined_src/build/example_mode_goto_cpp'), ('LC_ALL', 'en_US.UTF-8'), ('XDG_CONFIG_DIRS', '/etc/xdg/xdg-ubuntu:/etc/xdg'), ('NVM_CD_FLAGS', ''), ('XDG_DATA_DIRS', '/usr/share/ubuntu:/usr/share/gnome:/usr/local/share/:/usr/share/:/var/lib/snapd/desktop'), ('PYTHONPATH', '/home/giromi/Repos/VTOL/ws_sensor_combined_src/install/px4_msgs/local/lib/python3.10/dist-packages:/opt/ros/humble/lib/python3.10/site-packages:/opt/ros/humble/local/lib/python3.10/dist-packages'), ('LC_NUMERIC', 'ko_KR.UTF-8'), ('TMUX_PLUGIN_MANAGER_PATH', '/home/giromi/.tmux/plugins/'), ('LC_PAPER', 'ko_KR.UTF-8'), ('COLCON', '1'), ('VTE_VERSION', '6800'), ('TMUX_PANE', '%8'), ('CMAKE_PREFIX_PATH', '/home/giromi/Repos/VTOL/ws_sensor_combined_src/install/px4_ros2_cpp:/home/giromi/Repos/VTOL/ws_sensor_combined_src/install/px4_msgs:/opt/ros/humble')]), 'shell': False}
[14.876717] (example_local_navigation_cpp) StdoutLine: {'line': b'-- Install configuration: ""\n'}
[14.877694] (example_local_navigation_cpp) StdoutLine: {'line': b'-- Execute custom install script\n'}
[14.877915] (example_local_navigation_cpp) StdoutLine: {'line': b'-- Up-to-date symlink: /home/giromi/Repos/VTOL/ws_sensor_combined_src/install/example_local_navigation_cpp/lib/example_local_navigation_cpp/example_local_navigation\n'}
[14.878091] (example_local_navigation_cpp) StdoutLine: {'line': b'-- Up-to-date symlink: /home/giromi/Repos/VTOL/ws_sensor_combined_src/install/example_local_navigation_cpp/share/ament_index/resource_index/package_run_dependencies/example_local_navigation_cpp\n'}
[14.878234] (example_global_navigation_cpp) StdoutLine: {'line': b'-- Up-to-date symlink: /home/giromi/Repos/VTOL/ws_sensor_combined_src/install/example_global_navigation_cpp/share/ament_index/resource_index/packages/example_global_navigation_cpp\n'}
[14.878491] (example_local_navigation_cpp) StdoutLine: {'line': b'-- Up-to-date symlink: /home/giromi/Repos/VTOL/ws_sensor_combined_src/install/example_local_navigation_cpp/share/ament_index/resource_index/parent_prefix_path/example_local_navigation_cpp\n'}
[14.878768] (example_global_navigation_cpp) StdoutLine: {'line': b'-- Up-to-date symlink: /home/giromi/Repos/VTOL/ws_sensor_combined_src/install/example_global_navigation_cpp/share/example_global_navigation_cpp/cmake/example_global_navigation_cppConfig.cmake\n'}
[14.880891] (example_global_navigation_cpp) StdoutLine: {'line': b'-- Up-to-date symlink: /home/giromi/Repos/VTOL/ws_sensor_combined_src/install/example_global_navigation_cpp/share/example_global_navigation_cpp/cmake/example_global_navigation_cppConfig-version.cmake\n'}
[14.881653] (example_global_navigation_cpp) StdoutLine: {'line': b'-- Up-to-date symlink: /home/giromi/Repos/VTOL/ws_sensor_combined_src/install/example_global_navigation_cpp/share/example_global_navigation_cpp/package.xml\n'}
[14.881865] (example_local_navigation_cpp) StdoutLine: {'line': b'-- Up-to-date symlink: /home/giromi/Repos/VTOL/ws_sensor_combined_src/install/example_local_navigation_cpp/share/example_local_navigation_cpp/environment/ament_prefix_path.sh\n'}
[14.883002] (example_local_navigation_cpp) StdoutLine: {'line': b'-- Up-to-date symlink: /home/giromi/Repos/VTOL/ws_sensor_combined_src/install/example_local_navigation_cpp/share/example_local_navigation_cpp/environment/ament_prefix_path.dsv\n'}
[14.884745] (example_local_navigation_cpp) StdoutLine: {'line': b'-- Up-to-date symlink: /home/giromi/Repos/VTOL/ws_sensor_combined_src/install/example_local_navigation_cpp/share/example_local_navigation_cpp/environment/path.sh\n'}
[14.885459] (example_local_navigation_cpp) StdoutLine: {'line': b'-- Up-to-date symlink: /home/giromi/Repos/VTOL/ws_sensor_combined_src/install/example_local_navigation_cpp/share/example_local_navigation_cpp/environment/path.dsv\n'}
[14.885804] (example_mode_manual_cpp) JobProgress: {'identifier': 'example_mode_manual_cpp', 'progress': 'install'}
[14.885843] (example_local_navigation_cpp) StdoutLine: {'line': b'-- Up-to-date symlink: /home/giromi/Repos/VTOL/ws_sensor_combined_src/install/example_local_navigation_cpp/share/example_local_navigation_cpp/local_setup.bash\n'}
[14.886107] (example_local_navigation_cpp) StdoutLine: {'line': b'-- Up-to-date symlink: /home/giromi/Repos/VTOL/ws_sensor_combined_src/install/example_local_navigation_cpp/share/example_local_navigation_cpp/local_setup.sh\n'}
[14.886334] (example_local_navigation_cpp) StdoutLine: {'line': b'-- Up-to-date symlink: /home/giromi/Repos/VTOL/ws_sensor_combined_src/install/example_local_navigation_cpp/share/example_local_navigation_cpp/local_setup.zsh\n'}
[14.886457] (example_local_navigation_cpp) StdoutLine: {'line': b'-- Up-to-date symlink: /home/giromi/Repos/VTOL/ws_sensor_combined_src/install/example_local_navigation_cpp/share/example_local_navigation_cpp/local_setup.dsv\n'}
[14.886569] (example_mode_goto_cpp) StdoutLine: {'line': b'-- Install configuration: ""\n'}
[14.887017] (example_local_navigation_cpp) StdoutLine: {'line': b'-- Symlinking: /home/giromi/Repos/VTOL/ws_sensor_combined_src/install/example_local_navigation_cpp/share/example_local_navigation_cpp/package.dsv\n'}
[14.887198] (example_mode_manual_cpp) Command: {'cmd': ['/usr/local/bin/cmake', '--install', '/home/giromi/Repos/VTOL/ws_sensor_combined_src/build/example_mode_manual_cpp'], 'cwd': '/home/giromi/Repos/VTOL/ws_sensor_combined_src/build/example_mode_manual_cpp', 'env': OrderedDict([('LESSOPEN', '| /usr/bin/lesspipe %s'), ('TMUX', '/tmp/tmux-1000/default,11588,2'), ('USER', 'giromi'), ('LC_TIME', 'ko_KR.UTF-8'), ('XDG_SESSION_TYPE', 'x11'), ('SHLVL', '2'), ('LD_LIBRARY_PATH', '/home/giromi/Repos/VTOL/ws_sensor_combined_src/install/px4_ros2_cpp/lib:/home/giromi/Repos/VTOL/ws_sensor_combined_src/install/px4_msgs/lib:/opt/ros/humble/opt/rviz_ogre_vendor/lib:/opt/ros/humble/lib/x86_64-linux-gnu:/opt/ros/humble/lib'), ('HOME', '/home/giromi'), ('OLDPWD', '/home/giromi/Repos'), ('TERM_PROGRAM_VERSION', '3.2a'), ('DESKTOP_SESSION', 'ubuntu'), ('NVM_BIN', '/home/giromi/.nvm/versions/node/v20.11.0/bin'), ('NVM_INC', '/home/giromi/.nvm/versions/node/v20.11.0/include/node'), ('ROS_PYTHON_VERSION', '3'), ('GNOME_SHELL_SESSION_MODE', 'ubuntu'), ('GTK_MODULES', 'gail:atk-bridge'), ('LC_MONETARY', 'ko_KR.UTF-8'), ('SYSTEMD_EXEC_PID', '2086'), ('DBUS_SESSION_BUS_ADDRESS', 'unix:path=/run/user/1000/bus'), ('COLORTERM', 'truecolor'), ('NVM_DIR', '/home/giromi/.nvm'), ('COLCON_PREFIX_PATH', '/home/giromi/Repos/ros2_ws/install'), ('ROS_DISTRO', 'humble'), ('GTK_IM_MODULE', 'ibus'), ('LOGNAME', 'giromi'), ('_', '/usr/bin/colcon'), ('ROS_VERSION', '2'), ('XDG_SESSION_CLASS', 'user'), ('USERNAME', 'giromi'), ('TERM', 'screen-256color'), ('GNOME_DESKTOP_SESSION_ID', 'this-is-deprecated'), ('ROS_LOCALHOST_ONLY', '0'), ('WINDOWPATH', '2'), ('PATH', '/opt/gcc-arm-none-eabi-9-2020-q2-update/bin:/home/giromi/.local/bin:/home/giromi/.nvm/versions/node/v20.11.0/bin:/opt/ros/humble/bin:/opt/gcc-arm-none-eabi-9-2020-q2-update/bin:/home/giromi/.local/bin:/usr/local/sbin:/usr/local/bin:/usr/sbin:/usr/bin:/sbin:/bin:/usr/games:/usr/local/games:/snap/bin:/snap/bin:/home/giromi/Bashes:/home/giromi/Bashes'), ('SESSION_MANAGER', 'local/ubuntu22:@/tmp/.ICE-unix/2063,unix/ubuntu22:/tmp/.ICE-unix/2063'), ('XDG_MENU_PREFIX', 'gnome-'), ('LC_ADDRESS', 'ko_KR.UTF-8'), ('GNOME_TERMINAL_SCREEN', '/org/gnome/Terminal/screen/6a3067ed_8076_461a_8fc0_84c32ba13639'), ('XDG_RUNTIME_DIR', '/run/user/1000'), ('DISPLAY', ':1'), ('LANG', 'en_US.UTF-8'), ('XDG_CURRENT_DESKTOP', 'ubuntu:GNOME'), ('LC_TELEPHONE', 'ko_KR.UTF-8'), ('XMODIFIERS', '@im=ibus'), ('XDG_SESSION_DESKTOP', 'ubuntu'), ('XAUTHORITY', '/run/user/1000/gdm/Xauthority'), ('LS_COLORS', 'rs=0:di=01;34:ln=01;36:mh=00:pi=40;33:so=01;35:do=01;35:bd=40;33;01:cd=40;33;01:or=40;31;01:mi=00:su=37;41:sg=30;43:ca=30;41:tw=30;42:ow=34;42:st=37;44:ex=01;32:*.tar=01;31:*.tgz=01;31:*.arc=01;31:*.arj=01;31:*.taz=01;31:*.lha=01;31:*.lz4=01;31:*.lzh=01;31:*.lzma=01;31:*.tlz=01;31:*.txz=01;31:*.tzo=01;31:*.t7z=01;31:*.zip=01;31:*.z=01;31:*.dz=01;31:*.gz=01;31:*.lrz=01;31:*.lz=01;31:*.lzo=01;31:*.xz=01;31:*.zst=01;31:*.tzst=01;31:*.bz2=01;31:*.bz=01;31:*.tbz=01;31:*.tbz2=01;31:*.tz=01;31:*.deb=01;31:*.rpm=01;31:*.jar=01;31:*.war=01;31:*.ear=01;31:*.sar=01;31:*.rar=01;31:*.alz=01;31:*.ace=01;31:*.zoo=01;31:*.cpio=01;31:*.7z=01;31:*.rz=01;31:*.cab=01;31:*.wim=01;31:*.swm=01;31:*.dwm=01;31:*.esd=01;31:*.jpg=01;35:*.jpeg=01;35:*.mjpg=01;35:*.mjpeg=01;35:*.gif=01;35:*.bmp=01;35:*.pbm=01;35:*.pgm=01;35:*.ppm=01;35:*.tga=01;35:*.xbm=01;35:*.xpm=01;35:*.tif=01;35:*.tiff=01;35:*.png=01;35:*.svg=01;35:*.svgz=01;35:*.mng=01;35:*.pcx=01;35:*.mov=01;35:*.mpg=01;35:*.mpeg=01;35:*.m2v=01;35:*.mkv=01;35:*.webm=01;35:*.webp=01;35:*.ogm=01;35:*.mp4=01;35:*.m4v=01;35:*.mp4v=01;35:*.vob=01;35:*.qt=01;35:*.nuv=01;35:*.wmv=01;35:*.asf=01;35:*.rm=01;35:*.rmvb=01;35:*.flc=01;35:*.avi=01;35:*.fli=01;35:*.flv=01;35:*.gl=01;35:*.dl=01;35:*.xcf=01;35:*.xwd=01;35:*.yuv=01;35:*.cgm=01;35:*.emf=01;35:*.ogv=01;35:*.ogx=01;35:*.aac=00;36:*.au=00;36:*.flac=00;36:*.m4a=00;36:*.mid=00;36:*.midi=00;36:*.mka=00;36:*.mp3=00;36:*.mpc=00;36:*.ogg=00;36:*.ra=00;36:*.wav=00;36:*.oga=00;36:*.opus=00;36:*.spx=00;36:*.xspf=00;36:'), ('GNOME_TERMINAL_SERVICE', ':1.100'), ('TERM_PROGRAM', 'tmux'), ('SSH_AGENT_LAUNCHER', 'gnome-keyring'), ('SSH_AUTH_SOCK', '/run/user/1000/keyring/ssh'), ('AMENT_PREFIX_PATH', '/home/giromi/Repos/VTOL/ws_sensor_combined_src/install/px4_ros2_cpp:/home/giromi/Repos/VTOL/ws_sensor_combined_src/install/px4_msgs:/opt/ros/humble'), ('SHELL', '/bin/bash'), ('LC_NAME', 'ko_KR.UTF-8'), ('QT_ACCESSIBILITY', '1'), ('GDMSESSION', 'ubuntu'), ('LESSCLOSE', '/usr/bin/lesspipe %s %s'), ('LC_MEASUREMENT', 'ko_KR.UTF-8'), ('GPG_AGENT_INFO', '/run/user/1000/gnupg/S.gpg-agent:0:1'), ('LC_IDENTIFICATION', 'ko_KR.UTF-8'), ('QT_IM_MODULE', 'ibus'), ('PWD', '/home/giromi/Repos/VTOL/ws_sensor_combined_src/build/example_mode_manual_cpp'), ('LC_ALL', 'en_US.UTF-8'), ('XDG_CONFIG_DIRS', '/etc/xdg/xdg-ubuntu:/etc/xdg'), ('NVM_CD_FLAGS', ''), ('XDG_DATA_DIRS', '/usr/share/ubuntu:/usr/share/gnome:/usr/local/share/:/usr/share/:/var/lib/snapd/desktop'), ('PYTHONPATH', '/home/giromi/Repos/VTOL/ws_sensor_combined_src/install/px4_msgs/local/lib/python3.10/dist-packages:/opt/ros/humble/lib/python3.10/site-packages:/opt/ros/humble/local/lib/python3.10/dist-packages'), ('LC_NUMERIC', 'ko_KR.UTF-8'), ('TMUX_PLUGIN_MANAGER_PATH', '/home/giromi/.tmux/plugins/'), ('LC_PAPER', 'ko_KR.UTF-8'), ('COLCON', '1'), ('VTE_VERSION', '6800'), ('TMUX_PANE', '%8'), ('CMAKE_PREFIX_PATH', '/home/giromi/Repos/VTOL/ws_sensor_combined_src/install/px4_ros2_cpp:/home/giromi/Repos/VTOL/ws_sensor_combined_src/install/px4_msgs:/opt/ros/humble')]), 'shell': False}
[14.888221] (example_mode_goto_cpp) StdoutLine: {'line': b'-- Execute custom install script\n'}
[14.888628] (example_mode_goto_cpp) StdoutLine: {'line': b'-- Up-to-date symlink: /home/giromi/Repos/VTOL/ws_sensor_combined_src/install/example_mode_goto_cpp/lib/example_mode_goto_cpp/example_mode_goto\n'}
[14.889017] (example_mode_goto_cpp) StdoutLine: {'line': b'-- Up-to-date symlink: /home/giromi/Repos/VTOL/ws_sensor_combined_src/install/example_mode_goto_cpp/share/ament_index/resource_index/package_run_dependencies/example_mode_goto_cpp\n'}
[14.889098] (example_mode_goto_cpp) StdoutLine: {'line': b'-- Up-to-date symlink: /home/giromi/Repos/VTOL/ws_sensor_combined_src/install/example_mode_goto_cpp/share/ament_index/resource_index/parent_prefix_path/example_mode_goto_cpp\n'}
[14.889169] (example_mode_goto_cpp) StdoutLine: {'line': b'-- Up-to-date symlink: /home/giromi/Repos/VTOL/ws_sensor_combined_src/install/example_mode_goto_cpp/share/example_mode_goto_cpp/environment/ament_prefix_path.sh\n'}
[14.889285] (example_mode_goto_cpp) StdoutLine: {'line': b'-- Up-to-date symlink: /home/giromi/Repos/VTOL/ws_sensor_combined_src/install/example_mode_goto_cpp/share/example_mode_goto_cpp/environment/ament_prefix_path.dsv\n'}
[14.889407] (example_mode_goto_cpp) StdoutLine: {'line': b'-- Up-to-date symlink: /home/giromi/Repos/VTOL/ws_sensor_combined_src/install/example_mode_goto_cpp/share/example_mode_goto_cpp/environment/path.sh\n'}
[14.889577] (example_mode_goto_cpp) StdoutLine: {'line': b'-- Up-to-date symlink: /home/giromi/Repos/VTOL/ws_sensor_combined_src/install/example_mode_goto_cpp/share/example_mode_goto_cpp/environment/path.dsv\n'}
[14.889682] (example_mode_goto_cpp) StdoutLine: {'line': b'-- Up-to-date symlink: /home/giromi/Repos/VTOL/ws_sensor_combined_src/install/example_mode_goto_cpp/share/example_mode_goto_cpp/local_setup.bash\n'}
[14.890036] (example_mode_goto_cpp) StdoutLine: {'line': b'-- Up-to-date symlink: /home/giromi/Repos/VTOL/ws_sensor_combined_src/install/example_mode_goto_cpp/share/example_mode_goto_cpp/local_setup.sh\n'}
[14.890264] (example_mode_goto_cpp) StdoutLine: {'line': b'-- Up-to-date symlink: /home/giromi/Repos/VTOL/ws_sensor_combined_src/install/example_mode_goto_cpp/share/example_mode_goto_cpp/local_setup.zsh\n'}
[14.890487] (example_mode_rtl_replacement_cpp) JobProgress: {'identifier': 'example_mode_rtl_replacement_cpp', 'progress': 'install'}
[14.890536] (example_mode_goto_cpp) StdoutLine: {'line': b'-- Up-to-date symlink: /home/giromi/Repos/VTOL/ws_sensor_combined_src/install/example_mode_goto_cpp/share/example_mode_goto_cpp/local_setup.dsv\n'}
[14.890747] (example_mode_goto_cpp) StdoutLine: {'line': b'-- Symlinking: /home/giromi/Repos/VTOL/ws_sensor_combined_src/install/example_mode_goto_cpp/share/example_mode_goto_cpp/package.dsv\n'}
[14.890954] (example_mode_rtl_replacement_cpp) Command: {'cmd': ['/usr/local/bin/cmake', '--install', '/home/giromi/Repos/VTOL/ws_sensor_combined_src/build/example_mode_rtl_replacement_cpp'], 'cwd': '/home/giromi/Repos/VTOL/ws_sensor_combined_src/build/example_mode_rtl_replacement_cpp', 'env': OrderedDict([('LESSOPEN', '| /usr/bin/lesspipe %s'), ('TMUX', '/tmp/tmux-1000/default,11588,2'), ('USER', 'giromi'), ('LC_TIME', 'ko_KR.UTF-8'), ('XDG_SESSION_TYPE', 'x11'), ('SHLVL', '2'), ('LD_LIBRARY_PATH', '/home/giromi/Repos/VTOL/ws_sensor_combined_src/install/px4_ros2_cpp/lib:/home/giromi/Repos/VTOL/ws_sensor_combined_src/install/px4_msgs/lib:/opt/ros/humble/opt/rviz_ogre_vendor/lib:/opt/ros/humble/lib/x86_64-linux-gnu:/opt/ros/humble/lib'), ('HOME', '/home/giromi'), ('OLDPWD', '/home/giromi/Repos'), ('TERM_PROGRAM_VERSION', '3.2a'), ('DESKTOP_SESSION', 'ubuntu'), ('NVM_BIN', '/home/giromi/.nvm/versions/node/v20.11.0/bin'), ('NVM_INC', '/home/giromi/.nvm/versions/node/v20.11.0/include/node'), ('ROS_PYTHON_VERSION', '3'), ('GNOME_SHELL_SESSION_MODE', 'ubuntu'), ('GTK_MODULES', 'gail:atk-bridge'), ('LC_MONETARY', 'ko_KR.UTF-8'), ('SYSTEMD_EXEC_PID', '2086'), ('DBUS_SESSION_BUS_ADDRESS', 'unix:path=/run/user/1000/bus'), ('COLORTERM', 'truecolor'), ('NVM_DIR', '/home/giromi/.nvm'), ('COLCON_PREFIX_PATH', '/home/giromi/Repos/ros2_ws/install'), ('ROS_DISTRO', 'humble'), ('GTK_IM_MODULE', 'ibus'), ('LOGNAME', 'giromi'), ('_', '/usr/bin/colcon'), ('ROS_VERSION', '2'), ('XDG_SESSION_CLASS', 'user'), ('USERNAME', 'giromi'), ('TERM', 'screen-256color'), ('GNOME_DESKTOP_SESSION_ID', 'this-is-deprecated'), ('ROS_LOCALHOST_ONLY', '0'), ('WINDOWPATH', '2'), ('PATH', '/opt/gcc-arm-none-eabi-9-2020-q2-update/bin:/home/giromi/.local/bin:/home/giromi/.nvm/versions/node/v20.11.0/bin:/opt/ros/humble/bin:/opt/gcc-arm-none-eabi-9-2020-q2-update/bin:/home/giromi/.local/bin:/usr/local/sbin:/usr/local/bin:/usr/sbin:/usr/bin:/sbin:/bin:/usr/games:/usr/local/games:/snap/bin:/snap/bin:/home/giromi/Bashes:/home/giromi/Bashes'), ('SESSION_MANAGER', 'local/ubuntu22:@/tmp/.ICE-unix/2063,unix/ubuntu22:/tmp/.ICE-unix/2063'), ('XDG_MENU_PREFIX', 'gnome-'), ('LC_ADDRESS', 'ko_KR.UTF-8'), ('GNOME_TERMINAL_SCREEN', '/org/gnome/Terminal/screen/6a3067ed_8076_461a_8fc0_84c32ba13639'), ('XDG_RUNTIME_DIR', '/run/user/1000'), ('DISPLAY', ':1'), ('LANG', 'en_US.UTF-8'), ('XDG_CURRENT_DESKTOP', 'ubuntu:GNOME'), ('LC_TELEPHONE', 'ko_KR.UTF-8'), ('XMODIFIERS', '@im=ibus'), ('XDG_SESSION_DESKTOP', 'ubuntu'), ('XAUTHORITY', '/run/user/1000/gdm/Xauthority'), ('LS_COLORS', 'rs=0:di=01;34:ln=01;36:mh=00:pi=40;33:so=01;35:do=01;35:bd=40;33;01:cd=40;33;01:or=40;31;01:mi=00:su=37;41:sg=30;43:ca=30;41:tw=30;42:ow=34;42:st=37;44:ex=01;32:*.tar=01;31:*.tgz=01;31:*.arc=01;31:*.arj=01;31:*.taz=01;31:*.lha=01;31:*.lz4=01;31:*.lzh=01;31:*.lzma=01;31:*.tlz=01;31:*.txz=01;31:*.tzo=01;31:*.t7z=01;31:*.zip=01;31:*.z=01;31:*.dz=01;31:*.gz=01;31:*.lrz=01;31:*.lz=01;31:*.lzo=01;31:*.xz=01;31:*.zst=01;31:*.tzst=01;31:*.bz2=01;31:*.bz=01;31:*.tbz=01;31:*.tbz2=01;31:*.tz=01;31:*.deb=01;31:*.rpm=01;31:*.jar=01;31:*.war=01;31:*.ear=01;31:*.sar=01;31:*.rar=01;31:*.alz=01;31:*.ace=01;31:*.zoo=01;31:*.cpio=01;31:*.7z=01;31:*.rz=01;31:*.cab=01;31:*.wim=01;31:*.swm=01;31:*.dwm=01;31:*.esd=01;31:*.jpg=01;35:*.jpeg=01;35:*.mjpg=01;35:*.mjpeg=01;35:*.gif=01;35:*.bmp=01;35:*.pbm=01;35:*.pgm=01;35:*.ppm=01;35:*.tga=01;35:*.xbm=01;35:*.xpm=01;35:*.tif=01;35:*.tiff=01;35:*.png=01;35:*.svg=01;35:*.svgz=01;35:*.mng=01;35:*.pcx=01;35:*.mov=01;35:*.mpg=01;35:*.mpeg=01;35:*.m2v=01;35:*.mkv=01;35:*.webm=01;35:*.webp=01;35:*.ogm=01;35:*.mp4=01;35:*.m4v=01;35:*.mp4v=01;35:*.vob=01;35:*.qt=01;35:*.nuv=01;35:*.wmv=01;35:*.asf=01;35:*.rm=01;35:*.rmvb=01;35:*.flc=01;35:*.avi=01;35:*.fli=01;35:*.flv=01;35:*.gl=01;35:*.dl=01;35:*.xcf=01;35:*.xwd=01;35:*.yuv=01;35:*.cgm=01;35:*.emf=01;35:*.ogv=01;35:*.ogx=01;35:*.aac=00;36:*.au=00;36:*.flac=00;36:*.m4a=00;36:*.mid=00;36:*.midi=00;36:*.mka=00;36:*.mp3=00;36:*.mpc=00;36:*.ogg=00;36:*.ra=00;36:*.wav=00;36:*.oga=00;36:*.opus=00;36:*.spx=00;36:*.xspf=00;36:'), ('GNOME_TERMINAL_SERVICE', ':1.100'), ('TERM_PROGRAM', 'tmux'), ('SSH_AGENT_LAUNCHER', 'gnome-keyring'), ('SSH_AUTH_SOCK', '/run/user/1000/keyring/ssh'), ('AMENT_PREFIX_PATH', '/home/giromi/Repos/VTOL/ws_sensor_combined_src/install/px4_ros2_cpp:/home/giromi/Repos/VTOL/ws_sensor_combined_src/install/px4_msgs:/opt/ros/humble'), ('SHELL', '/bin/bash'), ('LC_NAME', 'ko_KR.UTF-8'), ('QT_ACCESSIBILITY', '1'), ('GDMSESSION', 'ubuntu'), ('LESSCLOSE', '/usr/bin/lesspipe %s %s'), ('LC_MEASUREMENT', 'ko_KR.UTF-8'), ('GPG_AGENT_INFO', '/run/user/1000/gnupg/S.gpg-agent:0:1'), ('LC_IDENTIFICATION', 'ko_KR.UTF-8'), ('QT_IM_MODULE', 'ibus'), ('PWD', '/home/giromi/Repos/VTOL/ws_sensor_combined_src/build/example_mode_rtl_replacement_cpp'), ('LC_ALL', 'en_US.UTF-8'), ('XDG_CONFIG_DIRS', '/etc/xdg/xdg-ubuntu:/etc/xdg'), ('NVM_CD_FLAGS', ''), ('XDG_DATA_DIRS', '/usr/share/ubuntu:/usr/share/gnome:/usr/local/share/:/usr/share/:/var/lib/snapd/desktop'), ('PYTHONPATH', '/home/giromi/Repos/VTOL/ws_sensor_combined_src/install/px4_msgs/local/lib/python3.10/dist-packages:/opt/ros/humble/lib/python3.10/site-packages:/opt/ros/humble/local/lib/python3.10/dist-packages'), ('LC_NUMERIC', 'ko_KR.UTF-8'), ('TMUX_PLUGIN_MANAGER_PATH', '/home/giromi/.tmux/plugins/'), ('LC_PAPER', 'ko_KR.UTF-8'), ('COLCON', '1'), ('VTE_VERSION', '6800'), ('TMUX_PANE', '%8'), ('CMAKE_PREFIX_PATH', '/home/giromi/Repos/VTOL/ws_sensor_combined_src/install/px4_ros2_cpp:/home/giromi/Repos/VTOL/ws_sensor_combined_src/install/px4_msgs:/opt/ros/humble')]), 'shell': False}
[14.891525] (example_local_navigation_cpp) StdoutLine: {'line': b'-- Up-to-date symlink: /home/giromi/Repos/VTOL/ws_sensor_combined_src/install/example_local_navigation_cpp/share/ament_index/resource_index/packages/example_local_navigation_cpp\n'}
[14.891791] (example_local_navigation_cpp) StdoutLine: {'line': b'-- Up-to-date symlink: /home/giromi/Repos/VTOL/ws_sensor_combined_src/install/example_local_navigation_cpp/share/example_local_navigation_cpp/cmake/example_local_navigation_cppConfig.cmake\n'}
[14.892011] (example_mode_manual_cpp) StdoutLine: {'line': b'-- Install configuration: ""\n'}
[14.892229] (example_local_navigation_cpp) StdoutLine: {'line': b'-- Up-to-date symlink: /home/giromi/Repos/VTOL/ws_sensor_combined_src/install/example_local_navigation_cpp/share/example_local_navigation_cpp/cmake/example_local_navigation_cppConfig-version.cmake\n'}
[14.892360] (example_global_navigation_cpp) CommandEnded: {'returncode': 0}
[14.892967] (example_local_navigation_cpp) StdoutLine: {'line': b'-- Up-to-date symlink: /home/giromi/Repos/VTOL/ws_sensor_combined_src/install/example_local_navigation_cpp/share/example_local_navigation_cpp/package.xml\n'}
[14.893187] (example_mode_manual_cpp) StdoutLine: {'line': b'-- Execute custom install script\n'}
[14.893421] (example_mode_manual_cpp) StdoutLine: {'line': b'-- Up-to-date symlink: /home/giromi/Repos/VTOL/ws_sensor_combined_src/install/example_mode_manual_cpp/lib/example_mode_manual_cpp/example_mode_manual\n'}
[14.893491] (example_mode_manual_cpp) StdoutLine: {'line': b'-- Up-to-date symlink: /home/giromi/Repos/VTOL/ws_sensor_combined_src/install/example_mode_manual_cpp/share/ament_index/resource_index/package_run_dependencies/example_mode_manual_cpp\n'}
[14.893561] (example_mode_manual_cpp) StdoutLine: {'line': b'-- Up-to-date symlink: /home/giromi/Repos/VTOL/ws_sensor_combined_src/install/example_mode_manual_cpp/share/ament_index/resource_index/parent_prefix_path/example_mode_manual_cpp\n'}
[14.893627] (example_mode_manual_cpp) StdoutLine: {'line': b'-- Up-to-date symlink: /home/giromi/Repos/VTOL/ws_sensor_combined_src/install/example_mode_manual_cpp/share/example_mode_manual_cpp/environment/ament_prefix_path.sh\n'}
[14.893693] (example_mode_manual_cpp) StdoutLine: {'line': b'-- Up-to-date symlink: /home/giromi/Repos/VTOL/ws_sensor_combined_src/install/example_mode_manual_cpp/share/example_mode_manual_cpp/environment/ament_prefix_path.dsv\n'}
[14.893772] (example_mode_manual_cpp) StdoutLine: {'line': b'-- Up-to-date symlink: /home/giromi/Repos/VTOL/ws_sensor_combined_src/install/example_mode_manual_cpp/share/example_mode_manual_cpp/environment/path.sh\n'}
[14.893839] (example_mode_manual_cpp) StdoutLine: {'line': b'-- Up-to-date symlink: /home/giromi/Repos/VTOL/ws_sensor_combined_src/install/example_mode_manual_cpp/share/example_mode_manual_cpp/environment/path.dsv\n'}
[14.893904] (example_mode_goto_cpp) StdoutLine: {'line': b'-- Up-to-date symlink: /home/giromi/Repos/VTOL/ws_sensor_combined_src/install/example_mode_goto_cpp/share/ament_index/resource_index/packages/example_mode_goto_cpp\n'}
[14.894191] (example_mode_goto_cpp) StdoutLine: {'line': b'-- Up-to-date symlink: /home/giromi/Repos/VTOL/ws_sensor_combined_src/install/example_mode_goto_cpp/share/example_mode_goto_cpp/cmake/example_mode_goto_cppConfig.cmake\n'}
[14.894305] (example_mode_goto_cpp) StdoutLine: {'line': b'-- Up-to-date symlink: /home/giromi/Repos/VTOL/ws_sensor_combined_src/install/example_mode_goto_cpp/share/example_mode_goto_cpp/cmake/example_mode_goto_cppConfig-version.cmake\n'}
[14.894469] (example_mode_manual_cpp) StdoutLine: {'line': b'-- Up-to-date symlink: /home/giromi/Repos/VTOL/ws_sensor_combined_src/install/example_mode_manual_cpp/share/example_mode_manual_cpp/local_setup.bash\n'}
[14.894573] (example_mode_manual_cpp) StdoutLine: {'line': b'-- Up-to-date symlink: /home/giromi/Repos/VTOL/ws_sensor_combined_src/install/example_mode_manual_cpp/share/example_mode_manual_cpp/local_setup.sh\n'}
[14.894797] (example_mode_manual_cpp) StdoutLine: {'line': b'-- Up-to-date symlink: /home/giromi/Repos/VTOL/ws_sensor_combined_src/install/example_mode_manual_cpp/share/example_mode_manual_cpp/local_setup.zsh\n'}
[14.894916] (example_mode_goto_cpp) StdoutLine: {'line': b'-- Up-to-date symlink: /home/giromi/Repos/VTOL/ws_sensor_combined_src/install/example_mode_goto_cpp/share/example_mode_goto_cpp/package.xml\n'}
[14.895235] (example_mode_manual_cpp) StdoutLine: {'line': b'-- Up-to-date symlink: /home/giromi/Repos/VTOL/ws_sensor_combined_src/install/example_mode_manual_cpp/share/example_mode_manual_cpp/local_setup.dsv\n'}
[14.895397] (example_mode_manual_cpp) StdoutLine: {'line': b'-- Symlinking: /home/giromi/Repos/VTOL/ws_sensor_combined_src/install/example_mode_manual_cpp/share/example_mode_manual_cpp/package.dsv\n'}
[14.895519] (example_mode_manual_cpp) StdoutLine: {'line': b'-- Up-to-date symlink: /home/giromi/Repos/VTOL/ws_sensor_combined_src/install/example_mode_manual_cpp/share/ament_index/resource_index/packages/example_mode_manual_cpp\n'}
[14.895698] (example_mode_manual_cpp) StdoutLine: {'line': b'-- Up-to-date symlink: /home/giromi/Repos/VTOL/ws_sensor_combined_src/install/example_mode_manual_cpp/share/example_mode_manual_cpp/cmake/example_mode_manual_cppConfig.cmake\n'}
[14.895798] (example_mode_manual_cpp) StdoutLine: {'line': b'-- Up-to-date symlink: /home/giromi/Repos/VTOL/ws_sensor_combined_src/install/example_mode_manual_cpp/share/example_mode_manual_cpp/cmake/example_mode_manual_cppConfig-version.cmake\n'}
[14.896205] (example_mode_manual_cpp) StdoutLine: {'line': b'-- Up-to-date symlink: /home/giromi/Repos/VTOL/ws_sensor_combined_src/install/example_mode_manual_cpp/share/example_mode_manual_cpp/package.xml\n'}
[14.947422] (-) TimerEvent: {}
[14.957084] (example_mode_rtl_replacement_cpp) StdoutLine: {'line': b'-- Install configuration: ""\n'}
[14.957485] (example_mode_rtl_replacement_cpp) StdoutLine: {'line': b'-- Execute custom install script\n'}
[14.957643] (example_mode_rtl_replacement_cpp) StdoutLine: {'line': b'-- Up-to-date symlink: /home/giromi/Repos/VTOL/ws_sensor_combined_src/install/example_mode_rtl_replacement_cpp/lib/example_mode_rtl_replacement_cpp/example_mode_rtl\n'}
[14.957848] (example_mode_rtl_replacement_cpp) StdoutLine: {'line': b'-- Up-to-date symlink: /home/giromi/Repos/VTOL/ws_sensor_combined_src/install/example_mode_rtl_replacement_cpp/share/ament_index/resource_index/package_run_dependencies/example_mode_rtl_replacement_cpp\n'}
[14.958058] (example_mode_rtl_replacement_cpp) StdoutLine: {'line': b'-- Up-to-date symlink: /home/giromi/Repos/VTOL/ws_sensor_combined_src/install/example_mode_rtl_replacement_cpp/share/ament_index/resource_index/parent_prefix_path/example_mode_rtl_replacement_cpp\n'}
[14.958227] (example_mode_rtl_replacement_cpp) StdoutLine: {'line': b'-- Up-to-date symlink: /home/giromi/Repos/VTOL/ws_sensor_combined_src/install/example_mode_rtl_replacement_cpp/share/example_mode_rtl_replacement_cpp/environment/ament_prefix_path.sh\n'}
[14.958388] (example_mode_rtl_replacement_cpp) StdoutLine: {'line': b'-- Up-to-date symlink: /home/giromi/Repos/VTOL/ws_sensor_combined_src/install/example_mode_rtl_replacement_cpp/share/example_mode_rtl_replacement_cpp/environment/ament_prefix_path.dsv\n'}
[14.958553] (example_mode_rtl_replacement_cpp) StdoutLine: {'line': b'-- Up-to-date symlink: /home/giromi/Repos/VTOL/ws_sensor_combined_src/install/example_mode_rtl_replacement_cpp/share/example_mode_rtl_replacement_cpp/environment/path.sh\n'}
[14.958716] (example_mode_rtl_replacement_cpp) StdoutLine: {'line': b'-- Up-to-date symlink: /home/giromi/Repos/VTOL/ws_sensor_combined_src/install/example_mode_rtl_replacement_cpp/share/example_mode_rtl_replacement_cpp/environment/path.dsv\n'}
[14.958868] (example_mode_rtl_replacement_cpp) StdoutLine: {'line': b'-- Up-to-date symlink: /home/giromi/Repos/VTOL/ws_sensor_combined_src/install/example_mode_rtl_replacement_cpp/share/example_mode_rtl_replacement_cpp/local_setup.bash\n'}
[14.959036] (example_mode_rtl_replacement_cpp) StdoutLine: {'line': b'-- Up-to-date symlink: /home/giromi/Repos/VTOL/ws_sensor_combined_src/install/example_mode_rtl_replacement_cpp/share/example_mode_rtl_replacement_cpp/local_setup.sh\n'}
[14.959139] (example_mode_rtl_replacement_cpp) StdoutLine: {'line': b'-- Up-to-date symlink: /home/giromi/Repos/VTOL/ws_sensor_combined_src/install/example_mode_rtl_replacement_cpp/share/example_mode_rtl_replacement_cpp/local_setup.zsh\n'}
[14.959269] (example_mode_rtl_replacement_cpp) StdoutLine: {'line': b'-- Up-to-date symlink: /home/giromi/Repos/VTOL/ws_sensor_combined_src/install/example_mode_rtl_replacement_cpp/share/example_mode_rtl_replacement_cpp/local_setup.dsv\n'}
[14.959423] (example_mode_rtl_replacement_cpp) StdoutLine: {'line': b'-- Symlinking: /home/giromi/Repos/VTOL/ws_sensor_combined_src/install/example_mode_rtl_replacement_cpp/share/example_mode_rtl_replacement_cpp/package.dsv\n'}
[14.959644] (example_mode_rtl_replacement_cpp) StdoutLine: {'line': b'-- Up-to-date symlink: /home/giromi/Repos/VTOL/ws_sensor_combined_src/install/example_mode_rtl_replacement_cpp/share/ament_index/resource_index/packages/example_mode_rtl_replacement_cpp\n'}
[14.959816] (example_mode_rtl_replacement_cpp) StdoutLine: {'line': b'-- Up-to-date symlink: /home/giromi/Repos/VTOL/ws_sensor_combined_src/install/example_mode_rtl_replacement_cpp/share/example_mode_rtl_replacement_cpp/cmake/example_mode_rtl_replacement_cppConfig.cmake\n'}
[14.959942] (example_mode_rtl_replacement_cpp) StdoutLine: {'line': b'-- Up-to-date symlink: /home/giromi/Repos/VTOL/ws_sensor_combined_src/install/example_mode_rtl_replacement_cpp/share/example_mode_rtl_replacement_cpp/cmake/example_mode_rtl_replacement_cppConfig-version.cmake\n'}
[14.960187] (example_mode_rtl_replacement_cpp) StdoutLine: {'line': b'-- Up-to-date symlink: /home/giromi/Repos/VTOL/ws_sensor_combined_src/install/example_mode_rtl_replacement_cpp/share/example_mode_rtl_replacement_cpp/package.xml\n'}
[14.960346] (example_local_navigation_cpp) CommandEnded: {'returncode': 0}
[15.016674] (example_mode_with_executor_cpp) JobProgress: {'identifier': 'example_mode_with_executor_cpp', 'progress': 'install'}
[15.017534] (example_mode_with_executor_cpp) Command: {'cmd': ['/usr/local/bin/cmake', '--install', '/home/giromi/Repos/VTOL/ws_sensor_combined_src/build/example_mode_with_executor_cpp'], 'cwd': '/home/giromi/Repos/VTOL/ws_sensor_combined_src/build/example_mode_with_executor_cpp', 'env': OrderedDict([('LESSOPEN', '| /usr/bin/lesspipe %s'), ('TMUX', '/tmp/tmux-1000/default,11588,2'), ('USER', 'giromi'), ('LC_TIME', 'ko_KR.UTF-8'), ('XDG_SESSION_TYPE', 'x11'), ('SHLVL', '2'), ('LD_LIBRARY_PATH', '/home/giromi/Repos/VTOL/ws_sensor_combined_src/install/px4_ros2_cpp/lib:/home/giromi/Repos/VTOL/ws_sensor_combined_src/install/px4_msgs/lib:/opt/ros/humble/opt/rviz_ogre_vendor/lib:/opt/ros/humble/lib/x86_64-linux-gnu:/opt/ros/humble/lib'), ('HOME', '/home/giromi'), ('OLDPWD', '/home/giromi/Repos'), ('TERM_PROGRAM_VERSION', '3.2a'), ('DESKTOP_SESSION', 'ubuntu'), ('NVM_BIN', '/home/giromi/.nvm/versions/node/v20.11.0/bin'), ('NVM_INC', '/home/giromi/.nvm/versions/node/v20.11.0/include/node'), ('ROS_PYTHON_VERSION', '3'), ('GNOME_SHELL_SESSION_MODE', 'ubuntu'), ('GTK_MODULES', 'gail:atk-bridge'), ('LC_MONETARY', 'ko_KR.UTF-8'), ('SYSTEMD_EXEC_PID', '2086'), ('DBUS_SESSION_BUS_ADDRESS', 'unix:path=/run/user/1000/bus'), ('COLORTERM', 'truecolor'), ('NVM_DIR', '/home/giromi/.nvm'), ('COLCON_PREFIX_PATH', '/home/giromi/Repos/ros2_ws/install'), ('ROS_DISTRO', 'humble'), ('GTK_IM_MODULE', 'ibus'), ('LOGNAME', 'giromi'), ('_', '/usr/bin/colcon'), ('ROS_VERSION', '2'), ('XDG_SESSION_CLASS', 'user'), ('USERNAME', 'giromi'), ('TERM', 'screen-256color'), ('GNOME_DESKTOP_SESSION_ID', 'this-is-deprecated'), ('ROS_LOCALHOST_ONLY', '0'), ('WINDOWPATH', '2'), ('PATH', '/opt/gcc-arm-none-eabi-9-2020-q2-update/bin:/home/giromi/.local/bin:/home/giromi/.nvm/versions/node/v20.11.0/bin:/opt/ros/humble/bin:/opt/gcc-arm-none-eabi-9-2020-q2-update/bin:/home/giromi/.local/bin:/usr/local/sbin:/usr/local/bin:/usr/sbin:/usr/bin:/sbin:/bin:/usr/games:/usr/local/games:/snap/bin:/snap/bin:/home/giromi/Bashes:/home/giromi/Bashes'), ('SESSION_MANAGER', 'local/ubuntu22:@/tmp/.ICE-unix/2063,unix/ubuntu22:/tmp/.ICE-unix/2063'), ('XDG_MENU_PREFIX', 'gnome-'), ('LC_ADDRESS', 'ko_KR.UTF-8'), ('GNOME_TERMINAL_SCREEN', '/org/gnome/Terminal/screen/6a3067ed_8076_461a_8fc0_84c32ba13639'), ('XDG_RUNTIME_DIR', '/run/user/1000'), ('DISPLAY', ':1'), ('LANG', 'en_US.UTF-8'), ('XDG_CURRENT_DESKTOP', 'ubuntu:GNOME'), ('LC_TELEPHONE', 'ko_KR.UTF-8'), ('XMODIFIERS', '@im=ibus'), ('XDG_SESSION_DESKTOP', 'ubuntu'), ('XAUTHORITY', '/run/user/1000/gdm/Xauthority'), ('LS_COLORS', 'rs=0:di=01;34:ln=01;36:mh=00:pi=40;33:so=01;35:do=01;35:bd=40;33;01:cd=40;33;01:or=40;31;01:mi=00:su=37;41:sg=30;43:ca=30;41:tw=30;42:ow=34;42:st=37;44:ex=01;32:*.tar=01;31:*.tgz=01;31:*.arc=01;31:*.arj=01;31:*.taz=01;31:*.lha=01;31:*.lz4=01;31:*.lzh=01;31:*.lzma=01;31:*.tlz=01;31:*.txz=01;31:*.tzo=01;31:*.t7z=01;31:*.zip=01;31:*.z=01;31:*.dz=01;31:*.gz=01;31:*.lrz=01;31:*.lz=01;31:*.lzo=01;31:*.xz=01;31:*.zst=01;31:*.tzst=01;31:*.bz2=01;31:*.bz=01;31:*.tbz=01;31:*.tbz2=01;31:*.tz=01;31:*.deb=01;31:*.rpm=01;31:*.jar=01;31:*.war=01;31:*.ear=01;31:*.sar=01;31:*.rar=01;31:*.alz=01;31:*.ace=01;31:*.zoo=01;31:*.cpio=01;31:*.7z=01;31:*.rz=01;31:*.cab=01;31:*.wim=01;31:*.swm=01;31:*.dwm=01;31:*.esd=01;31:*.jpg=01;35:*.jpeg=01;35:*.mjpg=01;35:*.mjpeg=01;35:*.gif=01;35:*.bmp=01;35:*.pbm=01;35:*.pgm=01;35:*.ppm=01;35:*.tga=01;35:*.xbm=01;35:*.xpm=01;35:*.tif=01;35:*.tiff=01;35:*.png=01;35:*.svg=01;35:*.svgz=01;35:*.mng=01;35:*.pcx=01;35:*.mov=01;35:*.mpg=01;35:*.mpeg=01;35:*.m2v=01;35:*.mkv=01;35:*.webm=01;35:*.webp=01;35:*.ogm=01;35:*.mp4=01;35:*.m4v=01;35:*.mp4v=01;35:*.vob=01;35:*.qt=01;35:*.nuv=01;35:*.wmv=01;35:*.asf=01;35:*.rm=01;35:*.rmvb=01;35:*.flc=01;35:*.avi=01;35:*.fli=01;35:*.flv=01;35:*.gl=01;35:*.dl=01;35:*.xcf=01;35:*.xwd=01;35:*.yuv=01;35:*.cgm=01;35:*.emf=01;35:*.ogv=01;35:*.ogx=01;35:*.aac=00;36:*.au=00;36:*.flac=00;36:*.m4a=00;36:*.mid=00;36:*.midi=00;36:*.mka=00;36:*.mp3=00;36:*.mpc=00;36:*.ogg=00;36:*.ra=00;36:*.wav=00;36:*.oga=00;36:*.opus=00;36:*.spx=00;36:*.xspf=00;36:'), ('GNOME_TERMINAL_SERVICE', ':1.100'), ('TERM_PROGRAM', 'tmux'), ('SSH_AGENT_LAUNCHER', 'gnome-keyring'), ('SSH_AUTH_SOCK', '/run/user/1000/keyring/ssh'), ('AMENT_PREFIX_PATH', '/home/giromi/Repos/VTOL/ws_sensor_combined_src/install/px4_ros2_cpp:/home/giromi/Repos/VTOL/ws_sensor_combined_src/install/px4_msgs:/opt/ros/humble'), ('SHELL', '/bin/bash'), ('LC_NAME', 'ko_KR.UTF-8'), ('QT_ACCESSIBILITY', '1'), ('GDMSESSION', 'ubuntu'), ('LESSCLOSE', '/usr/bin/lesspipe %s %s'), ('LC_MEASUREMENT', 'ko_KR.UTF-8'), ('GPG_AGENT_INFO', '/run/user/1000/gnupg/S.gpg-agent:0:1'), ('LC_IDENTIFICATION', 'ko_KR.UTF-8'), ('QT_IM_MODULE', 'ibus'), ('PWD', '/home/giromi/Repos/VTOL/ws_sensor_combined_src/build/example_mode_with_executor_cpp'), ('LC_ALL', 'en_US.UTF-8'), ('XDG_CONFIG_DIRS', '/etc/xdg/xdg-ubuntu:/etc/xdg'), ('NVM_CD_FLAGS', ''), ('XDG_DATA_DIRS', '/usr/share/ubuntu:/usr/share/gnome:/usr/local/share/:/usr/share/:/var/lib/snapd/desktop'), ('PYTHONPATH', '/home/giromi/Repos/VTOL/ws_sensor_combined_src/install/px4_msgs/local/lib/python3.10/dist-packages:/opt/ros/humble/lib/python3.10/site-packages:/opt/ros/humble/local/lib/python3.10/dist-packages'), ('LC_NUMERIC', 'ko_KR.UTF-8'), ('TMUX_PLUGIN_MANAGER_PATH', '/home/giromi/.tmux/plugins/'), ('LC_PAPER', 'ko_KR.UTF-8'), ('COLCON', '1'), ('VTE_VERSION', '6800'), ('TMUX_PANE', '%8'), ('CMAKE_PREFIX_PATH', '/home/giromi/Repos/VTOL/ws_sensor_combined_src/install/px4_ros2_cpp:/home/giromi/Repos/VTOL/ws_sensor_combined_src/install/px4_msgs:/opt/ros/humble')]), 'shell': False}
[15.018908] (example_mode_goto_cpp) CommandEnded: {'returncode': 0}
[15.047702] (-) TimerEvent: {}
[15.094446] (example_mode_manual_cpp) CommandEnded: {'returncode': 0}
[15.147784] (-) TimerEvent: {}
[15.175352] (example_mode_rtl_replacement_cpp) CommandEnded: {'returncode': 0}
[15.176146] (example_mode_with_executor_cpp) StdoutLine: {'line': b'-- Install configuration: ""\n'}
[15.176438] (example_mode_with_executor_cpp) StdoutLine: {'line': b'-- Execute custom install script\n'}
[15.176513] (example_mode_with_executor_cpp) StdoutLine: {'line': b'-- Up-to-date symlink: /home/giromi/Repos/VTOL/ws_sensor_combined_src/install/example_mode_with_executor_cpp/lib/example_mode_with_executor_cpp/example_mode_with_executor\n'}
[15.176778] (example_mode_with_executor_cpp) StdoutLine: {'line': b'-- Up-to-date symlink: /home/giromi/Repos/VTOL/ws_sensor_combined_src/install/example_mode_with_executor_cpp/share/ament_index/resource_index/package_run_dependencies/example_mode_with_executor_cpp\n'}
[15.177039] (example_mode_with_executor_cpp) StdoutLine: {'line': b'-- Up-to-date symlink: /home/giromi/Repos/VTOL/ws_sensor_combined_src/install/example_mode_with_executor_cpp/share/ament_index/resource_index/parent_prefix_path/example_mode_with_executor_cpp\n'}
[15.177203] (example_mode_with_executor_cpp) StdoutLine: {'line': b'-- Up-to-date symlink: /home/giromi/Repos/VTOL/ws_sensor_combined_src/install/example_mode_with_executor_cpp/share/example_mode_with_executor_cpp/environment/ament_prefix_path.sh\n'}
[15.177397] (example_mode_with_executor_cpp) StdoutLine: {'line': b'-- Up-to-date symlink: /home/giromi/Repos/VTOL/ws_sensor_combined_src/install/example_mode_with_executor_cpp/share/example_mode_with_executor_cpp/environment/ament_prefix_path.dsv\n'}
[15.177601] (example_mode_with_executor_cpp) StdoutLine: {'line': b'-- Up-to-date symlink: /home/giromi/Repos/VTOL/ws_sensor_combined_src/install/example_mode_with_executor_cpp/share/example_mode_with_executor_cpp/environment/path.sh\n'}
[15.177793] (example_mode_with_executor_cpp) StdoutLine: {'line': b'-- Up-to-date symlink: /home/giromi/Repos/VTOL/ws_sensor_combined_src/install/example_mode_with_executor_cpp/share/example_mode_with_executor_cpp/environment/path.dsv\n'}
[15.177911] (example_mode_with_executor_cpp) StdoutLine: {'line': b'-- Up-to-date symlink: /home/giromi/Repos/VTOL/ws_sensor_combined_src/install/example_mode_with_executor_cpp/share/example_mode_with_executor_cpp/local_setup.bash\n'}
[15.178078] (example_mode_with_executor_cpp) StdoutLine: {'line': b'-- Up-to-date symlink: /home/giromi/Repos/VTOL/ws_sensor_combined_src/install/example_mode_with_executor_cpp/share/example_mode_with_executor_cpp/local_setup.sh\n'}
[15.178406] (example_mode_with_executor_cpp) StdoutLine: {'line': b'-- Up-to-date symlink: /home/giromi/Repos/VTOL/ws_sensor_combined_src/install/example_mode_with_executor_cpp/share/example_mode_with_executor_cpp/local_setup.zsh\n'}
[15.178631] (example_mode_with_executor_cpp) StdoutLine: {'line': b'-- Up-to-date symlink: /home/giromi/Repos/VTOL/ws_sensor_combined_src/install/example_mode_with_executor_cpp/share/example_mode_with_executor_cpp/local_setup.dsv\n'}
[15.179093] (example_mode_with_executor_cpp) StdoutLine: {'line': b'-- Symlinking: /home/giromi/Repos/VTOL/ws_sensor_combined_src/install/example_mode_with_executor_cpp/share/example_mode_with_executor_cpp/package.dsv\n'}
[15.179368] (example_mode_with_executor_cpp) StdoutLine: {'line': b'-- Up-to-date symlink: /home/giromi/Repos/VTOL/ws_sensor_combined_src/install/example_mode_with_executor_cpp/share/ament_index/resource_index/packages/example_mode_with_executor_cpp\n'}
[15.179820] (example_mode_with_executor_cpp) StdoutLine: {'line': b'-- Up-to-date symlink: /home/giromi/Repos/VTOL/ws_sensor_combined_src/install/example_mode_with_executor_cpp/share/example_mode_with_executor_cpp/cmake/example_mode_with_executor_cppConfig.cmake\n'}
[15.180060] (example_mode_with_executor_cpp) StdoutLine: {'line': b'-- Up-to-date symlink: /home/giromi/Repos/VTOL/ws_sensor_combined_src/install/example_mode_with_executor_cpp/share/example_mode_with_executor_cpp/cmake/example_mode_with_executor_cppConfig-version.cmake\n'}
[15.180603] (example_mode_with_executor_cpp) StdoutLine: {'line': b'-- Up-to-date symlink: /home/giromi/Repos/VTOL/ws_sensor_combined_src/install/example_mode_with_executor_cpp/share/example_mode_with_executor_cpp/package.xml\n'}
[15.248010] (-) TimerEvent: {}
[15.348733] (-) TimerEvent: {}
[15.371340] (example_global_navigation_cpp) JobEnded: {'identifier': 'example_global_navigation_cpp', 'rc': 0}
[15.372193] (example_mode_with_executor_cpp) CommandEnded: {'returncode': 0}
[15.448821] (-) TimerEvent: {}
[15.549571] (-) TimerEvent: {}
[15.586653] (example_local_navigation_cpp) JobEnded: {'identifier': 'example_local_navigation_cpp', 'rc': 0}
[15.649809] (-) TimerEvent: {}
[15.710015] (example_mode_goto_cpp) JobEnded: {'identifier': 'example_mode_goto_cpp', 'rc': 0}
[15.749931] (-) TimerEvent: {}
[15.800001] (example_mode_manual_cpp) JobEnded: {'identifier': 'example_mode_manual_cpp', 'rc': 0}
[15.850063] (-) TimerEvent: {}
[15.892413] (example_mode_rtl_replacement_cpp) JobEnded: {'identifier': 'example_mode_rtl_replacement_cpp', 'rc': 0}
[15.950142] (-) TimerEvent: {}
[15.973400] (example_mode_with_executor_cpp) JobEnded: {'identifier': 'example_mode_with_executor_cpp', 'rc': 0}
[15.974732] (-) EventReactorShutdown: {}
