[0.000000] (-) TimerEvent: {}
[0.000209] (key_event) JobQueued: {'identifier': 'key_event', 'dependencies': OrderedDict()}
[0.000267] (px4_msgs) JobQueued: {'identifier': 'px4_msgs', 'dependencies': OrderedDict()}
[0.000370] (px4_ros2_cpp) JobQueued: {'identifier': 'px4_ros2_cpp', 'dependencies': OrderedDict([('px4_msgs', '/home/giromi/Repos/VTOL/ws_sensor_combined_src/install/px4_msgs')])}
[0.000467] (px4_ros_com) JobQueued: {'identifier': 'px4_ros_com', 'dependencies': OrderedDict([('px4_msgs', '/home/giromi/Repos/VTOL/ws_sensor_combined_src/install/px4_msgs')])}
[0.000496] (example_global_navigation_cpp) JobQueued: {'identifier': 'example_global_navigation_cpp', 'dependencies': OrderedDict([('px4_msgs', '/home/giromi/Repos/VTOL/ws_sensor_combined_src/install/px4_msgs'), ('px4_ros2_cpp', '/home/giromi/Repos/VTOL/ws_sensor_combined_src/install/px4_ros2_cpp')])}
[0.000530] (example_local_navigation_cpp) JobQueued: {'identifier': 'example_local_navigation_cpp', 'dependencies': OrderedDict([('px4_msgs', '/home/giromi/Repos/VTOL/ws_sensor_combined_src/install/px4_msgs'), ('px4_ros2_cpp', '/home/giromi/Repos/VTOL/ws_sensor_combined_src/install/px4_ros2_cpp')])}
[0.000572] (example_mode_goto_cpp) JobQueued: {'identifier': 'example_mode_goto_cpp', 'dependencies': OrderedDict([('px4_msgs', '/home/giromi/Repos/VTOL/ws_sensor_combined_src/install/px4_msgs'), ('px4_ros2_cpp', '/home/giromi/Repos/VTOL/ws_sensor_combined_src/install/px4_ros2_cpp')])}
[0.000596] (example_mode_manual_cpp) JobQueued: {'identifier': 'example_mode_manual_cpp', 'dependencies': OrderedDict([('px4_msgs', '/home/giromi/Repos/VTOL/ws_sensor_combined_src/install/px4_msgs'), ('px4_ros2_cpp', '/home/giromi/Repos/VTOL/ws_sensor_combined_src/install/px4_ros2_cpp')])}
[0.000723] (example_mode_rtl_replacement_cpp) JobQueued: {'identifier': 'example_mode_rtl_replacement_cpp', 'dependencies': OrderedDict([('px4_msgs', '/home/giromi/Repos/VTOL/ws_sensor_combined_src/install/px4_msgs'), ('px4_ros2_cpp', '/home/giromi/Repos/VTOL/ws_sensor_combined_src/install/px4_ros2_cpp')])}
[0.000749] (example_mode_with_executor_cpp) JobQueued: {'identifier': 'example_mode_with_executor_cpp', 'dependencies': OrderedDict([('px4_msgs', '/home/giromi/Repos/VTOL/ws_sensor_combined_src/install/px4_msgs'), ('px4_ros2_cpp', '/home/giromi/Repos/VTOL/ws_sensor_combined_src/install/px4_ros2_cpp')])}
[0.000778] (px4_msgs) JobStarted: {'identifier': 'px4_msgs'}
[0.053733] (key_event) JobStarted: {'identifier': 'key_event'}
[0.099132] (-) TimerEvent: {}
[0.106972] (px4_msgs) JobProgress: {'identifier': 'px4_msgs', 'progress': 'cmake'}
[0.107902] (px4_msgs) Command: {'cmd': ['/usr/local/bin/cmake', '/home/giromi/Repos/VTOL/ws_sensor_combined_src/src/px4_msgs', '-DAMENT_CMAKE_SYMLINK_INSTALL=1', '-DCMAKE_INSTALL_PREFIX=/home/giromi/Repos/VTOL/ws_sensor_combined_src/install/px4_msgs'], 'cwd': '/home/giromi/Repos/VTOL/ws_sensor_combined_src/build/px4_msgs', 'env': OrderedDict([('LESSOPEN', '| /usr/bin/lesspipe %s'), ('TMUX', '/tmp/tmux-1000/default,117097,2'), ('USER', 'giromi'), ('LC_TIME', 'ko_KR.UTF-8'), ('XDG_SESSION_TYPE', 'x11'), ('SHLVL', '2'), ('LD_LIBRARY_PATH', '/opt/ros/humble/opt/rviz_ogre_vendor/lib:/opt/ros/humble/lib/x86_64-linux-gnu:/opt/ros/humble/lib'), ('HOME', '/home/giromi'), ('TERM_PROGRAM_VERSION', '3.2a'), ('DESKTOP_SESSION', 'ubuntu'), ('NVM_BIN', '/home/giromi/.nvm/versions/node/v20.11.0/bin'), ('NVM_INC', '/home/giromi/.nvm/versions/node/v20.11.0/include/node'), ('ROS_PYTHON_VERSION', '3'), ('GNOME_SHELL_SESSION_MODE', 'ubuntu'), ('GTK_MODULES', 'gail:atk-bridge'), ('PS1', "\\[\\e[01;32m\\]\\u@\\h \\[\\e[34m\\]\\w \\[\\e[1;31m\\]$(git branch 2> /dev/null | sed -e '/^[^*]/d' -e 's/* \\(.*\\)/(\\1)/')\\[\\e[00m\\]$"), ('LC_MONETARY', 'ko_KR.UTF-8'), ('SYSTEMD_EXEC_PID', '2073'), ('DBUS_SESSION_BUS_ADDRESS', 'unix:path=/run/user/1000/bus'), ('COLORTERM', 'truecolor'), ('NVM_DIR', '/home/giromi/.nvm'), ('ROS_DISTRO', 'humble'), ('GTK_IM_MODULE', 'ibus'), ('LOGNAME', 'giromi'), ('_', '/usr/bin/colcon'), ('ROS_VERSION', '2'), ('XDG_SESSION_CLASS', 'user'), ('USERNAME', 'giromi'), ('TERM', 'screen-256color'), ('GNOME_DESKTOP_SESSION_ID', 'this-is-deprecated'), ('ROS_LOCALHOST_ONLY', '0'), ('WINDOWPATH', '2'), ('PATH', '/opt/gcc-arm-none-eabi-9-2020-q2-update/bin:/home/giromi/.local/bin:/home/giromi/.nvm/versions/node/v20.11.0/bin:/opt/ros/humble/bin:/opt/gcc-arm-none-eabi-9-2020-q2-update/bin:/home/giromi/.local/bin:/usr/local/sbin:/usr/local/bin:/usr/sbin:/usr/bin:/sbin:/bin:/usr/games:/usr/local/games:/snap/bin:/snap/bin:/home/giromi/Bashes:/home/giromi/Bashes'), ('SESSION_MANAGER', 'local/ubuntu22:@/tmp/.ICE-unix/2044,unix/ubuntu22:/tmp/.ICE-unix/2044'), ('XDG_MENU_PREFIX', 'gnome-'), ('LC_ADDRESS', 'ko_KR.UTF-8'), ('GNOME_TERMINAL_SCREEN', '/org/gnome/Terminal/screen/7c38761a_019b_4274_8719_b3f2320c43bd'), ('XDG_RUNTIME_DIR', '/run/user/1000'), ('DISPLAY', ':1'), ('LANG', 'en_US.UTF-8'), ('XDG_CURRENT_DESKTOP', 'ubuntu:GNOME'), ('LC_TELEPHONE', 'ko_KR.UTF-8'), ('XMODIFIERS', '@im=ibus'), ('XDG_SESSION_DESKTOP', 'ubuntu'), ('XAUTHORITY', '/run/user/1000/gdm/Xauthority'), ('LS_COLORS', 'rs=0:di=01;34:ln=01;36:mh=00:pi=40;33:so=01;35:do=01;35:bd=40;33;01:cd=40;33;01:or=40;31;01:mi=00:su=37;41:sg=30;43:ca=30;41:tw=30;42:ow=34;42:st=37;44:ex=01;32:*.tar=01;31:*.tgz=01;31:*.arc=01;31:*.arj=01;31:*.taz=01;31:*.lha=01;31:*.lz4=01;31:*.lzh=01;31:*.lzma=01;31:*.tlz=01;31:*.txz=01;31:*.tzo=01;31:*.t7z=01;31:*.zip=01;31:*.z=01;31:*.dz=01;31:*.gz=01;31:*.lrz=01;31:*.lz=01;31:*.lzo=01;31:*.xz=01;31:*.zst=01;31:*.tzst=01;31:*.bz2=01;31:*.bz=01;31:*.tbz=01;31:*.tbz2=01;31:*.tz=01;31:*.deb=01;31:*.rpm=01;31:*.jar=01;31:*.war=01;31:*.ear=01;31:*.sar=01;31:*.rar=01;31:*.alz=01;31:*.ace=01;31:*.zoo=01;31:*.cpio=01;31:*.7z=01;31:*.rz=01;31:*.cab=01;31:*.wim=01;31:*.swm=01;31:*.dwm=01;31:*.esd=01;31:*.jpg=01;35:*.jpeg=01;35:*.mjpg=01;35:*.mjpeg=01;35:*.gif=01;35:*.bmp=01;35:*.pbm=01;35:*.pgm=01;35:*.ppm=01;35:*.tga=01;35:*.xbm=01;35:*.xpm=01;35:*.tif=01;35:*.tiff=01;35:*.png=01;35:*.svg=01;35:*.svgz=01;35:*.mng=01;35:*.pcx=01;35:*.mov=01;35:*.mpg=01;35:*.mpeg=01;35:*.m2v=01;35:*.mkv=01;35:*.webm=01;35:*.webp=01;35:*.ogm=01;35:*.mp4=01;35:*.m4v=01;35:*.mp4v=01;35:*.vob=01;35:*.qt=01;35:*.nuv=01;35:*.wmv=01;35:*.asf=01;35:*.rm=01;35:*.rmvb=01;35:*.flc=01;35:*.avi=01;35:*.fli=01;35:*.flv=01;35:*.gl=01;35:*.dl=01;35:*.xcf=01;35:*.xwd=01;35:*.yuv=01;35:*.cgm=01;35:*.emf=01;35:*.ogv=01;35:*.ogx=01;35:*.aac=00;36:*.au=00;36:*.flac=00;36:*.m4a=00;36:*.mid=00;36:*.midi=00;36:*.mka=00;36:*.mp3=00;36:*.mpc=00;36:*.ogg=00;36:*.ra=00;36:*.wav=00;36:*.oga=00;36:*.opus=00;36:*.spx=00;36:*.xspf=00;36:'), ('GNOME_TERMINAL_SERVICE', ':1.100'), ('TERM_PROGRAM', 'tmux'), ('SSH_AGENT_LAUNCHER', 'gnome-keyring'), ('SSH_AUTH_SOCK', '/run/user/1000/keyring/ssh'), ('AMENT_PREFIX_PATH', '/opt/ros/humble'), ('SHELL', '/bin/bash'), ('LC_NAME', 'ko_KR.UTF-8'), ('QT_ACCESSIBILITY', '1'), ('GDMSESSION', 'ubuntu'), ('LESSCLOSE', '/usr/bin/lesspipe %s %s'), ('LC_MEASUREMENT', 'ko_KR.UTF-8'), ('GPG_AGENT_INFO', '/run/user/1000/gnupg/S.gpg-agent:0:1'), ('LC_IDENTIFICATION', 'ko_KR.UTF-8'), ('QT_IM_MODULE', 'ibus'), ('PWD', '/home/giromi/Repos/VTOL/ws_sensor_combined_src/build/px4_msgs'), ('LC_ALL', 'en_US.UTF-8'), ('XDG_CONFIG_DIRS', '/etc/xdg/xdg-ubuntu:/etc/xdg'), ('NVM_CD_FLAGS', ''), ('XDG_DATA_DIRS', '/usr/share/ubuntu:/usr/share/gnome:/usr/local/share/:/usr/share/:/var/lib/snapd/desktop'), ('PYTHONPATH', '/opt/ros/humble/lib/python3.10/site-packages:/opt/ros/humble/local/lib/python3.10/dist-packages:/home/giromi/Repos/mavlink'), ('LC_NUMERIC', 'ko_KR.UTF-8'), ('TMUX_PLUGIN_MANAGER_PATH', '/home/giromi/.tmux/plugins/'), ('LC_PAPER', 'ko_KR.UTF-8'), ('COLCON', '1'), ('VTE_VERSION', '6800'), ('TMUX_PANE', '%4'), ('CMAKE_PREFIX_PATH', '/opt/ros/humble')]), 'shell': False}
[0.112231] (key_event) JobProgress: {'identifier': 'key_event', 'progress': 'cmake'}
[0.113516] (key_event) Command: {'cmd': ['/usr/local/bin/cmake', '/home/giromi/Repos/VTOL/ws_sensor_combined_src/src/key_event', '-DAMENT_CMAKE_SYMLINK_INSTALL=1', '-DCMAKE_INSTALL_PREFIX=/home/giromi/Repos/VTOL/ws_sensor_combined_src/install/key_event'], 'cwd': '/home/giromi/Repos/VTOL/ws_sensor_combined_src/build/key_event', 'env': OrderedDict([('LESSOPEN', '| /usr/bin/lesspipe %s'), ('TMUX', '/tmp/tmux-1000/default,117097,2'), ('USER', 'giromi'), ('LC_TIME', 'ko_KR.UTF-8'), ('XDG_SESSION_TYPE', 'x11'), ('SHLVL', '2'), ('LD_LIBRARY_PATH', '/opt/ros/humble/opt/rviz_ogre_vendor/lib:/opt/ros/humble/lib/x86_64-linux-gnu:/opt/ros/humble/lib'), ('HOME', '/home/giromi'), ('TERM_PROGRAM_VERSION', '3.2a'), ('DESKTOP_SESSION', 'ubuntu'), ('NVM_BIN', '/home/giromi/.nvm/versions/node/v20.11.0/bin'), ('NVM_INC', '/home/giromi/.nvm/versions/node/v20.11.0/include/node'), ('ROS_PYTHON_VERSION', '3'), ('GNOME_SHELL_SESSION_MODE', 'ubuntu'), ('GTK_MODULES', 'gail:atk-bridge'), ('PS1', "\\[\\e[01;32m\\]\\u@\\h \\[\\e[34m\\]\\w \\[\\e[1;31m\\]$(git branch 2> /dev/null | sed -e '/^[^*]/d' -e 's/* \\(.*\\)/(\\1)/')\\[\\e[00m\\]$"), ('LC_MONETARY', 'ko_KR.UTF-8'), ('SYSTEMD_EXEC_PID', '2073'), ('DBUS_SESSION_BUS_ADDRESS', 'unix:path=/run/user/1000/bus'), ('COLORTERM', 'truecolor'), ('NVM_DIR', '/home/giromi/.nvm'), ('ROS_DISTRO', 'humble'), ('GTK_IM_MODULE', 'ibus'), ('LOGNAME', 'giromi'), ('_', '/usr/bin/colcon'), ('ROS_VERSION', '2'), ('XDG_SESSION_CLASS', 'user'), ('USERNAME', 'giromi'), ('TERM', 'screen-256color'), ('GNOME_DESKTOP_SESSION_ID', 'this-is-deprecated'), ('ROS_LOCALHOST_ONLY', '0'), ('WINDOWPATH', '2'), ('PATH', '/opt/gcc-arm-none-eabi-9-2020-q2-update/bin:/home/giromi/.local/bin:/home/giromi/.nvm/versions/node/v20.11.0/bin:/opt/ros/humble/bin:/opt/gcc-arm-none-eabi-9-2020-q2-update/bin:/home/giromi/.local/bin:/usr/local/sbin:/usr/local/bin:/usr/sbin:/usr/bin:/sbin:/bin:/usr/games:/usr/local/games:/snap/bin:/snap/bin:/home/giromi/Bashes:/home/giromi/Bashes'), ('SESSION_MANAGER', 'local/ubuntu22:@/tmp/.ICE-unix/2044,unix/ubuntu22:/tmp/.ICE-unix/2044'), ('XDG_MENU_PREFIX', 'gnome-'), ('LC_ADDRESS', 'ko_KR.UTF-8'), ('GNOME_TERMINAL_SCREEN', '/org/gnome/Terminal/screen/7c38761a_019b_4274_8719_b3f2320c43bd'), ('XDG_RUNTIME_DIR', '/run/user/1000'), ('DISPLAY', ':1'), ('LANG', 'en_US.UTF-8'), ('XDG_CURRENT_DESKTOP', 'ubuntu:GNOME'), ('LC_TELEPHONE', 'ko_KR.UTF-8'), ('XMODIFIERS', '@im=ibus'), ('XDG_SESSION_DESKTOP', 'ubuntu'), ('XAUTHORITY', '/run/user/1000/gdm/Xauthority'), ('LS_COLORS', 'rs=0:di=01;34:ln=01;36:mh=00:pi=40;33:so=01;35:do=01;35:bd=40;33;01:cd=40;33;01:or=40;31;01:mi=00:su=37;41:sg=30;43:ca=30;41:tw=30;42:ow=34;42:st=37;44:ex=01;32:*.tar=01;31:*.tgz=01;31:*.arc=01;31:*.arj=01;31:*.taz=01;31:*.lha=01;31:*.lz4=01;31:*.lzh=01;31:*.lzma=01;31:*.tlz=01;31:*.txz=01;31:*.tzo=01;31:*.t7z=01;31:*.zip=01;31:*.z=01;31:*.dz=01;31:*.gz=01;31:*.lrz=01;31:*.lz=01;31:*.lzo=01;31:*.xz=01;31:*.zst=01;31:*.tzst=01;31:*.bz2=01;31:*.bz=01;31:*.tbz=01;31:*.tbz2=01;31:*.tz=01;31:*.deb=01;31:*.rpm=01;31:*.jar=01;31:*.war=01;31:*.ear=01;31:*.sar=01;31:*.rar=01;31:*.alz=01;31:*.ace=01;31:*.zoo=01;31:*.cpio=01;31:*.7z=01;31:*.rz=01;31:*.cab=01;31:*.wim=01;31:*.swm=01;31:*.dwm=01;31:*.esd=01;31:*.jpg=01;35:*.jpeg=01;35:*.mjpg=01;35:*.mjpeg=01;35:*.gif=01;35:*.bmp=01;35:*.pbm=01;35:*.pgm=01;35:*.ppm=01;35:*.tga=01;35:*.xbm=01;35:*.xpm=01;35:*.tif=01;35:*.tiff=01;35:*.png=01;35:*.svg=01;35:*.svgz=01;35:*.mng=01;35:*.pcx=01;35:*.mov=01;35:*.mpg=01;35:*.mpeg=01;35:*.m2v=01;35:*.mkv=01;35:*.webm=01;35:*.webp=01;35:*.ogm=01;35:*.mp4=01;35:*.m4v=01;35:*.mp4v=01;35:*.vob=01;35:*.qt=01;35:*.nuv=01;35:*.wmv=01;35:*.asf=01;35:*.rm=01;35:*.rmvb=01;35:*.flc=01;35:*.avi=01;35:*.fli=01;35:*.flv=01;35:*.gl=01;35:*.dl=01;35:*.xcf=01;35:*.xwd=01;35:*.yuv=01;35:*.cgm=01;35:*.emf=01;35:*.ogv=01;35:*.ogx=01;35:*.aac=00;36:*.au=00;36:*.flac=00;36:*.m4a=00;36:*.mid=00;36:*.midi=00;36:*.mka=00;36:*.mp3=00;36:*.mpc=00;36:*.ogg=00;36:*.ra=00;36:*.wav=00;36:*.oga=00;36:*.opus=00;36:*.spx=00;36:*.xspf=00;36:'), ('GNOME_TERMINAL_SERVICE', ':1.100'), ('TERM_PROGRAM', 'tmux'), ('SSH_AGENT_LAUNCHER', 'gnome-keyring'), ('SSH_AUTH_SOCK', '/run/user/1000/keyring/ssh'), ('AMENT_PREFIX_PATH', '/opt/ros/humble'), ('SHELL', '/bin/bash'), ('LC_NAME', 'ko_KR.UTF-8'), ('QT_ACCESSIBILITY', '1'), ('GDMSESSION', 'ubuntu'), ('LESSCLOSE', '/usr/bin/lesspipe %s %s'), ('LC_MEASUREMENT', 'ko_KR.UTF-8'), ('GPG_AGENT_INFO', '/run/user/1000/gnupg/S.gpg-agent:0:1'), ('LC_IDENTIFICATION', 'ko_KR.UTF-8'), ('QT_IM_MODULE', 'ibus'), ('PWD', '/home/giromi/Repos/VTOL/ws_sensor_combined_src/build/key_event'), ('LC_ALL', 'en_US.UTF-8'), ('XDG_CONFIG_DIRS', '/etc/xdg/xdg-ubuntu:/etc/xdg'), ('NVM_CD_FLAGS', ''), ('XDG_DATA_DIRS', '/usr/share/ubuntu:/usr/share/gnome:/usr/local/share/:/usr/share/:/var/lib/snapd/desktop'), ('PYTHONPATH', '/opt/ros/humble/lib/python3.10/site-packages:/opt/ros/humble/local/lib/python3.10/dist-packages:/home/giromi/Repos/mavlink'), ('LC_NUMERIC', 'ko_KR.UTF-8'), ('TMUX_PLUGIN_MANAGER_PATH', '/home/giromi/.tmux/plugins/'), ('LC_PAPER', 'ko_KR.UTF-8'), ('COLCON', '1'), ('VTE_VERSION', '6800'), ('TMUX_PANE', '%4'), ('CMAKE_PREFIX_PATH', '/opt/ros/humble')]), 'shell': False}
[0.172146] (key_event) StdoutLine: {'line': b'-- Found ament_cmake: 1.3.7 (/opt/ros/humble/share/ament_cmake/cmake)\n'}
[0.172443] (px4_msgs) StdoutLine: {'line': b'-- Found ament_cmake: 1.3.7 (/opt/ros/humble/share/ament_cmake/cmake)\n'}
[0.199355] (-) TimerEvent: {}
[0.299929] (-) TimerEvent: {}
[0.400229] (-) TimerEvent: {}
[0.496089] (px4_msgs) StdoutLine: {'line': b'-- Override CMake install command with custom implementation using symlinks instead of copying resources\n'}
[0.496314] (key_event) StdoutLine: {'line': b'-- Override CMake install command with custom implementation using symlinks instead of copying resources\n'}
[0.500286] (-) TimerEvent: {}
[0.600629] (-) TimerEvent: {}
[0.622586] (px4_msgs) StdoutLine: {'line': b'-- Found builtin_interfaces: 1.2.1 (/opt/ros/humble/share/builtin_interfaces/cmake)\n'}
[0.631587] (key_event) StdoutLine: {'line': b'-- Found rclcpp: 16.0.8 (/opt/ros/humble/share/rclcpp/cmake)\n'}
[0.700838] (-) TimerEvent: {}
[0.801511] (-) TimerEvent: {}
[0.812671] (key_event) StdoutLine: {'line': b'-- Found rosidl_generator_c: 3.1.5 (/opt/ros/humble/share/rosidl_generator_c/cmake)\n'}
[0.813285] (px4_msgs) StdoutLine: {'line': b'-- Found rosidl_generator_c: 3.1.5 (/opt/ros/humble/share/rosidl_generator_c/cmake)\n'}
[0.840816] (key_event) StdoutLine: {'line': b'-- Found rosidl_adapter: 3.1.5 (/opt/ros/humble/share/rosidl_adapter/cmake)\n'}
[0.841156] (px4_msgs) StdoutLine: {'line': b'-- Found rosidl_adapter: 3.1.5 (/opt/ros/humble/share/rosidl_adapter/cmake)\n'}
[0.871307] (px4_msgs) StdoutLine: {'line': b'-- Found rosidl_generator_cpp: 3.1.5 (/opt/ros/humble/share/rosidl_generator_cpp/cmake)\n'}
[0.871662] (key_event) StdoutLine: {'line': b'-- Found rosidl_generator_cpp: 3.1.5 (/opt/ros/humble/share/rosidl_generator_cpp/cmake)\n'}
[0.901611] (-) TimerEvent: {}
[0.928799] (key_event) StdoutLine: {'line': b'-- Using all available rosidl_typesupport_c: rosidl_typesupport_fastrtps_c;rosidl_typesupport_introspection_c\n'}
[0.929530] (px4_msgs) StdoutLine: {'line': b'-- Using all available rosidl_typesupport_c: rosidl_typesupport_fastrtps_c;rosidl_typesupport_introspection_c\n'}
[0.994124] (key_event) StdoutLine: {'line': b'-- Using all available rosidl_typesupport_cpp: rosidl_typesupport_fastrtps_cpp;rosidl_typesupport_introspection_cpp\n'}
[0.994311] (px4_msgs) StdoutLine: {'line': b'-- Using all available rosidl_typesupport_cpp: rosidl_typesupport_fastrtps_cpp;rosidl_typesupport_introspection_cpp\n'}
[1.001711] (-) TimerEvent: {}
[1.043313] (px4_msgs) StdoutLine: {'line': b'-- Found rosidl_default_generators: 1.2.0 (/opt/ros/humble/share/rosidl_default_generators/cmake)\n'}
[1.101870] (-) TimerEvent: {}
[1.202298] (-) TimerEvent: {}
[1.235365] (key_event) StdoutLine: {'line': b'-- Found rmw_implementation_cmake: 6.1.1 (/opt/ros/humble/share/rmw_implementation_cmake/cmake)\n'}
[1.271395] (key_event) StdoutLine: {'line': b'-- Found rmw_fastrtps_cpp: 6.2.6 (/opt/ros/humble/share/rmw_fastrtps_cpp/cmake)\n'}
[1.302492] (-) TimerEvent: {}
[1.403020] (-) TimerEvent: {}
[1.503326] (-) TimerEvent: {}
[1.599483] (key_event) StdoutLine: {'line': b"-- Using RMW implementation 'rmw_fastrtps_cpp' as default\n"}
[1.603427] (-) TimerEvent: {}
[1.703681] (-) TimerEvent: {}
[1.803958] (-) TimerEvent: {}
[1.904239] (-) TimerEvent: {}
[1.931612] (key_event) StdoutLine: {'line': b'-- Found geometry_msgs: 4.2.3 (/opt/ros/humble/share/geometry_msgs/cmake)\n'}
[2.004445] (-) TimerEvent: {}
[2.008280] (key_event) StdoutLine: {'line': b'-- Found ament_lint_auto: 0.12.10 (/opt/ros/humble/share/ament_lint_auto/cmake)\n'}
[2.104533] (-) TimerEvent: {}
[2.198917] (key_event) StdoutLine: {'line': b"-- Added test 'cppcheck' to perform static code analysis on C / C++ code\n"}
[2.199222] (key_event) StdoutLine: {'line': b'-- Configured cppcheck include dirs: \n'}
[2.199338] (key_event) StdoutLine: {'line': b'-- Configured cppcheck exclude dirs and/or files: \n'}
[2.201926] (key_event) StdoutLine: {'line': b"-- Added test 'flake8' to check Python code syntax and style conventions\n"}
[2.204659] (-) TimerEvent: {}
[2.206904] (key_event) StdoutLine: {'line': b"-- Added test 'lint_cmake' to check CMake code style\n"}
[2.209519] (key_event) StdoutLine: {'line': b"-- Added test 'pep257' to check Python code against some of the docstring style conventions in PEP 257\n"}
[2.226629] (key_event) StdoutLine: {'line': b"-- Added test 'uncrustify' to check C / C++ code style\n"}
[2.226772] (key_event) StdoutLine: {'line': b'-- Configured uncrustify additional arguments: \n'}
[2.229317] (key_event) StdoutLine: {'line': b"-- Added test 'xmllint' to check XML markup files\n"}
[2.240741] (key_event) StdoutLine: {'line': b'-- Configuring done (2.1s)\n'}
[2.268656] (key_event) StdoutLine: {'line': b'-- Generating done (0.0s)\n'}
[2.270953] (key_event) StdoutLine: {'line': b'-- Build files have been written to: /home/giromi/Repos/VTOL/ws_sensor_combined_src/build/key_event\n'}
[2.279291] (key_event) CommandEnded: {'returncode': 0}
[2.279999] (key_event) JobProgress: {'identifier': 'key_event', 'progress': 'build'}
[2.281766] (key_event) Command: {'cmd': ['/usr/local/bin/cmake', '--build', '/home/giromi/Repos/VTOL/ws_sensor_combined_src/build/key_event', '--', '-j8', '-l8'], 'cwd': '/home/giromi/Repos/VTOL/ws_sensor_combined_src/build/key_event', 'env': OrderedDict([('LESSOPEN', '| /usr/bin/lesspipe %s'), ('TMUX', '/tmp/tmux-1000/default,117097,2'), ('USER', 'giromi'), ('LC_TIME', 'ko_KR.UTF-8'), ('XDG_SESSION_TYPE', 'x11'), ('SHLVL', '2'), ('LD_LIBRARY_PATH', '/opt/ros/humble/opt/rviz_ogre_vendor/lib:/opt/ros/humble/lib/x86_64-linux-gnu:/opt/ros/humble/lib'), ('HOME', '/home/giromi'), ('TERM_PROGRAM_VERSION', '3.2a'), ('DESKTOP_SESSION', 'ubuntu'), ('NVM_BIN', '/home/giromi/.nvm/versions/node/v20.11.0/bin'), ('NVM_INC', '/home/giromi/.nvm/versions/node/v20.11.0/include/node'), ('ROS_PYTHON_VERSION', '3'), ('GNOME_SHELL_SESSION_MODE', 'ubuntu'), ('GTK_MODULES', 'gail:atk-bridge'), ('PS1', "\\[\\e[01;32m\\]\\u@\\h \\[\\e[34m\\]\\w \\[\\e[1;31m\\]$(git branch 2> /dev/null | sed -e '/^[^*]/d' -e 's/* \\(.*\\)/(\\1)/')\\[\\e[00m\\]$"), ('LC_MONETARY', 'ko_KR.UTF-8'), ('SYSTEMD_EXEC_PID', '2073'), ('DBUS_SESSION_BUS_ADDRESS', 'unix:path=/run/user/1000/bus'), ('COLORTERM', 'truecolor'), ('NVM_DIR', '/home/giromi/.nvm'), ('ROS_DISTRO', 'humble'), ('GTK_IM_MODULE', 'ibus'), ('LOGNAME', 'giromi'), ('_', '/usr/bin/colcon'), ('ROS_VERSION', '2'), ('XDG_SESSION_CLASS', 'user'), ('USERNAME', 'giromi'), ('TERM', 'screen-256color'), ('GNOME_DESKTOP_SESSION_ID', 'this-is-deprecated'), ('ROS_LOCALHOST_ONLY', '0'), ('WINDOWPATH', '2'), ('PATH', '/opt/gcc-arm-none-eabi-9-2020-q2-update/bin:/home/giromi/.local/bin:/home/giromi/.nvm/versions/node/v20.11.0/bin:/opt/ros/humble/bin:/opt/gcc-arm-none-eabi-9-2020-q2-update/bin:/home/giromi/.local/bin:/usr/local/sbin:/usr/local/bin:/usr/sbin:/usr/bin:/sbin:/bin:/usr/games:/usr/local/games:/snap/bin:/snap/bin:/home/giromi/Bashes:/home/giromi/Bashes'), ('SESSION_MANAGER', 'local/ubuntu22:@/tmp/.ICE-unix/2044,unix/ubuntu22:/tmp/.ICE-unix/2044'), ('XDG_MENU_PREFIX', 'gnome-'), ('LC_ADDRESS', 'ko_KR.UTF-8'), ('GNOME_TERMINAL_SCREEN', '/org/gnome/Terminal/screen/7c38761a_019b_4274_8719_b3f2320c43bd'), ('XDG_RUNTIME_DIR', '/run/user/1000'), ('DISPLAY', ':1'), ('LANG', 'en_US.UTF-8'), ('XDG_CURRENT_DESKTOP', 'ubuntu:GNOME'), ('LC_TELEPHONE', 'ko_KR.UTF-8'), ('XMODIFIERS', '@im=ibus'), ('XDG_SESSION_DESKTOP', 'ubuntu'), ('XAUTHORITY', '/run/user/1000/gdm/Xauthority'), ('LS_COLORS', 'rs=0:di=01;34:ln=01;36:mh=00:pi=40;33:so=01;35:do=01;35:bd=40;33;01:cd=40;33;01:or=40;31;01:mi=00:su=37;41:sg=30;43:ca=30;41:tw=30;42:ow=34;42:st=37;44:ex=01;32:*.tar=01;31:*.tgz=01;31:*.arc=01;31:*.arj=01;31:*.taz=01;31:*.lha=01;31:*.lz4=01;31:*.lzh=01;31:*.lzma=01;31:*.tlz=01;31:*.txz=01;31:*.tzo=01;31:*.t7z=01;31:*.zip=01;31:*.z=01;31:*.dz=01;31:*.gz=01;31:*.lrz=01;31:*.lz=01;31:*.lzo=01;31:*.xz=01;31:*.zst=01;31:*.tzst=01;31:*.bz2=01;31:*.bz=01;31:*.tbz=01;31:*.tbz2=01;31:*.tz=01;31:*.deb=01;31:*.rpm=01;31:*.jar=01;31:*.war=01;31:*.ear=01;31:*.sar=01;31:*.rar=01;31:*.alz=01;31:*.ace=01;31:*.zoo=01;31:*.cpio=01;31:*.7z=01;31:*.rz=01;31:*.cab=01;31:*.wim=01;31:*.swm=01;31:*.dwm=01;31:*.esd=01;31:*.jpg=01;35:*.jpeg=01;35:*.mjpg=01;35:*.mjpeg=01;35:*.gif=01;35:*.bmp=01;35:*.pbm=01;35:*.pgm=01;35:*.ppm=01;35:*.tga=01;35:*.xbm=01;35:*.xpm=01;35:*.tif=01;35:*.tiff=01;35:*.png=01;35:*.svg=01;35:*.svgz=01;35:*.mng=01;35:*.pcx=01;35:*.mov=01;35:*.mpg=01;35:*.mpeg=01;35:*.m2v=01;35:*.mkv=01;35:*.webm=01;35:*.webp=01;35:*.ogm=01;35:*.mp4=01;35:*.m4v=01;35:*.mp4v=01;35:*.vob=01;35:*.qt=01;35:*.nuv=01;35:*.wmv=01;35:*.asf=01;35:*.rm=01;35:*.rmvb=01;35:*.flc=01;35:*.avi=01;35:*.fli=01;35:*.flv=01;35:*.gl=01;35:*.dl=01;35:*.xcf=01;35:*.xwd=01;35:*.yuv=01;35:*.cgm=01;35:*.emf=01;35:*.ogv=01;35:*.ogx=01;35:*.aac=00;36:*.au=00;36:*.flac=00;36:*.m4a=00;36:*.mid=00;36:*.midi=00;36:*.mka=00;36:*.mp3=00;36:*.mpc=00;36:*.ogg=00;36:*.ra=00;36:*.wav=00;36:*.oga=00;36:*.opus=00;36:*.spx=00;36:*.xspf=00;36:'), ('GNOME_TERMINAL_SERVICE', ':1.100'), ('TERM_PROGRAM', 'tmux'), ('SSH_AGENT_LAUNCHER', 'gnome-keyring'), ('SSH_AUTH_SOCK', '/run/user/1000/keyring/ssh'), ('AMENT_PREFIX_PATH', '/opt/ros/humble'), ('SHELL', '/bin/bash'), ('LC_NAME', 'ko_KR.UTF-8'), ('QT_ACCESSIBILITY', '1'), ('GDMSESSION', 'ubuntu'), ('LESSCLOSE', '/usr/bin/lesspipe %s %s'), ('LC_MEASUREMENT', 'ko_KR.UTF-8'), ('GPG_AGENT_INFO', '/run/user/1000/gnupg/S.gpg-agent:0:1'), ('LC_IDENTIFICATION', 'ko_KR.UTF-8'), ('QT_IM_MODULE', 'ibus'), ('PWD', '/home/giromi/Repos/VTOL/ws_sensor_combined_src/build/key_event'), ('LC_ALL', 'en_US.UTF-8'), ('XDG_CONFIG_DIRS', '/etc/xdg/xdg-ubuntu:/etc/xdg'), ('NVM_CD_FLAGS', ''), ('XDG_DATA_DIRS', '/usr/share/ubuntu:/usr/share/gnome:/usr/local/share/:/usr/share/:/var/lib/snapd/desktop'), ('PYTHONPATH', '/opt/ros/humble/lib/python3.10/site-packages:/opt/ros/humble/local/lib/python3.10/dist-packages:/home/giromi/Repos/mavlink'), ('LC_NUMERIC', 'ko_KR.UTF-8'), ('TMUX_PLUGIN_MANAGER_PATH', '/home/giromi/.tmux/plugins/'), ('LC_PAPER', 'ko_KR.UTF-8'), ('COLCON', '1'), ('VTE_VERSION', '6800'), ('TMUX_PANE', '%4'), ('CMAKE_PREFIX_PATH', '/opt/ros/humble')]), 'shell': False}
[2.304774] (-) TimerEvent: {}
[2.330586] (key_event) StdoutLine: {'line': b'[ 33%] Built target key_sub\n'}
[2.338542] (key_event) StdoutLine: {'line': b'[ 66%] Built target key_pub\n'}
[2.345661] (key_event) StdoutLine: {'line': b'[100%] Built target key_event\n'}
[2.352000] (key_event) CommandEnded: {'returncode': 0}
[2.381354] (key_event) JobProgress: {'identifier': 'key_event', 'progress': 'install'}
[2.386992] (key_event) Command: {'cmd': ['/usr/local/bin/cmake', '--install', '/home/giromi/Repos/VTOL/ws_sensor_combined_src/build/key_event'], 'cwd': '/home/giromi/Repos/VTOL/ws_sensor_combined_src/build/key_event', 'env': OrderedDict([('LESSOPEN', '| /usr/bin/lesspipe %s'), ('TMUX', '/tmp/tmux-1000/default,117097,2'), ('USER', 'giromi'), ('LC_TIME', 'ko_KR.UTF-8'), ('XDG_SESSION_TYPE', 'x11'), ('SHLVL', '2'), ('LD_LIBRARY_PATH', '/opt/ros/humble/opt/rviz_ogre_vendor/lib:/opt/ros/humble/lib/x86_64-linux-gnu:/opt/ros/humble/lib'), ('HOME', '/home/giromi'), ('TERM_PROGRAM_VERSION', '3.2a'), ('DESKTOP_SESSION', 'ubuntu'), ('NVM_BIN', '/home/giromi/.nvm/versions/node/v20.11.0/bin'), ('NVM_INC', '/home/giromi/.nvm/versions/node/v20.11.0/include/node'), ('ROS_PYTHON_VERSION', '3'), ('GNOME_SHELL_SESSION_MODE', 'ubuntu'), ('GTK_MODULES', 'gail:atk-bridge'), ('PS1', "\\[\\e[01;32m\\]\\u@\\h \\[\\e[34m\\]\\w \\[\\e[1;31m\\]$(git branch 2> /dev/null | sed -e '/^[^*]/d' -e 's/* \\(.*\\)/(\\1)/')\\[\\e[00m\\]$"), ('LC_MONETARY', 'ko_KR.UTF-8'), ('SYSTEMD_EXEC_PID', '2073'), ('DBUS_SESSION_BUS_ADDRESS', 'unix:path=/run/user/1000/bus'), ('COLORTERM', 'truecolor'), ('NVM_DIR', '/home/giromi/.nvm'), ('ROS_DISTRO', 'humble'), ('GTK_IM_MODULE', 'ibus'), ('LOGNAME', 'giromi'), ('_', '/usr/bin/colcon'), ('ROS_VERSION', '2'), ('XDG_SESSION_CLASS', 'user'), ('USERNAME', 'giromi'), ('TERM', 'screen-256color'), ('GNOME_DESKTOP_SESSION_ID', 'this-is-deprecated'), ('ROS_LOCALHOST_ONLY', '0'), ('WINDOWPATH', '2'), ('PATH', '/opt/gcc-arm-none-eabi-9-2020-q2-update/bin:/home/giromi/.local/bin:/home/giromi/.nvm/versions/node/v20.11.0/bin:/opt/ros/humble/bin:/opt/gcc-arm-none-eabi-9-2020-q2-update/bin:/home/giromi/.local/bin:/usr/local/sbin:/usr/local/bin:/usr/sbin:/usr/bin:/sbin:/bin:/usr/games:/usr/local/games:/snap/bin:/snap/bin:/home/giromi/Bashes:/home/giromi/Bashes'), ('SESSION_MANAGER', 'local/ubuntu22:@/tmp/.ICE-unix/2044,unix/ubuntu22:/tmp/.ICE-unix/2044'), ('XDG_MENU_PREFIX', 'gnome-'), ('LC_ADDRESS', 'ko_KR.UTF-8'), ('GNOME_TERMINAL_SCREEN', '/org/gnome/Terminal/screen/7c38761a_019b_4274_8719_b3f2320c43bd'), ('XDG_RUNTIME_DIR', '/run/user/1000'), ('DISPLAY', ':1'), ('LANG', 'en_US.UTF-8'), ('XDG_CURRENT_DESKTOP', 'ubuntu:GNOME'), ('LC_TELEPHONE', 'ko_KR.UTF-8'), ('XMODIFIERS', '@im=ibus'), ('XDG_SESSION_DESKTOP', 'ubuntu'), ('XAUTHORITY', '/run/user/1000/gdm/Xauthority'), ('LS_COLORS', 'rs=0:di=01;34:ln=01;36:mh=00:pi=40;33:so=01;35:do=01;35:bd=40;33;01:cd=40;33;01:or=40;31;01:mi=00:su=37;41:sg=30;43:ca=30;41:tw=30;42:ow=34;42:st=37;44:ex=01;32:*.tar=01;31:*.tgz=01;31:*.arc=01;31:*.arj=01;31:*.taz=01;31:*.lha=01;31:*.lz4=01;31:*.lzh=01;31:*.lzma=01;31:*.tlz=01;31:*.txz=01;31:*.tzo=01;31:*.t7z=01;31:*.zip=01;31:*.z=01;31:*.dz=01;31:*.gz=01;31:*.lrz=01;31:*.lz=01;31:*.lzo=01;31:*.xz=01;31:*.zst=01;31:*.tzst=01;31:*.bz2=01;31:*.bz=01;31:*.tbz=01;31:*.tbz2=01;31:*.tz=01;31:*.deb=01;31:*.rpm=01;31:*.jar=01;31:*.war=01;31:*.ear=01;31:*.sar=01;31:*.rar=01;31:*.alz=01;31:*.ace=01;31:*.zoo=01;31:*.cpio=01;31:*.7z=01;31:*.rz=01;31:*.cab=01;31:*.wim=01;31:*.swm=01;31:*.dwm=01;31:*.esd=01;31:*.jpg=01;35:*.jpeg=01;35:*.mjpg=01;35:*.mjpeg=01;35:*.gif=01;35:*.bmp=01;35:*.pbm=01;35:*.pgm=01;35:*.ppm=01;35:*.tga=01;35:*.xbm=01;35:*.xpm=01;35:*.tif=01;35:*.tiff=01;35:*.png=01;35:*.svg=01;35:*.svgz=01;35:*.mng=01;35:*.pcx=01;35:*.mov=01;35:*.mpg=01;35:*.mpeg=01;35:*.m2v=01;35:*.mkv=01;35:*.webm=01;35:*.webp=01;35:*.ogm=01;35:*.mp4=01;35:*.m4v=01;35:*.mp4v=01;35:*.vob=01;35:*.qt=01;35:*.nuv=01;35:*.wmv=01;35:*.asf=01;35:*.rm=01;35:*.rmvb=01;35:*.flc=01;35:*.avi=01;35:*.fli=01;35:*.flv=01;35:*.gl=01;35:*.dl=01;35:*.xcf=01;35:*.xwd=01;35:*.yuv=01;35:*.cgm=01;35:*.emf=01;35:*.ogv=01;35:*.ogx=01;35:*.aac=00;36:*.au=00;36:*.flac=00;36:*.m4a=00;36:*.mid=00;36:*.midi=00;36:*.mka=00;36:*.mp3=00;36:*.mpc=00;36:*.ogg=00;36:*.ra=00;36:*.wav=00;36:*.oga=00;36:*.opus=00;36:*.spx=00;36:*.xspf=00;36:'), ('GNOME_TERMINAL_SERVICE', ':1.100'), ('TERM_PROGRAM', 'tmux'), ('SSH_AGENT_LAUNCHER', 'gnome-keyring'), ('SSH_AUTH_SOCK', '/run/user/1000/keyring/ssh'), ('AMENT_PREFIX_PATH', '/opt/ros/humble'), ('SHELL', '/bin/bash'), ('LC_NAME', 'ko_KR.UTF-8'), ('QT_ACCESSIBILITY', '1'), ('GDMSESSION', 'ubuntu'), ('LESSCLOSE', '/usr/bin/lesspipe %s %s'), ('LC_MEASUREMENT', 'ko_KR.UTF-8'), ('GPG_AGENT_INFO', '/run/user/1000/gnupg/S.gpg-agent:0:1'), ('LC_IDENTIFICATION', 'ko_KR.UTF-8'), ('QT_IM_MODULE', 'ibus'), ('PWD', '/home/giromi/Repos/VTOL/ws_sensor_combined_src/build/key_event'), ('LC_ALL', 'en_US.UTF-8'), ('XDG_CONFIG_DIRS', '/etc/xdg/xdg-ubuntu:/etc/xdg'), ('NVM_CD_FLAGS', ''), ('XDG_DATA_DIRS', '/usr/share/ubuntu:/usr/share/gnome:/usr/local/share/:/usr/share/:/var/lib/snapd/desktop'), ('PYTHONPATH', '/opt/ros/humble/lib/python3.10/site-packages:/opt/ros/humble/local/lib/python3.10/dist-packages:/home/giromi/Repos/mavlink'), ('LC_NUMERIC', 'ko_KR.UTF-8'), ('TMUX_PLUGIN_MANAGER_PATH', '/home/giromi/.tmux/plugins/'), ('LC_PAPER', 'ko_KR.UTF-8'), ('COLCON', '1'), ('VTE_VERSION', '6800'), ('TMUX_PANE', '%4'), ('CMAKE_PREFIX_PATH', '/opt/ros/humble')]), 'shell': False}
[2.390605] (key_event) StdoutLine: {'line': b'-- Install configuration: ""\n'}
[2.391129] (key_event) StdoutLine: {'line': b'-- Execute custom install script\n'}
[2.401280] (key_event) StdoutLine: {'line': b'-- Up-to-date symlink: /home/giromi/Repos/VTOL/ws_sensor_combined_src/install/key_event/lib/key_event/key_event\n'}
[2.404835] (-) TimerEvent: {}
[2.408795] (key_event) StdoutLine: {'line': b'-- Up-to-date symlink: /home/giromi/Repos/VTOL/ws_sensor_combined_src/install/key_event/lib/key_event/key_sub\n'}
[2.411100] (key_event) StdoutLine: {'line': b'-- Up-to-date symlink: /home/giromi/Repos/VTOL/ws_sensor_combined_src/install/key_event/lib/key_event/key_pub\n'}
[2.411540] (key_event) StdoutLine: {'line': b'-- Up-to-date symlink: /home/giromi/Repos/VTOL/ws_sensor_combined_src/install/key_event/share/ament_index/resource_index/package_run_dependencies/key_event\n'}
[2.411991] (key_event) StdoutLine: {'line': b'-- Up-to-date symlink: /home/giromi/Repos/VTOL/ws_sensor_combined_src/install/key_event/share/ament_index/resource_index/parent_prefix_path/key_event\n'}
[2.412380] (key_event) StdoutLine: {'line': b'-- Up-to-date symlink: /home/giromi/Repos/VTOL/ws_sensor_combined_src/install/key_event/share/key_event/environment/ament_prefix_path.sh\n'}
[2.412606] (key_event) StdoutLine: {'line': b'-- Up-to-date symlink: /home/giromi/Repos/VTOL/ws_sensor_combined_src/install/key_event/share/key_event/environment/ament_prefix_path.dsv\n'}
[2.412918] (key_event) StdoutLine: {'line': b'-- Up-to-date symlink: /home/giromi/Repos/VTOL/ws_sensor_combined_src/install/key_event/share/key_event/environment/path.sh\n'}
[2.413210] (key_event) StdoutLine: {'line': b'-- Up-to-date symlink: /home/giromi/Repos/VTOL/ws_sensor_combined_src/install/key_event/share/key_event/environment/path.dsv\n'}
[2.413569] (key_event) StdoutLine: {'line': b'-- Up-to-date symlink: /home/giromi/Repos/VTOL/ws_sensor_combined_src/install/key_event/share/key_event/local_setup.bash\n'}
[2.414002] (key_event) StdoutLine: {'line': b'-- Up-to-date symlink: /home/giromi/Repos/VTOL/ws_sensor_combined_src/install/key_event/share/key_event/local_setup.sh\n'}
[2.414408] (key_event) StdoutLine: {'line': b'-- Up-to-date symlink: /home/giromi/Repos/VTOL/ws_sensor_combined_src/install/key_event/share/key_event/local_setup.zsh\n'}
[2.414678] (key_event) StdoutLine: {'line': b'-- Up-to-date symlink: /home/giromi/Repos/VTOL/ws_sensor_combined_src/install/key_event/share/key_event/local_setup.dsv\n'}
[2.414836] (key_event) StdoutLine: {'line': b'-- Symlinking: /home/giromi/Repos/VTOL/ws_sensor_combined_src/install/key_event/share/key_event/package.dsv\n'}
[2.421473] (key_event) StdoutLine: {'line': b'-- Up-to-date symlink: /home/giromi/Repos/VTOL/ws_sensor_combined_src/install/key_event/share/ament_index/resource_index/packages/key_event\n'}
[2.421872] (key_event) StdoutLine: {'line': b'-- Up-to-date symlink: /home/giromi/Repos/VTOL/ws_sensor_combined_src/install/key_event/share/key_event/cmake/key_eventConfig.cmake\n'}
[2.422224] (key_event) StdoutLine: {'line': b'-- Up-to-date symlink: /home/giromi/Repos/VTOL/ws_sensor_combined_src/install/key_event/share/key_event/cmake/key_eventConfig-version.cmake\n'}
[2.422614] (key_event) StdoutLine: {'line': b'-- Up-to-date symlink: /home/giromi/Repos/VTOL/ws_sensor_combined_src/install/key_event/share/key_event/package.xml\n'}
[2.424363] (key_event) CommandEnded: {'returncode': 0}
[2.504921] (-) TimerEvent: {}
[2.595970] (key_event) JobEnded: {'identifier': 'key_event', 'rc': 0}
[2.615572] (-) TimerEvent: {}
[2.715786] (-) TimerEvent: {}
[2.816069] (-) TimerEvent: {}
[2.916310] (-) TimerEvent: {}
[3.016582] (-) TimerEvent: {}
[3.116854] (-) TimerEvent: {}
[3.217113] (-) TimerEvent: {}
[3.317375] (-) TimerEvent: {}
[3.417707] (-) TimerEvent: {}
[3.517980] (-) TimerEvent: {}
[3.570201] (px4_msgs) StdoutLine: {'line': b'-- Found ament_cmake_cppcheck: 0.12.10 (/opt/ros/humble/share/ament_cmake_cppcheck/cmake)\n'}
[3.579488] (px4_msgs) StdoutLine: {'line': b'-- Found ament_cmake_cpplint: 0.12.10 (/opt/ros/humble/share/ament_cmake_cpplint/cmake)\n'}
[3.580934] (px4_msgs) StdoutLine: {'line': b'-- Found ament_cmake_uncrustify: 0.12.10 (/opt/ros/humble/share/ament_cmake_uncrustify/cmake)\n'}
[3.612051] (px4_msgs) StdoutLine: {'line': b'-- Found ament_cmake_ros: 0.10.0 (/opt/ros/humble/share/ament_cmake_ros/cmake)\n'}
[3.618173] (-) TimerEvent: {}
[3.718676] (-) TimerEvent: {}
[3.819043] (-) TimerEvent: {}
[3.919346] (-) TimerEvent: {}
[4.019625] (-) TimerEvent: {}
[4.119905] (-) TimerEvent: {}
[4.220204] (-) TimerEvent: {}
[4.320460] (-) TimerEvent: {}
[4.420785] (-) TimerEvent: {}
[4.507908] (px4_msgs) StdoutLine: {'line': b'-- Using all available rosidl_typesupport_c: rosidl_typesupport_fastrtps_c;rosidl_typesupport_introspection_c\n'}
[4.520905] (-) TimerEvent: {}
[4.621246] (-) TimerEvent: {}
[4.722010] (-) TimerEvent: {}
[4.822288] (-) TimerEvent: {}
[4.825310] (px4_msgs) StdoutLine: {'line': b'-- Using all available rosidl_typesupport_cpp: rosidl_typesupport_fastrtps_cpp;rosidl_typesupport_introspection_cpp\n'}
[4.836918] (px4_msgs) StderrLine: {'line': b'\x1b[33mCMake Warning (dev) at /opt/ros/humble/share/rosidl_generator_py/cmake/rosidl_generator_py_generate_interfaces.cmake:20 (find_package):\n'}
[4.837124] (px4_msgs) StderrLine: {'line': b'  Policy CMP0148 is not set: The FindPythonInterp and FindPythonLibs modules\n'}
[4.837192] (px4_msgs) StderrLine: {'line': b'  are removed.  Run "cmake --help-policy CMP0148" for policy details.  Use\n'}
[4.837254] (px4_msgs) StderrLine: {'line': b'  the cmake_policy command to set the policy and suppress this warning.\n'}
[4.837313] (px4_msgs) StderrLine: {'line': b'\n'}
[4.837371] (px4_msgs) StderrLine: {'line': b'Call Stack (most recent call first):\n'}
[4.837428] (px4_msgs) StderrLine: {'line': b'  /opt/ros/humble/share/ament_cmake_core/cmake/core/ament_execute_extensions.cmake:48 (include)\n'}
[4.837485] (px4_msgs) StderrLine: {'line': b'  /opt/ros/humble/share/rosidl_cmake/cmake/rosidl_generate_interfaces.cmake:286 (ament_execute_extensions)\n'}
[4.837560] (px4_msgs) StderrLine: {'line': b'  CMakeLists.txt:28 (rosidl_generate_interfaces)\n'}
[4.837631] (px4_msgs) StderrLine: {'line': b'This warning is for project developers.  Use -Wno-dev to suppress it.\n'}
[4.837687] (px4_msgs) StderrLine: {'line': b'\x1b[0m\n'}
[4.882318] (px4_msgs) StdoutLine: {'line': b'-- Found python_cmake_module: 0.10.0 (/opt/ros/humble/share/python_cmake_module/cmake)\n'}
[4.884611] (px4_msgs) StderrLine: {'line': b'\x1b[33mCMake Warning (dev) at /opt/ros/humble/share/python_cmake_module/cmake/Modules/FindPythonExtra.cmake:52 (find_package):\n'}
[4.885056] (px4_msgs) StderrLine: {'line': b'  Policy CMP0148 is not set: The FindPythonInterp and FindPythonLibs modules\n'}
[4.885341] (px4_msgs) StderrLine: {'line': b'  are removed.  Run "cmake --help-policy CMP0148" for policy details.  Use\n'}
[4.885587] (px4_msgs) StderrLine: {'line': b'  the cmake_policy command to set the policy and suppress this warning.\n'}
[4.885821] (px4_msgs) StderrLine: {'line': b'\n'}
[4.886354] (px4_msgs) StderrLine: {'line': b'Call Stack (most recent call first):\n'}
[4.886910] (px4_msgs) StderrLine: {'line': b'  /opt/ros/humble/share/rosidl_generator_py/cmake/rosidl_generator_py_generate_interfaces.cmake:23 (find_package)\n'}
[4.887233] (px4_msgs) StderrLine: {'line': b'  /opt/ros/humble/share/ament_cmake_core/cmake/core/ament_execute_extensions.cmake:48 (include)\n'}
[4.887470] (px4_msgs) StderrLine: {'line': b'  /opt/ros/humble/share/rosidl_cmake/cmake/rosidl_generate_interfaces.cmake:286 (ament_execute_extensions)\n'}
[4.887699] (px4_msgs) StderrLine: {'line': b'  CMakeLists.txt:28 (rosidl_generate_interfaces)\n'}
[4.887925] (px4_msgs) StderrLine: {'line': b'This warning is for project developers.  Use -Wno-dev to suppress it.\n'}
[4.888149] (px4_msgs) StderrLine: {'line': b'\x1b[0m\n'}
[4.922430] (-) TimerEvent: {}
[4.932743] (px4_msgs) StderrLine: {'line': b'\x1b[33mCMake Warning (dev) at /opt/ros/humble/share/python_cmake_module/cmake/Modules/FindPythonExtra.cmake:140 (find_package):\n'}
[4.932945] (px4_msgs) StderrLine: {'line': b'  Policy CMP0148 is not set: The FindPythonInterp and FindPythonLibs modules\n'}
[4.933040] (px4_msgs) StderrLine: {'line': b'  are removed.  Run "cmake --help-policy CMP0148" for policy details.  Use\n'}
[4.933114] (px4_msgs) StderrLine: {'line': b'  the cmake_policy command to set the policy and suppress this warning.\n'}
[4.933181] (px4_msgs) StderrLine: {'line': b'\n'}
[4.933244] (px4_msgs) StderrLine: {'line': b'Call Stack (most recent call first):\n'}
[4.933307] (px4_msgs) StderrLine: {'line': b'  /opt/ros/humble/share/rosidl_generator_py/cmake/rosidl_generator_py_generate_interfaces.cmake:23 (find_package)\n'}
[4.933370] (px4_msgs) StderrLine: {'line': b'  /opt/ros/humble/share/ament_cmake_core/cmake/core/ament_execute_extensions.cmake:48 (include)\n'}
[4.933432] (px4_msgs) StderrLine: {'line': b'  /opt/ros/humble/share/rosidl_cmake/cmake/rosidl_generate_interfaces.cmake:286 (ament_execute_extensions)\n'}
[4.933493] (px4_msgs) StderrLine: {'line': b'  CMakeLists.txt:28 (rosidl_generate_interfaces)\n'}
[4.933555] (px4_msgs) StderrLine: {'line': b'This warning is for project developers.  Use -Wno-dev to suppress it.\n'}
[4.933615] (px4_msgs) StderrLine: {'line': b'\x1b[0m\n'}
[4.972004] (px4_msgs) StdoutLine: {'line': b'-- Using PYTHON_EXECUTABLE: /usr/bin/python3\n'}
[4.972180] (px4_msgs) StdoutLine: {'line': b'-- Using PYTHON_INCLUDE_DIRS: /usr/include/python3.10\n'}
[4.972259] (px4_msgs) StdoutLine: {'line': b'-- Using PYTHON_LIBRARIES: /usr/lib/x86_64-linux-gnu/libpython3.10.so\n'}
[5.022619] (-) TimerEvent: {}
[5.055731] (px4_msgs) StdoutLine: {'line': b'-- Found ament_cmake_flake8: 0.12.10 (/opt/ros/humble/share/ament_cmake_flake8/cmake)\n'}
[5.056511] (px4_msgs) StdoutLine: {'line': b'-- Found ament_cmake_pep257: 0.12.10 (/opt/ros/humble/share/ament_cmake_pep257/cmake)\n'}
[5.122839] (-) TimerEvent: {}
[5.188460] (px4_msgs) StdoutLine: {'line': b'-- Configuring done (5.1s)\n'}
[5.222975] (-) TimerEvent: {}
[5.323260] (-) TimerEvent: {}
[5.423532] (-) TimerEvent: {}
[5.523819] (-) TimerEvent: {}
[5.624104] (-) TimerEvent: {}
[5.724415] (-) TimerEvent: {}
[5.824749] (-) TimerEvent: {}
[5.925088] (-) TimerEvent: {}
[6.025376] (-) TimerEvent: {}
[6.125760] (-) TimerEvent: {}
[6.167367] (px4_msgs) StdoutLine: {'line': b'-- Generating done (0.9s)\n'}
[6.173401] (px4_msgs) StdoutLine: {'line': b'-- Build files have been written to: /home/giromi/Repos/VTOL/ws_sensor_combined_src/build/px4_msgs\n'}
[6.191034] (px4_msgs) CommandEnded: {'returncode': 0}
[6.191886] (px4_msgs) JobProgress: {'identifier': 'px4_msgs', 'progress': 'build'}
[6.192830] (px4_msgs) Command: {'cmd': ['/usr/local/bin/cmake', '--build', '/home/giromi/Repos/VTOL/ws_sensor_combined_src/build/px4_msgs', '--', '-j8', '-l8'], 'cwd': '/home/giromi/Repos/VTOL/ws_sensor_combined_src/build/px4_msgs', 'env': OrderedDict([('LESSOPEN', '| /usr/bin/lesspipe %s'), ('TMUX', '/tmp/tmux-1000/default,117097,2'), ('USER', 'giromi'), ('LC_TIME', 'ko_KR.UTF-8'), ('XDG_SESSION_TYPE', 'x11'), ('SHLVL', '2'), ('LD_LIBRARY_PATH', '/opt/ros/humble/opt/rviz_ogre_vendor/lib:/opt/ros/humble/lib/x86_64-linux-gnu:/opt/ros/humble/lib'), ('HOME', '/home/giromi'), ('TERM_PROGRAM_VERSION', '3.2a'), ('DESKTOP_SESSION', 'ubuntu'), ('NVM_BIN', '/home/giromi/.nvm/versions/node/v20.11.0/bin'), ('NVM_INC', '/home/giromi/.nvm/versions/node/v20.11.0/include/node'), ('ROS_PYTHON_VERSION', '3'), ('GNOME_SHELL_SESSION_MODE', 'ubuntu'), ('GTK_MODULES', 'gail:atk-bridge'), ('PS1', "\\[\\e[01;32m\\]\\u@\\h \\[\\e[34m\\]\\w \\[\\e[1;31m\\]$(git branch 2> /dev/null | sed -e '/^[^*]/d' -e 's/* \\(.*\\)/(\\1)/')\\[\\e[00m\\]$"), ('LC_MONETARY', 'ko_KR.UTF-8'), ('SYSTEMD_EXEC_PID', '2073'), ('DBUS_SESSION_BUS_ADDRESS', 'unix:path=/run/user/1000/bus'), ('COLORTERM', 'truecolor'), ('NVM_DIR', '/home/giromi/.nvm'), ('ROS_DISTRO', 'humble'), ('GTK_IM_MODULE', 'ibus'), ('LOGNAME', 'giromi'), ('_', '/usr/bin/colcon'), ('ROS_VERSION', '2'), ('XDG_SESSION_CLASS', 'user'), ('USERNAME', 'giromi'), ('TERM', 'screen-256color'), ('GNOME_DESKTOP_SESSION_ID', 'this-is-deprecated'), ('ROS_LOCALHOST_ONLY', '0'), ('WINDOWPATH', '2'), ('PATH', '/opt/gcc-arm-none-eabi-9-2020-q2-update/bin:/home/giromi/.local/bin:/home/giromi/.nvm/versions/node/v20.11.0/bin:/opt/ros/humble/bin:/opt/gcc-arm-none-eabi-9-2020-q2-update/bin:/home/giromi/.local/bin:/usr/local/sbin:/usr/local/bin:/usr/sbin:/usr/bin:/sbin:/bin:/usr/games:/usr/local/games:/snap/bin:/snap/bin:/home/giromi/Bashes:/home/giromi/Bashes'), ('SESSION_MANAGER', 'local/ubuntu22:@/tmp/.ICE-unix/2044,unix/ubuntu22:/tmp/.ICE-unix/2044'), ('XDG_MENU_PREFIX', 'gnome-'), ('LC_ADDRESS', 'ko_KR.UTF-8'), ('GNOME_TERMINAL_SCREEN', '/org/gnome/Terminal/screen/7c38761a_019b_4274_8719_b3f2320c43bd'), ('XDG_RUNTIME_DIR', '/run/user/1000'), ('DISPLAY', ':1'), ('LANG', 'en_US.UTF-8'), ('XDG_CURRENT_DESKTOP', 'ubuntu:GNOME'), ('LC_TELEPHONE', 'ko_KR.UTF-8'), ('XMODIFIERS', '@im=ibus'), ('XDG_SESSION_DESKTOP', 'ubuntu'), ('XAUTHORITY', '/run/user/1000/gdm/Xauthority'), ('LS_COLORS', 'rs=0:di=01;34:ln=01;36:mh=00:pi=40;33:so=01;35:do=01;35:bd=40;33;01:cd=40;33;01:or=40;31;01:mi=00:su=37;41:sg=30;43:ca=30;41:tw=30;42:ow=34;42:st=37;44:ex=01;32:*.tar=01;31:*.tgz=01;31:*.arc=01;31:*.arj=01;31:*.taz=01;31:*.lha=01;31:*.lz4=01;31:*.lzh=01;31:*.lzma=01;31:*.tlz=01;31:*.txz=01;31:*.tzo=01;31:*.t7z=01;31:*.zip=01;31:*.z=01;31:*.dz=01;31:*.gz=01;31:*.lrz=01;31:*.lz=01;31:*.lzo=01;31:*.xz=01;31:*.zst=01;31:*.tzst=01;31:*.bz2=01;31:*.bz=01;31:*.tbz=01;31:*.tbz2=01;31:*.tz=01;31:*.deb=01;31:*.rpm=01;31:*.jar=01;31:*.war=01;31:*.ear=01;31:*.sar=01;31:*.rar=01;31:*.alz=01;31:*.ace=01;31:*.zoo=01;31:*.cpio=01;31:*.7z=01;31:*.rz=01;31:*.cab=01;31:*.wim=01;31:*.swm=01;31:*.dwm=01;31:*.esd=01;31:*.jpg=01;35:*.jpeg=01;35:*.mjpg=01;35:*.mjpeg=01;35:*.gif=01;35:*.bmp=01;35:*.pbm=01;35:*.pgm=01;35:*.ppm=01;35:*.tga=01;35:*.xbm=01;35:*.xpm=01;35:*.tif=01;35:*.tiff=01;35:*.png=01;35:*.svg=01;35:*.svgz=01;35:*.mng=01;35:*.pcx=01;35:*.mov=01;35:*.mpg=01;35:*.mpeg=01;35:*.m2v=01;35:*.mkv=01;35:*.webm=01;35:*.webp=01;35:*.ogm=01;35:*.mp4=01;35:*.m4v=01;35:*.mp4v=01;35:*.vob=01;35:*.qt=01;35:*.nuv=01;35:*.wmv=01;35:*.asf=01;35:*.rm=01;35:*.rmvb=01;35:*.flc=01;35:*.avi=01;35:*.fli=01;35:*.flv=01;35:*.gl=01;35:*.dl=01;35:*.xcf=01;35:*.xwd=01;35:*.yuv=01;35:*.cgm=01;35:*.emf=01;35:*.ogv=01;35:*.ogx=01;35:*.aac=00;36:*.au=00;36:*.flac=00;36:*.m4a=00;36:*.mid=00;36:*.midi=00;36:*.mka=00;36:*.mp3=00;36:*.mpc=00;36:*.ogg=00;36:*.ra=00;36:*.wav=00;36:*.oga=00;36:*.opus=00;36:*.spx=00;36:*.xspf=00;36:'), ('GNOME_TERMINAL_SERVICE', ':1.100'), ('TERM_PROGRAM', 'tmux'), ('SSH_AGENT_LAUNCHER', 'gnome-keyring'), ('SSH_AUTH_SOCK', '/run/user/1000/keyring/ssh'), ('AMENT_PREFIX_PATH', '/opt/ros/humble'), ('SHELL', '/bin/bash'), ('LC_NAME', 'ko_KR.UTF-8'), ('QT_ACCESSIBILITY', '1'), ('GDMSESSION', 'ubuntu'), ('LESSCLOSE', '/usr/bin/lesspipe %s %s'), ('LC_MEASUREMENT', 'ko_KR.UTF-8'), ('GPG_AGENT_INFO', '/run/user/1000/gnupg/S.gpg-agent:0:1'), ('LC_IDENTIFICATION', 'ko_KR.UTF-8'), ('QT_IM_MODULE', 'ibus'), ('PWD', '/home/giromi/Repos/VTOL/ws_sensor_combined_src/build/px4_msgs'), ('LC_ALL', 'en_US.UTF-8'), ('XDG_CONFIG_DIRS', '/etc/xdg/xdg-ubuntu:/etc/xdg'), ('NVM_CD_FLAGS', ''), ('XDG_DATA_DIRS', '/usr/share/ubuntu:/usr/share/gnome:/usr/local/share/:/usr/share/:/var/lib/snapd/desktop'), ('PYTHONPATH', '/opt/ros/humble/lib/python3.10/site-packages:/opt/ros/humble/local/lib/python3.10/dist-packages:/home/giromi/Repos/mavlink'), ('LC_NUMERIC', 'ko_KR.UTF-8'), ('TMUX_PLUGIN_MANAGER_PATH', '/home/giromi/.tmux/plugins/'), ('LC_PAPER', 'ko_KR.UTF-8'), ('COLCON', '1'), ('VTE_VERSION', '6800'), ('TMUX_PANE', '%4'), ('CMAKE_PREFIX_PATH', '/opt/ros/humble')]), 'shell': False}
[6.225879] (-) TimerEvent: {}
[6.326170] (-) TimerEvent: {}
[6.426506] (-) TimerEvent: {}
[6.526867] (-) TimerEvent: {}
[6.627204] (-) TimerEvent: {}
[6.727541] (-) TimerEvent: {}
[6.827819] (-) TimerEvent: {}
[6.852404] (px4_msgs) StdoutLine: {'line': b'[  0%] Built target ament_cmake_python_symlink_px4_msgs\n'}
[6.874063] (px4_msgs) StdoutLine: {'line': b'[  0%] Built target px4_msgs__cpp\n'}
[6.927930] (-) TimerEvent: {}
[7.028205] (-) TimerEvent: {}
[7.128603] (-) TimerEvent: {}
[7.172908] (px4_msgs) StdoutLine: {'line': b'running egg_info\n'}
[7.208277] (px4_msgs) StdoutLine: {'line': b'writing px4_msgs.egg-info/PKG-INFO\n'}
[7.208726] (px4_msgs) StdoutLine: {'line': b'writing dependency_links to px4_msgs.egg-info/dependency_links.txt\n'}
[7.209179] (px4_msgs) StdoutLine: {'line': b'writing top-level names to px4_msgs.egg-info/top_level.txt\n'}
[7.228667] (-) TimerEvent: {}
[7.268296] (px4_msgs) StdoutLine: {'line': b"reading manifest file 'px4_msgs.egg-info/SOURCES.txt'\n"}
[7.272225] (px4_msgs) StdoutLine: {'line': b"writing manifest file 'px4_msgs.egg-info/SOURCES.txt'\n"}
[7.293588] (px4_msgs) StdoutLine: {'line': b'[  0%] Built target ament_cmake_python_build_px4_msgs_egg\n'}
[7.328837] (-) TimerEvent: {}
[7.429155] (-) TimerEvent: {}
[7.477039] (px4_msgs) StdoutLine: {'line': b'[ 12%] Built target px4_msgs__rosidl_generator_c\n'}
[7.529314] (-) TimerEvent: {}
[7.629928] (-) TimerEvent: {}
[7.730532] (-) TimerEvent: {}
[7.831251] (-) TimerEvent: {}
[7.931859] (-) TimerEvent: {}
[8.032445] (-) TimerEvent: {}
[8.132943] (-) TimerEvent: {}
[8.233564] (-) TimerEvent: {}
[8.334306] (-) TimerEvent: {}
[8.434862] (-) TimerEvent: {}
[8.516542] (px4_msgs) StdoutLine: {'line': b'[ 25%] Built target px4_msgs__rosidl_typesupport_c\n'}
[8.534936] (-) TimerEvent: {}
[8.628665] (px4_msgs) StdoutLine: {'line': b'[ 38%] Built target px4_msgs__rosidl_typesupport_introspection_c\n'}
[8.635110] (-) TimerEvent: {}
[8.735708] (-) TimerEvent: {}
[8.836134] (-) TimerEvent: {}
[8.936746] (-) TimerEvent: {}
[9.037427] (-) TimerEvent: {}
[9.138042] (-) TimerEvent: {}
[9.238312] (-) TimerEvent: {}
[9.338602] (-) TimerEvent: {}
[9.361504] (px4_msgs) StdoutLine: {'line': b'[ 50%] Built target px4_msgs__rosidl_typesupport_fastrtps_cpp\n'}
[9.403023] (px4_msgs) StdoutLine: {'line': b'[ 63%] Built target px4_msgs__rosidl_typesupport_introspection_cpp\n'}
[9.438721] (-) TimerEvent: {}
[9.478000] (px4_msgs) StdoutLine: {'line': b'[ 76%] Built target px4_msgs__rosidl_typesupport_fastrtps_c\n'}
[9.538842] (-) TimerEvent: {}
[9.639222] (-) TimerEvent: {}
[9.703635] (px4_msgs) StdoutLine: {'line': b'[ 88%] Built target px4_msgs__rosidl_typesupport_cpp\n'}
[9.739480] (-) TimerEvent: {}
[9.804906] (px4_msgs) StdoutLine: {'line': b'[ 88%] Built target px4_msgs\n'}
[9.839659] (-) TimerEvent: {}
[9.871783] (px4_msgs) StdoutLine: {'line': b'[ 88%] Built target px4_msgs__py\n'}
[9.939863] (-) TimerEvent: {}
[10.040377] (-) TimerEvent: {}
[10.140738] (-) TimerEvent: {}
[10.241086] (-) TimerEvent: {}
[10.306505] (px4_msgs) StdoutLine: {'line': b'[100%] Built target px4_msgs__rosidl_generator_py\n'}
[10.341263] (-) TimerEvent: {}
[10.374868] (px4_msgs) StdoutLine: {'line': b'[100%] Built target px4_msgs__rosidl_typesupport_fastrtps_c__pyext\n'}
[10.375975] (px4_msgs) StdoutLine: {'line': b'[100%] Built target px4_msgs__rosidl_typesupport_introspection_c__pyext\n'}
[10.376155] (px4_msgs) StdoutLine: {'line': b'[100%] Built target px4_msgs__rosidl_typesupport_c__pyext\n'}
[10.384324] (px4_msgs) CommandEnded: {'returncode': 0}
[10.441401] (-) TimerEvent: {}
[10.541727] (-) TimerEvent: {}
[10.642047] (-) TimerEvent: {}
[10.742364] (-) TimerEvent: {}
[10.842665] (-) TimerEvent: {}
[10.942989] (-) TimerEvent: {}
[11.043309] (-) TimerEvent: {}
[11.143658] (-) TimerEvent: {}
[11.243922] (-) TimerEvent: {}
[11.344232] (-) TimerEvent: {}
[11.444481] (-) TimerEvent: {}
[11.544774] (-) TimerEvent: {}
[11.645060] (-) TimerEvent: {}
[11.745292] (-) TimerEvent: {}
[11.845628] (-) TimerEvent: {}
[11.945872] (-) TimerEvent: {}
[12.046123] (-) TimerEvent: {}
[12.146453] (-) TimerEvent: {}
[12.246714] (-) TimerEvent: {}
[12.346986] (-) TimerEvent: {}
[12.447249] (-) TimerEvent: {}
[12.547531] (-) TimerEvent: {}
[12.647790] (-) TimerEvent: {}
[12.748055] (-) TimerEvent: {}
[12.848339] (-) TimerEvent: {}
[12.948650] (-) TimerEvent: {}
[13.048922] (-) TimerEvent: {}
[13.149198] (-) TimerEvent: {}
[13.249484] (-) TimerEvent: {}
[13.349736] (-) TimerEvent: {}
[13.450037] (-) TimerEvent: {}
[13.550327] (-) TimerEvent: {}
[13.650601] (-) TimerEvent: {}
[13.750923] (-) TimerEvent: {}
[13.851275] (-) TimerEvent: {}
[13.951522] (-) TimerEvent: {}
[14.051783] (-) TimerEvent: {}
[14.152131] (-) TimerEvent: {}
[14.252485] (-) TimerEvent: {}
[14.352764] (-) TimerEvent: {}
[14.453048] (-) TimerEvent: {}
[14.553291] (-) TimerEvent: {}
[14.653544] (-) TimerEvent: {}
[14.753828] (-) TimerEvent: {}
[14.854115] (-) TimerEvent: {}
[14.954363] (-) TimerEvent: {}
[15.054674] (-) TimerEvent: {}
[15.154952] (-) TimerEvent: {}
[15.255228] (-) TimerEvent: {}
[15.355563] (-) TimerEvent: {}
[15.455871] (-) TimerEvent: {}
[15.538716] (px4_msgs) JobProgress: {'identifier': 'px4_msgs', 'progress': 'install'}
[15.538794] (px4_msgs) Command: {'cmd': ['/usr/local/bin/cmake', '--install', '/home/giromi/Repos/VTOL/ws_sensor_combined_src/build/px4_msgs'], 'cwd': '/home/giromi/Repos/VTOL/ws_sensor_combined_src/build/px4_msgs', 'env': OrderedDict([('LESSOPEN', '| /usr/bin/lesspipe %s'), ('TMUX', '/tmp/tmux-1000/default,117097,2'), ('USER', 'giromi'), ('LC_TIME', 'ko_KR.UTF-8'), ('XDG_SESSION_TYPE', 'x11'), ('SHLVL', '2'), ('LD_LIBRARY_PATH', '/opt/ros/humble/opt/rviz_ogre_vendor/lib:/opt/ros/humble/lib/x86_64-linux-gnu:/opt/ros/humble/lib'), ('HOME', '/home/giromi'), ('TERM_PROGRAM_VERSION', '3.2a'), ('DESKTOP_SESSION', 'ubuntu'), ('NVM_BIN', '/home/giromi/.nvm/versions/node/v20.11.0/bin'), ('NVM_INC', '/home/giromi/.nvm/versions/node/v20.11.0/include/node'), ('ROS_PYTHON_VERSION', '3'), ('GNOME_SHELL_SESSION_MODE', 'ubuntu'), ('GTK_MODULES', 'gail:atk-bridge'), ('PS1', "\\[\\e[01;32m\\]\\u@\\h \\[\\e[34m\\]\\w \\[\\e[1;31m\\]$(git branch 2> /dev/null | sed -e '/^[^*]/d' -e 's/* \\(.*\\)/(\\1)/')\\[\\e[00m\\]$"), ('LC_MONETARY', 'ko_KR.UTF-8'), ('SYSTEMD_EXEC_PID', '2073'), ('DBUS_SESSION_BUS_ADDRESS', 'unix:path=/run/user/1000/bus'), ('COLORTERM', 'truecolor'), ('NVM_DIR', '/home/giromi/.nvm'), ('ROS_DISTRO', 'humble'), ('GTK_IM_MODULE', 'ibus'), ('LOGNAME', 'giromi'), ('_', '/usr/bin/colcon'), ('ROS_VERSION', '2'), ('XDG_SESSION_CLASS', 'user'), ('USERNAME', 'giromi'), ('TERM', 'screen-256color'), ('GNOME_DESKTOP_SESSION_ID', 'this-is-deprecated'), ('ROS_LOCALHOST_ONLY', '0'), ('WINDOWPATH', '2'), ('PATH', '/opt/gcc-arm-none-eabi-9-2020-q2-update/bin:/home/giromi/.local/bin:/home/giromi/.nvm/versions/node/v20.11.0/bin:/opt/ros/humble/bin:/opt/gcc-arm-none-eabi-9-2020-q2-update/bin:/home/giromi/.local/bin:/usr/local/sbin:/usr/local/bin:/usr/sbin:/usr/bin:/sbin:/bin:/usr/games:/usr/local/games:/snap/bin:/snap/bin:/home/giromi/Bashes:/home/giromi/Bashes'), ('SESSION_MANAGER', 'local/ubuntu22:@/tmp/.ICE-unix/2044,unix/ubuntu22:/tmp/.ICE-unix/2044'), ('XDG_MENU_PREFIX', 'gnome-'), ('LC_ADDRESS', 'ko_KR.UTF-8'), ('GNOME_TERMINAL_SCREEN', '/org/gnome/Terminal/screen/7c38761a_019b_4274_8719_b3f2320c43bd'), ('XDG_RUNTIME_DIR', '/run/user/1000'), ('DISPLAY', ':1'), ('LANG', 'en_US.UTF-8'), ('XDG_CURRENT_DESKTOP', 'ubuntu:GNOME'), ('LC_TELEPHONE', 'ko_KR.UTF-8'), ('XMODIFIERS', '@im=ibus'), ('XDG_SESSION_DESKTOP', 'ubuntu'), ('XAUTHORITY', '/run/user/1000/gdm/Xauthority'), ('LS_COLORS', 'rs=0:di=01;34:ln=01;36:mh=00:pi=40;33:so=01;35:do=01;35:bd=40;33;01:cd=40;33;01:or=40;31;01:mi=00:su=37;41:sg=30;43:ca=30;41:tw=30;42:ow=34;42:st=37;44:ex=01;32:*.tar=01;31:*.tgz=01;31:*.arc=01;31:*.arj=01;31:*.taz=01;31:*.lha=01;31:*.lz4=01;31:*.lzh=01;31:*.lzma=01;31:*.tlz=01;31:*.txz=01;31:*.tzo=01;31:*.t7z=01;31:*.zip=01;31:*.z=01;31:*.dz=01;31:*.gz=01;31:*.lrz=01;31:*.lz=01;31:*.lzo=01;31:*.xz=01;31:*.zst=01;31:*.tzst=01;31:*.bz2=01;31:*.bz=01;31:*.tbz=01;31:*.tbz2=01;31:*.tz=01;31:*.deb=01;31:*.rpm=01;31:*.jar=01;31:*.war=01;31:*.ear=01;31:*.sar=01;31:*.rar=01;31:*.alz=01;31:*.ace=01;31:*.zoo=01;31:*.cpio=01;31:*.7z=01;31:*.rz=01;31:*.cab=01;31:*.wim=01;31:*.swm=01;31:*.dwm=01;31:*.esd=01;31:*.jpg=01;35:*.jpeg=01;35:*.mjpg=01;35:*.mjpeg=01;35:*.gif=01;35:*.bmp=01;35:*.pbm=01;35:*.pgm=01;35:*.ppm=01;35:*.tga=01;35:*.xbm=01;35:*.xpm=01;35:*.tif=01;35:*.tiff=01;35:*.png=01;35:*.svg=01;35:*.svgz=01;35:*.mng=01;35:*.pcx=01;35:*.mov=01;35:*.mpg=01;35:*.mpeg=01;35:*.m2v=01;35:*.mkv=01;35:*.webm=01;35:*.webp=01;35:*.ogm=01;35:*.mp4=01;35:*.m4v=01;35:*.mp4v=01;35:*.vob=01;35:*.qt=01;35:*.nuv=01;35:*.wmv=01;35:*.asf=01;35:*.rm=01;35:*.rmvb=01;35:*.flc=01;35:*.avi=01;35:*.fli=01;35:*.flv=01;35:*.gl=01;35:*.dl=01;35:*.xcf=01;35:*.xwd=01;35:*.yuv=01;35:*.cgm=01;35:*.emf=01;35:*.ogv=01;35:*.ogx=01;35:*.aac=00;36:*.au=00;36:*.flac=00;36:*.m4a=00;36:*.mid=00;36:*.midi=00;36:*.mka=00;36:*.mp3=00;36:*.mpc=00;36:*.ogg=00;36:*.ra=00;36:*.wav=00;36:*.oga=00;36:*.opus=00;36:*.spx=00;36:*.xspf=00;36:'), ('GNOME_TERMINAL_SERVICE', ':1.100'), ('TERM_PROGRAM', 'tmux'), ('SSH_AGENT_LAUNCHER', 'gnome-keyring'), ('SSH_AUTH_SOCK', '/run/user/1000/keyring/ssh'), ('AMENT_PREFIX_PATH', '/opt/ros/humble'), ('SHELL', '/bin/bash'), ('LC_NAME', 'ko_KR.UTF-8'), ('QT_ACCESSIBILITY', '1'), ('GDMSESSION', 'ubuntu'), ('LESSCLOSE', '/usr/bin/lesspipe %s %s'), ('LC_MEASUREMENT', 'ko_KR.UTF-8'), ('GPG_AGENT_INFO', '/run/user/1000/gnupg/S.gpg-agent:0:1'), ('LC_IDENTIFICATION', 'ko_KR.UTF-8'), ('QT_IM_MODULE', 'ibus'), ('PWD', '/home/giromi/Repos/VTOL/ws_sensor_combined_src/build/px4_msgs'), ('LC_ALL', 'en_US.UTF-8'), ('XDG_CONFIG_DIRS', '/etc/xdg/xdg-ubuntu:/etc/xdg'), ('NVM_CD_FLAGS', ''), ('XDG_DATA_DIRS', '/usr/share/ubuntu:/usr/share/gnome:/usr/local/share/:/usr/share/:/var/lib/snapd/desktop'), ('PYTHONPATH', '/opt/ros/humble/lib/python3.10/site-packages:/opt/ros/humble/local/lib/python3.10/dist-packages:/home/giromi/Repos/mavlink'), ('LC_NUMERIC', 'ko_KR.UTF-8'), ('TMUX_PLUGIN_MANAGER_PATH', '/home/giromi/.tmux/plugins/'), ('LC_PAPER', 'ko_KR.UTF-8'), ('COLCON', '1'), ('VTE_VERSION', '6800'), ('TMUX_PANE', '%4'), ('CMAKE_PREFIX_PATH', '/opt/ros/humble')]), 'shell': False}
[15.543536] (px4_msgs) StdoutLine: {'line': b'-- Install configuration: ""\n'}
[15.546517] (px4_msgs) StdoutLine: {'line': b'-- Execute custom install script\n'}
[15.546877] (px4_msgs) StdoutLine: {'line': b'-- Up-to-date symlink: /home/giromi/Repos/VTOL/ws_sensor_combined_src/install/px4_msgs/share/ament_index/resource_index/rosidl_interfaces/px4_msgs\n'}
[15.555985] (-) TimerEvent: {}
[15.590252] (px4_msgs) StdoutLine: {'line': b'-- Up-to-date symlink: /home/giromi/Repos/VTOL/ws_sensor_combined_src/install/px4_msgs/include/px4_msgs/px4_msgs/msg/action_request.h\n'}
[15.590867] (px4_msgs) StdoutLine: {'line': b'-- Up-to-date symlink: /home/giromi/Repos/VTOL/ws_sensor_combined_src/install/px4_msgs/include/px4_msgs/px4_msgs/msg/actuator_armed.h\n'}
[15.591391] (px4_msgs) StdoutLine: {'line': b'-- Up-to-date symlink: /home/giromi/Repos/VTOL/ws_sensor_combined_src/install/px4_msgs/include/px4_msgs/px4_msgs/msg/actuator_controls_status.h\n'}
[15.591844] (px4_msgs) StdoutLine: {'line': b'-- Up-to-date symlink: /home/giromi/Repos/VTOL/ws_sensor_combined_src/install/px4_msgs/include/px4_msgs/px4_msgs/msg/actuator_motors.h\n'}
[15.592246] (px4_msgs) StdoutLine: {'line': b'-- Up-to-date symlink: /home/giromi/Repos/VTOL/ws_sensor_combined_src/install/px4_msgs/include/px4_msgs/px4_msgs/msg/actuator_outputs.h\n'}
[15.592662] (px4_msgs) StdoutLine: {'line': b'-- Up-to-date symlink: /home/giromi/Repos/VTOL/ws_sensor_combined_src/install/px4_msgs/include/px4_msgs/px4_msgs/msg/actuator_servos.h\n'}
[15.593007] (px4_msgs) StdoutLine: {'line': b'-- Up-to-date symlink: /home/giromi/Repos/VTOL/ws_sensor_combined_src/install/px4_msgs/include/px4_msgs/px4_msgs/msg/actuator_servos_trim.h\n'}
[15.593467] (px4_msgs) StdoutLine: {'line': b'-- Up-to-date symlink: /home/giromi/Repos/VTOL/ws_sensor_combined_src/install/px4_msgs/include/px4_msgs/px4_msgs/msg/actuator_test.h\n'}
[15.593871] (px4_msgs) StdoutLine: {'line': b'-- Up-to-date symlink: /home/giromi/Repos/VTOL/ws_sensor_combined_src/install/px4_msgs/include/px4_msgs/px4_msgs/msg/adc_report.h\n'}
[15.594240] (px4_msgs) StdoutLine: {'line': b'-- Up-to-date symlink: /home/giromi/Repos/VTOL/ws_sensor_combined_src/install/px4_msgs/include/px4_msgs/px4_msgs/msg/airspeed.h\n'}
[15.594600] (px4_msgs) StdoutLine: {'line': b'-- Up-to-date symlink: /home/giromi/Repos/VTOL/ws_sensor_combined_src/install/px4_msgs/include/px4_msgs/px4_msgs/msg/airspeed_validated.h\n'}
[15.594950] (px4_msgs) StdoutLine: {'line': b'-- Up-to-date symlink: /home/giromi/Repos/VTOL/ws_sensor_combined_src/install/px4_msgs/include/px4_msgs/px4_msgs/msg/airspeed_wind.h\n'}
[15.595325] (px4_msgs) StdoutLine: {'line': b'-- Up-to-date symlink: /home/giromi/Repos/VTOL/ws_sensor_combined_src/install/px4_msgs/include/px4_msgs/px4_msgs/msg/arming_check_reply.h\n'}
[15.595720] (px4_msgs) StdoutLine: {'line': b'-- Up-to-date symlink: /home/giromi/Repos/VTOL/ws_sensor_combined_src/install/px4_msgs/include/px4_msgs/px4_msgs/msg/arming_check_request.h\n'}
[15.596059] (px4_msgs) StdoutLine: {'line': b'-- Up-to-date symlink: /home/giromi/Repos/VTOL/ws_sensor_combined_src/install/px4_msgs/include/px4_msgs/px4_msgs/msg/autotune_attitude_control_status.h\n'}
[15.596478] (px4_msgs) StdoutLine: {'line': b'-- Up-to-date symlink: /home/giromi/Repos/VTOL/ws_sensor_combined_src/install/px4_msgs/include/px4_msgs/px4_msgs/msg/battery_status.h\n'}
[15.596858] (px4_msgs) StdoutLine: {'line': b'-- Up-to-date symlink: /home/giromi/Repos/VTOL/ws_sensor_combined_src/install/px4_msgs/include/px4_msgs/px4_msgs/msg/buffer128.h\n'}
[15.597227] (px4_msgs) StdoutLine: {'line': b'-- Up-to-date symlink: /home/giromi/Repos/VTOL/ws_sensor_combined_src/install/px4_msgs/include/px4_msgs/px4_msgs/msg/button_event.h\n'}
[15.597670] (px4_msgs) StdoutLine: {'line': b'-- Up-to-date symlink: /home/giromi/Repos/VTOL/ws_sensor_combined_src/install/px4_msgs/include/px4_msgs/px4_msgs/msg/camera_capture.h\n'}
[15.606555] (px4_msgs) StdoutLine: {'line': b'-- Up-to-date symlink: /home/giromi/Repos/VTOL/ws_sensor_combined_src/install/px4_msgs/include/px4_msgs/px4_msgs/msg/camera_status.h\n'}
[15.607298] (px4_msgs) StdoutLine: {'line': b'-- Up-to-date symlink: /home/giromi/Repos/VTOL/ws_sensor_combined_src/install/px4_msgs/include/px4_msgs/px4_msgs/msg/camera_trigger.h\n'}
[15.608070] (px4_msgs) StdoutLine: {'line': b'-- Up-to-date symlink: /home/giromi/Repos/VTOL/ws_sensor_combined_src/install/px4_msgs/include/px4_msgs/px4_msgs/msg/cellular_status.h\n'}
[15.608672] (px4_msgs) StdoutLine: {'line': b'-- Up-to-date symlink: /home/giromi/Repos/VTOL/ws_sensor_combined_src/install/px4_msgs/include/px4_msgs/px4_msgs/msg/collision_constraints.h\n'}
[15.609371] (px4_msgs) StdoutLine: {'line': b'-- Up-to-date symlink: /home/giromi/Repos/VTOL/ws_sensor_combined_src/install/px4_msgs/include/px4_msgs/px4_msgs/msg/collision_report.h\n'}
[15.610172] (px4_msgs) StdoutLine: {'line': b'-- Up-to-date symlink: /home/giromi/Repos/VTOL/ws_sensor_combined_src/install/px4_msgs/include/px4_msgs/px4_msgs/msg/config_overrides.h\n'}
[15.610908] (px4_msgs) StdoutLine: {'line': b'-- Up-to-date symlink: /home/giromi/Repos/VTOL/ws_sensor_combined_src/install/px4_msgs/include/px4_msgs/px4_msgs/msg/control_allocator_status.h\n'}
[15.611632] (px4_msgs) StdoutLine: {'line': b'-- Up-to-date symlink: /home/giromi/Repos/VTOL/ws_sensor_combined_src/install/px4_msgs/include/px4_msgs/px4_msgs/msg/cpuload.h\n'}
[15.612235] (px4_msgs) StdoutLine: {'line': b'-- Up-to-date symlink: /home/giromi/Repos/VTOL/ws_sensor_combined_src/install/px4_msgs/include/px4_msgs/px4_msgs/msg/dataman_request.h\n'}
[15.612841] (px4_msgs) StdoutLine: {'line': b'-- Up-to-date symlink: /home/giromi/Repos/VTOL/ws_sensor_combined_src/install/px4_msgs/include/px4_msgs/px4_msgs/msg/dataman_response.h\n'}
[15.613451] (px4_msgs) StdoutLine: {'line': b'-- Up-to-date symlink: /home/giromi/Repos/VTOL/ws_sensor_combined_src/install/px4_msgs/include/px4_msgs/px4_msgs/msg/debug_array.h\n'}
[15.614045] (px4_msgs) StdoutLine: {'line': b'-- Up-to-date symlink: /home/giromi/Repos/VTOL/ws_sensor_combined_src/install/px4_msgs/include/px4_msgs/px4_msgs/msg/debug_key_value.h\n'}
[15.614588] (px4_msgs) StdoutLine: {'line': b'-- Up-to-date symlink: /home/giromi/Repos/VTOL/ws_sensor_combined_src/install/px4_msgs/include/px4_msgs/px4_msgs/msg/debug_value.h\n'}
[15.615163] (px4_msgs) StdoutLine: {'line': b'-- Up-to-date symlink: /home/giromi/Repos/VTOL/ws_sensor_combined_src/install/px4_msgs/include/px4_msgs/px4_msgs/msg/debug_vect.h\n'}
[15.615780] (px4_msgs) StdoutLine: {'line': b'-- Up-to-date symlink: /home/giromi/Repos/VTOL/ws_sensor_combined_src/install/px4_msgs/include/px4_msgs/px4_msgs/msg/detail/action_request__functions.h\n'}
[15.616398] (px4_msgs) StdoutLine: {'line': b'-- Up-to-date symlink: /home/giromi/Repos/VTOL/ws_sensor_combined_src/install/px4_msgs/include/px4_msgs/px4_msgs/msg/detail/action_request__struct.h\n'}
[15.617138] (px4_msgs) StdoutLine: {'line': b'-- Up-to-date symlink: /home/giromi/Repos/VTOL/ws_sensor_combined_src/install/px4_msgs/include/px4_msgs/px4_msgs/msg/detail/action_request__type_support.h\n'}
[15.617712] (px4_msgs) StdoutLine: {'line': b'-- Up-to-date symlink: /home/giromi/Repos/VTOL/ws_sensor_combined_src/install/px4_msgs/include/px4_msgs/px4_msgs/msg/detail/actuator_armed__functions.h\n'}
[15.618350] (px4_msgs) StdoutLine: {'line': b'-- Up-to-date symlink: /home/giromi/Repos/VTOL/ws_sensor_combined_src/install/px4_msgs/include/px4_msgs/px4_msgs/msg/detail/actuator_armed__struct.h\n'}
[15.619019] (px4_msgs) StdoutLine: {'line': b'-- Up-to-date symlink: /home/giromi/Repos/VTOL/ws_sensor_combined_src/install/px4_msgs/include/px4_msgs/px4_msgs/msg/detail/actuator_armed__type_support.h\n'}
[15.619664] (px4_msgs) StdoutLine: {'line': b'-- Up-to-date symlink: /home/giromi/Repos/VTOL/ws_sensor_combined_src/install/px4_msgs/include/px4_msgs/px4_msgs/msg/detail/actuator_controls_status__functions.h\n'}
[15.620301] (px4_msgs) StdoutLine: {'line': b'-- Up-to-date symlink: /home/giromi/Repos/VTOL/ws_sensor_combined_src/install/px4_msgs/include/px4_msgs/px4_msgs/msg/detail/actuator_controls_status__struct.h\n'}
[15.620896] (px4_msgs) StdoutLine: {'line': b'-- Up-to-date symlink: /home/giromi/Repos/VTOL/ws_sensor_combined_src/install/px4_msgs/include/px4_msgs/px4_msgs/msg/detail/actuator_controls_status__type_support.h\n'}
[15.621526] (px4_msgs) StdoutLine: {'line': b'-- Up-to-date symlink: /home/giromi/Repos/VTOL/ws_sensor_combined_src/install/px4_msgs/include/px4_msgs/px4_msgs/msg/detail/actuator_motors__functions.h\n'}
[15.622160] (px4_msgs) StdoutLine: {'line': b'-- Up-to-date symlink: /home/giromi/Repos/VTOL/ws_sensor_combined_src/install/px4_msgs/include/px4_msgs/px4_msgs/msg/detail/actuator_motors__struct.h\n'}
[15.622680] (px4_msgs) StdoutLine: {'line': b'-- Up-to-date symlink: /home/giromi/Repos/VTOL/ws_sensor_combined_src/install/px4_msgs/include/px4_msgs/px4_msgs/msg/detail/actuator_motors__type_support.h\n'}
[15.623326] (px4_msgs) StdoutLine: {'line': b'-- Up-to-date symlink: /home/giromi/Repos/VTOL/ws_sensor_combined_src/install/px4_msgs/include/px4_msgs/px4_msgs/msg/detail/actuator_outputs__functions.h\n'}
[15.624110] (px4_msgs) StdoutLine: {'line': b'-- Up-to-date symlink: /home/giromi/Repos/VTOL/ws_sensor_combined_src/install/px4_msgs/include/px4_msgs/px4_msgs/msg/detail/actuator_outputs__struct.h\n'}
[15.624727] (px4_msgs) StdoutLine: {'line': b'-- Up-to-date symlink: /home/giromi/Repos/VTOL/ws_sensor_combined_src/install/px4_msgs/include/px4_msgs/px4_msgs/msg/detail/actuator_outputs__type_support.h\n'}
[15.625380] (px4_msgs) StdoutLine: {'line': b'-- Up-to-date symlink: /home/giromi/Repos/VTOL/ws_sensor_combined_src/install/px4_msgs/include/px4_msgs/px4_msgs/msg/detail/actuator_servos__functions.h\n'}
[15.626034] (px4_msgs) StdoutLine: {'line': b'-- Up-to-date symlink: /home/giromi/Repos/VTOL/ws_sensor_combined_src/install/px4_msgs/include/px4_msgs/px4_msgs/msg/detail/actuator_servos__struct.h\n'}
[15.626772] (px4_msgs) StdoutLine: {'line': b'-- Up-to-date symlink: /home/giromi/Repos/VTOL/ws_sensor_combined_src/install/px4_msgs/include/px4_msgs/px4_msgs/msg/detail/actuator_servos__type_support.h\n'}
[15.627415] (px4_msgs) StdoutLine: {'line': b'-- Up-to-date symlink: /home/giromi/Repos/VTOL/ws_sensor_combined_src/install/px4_msgs/include/px4_msgs/px4_msgs/msg/detail/actuator_servos_trim__functions.h\n'}
[15.628017] (px4_msgs) StdoutLine: {'line': b'-- Up-to-date symlink: /home/giromi/Repos/VTOL/ws_sensor_combined_src/install/px4_msgs/include/px4_msgs/px4_msgs/msg/detail/actuator_servos_trim__struct.h\n'}
[15.628631] (px4_msgs) StdoutLine: {'line': b'-- Up-to-date symlink: /home/giromi/Repos/VTOL/ws_sensor_combined_src/install/px4_msgs/include/px4_msgs/px4_msgs/msg/detail/actuator_servos_trim__type_support.h\n'}
[15.629278] (px4_msgs) StdoutLine: {'line': b'-- Up-to-date symlink: /home/giromi/Repos/VTOL/ws_sensor_combined_src/install/px4_msgs/include/px4_msgs/px4_msgs/msg/detail/actuator_test__functions.h\n'}
[15.629930] (px4_msgs) StdoutLine: {'line': b'-- Up-to-date symlink: /home/giromi/Repos/VTOL/ws_sensor_combined_src/install/px4_msgs/include/px4_msgs/px4_msgs/msg/detail/actuator_test__struct.h\n'}
[15.630514] (px4_msgs) StdoutLine: {'line': b'-- Up-to-date symlink: /home/giromi/Repos/VTOL/ws_sensor_combined_src/install/px4_msgs/include/px4_msgs/px4_msgs/msg/detail/actuator_test__type_support.h\n'}
[15.631229] (px4_msgs) StdoutLine: {'line': b'-- Up-to-date symlink: /home/giromi/Repos/VTOL/ws_sensor_combined_src/install/px4_msgs/include/px4_msgs/px4_msgs/msg/detail/adc_report__functions.h\n'}
[15.631857] (px4_msgs) StdoutLine: {'line': b'-- Up-to-date symlink: /home/giromi/Repos/VTOL/ws_sensor_combined_src/install/px4_msgs/include/px4_msgs/px4_msgs/msg/detail/adc_report__struct.h\n'}
[15.632525] (px4_msgs) StdoutLine: {'line': b'-- Up-to-date symlink: /home/giromi/Repos/VTOL/ws_sensor_combined_src/install/px4_msgs/include/px4_msgs/px4_msgs/msg/detail/adc_report__type_support.h\n'}
[15.633140] (px4_msgs) StdoutLine: {'line': b'-- Up-to-date symlink: /home/giromi/Repos/VTOL/ws_sensor_combined_src/install/px4_msgs/include/px4_msgs/px4_msgs/msg/detail/airspeed__functions.h\n'}
[15.633752] (px4_msgs) StdoutLine: {'line': b'-- Up-to-date symlink: /home/giromi/Repos/VTOL/ws_sensor_combined_src/install/px4_msgs/include/px4_msgs/px4_msgs/msg/detail/airspeed__struct.h\n'}
[15.634378] (px4_msgs) StdoutLine: {'line': b'-- Up-to-date symlink: /home/giromi/Repos/VTOL/ws_sensor_combined_src/install/px4_msgs/include/px4_msgs/px4_msgs/msg/detail/airspeed__type_support.h\n'}
[15.634946] (px4_msgs) StdoutLine: {'line': b'-- Up-to-date symlink: /home/giromi/Repos/VTOL/ws_sensor_combined_src/install/px4_msgs/include/px4_msgs/px4_msgs/msg/detail/airspeed_validated__functions.h\n'}
[15.635423] (px4_msgs) StdoutLine: {'line': b'-- Up-to-date symlink: /home/giromi/Repos/VTOL/ws_sensor_combined_src/install/px4_msgs/include/px4_msgs/px4_msgs/msg/detail/airspeed_validated__struct.h\n'}
[15.635836] (px4_msgs) StdoutLine: {'line': b'-- Up-to-date symlink: /home/giromi/Repos/VTOL/ws_sensor_combined_src/install/px4_msgs/include/px4_msgs/px4_msgs/msg/detail/airspeed_validated__type_support.h\n'}
[15.636297] (px4_msgs) StdoutLine: {'line': b'-- Up-to-date symlink: /home/giromi/Repos/VTOL/ws_sensor_combined_src/install/px4_msgs/include/px4_msgs/px4_msgs/msg/detail/airspeed_wind__functions.h\n'}
[15.636759] (px4_msgs) StdoutLine: {'line': b'-- Up-to-date symlink: /home/giromi/Repos/VTOL/ws_sensor_combined_src/install/px4_msgs/include/px4_msgs/px4_msgs/msg/detail/airspeed_wind__struct.h\n'}
[15.637260] (px4_msgs) StdoutLine: {'line': b'-- Up-to-date symlink: /home/giromi/Repos/VTOL/ws_sensor_combined_src/install/px4_msgs/include/px4_msgs/px4_msgs/msg/detail/airspeed_wind__type_support.h\n'}
[15.637715] (px4_msgs) StdoutLine: {'line': b'-- Up-to-date symlink: /home/giromi/Repos/VTOL/ws_sensor_combined_src/install/px4_msgs/include/px4_msgs/px4_msgs/msg/detail/arming_check_reply__functions.h\n'}
[15.638147] (px4_msgs) StdoutLine: {'line': b'-- Up-to-date symlink: /home/giromi/Repos/VTOL/ws_sensor_combined_src/install/px4_msgs/include/px4_msgs/px4_msgs/msg/detail/arming_check_reply__struct.h\n'}
[15.638610] (px4_msgs) StdoutLine: {'line': b'-- Up-to-date symlink: /home/giromi/Repos/VTOL/ws_sensor_combined_src/install/px4_msgs/include/px4_msgs/px4_msgs/msg/detail/arming_check_reply__type_support.h\n'}
[15.639066] (px4_msgs) StdoutLine: {'line': b'-- Up-to-date symlink: /home/giromi/Repos/VTOL/ws_sensor_combined_src/install/px4_msgs/include/px4_msgs/px4_msgs/msg/detail/arming_check_request__functions.h\n'}
[15.639567] (px4_msgs) StdoutLine: {'line': b'-- Up-to-date symlink: /home/giromi/Repos/VTOL/ws_sensor_combined_src/install/px4_msgs/include/px4_msgs/px4_msgs/msg/detail/arming_check_request__struct.h\n'}
[15.639987] (px4_msgs) StdoutLine: {'line': b'-- Up-to-date symlink: /home/giromi/Repos/VTOL/ws_sensor_combined_src/install/px4_msgs/include/px4_msgs/px4_msgs/msg/detail/arming_check_request__type_support.h\n'}
[15.640361] (px4_msgs) StdoutLine: {'line': b'-- Up-to-date symlink: /home/giromi/Repos/VTOL/ws_sensor_combined_src/install/px4_msgs/include/px4_msgs/px4_msgs/msg/detail/autotune_attitude_control_status__functions.h\n'}
[15.640745] (px4_msgs) StdoutLine: {'line': b'-- Up-to-date symlink: /home/giromi/Repos/VTOL/ws_sensor_combined_src/install/px4_msgs/include/px4_msgs/px4_msgs/msg/detail/autotune_attitude_control_status__struct.h\n'}
[15.641090] (px4_msgs) StdoutLine: {'line': b'-- Up-to-date symlink: /home/giromi/Repos/VTOL/ws_sensor_combined_src/install/px4_msgs/include/px4_msgs/px4_msgs/msg/detail/autotune_attitude_control_status__type_support.h\n'}
[15.641500] (px4_msgs) StdoutLine: {'line': b'-- Up-to-date symlink: /home/giromi/Repos/VTOL/ws_sensor_combined_src/install/px4_msgs/include/px4_msgs/px4_msgs/msg/detail/battery_status__functions.h\n'}
[15.641874] (px4_msgs) StdoutLine: {'line': b'-- Up-to-date symlink: /home/giromi/Repos/VTOL/ws_sensor_combined_src/install/px4_msgs/include/px4_msgs/px4_msgs/msg/detail/battery_status__struct.h\n'}
[15.642300] (px4_msgs) StdoutLine: {'line': b'-- Up-to-date symlink: /home/giromi/Repos/VTOL/ws_sensor_combined_src/install/px4_msgs/include/px4_msgs/px4_msgs/msg/detail/battery_status__type_support.h\n'}
[15.642677] (px4_msgs) StdoutLine: {'line': b'-- Up-to-date symlink: /home/giromi/Repos/VTOL/ws_sensor_combined_src/install/px4_msgs/include/px4_msgs/px4_msgs/msg/detail/buffer128__functions.h\n'}
[15.643062] (px4_msgs) StdoutLine: {'line': b'-- Up-to-date symlink: /home/giromi/Repos/VTOL/ws_sensor_combined_src/install/px4_msgs/include/px4_msgs/px4_msgs/msg/detail/buffer128__struct.h\n'}
[15.643448] (px4_msgs) StdoutLine: {'line': b'-- Up-to-date symlink: /home/giromi/Repos/VTOL/ws_sensor_combined_src/install/px4_msgs/include/px4_msgs/px4_msgs/msg/detail/buffer128__type_support.h\n'}
[15.643822] (px4_msgs) StdoutLine: {'line': b'-- Up-to-date symlink: /home/giromi/Repos/VTOL/ws_sensor_combined_src/install/px4_msgs/include/px4_msgs/px4_msgs/msg/detail/button_event__functions.h\n'}
[15.644181] (px4_msgs) StdoutLine: {'line': b'-- Up-to-date symlink: /home/giromi/Repos/VTOL/ws_sensor_combined_src/install/px4_msgs/include/px4_msgs/px4_msgs/msg/detail/button_event__struct.h\n'}
[15.644555] (px4_msgs) StdoutLine: {'line': b'-- Up-to-date symlink: /home/giromi/Repos/VTOL/ws_sensor_combined_src/install/px4_msgs/include/px4_msgs/px4_msgs/msg/detail/button_event__type_support.h\n'}
[15.644929] (px4_msgs) StdoutLine: {'line': b'-- Up-to-date symlink: /home/giromi/Repos/VTOL/ws_sensor_combined_src/install/px4_msgs/include/px4_msgs/px4_msgs/msg/detail/camera_capture__functions.h\n'}
[15.645232] (px4_msgs) StdoutLine: {'line': b'-- Up-to-date symlink: /home/giromi/Repos/VTOL/ws_sensor_combined_src/install/px4_msgs/include/px4_msgs/px4_msgs/msg/detail/camera_capture__struct.h\n'}
[15.645561] (px4_msgs) StdoutLine: {'line': b'-- Up-to-date symlink: /home/giromi/Repos/VTOL/ws_sensor_combined_src/install/px4_msgs/include/px4_msgs/px4_msgs/msg/detail/camera_capture__type_support.h\n'}
[15.645907] (px4_msgs) StdoutLine: {'line': b'-- Up-to-date symlink: /home/giromi/Repos/VTOL/ws_sensor_combined_src/install/px4_msgs/include/px4_msgs/px4_msgs/msg/detail/camera_status__functions.h\n'}
[15.646220] (px4_msgs) StdoutLine: {'line': b'-- Up-to-date symlink: /home/giromi/Repos/VTOL/ws_sensor_combined_src/install/px4_msgs/include/px4_msgs/px4_msgs/msg/detail/camera_status__struct.h\n'}
[15.646549] (px4_msgs) StdoutLine: {'line': b'-- Up-to-date symlink: /home/giromi/Repos/VTOL/ws_sensor_combined_src/install/px4_msgs/include/px4_msgs/px4_msgs/msg/detail/camera_status__type_support.h\n'}
[15.646843] (px4_msgs) StdoutLine: {'line': b'-- Up-to-date symlink: /home/giromi/Repos/VTOL/ws_sensor_combined_src/install/px4_msgs/include/px4_msgs/px4_msgs/msg/detail/camera_trigger__functions.h\n'}
[15.647135] (px4_msgs) StdoutLine: {'line': b'-- Up-to-date symlink: /home/giromi/Repos/VTOL/ws_sensor_combined_src/install/px4_msgs/include/px4_msgs/px4_msgs/msg/detail/camera_trigger__struct.h\n'}
[15.647447] (px4_msgs) StdoutLine: {'line': b'-- Up-to-date symlink: /home/giromi/Repos/VTOL/ws_sensor_combined_src/install/px4_msgs/include/px4_msgs/px4_msgs/msg/detail/camera_trigger__type_support.h\n'}
[15.647884] (px4_msgs) StdoutLine: {'line': b'-- Up-to-date symlink: /home/giromi/Repos/VTOL/ws_sensor_combined_src/install/px4_msgs/include/px4_msgs/px4_msgs/msg/detail/cellular_status__functions.h\n'}
[15.648199] (px4_msgs) StdoutLine: {'line': b'-- Up-to-date symlink: /home/giromi/Repos/VTOL/ws_sensor_combined_src/install/px4_msgs/include/px4_msgs/px4_msgs/msg/detail/cellular_status__struct.h\n'}
[15.648520] (px4_msgs) StdoutLine: {'line': b'-- Up-to-date symlink: /home/giromi/Repos/VTOL/ws_sensor_combined_src/install/px4_msgs/include/px4_msgs/px4_msgs/msg/detail/cellular_status__type_support.h\n'}
[15.648858] (px4_msgs) StdoutLine: {'line': b'-- Up-to-date symlink: /home/giromi/Repos/VTOL/ws_sensor_combined_src/install/px4_msgs/include/px4_msgs/px4_msgs/msg/detail/collision_constraints__functions.h\n'}
[15.649192] (px4_msgs) StdoutLine: {'line': b'-- Up-to-date symlink: /home/giromi/Repos/VTOL/ws_sensor_combined_src/install/px4_msgs/include/px4_msgs/px4_msgs/msg/detail/collision_constraints__struct.h\n'}
[15.649506] (px4_msgs) StdoutLine: {'line': b'-- Up-to-date symlink: /home/giromi/Repos/VTOL/ws_sensor_combined_src/install/px4_msgs/include/px4_msgs/px4_msgs/msg/detail/collision_constraints__type_support.h\n'}
[15.649829] (px4_msgs) StdoutLine: {'line': b'-- Up-to-date symlink: /home/giromi/Repos/VTOL/ws_sensor_combined_src/install/px4_msgs/include/px4_msgs/px4_msgs/msg/detail/collision_report__functions.h\n'}
[15.650115] (px4_msgs) StdoutLine: {'line': b'-- Up-to-date symlink: /home/giromi/Repos/VTOL/ws_sensor_combined_src/install/px4_msgs/include/px4_msgs/px4_msgs/msg/detail/collision_report__struct.h\n'}
[15.650402] (px4_msgs) StdoutLine: {'line': b'-- Up-to-date symlink: /home/giromi/Repos/VTOL/ws_sensor_combined_src/install/px4_msgs/include/px4_msgs/px4_msgs/msg/detail/collision_report__type_support.h\n'}
[15.650688] (px4_msgs) StdoutLine: {'line': b'-- Up-to-date symlink: /home/giromi/Repos/VTOL/ws_sensor_combined_src/install/px4_msgs/include/px4_msgs/px4_msgs/msg/detail/config_overrides__functions.h\n'}
[15.650963] (px4_msgs) StdoutLine: {'line': b'-- Up-to-date symlink: /home/giromi/Repos/VTOL/ws_sensor_combined_src/install/px4_msgs/include/px4_msgs/px4_msgs/msg/detail/config_overrides__struct.h\n'}
[15.651226] (px4_msgs) StdoutLine: {'line': b'-- Up-to-date symlink: /home/giromi/Repos/VTOL/ws_sensor_combined_src/install/px4_msgs/include/px4_msgs/px4_msgs/msg/detail/config_overrides__type_support.h\n'}
[15.651550] (px4_msgs) StdoutLine: {'line': b'-- Up-to-date symlink: /home/giromi/Repos/VTOL/ws_sensor_combined_src/install/px4_msgs/include/px4_msgs/px4_msgs/msg/detail/control_allocator_status__functions.h\n'}
[15.651815] (px4_msgs) StdoutLine: {'line': b'-- Up-to-date symlink: /home/giromi/Repos/VTOL/ws_sensor_combined_src/install/px4_msgs/include/px4_msgs/px4_msgs/msg/detail/control_allocator_status__struct.h\n'}
[15.652094] (px4_msgs) StdoutLine: {'line': b'-- Up-to-date symlink: /home/giromi/Repos/VTOL/ws_sensor_combined_src/install/px4_msgs/include/px4_msgs/px4_msgs/msg/detail/control_allocator_status__type_support.h\n'}
[15.652382] (px4_msgs) StdoutLine: {'line': b'-- Up-to-date symlink: /home/giromi/Repos/VTOL/ws_sensor_combined_src/install/px4_msgs/include/px4_msgs/px4_msgs/msg/detail/cpuload__functions.h\n'}
[15.652665] (px4_msgs) StdoutLine: {'line': b'-- Up-to-date symlink: /home/giromi/Repos/VTOL/ws_sensor_combined_src/install/px4_msgs/include/px4_msgs/px4_msgs/msg/detail/cpuload__struct.h\n'}
[15.652969] (px4_msgs) StdoutLine: {'line': b'-- Up-to-date symlink: /home/giromi/Repos/VTOL/ws_sensor_combined_src/install/px4_msgs/include/px4_msgs/px4_msgs/msg/detail/cpuload__type_support.h\n'}
[15.653246] (px4_msgs) StdoutLine: {'line': b'-- Up-to-date symlink: /home/giromi/Repos/VTOL/ws_sensor_combined_src/install/px4_msgs/include/px4_msgs/px4_msgs/msg/detail/dataman_request__functions.h\n'}
[15.653528] (px4_msgs) StdoutLine: {'line': b'-- Up-to-date symlink: /home/giromi/Repos/VTOL/ws_sensor_combined_src/install/px4_msgs/include/px4_msgs/px4_msgs/msg/detail/dataman_request__struct.h\n'}
[15.653796] (px4_msgs) StdoutLine: {'line': b'-- Up-to-date symlink: /home/giromi/Repos/VTOL/ws_sensor_combined_src/install/px4_msgs/include/px4_msgs/px4_msgs/msg/detail/dataman_request__type_support.h\n'}
[15.654074] (px4_msgs) StdoutLine: {'line': b'-- Up-to-date symlink: /home/giromi/Repos/VTOL/ws_sensor_combined_src/install/px4_msgs/include/px4_msgs/px4_msgs/msg/detail/dataman_response__functions.h\n'}
[15.654359] (px4_msgs) StdoutLine: {'line': b'-- Up-to-date symlink: /home/giromi/Repos/VTOL/ws_sensor_combined_src/install/px4_msgs/include/px4_msgs/px4_msgs/msg/detail/dataman_response__struct.h\n'}
[15.654634] (px4_msgs) StdoutLine: {'line': b'-- Up-to-date symlink: /home/giromi/Repos/VTOL/ws_sensor_combined_src/install/px4_msgs/include/px4_msgs/px4_msgs/msg/detail/dataman_response__type_support.h\n'}
[15.654902] (px4_msgs) StdoutLine: {'line': b'-- Up-to-date symlink: /home/giromi/Repos/VTOL/ws_sensor_combined_src/install/px4_msgs/include/px4_msgs/px4_msgs/msg/detail/debug_array__functions.h\n'}
[15.655148] (px4_msgs) StdoutLine: {'line': b'-- Up-to-date symlink: /home/giromi/Repos/VTOL/ws_sensor_combined_src/install/px4_msgs/include/px4_msgs/px4_msgs/msg/detail/debug_array__struct.h\n'}
[15.655488] (px4_msgs) StdoutLine: {'line': b'-- Up-to-date symlink: /home/giromi/Repos/VTOL/ws_sensor_combined_src/install/px4_msgs/include/px4_msgs/px4_msgs/msg/detail/debug_array__type_support.h\n'}
[15.655714] (px4_msgs) StdoutLine: {'line': b'-- Up-to-date symlink: /home/giromi/Repos/VTOL/ws_sensor_combined_src/install/px4_msgs/include/px4_msgs/px4_msgs/msg/detail/debug_key_value__functions.h\n'}
[15.655936] (px4_msgs) StdoutLine: {'line': b'-- Up-to-date symlink: /home/giromi/Repos/VTOL/ws_sensor_combined_src/install/px4_msgs/include/px4_msgs/px4_msgs/msg/detail/debug_key_value__struct.h\n'}
[15.656012] (-) TimerEvent: {}
[15.656194] (px4_msgs) StdoutLine: {'line': b'-- Up-to-date symlink: /home/giromi/Repos/VTOL/ws_sensor_combined_src/install/px4_msgs/include/px4_msgs/px4_msgs/msg/detail/debug_key_value__type_support.h\n'}
[15.656447] (px4_msgs) StdoutLine: {'line': b'-- Up-to-date symlink: /home/giromi/Repos/VTOL/ws_sensor_combined_src/install/px4_msgs/include/px4_msgs/px4_msgs/msg/detail/debug_value__functions.h\n'}
[15.656693] (px4_msgs) StdoutLine: {'line': b'-- Up-to-date symlink: /home/giromi/Repos/VTOL/ws_sensor_combined_src/install/px4_msgs/include/px4_msgs/px4_msgs/msg/detail/debug_value__struct.h\n'}
[15.656917] (px4_msgs) StdoutLine: {'line': b'-- Up-to-date symlink: /home/giromi/Repos/VTOL/ws_sensor_combined_src/install/px4_msgs/include/px4_msgs/px4_msgs/msg/detail/debug_value__type_support.h\n'}
[15.657289] (px4_msgs) StdoutLine: {'line': b'-- Up-to-date symlink: /home/giromi/Repos/VTOL/ws_sensor_combined_src/install/px4_msgs/include/px4_msgs/px4_msgs/msg/detail/debug_vect__functions.h\n'}
[15.657554] (px4_msgs) StdoutLine: {'line': b'-- Up-to-date symlink: /home/giromi/Repos/VTOL/ws_sensor_combined_src/install/px4_msgs/include/px4_msgs/px4_msgs/msg/detail/debug_vect__struct.h\n'}
[15.657790] (px4_msgs) StdoutLine: {'line': b'-- Up-to-date symlink: /home/giromi/Repos/VTOL/ws_sensor_combined_src/install/px4_msgs/include/px4_msgs/px4_msgs/msg/detail/debug_vect__type_support.h\n'}
[15.658037] (px4_msgs) StdoutLine: {'line': b'-- Up-to-date symlink: /home/giromi/Repos/VTOL/ws_sensor_combined_src/install/px4_msgs/include/px4_msgs/px4_msgs/msg/detail/differential_drive_setpoint__functions.h\n'}
[15.658282] (px4_msgs) StdoutLine: {'line': b'-- Up-to-date symlink: /home/giromi/Repos/VTOL/ws_sensor_combined_src/install/px4_msgs/include/px4_msgs/px4_msgs/msg/detail/differential_drive_setpoint__struct.h\n'}
[15.658526] (px4_msgs) StdoutLine: {'line': b'-- Up-to-date symlink: /home/giromi/Repos/VTOL/ws_sensor_combined_src/install/px4_msgs/include/px4_msgs/px4_msgs/msg/detail/differential_drive_setpoint__type_support.h\n'}
[15.658789] (px4_msgs) StdoutLine: {'line': b'-- Up-to-date symlink: /home/giromi/Repos/VTOL/ws_sensor_combined_src/install/px4_msgs/include/px4_msgs/px4_msgs/msg/detail/differential_pressure__functions.h\n'}
[15.659041] (px4_msgs) StdoutLine: {'line': b'-- Up-to-date symlink: /home/giromi/Repos/VTOL/ws_sensor_combined_src/install/px4_msgs/include/px4_msgs/px4_msgs/msg/detail/differential_pressure__struct.h\n'}
[15.659296] (px4_msgs) StdoutLine: {'line': b'-- Up-to-date symlink: /home/giromi/Repos/VTOL/ws_sensor_combined_src/install/px4_msgs/include/px4_msgs/px4_msgs/msg/detail/differential_pressure__type_support.h\n'}
[15.659553] (px4_msgs) StdoutLine: {'line': b'-- Up-to-date symlink: /home/giromi/Repos/VTOL/ws_sensor_combined_src/install/px4_msgs/include/px4_msgs/px4_msgs/msg/detail/distance_sensor__functions.h\n'}
[15.659823] (px4_msgs) StdoutLine: {'line': b'-- Up-to-date symlink: /home/giromi/Repos/VTOL/ws_sensor_combined_src/install/px4_msgs/include/px4_msgs/px4_msgs/msg/detail/distance_sensor__struct.h\n'}
[15.660060] (px4_msgs) StdoutLine: {'line': b'-- Up-to-date symlink: /home/giromi/Repos/VTOL/ws_sensor_combined_src/install/px4_msgs/include/px4_msgs/px4_msgs/msg/detail/distance_sensor__type_support.h\n'}
[15.660281] (px4_msgs) StdoutLine: {'line': b'-- Up-to-date symlink: /home/giromi/Repos/VTOL/ws_sensor_combined_src/install/px4_msgs/include/px4_msgs/px4_msgs/msg/detail/ekf2_timestamps__functions.h\n'}
[15.660505] (px4_msgs) StdoutLine: {'line': b'-- Up-to-date symlink: /home/giromi/Repos/VTOL/ws_sensor_combined_src/install/px4_msgs/include/px4_msgs/px4_msgs/msg/detail/ekf2_timestamps__struct.h\n'}
[15.660738] (px4_msgs) StdoutLine: {'line': b'-- Up-to-date symlink: /home/giromi/Repos/VTOL/ws_sensor_combined_src/install/px4_msgs/include/px4_msgs/px4_msgs/msg/detail/ekf2_timestamps__type_support.h\n'}
[15.660988] (px4_msgs) StdoutLine: {'line': b'-- Up-to-date symlink: /home/giromi/Repos/VTOL/ws_sensor_combined_src/install/px4_msgs/include/px4_msgs/px4_msgs/msg/detail/esc_report__functions.h\n'}
[15.661261] (px4_msgs) StdoutLine: {'line': b'-- Up-to-date symlink: /home/giromi/Repos/VTOL/ws_sensor_combined_src/install/px4_msgs/include/px4_msgs/px4_msgs/msg/detail/esc_report__struct.h\n'}
[15.661488] (px4_msgs) StdoutLine: {'line': b'-- Up-to-date symlink: /home/giromi/Repos/VTOL/ws_sensor_combined_src/install/px4_msgs/include/px4_msgs/px4_msgs/msg/detail/esc_report__type_support.h\n'}
[15.661697] (px4_msgs) StdoutLine: {'line': b'-- Up-to-date symlink: /home/giromi/Repos/VTOL/ws_sensor_combined_src/install/px4_msgs/include/px4_msgs/px4_msgs/msg/detail/esc_status__functions.h\n'}
[15.661920] (px4_msgs) StdoutLine: {'line': b'-- Up-to-date symlink: /home/giromi/Repos/VTOL/ws_sensor_combined_src/install/px4_msgs/include/px4_msgs/px4_msgs/msg/detail/esc_status__struct.h\n'}
[15.662158] (px4_msgs) StdoutLine: {'line': b'-- Up-to-date symlink: /home/giromi/Repos/VTOL/ws_sensor_combined_src/install/px4_msgs/include/px4_msgs/px4_msgs/msg/detail/esc_status__type_support.h\n'}
[15.662378] (px4_msgs) StdoutLine: {'line': b'-- Up-to-date symlink: /home/giromi/Repos/VTOL/ws_sensor_combined_src/install/px4_msgs/include/px4_msgs/px4_msgs/msg/detail/estimator_aid_source1d__functions.h\n'}
[15.662569] (px4_msgs) StdoutLine: {'line': b'-- Up-to-date symlink: /home/giromi/Repos/VTOL/ws_sensor_combined_src/install/px4_msgs/include/px4_msgs/px4_msgs/msg/detail/estimator_aid_source1d__struct.h\n'}
[15.662804] (px4_msgs) StdoutLine: {'line': b'-- Up-to-date symlink: /home/giromi/Repos/VTOL/ws_sensor_combined_src/install/px4_msgs/include/px4_msgs/px4_msgs/msg/detail/estimator_aid_source1d__type_support.h\n'}
[15.663026] (px4_msgs) StdoutLine: {'line': b'-- Up-to-date symlink: /home/giromi/Repos/VTOL/ws_sensor_combined_src/install/px4_msgs/include/px4_msgs/px4_msgs/msg/detail/estimator_aid_source2d__functions.h\n'}
[15.663262] (px4_msgs) StdoutLine: {'line': b'-- Up-to-date symlink: /home/giromi/Repos/VTOL/ws_sensor_combined_src/install/px4_msgs/include/px4_msgs/px4_msgs/msg/detail/estimator_aid_source2d__struct.h\n'}
[15.663523] (px4_msgs) StdoutLine: {'line': b'-- Up-to-date symlink: /home/giromi/Repos/VTOL/ws_sensor_combined_src/install/px4_msgs/include/px4_msgs/px4_msgs/msg/detail/estimator_aid_source2d__type_support.h\n'}
[15.663744] (px4_msgs) StdoutLine: {'line': b'-- Up-to-date symlink: /home/giromi/Repos/VTOL/ws_sensor_combined_src/install/px4_msgs/include/px4_msgs/px4_msgs/msg/detail/estimator_aid_source3d__functions.h\n'}
[15.663969] (px4_msgs) StdoutLine: {'line': b'-- Up-to-date symlink: /home/giromi/Repos/VTOL/ws_sensor_combined_src/install/px4_msgs/include/px4_msgs/px4_msgs/msg/detail/estimator_aid_source3d__struct.h\n'}
[15.664194] (px4_msgs) StdoutLine: {'line': b'-- Up-to-date symlink: /home/giromi/Repos/VTOL/ws_sensor_combined_src/install/px4_msgs/include/px4_msgs/px4_msgs/msg/detail/estimator_aid_source3d__type_support.h\n'}
[15.664445] (px4_msgs) StdoutLine: {'line': b'-- Up-to-date symlink: /home/giromi/Repos/VTOL/ws_sensor_combined_src/install/px4_msgs/include/px4_msgs/px4_msgs/msg/detail/estimator_bias3d__functions.h\n'}
[15.664671] (px4_msgs) StdoutLine: {'line': b'-- Up-to-date symlink: /home/giromi/Repos/VTOL/ws_sensor_combined_src/install/px4_msgs/include/px4_msgs/px4_msgs/msg/detail/estimator_bias3d__struct.h\n'}
[15.664863] (px4_msgs) StdoutLine: {'line': b'-- Up-to-date symlink: /home/giromi/Repos/VTOL/ws_sensor_combined_src/install/px4_msgs/include/px4_msgs/px4_msgs/msg/detail/estimator_bias3d__type_support.h\n'}
[15.665127] (px4_msgs) StdoutLine: {'line': b'-- Up-to-date symlink: /home/giromi/Repos/VTOL/ws_sensor_combined_src/install/px4_msgs/include/px4_msgs/px4_msgs/msg/detail/estimator_bias__functions.h\n'}
[15.665406] (px4_msgs) StdoutLine: {'line': b'-- Up-to-date symlink: /home/giromi/Repos/VTOL/ws_sensor_combined_src/install/px4_msgs/include/px4_msgs/px4_msgs/msg/detail/estimator_bias__struct.h\n'}
[15.665769] (px4_msgs) StdoutLine: {'line': b'-- Up-to-date symlink: /home/giromi/Repos/VTOL/ws_sensor_combined_src/install/px4_msgs/include/px4_msgs/px4_msgs/msg/detail/estimator_bias__type_support.h\n'}
[15.666016] (px4_msgs) StdoutLine: {'line': b'-- Up-to-date symlink: /home/giromi/Repos/VTOL/ws_sensor_combined_src/install/px4_msgs/include/px4_msgs/px4_msgs/msg/detail/estimator_event_flags__functions.h\n'}
[15.666268] (px4_msgs) StdoutLine: {'line': b'-- Up-to-date symlink: /home/giromi/Repos/VTOL/ws_sensor_combined_src/install/px4_msgs/include/px4_msgs/px4_msgs/msg/detail/estimator_event_flags__struct.h\n'}
[15.666551] (px4_msgs) StdoutLine: {'line': b'-- Up-to-date symlink: /home/giromi/Repos/VTOL/ws_sensor_combined_src/install/px4_msgs/include/px4_msgs/px4_msgs/msg/detail/estimator_event_flags__type_support.h\n'}
[15.666825] (px4_msgs) StdoutLine: {'line': b'-- Up-to-date symlink: /home/giromi/Repos/VTOL/ws_sensor_combined_src/install/px4_msgs/include/px4_msgs/px4_msgs/msg/detail/estimator_gps_status__functions.h\n'}
[15.667030] (px4_msgs) StdoutLine: {'line': b'-- Up-to-date symlink: /home/giromi/Repos/VTOL/ws_sensor_combined_src/install/px4_msgs/include/px4_msgs/px4_msgs/msg/detail/estimator_gps_status__struct.h\n'}
[15.667280] (px4_msgs) StdoutLine: {'line': b'-- Up-to-date symlink: /home/giromi/Repos/VTOL/ws_sensor_combined_src/install/px4_msgs/include/px4_msgs/px4_msgs/msg/detail/estimator_gps_status__type_support.h\n'}
[15.667554] (px4_msgs) StdoutLine: {'line': b'-- Up-to-date symlink: /home/giromi/Repos/VTOL/ws_sensor_combined_src/install/px4_msgs/include/px4_msgs/px4_msgs/msg/detail/estimator_innovations__functions.h\n'}
[15.667823] (px4_msgs) StdoutLine: {'line': b'-- Up-to-date symlink: /home/giromi/Repos/VTOL/ws_sensor_combined_src/install/px4_msgs/include/px4_msgs/px4_msgs/msg/detail/estimator_innovations__struct.h\n'}
[15.668043] (px4_msgs) StdoutLine: {'line': b'-- Up-to-date symlink: /home/giromi/Repos/VTOL/ws_sensor_combined_src/install/px4_msgs/include/px4_msgs/px4_msgs/msg/detail/estimator_innovations__type_support.h\n'}
[15.668323] (px4_msgs) StdoutLine: {'line': b'-- Up-to-date symlink: /home/giromi/Repos/VTOL/ws_sensor_combined_src/install/px4_msgs/include/px4_msgs/px4_msgs/msg/detail/estimator_selector_status__functions.h\n'}
[15.668538] (px4_msgs) StdoutLine: {'line': b'-- Up-to-date symlink: /home/giromi/Repos/VTOL/ws_sensor_combined_src/install/px4_msgs/include/px4_msgs/px4_msgs/msg/detail/estimator_selector_status__struct.h\n'}
[15.668762] (px4_msgs) StdoutLine: {'line': b'-- Up-to-date symlink: /home/giromi/Repos/VTOL/ws_sensor_combined_src/install/px4_msgs/include/px4_msgs/px4_msgs/msg/detail/estimator_selector_status__type_support.h\n'}
[15.669052] (px4_msgs) StdoutLine: {'line': b'-- Up-to-date symlink: /home/giromi/Repos/VTOL/ws_sensor_combined_src/install/px4_msgs/include/px4_msgs/px4_msgs/msg/detail/estimator_sensor_bias__functions.h\n'}
[15.669289] (px4_msgs) StdoutLine: {'line': b'-- Up-to-date symlink: /home/giromi/Repos/VTOL/ws_sensor_combined_src/install/px4_msgs/include/px4_msgs/px4_msgs/msg/detail/estimator_sensor_bias__struct.h\n'}
[15.669542] (px4_msgs) StdoutLine: {'line': b'-- Up-to-date symlink: /home/giromi/Repos/VTOL/ws_sensor_combined_src/install/px4_msgs/include/px4_msgs/px4_msgs/msg/detail/estimator_sensor_bias__type_support.h\n'}
[15.669808] (px4_msgs) StdoutLine: {'line': b'-- Up-to-date symlink: /home/giromi/Repos/VTOL/ws_sensor_combined_src/install/px4_msgs/include/px4_msgs/px4_msgs/msg/detail/estimator_states__functions.h\n'}
[15.670019] (px4_msgs) StdoutLine: {'line': b'-- Up-to-date symlink: /home/giromi/Repos/VTOL/ws_sensor_combined_src/install/px4_msgs/include/px4_msgs/px4_msgs/msg/detail/estimator_states__struct.h\n'}
[15.670242] (px4_msgs) StdoutLine: {'line': b'-- Up-to-date symlink: /home/giromi/Repos/VTOL/ws_sensor_combined_src/install/px4_msgs/include/px4_msgs/px4_msgs/msg/detail/estimator_states__type_support.h\n'}
[15.670464] (px4_msgs) StdoutLine: {'line': b'-- Up-to-date symlink: /home/giromi/Repos/VTOL/ws_sensor_combined_src/install/px4_msgs/include/px4_msgs/px4_msgs/msg/detail/estimator_status__functions.h\n'}
[15.670734] (px4_msgs) StdoutLine: {'line': b'-- Up-to-date symlink: /home/giromi/Repos/VTOL/ws_sensor_combined_src/install/px4_msgs/include/px4_msgs/px4_msgs/msg/detail/estimator_status__struct.h\n'}
[15.670981] (px4_msgs) StdoutLine: {'line': b'-- Up-to-date symlink: /home/giromi/Repos/VTOL/ws_sensor_combined_src/install/px4_msgs/include/px4_msgs/px4_msgs/msg/detail/estimator_status__type_support.h\n'}
[15.671202] (px4_msgs) StdoutLine: {'line': b'-- Up-to-date symlink: /home/giromi/Repos/VTOL/ws_sensor_combined_src/install/px4_msgs/include/px4_msgs/px4_msgs/msg/detail/estimator_status_flags__functions.h\n'}
[15.671425] (px4_msgs) StdoutLine: {'line': b'-- Up-to-date symlink: /home/giromi/Repos/VTOL/ws_sensor_combined_src/install/px4_msgs/include/px4_msgs/px4_msgs/msg/detail/estimator_status_flags__struct.h\n'}
[15.671646] (px4_msgs) StdoutLine: {'line': b'-- Up-to-date symlink: /home/giromi/Repos/VTOL/ws_sensor_combined_src/install/px4_msgs/include/px4_msgs/px4_msgs/msg/detail/estimator_status_flags__type_support.h\n'}
[15.671870] (px4_msgs) StdoutLine: {'line': b'-- Up-to-date symlink: /home/giromi/Repos/VTOL/ws_sensor_combined_src/install/px4_msgs/include/px4_msgs/px4_msgs/msg/detail/event__functions.h\n'}
[15.672140] (px4_msgs) StdoutLine: {'line': b'-- Up-to-date symlink: /home/giromi/Repos/VTOL/ws_sensor_combined_src/install/px4_msgs/include/px4_msgs/px4_msgs/msg/detail/event__struct.h\n'}
[15.672400] (px4_msgs) StdoutLine: {'line': b'-- Up-to-date symlink: /home/giromi/Repos/VTOL/ws_sensor_combined_src/install/px4_msgs/include/px4_msgs/px4_msgs/msg/detail/event__type_support.h\n'}
[15.672637] (px4_msgs) StdoutLine: {'line': b'-- Up-to-date symlink: /home/giromi/Repos/VTOL/ws_sensor_combined_src/install/px4_msgs/include/px4_msgs/px4_msgs/msg/detail/failsafe_flags__functions.h\n'}
[15.672856] (px4_msgs) StdoutLine: {'line': b'-- Up-to-date symlink: /home/giromi/Repos/VTOL/ws_sensor_combined_src/install/px4_msgs/include/px4_msgs/px4_msgs/msg/detail/failsafe_flags__struct.h\n'}
[15.673163] (px4_msgs) StdoutLine: {'line': b'-- Up-to-date symlink: /home/giromi/Repos/VTOL/ws_sensor_combined_src/install/px4_msgs/include/px4_msgs/px4_msgs/msg/detail/failsafe_flags__type_support.h\n'}
[15.673418] (px4_msgs) StdoutLine: {'line': b'-- Up-to-date symlink: /home/giromi/Repos/VTOL/ws_sensor_combined_src/install/px4_msgs/include/px4_msgs/px4_msgs/msg/detail/failure_detector_status__functions.h\n'}
[15.673675] (px4_msgs) StdoutLine: {'line': b'-- Up-to-date symlink: /home/giromi/Repos/VTOL/ws_sensor_combined_src/install/px4_msgs/include/px4_msgs/px4_msgs/msg/detail/failure_detector_status__struct.h\n'}
[15.673929] (px4_msgs) StdoutLine: {'line': b'-- Up-to-date symlink: /home/giromi/Repos/VTOL/ws_sensor_combined_src/install/px4_msgs/include/px4_msgs/px4_msgs/msg/detail/failure_detector_status__type_support.h\n'}
[15.674204] (px4_msgs) StdoutLine: {'line': b'-- Up-to-date symlink: /home/giromi/Repos/VTOL/ws_sensor_combined_src/install/px4_msgs/include/px4_msgs/px4_msgs/msg/detail/figure_eight_status__functions.h\n'}
[15.674473] (px4_msgs) StdoutLine: {'line': b'-- Up-to-date symlink: /home/giromi/Repos/VTOL/ws_sensor_combined_src/install/px4_msgs/include/px4_msgs/px4_msgs/msg/detail/figure_eight_status__struct.h\n'}
[15.674681] (px4_msgs) StdoutLine: {'line': b'-- Up-to-date symlink: /home/giromi/Repos/VTOL/ws_sensor_combined_src/install/px4_msgs/include/px4_msgs/px4_msgs/msg/detail/figure_eight_status__type_support.h\n'}
[15.674907] (px4_msgs) StdoutLine: {'line': b'-- Up-to-date symlink: /home/giromi/Repos/VTOL/ws_sensor_combined_src/install/px4_msgs/include/px4_msgs/px4_msgs/msg/detail/follow_target__functions.h\n'}
[15.675174] (px4_msgs) StdoutLine: {'line': b'-- Up-to-date symlink: /home/giromi/Repos/VTOL/ws_sensor_combined_src/install/px4_msgs/include/px4_msgs/px4_msgs/msg/detail/follow_target__struct.h\n'}
[15.675430] (px4_msgs) StdoutLine: {'line': b'-- Up-to-date symlink: /home/giromi/Repos/VTOL/ws_sensor_combined_src/install/px4_msgs/include/px4_msgs/px4_msgs/msg/detail/follow_target__type_support.h\n'}
[15.675684] (px4_msgs) StdoutLine: {'line': b'-- Up-to-date symlink: /home/giromi/Repos/VTOL/ws_sensor_combined_src/install/px4_msgs/include/px4_msgs/px4_msgs/msg/detail/follow_target_estimator__functions.h\n'}
[15.675941] (px4_msgs) StdoutLine: {'line': b'-- Up-to-date symlink: /home/giromi/Repos/VTOL/ws_sensor_combined_src/install/px4_msgs/include/px4_msgs/px4_msgs/msg/detail/follow_target_estimator__struct.h\n'}
[15.676198] (px4_msgs) StdoutLine: {'line': b'-- Up-to-date symlink: /home/giromi/Repos/VTOL/ws_sensor_combined_src/install/px4_msgs/include/px4_msgs/px4_msgs/msg/detail/follow_target_estimator__type_support.h\n'}
[15.676454] (px4_msgs) StdoutLine: {'line': b'-- Up-to-date symlink: /home/giromi/Repos/VTOL/ws_sensor_combined_src/install/px4_msgs/include/px4_msgs/px4_msgs/msg/detail/follow_target_status__functions.h\n'}
[15.676668] (px4_msgs) StdoutLine: {'line': b'-- Up-to-date symlink: /home/giromi/Repos/VTOL/ws_sensor_combined_src/install/px4_msgs/include/px4_msgs/px4_msgs/msg/detail/follow_target_status__struct.h\n'}
[15.676895] (px4_msgs) StdoutLine: {'line': b'-- Up-to-date symlink: /home/giromi/Repos/VTOL/ws_sensor_combined_src/install/px4_msgs/include/px4_msgs/px4_msgs/msg/detail/follow_target_status__type_support.h\n'}
[15.677165] (px4_msgs) StdoutLine: {'line': b'-- Up-to-date symlink: /home/giromi/Repos/VTOL/ws_sensor_combined_src/install/px4_msgs/include/px4_msgs/px4_msgs/msg/detail/generator_status__functions.h\n'}
[15.677498] (px4_msgs) StdoutLine: {'line': b'-- Up-to-date symlink: /home/giromi/Repos/VTOL/ws_sensor_combined_src/install/px4_msgs/include/px4_msgs/px4_msgs/msg/detail/generator_status__struct.h\n'}
[15.677783] (px4_msgs) StdoutLine: {'line': b'-- Up-to-date symlink: /home/giromi/Repos/VTOL/ws_sensor_combined_src/install/px4_msgs/include/px4_msgs/px4_msgs/msg/detail/generator_status__type_support.h\n'}
[15.678065] (px4_msgs) StdoutLine: {'line': b'-- Up-to-date symlink: /home/giromi/Repos/VTOL/ws_sensor_combined_src/install/px4_msgs/include/px4_msgs/px4_msgs/msg/detail/geofence_result__functions.h\n'}
[15.678293] (px4_msgs) StdoutLine: {'line': b'-- Up-to-date symlink: /home/giromi/Repos/VTOL/ws_sensor_combined_src/install/px4_msgs/include/px4_msgs/px4_msgs/msg/detail/geofence_result__struct.h\n'}
[15.678517] (px4_msgs) StdoutLine: {'line': b'-- Up-to-date symlink: /home/giromi/Repos/VTOL/ws_sensor_combined_src/install/px4_msgs/include/px4_msgs/px4_msgs/msg/detail/geofence_result__type_support.h\n'}
[15.678742] (px4_msgs) StdoutLine: {'line': b'-- Up-to-date symlink: /home/giromi/Repos/VTOL/ws_sensor_combined_src/install/px4_msgs/include/px4_msgs/px4_msgs/msg/detail/gimbal_controls__functions.h\n'}
[15.678966] (px4_msgs) StdoutLine: {'line': b'-- Up-to-date symlink: /home/giromi/Repos/VTOL/ws_sensor_combined_src/install/px4_msgs/include/px4_msgs/px4_msgs/msg/detail/gimbal_controls__struct.h\n'}
[15.679191] (px4_msgs) StdoutLine: {'line': b'-- Up-to-date symlink: /home/giromi/Repos/VTOL/ws_sensor_combined_src/install/px4_msgs/include/px4_msgs/px4_msgs/msg/detail/gimbal_controls__type_support.h\n'}
[15.679415] (px4_msgs) StdoutLine: {'line': b'-- Up-to-date symlink: /home/giromi/Repos/VTOL/ws_sensor_combined_src/install/px4_msgs/include/px4_msgs/px4_msgs/msg/detail/gimbal_device_attitude_status__functions.h\n'}
[15.679638] (px4_msgs) StdoutLine: {'line': b'-- Up-to-date symlink: /home/giromi/Repos/VTOL/ws_sensor_combined_src/install/px4_msgs/include/px4_msgs/px4_msgs/msg/detail/gimbal_device_attitude_status__struct.h\n'}
[15.679876] (px4_msgs) StdoutLine: {'line': b'-- Up-to-date symlink: /home/giromi/Repos/VTOL/ws_sensor_combined_src/install/px4_msgs/include/px4_msgs/px4_msgs/msg/detail/gimbal_device_attitude_status__type_support.h\n'}
[15.680087] (px4_msgs) StdoutLine: {'line': b'-- Up-to-date symlink: /home/giromi/Repos/VTOL/ws_sensor_combined_src/install/px4_msgs/include/px4_msgs/px4_msgs/msg/detail/gimbal_device_information__functions.h\n'}
[15.680310] (px4_msgs) StdoutLine: {'line': b'-- Up-to-date symlink: /home/giromi/Repos/VTOL/ws_sensor_combined_src/install/px4_msgs/include/px4_msgs/px4_msgs/msg/detail/gimbal_device_information__struct.h\n'}
[15.680534] (px4_msgs) StdoutLine: {'line': b'-- Up-to-date symlink: /home/giromi/Repos/VTOL/ws_sensor_combined_src/install/px4_msgs/include/px4_msgs/px4_msgs/msg/detail/gimbal_device_information__type_support.h\n'}
[15.680772] (px4_msgs) StdoutLine: {'line': b'-- Up-to-date symlink: /home/giromi/Repos/VTOL/ws_sensor_combined_src/install/px4_msgs/include/px4_msgs/px4_msgs/msg/detail/gimbal_device_set_attitude__functions.h\n'}
[15.681079] (px4_msgs) StdoutLine: {'line': b'-- Up-to-date symlink: /home/giromi/Repos/VTOL/ws_sensor_combined_src/install/px4_msgs/include/px4_msgs/px4_msgs/msg/detail/gimbal_device_set_attitude__struct.h\n'}
[15.681325] (px4_msgs) StdoutLine: {'line': b'-- Up-to-date symlink: /home/giromi/Repos/VTOL/ws_sensor_combined_src/install/px4_msgs/include/px4_msgs/px4_msgs/msg/detail/gimbal_device_set_attitude__type_support.h\n'}
[15.681578] (px4_msgs) StdoutLine: {'line': b'-- Up-to-date symlink: /home/giromi/Repos/VTOL/ws_sensor_combined_src/install/px4_msgs/include/px4_msgs/px4_msgs/msg/detail/gimbal_manager_information__functions.h\n'}
[15.681833] (px4_msgs) StdoutLine: {'line': b'-- Up-to-date symlink: /home/giromi/Repos/VTOL/ws_sensor_combined_src/install/px4_msgs/include/px4_msgs/px4_msgs/msg/detail/gimbal_manager_information__struct.h\n'}
[15.682040] (px4_msgs) StdoutLine: {'line': b'-- Up-to-date symlink: /home/giromi/Repos/VTOL/ws_sensor_combined_src/install/px4_msgs/include/px4_msgs/px4_msgs/msg/detail/gimbal_manager_information__type_support.h\n'}
[15.682305] (px4_msgs) StdoutLine: {'line': b'-- Up-to-date symlink: /home/giromi/Repos/VTOL/ws_sensor_combined_src/install/px4_msgs/include/px4_msgs/px4_msgs/msg/detail/gimbal_manager_set_attitude__functions.h\n'}
[15.682519] (px4_msgs) StdoutLine: {'line': b'-- Up-to-date symlink: /home/giromi/Repos/VTOL/ws_sensor_combined_src/install/px4_msgs/include/px4_msgs/px4_msgs/msg/detail/gimbal_manager_set_attitude__struct.h\n'}
[15.682785] (px4_msgs) StdoutLine: {'line': b'-- Up-to-date symlink: /home/giromi/Repos/VTOL/ws_sensor_combined_src/install/px4_msgs/include/px4_msgs/px4_msgs/msg/detail/gimbal_manager_set_attitude__type_support.h\n'}
[15.683044] (px4_msgs) StdoutLine: {'line': b'-- Up-to-date symlink: /home/giromi/Repos/VTOL/ws_sensor_combined_src/install/px4_msgs/include/px4_msgs/px4_msgs/msg/detail/gimbal_manager_set_manual_control__functions.h\n'}
[15.683301] (px4_msgs) StdoutLine: {'line': b'-- Up-to-date symlink: /home/giromi/Repos/VTOL/ws_sensor_combined_src/install/px4_msgs/include/px4_msgs/px4_msgs/msg/detail/gimbal_manager_set_manual_control__struct.h\n'}
[15.683556] (px4_msgs) StdoutLine: {'line': b'-- Up-to-date symlink: /home/giromi/Repos/VTOL/ws_sensor_combined_src/install/px4_msgs/include/px4_msgs/px4_msgs/msg/detail/gimbal_manager_set_manual_control__type_support.h\n'}
[15.683810] (px4_msgs) StdoutLine: {'line': b'-- Up-to-date symlink: /home/giromi/Repos/VTOL/ws_sensor_combined_src/install/px4_msgs/include/px4_msgs/px4_msgs/msg/detail/gimbal_manager_status__functions.h\n'}
[15.684026] (px4_msgs) StdoutLine: {'line': b'-- Up-to-date symlink: /home/giromi/Repos/VTOL/ws_sensor_combined_src/install/px4_msgs/include/px4_msgs/px4_msgs/msg/detail/gimbal_manager_status__struct.h\n'}
[15.684313] (px4_msgs) StdoutLine: {'line': b'-- Up-to-date symlink: /home/giromi/Repos/VTOL/ws_sensor_combined_src/install/px4_msgs/include/px4_msgs/px4_msgs/msg/detail/gimbal_manager_status__type_support.h\n'}
[15.684538] (px4_msgs) StdoutLine: {'line': b'-- Up-to-date symlink: /home/giromi/Repos/VTOL/ws_sensor_combined_src/install/px4_msgs/include/px4_msgs/px4_msgs/msg/detail/goto_setpoint__functions.h\n'}
[15.684809] (px4_msgs) StdoutLine: {'line': b'-- Up-to-date symlink: /home/giromi/Repos/VTOL/ws_sensor_combined_src/install/px4_msgs/include/px4_msgs/px4_msgs/msg/detail/goto_setpoint__struct.h\n'}
[15.685112] (px4_msgs) StdoutLine: {'line': b'-- Up-to-date symlink: /home/giromi/Repos/VTOL/ws_sensor_combined_src/install/px4_msgs/include/px4_msgs/px4_msgs/msg/detail/goto_setpoint__type_support.h\n'}
[15.688115] (px4_msgs) StdoutLine: {'line': b'-- Up-to-date symlink: /home/giromi/Repos/VTOL/ws_sensor_combined_src/install/px4_msgs/include/px4_msgs/px4_msgs/msg/detail/gpio_config__functions.h\n'}
[15.688472] (px4_msgs) StdoutLine: {'line': b'-- Up-to-date symlink: /home/giromi/Repos/VTOL/ws_sensor_combined_src/install/px4_msgs/include/px4_msgs/px4_msgs/msg/detail/gpio_config__struct.h\n'}
[15.688796] (px4_msgs) StdoutLine: {'line': b'-- Up-to-date symlink: /home/giromi/Repos/VTOL/ws_sensor_combined_src/install/px4_msgs/include/px4_msgs/px4_msgs/msg/detail/gpio_config__type_support.h\n'}
[15.689260] (px4_msgs) StdoutLine: {'line': b'-- Up-to-date symlink: /home/giromi/Repos/VTOL/ws_sensor_combined_src/install/px4_msgs/include/px4_msgs/px4_msgs/msg/detail/gpio_in__functions.h\n'}
[15.689676] (px4_msgs) StdoutLine: {'line': b'-- Up-to-date symlink: /home/giromi/Repos/VTOL/ws_sensor_combined_src/install/px4_msgs/include/px4_msgs/px4_msgs/msg/detail/gpio_in__struct.h\n'}
[15.689944] (px4_msgs) StdoutLine: {'line': b'-- Up-to-date symlink: /home/giromi/Repos/VTOL/ws_sensor_combined_src/install/px4_msgs/include/px4_msgs/px4_msgs/msg/detail/gpio_in__type_support.h\n'}
[15.690242] (px4_msgs) StdoutLine: {'line': b'-- Up-to-date symlink: /home/giromi/Repos/VTOL/ws_sensor_combined_src/install/px4_msgs/include/px4_msgs/px4_msgs/msg/detail/gpio_out__functions.h\n'}
[15.690551] (px4_msgs) StdoutLine: {'line': b'-- Up-to-date symlink: /home/giromi/Repos/VTOL/ws_sensor_combined_src/install/px4_msgs/include/px4_msgs/px4_msgs/msg/detail/gpio_out__struct.h\n'}
[15.690843] (px4_msgs) StdoutLine: {'line': b'-- Up-to-date symlink: /home/giromi/Repos/VTOL/ws_sensor_combined_src/install/px4_msgs/include/px4_msgs/px4_msgs/msg/detail/gpio_out__type_support.h\n'}
[15.691120] (px4_msgs) StdoutLine: {'line': b'-- Up-to-date symlink: /home/giromi/Repos/VTOL/ws_sensor_combined_src/install/px4_msgs/include/px4_msgs/px4_msgs/msg/detail/gpio_request__functions.h\n'}
[15.691372] (px4_msgs) StdoutLine: {'line': b'-- Up-to-date symlink: /home/giromi/Repos/VTOL/ws_sensor_combined_src/install/px4_msgs/include/px4_msgs/px4_msgs/msg/detail/gpio_request__struct.h\n'}
[15.691668] (px4_msgs) StdoutLine: {'line': b'-- Up-to-date symlink: /home/giromi/Repos/VTOL/ws_sensor_combined_src/install/px4_msgs/include/px4_msgs/px4_msgs/msg/detail/gpio_request__type_support.h\n'}
[15.691992] (px4_msgs) StdoutLine: {'line': b'-- Up-to-date symlink: /home/giromi/Repos/VTOL/ws_sensor_combined_src/install/px4_msgs/include/px4_msgs/px4_msgs/msg/detail/gps_dump__functions.h\n'}
[15.692328] (px4_msgs) StdoutLine: {'line': b'-- Up-to-date symlink: /home/giromi/Repos/VTOL/ws_sensor_combined_src/install/px4_msgs/include/px4_msgs/px4_msgs/msg/detail/gps_dump__struct.h\n'}
[15.692659] (px4_msgs) StdoutLine: {'line': b'-- Up-to-date symlink: /home/giromi/Repos/VTOL/ws_sensor_combined_src/install/px4_msgs/include/px4_msgs/px4_msgs/msg/detail/gps_dump__type_support.h\n'}
[15.692985] (px4_msgs) StdoutLine: {'line': b'-- Up-to-date symlink: /home/giromi/Repos/VTOL/ws_sensor_combined_src/install/px4_msgs/include/px4_msgs/px4_msgs/msg/detail/gps_inject_data__functions.h\n'}
[15.693263] (px4_msgs) StdoutLine: {'line': b'-- Up-to-date symlink: /home/giromi/Repos/VTOL/ws_sensor_combined_src/install/px4_msgs/include/px4_msgs/px4_msgs/msg/detail/gps_inject_data__struct.h\n'}
[15.693514] (px4_msgs) StdoutLine: {'line': b'-- Up-to-date symlink: /home/giromi/Repos/VTOL/ws_sensor_combined_src/install/px4_msgs/include/px4_msgs/px4_msgs/msg/detail/gps_inject_data__type_support.h\n'}
[15.693769] (px4_msgs) StdoutLine: {'line': b'-- Up-to-date symlink: /home/giromi/Repos/VTOL/ws_sensor_combined_src/install/px4_msgs/include/px4_msgs/px4_msgs/msg/detail/gripper__functions.h\n'}
[15.694025] (px4_msgs) StdoutLine: {'line': b'-- Up-to-date symlink: /home/giromi/Repos/VTOL/ws_sensor_combined_src/install/px4_msgs/include/px4_msgs/px4_msgs/msg/detail/gripper__struct.h\n'}
[15.694279] (px4_msgs) StdoutLine: {'line': b'-- Up-to-date symlink: /home/giromi/Repos/VTOL/ws_sensor_combined_src/install/px4_msgs/include/px4_msgs/px4_msgs/msg/detail/gripper__type_support.h\n'}
[15.694536] (px4_msgs) StdoutLine: {'line': b'-- Up-to-date symlink: /home/giromi/Repos/VTOL/ws_sensor_combined_src/install/px4_msgs/include/px4_msgs/px4_msgs/msg/detail/health_report__functions.h\n'}
[15.694821] (px4_msgs) StdoutLine: {'line': b'-- Up-to-date symlink: /home/giromi/Repos/VTOL/ws_sensor_combined_src/install/px4_msgs/include/px4_msgs/px4_msgs/msg/detail/health_report__struct.h\n'}
[15.695111] (px4_msgs) StdoutLine: {'line': b'-- Up-to-date symlink: /home/giromi/Repos/VTOL/ws_sensor_combined_src/install/px4_msgs/include/px4_msgs/px4_msgs/msg/detail/health_report__type_support.h\n'}
[15.695395] (px4_msgs) StdoutLine: {'line': b'-- Up-to-date symlink: /home/giromi/Repos/VTOL/ws_sensor_combined_src/install/px4_msgs/include/px4_msgs/px4_msgs/msg/detail/heater_status__functions.h\n'}
[15.695683] (px4_msgs) StdoutLine: {'line': b'-- Up-to-date symlink: /home/giromi/Repos/VTOL/ws_sensor_combined_src/install/px4_msgs/include/px4_msgs/px4_msgs/msg/detail/heater_status__struct.h\n'}
[15.695999] (px4_msgs) StdoutLine: {'line': b'-- Up-to-date symlink: /home/giromi/Repos/VTOL/ws_sensor_combined_src/install/px4_msgs/include/px4_msgs/px4_msgs/msg/detail/heater_status__type_support.h\n'}
[15.696288] (px4_msgs) StdoutLine: {'line': b'-- Up-to-date symlink: /home/giromi/Repos/VTOL/ws_sensor_combined_src/install/px4_msgs/include/px4_msgs/px4_msgs/msg/detail/home_position__functions.h\n'}
[15.696576] (px4_msgs) StdoutLine: {'line': b'-- Up-to-date symlink: /home/giromi/Repos/VTOL/ws_sensor_combined_src/install/px4_msgs/include/px4_msgs/px4_msgs/msg/detail/home_position__struct.h\n'}
[15.696862] (px4_msgs) StdoutLine: {'line': b'-- Up-to-date symlink: /home/giromi/Repos/VTOL/ws_sensor_combined_src/install/px4_msgs/include/px4_msgs/px4_msgs/msg/detail/home_position__type_support.h\n'}
[15.697227] (px4_msgs) StdoutLine: {'line': b'-- Up-to-date symlink: /home/giromi/Repos/VTOL/ws_sensor_combined_src/install/px4_msgs/include/px4_msgs/px4_msgs/msg/detail/hover_thrust_estimate__functions.h\n'}
[15.697592] (px4_msgs) StdoutLine: {'line': b'-- Up-to-date symlink: /home/giromi/Repos/VTOL/ws_sensor_combined_src/install/px4_msgs/include/px4_msgs/px4_msgs/msg/detail/hover_thrust_estimate__struct.h\n'}
[15.697982] (px4_msgs) StdoutLine: {'line': b'-- Up-to-date symlink: /home/giromi/Repos/VTOL/ws_sensor_combined_src/install/px4_msgs/include/px4_msgs/px4_msgs/msg/detail/hover_thrust_estimate__type_support.h\n'}
[15.698264] (px4_msgs) StdoutLine: {'line': b'-- Up-to-date symlink: /home/giromi/Repos/VTOL/ws_sensor_combined_src/install/px4_msgs/include/px4_msgs/px4_msgs/msg/detail/input_rc__functions.h\n'}
[15.698579] (px4_msgs) StdoutLine: {'line': b'-- Up-to-date symlink: /home/giromi/Repos/VTOL/ws_sensor_combined_src/install/px4_msgs/include/px4_msgs/px4_msgs/msg/detail/input_rc__struct.h\n'}
[15.698905] (px4_msgs) StdoutLine: {'line': b'-- Up-to-date symlink: /home/giromi/Repos/VTOL/ws_sensor_combined_src/install/px4_msgs/include/px4_msgs/px4_msgs/msg/detail/input_rc__type_support.h\n'}
[15.699228] (px4_msgs) StdoutLine: {'line': b'-- Up-to-date symlink: /home/giromi/Repos/VTOL/ws_sensor_combined_src/install/px4_msgs/include/px4_msgs/px4_msgs/msg/detail/internal_combustion_engine_status__functions.h\n'}
[15.699548] (px4_msgs) StdoutLine: {'line': b'-- Up-to-date symlink: /home/giromi/Repos/VTOL/ws_sensor_combined_src/install/px4_msgs/include/px4_msgs/px4_msgs/msg/detail/internal_combustion_engine_status__struct.h\n'}
[15.699898] (px4_msgs) StdoutLine: {'line': b'-- Up-to-date symlink: /home/giromi/Repos/VTOL/ws_sensor_combined_src/install/px4_msgs/include/px4_msgs/px4_msgs/msg/detail/internal_combustion_engine_status__type_support.h\n'}
[15.700245] (px4_msgs) StdoutLine: {'line': b'-- Up-to-date symlink: /home/giromi/Repos/VTOL/ws_sensor_combined_src/install/px4_msgs/include/px4_msgs/px4_msgs/msg/detail/iridiumsbd_status__functions.h\n'}
[15.700600] (px4_msgs) StdoutLine: {'line': b'-- Up-to-date symlink: /home/giromi/Repos/VTOL/ws_sensor_combined_src/install/px4_msgs/include/px4_msgs/px4_msgs/msg/detail/iridiumsbd_status__struct.h\n'}
[15.701000] (px4_msgs) StdoutLine: {'line': b'-- Up-to-date symlink: /home/giromi/Repos/VTOL/ws_sensor_combined_src/install/px4_msgs/include/px4_msgs/px4_msgs/msg/detail/iridiumsbd_status__type_support.h\n'}
[15.701388] (px4_msgs) StdoutLine: {'line': b'-- Up-to-date symlink: /home/giromi/Repos/VTOL/ws_sensor_combined_src/install/px4_msgs/include/px4_msgs/px4_msgs/msg/detail/irlock_report__functions.h\n'}
[15.701827] (px4_msgs) StdoutLine: {'line': b'-- Up-to-date symlink: /home/giromi/Repos/VTOL/ws_sensor_combined_src/install/px4_msgs/include/px4_msgs/px4_msgs/msg/detail/irlock_report__struct.h\n'}
[15.702216] (px4_msgs) StdoutLine: {'line': b'-- Up-to-date symlink: /home/giromi/Repos/VTOL/ws_sensor_combined_src/install/px4_msgs/include/px4_msgs/px4_msgs/msg/detail/irlock_report__type_support.h\n'}
[15.702605] (px4_msgs) StdoutLine: {'line': b'-- Up-to-date symlink: /home/giromi/Repos/VTOL/ws_sensor_combined_src/install/px4_msgs/include/px4_msgs/px4_msgs/msg/detail/landing_gear__functions.h\n'}
[15.702984] (px4_msgs) StdoutLine: {'line': b'-- Up-to-date symlink: /home/giromi/Repos/VTOL/ws_sensor_combined_src/install/px4_msgs/include/px4_msgs/px4_msgs/msg/detail/landing_gear__struct.h\n'}
[15.703336] (px4_msgs) StdoutLine: {'line': b'-- Up-to-date symlink: /home/giromi/Repos/VTOL/ws_sensor_combined_src/install/px4_msgs/include/px4_msgs/px4_msgs/msg/detail/landing_gear__type_support.h\n'}
[15.703620] (px4_msgs) StdoutLine: {'line': b'-- Up-to-date symlink: /home/giromi/Repos/VTOL/ws_sensor_combined_src/install/px4_msgs/include/px4_msgs/px4_msgs/msg/detail/landing_gear_wheel__functions.h\n'}
[15.703944] (px4_msgs) StdoutLine: {'line': b'-- Up-to-date symlink: /home/giromi/Repos/VTOL/ws_sensor_combined_src/install/px4_msgs/include/px4_msgs/px4_msgs/msg/detail/landing_gear_wheel__struct.h\n'}
[15.704233] (px4_msgs) StdoutLine: {'line': b'-- Up-to-date symlink: /home/giromi/Repos/VTOL/ws_sensor_combined_src/install/px4_msgs/include/px4_msgs/px4_msgs/msg/detail/landing_gear_wheel__type_support.h\n'}
[15.704499] (px4_msgs) StdoutLine: {'line': b'-- Up-to-date symlink: /home/giromi/Repos/VTOL/ws_sensor_combined_src/install/px4_msgs/include/px4_msgs/px4_msgs/msg/detail/landing_target_innovations__functions.h\n'}
[15.704769] (px4_msgs) StdoutLine: {'line': b'-- Up-to-date symlink: /home/giromi/Repos/VTOL/ws_sensor_combined_src/install/px4_msgs/include/px4_msgs/px4_msgs/msg/detail/landing_target_innovations__struct.h\n'}
[15.705138] (px4_msgs) StdoutLine: {'line': b'-- Up-to-date symlink: /home/giromi/Repos/VTOL/ws_sensor_combined_src/install/px4_msgs/include/px4_msgs/px4_msgs/msg/detail/landing_target_innovations__type_support.h\n'}
[15.705357] (px4_msgs) StdoutLine: {'line': b'-- Up-to-date symlink: /home/giromi/Repos/VTOL/ws_sensor_combined_src/install/px4_msgs/include/px4_msgs/px4_msgs/msg/detail/landing_target_pose__functions.h\n'}
[15.705599] (px4_msgs) StdoutLine: {'line': b'-- Up-to-date symlink: /home/giromi/Repos/VTOL/ws_sensor_combined_src/install/px4_msgs/include/px4_msgs/px4_msgs/msg/detail/landing_target_pose__struct.h\n'}
[15.705836] (px4_msgs) StdoutLine: {'line': b'-- Up-to-date symlink: /home/giromi/Repos/VTOL/ws_sensor_combined_src/install/px4_msgs/include/px4_msgs/px4_msgs/msg/detail/landing_target_pose__type_support.h\n'}
[15.706104] (px4_msgs) StdoutLine: {'line': b'-- Up-to-date symlink: /home/giromi/Repos/VTOL/ws_sensor_combined_src/install/px4_msgs/include/px4_msgs/px4_msgs/msg/detail/launch_detection_status__functions.h\n'}
[15.706386] (px4_msgs) StdoutLine: {'line': b'-- Up-to-date symlink: /home/giromi/Repos/VTOL/ws_sensor_combined_src/install/px4_msgs/include/px4_msgs/px4_msgs/msg/detail/launch_detection_status__struct.h\n'}
[15.706641] (px4_msgs) StdoutLine: {'line': b'-- Up-to-date symlink: /home/giromi/Repos/VTOL/ws_sensor_combined_src/install/px4_msgs/include/px4_msgs/px4_msgs/msg/detail/launch_detection_status__type_support.h\n'}
[15.706907] (px4_msgs) StdoutLine: {'line': b'-- Up-to-date symlink: /home/giromi/Repos/VTOL/ws_sensor_combined_src/install/px4_msgs/include/px4_msgs/px4_msgs/msg/detail/led_control__functions.h\n'}
[15.707205] (px4_msgs) StdoutLine: {'line': b'-- Up-to-date symlink: /home/giromi/Repos/VTOL/ws_sensor_combined_src/install/px4_msgs/include/px4_msgs/px4_msgs/msg/detail/led_control__struct.h\n'}
[15.707516] (px4_msgs) StdoutLine: {'line': b'-- Up-to-date symlink: /home/giromi/Repos/VTOL/ws_sensor_combined_src/install/px4_msgs/include/px4_msgs/px4_msgs/msg/detail/led_control__type_support.h\n'}
[15.707823] (px4_msgs) StdoutLine: {'line': b'-- Up-to-date symlink: /home/giromi/Repos/VTOL/ws_sensor_combined_src/install/px4_msgs/include/px4_msgs/px4_msgs/msg/detail/log_message__functions.h\n'}
[15.708167] (px4_msgs) StdoutLine: {'line': b'-- Up-to-date symlink: /home/giromi/Repos/VTOL/ws_sensor_combined_src/install/px4_msgs/include/px4_msgs/px4_msgs/msg/detail/log_message__struct.h\n'}
[15.708488] (px4_msgs) StdoutLine: {'line': b'-- Up-to-date symlink: /home/giromi/Repos/VTOL/ws_sensor_combined_src/install/px4_msgs/include/px4_msgs/px4_msgs/msg/detail/log_message__type_support.h\n'}
[15.708748] (px4_msgs) StdoutLine: {'line': b'-- Up-to-date symlink: /home/giromi/Repos/VTOL/ws_sensor_combined_src/install/px4_msgs/include/px4_msgs/px4_msgs/msg/detail/logger_status__functions.h\n'}
[15.709104] (px4_msgs) StdoutLine: {'line': b'-- Up-to-date symlink: /home/giromi/Repos/VTOL/ws_sensor_combined_src/install/px4_msgs/include/px4_msgs/px4_msgs/msg/detail/logger_status__struct.h\n'}
[15.709370] (px4_msgs) StdoutLine: {'line': b'-- Up-to-date symlink: /home/giromi/Repos/VTOL/ws_sensor_combined_src/install/px4_msgs/include/px4_msgs/px4_msgs/msg/detail/logger_status__type_support.h\n'}
[15.709636] (px4_msgs) StdoutLine: {'line': b'-- Up-to-date symlink: /home/giromi/Repos/VTOL/ws_sensor_combined_src/install/px4_msgs/include/px4_msgs/px4_msgs/msg/detail/mag_worker_data__functions.h\n'}
[15.709918] (px4_msgs) StdoutLine: {'line': b'-- Up-to-date symlink: /home/giromi/Repos/VTOL/ws_sensor_combined_src/install/px4_msgs/include/px4_msgs/px4_msgs/msg/detail/mag_worker_data__struct.h\n'}
[15.710139] (px4_msgs) StdoutLine: {'line': b'-- Up-to-date symlink: /home/giromi/Repos/VTOL/ws_sensor_combined_src/install/px4_msgs/include/px4_msgs/px4_msgs/msg/detail/mag_worker_data__type_support.h\n'}
[15.710378] (px4_msgs) StdoutLine: {'line': b'-- Up-to-date symlink: /home/giromi/Repos/VTOL/ws_sensor_combined_src/install/px4_msgs/include/px4_msgs/px4_msgs/msg/detail/magnetometer_bias_estimate__functions.h\n'}
[15.710615] (px4_msgs) StdoutLine: {'line': b'-- Up-to-date symlink: /home/giromi/Repos/VTOL/ws_sensor_combined_src/install/px4_msgs/include/px4_msgs/px4_msgs/msg/detail/magnetometer_bias_estimate__struct.h\n'}
[15.710993] (px4_msgs) StdoutLine: {'line': b'-- Up-to-date symlink: /home/giromi/Repos/VTOL/ws_sensor_combined_src/install/px4_msgs/include/px4_msgs/px4_msgs/msg/detail/magnetometer_bias_estimate__type_support.h\n'}
[15.711328] (px4_msgs) StdoutLine: {'line': b'-- Up-to-date symlink: /home/giromi/Repos/VTOL/ws_sensor_combined_src/install/px4_msgs/include/px4_msgs/px4_msgs/msg/detail/manual_control_setpoint__functions.h\n'}
[15.711632] (px4_msgs) StdoutLine: {'line': b'-- Up-to-date symlink: /home/giromi/Repos/VTOL/ws_sensor_combined_src/install/px4_msgs/include/px4_msgs/px4_msgs/msg/detail/manual_control_setpoint__struct.h\n'}
[15.711953] (px4_msgs) StdoutLine: {'line': b'-- Up-to-date symlink: /home/giromi/Repos/VTOL/ws_sensor_combined_src/install/px4_msgs/include/px4_msgs/px4_msgs/msg/detail/manual_control_setpoint__type_support.h\n'}
[15.712239] (px4_msgs) StdoutLine: {'line': b'-- Up-to-date symlink: /home/giromi/Repos/VTOL/ws_sensor_combined_src/install/px4_msgs/include/px4_msgs/px4_msgs/msg/detail/manual_control_switches__functions.h\n'}
[15.712474] (px4_msgs) StdoutLine: {'line': b'-- Up-to-date symlink: /home/giromi/Repos/VTOL/ws_sensor_combined_src/install/px4_msgs/include/px4_msgs/px4_msgs/msg/detail/manual_control_switches__struct.h\n'}
[15.712715] (px4_msgs) StdoutLine: {'line': b'-- Up-to-date symlink: /home/giromi/Repos/VTOL/ws_sensor_combined_src/install/px4_msgs/include/px4_msgs/px4_msgs/msg/detail/manual_control_switches__type_support.h\n'}
[15.712999] (px4_msgs) StdoutLine: {'line': b'-- Up-to-date symlink: /home/giromi/Repos/VTOL/ws_sensor_combined_src/install/px4_msgs/include/px4_msgs/px4_msgs/msg/detail/mavlink_log__functions.h\n'}
[15.713283] (px4_msgs) StdoutLine: {'line': b'-- Up-to-date symlink: /home/giromi/Repos/VTOL/ws_sensor_combined_src/install/px4_msgs/include/px4_msgs/px4_msgs/msg/detail/mavlink_log__struct.h\n'}
[15.713562] (px4_msgs) StdoutLine: {'line': b'-- Up-to-date symlink: /home/giromi/Repos/VTOL/ws_sensor_combined_src/install/px4_msgs/include/px4_msgs/px4_msgs/msg/detail/mavlink_log__type_support.h\n'}
[15.713796] (px4_msgs) StdoutLine: {'line': b'-- Up-to-date symlink: /home/giromi/Repos/VTOL/ws_sensor_combined_src/install/px4_msgs/include/px4_msgs/px4_msgs/msg/detail/mavlink_tunnel__functions.h\n'}
[15.714031] (px4_msgs) StdoutLine: {'line': b'-- Up-to-date symlink: /home/giromi/Repos/VTOL/ws_sensor_combined_src/install/px4_msgs/include/px4_msgs/px4_msgs/msg/detail/mavlink_tunnel__struct.h\n'}
[15.714275] (px4_msgs) StdoutLine: {'line': b'-- Up-to-date symlink: /home/giromi/Repos/VTOL/ws_sensor_combined_src/install/px4_msgs/include/px4_msgs/px4_msgs/msg/detail/mavlink_tunnel__type_support.h\n'}
[15.714561] (px4_msgs) StdoutLine: {'line': b'-- Up-to-date symlink: /home/giromi/Repos/VTOL/ws_sensor_combined_src/install/px4_msgs/include/px4_msgs/px4_msgs/msg/detail/message_format_request__functions.h\n'}
[15.714848] (px4_msgs) StdoutLine: {'line': b'-- Up-to-date symlink: /home/giromi/Repos/VTOL/ws_sensor_combined_src/install/px4_msgs/include/px4_msgs/px4_msgs/msg/detail/message_format_request__struct.h\n'}
[15.715125] (px4_msgs) StdoutLine: {'line': b'-- Up-to-date symlink: /home/giromi/Repos/VTOL/ws_sensor_combined_src/install/px4_msgs/include/px4_msgs/px4_msgs/msg/detail/message_format_request__type_support.h\n'}
[15.715388] (px4_msgs) StdoutLine: {'line': b'-- Up-to-date symlink: /home/giromi/Repos/VTOL/ws_sensor_combined_src/install/px4_msgs/include/px4_msgs/px4_msgs/msg/detail/message_format_response__functions.h\n'}
[15.715670] (px4_msgs) StdoutLine: {'line': b'-- Up-to-date symlink: /home/giromi/Repos/VTOL/ws_sensor_combined_src/install/px4_msgs/include/px4_msgs/px4_msgs/msg/detail/message_format_response__struct.h\n'}
[15.715954] (px4_msgs) StdoutLine: {'line': b'-- Up-to-date symlink: /home/giromi/Repos/VTOL/ws_sensor_combined_src/install/px4_msgs/include/px4_msgs/px4_msgs/msg/detail/message_format_response__type_support.h\n'}
[15.716287] (px4_msgs) StdoutLine: {'line': b'-- Up-to-date symlink: /home/giromi/Repos/VTOL/ws_sensor_combined_src/install/px4_msgs/include/px4_msgs/px4_msgs/msg/detail/mission__functions.h\n'}
[15.716578] (px4_msgs) StdoutLine: {'line': b'-- Up-to-date symlink: /home/giromi/Repos/VTOL/ws_sensor_combined_src/install/px4_msgs/include/px4_msgs/px4_msgs/msg/detail/mission__struct.h\n'}
[15.716890] (px4_msgs) StdoutLine: {'line': b'-- Up-to-date symlink: /home/giromi/Repos/VTOL/ws_sensor_combined_src/install/px4_msgs/include/px4_msgs/px4_msgs/msg/detail/mission__type_support.h\n'}
[15.717177] (px4_msgs) StdoutLine: {'line': b'-- Up-to-date symlink: /home/giromi/Repos/VTOL/ws_sensor_combined_src/install/px4_msgs/include/px4_msgs/px4_msgs/msg/detail/mission_result__functions.h\n'}
[15.717450] (px4_msgs) StdoutLine: {'line': b'-- Up-to-date symlink: /home/giromi/Repos/VTOL/ws_sensor_combined_src/install/px4_msgs/include/px4_msgs/px4_msgs/msg/detail/mission_result__struct.h\n'}
[15.717679] (px4_msgs) StdoutLine: {'line': b'-- Up-to-date symlink: /home/giromi/Repos/VTOL/ws_sensor_combined_src/install/px4_msgs/include/px4_msgs/px4_msgs/msg/detail/mission_result__type_support.h\n'}
[15.717919] (px4_msgs) StdoutLine: {'line': b'-- Up-to-date symlink: /home/giromi/Repos/VTOL/ws_sensor_combined_src/install/px4_msgs/include/px4_msgs/px4_msgs/msg/detail/mode_completed__functions.h\n'}
[15.718152] (px4_msgs) StdoutLine: {'line': b'-- Up-to-date symlink: /home/giromi/Repos/VTOL/ws_sensor_combined_src/install/px4_msgs/include/px4_msgs/px4_msgs/msg/detail/mode_completed__struct.h\n'}
[15.718403] (px4_msgs) StdoutLine: {'line': b'-- Up-to-date symlink: /home/giromi/Repos/VTOL/ws_sensor_combined_src/install/px4_msgs/include/px4_msgs/px4_msgs/msg/detail/mode_completed__type_support.h\n'}
[15.718627] (px4_msgs) StdoutLine: {'line': b'-- Up-to-date symlink: /home/giromi/Repos/VTOL/ws_sensor_combined_src/install/px4_msgs/include/px4_msgs/px4_msgs/msg/detail/mount_orientation__functions.h\n'}
[15.718865] (px4_msgs) StdoutLine: {'line': b'-- Up-to-date symlink: /home/giromi/Repos/VTOL/ws_sensor_combined_src/install/px4_msgs/include/px4_msgs/px4_msgs/msg/detail/mount_orientation__struct.h\n'}
[15.719112] (px4_msgs) StdoutLine: {'line': b'-- Up-to-date symlink: /home/giromi/Repos/VTOL/ws_sensor_combined_src/install/px4_msgs/include/px4_msgs/px4_msgs/msg/detail/mount_orientation__type_support.h\n'}
[15.719407] (px4_msgs) StdoutLine: {'line': b'-- Up-to-date symlink: /home/giromi/Repos/VTOL/ws_sensor_combined_src/install/px4_msgs/include/px4_msgs/px4_msgs/msg/detail/navigator_mission_item__functions.h\n'}
[15.719709] (px4_msgs) StdoutLine: {'line': b'-- Up-to-date symlink: /home/giromi/Repos/VTOL/ws_sensor_combined_src/install/px4_msgs/include/px4_msgs/px4_msgs/msg/detail/navigator_mission_item__struct.h\n'}
[15.720028] (px4_msgs) StdoutLine: {'line': b'-- Up-to-date symlink: /home/giromi/Repos/VTOL/ws_sensor_combined_src/install/px4_msgs/include/px4_msgs/px4_msgs/msg/detail/navigator_mission_item__type_support.h\n'}
[15.720361] (px4_msgs) StdoutLine: {'line': b'-- Up-to-date symlink: /home/giromi/Repos/VTOL/ws_sensor_combined_src/install/px4_msgs/include/px4_msgs/px4_msgs/msg/detail/normalized_unsigned_setpoint__functions.h\n'}
[15.720662] (px4_msgs) StdoutLine: {'line': b'-- Up-to-date symlink: /home/giromi/Repos/VTOL/ws_sensor_combined_src/install/px4_msgs/include/px4_msgs/px4_msgs/msg/detail/normalized_unsigned_setpoint__struct.h\n'}
[15.720924] (px4_msgs) StdoutLine: {'line': b'-- Up-to-date symlink: /home/giromi/Repos/VTOL/ws_sensor_combined_src/install/px4_msgs/include/px4_msgs/px4_msgs/msg/detail/normalized_unsigned_setpoint__type_support.h\n'}
[15.721257] (px4_msgs) StdoutLine: {'line': b'-- Up-to-date symlink: /home/giromi/Repos/VTOL/ws_sensor_combined_src/install/px4_msgs/include/px4_msgs/px4_msgs/msg/detail/npfg_status__functions.h\n'}
[15.721582] (px4_msgs) StdoutLine: {'line': b'-- Up-to-date symlink: /home/giromi/Repos/VTOL/ws_sensor_combined_src/install/px4_msgs/include/px4_msgs/px4_msgs/msg/detail/npfg_status__struct.h\n'}
[15.721883] (px4_msgs) StdoutLine: {'line': b'-- Up-to-date symlink: /home/giromi/Repos/VTOL/ws_sensor_combined_src/install/px4_msgs/include/px4_msgs/px4_msgs/msg/detail/npfg_status__type_support.h\n'}
[15.722173] (px4_msgs) StdoutLine: {'line': b'-- Up-to-date symlink: /home/giromi/Repos/VTOL/ws_sensor_combined_src/install/px4_msgs/include/px4_msgs/px4_msgs/msg/detail/obstacle_distance__functions.h\n'}
[15.722460] (px4_msgs) StdoutLine: {'line': b'-- Up-to-date symlink: /home/giromi/Repos/VTOL/ws_sensor_combined_src/install/px4_msgs/include/px4_msgs/px4_msgs/msg/detail/obstacle_distance__struct.h\n'}
[15.722741] (px4_msgs) StdoutLine: {'line': b'-- Up-to-date symlink: /home/giromi/Repos/VTOL/ws_sensor_combined_src/install/px4_msgs/include/px4_msgs/px4_msgs/msg/detail/obstacle_distance__type_support.h\n'}
[15.722963] (px4_msgs) StdoutLine: {'line': b'-- Up-to-date symlink: /home/giromi/Repos/VTOL/ws_sensor_combined_src/install/px4_msgs/include/px4_msgs/px4_msgs/msg/detail/offboard_control_mode__functions.h\n'}
[15.723230] (px4_msgs) StdoutLine: {'line': b'-- Up-to-date symlink: /home/giromi/Repos/VTOL/ws_sensor_combined_src/install/px4_msgs/include/px4_msgs/px4_msgs/msg/detail/offboard_control_mode__struct.h\n'}
[15.723579] (px4_msgs) StdoutLine: {'line': b'-- Up-to-date symlink: /home/giromi/Repos/VTOL/ws_sensor_combined_src/install/px4_msgs/include/px4_msgs/px4_msgs/msg/detail/offboard_control_mode__type_support.h\n'}
[15.723811] (px4_msgs) StdoutLine: {'line': b'-- Up-to-date symlink: /home/giromi/Repos/VTOL/ws_sensor_combined_src/install/px4_msgs/include/px4_msgs/px4_msgs/msg/detail/onboard_computer_status__functions.h\n'}
[15.724053] (px4_msgs) StdoutLine: {'line': b'-- Up-to-date symlink: /home/giromi/Repos/VTOL/ws_sensor_combined_src/install/px4_msgs/include/px4_msgs/px4_msgs/msg/detail/onboard_computer_status__struct.h\n'}
[15.724306] (px4_msgs) StdoutLine: {'line': b'-- Up-to-date symlink: /home/giromi/Repos/VTOL/ws_sensor_combined_src/install/px4_msgs/include/px4_msgs/px4_msgs/msg/detail/onboard_computer_status__type_support.h\n'}
[15.724544] (px4_msgs) StdoutLine: {'line': b'-- Up-to-date symlink: /home/giromi/Repos/VTOL/ws_sensor_combined_src/install/px4_msgs/include/px4_msgs/px4_msgs/msg/detail/orb_test__functions.h\n'}
[15.724744] (px4_msgs) StdoutLine: {'line': b'-- Up-to-date symlink: /home/giromi/Repos/VTOL/ws_sensor_combined_src/install/px4_msgs/include/px4_msgs/px4_msgs/msg/detail/orb_test__struct.h\n'}
[15.725076] (px4_msgs) StdoutLine: {'line': b'-- Up-to-date symlink: /home/giromi/Repos/VTOL/ws_sensor_combined_src/install/px4_msgs/include/px4_msgs/px4_msgs/msg/detail/orb_test__type_support.h\n'}
[15.725322] (px4_msgs) StdoutLine: {'line': b'-- Up-to-date symlink: /home/giromi/Repos/VTOL/ws_sensor_combined_src/install/px4_msgs/include/px4_msgs/px4_msgs/msg/detail/orb_test_large__functions.h\n'}
[15.725561] (px4_msgs) StdoutLine: {'line': b'-- Up-to-date symlink: /home/giromi/Repos/VTOL/ws_sensor_combined_src/install/px4_msgs/include/px4_msgs/px4_msgs/msg/detail/orb_test_large__struct.h\n'}
[15.725842] (px4_msgs) StdoutLine: {'line': b'-- Up-to-date symlink: /home/giromi/Repos/VTOL/ws_sensor_combined_src/install/px4_msgs/include/px4_msgs/px4_msgs/msg/detail/orb_test_large__type_support.h\n'}
[15.726076] (px4_msgs) StdoutLine: {'line': b'-- Up-to-date symlink: /home/giromi/Repos/VTOL/ws_sensor_combined_src/install/px4_msgs/include/px4_msgs/px4_msgs/msg/detail/orb_test_medium__functions.h\n'}
[15.726325] (px4_msgs) StdoutLine: {'line': b'-- Up-to-date symlink: /home/giromi/Repos/VTOL/ws_sensor_combined_src/install/px4_msgs/include/px4_msgs/px4_msgs/msg/detail/orb_test_medium__struct.h\n'}
[15.726547] (px4_msgs) StdoutLine: {'line': b'-- Up-to-date symlink: /home/giromi/Repos/VTOL/ws_sensor_combined_src/install/px4_msgs/include/px4_msgs/px4_msgs/msg/detail/orb_test_medium__type_support.h\n'}
[15.726788] (px4_msgs) StdoutLine: {'line': b'-- Up-to-date symlink: /home/giromi/Repos/VTOL/ws_sensor_combined_src/install/px4_msgs/include/px4_msgs/px4_msgs/msg/detail/orbit_status__functions.h\n'}
[15.727025] (px4_msgs) StdoutLine: {'line': b'-- Up-to-date symlink: /home/giromi/Repos/VTOL/ws_sensor_combined_src/install/px4_msgs/include/px4_msgs/px4_msgs/msg/detail/orbit_status__struct.h\n'}
[15.727289] (px4_msgs) StdoutLine: {'line': b'-- Up-to-date symlink: /home/giromi/Repos/VTOL/ws_sensor_combined_src/install/px4_msgs/include/px4_msgs/px4_msgs/msg/detail/orbit_status__type_support.h\n'}
[15.727577] (px4_msgs) StdoutLine: {'line': b'-- Up-to-date symlink: /home/giromi/Repos/VTOL/ws_sensor_combined_src/install/px4_msgs/include/px4_msgs/px4_msgs/msg/detail/parameter_update__functions.h\n'}
[15.727866] (px4_msgs) StdoutLine: {'line': b'-- Up-to-date symlink: /home/giromi/Repos/VTOL/ws_sensor_combined_src/install/px4_msgs/include/px4_msgs/px4_msgs/msg/detail/parameter_update__struct.h\n'}
[15.728159] (px4_msgs) StdoutLine: {'line': b'-- Up-to-date symlink: /home/giromi/Repos/VTOL/ws_sensor_combined_src/install/px4_msgs/include/px4_msgs/px4_msgs/msg/detail/parameter_update__type_support.h\n'}
[15.728484] (px4_msgs) StdoutLine: {'line': b'-- Up-to-date symlink: /home/giromi/Repos/VTOL/ws_sensor_combined_src/install/px4_msgs/include/px4_msgs/px4_msgs/msg/detail/ping__functions.h\n'}
[15.728715] (px4_msgs) StdoutLine: {'line': b'-- Up-to-date symlink: /home/giromi/Repos/VTOL/ws_sensor_combined_src/install/px4_msgs/include/px4_msgs/px4_msgs/msg/detail/ping__struct.h\n'}
[15.728933] (px4_msgs) StdoutLine: {'line': b'-- Up-to-date symlink: /home/giromi/Repos/VTOL/ws_sensor_combined_src/install/px4_msgs/include/px4_msgs/px4_msgs/msg/detail/ping__type_support.h\n'}
[15.729286] (px4_msgs) StdoutLine: {'line': b'-- Up-to-date symlink: /home/giromi/Repos/VTOL/ws_sensor_combined_src/install/px4_msgs/include/px4_msgs/px4_msgs/msg/detail/position_controller_landing_status__functions.h\n'}
[15.729522] (px4_msgs) StdoutLine: {'line': b'-- Up-to-date symlink: /home/giromi/Repos/VTOL/ws_sensor_combined_src/install/px4_msgs/include/px4_msgs/px4_msgs/msg/detail/position_controller_landing_status__struct.h\n'}
[15.729760] (px4_msgs) StdoutLine: {'line': b'-- Up-to-date symlink: /home/giromi/Repos/VTOL/ws_sensor_combined_src/install/px4_msgs/include/px4_msgs/px4_msgs/msg/detail/position_controller_landing_status__type_support.h\n'}
[15.730011] (px4_msgs) StdoutLine: {'line': b'-- Up-to-date symlink: /home/giromi/Repos/VTOL/ws_sensor_combined_src/install/px4_msgs/include/px4_msgs/px4_msgs/msg/detail/position_controller_status__functions.h\n'}
[15.730303] (px4_msgs) StdoutLine: {'line': b'-- Up-to-date symlink: /home/giromi/Repos/VTOL/ws_sensor_combined_src/install/px4_msgs/include/px4_msgs/px4_msgs/msg/detail/position_controller_status__struct.h\n'}
[15.730612] (px4_msgs) StdoutLine: {'line': b'-- Up-to-date symlink: /home/giromi/Repos/VTOL/ws_sensor_combined_src/install/px4_msgs/include/px4_msgs/px4_msgs/msg/detail/position_controller_status__type_support.h\n'}
[15.730857] (px4_msgs) StdoutLine: {'line': b'-- Up-to-date symlink: /home/giromi/Repos/VTOL/ws_sensor_combined_src/install/px4_msgs/include/px4_msgs/px4_msgs/msg/detail/position_setpoint__functions.h\n'}
[15.731089] (px4_msgs) StdoutLine: {'line': b'-- Up-to-date symlink: /home/giromi/Repos/VTOL/ws_sensor_combined_src/install/px4_msgs/include/px4_msgs/px4_msgs/msg/detail/position_setpoint__struct.h\n'}
[15.731332] (px4_msgs) StdoutLine: {'line': b'-- Up-to-date symlink: /home/giromi/Repos/VTOL/ws_sensor_combined_src/install/px4_msgs/include/px4_msgs/px4_msgs/msg/detail/position_setpoint__type_support.h\n'}
[15.731563] (px4_msgs) StdoutLine: {'line': b'-- Up-to-date symlink: /home/giromi/Repos/VTOL/ws_sensor_combined_src/install/px4_msgs/include/px4_msgs/px4_msgs/msg/detail/position_setpoint_triplet__functions.h\n'}
[15.731766] (px4_msgs) StdoutLine: {'line': b'-- Up-to-date symlink: /home/giromi/Repos/VTOL/ws_sensor_combined_src/install/px4_msgs/include/px4_msgs/px4_msgs/msg/detail/position_setpoint_triplet__struct.h\n'}
[15.732001] (px4_msgs) StdoutLine: {'line': b'-- Up-to-date symlink: /home/giromi/Repos/VTOL/ws_sensor_combined_src/install/px4_msgs/include/px4_msgs/px4_msgs/msg/detail/position_setpoint_triplet__type_support.h\n'}
[15.732289] (px4_msgs) StdoutLine: {'line': b'-- Up-to-date symlink: /home/giromi/Repos/VTOL/ws_sensor_combined_src/install/px4_msgs/include/px4_msgs/px4_msgs/msg/detail/power_button_state__functions.h\n'}
[15.732576] (px4_msgs) StdoutLine: {'line': b'-- Up-to-date symlink: /home/giromi/Repos/VTOL/ws_sensor_combined_src/install/px4_msgs/include/px4_msgs/px4_msgs/msg/detail/power_button_state__struct.h\n'}
[15.732862] (px4_msgs) StdoutLine: {'line': b'-- Up-to-date symlink: /home/giromi/Repos/VTOL/ws_sensor_combined_src/install/px4_msgs/include/px4_msgs/px4_msgs/msg/detail/power_button_state__type_support.h\n'}
[15.733178] (px4_msgs) StdoutLine: {'line': b'-- Up-to-date symlink: /home/giromi/Repos/VTOL/ws_sensor_combined_src/install/px4_msgs/include/px4_msgs/px4_msgs/msg/detail/power_monitor__functions.h\n'}
[15.733444] (px4_msgs) StdoutLine: {'line': b'-- Up-to-date symlink: /home/giromi/Repos/VTOL/ws_sensor_combined_src/install/px4_msgs/include/px4_msgs/px4_msgs/msg/detail/power_monitor__struct.h\n'}
[15.733684] (px4_msgs) StdoutLine: {'line': b'-- Up-to-date symlink: /home/giromi/Repos/VTOL/ws_sensor_combined_src/install/px4_msgs/include/px4_msgs/px4_msgs/msg/detail/power_monitor__type_support.h\n'}
[15.733930] (px4_msgs) StdoutLine: {'line': b'-- Up-to-date symlink: /home/giromi/Repos/VTOL/ws_sensor_combined_src/install/px4_msgs/include/px4_msgs/px4_msgs/msg/detail/pps_capture__functions.h\n'}
[15.734167] (px4_msgs) StdoutLine: {'line': b'-- Up-to-date symlink: /home/giromi/Repos/VTOL/ws_sensor_combined_src/install/px4_msgs/include/px4_msgs/px4_msgs/msg/detail/pps_capture__struct.h\n'}
[15.734408] (px4_msgs) StdoutLine: {'line': b'-- Up-to-date symlink: /home/giromi/Repos/VTOL/ws_sensor_combined_src/install/px4_msgs/include/px4_msgs/px4_msgs/msg/detail/pps_capture__type_support.h\n'}
[15.734642] (px4_msgs) StdoutLine: {'line': b'-- Up-to-date symlink: /home/giromi/Repos/VTOL/ws_sensor_combined_src/install/px4_msgs/include/px4_msgs/px4_msgs/msg/detail/pwm_input__functions.h\n'}
[15.734894] (px4_msgs) StdoutLine: {'line': b'-- Up-to-date symlink: /home/giromi/Repos/VTOL/ws_sensor_combined_src/install/px4_msgs/include/px4_msgs/px4_msgs/msg/detail/pwm_input__struct.h\n'}
[15.735156] (px4_msgs) StdoutLine: {'line': b'-- Up-to-date symlink: /home/giromi/Repos/VTOL/ws_sensor_combined_src/install/px4_msgs/include/px4_msgs/px4_msgs/msg/detail/pwm_input__type_support.h\n'}
[15.735461] (px4_msgs) StdoutLine: {'line': b'-- Up-to-date symlink: /home/giromi/Repos/VTOL/ws_sensor_combined_src/install/px4_msgs/include/px4_msgs/px4_msgs/msg/detail/px4io_status__functions.h\n'}
[15.735774] (px4_msgs) StdoutLine: {'line': b'-- Up-to-date symlink: /home/giromi/Repos/VTOL/ws_sensor_combined_src/install/px4_msgs/include/px4_msgs/px4_msgs/msg/detail/px4io_status__struct.h\n'}
[15.736007] (px4_msgs) StdoutLine: {'line': b'-- Up-to-date symlink: /home/giromi/Repos/VTOL/ws_sensor_combined_src/install/px4_msgs/include/px4_msgs/px4_msgs/msg/detail/px4io_status__type_support.h\n'}
[15.736267] (px4_msgs) StdoutLine: {'line': b'-- Up-to-date symlink: /home/giromi/Repos/VTOL/ws_sensor_combined_src/install/px4_msgs/include/px4_msgs/px4_msgs/msg/detail/qshell_req__functions.h\n'}
[15.736493] (px4_msgs) StdoutLine: {'line': b'-- Up-to-date symlink: /home/giromi/Repos/VTOL/ws_sensor_combined_src/install/px4_msgs/include/px4_msgs/px4_msgs/msg/detail/qshell_req__struct.h\n'}
[15.736736] (px4_msgs) StdoutLine: {'line': b'-- Up-to-date symlink: /home/giromi/Repos/VTOL/ws_sensor_combined_src/install/px4_msgs/include/px4_msgs/px4_msgs/msg/detail/qshell_req__type_support.h\n'}
[15.736938] (px4_msgs) StdoutLine: {'line': b'-- Up-to-date symlink: /home/giromi/Repos/VTOL/ws_sensor_combined_src/install/px4_msgs/include/px4_msgs/px4_msgs/msg/detail/qshell_retval__functions.h\n'}
[15.737281] (px4_msgs) StdoutLine: {'line': b'-- Up-to-date symlink: /home/giromi/Repos/VTOL/ws_sensor_combined_src/install/px4_msgs/include/px4_msgs/px4_msgs/msg/detail/qshell_retval__struct.h\n'}
[15.737486] (px4_msgs) StdoutLine: {'line': b'-- Up-to-date symlink: /home/giromi/Repos/VTOL/ws_sensor_combined_src/install/px4_msgs/include/px4_msgs/px4_msgs/msg/detail/qshell_retval__type_support.h\n'}
[15.737765] (px4_msgs) StdoutLine: {'line': b'-- Up-to-date symlink: /home/giromi/Repos/VTOL/ws_sensor_combined_src/install/px4_msgs/include/px4_msgs/px4_msgs/msg/detail/radio_status__functions.h\n'}
[15.738048] (px4_msgs) StdoutLine: {'line': b'-- Up-to-date symlink: /home/giromi/Repos/VTOL/ws_sensor_combined_src/install/px4_msgs/include/px4_msgs/px4_msgs/msg/detail/radio_status__struct.h\n'}
[15.738329] (px4_msgs) StdoutLine: {'line': b'-- Up-to-date symlink: /home/giromi/Repos/VTOL/ws_sensor_combined_src/install/px4_msgs/include/px4_msgs/px4_msgs/msg/detail/radio_status__type_support.h\n'}
[15.738560] (px4_msgs) StdoutLine: {'line': b'-- Up-to-date symlink: /home/giromi/Repos/VTOL/ws_sensor_combined_src/install/px4_msgs/include/px4_msgs/px4_msgs/msg/detail/rate_ctrl_status__functions.h\n'}
[15.738833] (px4_msgs) StdoutLine: {'line': b'-- Up-to-date symlink: /home/giromi/Repos/VTOL/ws_sensor_combined_src/install/px4_msgs/include/px4_msgs/px4_msgs/msg/detail/rate_ctrl_status__struct.h\n'}
[15.739072] (px4_msgs) StdoutLine: {'line': b'-- Up-to-date symlink: /home/giromi/Repos/VTOL/ws_sensor_combined_src/install/px4_msgs/include/px4_msgs/px4_msgs/msg/detail/rate_ctrl_status__type_support.h\n'}
[15.739309] (px4_msgs) StdoutLine: {'line': b'-- Up-to-date symlink: /home/giromi/Repos/VTOL/ws_sensor_combined_src/install/px4_msgs/include/px4_msgs/px4_msgs/msg/detail/rc_channels__functions.h\n'}
[15.739584] (px4_msgs) StdoutLine: {'line': b'-- Up-to-date symlink: /home/giromi/Repos/VTOL/ws_sensor_combined_src/install/px4_msgs/include/px4_msgs/px4_msgs/msg/detail/rc_channels__struct.h\n'}
[15.739813] (px4_msgs) StdoutLine: {'line': b'-- Up-to-date symlink: /home/giromi/Repos/VTOL/ws_sensor_combined_src/install/px4_msgs/include/px4_msgs/px4_msgs/msg/detail/rc_channels__type_support.h\n'}
[15.740153] (px4_msgs) StdoutLine: {'line': b'-- Up-to-date symlink: /home/giromi/Repos/VTOL/ws_sensor_combined_src/install/px4_msgs/include/px4_msgs/px4_msgs/msg/detail/rc_parameter_map__functions.h\n'}
[15.740649] (px4_msgs) StdoutLine: {'line': b'-- Up-to-date symlink: /home/giromi/Repos/VTOL/ws_sensor_combined_src/install/px4_msgs/include/px4_msgs/px4_msgs/msg/detail/rc_parameter_map__struct.h\n'}
[15.741007] (px4_msgs) StdoutLine: {'line': b'-- Up-to-date symlink: /home/giromi/Repos/VTOL/ws_sensor_combined_src/install/px4_msgs/include/px4_msgs/px4_msgs/msg/detail/rc_parameter_map__type_support.h\n'}
[15.741446] (px4_msgs) StdoutLine: {'line': b'-- Up-to-date symlink: /home/giromi/Repos/VTOL/ws_sensor_combined_src/install/px4_msgs/include/px4_msgs/px4_msgs/msg/detail/register_ext_component_reply__functions.h\n'}
[15.741811] (px4_msgs) StdoutLine: {'line': b'-- Up-to-date symlink: /home/giromi/Repos/VTOL/ws_sensor_combined_src/install/px4_msgs/include/px4_msgs/px4_msgs/msg/detail/register_ext_component_reply__struct.h\n'}
[15.742211] (px4_msgs) StdoutLine: {'line': b'-- Up-to-date symlink: /home/giromi/Repos/VTOL/ws_sensor_combined_src/install/px4_msgs/include/px4_msgs/px4_msgs/msg/detail/register_ext_component_reply__type_support.h\n'}
[15.742506] (px4_msgs) StdoutLine: {'line': b'-- Up-to-date symlink: /home/giromi/Repos/VTOL/ws_sensor_combined_src/install/px4_msgs/include/px4_msgs/px4_msgs/msg/detail/register_ext_component_request__functions.h\n'}
[15.742796] (px4_msgs) StdoutLine: {'line': b'-- Up-to-date symlink: /home/giromi/Repos/VTOL/ws_sensor_combined_src/install/px4_msgs/include/px4_msgs/px4_msgs/msg/detail/register_ext_component_request__struct.h\n'}
[15.743166] (px4_msgs) StdoutLine: {'line': b'-- Up-to-date symlink: /home/giromi/Repos/VTOL/ws_sensor_combined_src/install/px4_msgs/include/px4_msgs/px4_msgs/msg/detail/register_ext_component_request__type_support.h\n'}
[15.743521] (px4_msgs) StdoutLine: {'line': b'-- Up-to-date symlink: /home/giromi/Repos/VTOL/ws_sensor_combined_src/install/px4_msgs/include/px4_msgs/px4_msgs/msg/detail/rpm__functions.h\n'}
[15.743801] (px4_msgs) StdoutLine: {'line': b'-- Up-to-date symlink: /home/giromi/Repos/VTOL/ws_sensor_combined_src/install/px4_msgs/include/px4_msgs/px4_msgs/msg/detail/rpm__struct.h\n'}
[15.744088] (px4_msgs) StdoutLine: {'line': b'-- Up-to-date symlink: /home/giromi/Repos/VTOL/ws_sensor_combined_src/install/px4_msgs/include/px4_msgs/px4_msgs/msg/detail/rpm__type_support.h\n'}
[15.744366] (px4_msgs) StdoutLine: {'line': b'-- Up-to-date symlink: /home/giromi/Repos/VTOL/ws_sensor_combined_src/install/px4_msgs/include/px4_msgs/px4_msgs/msg/detail/rtl_time_estimate__functions.h\n'}
[15.744660] (px4_msgs) StdoutLine: {'line': b'-- Up-to-date symlink: /home/giromi/Repos/VTOL/ws_sensor_combined_src/install/px4_msgs/include/px4_msgs/px4_msgs/msg/detail/rtl_time_estimate__struct.h\n'}
[15.744926] (px4_msgs) StdoutLine: {'line': b'-- Up-to-date symlink: /home/giromi/Repos/VTOL/ws_sensor_combined_src/install/px4_msgs/include/px4_msgs/px4_msgs/msg/detail/rtl_time_estimate__type_support.h\n'}
[15.745230] (px4_msgs) StdoutLine: {'line': b'-- Up-to-date symlink: /home/giromi/Repos/VTOL/ws_sensor_combined_src/install/px4_msgs/include/px4_msgs/px4_msgs/msg/detail/satellite_info__functions.h\n'}
[15.745529] (px4_msgs) StdoutLine: {'line': b'-- Up-to-date symlink: /home/giromi/Repos/VTOL/ws_sensor_combined_src/install/px4_msgs/include/px4_msgs/px4_msgs/msg/detail/satellite_info__struct.h\n'}
[15.745760] (px4_msgs) StdoutLine: {'line': b'-- Up-to-date symlink: /home/giromi/Repos/VTOL/ws_sensor_combined_src/install/px4_msgs/include/px4_msgs/px4_msgs/msg/detail/satellite_info__type_support.h\n'}
[15.746044] (px4_msgs) StdoutLine: {'line': b'-- Up-to-date symlink: /home/giromi/Repos/VTOL/ws_sensor_combined_src/install/px4_msgs/include/px4_msgs/px4_msgs/msg/detail/sensor_accel__functions.h\n'}
[15.746395] (px4_msgs) StdoutLine: {'line': b'-- Up-to-date symlink: /home/giromi/Repos/VTOL/ws_sensor_combined_src/install/px4_msgs/include/px4_msgs/px4_msgs/msg/detail/sensor_accel__struct.h\n'}
[15.746717] (px4_msgs) StdoutLine: {'line': b'-- Up-to-date symlink: /home/giromi/Repos/VTOL/ws_sensor_combined_src/install/px4_msgs/include/px4_msgs/px4_msgs/msg/detail/sensor_accel__type_support.h\n'}
[15.747093] (px4_msgs) StdoutLine: {'line': b'-- Up-to-date symlink: /home/giromi/Repos/VTOL/ws_sensor_combined_src/install/px4_msgs/include/px4_msgs/px4_msgs/msg/detail/sensor_accel_fifo__functions.h\n'}
[15.747415] (px4_msgs) StdoutLine: {'line': b'-- Up-to-date symlink: /home/giromi/Repos/VTOL/ws_sensor_combined_src/install/px4_msgs/include/px4_msgs/px4_msgs/msg/detail/sensor_accel_fifo__struct.h\n'}
[15.747730] (px4_msgs) StdoutLine: {'line': b'-- Up-to-date symlink: /home/giromi/Repos/VTOL/ws_sensor_combined_src/install/px4_msgs/include/px4_msgs/px4_msgs/msg/detail/sensor_accel_fifo__type_support.h\n'}
[15.748039] (px4_msgs) StdoutLine: {'line': b'-- Up-to-date symlink: /home/giromi/Repos/VTOL/ws_sensor_combined_src/install/px4_msgs/include/px4_msgs/px4_msgs/msg/detail/sensor_airflow__functions.h\n'}
[15.748347] (px4_msgs) StdoutLine: {'line': b'-- Up-to-date symlink: /home/giromi/Repos/VTOL/ws_sensor_combined_src/install/px4_msgs/include/px4_msgs/px4_msgs/msg/detail/sensor_airflow__struct.h\n'}
[15.748660] (px4_msgs) StdoutLine: {'line': b'-- Up-to-date symlink: /home/giromi/Repos/VTOL/ws_sensor_combined_src/install/px4_msgs/include/px4_msgs/px4_msgs/msg/detail/sensor_airflow__type_support.h\n'}
[15.748959] (px4_msgs) StdoutLine: {'line': b'-- Up-to-date symlink: /home/giromi/Repos/VTOL/ws_sensor_combined_src/install/px4_msgs/include/px4_msgs/px4_msgs/msg/detail/sensor_baro__functions.h\n'}
[15.749342] (px4_msgs) StdoutLine: {'line': b'-- Up-to-date symlink: /home/giromi/Repos/VTOL/ws_sensor_combined_src/install/px4_msgs/include/px4_msgs/px4_msgs/msg/detail/sensor_baro__struct.h\n'}
[15.749760] (px4_msgs) StdoutLine: {'line': b'-- Up-to-date symlink: /home/giromi/Repos/VTOL/ws_sensor_combined_src/install/px4_msgs/include/px4_msgs/px4_msgs/msg/detail/sensor_baro__type_support.h\n'}
[15.750104] (px4_msgs) StdoutLine: {'line': b'-- Up-to-date symlink: /home/giromi/Repos/VTOL/ws_sensor_combined_src/install/px4_msgs/include/px4_msgs/px4_msgs/msg/detail/sensor_combined__functions.h\n'}
[15.750431] (px4_msgs) StdoutLine: {'line': b'-- Up-to-date symlink: /home/giromi/Repos/VTOL/ws_sensor_combined_src/install/px4_msgs/include/px4_msgs/px4_msgs/msg/detail/sensor_combined__struct.h\n'}
[15.750754] (px4_msgs) StdoutLine: {'line': b'-- Up-to-date symlink: /home/giromi/Repos/VTOL/ws_sensor_combined_src/install/px4_msgs/include/px4_msgs/px4_msgs/msg/detail/sensor_combined__type_support.h\n'}
[15.751096] (px4_msgs) StdoutLine: {'line': b'-- Up-to-date symlink: /home/giromi/Repos/VTOL/ws_sensor_combined_src/install/px4_msgs/include/px4_msgs/px4_msgs/msg/detail/sensor_correction__functions.h\n'}
[15.751416] (px4_msgs) StdoutLine: {'line': b'-- Up-to-date symlink: /home/giromi/Repos/VTOL/ws_sensor_combined_src/install/px4_msgs/include/px4_msgs/px4_msgs/msg/detail/sensor_correction__struct.h\n'}
[15.751715] (px4_msgs) StdoutLine: {'line': b'-- Up-to-date symlink: /home/giromi/Repos/VTOL/ws_sensor_combined_src/install/px4_msgs/include/px4_msgs/px4_msgs/msg/detail/sensor_correction__type_support.h\n'}
[15.752039] (px4_msgs) StdoutLine: {'line': b'-- Up-to-date symlink: /home/giromi/Repos/VTOL/ws_sensor_combined_src/install/px4_msgs/include/px4_msgs/px4_msgs/msg/detail/sensor_gnss_relative__functions.h\n'}
[15.752364] (px4_msgs) StdoutLine: {'line': b'-- Up-to-date symlink: /home/giromi/Repos/VTOL/ws_sensor_combined_src/install/px4_msgs/include/px4_msgs/px4_msgs/msg/detail/sensor_gnss_relative__struct.h\n'}
[15.752734] (px4_msgs) StdoutLine: {'line': b'-- Up-to-date symlink: /home/giromi/Repos/VTOL/ws_sensor_combined_src/install/px4_msgs/include/px4_msgs/px4_msgs/msg/detail/sensor_gnss_relative__type_support.h\n'}
[15.753184] (px4_msgs) StdoutLine: {'line': b'-- Up-to-date symlink: /home/giromi/Repos/VTOL/ws_sensor_combined_src/install/px4_msgs/include/px4_msgs/px4_msgs/msg/detail/sensor_gps__functions.h\n'}
[15.753553] (px4_msgs) StdoutLine: {'line': b'-- Up-to-date symlink: /home/giromi/Repos/VTOL/ws_sensor_combined_src/install/px4_msgs/include/px4_msgs/px4_msgs/msg/detail/sensor_gps__struct.h\n'}
[15.753882] (px4_msgs) StdoutLine: {'line': b'-- Up-to-date symlink: /home/giromi/Repos/VTOL/ws_sensor_combined_src/install/px4_msgs/include/px4_msgs/px4_msgs/msg/detail/sensor_gps__type_support.h\n'}
[15.754202] (px4_msgs) StdoutLine: {'line': b'-- Up-to-date symlink: /home/giromi/Repos/VTOL/ws_sensor_combined_src/install/px4_msgs/include/px4_msgs/px4_msgs/msg/detail/sensor_gyro__functions.h\n'}
[15.754564] (px4_msgs) StdoutLine: {'line': b'-- Up-to-date symlink: /home/giromi/Repos/VTOL/ws_sensor_combined_src/install/px4_msgs/include/px4_msgs/px4_msgs/msg/detail/sensor_gyro__struct.h\n'}
[15.754901] (px4_msgs) StdoutLine: {'line': b'-- Up-to-date symlink: /home/giromi/Repos/VTOL/ws_sensor_combined_src/install/px4_msgs/include/px4_msgs/px4_msgs/msg/detail/sensor_gyro__type_support.h\n'}
[15.755230] (px4_msgs) StdoutLine: {'line': b'-- Up-to-date symlink: /home/giromi/Repos/VTOL/ws_sensor_combined_src/install/px4_msgs/include/px4_msgs/px4_msgs/msg/detail/sensor_gyro_fft__functions.h\n'}
[15.755536] (px4_msgs) StdoutLine: {'line': b'-- Up-to-date symlink: /home/giromi/Repos/VTOL/ws_sensor_combined_src/install/px4_msgs/include/px4_msgs/px4_msgs/msg/detail/sensor_gyro_fft__struct.h\n'}
[15.755864] (px4_msgs) StdoutLine: {'line': b'-- Up-to-date symlink: /home/giromi/Repos/VTOL/ws_sensor_combined_src/install/px4_msgs/include/px4_msgs/px4_msgs/msg/detail/sensor_gyro_fft__type_support.h\n'}
[15.756089] (-) TimerEvent: {}
[15.756280] (px4_msgs) StdoutLine: {'line': b'-- Up-to-date symlink: /home/giromi/Repos/VTOL/ws_sensor_combined_src/install/px4_msgs/include/px4_msgs/px4_msgs/msg/detail/sensor_gyro_fifo__functions.h\n'}
[15.756630] (px4_msgs) StdoutLine: {'line': b'-- Up-to-date symlink: /home/giromi/Repos/VTOL/ws_sensor_combined_src/install/px4_msgs/include/px4_msgs/px4_msgs/msg/detail/sensor_gyro_fifo__struct.h\n'}
[15.756881] (px4_msgs) StdoutLine: {'line': b'-- Up-to-date symlink: /home/giromi/Repos/VTOL/ws_sensor_combined_src/install/px4_msgs/include/px4_msgs/px4_msgs/msg/detail/sensor_gyro_fifo__type_support.h\n'}
[15.757147] (px4_msgs) StdoutLine: {'line': b'-- Up-to-date symlink: /home/giromi/Repos/VTOL/ws_sensor_combined_src/install/px4_msgs/include/px4_msgs/px4_msgs/msg/detail/sensor_hygrometer__functions.h\n'}
[15.757416] (px4_msgs) StdoutLine: {'line': b'-- Up-to-date symlink: /home/giromi/Repos/VTOL/ws_sensor_combined_src/install/px4_msgs/include/px4_msgs/px4_msgs/msg/detail/sensor_hygrometer__struct.h\n'}
[15.757707] (px4_msgs) StdoutLine: {'line': b'-- Up-to-date symlink: /home/giromi/Repos/VTOL/ws_sensor_combined_src/install/px4_msgs/include/px4_msgs/px4_msgs/msg/detail/sensor_hygrometer__type_support.h\n'}
[15.758007] (px4_msgs) StdoutLine: {'line': b'-- Up-to-date symlink: /home/giromi/Repos/VTOL/ws_sensor_combined_src/install/px4_msgs/include/px4_msgs/px4_msgs/msg/detail/sensor_mag__functions.h\n'}
[15.758270] (px4_msgs) StdoutLine: {'line': b'-- Up-to-date symlink: /home/giromi/Repos/VTOL/ws_sensor_combined_src/install/px4_msgs/include/px4_msgs/px4_msgs/msg/detail/sensor_mag__struct.h\n'}
[15.758588] (px4_msgs) StdoutLine: {'line': b'-- Up-to-date symlink: /home/giromi/Repos/VTOL/ws_sensor_combined_src/install/px4_msgs/include/px4_msgs/px4_msgs/msg/detail/sensor_mag__type_support.h\n'}
[15.758869] (px4_msgs) StdoutLine: {'line': b'-- Up-to-date symlink: /home/giromi/Repos/VTOL/ws_sensor_combined_src/install/px4_msgs/include/px4_msgs/px4_msgs/msg/detail/sensor_optical_flow__functions.h\n'}
[15.759153] (px4_msgs) StdoutLine: {'line': b'-- Up-to-date symlink: /home/giromi/Repos/VTOL/ws_sensor_combined_src/install/px4_msgs/include/px4_msgs/px4_msgs/msg/detail/sensor_optical_flow__struct.h\n'}
[15.759439] (px4_msgs) StdoutLine: {'line': b'-- Up-to-date symlink: /home/giromi/Repos/VTOL/ws_sensor_combined_src/install/px4_msgs/include/px4_msgs/px4_msgs/msg/detail/sensor_optical_flow__type_support.h\n'}
[15.759722] (px4_msgs) StdoutLine: {'line': b'-- Up-to-date symlink: /home/giromi/Repos/VTOL/ws_sensor_combined_src/install/px4_msgs/include/px4_msgs/px4_msgs/msg/detail/sensor_preflight_mag__functions.h\n'}
[15.760001] (px4_msgs) StdoutLine: {'line': b'-- Up-to-date symlink: /home/giromi/Repos/VTOL/ws_sensor_combined_src/install/px4_msgs/include/px4_msgs/px4_msgs/msg/detail/sensor_preflight_mag__struct.h\n'}
[15.760282] (px4_msgs) StdoutLine: {'line': b'-- Up-to-date symlink: /home/giromi/Repos/VTOL/ws_sensor_combined_src/install/px4_msgs/include/px4_msgs/px4_msgs/msg/detail/sensor_preflight_mag__type_support.h\n'}
[15.760566] (px4_msgs) StdoutLine: {'line': b'-- Up-to-date symlink: /home/giromi/Repos/VTOL/ws_sensor_combined_src/install/px4_msgs/include/px4_msgs/px4_msgs/msg/detail/sensor_selection__functions.h\n'}
[15.760823] (px4_msgs) StdoutLine: {'line': b'-- Up-to-date symlink: /home/giromi/Repos/VTOL/ws_sensor_combined_src/install/px4_msgs/include/px4_msgs/px4_msgs/msg/detail/sensor_selection__struct.h\n'}
[15.761066] (px4_msgs) StdoutLine: {'line': b'-- Up-to-date symlink: /home/giromi/Repos/VTOL/ws_sensor_combined_src/install/px4_msgs/include/px4_msgs/px4_msgs/msg/detail/sensor_selection__type_support.h\n'}
[15.761294] (px4_msgs) StdoutLine: {'line': b'-- Up-to-date symlink: /home/giromi/Repos/VTOL/ws_sensor_combined_src/install/px4_msgs/include/px4_msgs/px4_msgs/msg/detail/sensor_uwb__functions.h\n'}
[15.761529] (px4_msgs) StdoutLine: {'line': b'-- Up-to-date symlink: /home/giromi/Repos/VTOL/ws_sensor_combined_src/install/px4_msgs/include/px4_msgs/px4_msgs/msg/detail/sensor_uwb__struct.h\n'}
[15.761757] (px4_msgs) StdoutLine: {'line': b'-- Up-to-date symlink: /home/giromi/Repos/VTOL/ws_sensor_combined_src/install/px4_msgs/include/px4_msgs/px4_msgs/msg/detail/sensor_uwb__type_support.h\n'}
[15.762002] (px4_msgs) StdoutLine: {'line': b'-- Up-to-date symlink: /home/giromi/Repos/VTOL/ws_sensor_combined_src/install/px4_msgs/include/px4_msgs/px4_msgs/msg/detail/sensors_status__functions.h\n'}
[15.762252] (px4_msgs) StdoutLine: {'line': b'-- Up-to-date symlink: /home/giromi/Repos/VTOL/ws_sensor_combined_src/install/px4_msgs/include/px4_msgs/px4_msgs/msg/detail/sensors_status__struct.h\n'}
[15.762524] (px4_msgs) StdoutLine: {'line': b'-- Up-to-date symlink: /home/giromi/Repos/VTOL/ws_sensor_combined_src/install/px4_msgs/include/px4_msgs/px4_msgs/msg/detail/sensors_status__type_support.h\n'}
[15.762799] (px4_msgs) StdoutLine: {'line': b'-- Up-to-date symlink: /home/giromi/Repos/VTOL/ws_sensor_combined_src/install/px4_msgs/include/px4_msgs/px4_msgs/msg/detail/sensors_status_imu__functions.h\n'}
[15.763059] (px4_msgs) StdoutLine: {'line': b'-- Up-to-date symlink: /home/giromi/Repos/VTOL/ws_sensor_combined_src/install/px4_msgs/include/px4_msgs/px4_msgs/msg/detail/sensors_status_imu__struct.h\n'}
[15.763327] (px4_msgs) StdoutLine: {'line': b'-- Up-to-date symlink: /home/giromi/Repos/VTOL/ws_sensor_combined_src/install/px4_msgs/include/px4_msgs/px4_msgs/msg/detail/sensors_status_imu__type_support.h\n'}
[15.763586] (px4_msgs) StdoutLine: {'line': b'-- Up-to-date symlink: /home/giromi/Repos/VTOL/ws_sensor_combined_src/install/px4_msgs/include/px4_msgs/px4_msgs/msg/detail/system_power__functions.h\n'}
[15.763847] (px4_msgs) StdoutLine: {'line': b'-- Up-to-date symlink: /home/giromi/Repos/VTOL/ws_sensor_combined_src/install/px4_msgs/include/px4_msgs/px4_msgs/msg/detail/system_power__struct.h\n'}
[15.764110] (px4_msgs) StdoutLine: {'line': b'-- Up-to-date symlink: /home/giromi/Repos/VTOL/ws_sensor_combined_src/install/px4_msgs/include/px4_msgs/px4_msgs/msg/detail/system_power__type_support.h\n'}
[15.764388] (px4_msgs) StdoutLine: {'line': b'-- Up-to-date symlink: /home/giromi/Repos/VTOL/ws_sensor_combined_src/install/px4_msgs/include/px4_msgs/px4_msgs/msg/detail/takeoff_status__functions.h\n'}
[15.764668] (px4_msgs) StdoutLine: {'line': b'-- Up-to-date symlink: /home/giromi/Repos/VTOL/ws_sensor_combined_src/install/px4_msgs/include/px4_msgs/px4_msgs/msg/detail/takeoff_status__struct.h\n'}
[15.764958] (px4_msgs) StdoutLine: {'line': b'-- Up-to-date symlink: /home/giromi/Repos/VTOL/ws_sensor_combined_src/install/px4_msgs/include/px4_msgs/px4_msgs/msg/detail/takeoff_status__type_support.h\n'}
[15.765261] (px4_msgs) StdoutLine: {'line': b'-- Up-to-date symlink: /home/giromi/Repos/VTOL/ws_sensor_combined_src/install/px4_msgs/include/px4_msgs/px4_msgs/msg/detail/task_stack_info__functions.h\n'}
[15.765524] (px4_msgs) StdoutLine: {'line': b'-- Up-to-date symlink: /home/giromi/Repos/VTOL/ws_sensor_combined_src/install/px4_msgs/include/px4_msgs/px4_msgs/msg/detail/task_stack_info__struct.h\n'}
[15.765795] (px4_msgs) StdoutLine: {'line': b'-- Up-to-date symlink: /home/giromi/Repos/VTOL/ws_sensor_combined_src/install/px4_msgs/include/px4_msgs/px4_msgs/msg/detail/task_stack_info__type_support.h\n'}
[15.766050] (px4_msgs) StdoutLine: {'line': b'-- Up-to-date symlink: /home/giromi/Repos/VTOL/ws_sensor_combined_src/install/px4_msgs/include/px4_msgs/px4_msgs/msg/detail/tecs_status__functions.h\n'}
[15.766294] (px4_msgs) StdoutLine: {'line': b'-- Up-to-date symlink: /home/giromi/Repos/VTOL/ws_sensor_combined_src/install/px4_msgs/include/px4_msgs/px4_msgs/msg/detail/tecs_status__struct.h\n'}
[15.766579] (px4_msgs) StdoutLine: {'line': b'-- Up-to-date symlink: /home/giromi/Repos/VTOL/ws_sensor_combined_src/install/px4_msgs/include/px4_msgs/px4_msgs/msg/detail/tecs_status__type_support.h\n'}
[15.766808] (px4_msgs) StdoutLine: {'line': b'-- Up-to-date symlink: /home/giromi/Repos/VTOL/ws_sensor_combined_src/install/px4_msgs/include/px4_msgs/px4_msgs/msg/detail/telemetry_status__functions.h\n'}
[15.767058] (px4_msgs) StdoutLine: {'line': b'-- Up-to-date symlink: /home/giromi/Repos/VTOL/ws_sensor_combined_src/install/px4_msgs/include/px4_msgs/px4_msgs/msg/detail/telemetry_status__struct.h\n'}
[15.767307] (px4_msgs) StdoutLine: {'line': b'-- Up-to-date symlink: /home/giromi/Repos/VTOL/ws_sensor_combined_src/install/px4_msgs/include/px4_msgs/px4_msgs/msg/detail/telemetry_status__type_support.h\n'}
[15.767563] (px4_msgs) StdoutLine: {'line': b'-- Up-to-date symlink: /home/giromi/Repos/VTOL/ws_sensor_combined_src/install/px4_msgs/include/px4_msgs/px4_msgs/msg/detail/tiltrotor_extra_controls__functions.h\n'}
[15.767821] (px4_msgs) StdoutLine: {'line': b'-- Up-to-date symlink: /home/giromi/Repos/VTOL/ws_sensor_combined_src/install/px4_msgs/include/px4_msgs/px4_msgs/msg/detail/tiltrotor_extra_controls__struct.h\n'}
[15.768074] (px4_msgs) StdoutLine: {'line': b'-- Up-to-date symlink: /home/giromi/Repos/VTOL/ws_sensor_combined_src/install/px4_msgs/include/px4_msgs/px4_msgs/msg/detail/tiltrotor_extra_controls__type_support.h\n'}
[15.768368] (px4_msgs) StdoutLine: {'line': b'-- Up-to-date symlink: /home/giromi/Repos/VTOL/ws_sensor_combined_src/install/px4_msgs/include/px4_msgs/px4_msgs/msg/detail/timesync_status__functions.h\n'}
[15.768646] (px4_msgs) StdoutLine: {'line': b'-- Up-to-date symlink: /home/giromi/Repos/VTOL/ws_sensor_combined_src/install/px4_msgs/include/px4_msgs/px4_msgs/msg/detail/timesync_status__struct.h\n'}
[15.768875] (px4_msgs) StdoutLine: {'line': b'-- Up-to-date symlink: /home/giromi/Repos/VTOL/ws_sensor_combined_src/install/px4_msgs/include/px4_msgs/px4_msgs/msg/detail/timesync_status__type_support.h\n'}
[15.769160] (px4_msgs) StdoutLine: {'line': b'-- Up-to-date symlink: /home/giromi/Repos/VTOL/ws_sensor_combined_src/install/px4_msgs/include/px4_msgs/px4_msgs/msg/detail/trajectory_bezier__functions.h\n'}
[15.769431] (px4_msgs) StdoutLine: {'line': b'-- Up-to-date symlink: /home/giromi/Repos/VTOL/ws_sensor_combined_src/install/px4_msgs/include/px4_msgs/px4_msgs/msg/detail/trajectory_bezier__struct.h\n'}
[15.769695] (px4_msgs) StdoutLine: {'line': b'-- Up-to-date symlink: /home/giromi/Repos/VTOL/ws_sensor_combined_src/install/px4_msgs/include/px4_msgs/px4_msgs/msg/detail/trajectory_bezier__type_support.h\n'}
[15.769995] (px4_msgs) StdoutLine: {'line': b'-- Up-to-date symlink: /home/giromi/Repos/VTOL/ws_sensor_combined_src/install/px4_msgs/include/px4_msgs/px4_msgs/msg/detail/trajectory_setpoint__functions.h\n'}
[15.770264] (px4_msgs) StdoutLine: {'line': b'-- Up-to-date symlink: /home/giromi/Repos/VTOL/ws_sensor_combined_src/install/px4_msgs/include/px4_msgs/px4_msgs/msg/detail/trajectory_setpoint__struct.h\n'}
[15.770533] (px4_msgs) StdoutLine: {'line': b'-- Up-to-date symlink: /home/giromi/Repos/VTOL/ws_sensor_combined_src/install/px4_msgs/include/px4_msgs/px4_msgs/msg/detail/trajectory_setpoint__type_support.h\n'}
[15.770828] (px4_msgs) StdoutLine: {'line': b'-- Up-to-date symlink: /home/giromi/Repos/VTOL/ws_sensor_combined_src/install/px4_msgs/include/px4_msgs/px4_msgs/msg/detail/trajectory_waypoint__functions.h\n'}
[15.771061] (px4_msgs) StdoutLine: {'line': b'-- Up-to-date symlink: /home/giromi/Repos/VTOL/ws_sensor_combined_src/install/px4_msgs/include/px4_msgs/px4_msgs/msg/detail/trajectory_waypoint__struct.h\n'}
[15.771310] (px4_msgs) StdoutLine: {'line': b'-- Up-to-date symlink: /home/giromi/Repos/VTOL/ws_sensor_combined_src/install/px4_msgs/include/px4_msgs/px4_msgs/msg/detail/trajectory_waypoint__type_support.h\n'}
[15.771562] (px4_msgs) StdoutLine: {'line': b'-- Up-to-date symlink: /home/giromi/Repos/VTOL/ws_sensor_combined_src/install/px4_msgs/include/px4_msgs/px4_msgs/msg/detail/transponder_report__functions.h\n'}
[15.771846] (px4_msgs) StdoutLine: {'line': b'-- Up-to-date symlink: /home/giromi/Repos/VTOL/ws_sensor_combined_src/install/px4_msgs/include/px4_msgs/px4_msgs/msg/detail/transponder_report__struct.h\n'}
[15.772171] (px4_msgs) StdoutLine: {'line': b'-- Up-to-date symlink: /home/giromi/Repos/VTOL/ws_sensor_combined_src/install/px4_msgs/include/px4_msgs/px4_msgs/msg/detail/transponder_report__type_support.h\n'}
[15.772476] (px4_msgs) StdoutLine: {'line': b'-- Up-to-date symlink: /home/giromi/Repos/VTOL/ws_sensor_combined_src/install/px4_msgs/include/px4_msgs/px4_msgs/msg/detail/tune_control__functions.h\n'}
[15.772850] (px4_msgs) StdoutLine: {'line': b'-- Up-to-date symlink: /home/giromi/Repos/VTOL/ws_sensor_combined_src/install/px4_msgs/include/px4_msgs/px4_msgs/msg/detail/tune_control__struct.h\n'}
[15.773235] (px4_msgs) StdoutLine: {'line': b'-- Up-to-date symlink: /home/giromi/Repos/VTOL/ws_sensor_combined_src/install/px4_msgs/include/px4_msgs/px4_msgs/msg/detail/tune_control__type_support.h\n'}
[15.773514] (px4_msgs) StdoutLine: {'line': b'-- Up-to-date symlink: /home/giromi/Repos/VTOL/ws_sensor_combined_src/install/px4_msgs/include/px4_msgs/px4_msgs/msg/detail/uavcan_parameter_request__functions.h\n'}
[15.773789] (px4_msgs) StdoutLine: {'line': b'-- Up-to-date symlink: /home/giromi/Repos/VTOL/ws_sensor_combined_src/install/px4_msgs/include/px4_msgs/px4_msgs/msg/detail/uavcan_parameter_request__struct.h\n'}
[15.774107] (px4_msgs) StdoutLine: {'line': b'-- Up-to-date symlink: /home/giromi/Repos/VTOL/ws_sensor_combined_src/install/px4_msgs/include/px4_msgs/px4_msgs/msg/detail/uavcan_parameter_request__type_support.h\n'}
[15.774414] (px4_msgs) StdoutLine: {'line': b'-- Up-to-date symlink: /home/giromi/Repos/VTOL/ws_sensor_combined_src/install/px4_msgs/include/px4_msgs/px4_msgs/msg/detail/uavcan_parameter_value__functions.h\n'}
[15.774734] (px4_msgs) StdoutLine: {'line': b'-- Up-to-date symlink: /home/giromi/Repos/VTOL/ws_sensor_combined_src/install/px4_msgs/include/px4_msgs/px4_msgs/msg/detail/uavcan_parameter_value__struct.h\n'}
[15.775057] (px4_msgs) StdoutLine: {'line': b'-- Up-to-date symlink: /home/giromi/Repos/VTOL/ws_sensor_combined_src/install/px4_msgs/include/px4_msgs/px4_msgs/msg/detail/uavcan_parameter_value__type_support.h\n'}
[15.775388] (px4_msgs) StdoutLine: {'line': b'-- Up-to-date symlink: /home/giromi/Repos/VTOL/ws_sensor_combined_src/install/px4_msgs/include/px4_msgs/px4_msgs/msg/detail/ulog_stream__functions.h\n'}
[15.775720] (px4_msgs) StdoutLine: {'line': b'-- Up-to-date symlink: /home/giromi/Repos/VTOL/ws_sensor_combined_src/install/px4_msgs/include/px4_msgs/px4_msgs/msg/detail/ulog_stream__struct.h\n'}
[15.776018] (px4_msgs) StdoutLine: {'line': b'-- Up-to-date symlink: /home/giromi/Repos/VTOL/ws_sensor_combined_src/install/px4_msgs/include/px4_msgs/px4_msgs/msg/detail/ulog_stream__type_support.h\n'}
[15.776301] (px4_msgs) StdoutLine: {'line': b'-- Up-to-date symlink: /home/giromi/Repos/VTOL/ws_sensor_combined_src/install/px4_msgs/include/px4_msgs/px4_msgs/msg/detail/ulog_stream_ack__functions.h\n'}
[15.776618] (px4_msgs) StdoutLine: {'line': b'-- Up-to-date symlink: /home/giromi/Repos/VTOL/ws_sensor_combined_src/install/px4_msgs/include/px4_msgs/px4_msgs/msg/detail/ulog_stream_ack__struct.h\n'}
[15.776911] (px4_msgs) StdoutLine: {'line': b'-- Up-to-date symlink: /home/giromi/Repos/VTOL/ws_sensor_combined_src/install/px4_msgs/include/px4_msgs/px4_msgs/msg/detail/ulog_stream_ack__type_support.h\n'}
[15.777289] (px4_msgs) StdoutLine: {'line': b'-- Up-to-date symlink: /home/giromi/Repos/VTOL/ws_sensor_combined_src/install/px4_msgs/include/px4_msgs/px4_msgs/msg/detail/unregister_ext_component__functions.h\n'}
[15.777602] (px4_msgs) StdoutLine: {'line': b'-- Up-to-date symlink: /home/giromi/Repos/VTOL/ws_sensor_combined_src/install/px4_msgs/include/px4_msgs/px4_msgs/msg/detail/unregister_ext_component__struct.h\n'}
[15.777928] (px4_msgs) StdoutLine: {'line': b'-- Up-to-date symlink: /home/giromi/Repos/VTOL/ws_sensor_combined_src/install/px4_msgs/include/px4_msgs/px4_msgs/msg/detail/unregister_ext_component__type_support.h\n'}
[15.778255] (px4_msgs) StdoutLine: {'line': b'-- Up-to-date symlink: /home/giromi/Repos/VTOL/ws_sensor_combined_src/install/px4_msgs/include/px4_msgs/px4_msgs/msg/detail/vehicle_acceleration__functions.h\n'}
[15.778567] (px4_msgs) StdoutLine: {'line': b'-- Up-to-date symlink: /home/giromi/Repos/VTOL/ws_sensor_combined_src/install/px4_msgs/include/px4_msgs/px4_msgs/msg/detail/vehicle_acceleration__struct.h\n'}
[15.778865] (px4_msgs) StdoutLine: {'line': b'-- Up-to-date symlink: /home/giromi/Repos/VTOL/ws_sensor_combined_src/install/px4_msgs/include/px4_msgs/px4_msgs/msg/detail/vehicle_acceleration__type_support.h\n'}
[15.779198] (px4_msgs) StdoutLine: {'line': b'-- Up-to-date symlink: /home/giromi/Repos/VTOL/ws_sensor_combined_src/install/px4_msgs/include/px4_msgs/px4_msgs/msg/detail/vehicle_air_data__functions.h\n'}
[15.779496] (px4_msgs) StdoutLine: {'line': b'-- Up-to-date symlink: /home/giromi/Repos/VTOL/ws_sensor_combined_src/install/px4_msgs/include/px4_msgs/px4_msgs/msg/detail/vehicle_air_data__struct.h\n'}
[15.779792] (px4_msgs) StdoutLine: {'line': b'-- Up-to-date symlink: /home/giromi/Repos/VTOL/ws_sensor_combined_src/install/px4_msgs/include/px4_msgs/px4_msgs/msg/detail/vehicle_air_data__type_support.h\n'}
[15.780125] (px4_msgs) StdoutLine: {'line': b'-- Up-to-date symlink: /home/giromi/Repos/VTOL/ws_sensor_combined_src/install/px4_msgs/include/px4_msgs/px4_msgs/msg/detail/vehicle_angular_acceleration_setpoint__functions.h\n'}
[15.780453] (px4_msgs) StdoutLine: {'line': b'-- Up-to-date symlink: /home/giromi/Repos/VTOL/ws_sensor_combined_src/install/px4_msgs/include/px4_msgs/px4_msgs/msg/detail/vehicle_angular_acceleration_setpoint__struct.h\n'}
[15.780760] (px4_msgs) StdoutLine: {'line': b'-- Up-to-date symlink: /home/giromi/Repos/VTOL/ws_sensor_combined_src/install/px4_msgs/include/px4_msgs/px4_msgs/msg/detail/vehicle_angular_acceleration_setpoint__type_support.h\n'}
[15.781211] (px4_msgs) StdoutLine: {'line': b'-- Up-to-date symlink: /home/giromi/Repos/VTOL/ws_sensor_combined_src/install/px4_msgs/include/px4_msgs/px4_msgs/msg/detail/vehicle_angular_velocity__functions.h\n'}
[15.781483] (px4_msgs) StdoutLine: {'line': b'-- Up-to-date symlink: /home/giromi/Repos/VTOL/ws_sensor_combined_src/install/px4_msgs/include/px4_msgs/px4_msgs/msg/detail/vehicle_angular_velocity__struct.h\n'}
[15.781794] (px4_msgs) StdoutLine: {'line': b'-- Up-to-date symlink: /home/giromi/Repos/VTOL/ws_sensor_combined_src/install/px4_msgs/include/px4_msgs/px4_msgs/msg/detail/vehicle_angular_velocity__type_support.h\n'}
[15.782103] (px4_msgs) StdoutLine: {'line': b'-- Up-to-date symlink: /home/giromi/Repos/VTOL/ws_sensor_combined_src/install/px4_msgs/include/px4_msgs/px4_msgs/msg/detail/vehicle_attitude__functions.h\n'}
[15.782399] (px4_msgs) StdoutLine: {'line': b'-- Up-to-date symlink: /home/giromi/Repos/VTOL/ws_sensor_combined_src/install/px4_msgs/include/px4_msgs/px4_msgs/msg/detail/vehicle_attitude__struct.h\n'}
[15.782696] (px4_msgs) StdoutLine: {'line': b'-- Up-to-date symlink: /home/giromi/Repos/VTOL/ws_sensor_combined_src/install/px4_msgs/include/px4_msgs/px4_msgs/msg/detail/vehicle_attitude__type_support.h\n'}
[15.783007] (px4_msgs) StdoutLine: {'line': b'-- Up-to-date symlink: /home/giromi/Repos/VTOL/ws_sensor_combined_src/install/px4_msgs/include/px4_msgs/px4_msgs/msg/detail/vehicle_attitude_setpoint__functions.h\n'}
[15.783349] (px4_msgs) StdoutLine: {'line': b'-- Up-to-date symlink: /home/giromi/Repos/VTOL/ws_sensor_combined_src/install/px4_msgs/include/px4_msgs/px4_msgs/msg/detail/vehicle_attitude_setpoint__struct.h\n'}
[15.783676] (px4_msgs) StdoutLine: {'line': b'-- Up-to-date symlink: /home/giromi/Repos/VTOL/ws_sensor_combined_src/install/px4_msgs/include/px4_msgs/px4_msgs/msg/detail/vehicle_attitude_setpoint__type_support.h\n'}
[15.784000] (px4_msgs) StdoutLine: {'line': b'-- Up-to-date symlink: /home/giromi/Repos/VTOL/ws_sensor_combined_src/install/px4_msgs/include/px4_msgs/px4_msgs/msg/detail/vehicle_command__functions.h\n'}
[15.784296] (px4_msgs) StdoutLine: {'line': b'-- Up-to-date symlink: /home/giromi/Repos/VTOL/ws_sensor_combined_src/install/px4_msgs/include/px4_msgs/px4_msgs/msg/detail/vehicle_command__struct.h\n'}
[15.784604] (px4_msgs) StdoutLine: {'line': b'-- Up-to-date symlink: /home/giromi/Repos/VTOL/ws_sensor_combined_src/install/px4_msgs/include/px4_msgs/px4_msgs/msg/detail/vehicle_command__type_support.h\n'}
[15.784895] (px4_msgs) StdoutLine: {'line': b'-- Up-to-date symlink: /home/giromi/Repos/VTOL/ws_sensor_combined_src/install/px4_msgs/include/px4_msgs/px4_msgs/msg/detail/vehicle_command_ack__functions.h\n'}
[15.785242] (px4_msgs) StdoutLine: {'line': b'-- Up-to-date symlink: /home/giromi/Repos/VTOL/ws_sensor_combined_src/install/px4_msgs/include/px4_msgs/px4_msgs/msg/detail/vehicle_command_ack__struct.h\n'}
[15.785544] (px4_msgs) StdoutLine: {'line': b'-- Up-to-date symlink: /home/giromi/Repos/VTOL/ws_sensor_combined_src/install/px4_msgs/include/px4_msgs/px4_msgs/msg/detail/vehicle_command_ack__type_support.h\n'}
[15.785845] (px4_msgs) StdoutLine: {'line': b'-- Up-to-date symlink: /home/giromi/Repos/VTOL/ws_sensor_combined_src/install/px4_msgs/include/px4_msgs/px4_msgs/msg/detail/vehicle_constraints__functions.h\n'}
[15.786173] (px4_msgs) StdoutLine: {'line': b'-- Up-to-date symlink: /home/giromi/Repos/VTOL/ws_sensor_combined_src/install/px4_msgs/include/px4_msgs/px4_msgs/msg/detail/vehicle_constraints__struct.h\n'}
[15.786491] (px4_msgs) StdoutLine: {'line': b'-- Up-to-date symlink: /home/giromi/Repos/VTOL/ws_sensor_combined_src/install/px4_msgs/include/px4_msgs/px4_msgs/msg/detail/vehicle_constraints__type_support.h\n'}
[15.786825] (px4_msgs) StdoutLine: {'line': b'-- Up-to-date symlink: /home/giromi/Repos/VTOL/ws_sensor_combined_src/install/px4_msgs/include/px4_msgs/px4_msgs/msg/detail/vehicle_control_mode__functions.h\n'}
[15.787120] (px4_msgs) StdoutLine: {'line': b'-- Up-to-date symlink: /home/giromi/Repos/VTOL/ws_sensor_combined_src/install/px4_msgs/include/px4_msgs/px4_msgs/msg/detail/vehicle_control_mode__struct.h\n'}
[15.787414] (px4_msgs) StdoutLine: {'line': b'-- Up-to-date symlink: /home/giromi/Repos/VTOL/ws_sensor_combined_src/install/px4_msgs/include/px4_msgs/px4_msgs/msg/detail/vehicle_control_mode__type_support.h\n'}
[15.787718] (px4_msgs) StdoutLine: {'line': b'-- Up-to-date symlink: /home/giromi/Repos/VTOL/ws_sensor_combined_src/install/px4_msgs/include/px4_msgs/px4_msgs/msg/detail/vehicle_global_position__functions.h\n'}
[15.788014] (px4_msgs) StdoutLine: {'line': b'-- Up-to-date symlink: /home/giromi/Repos/VTOL/ws_sensor_combined_src/install/px4_msgs/include/px4_msgs/px4_msgs/msg/detail/vehicle_global_position__struct.h\n'}
[15.788308] (px4_msgs) StdoutLine: {'line': b'-- Up-to-date symlink: /home/giromi/Repos/VTOL/ws_sensor_combined_src/install/px4_msgs/include/px4_msgs/px4_msgs/msg/detail/vehicle_global_position__type_support.h\n'}
[15.788618] (px4_msgs) StdoutLine: {'line': b'-- Up-to-date symlink: /home/giromi/Repos/VTOL/ws_sensor_combined_src/install/px4_msgs/include/px4_msgs/px4_msgs/msg/detail/vehicle_imu__functions.h\n'}
[15.788937] (px4_msgs) StdoutLine: {'line': b'-- Up-to-date symlink: /home/giromi/Repos/VTOL/ws_sensor_combined_src/install/px4_msgs/include/px4_msgs/px4_msgs/msg/detail/vehicle_imu__struct.h\n'}
[15.789327] (px4_msgs) StdoutLine: {'line': b'-- Up-to-date symlink: /home/giromi/Repos/VTOL/ws_sensor_combined_src/install/px4_msgs/include/px4_msgs/px4_msgs/msg/detail/vehicle_imu__type_support.h\n'}
[15.789649] (px4_msgs) StdoutLine: {'line': b'-- Up-to-date symlink: /home/giromi/Repos/VTOL/ws_sensor_combined_src/install/px4_msgs/include/px4_msgs/px4_msgs/msg/detail/vehicle_imu_status__functions.h\n'}
[15.789932] (px4_msgs) StdoutLine: {'line': b'-- Up-to-date symlink: /home/giromi/Repos/VTOL/ws_sensor_combined_src/install/px4_msgs/include/px4_msgs/px4_msgs/msg/detail/vehicle_imu_status__struct.h\n'}
[15.790285] (px4_msgs) StdoutLine: {'line': b'-- Up-to-date symlink: /home/giromi/Repos/VTOL/ws_sensor_combined_src/install/px4_msgs/include/px4_msgs/px4_msgs/msg/detail/vehicle_imu_status__type_support.h\n'}
[15.790603] (px4_msgs) StdoutLine: {'line': b'-- Up-to-date symlink: /home/giromi/Repos/VTOL/ws_sensor_combined_src/install/px4_msgs/include/px4_msgs/px4_msgs/msg/detail/vehicle_land_detected__functions.h\n'}
[15.790913] (px4_msgs) StdoutLine: {'line': b'-- Up-to-date symlink: /home/giromi/Repos/VTOL/ws_sensor_combined_src/install/px4_msgs/include/px4_msgs/px4_msgs/msg/detail/vehicle_land_detected__struct.h\n'}
[15.791288] (px4_msgs) StdoutLine: {'line': b'-- Up-to-date symlink: /home/giromi/Repos/VTOL/ws_sensor_combined_src/install/px4_msgs/include/px4_msgs/px4_msgs/msg/detail/vehicle_land_detected__type_support.h\n'}
[15.791620] (px4_msgs) StdoutLine: {'line': b'-- Up-to-date symlink: /home/giromi/Repos/VTOL/ws_sensor_combined_src/install/px4_msgs/include/px4_msgs/px4_msgs/msg/detail/vehicle_local_position__functions.h\n'}
[15.791958] (px4_msgs) StdoutLine: {'line': b'-- Up-to-date symlink: /home/giromi/Repos/VTOL/ws_sensor_combined_src/install/px4_msgs/include/px4_msgs/px4_msgs/msg/detail/vehicle_local_position__struct.h\n'}
[15.792299] (px4_msgs) StdoutLine: {'line': b'-- Up-to-date symlink: /home/giromi/Repos/VTOL/ws_sensor_combined_src/install/px4_msgs/include/px4_msgs/px4_msgs/msg/detail/vehicle_local_position__type_support.h\n'}
[15.792626] (px4_msgs) StdoutLine: {'line': b'-- Up-to-date symlink: /home/giromi/Repos/VTOL/ws_sensor_combined_src/install/px4_msgs/include/px4_msgs/px4_msgs/msg/detail/vehicle_local_position_setpoint__functions.h\n'}
[15.792980] (px4_msgs) StdoutLine: {'line': b'-- Up-to-date symlink: /home/giromi/Repos/VTOL/ws_sensor_combined_src/install/px4_msgs/include/px4_msgs/px4_msgs/msg/detail/vehicle_local_position_setpoint__struct.h\n'}
[15.793394] (px4_msgs) StdoutLine: {'line': b'-- Up-to-date symlink: /home/giromi/Repos/VTOL/ws_sensor_combined_src/install/px4_msgs/include/px4_msgs/px4_msgs/msg/detail/vehicle_local_position_setpoint__type_support.h\n'}
[15.793719] (px4_msgs) StdoutLine: {'line': b'-- Up-to-date symlink: /home/giromi/Repos/VTOL/ws_sensor_combined_src/install/px4_msgs/include/px4_msgs/px4_msgs/msg/detail/vehicle_magnetometer__functions.h\n'}
[15.794048] (px4_msgs) StdoutLine: {'line': b'-- Up-to-date symlink: /home/giromi/Repos/VTOL/ws_sensor_combined_src/install/px4_msgs/include/px4_msgs/px4_msgs/msg/detail/vehicle_magnetometer__struct.h\n'}
[15.794393] (px4_msgs) StdoutLine: {'line': b'-- Up-to-date symlink: /home/giromi/Repos/VTOL/ws_sensor_combined_src/install/px4_msgs/include/px4_msgs/px4_msgs/msg/detail/vehicle_magnetometer__type_support.h\n'}
[15.794741] (px4_msgs) StdoutLine: {'line': b'-- Up-to-date symlink: /home/giromi/Repos/VTOL/ws_sensor_combined_src/install/px4_msgs/include/px4_msgs/px4_msgs/msg/detail/vehicle_odometry__functions.h\n'}
[15.795056] (px4_msgs) StdoutLine: {'line': b'-- Up-to-date symlink: /home/giromi/Repos/VTOL/ws_sensor_combined_src/install/px4_msgs/include/px4_msgs/px4_msgs/msg/detail/vehicle_odometry__struct.h\n'}
[15.795420] (px4_msgs) StdoutLine: {'line': b'-- Up-to-date symlink: /home/giromi/Repos/VTOL/ws_sensor_combined_src/install/px4_msgs/include/px4_msgs/px4_msgs/msg/detail/vehicle_odometry__type_support.h\n'}
[15.795757] (px4_msgs) StdoutLine: {'line': b'-- Up-to-date symlink: /home/giromi/Repos/VTOL/ws_sensor_combined_src/install/px4_msgs/include/px4_msgs/px4_msgs/msg/detail/vehicle_optical_flow__functions.h\n'}
[15.796075] (px4_msgs) StdoutLine: {'line': b'-- Up-to-date symlink: /home/giromi/Repos/VTOL/ws_sensor_combined_src/install/px4_msgs/include/px4_msgs/px4_msgs/msg/detail/vehicle_optical_flow__struct.h\n'}
[15.796414] (px4_msgs) StdoutLine: {'line': b'-- Up-to-date symlink: /home/giromi/Repos/VTOL/ws_sensor_combined_src/install/px4_msgs/include/px4_msgs/px4_msgs/msg/detail/vehicle_optical_flow__type_support.h\n'}
[15.796723] (px4_msgs) StdoutLine: {'line': b'-- Up-to-date symlink: /home/giromi/Repos/VTOL/ws_sensor_combined_src/install/px4_msgs/include/px4_msgs/px4_msgs/msg/detail/vehicle_optical_flow_vel__functions.h\n'}
[15.797119] (px4_msgs) StdoutLine: {'line': b'-- Up-to-date symlink: /home/giromi/Repos/VTOL/ws_sensor_combined_src/install/px4_msgs/include/px4_msgs/px4_msgs/msg/detail/vehicle_optical_flow_vel__struct.h\n'}
[15.797419] (px4_msgs) StdoutLine: {'line': b'-- Up-to-date symlink: /home/giromi/Repos/VTOL/ws_sensor_combined_src/install/px4_msgs/include/px4_msgs/px4_msgs/msg/detail/vehicle_optical_flow_vel__type_support.h\n'}
[15.797733] (px4_msgs) StdoutLine: {'line': b'-- Up-to-date symlink: /home/giromi/Repos/VTOL/ws_sensor_combined_src/install/px4_msgs/include/px4_msgs/px4_msgs/msg/detail/vehicle_rates_setpoint__functions.h\n'}
[15.798045] (px4_msgs) StdoutLine: {'line': b'-- Up-to-date symlink: /home/giromi/Repos/VTOL/ws_sensor_combined_src/install/px4_msgs/include/px4_msgs/px4_msgs/msg/detail/vehicle_rates_setpoint__struct.h\n'}
[15.798385] (px4_msgs) StdoutLine: {'line': b'-- Up-to-date symlink: /home/giromi/Repos/VTOL/ws_sensor_combined_src/install/px4_msgs/include/px4_msgs/px4_msgs/msg/detail/vehicle_rates_setpoint__type_support.h\n'}
[15.798673] (px4_msgs) StdoutLine: {'line': b'-- Up-to-date symlink: /home/giromi/Repos/VTOL/ws_sensor_combined_src/install/px4_msgs/include/px4_msgs/px4_msgs/msg/detail/vehicle_roi__functions.h\n'}
[15.798971] (px4_msgs) StdoutLine: {'line': b'-- Up-to-date symlink: /home/giromi/Repos/VTOL/ws_sensor_combined_src/install/px4_msgs/include/px4_msgs/px4_msgs/msg/detail/vehicle_roi__struct.h\n'}
[15.799273] (px4_msgs) StdoutLine: {'line': b'-- Up-to-date symlink: /home/giromi/Repos/VTOL/ws_sensor_combined_src/install/px4_msgs/include/px4_msgs/px4_msgs/msg/detail/vehicle_roi__type_support.h\n'}
[15.799581] (px4_msgs) StdoutLine: {'line': b'-- Up-to-date symlink: /home/giromi/Repos/VTOL/ws_sensor_combined_src/install/px4_msgs/include/px4_msgs/px4_msgs/msg/detail/vehicle_status__functions.h\n'}
[15.799879] (px4_msgs) StdoutLine: {'line': b'-- Up-to-date symlink: /home/giromi/Repos/VTOL/ws_sensor_combined_src/install/px4_msgs/include/px4_msgs/px4_msgs/msg/detail/vehicle_status__struct.h\n'}
[15.800186] (px4_msgs) StdoutLine: {'line': b'-- Up-to-date symlink: /home/giromi/Repos/VTOL/ws_sensor_combined_src/install/px4_msgs/include/px4_msgs/px4_msgs/msg/detail/vehicle_status__type_support.h\n'}
[15.800489] (px4_msgs) StdoutLine: {'line': b'-- Up-to-date symlink: /home/giromi/Repos/VTOL/ws_sensor_combined_src/install/px4_msgs/include/px4_msgs/px4_msgs/msg/detail/vehicle_thrust_setpoint__functions.h\n'}
[15.800815] (px4_msgs) StdoutLine: {'line': b'-- Up-to-date symlink: /home/giromi/Repos/VTOL/ws_sensor_combined_src/install/px4_msgs/include/px4_msgs/px4_msgs/msg/detail/vehicle_thrust_setpoint__struct.h\n'}
[15.801135] (px4_msgs) StdoutLine: {'line': b'-- Up-to-date symlink: /home/giromi/Repos/VTOL/ws_sensor_combined_src/install/px4_msgs/include/px4_msgs/px4_msgs/msg/detail/vehicle_thrust_setpoint__type_support.h\n'}
[15.801419] (px4_msgs) StdoutLine: {'line': b'-- Up-to-date symlink: /home/giromi/Repos/VTOL/ws_sensor_combined_src/install/px4_msgs/include/px4_msgs/px4_msgs/msg/detail/vehicle_torque_setpoint__functions.h\n'}
[15.801705] (px4_msgs) StdoutLine: {'line': b'-- Up-to-date symlink: /home/giromi/Repos/VTOL/ws_sensor_combined_src/install/px4_msgs/include/px4_msgs/px4_msgs/msg/detail/vehicle_torque_setpoint__struct.h\n'}
[15.802004] (px4_msgs) StdoutLine: {'line': b'-- Up-to-date symlink: /home/giromi/Repos/VTOL/ws_sensor_combined_src/install/px4_msgs/include/px4_msgs/px4_msgs/msg/detail/vehicle_torque_setpoint__type_support.h\n'}
[15.802356] (px4_msgs) StdoutLine: {'line': b'-- Up-to-date symlink: /home/giromi/Repos/VTOL/ws_sensor_combined_src/install/px4_msgs/include/px4_msgs/px4_msgs/msg/detail/vehicle_trajectory_bezier__functions.h\n'}
[15.802659] (px4_msgs) StdoutLine: {'line': b'-- Up-to-date symlink: /home/giromi/Repos/VTOL/ws_sensor_combined_src/install/px4_msgs/include/px4_msgs/px4_msgs/msg/detail/vehicle_trajectory_bezier__struct.h\n'}
[15.802974] (px4_msgs) StdoutLine: {'line': b'-- Up-to-date symlink: /home/giromi/Repos/VTOL/ws_sensor_combined_src/install/px4_msgs/include/px4_msgs/px4_msgs/msg/detail/vehicle_trajectory_bezier__type_support.h\n'}
[15.803261] (px4_msgs) StdoutLine: {'line': b'-- Up-to-date symlink: /home/giromi/Repos/VTOL/ws_sensor_combined_src/install/px4_msgs/include/px4_msgs/px4_msgs/msg/detail/vehicle_trajectory_waypoint__functions.h\n'}
[15.803635] (px4_msgs) StdoutLine: {'line': b'-- Up-to-date symlink: /home/giromi/Repos/VTOL/ws_sensor_combined_src/install/px4_msgs/include/px4_msgs/px4_msgs/msg/detail/vehicle_trajectory_waypoint__struct.h\n'}
[15.803936] (px4_msgs) StdoutLine: {'line': b'-- Up-to-date symlink: /home/giromi/Repos/VTOL/ws_sensor_combined_src/install/px4_msgs/include/px4_msgs/px4_msgs/msg/detail/vehicle_trajectory_waypoint__type_support.h\n'}
[15.804291] (px4_msgs) StdoutLine: {'line': b'-- Up-to-date symlink: /home/giromi/Repos/VTOL/ws_sensor_combined_src/install/px4_msgs/include/px4_msgs/px4_msgs/msg/detail/velocity_limits__functions.h\n'}
[15.804590] (px4_msgs) StdoutLine: {'line': b'-- Up-to-date symlink: /home/giromi/Repos/VTOL/ws_sensor_combined_src/install/px4_msgs/include/px4_msgs/px4_msgs/msg/detail/velocity_limits__struct.h\n'}
[15.804891] (px4_msgs) StdoutLine: {'line': b'-- Up-to-date symlink: /home/giromi/Repos/VTOL/ws_sensor_combined_src/install/px4_msgs/include/px4_msgs/px4_msgs/msg/detail/velocity_limits__type_support.h\n'}
[15.805222] (px4_msgs) StdoutLine: {'line': b'-- Up-to-date symlink: /home/giromi/Repos/VTOL/ws_sensor_combined_src/install/px4_msgs/include/px4_msgs/px4_msgs/msg/detail/vtol_vehicle_status__functions.h\n'}
[15.805578] (px4_msgs) StdoutLine: {'line': b'-- Up-to-date symlink: /home/giromi/Repos/VTOL/ws_sensor_combined_src/install/px4_msgs/include/px4_msgs/px4_msgs/msg/detail/vtol_vehicle_status__struct.h\n'}
[15.805918] (px4_msgs) StdoutLine: {'line': b'-- Up-to-date symlink: /home/giromi/Repos/VTOL/ws_sensor_combined_src/install/px4_msgs/include/px4_msgs/px4_msgs/msg/detail/vtol_vehicle_status__type_support.h\n'}
[15.806248] (px4_msgs) StdoutLine: {'line': b'-- Up-to-date symlink: /home/giromi/Repos/VTOL/ws_sensor_combined_src/install/px4_msgs/include/px4_msgs/px4_msgs/msg/detail/wheel_encoders__functions.h\n'}
[15.806600] (px4_msgs) StdoutLine: {'line': b'-- Up-to-date symlink: /home/giromi/Repos/VTOL/ws_sensor_combined_src/install/px4_msgs/include/px4_msgs/px4_msgs/msg/detail/wheel_encoders__struct.h\n'}
[15.806942] (px4_msgs) StdoutLine: {'line': b'-- Up-to-date symlink: /home/giromi/Repos/VTOL/ws_sensor_combined_src/install/px4_msgs/include/px4_msgs/px4_msgs/msg/detail/wheel_encoders__type_support.h\n'}
[15.807261] (px4_msgs) StdoutLine: {'line': b'-- Up-to-date symlink: /home/giromi/Repos/VTOL/ws_sensor_combined_src/install/px4_msgs/include/px4_msgs/px4_msgs/msg/detail/wind__functions.h\n'}
[15.807616] (px4_msgs) StdoutLine: {'line': b'-- Up-to-date symlink: /home/giromi/Repos/VTOL/ws_sensor_combined_src/install/px4_msgs/include/px4_msgs/px4_msgs/msg/detail/wind__struct.h\n'}
[15.807943] (px4_msgs) StdoutLine: {'line': b'-- Up-to-date symlink: /home/giromi/Repos/VTOL/ws_sensor_combined_src/install/px4_msgs/include/px4_msgs/px4_msgs/msg/detail/wind__type_support.h\n'}
[15.808268] (px4_msgs) StdoutLine: {'line': b'-- Up-to-date symlink: /home/giromi/Repos/VTOL/ws_sensor_combined_src/install/px4_msgs/include/px4_msgs/px4_msgs/msg/detail/yaw_estimator_status__functions.h\n'}
[15.808606] (px4_msgs) StdoutLine: {'line': b'-- Up-to-date symlink: /home/giromi/Repos/VTOL/ws_sensor_combined_src/install/px4_msgs/include/px4_msgs/px4_msgs/msg/detail/yaw_estimator_status__struct.h\n'}
[15.808939] (px4_msgs) StdoutLine: {'line': b'-- Up-to-date symlink: /home/giromi/Repos/VTOL/ws_sensor_combined_src/install/px4_msgs/include/px4_msgs/px4_msgs/msg/detail/yaw_estimator_status__type_support.h\n'}
[15.809310] (px4_msgs) StdoutLine: {'line': b'-- Up-to-date symlink: /home/giromi/Repos/VTOL/ws_sensor_combined_src/install/px4_msgs/include/px4_msgs/px4_msgs/msg/differential_drive_setpoint.h\n'}
[15.809640] (px4_msgs) StdoutLine: {'line': b'-- Up-to-date symlink: /home/giromi/Repos/VTOL/ws_sensor_combined_src/install/px4_msgs/include/px4_msgs/px4_msgs/msg/differential_pressure.h\n'}
[15.809976] (px4_msgs) StdoutLine: {'line': b'-- Up-to-date symlink: /home/giromi/Repos/VTOL/ws_sensor_combined_src/install/px4_msgs/include/px4_msgs/px4_msgs/msg/distance_sensor.h\n'}
[15.810297] (px4_msgs) StdoutLine: {'line': b'-- Up-to-date symlink: /home/giromi/Repos/VTOL/ws_sensor_combined_src/install/px4_msgs/include/px4_msgs/px4_msgs/msg/ekf2_timestamps.h\n'}
[15.810653] (px4_msgs) StdoutLine: {'line': b'-- Up-to-date symlink: /home/giromi/Repos/VTOL/ws_sensor_combined_src/install/px4_msgs/include/px4_msgs/px4_msgs/msg/esc_report.h\n'}
[15.810976] (px4_msgs) StdoutLine: {'line': b'-- Up-to-date symlink: /home/giromi/Repos/VTOL/ws_sensor_combined_src/install/px4_msgs/include/px4_msgs/px4_msgs/msg/esc_status.h\n'}
[15.811325] (px4_msgs) StdoutLine: {'line': b'-- Up-to-date symlink: /home/giromi/Repos/VTOL/ws_sensor_combined_src/install/px4_msgs/include/px4_msgs/px4_msgs/msg/estimator_aid_source1d.h\n'}
[15.811644] (px4_msgs) StdoutLine: {'line': b'-- Up-to-date symlink: /home/giromi/Repos/VTOL/ws_sensor_combined_src/install/px4_msgs/include/px4_msgs/px4_msgs/msg/estimator_aid_source2d.h\n'}
[15.811954] (px4_msgs) StdoutLine: {'line': b'-- Up-to-date symlink: /home/giromi/Repos/VTOL/ws_sensor_combined_src/install/px4_msgs/include/px4_msgs/px4_msgs/msg/estimator_aid_source3d.h\n'}
[15.812279] (px4_msgs) StdoutLine: {'line': b'-- Up-to-date symlink: /home/giromi/Repos/VTOL/ws_sensor_combined_src/install/px4_msgs/include/px4_msgs/px4_msgs/msg/estimator_bias.h\n'}
[15.812594] (px4_msgs) StdoutLine: {'line': b'-- Up-to-date symlink: /home/giromi/Repos/VTOL/ws_sensor_combined_src/install/px4_msgs/include/px4_msgs/px4_msgs/msg/estimator_bias3d.h\n'}
[15.812903] (px4_msgs) StdoutLine: {'line': b'-- Up-to-date symlink: /home/giromi/Repos/VTOL/ws_sensor_combined_src/install/px4_msgs/include/px4_msgs/px4_msgs/msg/estimator_event_flags.h\n'}
[15.813259] (px4_msgs) StdoutLine: {'line': b'-- Up-to-date symlink: /home/giromi/Repos/VTOL/ws_sensor_combined_src/install/px4_msgs/include/px4_msgs/px4_msgs/msg/estimator_gps_status.h\n'}
[15.813585] (px4_msgs) StdoutLine: {'line': b'-- Up-to-date symlink: /home/giromi/Repos/VTOL/ws_sensor_combined_src/install/px4_msgs/include/px4_msgs/px4_msgs/msg/estimator_innovations.h\n'}
[15.813904] (px4_msgs) StdoutLine: {'line': b'-- Up-to-date symlink: /home/giromi/Repos/VTOL/ws_sensor_combined_src/install/px4_msgs/include/px4_msgs/px4_msgs/msg/estimator_selector_status.h\n'}
[15.814211] (px4_msgs) StdoutLine: {'line': b'-- Up-to-date symlink: /home/giromi/Repos/VTOL/ws_sensor_combined_src/install/px4_msgs/include/px4_msgs/px4_msgs/msg/estimator_sensor_bias.h\n'}
[15.814552] (px4_msgs) StdoutLine: {'line': b'-- Up-to-date symlink: /home/giromi/Repos/VTOL/ws_sensor_combined_src/install/px4_msgs/include/px4_msgs/px4_msgs/msg/estimator_states.h\n'}
[15.814865] (px4_msgs) StdoutLine: {'line': b'-- Up-to-date symlink: /home/giromi/Repos/VTOL/ws_sensor_combined_src/install/px4_msgs/include/px4_msgs/px4_msgs/msg/estimator_status.h\n'}
[15.815186] (px4_msgs) StdoutLine: {'line': b'-- Up-to-date symlink: /home/giromi/Repos/VTOL/ws_sensor_combined_src/install/px4_msgs/include/px4_msgs/px4_msgs/msg/estimator_status_flags.h\n'}
[15.815534] (px4_msgs) StdoutLine: {'line': b'-- Up-to-date symlink: /home/giromi/Repos/VTOL/ws_sensor_combined_src/install/px4_msgs/include/px4_msgs/px4_msgs/msg/event.h\n'}
[15.815857] (px4_msgs) StdoutLine: {'line': b'-- Up-to-date symlink: /home/giromi/Repos/VTOL/ws_sensor_combined_src/install/px4_msgs/include/px4_msgs/px4_msgs/msg/failsafe_flags.h\n'}
[15.816177] (px4_msgs) StdoutLine: {'line': b'-- Up-to-date symlink: /home/giromi/Repos/VTOL/ws_sensor_combined_src/install/px4_msgs/include/px4_msgs/px4_msgs/msg/failure_detector_status.h\n'}
[15.816563] (px4_msgs) StdoutLine: {'line': b'-- Up-to-date symlink: /home/giromi/Repos/VTOL/ws_sensor_combined_src/install/px4_msgs/include/px4_msgs/px4_msgs/msg/figure_eight_status.h\n'}
[15.816883] (px4_msgs) StdoutLine: {'line': b'-- Up-to-date symlink: /home/giromi/Repos/VTOL/ws_sensor_combined_src/install/px4_msgs/include/px4_msgs/px4_msgs/msg/follow_target.h\n'}
[15.817242] (px4_msgs) StdoutLine: {'line': b'-- Up-to-date symlink: /home/giromi/Repos/VTOL/ws_sensor_combined_src/install/px4_msgs/include/px4_msgs/px4_msgs/msg/follow_target_estimator.h\n'}
[15.817587] (px4_msgs) StdoutLine: {'line': b'-- Up-to-date symlink: /home/giromi/Repos/VTOL/ws_sensor_combined_src/install/px4_msgs/include/px4_msgs/px4_msgs/msg/follow_target_status.h\n'}
[15.817906] (px4_msgs) StdoutLine: {'line': b'-- Up-to-date symlink: /home/giromi/Repos/VTOL/ws_sensor_combined_src/install/px4_msgs/include/px4_msgs/px4_msgs/msg/generator_status.h\n'}
[15.818224] (px4_msgs) StdoutLine: {'line': b'-- Up-to-date symlink: /home/giromi/Repos/VTOL/ws_sensor_combined_src/install/px4_msgs/include/px4_msgs/px4_msgs/msg/geofence_result.h\n'}
[15.818574] (px4_msgs) StdoutLine: {'line': b'-- Up-to-date symlink: /home/giromi/Repos/VTOL/ws_sensor_combined_src/install/px4_msgs/include/px4_msgs/px4_msgs/msg/gimbal_controls.h\n'}
[15.818897] (px4_msgs) StdoutLine: {'line': b'-- Up-to-date symlink: /home/giromi/Repos/VTOL/ws_sensor_combined_src/install/px4_msgs/include/px4_msgs/px4_msgs/msg/gimbal_device_attitude_status.h\n'}
[15.819218] (px4_msgs) StdoutLine: {'line': b'-- Up-to-date symlink: /home/giromi/Repos/VTOL/ws_sensor_combined_src/install/px4_msgs/include/px4_msgs/px4_msgs/msg/gimbal_device_information.h\n'}
[15.819564] (px4_msgs) StdoutLine: {'line': b'-- Up-to-date symlink: /home/giromi/Repos/VTOL/ws_sensor_combined_src/install/px4_msgs/include/px4_msgs/px4_msgs/msg/gimbal_device_set_attitude.h\n'}
[15.819889] (px4_msgs) StdoutLine: {'line': b'-- Up-to-date symlink: /home/giromi/Repos/VTOL/ws_sensor_combined_src/install/px4_msgs/include/px4_msgs/px4_msgs/msg/gimbal_manager_information.h\n'}
[15.820210] (px4_msgs) StdoutLine: {'line': b'-- Up-to-date symlink: /home/giromi/Repos/VTOL/ws_sensor_combined_src/install/px4_msgs/include/px4_msgs/px4_msgs/msg/gimbal_manager_set_attitude.h\n'}
[15.820552] (px4_msgs) StdoutLine: {'line': b'-- Up-to-date symlink: /home/giromi/Repos/VTOL/ws_sensor_combined_src/install/px4_msgs/include/px4_msgs/px4_msgs/msg/gimbal_manager_set_manual_control.h\n'}
[15.820870] (px4_msgs) StdoutLine: {'line': b'-- Up-to-date symlink: /home/giromi/Repos/VTOL/ws_sensor_combined_src/install/px4_msgs/include/px4_msgs/px4_msgs/msg/gimbal_manager_status.h\n'}
[15.821208] (px4_msgs) StdoutLine: {'line': b'-- Up-to-date symlink: /home/giromi/Repos/VTOL/ws_sensor_combined_src/install/px4_msgs/include/px4_msgs/px4_msgs/msg/goto_setpoint.h\n'}
[15.821523] (px4_msgs) StdoutLine: {'line': b'-- Up-to-date symlink: /home/giromi/Repos/VTOL/ws_sensor_combined_src/install/px4_msgs/include/px4_msgs/px4_msgs/msg/gpio_config.h\n'}
[15.821847] (px4_msgs) StdoutLine: {'line': b'-- Up-to-date symlink: /home/giromi/Repos/VTOL/ws_sensor_combined_src/install/px4_msgs/include/px4_msgs/px4_msgs/msg/gpio_in.h\n'}
[15.822175] (px4_msgs) StdoutLine: {'line': b'-- Up-to-date symlink: /home/giromi/Repos/VTOL/ws_sensor_combined_src/install/px4_msgs/include/px4_msgs/px4_msgs/msg/gpio_out.h\n'}
[15.822515] (px4_msgs) StdoutLine: {'line': b'-- Up-to-date symlink: /home/giromi/Repos/VTOL/ws_sensor_combined_src/install/px4_msgs/include/px4_msgs/px4_msgs/msg/gpio_request.h\n'}
[15.822835] (px4_msgs) StdoutLine: {'line': b'-- Up-to-date symlink: /home/giromi/Repos/VTOL/ws_sensor_combined_src/install/px4_msgs/include/px4_msgs/px4_msgs/msg/gps_dump.h\n'}
[15.823151] (px4_msgs) StdoutLine: {'line': b'-- Up-to-date symlink: /home/giromi/Repos/VTOL/ws_sensor_combined_src/install/px4_msgs/include/px4_msgs/px4_msgs/msg/gps_inject_data.h\n'}
[15.823520] (px4_msgs) StdoutLine: {'line': b'-- Up-to-date symlink: /home/giromi/Repos/VTOL/ws_sensor_combined_src/install/px4_msgs/include/px4_msgs/px4_msgs/msg/gripper.h\n'}
[15.823841] (px4_msgs) StdoutLine: {'line': b'-- Up-to-date symlink: /home/giromi/Repos/VTOL/ws_sensor_combined_src/install/px4_msgs/include/px4_msgs/px4_msgs/msg/health_report.h\n'}
[15.824152] (px4_msgs) StdoutLine: {'line': b'-- Up-to-date symlink: /home/giromi/Repos/VTOL/ws_sensor_combined_src/install/px4_msgs/include/px4_msgs/px4_msgs/msg/heater_status.h\n'}
[15.824454] (px4_msgs) StdoutLine: {'line': b'-- Up-to-date symlink: /home/giromi/Repos/VTOL/ws_sensor_combined_src/install/px4_msgs/include/px4_msgs/px4_msgs/msg/home_position.h\n'}
[15.824786] (px4_msgs) StdoutLine: {'line': b'-- Up-to-date symlink: /home/giromi/Repos/VTOL/ws_sensor_combined_src/install/px4_msgs/include/px4_msgs/px4_msgs/msg/hover_thrust_estimate.h\n'}
[15.825135] (px4_msgs) StdoutLine: {'line': b'-- Up-to-date symlink: /home/giromi/Repos/VTOL/ws_sensor_combined_src/install/px4_msgs/include/px4_msgs/px4_msgs/msg/input_rc.h\n'}
[15.825445] (px4_msgs) StdoutLine: {'line': b'-- Up-to-date symlink: /home/giromi/Repos/VTOL/ws_sensor_combined_src/install/px4_msgs/include/px4_msgs/px4_msgs/msg/internal_combustion_engine_status.h\n'}
[15.825734] (px4_msgs) StdoutLine: {'line': b'-- Up-to-date symlink: /home/giromi/Repos/VTOL/ws_sensor_combined_src/install/px4_msgs/include/px4_msgs/px4_msgs/msg/iridiumsbd_status.h\n'}
[15.826021] (px4_msgs) StdoutLine: {'line': b'-- Up-to-date symlink: /home/giromi/Repos/VTOL/ws_sensor_combined_src/install/px4_msgs/include/px4_msgs/px4_msgs/msg/irlock_report.h\n'}
[15.826308] (px4_msgs) StdoutLine: {'line': b'-- Up-to-date symlink: /home/giromi/Repos/VTOL/ws_sensor_combined_src/install/px4_msgs/include/px4_msgs/px4_msgs/msg/landing_gear.h\n'}
[15.826609] (px4_msgs) StdoutLine: {'line': b'-- Up-to-date symlink: /home/giromi/Repos/VTOL/ws_sensor_combined_src/install/px4_msgs/include/px4_msgs/px4_msgs/msg/landing_gear_wheel.h\n'}
[15.826934] (px4_msgs) StdoutLine: {'line': b'-- Up-to-date symlink: /home/giromi/Repos/VTOL/ws_sensor_combined_src/install/px4_msgs/include/px4_msgs/px4_msgs/msg/landing_target_innovations.h\n'}
[15.827244] (px4_msgs) StdoutLine: {'line': b'-- Up-to-date symlink: /home/giromi/Repos/VTOL/ws_sensor_combined_src/install/px4_msgs/include/px4_msgs/px4_msgs/msg/landing_target_pose.h\n'}
[15.827587] (px4_msgs) StdoutLine: {'line': b'-- Up-to-date symlink: /home/giromi/Repos/VTOL/ws_sensor_combined_src/install/px4_msgs/include/px4_msgs/px4_msgs/msg/launch_detection_status.h\n'}
[15.827927] (px4_msgs) StdoutLine: {'line': b'-- Up-to-date symlink: /home/giromi/Repos/VTOL/ws_sensor_combined_src/install/px4_msgs/include/px4_msgs/px4_msgs/msg/led_control.h\n'}
[15.828212] (px4_msgs) StdoutLine: {'line': b'-- Up-to-date symlink: /home/giromi/Repos/VTOL/ws_sensor_combined_src/install/px4_msgs/include/px4_msgs/px4_msgs/msg/log_message.h\n'}
[15.828495] (px4_msgs) StdoutLine: {'line': b'-- Up-to-date symlink: /home/giromi/Repos/VTOL/ws_sensor_combined_src/install/px4_msgs/include/px4_msgs/px4_msgs/msg/logger_status.h\n'}
[15.828799] (px4_msgs) StdoutLine: {'line': b'-- Up-to-date symlink: /home/giromi/Repos/VTOL/ws_sensor_combined_src/install/px4_msgs/include/px4_msgs/px4_msgs/msg/mag_worker_data.h\n'}
[15.829153] (px4_msgs) StdoutLine: {'line': b'-- Up-to-date symlink: /home/giromi/Repos/VTOL/ws_sensor_combined_src/install/px4_msgs/include/px4_msgs/px4_msgs/msg/magnetometer_bias_estimate.h\n'}
[15.829451] (px4_msgs) StdoutLine: {'line': b'-- Up-to-date symlink: /home/giromi/Repos/VTOL/ws_sensor_combined_src/install/px4_msgs/include/px4_msgs/px4_msgs/msg/manual_control_setpoint.h\n'}
[15.829784] (px4_msgs) StdoutLine: {'line': b'-- Up-to-date symlink: /home/giromi/Repos/VTOL/ws_sensor_combined_src/install/px4_msgs/include/px4_msgs/px4_msgs/msg/manual_control_switches.h\n'}
[15.830081] (px4_msgs) StdoutLine: {'line': b'-- Up-to-date symlink: /home/giromi/Repos/VTOL/ws_sensor_combined_src/install/px4_msgs/include/px4_msgs/px4_msgs/msg/mavlink_log.h\n'}
[15.830381] (px4_msgs) StdoutLine: {'line': b'-- Up-to-date symlink: /home/giromi/Repos/VTOL/ws_sensor_combined_src/install/px4_msgs/include/px4_msgs/px4_msgs/msg/mavlink_tunnel.h\n'}
[15.830680] (px4_msgs) StdoutLine: {'line': b'-- Up-to-date symlink: /home/giromi/Repos/VTOL/ws_sensor_combined_src/install/px4_msgs/include/px4_msgs/px4_msgs/msg/message_format_request.h\n'}
[15.830985] (px4_msgs) StdoutLine: {'line': b'-- Up-to-date symlink: /home/giromi/Repos/VTOL/ws_sensor_combined_src/install/px4_msgs/include/px4_msgs/px4_msgs/msg/message_format_response.h\n'}
[15.831272] (px4_msgs) StdoutLine: {'line': b'-- Up-to-date symlink: /home/giromi/Repos/VTOL/ws_sensor_combined_src/install/px4_msgs/include/px4_msgs/px4_msgs/msg/mission.h\n'}
[15.831560] (px4_msgs) StdoutLine: {'line': b'-- Up-to-date symlink: /home/giromi/Repos/VTOL/ws_sensor_combined_src/install/px4_msgs/include/px4_msgs/px4_msgs/msg/mission_result.h\n'}
[15.831911] (px4_msgs) StdoutLine: {'line': b'-- Up-to-date symlink: /home/giromi/Repos/VTOL/ws_sensor_combined_src/install/px4_msgs/include/px4_msgs/px4_msgs/msg/mode_completed.h\n'}
[15.832201] (px4_msgs) StdoutLine: {'line': b'-- Up-to-date symlink: /home/giromi/Repos/VTOL/ws_sensor_combined_src/install/px4_msgs/include/px4_msgs/px4_msgs/msg/mount_orientation.h\n'}
[15.832517] (px4_msgs) StdoutLine: {'line': b'-- Up-to-date symlink: /home/giromi/Repos/VTOL/ws_sensor_combined_src/install/px4_msgs/include/px4_msgs/px4_msgs/msg/navigator_mission_item.h\n'}
[15.832828] (px4_msgs) StdoutLine: {'line': b'-- Up-to-date symlink: /home/giromi/Repos/VTOL/ws_sensor_combined_src/install/px4_msgs/include/px4_msgs/px4_msgs/msg/normalized_unsigned_setpoint.h\n'}
[15.833171] (px4_msgs) StdoutLine: {'line': b'-- Up-to-date symlink: /home/giromi/Repos/VTOL/ws_sensor_combined_src/install/px4_msgs/include/px4_msgs/px4_msgs/msg/npfg_status.h\n'}
[15.833457] (px4_msgs) StdoutLine: {'line': b'-- Up-to-date symlink: /home/giromi/Repos/VTOL/ws_sensor_combined_src/install/px4_msgs/include/px4_msgs/px4_msgs/msg/obstacle_distance.h\n'}
[15.833740] (px4_msgs) StdoutLine: {'line': b'-- Up-to-date symlink: /home/giromi/Repos/VTOL/ws_sensor_combined_src/install/px4_msgs/include/px4_msgs/px4_msgs/msg/offboard_control_mode.h\n'}
[15.834013] (px4_msgs) StdoutLine: {'line': b'-- Up-to-date symlink: /home/giromi/Repos/VTOL/ws_sensor_combined_src/install/px4_msgs/include/px4_msgs/px4_msgs/msg/onboard_computer_status.h\n'}
[15.834314] (px4_msgs) StdoutLine: {'line': b'-- Up-to-date symlink: /home/giromi/Repos/VTOL/ws_sensor_combined_src/install/px4_msgs/include/px4_msgs/px4_msgs/msg/orb_test.h\n'}
[15.834629] (px4_msgs) StdoutLine: {'line': b'-- Up-to-date symlink: /home/giromi/Repos/VTOL/ws_sensor_combined_src/install/px4_msgs/include/px4_msgs/px4_msgs/msg/orb_test_large.h\n'}
[15.834924] (px4_msgs) StdoutLine: {'line': b'-- Up-to-date symlink: /home/giromi/Repos/VTOL/ws_sensor_combined_src/install/px4_msgs/include/px4_msgs/px4_msgs/msg/orb_test_medium.h\n'}
[15.835238] (px4_msgs) StdoutLine: {'line': b'-- Up-to-date symlink: /home/giromi/Repos/VTOL/ws_sensor_combined_src/install/px4_msgs/include/px4_msgs/px4_msgs/msg/orbit_status.h\n'}
[15.835564] (px4_msgs) StdoutLine: {'line': b'-- Up-to-date symlink: /home/giromi/Repos/VTOL/ws_sensor_combined_src/install/px4_msgs/include/px4_msgs/px4_msgs/msg/parameter_update.h\n'}
[15.835935] (px4_msgs) StdoutLine: {'line': b'-- Up-to-date symlink: /home/giromi/Repos/VTOL/ws_sensor_combined_src/install/px4_msgs/include/px4_msgs/px4_msgs/msg/ping.h\n'}
[15.836525] (px4_msgs) StdoutLine: {'line': b'-- Up-to-date symlink: /home/giromi/Repos/VTOL/ws_sensor_combined_src/install/px4_msgs/include/px4_msgs/px4_msgs/msg/position_controller_landing_status.h\n'}
[15.836938] (px4_msgs) StdoutLine: {'line': b'-- Up-to-date symlink: /home/giromi/Repos/VTOL/ws_sensor_combined_src/install/px4_msgs/include/px4_msgs/px4_msgs/msg/position_controller_status.h\n'}
[15.837341] (px4_msgs) StdoutLine: {'line': b'-- Up-to-date symlink: /home/giromi/Repos/VTOL/ws_sensor_combined_src/install/px4_msgs/include/px4_msgs/px4_msgs/msg/position_setpoint.h\n'}
[15.837691] (px4_msgs) StdoutLine: {'line': b'-- Up-to-date symlink: /home/giromi/Repos/VTOL/ws_sensor_combined_src/install/px4_msgs/include/px4_msgs/px4_msgs/msg/position_setpoint_triplet.h\n'}
[15.838026] (px4_msgs) StdoutLine: {'line': b'-- Up-to-date symlink: /home/giromi/Repos/VTOL/ws_sensor_combined_src/install/px4_msgs/include/px4_msgs/px4_msgs/msg/power_button_state.h\n'}
[15.838353] (px4_msgs) StdoutLine: {'line': b'-- Up-to-date symlink: /home/giromi/Repos/VTOL/ws_sensor_combined_src/install/px4_msgs/include/px4_msgs/px4_msgs/msg/power_monitor.h\n'}
[15.838685] (px4_msgs) StdoutLine: {'line': b'-- Up-to-date symlink: /home/giromi/Repos/VTOL/ws_sensor_combined_src/install/px4_msgs/include/px4_msgs/px4_msgs/msg/pps_capture.h\n'}
[15.839020] (px4_msgs) StdoutLine: {'line': b'-- Up-to-date symlink: /home/giromi/Repos/VTOL/ws_sensor_combined_src/install/px4_msgs/include/px4_msgs/px4_msgs/msg/pwm_input.h\n'}
[15.839352] (px4_msgs) StdoutLine: {'line': b'-- Up-to-date symlink: /home/giromi/Repos/VTOL/ws_sensor_combined_src/install/px4_msgs/include/px4_msgs/px4_msgs/msg/px4io_status.h\n'}
[15.839665] (px4_msgs) StdoutLine: {'line': b'-- Up-to-date symlink: /home/giromi/Repos/VTOL/ws_sensor_combined_src/install/px4_msgs/include/px4_msgs/px4_msgs/msg/qshell_req.h\n'}
[15.839970] (px4_msgs) StdoutLine: {'line': b'-- Up-to-date symlink: /home/giromi/Repos/VTOL/ws_sensor_combined_src/install/px4_msgs/include/px4_msgs/px4_msgs/msg/qshell_retval.h\n'}
[15.840257] (px4_msgs) StdoutLine: {'line': b'-- Up-to-date symlink: /home/giromi/Repos/VTOL/ws_sensor_combined_src/install/px4_msgs/include/px4_msgs/px4_msgs/msg/radio_status.h\n'}
[15.840545] (px4_msgs) StdoutLine: {'line': b'-- Up-to-date symlink: /home/giromi/Repos/VTOL/ws_sensor_combined_src/install/px4_msgs/include/px4_msgs/px4_msgs/msg/rate_ctrl_status.h\n'}
[15.840834] (px4_msgs) StdoutLine: {'line': b'-- Up-to-date symlink: /home/giromi/Repos/VTOL/ws_sensor_combined_src/install/px4_msgs/include/px4_msgs/px4_msgs/msg/rc_channels.h\n'}
[15.841148] (px4_msgs) StdoutLine: {'line': b'-- Up-to-date symlink: /home/giromi/Repos/VTOL/ws_sensor_combined_src/install/px4_msgs/include/px4_msgs/px4_msgs/msg/rc_parameter_map.h\n'}
[15.841479] (px4_msgs) StdoutLine: {'line': b'-- Up-to-date symlink: /home/giromi/Repos/VTOL/ws_sensor_combined_src/install/px4_msgs/include/px4_msgs/px4_msgs/msg/register_ext_component_reply.h\n'}
[15.841785] (px4_msgs) StdoutLine: {'line': b'-- Up-to-date symlink: /home/giromi/Repos/VTOL/ws_sensor_combined_src/install/px4_msgs/include/px4_msgs/px4_msgs/msg/register_ext_component_request.h\n'}
[15.842147] (px4_msgs) StdoutLine: {'line': b'-- Up-to-date symlink: /home/giromi/Repos/VTOL/ws_sensor_combined_src/install/px4_msgs/include/px4_msgs/px4_msgs/msg/rosidl_generator_c__visibility_control.h\n'}
[15.842415] (px4_msgs) StdoutLine: {'line': b'-- Up-to-date symlink: /home/giromi/Repos/VTOL/ws_sensor_combined_src/install/px4_msgs/include/px4_msgs/px4_msgs/msg/rpm.h\n'}
[15.842721] (px4_msgs) StdoutLine: {'line': b'-- Up-to-date symlink: /home/giromi/Repos/VTOL/ws_sensor_combined_src/install/px4_msgs/include/px4_msgs/px4_msgs/msg/rtl_time_estimate.h\n'}
[15.843021] (px4_msgs) StdoutLine: {'line': b'-- Up-to-date symlink: /home/giromi/Repos/VTOL/ws_sensor_combined_src/install/px4_msgs/include/px4_msgs/px4_msgs/msg/satellite_info.h\n'}
[15.843256] (px4_msgs) StdoutLine: {'line': b'-- Up-to-date symlink: /home/giromi/Repos/VTOL/ws_sensor_combined_src/install/px4_msgs/include/px4_msgs/px4_msgs/msg/sensor_accel.h\n'}
[15.843543] (px4_msgs) StdoutLine: {'line': b'-- Up-to-date symlink: /home/giromi/Repos/VTOL/ws_sensor_combined_src/install/px4_msgs/include/px4_msgs/px4_msgs/msg/sensor_accel_fifo.h\n'}
[15.852019] (px4_msgs) StdoutLine: {'line': b'-- Up-to-date symlink: /home/giromi/Repos/VTOL/ws_sensor_combined_src/install/px4_msgs/include/px4_msgs/px4_msgs/msg/sensor_airflow.h\n'}
[15.852266] (px4_msgs) StdoutLine: {'line': b'-- Up-to-date symlink: /home/giromi/Repos/VTOL/ws_sensor_combined_src/install/px4_msgs/include/px4_msgs/px4_msgs/msg/sensor_baro.h\n'}
[15.852522] (px4_msgs) StdoutLine: {'line': b'-- Up-to-date symlink: /home/giromi/Repos/VTOL/ws_sensor_combined_src/install/px4_msgs/include/px4_msgs/px4_msgs/msg/sensor_combined.h\n'}
[15.852805] (px4_msgs) StdoutLine: {'line': b'-- Up-to-date symlink: /home/giromi/Repos/VTOL/ws_sensor_combined_src/install/px4_msgs/include/px4_msgs/px4_msgs/msg/sensor_correction.h\n'}
[15.853213] (px4_msgs) StdoutLine: {'line': b'-- Up-to-date symlink: /home/giromi/Repos/VTOL/ws_sensor_combined_src/install/px4_msgs/include/px4_msgs/px4_msgs/msg/sensor_gnss_relative.h\n'}
[15.853527] (px4_msgs) StdoutLine: {'line': b'-- Up-to-date symlink: /home/giromi/Repos/VTOL/ws_sensor_combined_src/install/px4_msgs/include/px4_msgs/px4_msgs/msg/sensor_gps.h\n'}
[15.853823] (px4_msgs) StdoutLine: {'line': b'-- Up-to-date symlink: /home/giromi/Repos/VTOL/ws_sensor_combined_src/install/px4_msgs/include/px4_msgs/px4_msgs/msg/sensor_gyro.h\n'}
[15.854107] (px4_msgs) StdoutLine: {'line': b'-- Up-to-date symlink: /home/giromi/Repos/VTOL/ws_sensor_combined_src/install/px4_msgs/include/px4_msgs/px4_msgs/msg/sensor_gyro_fft.h\n'}
[15.854362] (px4_msgs) StdoutLine: {'line': b'-- Up-to-date symlink: /home/giromi/Repos/VTOL/ws_sensor_combined_src/install/px4_msgs/include/px4_msgs/px4_msgs/msg/sensor_gyro_fifo.h\n'}
[15.854660] (px4_msgs) StdoutLine: {'line': b'-- Up-to-date symlink: /home/giromi/Repos/VTOL/ws_sensor_combined_src/install/px4_msgs/include/px4_msgs/px4_msgs/msg/sensor_hygrometer.h\n'}
[15.854916] (px4_msgs) StdoutLine: {'line': b'-- Up-to-date symlink: /home/giromi/Repos/VTOL/ws_sensor_combined_src/install/px4_msgs/include/px4_msgs/px4_msgs/msg/sensor_mag.h\n'}
[15.855210] (px4_msgs) StdoutLine: {'line': b'-- Up-to-date symlink: /home/giromi/Repos/VTOL/ws_sensor_combined_src/install/px4_msgs/include/px4_msgs/px4_msgs/msg/sensor_optical_flow.h\n'}
[15.855502] (px4_msgs) StdoutLine: {'line': b'-- Up-to-date symlink: /home/giromi/Repos/VTOL/ws_sensor_combined_src/install/px4_msgs/include/px4_msgs/px4_msgs/msg/sensor_preflight_mag.h\n'}
[15.855777] (px4_msgs) StdoutLine: {'line': b'-- Up-to-date symlink: /home/giromi/Repos/VTOL/ws_sensor_combined_src/install/px4_msgs/include/px4_msgs/px4_msgs/msg/sensor_selection.h\n'}
[15.856083] (px4_msgs) StdoutLine: {'line': b'-- Up-to-date symlink: /home/giromi/Repos/VTOL/ws_sensor_combined_src/install/px4_msgs/include/px4_msgs/px4_msgs/msg/sensor_uwb.h\n'}
[15.856179] (-) TimerEvent: {}
[15.856376] (px4_msgs) StdoutLine: {'line': b'-- Up-to-date symlink: /home/giromi/Repos/VTOL/ws_sensor_combined_src/install/px4_msgs/include/px4_msgs/px4_msgs/msg/sensors_status.h\n'}
[15.856675] (px4_msgs) StdoutLine: {'line': b'-- Up-to-date symlink: /home/giromi/Repos/VTOL/ws_sensor_combined_src/install/px4_msgs/include/px4_msgs/px4_msgs/msg/sensors_status_imu.h\n'}
[15.856999] (px4_msgs) StdoutLine: {'line': b'-- Up-to-date symlink: /home/giromi/Repos/VTOL/ws_sensor_combined_src/install/px4_msgs/include/px4_msgs/px4_msgs/msg/system_power.h\n'}
[15.857351] (px4_msgs) StdoutLine: {'line': b'-- Up-to-date symlink: /home/giromi/Repos/VTOL/ws_sensor_combined_src/install/px4_msgs/include/px4_msgs/px4_msgs/msg/takeoff_status.h\n'}
[15.857628] (px4_msgs) StdoutLine: {'line': b'-- Up-to-date symlink: /home/giromi/Repos/VTOL/ws_sensor_combined_src/install/px4_msgs/include/px4_msgs/px4_msgs/msg/task_stack_info.h\n'}
[15.857923] (px4_msgs) StdoutLine: {'line': b'-- Up-to-date symlink: /home/giromi/Repos/VTOL/ws_sensor_combined_src/install/px4_msgs/include/px4_msgs/px4_msgs/msg/tecs_status.h\n'}
[15.858210] (px4_msgs) StdoutLine: {'line': b'-- Up-to-date symlink: /home/giromi/Repos/VTOL/ws_sensor_combined_src/install/px4_msgs/include/px4_msgs/px4_msgs/msg/telemetry_status.h\n'}
[15.858501] (px4_msgs) StdoutLine: {'line': b'-- Up-to-date symlink: /home/giromi/Repos/VTOL/ws_sensor_combined_src/install/px4_msgs/include/px4_msgs/px4_msgs/msg/tiltrotor_extra_controls.h\n'}
[15.858790] (px4_msgs) StdoutLine: {'line': b'-- Up-to-date symlink: /home/giromi/Repos/VTOL/ws_sensor_combined_src/install/px4_msgs/include/px4_msgs/px4_msgs/msg/timesync_status.h\n'}
[15.859078] (px4_msgs) StdoutLine: {'line': b'-- Up-to-date symlink: /home/giromi/Repos/VTOL/ws_sensor_combined_src/install/px4_msgs/include/px4_msgs/px4_msgs/msg/trajectory_bezier.h\n'}
[15.859361] (px4_msgs) StdoutLine: {'line': b'-- Up-to-date symlink: /home/giromi/Repos/VTOL/ws_sensor_combined_src/install/px4_msgs/include/px4_msgs/px4_msgs/msg/trajectory_setpoint.h\n'}
[15.859656] (px4_msgs) StdoutLine: {'line': b'-- Up-to-date symlink: /home/giromi/Repos/VTOL/ws_sensor_combined_src/install/px4_msgs/include/px4_msgs/px4_msgs/msg/trajectory_waypoint.h\n'}
[15.859937] (px4_msgs) StdoutLine: {'line': b'-- Up-to-date symlink: /home/giromi/Repos/VTOL/ws_sensor_combined_src/install/px4_msgs/include/px4_msgs/px4_msgs/msg/transponder_report.h\n'}
[15.860228] (px4_msgs) StdoutLine: {'line': b'-- Up-to-date symlink: /home/giromi/Repos/VTOL/ws_sensor_combined_src/install/px4_msgs/include/px4_msgs/px4_msgs/msg/tune_control.h\n'}
[15.860498] (px4_msgs) StdoutLine: {'line': b'-- Up-to-date symlink: /home/giromi/Repos/VTOL/ws_sensor_combined_src/install/px4_msgs/include/px4_msgs/px4_msgs/msg/uavcan_parameter_request.h\n'}
[15.860777] (px4_msgs) StdoutLine: {'line': b'-- Up-to-date symlink: /home/giromi/Repos/VTOL/ws_sensor_combined_src/install/px4_msgs/include/px4_msgs/px4_msgs/msg/uavcan_parameter_value.h\n'}
[15.861093] (px4_msgs) StdoutLine: {'line': b'-- Up-to-date symlink: /home/giromi/Repos/VTOL/ws_sensor_combined_src/install/px4_msgs/include/px4_msgs/px4_msgs/msg/ulog_stream.h\n'}
[15.861364] (px4_msgs) StdoutLine: {'line': b'-- Up-to-date symlink: /home/giromi/Repos/VTOL/ws_sensor_combined_src/install/px4_msgs/include/px4_msgs/px4_msgs/msg/ulog_stream_ack.h\n'}
[15.861638] (px4_msgs) StdoutLine: {'line': b'-- Up-to-date symlink: /home/giromi/Repos/VTOL/ws_sensor_combined_src/install/px4_msgs/include/px4_msgs/px4_msgs/msg/unregister_ext_component.h\n'}
[15.861906] (px4_msgs) StdoutLine: {'line': b'-- Up-to-date symlink: /home/giromi/Repos/VTOL/ws_sensor_combined_src/install/px4_msgs/include/px4_msgs/px4_msgs/msg/vehicle_acceleration.h\n'}
[15.862180] (px4_msgs) StdoutLine: {'line': b'-- Up-to-date symlink: /home/giromi/Repos/VTOL/ws_sensor_combined_src/install/px4_msgs/include/px4_msgs/px4_msgs/msg/vehicle_air_data.h\n'}
[15.862468] (px4_msgs) StdoutLine: {'line': b'-- Up-to-date symlink: /home/giromi/Repos/VTOL/ws_sensor_combined_src/install/px4_msgs/include/px4_msgs/px4_msgs/msg/vehicle_angular_acceleration_setpoint.h\n'}
[15.862761] (px4_msgs) StdoutLine: {'line': b'-- Up-to-date symlink: /home/giromi/Repos/VTOL/ws_sensor_combined_src/install/px4_msgs/include/px4_msgs/px4_msgs/msg/vehicle_angular_velocity.h\n'}
[15.863047] (px4_msgs) StdoutLine: {'line': b'-- Up-to-date symlink: /home/giromi/Repos/VTOL/ws_sensor_combined_src/install/px4_msgs/include/px4_msgs/px4_msgs/msg/vehicle_attitude.h\n'}
[15.863377] (px4_msgs) StdoutLine: {'line': b'-- Up-to-date symlink: /home/giromi/Repos/VTOL/ws_sensor_combined_src/install/px4_msgs/include/px4_msgs/px4_msgs/msg/vehicle_attitude_setpoint.h\n'}
[15.863661] (px4_msgs) StdoutLine: {'line': b'-- Up-to-date symlink: /home/giromi/Repos/VTOL/ws_sensor_combined_src/install/px4_msgs/include/px4_msgs/px4_msgs/msg/vehicle_command.h\n'}
[15.863939] (px4_msgs) StdoutLine: {'line': b'-- Up-to-date symlink: /home/giromi/Repos/VTOL/ws_sensor_combined_src/install/px4_msgs/include/px4_msgs/px4_msgs/msg/vehicle_command_ack.h\n'}
[15.864225] (px4_msgs) StdoutLine: {'line': b'-- Up-to-date symlink: /home/giromi/Repos/VTOL/ws_sensor_combined_src/install/px4_msgs/include/px4_msgs/px4_msgs/msg/vehicle_constraints.h\n'}
[15.864510] (px4_msgs) StdoutLine: {'line': b'-- Up-to-date symlink: /home/giromi/Repos/VTOL/ws_sensor_combined_src/install/px4_msgs/include/px4_msgs/px4_msgs/msg/vehicle_control_mode.h\n'}
[15.864804] (px4_msgs) StdoutLine: {'line': b'-- Up-to-date symlink: /home/giromi/Repos/VTOL/ws_sensor_combined_src/install/px4_msgs/include/px4_msgs/px4_msgs/msg/vehicle_global_position.h\n'}
[15.865138] (px4_msgs) StdoutLine: {'line': b'-- Up-to-date symlink: /home/giromi/Repos/VTOL/ws_sensor_combined_src/install/px4_msgs/include/px4_msgs/px4_msgs/msg/vehicle_imu.h\n'}
[15.865398] (px4_msgs) StdoutLine: {'line': b'-- Up-to-date symlink: /home/giromi/Repos/VTOL/ws_sensor_combined_src/install/px4_msgs/include/px4_msgs/px4_msgs/msg/vehicle_imu_status.h\n'}
[15.865646] (px4_msgs) StdoutLine: {'line': b'-- Up-to-date symlink: /home/giromi/Repos/VTOL/ws_sensor_combined_src/install/px4_msgs/include/px4_msgs/px4_msgs/msg/vehicle_land_detected.h\n'}
[15.865909] (px4_msgs) StdoutLine: {'line': b'-- Up-to-date symlink: /home/giromi/Repos/VTOL/ws_sensor_combined_src/install/px4_msgs/include/px4_msgs/px4_msgs/msg/vehicle_local_position.h\n'}
[15.866222] (px4_msgs) StdoutLine: {'line': b'-- Up-to-date symlink: /home/giromi/Repos/VTOL/ws_sensor_combined_src/install/px4_msgs/include/px4_msgs/px4_msgs/msg/vehicle_local_position_setpoint.h\n'}
[15.866542] (px4_msgs) StdoutLine: {'line': b'-- Up-to-date symlink: /home/giromi/Repos/VTOL/ws_sensor_combined_src/install/px4_msgs/include/px4_msgs/px4_msgs/msg/vehicle_magnetometer.h\n'}
[15.866930] (px4_msgs) StdoutLine: {'line': b'-- Up-to-date symlink: /home/giromi/Repos/VTOL/ws_sensor_combined_src/install/px4_msgs/include/px4_msgs/px4_msgs/msg/vehicle_odometry.h\n'}
[15.867251] (px4_msgs) StdoutLine: {'line': b'-- Up-to-date symlink: /home/giromi/Repos/VTOL/ws_sensor_combined_src/install/px4_msgs/include/px4_msgs/px4_msgs/msg/vehicle_optical_flow.h\n'}
[15.867536] (px4_msgs) StdoutLine: {'line': b'-- Up-to-date symlink: /home/giromi/Repos/VTOL/ws_sensor_combined_src/install/px4_msgs/include/px4_msgs/px4_msgs/msg/vehicle_optical_flow_vel.h\n'}
[15.867812] (px4_msgs) StdoutLine: {'line': b'-- Up-to-date symlink: /home/giromi/Repos/VTOL/ws_sensor_combined_src/install/px4_msgs/include/px4_msgs/px4_msgs/msg/vehicle_rates_setpoint.h\n'}
[15.868116] (px4_msgs) StdoutLine: {'line': b'-- Up-to-date symlink: /home/giromi/Repos/VTOL/ws_sensor_combined_src/install/px4_msgs/include/px4_msgs/px4_msgs/msg/vehicle_roi.h\n'}
[15.868383] (px4_msgs) StdoutLine: {'line': b'-- Up-to-date symlink: /home/giromi/Repos/VTOL/ws_sensor_combined_src/install/px4_msgs/include/px4_msgs/px4_msgs/msg/vehicle_status.h\n'}
[15.868672] (px4_msgs) StdoutLine: {'line': b'-- Up-to-date symlink: /home/giromi/Repos/VTOL/ws_sensor_combined_src/install/px4_msgs/include/px4_msgs/px4_msgs/msg/vehicle_thrust_setpoint.h\n'}
[15.868979] (px4_msgs) StdoutLine: {'line': b'-- Up-to-date symlink: /home/giromi/Repos/VTOL/ws_sensor_combined_src/install/px4_msgs/include/px4_msgs/px4_msgs/msg/vehicle_torque_setpoint.h\n'}
[15.869252] (px4_msgs) StdoutLine: {'line': b'-- Up-to-date symlink: /home/giromi/Repos/VTOL/ws_sensor_combined_src/install/px4_msgs/include/px4_msgs/px4_msgs/msg/vehicle_trajectory_bezier.h\n'}
[15.869501] (px4_msgs) StdoutLine: {'line': b'-- Up-to-date symlink: /home/giromi/Repos/VTOL/ws_sensor_combined_src/install/px4_msgs/include/px4_msgs/px4_msgs/msg/vehicle_trajectory_waypoint.h\n'}
[15.869744] (px4_msgs) StdoutLine: {'line': b'-- Up-to-date symlink: /home/giromi/Repos/VTOL/ws_sensor_combined_src/install/px4_msgs/include/px4_msgs/px4_msgs/msg/velocity_limits.h\n'}
[15.870037] (px4_msgs) StdoutLine: {'line': b'-- Up-to-date symlink: /home/giromi/Repos/VTOL/ws_sensor_combined_src/install/px4_msgs/include/px4_msgs/px4_msgs/msg/vtol_vehicle_status.h\n'}
[15.870334] (px4_msgs) StdoutLine: {'line': b'-- Up-to-date symlink: /home/giromi/Repos/VTOL/ws_sensor_combined_src/install/px4_msgs/include/px4_msgs/px4_msgs/msg/wheel_encoders.h\n'}
[15.870632] (px4_msgs) StdoutLine: {'line': b'-- Up-to-date symlink: /home/giromi/Repos/VTOL/ws_sensor_combined_src/install/px4_msgs/include/px4_msgs/px4_msgs/msg/wind.h\n'}
[15.870918] (px4_msgs) StdoutLine: {'line': b'-- Up-to-date symlink: /home/giromi/Repos/VTOL/ws_sensor_combined_src/install/px4_msgs/include/px4_msgs/px4_msgs/msg/yaw_estimator_status.h\n'}
[15.871214] (px4_msgs) StdoutLine: {'line': b'-- Up-to-date symlink: /home/giromi/Repos/VTOL/ws_sensor_combined_src/install/px4_msgs/include/px4_msgs/px4_msgs/srv/detail/vehicle_command__functions.h\n'}
[15.871515] (px4_msgs) StdoutLine: {'line': b'-- Up-to-date symlink: /home/giromi/Repos/VTOL/ws_sensor_combined_src/install/px4_msgs/include/px4_msgs/px4_msgs/srv/detail/vehicle_command__struct.h\n'}
[15.871826] (px4_msgs) StdoutLine: {'line': b'-- Up-to-date symlink: /home/giromi/Repos/VTOL/ws_sensor_combined_src/install/px4_msgs/include/px4_msgs/px4_msgs/srv/detail/vehicle_command__type_support.h\n'}
[15.872112] (px4_msgs) StdoutLine: {'line': b'-- Up-to-date symlink: /home/giromi/Repos/VTOL/ws_sensor_combined_src/install/px4_msgs/include/px4_msgs/px4_msgs/srv/vehicle_command.h\n'}
[15.872473] (px4_msgs) StdoutLine: {'line': b'-- Up-to-date symlink: /home/giromi/Repos/VTOL/ws_sensor_combined_src/install/px4_msgs/share/px4_msgs/environment/library_path.sh\n'}
[15.872757] (px4_msgs) StdoutLine: {'line': b'-- Up-to-date symlink: /home/giromi/Repos/VTOL/ws_sensor_combined_src/install/px4_msgs/share/px4_msgs/environment/library_path.dsv\n'}
[15.879992] (px4_msgs) StdoutLine: {'line': b'-- Up-to-date symlink: /home/giromi/Repos/VTOL/ws_sensor_combined_src/install/px4_msgs/include/px4_msgs/px4_msgs/msg/detail/action_request__rosidl_typesupport_fastrtps_c.h\n'}
[15.880346] (px4_msgs) StdoutLine: {'line': b'-- Up-to-date symlink: /home/giromi/Repos/VTOL/ws_sensor_combined_src/install/px4_msgs/include/px4_msgs/px4_msgs/msg/detail/actuator_armed__rosidl_typesupport_fastrtps_c.h\n'}
[15.880663] (px4_msgs) StdoutLine: {'line': b'-- Up-to-date symlink: /home/giromi/Repos/VTOL/ws_sensor_combined_src/install/px4_msgs/include/px4_msgs/px4_msgs/msg/detail/actuator_controls_status__rosidl_typesupport_fastrtps_c.h\n'}
[15.881027] (px4_msgs) StdoutLine: {'line': b'-- Up-to-date symlink: /home/giromi/Repos/VTOL/ws_sensor_combined_src/install/px4_msgs/include/px4_msgs/px4_msgs/msg/detail/actuator_motors__rosidl_typesupport_fastrtps_c.h\n'}
[15.881419] (px4_msgs) StdoutLine: {'line': b'-- Up-to-date symlink: /home/giromi/Repos/VTOL/ws_sensor_combined_src/install/px4_msgs/include/px4_msgs/px4_msgs/msg/detail/actuator_outputs__rosidl_typesupport_fastrtps_c.h\n'}
[15.881759] (px4_msgs) StdoutLine: {'line': b'-- Up-to-date symlink: /home/giromi/Repos/VTOL/ws_sensor_combined_src/install/px4_msgs/include/px4_msgs/px4_msgs/msg/detail/actuator_servos__rosidl_typesupport_fastrtps_c.h\n'}
[15.882075] (px4_msgs) StdoutLine: {'line': b'-- Up-to-date symlink: /home/giromi/Repos/VTOL/ws_sensor_combined_src/install/px4_msgs/include/px4_msgs/px4_msgs/msg/detail/actuator_servos_trim__rosidl_typesupport_fastrtps_c.h\n'}
[15.882415] (px4_msgs) StdoutLine: {'line': b'-- Up-to-date symlink: /home/giromi/Repos/VTOL/ws_sensor_combined_src/install/px4_msgs/include/px4_msgs/px4_msgs/msg/detail/actuator_test__rosidl_typesupport_fastrtps_c.h\n'}
[15.882745] (px4_msgs) StdoutLine: {'line': b'-- Up-to-date symlink: /home/giromi/Repos/VTOL/ws_sensor_combined_src/install/px4_msgs/include/px4_msgs/px4_msgs/msg/detail/adc_report__rosidl_typesupport_fastrtps_c.h\n'}
[15.883067] (px4_msgs) StdoutLine: {'line': b'-- Up-to-date symlink: /home/giromi/Repos/VTOL/ws_sensor_combined_src/install/px4_msgs/include/px4_msgs/px4_msgs/msg/detail/airspeed__rosidl_typesupport_fastrtps_c.h\n'}
[15.883396] (px4_msgs) StdoutLine: {'line': b'-- Up-to-date symlink: /home/giromi/Repos/VTOL/ws_sensor_combined_src/install/px4_msgs/include/px4_msgs/px4_msgs/msg/detail/airspeed_validated__rosidl_typesupport_fastrtps_c.h\n'}
[15.883664] (px4_msgs) StdoutLine: {'line': b'-- Up-to-date symlink: /home/giromi/Repos/VTOL/ws_sensor_combined_src/install/px4_msgs/include/px4_msgs/px4_msgs/msg/detail/airspeed_wind__rosidl_typesupport_fastrtps_c.h\n'}
[15.883952] (px4_msgs) StdoutLine: {'line': b'-- Up-to-date symlink: /home/giromi/Repos/VTOL/ws_sensor_combined_src/install/px4_msgs/include/px4_msgs/px4_msgs/msg/detail/arming_check_reply__rosidl_typesupport_fastrtps_c.h\n'}
[15.884253] (px4_msgs) StdoutLine: {'line': b'-- Up-to-date symlink: /home/giromi/Repos/VTOL/ws_sensor_combined_src/install/px4_msgs/include/px4_msgs/px4_msgs/msg/detail/arming_check_request__rosidl_typesupport_fastrtps_c.h\n'}
[15.884544] (px4_msgs) StdoutLine: {'line': b'-- Up-to-date symlink: /home/giromi/Repos/VTOL/ws_sensor_combined_src/install/px4_msgs/include/px4_msgs/px4_msgs/msg/detail/autotune_attitude_control_status__rosidl_typesupport_fastrtps_c.h\n'}
[15.884839] (px4_msgs) StdoutLine: {'line': b'-- Up-to-date symlink: /home/giromi/Repos/VTOL/ws_sensor_combined_src/install/px4_msgs/include/px4_msgs/px4_msgs/msg/detail/battery_status__rosidl_typesupport_fastrtps_c.h\n'}
[15.885146] (px4_msgs) StdoutLine: {'line': b'-- Up-to-date symlink: /home/giromi/Repos/VTOL/ws_sensor_combined_src/install/px4_msgs/include/px4_msgs/px4_msgs/msg/detail/buffer128__rosidl_typesupport_fastrtps_c.h\n'}
[15.885424] (px4_msgs) StdoutLine: {'line': b'-- Up-to-date symlink: /home/giromi/Repos/VTOL/ws_sensor_combined_src/install/px4_msgs/include/px4_msgs/px4_msgs/msg/detail/button_event__rosidl_typesupport_fastrtps_c.h\n'}
[15.885829] (px4_msgs) StdoutLine: {'line': b'-- Up-to-date symlink: /home/giromi/Repos/VTOL/ws_sensor_combined_src/install/px4_msgs/include/px4_msgs/px4_msgs/msg/detail/camera_capture__rosidl_typesupport_fastrtps_c.h\n'}
[15.886089] (px4_msgs) StdoutLine: {'line': b'-- Up-to-date symlink: /home/giromi/Repos/VTOL/ws_sensor_combined_src/install/px4_msgs/include/px4_msgs/px4_msgs/msg/detail/camera_status__rosidl_typesupport_fastrtps_c.h\n'}
[15.886371] (px4_msgs) StdoutLine: {'line': b'-- Up-to-date symlink: /home/giromi/Repos/VTOL/ws_sensor_combined_src/install/px4_msgs/include/px4_msgs/px4_msgs/msg/detail/camera_trigger__rosidl_typesupport_fastrtps_c.h\n'}
[15.886654] (px4_msgs) StdoutLine: {'line': b'-- Up-to-date symlink: /home/giromi/Repos/VTOL/ws_sensor_combined_src/install/px4_msgs/include/px4_msgs/px4_msgs/msg/detail/cellular_status__rosidl_typesupport_fastrtps_c.h\n'}
[15.886982] (px4_msgs) StdoutLine: {'line': b'-- Up-to-date symlink: /home/giromi/Repos/VTOL/ws_sensor_combined_src/install/px4_msgs/include/px4_msgs/px4_msgs/msg/detail/collision_constraints__rosidl_typesupport_fastrtps_c.h\n'}
[15.887280] (px4_msgs) StdoutLine: {'line': b'-- Up-to-date symlink: /home/giromi/Repos/VTOL/ws_sensor_combined_src/install/px4_msgs/include/px4_msgs/px4_msgs/msg/detail/collision_report__rosidl_typesupport_fastrtps_c.h\n'}
[15.887567] (px4_msgs) StdoutLine: {'line': b'-- Up-to-date symlink: /home/giromi/Repos/VTOL/ws_sensor_combined_src/install/px4_msgs/include/px4_msgs/px4_msgs/msg/detail/config_overrides__rosidl_typesupport_fastrtps_c.h\n'}
[15.887866] (px4_msgs) StdoutLine: {'line': b'-- Up-to-date symlink: /home/giromi/Repos/VTOL/ws_sensor_combined_src/install/px4_msgs/include/px4_msgs/px4_msgs/msg/detail/control_allocator_status__rosidl_typesupport_fastrtps_c.h\n'}
[15.888155] (px4_msgs) StdoutLine: {'line': b'-- Up-to-date symlink: /home/giromi/Repos/VTOL/ws_sensor_combined_src/install/px4_msgs/include/px4_msgs/px4_msgs/msg/detail/cpuload__rosidl_typesupport_fastrtps_c.h\n'}
[15.888444] (px4_msgs) StdoutLine: {'line': b'-- Up-to-date symlink: /home/giromi/Repos/VTOL/ws_sensor_combined_src/install/px4_msgs/include/px4_msgs/px4_msgs/msg/detail/dataman_request__rosidl_typesupport_fastrtps_c.h\n'}
[15.888741] (px4_msgs) StdoutLine: {'line': b'-- Up-to-date symlink: /home/giromi/Repos/VTOL/ws_sensor_combined_src/install/px4_msgs/include/px4_msgs/px4_msgs/msg/detail/dataman_response__rosidl_typesupport_fastrtps_c.h\n'}
[15.889070] (px4_msgs) StdoutLine: {'line': b'-- Up-to-date symlink: /home/giromi/Repos/VTOL/ws_sensor_combined_src/install/px4_msgs/include/px4_msgs/px4_msgs/msg/detail/debug_array__rosidl_typesupport_fastrtps_c.h\n'}
[15.889339] (px4_msgs) StdoutLine: {'line': b'-- Up-to-date symlink: /home/giromi/Repos/VTOL/ws_sensor_combined_src/install/px4_msgs/include/px4_msgs/px4_msgs/msg/detail/debug_key_value__rosidl_typesupport_fastrtps_c.h\n'}
[15.889599] (px4_msgs) StdoutLine: {'line': b'-- Up-to-date symlink: /home/giromi/Repos/VTOL/ws_sensor_combined_src/install/px4_msgs/include/px4_msgs/px4_msgs/msg/detail/debug_value__rosidl_typesupport_fastrtps_c.h\n'}
[15.889883] (px4_msgs) StdoutLine: {'line': b'-- Up-to-date symlink: /home/giromi/Repos/VTOL/ws_sensor_combined_src/install/px4_msgs/include/px4_msgs/px4_msgs/msg/detail/debug_vect__rosidl_typesupport_fastrtps_c.h\n'}
[15.890212] (px4_msgs) StdoutLine: {'line': b'-- Up-to-date symlink: /home/giromi/Repos/VTOL/ws_sensor_combined_src/install/px4_msgs/include/px4_msgs/px4_msgs/msg/detail/differential_drive_setpoint__rosidl_typesupport_fastrtps_c.h\n'}
[15.890506] (px4_msgs) StdoutLine: {'line': b'-- Up-to-date symlink: /home/giromi/Repos/VTOL/ws_sensor_combined_src/install/px4_msgs/include/px4_msgs/px4_msgs/msg/detail/differential_pressure__rosidl_typesupport_fastrtps_c.h\n'}
[15.890791] (px4_msgs) StdoutLine: {'line': b'-- Up-to-date symlink: /home/giromi/Repos/VTOL/ws_sensor_combined_src/install/px4_msgs/include/px4_msgs/px4_msgs/msg/detail/distance_sensor__rosidl_typesupport_fastrtps_c.h\n'}
[15.891077] (px4_msgs) StdoutLine: {'line': b'-- Up-to-date symlink: /home/giromi/Repos/VTOL/ws_sensor_combined_src/install/px4_msgs/include/px4_msgs/px4_msgs/msg/detail/ekf2_timestamps__rosidl_typesupport_fastrtps_c.h\n'}
[15.891373] (px4_msgs) StdoutLine: {'line': b'-- Up-to-date symlink: /home/giromi/Repos/VTOL/ws_sensor_combined_src/install/px4_msgs/include/px4_msgs/px4_msgs/msg/detail/esc_report__rosidl_typesupport_fastrtps_c.h\n'}
[15.891657] (px4_msgs) StdoutLine: {'line': b'-- Up-to-date symlink: /home/giromi/Repos/VTOL/ws_sensor_combined_src/install/px4_msgs/include/px4_msgs/px4_msgs/msg/detail/esc_status__rosidl_typesupport_fastrtps_c.h\n'}
[15.891942] (px4_msgs) StdoutLine: {'line': b'-- Up-to-date symlink: /home/giromi/Repos/VTOL/ws_sensor_combined_src/install/px4_msgs/include/px4_msgs/px4_msgs/msg/detail/estimator_aid_source1d__rosidl_typesupport_fastrtps_c.h\n'}
[15.892267] (px4_msgs) StdoutLine: {'line': b'-- Up-to-date symlink: /home/giromi/Repos/VTOL/ws_sensor_combined_src/install/px4_msgs/include/px4_msgs/px4_msgs/msg/detail/estimator_aid_source2d__rosidl_typesupport_fastrtps_c.h\n'}
[15.892537] (px4_msgs) StdoutLine: {'line': b'-- Up-to-date symlink: /home/giromi/Repos/VTOL/ws_sensor_combined_src/install/px4_msgs/include/px4_msgs/px4_msgs/msg/detail/estimator_aid_source3d__rosidl_typesupport_fastrtps_c.h\n'}
[15.892838] (px4_msgs) StdoutLine: {'line': b'-- Up-to-date symlink: /home/giromi/Repos/VTOL/ws_sensor_combined_src/install/px4_msgs/include/px4_msgs/px4_msgs/msg/detail/estimator_bias3d__rosidl_typesupport_fastrtps_c.h\n'}
[15.893144] (px4_msgs) StdoutLine: {'line': b'-- Up-to-date symlink: /home/giromi/Repos/VTOL/ws_sensor_combined_src/install/px4_msgs/include/px4_msgs/px4_msgs/msg/detail/estimator_bias__rosidl_typesupport_fastrtps_c.h\n'}
[15.893452] (px4_msgs) StdoutLine: {'line': b'-- Up-to-date symlink: /home/giromi/Repos/VTOL/ws_sensor_combined_src/install/px4_msgs/include/px4_msgs/px4_msgs/msg/detail/estimator_event_flags__rosidl_typesupport_fastrtps_c.h\n'}
[15.893719] (px4_msgs) StdoutLine: {'line': b'-- Up-to-date symlink: /home/giromi/Repos/VTOL/ws_sensor_combined_src/install/px4_msgs/include/px4_msgs/px4_msgs/msg/detail/estimator_gps_status__rosidl_typesupport_fastrtps_c.h\n'}
[15.893973] (px4_msgs) StdoutLine: {'line': b'-- Up-to-date symlink: /home/giromi/Repos/VTOL/ws_sensor_combined_src/install/px4_msgs/include/px4_msgs/px4_msgs/msg/detail/estimator_innovations__rosidl_typesupport_fastrtps_c.h\n'}
[15.894282] (px4_msgs) StdoutLine: {'line': b'-- Up-to-date symlink: /home/giromi/Repos/VTOL/ws_sensor_combined_src/install/px4_msgs/include/px4_msgs/px4_msgs/msg/detail/estimator_selector_status__rosidl_typesupport_fastrtps_c.h\n'}
[15.894564] (px4_msgs) StdoutLine: {'line': b'-- Up-to-date symlink: /home/giromi/Repos/VTOL/ws_sensor_combined_src/install/px4_msgs/include/px4_msgs/px4_msgs/msg/detail/estimator_sensor_bias__rosidl_typesupport_fastrtps_c.h\n'}
[15.894837] (px4_msgs) StdoutLine: {'line': b'-- Up-to-date symlink: /home/giromi/Repos/VTOL/ws_sensor_combined_src/install/px4_msgs/include/px4_msgs/px4_msgs/msg/detail/estimator_states__rosidl_typesupport_fastrtps_c.h\n'}
[15.895092] (px4_msgs) StdoutLine: {'line': b'-- Up-to-date symlink: /home/giromi/Repos/VTOL/ws_sensor_combined_src/install/px4_msgs/include/px4_msgs/px4_msgs/msg/detail/estimator_status__rosidl_typesupport_fastrtps_c.h\n'}
[15.895381] (px4_msgs) StdoutLine: {'line': b'-- Up-to-date symlink: /home/giromi/Repos/VTOL/ws_sensor_combined_src/install/px4_msgs/include/px4_msgs/px4_msgs/msg/detail/estimator_status_flags__rosidl_typesupport_fastrtps_c.h\n'}
[15.895657] (px4_msgs) StdoutLine: {'line': b'-- Up-to-date symlink: /home/giromi/Repos/VTOL/ws_sensor_combined_src/install/px4_msgs/include/px4_msgs/px4_msgs/msg/detail/event__rosidl_typesupport_fastrtps_c.h\n'}
[15.895941] (px4_msgs) StdoutLine: {'line': b'-- Up-to-date symlink: /home/giromi/Repos/VTOL/ws_sensor_combined_src/install/px4_msgs/include/px4_msgs/px4_msgs/msg/detail/failsafe_flags__rosidl_typesupport_fastrtps_c.h\n'}
[15.896203] (px4_msgs) StdoutLine: {'line': b'-- Up-to-date symlink: /home/giromi/Repos/VTOL/ws_sensor_combined_src/install/px4_msgs/include/px4_msgs/px4_msgs/msg/detail/failure_detector_status__rosidl_typesupport_fastrtps_c.h\n'}
[15.896450] (px4_msgs) StdoutLine: {'line': b'-- Up-to-date symlink: /home/giromi/Repos/VTOL/ws_sensor_combined_src/install/px4_msgs/include/px4_msgs/px4_msgs/msg/detail/figure_eight_status__rosidl_typesupport_fastrtps_c.h\n'}
[15.896717] (px4_msgs) StdoutLine: {'line': b'-- Up-to-date symlink: /home/giromi/Repos/VTOL/ws_sensor_combined_src/install/px4_msgs/include/px4_msgs/px4_msgs/msg/detail/follow_target__rosidl_typesupport_fastrtps_c.h\n'}
[15.897058] (px4_msgs) StdoutLine: {'line': b'-- Up-to-date symlink: /home/giromi/Repos/VTOL/ws_sensor_combined_src/install/px4_msgs/include/px4_msgs/px4_msgs/msg/detail/follow_target_estimator__rosidl_typesupport_fastrtps_c.h\n'}
[15.897321] (px4_msgs) StdoutLine: {'line': b'-- Up-to-date symlink: /home/giromi/Repos/VTOL/ws_sensor_combined_src/install/px4_msgs/include/px4_msgs/px4_msgs/msg/detail/follow_target_status__rosidl_typesupport_fastrtps_c.h\n'}
[15.897566] (px4_msgs) StdoutLine: {'line': b'-- Up-to-date symlink: /home/giromi/Repos/VTOL/ws_sensor_combined_src/install/px4_msgs/include/px4_msgs/px4_msgs/msg/detail/generator_status__rosidl_typesupport_fastrtps_c.h\n'}
[15.897946] (px4_msgs) StdoutLine: {'line': b'-- Up-to-date symlink: /home/giromi/Repos/VTOL/ws_sensor_combined_src/install/px4_msgs/include/px4_msgs/px4_msgs/msg/detail/geofence_result__rosidl_typesupport_fastrtps_c.h\n'}
[15.898228] (px4_msgs) StdoutLine: {'line': b'-- Up-to-date symlink: /home/giromi/Repos/VTOL/ws_sensor_combined_src/install/px4_msgs/include/px4_msgs/px4_msgs/msg/detail/gimbal_controls__rosidl_typesupport_fastrtps_c.h\n'}
[15.898500] (px4_msgs) StdoutLine: {'line': b'-- Up-to-date symlink: /home/giromi/Repos/VTOL/ws_sensor_combined_src/install/px4_msgs/include/px4_msgs/px4_msgs/msg/detail/gimbal_device_attitude_status__rosidl_typesupport_fastrtps_c.h\n'}
[15.898748] (px4_msgs) StdoutLine: {'line': b'-- Up-to-date symlink: /home/giromi/Repos/VTOL/ws_sensor_combined_src/install/px4_msgs/include/px4_msgs/px4_msgs/msg/detail/gimbal_device_information__rosidl_typesupport_fastrtps_c.h\n'}
[15.898997] (px4_msgs) StdoutLine: {'line': b'-- Up-to-date symlink: /home/giromi/Repos/VTOL/ws_sensor_combined_src/install/px4_msgs/include/px4_msgs/px4_msgs/msg/detail/gimbal_device_set_attitude__rosidl_typesupport_fastrtps_c.h\n'}
[15.899275] (px4_msgs) StdoutLine: {'line': b'-- Up-to-date symlink: /home/giromi/Repos/VTOL/ws_sensor_combined_src/install/px4_msgs/include/px4_msgs/px4_msgs/msg/detail/gimbal_manager_information__rosidl_typesupport_fastrtps_c.h\n'}
[15.899557] (px4_msgs) StdoutLine: {'line': b'-- Up-to-date symlink: /home/giromi/Repos/VTOL/ws_sensor_combined_src/install/px4_msgs/include/px4_msgs/px4_msgs/msg/detail/gimbal_manager_set_attitude__rosidl_typesupport_fastrtps_c.h\n'}
[15.899813] (px4_msgs) StdoutLine: {'line': b'-- Up-to-date symlink: /home/giromi/Repos/VTOL/ws_sensor_combined_src/install/px4_msgs/include/px4_msgs/px4_msgs/msg/detail/gimbal_manager_set_manual_control__rosidl_typesupport_fastrtps_c.h\n'}
[15.900059] (px4_msgs) StdoutLine: {'line': b'-- Up-to-date symlink: /home/giromi/Repos/VTOL/ws_sensor_combined_src/install/px4_msgs/include/px4_msgs/px4_msgs/msg/detail/gimbal_manager_status__rosidl_typesupport_fastrtps_c.h\n'}
[15.900327] (px4_msgs) StdoutLine: {'line': b'-- Up-to-date symlink: /home/giromi/Repos/VTOL/ws_sensor_combined_src/install/px4_msgs/include/px4_msgs/px4_msgs/msg/detail/goto_setpoint__rosidl_typesupport_fastrtps_c.h\n'}
[15.900613] (px4_msgs) StdoutLine: {'line': b'-- Up-to-date symlink: /home/giromi/Repos/VTOL/ws_sensor_combined_src/install/px4_msgs/include/px4_msgs/px4_msgs/msg/detail/gpio_config__rosidl_typesupport_fastrtps_c.h\n'}
[15.900904] (px4_msgs) StdoutLine: {'line': b'-- Up-to-date symlink: /home/giromi/Repos/VTOL/ws_sensor_combined_src/install/px4_msgs/include/px4_msgs/px4_msgs/msg/detail/gpio_in__rosidl_typesupport_fastrtps_c.h\n'}
[15.901210] (px4_msgs) StdoutLine: {'line': b'-- Up-to-date symlink: /home/giromi/Repos/VTOL/ws_sensor_combined_src/install/px4_msgs/include/px4_msgs/px4_msgs/msg/detail/gpio_out__rosidl_typesupport_fastrtps_c.h\n'}
[15.901470] (px4_msgs) StdoutLine: {'line': b'-- Up-to-date symlink: /home/giromi/Repos/VTOL/ws_sensor_combined_src/install/px4_msgs/include/px4_msgs/px4_msgs/msg/detail/gpio_request__rosidl_typesupport_fastrtps_c.h\n'}
[15.901733] (px4_msgs) StdoutLine: {'line': b'-- Up-to-date symlink: /home/giromi/Repos/VTOL/ws_sensor_combined_src/install/px4_msgs/include/px4_msgs/px4_msgs/msg/detail/gps_dump__rosidl_typesupport_fastrtps_c.h\n'}
[15.902003] (px4_msgs) StdoutLine: {'line': b'-- Up-to-date symlink: /home/giromi/Repos/VTOL/ws_sensor_combined_src/install/px4_msgs/include/px4_msgs/px4_msgs/msg/detail/gps_inject_data__rosidl_typesupport_fastrtps_c.h\n'}
[15.902298] (px4_msgs) StdoutLine: {'line': b'-- Up-to-date symlink: /home/giromi/Repos/VTOL/ws_sensor_combined_src/install/px4_msgs/include/px4_msgs/px4_msgs/msg/detail/gripper__rosidl_typesupport_fastrtps_c.h\n'}
[15.902569] (px4_msgs) StdoutLine: {'line': b'-- Up-to-date symlink: /home/giromi/Repos/VTOL/ws_sensor_combined_src/install/px4_msgs/include/px4_msgs/px4_msgs/msg/detail/health_report__rosidl_typesupport_fastrtps_c.h\n'}
[15.902833] (px4_msgs) StdoutLine: {'line': b'-- Up-to-date symlink: /home/giromi/Repos/VTOL/ws_sensor_combined_src/install/px4_msgs/include/px4_msgs/px4_msgs/msg/detail/heater_status__rosidl_typesupport_fastrtps_c.h\n'}
[15.903111] (px4_msgs) StdoutLine: {'line': b'-- Up-to-date symlink: /home/giromi/Repos/VTOL/ws_sensor_combined_src/install/px4_msgs/include/px4_msgs/px4_msgs/msg/detail/home_position__rosidl_typesupport_fastrtps_c.h\n'}
[15.903415] (px4_msgs) StdoutLine: {'line': b'-- Up-to-date symlink: /home/giromi/Repos/VTOL/ws_sensor_combined_src/install/px4_msgs/include/px4_msgs/px4_msgs/msg/detail/hover_thrust_estimate__rosidl_typesupport_fastrtps_c.h\n'}
[15.903682] (px4_msgs) StdoutLine: {'line': b'-- Up-to-date symlink: /home/giromi/Repos/VTOL/ws_sensor_combined_src/install/px4_msgs/include/px4_msgs/px4_msgs/msg/detail/input_rc__rosidl_typesupport_fastrtps_c.h\n'}
[15.903930] (px4_msgs) StdoutLine: {'line': b'-- Up-to-date symlink: /home/giromi/Repos/VTOL/ws_sensor_combined_src/install/px4_msgs/include/px4_msgs/px4_msgs/msg/detail/internal_combustion_engine_status__rosidl_typesupport_fastrtps_c.h\n'}
[15.904194] (px4_msgs) StdoutLine: {'line': b'-- Up-to-date symlink: /home/giromi/Repos/VTOL/ws_sensor_combined_src/install/px4_msgs/include/px4_msgs/px4_msgs/msg/detail/iridiumsbd_status__rosidl_typesupport_fastrtps_c.h\n'}
[15.904467] (px4_msgs) StdoutLine: {'line': b'-- Up-to-date symlink: /home/giromi/Repos/VTOL/ws_sensor_combined_src/install/px4_msgs/include/px4_msgs/px4_msgs/msg/detail/irlock_report__rosidl_typesupport_fastrtps_c.h\n'}
[15.904744] (px4_msgs) StdoutLine: {'line': b'-- Up-to-date symlink: /home/giromi/Repos/VTOL/ws_sensor_combined_src/install/px4_msgs/include/px4_msgs/px4_msgs/msg/detail/landing_gear__rosidl_typesupport_fastrtps_c.h\n'}
[15.905068] (px4_msgs) StdoutLine: {'line': b'-- Up-to-date symlink: /home/giromi/Repos/VTOL/ws_sensor_combined_src/install/px4_msgs/include/px4_msgs/px4_msgs/msg/detail/landing_gear_wheel__rosidl_typesupport_fastrtps_c.h\n'}
[15.905353] (px4_msgs) StdoutLine: {'line': b'-- Up-to-date symlink: /home/giromi/Repos/VTOL/ws_sensor_combined_src/install/px4_msgs/include/px4_msgs/px4_msgs/msg/detail/landing_target_innovations__rosidl_typesupport_fastrtps_c.h\n'}
[15.905620] (px4_msgs) StdoutLine: {'line': b'-- Up-to-date symlink: /home/giromi/Repos/VTOL/ws_sensor_combined_src/install/px4_msgs/include/px4_msgs/px4_msgs/msg/detail/landing_target_pose__rosidl_typesupport_fastrtps_c.h\n'}
[15.905897] (px4_msgs) StdoutLine: {'line': b'-- Up-to-date symlink: /home/giromi/Repos/VTOL/ws_sensor_combined_src/install/px4_msgs/include/px4_msgs/px4_msgs/msg/detail/launch_detection_status__rosidl_typesupport_fastrtps_c.h\n'}
[15.906176] (px4_msgs) StdoutLine: {'line': b'-- Up-to-date symlink: /home/giromi/Repos/VTOL/ws_sensor_combined_src/install/px4_msgs/include/px4_msgs/px4_msgs/msg/detail/led_control__rosidl_typesupport_fastrtps_c.h\n'}
[15.906485] (px4_msgs) StdoutLine: {'line': b'-- Up-to-date symlink: /home/giromi/Repos/VTOL/ws_sensor_combined_src/install/px4_msgs/include/px4_msgs/px4_msgs/msg/detail/log_message__rosidl_typesupport_fastrtps_c.h\n'}
[15.906742] (px4_msgs) StdoutLine: {'line': b'-- Up-to-date symlink: /home/giromi/Repos/VTOL/ws_sensor_combined_src/install/px4_msgs/include/px4_msgs/px4_msgs/msg/detail/logger_status__rosidl_typesupport_fastrtps_c.h\n'}
[15.906996] (px4_msgs) StdoutLine: {'line': b'-- Up-to-date symlink: /home/giromi/Repos/VTOL/ws_sensor_combined_src/install/px4_msgs/include/px4_msgs/px4_msgs/msg/detail/mag_worker_data__rosidl_typesupport_fastrtps_c.h\n'}
[15.907272] (px4_msgs) StdoutLine: {'line': b'-- Up-to-date symlink: /home/giromi/Repos/VTOL/ws_sensor_combined_src/install/px4_msgs/include/px4_msgs/px4_msgs/msg/detail/magnetometer_bias_estimate__rosidl_typesupport_fastrtps_c.h\n'}
[15.907570] (px4_msgs) StdoutLine: {'line': b'-- Up-to-date symlink: /home/giromi/Repos/VTOL/ws_sensor_combined_src/install/px4_msgs/include/px4_msgs/px4_msgs/msg/detail/manual_control_setpoint__rosidl_typesupport_fastrtps_c.h\n'}
[15.907828] (px4_msgs) StdoutLine: {'line': b'-- Up-to-date symlink: /home/giromi/Repos/VTOL/ws_sensor_combined_src/install/px4_msgs/include/px4_msgs/px4_msgs/msg/detail/manual_control_switches__rosidl_typesupport_fastrtps_c.h\n'}
[15.908086] (px4_msgs) StdoutLine: {'line': b'-- Up-to-date symlink: /home/giromi/Repos/VTOL/ws_sensor_combined_src/install/px4_msgs/include/px4_msgs/px4_msgs/msg/detail/mavlink_log__rosidl_typesupport_fastrtps_c.h\n'}
[15.908359] (px4_msgs) StdoutLine: {'line': b'-- Up-to-date symlink: /home/giromi/Repos/VTOL/ws_sensor_combined_src/install/px4_msgs/include/px4_msgs/px4_msgs/msg/detail/mavlink_tunnel__rosidl_typesupport_fastrtps_c.h\n'}
[15.908646] (px4_msgs) StdoutLine: {'line': b'-- Up-to-date symlink: /home/giromi/Repos/VTOL/ws_sensor_combined_src/install/px4_msgs/include/px4_msgs/px4_msgs/msg/detail/message_format_request__rosidl_typesupport_fastrtps_c.h\n'}
[15.908961] (px4_msgs) StdoutLine: {'line': b'-- Up-to-date symlink: /home/giromi/Repos/VTOL/ws_sensor_combined_src/install/px4_msgs/include/px4_msgs/px4_msgs/msg/detail/message_format_response__rosidl_typesupport_fastrtps_c.h\n'}
[15.909305] (px4_msgs) StdoutLine: {'line': b'-- Up-to-date symlink: /home/giromi/Repos/VTOL/ws_sensor_combined_src/install/px4_msgs/include/px4_msgs/px4_msgs/msg/detail/mission__rosidl_typesupport_fastrtps_c.h\n'}
[15.909558] (px4_msgs) StdoutLine: {'line': b'-- Up-to-date symlink: /home/giromi/Repos/VTOL/ws_sensor_combined_src/install/px4_msgs/include/px4_msgs/px4_msgs/msg/detail/mission_result__rosidl_typesupport_fastrtps_c.h\n'}
[15.909831] (px4_msgs) StdoutLine: {'line': b'-- Up-to-date symlink: /home/giromi/Repos/VTOL/ws_sensor_combined_src/install/px4_msgs/include/px4_msgs/px4_msgs/msg/detail/mode_completed__rosidl_typesupport_fastrtps_c.h\n'}
[15.910101] (px4_msgs) StdoutLine: {'line': b'-- Up-to-date symlink: /home/giromi/Repos/VTOL/ws_sensor_combined_src/install/px4_msgs/include/px4_msgs/px4_msgs/msg/detail/mount_orientation__rosidl_typesupport_fastrtps_c.h\n'}
[15.910376] (px4_msgs) StdoutLine: {'line': b'-- Up-to-date symlink: /home/giromi/Repos/VTOL/ws_sensor_combined_src/install/px4_msgs/include/px4_msgs/px4_msgs/msg/detail/navigator_mission_item__rosidl_typesupport_fastrtps_c.h\n'}
[15.910647] (px4_msgs) StdoutLine: {'line': b'-- Up-to-date symlink: /home/giromi/Repos/VTOL/ws_sensor_combined_src/install/px4_msgs/include/px4_msgs/px4_msgs/msg/detail/normalized_unsigned_setpoint__rosidl_typesupport_fastrtps_c.h\n'}
[15.910936] (px4_msgs) StdoutLine: {'line': b'-- Up-to-date symlink: /home/giromi/Repos/VTOL/ws_sensor_combined_src/install/px4_msgs/include/px4_msgs/px4_msgs/msg/detail/npfg_status__rosidl_typesupport_fastrtps_c.h\n'}
[15.911212] (px4_msgs) StdoutLine: {'line': b'-- Up-to-date symlink: /home/giromi/Repos/VTOL/ws_sensor_combined_src/install/px4_msgs/include/px4_msgs/px4_msgs/msg/detail/obstacle_distance__rosidl_typesupport_fastrtps_c.h\n'}
[15.911496] (px4_msgs) StdoutLine: {'line': b'-- Up-to-date symlink: /home/giromi/Repos/VTOL/ws_sensor_combined_src/install/px4_msgs/include/px4_msgs/px4_msgs/msg/detail/offboard_control_mode__rosidl_typesupport_fastrtps_c.h\n'}
[15.911766] (px4_msgs) StdoutLine: {'line': b'-- Up-to-date symlink: /home/giromi/Repos/VTOL/ws_sensor_combined_src/install/px4_msgs/include/px4_msgs/px4_msgs/msg/detail/onboard_computer_status__rosidl_typesupport_fastrtps_c.h\n'}
[15.912021] (px4_msgs) StdoutLine: {'line': b'-- Up-to-date symlink: /home/giromi/Repos/VTOL/ws_sensor_combined_src/install/px4_msgs/include/px4_msgs/px4_msgs/msg/detail/orb_test__rosidl_typesupport_fastrtps_c.h\n'}
[15.912295] (px4_msgs) StdoutLine: {'line': b'-- Up-to-date symlink: /home/giromi/Repos/VTOL/ws_sensor_combined_src/install/px4_msgs/include/px4_msgs/px4_msgs/msg/detail/orb_test_large__rosidl_typesupport_fastrtps_c.h\n'}
[15.912569] (px4_msgs) StdoutLine: {'line': b'-- Up-to-date symlink: /home/giromi/Repos/VTOL/ws_sensor_combined_src/install/px4_msgs/include/px4_msgs/px4_msgs/msg/detail/orb_test_medium__rosidl_typesupport_fastrtps_c.h\n'}
[15.912851] (px4_msgs) StdoutLine: {'line': b'-- Up-to-date symlink: /home/giromi/Repos/VTOL/ws_sensor_combined_src/install/px4_msgs/include/px4_msgs/px4_msgs/msg/detail/orbit_status__rosidl_typesupport_fastrtps_c.h\n'}
[15.913143] (px4_msgs) StdoutLine: {'line': b'-- Up-to-date symlink: /home/giromi/Repos/VTOL/ws_sensor_combined_src/install/px4_msgs/include/px4_msgs/px4_msgs/msg/detail/parameter_update__rosidl_typesupport_fastrtps_c.h\n'}
[15.913396] (px4_msgs) StdoutLine: {'line': b'-- Up-to-date symlink: /home/giromi/Repos/VTOL/ws_sensor_combined_src/install/px4_msgs/include/px4_msgs/px4_msgs/msg/detail/ping__rosidl_typesupport_fastrtps_c.h\n'}
[15.913653] (px4_msgs) StdoutLine: {'line': b'-- Up-to-date symlink: /home/giromi/Repos/VTOL/ws_sensor_combined_src/install/px4_msgs/include/px4_msgs/px4_msgs/msg/detail/position_controller_landing_status__rosidl_typesupport_fastrtps_c.h\n'}
[15.913929] (px4_msgs) StdoutLine: {'line': b'-- Up-to-date symlink: /home/giromi/Repos/VTOL/ws_sensor_combined_src/install/px4_msgs/include/px4_msgs/px4_msgs/msg/detail/position_controller_status__rosidl_typesupport_fastrtps_c.h\n'}
[15.914215] (px4_msgs) StdoutLine: {'line': b'-- Up-to-date symlink: /home/giromi/Repos/VTOL/ws_sensor_combined_src/install/px4_msgs/include/px4_msgs/px4_msgs/msg/detail/position_setpoint__rosidl_typesupport_fastrtps_c.h\n'}
[15.914505] (px4_msgs) StdoutLine: {'line': b'-- Up-to-date symlink: /home/giromi/Repos/VTOL/ws_sensor_combined_src/install/px4_msgs/include/px4_msgs/px4_msgs/msg/detail/position_setpoint_triplet__rosidl_typesupport_fastrtps_c.h\n'}
[15.914750] (px4_msgs) StdoutLine: {'line': b'-- Up-to-date symlink: /home/giromi/Repos/VTOL/ws_sensor_combined_src/install/px4_msgs/include/px4_msgs/px4_msgs/msg/detail/power_button_state__rosidl_typesupport_fastrtps_c.h\n'}
[15.915018] (px4_msgs) StdoutLine: {'line': b'-- Up-to-date symlink: /home/giromi/Repos/VTOL/ws_sensor_combined_src/install/px4_msgs/include/px4_msgs/px4_msgs/msg/detail/power_monitor__rosidl_typesupport_fastrtps_c.h\n'}
[15.915303] (px4_msgs) StdoutLine: {'line': b'-- Up-to-date symlink: /home/giromi/Repos/VTOL/ws_sensor_combined_src/install/px4_msgs/include/px4_msgs/px4_msgs/msg/detail/pps_capture__rosidl_typesupport_fastrtps_c.h\n'}
[15.915588] (px4_msgs) StdoutLine: {'line': b'-- Up-to-date symlink: /home/giromi/Repos/VTOL/ws_sensor_combined_src/install/px4_msgs/include/px4_msgs/px4_msgs/msg/detail/pwm_input__rosidl_typesupport_fastrtps_c.h\n'}
[15.915835] (px4_msgs) StdoutLine: {'line': b'-- Up-to-date symlink: /home/giromi/Repos/VTOL/ws_sensor_combined_src/install/px4_msgs/include/px4_msgs/px4_msgs/msg/detail/px4io_status__rosidl_typesupport_fastrtps_c.h\n'}
[15.916085] (px4_msgs) StdoutLine: {'line': b'-- Up-to-date symlink: /home/giromi/Repos/VTOL/ws_sensor_combined_src/install/px4_msgs/include/px4_msgs/px4_msgs/msg/detail/qshell_req__rosidl_typesupport_fastrtps_c.h\n'}
[15.916364] (px4_msgs) StdoutLine: {'line': b'-- Up-to-date symlink: /home/giromi/Repos/VTOL/ws_sensor_combined_src/install/px4_msgs/include/px4_msgs/px4_msgs/msg/detail/qshell_retval__rosidl_typesupport_fastrtps_c.h\n'}
[15.916680] (px4_msgs) StdoutLine: {'line': b'-- Up-to-date symlink: /home/giromi/Repos/VTOL/ws_sensor_combined_src/install/px4_msgs/include/px4_msgs/px4_msgs/msg/detail/radio_status__rosidl_typesupport_fastrtps_c.h\n'}
[15.916977] (px4_msgs) StdoutLine: {'line': b'-- Up-to-date symlink: /home/giromi/Repos/VTOL/ws_sensor_combined_src/install/px4_msgs/include/px4_msgs/px4_msgs/msg/detail/rate_ctrl_status__rosidl_typesupport_fastrtps_c.h\n'}
[15.917245] (px4_msgs) StdoutLine: {'line': b'-- Up-to-date symlink: /home/giromi/Repos/VTOL/ws_sensor_combined_src/install/px4_msgs/include/px4_msgs/px4_msgs/msg/detail/rc_channels__rosidl_typesupport_fastrtps_c.h\n'}
[15.917548] (px4_msgs) StdoutLine: {'line': b'-- Up-to-date symlink: /home/giromi/Repos/VTOL/ws_sensor_combined_src/install/px4_msgs/include/px4_msgs/px4_msgs/msg/detail/rc_parameter_map__rosidl_typesupport_fastrtps_c.h\n'}
[15.917824] (px4_msgs) StdoutLine: {'line': b'-- Up-to-date symlink: /home/giromi/Repos/VTOL/ws_sensor_combined_src/install/px4_msgs/include/px4_msgs/px4_msgs/msg/detail/register_ext_component_reply__rosidl_typesupport_fastrtps_c.h\n'}
[15.918071] (px4_msgs) StdoutLine: {'line': b'-- Up-to-date symlink: /home/giromi/Repos/VTOL/ws_sensor_combined_src/install/px4_msgs/include/px4_msgs/px4_msgs/msg/detail/register_ext_component_request__rosidl_typesupport_fastrtps_c.h\n'}
[15.918336] (px4_msgs) StdoutLine: {'line': b'-- Up-to-date symlink: /home/giromi/Repos/VTOL/ws_sensor_combined_src/install/px4_msgs/include/px4_msgs/px4_msgs/msg/detail/rpm__rosidl_typesupport_fastrtps_c.h\n'}
[15.918613] (px4_msgs) StdoutLine: {'line': b'-- Up-to-date symlink: /home/giromi/Repos/VTOL/ws_sensor_combined_src/install/px4_msgs/include/px4_msgs/px4_msgs/msg/detail/rtl_time_estimate__rosidl_typesupport_fastrtps_c.h\n'}
[15.918889] (px4_msgs) StdoutLine: {'line': b'-- Up-to-date symlink: /home/giromi/Repos/VTOL/ws_sensor_combined_src/install/px4_msgs/include/px4_msgs/px4_msgs/msg/detail/satellite_info__rosidl_typesupport_fastrtps_c.h\n'}
[15.919162] (px4_msgs) StdoutLine: {'line': b'-- Up-to-date symlink: /home/giromi/Repos/VTOL/ws_sensor_combined_src/install/px4_msgs/include/px4_msgs/px4_msgs/msg/detail/sensor_accel__rosidl_typesupport_fastrtps_c.h\n'}
[15.919432] (px4_msgs) StdoutLine: {'line': b'-- Up-to-date symlink: /home/giromi/Repos/VTOL/ws_sensor_combined_src/install/px4_msgs/include/px4_msgs/px4_msgs/msg/detail/sensor_accel_fifo__rosidl_typesupport_fastrtps_c.h\n'}
[15.919707] (px4_msgs) StdoutLine: {'line': b'-- Up-to-date symlink: /home/giromi/Repos/VTOL/ws_sensor_combined_src/install/px4_msgs/include/px4_msgs/px4_msgs/msg/detail/sensor_airflow__rosidl_typesupport_fastrtps_c.h\n'}
[15.919978] (px4_msgs) StdoutLine: {'line': b'-- Up-to-date symlink: /home/giromi/Repos/VTOL/ws_sensor_combined_src/install/px4_msgs/include/px4_msgs/px4_msgs/msg/detail/sensor_baro__rosidl_typesupport_fastrtps_c.h\n'}
[15.920415] (px4_msgs) StdoutLine: {'line': b'-- Up-to-date symlink: /home/giromi/Repos/VTOL/ws_sensor_combined_src/install/px4_msgs/include/px4_msgs/px4_msgs/msg/detail/sensor_combined__rosidl_typesupport_fastrtps_c.h\n'}
[15.920685] (px4_msgs) StdoutLine: {'line': b'-- Up-to-date symlink: /home/giromi/Repos/VTOL/ws_sensor_combined_src/install/px4_msgs/include/px4_msgs/px4_msgs/msg/detail/sensor_correction__rosidl_typesupport_fastrtps_c.h\n'}
[15.921017] (px4_msgs) StdoutLine: {'line': b'-- Up-to-date symlink: /home/giromi/Repos/VTOL/ws_sensor_combined_src/install/px4_msgs/include/px4_msgs/px4_msgs/msg/detail/sensor_gnss_relative__rosidl_typesupport_fastrtps_c.h\n'}
[15.921404] (px4_msgs) StdoutLine: {'line': b'-- Up-to-date symlink: /home/giromi/Repos/VTOL/ws_sensor_combined_src/install/px4_msgs/include/px4_msgs/px4_msgs/msg/detail/sensor_gps__rosidl_typesupport_fastrtps_c.h\n'}
[15.921692] (px4_msgs) StdoutLine: {'line': b'-- Up-to-date symlink: /home/giromi/Repos/VTOL/ws_sensor_combined_src/install/px4_msgs/include/px4_msgs/px4_msgs/msg/detail/sensor_gyro__rosidl_typesupport_fastrtps_c.h\n'}
[15.921980] (px4_msgs) StdoutLine: {'line': b'-- Up-to-date symlink: /home/giromi/Repos/VTOL/ws_sensor_combined_src/install/px4_msgs/include/px4_msgs/px4_msgs/msg/detail/sensor_gyro_fft__rosidl_typesupport_fastrtps_c.h\n'}
[15.922265] (px4_msgs) StdoutLine: {'line': b'-- Up-to-date symlink: /home/giromi/Repos/VTOL/ws_sensor_combined_src/install/px4_msgs/include/px4_msgs/px4_msgs/msg/detail/sensor_gyro_fifo__rosidl_typesupport_fastrtps_c.h\n'}
[15.922550] (px4_msgs) StdoutLine: {'line': b'-- Up-to-date symlink: /home/giromi/Repos/VTOL/ws_sensor_combined_src/install/px4_msgs/include/px4_msgs/px4_msgs/msg/detail/sensor_hygrometer__rosidl_typesupport_fastrtps_c.h\n'}
[15.922833] (px4_msgs) StdoutLine: {'line': b'-- Up-to-date symlink: /home/giromi/Repos/VTOL/ws_sensor_combined_src/install/px4_msgs/include/px4_msgs/px4_msgs/msg/detail/sensor_mag__rosidl_typesupport_fastrtps_c.h\n'}
[15.923120] (px4_msgs) StdoutLine: {'line': b'-- Up-to-date symlink: /home/giromi/Repos/VTOL/ws_sensor_combined_src/install/px4_msgs/include/px4_msgs/px4_msgs/msg/detail/sensor_optical_flow__rosidl_typesupport_fastrtps_c.h\n'}
[15.923401] (px4_msgs) StdoutLine: {'line': b'-- Up-to-date symlink: /home/giromi/Repos/VTOL/ws_sensor_combined_src/install/px4_msgs/include/px4_msgs/px4_msgs/msg/detail/sensor_preflight_mag__rosidl_typesupport_fastrtps_c.h\n'}
[15.923761] (px4_msgs) StdoutLine: {'line': b'-- Up-to-date symlink: /home/giromi/Repos/VTOL/ws_sensor_combined_src/install/px4_msgs/include/px4_msgs/px4_msgs/msg/detail/sensor_selection__rosidl_typesupport_fastrtps_c.h\n'}
[15.924047] (px4_msgs) StdoutLine: {'line': b'-- Up-to-date symlink: /home/giromi/Repos/VTOL/ws_sensor_combined_src/install/px4_msgs/include/px4_msgs/px4_msgs/msg/detail/sensor_uwb__rosidl_typesupport_fastrtps_c.h\n'}
[15.924328] (px4_msgs) StdoutLine: {'line': b'-- Up-to-date symlink: /home/giromi/Repos/VTOL/ws_sensor_combined_src/install/px4_msgs/include/px4_msgs/px4_msgs/msg/detail/sensors_status__rosidl_typesupport_fastrtps_c.h\n'}
[15.924618] (px4_msgs) StdoutLine: {'line': b'-- Up-to-date symlink: /home/giromi/Repos/VTOL/ws_sensor_combined_src/install/px4_msgs/include/px4_msgs/px4_msgs/msg/detail/sensors_status_imu__rosidl_typesupport_fastrtps_c.h\n'}
[15.924904] (px4_msgs) StdoutLine: {'line': b'-- Up-to-date symlink: /home/giromi/Repos/VTOL/ws_sensor_combined_src/install/px4_msgs/include/px4_msgs/px4_msgs/msg/detail/system_power__rosidl_typesupport_fastrtps_c.h\n'}
[15.925240] (px4_msgs) StdoutLine: {'line': b'-- Up-to-date symlink: /home/giromi/Repos/VTOL/ws_sensor_combined_src/install/px4_msgs/include/px4_msgs/px4_msgs/msg/detail/takeoff_status__rosidl_typesupport_fastrtps_c.h\n'}
[15.925581] (px4_msgs) StdoutLine: {'line': b'-- Up-to-date symlink: /home/giromi/Repos/VTOL/ws_sensor_combined_src/install/px4_msgs/include/px4_msgs/px4_msgs/msg/detail/task_stack_info__rosidl_typesupport_fastrtps_c.h\n'}
[15.925940] (px4_msgs) StdoutLine: {'line': b'-- Up-to-date symlink: /home/giromi/Repos/VTOL/ws_sensor_combined_src/install/px4_msgs/include/px4_msgs/px4_msgs/msg/detail/tecs_status__rosidl_typesupport_fastrtps_c.h\n'}
[15.926477] (px4_msgs) StdoutLine: {'line': b'-- Up-to-date symlink: /home/giromi/Repos/VTOL/ws_sensor_combined_src/install/px4_msgs/include/px4_msgs/px4_msgs/msg/detail/telemetry_status__rosidl_typesupport_fastrtps_c.h\n'}
[15.926880] (px4_msgs) StdoutLine: {'line': b'-- Up-to-date symlink: /home/giromi/Repos/VTOL/ws_sensor_combined_src/install/px4_msgs/include/px4_msgs/px4_msgs/msg/detail/tiltrotor_extra_controls__rosidl_typesupport_fastrtps_c.h\n'}
[15.927249] (px4_msgs) StdoutLine: {'line': b'-- Up-to-date symlink: /home/giromi/Repos/VTOL/ws_sensor_combined_src/install/px4_msgs/include/px4_msgs/px4_msgs/msg/detail/timesync_status__rosidl_typesupport_fastrtps_c.h\n'}
[15.927651] (px4_msgs) StdoutLine: {'line': b'-- Up-to-date symlink: /home/giromi/Repos/VTOL/ws_sensor_combined_src/install/px4_msgs/include/px4_msgs/px4_msgs/msg/detail/trajectory_bezier__rosidl_typesupport_fastrtps_c.h\n'}
[15.927962] (px4_msgs) StdoutLine: {'line': b'-- Up-to-date symlink: /home/giromi/Repos/VTOL/ws_sensor_combined_src/install/px4_msgs/include/px4_msgs/px4_msgs/msg/detail/trajectory_setpoint__rosidl_typesupport_fastrtps_c.h\n'}
[15.928241] (px4_msgs) StdoutLine: {'line': b'-- Up-to-date symlink: /home/giromi/Repos/VTOL/ws_sensor_combined_src/install/px4_msgs/include/px4_msgs/px4_msgs/msg/detail/trajectory_waypoint__rosidl_typesupport_fastrtps_c.h\n'}
[15.928567] (px4_msgs) StdoutLine: {'line': b'-- Up-to-date symlink: /home/giromi/Repos/VTOL/ws_sensor_combined_src/install/px4_msgs/include/px4_msgs/px4_msgs/msg/detail/transponder_report__rosidl_typesupport_fastrtps_c.h\n'}
[15.928892] (px4_msgs) StdoutLine: {'line': b'-- Up-to-date symlink: /home/giromi/Repos/VTOL/ws_sensor_combined_src/install/px4_msgs/include/px4_msgs/px4_msgs/msg/detail/tune_control__rosidl_typesupport_fastrtps_c.h\n'}
[15.929264] (px4_msgs) StdoutLine: {'line': b'-- Up-to-date symlink: /home/giromi/Repos/VTOL/ws_sensor_combined_src/install/px4_msgs/include/px4_msgs/px4_msgs/msg/detail/uavcan_parameter_request__rosidl_typesupport_fastrtps_c.h\n'}
[15.929587] (px4_msgs) StdoutLine: {'line': b'-- Up-to-date symlink: /home/giromi/Repos/VTOL/ws_sensor_combined_src/install/px4_msgs/include/px4_msgs/px4_msgs/msg/detail/uavcan_parameter_value__rosidl_typesupport_fastrtps_c.h\n'}
[15.929915] (px4_msgs) StdoutLine: {'line': b'-- Up-to-date symlink: /home/giromi/Repos/VTOL/ws_sensor_combined_src/install/px4_msgs/include/px4_msgs/px4_msgs/msg/detail/ulog_stream__rosidl_typesupport_fastrtps_c.h\n'}
[15.930225] (px4_msgs) StdoutLine: {'line': b'-- Up-to-date symlink: /home/giromi/Repos/VTOL/ws_sensor_combined_src/install/px4_msgs/include/px4_msgs/px4_msgs/msg/detail/ulog_stream_ack__rosidl_typesupport_fastrtps_c.h\n'}
[15.930541] (px4_msgs) StdoutLine: {'line': b'-- Up-to-date symlink: /home/giromi/Repos/VTOL/ws_sensor_combined_src/install/px4_msgs/include/px4_msgs/px4_msgs/msg/detail/unregister_ext_component__rosidl_typesupport_fastrtps_c.h\n'}
[15.930886] (px4_msgs) StdoutLine: {'line': b'-- Up-to-date symlink: /home/giromi/Repos/VTOL/ws_sensor_combined_src/install/px4_msgs/include/px4_msgs/px4_msgs/msg/detail/vehicle_acceleration__rosidl_typesupport_fastrtps_c.h\n'}
[15.931202] (px4_msgs) StdoutLine: {'line': b'-- Up-to-date symlink: /home/giromi/Repos/VTOL/ws_sensor_combined_src/install/px4_msgs/include/px4_msgs/px4_msgs/msg/detail/vehicle_air_data__rosidl_typesupport_fastrtps_c.h\n'}
[15.931521] (px4_msgs) StdoutLine: {'line': b'-- Up-to-date symlink: /home/giromi/Repos/VTOL/ws_sensor_combined_src/install/px4_msgs/include/px4_msgs/px4_msgs/msg/detail/vehicle_angular_acceleration_setpoint__rosidl_typesupport_fastrtps_c.h\n'}
[15.931862] (px4_msgs) StdoutLine: {'line': b'-- Up-to-date symlink: /home/giromi/Repos/VTOL/ws_sensor_combined_src/install/px4_msgs/include/px4_msgs/px4_msgs/msg/detail/vehicle_angular_velocity__rosidl_typesupport_fastrtps_c.h\n'}
[15.932182] (px4_msgs) StdoutLine: {'line': b'-- Up-to-date symlink: /home/giromi/Repos/VTOL/ws_sensor_combined_src/install/px4_msgs/include/px4_msgs/px4_msgs/msg/detail/vehicle_attitude__rosidl_typesupport_fastrtps_c.h\n'}
[15.932566] (px4_msgs) StdoutLine: {'line': b'-- Up-to-date symlink: /home/giromi/Repos/VTOL/ws_sensor_combined_src/install/px4_msgs/include/px4_msgs/px4_msgs/msg/detail/vehicle_attitude_setpoint__rosidl_typesupport_fastrtps_c.h\n'}
[15.932881] (px4_msgs) StdoutLine: {'line': b'-- Up-to-date symlink: /home/giromi/Repos/VTOL/ws_sensor_combined_src/install/px4_msgs/include/px4_msgs/px4_msgs/msg/detail/vehicle_command__rosidl_typesupport_fastrtps_c.h\n'}
[15.933199] (px4_msgs) StdoutLine: {'line': b'-- Up-to-date symlink: /home/giromi/Repos/VTOL/ws_sensor_combined_src/install/px4_msgs/include/px4_msgs/px4_msgs/msg/detail/vehicle_command_ack__rosidl_typesupport_fastrtps_c.h\n'}
[15.933482] (px4_msgs) StdoutLine: {'line': b'-- Up-to-date symlink: /home/giromi/Repos/VTOL/ws_sensor_combined_src/install/px4_msgs/include/px4_msgs/px4_msgs/msg/detail/vehicle_constraints__rosidl_typesupport_fastrtps_c.h\n'}
[15.933767] (px4_msgs) StdoutLine: {'line': b'-- Up-to-date symlink: /home/giromi/Repos/VTOL/ws_sensor_combined_src/install/px4_msgs/include/px4_msgs/px4_msgs/msg/detail/vehicle_control_mode__rosidl_typesupport_fastrtps_c.h\n'}
[15.934052] (px4_msgs) StdoutLine: {'line': b'-- Up-to-date symlink: /home/giromi/Repos/VTOL/ws_sensor_combined_src/install/px4_msgs/include/px4_msgs/px4_msgs/msg/detail/vehicle_global_position__rosidl_typesupport_fastrtps_c.h\n'}
[15.934343] (px4_msgs) StdoutLine: {'line': b'-- Up-to-date symlink: /home/giromi/Repos/VTOL/ws_sensor_combined_src/install/px4_msgs/include/px4_msgs/px4_msgs/msg/detail/vehicle_imu__rosidl_typesupport_fastrtps_c.h\n'}
[15.934624] (px4_msgs) StdoutLine: {'line': b'-- Up-to-date symlink: /home/giromi/Repos/VTOL/ws_sensor_combined_src/install/px4_msgs/include/px4_msgs/px4_msgs/msg/detail/vehicle_imu_status__rosidl_typesupport_fastrtps_c.h\n'}
[15.934912] (px4_msgs) StdoutLine: {'line': b'-- Up-to-date symlink: /home/giromi/Repos/VTOL/ws_sensor_combined_src/install/px4_msgs/include/px4_msgs/px4_msgs/msg/detail/vehicle_land_detected__rosidl_typesupport_fastrtps_c.h\n'}
[15.935202] (px4_msgs) StdoutLine: {'line': b'-- Up-to-date symlink: /home/giromi/Repos/VTOL/ws_sensor_combined_src/install/px4_msgs/include/px4_msgs/px4_msgs/msg/detail/vehicle_local_position__rosidl_typesupport_fastrtps_c.h\n'}
[15.935492] (px4_msgs) StdoutLine: {'line': b'-- Up-to-date symlink: /home/giromi/Repos/VTOL/ws_sensor_combined_src/install/px4_msgs/include/px4_msgs/px4_msgs/msg/detail/vehicle_local_position_setpoint__rosidl_typesupport_fastrtps_c.h\n'}
[15.935775] (px4_msgs) StdoutLine: {'line': b'-- Up-to-date symlink: /home/giromi/Repos/VTOL/ws_sensor_combined_src/install/px4_msgs/include/px4_msgs/px4_msgs/msg/detail/vehicle_magnetometer__rosidl_typesupport_fastrtps_c.h\n'}
[15.936066] (px4_msgs) StdoutLine: {'line': b'-- Up-to-date symlink: /home/giromi/Repos/VTOL/ws_sensor_combined_src/install/px4_msgs/include/px4_msgs/px4_msgs/msg/detail/vehicle_odometry__rosidl_typesupport_fastrtps_c.h\n'}
[15.936357] (px4_msgs) StdoutLine: {'line': b'-- Up-to-date symlink: /home/giromi/Repos/VTOL/ws_sensor_combined_src/install/px4_msgs/include/px4_msgs/px4_msgs/msg/detail/vehicle_optical_flow__rosidl_typesupport_fastrtps_c.h\n'}
[15.936647] (px4_msgs) StdoutLine: {'line': b'-- Up-to-date symlink: /home/giromi/Repos/VTOL/ws_sensor_combined_src/install/px4_msgs/include/px4_msgs/px4_msgs/msg/detail/vehicle_optical_flow_vel__rosidl_typesupport_fastrtps_c.h\n'}
[15.936930] (px4_msgs) StdoutLine: {'line': b'-- Up-to-date symlink: /home/giromi/Repos/VTOL/ws_sensor_combined_src/install/px4_msgs/include/px4_msgs/px4_msgs/msg/detail/vehicle_rates_setpoint__rosidl_typesupport_fastrtps_c.h\n'}
[15.937352] (px4_msgs) StdoutLine: {'line': b'-- Up-to-date symlink: /home/giromi/Repos/VTOL/ws_sensor_combined_src/install/px4_msgs/include/px4_msgs/px4_msgs/msg/detail/vehicle_roi__rosidl_typesupport_fastrtps_c.h\n'}
[15.937628] (px4_msgs) StdoutLine: {'line': b'-- Up-to-date symlink: /home/giromi/Repos/VTOL/ws_sensor_combined_src/install/px4_msgs/include/px4_msgs/px4_msgs/msg/detail/vehicle_status__rosidl_typesupport_fastrtps_c.h\n'}
[15.937909] (px4_msgs) StdoutLine: {'line': b'-- Up-to-date symlink: /home/giromi/Repos/VTOL/ws_sensor_combined_src/install/px4_msgs/include/px4_msgs/px4_msgs/msg/detail/vehicle_thrust_setpoint__rosidl_typesupport_fastrtps_c.h\n'}
[15.938230] (px4_msgs) StdoutLine: {'line': b'-- Up-to-date symlink: /home/giromi/Repos/VTOL/ws_sensor_combined_src/install/px4_msgs/include/px4_msgs/px4_msgs/msg/detail/vehicle_torque_setpoint__rosidl_typesupport_fastrtps_c.h\n'}
[15.938549] (px4_msgs) StdoutLine: {'line': b'-- Up-to-date symlink: /home/giromi/Repos/VTOL/ws_sensor_combined_src/install/px4_msgs/include/px4_msgs/px4_msgs/msg/detail/vehicle_trajectory_bezier__rosidl_typesupport_fastrtps_c.h\n'}
[15.938882] (px4_msgs) StdoutLine: {'line': b'-- Up-to-date symlink: /home/giromi/Repos/VTOL/ws_sensor_combined_src/install/px4_msgs/include/px4_msgs/px4_msgs/msg/detail/vehicle_trajectory_waypoint__rosidl_typesupport_fastrtps_c.h\n'}
[15.939210] (px4_msgs) StdoutLine: {'line': b'-- Up-to-date symlink: /home/giromi/Repos/VTOL/ws_sensor_combined_src/install/px4_msgs/include/px4_msgs/px4_msgs/msg/detail/velocity_limits__rosidl_typesupport_fastrtps_c.h\n'}
[15.939528] (px4_msgs) StdoutLine: {'line': b'-- Up-to-date symlink: /home/giromi/Repos/VTOL/ws_sensor_combined_src/install/px4_msgs/include/px4_msgs/px4_msgs/msg/detail/vtol_vehicle_status__rosidl_typesupport_fastrtps_c.h\n'}
[15.939937] (px4_msgs) StdoutLine: {'line': b'-- Up-to-date symlink: /home/giromi/Repos/VTOL/ws_sensor_combined_src/install/px4_msgs/include/px4_msgs/px4_msgs/msg/detail/wheel_encoders__rosidl_typesupport_fastrtps_c.h\n'}
[15.940345] (px4_msgs) StdoutLine: {'line': b'-- Up-to-date symlink: /home/giromi/Repos/VTOL/ws_sensor_combined_src/install/px4_msgs/include/px4_msgs/px4_msgs/msg/detail/wind__rosidl_typesupport_fastrtps_c.h\n'}
[15.940755] (px4_msgs) StdoutLine: {'line': b'-- Up-to-date symlink: /home/giromi/Repos/VTOL/ws_sensor_combined_src/install/px4_msgs/include/px4_msgs/px4_msgs/msg/detail/yaw_estimator_status__rosidl_typesupport_fastrtps_c.h\n'}
[15.941130] (px4_msgs) StdoutLine: {'line': b'-- Up-to-date symlink: /home/giromi/Repos/VTOL/ws_sensor_combined_src/install/px4_msgs/include/px4_msgs/px4_msgs/msg/rosidl_typesupport_fastrtps_c__visibility_control.h\n'}
[15.941462] (px4_msgs) StdoutLine: {'line': b'-- Up-to-date symlink: /home/giromi/Repos/VTOL/ws_sensor_combined_src/install/px4_msgs/include/px4_msgs/px4_msgs/srv/detail/vehicle_command__rosidl_typesupport_fastrtps_c.h\n'}
[15.950687] (px4_msgs) StdoutLine: {'line': b'-- Up-to-date symlink: /home/giromi/Repos/VTOL/ws_sensor_combined_src/install/px4_msgs/include/px4_msgs/px4_msgs/msg/action_request.hpp\n'}
[15.950916] (px4_msgs) StdoutLine: {'line': b'-- Up-to-date symlink: /home/giromi/Repos/VTOL/ws_sensor_combined_src/install/px4_msgs/include/px4_msgs/px4_msgs/msg/actuator_armed.hpp\n'}
[15.951191] (px4_msgs) StdoutLine: {'line': b'-- Up-to-date symlink: /home/giromi/Repos/VTOL/ws_sensor_combined_src/install/px4_msgs/include/px4_msgs/px4_msgs/msg/actuator_controls_status.hpp\n'}
[15.951450] (px4_msgs) StdoutLine: {'line': b'-- Up-to-date symlink: /home/giromi/Repos/VTOL/ws_sensor_combined_src/install/px4_msgs/include/px4_msgs/px4_msgs/msg/actuator_motors.hpp\n'}
[15.951726] (px4_msgs) StdoutLine: {'line': b'-- Up-to-date symlink: /home/giromi/Repos/VTOL/ws_sensor_combined_src/install/px4_msgs/include/px4_msgs/px4_msgs/msg/actuator_outputs.hpp\n'}
[15.951952] (px4_msgs) StdoutLine: {'line': b'-- Up-to-date symlink: /home/giromi/Repos/VTOL/ws_sensor_combined_src/install/px4_msgs/include/px4_msgs/px4_msgs/msg/actuator_servos.hpp\n'}
[15.952258] (px4_msgs) StdoutLine: {'line': b'-- Up-to-date symlink: /home/giromi/Repos/VTOL/ws_sensor_combined_src/install/px4_msgs/include/px4_msgs/px4_msgs/msg/actuator_servos_trim.hpp\n'}
[15.952515] (px4_msgs) StdoutLine: {'line': b'-- Up-to-date symlink: /home/giromi/Repos/VTOL/ws_sensor_combined_src/install/px4_msgs/include/px4_msgs/px4_msgs/msg/actuator_test.hpp\n'}
[15.952871] (px4_msgs) StdoutLine: {'line': b'-- Up-to-date symlink: /home/giromi/Repos/VTOL/ws_sensor_combined_src/install/px4_msgs/include/px4_msgs/px4_msgs/msg/adc_report.hpp\n'}
[15.953506] (px4_msgs) StdoutLine: {'line': b'-- Up-to-date symlink: /home/giromi/Repos/VTOL/ws_sensor_combined_src/install/px4_msgs/include/px4_msgs/px4_msgs/msg/airspeed.hpp\n'}
[15.953737] (px4_msgs) StdoutLine: {'line': b'-- Up-to-date symlink: /home/giromi/Repos/VTOL/ws_sensor_combined_src/install/px4_msgs/include/px4_msgs/px4_msgs/msg/airspeed_validated.hpp\n'}
[15.954009] (px4_msgs) StdoutLine: {'line': b'-- Up-to-date symlink: /home/giromi/Repos/VTOL/ws_sensor_combined_src/install/px4_msgs/include/px4_msgs/px4_msgs/msg/airspeed_wind.hpp\n'}
[15.954243] (px4_msgs) StdoutLine: {'line': b'-- Up-to-date symlink: /home/giromi/Repos/VTOL/ws_sensor_combined_src/install/px4_msgs/include/px4_msgs/px4_msgs/msg/arming_check_reply.hpp\n'}
[15.954510] (px4_msgs) StdoutLine: {'line': b'-- Up-to-date symlink: /home/giromi/Repos/VTOL/ws_sensor_combined_src/install/px4_msgs/include/px4_msgs/px4_msgs/msg/arming_check_request.hpp\n'}
[15.954814] (px4_msgs) StdoutLine: {'line': b'-- Up-to-date symlink: /home/giromi/Repos/VTOL/ws_sensor_combined_src/install/px4_msgs/include/px4_msgs/px4_msgs/msg/autotune_attitude_control_status.hpp\n'}
[15.955170] (px4_msgs) StdoutLine: {'line': b'-- Up-to-date symlink: /home/giromi/Repos/VTOL/ws_sensor_combined_src/install/px4_msgs/include/px4_msgs/px4_msgs/msg/battery_status.hpp\n'}
[15.955479] (px4_msgs) StdoutLine: {'line': b'-- Up-to-date symlink: /home/giromi/Repos/VTOL/ws_sensor_combined_src/install/px4_msgs/include/px4_msgs/px4_msgs/msg/buffer128.hpp\n'}
[15.955774] (px4_msgs) StdoutLine: {'line': b'-- Up-to-date symlink: /home/giromi/Repos/VTOL/ws_sensor_combined_src/install/px4_msgs/include/px4_msgs/px4_msgs/msg/button_event.hpp\n'}
[15.956149] (px4_msgs) StdoutLine: {'line': b'-- Up-to-date symlink: /home/giromi/Repos/VTOL/ws_sensor_combined_src/install/px4_msgs/include/px4_msgs/px4_msgs/msg/camera_capture.hpp\n'}
[15.956249] (-) TimerEvent: {}
[15.956541] (px4_msgs) StdoutLine: {'line': b'-- Up-to-date symlink: /home/giromi/Repos/VTOL/ws_sensor_combined_src/install/px4_msgs/include/px4_msgs/px4_msgs/msg/camera_status.hpp\n'}
[15.956876] (px4_msgs) StdoutLine: {'line': b'-- Up-to-date symlink: /home/giromi/Repos/VTOL/ws_sensor_combined_src/install/px4_msgs/include/px4_msgs/px4_msgs/msg/camera_trigger.hpp\n'}
[15.957233] (px4_msgs) StdoutLine: {'line': b'-- Up-to-date symlink: /home/giromi/Repos/VTOL/ws_sensor_combined_src/install/px4_msgs/include/px4_msgs/px4_msgs/msg/cellular_status.hpp\n'}
[15.957547] (px4_msgs) StdoutLine: {'line': b'-- Up-to-date symlink: /home/giromi/Repos/VTOL/ws_sensor_combined_src/install/px4_msgs/include/px4_msgs/px4_msgs/msg/collision_constraints.hpp\n'}
[15.957818] (px4_msgs) StdoutLine: {'line': b'-- Up-to-date symlink: /home/giromi/Repos/VTOL/ws_sensor_combined_src/install/px4_msgs/include/px4_msgs/px4_msgs/msg/collision_report.hpp\n'}
[15.958054] (px4_msgs) StdoutLine: {'line': b'-- Up-to-date symlink: /home/giromi/Repos/VTOL/ws_sensor_combined_src/install/px4_msgs/include/px4_msgs/px4_msgs/msg/config_overrides.hpp\n'}
[15.958367] (px4_msgs) StdoutLine: {'line': b'-- Up-to-date symlink: /home/giromi/Repos/VTOL/ws_sensor_combined_src/install/px4_msgs/include/px4_msgs/px4_msgs/msg/control_allocator_status.hpp\n'}
[15.958740] (px4_msgs) StdoutLine: {'line': b'-- Up-to-date symlink: /home/giromi/Repos/VTOL/ws_sensor_combined_src/install/px4_msgs/include/px4_msgs/px4_msgs/msg/cpuload.hpp\n'}
[15.959002] (px4_msgs) StdoutLine: {'line': b'-- Up-to-date symlink: /home/giromi/Repos/VTOL/ws_sensor_combined_src/install/px4_msgs/include/px4_msgs/px4_msgs/msg/dataman_request.hpp\n'}
[15.959340] (px4_msgs) StdoutLine: {'line': b'-- Up-to-date symlink: /home/giromi/Repos/VTOL/ws_sensor_combined_src/install/px4_msgs/include/px4_msgs/px4_msgs/msg/dataman_response.hpp\n'}
[15.959681] (px4_msgs) StdoutLine: {'line': b'-- Up-to-date symlink: /home/giromi/Repos/VTOL/ws_sensor_combined_src/install/px4_msgs/include/px4_msgs/px4_msgs/msg/debug_array.hpp\n'}
[15.959985] (px4_msgs) StdoutLine: {'line': b'-- Up-to-date symlink: /home/giromi/Repos/VTOL/ws_sensor_combined_src/install/px4_msgs/include/px4_msgs/px4_msgs/msg/debug_key_value.hpp\n'}
[15.960296] (px4_msgs) StdoutLine: {'line': b'-- Up-to-date symlink: /home/giromi/Repos/VTOL/ws_sensor_combined_src/install/px4_msgs/include/px4_msgs/px4_msgs/msg/debug_value.hpp\n'}
[15.960495] (px4_msgs) StdoutLine: {'line': b'-- Up-to-date symlink: /home/giromi/Repos/VTOL/ws_sensor_combined_src/install/px4_msgs/include/px4_msgs/px4_msgs/msg/debug_vect.hpp\n'}
[15.960815] (px4_msgs) StdoutLine: {'line': b'-- Up-to-date symlink: /home/giromi/Repos/VTOL/ws_sensor_combined_src/install/px4_msgs/include/px4_msgs/px4_msgs/msg/detail/action_request__builder.hpp\n'}
[15.961186] (px4_msgs) StdoutLine: {'line': b'-- Up-to-date symlink: /home/giromi/Repos/VTOL/ws_sensor_combined_src/install/px4_msgs/include/px4_msgs/px4_msgs/msg/detail/action_request__struct.hpp\n'}
[15.961453] (px4_msgs) StdoutLine: {'line': b'-- Up-to-date symlink: /home/giromi/Repos/VTOL/ws_sensor_combined_src/install/px4_msgs/include/px4_msgs/px4_msgs/msg/detail/action_request__traits.hpp\n'}
[15.961688] (px4_msgs) StdoutLine: {'line': b'-- Up-to-date symlink: /home/giromi/Repos/VTOL/ws_sensor_combined_src/install/px4_msgs/include/px4_msgs/px4_msgs/msg/detail/actuator_armed__builder.hpp\n'}
[15.962013] (px4_msgs) StdoutLine: {'line': b'-- Up-to-date symlink: /home/giromi/Repos/VTOL/ws_sensor_combined_src/install/px4_msgs/include/px4_msgs/px4_msgs/msg/detail/actuator_armed__struct.hpp\n'}
[15.962334] (px4_msgs) StdoutLine: {'line': b'-- Up-to-date symlink: /home/giromi/Repos/VTOL/ws_sensor_combined_src/install/px4_msgs/include/px4_msgs/px4_msgs/msg/detail/actuator_armed__traits.hpp\n'}
[15.962593] (px4_msgs) StdoutLine: {'line': b'-- Up-to-date symlink: /home/giromi/Repos/VTOL/ws_sensor_combined_src/install/px4_msgs/include/px4_msgs/px4_msgs/msg/detail/actuator_controls_status__builder.hpp\n'}
[15.962797] (px4_msgs) StdoutLine: {'line': b'-- Up-to-date symlink: /home/giromi/Repos/VTOL/ws_sensor_combined_src/install/px4_msgs/include/px4_msgs/px4_msgs/msg/detail/actuator_controls_status__struct.hpp\n'}
[15.963096] (px4_msgs) StdoutLine: {'line': b'-- Up-to-date symlink: /home/giromi/Repos/VTOL/ws_sensor_combined_src/install/px4_msgs/include/px4_msgs/px4_msgs/msg/detail/actuator_controls_status__traits.hpp\n'}
[15.963403] (px4_msgs) StdoutLine: {'line': b'-- Up-to-date symlink: /home/giromi/Repos/VTOL/ws_sensor_combined_src/install/px4_msgs/include/px4_msgs/px4_msgs/msg/detail/actuator_motors__builder.hpp\n'}
[15.963725] (px4_msgs) StdoutLine: {'line': b'-- Up-to-date symlink: /home/giromi/Repos/VTOL/ws_sensor_combined_src/install/px4_msgs/include/px4_msgs/px4_msgs/msg/detail/actuator_motors__struct.hpp\n'}
[15.964058] (px4_msgs) StdoutLine: {'line': b'-- Up-to-date symlink: /home/giromi/Repos/VTOL/ws_sensor_combined_src/install/px4_msgs/include/px4_msgs/px4_msgs/msg/detail/actuator_motors__traits.hpp\n'}
[15.964359] (px4_msgs) StdoutLine: {'line': b'-- Up-to-date symlink: /home/giromi/Repos/VTOL/ws_sensor_combined_src/install/px4_msgs/include/px4_msgs/px4_msgs/msg/detail/actuator_outputs__builder.hpp\n'}
[15.964644] (px4_msgs) StdoutLine: {'line': b'-- Up-to-date symlink: /home/giromi/Repos/VTOL/ws_sensor_combined_src/install/px4_msgs/include/px4_msgs/px4_msgs/msg/detail/actuator_outputs__struct.hpp\n'}
[15.965034] (px4_msgs) StdoutLine: {'line': b'-- Up-to-date symlink: /home/giromi/Repos/VTOL/ws_sensor_combined_src/install/px4_msgs/include/px4_msgs/px4_msgs/msg/detail/actuator_outputs__traits.hpp\n'}
[15.965261] (px4_msgs) StdoutLine: {'line': b'-- Up-to-date symlink: /home/giromi/Repos/VTOL/ws_sensor_combined_src/install/px4_msgs/include/px4_msgs/px4_msgs/msg/detail/actuator_servos__builder.hpp\n'}
[15.965470] (px4_msgs) StdoutLine: {'line': b'-- Up-to-date symlink: /home/giromi/Repos/VTOL/ws_sensor_combined_src/install/px4_msgs/include/px4_msgs/px4_msgs/msg/detail/actuator_servos__struct.hpp\n'}
[15.965677] (px4_msgs) StdoutLine: {'line': b'-- Up-to-date symlink: /home/giromi/Repos/VTOL/ws_sensor_combined_src/install/px4_msgs/include/px4_msgs/px4_msgs/msg/detail/actuator_servos__traits.hpp\n'}
[15.965963] (px4_msgs) StdoutLine: {'line': b'-- Up-to-date symlink: /home/giromi/Repos/VTOL/ws_sensor_combined_src/install/px4_msgs/include/px4_msgs/px4_msgs/msg/detail/actuator_servos_trim__builder.hpp\n'}
[15.966275] (px4_msgs) StdoutLine: {'line': b'-- Up-to-date symlink: /home/giromi/Repos/VTOL/ws_sensor_combined_src/install/px4_msgs/include/px4_msgs/px4_msgs/msg/detail/actuator_servos_trim__struct.hpp\n'}
[15.966571] (px4_msgs) StdoutLine: {'line': b'-- Up-to-date symlink: /home/giromi/Repos/VTOL/ws_sensor_combined_src/install/px4_msgs/include/px4_msgs/px4_msgs/msg/detail/actuator_servos_trim__traits.hpp\n'}
[15.966885] (px4_msgs) StdoutLine: {'line': b'-- Up-to-date symlink: /home/giromi/Repos/VTOL/ws_sensor_combined_src/install/px4_msgs/include/px4_msgs/px4_msgs/msg/detail/actuator_test__builder.hpp\n'}
[15.967316] (px4_msgs) StdoutLine: {'line': b'-- Up-to-date symlink: /home/giromi/Repos/VTOL/ws_sensor_combined_src/install/px4_msgs/include/px4_msgs/px4_msgs/msg/detail/actuator_test__struct.hpp\n'}
[15.967565] (px4_msgs) StdoutLine: {'line': b'-- Up-to-date symlink: /home/giromi/Repos/VTOL/ws_sensor_combined_src/install/px4_msgs/include/px4_msgs/px4_msgs/msg/detail/actuator_test__traits.hpp\n'}
[15.967880] (px4_msgs) StdoutLine: {'line': b'-- Up-to-date symlink: /home/giromi/Repos/VTOL/ws_sensor_combined_src/install/px4_msgs/include/px4_msgs/px4_msgs/msg/detail/adc_report__builder.hpp\n'}
[15.968208] (px4_msgs) StdoutLine: {'line': b'-- Up-to-date symlink: /home/giromi/Repos/VTOL/ws_sensor_combined_src/install/px4_msgs/include/px4_msgs/px4_msgs/msg/detail/adc_report__struct.hpp\n'}
[15.968521] (px4_msgs) StdoutLine: {'line': b'-- Up-to-date symlink: /home/giromi/Repos/VTOL/ws_sensor_combined_src/install/px4_msgs/include/px4_msgs/px4_msgs/msg/detail/adc_report__traits.hpp\n'}
[15.968824] (px4_msgs) StdoutLine: {'line': b'-- Up-to-date symlink: /home/giromi/Repos/VTOL/ws_sensor_combined_src/install/px4_msgs/include/px4_msgs/px4_msgs/msg/detail/airspeed__builder.hpp\n'}
[15.969188] (px4_msgs) StdoutLine: {'line': b'-- Up-to-date symlink: /home/giromi/Repos/VTOL/ws_sensor_combined_src/install/px4_msgs/include/px4_msgs/px4_msgs/msg/detail/airspeed__struct.hpp\n'}
[15.969405] (px4_msgs) StdoutLine: {'line': b'-- Up-to-date symlink: /home/giromi/Repos/VTOL/ws_sensor_combined_src/install/px4_msgs/include/px4_msgs/px4_msgs/msg/detail/airspeed__traits.hpp\n'}
[15.969664] (px4_msgs) StdoutLine: {'line': b'-- Up-to-date symlink: /home/giromi/Repos/VTOL/ws_sensor_combined_src/install/px4_msgs/include/px4_msgs/px4_msgs/msg/detail/airspeed_validated__builder.hpp\n'}
[15.969923] (px4_msgs) StdoutLine: {'line': b'-- Up-to-date symlink: /home/giromi/Repos/VTOL/ws_sensor_combined_src/install/px4_msgs/include/px4_msgs/px4_msgs/msg/detail/airspeed_validated__struct.hpp\n'}
[15.970302] (px4_msgs) StdoutLine: {'line': b'-- Up-to-date symlink: /home/giromi/Repos/VTOL/ws_sensor_combined_src/install/px4_msgs/include/px4_msgs/px4_msgs/msg/detail/airspeed_validated__traits.hpp\n'}
[15.970622] (px4_msgs) StdoutLine: {'line': b'-- Up-to-date symlink: /home/giromi/Repos/VTOL/ws_sensor_combined_src/install/px4_msgs/include/px4_msgs/px4_msgs/msg/detail/airspeed_wind__builder.hpp\n'}
[15.970942] (px4_msgs) StdoutLine: {'line': b'-- Up-to-date symlink: /home/giromi/Repos/VTOL/ws_sensor_combined_src/install/px4_msgs/include/px4_msgs/px4_msgs/msg/detail/airspeed_wind__struct.hpp\n'}
[15.971265] (px4_msgs) StdoutLine: {'line': b'-- Up-to-date symlink: /home/giromi/Repos/VTOL/ws_sensor_combined_src/install/px4_msgs/include/px4_msgs/px4_msgs/msg/detail/airspeed_wind__traits.hpp\n'}
[15.971607] (px4_msgs) StdoutLine: {'line': b'-- Up-to-date symlink: /home/giromi/Repos/VTOL/ws_sensor_combined_src/install/px4_msgs/include/px4_msgs/px4_msgs/msg/detail/arming_check_reply__builder.hpp\n'}
[15.971913] (px4_msgs) StdoutLine: {'line': b'-- Up-to-date symlink: /home/giromi/Repos/VTOL/ws_sensor_combined_src/install/px4_msgs/include/px4_msgs/px4_msgs/msg/detail/arming_check_reply__struct.hpp\n'}
[15.972232] (px4_msgs) StdoutLine: {'line': b'-- Up-to-date symlink: /home/giromi/Repos/VTOL/ws_sensor_combined_src/install/px4_msgs/include/px4_msgs/px4_msgs/msg/detail/arming_check_reply__traits.hpp\n'}
[15.972547] (px4_msgs) StdoutLine: {'line': b'-- Up-to-date symlink: /home/giromi/Repos/VTOL/ws_sensor_combined_src/install/px4_msgs/include/px4_msgs/px4_msgs/msg/detail/arming_check_request__builder.hpp\n'}
[15.972860] (px4_msgs) StdoutLine: {'line': b'-- Up-to-date symlink: /home/giromi/Repos/VTOL/ws_sensor_combined_src/install/px4_msgs/include/px4_msgs/px4_msgs/msg/detail/arming_check_request__struct.hpp\n'}
[15.973214] (px4_msgs) StdoutLine: {'line': b'-- Up-to-date symlink: /home/giromi/Repos/VTOL/ws_sensor_combined_src/install/px4_msgs/include/px4_msgs/px4_msgs/msg/detail/arming_check_request__traits.hpp\n'}
[15.973475] (px4_msgs) StdoutLine: {'line': b'-- Up-to-date symlink: /home/giromi/Repos/VTOL/ws_sensor_combined_src/install/px4_msgs/include/px4_msgs/px4_msgs/msg/detail/autotune_attitude_control_status__builder.hpp\n'}
[15.973775] (px4_msgs) StdoutLine: {'line': b'-- Up-to-date symlink: /home/giromi/Repos/VTOL/ws_sensor_combined_src/install/px4_msgs/include/px4_msgs/px4_msgs/msg/detail/autotune_attitude_control_status__struct.hpp\n'}
[15.974080] (px4_msgs) StdoutLine: {'line': b'-- Up-to-date symlink: /home/giromi/Repos/VTOL/ws_sensor_combined_src/install/px4_msgs/include/px4_msgs/px4_msgs/msg/detail/autotune_attitude_control_status__traits.hpp\n'}
[15.974380] (px4_msgs) StdoutLine: {'line': b'-- Up-to-date symlink: /home/giromi/Repos/VTOL/ws_sensor_combined_src/install/px4_msgs/include/px4_msgs/px4_msgs/msg/detail/battery_status__builder.hpp\n'}
[15.974599] (px4_msgs) StdoutLine: {'line': b'-- Up-to-date symlink: /home/giromi/Repos/VTOL/ws_sensor_combined_src/install/px4_msgs/include/px4_msgs/px4_msgs/msg/detail/battery_status__struct.hpp\n'}
[15.974878] (px4_msgs) StdoutLine: {'line': b'-- Up-to-date symlink: /home/giromi/Repos/VTOL/ws_sensor_combined_src/install/px4_msgs/include/px4_msgs/px4_msgs/msg/detail/battery_status__traits.hpp\n'}
[15.975152] (px4_msgs) StdoutLine: {'line': b'-- Up-to-date symlink: /home/giromi/Repos/VTOL/ws_sensor_combined_src/install/px4_msgs/include/px4_msgs/px4_msgs/msg/detail/buffer128__builder.hpp\n'}
[15.975464] (px4_msgs) StdoutLine: {'line': b'-- Up-to-date symlink: /home/giromi/Repos/VTOL/ws_sensor_combined_src/install/px4_msgs/include/px4_msgs/px4_msgs/msg/detail/buffer128__struct.hpp\n'}
[15.975823] (px4_msgs) StdoutLine: {'line': b'-- Up-to-date symlink: /home/giromi/Repos/VTOL/ws_sensor_combined_src/install/px4_msgs/include/px4_msgs/px4_msgs/msg/detail/buffer128__traits.hpp\n'}
[15.976130] (px4_msgs) StdoutLine: {'line': b'-- Up-to-date symlink: /home/giromi/Repos/VTOL/ws_sensor_combined_src/install/px4_msgs/include/px4_msgs/px4_msgs/msg/detail/button_event__builder.hpp\n'}
[15.976419] (px4_msgs) StdoutLine: {'line': b'-- Up-to-date symlink: /home/giromi/Repos/VTOL/ws_sensor_combined_src/install/px4_msgs/include/px4_msgs/px4_msgs/msg/detail/button_event__struct.hpp\n'}
[15.976734] (px4_msgs) StdoutLine: {'line': b'-- Up-to-date symlink: /home/giromi/Repos/VTOL/ws_sensor_combined_src/install/px4_msgs/include/px4_msgs/px4_msgs/msg/detail/button_event__traits.hpp\n'}
[15.977112] (px4_msgs) StdoutLine: {'line': b'-- Up-to-date symlink: /home/giromi/Repos/VTOL/ws_sensor_combined_src/install/px4_msgs/include/px4_msgs/px4_msgs/msg/detail/camera_capture__builder.hpp\n'}
[15.977379] (px4_msgs) StdoutLine: {'line': b'-- Up-to-date symlink: /home/giromi/Repos/VTOL/ws_sensor_combined_src/install/px4_msgs/include/px4_msgs/px4_msgs/msg/detail/camera_capture__struct.hpp\n'}
[15.977644] (px4_msgs) StdoutLine: {'line': b'-- Up-to-date symlink: /home/giromi/Repos/VTOL/ws_sensor_combined_src/install/px4_msgs/include/px4_msgs/px4_msgs/msg/detail/camera_capture__traits.hpp\n'}
[15.977909] (px4_msgs) StdoutLine: {'line': b'-- Up-to-date symlink: /home/giromi/Repos/VTOL/ws_sensor_combined_src/install/px4_msgs/include/px4_msgs/px4_msgs/msg/detail/camera_status__builder.hpp\n'}
[15.978174] (px4_msgs) StdoutLine: {'line': b'-- Up-to-date symlink: /home/giromi/Repos/VTOL/ws_sensor_combined_src/install/px4_msgs/include/px4_msgs/px4_msgs/msg/detail/camera_status__struct.hpp\n'}
[15.978484] (px4_msgs) StdoutLine: {'line': b'-- Up-to-date symlink: /home/giromi/Repos/VTOL/ws_sensor_combined_src/install/px4_msgs/include/px4_msgs/px4_msgs/msg/detail/camera_status__traits.hpp\n'}
[15.978779] (px4_msgs) StdoutLine: {'line': b'-- Up-to-date symlink: /home/giromi/Repos/VTOL/ws_sensor_combined_src/install/px4_msgs/include/px4_msgs/px4_msgs/msg/detail/camera_trigger__builder.hpp\n'}
[15.979107] (px4_msgs) StdoutLine: {'line': b'-- Up-to-date symlink: /home/giromi/Repos/VTOL/ws_sensor_combined_src/install/px4_msgs/include/px4_msgs/px4_msgs/msg/detail/camera_trigger__struct.hpp\n'}
[15.979359] (px4_msgs) StdoutLine: {'line': b'-- Up-to-date symlink: /home/giromi/Repos/VTOL/ws_sensor_combined_src/install/px4_msgs/include/px4_msgs/px4_msgs/msg/detail/camera_trigger__traits.hpp\n'}
[15.979643] (px4_msgs) StdoutLine: {'line': b'-- Up-to-date symlink: /home/giromi/Repos/VTOL/ws_sensor_combined_src/install/px4_msgs/include/px4_msgs/px4_msgs/msg/detail/cellular_status__builder.hpp\n'}
[15.979992] (px4_msgs) StdoutLine: {'line': b'-- Up-to-date symlink: /home/giromi/Repos/VTOL/ws_sensor_combined_src/install/px4_msgs/include/px4_msgs/px4_msgs/msg/detail/cellular_status__struct.hpp\n'}
[15.980304] (px4_msgs) StdoutLine: {'line': b'-- Up-to-date symlink: /home/giromi/Repos/VTOL/ws_sensor_combined_src/install/px4_msgs/include/px4_msgs/px4_msgs/msg/detail/cellular_status__traits.hpp\n'}
[15.980619] (px4_msgs) StdoutLine: {'line': b'-- Up-to-date symlink: /home/giromi/Repos/VTOL/ws_sensor_combined_src/install/px4_msgs/include/px4_msgs/px4_msgs/msg/detail/collision_constraints__builder.hpp\n'}
[15.980921] (px4_msgs) StdoutLine: {'line': b'-- Up-to-date symlink: /home/giromi/Repos/VTOL/ws_sensor_combined_src/install/px4_msgs/include/px4_msgs/px4_msgs/msg/detail/collision_constraints__struct.hpp\n'}
[15.981258] (px4_msgs) StdoutLine: {'line': b'-- Up-to-date symlink: /home/giromi/Repos/VTOL/ws_sensor_combined_src/install/px4_msgs/include/px4_msgs/px4_msgs/msg/detail/collision_constraints__traits.hpp\n'}
[15.981546] (px4_msgs) StdoutLine: {'line': b'-- Up-to-date symlink: /home/giromi/Repos/VTOL/ws_sensor_combined_src/install/px4_msgs/include/px4_msgs/px4_msgs/msg/detail/collision_report__builder.hpp\n'}
[15.981797] (px4_msgs) StdoutLine: {'line': b'-- Up-to-date symlink: /home/giromi/Repos/VTOL/ws_sensor_combined_src/install/px4_msgs/include/px4_msgs/px4_msgs/msg/detail/collision_report__struct.hpp\n'}
[15.982105] (px4_msgs) StdoutLine: {'line': b'-- Up-to-date symlink: /home/giromi/Repos/VTOL/ws_sensor_combined_src/install/px4_msgs/include/px4_msgs/px4_msgs/msg/detail/collision_report__traits.hpp\n'}
[15.982403] (px4_msgs) StdoutLine: {'line': b'-- Up-to-date symlink: /home/giromi/Repos/VTOL/ws_sensor_combined_src/install/px4_msgs/include/px4_msgs/px4_msgs/msg/detail/config_overrides__builder.hpp\n'}
[15.982675] (px4_msgs) StdoutLine: {'line': b'-- Up-to-date symlink: /home/giromi/Repos/VTOL/ws_sensor_combined_src/install/px4_msgs/include/px4_msgs/px4_msgs/msg/detail/config_overrides__struct.hpp\n'}
[15.982904] (px4_msgs) StdoutLine: {'line': b'-- Up-to-date symlink: /home/giromi/Repos/VTOL/ws_sensor_combined_src/install/px4_msgs/include/px4_msgs/px4_msgs/msg/detail/config_overrides__traits.hpp\n'}
[15.983207] (px4_msgs) StdoutLine: {'line': b'-- Up-to-date symlink: /home/giromi/Repos/VTOL/ws_sensor_combined_src/install/px4_msgs/include/px4_msgs/px4_msgs/msg/detail/control_allocator_status__builder.hpp\n'}
[15.983497] (px4_msgs) StdoutLine: {'line': b'-- Up-to-date symlink: /home/giromi/Repos/VTOL/ws_sensor_combined_src/install/px4_msgs/include/px4_msgs/px4_msgs/msg/detail/control_allocator_status__struct.hpp\n'}
[15.983788] (px4_msgs) StdoutLine: {'line': b'-- Up-to-date symlink: /home/giromi/Repos/VTOL/ws_sensor_combined_src/install/px4_msgs/include/px4_msgs/px4_msgs/msg/detail/control_allocator_status__traits.hpp\n'}
[15.984058] (px4_msgs) StdoutLine: {'line': b'-- Up-to-date symlink: /home/giromi/Repos/VTOL/ws_sensor_combined_src/install/px4_msgs/include/px4_msgs/px4_msgs/msg/detail/cpuload__builder.hpp\n'}
[15.984355] (px4_msgs) StdoutLine: {'line': b'-- Up-to-date symlink: /home/giromi/Repos/VTOL/ws_sensor_combined_src/install/px4_msgs/include/px4_msgs/px4_msgs/msg/detail/cpuload__struct.hpp\n'}
[15.984625] (px4_msgs) StdoutLine: {'line': b'-- Up-to-date symlink: /home/giromi/Repos/VTOL/ws_sensor_combined_src/install/px4_msgs/include/px4_msgs/px4_msgs/msg/detail/cpuload__traits.hpp\n'}
[15.984931] (px4_msgs) StdoutLine: {'line': b'-- Up-to-date symlink: /home/giromi/Repos/VTOL/ws_sensor_combined_src/install/px4_msgs/include/px4_msgs/px4_msgs/msg/detail/dataman_request__builder.hpp\n'}
[15.985252] (px4_msgs) StdoutLine: {'line': b'-- Up-to-date symlink: /home/giromi/Repos/VTOL/ws_sensor_combined_src/install/px4_msgs/include/px4_msgs/px4_msgs/msg/detail/dataman_request__struct.hpp\n'}
[15.985511] (px4_msgs) StdoutLine: {'line': b'-- Up-to-date symlink: /home/giromi/Repos/VTOL/ws_sensor_combined_src/install/px4_msgs/include/px4_msgs/px4_msgs/msg/detail/dataman_request__traits.hpp\n'}
[15.985781] (px4_msgs) StdoutLine: {'line': b'-- Up-to-date symlink: /home/giromi/Repos/VTOL/ws_sensor_combined_src/install/px4_msgs/include/px4_msgs/px4_msgs/msg/detail/dataman_response__builder.hpp\n'}
[15.986082] (px4_msgs) StdoutLine: {'line': b'-- Up-to-date symlink: /home/giromi/Repos/VTOL/ws_sensor_combined_src/install/px4_msgs/include/px4_msgs/px4_msgs/msg/detail/dataman_response__struct.hpp\n'}
[15.986359] (px4_msgs) StdoutLine: {'line': b'-- Up-to-date symlink: /home/giromi/Repos/VTOL/ws_sensor_combined_src/install/px4_msgs/include/px4_msgs/px4_msgs/msg/detail/dataman_response__traits.hpp\n'}
[15.986611] (px4_msgs) StdoutLine: {'line': b'-- Up-to-date symlink: /home/giromi/Repos/VTOL/ws_sensor_combined_src/install/px4_msgs/include/px4_msgs/px4_msgs/msg/detail/debug_array__builder.hpp\n'}
[15.986886] (px4_msgs) StdoutLine: {'line': b'-- Up-to-date symlink: /home/giromi/Repos/VTOL/ws_sensor_combined_src/install/px4_msgs/include/px4_msgs/px4_msgs/msg/detail/debug_array__struct.hpp\n'}
[15.987177] (px4_msgs) StdoutLine: {'line': b'-- Up-to-date symlink: /home/giromi/Repos/VTOL/ws_sensor_combined_src/install/px4_msgs/include/px4_msgs/px4_msgs/msg/detail/debug_array__traits.hpp\n'}
[15.987489] (px4_msgs) StdoutLine: {'line': b'-- Up-to-date symlink: /home/giromi/Repos/VTOL/ws_sensor_combined_src/install/px4_msgs/include/px4_msgs/px4_msgs/msg/detail/debug_key_value__builder.hpp\n'}
[15.987794] (px4_msgs) StdoutLine: {'line': b'-- Up-to-date symlink: /home/giromi/Repos/VTOL/ws_sensor_combined_src/install/px4_msgs/include/px4_msgs/px4_msgs/msg/detail/debug_key_value__struct.hpp\n'}
[15.988103] (px4_msgs) StdoutLine: {'line': b'-- Up-to-date symlink: /home/giromi/Repos/VTOL/ws_sensor_combined_src/install/px4_msgs/include/px4_msgs/px4_msgs/msg/detail/debug_key_value__traits.hpp\n'}
[15.988418] (px4_msgs) StdoutLine: {'line': b'-- Up-to-date symlink: /home/giromi/Repos/VTOL/ws_sensor_combined_src/install/px4_msgs/include/px4_msgs/px4_msgs/msg/detail/debug_value__builder.hpp\n'}
[15.988725] (px4_msgs) StdoutLine: {'line': b'-- Up-to-date symlink: /home/giromi/Repos/VTOL/ws_sensor_combined_src/install/px4_msgs/include/px4_msgs/px4_msgs/msg/detail/debug_value__struct.hpp\n'}
[15.989079] (px4_msgs) StdoutLine: {'line': b'-- Up-to-date symlink: /home/giromi/Repos/VTOL/ws_sensor_combined_src/install/px4_msgs/include/px4_msgs/px4_msgs/msg/detail/debug_value__traits.hpp\n'}
[15.989268] (px4_msgs) StdoutLine: {'line': b'-- Up-to-date symlink: /home/giromi/Repos/VTOL/ws_sensor_combined_src/install/px4_msgs/include/px4_msgs/px4_msgs/msg/detail/debug_vect__builder.hpp\n'}
[15.989438] (px4_msgs) StdoutLine: {'line': b'-- Up-to-date symlink: /home/giromi/Repos/VTOL/ws_sensor_combined_src/install/px4_msgs/include/px4_msgs/px4_msgs/msg/detail/debug_vect__struct.hpp\n'}
[15.989586] (px4_msgs) StdoutLine: {'line': b'-- Up-to-date symlink: /home/giromi/Repos/VTOL/ws_sensor_combined_src/install/px4_msgs/include/px4_msgs/px4_msgs/msg/detail/debug_vect__traits.hpp\n'}
[15.989850] (px4_msgs) StdoutLine: {'line': b'-- Up-to-date symlink: /home/giromi/Repos/VTOL/ws_sensor_combined_src/install/px4_msgs/include/px4_msgs/px4_msgs/msg/detail/differential_drive_setpoint__builder.hpp\n'}
[15.990156] (px4_msgs) StdoutLine: {'line': b'-- Up-to-date symlink: /home/giromi/Repos/VTOL/ws_sensor_combined_src/install/px4_msgs/include/px4_msgs/px4_msgs/msg/detail/differential_drive_setpoint__struct.hpp\n'}
[15.990497] (px4_msgs) StdoutLine: {'line': b'-- Up-to-date symlink: /home/giromi/Repos/VTOL/ws_sensor_combined_src/install/px4_msgs/include/px4_msgs/px4_msgs/msg/detail/differential_drive_setpoint__traits.hpp\n'}
[15.990831] (px4_msgs) StdoutLine: {'line': b'-- Up-to-date symlink: /home/giromi/Repos/VTOL/ws_sensor_combined_src/install/px4_msgs/include/px4_msgs/px4_msgs/msg/detail/differential_pressure__builder.hpp\n'}
[15.991141] (px4_msgs) StdoutLine: {'line': b'-- Up-to-date symlink: /home/giromi/Repos/VTOL/ws_sensor_combined_src/install/px4_msgs/include/px4_msgs/px4_msgs/msg/detail/differential_pressure__struct.hpp\n'}
[15.991457] (px4_msgs) StdoutLine: {'line': b'-- Up-to-date symlink: /home/giromi/Repos/VTOL/ws_sensor_combined_src/install/px4_msgs/include/px4_msgs/px4_msgs/msg/detail/differential_pressure__traits.hpp\n'}
[15.991781] (px4_msgs) StdoutLine: {'line': b'-- Up-to-date symlink: /home/giromi/Repos/VTOL/ws_sensor_combined_src/install/px4_msgs/include/px4_msgs/px4_msgs/msg/detail/distance_sensor__builder.hpp\n'}
[15.992118] (px4_msgs) StdoutLine: {'line': b'-- Up-to-date symlink: /home/giromi/Repos/VTOL/ws_sensor_combined_src/install/px4_msgs/include/px4_msgs/px4_msgs/msg/detail/distance_sensor__struct.hpp\n'}
[15.992389] (px4_msgs) StdoutLine: {'line': b'-- Up-to-date symlink: /home/giromi/Repos/VTOL/ws_sensor_combined_src/install/px4_msgs/include/px4_msgs/px4_msgs/msg/detail/distance_sensor__traits.hpp\n'}
[15.992679] (px4_msgs) StdoutLine: {'line': b'-- Up-to-date symlink: /home/giromi/Repos/VTOL/ws_sensor_combined_src/install/px4_msgs/include/px4_msgs/px4_msgs/msg/detail/ekf2_timestamps__builder.hpp\n'}
[15.993008] (px4_msgs) StdoutLine: {'line': b'-- Up-to-date symlink: /home/giromi/Repos/VTOL/ws_sensor_combined_src/install/px4_msgs/include/px4_msgs/px4_msgs/msg/detail/ekf2_timestamps__struct.hpp\n'}
[15.993309] (px4_msgs) StdoutLine: {'line': b'-- Up-to-date symlink: /home/giromi/Repos/VTOL/ws_sensor_combined_src/install/px4_msgs/include/px4_msgs/px4_msgs/msg/detail/ekf2_timestamps__traits.hpp\n'}
[15.993568] (px4_msgs) StdoutLine: {'line': b'-- Up-to-date symlink: /home/giromi/Repos/VTOL/ws_sensor_combined_src/install/px4_msgs/include/px4_msgs/px4_msgs/msg/detail/esc_report__builder.hpp\n'}
[15.993853] (px4_msgs) StdoutLine: {'line': b'-- Up-to-date symlink: /home/giromi/Repos/VTOL/ws_sensor_combined_src/install/px4_msgs/include/px4_msgs/px4_msgs/msg/detail/esc_report__struct.hpp\n'}
[15.994130] (px4_msgs) StdoutLine: {'line': b'-- Up-to-date symlink: /home/giromi/Repos/VTOL/ws_sensor_combined_src/install/px4_msgs/include/px4_msgs/px4_msgs/msg/detail/esc_report__traits.hpp\n'}
[15.994425] (px4_msgs) StdoutLine: {'line': b'-- Up-to-date symlink: /home/giromi/Repos/VTOL/ws_sensor_combined_src/install/px4_msgs/include/px4_msgs/px4_msgs/msg/detail/esc_status__builder.hpp\n'}
[15.994858] (px4_msgs) StdoutLine: {'line': b'-- Up-to-date symlink: /home/giromi/Repos/VTOL/ws_sensor_combined_src/install/px4_msgs/include/px4_msgs/px4_msgs/msg/detail/esc_status__struct.hpp\n'}
[15.995340] (px4_msgs) StdoutLine: {'line': b'-- Up-to-date symlink: /home/giromi/Repos/VTOL/ws_sensor_combined_src/install/px4_msgs/include/px4_msgs/px4_msgs/msg/detail/esc_status__traits.hpp\n'}
[15.995762] (px4_msgs) StdoutLine: {'line': b'-- Up-to-date symlink: /home/giromi/Repos/VTOL/ws_sensor_combined_src/install/px4_msgs/include/px4_msgs/px4_msgs/msg/detail/estimator_aid_source1d__builder.hpp\n'}
[15.996122] (px4_msgs) StdoutLine: {'line': b'-- Up-to-date symlink: /home/giromi/Repos/VTOL/ws_sensor_combined_src/install/px4_msgs/include/px4_msgs/px4_msgs/msg/detail/estimator_aid_source1d__struct.hpp\n'}
[15.996485] (px4_msgs) StdoutLine: {'line': b'-- Up-to-date symlink: /home/giromi/Repos/VTOL/ws_sensor_combined_src/install/px4_msgs/include/px4_msgs/px4_msgs/msg/detail/estimator_aid_source1d__traits.hpp\n'}
[15.996792] (px4_msgs) StdoutLine: {'line': b'-- Up-to-date symlink: /home/giromi/Repos/VTOL/ws_sensor_combined_src/install/px4_msgs/include/px4_msgs/px4_msgs/msg/detail/estimator_aid_source2d__builder.hpp\n'}
[15.997108] (px4_msgs) StdoutLine: {'line': b'-- Up-to-date symlink: /home/giromi/Repos/VTOL/ws_sensor_combined_src/install/px4_msgs/include/px4_msgs/px4_msgs/msg/detail/estimator_aid_source2d__struct.hpp\n'}
[15.997348] (px4_msgs) StdoutLine: {'line': b'-- Up-to-date symlink: /home/giromi/Repos/VTOL/ws_sensor_combined_src/install/px4_msgs/include/px4_msgs/px4_msgs/msg/detail/estimator_aid_source2d__traits.hpp\n'}
[15.997587] (px4_msgs) StdoutLine: {'line': b'-- Up-to-date symlink: /home/giromi/Repos/VTOL/ws_sensor_combined_src/install/px4_msgs/include/px4_msgs/px4_msgs/msg/detail/estimator_aid_source3d__builder.hpp\n'}
[15.997842] (px4_msgs) StdoutLine: {'line': b'-- Up-to-date symlink: /home/giromi/Repos/VTOL/ws_sensor_combined_src/install/px4_msgs/include/px4_msgs/px4_msgs/msg/detail/estimator_aid_source3d__struct.hpp\n'}
[15.998130] (px4_msgs) StdoutLine: {'line': b'-- Up-to-date symlink: /home/giromi/Repos/VTOL/ws_sensor_combined_src/install/px4_msgs/include/px4_msgs/px4_msgs/msg/detail/estimator_aid_source3d__traits.hpp\n'}
[15.998416] (px4_msgs) StdoutLine: {'line': b'-- Up-to-date symlink: /home/giromi/Repos/VTOL/ws_sensor_combined_src/install/px4_msgs/include/px4_msgs/px4_msgs/msg/detail/estimator_bias3d__builder.hpp\n'}
[15.998655] (px4_msgs) StdoutLine: {'line': b'-- Up-to-date symlink: /home/giromi/Repos/VTOL/ws_sensor_combined_src/install/px4_msgs/include/px4_msgs/px4_msgs/msg/detail/estimator_bias3d__struct.hpp\n'}
[15.998896] (px4_msgs) StdoutLine: {'line': b'-- Up-to-date symlink: /home/giromi/Repos/VTOL/ws_sensor_combined_src/install/px4_msgs/include/px4_msgs/px4_msgs/msg/detail/estimator_bias3d__traits.hpp\n'}
[15.999182] (px4_msgs) StdoutLine: {'line': b'-- Up-to-date symlink: /home/giromi/Repos/VTOL/ws_sensor_combined_src/install/px4_msgs/include/px4_msgs/px4_msgs/msg/detail/estimator_bias__builder.hpp\n'}
[15.999470] (px4_msgs) StdoutLine: {'line': b'-- Up-to-date symlink: /home/giromi/Repos/VTOL/ws_sensor_combined_src/install/px4_msgs/include/px4_msgs/px4_msgs/msg/detail/estimator_bias__struct.hpp\n'}
[15.999731] (px4_msgs) StdoutLine: {'line': b'-- Up-to-date symlink: /home/giromi/Repos/VTOL/ws_sensor_combined_src/install/px4_msgs/include/px4_msgs/px4_msgs/msg/detail/estimator_bias__traits.hpp\n'}
[16.000018] (px4_msgs) StdoutLine: {'line': b'-- Up-to-date symlink: /home/giromi/Repos/VTOL/ws_sensor_combined_src/install/px4_msgs/include/px4_msgs/px4_msgs/msg/detail/estimator_event_flags__builder.hpp\n'}
[16.000303] (px4_msgs) StdoutLine: {'line': b'-- Up-to-date symlink: /home/giromi/Repos/VTOL/ws_sensor_combined_src/install/px4_msgs/include/px4_msgs/px4_msgs/msg/detail/estimator_event_flags__struct.hpp\n'}
[16.000591] (px4_msgs) StdoutLine: {'line': b'-- Up-to-date symlink: /home/giromi/Repos/VTOL/ws_sensor_combined_src/install/px4_msgs/include/px4_msgs/px4_msgs/msg/detail/estimator_event_flags__traits.hpp\n'}
[16.000880] (px4_msgs) StdoutLine: {'line': b'-- Up-to-date symlink: /home/giromi/Repos/VTOL/ws_sensor_combined_src/install/px4_msgs/include/px4_msgs/px4_msgs/msg/detail/estimator_gps_status__builder.hpp\n'}
[16.001247] (px4_msgs) StdoutLine: {'line': b'-- Up-to-date symlink: /home/giromi/Repos/VTOL/ws_sensor_combined_src/install/px4_msgs/include/px4_msgs/px4_msgs/msg/detail/estimator_gps_status__struct.hpp\n'}
[16.001535] (px4_msgs) StdoutLine: {'line': b'-- Up-to-date symlink: /home/giromi/Repos/VTOL/ws_sensor_combined_src/install/px4_msgs/include/px4_msgs/px4_msgs/msg/detail/estimator_gps_status__traits.hpp\n'}
[16.001919] (px4_msgs) StdoutLine: {'line': b'-- Up-to-date symlink: /home/giromi/Repos/VTOL/ws_sensor_combined_src/install/px4_msgs/include/px4_msgs/px4_msgs/msg/detail/estimator_innovations__builder.hpp\n'}
[16.002171] (px4_msgs) StdoutLine: {'line': b'-- Up-to-date symlink: /home/giromi/Repos/VTOL/ws_sensor_combined_src/install/px4_msgs/include/px4_msgs/px4_msgs/msg/detail/estimator_innovations__struct.hpp\n'}
[16.002464] (px4_msgs) StdoutLine: {'line': b'-- Up-to-date symlink: /home/giromi/Repos/VTOL/ws_sensor_combined_src/install/px4_msgs/include/px4_msgs/px4_msgs/msg/detail/estimator_innovations__traits.hpp\n'}
[16.002774] (px4_msgs) StdoutLine: {'line': b'-- Up-to-date symlink: /home/giromi/Repos/VTOL/ws_sensor_combined_src/install/px4_msgs/include/px4_msgs/px4_msgs/msg/detail/estimator_selector_status__builder.hpp\n'}
[16.002985] (px4_msgs) StdoutLine: {'line': b'-- Up-to-date symlink: /home/giromi/Repos/VTOL/ws_sensor_combined_src/install/px4_msgs/include/px4_msgs/px4_msgs/msg/detail/estimator_selector_status__struct.hpp\n'}
[16.003291] (px4_msgs) StdoutLine: {'line': b'-- Up-to-date symlink: /home/giromi/Repos/VTOL/ws_sensor_combined_src/install/px4_msgs/include/px4_msgs/px4_msgs/msg/detail/estimator_selector_status__traits.hpp\n'}
[16.003624] (px4_msgs) StdoutLine: {'line': b'-- Up-to-date symlink: /home/giromi/Repos/VTOL/ws_sensor_combined_src/install/px4_msgs/include/px4_msgs/px4_msgs/msg/detail/estimator_sensor_bias__builder.hpp\n'}
[16.003927] (px4_msgs) StdoutLine: {'line': b'-- Up-to-date symlink: /home/giromi/Repos/VTOL/ws_sensor_combined_src/install/px4_msgs/include/px4_msgs/px4_msgs/msg/detail/estimator_sensor_bias__struct.hpp\n'}
[16.004243] (px4_msgs) StdoutLine: {'line': b'-- Up-to-date symlink: /home/giromi/Repos/VTOL/ws_sensor_combined_src/install/px4_msgs/include/px4_msgs/px4_msgs/msg/detail/estimator_sensor_bias__traits.hpp\n'}
[16.004532] (px4_msgs) StdoutLine: {'line': b'-- Up-to-date symlink: /home/giromi/Repos/VTOL/ws_sensor_combined_src/install/px4_msgs/include/px4_msgs/px4_msgs/msg/detail/estimator_states__builder.hpp\n'}
[16.004839] (px4_msgs) StdoutLine: {'line': b'-- Up-to-date symlink: /home/giromi/Repos/VTOL/ws_sensor_combined_src/install/px4_msgs/include/px4_msgs/px4_msgs/msg/detail/estimator_states__struct.hpp\n'}
[16.005174] (px4_msgs) StdoutLine: {'line': b'-- Up-to-date symlink: /home/giromi/Repos/VTOL/ws_sensor_combined_src/install/px4_msgs/include/px4_msgs/px4_msgs/msg/detail/estimator_states__traits.hpp\n'}
[16.005433] (px4_msgs) StdoutLine: {'line': b'-- Up-to-date symlink: /home/giromi/Repos/VTOL/ws_sensor_combined_src/install/px4_msgs/include/px4_msgs/px4_msgs/msg/detail/estimator_status__builder.hpp\n'}
[16.005743] (px4_msgs) StdoutLine: {'line': b'-- Up-to-date symlink: /home/giromi/Repos/VTOL/ws_sensor_combined_src/install/px4_msgs/include/px4_msgs/px4_msgs/msg/detail/estimator_status__struct.hpp\n'}
[16.006052] (px4_msgs) StdoutLine: {'line': b'-- Up-to-date symlink: /home/giromi/Repos/VTOL/ws_sensor_combined_src/install/px4_msgs/include/px4_msgs/px4_msgs/msg/detail/estimator_status__traits.hpp\n'}
[16.006367] (px4_msgs) StdoutLine: {'line': b'-- Up-to-date symlink: /home/giromi/Repos/VTOL/ws_sensor_combined_src/install/px4_msgs/include/px4_msgs/px4_msgs/msg/detail/estimator_status_flags__builder.hpp\n'}
[16.006681] (px4_msgs) StdoutLine: {'line': b'-- Up-to-date symlink: /home/giromi/Repos/VTOL/ws_sensor_combined_src/install/px4_msgs/include/px4_msgs/px4_msgs/msg/detail/estimator_status_flags__struct.hpp\n'}
[16.006937] (px4_msgs) StdoutLine: {'line': b'-- Up-to-date symlink: /home/giromi/Repos/VTOL/ws_sensor_combined_src/install/px4_msgs/include/px4_msgs/px4_msgs/msg/detail/estimator_status_flags__traits.hpp\n'}
[16.007198] (px4_msgs) StdoutLine: {'line': b'-- Up-to-date symlink: /home/giromi/Repos/VTOL/ws_sensor_combined_src/install/px4_msgs/include/px4_msgs/px4_msgs/msg/detail/event__builder.hpp\n'}
[16.007507] (px4_msgs) StdoutLine: {'line': b'-- Up-to-date symlink: /home/giromi/Repos/VTOL/ws_sensor_combined_src/install/px4_msgs/include/px4_msgs/px4_msgs/msg/detail/event__struct.hpp\n'}
[16.007874] (px4_msgs) StdoutLine: {'line': b'-- Up-to-date symlink: /home/giromi/Repos/VTOL/ws_sensor_combined_src/install/px4_msgs/include/px4_msgs/px4_msgs/msg/detail/event__traits.hpp\n'}
[16.008192] (px4_msgs) StdoutLine: {'line': b'-- Up-to-date symlink: /home/giromi/Repos/VTOL/ws_sensor_combined_src/install/px4_msgs/include/px4_msgs/px4_msgs/msg/detail/failsafe_flags__builder.hpp\n'}
[16.008515] (px4_msgs) StdoutLine: {'line': b'-- Up-to-date symlink: /home/giromi/Repos/VTOL/ws_sensor_combined_src/install/px4_msgs/include/px4_msgs/px4_msgs/msg/detail/failsafe_flags__struct.hpp\n'}
[16.008820] (px4_msgs) StdoutLine: {'line': b'-- Up-to-date symlink: /home/giromi/Repos/VTOL/ws_sensor_combined_src/install/px4_msgs/include/px4_msgs/px4_msgs/msg/detail/failsafe_flags__traits.hpp\n'}
[16.009213] (px4_msgs) StdoutLine: {'line': b'-- Up-to-date symlink: /home/giromi/Repos/VTOL/ws_sensor_combined_src/install/px4_msgs/include/px4_msgs/px4_msgs/msg/detail/failure_detector_status__builder.hpp\n'}
[16.009533] (px4_msgs) StdoutLine: {'line': b'-- Up-to-date symlink: /home/giromi/Repos/VTOL/ws_sensor_combined_src/install/px4_msgs/include/px4_msgs/px4_msgs/msg/detail/failure_detector_status__struct.hpp\n'}
[16.009859] (px4_msgs) StdoutLine: {'line': b'-- Up-to-date symlink: /home/giromi/Repos/VTOL/ws_sensor_combined_src/install/px4_msgs/include/px4_msgs/px4_msgs/msg/detail/failure_detector_status__traits.hpp\n'}
[16.010173] (px4_msgs) StdoutLine: {'line': b'-- Up-to-date symlink: /home/giromi/Repos/VTOL/ws_sensor_combined_src/install/px4_msgs/include/px4_msgs/px4_msgs/msg/detail/figure_eight_status__builder.hpp\n'}
[16.010477] (px4_msgs) StdoutLine: {'line': b'-- Up-to-date symlink: /home/giromi/Repos/VTOL/ws_sensor_combined_src/install/px4_msgs/include/px4_msgs/px4_msgs/msg/detail/figure_eight_status__struct.hpp\n'}
[16.010787] (px4_msgs) StdoutLine: {'line': b'-- Up-to-date symlink: /home/giromi/Repos/VTOL/ws_sensor_combined_src/install/px4_msgs/include/px4_msgs/px4_msgs/msg/detail/figure_eight_status__traits.hpp\n'}
[16.011108] (px4_msgs) StdoutLine: {'line': b'-- Up-to-date symlink: /home/giromi/Repos/VTOL/ws_sensor_combined_src/install/px4_msgs/include/px4_msgs/px4_msgs/msg/detail/follow_target__builder.hpp\n'}
[16.011379] (px4_msgs) StdoutLine: {'line': b'-- Up-to-date symlink: /home/giromi/Repos/VTOL/ws_sensor_combined_src/install/px4_msgs/include/px4_msgs/px4_msgs/msg/detail/follow_target__struct.hpp\n'}
[16.011686] (px4_msgs) StdoutLine: {'line': b'-- Up-to-date symlink: /home/giromi/Repos/VTOL/ws_sensor_combined_src/install/px4_msgs/include/px4_msgs/px4_msgs/msg/detail/follow_target__traits.hpp\n'}
[16.012003] (px4_msgs) StdoutLine: {'line': b'-- Up-to-date symlink: /home/giromi/Repos/VTOL/ws_sensor_combined_src/install/px4_msgs/include/px4_msgs/px4_msgs/msg/detail/follow_target_estimator__builder.hpp\n'}
[16.012304] (px4_msgs) StdoutLine: {'line': b'-- Up-to-date symlink: /home/giromi/Repos/VTOL/ws_sensor_combined_src/install/px4_msgs/include/px4_msgs/px4_msgs/msg/detail/follow_target_estimator__struct.hpp\n'}
[16.012552] (px4_msgs) StdoutLine: {'line': b'-- Up-to-date symlink: /home/giromi/Repos/VTOL/ws_sensor_combined_src/install/px4_msgs/include/px4_msgs/px4_msgs/msg/detail/follow_target_estimator__traits.hpp\n'}
[16.012852] (px4_msgs) StdoutLine: {'line': b'-- Up-to-date symlink: /home/giromi/Repos/VTOL/ws_sensor_combined_src/install/px4_msgs/include/px4_msgs/px4_msgs/msg/detail/follow_target_status__builder.hpp\n'}
[16.013209] (px4_msgs) StdoutLine: {'line': b'-- Up-to-date symlink: /home/giromi/Repos/VTOL/ws_sensor_combined_src/install/px4_msgs/include/px4_msgs/px4_msgs/msg/detail/follow_target_status__struct.hpp\n'}
[16.013460] (px4_msgs) StdoutLine: {'line': b'-- Up-to-date symlink: /home/giromi/Repos/VTOL/ws_sensor_combined_src/install/px4_msgs/include/px4_msgs/px4_msgs/msg/detail/follow_target_status__traits.hpp\n'}
[16.013722] (px4_msgs) StdoutLine: {'line': b'-- Up-to-date symlink: /home/giromi/Repos/VTOL/ws_sensor_combined_src/install/px4_msgs/include/px4_msgs/px4_msgs/msg/detail/generator_status__builder.hpp\n'}
[16.014028] (px4_msgs) StdoutLine: {'line': b'-- Up-to-date symlink: /home/giromi/Repos/VTOL/ws_sensor_combined_src/install/px4_msgs/include/px4_msgs/px4_msgs/msg/detail/generator_status__struct.hpp\n'}
[16.014323] (px4_msgs) StdoutLine: {'line': b'-- Up-to-date symlink: /home/giromi/Repos/VTOL/ws_sensor_combined_src/install/px4_msgs/include/px4_msgs/px4_msgs/msg/detail/generator_status__traits.hpp\n'}
[16.014613] (px4_msgs) StdoutLine: {'line': b'-- Up-to-date symlink: /home/giromi/Repos/VTOL/ws_sensor_combined_src/install/px4_msgs/include/px4_msgs/px4_msgs/msg/detail/geofence_result__builder.hpp\n'}
[16.014886] (px4_msgs) StdoutLine: {'line': b'-- Up-to-date symlink: /home/giromi/Repos/VTOL/ws_sensor_combined_src/install/px4_msgs/include/px4_msgs/px4_msgs/msg/detail/geofence_result__struct.hpp\n'}
[16.015142] (px4_msgs) StdoutLine: {'line': b'-- Up-to-date symlink: /home/giromi/Repos/VTOL/ws_sensor_combined_src/install/px4_msgs/include/px4_msgs/px4_msgs/msg/detail/geofence_result__traits.hpp\n'}
[16.015469] (px4_msgs) StdoutLine: {'line': b'-- Up-to-date symlink: /home/giromi/Repos/VTOL/ws_sensor_combined_src/install/px4_msgs/include/px4_msgs/px4_msgs/msg/detail/gimbal_controls__builder.hpp\n'}
[16.016032] (px4_msgs) StdoutLine: {'line': b'-- Up-to-date symlink: /home/giromi/Repos/VTOL/ws_sensor_combined_src/install/px4_msgs/include/px4_msgs/px4_msgs/msg/detail/gimbal_controls__struct.hpp\n'}
[16.016433] (px4_msgs) StdoutLine: {'line': b'-- Up-to-date symlink: /home/giromi/Repos/VTOL/ws_sensor_combined_src/install/px4_msgs/include/px4_msgs/px4_msgs/msg/detail/gimbal_controls__traits.hpp\n'}
[16.016779] (px4_msgs) StdoutLine: {'line': b'-- Up-to-date symlink: /home/giromi/Repos/VTOL/ws_sensor_combined_src/install/px4_msgs/include/px4_msgs/px4_msgs/msg/detail/gimbal_device_attitude_status__builder.hpp\n'}
[16.017125] (px4_msgs) StdoutLine: {'line': b'-- Up-to-date symlink: /home/giromi/Repos/VTOL/ws_sensor_combined_src/install/px4_msgs/include/px4_msgs/px4_msgs/msg/detail/gimbal_device_attitude_status__struct.hpp\n'}
[16.017377] (px4_msgs) StdoutLine: {'line': b'-- Up-to-date symlink: /home/giromi/Repos/VTOL/ws_sensor_combined_src/install/px4_msgs/include/px4_msgs/px4_msgs/msg/detail/gimbal_device_attitude_status__traits.hpp\n'}
[16.017662] (px4_msgs) StdoutLine: {'line': b'-- Up-to-date symlink: /home/giromi/Repos/VTOL/ws_sensor_combined_src/install/px4_msgs/include/px4_msgs/px4_msgs/msg/detail/gimbal_device_information__builder.hpp\n'}
[16.017956] (px4_msgs) StdoutLine: {'line': b'-- Up-to-date symlink: /home/giromi/Repos/VTOL/ws_sensor_combined_src/install/px4_msgs/include/px4_msgs/px4_msgs/msg/detail/gimbal_device_information__struct.hpp\n'}
[16.018266] (px4_msgs) StdoutLine: {'line': b'-- Up-to-date symlink: /home/giromi/Repos/VTOL/ws_sensor_combined_src/install/px4_msgs/include/px4_msgs/px4_msgs/msg/detail/gimbal_device_information__traits.hpp\n'}
[16.018519] (px4_msgs) StdoutLine: {'line': b'-- Up-to-date symlink: /home/giromi/Repos/VTOL/ws_sensor_combined_src/install/px4_msgs/include/px4_msgs/px4_msgs/msg/detail/gimbal_device_set_attitude__builder.hpp\n'}
[16.018804] (px4_msgs) StdoutLine: {'line': b'-- Up-to-date symlink: /home/giromi/Repos/VTOL/ws_sensor_combined_src/install/px4_msgs/include/px4_msgs/px4_msgs/msg/detail/gimbal_device_set_attitude__struct.hpp\n'}
[16.019111] (px4_msgs) StdoutLine: {'line': b'-- Up-to-date symlink: /home/giromi/Repos/VTOL/ws_sensor_combined_src/install/px4_msgs/include/px4_msgs/px4_msgs/msg/detail/gimbal_device_set_attitude__traits.hpp\n'}
[16.019425] (px4_msgs) StdoutLine: {'line': b'-- Up-to-date symlink: /home/giromi/Repos/VTOL/ws_sensor_combined_src/install/px4_msgs/include/px4_msgs/px4_msgs/msg/detail/gimbal_manager_information__builder.hpp\n'}
[16.019732] (px4_msgs) StdoutLine: {'line': b'-- Up-to-date symlink: /home/giromi/Repos/VTOL/ws_sensor_combined_src/install/px4_msgs/include/px4_msgs/px4_msgs/msg/detail/gimbal_manager_information__struct.hpp\n'}
[16.020040] (px4_msgs) StdoutLine: {'line': b'-- Up-to-date symlink: /home/giromi/Repos/VTOL/ws_sensor_combined_src/install/px4_msgs/include/px4_msgs/px4_msgs/msg/detail/gimbal_manager_information__traits.hpp\n'}
[16.020355] (px4_msgs) StdoutLine: {'line': b'-- Up-to-date symlink: /home/giromi/Repos/VTOL/ws_sensor_combined_src/install/px4_msgs/include/px4_msgs/px4_msgs/msg/detail/gimbal_manager_set_attitude__builder.hpp\n'}
[16.020642] (px4_msgs) StdoutLine: {'line': b'-- Up-to-date symlink: /home/giromi/Repos/VTOL/ws_sensor_combined_src/install/px4_msgs/include/px4_msgs/px4_msgs/msg/detail/gimbal_manager_set_attitude__struct.hpp\n'}
[16.020943] (px4_msgs) StdoutLine: {'line': b'-- Up-to-date symlink: /home/giromi/Repos/VTOL/ws_sensor_combined_src/install/px4_msgs/include/px4_msgs/px4_msgs/msg/detail/gimbal_manager_set_attitude__traits.hpp\n'}
[16.021300] (px4_msgs) StdoutLine: {'line': b'-- Up-to-date symlink: /home/giromi/Repos/VTOL/ws_sensor_combined_src/install/px4_msgs/include/px4_msgs/px4_msgs/msg/detail/gimbal_manager_set_manual_control__builder.hpp\n'}
[16.021612] (px4_msgs) StdoutLine: {'line': b'-- Up-to-date symlink: /home/giromi/Repos/VTOL/ws_sensor_combined_src/install/px4_msgs/include/px4_msgs/px4_msgs/msg/detail/gimbal_manager_set_manual_control__struct.hpp\n'}
[16.021932] (px4_msgs) StdoutLine: {'line': b'-- Up-to-date symlink: /home/giromi/Repos/VTOL/ws_sensor_combined_src/install/px4_msgs/include/px4_msgs/px4_msgs/msg/detail/gimbal_manager_set_manual_control__traits.hpp\n'}
[16.022237] (px4_msgs) StdoutLine: {'line': b'-- Up-to-date symlink: /home/giromi/Repos/VTOL/ws_sensor_combined_src/install/px4_msgs/include/px4_msgs/px4_msgs/msg/detail/gimbal_manager_status__builder.hpp\n'}
[16.022548] (px4_msgs) StdoutLine: {'line': b'-- Up-to-date symlink: /home/giromi/Repos/VTOL/ws_sensor_combined_src/install/px4_msgs/include/px4_msgs/px4_msgs/msg/detail/gimbal_manager_status__struct.hpp\n'}
[16.022868] (px4_msgs) StdoutLine: {'line': b'-- Up-to-date symlink: /home/giromi/Repos/VTOL/ws_sensor_combined_src/install/px4_msgs/include/px4_msgs/px4_msgs/msg/detail/gimbal_manager_status__traits.hpp\n'}
[16.023146] (px4_msgs) StdoutLine: {'line': b'-- Up-to-date symlink: /home/giromi/Repos/VTOL/ws_sensor_combined_src/install/px4_msgs/include/px4_msgs/px4_msgs/msg/detail/goto_setpoint__builder.hpp\n'}
[16.023438] (px4_msgs) StdoutLine: {'line': b'-- Up-to-date symlink: /home/giromi/Repos/VTOL/ws_sensor_combined_src/install/px4_msgs/include/px4_msgs/px4_msgs/msg/detail/goto_setpoint__struct.hpp\n'}
[16.023809] (px4_msgs) StdoutLine: {'line': b'-- Up-to-date symlink: /home/giromi/Repos/VTOL/ws_sensor_combined_src/install/px4_msgs/include/px4_msgs/px4_msgs/msg/detail/goto_setpoint__traits.hpp\n'}
[16.024063] (px4_msgs) StdoutLine: {'line': b'-- Up-to-date symlink: /home/giromi/Repos/VTOL/ws_sensor_combined_src/install/px4_msgs/include/px4_msgs/px4_msgs/msg/detail/gpio_config__builder.hpp\n'}
[16.024313] (px4_msgs) StdoutLine: {'line': b'-- Up-to-date symlink: /home/giromi/Repos/VTOL/ws_sensor_combined_src/install/px4_msgs/include/px4_msgs/px4_msgs/msg/detail/gpio_config__struct.hpp\n'}
[16.024574] (px4_msgs) StdoutLine: {'line': b'-- Up-to-date symlink: /home/giromi/Repos/VTOL/ws_sensor_combined_src/install/px4_msgs/include/px4_msgs/px4_msgs/msg/detail/gpio_config__traits.hpp\n'}
[16.024885] (px4_msgs) StdoutLine: {'line': b'-- Up-to-date symlink: /home/giromi/Repos/VTOL/ws_sensor_combined_src/install/px4_msgs/include/px4_msgs/px4_msgs/msg/detail/gpio_in__builder.hpp\n'}
[16.025205] (px4_msgs) StdoutLine: {'line': b'-- Up-to-date symlink: /home/giromi/Repos/VTOL/ws_sensor_combined_src/install/px4_msgs/include/px4_msgs/px4_msgs/msg/detail/gpio_in__struct.hpp\n'}
[16.025493] (px4_msgs) StdoutLine: {'line': b'-- Up-to-date symlink: /home/giromi/Repos/VTOL/ws_sensor_combined_src/install/px4_msgs/include/px4_msgs/px4_msgs/msg/detail/gpio_in__traits.hpp\n'}
[16.025726] (px4_msgs) StdoutLine: {'line': b'-- Up-to-date symlink: /home/giromi/Repos/VTOL/ws_sensor_combined_src/install/px4_msgs/include/px4_msgs/px4_msgs/msg/detail/gpio_out__builder.hpp\n'}
[16.026001] (px4_msgs) StdoutLine: {'line': b'-- Up-to-date symlink: /home/giromi/Repos/VTOL/ws_sensor_combined_src/install/px4_msgs/include/px4_msgs/px4_msgs/msg/detail/gpio_out__struct.hpp\n'}
[16.026299] (px4_msgs) StdoutLine: {'line': b'-- Up-to-date symlink: /home/giromi/Repos/VTOL/ws_sensor_combined_src/install/px4_msgs/include/px4_msgs/px4_msgs/msg/detail/gpio_out__traits.hpp\n'}
[16.026598] (px4_msgs) StdoutLine: {'line': b'-- Up-to-date symlink: /home/giromi/Repos/VTOL/ws_sensor_combined_src/install/px4_msgs/include/px4_msgs/px4_msgs/msg/detail/gpio_request__builder.hpp\n'}
[16.026898] (px4_msgs) StdoutLine: {'line': b'-- Up-to-date symlink: /home/giromi/Repos/VTOL/ws_sensor_combined_src/install/px4_msgs/include/px4_msgs/px4_msgs/msg/detail/gpio_request__struct.hpp\n'}
[16.027178] (px4_msgs) StdoutLine: {'line': b'-- Up-to-date symlink: /home/giromi/Repos/VTOL/ws_sensor_combined_src/install/px4_msgs/include/px4_msgs/px4_msgs/msg/detail/gpio_request__traits.hpp\n'}
[16.027431] (px4_msgs) StdoutLine: {'line': b'-- Up-to-date symlink: /home/giromi/Repos/VTOL/ws_sensor_combined_src/install/px4_msgs/include/px4_msgs/px4_msgs/msg/detail/gps_dump__builder.hpp\n'}
[16.027732] (px4_msgs) StdoutLine: {'line': b'-- Up-to-date symlink: /home/giromi/Repos/VTOL/ws_sensor_combined_src/install/px4_msgs/include/px4_msgs/px4_msgs/msg/detail/gps_dump__struct.hpp\n'}
[16.028007] (px4_msgs) StdoutLine: {'line': b'-- Up-to-date symlink: /home/giromi/Repos/VTOL/ws_sensor_combined_src/install/px4_msgs/include/px4_msgs/px4_msgs/msg/detail/gps_dump__traits.hpp\n'}
[16.028307] (px4_msgs) StdoutLine: {'line': b'-- Up-to-date symlink: /home/giromi/Repos/VTOL/ws_sensor_combined_src/install/px4_msgs/include/px4_msgs/px4_msgs/msg/detail/gps_inject_data__builder.hpp\n'}
[16.028616] (px4_msgs) StdoutLine: {'line': b'-- Up-to-date symlink: /home/giromi/Repos/VTOL/ws_sensor_combined_src/install/px4_msgs/include/px4_msgs/px4_msgs/msg/detail/gps_inject_data__struct.hpp\n'}
[16.028939] (px4_msgs) StdoutLine: {'line': b'-- Up-to-date symlink: /home/giromi/Repos/VTOL/ws_sensor_combined_src/install/px4_msgs/include/px4_msgs/px4_msgs/msg/detail/gps_inject_data__traits.hpp\n'}
[16.029270] (px4_msgs) StdoutLine: {'line': b'-- Up-to-date symlink: /home/giromi/Repos/VTOL/ws_sensor_combined_src/install/px4_msgs/include/px4_msgs/px4_msgs/msg/detail/gripper__builder.hpp\n'}
[16.029536] (px4_msgs) StdoutLine: {'line': b'-- Up-to-date symlink: /home/giromi/Repos/VTOL/ws_sensor_combined_src/install/px4_msgs/include/px4_msgs/px4_msgs/msg/detail/gripper__struct.hpp\n'}
[16.029824] (px4_msgs) StdoutLine: {'line': b'-- Up-to-date symlink: /home/giromi/Repos/VTOL/ws_sensor_combined_src/install/px4_msgs/include/px4_msgs/px4_msgs/msg/detail/gripper__traits.hpp\n'}
[16.030116] (px4_msgs) StdoutLine: {'line': b'-- Up-to-date symlink: /home/giromi/Repos/VTOL/ws_sensor_combined_src/install/px4_msgs/include/px4_msgs/px4_msgs/msg/detail/health_report__builder.hpp\n'}
[16.030407] (px4_msgs) StdoutLine: {'line': b'-- Up-to-date symlink: /home/giromi/Repos/VTOL/ws_sensor_combined_src/install/px4_msgs/include/px4_msgs/px4_msgs/msg/detail/health_report__struct.hpp\n'}
[16.030678] (px4_msgs) StdoutLine: {'line': b'-- Up-to-date symlink: /home/giromi/Repos/VTOL/ws_sensor_combined_src/install/px4_msgs/include/px4_msgs/px4_msgs/msg/detail/health_report__traits.hpp\n'}
[16.030958] (px4_msgs) StdoutLine: {'line': b'-- Up-to-date symlink: /home/giromi/Repos/VTOL/ws_sensor_combined_src/install/px4_msgs/include/px4_msgs/px4_msgs/msg/detail/heater_status__builder.hpp\n'}
[16.031241] (px4_msgs) StdoutLine: {'line': b'-- Up-to-date symlink: /home/giromi/Repos/VTOL/ws_sensor_combined_src/install/px4_msgs/include/px4_msgs/px4_msgs/msg/detail/heater_status__struct.hpp\n'}
[16.031558] (px4_msgs) StdoutLine: {'line': b'-- Up-to-date symlink: /home/giromi/Repos/VTOL/ws_sensor_combined_src/install/px4_msgs/include/px4_msgs/px4_msgs/msg/detail/heater_status__traits.hpp\n'}
[16.031881] (px4_msgs) StdoutLine: {'line': b'-- Up-to-date symlink: /home/giromi/Repos/VTOL/ws_sensor_combined_src/install/px4_msgs/include/px4_msgs/px4_msgs/msg/detail/home_position__builder.hpp\n'}
[16.032181] (px4_msgs) StdoutLine: {'line': b'-- Up-to-date symlink: /home/giromi/Repos/VTOL/ws_sensor_combined_src/install/px4_msgs/include/px4_msgs/px4_msgs/msg/detail/home_position__struct.hpp\n'}
[16.032460] (px4_msgs) StdoutLine: {'line': b'-- Up-to-date symlink: /home/giromi/Repos/VTOL/ws_sensor_combined_src/install/px4_msgs/include/px4_msgs/px4_msgs/msg/detail/home_position__traits.hpp\n'}
[16.032778] (px4_msgs) StdoutLine: {'line': b'-- Up-to-date symlink: /home/giromi/Repos/VTOL/ws_sensor_combined_src/install/px4_msgs/include/px4_msgs/px4_msgs/msg/detail/hover_thrust_estimate__builder.hpp\n'}
[16.033141] (px4_msgs) StdoutLine: {'line': b'-- Up-to-date symlink: /home/giromi/Repos/VTOL/ws_sensor_combined_src/install/px4_msgs/include/px4_msgs/px4_msgs/msg/detail/hover_thrust_estimate__struct.hpp\n'}
[16.033403] (px4_msgs) StdoutLine: {'line': b'-- Up-to-date symlink: /home/giromi/Repos/VTOL/ws_sensor_combined_src/install/px4_msgs/include/px4_msgs/px4_msgs/msg/detail/hover_thrust_estimate__traits.hpp\n'}
[16.033664] (px4_msgs) StdoutLine: {'line': b'-- Up-to-date symlink: /home/giromi/Repos/VTOL/ws_sensor_combined_src/install/px4_msgs/include/px4_msgs/px4_msgs/msg/detail/input_rc__builder.hpp\n'}
[16.033964] (px4_msgs) StdoutLine: {'line': b'-- Up-to-date symlink: /home/giromi/Repos/VTOL/ws_sensor_combined_src/install/px4_msgs/include/px4_msgs/px4_msgs/msg/detail/input_rc__struct.hpp\n'}
[16.034278] (px4_msgs) StdoutLine: {'line': b'-- Up-to-date symlink: /home/giromi/Repos/VTOL/ws_sensor_combined_src/install/px4_msgs/include/px4_msgs/px4_msgs/msg/detail/input_rc__traits.hpp\n'}
[16.040030] (px4_msgs) StdoutLine: {'line': b'-- Up-to-date symlink: /home/giromi/Repos/VTOL/ws_sensor_combined_src/install/px4_msgs/include/px4_msgs/px4_msgs/msg/detail/internal_combustion_engine_status__builder.hpp\n'}
[16.040310] (px4_msgs) StdoutLine: {'line': b'-- Up-to-date symlink: /home/giromi/Repos/VTOL/ws_sensor_combined_src/install/px4_msgs/include/px4_msgs/px4_msgs/msg/detail/internal_combustion_engine_status__struct.hpp\n'}
[16.040553] (px4_msgs) StdoutLine: {'line': b'-- Up-to-date symlink: /home/giromi/Repos/VTOL/ws_sensor_combined_src/install/px4_msgs/include/px4_msgs/px4_msgs/msg/detail/internal_combustion_engine_status__traits.hpp\n'}
[16.040832] (px4_msgs) StdoutLine: {'line': b'-- Up-to-date symlink: /home/giromi/Repos/VTOL/ws_sensor_combined_src/install/px4_msgs/include/px4_msgs/px4_msgs/msg/detail/iridiumsbd_status__builder.hpp\n'}
[16.041235] (px4_msgs) StdoutLine: {'line': b'-- Up-to-date symlink: /home/giromi/Repos/VTOL/ws_sensor_combined_src/install/px4_msgs/include/px4_msgs/px4_msgs/msg/detail/iridiumsbd_status__struct.hpp\n'}
[16.041531] (px4_msgs) StdoutLine: {'line': b'-- Up-to-date symlink: /home/giromi/Repos/VTOL/ws_sensor_combined_src/install/px4_msgs/include/px4_msgs/px4_msgs/msg/detail/iridiumsbd_status__traits.hpp\n'}
[16.041875] (px4_msgs) StdoutLine: {'line': b'-- Up-to-date symlink: /home/giromi/Repos/VTOL/ws_sensor_combined_src/install/px4_msgs/include/px4_msgs/px4_msgs/msg/detail/irlock_report__builder.hpp\n'}
[16.042133] (px4_msgs) StdoutLine: {'line': b'-- Up-to-date symlink: /home/giromi/Repos/VTOL/ws_sensor_combined_src/install/px4_msgs/include/px4_msgs/px4_msgs/msg/detail/irlock_report__struct.hpp\n'}
[16.042397] (px4_msgs) StdoutLine: {'line': b'-- Up-to-date symlink: /home/giromi/Repos/VTOL/ws_sensor_combined_src/install/px4_msgs/include/px4_msgs/px4_msgs/msg/detail/irlock_report__traits.hpp\n'}
[16.042644] (px4_msgs) StdoutLine: {'line': b'-- Up-to-date symlink: /home/giromi/Repos/VTOL/ws_sensor_combined_src/install/px4_msgs/include/px4_msgs/px4_msgs/msg/detail/landing_gear__builder.hpp\n'}
[16.042984] (px4_msgs) StdoutLine: {'line': b'-- Up-to-date symlink: /home/giromi/Repos/VTOL/ws_sensor_combined_src/install/px4_msgs/include/px4_msgs/px4_msgs/msg/detail/landing_gear__struct.hpp\n'}
[16.043306] (px4_msgs) StdoutLine: {'line': b'-- Up-to-date symlink: /home/giromi/Repos/VTOL/ws_sensor_combined_src/install/px4_msgs/include/px4_msgs/px4_msgs/msg/detail/landing_gear__traits.hpp\n'}
[16.043651] (px4_msgs) StdoutLine: {'line': b'-- Up-to-date symlink: /home/giromi/Repos/VTOL/ws_sensor_combined_src/install/px4_msgs/include/px4_msgs/px4_msgs/msg/detail/landing_gear_wheel__builder.hpp\n'}
[16.043945] (px4_msgs) StdoutLine: {'line': b'-- Up-to-date symlink: /home/giromi/Repos/VTOL/ws_sensor_combined_src/install/px4_msgs/include/px4_msgs/px4_msgs/msg/detail/landing_gear_wheel__struct.hpp\n'}
[16.044300] (px4_msgs) StdoutLine: {'line': b'-- Up-to-date symlink: /home/giromi/Repos/VTOL/ws_sensor_combined_src/install/px4_msgs/include/px4_msgs/px4_msgs/msg/detail/landing_gear_wheel__traits.hpp\n'}
[16.044618] (px4_msgs) StdoutLine: {'line': b'-- Up-to-date symlink: /home/giromi/Repos/VTOL/ws_sensor_combined_src/install/px4_msgs/include/px4_msgs/px4_msgs/msg/detail/landing_target_innovations__builder.hpp\n'}
[16.044928] (px4_msgs) StdoutLine: {'line': b'-- Up-to-date symlink: /home/giromi/Repos/VTOL/ws_sensor_combined_src/install/px4_msgs/include/px4_msgs/px4_msgs/msg/detail/landing_target_innovations__struct.hpp\n'}
[16.045283] (px4_msgs) StdoutLine: {'line': b'-- Up-to-date symlink: /home/giromi/Repos/VTOL/ws_sensor_combined_src/install/px4_msgs/include/px4_msgs/px4_msgs/msg/detail/landing_target_innovations__traits.hpp\n'}
[16.045604] (px4_msgs) StdoutLine: {'line': b'-- Up-to-date symlink: /home/giromi/Repos/VTOL/ws_sensor_combined_src/install/px4_msgs/include/px4_msgs/px4_msgs/msg/detail/landing_target_pose__builder.hpp\n'}
[16.045921] (px4_msgs) StdoutLine: {'line': b'-- Up-to-date symlink: /home/giromi/Repos/VTOL/ws_sensor_combined_src/install/px4_msgs/include/px4_msgs/px4_msgs/msg/detail/landing_target_pose__struct.hpp\n'}
[16.046236] (px4_msgs) StdoutLine: {'line': b'-- Up-to-date symlink: /home/giromi/Repos/VTOL/ws_sensor_combined_src/install/px4_msgs/include/px4_msgs/px4_msgs/msg/detail/landing_target_pose__traits.hpp\n'}
[16.046542] (px4_msgs) StdoutLine: {'line': b'-- Up-to-date symlink: /home/giromi/Repos/VTOL/ws_sensor_combined_src/install/px4_msgs/include/px4_msgs/px4_msgs/msg/detail/launch_detection_status__builder.hpp\n'}
[16.046847] (px4_msgs) StdoutLine: {'line': b'-- Up-to-date symlink: /home/giromi/Repos/VTOL/ws_sensor_combined_src/install/px4_msgs/include/px4_msgs/px4_msgs/msg/detail/launch_detection_status__struct.hpp\n'}
[16.047132] (px4_msgs) StdoutLine: {'line': b'-- Up-to-date symlink: /home/giromi/Repos/VTOL/ws_sensor_combined_src/install/px4_msgs/include/px4_msgs/px4_msgs/msg/detail/launch_detection_status__traits.hpp\n'}
[16.047455] (px4_msgs) StdoutLine: {'line': b'-- Up-to-date symlink: /home/giromi/Repos/VTOL/ws_sensor_combined_src/install/px4_msgs/include/px4_msgs/px4_msgs/msg/detail/led_control__builder.hpp\n'}
[16.047819] (px4_msgs) StdoutLine: {'line': b'-- Up-to-date symlink: /home/giromi/Repos/VTOL/ws_sensor_combined_src/install/px4_msgs/include/px4_msgs/px4_msgs/msg/detail/led_control__struct.hpp\n'}
[16.048125] (px4_msgs) StdoutLine: {'line': b'-- Up-to-date symlink: /home/giromi/Repos/VTOL/ws_sensor_combined_src/install/px4_msgs/include/px4_msgs/px4_msgs/msg/detail/led_control__traits.hpp\n'}
[16.048413] (px4_msgs) StdoutLine: {'line': b'-- Up-to-date symlink: /home/giromi/Repos/VTOL/ws_sensor_combined_src/install/px4_msgs/include/px4_msgs/px4_msgs/msg/detail/log_message__builder.hpp\n'}
[16.048778] (px4_msgs) StdoutLine: {'line': b'-- Up-to-date symlink: /home/giromi/Repos/VTOL/ws_sensor_combined_src/install/px4_msgs/include/px4_msgs/px4_msgs/msg/detail/log_message__struct.hpp\n'}
[16.049143] (px4_msgs) StdoutLine: {'line': b'-- Up-to-date symlink: /home/giromi/Repos/VTOL/ws_sensor_combined_src/install/px4_msgs/include/px4_msgs/px4_msgs/msg/detail/log_message__traits.hpp\n'}
[16.049411] (px4_msgs) StdoutLine: {'line': b'-- Up-to-date symlink: /home/giromi/Repos/VTOL/ws_sensor_combined_src/install/px4_msgs/include/px4_msgs/px4_msgs/msg/detail/logger_status__builder.hpp\n'}
[16.049676] (px4_msgs) StdoutLine: {'line': b'-- Up-to-date symlink: /home/giromi/Repos/VTOL/ws_sensor_combined_src/install/px4_msgs/include/px4_msgs/px4_msgs/msg/detail/logger_status__struct.hpp\n'}
[16.049997] (px4_msgs) StdoutLine: {'line': b'-- Up-to-date symlink: /home/giromi/Repos/VTOL/ws_sensor_combined_src/install/px4_msgs/include/px4_msgs/px4_msgs/msg/detail/logger_status__traits.hpp\n'}
[16.050314] (px4_msgs) StdoutLine: {'line': b'-- Up-to-date symlink: /home/giromi/Repos/VTOL/ws_sensor_combined_src/install/px4_msgs/include/px4_msgs/px4_msgs/msg/detail/mag_worker_data__builder.hpp\n'}
[16.050645] (px4_msgs) StdoutLine: {'line': b'-- Up-to-date symlink: /home/giromi/Repos/VTOL/ws_sensor_combined_src/install/px4_msgs/include/px4_msgs/px4_msgs/msg/detail/mag_worker_data__struct.hpp\n'}
[16.050961] (px4_msgs) StdoutLine: {'line': b'-- Up-to-date symlink: /home/giromi/Repos/VTOL/ws_sensor_combined_src/install/px4_msgs/include/px4_msgs/px4_msgs/msg/detail/mag_worker_data__traits.hpp\n'}
[16.051365] (px4_msgs) StdoutLine: {'line': b'-- Up-to-date symlink: /home/giromi/Repos/VTOL/ws_sensor_combined_src/install/px4_msgs/include/px4_msgs/px4_msgs/msg/detail/magnetometer_bias_estimate__builder.hpp\n'}
[16.051697] (px4_msgs) StdoutLine: {'line': b'-- Up-to-date symlink: /home/giromi/Repos/VTOL/ws_sensor_combined_src/install/px4_msgs/include/px4_msgs/px4_msgs/msg/detail/magnetometer_bias_estimate__struct.hpp\n'}
[16.052009] (px4_msgs) StdoutLine: {'line': b'-- Up-to-date symlink: /home/giromi/Repos/VTOL/ws_sensor_combined_src/install/px4_msgs/include/px4_msgs/px4_msgs/msg/detail/magnetometer_bias_estimate__traits.hpp\n'}
[16.052281] (px4_msgs) StdoutLine: {'line': b'-- Up-to-date symlink: /home/giromi/Repos/VTOL/ws_sensor_combined_src/install/px4_msgs/include/px4_msgs/px4_msgs/msg/detail/manual_control_setpoint__builder.hpp\n'}
[16.052565] (px4_msgs) StdoutLine: {'line': b'-- Up-to-date symlink: /home/giromi/Repos/VTOL/ws_sensor_combined_src/install/px4_msgs/include/px4_msgs/px4_msgs/msg/detail/manual_control_setpoint__struct.hpp\n'}
[16.052875] (px4_msgs) StdoutLine: {'line': b'-- Up-to-date symlink: /home/giromi/Repos/VTOL/ws_sensor_combined_src/install/px4_msgs/include/px4_msgs/px4_msgs/msg/detail/manual_control_setpoint__traits.hpp\n'}
[16.053175] (px4_msgs) StdoutLine: {'line': b'-- Up-to-date symlink: /home/giromi/Repos/VTOL/ws_sensor_combined_src/install/px4_msgs/include/px4_msgs/px4_msgs/msg/detail/manual_control_switches__builder.hpp\n'}
[16.053420] (px4_msgs) StdoutLine: {'line': b'-- Up-to-date symlink: /home/giromi/Repos/VTOL/ws_sensor_combined_src/install/px4_msgs/include/px4_msgs/px4_msgs/msg/detail/manual_control_switches__struct.hpp\n'}
[16.053730] (px4_msgs) StdoutLine: {'line': b'-- Up-to-date symlink: /home/giromi/Repos/VTOL/ws_sensor_combined_src/install/px4_msgs/include/px4_msgs/px4_msgs/msg/detail/manual_control_switches__traits.hpp\n'}
[16.054075] (px4_msgs) StdoutLine: {'line': b'-- Up-to-date symlink: /home/giromi/Repos/VTOL/ws_sensor_combined_src/install/px4_msgs/include/px4_msgs/px4_msgs/msg/detail/mavlink_log__builder.hpp\n'}
[16.054412] (px4_msgs) StdoutLine: {'line': b'-- Up-to-date symlink: /home/giromi/Repos/VTOL/ws_sensor_combined_src/install/px4_msgs/include/px4_msgs/px4_msgs/msg/detail/mavlink_log__struct.hpp\n'}
[16.054785] (px4_msgs) StdoutLine: {'line': b'-- Up-to-date symlink: /home/giromi/Repos/VTOL/ws_sensor_combined_src/install/px4_msgs/include/px4_msgs/px4_msgs/msg/detail/mavlink_log__traits.hpp\n'}
[16.055101] (px4_msgs) StdoutLine: {'line': b'-- Up-to-date symlink: /home/giromi/Repos/VTOL/ws_sensor_combined_src/install/px4_msgs/include/px4_msgs/px4_msgs/msg/detail/mavlink_tunnel__builder.hpp\n'}
[16.055392] (px4_msgs) StdoutLine: {'line': b'-- Up-to-date symlink: /home/giromi/Repos/VTOL/ws_sensor_combined_src/install/px4_msgs/include/px4_msgs/px4_msgs/msg/detail/mavlink_tunnel__struct.hpp\n'}
[16.055733] (px4_msgs) StdoutLine: {'line': b'-- Up-to-date symlink: /home/giromi/Repos/VTOL/ws_sensor_combined_src/install/px4_msgs/include/px4_msgs/px4_msgs/msg/detail/mavlink_tunnel__traits.hpp\n'}
[16.056049] (px4_msgs) StdoutLine: {'line': b'-- Up-to-date symlink: /home/giromi/Repos/VTOL/ws_sensor_combined_src/install/px4_msgs/include/px4_msgs/px4_msgs/msg/detail/message_format_request__builder.hpp\n'}
[16.056298] (px4_msgs) StdoutLine: {'line': b'-- Up-to-date symlink: /home/giromi/Repos/VTOL/ws_sensor_combined_src/install/px4_msgs/include/px4_msgs/px4_msgs/msg/detail/message_format_request__struct.hpp\n'}
[16.056375] (-) TimerEvent: {}
[16.056707] (px4_msgs) StdoutLine: {'line': b'-- Up-to-date symlink: /home/giromi/Repos/VTOL/ws_sensor_combined_src/install/px4_msgs/include/px4_msgs/px4_msgs/msg/detail/message_format_request__traits.hpp\n'}
[16.057067] (px4_msgs) StdoutLine: {'line': b'-- Up-to-date symlink: /home/giromi/Repos/VTOL/ws_sensor_combined_src/install/px4_msgs/include/px4_msgs/px4_msgs/msg/detail/message_format_response__builder.hpp\n'}
[16.057382] (px4_msgs) StdoutLine: {'line': b'-- Up-to-date symlink: /home/giromi/Repos/VTOL/ws_sensor_combined_src/install/px4_msgs/include/px4_msgs/px4_msgs/msg/detail/message_format_response__struct.hpp\n'}
[16.057677] (px4_msgs) StdoutLine: {'line': b'-- Up-to-date symlink: /home/giromi/Repos/VTOL/ws_sensor_combined_src/install/px4_msgs/include/px4_msgs/px4_msgs/msg/detail/message_format_response__traits.hpp\n'}
[16.058024] (px4_msgs) StdoutLine: {'line': b'-- Up-to-date symlink: /home/giromi/Repos/VTOL/ws_sensor_combined_src/install/px4_msgs/include/px4_msgs/px4_msgs/msg/detail/mission__builder.hpp\n'}
[16.058330] (px4_msgs) StdoutLine: {'line': b'-- Up-to-date symlink: /home/giromi/Repos/VTOL/ws_sensor_combined_src/install/px4_msgs/include/px4_msgs/px4_msgs/msg/detail/mission__struct.hpp\n'}
[16.058618] (px4_msgs) StdoutLine: {'line': b'-- Up-to-date symlink: /home/giromi/Repos/VTOL/ws_sensor_combined_src/install/px4_msgs/include/px4_msgs/px4_msgs/msg/detail/mission__traits.hpp\n'}
[16.058942] (px4_msgs) StdoutLine: {'line': b'-- Up-to-date symlink: /home/giromi/Repos/VTOL/ws_sensor_combined_src/install/px4_msgs/include/px4_msgs/px4_msgs/msg/detail/mission_result__builder.hpp\n'}
[16.059261] (px4_msgs) StdoutLine: {'line': b'-- Up-to-date symlink: /home/giromi/Repos/VTOL/ws_sensor_combined_src/install/px4_msgs/include/px4_msgs/px4_msgs/msg/detail/mission_result__struct.hpp\n'}
[16.059600] (px4_msgs) StdoutLine: {'line': b'-- Up-to-date symlink: /home/giromi/Repos/VTOL/ws_sensor_combined_src/install/px4_msgs/include/px4_msgs/px4_msgs/msg/detail/mission_result__traits.hpp\n'}
[16.060025] (px4_msgs) StdoutLine: {'line': b'-- Up-to-date symlink: /home/giromi/Repos/VTOL/ws_sensor_combined_src/install/px4_msgs/include/px4_msgs/px4_msgs/msg/detail/mode_completed__builder.hpp\n'}
[16.060331] (px4_msgs) StdoutLine: {'line': b'-- Up-to-date symlink: /home/giromi/Repos/VTOL/ws_sensor_combined_src/install/px4_msgs/include/px4_msgs/px4_msgs/msg/detail/mode_completed__struct.hpp\n'}
[16.060619] (px4_msgs) StdoutLine: {'line': b'-- Up-to-date symlink: /home/giromi/Repos/VTOL/ws_sensor_combined_src/install/px4_msgs/include/px4_msgs/px4_msgs/msg/detail/mode_completed__traits.hpp\n'}
[16.060993] (px4_msgs) StdoutLine: {'line': b'-- Up-to-date symlink: /home/giromi/Repos/VTOL/ws_sensor_combined_src/install/px4_msgs/include/px4_msgs/px4_msgs/msg/detail/mount_orientation__builder.hpp\n'}
[16.061333] (px4_msgs) StdoutLine: {'line': b'-- Up-to-date symlink: /home/giromi/Repos/VTOL/ws_sensor_combined_src/install/px4_msgs/include/px4_msgs/px4_msgs/msg/detail/mount_orientation__struct.hpp\n'}
[16.061618] (px4_msgs) StdoutLine: {'line': b'-- Up-to-date symlink: /home/giromi/Repos/VTOL/ws_sensor_combined_src/install/px4_msgs/include/px4_msgs/px4_msgs/msg/detail/mount_orientation__traits.hpp\n'}
[16.061871] (px4_msgs) StdoutLine: {'line': b'-- Up-to-date symlink: /home/giromi/Repos/VTOL/ws_sensor_combined_src/install/px4_msgs/include/px4_msgs/px4_msgs/msg/detail/navigator_mission_item__builder.hpp\n'}
[16.062186] (px4_msgs) StdoutLine: {'line': b'-- Up-to-date symlink: /home/giromi/Repos/VTOL/ws_sensor_combined_src/install/px4_msgs/include/px4_msgs/px4_msgs/msg/detail/navigator_mission_item__struct.hpp\n'}
[16.062444] (px4_msgs) StdoutLine: {'line': b'-- Up-to-date symlink: /home/giromi/Repos/VTOL/ws_sensor_combined_src/install/px4_msgs/include/px4_msgs/px4_msgs/msg/detail/navigator_mission_item__traits.hpp\n'}
[16.062719] (px4_msgs) StdoutLine: {'line': b'-- Up-to-date symlink: /home/giromi/Repos/VTOL/ws_sensor_combined_src/install/px4_msgs/include/px4_msgs/px4_msgs/msg/detail/normalized_unsigned_setpoint__builder.hpp\n'}
[16.063009] (px4_msgs) StdoutLine: {'line': b'-- Up-to-date symlink: /home/giromi/Repos/VTOL/ws_sensor_combined_src/install/px4_msgs/include/px4_msgs/px4_msgs/msg/detail/normalized_unsigned_setpoint__struct.hpp\n'}
[16.063336] (px4_msgs) StdoutLine: {'line': b'-- Up-to-date symlink: /home/giromi/Repos/VTOL/ws_sensor_combined_src/install/px4_msgs/include/px4_msgs/px4_msgs/msg/detail/normalized_unsigned_setpoint__traits.hpp\n'}
[16.063679] (px4_msgs) StdoutLine: {'line': b'-- Up-to-date symlink: /home/giromi/Repos/VTOL/ws_sensor_combined_src/install/px4_msgs/include/px4_msgs/px4_msgs/msg/detail/npfg_status__builder.hpp\n'}
[16.064018] (px4_msgs) StdoutLine: {'line': b'-- Up-to-date symlink: /home/giromi/Repos/VTOL/ws_sensor_combined_src/install/px4_msgs/include/px4_msgs/px4_msgs/msg/detail/npfg_status__struct.hpp\n'}
[16.064349] (px4_msgs) StdoutLine: {'line': b'-- Up-to-date symlink: /home/giromi/Repos/VTOL/ws_sensor_combined_src/install/px4_msgs/include/px4_msgs/px4_msgs/msg/detail/npfg_status__traits.hpp\n'}
[16.064632] (px4_msgs) StdoutLine: {'line': b'-- Up-to-date symlink: /home/giromi/Repos/VTOL/ws_sensor_combined_src/install/px4_msgs/include/px4_msgs/px4_msgs/msg/detail/obstacle_distance__builder.hpp\n'}
[16.064926] (px4_msgs) StdoutLine: {'line': b'-- Up-to-date symlink: /home/giromi/Repos/VTOL/ws_sensor_combined_src/install/px4_msgs/include/px4_msgs/px4_msgs/msg/detail/obstacle_distance__struct.hpp\n'}
[16.065274] (px4_msgs) StdoutLine: {'line': b'-- Up-to-date symlink: /home/giromi/Repos/VTOL/ws_sensor_combined_src/install/px4_msgs/include/px4_msgs/px4_msgs/msg/detail/obstacle_distance__traits.hpp\n'}
[16.065476] (px4_msgs) StdoutLine: {'line': b'-- Up-to-date symlink: /home/giromi/Repos/VTOL/ws_sensor_combined_src/install/px4_msgs/include/px4_msgs/px4_msgs/msg/detail/offboard_control_mode__builder.hpp\n'}
[16.065672] (px4_msgs) StdoutLine: {'line': b'-- Up-to-date symlink: /home/giromi/Repos/VTOL/ws_sensor_combined_src/install/px4_msgs/include/px4_msgs/px4_msgs/msg/detail/offboard_control_mode__struct.hpp\n'}
[16.065863] (px4_msgs) StdoutLine: {'line': b'-- Up-to-date symlink: /home/giromi/Repos/VTOL/ws_sensor_combined_src/install/px4_msgs/include/px4_msgs/px4_msgs/msg/detail/offboard_control_mode__traits.hpp\n'}
[16.066137] (px4_msgs) StdoutLine: {'line': b'-- Up-to-date symlink: /home/giromi/Repos/VTOL/ws_sensor_combined_src/install/px4_msgs/include/px4_msgs/px4_msgs/msg/detail/onboard_computer_status__builder.hpp\n'}
[16.066425] (px4_msgs) StdoutLine: {'line': b'-- Up-to-date symlink: /home/giromi/Repos/VTOL/ws_sensor_combined_src/install/px4_msgs/include/px4_msgs/px4_msgs/msg/detail/onboard_computer_status__struct.hpp\n'}
[16.066711] (px4_msgs) StdoutLine: {'line': b'-- Up-to-date symlink: /home/giromi/Repos/VTOL/ws_sensor_combined_src/install/px4_msgs/include/px4_msgs/px4_msgs/msg/detail/onboard_computer_status__traits.hpp\n'}
[16.066981] (px4_msgs) StdoutLine: {'line': b'-- Up-to-date symlink: /home/giromi/Repos/VTOL/ws_sensor_combined_src/install/px4_msgs/include/px4_msgs/px4_msgs/msg/detail/orb_test__builder.hpp\n'}
[16.067309] (px4_msgs) StdoutLine: {'line': b'-- Up-to-date symlink: /home/giromi/Repos/VTOL/ws_sensor_combined_src/install/px4_msgs/include/px4_msgs/px4_msgs/msg/detail/orb_test__struct.hpp\n'}
[16.067645] (px4_msgs) StdoutLine: {'line': b'-- Up-to-date symlink: /home/giromi/Repos/VTOL/ws_sensor_combined_src/install/px4_msgs/include/px4_msgs/px4_msgs/msg/detail/orb_test__traits.hpp\n'}
[16.067988] (px4_msgs) StdoutLine: {'line': b'-- Up-to-date symlink: /home/giromi/Repos/VTOL/ws_sensor_combined_src/install/px4_msgs/include/px4_msgs/px4_msgs/msg/detail/orb_test_large__builder.hpp\n'}
[16.068317] (px4_msgs) StdoutLine: {'line': b'-- Up-to-date symlink: /home/giromi/Repos/VTOL/ws_sensor_combined_src/install/px4_msgs/include/px4_msgs/px4_msgs/msg/detail/orb_test_large__struct.hpp\n'}
[16.068608] (px4_msgs) StdoutLine: {'line': b'-- Up-to-date symlink: /home/giromi/Repos/VTOL/ws_sensor_combined_src/install/px4_msgs/include/px4_msgs/px4_msgs/msg/detail/orb_test_large__traits.hpp\n'}
[16.068900] (px4_msgs) StdoutLine: {'line': b'-- Up-to-date symlink: /home/giromi/Repos/VTOL/ws_sensor_combined_src/install/px4_msgs/include/px4_msgs/px4_msgs/msg/detail/orb_test_medium__builder.hpp\n'}
[16.069240] (px4_msgs) StdoutLine: {'line': b'-- Up-to-date symlink: /home/giromi/Repos/VTOL/ws_sensor_combined_src/install/px4_msgs/include/px4_msgs/px4_msgs/msg/detail/orb_test_medium__struct.hpp\n'}
[16.069584] (px4_msgs) StdoutLine: {'line': b'-- Up-to-date symlink: /home/giromi/Repos/VTOL/ws_sensor_combined_src/install/px4_msgs/include/px4_msgs/px4_msgs/msg/detail/orb_test_medium__traits.hpp\n'}
[16.069936] (px4_msgs) StdoutLine: {'line': b'-- Up-to-date symlink: /home/giromi/Repos/VTOL/ws_sensor_combined_src/install/px4_msgs/include/px4_msgs/px4_msgs/msg/detail/orbit_status__builder.hpp\n'}
[16.070418] (px4_msgs) StdoutLine: {'line': b'-- Up-to-date symlink: /home/giromi/Repos/VTOL/ws_sensor_combined_src/install/px4_msgs/include/px4_msgs/px4_msgs/msg/detail/orbit_status__struct.hpp\n'}
[16.070770] (px4_msgs) StdoutLine: {'line': b'-- Up-to-date symlink: /home/giromi/Repos/VTOL/ws_sensor_combined_src/install/px4_msgs/include/px4_msgs/px4_msgs/msg/detail/orbit_status__traits.hpp\n'}
[16.071113] (px4_msgs) StdoutLine: {'line': b'-- Up-to-date symlink: /home/giromi/Repos/VTOL/ws_sensor_combined_src/install/px4_msgs/include/px4_msgs/px4_msgs/msg/detail/parameter_update__builder.hpp\n'}
[16.071475] (px4_msgs) StdoutLine: {'line': b'-- Up-to-date symlink: /home/giromi/Repos/VTOL/ws_sensor_combined_src/install/px4_msgs/include/px4_msgs/px4_msgs/msg/detail/parameter_update__struct.hpp\n'}
[16.071819] (px4_msgs) StdoutLine: {'line': b'-- Up-to-date symlink: /home/giromi/Repos/VTOL/ws_sensor_combined_src/install/px4_msgs/include/px4_msgs/px4_msgs/msg/detail/parameter_update__traits.hpp\n'}
[16.072198] (px4_msgs) StdoutLine: {'line': b'-- Up-to-date symlink: /home/giromi/Repos/VTOL/ws_sensor_combined_src/install/px4_msgs/include/px4_msgs/px4_msgs/msg/detail/ping__builder.hpp\n'}
[16.072528] (px4_msgs) StdoutLine: {'line': b'-- Up-to-date symlink: /home/giromi/Repos/VTOL/ws_sensor_combined_src/install/px4_msgs/include/px4_msgs/px4_msgs/msg/detail/ping__struct.hpp\n'}
[16.072866] (px4_msgs) StdoutLine: {'line': b'-- Up-to-date symlink: /home/giromi/Repos/VTOL/ws_sensor_combined_src/install/px4_msgs/include/px4_msgs/px4_msgs/msg/detail/ping__traits.hpp\n'}
[16.073190] (px4_msgs) StdoutLine: {'line': b'-- Up-to-date symlink: /home/giromi/Repos/VTOL/ws_sensor_combined_src/install/px4_msgs/include/px4_msgs/px4_msgs/msg/detail/position_controller_landing_status__builder.hpp\n'}
[16.073527] (px4_msgs) StdoutLine: {'line': b'-- Up-to-date symlink: /home/giromi/Repos/VTOL/ws_sensor_combined_src/install/px4_msgs/include/px4_msgs/px4_msgs/msg/detail/position_controller_landing_status__struct.hpp\n'}
[16.073894] (px4_msgs) StdoutLine: {'line': b'-- Up-to-date symlink: /home/giromi/Repos/VTOL/ws_sensor_combined_src/install/px4_msgs/include/px4_msgs/px4_msgs/msg/detail/position_controller_landing_status__traits.hpp\n'}
[16.074201] (px4_msgs) StdoutLine: {'line': b'-- Up-to-date symlink: /home/giromi/Repos/VTOL/ws_sensor_combined_src/install/px4_msgs/include/px4_msgs/px4_msgs/msg/detail/position_controller_status__builder.hpp\n'}
[16.074557] (px4_msgs) StdoutLine: {'line': b'-- Up-to-date symlink: /home/giromi/Repos/VTOL/ws_sensor_combined_src/install/px4_msgs/include/px4_msgs/px4_msgs/msg/detail/position_controller_status__struct.hpp\n'}
[16.074888] (px4_msgs) StdoutLine: {'line': b'-- Up-to-date symlink: /home/giromi/Repos/VTOL/ws_sensor_combined_src/install/px4_msgs/include/px4_msgs/px4_msgs/msg/detail/position_controller_status__traits.hpp\n'}
[16.075221] (px4_msgs) StdoutLine: {'line': b'-- Up-to-date symlink: /home/giromi/Repos/VTOL/ws_sensor_combined_src/install/px4_msgs/include/px4_msgs/px4_msgs/msg/detail/position_setpoint__builder.hpp\n'}
[16.075567] (px4_msgs) StdoutLine: {'line': b'-- Up-to-date symlink: /home/giromi/Repos/VTOL/ws_sensor_combined_src/install/px4_msgs/include/px4_msgs/px4_msgs/msg/detail/position_setpoint__struct.hpp\n'}
[16.075925] (px4_msgs) StdoutLine: {'line': b'-- Up-to-date symlink: /home/giromi/Repos/VTOL/ws_sensor_combined_src/install/px4_msgs/include/px4_msgs/px4_msgs/msg/detail/position_setpoint__traits.hpp\n'}
[16.076245] (px4_msgs) StdoutLine: {'line': b'-- Up-to-date symlink: /home/giromi/Repos/VTOL/ws_sensor_combined_src/install/px4_msgs/include/px4_msgs/px4_msgs/msg/detail/position_setpoint_triplet__builder.hpp\n'}
[16.076581] (px4_msgs) StdoutLine: {'line': b'-- Up-to-date symlink: /home/giromi/Repos/VTOL/ws_sensor_combined_src/install/px4_msgs/include/px4_msgs/px4_msgs/msg/detail/position_setpoint_triplet__struct.hpp\n'}
[16.076914] (px4_msgs) StdoutLine: {'line': b'-- Up-to-date symlink: /home/giromi/Repos/VTOL/ws_sensor_combined_src/install/px4_msgs/include/px4_msgs/px4_msgs/msg/detail/position_setpoint_triplet__traits.hpp\n'}
[16.077300] (px4_msgs) StdoutLine: {'line': b'-- Up-to-date symlink: /home/giromi/Repos/VTOL/ws_sensor_combined_src/install/px4_msgs/include/px4_msgs/px4_msgs/msg/detail/power_button_state__builder.hpp\n'}
[16.077615] (px4_msgs) StdoutLine: {'line': b'-- Up-to-date symlink: /home/giromi/Repos/VTOL/ws_sensor_combined_src/install/px4_msgs/include/px4_msgs/px4_msgs/msg/detail/power_button_state__struct.hpp\n'}
[16.077965] (px4_msgs) StdoutLine: {'line': b'-- Up-to-date symlink: /home/giromi/Repos/VTOL/ws_sensor_combined_src/install/px4_msgs/include/px4_msgs/px4_msgs/msg/detail/power_button_state__traits.hpp\n'}
[16.078299] (px4_msgs) StdoutLine: {'line': b'-- Up-to-date symlink: /home/giromi/Repos/VTOL/ws_sensor_combined_src/install/px4_msgs/include/px4_msgs/px4_msgs/msg/detail/power_monitor__builder.hpp\n'}
[16.078629] (px4_msgs) StdoutLine: {'line': b'-- Up-to-date symlink: /home/giromi/Repos/VTOL/ws_sensor_combined_src/install/px4_msgs/include/px4_msgs/px4_msgs/msg/detail/power_monitor__struct.hpp\n'}
[16.078971] (px4_msgs) StdoutLine: {'line': b'-- Up-to-date symlink: /home/giromi/Repos/VTOL/ws_sensor_combined_src/install/px4_msgs/include/px4_msgs/px4_msgs/msg/detail/power_monitor__traits.hpp\n'}
[16.079301] (px4_msgs) StdoutLine: {'line': b'-- Up-to-date symlink: /home/giromi/Repos/VTOL/ws_sensor_combined_src/install/px4_msgs/include/px4_msgs/px4_msgs/msg/detail/pps_capture__builder.hpp\n'}
[16.079629] (px4_msgs) StdoutLine: {'line': b'-- Up-to-date symlink: /home/giromi/Repos/VTOL/ws_sensor_combined_src/install/px4_msgs/include/px4_msgs/px4_msgs/msg/detail/pps_capture__struct.hpp\n'}
[16.079962] (px4_msgs) StdoutLine: {'line': b'-- Up-to-date symlink: /home/giromi/Repos/VTOL/ws_sensor_combined_src/install/px4_msgs/include/px4_msgs/px4_msgs/msg/detail/pps_capture__traits.hpp\n'}
[16.080290] (px4_msgs) StdoutLine: {'line': b'-- Up-to-date symlink: /home/giromi/Repos/VTOL/ws_sensor_combined_src/install/px4_msgs/include/px4_msgs/px4_msgs/msg/detail/pwm_input__builder.hpp\n'}
[16.080624] (px4_msgs) StdoutLine: {'line': b'-- Up-to-date symlink: /home/giromi/Repos/VTOL/ws_sensor_combined_src/install/px4_msgs/include/px4_msgs/px4_msgs/msg/detail/pwm_input__struct.hpp\n'}
[16.080981] (px4_msgs) StdoutLine: {'line': b'-- Up-to-date symlink: /home/giromi/Repos/VTOL/ws_sensor_combined_src/install/px4_msgs/include/px4_msgs/px4_msgs/msg/detail/pwm_input__traits.hpp\n'}
[16.081288] (px4_msgs) StdoutLine: {'line': b'-- Up-to-date symlink: /home/giromi/Repos/VTOL/ws_sensor_combined_src/install/px4_msgs/include/px4_msgs/px4_msgs/msg/detail/px4io_status__builder.hpp\n'}
[16.081565] (px4_msgs) StdoutLine: {'line': b'-- Up-to-date symlink: /home/giromi/Repos/VTOL/ws_sensor_combined_src/install/px4_msgs/include/px4_msgs/px4_msgs/msg/detail/px4io_status__struct.hpp\n'}
[16.081847] (px4_msgs) StdoutLine: {'line': b'-- Up-to-date symlink: /home/giromi/Repos/VTOL/ws_sensor_combined_src/install/px4_msgs/include/px4_msgs/px4_msgs/msg/detail/px4io_status__traits.hpp\n'}
[16.082133] (px4_msgs) StdoutLine: {'line': b'-- Up-to-date symlink: /home/giromi/Repos/VTOL/ws_sensor_combined_src/install/px4_msgs/include/px4_msgs/px4_msgs/msg/detail/qshell_req__builder.hpp\n'}
[16.082420] (px4_msgs) StdoutLine: {'line': b'-- Up-to-date symlink: /home/giromi/Repos/VTOL/ws_sensor_combined_src/install/px4_msgs/include/px4_msgs/px4_msgs/msg/detail/qshell_req__struct.hpp\n'}
[16.082699] (px4_msgs) StdoutLine: {'line': b'-- Up-to-date symlink: /home/giromi/Repos/VTOL/ws_sensor_combined_src/install/px4_msgs/include/px4_msgs/px4_msgs/msg/detail/qshell_req__traits.hpp\n'}
[16.082961] (px4_msgs) StdoutLine: {'line': b'-- Up-to-date symlink: /home/giromi/Repos/VTOL/ws_sensor_combined_src/install/px4_msgs/include/px4_msgs/px4_msgs/msg/detail/qshell_retval__builder.hpp\n'}
[16.083281] (px4_msgs) StdoutLine: {'line': b'-- Up-to-date symlink: /home/giromi/Repos/VTOL/ws_sensor_combined_src/install/px4_msgs/include/px4_msgs/px4_msgs/msg/detail/qshell_retval__struct.hpp\n'}
[16.083586] (px4_msgs) StdoutLine: {'line': b'-- Up-to-date symlink: /home/giromi/Repos/VTOL/ws_sensor_combined_src/install/px4_msgs/include/px4_msgs/px4_msgs/msg/detail/qshell_retval__traits.hpp\n'}
[16.083851] (px4_msgs) StdoutLine: {'line': b'-- Up-to-date symlink: /home/giromi/Repos/VTOL/ws_sensor_combined_src/install/px4_msgs/include/px4_msgs/px4_msgs/msg/detail/radio_status__builder.hpp\n'}
[16.084128] (px4_msgs) StdoutLine: {'line': b'-- Up-to-date symlink: /home/giromi/Repos/VTOL/ws_sensor_combined_src/install/px4_msgs/include/px4_msgs/px4_msgs/msg/detail/radio_status__struct.hpp\n'}
[16.084404] (px4_msgs) StdoutLine: {'line': b'-- Up-to-date symlink: /home/giromi/Repos/VTOL/ws_sensor_combined_src/install/px4_msgs/include/px4_msgs/px4_msgs/msg/detail/radio_status__traits.hpp\n'}
[16.084693] (px4_msgs) StdoutLine: {'line': b'-- Up-to-date symlink: /home/giromi/Repos/VTOL/ws_sensor_combined_src/install/px4_msgs/include/px4_msgs/px4_msgs/msg/detail/rate_ctrl_status__builder.hpp\n'}
[16.084989] (px4_msgs) StdoutLine: {'line': b'-- Up-to-date symlink: /home/giromi/Repos/VTOL/ws_sensor_combined_src/install/px4_msgs/include/px4_msgs/px4_msgs/msg/detail/rate_ctrl_status__struct.hpp\n'}
[16.085274] (px4_msgs) StdoutLine: {'line': b'-- Up-to-date symlink: /home/giromi/Repos/VTOL/ws_sensor_combined_src/install/px4_msgs/include/px4_msgs/px4_msgs/msg/detail/rate_ctrl_status__traits.hpp\n'}
[16.085576] (px4_msgs) StdoutLine: {'line': b'-- Up-to-date symlink: /home/giromi/Repos/VTOL/ws_sensor_combined_src/install/px4_msgs/include/px4_msgs/px4_msgs/msg/detail/rc_channels__builder.hpp\n'}
[16.085850] (px4_msgs) StdoutLine: {'line': b'-- Up-to-date symlink: /home/giromi/Repos/VTOL/ws_sensor_combined_src/install/px4_msgs/include/px4_msgs/px4_msgs/msg/detail/rc_channels__struct.hpp\n'}
[16.086126] (px4_msgs) StdoutLine: {'line': b'-- Up-to-date symlink: /home/giromi/Repos/VTOL/ws_sensor_combined_src/install/px4_msgs/include/px4_msgs/px4_msgs/msg/detail/rc_channels__traits.hpp\n'}
[16.086393] (px4_msgs) StdoutLine: {'line': b'-- Up-to-date symlink: /home/giromi/Repos/VTOL/ws_sensor_combined_src/install/px4_msgs/include/px4_msgs/px4_msgs/msg/detail/rc_parameter_map__builder.hpp\n'}
[16.086674] (px4_msgs) StdoutLine: {'line': b'-- Up-to-date symlink: /home/giromi/Repos/VTOL/ws_sensor_combined_src/install/px4_msgs/include/px4_msgs/px4_msgs/msg/detail/rc_parameter_map__struct.hpp\n'}
[16.086964] (px4_msgs) StdoutLine: {'line': b'-- Up-to-date symlink: /home/giromi/Repos/VTOL/ws_sensor_combined_src/install/px4_msgs/include/px4_msgs/px4_msgs/msg/detail/rc_parameter_map__traits.hpp\n'}
[16.087258] (px4_msgs) StdoutLine: {'line': b'-- Up-to-date symlink: /home/giromi/Repos/VTOL/ws_sensor_combined_src/install/px4_msgs/include/px4_msgs/px4_msgs/msg/detail/register_ext_component_reply__builder.hpp\n'}
[16.087552] (px4_msgs) StdoutLine: {'line': b'-- Up-to-date symlink: /home/giromi/Repos/VTOL/ws_sensor_combined_src/install/px4_msgs/include/px4_msgs/px4_msgs/msg/detail/register_ext_component_reply__struct.hpp\n'}
[16.087835] (px4_msgs) StdoutLine: {'line': b'-- Up-to-date symlink: /home/giromi/Repos/VTOL/ws_sensor_combined_src/install/px4_msgs/include/px4_msgs/px4_msgs/msg/detail/register_ext_component_reply__traits.hpp\n'}
[16.088209] (px4_msgs) StdoutLine: {'line': b'-- Up-to-date symlink: /home/giromi/Repos/VTOL/ws_sensor_combined_src/install/px4_msgs/include/px4_msgs/px4_msgs/msg/detail/register_ext_component_request__builder.hpp\n'}
[16.088556] (px4_msgs) StdoutLine: {'line': b'-- Up-to-date symlink: /home/giromi/Repos/VTOL/ws_sensor_combined_src/install/px4_msgs/include/px4_msgs/px4_msgs/msg/detail/register_ext_component_request__struct.hpp\n'}
[16.088813] (px4_msgs) StdoutLine: {'line': b'-- Up-to-date symlink: /home/giromi/Repos/VTOL/ws_sensor_combined_src/install/px4_msgs/include/px4_msgs/px4_msgs/msg/detail/register_ext_component_request__traits.hpp\n'}
[16.089121] (px4_msgs) StdoutLine: {'line': b'-- Up-to-date symlink: /home/giromi/Repos/VTOL/ws_sensor_combined_src/install/px4_msgs/include/px4_msgs/px4_msgs/msg/detail/rpm__builder.hpp\n'}
[16.089416] (px4_msgs) StdoutLine: {'line': b'-- Up-to-date symlink: /home/giromi/Repos/VTOL/ws_sensor_combined_src/install/px4_msgs/include/px4_msgs/px4_msgs/msg/detail/rpm__struct.hpp\n'}
[16.089695] (px4_msgs) StdoutLine: {'line': b'-- Up-to-date symlink: /home/giromi/Repos/VTOL/ws_sensor_combined_src/install/px4_msgs/include/px4_msgs/px4_msgs/msg/detail/rpm__traits.hpp\n'}
[16.089990] (px4_msgs) StdoutLine: {'line': b'-- Up-to-date symlink: /home/giromi/Repos/VTOL/ws_sensor_combined_src/install/px4_msgs/include/px4_msgs/px4_msgs/msg/detail/rtl_time_estimate__builder.hpp\n'}
[16.090275] (px4_msgs) StdoutLine: {'line': b'-- Up-to-date symlink: /home/giromi/Repos/VTOL/ws_sensor_combined_src/install/px4_msgs/include/px4_msgs/px4_msgs/msg/detail/rtl_time_estimate__struct.hpp\n'}
[16.090525] (px4_msgs) StdoutLine: {'line': b'-- Up-to-date symlink: /home/giromi/Repos/VTOL/ws_sensor_combined_src/install/px4_msgs/include/px4_msgs/px4_msgs/msg/detail/rtl_time_estimate__traits.hpp\n'}
[16.090812] (px4_msgs) StdoutLine: {'line': b'-- Up-to-date symlink: /home/giromi/Repos/VTOL/ws_sensor_combined_src/install/px4_msgs/include/px4_msgs/px4_msgs/msg/detail/satellite_info__builder.hpp\n'}
[16.091122] (px4_msgs) StdoutLine: {'line': b'-- Up-to-date symlink: /home/giromi/Repos/VTOL/ws_sensor_combined_src/install/px4_msgs/include/px4_msgs/px4_msgs/msg/detail/satellite_info__struct.hpp\n'}
[16.091388] (px4_msgs) StdoutLine: {'line': b'-- Up-to-date symlink: /home/giromi/Repos/VTOL/ws_sensor_combined_src/install/px4_msgs/include/px4_msgs/px4_msgs/msg/detail/satellite_info__traits.hpp\n'}
[16.091699] (px4_msgs) StdoutLine: {'line': b'-- Up-to-date symlink: /home/giromi/Repos/VTOL/ws_sensor_combined_src/install/px4_msgs/include/px4_msgs/px4_msgs/msg/detail/sensor_accel__builder.hpp\n'}
[16.091959] (px4_msgs) StdoutLine: {'line': b'-- Up-to-date symlink: /home/giromi/Repos/VTOL/ws_sensor_combined_src/install/px4_msgs/include/px4_msgs/px4_msgs/msg/detail/sensor_accel__struct.hpp\n'}
[16.092226] (px4_msgs) StdoutLine: {'line': b'-- Up-to-date symlink: /home/giromi/Repos/VTOL/ws_sensor_combined_src/install/px4_msgs/include/px4_msgs/px4_msgs/msg/detail/sensor_accel__traits.hpp\n'}
[16.092495] (px4_msgs) StdoutLine: {'line': b'-- Up-to-date symlink: /home/giromi/Repos/VTOL/ws_sensor_combined_src/install/px4_msgs/include/px4_msgs/px4_msgs/msg/detail/sensor_accel_fifo__builder.hpp\n'}
[16.092789] (px4_msgs) StdoutLine: {'line': b'-- Up-to-date symlink: /home/giromi/Repos/VTOL/ws_sensor_combined_src/install/px4_msgs/include/px4_msgs/px4_msgs/msg/detail/sensor_accel_fifo__struct.hpp\n'}
[16.093080] (px4_msgs) StdoutLine: {'line': b'-- Up-to-date symlink: /home/giromi/Repos/VTOL/ws_sensor_combined_src/install/px4_msgs/include/px4_msgs/px4_msgs/msg/detail/sensor_accel_fifo__traits.hpp\n'}
[16.093368] (px4_msgs) StdoutLine: {'line': b'-- Up-to-date symlink: /home/giromi/Repos/VTOL/ws_sensor_combined_src/install/px4_msgs/include/px4_msgs/px4_msgs/msg/detail/sensor_airflow__builder.hpp\n'}
[16.093641] (px4_msgs) StdoutLine: {'line': b'-- Up-to-date symlink: /home/giromi/Repos/VTOL/ws_sensor_combined_src/install/px4_msgs/include/px4_msgs/px4_msgs/msg/detail/sensor_airflow__struct.hpp\n'}
[16.093901] (px4_msgs) StdoutLine: {'line': b'-- Up-to-date symlink: /home/giromi/Repos/VTOL/ws_sensor_combined_src/install/px4_msgs/include/px4_msgs/px4_msgs/msg/detail/sensor_airflow__traits.hpp\n'}
[16.094147] (px4_msgs) StdoutLine: {'line': b'-- Up-to-date symlink: /home/giromi/Repos/VTOL/ws_sensor_combined_src/install/px4_msgs/include/px4_msgs/px4_msgs/msg/detail/sensor_baro__builder.hpp\n'}
[16.094416] (px4_msgs) StdoutLine: {'line': b'-- Up-to-date symlink: /home/giromi/Repos/VTOL/ws_sensor_combined_src/install/px4_msgs/include/px4_msgs/px4_msgs/msg/detail/sensor_baro__struct.hpp\n'}
[16.094710] (px4_msgs) StdoutLine: {'line': b'-- Up-to-date symlink: /home/giromi/Repos/VTOL/ws_sensor_combined_src/install/px4_msgs/include/px4_msgs/px4_msgs/msg/detail/sensor_baro__traits.hpp\n'}
[16.094908] (px4_msgs) StdoutLine: {'line': b'-- Up-to-date symlink: /home/giromi/Repos/VTOL/ws_sensor_combined_src/install/px4_msgs/include/px4_msgs/px4_msgs/msg/detail/sensor_combined__builder.hpp\n'}
[16.095073] (px4_msgs) StdoutLine: {'line': b'-- Up-to-date symlink: /home/giromi/Repos/VTOL/ws_sensor_combined_src/install/px4_msgs/include/px4_msgs/px4_msgs/msg/detail/sensor_combined__struct.hpp\n'}
[16.095271] (px4_msgs) StdoutLine: {'line': b'-- Up-to-date symlink: /home/giromi/Repos/VTOL/ws_sensor_combined_src/install/px4_msgs/include/px4_msgs/px4_msgs/msg/detail/sensor_combined__traits.hpp\n'}
[16.095569] (px4_msgs) StdoutLine: {'line': b'-- Up-to-date symlink: /home/giromi/Repos/VTOL/ws_sensor_combined_src/install/px4_msgs/include/px4_msgs/px4_msgs/msg/detail/sensor_correction__builder.hpp\n'}
[16.095836] (px4_msgs) StdoutLine: {'line': b'-- Up-to-date symlink: /home/giromi/Repos/VTOL/ws_sensor_combined_src/install/px4_msgs/include/px4_msgs/px4_msgs/msg/detail/sensor_correction__struct.hpp\n'}
[16.096135] (px4_msgs) StdoutLine: {'line': b'-- Up-to-date symlink: /home/giromi/Repos/VTOL/ws_sensor_combined_src/install/px4_msgs/include/px4_msgs/px4_msgs/msg/detail/sensor_correction__traits.hpp\n'}
[16.096408] (px4_msgs) StdoutLine: {'line': b'-- Up-to-date symlink: /home/giromi/Repos/VTOL/ws_sensor_combined_src/install/px4_msgs/include/px4_msgs/px4_msgs/msg/detail/sensor_gnss_relative__builder.hpp\n'}
[16.096707] (px4_msgs) StdoutLine: {'line': b'-- Up-to-date symlink: /home/giromi/Repos/VTOL/ws_sensor_combined_src/install/px4_msgs/include/px4_msgs/px4_msgs/msg/detail/sensor_gnss_relative__struct.hpp\n'}
[16.096993] (px4_msgs) StdoutLine: {'line': b'-- Up-to-date symlink: /home/giromi/Repos/VTOL/ws_sensor_combined_src/install/px4_msgs/include/px4_msgs/px4_msgs/msg/detail/sensor_gnss_relative__traits.hpp\n'}
[16.097188] (px4_msgs) StdoutLine: {'line': b'-- Up-to-date symlink: /home/giromi/Repos/VTOL/ws_sensor_combined_src/install/px4_msgs/include/px4_msgs/px4_msgs/msg/detail/sensor_gps__builder.hpp\n'}
[16.097385] (px4_msgs) StdoutLine: {'line': b'-- Up-to-date symlink: /home/giromi/Repos/VTOL/ws_sensor_combined_src/install/px4_msgs/include/px4_msgs/px4_msgs/msg/detail/sensor_gps__struct.hpp\n'}
[16.097590] (px4_msgs) StdoutLine: {'line': b'-- Up-to-date symlink: /home/giromi/Repos/VTOL/ws_sensor_combined_src/install/px4_msgs/include/px4_msgs/px4_msgs/msg/detail/sensor_gps__traits.hpp\n'}
[16.097864] (px4_msgs) StdoutLine: {'line': b'-- Up-to-date symlink: /home/giromi/Repos/VTOL/ws_sensor_combined_src/install/px4_msgs/include/px4_msgs/px4_msgs/msg/detail/sensor_gyro__builder.hpp\n'}
[16.098129] (px4_msgs) StdoutLine: {'line': b'-- Up-to-date symlink: /home/giromi/Repos/VTOL/ws_sensor_combined_src/install/px4_msgs/include/px4_msgs/px4_msgs/msg/detail/sensor_gyro__struct.hpp\n'}
[16.098405] (px4_msgs) StdoutLine: {'line': b'-- Up-to-date symlink: /home/giromi/Repos/VTOL/ws_sensor_combined_src/install/px4_msgs/include/px4_msgs/px4_msgs/msg/detail/sensor_gyro__traits.hpp\n'}
[16.098685] (px4_msgs) StdoutLine: {'line': b'-- Up-to-date symlink: /home/giromi/Repos/VTOL/ws_sensor_combined_src/install/px4_msgs/include/px4_msgs/px4_msgs/msg/detail/sensor_gyro_fft__builder.hpp\n'}
[16.098939] (px4_msgs) StdoutLine: {'line': b'-- Up-to-date symlink: /home/giromi/Repos/VTOL/ws_sensor_combined_src/install/px4_msgs/include/px4_msgs/px4_msgs/msg/detail/sensor_gyro_fft__struct.hpp\n'}
[16.099219] (px4_msgs) StdoutLine: {'line': b'-- Up-to-date symlink: /home/giromi/Repos/VTOL/ws_sensor_combined_src/install/px4_msgs/include/px4_msgs/px4_msgs/msg/detail/sensor_gyro_fft__traits.hpp\n'}
[16.099494] (px4_msgs) StdoutLine: {'line': b'-- Up-to-date symlink: /home/giromi/Repos/VTOL/ws_sensor_combined_src/install/px4_msgs/include/px4_msgs/px4_msgs/msg/detail/sensor_gyro_fifo__builder.hpp\n'}
[16.099745] (px4_msgs) StdoutLine: {'line': b'-- Up-to-date symlink: /home/giromi/Repos/VTOL/ws_sensor_combined_src/install/px4_msgs/include/px4_msgs/px4_msgs/msg/detail/sensor_gyro_fifo__struct.hpp\n'}
[16.100027] (px4_msgs) StdoutLine: {'line': b'-- Up-to-date symlink: /home/giromi/Repos/VTOL/ws_sensor_combined_src/install/px4_msgs/include/px4_msgs/px4_msgs/msg/detail/sensor_gyro_fifo__traits.hpp\n'}
[16.100337] (px4_msgs) StdoutLine: {'line': b'-- Up-to-date symlink: /home/giromi/Repos/VTOL/ws_sensor_combined_src/install/px4_msgs/include/px4_msgs/px4_msgs/msg/detail/sensor_hygrometer__builder.hpp\n'}
[16.100632] (px4_msgs) StdoutLine: {'line': b'-- Up-to-date symlink: /home/giromi/Repos/VTOL/ws_sensor_combined_src/install/px4_msgs/include/px4_msgs/px4_msgs/msg/detail/sensor_hygrometer__struct.hpp\n'}
[16.100852] (px4_msgs) StdoutLine: {'line': b'-- Up-to-date symlink: /home/giromi/Repos/VTOL/ws_sensor_combined_src/install/px4_msgs/include/px4_msgs/px4_msgs/msg/detail/sensor_hygrometer__traits.hpp\n'}
[16.101180] (px4_msgs) StdoutLine: {'line': b'-- Up-to-date symlink: /home/giromi/Repos/VTOL/ws_sensor_combined_src/install/px4_msgs/include/px4_msgs/px4_msgs/msg/detail/sensor_mag__builder.hpp\n'}
[16.101472] (px4_msgs) StdoutLine: {'line': b'-- Up-to-date symlink: /home/giromi/Repos/VTOL/ws_sensor_combined_src/install/px4_msgs/include/px4_msgs/px4_msgs/msg/detail/sensor_mag__struct.hpp\n'}
[16.101732] (px4_msgs) StdoutLine: {'line': b'-- Up-to-date symlink: /home/giromi/Repos/VTOL/ws_sensor_combined_src/install/px4_msgs/include/px4_msgs/px4_msgs/msg/detail/sensor_mag__traits.hpp\n'}
[16.102006] (px4_msgs) StdoutLine: {'line': b'-- Up-to-date symlink: /home/giromi/Repos/VTOL/ws_sensor_combined_src/install/px4_msgs/include/px4_msgs/px4_msgs/msg/detail/sensor_optical_flow__builder.hpp\n'}
[16.102290] (px4_msgs) StdoutLine: {'line': b'-- Up-to-date symlink: /home/giromi/Repos/VTOL/ws_sensor_combined_src/install/px4_msgs/include/px4_msgs/px4_msgs/msg/detail/sensor_optical_flow__struct.hpp\n'}
[16.102541] (px4_msgs) StdoutLine: {'line': b'-- Up-to-date symlink: /home/giromi/Repos/VTOL/ws_sensor_combined_src/install/px4_msgs/include/px4_msgs/px4_msgs/msg/detail/sensor_optical_flow__traits.hpp\n'}
[16.102816] (px4_msgs) StdoutLine: {'line': b'-- Up-to-date symlink: /home/giromi/Repos/VTOL/ws_sensor_combined_src/install/px4_msgs/include/px4_msgs/px4_msgs/msg/detail/sensor_preflight_mag__builder.hpp\n'}
[16.103135] (px4_msgs) StdoutLine: {'line': b'-- Up-to-date symlink: /home/giromi/Repos/VTOL/ws_sensor_combined_src/install/px4_msgs/include/px4_msgs/px4_msgs/msg/detail/sensor_preflight_mag__struct.hpp\n'}
[16.103396] (px4_msgs) StdoutLine: {'line': b'-- Up-to-date symlink: /home/giromi/Repos/VTOL/ws_sensor_combined_src/install/px4_msgs/include/px4_msgs/px4_msgs/msg/detail/sensor_preflight_mag__traits.hpp\n'}
[16.103703] (px4_msgs) StdoutLine: {'line': b'-- Up-to-date symlink: /home/giromi/Repos/VTOL/ws_sensor_combined_src/install/px4_msgs/include/px4_msgs/px4_msgs/msg/detail/sensor_selection__builder.hpp\n'}
[16.104047] (px4_msgs) StdoutLine: {'line': b'-- Up-to-date symlink: /home/giromi/Repos/VTOL/ws_sensor_combined_src/install/px4_msgs/include/px4_msgs/px4_msgs/msg/detail/sensor_selection__struct.hpp\n'}
[16.104308] (px4_msgs) StdoutLine: {'line': b'-- Up-to-date symlink: /home/giromi/Repos/VTOL/ws_sensor_combined_src/install/px4_msgs/include/px4_msgs/px4_msgs/msg/detail/sensor_selection__traits.hpp\n'}
[16.104569] (px4_msgs) StdoutLine: {'line': b'-- Up-to-date symlink: /home/giromi/Repos/VTOL/ws_sensor_combined_src/install/px4_msgs/include/px4_msgs/px4_msgs/msg/detail/sensor_uwb__builder.hpp\n'}
[16.104784] (px4_msgs) StdoutLine: {'line': b'-- Up-to-date symlink: /home/giromi/Repos/VTOL/ws_sensor_combined_src/install/px4_msgs/include/px4_msgs/px4_msgs/msg/detail/sensor_uwb__struct.hpp\n'}
[16.105086] (px4_msgs) StdoutLine: {'line': b'-- Up-to-date symlink: /home/giromi/Repos/VTOL/ws_sensor_combined_src/install/px4_msgs/include/px4_msgs/px4_msgs/msg/detail/sensor_uwb__traits.hpp\n'}
[16.105341] (px4_msgs) StdoutLine: {'line': b'-- Up-to-date symlink: /home/giromi/Repos/VTOL/ws_sensor_combined_src/install/px4_msgs/include/px4_msgs/px4_msgs/msg/detail/sensors_status__builder.hpp\n'}
[16.105596] (px4_msgs) StdoutLine: {'line': b'-- Up-to-date symlink: /home/giromi/Repos/VTOL/ws_sensor_combined_src/install/px4_msgs/include/px4_msgs/px4_msgs/msg/detail/sensors_status__struct.hpp\n'}
[16.105911] (px4_msgs) StdoutLine: {'line': b'-- Up-to-date symlink: /home/giromi/Repos/VTOL/ws_sensor_combined_src/install/px4_msgs/include/px4_msgs/px4_msgs/msg/detail/sensors_status__traits.hpp\n'}
[16.106198] (px4_msgs) StdoutLine: {'line': b'-- Up-to-date symlink: /home/giromi/Repos/VTOL/ws_sensor_combined_src/install/px4_msgs/include/px4_msgs/px4_msgs/msg/detail/sensors_status_imu__builder.hpp\n'}
[16.106429] (px4_msgs) StdoutLine: {'line': b'-- Up-to-date symlink: /home/giromi/Repos/VTOL/ws_sensor_combined_src/install/px4_msgs/include/px4_msgs/px4_msgs/msg/detail/sensors_status_imu__struct.hpp\n'}
[16.106692] (px4_msgs) StdoutLine: {'line': b'-- Up-to-date symlink: /home/giromi/Repos/VTOL/ws_sensor_combined_src/install/px4_msgs/include/px4_msgs/px4_msgs/msg/detail/sensors_status_imu__traits.hpp\n'}
[16.106996] (px4_msgs) StdoutLine: {'line': b'-- Up-to-date symlink: /home/giromi/Repos/VTOL/ws_sensor_combined_src/install/px4_msgs/include/px4_msgs/px4_msgs/msg/detail/system_power__builder.hpp\n'}
[16.107277] (px4_msgs) StdoutLine: {'line': b'-- Up-to-date symlink: /home/giromi/Repos/VTOL/ws_sensor_combined_src/install/px4_msgs/include/px4_msgs/px4_msgs/msg/detail/system_power__struct.hpp\n'}
[16.107540] (px4_msgs) StdoutLine: {'line': b'-- Up-to-date symlink: /home/giromi/Repos/VTOL/ws_sensor_combined_src/install/px4_msgs/include/px4_msgs/px4_msgs/msg/detail/system_power__traits.hpp\n'}
[16.107834] (px4_msgs) StdoutLine: {'line': b'-- Up-to-date symlink: /home/giromi/Repos/VTOL/ws_sensor_combined_src/install/px4_msgs/include/px4_msgs/px4_msgs/msg/detail/takeoff_status__builder.hpp\n'}
[16.108109] (px4_msgs) StdoutLine: {'line': b'-- Up-to-date symlink: /home/giromi/Repos/VTOL/ws_sensor_combined_src/install/px4_msgs/include/px4_msgs/px4_msgs/msg/detail/takeoff_status__struct.hpp\n'}
[16.108387] (px4_msgs) StdoutLine: {'line': b'-- Up-to-date symlink: /home/giromi/Repos/VTOL/ws_sensor_combined_src/install/px4_msgs/include/px4_msgs/px4_msgs/msg/detail/takeoff_status__traits.hpp\n'}
[16.108603] (px4_msgs) StdoutLine: {'line': b'-- Up-to-date symlink: /home/giromi/Repos/VTOL/ws_sensor_combined_src/install/px4_msgs/include/px4_msgs/px4_msgs/msg/detail/task_stack_info__builder.hpp\n'}
[16.108863] (px4_msgs) StdoutLine: {'line': b'-- Up-to-date symlink: /home/giromi/Repos/VTOL/ws_sensor_combined_src/install/px4_msgs/include/px4_msgs/px4_msgs/msg/detail/task_stack_info__struct.hpp\n'}
[16.109142] (px4_msgs) StdoutLine: {'line': b'-- Up-to-date symlink: /home/giromi/Repos/VTOL/ws_sensor_combined_src/install/px4_msgs/include/px4_msgs/px4_msgs/msg/detail/task_stack_info__traits.hpp\n'}
[16.109439] (px4_msgs) StdoutLine: {'line': b'-- Up-to-date symlink: /home/giromi/Repos/VTOL/ws_sensor_combined_src/install/px4_msgs/include/px4_msgs/px4_msgs/msg/detail/tecs_status__builder.hpp\n'}
[16.109665] (px4_msgs) StdoutLine: {'line': b'-- Up-to-date symlink: /home/giromi/Repos/VTOL/ws_sensor_combined_src/install/px4_msgs/include/px4_msgs/px4_msgs/msg/detail/tecs_status__struct.hpp\n'}
[16.109916] (px4_msgs) StdoutLine: {'line': b'-- Up-to-date symlink: /home/giromi/Repos/VTOL/ws_sensor_combined_src/install/px4_msgs/include/px4_msgs/px4_msgs/msg/detail/tecs_status__traits.hpp\n'}
[16.110172] (px4_msgs) StdoutLine: {'line': b'-- Up-to-date symlink: /home/giromi/Repos/VTOL/ws_sensor_combined_src/install/px4_msgs/include/px4_msgs/px4_msgs/msg/detail/telemetry_status__builder.hpp\n'}
[16.110485] (px4_msgs) StdoutLine: {'line': b'-- Up-to-date symlink: /home/giromi/Repos/VTOL/ws_sensor_combined_src/install/px4_msgs/include/px4_msgs/px4_msgs/msg/detail/telemetry_status__struct.hpp\n'}
[16.110800] (px4_msgs) StdoutLine: {'line': b'-- Up-to-date symlink: /home/giromi/Repos/VTOL/ws_sensor_combined_src/install/px4_msgs/include/px4_msgs/px4_msgs/msg/detail/telemetry_status__traits.hpp\n'}
[16.111049] (px4_msgs) StdoutLine: {'line': b'-- Up-to-date symlink: /home/giromi/Repos/VTOL/ws_sensor_combined_src/install/px4_msgs/include/px4_msgs/px4_msgs/msg/detail/tiltrotor_extra_controls__builder.hpp\n'}
[16.111323] (px4_msgs) StdoutLine: {'line': b'-- Up-to-date symlink: /home/giromi/Repos/VTOL/ws_sensor_combined_src/install/px4_msgs/include/px4_msgs/px4_msgs/msg/detail/tiltrotor_extra_controls__struct.hpp\n'}
[16.111598] (px4_msgs) StdoutLine: {'line': b'-- Up-to-date symlink: /home/giromi/Repos/VTOL/ws_sensor_combined_src/install/px4_msgs/include/px4_msgs/px4_msgs/msg/detail/tiltrotor_extra_controls__traits.hpp\n'}
[16.111860] (px4_msgs) StdoutLine: {'line': b'-- Up-to-date symlink: /home/giromi/Repos/VTOL/ws_sensor_combined_src/install/px4_msgs/include/px4_msgs/px4_msgs/msg/detail/timesync_status__builder.hpp\n'}
[16.112135] (px4_msgs) StdoutLine: {'line': b'-- Up-to-date symlink: /home/giromi/Repos/VTOL/ws_sensor_combined_src/install/px4_msgs/include/px4_msgs/px4_msgs/msg/detail/timesync_status__struct.hpp\n'}
[16.112395] (px4_msgs) StdoutLine: {'line': b'-- Up-to-date symlink: /home/giromi/Repos/VTOL/ws_sensor_combined_src/install/px4_msgs/include/px4_msgs/px4_msgs/msg/detail/timesync_status__traits.hpp\n'}
[16.112679] (px4_msgs) StdoutLine: {'line': b'-- Up-to-date symlink: /home/giromi/Repos/VTOL/ws_sensor_combined_src/install/px4_msgs/include/px4_msgs/px4_msgs/msg/detail/trajectory_bezier__builder.hpp\n'}
[16.112932] (px4_msgs) StdoutLine: {'line': b'-- Up-to-date symlink: /home/giromi/Repos/VTOL/ws_sensor_combined_src/install/px4_msgs/include/px4_msgs/px4_msgs/msg/detail/trajectory_bezier__struct.hpp\n'}
[16.113234] (px4_msgs) StdoutLine: {'line': b'-- Up-to-date symlink: /home/giromi/Repos/VTOL/ws_sensor_combined_src/install/px4_msgs/include/px4_msgs/px4_msgs/msg/detail/trajectory_bezier__traits.hpp\n'}
[16.113438] (px4_msgs) StdoutLine: {'line': b'-- Up-to-date symlink: /home/giromi/Repos/VTOL/ws_sensor_combined_src/install/px4_msgs/include/px4_msgs/px4_msgs/msg/detail/trajectory_setpoint__builder.hpp\n'}
[16.113608] (px4_msgs) StdoutLine: {'line': b'-- Up-to-date symlink: /home/giromi/Repos/VTOL/ws_sensor_combined_src/install/px4_msgs/include/px4_msgs/px4_msgs/msg/detail/trajectory_setpoint__struct.hpp\n'}
[16.113838] (px4_msgs) StdoutLine: {'line': b'-- Up-to-date symlink: /home/giromi/Repos/VTOL/ws_sensor_combined_src/install/px4_msgs/include/px4_msgs/px4_msgs/msg/detail/trajectory_setpoint__traits.hpp\n'}
[16.114114] (px4_msgs) StdoutLine: {'line': b'-- Up-to-date symlink: /home/giromi/Repos/VTOL/ws_sensor_combined_src/install/px4_msgs/include/px4_msgs/px4_msgs/msg/detail/trajectory_waypoint__builder.hpp\n'}
[16.114327] (px4_msgs) StdoutLine: {'line': b'-- Up-to-date symlink: /home/giromi/Repos/VTOL/ws_sensor_combined_src/install/px4_msgs/include/px4_msgs/px4_msgs/msg/detail/trajectory_waypoint__struct.hpp\n'}
[16.114651] (px4_msgs) StdoutLine: {'line': b'-- Up-to-date symlink: /home/giromi/Repos/VTOL/ws_sensor_combined_src/install/px4_msgs/include/px4_msgs/px4_msgs/msg/detail/trajectory_waypoint__traits.hpp\n'}
[16.114865] (px4_msgs) StdoutLine: {'line': b'-- Up-to-date symlink: /home/giromi/Repos/VTOL/ws_sensor_combined_src/install/px4_msgs/include/px4_msgs/px4_msgs/msg/detail/transponder_report__builder.hpp\n'}
[16.115180] (px4_msgs) StdoutLine: {'line': b'-- Up-to-date symlink: /home/giromi/Repos/VTOL/ws_sensor_combined_src/install/px4_msgs/include/px4_msgs/px4_msgs/msg/detail/transponder_report__struct.hpp\n'}
[16.115428] (px4_msgs) StdoutLine: {'line': b'-- Up-to-date symlink: /home/giromi/Repos/VTOL/ws_sensor_combined_src/install/px4_msgs/include/px4_msgs/px4_msgs/msg/detail/transponder_report__traits.hpp\n'}
[16.115678] (px4_msgs) StdoutLine: {'line': b'-- Up-to-date symlink: /home/giromi/Repos/VTOL/ws_sensor_combined_src/install/px4_msgs/include/px4_msgs/px4_msgs/msg/detail/tune_control__builder.hpp\n'}
[16.115964] (px4_msgs) StdoutLine: {'line': b'-- Up-to-date symlink: /home/giromi/Repos/VTOL/ws_sensor_combined_src/install/px4_msgs/include/px4_msgs/px4_msgs/msg/detail/tune_control__struct.hpp\n'}
[16.116277] (px4_msgs) StdoutLine: {'line': b'-- Up-to-date symlink: /home/giromi/Repos/VTOL/ws_sensor_combined_src/install/px4_msgs/include/px4_msgs/px4_msgs/msg/detail/tune_control__traits.hpp\n'}
[16.116552] (px4_msgs) StdoutLine: {'line': b'-- Up-to-date symlink: /home/giromi/Repos/VTOL/ws_sensor_combined_src/install/px4_msgs/include/px4_msgs/px4_msgs/msg/detail/uavcan_parameter_request__builder.hpp\n'}
[16.116814] (px4_msgs) StdoutLine: {'line': b'-- Up-to-date symlink: /home/giromi/Repos/VTOL/ws_sensor_combined_src/install/px4_msgs/include/px4_msgs/px4_msgs/msg/detail/uavcan_parameter_request__struct.hpp\n'}
[16.117122] (px4_msgs) StdoutLine: {'line': b'-- Up-to-date symlink: /home/giromi/Repos/VTOL/ws_sensor_combined_src/install/px4_msgs/include/px4_msgs/px4_msgs/msg/detail/uavcan_parameter_request__traits.hpp\n'}
[16.117394] (px4_msgs) StdoutLine: {'line': b'-- Up-to-date symlink: /home/giromi/Repos/VTOL/ws_sensor_combined_src/install/px4_msgs/include/px4_msgs/px4_msgs/msg/detail/uavcan_parameter_value__builder.hpp\n'}
[16.117688] (px4_msgs) StdoutLine: {'line': b'-- Up-to-date symlink: /home/giromi/Repos/VTOL/ws_sensor_combined_src/install/px4_msgs/include/px4_msgs/px4_msgs/msg/detail/uavcan_parameter_value__struct.hpp\n'}
[16.117948] (px4_msgs) StdoutLine: {'line': b'-- Up-to-date symlink: /home/giromi/Repos/VTOL/ws_sensor_combined_src/install/px4_msgs/include/px4_msgs/px4_msgs/msg/detail/uavcan_parameter_value__traits.hpp\n'}
[16.118167] (px4_msgs) StdoutLine: {'line': b'-- Up-to-date symlink: /home/giromi/Repos/VTOL/ws_sensor_combined_src/install/px4_msgs/include/px4_msgs/px4_msgs/msg/detail/ulog_stream__builder.hpp\n'}
[16.118459] (px4_msgs) StdoutLine: {'line': b'-- Up-to-date symlink: /home/giromi/Repos/VTOL/ws_sensor_combined_src/install/px4_msgs/include/px4_msgs/px4_msgs/msg/detail/ulog_stream__struct.hpp\n'}
[16.118767] (px4_msgs) StdoutLine: {'line': b'-- Up-to-date symlink: /home/giromi/Repos/VTOL/ws_sensor_combined_src/install/px4_msgs/include/px4_msgs/px4_msgs/msg/detail/ulog_stream__traits.hpp\n'}
[16.119055] (px4_msgs) StdoutLine: {'line': b'-- Up-to-date symlink: /home/giromi/Repos/VTOL/ws_sensor_combined_src/install/px4_msgs/include/px4_msgs/px4_msgs/msg/detail/ulog_stream_ack__builder.hpp\n'}
[16.119283] (px4_msgs) StdoutLine: {'line': b'-- Up-to-date symlink: /home/giromi/Repos/VTOL/ws_sensor_combined_src/install/px4_msgs/include/px4_msgs/px4_msgs/msg/detail/ulog_stream_ack__struct.hpp\n'}
[16.119549] (px4_msgs) StdoutLine: {'line': b'-- Up-to-date symlink: /home/giromi/Repos/VTOL/ws_sensor_combined_src/install/px4_msgs/include/px4_msgs/px4_msgs/msg/detail/ulog_stream_ack__traits.hpp\n'}
[16.119828] (px4_msgs) StdoutLine: {'line': b'-- Up-to-date symlink: /home/giromi/Repos/VTOL/ws_sensor_combined_src/install/px4_msgs/include/px4_msgs/px4_msgs/msg/detail/unregister_ext_component__builder.hpp\n'}
[16.120114] (px4_msgs) StdoutLine: {'line': b'-- Up-to-date symlink: /home/giromi/Repos/VTOL/ws_sensor_combined_src/install/px4_msgs/include/px4_msgs/px4_msgs/msg/detail/unregister_ext_component__struct.hpp\n'}
[16.120389] (px4_msgs) StdoutLine: {'line': b'-- Up-to-date symlink: /home/giromi/Repos/VTOL/ws_sensor_combined_src/install/px4_msgs/include/px4_msgs/px4_msgs/msg/detail/unregister_ext_component__traits.hpp\n'}
[16.120691] (px4_msgs) StdoutLine: {'line': b'-- Up-to-date symlink: /home/giromi/Repos/VTOL/ws_sensor_combined_src/install/px4_msgs/include/px4_msgs/px4_msgs/msg/detail/vehicle_acceleration__builder.hpp\n'}
[16.120944] (px4_msgs) StdoutLine: {'line': b'-- Up-to-date symlink: /home/giromi/Repos/VTOL/ws_sensor_combined_src/install/px4_msgs/include/px4_msgs/px4_msgs/msg/detail/vehicle_acceleration__struct.hpp\n'}
[16.121246] (px4_msgs) StdoutLine: {'line': b'-- Up-to-date symlink: /home/giromi/Repos/VTOL/ws_sensor_combined_src/install/px4_msgs/include/px4_msgs/px4_msgs/msg/detail/vehicle_acceleration__traits.hpp\n'}
[16.121585] (px4_msgs) StdoutLine: {'line': b'-- Up-to-date symlink: /home/giromi/Repos/VTOL/ws_sensor_combined_src/install/px4_msgs/include/px4_msgs/px4_msgs/msg/detail/vehicle_air_data__builder.hpp\n'}
[16.121936] (px4_msgs) StdoutLine: {'line': b'-- Up-to-date symlink: /home/giromi/Repos/VTOL/ws_sensor_combined_src/install/px4_msgs/include/px4_msgs/px4_msgs/msg/detail/vehicle_air_data__struct.hpp\n'}
[16.122264] (px4_msgs) StdoutLine: {'line': b'-- Up-to-date symlink: /home/giromi/Repos/VTOL/ws_sensor_combined_src/install/px4_msgs/include/px4_msgs/px4_msgs/msg/detail/vehicle_air_data__traits.hpp\n'}
[16.122579] (px4_msgs) StdoutLine: {'line': b'-- Up-to-date symlink: /home/giromi/Repos/VTOL/ws_sensor_combined_src/install/px4_msgs/include/px4_msgs/px4_msgs/msg/detail/vehicle_angular_acceleration_setpoint__builder.hpp\n'}
[16.122860] (px4_msgs) StdoutLine: {'line': b'-- Up-to-date symlink: /home/giromi/Repos/VTOL/ws_sensor_combined_src/install/px4_msgs/include/px4_msgs/px4_msgs/msg/detail/vehicle_angular_acceleration_setpoint__struct.hpp\n'}
[16.123181] (px4_msgs) StdoutLine: {'line': b'-- Up-to-date symlink: /home/giromi/Repos/VTOL/ws_sensor_combined_src/install/px4_msgs/include/px4_msgs/px4_msgs/msg/detail/vehicle_angular_acceleration_setpoint__traits.hpp\n'}
[16.123486] (px4_msgs) StdoutLine: {'line': b'-- Up-to-date symlink: /home/giromi/Repos/VTOL/ws_sensor_combined_src/install/px4_msgs/include/px4_msgs/px4_msgs/msg/detail/vehicle_angular_velocity__builder.hpp\n'}
[16.123855] (px4_msgs) StdoutLine: {'line': b'-- Up-to-date symlink: /home/giromi/Repos/VTOL/ws_sensor_combined_src/install/px4_msgs/include/px4_msgs/px4_msgs/msg/detail/vehicle_angular_velocity__struct.hpp\n'}
[16.124164] (px4_msgs) StdoutLine: {'line': b'-- Up-to-date symlink: /home/giromi/Repos/VTOL/ws_sensor_combined_src/install/px4_msgs/include/px4_msgs/px4_msgs/msg/detail/vehicle_angular_velocity__traits.hpp\n'}
[16.124443] (px4_msgs) StdoutLine: {'line': b'-- Up-to-date symlink: /home/giromi/Repos/VTOL/ws_sensor_combined_src/install/px4_msgs/include/px4_msgs/px4_msgs/msg/detail/vehicle_attitude__builder.hpp\n'}
[16.124753] (px4_msgs) StdoutLine: {'line': b'-- Up-to-date symlink: /home/giromi/Repos/VTOL/ws_sensor_combined_src/install/px4_msgs/include/px4_msgs/px4_msgs/msg/detail/vehicle_attitude__struct.hpp\n'}
[16.125129] (px4_msgs) StdoutLine: {'line': b'-- Up-to-date symlink: /home/giromi/Repos/VTOL/ws_sensor_combined_src/install/px4_msgs/include/px4_msgs/px4_msgs/msg/detail/vehicle_attitude__traits.hpp\n'}
[16.125423] (px4_msgs) StdoutLine: {'line': b'-- Up-to-date symlink: /home/giromi/Repos/VTOL/ws_sensor_combined_src/install/px4_msgs/include/px4_msgs/px4_msgs/msg/detail/vehicle_attitude_setpoint__builder.hpp\n'}
[16.125686] (px4_msgs) StdoutLine: {'line': b'-- Up-to-date symlink: /home/giromi/Repos/VTOL/ws_sensor_combined_src/install/px4_msgs/include/px4_msgs/px4_msgs/msg/detail/vehicle_attitude_setpoint__struct.hpp\n'}
[16.125994] (px4_msgs) StdoutLine: {'line': b'-- Up-to-date symlink: /home/giromi/Repos/VTOL/ws_sensor_combined_src/install/px4_msgs/include/px4_msgs/px4_msgs/msg/detail/vehicle_attitude_setpoint__traits.hpp\n'}
[16.126176] (px4_msgs) StdoutLine: {'line': b'-- Up-to-date symlink: /home/giromi/Repos/VTOL/ws_sensor_combined_src/install/px4_msgs/include/px4_msgs/px4_msgs/msg/detail/vehicle_command__builder.hpp\n'}
[16.126368] (px4_msgs) StdoutLine: {'line': b'-- Up-to-date symlink: /home/giromi/Repos/VTOL/ws_sensor_combined_src/install/px4_msgs/include/px4_msgs/px4_msgs/msg/detail/vehicle_command__struct.hpp\n'}
[16.126580] (px4_msgs) StdoutLine: {'line': b'-- Up-to-date symlink: /home/giromi/Repos/VTOL/ws_sensor_combined_src/install/px4_msgs/include/px4_msgs/px4_msgs/msg/detail/vehicle_command__traits.hpp\n'}
[16.126818] (px4_msgs) StdoutLine: {'line': b'-- Up-to-date symlink: /home/giromi/Repos/VTOL/ws_sensor_combined_src/install/px4_msgs/include/px4_msgs/px4_msgs/msg/detail/vehicle_command_ack__builder.hpp\n'}
[16.127103] (px4_msgs) StdoutLine: {'line': b'-- Up-to-date symlink: /home/giromi/Repos/VTOL/ws_sensor_combined_src/install/px4_msgs/include/px4_msgs/px4_msgs/msg/detail/vehicle_command_ack__struct.hpp\n'}
[16.127418] (px4_msgs) StdoutLine: {'line': b'-- Up-to-date symlink: /home/giromi/Repos/VTOL/ws_sensor_combined_src/install/px4_msgs/include/px4_msgs/px4_msgs/msg/detail/vehicle_command_ack__traits.hpp\n'}
[16.127723] (px4_msgs) StdoutLine: {'line': b'-- Up-to-date symlink: /home/giromi/Repos/VTOL/ws_sensor_combined_src/install/px4_msgs/include/px4_msgs/px4_msgs/msg/detail/vehicle_constraints__builder.hpp\n'}
[16.128074] (px4_msgs) StdoutLine: {'line': b'-- Up-to-date symlink: /home/giromi/Repos/VTOL/ws_sensor_combined_src/install/px4_msgs/include/px4_msgs/px4_msgs/msg/detail/vehicle_constraints__struct.hpp\n'}
[16.128380] (px4_msgs) StdoutLine: {'line': b'-- Up-to-date symlink: /home/giromi/Repos/VTOL/ws_sensor_combined_src/install/px4_msgs/include/px4_msgs/px4_msgs/msg/detail/vehicle_constraints__traits.hpp\n'}
[16.128573] (px4_msgs) StdoutLine: {'line': b'-- Up-to-date symlink: /home/giromi/Repos/VTOL/ws_sensor_combined_src/install/px4_msgs/include/px4_msgs/px4_msgs/msg/detail/vehicle_control_mode__builder.hpp\n'}
[16.128786] (px4_msgs) StdoutLine: {'line': b'-- Up-to-date symlink: /home/giromi/Repos/VTOL/ws_sensor_combined_src/install/px4_msgs/include/px4_msgs/px4_msgs/msg/detail/vehicle_control_mode__struct.hpp\n'}
[16.128922] (px4_msgs) StdoutLine: {'line': b'-- Up-to-date symlink: /home/giromi/Repos/VTOL/ws_sensor_combined_src/install/px4_msgs/include/px4_msgs/px4_msgs/msg/detail/vehicle_control_mode__traits.hpp\n'}
[16.129222] (px4_msgs) StdoutLine: {'line': b'-- Up-to-date symlink: /home/giromi/Repos/VTOL/ws_sensor_combined_src/install/px4_msgs/include/px4_msgs/px4_msgs/msg/detail/vehicle_global_position__builder.hpp\n'}
[16.129508] (px4_msgs) StdoutLine: {'line': b'-- Up-to-date symlink: /home/giromi/Repos/VTOL/ws_sensor_combined_src/install/px4_msgs/include/px4_msgs/px4_msgs/msg/detail/vehicle_global_position__struct.hpp\n'}
[16.129814] (px4_msgs) StdoutLine: {'line': b'-- Up-to-date symlink: /home/giromi/Repos/VTOL/ws_sensor_combined_src/install/px4_msgs/include/px4_msgs/px4_msgs/msg/detail/vehicle_global_position__traits.hpp\n'}
[16.130043] (px4_msgs) StdoutLine: {'line': b'-- Up-to-date symlink: /home/giromi/Repos/VTOL/ws_sensor_combined_src/install/px4_msgs/include/px4_msgs/px4_msgs/msg/detail/vehicle_imu__builder.hpp\n'}
[16.130323] (px4_msgs) StdoutLine: {'line': b'-- Up-to-date symlink: /home/giromi/Repos/VTOL/ws_sensor_combined_src/install/px4_msgs/include/px4_msgs/px4_msgs/msg/detail/vehicle_imu__struct.hpp\n'}
[16.130600] (px4_msgs) StdoutLine: {'line': b'-- Up-to-date symlink: /home/giromi/Repos/VTOL/ws_sensor_combined_src/install/px4_msgs/include/px4_msgs/px4_msgs/msg/detail/vehicle_imu__traits.hpp\n'}
[16.130889] (px4_msgs) StdoutLine: {'line': b'-- Up-to-date symlink: /home/giromi/Repos/VTOL/ws_sensor_combined_src/install/px4_msgs/include/px4_msgs/px4_msgs/msg/detail/vehicle_imu_status__builder.hpp\n'}
[16.131229] (px4_msgs) StdoutLine: {'line': b'-- Up-to-date symlink: /home/giromi/Repos/VTOL/ws_sensor_combined_src/install/px4_msgs/include/px4_msgs/px4_msgs/msg/detail/vehicle_imu_status__struct.hpp\n'}
[16.131562] (px4_msgs) StdoutLine: {'line': b'-- Up-to-date symlink: /home/giromi/Repos/VTOL/ws_sensor_combined_src/install/px4_msgs/include/px4_msgs/px4_msgs/msg/detail/vehicle_imu_status__traits.hpp\n'}
[16.131894] (px4_msgs) StdoutLine: {'line': b'-- Up-to-date symlink: /home/giromi/Repos/VTOL/ws_sensor_combined_src/install/px4_msgs/include/px4_msgs/px4_msgs/msg/detail/vehicle_land_detected__builder.hpp\n'}
[16.132215] (px4_msgs) StdoutLine: {'line': b'-- Up-to-date symlink: /home/giromi/Repos/VTOL/ws_sensor_combined_src/install/px4_msgs/include/px4_msgs/px4_msgs/msg/detail/vehicle_land_detected__struct.hpp\n'}
[16.132503] (px4_msgs) StdoutLine: {'line': b'-- Up-to-date symlink: /home/giromi/Repos/VTOL/ws_sensor_combined_src/install/px4_msgs/include/px4_msgs/px4_msgs/msg/detail/vehicle_land_detected__traits.hpp\n'}
[16.132698] (px4_msgs) StdoutLine: {'line': b'-- Up-to-date symlink: /home/giromi/Repos/VTOL/ws_sensor_combined_src/install/px4_msgs/include/px4_msgs/px4_msgs/msg/detail/vehicle_local_position__builder.hpp\n'}
[16.132880] (px4_msgs) StdoutLine: {'line': b'-- Up-to-date symlink: /home/giromi/Repos/VTOL/ws_sensor_combined_src/install/px4_msgs/include/px4_msgs/px4_msgs/msg/detail/vehicle_local_position__struct.hpp\n'}
[16.133077] (px4_msgs) StdoutLine: {'line': b'-- Up-to-date symlink: /home/giromi/Repos/VTOL/ws_sensor_combined_src/install/px4_msgs/include/px4_msgs/px4_msgs/msg/detail/vehicle_local_position__traits.hpp\n'}
[16.133367] (px4_msgs) StdoutLine: {'line': b'-- Up-to-date symlink: /home/giromi/Repos/VTOL/ws_sensor_combined_src/install/px4_msgs/include/px4_msgs/px4_msgs/msg/detail/vehicle_local_position_setpoint__builder.hpp\n'}
[16.133668] (px4_msgs) StdoutLine: {'line': b'-- Up-to-date symlink: /home/giromi/Repos/VTOL/ws_sensor_combined_src/install/px4_msgs/include/px4_msgs/px4_msgs/msg/detail/vehicle_local_position_setpoint__struct.hpp\n'}
[16.133942] (px4_msgs) StdoutLine: {'line': b'-- Up-to-date symlink: /home/giromi/Repos/VTOL/ws_sensor_combined_src/install/px4_msgs/include/px4_msgs/px4_msgs/msg/detail/vehicle_local_position_setpoint__traits.hpp\n'}
[16.134236] (px4_msgs) StdoutLine: {'line': b'-- Up-to-date symlink: /home/giromi/Repos/VTOL/ws_sensor_combined_src/install/px4_msgs/include/px4_msgs/px4_msgs/msg/detail/vehicle_magnetometer__builder.hpp\n'}
[16.134516] (px4_msgs) StdoutLine: {'line': b'-- Up-to-date symlink: /home/giromi/Repos/VTOL/ws_sensor_combined_src/install/px4_msgs/include/px4_msgs/px4_msgs/msg/detail/vehicle_magnetometer__struct.hpp\n'}
[16.134857] (px4_msgs) StdoutLine: {'line': b'-- Up-to-date symlink: /home/giromi/Repos/VTOL/ws_sensor_combined_src/install/px4_msgs/include/px4_msgs/px4_msgs/msg/detail/vehicle_magnetometer__traits.hpp\n'}
[16.135190] (px4_msgs) StdoutLine: {'line': b'-- Up-to-date symlink: /home/giromi/Repos/VTOL/ws_sensor_combined_src/install/px4_msgs/include/px4_msgs/px4_msgs/msg/detail/vehicle_odometry__builder.hpp\n'}
[16.135531] (px4_msgs) StdoutLine: {'line': b'-- Up-to-date symlink: /home/giromi/Repos/VTOL/ws_sensor_combined_src/install/px4_msgs/include/px4_msgs/px4_msgs/msg/detail/vehicle_odometry__struct.hpp\n'}
[16.135870] (px4_msgs) StdoutLine: {'line': b'-- Up-to-date symlink: /home/giromi/Repos/VTOL/ws_sensor_combined_src/install/px4_msgs/include/px4_msgs/px4_msgs/msg/detail/vehicle_odometry__traits.hpp\n'}
[16.136188] (px4_msgs) StdoutLine: {'line': b'-- Up-to-date symlink: /home/giromi/Repos/VTOL/ws_sensor_combined_src/install/px4_msgs/include/px4_msgs/px4_msgs/msg/detail/vehicle_optical_flow__builder.hpp\n'}
[16.136489] (px4_msgs) StdoutLine: {'line': b'-- Up-to-date symlink: /home/giromi/Repos/VTOL/ws_sensor_combined_src/install/px4_msgs/include/px4_msgs/px4_msgs/msg/detail/vehicle_optical_flow__struct.hpp\n'}
[16.136778] (px4_msgs) StdoutLine: {'line': b'-- Up-to-date symlink: /home/giromi/Repos/VTOL/ws_sensor_combined_src/install/px4_msgs/include/px4_msgs/px4_msgs/msg/detail/vehicle_optical_flow__traits.hpp\n'}
[16.137148] (px4_msgs) StdoutLine: {'line': b'-- Up-to-date symlink: /home/giromi/Repos/VTOL/ws_sensor_combined_src/install/px4_msgs/include/px4_msgs/px4_msgs/msg/detail/vehicle_optical_flow_vel__builder.hpp\n'}
[16.137432] (px4_msgs) StdoutLine: {'line': b'-- Up-to-date symlink: /home/giromi/Repos/VTOL/ws_sensor_combined_src/install/px4_msgs/include/px4_msgs/px4_msgs/msg/detail/vehicle_optical_flow_vel__struct.hpp\n'}
[16.137718] (px4_msgs) StdoutLine: {'line': b'-- Up-to-date symlink: /home/giromi/Repos/VTOL/ws_sensor_combined_src/install/px4_msgs/include/px4_msgs/px4_msgs/msg/detail/vehicle_optical_flow_vel__traits.hpp\n'}
[16.138007] (px4_msgs) StdoutLine: {'line': b'-- Up-to-date symlink: /home/giromi/Repos/VTOL/ws_sensor_combined_src/install/px4_msgs/include/px4_msgs/px4_msgs/msg/detail/vehicle_rates_setpoint__builder.hpp\n'}
[16.138294] (px4_msgs) StdoutLine: {'line': b'-- Up-to-date symlink: /home/giromi/Repos/VTOL/ws_sensor_combined_src/install/px4_msgs/include/px4_msgs/px4_msgs/msg/detail/vehicle_rates_setpoint__struct.hpp\n'}
[16.138578] (px4_msgs) StdoutLine: {'line': b'-- Up-to-date symlink: /home/giromi/Repos/VTOL/ws_sensor_combined_src/install/px4_msgs/include/px4_msgs/px4_msgs/msg/detail/vehicle_rates_setpoint__traits.hpp\n'}
[16.138891] (px4_msgs) StdoutLine: {'line': b'-- Up-to-date symlink: /home/giromi/Repos/VTOL/ws_sensor_combined_src/install/px4_msgs/include/px4_msgs/px4_msgs/msg/detail/vehicle_roi__builder.hpp\n'}
[16.139200] (px4_msgs) StdoutLine: {'line': b'-- Up-to-date symlink: /home/giromi/Repos/VTOL/ws_sensor_combined_src/install/px4_msgs/include/px4_msgs/px4_msgs/msg/detail/vehicle_roi__struct.hpp\n'}
[16.139511] (px4_msgs) StdoutLine: {'line': b'-- Up-to-date symlink: /home/giromi/Repos/VTOL/ws_sensor_combined_src/install/px4_msgs/include/px4_msgs/px4_msgs/msg/detail/vehicle_roi__traits.hpp\n'}
[16.139850] (px4_msgs) StdoutLine: {'line': b'-- Up-to-date symlink: /home/giromi/Repos/VTOL/ws_sensor_combined_src/install/px4_msgs/include/px4_msgs/px4_msgs/msg/detail/vehicle_status__builder.hpp\n'}
[16.140168] (px4_msgs) StdoutLine: {'line': b'-- Up-to-date symlink: /home/giromi/Repos/VTOL/ws_sensor_combined_src/install/px4_msgs/include/px4_msgs/px4_msgs/msg/detail/vehicle_status__struct.hpp\n'}
[16.140460] (px4_msgs) StdoutLine: {'line': b'-- Up-to-date symlink: /home/giromi/Repos/VTOL/ws_sensor_combined_src/install/px4_msgs/include/px4_msgs/px4_msgs/msg/detail/vehicle_status__traits.hpp\n'}
[16.140745] (px4_msgs) StdoutLine: {'line': b'-- Up-to-date symlink: /home/giromi/Repos/VTOL/ws_sensor_combined_src/install/px4_msgs/include/px4_msgs/px4_msgs/msg/detail/vehicle_thrust_setpoint__builder.hpp\n'}
[16.141148] (px4_msgs) StdoutLine: {'line': b'-- Up-to-date symlink: /home/giromi/Repos/VTOL/ws_sensor_combined_src/install/px4_msgs/include/px4_msgs/px4_msgs/msg/detail/vehicle_thrust_setpoint__struct.hpp\n'}
[16.141406] (px4_msgs) StdoutLine: {'line': b'-- Up-to-date symlink: /home/giromi/Repos/VTOL/ws_sensor_combined_src/install/px4_msgs/include/px4_msgs/px4_msgs/msg/detail/vehicle_thrust_setpoint__traits.hpp\n'}
[16.141707] (px4_msgs) StdoutLine: {'line': b'-- Up-to-date symlink: /home/giromi/Repos/VTOL/ws_sensor_combined_src/install/px4_msgs/include/px4_msgs/px4_msgs/msg/detail/vehicle_torque_setpoint__builder.hpp\n'}
[16.141973] (px4_msgs) StdoutLine: {'line': b'-- Up-to-date symlink: /home/giromi/Repos/VTOL/ws_sensor_combined_src/install/px4_msgs/include/px4_msgs/px4_msgs/msg/detail/vehicle_torque_setpoint__struct.hpp\n'}
[16.142264] (px4_msgs) StdoutLine: {'line': b'-- Up-to-date symlink: /home/giromi/Repos/VTOL/ws_sensor_combined_src/install/px4_msgs/include/px4_msgs/px4_msgs/msg/detail/vehicle_torque_setpoint__traits.hpp\n'}
[16.142553] (px4_msgs) StdoutLine: {'line': b'-- Up-to-date symlink: /home/giromi/Repos/VTOL/ws_sensor_combined_src/install/px4_msgs/include/px4_msgs/px4_msgs/msg/detail/vehicle_trajectory_bezier__builder.hpp\n'}
[16.142838] (px4_msgs) StdoutLine: {'line': b'-- Up-to-date symlink: /home/giromi/Repos/VTOL/ws_sensor_combined_src/install/px4_msgs/include/px4_msgs/px4_msgs/msg/detail/vehicle_trajectory_bezier__struct.hpp\n'}
[16.143126] (px4_msgs) StdoutLine: {'line': b'-- Up-to-date symlink: /home/giromi/Repos/VTOL/ws_sensor_combined_src/install/px4_msgs/include/px4_msgs/px4_msgs/msg/detail/vehicle_trajectory_bezier__traits.hpp\n'}
[16.143419] (px4_msgs) StdoutLine: {'line': b'-- Up-to-date symlink: /home/giromi/Repos/VTOL/ws_sensor_combined_src/install/px4_msgs/include/px4_msgs/px4_msgs/msg/detail/vehicle_trajectory_waypoint__builder.hpp\n'}
[16.143735] (px4_msgs) StdoutLine: {'line': b'-- Up-to-date symlink: /home/giromi/Repos/VTOL/ws_sensor_combined_src/install/px4_msgs/include/px4_msgs/px4_msgs/msg/detail/vehicle_trajectory_waypoint__struct.hpp\n'}
[16.144075] (px4_msgs) StdoutLine: {'line': b'-- Up-to-date symlink: /home/giromi/Repos/VTOL/ws_sensor_combined_src/install/px4_msgs/include/px4_msgs/px4_msgs/msg/detail/vehicle_trajectory_waypoint__traits.hpp\n'}
[16.144394] (px4_msgs) StdoutLine: {'line': b'-- Up-to-date symlink: /home/giromi/Repos/VTOL/ws_sensor_combined_src/install/px4_msgs/include/px4_msgs/px4_msgs/msg/detail/velocity_limits__builder.hpp\n'}
[16.144680] (px4_msgs) StdoutLine: {'line': b'-- Up-to-date symlink: /home/giromi/Repos/VTOL/ws_sensor_combined_src/install/px4_msgs/include/px4_msgs/px4_msgs/msg/detail/velocity_limits__struct.hpp\n'}
[16.144987] (px4_msgs) StdoutLine: {'line': b'-- Up-to-date symlink: /home/giromi/Repos/VTOL/ws_sensor_combined_src/install/px4_msgs/include/px4_msgs/px4_msgs/msg/detail/velocity_limits__traits.hpp\n'}
[16.145305] (px4_msgs) StdoutLine: {'line': b'-- Up-to-date symlink: /home/giromi/Repos/VTOL/ws_sensor_combined_src/install/px4_msgs/include/px4_msgs/px4_msgs/msg/detail/vtol_vehicle_status__builder.hpp\n'}
[16.145592] (px4_msgs) StdoutLine: {'line': b'-- Up-to-date symlink: /home/giromi/Repos/VTOL/ws_sensor_combined_src/install/px4_msgs/include/px4_msgs/px4_msgs/msg/detail/vtol_vehicle_status__struct.hpp\n'}
[16.145885] (px4_msgs) StdoutLine: {'line': b'-- Up-to-date symlink: /home/giromi/Repos/VTOL/ws_sensor_combined_src/install/px4_msgs/include/px4_msgs/px4_msgs/msg/detail/vtol_vehicle_status__traits.hpp\n'}
[16.146187] (px4_msgs) StdoutLine: {'line': b'-- Up-to-date symlink: /home/giromi/Repos/VTOL/ws_sensor_combined_src/install/px4_msgs/include/px4_msgs/px4_msgs/msg/detail/wheel_encoders__builder.hpp\n'}
[16.146455] (px4_msgs) StdoutLine: {'line': b'-- Up-to-date symlink: /home/giromi/Repos/VTOL/ws_sensor_combined_src/install/px4_msgs/include/px4_msgs/px4_msgs/msg/detail/wheel_encoders__struct.hpp\n'}
[16.146761] (px4_msgs) StdoutLine: {'line': b'-- Up-to-date symlink: /home/giromi/Repos/VTOL/ws_sensor_combined_src/install/px4_msgs/include/px4_msgs/px4_msgs/msg/detail/wheel_encoders__traits.hpp\n'}
[16.147027] (px4_msgs) StdoutLine: {'line': b'-- Up-to-date symlink: /home/giromi/Repos/VTOL/ws_sensor_combined_src/install/px4_msgs/include/px4_msgs/px4_msgs/msg/detail/wind__builder.hpp\n'}
[16.147334] (px4_msgs) StdoutLine: {'line': b'-- Up-to-date symlink: /home/giromi/Repos/VTOL/ws_sensor_combined_src/install/px4_msgs/include/px4_msgs/px4_msgs/msg/detail/wind__struct.hpp\n'}
[16.147640] (px4_msgs) StdoutLine: {'line': b'-- Up-to-date symlink: /home/giromi/Repos/VTOL/ws_sensor_combined_src/install/px4_msgs/include/px4_msgs/px4_msgs/msg/detail/wind__traits.hpp\n'}
[16.147979] (px4_msgs) StdoutLine: {'line': b'-- Up-to-date symlink: /home/giromi/Repos/VTOL/ws_sensor_combined_src/install/px4_msgs/include/px4_msgs/px4_msgs/msg/detail/yaw_estimator_status__builder.hpp\n'}
[16.148332] (px4_msgs) StdoutLine: {'line': b'-- Up-to-date symlink: /home/giromi/Repos/VTOL/ws_sensor_combined_src/install/px4_msgs/include/px4_msgs/px4_msgs/msg/detail/yaw_estimator_status__struct.hpp\n'}
[16.148639] (px4_msgs) StdoutLine: {'line': b'-- Up-to-date symlink: /home/giromi/Repos/VTOL/ws_sensor_combined_src/install/px4_msgs/include/px4_msgs/px4_msgs/msg/detail/yaw_estimator_status__traits.hpp\n'}
[16.148885] (px4_msgs) StdoutLine: {'line': b'-- Up-to-date symlink: /home/giromi/Repos/VTOL/ws_sensor_combined_src/install/px4_msgs/include/px4_msgs/px4_msgs/msg/differential_drive_setpoint.hpp\n'}
[16.149173] (px4_msgs) StdoutLine: {'line': b'-- Up-to-date symlink: /home/giromi/Repos/VTOL/ws_sensor_combined_src/install/px4_msgs/include/px4_msgs/px4_msgs/msg/differential_pressure.hpp\n'}
[16.149460] (px4_msgs) StdoutLine: {'line': b'-- Up-to-date symlink: /home/giromi/Repos/VTOL/ws_sensor_combined_src/install/px4_msgs/include/px4_msgs/px4_msgs/msg/distance_sensor.hpp\n'}
[16.149730] (px4_msgs) StdoutLine: {'line': b'-- Up-to-date symlink: /home/giromi/Repos/VTOL/ws_sensor_combined_src/install/px4_msgs/include/px4_msgs/px4_msgs/msg/ekf2_timestamps.hpp\n'}
[16.150003] (px4_msgs) StdoutLine: {'line': b'-- Up-to-date symlink: /home/giromi/Repos/VTOL/ws_sensor_combined_src/install/px4_msgs/include/px4_msgs/px4_msgs/msg/esc_report.hpp\n'}
[16.150292] (px4_msgs) StdoutLine: {'line': b'-- Up-to-date symlink: /home/giromi/Repos/VTOL/ws_sensor_combined_src/install/px4_msgs/include/px4_msgs/px4_msgs/msg/esc_status.hpp\n'}
[16.150630] (px4_msgs) StdoutLine: {'line': b'-- Up-to-date symlink: /home/giromi/Repos/VTOL/ws_sensor_combined_src/install/px4_msgs/include/px4_msgs/px4_msgs/msg/estimator_aid_source1d.hpp\n'}
[16.150938] (px4_msgs) StdoutLine: {'line': b'-- Up-to-date symlink: /home/giromi/Repos/VTOL/ws_sensor_combined_src/install/px4_msgs/include/px4_msgs/px4_msgs/msg/estimator_aid_source2d.hpp\n'}
[16.151237] (px4_msgs) StdoutLine: {'line': b'-- Up-to-date symlink: /home/giromi/Repos/VTOL/ws_sensor_combined_src/install/px4_msgs/include/px4_msgs/px4_msgs/msg/estimator_aid_source3d.hpp\n'}
[16.151524] (px4_msgs) StdoutLine: {'line': b'-- Up-to-date symlink: /home/giromi/Repos/VTOL/ws_sensor_combined_src/install/px4_msgs/include/px4_msgs/px4_msgs/msg/estimator_bias.hpp\n'}
[16.151837] (px4_msgs) StdoutLine: {'line': b'-- Up-to-date symlink: /home/giromi/Repos/VTOL/ws_sensor_combined_src/install/px4_msgs/include/px4_msgs/px4_msgs/msg/estimator_bias3d.hpp\n'}
[16.152164] (px4_msgs) StdoutLine: {'line': b'-- Up-to-date symlink: /home/giromi/Repos/VTOL/ws_sensor_combined_src/install/px4_msgs/include/px4_msgs/px4_msgs/msg/estimator_event_flags.hpp\n'}
[16.152435] (px4_msgs) StdoutLine: {'line': b'-- Up-to-date symlink: /home/giromi/Repos/VTOL/ws_sensor_combined_src/install/px4_msgs/include/px4_msgs/px4_msgs/msg/estimator_gps_status.hpp\n'}
[16.152725] (px4_msgs) StdoutLine: {'line': b'-- Up-to-date symlink: /home/giromi/Repos/VTOL/ws_sensor_combined_src/install/px4_msgs/include/px4_msgs/px4_msgs/msg/estimator_innovations.hpp\n'}
[16.153173] (px4_msgs) StdoutLine: {'line': b'-- Up-to-date symlink: /home/giromi/Repos/VTOL/ws_sensor_combined_src/install/px4_msgs/include/px4_msgs/px4_msgs/msg/estimator_selector_status.hpp\n'}
[16.153446] (px4_msgs) StdoutLine: {'line': b'-- Up-to-date symlink: /home/giromi/Repos/VTOL/ws_sensor_combined_src/install/px4_msgs/include/px4_msgs/px4_msgs/msg/estimator_sensor_bias.hpp\n'}
[16.153726] (px4_msgs) StdoutLine: {'line': b'-- Up-to-date symlink: /home/giromi/Repos/VTOL/ws_sensor_combined_src/install/px4_msgs/include/px4_msgs/px4_msgs/msg/estimator_states.hpp\n'}
[16.154010] (px4_msgs) StdoutLine: {'line': b'-- Up-to-date symlink: /home/giromi/Repos/VTOL/ws_sensor_combined_src/install/px4_msgs/include/px4_msgs/px4_msgs/msg/estimator_status.hpp\n'}
[16.154284] (px4_msgs) StdoutLine: {'line': b'-- Up-to-date symlink: /home/giromi/Repos/VTOL/ws_sensor_combined_src/install/px4_msgs/include/px4_msgs/px4_msgs/msg/estimator_status_flags.hpp\n'}
[16.154558] (px4_msgs) StdoutLine: {'line': b'-- Up-to-date symlink: /home/giromi/Repos/VTOL/ws_sensor_combined_src/install/px4_msgs/include/px4_msgs/px4_msgs/msg/event.hpp\n'}
[16.154843] (px4_msgs) StdoutLine: {'line': b'-- Up-to-date symlink: /home/giromi/Repos/VTOL/ws_sensor_combined_src/install/px4_msgs/include/px4_msgs/px4_msgs/msg/failsafe_flags.hpp\n'}
[16.155118] (px4_msgs) StdoutLine: {'line': b'-- Up-to-date symlink: /home/giromi/Repos/VTOL/ws_sensor_combined_src/install/px4_msgs/include/px4_msgs/px4_msgs/msg/failure_detector_status.hpp\n'}
[16.155410] (px4_msgs) StdoutLine: {'line': b'-- Up-to-date symlink: /home/giromi/Repos/VTOL/ws_sensor_combined_src/install/px4_msgs/include/px4_msgs/px4_msgs/msg/figure_eight_status.hpp\n'}
[16.155761] (px4_msgs) StdoutLine: {'line': b'-- Up-to-date symlink: /home/giromi/Repos/VTOL/ws_sensor_combined_src/install/px4_msgs/include/px4_msgs/px4_msgs/msg/follow_target.hpp\n'}
[16.156089] (px4_msgs) StdoutLine: {'line': b'-- Up-to-date symlink: /home/giromi/Repos/VTOL/ws_sensor_combined_src/install/px4_msgs/include/px4_msgs/px4_msgs/msg/follow_target_estimator.hpp\n'}
[16.156402] (px4_msgs) StdoutLine: {'line': b'-- Up-to-date symlink: /home/giromi/Repos/VTOL/ws_sensor_combined_src/install/px4_msgs/include/px4_msgs/px4_msgs/msg/follow_target_status.hpp\n'}
[16.156473] (-) TimerEvent: {}
[16.156777] (px4_msgs) StdoutLine: {'line': b'-- Up-to-date symlink: /home/giromi/Repos/VTOL/ws_sensor_combined_src/install/px4_msgs/include/px4_msgs/px4_msgs/msg/generator_status.hpp\n'}
[16.157169] (px4_msgs) StdoutLine: {'line': b'-- Up-to-date symlink: /home/giromi/Repos/VTOL/ws_sensor_combined_src/install/px4_msgs/include/px4_msgs/px4_msgs/msg/geofence_result.hpp\n'}
[16.157462] (px4_msgs) StdoutLine: {'line': b'-- Up-to-date symlink: /home/giromi/Repos/VTOL/ws_sensor_combined_src/install/px4_msgs/include/px4_msgs/px4_msgs/msg/gimbal_controls.hpp\n'}
[16.157767] (px4_msgs) StdoutLine: {'line': b'-- Up-to-date symlink: /home/giromi/Repos/VTOL/ws_sensor_combined_src/install/px4_msgs/include/px4_msgs/px4_msgs/msg/gimbal_device_attitude_status.hpp\n'}
[16.158094] (px4_msgs) StdoutLine: {'line': b'-- Up-to-date symlink: /home/giromi/Repos/VTOL/ws_sensor_combined_src/install/px4_msgs/include/px4_msgs/px4_msgs/msg/gimbal_device_information.hpp\n'}
[16.158400] (px4_msgs) StdoutLine: {'line': b'-- Up-to-date symlink: /home/giromi/Repos/VTOL/ws_sensor_combined_src/install/px4_msgs/include/px4_msgs/px4_msgs/msg/gimbal_device_set_attitude.hpp\n'}
[16.158676] (px4_msgs) StdoutLine: {'line': b'-- Up-to-date symlink: /home/giromi/Repos/VTOL/ws_sensor_combined_src/install/px4_msgs/include/px4_msgs/px4_msgs/msg/gimbal_manager_information.hpp\n'}
[16.158966] (px4_msgs) StdoutLine: {'line': b'-- Up-to-date symlink: /home/giromi/Repos/VTOL/ws_sensor_combined_src/install/px4_msgs/include/px4_msgs/px4_msgs/msg/gimbal_manager_set_attitude.hpp\n'}
[16.159223] (px4_msgs) StdoutLine: {'line': b'-- Up-to-date symlink: /home/giromi/Repos/VTOL/ws_sensor_combined_src/install/px4_msgs/include/px4_msgs/px4_msgs/msg/gimbal_manager_set_manual_control.hpp\n'}
[16.159527] (px4_msgs) StdoutLine: {'line': b'-- Up-to-date symlink: /home/giromi/Repos/VTOL/ws_sensor_combined_src/install/px4_msgs/include/px4_msgs/px4_msgs/msg/gimbal_manager_status.hpp\n'}
[16.159868] (px4_msgs) StdoutLine: {'line': b'-- Up-to-date symlink: /home/giromi/Repos/VTOL/ws_sensor_combined_src/install/px4_msgs/include/px4_msgs/px4_msgs/msg/goto_setpoint.hpp\n'}
[16.160180] (px4_msgs) StdoutLine: {'line': b'-- Up-to-date symlink: /home/giromi/Repos/VTOL/ws_sensor_combined_src/install/px4_msgs/include/px4_msgs/px4_msgs/msg/gpio_config.hpp\n'}
[16.160489] (px4_msgs) StdoutLine: {'line': b'-- Up-to-date symlink: /home/giromi/Repos/VTOL/ws_sensor_combined_src/install/px4_msgs/include/px4_msgs/px4_msgs/msg/gpio_in.hpp\n'}
[16.160754] (px4_msgs) StdoutLine: {'line': b'-- Up-to-date symlink: /home/giromi/Repos/VTOL/ws_sensor_combined_src/install/px4_msgs/include/px4_msgs/px4_msgs/msg/gpio_out.hpp\n'}
[16.161063] (px4_msgs) StdoutLine: {'line': b'-- Up-to-date symlink: /home/giromi/Repos/VTOL/ws_sensor_combined_src/install/px4_msgs/include/px4_msgs/px4_msgs/msg/gpio_request.hpp\n'}
[16.161364] (px4_msgs) StdoutLine: {'line': b'-- Up-to-date symlink: /home/giromi/Repos/VTOL/ws_sensor_combined_src/install/px4_msgs/include/px4_msgs/px4_msgs/msg/gps_dump.hpp\n'}
[16.161641] (px4_msgs) StdoutLine: {'line': b'-- Up-to-date symlink: /home/giromi/Repos/VTOL/ws_sensor_combined_src/install/px4_msgs/include/px4_msgs/px4_msgs/msg/gps_inject_data.hpp\n'}
[16.161909] (px4_msgs) StdoutLine: {'line': b'-- Up-to-date symlink: /home/giromi/Repos/VTOL/ws_sensor_combined_src/install/px4_msgs/include/px4_msgs/px4_msgs/msg/gripper.hpp\n'}
[16.162174] (px4_msgs) StdoutLine: {'line': b'-- Up-to-date symlink: /home/giromi/Repos/VTOL/ws_sensor_combined_src/install/px4_msgs/include/px4_msgs/px4_msgs/msg/health_report.hpp\n'}
[16.162487] (px4_msgs) StdoutLine: {'line': b'-- Up-to-date symlink: /home/giromi/Repos/VTOL/ws_sensor_combined_src/install/px4_msgs/include/px4_msgs/px4_msgs/msg/heater_status.hpp\n'}
[16.162797] (px4_msgs) StdoutLine: {'line': b'-- Up-to-date symlink: /home/giromi/Repos/VTOL/ws_sensor_combined_src/install/px4_msgs/include/px4_msgs/px4_msgs/msg/home_position.hpp\n'}
[16.163080] (px4_msgs) StdoutLine: {'line': b'-- Up-to-date symlink: /home/giromi/Repos/VTOL/ws_sensor_combined_src/install/px4_msgs/include/px4_msgs/px4_msgs/msg/hover_thrust_estimate.hpp\n'}
[16.163422] (px4_msgs) StdoutLine: {'line': b'-- Up-to-date symlink: /home/giromi/Repos/VTOL/ws_sensor_combined_src/install/px4_msgs/include/px4_msgs/px4_msgs/msg/input_rc.hpp\n'}
[16.163720] (px4_msgs) StdoutLine: {'line': b'-- Up-to-date symlink: /home/giromi/Repos/VTOL/ws_sensor_combined_src/install/px4_msgs/include/px4_msgs/px4_msgs/msg/internal_combustion_engine_status.hpp\n'}
[16.163992] (px4_msgs) StdoutLine: {'line': b'-- Up-to-date symlink: /home/giromi/Repos/VTOL/ws_sensor_combined_src/install/px4_msgs/include/px4_msgs/px4_msgs/msg/iridiumsbd_status.hpp\n'}
[16.164339] (px4_msgs) StdoutLine: {'line': b'-- Up-to-date symlink: /home/giromi/Repos/VTOL/ws_sensor_combined_src/install/px4_msgs/include/px4_msgs/px4_msgs/msg/irlock_report.hpp\n'}
[16.164595] (px4_msgs) StdoutLine: {'line': b'-- Up-to-date symlink: /home/giromi/Repos/VTOL/ws_sensor_combined_src/install/px4_msgs/include/px4_msgs/px4_msgs/msg/landing_gear.hpp\n'}
[16.164839] (px4_msgs) StdoutLine: {'line': b'-- Up-to-date symlink: /home/giromi/Repos/VTOL/ws_sensor_combined_src/install/px4_msgs/include/px4_msgs/px4_msgs/msg/landing_gear_wheel.hpp\n'}
[16.165154] (px4_msgs) StdoutLine: {'line': b'-- Up-to-date symlink: /home/giromi/Repos/VTOL/ws_sensor_combined_src/install/px4_msgs/include/px4_msgs/px4_msgs/msg/landing_target_innovations.hpp\n'}
[16.165450] (px4_msgs) StdoutLine: {'line': b'-- Up-to-date symlink: /home/giromi/Repos/VTOL/ws_sensor_combined_src/install/px4_msgs/include/px4_msgs/px4_msgs/msg/landing_target_pose.hpp\n'}
[16.165777] (px4_msgs) StdoutLine: {'line': b'-- Up-to-date symlink: /home/giromi/Repos/VTOL/ws_sensor_combined_src/install/px4_msgs/include/px4_msgs/px4_msgs/msg/launch_detection_status.hpp\n'}
[16.166080] (px4_msgs) StdoutLine: {'line': b'-- Up-to-date symlink: /home/giromi/Repos/VTOL/ws_sensor_combined_src/install/px4_msgs/include/px4_msgs/px4_msgs/msg/led_control.hpp\n'}
[16.166423] (px4_msgs) StdoutLine: {'line': b'-- Up-to-date symlink: /home/giromi/Repos/VTOL/ws_sensor_combined_src/install/px4_msgs/include/px4_msgs/px4_msgs/msg/log_message.hpp\n'}
[16.166682] (px4_msgs) StdoutLine: {'line': b'-- Up-to-date symlink: /home/giromi/Repos/VTOL/ws_sensor_combined_src/install/px4_msgs/include/px4_msgs/px4_msgs/msg/logger_status.hpp\n'}
[16.166963] (px4_msgs) StdoutLine: {'line': b'-- Up-to-date symlink: /home/giromi/Repos/VTOL/ws_sensor_combined_src/install/px4_msgs/include/px4_msgs/px4_msgs/msg/mag_worker_data.hpp\n'}
[16.167237] (px4_msgs) StdoutLine: {'line': b'-- Up-to-date symlink: /home/giromi/Repos/VTOL/ws_sensor_combined_src/install/px4_msgs/include/px4_msgs/px4_msgs/msg/magnetometer_bias_estimate.hpp\n'}
[16.167528] (px4_msgs) StdoutLine: {'line': b'-- Up-to-date symlink: /home/giromi/Repos/VTOL/ws_sensor_combined_src/install/px4_msgs/include/px4_msgs/px4_msgs/msg/manual_control_setpoint.hpp\n'}
[16.167859] (px4_msgs) StdoutLine: {'line': b'-- Up-to-date symlink: /home/giromi/Repos/VTOL/ws_sensor_combined_src/install/px4_msgs/include/px4_msgs/px4_msgs/msg/manual_control_switches.hpp\n'}
[16.168180] (px4_msgs) StdoutLine: {'line': b'-- Up-to-date symlink: /home/giromi/Repos/VTOL/ws_sensor_combined_src/install/px4_msgs/include/px4_msgs/px4_msgs/msg/mavlink_log.hpp\n'}
[16.168500] (px4_msgs) StdoutLine: {'line': b'-- Up-to-date symlink: /home/giromi/Repos/VTOL/ws_sensor_combined_src/install/px4_msgs/include/px4_msgs/px4_msgs/msg/mavlink_tunnel.hpp\n'}
[16.168789] (px4_msgs) StdoutLine: {'line': b'-- Up-to-date symlink: /home/giromi/Repos/VTOL/ws_sensor_combined_src/install/px4_msgs/include/px4_msgs/px4_msgs/msg/message_format_request.hpp\n'}
[16.169123] (px4_msgs) StdoutLine: {'line': b'-- Up-to-date symlink: /home/giromi/Repos/VTOL/ws_sensor_combined_src/install/px4_msgs/include/px4_msgs/px4_msgs/msg/message_format_response.hpp\n'}
[16.169398] (px4_msgs) StdoutLine: {'line': b'-- Up-to-date symlink: /home/giromi/Repos/VTOL/ws_sensor_combined_src/install/px4_msgs/include/px4_msgs/px4_msgs/msg/mission.hpp\n'}
[16.169686] (px4_msgs) StdoutLine: {'line': b'-- Up-to-date symlink: /home/giromi/Repos/VTOL/ws_sensor_combined_src/install/px4_msgs/include/px4_msgs/px4_msgs/msg/mission_result.hpp\n'}
[16.169939] (px4_msgs) StdoutLine: {'line': b'-- Up-to-date symlink: /home/giromi/Repos/VTOL/ws_sensor_combined_src/install/px4_msgs/include/px4_msgs/px4_msgs/msg/mode_completed.hpp\n'}
[16.170213] (px4_msgs) StdoutLine: {'line': b'-- Up-to-date symlink: /home/giromi/Repos/VTOL/ws_sensor_combined_src/install/px4_msgs/include/px4_msgs/px4_msgs/msg/mount_orientation.hpp\n'}
[16.170486] (px4_msgs) StdoutLine: {'line': b'-- Up-to-date symlink: /home/giromi/Repos/VTOL/ws_sensor_combined_src/install/px4_msgs/include/px4_msgs/px4_msgs/msg/navigator_mission_item.hpp\n'}
[16.170809] (px4_msgs) StdoutLine: {'line': b'-- Up-to-date symlink: /home/giromi/Repos/VTOL/ws_sensor_combined_src/install/px4_msgs/include/px4_msgs/px4_msgs/msg/normalized_unsigned_setpoint.hpp\n'}
[16.171145] (px4_msgs) StdoutLine: {'line': b'-- Up-to-date symlink: /home/giromi/Repos/VTOL/ws_sensor_combined_src/install/px4_msgs/include/px4_msgs/px4_msgs/msg/npfg_status.hpp\n'}
[16.171411] (px4_msgs) StdoutLine: {'line': b'-- Up-to-date symlink: /home/giromi/Repos/VTOL/ws_sensor_combined_src/install/px4_msgs/include/px4_msgs/px4_msgs/msg/obstacle_distance.hpp\n'}
[16.171680] (px4_msgs) StdoutLine: {'line': b'-- Up-to-date symlink: /home/giromi/Repos/VTOL/ws_sensor_combined_src/install/px4_msgs/include/px4_msgs/px4_msgs/msg/offboard_control_mode.hpp\n'}
[16.171987] (px4_msgs) StdoutLine: {'line': b'-- Up-to-date symlink: /home/giromi/Repos/VTOL/ws_sensor_combined_src/install/px4_msgs/include/px4_msgs/px4_msgs/msg/onboard_computer_status.hpp\n'}
[16.172275] (px4_msgs) StdoutLine: {'line': b'-- Up-to-date symlink: /home/giromi/Repos/VTOL/ws_sensor_combined_src/install/px4_msgs/include/px4_msgs/px4_msgs/msg/orb_test.hpp\n'}
[16.172553] (px4_msgs) StdoutLine: {'line': b'-- Up-to-date symlink: /home/giromi/Repos/VTOL/ws_sensor_combined_src/install/px4_msgs/include/px4_msgs/px4_msgs/msg/orb_test_large.hpp\n'}
[16.172810] (px4_msgs) StdoutLine: {'line': b'-- Up-to-date symlink: /home/giromi/Repos/VTOL/ws_sensor_combined_src/install/px4_msgs/include/px4_msgs/px4_msgs/msg/orb_test_medium.hpp\n'}
[16.173141] (px4_msgs) StdoutLine: {'line': b'-- Up-to-date symlink: /home/giromi/Repos/VTOL/ws_sensor_combined_src/install/px4_msgs/include/px4_msgs/px4_msgs/msg/orbit_status.hpp\n'}
[16.173358] (px4_msgs) StdoutLine: {'line': b'-- Up-to-date symlink: /home/giromi/Repos/VTOL/ws_sensor_combined_src/install/px4_msgs/include/px4_msgs/px4_msgs/msg/parameter_update.hpp\n'}
[16.173617] (px4_msgs) StdoutLine: {'line': b'-- Up-to-date symlink: /home/giromi/Repos/VTOL/ws_sensor_combined_src/install/px4_msgs/include/px4_msgs/px4_msgs/msg/ping.hpp\n'}
[16.173900] (px4_msgs) StdoutLine: {'line': b'-- Up-to-date symlink: /home/giromi/Repos/VTOL/ws_sensor_combined_src/install/px4_msgs/include/px4_msgs/px4_msgs/msg/position_controller_landing_status.hpp\n'}
[16.174226] (px4_msgs) StdoutLine: {'line': b'-- Up-to-date symlink: /home/giromi/Repos/VTOL/ws_sensor_combined_src/install/px4_msgs/include/px4_msgs/px4_msgs/msg/position_controller_status.hpp\n'}
[16.174551] (px4_msgs) StdoutLine: {'line': b'-- Up-to-date symlink: /home/giromi/Repos/VTOL/ws_sensor_combined_src/install/px4_msgs/include/px4_msgs/px4_msgs/msg/position_setpoint.hpp\n'}
[16.174880] (px4_msgs) StdoutLine: {'line': b'-- Up-to-date symlink: /home/giromi/Repos/VTOL/ws_sensor_combined_src/install/px4_msgs/include/px4_msgs/px4_msgs/msg/position_setpoint_triplet.hpp\n'}
[16.175155] (px4_msgs) StdoutLine: {'line': b'-- Up-to-date symlink: /home/giromi/Repos/VTOL/ws_sensor_combined_src/install/px4_msgs/include/px4_msgs/px4_msgs/msg/power_button_state.hpp\n'}
[16.175442] (px4_msgs) StdoutLine: {'line': b'-- Up-to-date symlink: /home/giromi/Repos/VTOL/ws_sensor_combined_src/install/px4_msgs/include/px4_msgs/px4_msgs/msg/power_monitor.hpp\n'}
[16.175764] (px4_msgs) StdoutLine: {'line': b'-- Up-to-date symlink: /home/giromi/Repos/VTOL/ws_sensor_combined_src/install/px4_msgs/include/px4_msgs/px4_msgs/msg/pps_capture.hpp\n'}
[16.176039] (px4_msgs) StdoutLine: {'line': b'-- Up-to-date symlink: /home/giromi/Repos/VTOL/ws_sensor_combined_src/install/px4_msgs/include/px4_msgs/px4_msgs/msg/pwm_input.hpp\n'}
[16.176293] (px4_msgs) StdoutLine: {'line': b'-- Up-to-date symlink: /home/giromi/Repos/VTOL/ws_sensor_combined_src/install/px4_msgs/include/px4_msgs/px4_msgs/msg/px4io_status.hpp\n'}
[16.176608] (px4_msgs) StdoutLine: {'line': b'-- Up-to-date symlink: /home/giromi/Repos/VTOL/ws_sensor_combined_src/install/px4_msgs/include/px4_msgs/px4_msgs/msg/qshell_req.hpp\n'}
[16.176861] (px4_msgs) StdoutLine: {'line': b'-- Up-to-date symlink: /home/giromi/Repos/VTOL/ws_sensor_combined_src/install/px4_msgs/include/px4_msgs/px4_msgs/msg/qshell_retval.hpp\n'}
[16.177205] (px4_msgs) StdoutLine: {'line': b'-- Up-to-date symlink: /home/giromi/Repos/VTOL/ws_sensor_combined_src/install/px4_msgs/include/px4_msgs/px4_msgs/msg/radio_status.hpp\n'}
[16.177467] (px4_msgs) StdoutLine: {'line': b'-- Up-to-date symlink: /home/giromi/Repos/VTOL/ws_sensor_combined_src/install/px4_msgs/include/px4_msgs/px4_msgs/msg/rate_ctrl_status.hpp\n'}
[16.177749] (px4_msgs) StdoutLine: {'line': b'-- Up-to-date symlink: /home/giromi/Repos/VTOL/ws_sensor_combined_src/install/px4_msgs/include/px4_msgs/px4_msgs/msg/rc_channels.hpp\n'}
[16.178018] (px4_msgs) StdoutLine: {'line': b'-- Up-to-date symlink: /home/giromi/Repos/VTOL/ws_sensor_combined_src/install/px4_msgs/include/px4_msgs/px4_msgs/msg/rc_parameter_map.hpp\n'}
[16.178291] (px4_msgs) StdoutLine: {'line': b'-- Up-to-date symlink: /home/giromi/Repos/VTOL/ws_sensor_combined_src/install/px4_msgs/include/px4_msgs/px4_msgs/msg/register_ext_component_reply.hpp\n'}
[16.178541] (px4_msgs) StdoutLine: {'line': b'-- Up-to-date symlink: /home/giromi/Repos/VTOL/ws_sensor_combined_src/install/px4_msgs/include/px4_msgs/px4_msgs/msg/register_ext_component_request.hpp\n'}
[16.178816] (px4_msgs) StdoutLine: {'line': b'-- Up-to-date symlink: /home/giromi/Repos/VTOL/ws_sensor_combined_src/install/px4_msgs/include/px4_msgs/px4_msgs/msg/rpm.hpp\n'}
[16.179123] (px4_msgs) StdoutLine: {'line': b'-- Up-to-date symlink: /home/giromi/Repos/VTOL/ws_sensor_combined_src/install/px4_msgs/include/px4_msgs/px4_msgs/msg/rtl_time_estimate.hpp\n'}
[16.179391] (px4_msgs) StdoutLine: {'line': b'-- Up-to-date symlink: /home/giromi/Repos/VTOL/ws_sensor_combined_src/install/px4_msgs/include/px4_msgs/px4_msgs/msg/satellite_info.hpp\n'}
[16.179752] (px4_msgs) StdoutLine: {'line': b'-- Up-to-date symlink: /home/giromi/Repos/VTOL/ws_sensor_combined_src/install/px4_msgs/include/px4_msgs/px4_msgs/msg/sensor_accel.hpp\n'}
[16.180056] (px4_msgs) StdoutLine: {'line': b'-- Up-to-date symlink: /home/giromi/Repos/VTOL/ws_sensor_combined_src/install/px4_msgs/include/px4_msgs/px4_msgs/msg/sensor_accel_fifo.hpp\n'}
[16.180362] (px4_msgs) StdoutLine: {'line': b'-- Up-to-date symlink: /home/giromi/Repos/VTOL/ws_sensor_combined_src/install/px4_msgs/include/px4_msgs/px4_msgs/msg/sensor_airflow.hpp\n'}
[16.180634] (px4_msgs) StdoutLine: {'line': b'-- Up-to-date symlink: /home/giromi/Repos/VTOL/ws_sensor_combined_src/install/px4_msgs/include/px4_msgs/px4_msgs/msg/sensor_baro.hpp\n'}
[16.180810] (px4_msgs) StdoutLine: {'line': b'-- Up-to-date symlink: /home/giromi/Repos/VTOL/ws_sensor_combined_src/install/px4_msgs/include/px4_msgs/px4_msgs/msg/sensor_combined.hpp\n'}
[16.181120] (px4_msgs) StdoutLine: {'line': b'-- Up-to-date symlink: /home/giromi/Repos/VTOL/ws_sensor_combined_src/install/px4_msgs/include/px4_msgs/px4_msgs/msg/sensor_correction.hpp\n'}
[16.181396] (px4_msgs) StdoutLine: {'line': b'-- Up-to-date symlink: /home/giromi/Repos/VTOL/ws_sensor_combined_src/install/px4_msgs/include/px4_msgs/px4_msgs/msg/sensor_gnss_relative.hpp\n'}
[16.181589] (px4_msgs) StdoutLine: {'line': b'-- Up-to-date symlink: /home/giromi/Repos/VTOL/ws_sensor_combined_src/install/px4_msgs/include/px4_msgs/px4_msgs/msg/sensor_gps.hpp\n'}
[16.181854] (px4_msgs) StdoutLine: {'line': b'-- Up-to-date symlink: /home/giromi/Repos/VTOL/ws_sensor_combined_src/install/px4_msgs/include/px4_msgs/px4_msgs/msg/sensor_gyro.hpp\n'}
[16.182132] (px4_msgs) StdoutLine: {'line': b'-- Up-to-date symlink: /home/giromi/Repos/VTOL/ws_sensor_combined_src/install/px4_msgs/include/px4_msgs/px4_msgs/msg/sensor_gyro_fft.hpp\n'}
[16.182383] (px4_msgs) StdoutLine: {'line': b'-- Up-to-date symlink: /home/giromi/Repos/VTOL/ws_sensor_combined_src/install/px4_msgs/include/px4_msgs/px4_msgs/msg/sensor_gyro_fifo.hpp\n'}
[16.182652] (px4_msgs) StdoutLine: {'line': b'-- Up-to-date symlink: /home/giromi/Repos/VTOL/ws_sensor_combined_src/install/px4_msgs/include/px4_msgs/px4_msgs/msg/sensor_hygrometer.hpp\n'}
[16.182946] (px4_msgs) StdoutLine: {'line': b'-- Up-to-date symlink: /home/giromi/Repos/VTOL/ws_sensor_combined_src/install/px4_msgs/include/px4_msgs/px4_msgs/msg/sensor_mag.hpp\n'}
[16.183216] (px4_msgs) StdoutLine: {'line': b'-- Up-to-date symlink: /home/giromi/Repos/VTOL/ws_sensor_combined_src/install/px4_msgs/include/px4_msgs/px4_msgs/msg/sensor_optical_flow.hpp\n'}
[16.183564] (px4_msgs) StdoutLine: {'line': b'-- Up-to-date symlink: /home/giromi/Repos/VTOL/ws_sensor_combined_src/install/px4_msgs/include/px4_msgs/px4_msgs/msg/sensor_preflight_mag.hpp\n'}
[16.183892] (px4_msgs) StdoutLine: {'line': b'-- Up-to-date symlink: /home/giromi/Repos/VTOL/ws_sensor_combined_src/install/px4_msgs/include/px4_msgs/px4_msgs/msg/sensor_selection.hpp\n'}
[16.184201] (px4_msgs) StdoutLine: {'line': b'-- Up-to-date symlink: /home/giromi/Repos/VTOL/ws_sensor_combined_src/install/px4_msgs/include/px4_msgs/px4_msgs/msg/sensor_uwb.hpp\n'}
[16.184470] (px4_msgs) StdoutLine: {'line': b'-- Up-to-date symlink: /home/giromi/Repos/VTOL/ws_sensor_combined_src/install/px4_msgs/include/px4_msgs/px4_msgs/msg/sensors_status.hpp\n'}
[16.184761] (px4_msgs) StdoutLine: {'line': b'-- Up-to-date symlink: /home/giromi/Repos/VTOL/ws_sensor_combined_src/install/px4_msgs/include/px4_msgs/px4_msgs/msg/sensors_status_imu.hpp\n'}
[16.185147] (px4_msgs) StdoutLine: {'line': b'-- Up-to-date symlink: /home/giromi/Repos/VTOL/ws_sensor_combined_src/install/px4_msgs/include/px4_msgs/px4_msgs/msg/system_power.hpp\n'}
[16.185416] (px4_msgs) StdoutLine: {'line': b'-- Up-to-date symlink: /home/giromi/Repos/VTOL/ws_sensor_combined_src/install/px4_msgs/include/px4_msgs/px4_msgs/msg/takeoff_status.hpp\n'}
[16.185684] (px4_msgs) StdoutLine: {'line': b'-- Up-to-date symlink: /home/giromi/Repos/VTOL/ws_sensor_combined_src/install/px4_msgs/include/px4_msgs/px4_msgs/msg/task_stack_info.hpp\n'}
[16.185972] (px4_msgs) StdoutLine: {'line': b'-- Up-to-date symlink: /home/giromi/Repos/VTOL/ws_sensor_combined_src/install/px4_msgs/include/px4_msgs/px4_msgs/msg/tecs_status.hpp\n'}
[16.186244] (px4_msgs) StdoutLine: {'line': b'-- Up-to-date symlink: /home/giromi/Repos/VTOL/ws_sensor_combined_src/install/px4_msgs/include/px4_msgs/px4_msgs/msg/telemetry_status.hpp\n'}
[16.186540] (px4_msgs) StdoutLine: {'line': b'-- Up-to-date symlink: /home/giromi/Repos/VTOL/ws_sensor_combined_src/install/px4_msgs/include/px4_msgs/px4_msgs/msg/tiltrotor_extra_controls.hpp\n'}
[16.186803] (px4_msgs) StdoutLine: {'line': b'-- Up-to-date symlink: /home/giromi/Repos/VTOL/ws_sensor_combined_src/install/px4_msgs/include/px4_msgs/px4_msgs/msg/timesync_status.hpp\n'}
[16.187051] (px4_msgs) StdoutLine: {'line': b'-- Up-to-date symlink: /home/giromi/Repos/VTOL/ws_sensor_combined_src/install/px4_msgs/include/px4_msgs/px4_msgs/msg/trajectory_bezier.hpp\n'}
[16.187241] (px4_msgs) StdoutLine: {'line': b'-- Up-to-date symlink: /home/giromi/Repos/VTOL/ws_sensor_combined_src/install/px4_msgs/include/px4_msgs/px4_msgs/msg/trajectory_setpoint.hpp\n'}
[16.187540] (px4_msgs) StdoutLine: {'line': b'-- Up-to-date symlink: /home/giromi/Repos/VTOL/ws_sensor_combined_src/install/px4_msgs/include/px4_msgs/px4_msgs/msg/trajectory_waypoint.hpp\n'}
[16.187892] (px4_msgs) StdoutLine: {'line': b'-- Up-to-date symlink: /home/giromi/Repos/VTOL/ws_sensor_combined_src/install/px4_msgs/include/px4_msgs/px4_msgs/msg/transponder_report.hpp\n'}
[16.188221] (px4_msgs) StdoutLine: {'line': b'-- Up-to-date symlink: /home/giromi/Repos/VTOL/ws_sensor_combined_src/install/px4_msgs/include/px4_msgs/px4_msgs/msg/tune_control.hpp\n'}
[16.188493] (px4_msgs) StdoutLine: {'line': b'-- Up-to-date symlink: /home/giromi/Repos/VTOL/ws_sensor_combined_src/install/px4_msgs/include/px4_msgs/px4_msgs/msg/uavcan_parameter_request.hpp\n'}
[16.188754] (px4_msgs) StdoutLine: {'line': b'-- Up-to-date symlink: /home/giromi/Repos/VTOL/ws_sensor_combined_src/install/px4_msgs/include/px4_msgs/px4_msgs/msg/uavcan_parameter_value.hpp\n'}
[16.189074] (px4_msgs) StdoutLine: {'line': b'-- Up-to-date symlink: /home/giromi/Repos/VTOL/ws_sensor_combined_src/install/px4_msgs/include/px4_msgs/px4_msgs/msg/ulog_stream.hpp\n'}
[16.189345] (px4_msgs) StdoutLine: {'line': b'-- Up-to-date symlink: /home/giromi/Repos/VTOL/ws_sensor_combined_src/install/px4_msgs/include/px4_msgs/px4_msgs/msg/ulog_stream_ack.hpp\n'}
[16.189621] (px4_msgs) StdoutLine: {'line': b'-- Up-to-date symlink: /home/giromi/Repos/VTOL/ws_sensor_combined_src/install/px4_msgs/include/px4_msgs/px4_msgs/msg/unregister_ext_component.hpp\n'}
[16.189894] (px4_msgs) StdoutLine: {'line': b'-- Up-to-date symlink: /home/giromi/Repos/VTOL/ws_sensor_combined_src/install/px4_msgs/include/px4_msgs/px4_msgs/msg/vehicle_acceleration.hpp\n'}
[16.190164] (px4_msgs) StdoutLine: {'line': b'-- Up-to-date symlink: /home/giromi/Repos/VTOL/ws_sensor_combined_src/install/px4_msgs/include/px4_msgs/px4_msgs/msg/vehicle_air_data.hpp\n'}
[16.190453] (px4_msgs) StdoutLine: {'line': b'-- Up-to-date symlink: /home/giromi/Repos/VTOL/ws_sensor_combined_src/install/px4_msgs/include/px4_msgs/px4_msgs/msg/vehicle_angular_acceleration_setpoint.hpp\n'}
[16.190733] (px4_msgs) StdoutLine: {'line': b'-- Up-to-date symlink: /home/giromi/Repos/VTOL/ws_sensor_combined_src/install/px4_msgs/include/px4_msgs/px4_msgs/msg/vehicle_angular_velocity.hpp\n'}
[16.191054] (px4_msgs) StdoutLine: {'line': b'-- Up-to-date symlink: /home/giromi/Repos/VTOL/ws_sensor_combined_src/install/px4_msgs/include/px4_msgs/px4_msgs/msg/vehicle_attitude.hpp\n'}
[16.191382] (px4_msgs) StdoutLine: {'line': b'-- Up-to-date symlink: /home/giromi/Repos/VTOL/ws_sensor_combined_src/install/px4_msgs/include/px4_msgs/px4_msgs/msg/vehicle_attitude_setpoint.hpp\n'}
[16.191626] (px4_msgs) StdoutLine: {'line': b'-- Up-to-date symlink: /home/giromi/Repos/VTOL/ws_sensor_combined_src/install/px4_msgs/include/px4_msgs/px4_msgs/msg/vehicle_command.hpp\n'}
[16.191955] (px4_msgs) StdoutLine: {'line': b'-- Up-to-date symlink: /home/giromi/Repos/VTOL/ws_sensor_combined_src/install/px4_msgs/include/px4_msgs/px4_msgs/msg/vehicle_command_ack.hpp\n'}
[16.192244] (px4_msgs) StdoutLine: {'line': b'-- Up-to-date symlink: /home/giromi/Repos/VTOL/ws_sensor_combined_src/install/px4_msgs/include/px4_msgs/px4_msgs/msg/vehicle_constraints.hpp\n'}
[16.192421] (px4_msgs) StdoutLine: {'line': b'-- Up-to-date symlink: /home/giromi/Repos/VTOL/ws_sensor_combined_src/install/px4_msgs/include/px4_msgs/px4_msgs/msg/vehicle_control_mode.hpp\n'}
[16.192693] (px4_msgs) StdoutLine: {'line': b'-- Up-to-date symlink: /home/giromi/Repos/VTOL/ws_sensor_combined_src/install/px4_msgs/include/px4_msgs/px4_msgs/msg/vehicle_global_position.hpp\n'}
[16.192957] (px4_msgs) StdoutLine: {'line': b'-- Up-to-date symlink: /home/giromi/Repos/VTOL/ws_sensor_combined_src/install/px4_msgs/include/px4_msgs/px4_msgs/msg/vehicle_imu.hpp\n'}
[16.193308] (px4_msgs) StdoutLine: {'line': b'-- Up-to-date symlink: /home/giromi/Repos/VTOL/ws_sensor_combined_src/install/px4_msgs/include/px4_msgs/px4_msgs/msg/vehicle_imu_status.hpp\n'}
[16.193589] (px4_msgs) StdoutLine: {'line': b'-- Up-to-date symlink: /home/giromi/Repos/VTOL/ws_sensor_combined_src/install/px4_msgs/include/px4_msgs/px4_msgs/msg/vehicle_land_detected.hpp\n'}
[16.193781] (px4_msgs) StdoutLine: {'line': b'-- Up-to-date symlink: /home/giromi/Repos/VTOL/ws_sensor_combined_src/install/px4_msgs/include/px4_msgs/px4_msgs/msg/vehicle_local_position.hpp\n'}
[16.194059] (px4_msgs) StdoutLine: {'line': b'-- Up-to-date symlink: /home/giromi/Repos/VTOL/ws_sensor_combined_src/install/px4_msgs/include/px4_msgs/px4_msgs/msg/vehicle_local_position_setpoint.hpp\n'}
[16.194336] (px4_msgs) StdoutLine: {'line': b'-- Up-to-date symlink: /home/giromi/Repos/VTOL/ws_sensor_combined_src/install/px4_msgs/include/px4_msgs/px4_msgs/msg/vehicle_magnetometer.hpp\n'}
[16.194613] (px4_msgs) StdoutLine: {'line': b'-- Up-to-date symlink: /home/giromi/Repos/VTOL/ws_sensor_combined_src/install/px4_msgs/include/px4_msgs/px4_msgs/msg/vehicle_odometry.hpp\n'}
[16.194883] (px4_msgs) StdoutLine: {'line': b'-- Up-to-date symlink: /home/giromi/Repos/VTOL/ws_sensor_combined_src/install/px4_msgs/include/px4_msgs/px4_msgs/msg/vehicle_optical_flow.hpp\n'}
[16.195155] (px4_msgs) StdoutLine: {'line': b'-- Up-to-date symlink: /home/giromi/Repos/VTOL/ws_sensor_combined_src/install/px4_msgs/include/px4_msgs/px4_msgs/msg/vehicle_optical_flow_vel.hpp\n'}
[16.195426] (px4_msgs) StdoutLine: {'line': b'-- Up-to-date symlink: /home/giromi/Repos/VTOL/ws_sensor_combined_src/install/px4_msgs/include/px4_msgs/px4_msgs/msg/vehicle_rates_setpoint.hpp\n'}
[16.195760] (px4_msgs) StdoutLine: {'line': b'-- Up-to-date symlink: /home/giromi/Repos/VTOL/ws_sensor_combined_src/install/px4_msgs/include/px4_msgs/px4_msgs/msg/vehicle_roi.hpp\n'}
[16.196054] (px4_msgs) StdoutLine: {'line': b'-- Up-to-date symlink: /home/giromi/Repos/VTOL/ws_sensor_combined_src/install/px4_msgs/include/px4_msgs/px4_msgs/msg/vehicle_status.hpp\n'}
[16.196379] (px4_msgs) StdoutLine: {'line': b'-- Up-to-date symlink: /home/giromi/Repos/VTOL/ws_sensor_combined_src/install/px4_msgs/include/px4_msgs/px4_msgs/msg/vehicle_thrust_setpoint.hpp\n'}
[16.196708] (px4_msgs) StdoutLine: {'line': b'-- Up-to-date symlink: /home/giromi/Repos/VTOL/ws_sensor_combined_src/install/px4_msgs/include/px4_msgs/px4_msgs/msg/vehicle_torque_setpoint.hpp\n'}
[16.197085] (px4_msgs) StdoutLine: {'line': b'-- Up-to-date symlink: /home/giromi/Repos/VTOL/ws_sensor_combined_src/install/px4_msgs/include/px4_msgs/px4_msgs/msg/vehicle_trajectory_bezier.hpp\n'}
[16.197346] (px4_msgs) StdoutLine: {'line': b'-- Up-to-date symlink: /home/giromi/Repos/VTOL/ws_sensor_combined_src/install/px4_msgs/include/px4_msgs/px4_msgs/msg/vehicle_trajectory_waypoint.hpp\n'}
[16.197622] (px4_msgs) StdoutLine: {'line': b'-- Up-to-date symlink: /home/giromi/Repos/VTOL/ws_sensor_combined_src/install/px4_msgs/include/px4_msgs/px4_msgs/msg/velocity_limits.hpp\n'}
[16.197893] (px4_msgs) StdoutLine: {'line': b'-- Up-to-date symlink: /home/giromi/Repos/VTOL/ws_sensor_combined_src/install/px4_msgs/include/px4_msgs/px4_msgs/msg/vtol_vehicle_status.hpp\n'}
[16.198170] (px4_msgs) StdoutLine: {'line': b'-- Up-to-date symlink: /home/giromi/Repos/VTOL/ws_sensor_combined_src/install/px4_msgs/include/px4_msgs/px4_msgs/msg/wheel_encoders.hpp\n'}
[16.198430] (px4_msgs) StdoutLine: {'line': b'-- Up-to-date symlink: /home/giromi/Repos/VTOL/ws_sensor_combined_src/install/px4_msgs/include/px4_msgs/px4_msgs/msg/wind.hpp\n'}
[16.198727] (px4_msgs) StdoutLine: {'line': b'-- Up-to-date symlink: /home/giromi/Repos/VTOL/ws_sensor_combined_src/install/px4_msgs/include/px4_msgs/px4_msgs/msg/yaw_estimator_status.hpp\n'}
[16.199069] (px4_msgs) StdoutLine: {'line': b'-- Up-to-date symlink: /home/giromi/Repos/VTOL/ws_sensor_combined_src/install/px4_msgs/include/px4_msgs/px4_msgs/srv/detail/vehicle_command__builder.hpp\n'}
[16.199413] (px4_msgs) StdoutLine: {'line': b'-- Up-to-date symlink: /home/giromi/Repos/VTOL/ws_sensor_combined_src/install/px4_msgs/include/px4_msgs/px4_msgs/srv/detail/vehicle_command__struct.hpp\n'}
[16.199866] (px4_msgs) StdoutLine: {'line': b'-- Up-to-date symlink: /home/giromi/Repos/VTOL/ws_sensor_combined_src/install/px4_msgs/include/px4_msgs/px4_msgs/srv/detail/vehicle_command__traits.hpp\n'}
[16.200126] (px4_msgs) StdoutLine: {'line': b'-- Up-to-date symlink: /home/giromi/Repos/VTOL/ws_sensor_combined_src/install/px4_msgs/include/px4_msgs/px4_msgs/srv/vehicle_command.hpp\n'}
[16.207468] (px4_msgs) StdoutLine: {'line': b'-- Up-to-date symlink: /home/giromi/Repos/VTOL/ws_sensor_combined_src/install/px4_msgs/include/px4_msgs/px4_msgs/msg/detail/action_request__rosidl_typesupport_fastrtps_cpp.hpp\n'}
[16.207759] (px4_msgs) StdoutLine: {'line': b'-- Up-to-date symlink: /home/giromi/Repos/VTOL/ws_sensor_combined_src/install/px4_msgs/include/px4_msgs/px4_msgs/msg/detail/actuator_armed__rosidl_typesupport_fastrtps_cpp.hpp\n'}
[16.208042] (px4_msgs) StdoutLine: {'line': b'-- Up-to-date symlink: /home/giromi/Repos/VTOL/ws_sensor_combined_src/install/px4_msgs/include/px4_msgs/px4_msgs/msg/detail/actuator_controls_status__rosidl_typesupport_fastrtps_cpp.hpp\n'}
[16.208336] (px4_msgs) StdoutLine: {'line': b'-- Up-to-date symlink: /home/giromi/Repos/VTOL/ws_sensor_combined_src/install/px4_msgs/include/px4_msgs/px4_msgs/msg/detail/actuator_motors__rosidl_typesupport_fastrtps_cpp.hpp\n'}
[16.208618] (px4_msgs) StdoutLine: {'line': b'-- Up-to-date symlink: /home/giromi/Repos/VTOL/ws_sensor_combined_src/install/px4_msgs/include/px4_msgs/px4_msgs/msg/detail/actuator_outputs__rosidl_typesupport_fastrtps_cpp.hpp\n'}
[16.208894] (px4_msgs) StdoutLine: {'line': b'-- Up-to-date symlink: /home/giromi/Repos/VTOL/ws_sensor_combined_src/install/px4_msgs/include/px4_msgs/px4_msgs/msg/detail/actuator_servos__rosidl_typesupport_fastrtps_cpp.hpp\n'}
[16.209177] (px4_msgs) StdoutLine: {'line': b'-- Up-to-date symlink: /home/giromi/Repos/VTOL/ws_sensor_combined_src/install/px4_msgs/include/px4_msgs/px4_msgs/msg/detail/actuator_servos_trim__rosidl_typesupport_fastrtps_cpp.hpp\n'}
[16.209455] (px4_msgs) StdoutLine: {'line': b'-- Up-to-date symlink: /home/giromi/Repos/VTOL/ws_sensor_combined_src/install/px4_msgs/include/px4_msgs/px4_msgs/msg/detail/actuator_test__rosidl_typesupport_fastrtps_cpp.hpp\n'}
[16.209743] (px4_msgs) StdoutLine: {'line': b'-- Up-to-date symlink: /home/giromi/Repos/VTOL/ws_sensor_combined_src/install/px4_msgs/include/px4_msgs/px4_msgs/msg/detail/adc_report__rosidl_typesupport_fastrtps_cpp.hpp\n'}
[16.210053] (px4_msgs) StdoutLine: {'line': b'-- Up-to-date symlink: /home/giromi/Repos/VTOL/ws_sensor_combined_src/install/px4_msgs/include/px4_msgs/px4_msgs/msg/detail/airspeed__rosidl_typesupport_fastrtps_cpp.hpp\n'}
[16.210393] (px4_msgs) StdoutLine: {'line': b'-- Up-to-date symlink: /home/giromi/Repos/VTOL/ws_sensor_combined_src/install/px4_msgs/include/px4_msgs/px4_msgs/msg/detail/airspeed_validated__rosidl_typesupport_fastrtps_cpp.hpp\n'}
[16.210643] (px4_msgs) StdoutLine: {'line': b'-- Up-to-date symlink: /home/giromi/Repos/VTOL/ws_sensor_combined_src/install/px4_msgs/include/px4_msgs/px4_msgs/msg/detail/airspeed_wind__rosidl_typesupport_fastrtps_cpp.hpp\n'}
[16.211061] (px4_msgs) StdoutLine: {'line': b'-- Up-to-date symlink: /home/giromi/Repos/VTOL/ws_sensor_combined_src/install/px4_msgs/include/px4_msgs/px4_msgs/msg/detail/arming_check_reply__rosidl_typesupport_fastrtps_cpp.hpp\n'}
[16.211330] (px4_msgs) StdoutLine: {'line': b'-- Up-to-date symlink: /home/giromi/Repos/VTOL/ws_sensor_combined_src/install/px4_msgs/include/px4_msgs/px4_msgs/msg/detail/arming_check_request__rosidl_typesupport_fastrtps_cpp.hpp\n'}
[16.211670] (px4_msgs) StdoutLine: {'line': b'-- Up-to-date symlink: /home/giromi/Repos/VTOL/ws_sensor_combined_src/install/px4_msgs/include/px4_msgs/px4_msgs/msg/detail/autotune_attitude_control_status__rosidl_typesupport_fastrtps_cpp.hpp\n'}
[16.212040] (px4_msgs) StdoutLine: {'line': b'-- Up-to-date symlink: /home/giromi/Repos/VTOL/ws_sensor_combined_src/install/px4_msgs/include/px4_msgs/px4_msgs/msg/detail/battery_status__rosidl_typesupport_fastrtps_cpp.hpp\n'}
[16.212379] (px4_msgs) StdoutLine: {'line': b'-- Up-to-date symlink: /home/giromi/Repos/VTOL/ws_sensor_combined_src/install/px4_msgs/include/px4_msgs/px4_msgs/msg/detail/buffer128__rosidl_typesupport_fastrtps_cpp.hpp\n'}
[16.212685] (px4_msgs) StdoutLine: {'line': b'-- Up-to-date symlink: /home/giromi/Repos/VTOL/ws_sensor_combined_src/install/px4_msgs/include/px4_msgs/px4_msgs/msg/detail/button_event__rosidl_typesupport_fastrtps_cpp.hpp\n'}
[16.212977] (px4_msgs) StdoutLine: {'line': b'-- Up-to-date symlink: /home/giromi/Repos/VTOL/ws_sensor_combined_src/install/px4_msgs/include/px4_msgs/px4_msgs/msg/detail/camera_capture__rosidl_typesupport_fastrtps_cpp.hpp\n'}
[16.213360] (px4_msgs) StdoutLine: {'line': b'-- Up-to-date symlink: /home/giromi/Repos/VTOL/ws_sensor_combined_src/install/px4_msgs/include/px4_msgs/px4_msgs/msg/detail/camera_status__rosidl_typesupport_fastrtps_cpp.hpp\n'}
[16.213635] (px4_msgs) StdoutLine: {'line': b'-- Up-to-date symlink: /home/giromi/Repos/VTOL/ws_sensor_combined_src/install/px4_msgs/include/px4_msgs/px4_msgs/msg/detail/camera_trigger__rosidl_typesupport_fastrtps_cpp.hpp\n'}
[16.213890] (px4_msgs) StdoutLine: {'line': b'-- Up-to-date symlink: /home/giromi/Repos/VTOL/ws_sensor_combined_src/install/px4_msgs/include/px4_msgs/px4_msgs/msg/detail/cellular_status__rosidl_typesupport_fastrtps_cpp.hpp\n'}
[16.214216] (px4_msgs) StdoutLine: {'line': b'-- Up-to-date symlink: /home/giromi/Repos/VTOL/ws_sensor_combined_src/install/px4_msgs/include/px4_msgs/px4_msgs/msg/detail/collision_constraints__rosidl_typesupport_fastrtps_cpp.hpp\n'}
[16.214586] (px4_msgs) StdoutLine: {'line': b'-- Up-to-date symlink: /home/giromi/Repos/VTOL/ws_sensor_combined_src/install/px4_msgs/include/px4_msgs/px4_msgs/msg/detail/collision_report__rosidl_typesupport_fastrtps_cpp.hpp\n'}
[16.214955] (px4_msgs) StdoutLine: {'line': b'-- Up-to-date symlink: /home/giromi/Repos/VTOL/ws_sensor_combined_src/install/px4_msgs/include/px4_msgs/px4_msgs/msg/detail/config_overrides__rosidl_typesupport_fastrtps_cpp.hpp\n'}
[16.215420] (px4_msgs) StdoutLine: {'line': b'-- Up-to-date symlink: /home/giromi/Repos/VTOL/ws_sensor_combined_src/install/px4_msgs/include/px4_msgs/px4_msgs/msg/detail/control_allocator_status__rosidl_typesupport_fastrtps_cpp.hpp\n'}
[16.215865] (px4_msgs) StdoutLine: {'line': b'-- Up-to-date symlink: /home/giromi/Repos/VTOL/ws_sensor_combined_src/install/px4_msgs/include/px4_msgs/px4_msgs/msg/detail/cpuload__rosidl_typesupport_fastrtps_cpp.hpp\n'}
[16.216277] (px4_msgs) StdoutLine: {'line': b'-- Up-to-date symlink: /home/giromi/Repos/VTOL/ws_sensor_combined_src/install/px4_msgs/include/px4_msgs/px4_msgs/msg/detail/dataman_request__rosidl_typesupport_fastrtps_cpp.hpp\n'}
[16.216627] (px4_msgs) StdoutLine: {'line': b'-- Up-to-date symlink: /home/giromi/Repos/VTOL/ws_sensor_combined_src/install/px4_msgs/include/px4_msgs/px4_msgs/msg/detail/dataman_response__rosidl_typesupport_fastrtps_cpp.hpp\n'}
[16.216941] (px4_msgs) StdoutLine: {'line': b'-- Up-to-date symlink: /home/giromi/Repos/VTOL/ws_sensor_combined_src/install/px4_msgs/include/px4_msgs/px4_msgs/msg/detail/debug_array__rosidl_typesupport_fastrtps_cpp.hpp\n'}
[16.217232] (px4_msgs) StdoutLine: {'line': b'-- Up-to-date symlink: /home/giromi/Repos/VTOL/ws_sensor_combined_src/install/px4_msgs/include/px4_msgs/px4_msgs/msg/detail/debug_key_value__rosidl_typesupport_fastrtps_cpp.hpp\n'}
[16.217465] (px4_msgs) StdoutLine: {'line': b'-- Up-to-date symlink: /home/giromi/Repos/VTOL/ws_sensor_combined_src/install/px4_msgs/include/px4_msgs/px4_msgs/msg/detail/debug_value__rosidl_typesupport_fastrtps_cpp.hpp\n'}
[16.217702] (px4_msgs) StdoutLine: {'line': b'-- Up-to-date symlink: /home/giromi/Repos/VTOL/ws_sensor_combined_src/install/px4_msgs/include/px4_msgs/px4_msgs/msg/detail/debug_vect__rosidl_typesupport_fastrtps_cpp.hpp\n'}
[16.217967] (px4_msgs) StdoutLine: {'line': b'-- Up-to-date symlink: /home/giromi/Repos/VTOL/ws_sensor_combined_src/install/px4_msgs/include/px4_msgs/px4_msgs/msg/detail/differential_drive_setpoint__rosidl_typesupport_fastrtps_cpp.hpp\n'}
[16.218216] (px4_msgs) StdoutLine: {'line': b'-- Up-to-date symlink: /home/giromi/Repos/VTOL/ws_sensor_combined_src/install/px4_msgs/include/px4_msgs/px4_msgs/msg/detail/differential_pressure__rosidl_typesupport_fastrtps_cpp.hpp\n'}
[16.218455] (px4_msgs) StdoutLine: {'line': b'-- Up-to-date symlink: /home/giromi/Repos/VTOL/ws_sensor_combined_src/install/px4_msgs/include/px4_msgs/px4_msgs/msg/detail/distance_sensor__rosidl_typesupport_fastrtps_cpp.hpp\n'}
[16.218683] (px4_msgs) StdoutLine: {'line': b'-- Up-to-date symlink: /home/giromi/Repos/VTOL/ws_sensor_combined_src/install/px4_msgs/include/px4_msgs/px4_msgs/msg/detail/ekf2_timestamps__rosidl_typesupport_fastrtps_cpp.hpp\n'}
[16.218892] (px4_msgs) StdoutLine: {'line': b'-- Up-to-date symlink: /home/giromi/Repos/VTOL/ws_sensor_combined_src/install/px4_msgs/include/px4_msgs/px4_msgs/msg/detail/esc_report__rosidl_typesupport_fastrtps_cpp.hpp\n'}
[16.219153] (px4_msgs) StdoutLine: {'line': b'-- Up-to-date symlink: /home/giromi/Repos/VTOL/ws_sensor_combined_src/install/px4_msgs/include/px4_msgs/px4_msgs/msg/detail/esc_status__rosidl_typesupport_fastrtps_cpp.hpp\n'}
[16.219449] (px4_msgs) StdoutLine: {'line': b'-- Up-to-date symlink: /home/giromi/Repos/VTOL/ws_sensor_combined_src/install/px4_msgs/include/px4_msgs/px4_msgs/msg/detail/estimator_aid_source1d__rosidl_typesupport_fastrtps_cpp.hpp\n'}
[16.219731] (px4_msgs) StdoutLine: {'line': b'-- Up-to-date symlink: /home/giromi/Repos/VTOL/ws_sensor_combined_src/install/px4_msgs/include/px4_msgs/px4_msgs/msg/detail/estimator_aid_source2d__rosidl_typesupport_fastrtps_cpp.hpp\n'}
[16.220025] (px4_msgs) StdoutLine: {'line': b'-- Up-to-date symlink: /home/giromi/Repos/VTOL/ws_sensor_combined_src/install/px4_msgs/include/px4_msgs/px4_msgs/msg/detail/estimator_aid_source3d__rosidl_typesupport_fastrtps_cpp.hpp\n'}
[16.220298] (px4_msgs) StdoutLine: {'line': b'-- Up-to-date symlink: /home/giromi/Repos/VTOL/ws_sensor_combined_src/install/px4_msgs/include/px4_msgs/px4_msgs/msg/detail/estimator_bias3d__rosidl_typesupport_fastrtps_cpp.hpp\n'}
[16.220549] (px4_msgs) StdoutLine: {'line': b'-- Up-to-date symlink: /home/giromi/Repos/VTOL/ws_sensor_combined_src/install/px4_msgs/include/px4_msgs/px4_msgs/msg/detail/estimator_bias__rosidl_typesupport_fastrtps_cpp.hpp\n'}
[16.220852] (px4_msgs) StdoutLine: {'line': b'-- Up-to-date symlink: /home/giromi/Repos/VTOL/ws_sensor_combined_src/install/px4_msgs/include/px4_msgs/px4_msgs/msg/detail/estimator_event_flags__rosidl_typesupport_fastrtps_cpp.hpp\n'}
[16.221174] (px4_msgs) StdoutLine: {'line': b'-- Up-to-date symlink: /home/giromi/Repos/VTOL/ws_sensor_combined_src/install/px4_msgs/include/px4_msgs/px4_msgs/msg/detail/estimator_gps_status__rosidl_typesupport_fastrtps_cpp.hpp\n'}
[16.221464] (px4_msgs) StdoutLine: {'line': b'-- Up-to-date symlink: /home/giromi/Repos/VTOL/ws_sensor_combined_src/install/px4_msgs/include/px4_msgs/px4_msgs/msg/detail/estimator_innovations__rosidl_typesupport_fastrtps_cpp.hpp\n'}
[16.221748] (px4_msgs) StdoutLine: {'line': b'-- Up-to-date symlink: /home/giromi/Repos/VTOL/ws_sensor_combined_src/install/px4_msgs/include/px4_msgs/px4_msgs/msg/detail/estimator_selector_status__rosidl_typesupport_fastrtps_cpp.hpp\n'}
[16.222030] (px4_msgs) StdoutLine: {'line': b'-- Up-to-date symlink: /home/giromi/Repos/VTOL/ws_sensor_combined_src/install/px4_msgs/include/px4_msgs/px4_msgs/msg/detail/estimator_sensor_bias__rosidl_typesupport_fastrtps_cpp.hpp\n'}
[16.222352] (px4_msgs) StdoutLine: {'line': b'-- Up-to-date symlink: /home/giromi/Repos/VTOL/ws_sensor_combined_src/install/px4_msgs/include/px4_msgs/px4_msgs/msg/detail/estimator_states__rosidl_typesupport_fastrtps_cpp.hpp\n'}
[16.222613] (px4_msgs) StdoutLine: {'line': b'-- Up-to-date symlink: /home/giromi/Repos/VTOL/ws_sensor_combined_src/install/px4_msgs/include/px4_msgs/px4_msgs/msg/detail/estimator_status__rosidl_typesupport_fastrtps_cpp.hpp\n'}
[16.222881] (px4_msgs) StdoutLine: {'line': b'-- Up-to-date symlink: /home/giromi/Repos/VTOL/ws_sensor_combined_src/install/px4_msgs/include/px4_msgs/px4_msgs/msg/detail/estimator_status_flags__rosidl_typesupport_fastrtps_cpp.hpp\n'}
[16.223221] (px4_msgs) StdoutLine: {'line': b'-- Up-to-date symlink: /home/giromi/Repos/VTOL/ws_sensor_combined_src/install/px4_msgs/include/px4_msgs/px4_msgs/msg/detail/event__rosidl_typesupport_fastrtps_cpp.hpp\n'}
[16.223451] (px4_msgs) StdoutLine: {'line': b'-- Up-to-date symlink: /home/giromi/Repos/VTOL/ws_sensor_combined_src/install/px4_msgs/include/px4_msgs/px4_msgs/msg/detail/failsafe_flags__rosidl_typesupport_fastrtps_cpp.hpp\n'}
[16.223896] (px4_msgs) StdoutLine: {'line': b'-- Up-to-date symlink: /home/giromi/Repos/VTOL/ws_sensor_combined_src/install/px4_msgs/include/px4_msgs/px4_msgs/msg/detail/failure_detector_status__rosidl_typesupport_fastrtps_cpp.hpp\n'}
[16.224171] (px4_msgs) StdoutLine: {'line': b'-- Up-to-date symlink: /home/giromi/Repos/VTOL/ws_sensor_combined_src/install/px4_msgs/include/px4_msgs/px4_msgs/msg/detail/figure_eight_status__rosidl_typesupport_fastrtps_cpp.hpp\n'}
[16.224404] (px4_msgs) StdoutLine: {'line': b'-- Up-to-date symlink: /home/giromi/Repos/VTOL/ws_sensor_combined_src/install/px4_msgs/include/px4_msgs/px4_msgs/msg/detail/follow_target__rosidl_typesupport_fastrtps_cpp.hpp\n'}
[16.224620] (px4_msgs) StdoutLine: {'line': b'-- Up-to-date symlink: /home/giromi/Repos/VTOL/ws_sensor_combined_src/install/px4_msgs/include/px4_msgs/px4_msgs/msg/detail/follow_target_estimator__rosidl_typesupport_fastrtps_cpp.hpp\n'}
[16.224836] (px4_msgs) StdoutLine: {'line': b'-- Up-to-date symlink: /home/giromi/Repos/VTOL/ws_sensor_combined_src/install/px4_msgs/include/px4_msgs/px4_msgs/msg/detail/follow_target_status__rosidl_typesupport_fastrtps_cpp.hpp\n'}
[16.225127] (px4_msgs) StdoutLine: {'line': b'-- Up-to-date symlink: /home/giromi/Repos/VTOL/ws_sensor_combined_src/install/px4_msgs/include/px4_msgs/px4_msgs/msg/detail/generator_status__rosidl_typesupport_fastrtps_cpp.hpp\n'}
[16.225398] (px4_msgs) StdoutLine: {'line': b'-- Up-to-date symlink: /home/giromi/Repos/VTOL/ws_sensor_combined_src/install/px4_msgs/include/px4_msgs/px4_msgs/msg/detail/geofence_result__rosidl_typesupport_fastrtps_cpp.hpp\n'}
[16.225651] (px4_msgs) StdoutLine: {'line': b'-- Up-to-date symlink: /home/giromi/Repos/VTOL/ws_sensor_combined_src/install/px4_msgs/include/px4_msgs/px4_msgs/msg/detail/gimbal_controls__rosidl_typesupport_fastrtps_cpp.hpp\n'}
[16.225928] (px4_msgs) StdoutLine: {'line': b'-- Up-to-date symlink: /home/giromi/Repos/VTOL/ws_sensor_combined_src/install/px4_msgs/include/px4_msgs/px4_msgs/msg/detail/gimbal_device_attitude_status__rosidl_typesupport_fastrtps_cpp.hpp\n'}
[16.226198] (px4_msgs) StdoutLine: {'line': b'-- Up-to-date symlink: /home/giromi/Repos/VTOL/ws_sensor_combined_src/install/px4_msgs/include/px4_msgs/px4_msgs/msg/detail/gimbal_device_information__rosidl_typesupport_fastrtps_cpp.hpp\n'}
[16.226423] (px4_msgs) StdoutLine: {'line': b'-- Up-to-date symlink: /home/giromi/Repos/VTOL/ws_sensor_combined_src/install/px4_msgs/include/px4_msgs/px4_msgs/msg/detail/gimbal_device_set_attitude__rosidl_typesupport_fastrtps_cpp.hpp\n'}
[16.226641] (px4_msgs) StdoutLine: {'line': b'-- Up-to-date symlink: /home/giromi/Repos/VTOL/ws_sensor_combined_src/install/px4_msgs/include/px4_msgs/px4_msgs/msg/detail/gimbal_manager_information__rosidl_typesupport_fastrtps_cpp.hpp\n'}
[16.226896] (px4_msgs) StdoutLine: {'line': b'-- Up-to-date symlink: /home/giromi/Repos/VTOL/ws_sensor_combined_src/install/px4_msgs/include/px4_msgs/px4_msgs/msg/detail/gimbal_manager_set_attitude__rosidl_typesupport_fastrtps_cpp.hpp\n'}
[16.227146] (px4_msgs) StdoutLine: {'line': b'-- Up-to-date symlink: /home/giromi/Repos/VTOL/ws_sensor_combined_src/install/px4_msgs/include/px4_msgs/px4_msgs/msg/detail/gimbal_manager_set_manual_control__rosidl_typesupport_fastrtps_cpp.hpp\n'}
[16.227413] (px4_msgs) StdoutLine: {'line': b'-- Up-to-date symlink: /home/giromi/Repos/VTOL/ws_sensor_combined_src/install/px4_msgs/include/px4_msgs/px4_msgs/msg/detail/gimbal_manager_status__rosidl_typesupport_fastrtps_cpp.hpp\n'}
[16.227647] (px4_msgs) StdoutLine: {'line': b'-- Up-to-date symlink: /home/giromi/Repos/VTOL/ws_sensor_combined_src/install/px4_msgs/include/px4_msgs/px4_msgs/msg/detail/goto_setpoint__rosidl_typesupport_fastrtps_cpp.hpp\n'}
[16.227959] (px4_msgs) StdoutLine: {'line': b'-- Up-to-date symlink: /home/giromi/Repos/VTOL/ws_sensor_combined_src/install/px4_msgs/include/px4_msgs/px4_msgs/msg/detail/gpio_config__rosidl_typesupport_fastrtps_cpp.hpp\n'}
[16.228377] (px4_msgs) StdoutLine: {'line': b'-- Up-to-date symlink: /home/giromi/Repos/VTOL/ws_sensor_combined_src/install/px4_msgs/include/px4_msgs/px4_msgs/msg/detail/gpio_in__rosidl_typesupport_fastrtps_cpp.hpp\n'}
[16.228643] (px4_msgs) StdoutLine: {'line': b'-- Up-to-date symlink: /home/giromi/Repos/VTOL/ws_sensor_combined_src/install/px4_msgs/include/px4_msgs/px4_msgs/msg/detail/gpio_out__rosidl_typesupport_fastrtps_cpp.hpp\n'}
[16.228931] (px4_msgs) StdoutLine: {'line': b'-- Up-to-date symlink: /home/giromi/Repos/VTOL/ws_sensor_combined_src/install/px4_msgs/include/px4_msgs/px4_msgs/msg/detail/gpio_request__rosidl_typesupport_fastrtps_cpp.hpp\n'}
[16.229267] (px4_msgs) StdoutLine: {'line': b'-- Up-to-date symlink: /home/giromi/Repos/VTOL/ws_sensor_combined_src/install/px4_msgs/include/px4_msgs/px4_msgs/msg/detail/gps_dump__rosidl_typesupport_fastrtps_cpp.hpp\n'}
[16.229531] (px4_msgs) StdoutLine: {'line': b'-- Up-to-date symlink: /home/giromi/Repos/VTOL/ws_sensor_combined_src/install/px4_msgs/include/px4_msgs/px4_msgs/msg/detail/gps_inject_data__rosidl_typesupport_fastrtps_cpp.hpp\n'}
[16.229794] (px4_msgs) StdoutLine: {'line': b'-- Up-to-date symlink: /home/giromi/Repos/VTOL/ws_sensor_combined_src/install/px4_msgs/include/px4_msgs/px4_msgs/msg/detail/gripper__rosidl_typesupport_fastrtps_cpp.hpp\n'}
[16.230055] (px4_msgs) StdoutLine: {'line': b'-- Up-to-date symlink: /home/giromi/Repos/VTOL/ws_sensor_combined_src/install/px4_msgs/include/px4_msgs/px4_msgs/msg/detail/health_report__rosidl_typesupport_fastrtps_cpp.hpp\n'}
[16.230313] (px4_msgs) StdoutLine: {'line': b'-- Up-to-date symlink: /home/giromi/Repos/VTOL/ws_sensor_combined_src/install/px4_msgs/include/px4_msgs/px4_msgs/msg/detail/heater_status__rosidl_typesupport_fastrtps_cpp.hpp\n'}
[16.230658] (px4_msgs) StdoutLine: {'line': b'-- Up-to-date symlink: /home/giromi/Repos/VTOL/ws_sensor_combined_src/install/px4_msgs/include/px4_msgs/px4_msgs/msg/detail/home_position__rosidl_typesupport_fastrtps_cpp.hpp\n'}
[16.230999] (px4_msgs) StdoutLine: {'line': b'-- Up-to-date symlink: /home/giromi/Repos/VTOL/ws_sensor_combined_src/install/px4_msgs/include/px4_msgs/px4_msgs/msg/detail/hover_thrust_estimate__rosidl_typesupport_fastrtps_cpp.hpp\n'}
[16.231210] (px4_msgs) StdoutLine: {'line': b'-- Up-to-date symlink: /home/giromi/Repos/VTOL/ws_sensor_combined_src/install/px4_msgs/include/px4_msgs/px4_msgs/msg/detail/input_rc__rosidl_typesupport_fastrtps_cpp.hpp\n'}
[16.231464] (px4_msgs) StdoutLine: {'line': b'-- Up-to-date symlink: /home/giromi/Repos/VTOL/ws_sensor_combined_src/install/px4_msgs/include/px4_msgs/px4_msgs/msg/detail/internal_combustion_engine_status__rosidl_typesupport_fastrtps_cpp.hpp\n'}
[16.231765] (px4_msgs) StdoutLine: {'line': b'-- Up-to-date symlink: /home/giromi/Repos/VTOL/ws_sensor_combined_src/install/px4_msgs/include/px4_msgs/px4_msgs/msg/detail/iridiumsbd_status__rosidl_typesupport_fastrtps_cpp.hpp\n'}
[16.231975] (px4_msgs) StdoutLine: {'line': b'-- Up-to-date symlink: /home/giromi/Repos/VTOL/ws_sensor_combined_src/install/px4_msgs/include/px4_msgs/px4_msgs/msg/detail/irlock_report__rosidl_typesupport_fastrtps_cpp.hpp\n'}
[16.232227] (px4_msgs) StdoutLine: {'line': b'-- Up-to-date symlink: /home/giromi/Repos/VTOL/ws_sensor_combined_src/install/px4_msgs/include/px4_msgs/px4_msgs/msg/detail/landing_gear__rosidl_typesupport_fastrtps_cpp.hpp\n'}
[16.232486] (px4_msgs) StdoutLine: {'line': b'-- Up-to-date symlink: /home/giromi/Repos/VTOL/ws_sensor_combined_src/install/px4_msgs/include/px4_msgs/px4_msgs/msg/detail/landing_gear_wheel__rosidl_typesupport_fastrtps_cpp.hpp\n'}
[16.232758] (px4_msgs) StdoutLine: {'line': b'-- Up-to-date symlink: /home/giromi/Repos/VTOL/ws_sensor_combined_src/install/px4_msgs/include/px4_msgs/px4_msgs/msg/detail/landing_target_innovations__rosidl_typesupport_fastrtps_cpp.hpp\n'}
[16.233154] (px4_msgs) StdoutLine: {'line': b'-- Up-to-date symlink: /home/giromi/Repos/VTOL/ws_sensor_combined_src/install/px4_msgs/include/px4_msgs/px4_msgs/msg/detail/landing_target_pose__rosidl_typesupport_fastrtps_cpp.hpp\n'}
[16.233551] (px4_msgs) StdoutLine: {'line': b'-- Up-to-date symlink: /home/giromi/Repos/VTOL/ws_sensor_combined_src/install/px4_msgs/include/px4_msgs/px4_msgs/msg/detail/launch_detection_status__rosidl_typesupport_fastrtps_cpp.hpp\n'}
[16.233863] (px4_msgs) StdoutLine: {'line': b'-- Up-to-date symlink: /home/giromi/Repos/VTOL/ws_sensor_combined_src/install/px4_msgs/include/px4_msgs/px4_msgs/msg/detail/led_control__rosidl_typesupport_fastrtps_cpp.hpp\n'}
[16.234142] (px4_msgs) StdoutLine: {'line': b'-- Up-to-date symlink: /home/giromi/Repos/VTOL/ws_sensor_combined_src/install/px4_msgs/include/px4_msgs/px4_msgs/msg/detail/log_message__rosidl_typesupport_fastrtps_cpp.hpp\n'}
[16.234545] (px4_msgs) StdoutLine: {'line': b'-- Up-to-date symlink: /home/giromi/Repos/VTOL/ws_sensor_combined_src/install/px4_msgs/include/px4_msgs/px4_msgs/msg/detail/logger_status__rosidl_typesupport_fastrtps_cpp.hpp\n'}
[16.234807] (px4_msgs) StdoutLine: {'line': b'-- Up-to-date symlink: /home/giromi/Repos/VTOL/ws_sensor_combined_src/install/px4_msgs/include/px4_msgs/px4_msgs/msg/detail/mag_worker_data__rosidl_typesupport_fastrtps_cpp.hpp\n'}
[16.235015] (px4_msgs) StdoutLine: {'line': b'-- Up-to-date symlink: /home/giromi/Repos/VTOL/ws_sensor_combined_src/install/px4_msgs/include/px4_msgs/px4_msgs/msg/detail/magnetometer_bias_estimate__rosidl_typesupport_fastrtps_cpp.hpp\n'}
[16.235270] (px4_msgs) StdoutLine: {'line': b'-- Up-to-date symlink: /home/giromi/Repos/VTOL/ws_sensor_combined_src/install/px4_msgs/include/px4_msgs/px4_msgs/msg/detail/manual_control_setpoint__rosidl_typesupport_fastrtps_cpp.hpp\n'}
[16.235525] (px4_msgs) StdoutLine: {'line': b'-- Up-to-date symlink: /home/giromi/Repos/VTOL/ws_sensor_combined_src/install/px4_msgs/include/px4_msgs/px4_msgs/msg/detail/manual_control_switches__rosidl_typesupport_fastrtps_cpp.hpp\n'}
[16.235881] (px4_msgs) StdoutLine: {'line': b'-- Up-to-date symlink: /home/giromi/Repos/VTOL/ws_sensor_combined_src/install/px4_msgs/include/px4_msgs/px4_msgs/msg/detail/mavlink_log__rosidl_typesupport_fastrtps_cpp.hpp\n'}
[16.236258] (px4_msgs) StdoutLine: {'line': b'-- Up-to-date symlink: /home/giromi/Repos/VTOL/ws_sensor_combined_src/install/px4_msgs/include/px4_msgs/px4_msgs/msg/detail/mavlink_tunnel__rosidl_typesupport_fastrtps_cpp.hpp\n'}
[16.236605] (px4_msgs) StdoutLine: {'line': b'-- Up-to-date symlink: /home/giromi/Repos/VTOL/ws_sensor_combined_src/install/px4_msgs/include/px4_msgs/px4_msgs/msg/detail/message_format_request__rosidl_typesupport_fastrtps_cpp.hpp\n'}
[16.236895] (px4_msgs) StdoutLine: {'line': b'-- Up-to-date symlink: /home/giromi/Repos/VTOL/ws_sensor_combined_src/install/px4_msgs/include/px4_msgs/px4_msgs/msg/detail/message_format_response__rosidl_typesupport_fastrtps_cpp.hpp\n'}
[16.237204] (px4_msgs) StdoutLine: {'line': b'-- Up-to-date symlink: /home/giromi/Repos/VTOL/ws_sensor_combined_src/install/px4_msgs/include/px4_msgs/px4_msgs/msg/detail/mission__rosidl_typesupport_fastrtps_cpp.hpp\n'}
[16.237428] (px4_msgs) StdoutLine: {'line': b'-- Up-to-date symlink: /home/giromi/Repos/VTOL/ws_sensor_combined_src/install/px4_msgs/include/px4_msgs/px4_msgs/msg/detail/mission_result__rosidl_typesupport_fastrtps_cpp.hpp\n'}
[16.237680] (px4_msgs) StdoutLine: {'line': b'-- Up-to-date symlink: /home/giromi/Repos/VTOL/ws_sensor_combined_src/install/px4_msgs/include/px4_msgs/px4_msgs/msg/detail/mode_completed__rosidl_typesupport_fastrtps_cpp.hpp\n'}
[16.237934] (px4_msgs) StdoutLine: {'line': b'-- Up-to-date symlink: /home/giromi/Repos/VTOL/ws_sensor_combined_src/install/px4_msgs/include/px4_msgs/px4_msgs/msg/detail/mount_orientation__rosidl_typesupport_fastrtps_cpp.hpp\n'}
[16.238247] (px4_msgs) StdoutLine: {'line': b'-- Up-to-date symlink: /home/giromi/Repos/VTOL/ws_sensor_combined_src/install/px4_msgs/include/px4_msgs/px4_msgs/msg/detail/navigator_mission_item__rosidl_typesupport_fastrtps_cpp.hpp\n'}
[16.238544] (px4_msgs) StdoutLine: {'line': b'-- Up-to-date symlink: /home/giromi/Repos/VTOL/ws_sensor_combined_src/install/px4_msgs/include/px4_msgs/px4_msgs/msg/detail/normalized_unsigned_setpoint__rosidl_typesupport_fastrtps_cpp.hpp\n'}
[16.238781] (px4_msgs) StdoutLine: {'line': b'-- Up-to-date symlink: /home/giromi/Repos/VTOL/ws_sensor_combined_src/install/px4_msgs/include/px4_msgs/px4_msgs/msg/detail/npfg_status__rosidl_typesupport_fastrtps_cpp.hpp\n'}
[16.239011] (px4_msgs) StdoutLine: {'line': b'-- Up-to-date symlink: /home/giromi/Repos/VTOL/ws_sensor_combined_src/install/px4_msgs/include/px4_msgs/px4_msgs/msg/detail/obstacle_distance__rosidl_typesupport_fastrtps_cpp.hpp\n'}
[16.239287] (px4_msgs) StdoutLine: {'line': b'-- Up-to-date symlink: /home/giromi/Repos/VTOL/ws_sensor_combined_src/install/px4_msgs/include/px4_msgs/px4_msgs/msg/detail/offboard_control_mode__rosidl_typesupport_fastrtps_cpp.hpp\n'}
[16.239643] (px4_msgs) StdoutLine: {'line': b'-- Up-to-date symlink: /home/giromi/Repos/VTOL/ws_sensor_combined_src/install/px4_msgs/include/px4_msgs/px4_msgs/msg/detail/onboard_computer_status__rosidl_typesupport_fastrtps_cpp.hpp\n'}
[16.239929] (px4_msgs) StdoutLine: {'line': b'-- Up-to-date symlink: /home/giromi/Repos/VTOL/ws_sensor_combined_src/install/px4_msgs/include/px4_msgs/px4_msgs/msg/detail/orb_test__rosidl_typesupport_fastrtps_cpp.hpp\n'}
[16.240229] (px4_msgs) StdoutLine: {'line': b'-- Up-to-date symlink: /home/giromi/Repos/VTOL/ws_sensor_combined_src/install/px4_msgs/include/px4_msgs/px4_msgs/msg/detail/orb_test_large__rosidl_typesupport_fastrtps_cpp.hpp\n'}
[16.240484] (px4_msgs) StdoutLine: {'line': b'-- Up-to-date symlink: /home/giromi/Repos/VTOL/ws_sensor_combined_src/install/px4_msgs/include/px4_msgs/px4_msgs/msg/detail/orb_test_medium__rosidl_typesupport_fastrtps_cpp.hpp\n'}
[16.240761] (px4_msgs) StdoutLine: {'line': b'-- Up-to-date symlink: /home/giromi/Repos/VTOL/ws_sensor_combined_src/install/px4_msgs/include/px4_msgs/px4_msgs/msg/detail/orbit_status__rosidl_typesupport_fastrtps_cpp.hpp\n'}
[16.241231] (px4_msgs) StdoutLine: {'line': b'-- Up-to-date symlink: /home/giromi/Repos/VTOL/ws_sensor_combined_src/install/px4_msgs/include/px4_msgs/px4_msgs/msg/detail/parameter_update__rosidl_typesupport_fastrtps_cpp.hpp\n'}
[16.241520] (px4_msgs) StdoutLine: {'line': b'-- Up-to-date symlink: /home/giromi/Repos/VTOL/ws_sensor_combined_src/install/px4_msgs/include/px4_msgs/px4_msgs/msg/detail/ping__rosidl_typesupport_fastrtps_cpp.hpp\n'}
[16.241710] (px4_msgs) StdoutLine: {'line': b'-- Up-to-date symlink: /home/giromi/Repos/VTOL/ws_sensor_combined_src/install/px4_msgs/include/px4_msgs/px4_msgs/msg/detail/position_controller_landing_status__rosidl_typesupport_fastrtps_cpp.hpp\n'}
[16.241963] (px4_msgs) StdoutLine: {'line': b'-- Up-to-date symlink: /home/giromi/Repos/VTOL/ws_sensor_combined_src/install/px4_msgs/include/px4_msgs/px4_msgs/msg/detail/position_controller_status__rosidl_typesupport_fastrtps_cpp.hpp\n'}
[16.242233] (px4_msgs) StdoutLine: {'line': b'-- Up-to-date symlink: /home/giromi/Repos/VTOL/ws_sensor_combined_src/install/px4_msgs/include/px4_msgs/px4_msgs/msg/detail/position_setpoint__rosidl_typesupport_fastrtps_cpp.hpp\n'}
[16.242574] (px4_msgs) StdoutLine: {'line': b'-- Up-to-date symlink: /home/giromi/Repos/VTOL/ws_sensor_combined_src/install/px4_msgs/include/px4_msgs/px4_msgs/msg/detail/position_setpoint_triplet__rosidl_typesupport_fastrtps_cpp.hpp\n'}
[16.242847] (px4_msgs) StdoutLine: {'line': b'-- Up-to-date symlink: /home/giromi/Repos/VTOL/ws_sensor_combined_src/install/px4_msgs/include/px4_msgs/px4_msgs/msg/detail/power_button_state__rosidl_typesupport_fastrtps_cpp.hpp\n'}
[16.243121] (px4_msgs) StdoutLine: {'line': b'-- Up-to-date symlink: /home/giromi/Repos/VTOL/ws_sensor_combined_src/install/px4_msgs/include/px4_msgs/px4_msgs/msg/detail/power_monitor__rosidl_typesupport_fastrtps_cpp.hpp\n'}
[16.243441] (px4_msgs) StdoutLine: {'line': b'-- Up-to-date symlink: /home/giromi/Repos/VTOL/ws_sensor_combined_src/install/px4_msgs/include/px4_msgs/px4_msgs/msg/detail/pps_capture__rosidl_typesupport_fastrtps_cpp.hpp\n'}
[16.243704] (px4_msgs) StdoutLine: {'line': b'-- Up-to-date symlink: /home/giromi/Repos/VTOL/ws_sensor_combined_src/install/px4_msgs/include/px4_msgs/px4_msgs/msg/detail/pwm_input__rosidl_typesupport_fastrtps_cpp.hpp\n'}
[16.244015] (px4_msgs) StdoutLine: {'line': b'-- Up-to-date symlink: /home/giromi/Repos/VTOL/ws_sensor_combined_src/install/px4_msgs/include/px4_msgs/px4_msgs/msg/detail/px4io_status__rosidl_typesupport_fastrtps_cpp.hpp\n'}
[16.244376] (px4_msgs) StdoutLine: {'line': b'-- Up-to-date symlink: /home/giromi/Repos/VTOL/ws_sensor_combined_src/install/px4_msgs/include/px4_msgs/px4_msgs/msg/detail/qshell_req__rosidl_typesupport_fastrtps_cpp.hpp\n'}
[16.244629] (px4_msgs) StdoutLine: {'line': b'-- Up-to-date symlink: /home/giromi/Repos/VTOL/ws_sensor_combined_src/install/px4_msgs/include/px4_msgs/px4_msgs/msg/detail/qshell_retval__rosidl_typesupport_fastrtps_cpp.hpp\n'}
[16.244945] (px4_msgs) StdoutLine: {'line': b'-- Up-to-date symlink: /home/giromi/Repos/VTOL/ws_sensor_combined_src/install/px4_msgs/include/px4_msgs/px4_msgs/msg/detail/radio_status__rosidl_typesupport_fastrtps_cpp.hpp\n'}
[16.245314] (px4_msgs) StdoutLine: {'line': b'-- Up-to-date symlink: /home/giromi/Repos/VTOL/ws_sensor_combined_src/install/px4_msgs/include/px4_msgs/px4_msgs/msg/detail/rate_ctrl_status__rosidl_typesupport_fastrtps_cpp.hpp\n'}
[16.245667] (px4_msgs) StdoutLine: {'line': b'-- Up-to-date symlink: /home/giromi/Repos/VTOL/ws_sensor_combined_src/install/px4_msgs/include/px4_msgs/px4_msgs/msg/detail/rc_channels__rosidl_typesupport_fastrtps_cpp.hpp\n'}
[16.246002] (px4_msgs) StdoutLine: {'line': b'-- Up-to-date symlink: /home/giromi/Repos/VTOL/ws_sensor_combined_src/install/px4_msgs/include/px4_msgs/px4_msgs/msg/detail/rc_parameter_map__rosidl_typesupport_fastrtps_cpp.hpp\n'}
[16.246333] (px4_msgs) StdoutLine: {'line': b'-- Up-to-date symlink: /home/giromi/Repos/VTOL/ws_sensor_combined_src/install/px4_msgs/include/px4_msgs/px4_msgs/msg/detail/register_ext_component_reply__rosidl_typesupport_fastrtps_cpp.hpp\n'}
[16.246648] (px4_msgs) StdoutLine: {'line': b'-- Up-to-date symlink: /home/giromi/Repos/VTOL/ws_sensor_combined_src/install/px4_msgs/include/px4_msgs/px4_msgs/msg/detail/register_ext_component_request__rosidl_typesupport_fastrtps_cpp.hpp\n'}
[16.246949] (px4_msgs) StdoutLine: {'line': b'-- Up-to-date symlink: /home/giromi/Repos/VTOL/ws_sensor_combined_src/install/px4_msgs/include/px4_msgs/px4_msgs/msg/detail/rpm__rosidl_typesupport_fastrtps_cpp.hpp\n'}
[16.247206] (px4_msgs) StdoutLine: {'line': b'-- Up-to-date symlink: /home/giromi/Repos/VTOL/ws_sensor_combined_src/install/px4_msgs/include/px4_msgs/px4_msgs/msg/detail/rtl_time_estimate__rosidl_typesupport_fastrtps_cpp.hpp\n'}
[16.247481] (px4_msgs) StdoutLine: {'line': b'-- Up-to-date symlink: /home/giromi/Repos/VTOL/ws_sensor_combined_src/install/px4_msgs/include/px4_msgs/px4_msgs/msg/detail/satellite_info__rosidl_typesupport_fastrtps_cpp.hpp\n'}
[16.247798] (px4_msgs) StdoutLine: {'line': b'-- Up-to-date symlink: /home/giromi/Repos/VTOL/ws_sensor_combined_src/install/px4_msgs/include/px4_msgs/px4_msgs/msg/detail/sensor_accel__rosidl_typesupport_fastrtps_cpp.hpp\n'}
[16.248076] (px4_msgs) StdoutLine: {'line': b'-- Up-to-date symlink: /home/giromi/Repos/VTOL/ws_sensor_combined_src/install/px4_msgs/include/px4_msgs/px4_msgs/msg/detail/sensor_accel_fifo__rosidl_typesupport_fastrtps_cpp.hpp\n'}
[16.248330] (px4_msgs) StdoutLine: {'line': b'-- Up-to-date symlink: /home/giromi/Repos/VTOL/ws_sensor_combined_src/install/px4_msgs/include/px4_msgs/px4_msgs/msg/detail/sensor_airflow__rosidl_typesupport_fastrtps_cpp.hpp\n'}
[16.248584] (px4_msgs) StdoutLine: {'line': b'-- Up-to-date symlink: /home/giromi/Repos/VTOL/ws_sensor_combined_src/install/px4_msgs/include/px4_msgs/px4_msgs/msg/detail/sensor_baro__rosidl_typesupport_fastrtps_cpp.hpp\n'}
[16.248838] (px4_msgs) StdoutLine: {'line': b'-- Up-to-date symlink: /home/giromi/Repos/VTOL/ws_sensor_combined_src/install/px4_msgs/include/px4_msgs/px4_msgs/msg/detail/sensor_combined__rosidl_typesupport_fastrtps_cpp.hpp\n'}
[16.249145] (px4_msgs) StdoutLine: {'line': b'-- Up-to-date symlink: /home/giromi/Repos/VTOL/ws_sensor_combined_src/install/px4_msgs/include/px4_msgs/px4_msgs/msg/detail/sensor_correction__rosidl_typesupport_fastrtps_cpp.hpp\n'}
[16.249399] (px4_msgs) StdoutLine: {'line': b'-- Up-to-date symlink: /home/giromi/Repos/VTOL/ws_sensor_combined_src/install/px4_msgs/include/px4_msgs/px4_msgs/msg/detail/sensor_gnss_relative__rosidl_typesupport_fastrtps_cpp.hpp\n'}
[16.249697] (px4_msgs) StdoutLine: {'line': b'-- Up-to-date symlink: /home/giromi/Repos/VTOL/ws_sensor_combined_src/install/px4_msgs/include/px4_msgs/px4_msgs/msg/detail/sensor_gps__rosidl_typesupport_fastrtps_cpp.hpp\n'}
[16.249958] (px4_msgs) StdoutLine: {'line': b'-- Up-to-date symlink: /home/giromi/Repos/VTOL/ws_sensor_combined_src/install/px4_msgs/include/px4_msgs/px4_msgs/msg/detail/sensor_gyro__rosidl_typesupport_fastrtps_cpp.hpp\n'}
[16.250233] (px4_msgs) StdoutLine: {'line': b'-- Up-to-date symlink: /home/giromi/Repos/VTOL/ws_sensor_combined_src/install/px4_msgs/include/px4_msgs/px4_msgs/msg/detail/sensor_gyro_fft__rosidl_typesupport_fastrtps_cpp.hpp\n'}
[16.250630] (px4_msgs) StdoutLine: {'line': b'-- Up-to-date symlink: /home/giromi/Repos/VTOL/ws_sensor_combined_src/install/px4_msgs/include/px4_msgs/px4_msgs/msg/detail/sensor_gyro_fifo__rosidl_typesupport_fastrtps_cpp.hpp\n'}
[16.250857] (px4_msgs) StdoutLine: {'line': b'-- Up-to-date symlink: /home/giromi/Repos/VTOL/ws_sensor_combined_src/install/px4_msgs/include/px4_msgs/px4_msgs/msg/detail/sensor_hygrometer__rosidl_typesupport_fastrtps_cpp.hpp\n'}
[16.251110] (px4_msgs) StdoutLine: {'line': b'-- Up-to-date symlink: /home/giromi/Repos/VTOL/ws_sensor_combined_src/install/px4_msgs/include/px4_msgs/px4_msgs/msg/detail/sensor_mag__rosidl_typesupport_fastrtps_cpp.hpp\n'}
[16.251480] (px4_msgs) StdoutLine: {'line': b'-- Up-to-date symlink: /home/giromi/Repos/VTOL/ws_sensor_combined_src/install/px4_msgs/include/px4_msgs/px4_msgs/msg/detail/sensor_optical_flow__rosidl_typesupport_fastrtps_cpp.hpp\n'}
[16.251753] (px4_msgs) StdoutLine: {'line': b'-- Up-to-date symlink: /home/giromi/Repos/VTOL/ws_sensor_combined_src/install/px4_msgs/include/px4_msgs/px4_msgs/msg/detail/sensor_preflight_mag__rosidl_typesupport_fastrtps_cpp.hpp\n'}
[16.252034] (px4_msgs) StdoutLine: {'line': b'-- Up-to-date symlink: /home/giromi/Repos/VTOL/ws_sensor_combined_src/install/px4_msgs/include/px4_msgs/px4_msgs/msg/detail/sensor_selection__rosidl_typesupport_fastrtps_cpp.hpp\n'}
[16.252303] (px4_msgs) StdoutLine: {'line': b'-- Up-to-date symlink: /home/giromi/Repos/VTOL/ws_sensor_combined_src/install/px4_msgs/include/px4_msgs/px4_msgs/msg/detail/sensor_uwb__rosidl_typesupport_fastrtps_cpp.hpp\n'}
[16.252568] (px4_msgs) StdoutLine: {'line': b'-- Up-to-date symlink: /home/giromi/Repos/VTOL/ws_sensor_combined_src/install/px4_msgs/include/px4_msgs/px4_msgs/msg/detail/sensors_status__rosidl_typesupport_fastrtps_cpp.hpp\n'}
[16.252888] (px4_msgs) StdoutLine: {'line': b'-- Up-to-date symlink: /home/giromi/Repos/VTOL/ws_sensor_combined_src/install/px4_msgs/include/px4_msgs/px4_msgs/msg/detail/sensors_status_imu__rosidl_typesupport_fastrtps_cpp.hpp\n'}
[16.253491] (px4_msgs) StdoutLine: {'line': b'-- Up-to-date symlink: /home/giromi/Repos/VTOL/ws_sensor_combined_src/install/px4_msgs/include/px4_msgs/px4_msgs/msg/detail/system_power__rosidl_typesupport_fastrtps_cpp.hpp\n'}
[16.253740] (px4_msgs) StdoutLine: {'line': b'-- Up-to-date symlink: /home/giromi/Repos/VTOL/ws_sensor_combined_src/install/px4_msgs/include/px4_msgs/px4_msgs/msg/detail/takeoff_status__rosidl_typesupport_fastrtps_cpp.hpp\n'}
[16.253993] (px4_msgs) StdoutLine: {'line': b'-- Up-to-date symlink: /home/giromi/Repos/VTOL/ws_sensor_combined_src/install/px4_msgs/include/px4_msgs/px4_msgs/msg/detail/task_stack_info__rosidl_typesupport_fastrtps_cpp.hpp\n'}
[16.254271] (px4_msgs) StdoutLine: {'line': b'-- Up-to-date symlink: /home/giromi/Repos/VTOL/ws_sensor_combined_src/install/px4_msgs/include/px4_msgs/px4_msgs/msg/detail/tecs_status__rosidl_typesupport_fastrtps_cpp.hpp\n'}
[16.254565] (px4_msgs) StdoutLine: {'line': b'-- Up-to-date symlink: /home/giromi/Repos/VTOL/ws_sensor_combined_src/install/px4_msgs/include/px4_msgs/px4_msgs/msg/detail/telemetry_status__rosidl_typesupport_fastrtps_cpp.hpp\n'}
[16.254819] (px4_msgs) StdoutLine: {'line': b'-- Up-to-date symlink: /home/giromi/Repos/VTOL/ws_sensor_combined_src/install/px4_msgs/include/px4_msgs/px4_msgs/msg/detail/tiltrotor_extra_controls__rosidl_typesupport_fastrtps_cpp.hpp\n'}
[16.255096] (px4_msgs) StdoutLine: {'line': b'-- Up-to-date symlink: /home/giromi/Repos/VTOL/ws_sensor_combined_src/install/px4_msgs/include/px4_msgs/px4_msgs/msg/detail/timesync_status__rosidl_typesupport_fastrtps_cpp.hpp\n'}
[16.255423] (px4_msgs) StdoutLine: {'line': b'-- Up-to-date symlink: /home/giromi/Repos/VTOL/ws_sensor_combined_src/install/px4_msgs/include/px4_msgs/px4_msgs/msg/detail/trajectory_bezier__rosidl_typesupport_fastrtps_cpp.hpp\n'}
[16.255821] (px4_msgs) StdoutLine: {'line': b'-- Up-to-date symlink: /home/giromi/Repos/VTOL/ws_sensor_combined_src/install/px4_msgs/include/px4_msgs/px4_msgs/msg/detail/trajectory_setpoint__rosidl_typesupport_fastrtps_cpp.hpp\n'}
[16.256177] (px4_msgs) StdoutLine: {'line': b'-- Up-to-date symlink: /home/giromi/Repos/VTOL/ws_sensor_combined_src/install/px4_msgs/include/px4_msgs/px4_msgs/msg/detail/trajectory_waypoint__rosidl_typesupport_fastrtps_cpp.hpp\n'}
[16.256460] (px4_msgs) StdoutLine: {'line': b'-- Up-to-date symlink: /home/giromi/Repos/VTOL/ws_sensor_combined_src/install/px4_msgs/include/px4_msgs/px4_msgs/msg/detail/transponder_report__rosidl_typesupport_fastrtps_cpp.hpp\n'}
[16.256531] (-) TimerEvent: {}
[16.256840] (px4_msgs) StdoutLine: {'line': b'-- Up-to-date symlink: /home/giromi/Repos/VTOL/ws_sensor_combined_src/install/px4_msgs/include/px4_msgs/px4_msgs/msg/detail/tune_control__rosidl_typesupport_fastrtps_cpp.hpp\n'}
[16.257215] (px4_msgs) StdoutLine: {'line': b'-- Up-to-date symlink: /home/giromi/Repos/VTOL/ws_sensor_combined_src/install/px4_msgs/include/px4_msgs/px4_msgs/msg/detail/uavcan_parameter_request__rosidl_typesupport_fastrtps_cpp.hpp\n'}
[16.257595] (px4_msgs) StdoutLine: {'line': b'-- Up-to-date symlink: /home/giromi/Repos/VTOL/ws_sensor_combined_src/install/px4_msgs/include/px4_msgs/px4_msgs/msg/detail/uavcan_parameter_value__rosidl_typesupport_fastrtps_cpp.hpp\n'}
[16.257995] (px4_msgs) StdoutLine: {'line': b'-- Up-to-date symlink: /home/giromi/Repos/VTOL/ws_sensor_combined_src/install/px4_msgs/include/px4_msgs/px4_msgs/msg/detail/ulog_stream__rosidl_typesupport_fastrtps_cpp.hpp\n'}
[16.258408] (px4_msgs) StdoutLine: {'line': b'-- Up-to-date symlink: /home/giromi/Repos/VTOL/ws_sensor_combined_src/install/px4_msgs/include/px4_msgs/px4_msgs/msg/detail/ulog_stream_ack__rosidl_typesupport_fastrtps_cpp.hpp\n'}
[16.258719] (px4_msgs) StdoutLine: {'line': b'-- Up-to-date symlink: /home/giromi/Repos/VTOL/ws_sensor_combined_src/install/px4_msgs/include/px4_msgs/px4_msgs/msg/detail/unregister_ext_component__rosidl_typesupport_fastrtps_cpp.hpp\n'}
[16.259021] (px4_msgs) StdoutLine: {'line': b'-- Up-to-date symlink: /home/giromi/Repos/VTOL/ws_sensor_combined_src/install/px4_msgs/include/px4_msgs/px4_msgs/msg/detail/vehicle_acceleration__rosidl_typesupport_fastrtps_cpp.hpp\n'}
[16.259336] (px4_msgs) StdoutLine: {'line': b'-- Up-to-date symlink: /home/giromi/Repos/VTOL/ws_sensor_combined_src/install/px4_msgs/include/px4_msgs/px4_msgs/msg/detail/vehicle_air_data__rosidl_typesupport_fastrtps_cpp.hpp\n'}
[16.259644] (px4_msgs) StdoutLine: {'line': b'-- Up-to-date symlink: /home/giromi/Repos/VTOL/ws_sensor_combined_src/install/px4_msgs/include/px4_msgs/px4_msgs/msg/detail/vehicle_angular_acceleration_setpoint__rosidl_typesupport_fastrtps_cpp.hpp\n'}
[16.260016] (px4_msgs) StdoutLine: {'line': b'-- Up-to-date symlink: /home/giromi/Repos/VTOL/ws_sensor_combined_src/install/px4_msgs/include/px4_msgs/px4_msgs/msg/detail/vehicle_angular_velocity__rosidl_typesupport_fastrtps_cpp.hpp\n'}
[16.260243] (px4_msgs) StdoutLine: {'line': b'-- Up-to-date symlink: /home/giromi/Repos/VTOL/ws_sensor_combined_src/install/px4_msgs/include/px4_msgs/px4_msgs/msg/detail/vehicle_attitude__rosidl_typesupport_fastrtps_cpp.hpp\n'}
[16.260454] (px4_msgs) StdoutLine: {'line': b'-- Up-to-date symlink: /home/giromi/Repos/VTOL/ws_sensor_combined_src/install/px4_msgs/include/px4_msgs/px4_msgs/msg/detail/vehicle_attitude_setpoint__rosidl_typesupport_fastrtps_cpp.hpp\n'}
[16.260709] (px4_msgs) StdoutLine: {'line': b'-- Up-to-date symlink: /home/giromi/Repos/VTOL/ws_sensor_combined_src/install/px4_msgs/include/px4_msgs/px4_msgs/msg/detail/vehicle_command__rosidl_typesupport_fastrtps_cpp.hpp\n'}
[16.261080] (px4_msgs) StdoutLine: {'line': b'-- Up-to-date symlink: /home/giromi/Repos/VTOL/ws_sensor_combined_src/install/px4_msgs/include/px4_msgs/px4_msgs/msg/detail/vehicle_command_ack__rosidl_typesupport_fastrtps_cpp.hpp\n'}
[16.261475] (px4_msgs) StdoutLine: {'line': b'-- Up-to-date symlink: /home/giromi/Repos/VTOL/ws_sensor_combined_src/install/px4_msgs/include/px4_msgs/px4_msgs/msg/detail/vehicle_constraints__rosidl_typesupport_fastrtps_cpp.hpp\n'}
[16.261807] (px4_msgs) StdoutLine: {'line': b'-- Up-to-date symlink: /home/giromi/Repos/VTOL/ws_sensor_combined_src/install/px4_msgs/include/px4_msgs/px4_msgs/msg/detail/vehicle_control_mode__rosidl_typesupport_fastrtps_cpp.hpp\n'}
[16.262090] (px4_msgs) StdoutLine: {'line': b'-- Up-to-date symlink: /home/giromi/Repos/VTOL/ws_sensor_combined_src/install/px4_msgs/include/px4_msgs/px4_msgs/msg/detail/vehicle_global_position__rosidl_typesupport_fastrtps_cpp.hpp\n'}
[16.262265] (px4_msgs) StdoutLine: {'line': b'-- Up-to-date symlink: /home/giromi/Repos/VTOL/ws_sensor_combined_src/install/px4_msgs/include/px4_msgs/px4_msgs/msg/detail/vehicle_imu__rosidl_typesupport_fastrtps_cpp.hpp\n'}
[16.262519] (px4_msgs) StdoutLine: {'line': b'-- Up-to-date symlink: /home/giromi/Repos/VTOL/ws_sensor_combined_src/install/px4_msgs/include/px4_msgs/px4_msgs/msg/detail/vehicle_imu_status__rosidl_typesupport_fastrtps_cpp.hpp\n'}
[16.262792] (px4_msgs) StdoutLine: {'line': b'-- Up-to-date symlink: /home/giromi/Repos/VTOL/ws_sensor_combined_src/install/px4_msgs/include/px4_msgs/px4_msgs/msg/detail/vehicle_land_detected__rosidl_typesupport_fastrtps_cpp.hpp\n'}
[16.263079] (px4_msgs) StdoutLine: {'line': b'-- Up-to-date symlink: /home/giromi/Repos/VTOL/ws_sensor_combined_src/install/px4_msgs/include/px4_msgs/px4_msgs/msg/detail/vehicle_local_position__rosidl_typesupport_fastrtps_cpp.hpp\n'}
[16.263407] (px4_msgs) StdoutLine: {'line': b'-- Up-to-date symlink: /home/giromi/Repos/VTOL/ws_sensor_combined_src/install/px4_msgs/include/px4_msgs/px4_msgs/msg/detail/vehicle_local_position_setpoint__rosidl_typesupport_fastrtps_cpp.hpp\n'}
[16.263677] (px4_msgs) StdoutLine: {'line': b'-- Up-to-date symlink: /home/giromi/Repos/VTOL/ws_sensor_combined_src/install/px4_msgs/include/px4_msgs/px4_msgs/msg/detail/vehicle_magnetometer__rosidl_typesupport_fastrtps_cpp.hpp\n'}
[16.263927] (px4_msgs) StdoutLine: {'line': b'-- Up-to-date symlink: /home/giromi/Repos/VTOL/ws_sensor_combined_src/install/px4_msgs/include/px4_msgs/px4_msgs/msg/detail/vehicle_odometry__rosidl_typesupport_fastrtps_cpp.hpp\n'}
[16.264231] (px4_msgs) StdoutLine: {'line': b'-- Up-to-date symlink: /home/giromi/Repos/VTOL/ws_sensor_combined_src/install/px4_msgs/include/px4_msgs/px4_msgs/msg/detail/vehicle_optical_flow__rosidl_typesupport_fastrtps_cpp.hpp\n'}
[16.264535] (px4_msgs) StdoutLine: {'line': b'-- Up-to-date symlink: /home/giromi/Repos/VTOL/ws_sensor_combined_src/install/px4_msgs/include/px4_msgs/px4_msgs/msg/detail/vehicle_optical_flow_vel__rosidl_typesupport_fastrtps_cpp.hpp\n'}
[16.264841] (px4_msgs) StdoutLine: {'line': b'-- Up-to-date symlink: /home/giromi/Repos/VTOL/ws_sensor_combined_src/install/px4_msgs/include/px4_msgs/px4_msgs/msg/detail/vehicle_rates_setpoint__rosidl_typesupport_fastrtps_cpp.hpp\n'}
[16.265252] (px4_msgs) StdoutLine: {'line': b'-- Up-to-date symlink: /home/giromi/Repos/VTOL/ws_sensor_combined_src/install/px4_msgs/include/px4_msgs/px4_msgs/msg/detail/vehicle_roi__rosidl_typesupport_fastrtps_cpp.hpp\n'}
[16.265528] (px4_msgs) StdoutLine: {'line': b'-- Up-to-date symlink: /home/giromi/Repos/VTOL/ws_sensor_combined_src/install/px4_msgs/include/px4_msgs/px4_msgs/msg/detail/vehicle_status__rosidl_typesupport_fastrtps_cpp.hpp\n'}
[16.265796] (px4_msgs) StdoutLine: {'line': b'-- Up-to-date symlink: /home/giromi/Repos/VTOL/ws_sensor_combined_src/install/px4_msgs/include/px4_msgs/px4_msgs/msg/detail/vehicle_thrust_setpoint__rosidl_typesupport_fastrtps_cpp.hpp\n'}
[16.266010] (px4_msgs) StdoutLine: {'line': b'-- Up-to-date symlink: /home/giromi/Repos/VTOL/ws_sensor_combined_src/install/px4_msgs/include/px4_msgs/px4_msgs/msg/detail/vehicle_torque_setpoint__rosidl_typesupport_fastrtps_cpp.hpp\n'}
[16.266306] (px4_msgs) StdoutLine: {'line': b'-- Up-to-date symlink: /home/giromi/Repos/VTOL/ws_sensor_combined_src/install/px4_msgs/include/px4_msgs/px4_msgs/msg/detail/vehicle_trajectory_bezier__rosidl_typesupport_fastrtps_cpp.hpp\n'}
[16.266566] (px4_msgs) StdoutLine: {'line': b'-- Up-to-date symlink: /home/giromi/Repos/VTOL/ws_sensor_combined_src/install/px4_msgs/include/px4_msgs/px4_msgs/msg/detail/vehicle_trajectory_waypoint__rosidl_typesupport_fastrtps_cpp.hpp\n'}
[16.266848] (px4_msgs) StdoutLine: {'line': b'-- Up-to-date symlink: /home/giromi/Repos/VTOL/ws_sensor_combined_src/install/px4_msgs/include/px4_msgs/px4_msgs/msg/detail/velocity_limits__rosidl_typesupport_fastrtps_cpp.hpp\n'}
[16.267084] (px4_msgs) StdoutLine: {'line': b'-- Up-to-date symlink: /home/giromi/Repos/VTOL/ws_sensor_combined_src/install/px4_msgs/include/px4_msgs/px4_msgs/msg/detail/vtol_vehicle_status__rosidl_typesupport_fastrtps_cpp.hpp\n'}
[16.267301] (px4_msgs) StdoutLine: {'line': b'-- Up-to-date symlink: /home/giromi/Repos/VTOL/ws_sensor_combined_src/install/px4_msgs/include/px4_msgs/px4_msgs/msg/detail/wheel_encoders__rosidl_typesupport_fastrtps_cpp.hpp\n'}
[16.267523] (px4_msgs) StdoutLine: {'line': b'-- Up-to-date symlink: /home/giromi/Repos/VTOL/ws_sensor_combined_src/install/px4_msgs/include/px4_msgs/px4_msgs/msg/detail/wind__rosidl_typesupport_fastrtps_cpp.hpp\n'}
[16.267749] (px4_msgs) StdoutLine: {'line': b'-- Up-to-date symlink: /home/giromi/Repos/VTOL/ws_sensor_combined_src/install/px4_msgs/include/px4_msgs/px4_msgs/msg/detail/yaw_estimator_status__rosidl_typesupport_fastrtps_cpp.hpp\n'}
[16.267969] (px4_msgs) StdoutLine: {'line': b'-- Up-to-date symlink: /home/giromi/Repos/VTOL/ws_sensor_combined_src/install/px4_msgs/include/px4_msgs/px4_msgs/msg/rosidl_typesupport_fastrtps_cpp__visibility_control.h\n'}
[16.268219] (px4_msgs) StdoutLine: {'line': b'-- Up-to-date symlink: /home/giromi/Repos/VTOL/ws_sensor_combined_src/install/px4_msgs/include/px4_msgs/px4_msgs/srv/detail/vehicle_command__rosidl_typesupport_fastrtps_cpp.hpp\n'}
[16.272023] (px4_msgs) StdoutLine: {'line': b'-- Up-to-date symlink: /home/giromi/Repos/VTOL/ws_sensor_combined_src/install/px4_msgs/include/px4_msgs/px4_msgs/msg/detail/action_request__rosidl_typesupport_introspection_c.h\n'}
[16.272271] (px4_msgs) StdoutLine: {'line': b'-- Up-to-date symlink: /home/giromi/Repos/VTOL/ws_sensor_combined_src/install/px4_msgs/include/px4_msgs/px4_msgs/msg/detail/actuator_armed__rosidl_typesupport_introspection_c.h\n'}
[16.272503] (px4_msgs) StdoutLine: {'line': b'-- Up-to-date symlink: /home/giromi/Repos/VTOL/ws_sensor_combined_src/install/px4_msgs/include/px4_msgs/px4_msgs/msg/detail/actuator_controls_status__rosidl_typesupport_introspection_c.h\n'}
[16.272738] (px4_msgs) StdoutLine: {'line': b'-- Up-to-date symlink: /home/giromi/Repos/VTOL/ws_sensor_combined_src/install/px4_msgs/include/px4_msgs/px4_msgs/msg/detail/actuator_motors__rosidl_typesupport_introspection_c.h\n'}
[16.272958] (px4_msgs) StdoutLine: {'line': b'-- Up-to-date symlink: /home/giromi/Repos/VTOL/ws_sensor_combined_src/install/px4_msgs/include/px4_msgs/px4_msgs/msg/detail/actuator_outputs__rosidl_typesupport_introspection_c.h\n'}
[16.273275] (px4_msgs) StdoutLine: {'line': b'-- Up-to-date symlink: /home/giromi/Repos/VTOL/ws_sensor_combined_src/install/px4_msgs/include/px4_msgs/px4_msgs/msg/detail/actuator_servos__rosidl_typesupport_introspection_c.h\n'}
[16.273549] (px4_msgs) StdoutLine: {'line': b'-- Up-to-date symlink: /home/giromi/Repos/VTOL/ws_sensor_combined_src/install/px4_msgs/include/px4_msgs/px4_msgs/msg/detail/actuator_servos_trim__rosidl_typesupport_introspection_c.h\n'}
[16.273849] (px4_msgs) StdoutLine: {'line': b'-- Up-to-date symlink: /home/giromi/Repos/VTOL/ws_sensor_combined_src/install/px4_msgs/include/px4_msgs/px4_msgs/msg/detail/actuator_test__rosidl_typesupport_introspection_c.h\n'}
[16.274145] (px4_msgs) StdoutLine: {'line': b'-- Up-to-date symlink: /home/giromi/Repos/VTOL/ws_sensor_combined_src/install/px4_msgs/include/px4_msgs/px4_msgs/msg/detail/adc_report__rosidl_typesupport_introspection_c.h\n'}
[16.274395] (px4_msgs) StdoutLine: {'line': b'-- Up-to-date symlink: /home/giromi/Repos/VTOL/ws_sensor_combined_src/install/px4_msgs/include/px4_msgs/px4_msgs/msg/detail/airspeed__rosidl_typesupport_introspection_c.h\n'}
[16.274623] (px4_msgs) StdoutLine: {'line': b'-- Up-to-date symlink: /home/giromi/Repos/VTOL/ws_sensor_combined_src/install/px4_msgs/include/px4_msgs/px4_msgs/msg/detail/airspeed_validated__rosidl_typesupport_introspection_c.h\n'}
[16.274860] (px4_msgs) StdoutLine: {'line': b'-- Up-to-date symlink: /home/giromi/Repos/VTOL/ws_sensor_combined_src/install/px4_msgs/include/px4_msgs/px4_msgs/msg/detail/airspeed_wind__rosidl_typesupport_introspection_c.h\n'}
[16.275078] (px4_msgs) StdoutLine: {'line': b'-- Up-to-date symlink: /home/giromi/Repos/VTOL/ws_sensor_combined_src/install/px4_msgs/include/px4_msgs/px4_msgs/msg/detail/arming_check_reply__rosidl_typesupport_introspection_c.h\n'}
[16.275340] (px4_msgs) StdoutLine: {'line': b'-- Up-to-date symlink: /home/giromi/Repos/VTOL/ws_sensor_combined_src/install/px4_msgs/include/px4_msgs/px4_msgs/msg/detail/arming_check_request__rosidl_typesupport_introspection_c.h\n'}
[16.275571] (px4_msgs) StdoutLine: {'line': b'-- Up-to-date symlink: /home/giromi/Repos/VTOL/ws_sensor_combined_src/install/px4_msgs/include/px4_msgs/px4_msgs/msg/detail/autotune_attitude_control_status__rosidl_typesupport_introspection_c.h\n'}
[16.275819] (px4_msgs) StdoutLine: {'line': b'-- Up-to-date symlink: /home/giromi/Repos/VTOL/ws_sensor_combined_src/install/px4_msgs/include/px4_msgs/px4_msgs/msg/detail/battery_status__rosidl_typesupport_introspection_c.h\n'}
[16.276096] (px4_msgs) StdoutLine: {'line': b'-- Up-to-date symlink: /home/giromi/Repos/VTOL/ws_sensor_combined_src/install/px4_msgs/include/px4_msgs/px4_msgs/msg/detail/buffer128__rosidl_typesupport_introspection_c.h\n'}
[16.276357] (px4_msgs) StdoutLine: {'line': b'-- Up-to-date symlink: /home/giromi/Repos/VTOL/ws_sensor_combined_src/install/px4_msgs/include/px4_msgs/px4_msgs/msg/detail/button_event__rosidl_typesupport_introspection_c.h\n'}
[16.276589] (px4_msgs) StdoutLine: {'line': b'-- Up-to-date symlink: /home/giromi/Repos/VTOL/ws_sensor_combined_src/install/px4_msgs/include/px4_msgs/px4_msgs/msg/detail/camera_capture__rosidl_typesupport_introspection_c.h\n'}
[16.276808] (px4_msgs) StdoutLine: {'line': b'-- Up-to-date symlink: /home/giromi/Repos/VTOL/ws_sensor_combined_src/install/px4_msgs/include/px4_msgs/px4_msgs/msg/detail/camera_status__rosidl_typesupport_introspection_c.h\n'}
[16.277142] (px4_msgs) StdoutLine: {'line': b'-- Up-to-date symlink: /home/giromi/Repos/VTOL/ws_sensor_combined_src/install/px4_msgs/include/px4_msgs/px4_msgs/msg/detail/camera_trigger__rosidl_typesupport_introspection_c.h\n'}
[16.277386] (px4_msgs) StdoutLine: {'line': b'-- Up-to-date symlink: /home/giromi/Repos/VTOL/ws_sensor_combined_src/install/px4_msgs/include/px4_msgs/px4_msgs/msg/detail/cellular_status__rosidl_typesupport_introspection_c.h\n'}
[16.277613] (px4_msgs) StdoutLine: {'line': b'-- Up-to-date symlink: /home/giromi/Repos/VTOL/ws_sensor_combined_src/install/px4_msgs/include/px4_msgs/px4_msgs/msg/detail/collision_constraints__rosidl_typesupport_introspection_c.h\n'}
[16.277817] (px4_msgs) StdoutLine: {'line': b'-- Up-to-date symlink: /home/giromi/Repos/VTOL/ws_sensor_combined_src/install/px4_msgs/include/px4_msgs/px4_msgs/msg/detail/collision_report__rosidl_typesupport_introspection_c.h\n'}
[16.278103] (px4_msgs) StdoutLine: {'line': b'-- Up-to-date symlink: /home/giromi/Repos/VTOL/ws_sensor_combined_src/install/px4_msgs/include/px4_msgs/px4_msgs/msg/detail/config_overrides__rosidl_typesupport_introspection_c.h\n'}
[16.278365] (px4_msgs) StdoutLine: {'line': b'-- Up-to-date symlink: /home/giromi/Repos/VTOL/ws_sensor_combined_src/install/px4_msgs/include/px4_msgs/px4_msgs/msg/detail/control_allocator_status__rosidl_typesupport_introspection_c.h\n'}
[16.278640] (px4_msgs) StdoutLine: {'line': b'-- Up-to-date symlink: /home/giromi/Repos/VTOL/ws_sensor_combined_src/install/px4_msgs/include/px4_msgs/px4_msgs/msg/detail/cpuload__rosidl_typesupport_introspection_c.h\n'}
[16.278871] (px4_msgs) StdoutLine: {'line': b'-- Up-to-date symlink: /home/giromi/Repos/VTOL/ws_sensor_combined_src/install/px4_msgs/include/px4_msgs/px4_msgs/msg/detail/dataman_request__rosidl_typesupport_introspection_c.h\n'}
[16.279068] (px4_msgs) StdoutLine: {'line': b'-- Up-to-date symlink: /home/giromi/Repos/VTOL/ws_sensor_combined_src/install/px4_msgs/include/px4_msgs/px4_msgs/msg/detail/dataman_response__rosidl_typesupport_introspection_c.h\n'}
[16.279331] (px4_msgs) StdoutLine: {'line': b'-- Up-to-date symlink: /home/giromi/Repos/VTOL/ws_sensor_combined_src/install/px4_msgs/include/px4_msgs/px4_msgs/msg/detail/debug_array__rosidl_typesupport_introspection_c.h\n'}
[16.279557] (px4_msgs) StdoutLine: {'line': b'-- Up-to-date symlink: /home/giromi/Repos/VTOL/ws_sensor_combined_src/install/px4_msgs/include/px4_msgs/px4_msgs/msg/detail/debug_key_value__rosidl_typesupport_introspection_c.h\n'}
[16.279779] (px4_msgs) StdoutLine: {'line': b'-- Up-to-date symlink: /home/giromi/Repos/VTOL/ws_sensor_combined_src/install/px4_msgs/include/px4_msgs/px4_msgs/msg/detail/debug_value__rosidl_typesupport_introspection_c.h\n'}
[16.280046] (px4_msgs) StdoutLine: {'line': b'-- Up-to-date symlink: /home/giromi/Repos/VTOL/ws_sensor_combined_src/install/px4_msgs/include/px4_msgs/px4_msgs/msg/detail/debug_vect__rosidl_typesupport_introspection_c.h\n'}
[16.280310] (px4_msgs) StdoutLine: {'line': b'-- Up-to-date symlink: /home/giromi/Repos/VTOL/ws_sensor_combined_src/install/px4_msgs/include/px4_msgs/px4_msgs/msg/detail/differential_drive_setpoint__rosidl_typesupport_introspection_c.h\n'}
[16.280580] (px4_msgs) StdoutLine: {'line': b'-- Up-to-date symlink: /home/giromi/Repos/VTOL/ws_sensor_combined_src/install/px4_msgs/include/px4_msgs/px4_msgs/msg/detail/differential_pressure__rosidl_typesupport_introspection_c.h\n'}
[16.280810] (px4_msgs) StdoutLine: {'line': b'-- Up-to-date symlink: /home/giromi/Repos/VTOL/ws_sensor_combined_src/install/px4_msgs/include/px4_msgs/px4_msgs/msg/detail/distance_sensor__rosidl_typesupport_introspection_c.h\n'}
[16.281222] (px4_msgs) StdoutLine: {'line': b'-- Up-to-date symlink: /home/giromi/Repos/VTOL/ws_sensor_combined_src/install/px4_msgs/include/px4_msgs/px4_msgs/msg/detail/ekf2_timestamps__rosidl_typesupport_introspection_c.h\n'}
[16.281452] (px4_msgs) StdoutLine: {'line': b'-- Up-to-date symlink: /home/giromi/Repos/VTOL/ws_sensor_combined_src/install/px4_msgs/include/px4_msgs/px4_msgs/msg/detail/esc_report__rosidl_typesupport_introspection_c.h\n'}
[16.281684] (px4_msgs) StdoutLine: {'line': b'-- Up-to-date symlink: /home/giromi/Repos/VTOL/ws_sensor_combined_src/install/px4_msgs/include/px4_msgs/px4_msgs/msg/detail/esc_status__rosidl_typesupport_introspection_c.h\n'}
[16.281870] (px4_msgs) StdoutLine: {'line': b'-- Up-to-date symlink: /home/giromi/Repos/VTOL/ws_sensor_combined_src/install/px4_msgs/include/px4_msgs/px4_msgs/msg/detail/estimator_aid_source1d__rosidl_typesupport_introspection_c.h\n'}
[16.282115] (px4_msgs) StdoutLine: {'line': b'-- Up-to-date symlink: /home/giromi/Repos/VTOL/ws_sensor_combined_src/install/px4_msgs/include/px4_msgs/px4_msgs/msg/detail/estimator_aid_source2d__rosidl_typesupport_introspection_c.h\n'}
[16.282398] (px4_msgs) StdoutLine: {'line': b'-- Up-to-date symlink: /home/giromi/Repos/VTOL/ws_sensor_combined_src/install/px4_msgs/include/px4_msgs/px4_msgs/msg/detail/estimator_aid_source3d__rosidl_typesupport_introspection_c.h\n'}
[16.282655] (px4_msgs) StdoutLine: {'line': b'-- Up-to-date symlink: /home/giromi/Repos/VTOL/ws_sensor_combined_src/install/px4_msgs/include/px4_msgs/px4_msgs/msg/detail/estimator_bias3d__rosidl_typesupport_introspection_c.h\n'}
[16.282944] (px4_msgs) StdoutLine: {'line': b'-- Up-to-date symlink: /home/giromi/Repos/VTOL/ws_sensor_combined_src/install/px4_msgs/include/px4_msgs/px4_msgs/msg/detail/estimator_bias__rosidl_typesupport_introspection_c.h\n'}
[16.283214] (px4_msgs) StdoutLine: {'line': b'-- Up-to-date symlink: /home/giromi/Repos/VTOL/ws_sensor_combined_src/install/px4_msgs/include/px4_msgs/px4_msgs/msg/detail/estimator_event_flags__rosidl_typesupport_introspection_c.h\n'}
[16.283465] (px4_msgs) StdoutLine: {'line': b'-- Up-to-date symlink: /home/giromi/Repos/VTOL/ws_sensor_combined_src/install/px4_msgs/include/px4_msgs/px4_msgs/msg/detail/estimator_gps_status__rosidl_typesupport_introspection_c.h\n'}
[16.283727] (px4_msgs) StdoutLine: {'line': b'-- Up-to-date symlink: /home/giromi/Repos/VTOL/ws_sensor_combined_src/install/px4_msgs/include/px4_msgs/px4_msgs/msg/detail/estimator_innovations__rosidl_typesupport_introspection_c.h\n'}
[16.283981] (px4_msgs) StdoutLine: {'line': b'-- Up-to-date symlink: /home/giromi/Repos/VTOL/ws_sensor_combined_src/install/px4_msgs/include/px4_msgs/px4_msgs/msg/detail/estimator_selector_status__rosidl_typesupport_introspection_c.h\n'}
[16.284240] (px4_msgs) StdoutLine: {'line': b'-- Up-to-date symlink: /home/giromi/Repos/VTOL/ws_sensor_combined_src/install/px4_msgs/include/px4_msgs/px4_msgs/msg/detail/estimator_sensor_bias__rosidl_typesupport_introspection_c.h\n'}
[16.284513] (px4_msgs) StdoutLine: {'line': b'-- Up-to-date symlink: /home/giromi/Repos/VTOL/ws_sensor_combined_src/install/px4_msgs/include/px4_msgs/px4_msgs/msg/detail/estimator_states__rosidl_typesupport_introspection_c.h\n'}
[16.284749] (px4_msgs) StdoutLine: {'line': b'-- Up-to-date symlink: /home/giromi/Repos/VTOL/ws_sensor_combined_src/install/px4_msgs/include/px4_msgs/px4_msgs/msg/detail/estimator_status__rosidl_typesupport_introspection_c.h\n'}
[16.285168] (px4_msgs) StdoutLine: {'line': b'-- Up-to-date symlink: /home/giromi/Repos/VTOL/ws_sensor_combined_src/install/px4_msgs/include/px4_msgs/px4_msgs/msg/detail/estimator_status_flags__rosidl_typesupport_introspection_c.h\n'}
[16.285544] (px4_msgs) StdoutLine: {'line': b'-- Up-to-date symlink: /home/giromi/Repos/VTOL/ws_sensor_combined_src/install/px4_msgs/include/px4_msgs/px4_msgs/msg/detail/event__rosidl_typesupport_introspection_c.h\n'}
[16.285843] (px4_msgs) StdoutLine: {'line': b'-- Up-to-date symlink: /home/giromi/Repos/VTOL/ws_sensor_combined_src/install/px4_msgs/include/px4_msgs/px4_msgs/msg/detail/failsafe_flags__rosidl_typesupport_introspection_c.h\n'}
[16.286111] (px4_msgs) StdoutLine: {'line': b'-- Up-to-date symlink: /home/giromi/Repos/VTOL/ws_sensor_combined_src/install/px4_msgs/include/px4_msgs/px4_msgs/msg/detail/failure_detector_status__rosidl_typesupport_introspection_c.h\n'}
[16.286370] (px4_msgs) StdoutLine: {'line': b'-- Up-to-date symlink: /home/giromi/Repos/VTOL/ws_sensor_combined_src/install/px4_msgs/include/px4_msgs/px4_msgs/msg/detail/figure_eight_status__rosidl_typesupport_introspection_c.h\n'}
[16.286654] (px4_msgs) StdoutLine: {'line': b'-- Up-to-date symlink: /home/giromi/Repos/VTOL/ws_sensor_combined_src/install/px4_msgs/include/px4_msgs/px4_msgs/msg/detail/follow_target__rosidl_typesupport_introspection_c.h\n'}
[16.286964] (px4_msgs) StdoutLine: {'line': b'-- Up-to-date symlink: /home/giromi/Repos/VTOL/ws_sensor_combined_src/install/px4_msgs/include/px4_msgs/px4_msgs/msg/detail/follow_target_estimator__rosidl_typesupport_introspection_c.h\n'}
[16.287207] (px4_msgs) StdoutLine: {'line': b'-- Up-to-date symlink: /home/giromi/Repos/VTOL/ws_sensor_combined_src/install/px4_msgs/include/px4_msgs/px4_msgs/msg/detail/follow_target_status__rosidl_typesupport_introspection_c.h\n'}
[16.287465] (px4_msgs) StdoutLine: {'line': b'-- Up-to-date symlink: /home/giromi/Repos/VTOL/ws_sensor_combined_src/install/px4_msgs/include/px4_msgs/px4_msgs/msg/detail/generator_status__rosidl_typesupport_introspection_c.h\n'}
[16.287704] (px4_msgs) StdoutLine: {'line': b'-- Up-to-date symlink: /home/giromi/Repos/VTOL/ws_sensor_combined_src/install/px4_msgs/include/px4_msgs/px4_msgs/msg/detail/geofence_result__rosidl_typesupport_introspection_c.h\n'}
[16.287972] (px4_msgs) StdoutLine: {'line': b'-- Up-to-date symlink: /home/giromi/Repos/VTOL/ws_sensor_combined_src/install/px4_msgs/include/px4_msgs/px4_msgs/msg/detail/gimbal_controls__rosidl_typesupport_introspection_c.h\n'}
[16.288282] (px4_msgs) StdoutLine: {'line': b'-- Up-to-date symlink: /home/giromi/Repos/VTOL/ws_sensor_combined_src/install/px4_msgs/include/px4_msgs/px4_msgs/msg/detail/gimbal_device_attitude_status__rosidl_typesupport_introspection_c.h\n'}
[16.288583] (px4_msgs) StdoutLine: {'line': b'-- Up-to-date symlink: /home/giromi/Repos/VTOL/ws_sensor_combined_src/install/px4_msgs/include/px4_msgs/px4_msgs/msg/detail/gimbal_device_information__rosidl_typesupport_introspection_c.h\n'}
[16.288856] (px4_msgs) StdoutLine: {'line': b'-- Up-to-date symlink: /home/giromi/Repos/VTOL/ws_sensor_combined_src/install/px4_msgs/include/px4_msgs/px4_msgs/msg/detail/gimbal_device_set_attitude__rosidl_typesupport_introspection_c.h\n'}
[16.289162] (px4_msgs) StdoutLine: {'line': b'-- Up-to-date symlink: /home/giromi/Repos/VTOL/ws_sensor_combined_src/install/px4_msgs/include/px4_msgs/px4_msgs/msg/detail/gimbal_manager_information__rosidl_typesupport_introspection_c.h\n'}
[16.289416] (px4_msgs) StdoutLine: {'line': b'-- Up-to-date symlink: /home/giromi/Repos/VTOL/ws_sensor_combined_src/install/px4_msgs/include/px4_msgs/px4_msgs/msg/detail/gimbal_manager_set_attitude__rosidl_typesupport_introspection_c.h\n'}
[16.289671] (px4_msgs) StdoutLine: {'line': b'-- Up-to-date symlink: /home/giromi/Repos/VTOL/ws_sensor_combined_src/install/px4_msgs/include/px4_msgs/px4_msgs/msg/detail/gimbal_manager_set_manual_control__rosidl_typesupport_introspection_c.h\n'}
[16.289926] (px4_msgs) StdoutLine: {'line': b'-- Up-to-date symlink: /home/giromi/Repos/VTOL/ws_sensor_combined_src/install/px4_msgs/include/px4_msgs/px4_msgs/msg/detail/gimbal_manager_status__rosidl_typesupport_introspection_c.h\n'}
[16.290241] (px4_msgs) StdoutLine: {'line': b'-- Up-to-date symlink: /home/giromi/Repos/VTOL/ws_sensor_combined_src/install/px4_msgs/include/px4_msgs/px4_msgs/msg/detail/goto_setpoint__rosidl_typesupport_introspection_c.h\n'}
[16.290496] (px4_msgs) StdoutLine: {'line': b'-- Up-to-date symlink: /home/giromi/Repos/VTOL/ws_sensor_combined_src/install/px4_msgs/include/px4_msgs/px4_msgs/msg/detail/gpio_config__rosidl_typesupport_introspection_c.h\n'}
[16.290727] (px4_msgs) StdoutLine: {'line': b'-- Up-to-date symlink: /home/giromi/Repos/VTOL/ws_sensor_combined_src/install/px4_msgs/include/px4_msgs/px4_msgs/msg/detail/gpio_in__rosidl_typesupport_introspection_c.h\n'}
[16.291035] (px4_msgs) StdoutLine: {'line': b'-- Up-to-date symlink: /home/giromi/Repos/VTOL/ws_sensor_combined_src/install/px4_msgs/include/px4_msgs/px4_msgs/msg/detail/gpio_out__rosidl_typesupport_introspection_c.h\n'}
[16.291316] (px4_msgs) StdoutLine: {'line': b'-- Up-to-date symlink: /home/giromi/Repos/VTOL/ws_sensor_combined_src/install/px4_msgs/include/px4_msgs/px4_msgs/msg/detail/gpio_request__rosidl_typesupport_introspection_c.h\n'}
[16.291629] (px4_msgs) StdoutLine: {'line': b'-- Up-to-date symlink: /home/giromi/Repos/VTOL/ws_sensor_combined_src/install/px4_msgs/include/px4_msgs/px4_msgs/msg/detail/gps_dump__rosidl_typesupport_introspection_c.h\n'}
[16.291950] (px4_msgs) StdoutLine: {'line': b'-- Up-to-date symlink: /home/giromi/Repos/VTOL/ws_sensor_combined_src/install/px4_msgs/include/px4_msgs/px4_msgs/msg/detail/gps_inject_data__rosidl_typesupport_introspection_c.h\n'}
[16.292262] (px4_msgs) StdoutLine: {'line': b'-- Up-to-date symlink: /home/giromi/Repos/VTOL/ws_sensor_combined_src/install/px4_msgs/include/px4_msgs/px4_msgs/msg/detail/gripper__rosidl_typesupport_introspection_c.h\n'}
[16.292579] (px4_msgs) StdoutLine: {'line': b'-- Up-to-date symlink: /home/giromi/Repos/VTOL/ws_sensor_combined_src/install/px4_msgs/include/px4_msgs/px4_msgs/msg/detail/health_report__rosidl_typesupport_introspection_c.h\n'}
[16.292861] (px4_msgs) StdoutLine: {'line': b'-- Up-to-date symlink: /home/giromi/Repos/VTOL/ws_sensor_combined_src/install/px4_msgs/include/px4_msgs/px4_msgs/msg/detail/heater_status__rosidl_typesupport_introspection_c.h\n'}
[16.293181] (px4_msgs) StdoutLine: {'line': b'-- Up-to-date symlink: /home/giromi/Repos/VTOL/ws_sensor_combined_src/install/px4_msgs/include/px4_msgs/px4_msgs/msg/detail/home_position__rosidl_typesupport_introspection_c.h\n'}
[16.293440] (px4_msgs) StdoutLine: {'line': b'-- Up-to-date symlink: /home/giromi/Repos/VTOL/ws_sensor_combined_src/install/px4_msgs/include/px4_msgs/px4_msgs/msg/detail/hover_thrust_estimate__rosidl_typesupport_introspection_c.h\n'}
[16.293648] (px4_msgs) StdoutLine: {'line': b'-- Up-to-date symlink: /home/giromi/Repos/VTOL/ws_sensor_combined_src/install/px4_msgs/include/px4_msgs/px4_msgs/msg/detail/input_rc__rosidl_typesupport_introspection_c.h\n'}
[16.293920] (px4_msgs) StdoutLine: {'line': b'-- Up-to-date symlink: /home/giromi/Repos/VTOL/ws_sensor_combined_src/install/px4_msgs/include/px4_msgs/px4_msgs/msg/detail/internal_combustion_engine_status__rosidl_typesupport_introspection_c.h\n'}
[16.294238] (px4_msgs) StdoutLine: {'line': b'-- Up-to-date symlink: /home/giromi/Repos/VTOL/ws_sensor_combined_src/install/px4_msgs/include/px4_msgs/px4_msgs/msg/detail/iridiumsbd_status__rosidl_typesupport_introspection_c.h\n'}
[16.294528] (px4_msgs) StdoutLine: {'line': b'-- Up-to-date symlink: /home/giromi/Repos/VTOL/ws_sensor_combined_src/install/px4_msgs/include/px4_msgs/px4_msgs/msg/detail/irlock_report__rosidl_typesupport_introspection_c.h\n'}
[16.294862] (px4_msgs) StdoutLine: {'line': b'-- Up-to-date symlink: /home/giromi/Repos/VTOL/ws_sensor_combined_src/install/px4_msgs/include/px4_msgs/px4_msgs/msg/detail/landing_gear__rosidl_typesupport_introspection_c.h\n'}
[16.295183] (px4_msgs) StdoutLine: {'line': b'-- Up-to-date symlink: /home/giromi/Repos/VTOL/ws_sensor_combined_src/install/px4_msgs/include/px4_msgs/px4_msgs/msg/detail/landing_gear_wheel__rosidl_typesupport_introspection_c.h\n'}
[16.295505] (px4_msgs) StdoutLine: {'line': b'-- Up-to-date symlink: /home/giromi/Repos/VTOL/ws_sensor_combined_src/install/px4_msgs/include/px4_msgs/px4_msgs/msg/detail/landing_target_innovations__rosidl_typesupport_introspection_c.h\n'}
[16.295830] (px4_msgs) StdoutLine: {'line': b'-- Up-to-date symlink: /home/giromi/Repos/VTOL/ws_sensor_combined_src/install/px4_msgs/include/px4_msgs/px4_msgs/msg/detail/landing_target_pose__rosidl_typesupport_introspection_c.h\n'}
[16.296144] (px4_msgs) StdoutLine: {'line': b'-- Up-to-date symlink: /home/giromi/Repos/VTOL/ws_sensor_combined_src/install/px4_msgs/include/px4_msgs/px4_msgs/msg/detail/launch_detection_status__rosidl_typesupport_introspection_c.h\n'}
[16.296450] (px4_msgs) StdoutLine: {'line': b'-- Up-to-date symlink: /home/giromi/Repos/VTOL/ws_sensor_combined_src/install/px4_msgs/include/px4_msgs/px4_msgs/msg/detail/led_control__rosidl_typesupport_introspection_c.h\n'}
[16.296699] (px4_msgs) StdoutLine: {'line': b'-- Up-to-date symlink: /home/giromi/Repos/VTOL/ws_sensor_combined_src/install/px4_msgs/include/px4_msgs/px4_msgs/msg/detail/log_message__rosidl_typesupport_introspection_c.h\n'}
[16.297088] (px4_msgs) StdoutLine: {'line': b'-- Up-to-date symlink: /home/giromi/Repos/VTOL/ws_sensor_combined_src/install/px4_msgs/include/px4_msgs/px4_msgs/msg/detail/logger_status__rosidl_typesupport_introspection_c.h\n'}
[16.297403] (px4_msgs) StdoutLine: {'line': b'-- Up-to-date symlink: /home/giromi/Repos/VTOL/ws_sensor_combined_src/install/px4_msgs/include/px4_msgs/px4_msgs/msg/detail/mag_worker_data__rosidl_typesupport_introspection_c.h\n'}
[16.297728] (px4_msgs) StdoutLine: {'line': b'-- Up-to-date symlink: /home/giromi/Repos/VTOL/ws_sensor_combined_src/install/px4_msgs/include/px4_msgs/px4_msgs/msg/detail/magnetometer_bias_estimate__rosidl_typesupport_introspection_c.h\n'}
[16.298016] (px4_msgs) StdoutLine: {'line': b'-- Up-to-date symlink: /home/giromi/Repos/VTOL/ws_sensor_combined_src/install/px4_msgs/include/px4_msgs/px4_msgs/msg/detail/manual_control_setpoint__rosidl_typesupport_introspection_c.h\n'}
[16.298348] (px4_msgs) StdoutLine: {'line': b'-- Up-to-date symlink: /home/giromi/Repos/VTOL/ws_sensor_combined_src/install/px4_msgs/include/px4_msgs/px4_msgs/msg/detail/manual_control_switches__rosidl_typesupport_introspection_c.h\n'}
[16.298660] (px4_msgs) StdoutLine: {'line': b'-- Up-to-date symlink: /home/giromi/Repos/VTOL/ws_sensor_combined_src/install/px4_msgs/include/px4_msgs/px4_msgs/msg/detail/mavlink_log__rosidl_typesupport_introspection_c.h\n'}
[16.299034] (px4_msgs) StdoutLine: {'line': b'-- Up-to-date symlink: /home/giromi/Repos/VTOL/ws_sensor_combined_src/install/px4_msgs/include/px4_msgs/px4_msgs/msg/detail/mavlink_tunnel__rosidl_typesupport_introspection_c.h\n'}
[16.299283] (px4_msgs) StdoutLine: {'line': b'-- Up-to-date symlink: /home/giromi/Repos/VTOL/ws_sensor_combined_src/install/px4_msgs/include/px4_msgs/px4_msgs/msg/detail/message_format_request__rosidl_typesupport_introspection_c.h\n'}
[16.299559] (px4_msgs) StdoutLine: {'line': b'-- Up-to-date symlink: /home/giromi/Repos/VTOL/ws_sensor_combined_src/install/px4_msgs/include/px4_msgs/px4_msgs/msg/detail/message_format_response__rosidl_typesupport_introspection_c.h\n'}
[16.299873] (px4_msgs) StdoutLine: {'line': b'-- Up-to-date symlink: /home/giromi/Repos/VTOL/ws_sensor_combined_src/install/px4_msgs/include/px4_msgs/px4_msgs/msg/detail/mission__rosidl_typesupport_introspection_c.h\n'}
[16.300231] (px4_msgs) StdoutLine: {'line': b'-- Up-to-date symlink: /home/giromi/Repos/VTOL/ws_sensor_combined_src/install/px4_msgs/include/px4_msgs/px4_msgs/msg/detail/mission_result__rosidl_typesupport_introspection_c.h\n'}
[16.300559] (px4_msgs) StdoutLine: {'line': b'-- Up-to-date symlink: /home/giromi/Repos/VTOL/ws_sensor_combined_src/install/px4_msgs/include/px4_msgs/px4_msgs/msg/detail/mode_completed__rosidl_typesupport_introspection_c.h\n'}
[16.300808] (px4_msgs) StdoutLine: {'line': b'-- Up-to-date symlink: /home/giromi/Repos/VTOL/ws_sensor_combined_src/install/px4_msgs/include/px4_msgs/px4_msgs/msg/detail/mount_orientation__rosidl_typesupport_introspection_c.h\n'}
[16.301109] (px4_msgs) StdoutLine: {'line': b'-- Up-to-date symlink: /home/giromi/Repos/VTOL/ws_sensor_combined_src/install/px4_msgs/include/px4_msgs/px4_msgs/msg/detail/navigator_mission_item__rosidl_typesupport_introspection_c.h\n'}
[16.301428] (px4_msgs) StdoutLine: {'line': b'-- Up-to-date symlink: /home/giromi/Repos/VTOL/ws_sensor_combined_src/install/px4_msgs/include/px4_msgs/px4_msgs/msg/detail/normalized_unsigned_setpoint__rosidl_typesupport_introspection_c.h\n'}
[16.301715] (px4_msgs) StdoutLine: {'line': b'-- Up-to-date symlink: /home/giromi/Repos/VTOL/ws_sensor_combined_src/install/px4_msgs/include/px4_msgs/px4_msgs/msg/detail/npfg_status__rosidl_typesupport_introspection_c.h\n'}
[16.302044] (px4_msgs) StdoutLine: {'line': b'-- Up-to-date symlink: /home/giromi/Repos/VTOL/ws_sensor_combined_src/install/px4_msgs/include/px4_msgs/px4_msgs/msg/detail/obstacle_distance__rosidl_typesupport_introspection_c.h\n'}
[16.302218] (px4_msgs) StdoutLine: {'line': b'-- Up-to-date symlink: /home/giromi/Repos/VTOL/ws_sensor_combined_src/install/px4_msgs/include/px4_msgs/px4_msgs/msg/detail/offboard_control_mode__rosidl_typesupport_introspection_c.h\n'}
[16.302475] (px4_msgs) StdoutLine: {'line': b'-- Up-to-date symlink: /home/giromi/Repos/VTOL/ws_sensor_combined_src/install/px4_msgs/include/px4_msgs/px4_msgs/msg/detail/onboard_computer_status__rosidl_typesupport_introspection_c.h\n'}
[16.302753] (px4_msgs) StdoutLine: {'line': b'-- Up-to-date symlink: /home/giromi/Repos/VTOL/ws_sensor_combined_src/install/px4_msgs/include/px4_msgs/px4_msgs/msg/detail/orb_test__rosidl_typesupport_introspection_c.h\n'}
[16.303128] (px4_msgs) StdoutLine: {'line': b'-- Up-to-date symlink: /home/giromi/Repos/VTOL/ws_sensor_combined_src/install/px4_msgs/include/px4_msgs/px4_msgs/msg/detail/orb_test_large__rosidl_typesupport_introspection_c.h\n'}
[16.303450] (px4_msgs) StdoutLine: {'line': b'-- Up-to-date symlink: /home/giromi/Repos/VTOL/ws_sensor_combined_src/install/px4_msgs/include/px4_msgs/px4_msgs/msg/detail/orb_test_medium__rosidl_typesupport_introspection_c.h\n'}
[16.303808] (px4_msgs) StdoutLine: {'line': b'-- Up-to-date symlink: /home/giromi/Repos/VTOL/ws_sensor_combined_src/install/px4_msgs/include/px4_msgs/px4_msgs/msg/detail/orbit_status__rosidl_typesupport_introspection_c.h\n'}
[16.304158] (px4_msgs) StdoutLine: {'line': b'-- Up-to-date symlink: /home/giromi/Repos/VTOL/ws_sensor_combined_src/install/px4_msgs/include/px4_msgs/px4_msgs/msg/detail/parameter_update__rosidl_typesupport_introspection_c.h\n'}
[16.304384] (px4_msgs) StdoutLine: {'line': b'-- Up-to-date symlink: /home/giromi/Repos/VTOL/ws_sensor_combined_src/install/px4_msgs/include/px4_msgs/px4_msgs/msg/detail/ping__rosidl_typesupport_introspection_c.h\n'}
[16.304725] (px4_msgs) StdoutLine: {'line': b'-- Up-to-date symlink: /home/giromi/Repos/VTOL/ws_sensor_combined_src/install/px4_msgs/include/px4_msgs/px4_msgs/msg/detail/position_controller_landing_status__rosidl_typesupport_introspection_c.h\n'}
[16.305168] (px4_msgs) StdoutLine: {'line': b'-- Up-to-date symlink: /home/giromi/Repos/VTOL/ws_sensor_combined_src/install/px4_msgs/include/px4_msgs/px4_msgs/msg/detail/position_controller_status__rosidl_typesupport_introspection_c.h\n'}
[16.305354] (px4_msgs) StdoutLine: {'line': b'-- Up-to-date symlink: /home/giromi/Repos/VTOL/ws_sensor_combined_src/install/px4_msgs/include/px4_msgs/px4_msgs/msg/detail/position_setpoint__rosidl_typesupport_introspection_c.h\n'}
[16.305669] (px4_msgs) StdoutLine: {'line': b'-- Up-to-date symlink: /home/giromi/Repos/VTOL/ws_sensor_combined_src/install/px4_msgs/include/px4_msgs/px4_msgs/msg/detail/position_setpoint_triplet__rosidl_typesupport_introspection_c.h\n'}
[16.305961] (px4_msgs) StdoutLine: {'line': b'-- Up-to-date symlink: /home/giromi/Repos/VTOL/ws_sensor_combined_src/install/px4_msgs/include/px4_msgs/px4_msgs/msg/detail/power_button_state__rosidl_typesupport_introspection_c.h\n'}
[16.306185] (px4_msgs) StdoutLine: {'line': b'-- Up-to-date symlink: /home/giromi/Repos/VTOL/ws_sensor_combined_src/install/px4_msgs/include/px4_msgs/px4_msgs/msg/detail/power_monitor__rosidl_typesupport_introspection_c.h\n'}
[16.306538] (px4_msgs) StdoutLine: {'line': b'-- Up-to-date symlink: /home/giromi/Repos/VTOL/ws_sensor_combined_src/install/px4_msgs/include/px4_msgs/px4_msgs/msg/detail/pps_capture__rosidl_typesupport_introspection_c.h\n'}
[16.306754] (px4_msgs) StdoutLine: {'line': b'-- Up-to-date symlink: /home/giromi/Repos/VTOL/ws_sensor_combined_src/install/px4_msgs/include/px4_msgs/px4_msgs/msg/detail/pwm_input__rosidl_typesupport_introspection_c.h\n'}
[16.307003] (px4_msgs) StdoutLine: {'line': b'-- Up-to-date symlink: /home/giromi/Repos/VTOL/ws_sensor_combined_src/install/px4_msgs/include/px4_msgs/px4_msgs/msg/detail/px4io_status__rosidl_typesupport_introspection_c.h\n'}
[16.307369] (px4_msgs) StdoutLine: {'line': b'-- Up-to-date symlink: /home/giromi/Repos/VTOL/ws_sensor_combined_src/install/px4_msgs/include/px4_msgs/px4_msgs/msg/detail/qshell_req__rosidl_typesupport_introspection_c.h\n'}
[16.307720] (px4_msgs) StdoutLine: {'line': b'-- Up-to-date symlink: /home/giromi/Repos/VTOL/ws_sensor_combined_src/install/px4_msgs/include/px4_msgs/px4_msgs/msg/detail/qshell_retval__rosidl_typesupport_introspection_c.h\n'}
[16.308037] (px4_msgs) StdoutLine: {'line': b'-- Up-to-date symlink: /home/giromi/Repos/VTOL/ws_sensor_combined_src/install/px4_msgs/include/px4_msgs/px4_msgs/msg/detail/radio_status__rosidl_typesupport_introspection_c.h\n'}
[16.308351] (px4_msgs) StdoutLine: {'line': b'-- Up-to-date symlink: /home/giromi/Repos/VTOL/ws_sensor_combined_src/install/px4_msgs/include/px4_msgs/px4_msgs/msg/detail/rate_ctrl_status__rosidl_typesupport_introspection_c.h\n'}
[16.308609] (px4_msgs) StdoutLine: {'line': b'-- Up-to-date symlink: /home/giromi/Repos/VTOL/ws_sensor_combined_src/install/px4_msgs/include/px4_msgs/px4_msgs/msg/detail/rc_channels__rosidl_typesupport_introspection_c.h\n'}
[16.308880] (px4_msgs) StdoutLine: {'line': b'-- Up-to-date symlink: /home/giromi/Repos/VTOL/ws_sensor_combined_src/install/px4_msgs/include/px4_msgs/px4_msgs/msg/detail/rc_parameter_map__rosidl_typesupport_introspection_c.h\n'}
[16.309212] (px4_msgs) StdoutLine: {'line': b'-- Up-to-date symlink: /home/giromi/Repos/VTOL/ws_sensor_combined_src/install/px4_msgs/include/px4_msgs/px4_msgs/msg/detail/register_ext_component_reply__rosidl_typesupport_introspection_c.h\n'}
[16.309493] (px4_msgs) StdoutLine: {'line': b'-- Up-to-date symlink: /home/giromi/Repos/VTOL/ws_sensor_combined_src/install/px4_msgs/include/px4_msgs/px4_msgs/msg/detail/register_ext_component_request__rosidl_typesupport_introspection_c.h\n'}
[16.309776] (px4_msgs) StdoutLine: {'line': b'-- Up-to-date symlink: /home/giromi/Repos/VTOL/ws_sensor_combined_src/install/px4_msgs/include/px4_msgs/px4_msgs/msg/detail/rpm__rosidl_typesupport_introspection_c.h\n'}
[16.310004] (px4_msgs) StdoutLine: {'line': b'-- Up-to-date symlink: /home/giromi/Repos/VTOL/ws_sensor_combined_src/install/px4_msgs/include/px4_msgs/px4_msgs/msg/detail/rtl_time_estimate__rosidl_typesupport_introspection_c.h\n'}
[16.310248] (px4_msgs) StdoutLine: {'line': b'-- Up-to-date symlink: /home/giromi/Repos/VTOL/ws_sensor_combined_src/install/px4_msgs/include/px4_msgs/px4_msgs/msg/detail/satellite_info__rosidl_typesupport_introspection_c.h\n'}
[16.310552] (px4_msgs) StdoutLine: {'line': b'-- Up-to-date symlink: /home/giromi/Repos/VTOL/ws_sensor_combined_src/install/px4_msgs/include/px4_msgs/px4_msgs/msg/detail/sensor_accel__rosidl_typesupport_introspection_c.h\n'}
[16.310876] (px4_msgs) StdoutLine: {'line': b'-- Up-to-date symlink: /home/giromi/Repos/VTOL/ws_sensor_combined_src/install/px4_msgs/include/px4_msgs/px4_msgs/msg/detail/sensor_accel_fifo__rosidl_typesupport_introspection_c.h\n'}
[16.311250] (px4_msgs) StdoutLine: {'line': b'-- Up-to-date symlink: /home/giromi/Repos/VTOL/ws_sensor_combined_src/install/px4_msgs/include/px4_msgs/px4_msgs/msg/detail/sensor_airflow__rosidl_typesupport_introspection_c.h\n'}
[16.311582] (px4_msgs) StdoutLine: {'line': b'-- Up-to-date symlink: /home/giromi/Repos/VTOL/ws_sensor_combined_src/install/px4_msgs/include/px4_msgs/px4_msgs/msg/detail/sensor_baro__rosidl_typesupport_introspection_c.h\n'}
[16.311927] (px4_msgs) StdoutLine: {'line': b'-- Up-to-date symlink: /home/giromi/Repos/VTOL/ws_sensor_combined_src/install/px4_msgs/include/px4_msgs/px4_msgs/msg/detail/sensor_combined__rosidl_typesupport_introspection_c.h\n'}
[16.312240] (px4_msgs) StdoutLine: {'line': b'-- Up-to-date symlink: /home/giromi/Repos/VTOL/ws_sensor_combined_src/install/px4_msgs/include/px4_msgs/px4_msgs/msg/detail/sensor_correction__rosidl_typesupport_introspection_c.h\n'}
[16.312518] (px4_msgs) StdoutLine: {'line': b'-- Up-to-date symlink: /home/giromi/Repos/VTOL/ws_sensor_combined_src/install/px4_msgs/include/px4_msgs/px4_msgs/msg/detail/sensor_gnss_relative__rosidl_typesupport_introspection_c.h\n'}
[16.312789] (px4_msgs) StdoutLine: {'line': b'-- Up-to-date symlink: /home/giromi/Repos/VTOL/ws_sensor_combined_src/install/px4_msgs/include/px4_msgs/px4_msgs/msg/detail/sensor_gps__rosidl_typesupport_introspection_c.h\n'}
[16.313175] (px4_msgs) StdoutLine: {'line': b'-- Up-to-date symlink: /home/giromi/Repos/VTOL/ws_sensor_combined_src/install/px4_msgs/include/px4_msgs/px4_msgs/msg/detail/sensor_gyro__rosidl_typesupport_introspection_c.h\n'}
[16.313430] (px4_msgs) StdoutLine: {'line': b'-- Up-to-date symlink: /home/giromi/Repos/VTOL/ws_sensor_combined_src/install/px4_msgs/include/px4_msgs/px4_msgs/msg/detail/sensor_gyro_fft__rosidl_typesupport_introspection_c.h\n'}
[16.313747] (px4_msgs) StdoutLine: {'line': b'-- Up-to-date symlink: /home/giromi/Repos/VTOL/ws_sensor_combined_src/install/px4_msgs/include/px4_msgs/px4_msgs/msg/detail/sensor_gyro_fifo__rosidl_typesupport_introspection_c.h\n'}
[16.313957] (px4_msgs) StdoutLine: {'line': b'-- Up-to-date symlink: /home/giromi/Repos/VTOL/ws_sensor_combined_src/install/px4_msgs/include/px4_msgs/px4_msgs/msg/detail/sensor_hygrometer__rosidl_typesupport_introspection_c.h\n'}
[16.314218] (px4_msgs) StdoutLine: {'line': b'-- Up-to-date symlink: /home/giromi/Repos/VTOL/ws_sensor_combined_src/install/px4_msgs/include/px4_msgs/px4_msgs/msg/detail/sensor_mag__rosidl_typesupport_introspection_c.h\n'}
[16.314472] (px4_msgs) StdoutLine: {'line': b'-- Up-to-date symlink: /home/giromi/Repos/VTOL/ws_sensor_combined_src/install/px4_msgs/include/px4_msgs/px4_msgs/msg/detail/sensor_optical_flow__rosidl_typesupport_introspection_c.h\n'}
[16.314745] (px4_msgs) StdoutLine: {'line': b'-- Up-to-date symlink: /home/giromi/Repos/VTOL/ws_sensor_combined_src/install/px4_msgs/include/px4_msgs/px4_msgs/msg/detail/sensor_preflight_mag__rosidl_typesupport_introspection_c.h\n'}
[16.315051] (px4_msgs) StdoutLine: {'line': b'-- Up-to-date symlink: /home/giromi/Repos/VTOL/ws_sensor_combined_src/install/px4_msgs/include/px4_msgs/px4_msgs/msg/detail/sensor_selection__rosidl_typesupport_introspection_c.h\n'}
[16.315355] (px4_msgs) StdoutLine: {'line': b'-- Up-to-date symlink: /home/giromi/Repos/VTOL/ws_sensor_combined_src/install/px4_msgs/include/px4_msgs/px4_msgs/msg/detail/sensor_uwb__rosidl_typesupport_introspection_c.h\n'}
[16.315706] (px4_msgs) StdoutLine: {'line': b'-- Up-to-date symlink: /home/giromi/Repos/VTOL/ws_sensor_combined_src/install/px4_msgs/include/px4_msgs/px4_msgs/msg/detail/sensors_status__rosidl_typesupport_introspection_c.h\n'}
[16.316006] (px4_msgs) StdoutLine: {'line': b'-- Up-to-date symlink: /home/giromi/Repos/VTOL/ws_sensor_combined_src/install/px4_msgs/include/px4_msgs/px4_msgs/msg/detail/sensors_status_imu__rosidl_typesupport_introspection_c.h\n'}
[16.316313] (px4_msgs) StdoutLine: {'line': b'-- Up-to-date symlink: /home/giromi/Repos/VTOL/ws_sensor_combined_src/install/px4_msgs/include/px4_msgs/px4_msgs/msg/detail/system_power__rosidl_typesupport_introspection_c.h\n'}
[16.316616] (px4_msgs) StdoutLine: {'line': b'-- Up-to-date symlink: /home/giromi/Repos/VTOL/ws_sensor_combined_src/install/px4_msgs/include/px4_msgs/px4_msgs/msg/detail/takeoff_status__rosidl_typesupport_introspection_c.h\n'}
[16.316889] (px4_msgs) StdoutLine: {'line': b'-- Up-to-date symlink: /home/giromi/Repos/VTOL/ws_sensor_combined_src/install/px4_msgs/include/px4_msgs/px4_msgs/msg/detail/task_stack_info__rosidl_typesupport_introspection_c.h\n'}
[16.317207] (px4_msgs) StdoutLine: {'line': b'-- Up-to-date symlink: /home/giromi/Repos/VTOL/ws_sensor_combined_src/install/px4_msgs/include/px4_msgs/px4_msgs/msg/detail/tecs_status__rosidl_typesupport_introspection_c.h\n'}
[16.317461] (px4_msgs) StdoutLine: {'line': b'-- Up-to-date symlink: /home/giromi/Repos/VTOL/ws_sensor_combined_src/install/px4_msgs/include/px4_msgs/px4_msgs/msg/detail/telemetry_status__rosidl_typesupport_introspection_c.h\n'}
[16.317718] (px4_msgs) StdoutLine: {'line': b'-- Up-to-date symlink: /home/giromi/Repos/VTOL/ws_sensor_combined_src/install/px4_msgs/include/px4_msgs/px4_msgs/msg/detail/tiltrotor_extra_controls__rosidl_typesupport_introspection_c.h\n'}
[16.317970] (px4_msgs) StdoutLine: {'line': b'-- Up-to-date symlink: /home/giromi/Repos/VTOL/ws_sensor_combined_src/install/px4_msgs/include/px4_msgs/px4_msgs/msg/detail/timesync_status__rosidl_typesupport_introspection_c.h\n'}
[16.318226] (px4_msgs) StdoutLine: {'line': b'-- Up-to-date symlink: /home/giromi/Repos/VTOL/ws_sensor_combined_src/install/px4_msgs/include/px4_msgs/px4_msgs/msg/detail/trajectory_bezier__rosidl_typesupport_introspection_c.h\n'}
[16.318475] (px4_msgs) StdoutLine: {'line': b'-- Up-to-date symlink: /home/giromi/Repos/VTOL/ws_sensor_combined_src/install/px4_msgs/include/px4_msgs/px4_msgs/msg/detail/trajectory_setpoint__rosidl_typesupport_introspection_c.h\n'}
[16.318746] (px4_msgs) StdoutLine: {'line': b'-- Up-to-date symlink: /home/giromi/Repos/VTOL/ws_sensor_combined_src/install/px4_msgs/include/px4_msgs/px4_msgs/msg/detail/trajectory_waypoint__rosidl_typesupport_introspection_c.h\n'}
[16.319051] (px4_msgs) StdoutLine: {'line': b'-- Up-to-date symlink: /home/giromi/Repos/VTOL/ws_sensor_combined_src/install/px4_msgs/include/px4_msgs/px4_msgs/msg/detail/transponder_report__rosidl_typesupport_introspection_c.h\n'}
[16.319357] (px4_msgs) StdoutLine: {'line': b'-- Up-to-date symlink: /home/giromi/Repos/VTOL/ws_sensor_combined_src/install/px4_msgs/include/px4_msgs/px4_msgs/msg/detail/tune_control__rosidl_typesupport_introspection_c.h\n'}
[16.319674] (px4_msgs) StdoutLine: {'line': b'-- Up-to-date symlink: /home/giromi/Repos/VTOL/ws_sensor_combined_src/install/px4_msgs/include/px4_msgs/px4_msgs/msg/detail/uavcan_parameter_request__rosidl_typesupport_introspection_c.h\n'}
[16.319979] (px4_msgs) StdoutLine: {'line': b'-- Up-to-date symlink: /home/giromi/Repos/VTOL/ws_sensor_combined_src/install/px4_msgs/include/px4_msgs/px4_msgs/msg/detail/uavcan_parameter_value__rosidl_typesupport_introspection_c.h\n'}
[16.320266] (px4_msgs) StdoutLine: {'line': b'-- Up-to-date symlink: /home/giromi/Repos/VTOL/ws_sensor_combined_src/install/px4_msgs/include/px4_msgs/px4_msgs/msg/detail/ulog_stream__rosidl_typesupport_introspection_c.h\n'}
[16.320522] (px4_msgs) StdoutLine: {'line': b'-- Up-to-date symlink: /home/giromi/Repos/VTOL/ws_sensor_combined_src/install/px4_msgs/include/px4_msgs/px4_msgs/msg/detail/ulog_stream_ack__rosidl_typesupport_introspection_c.h\n'}
[16.320794] (px4_msgs) StdoutLine: {'line': b'-- Up-to-date symlink: /home/giromi/Repos/VTOL/ws_sensor_combined_src/install/px4_msgs/include/px4_msgs/px4_msgs/msg/detail/unregister_ext_component__rosidl_typesupport_introspection_c.h\n'}
[16.321174] (px4_msgs) StdoutLine: {'line': b'-- Up-to-date symlink: /home/giromi/Repos/VTOL/ws_sensor_combined_src/install/px4_msgs/include/px4_msgs/px4_msgs/msg/detail/vehicle_acceleration__rosidl_typesupport_introspection_c.h\n'}
[16.321533] (px4_msgs) StdoutLine: {'line': b'-- Up-to-date symlink: /home/giromi/Repos/VTOL/ws_sensor_combined_src/install/px4_msgs/include/px4_msgs/px4_msgs/msg/detail/vehicle_air_data__rosidl_typesupport_introspection_c.h\n'}
[16.321878] (px4_msgs) StdoutLine: {'line': b'-- Up-to-date symlink: /home/giromi/Repos/VTOL/ws_sensor_combined_src/install/px4_msgs/include/px4_msgs/px4_msgs/msg/detail/vehicle_angular_acceleration_setpoint__rosidl_typesupport_introspection_c.h\n'}
[16.322157] (px4_msgs) StdoutLine: {'line': b'-- Up-to-date symlink: /home/giromi/Repos/VTOL/ws_sensor_combined_src/install/px4_msgs/include/px4_msgs/px4_msgs/msg/detail/vehicle_angular_velocity__rosidl_typesupport_introspection_c.h\n'}
[16.322465] (px4_msgs) StdoutLine: {'line': b'-- Up-to-date symlink: /home/giromi/Repos/VTOL/ws_sensor_combined_src/install/px4_msgs/include/px4_msgs/px4_msgs/msg/detail/vehicle_attitude__rosidl_typesupport_introspection_c.h\n'}
[16.322779] (px4_msgs) StdoutLine: {'line': b'-- Up-to-date symlink: /home/giromi/Repos/VTOL/ws_sensor_combined_src/install/px4_msgs/include/px4_msgs/px4_msgs/msg/detail/vehicle_attitude_setpoint__rosidl_typesupport_introspection_c.h\n'}
[16.323068] (px4_msgs) StdoutLine: {'line': b'-- Up-to-date symlink: /home/giromi/Repos/VTOL/ws_sensor_combined_src/install/px4_msgs/include/px4_msgs/px4_msgs/msg/detail/vehicle_command__rosidl_typesupport_introspection_c.h\n'}
[16.323337] (px4_msgs) StdoutLine: {'line': b'-- Up-to-date symlink: /home/giromi/Repos/VTOL/ws_sensor_combined_src/install/px4_msgs/include/px4_msgs/px4_msgs/msg/detail/vehicle_command_ack__rosidl_typesupport_introspection_c.h\n'}
[16.323610] (px4_msgs) StdoutLine: {'line': b'-- Up-to-date symlink: /home/giromi/Repos/VTOL/ws_sensor_combined_src/install/px4_msgs/include/px4_msgs/px4_msgs/msg/detail/vehicle_constraints__rosidl_typesupport_introspection_c.h\n'}
[16.323971] (px4_msgs) StdoutLine: {'line': b'-- Up-to-date symlink: /home/giromi/Repos/VTOL/ws_sensor_combined_src/install/px4_msgs/include/px4_msgs/px4_msgs/msg/detail/vehicle_control_mode__rosidl_typesupport_introspection_c.h\n'}
[16.324266] (px4_msgs) StdoutLine: {'line': b'-- Up-to-date symlink: /home/giromi/Repos/VTOL/ws_sensor_combined_src/install/px4_msgs/include/px4_msgs/px4_msgs/msg/detail/vehicle_global_position__rosidl_typesupport_introspection_c.h\n'}
[16.324519] (px4_msgs) StdoutLine: {'line': b'-- Up-to-date symlink: /home/giromi/Repos/VTOL/ws_sensor_combined_src/install/px4_msgs/include/px4_msgs/px4_msgs/msg/detail/vehicle_imu__rosidl_typesupport_introspection_c.h\n'}
[16.324793] (px4_msgs) StdoutLine: {'line': b'-- Up-to-date symlink: /home/giromi/Repos/VTOL/ws_sensor_combined_src/install/px4_msgs/include/px4_msgs/px4_msgs/msg/detail/vehicle_imu_status__rosidl_typesupport_introspection_c.h\n'}
[16.325118] (px4_msgs) StdoutLine: {'line': b'-- Up-to-date symlink: /home/giromi/Repos/VTOL/ws_sensor_combined_src/install/px4_msgs/include/px4_msgs/px4_msgs/msg/detail/vehicle_land_detected__rosidl_typesupport_introspection_c.h\n'}
[16.325342] (px4_msgs) StdoutLine: {'line': b'-- Up-to-date symlink: /home/giromi/Repos/VTOL/ws_sensor_combined_src/install/px4_msgs/include/px4_msgs/px4_msgs/msg/detail/vehicle_local_position__rosidl_typesupport_introspection_c.h\n'}
[16.325574] (px4_msgs) StdoutLine: {'line': b'-- Up-to-date symlink: /home/giromi/Repos/VTOL/ws_sensor_combined_src/install/px4_msgs/include/px4_msgs/px4_msgs/msg/detail/vehicle_local_position_setpoint__rosidl_typesupport_introspection_c.h\n'}
[16.325805] (px4_msgs) StdoutLine: {'line': b'-- Up-to-date symlink: /home/giromi/Repos/VTOL/ws_sensor_combined_src/install/px4_msgs/include/px4_msgs/px4_msgs/msg/detail/vehicle_magnetometer__rosidl_typesupport_introspection_c.h\n'}
[16.326043] (px4_msgs) StdoutLine: {'line': b'-- Up-to-date symlink: /home/giromi/Repos/VTOL/ws_sensor_combined_src/install/px4_msgs/include/px4_msgs/px4_msgs/msg/detail/vehicle_odometry__rosidl_typesupport_introspection_c.h\n'}
[16.326273] (px4_msgs) StdoutLine: {'line': b'-- Up-to-date symlink: /home/giromi/Repos/VTOL/ws_sensor_combined_src/install/px4_msgs/include/px4_msgs/px4_msgs/msg/detail/vehicle_optical_flow__rosidl_typesupport_introspection_c.h\n'}
[16.326502] (px4_msgs) StdoutLine: {'line': b'-- Up-to-date symlink: /home/giromi/Repos/VTOL/ws_sensor_combined_src/install/px4_msgs/include/px4_msgs/px4_msgs/msg/detail/vehicle_optical_flow_vel__rosidl_typesupport_introspection_c.h\n'}
[16.326754] (px4_msgs) StdoutLine: {'line': b'-- Up-to-date symlink: /home/giromi/Repos/VTOL/ws_sensor_combined_src/install/px4_msgs/include/px4_msgs/px4_msgs/msg/detail/vehicle_rates_setpoint__rosidl_typesupport_introspection_c.h\n'}
[16.327033] (px4_msgs) StdoutLine: {'line': b'-- Up-to-date symlink: /home/giromi/Repos/VTOL/ws_sensor_combined_src/install/px4_msgs/include/px4_msgs/px4_msgs/msg/detail/vehicle_roi__rosidl_typesupport_introspection_c.h\n'}
[16.327324] (px4_msgs) StdoutLine: {'line': b'-- Up-to-date symlink: /home/giromi/Repos/VTOL/ws_sensor_combined_src/install/px4_msgs/include/px4_msgs/px4_msgs/msg/detail/vehicle_status__rosidl_typesupport_introspection_c.h\n'}
[16.327607] (px4_msgs) StdoutLine: {'line': b'-- Up-to-date symlink: /home/giromi/Repos/VTOL/ws_sensor_combined_src/install/px4_msgs/include/px4_msgs/px4_msgs/msg/detail/vehicle_thrust_setpoint__rosidl_typesupport_introspection_c.h\n'}
[16.327893] (px4_msgs) StdoutLine: {'line': b'-- Up-to-date symlink: /home/giromi/Repos/VTOL/ws_sensor_combined_src/install/px4_msgs/include/px4_msgs/px4_msgs/msg/detail/vehicle_torque_setpoint__rosidl_typesupport_introspection_c.h\n'}
[16.328160] (px4_msgs) StdoutLine: {'line': b'-- Up-to-date symlink: /home/giromi/Repos/VTOL/ws_sensor_combined_src/install/px4_msgs/include/px4_msgs/px4_msgs/msg/detail/vehicle_trajectory_bezier__rosidl_typesupport_introspection_c.h\n'}
[16.328391] (px4_msgs) StdoutLine: {'line': b'-- Up-to-date symlink: /home/giromi/Repos/VTOL/ws_sensor_combined_src/install/px4_msgs/include/px4_msgs/px4_msgs/msg/detail/vehicle_trajectory_waypoint__rosidl_typesupport_introspection_c.h\n'}
[16.328654] (px4_msgs) StdoutLine: {'line': b'-- Up-to-date symlink: /home/giromi/Repos/VTOL/ws_sensor_combined_src/install/px4_msgs/include/px4_msgs/px4_msgs/msg/detail/velocity_limits__rosidl_typesupport_introspection_c.h\n'}
[16.328940] (px4_msgs) StdoutLine: {'line': b'-- Up-to-date symlink: /home/giromi/Repos/VTOL/ws_sensor_combined_src/install/px4_msgs/include/px4_msgs/px4_msgs/msg/detail/vtol_vehicle_status__rosidl_typesupport_introspection_c.h\n'}
[16.329261] (px4_msgs) StdoutLine: {'line': b'-- Up-to-date symlink: /home/giromi/Repos/VTOL/ws_sensor_combined_src/install/px4_msgs/include/px4_msgs/px4_msgs/msg/detail/wheel_encoders__rosidl_typesupport_introspection_c.h\n'}
[16.329514] (px4_msgs) StdoutLine: {'line': b'-- Up-to-date symlink: /home/giromi/Repos/VTOL/ws_sensor_combined_src/install/px4_msgs/include/px4_msgs/px4_msgs/msg/detail/wind__rosidl_typesupport_introspection_c.h\n'}
[16.329769] (px4_msgs) StdoutLine: {'line': b'-- Up-to-date symlink: /home/giromi/Repos/VTOL/ws_sensor_combined_src/install/px4_msgs/include/px4_msgs/px4_msgs/msg/detail/yaw_estimator_status__rosidl_typesupport_introspection_c.h\n'}
[16.330019] (px4_msgs) StdoutLine: {'line': b'-- Up-to-date symlink: /home/giromi/Repos/VTOL/ws_sensor_combined_src/install/px4_msgs/include/px4_msgs/px4_msgs/msg/rosidl_typesupport_introspection_c__visibility_control.h\n'}
[16.330280] (px4_msgs) StdoutLine: {'line': b'-- Up-to-date symlink: /home/giromi/Repos/VTOL/ws_sensor_combined_src/install/px4_msgs/include/px4_msgs/px4_msgs/srv/detail/vehicle_command__rosidl_typesupport_introspection_c.h\n'}
[16.333779] (px4_msgs) StdoutLine: {'line': b'-- Up-to-date symlink: /home/giromi/Repos/VTOL/ws_sensor_combined_src/install/px4_msgs/include/px4_msgs/px4_msgs/msg/detail/action_request__rosidl_typesupport_introspection_cpp.hpp\n'}
[16.334067] (px4_msgs) StdoutLine: {'line': b'-- Up-to-date symlink: /home/giromi/Repos/VTOL/ws_sensor_combined_src/install/px4_msgs/include/px4_msgs/px4_msgs/msg/detail/actuator_armed__rosidl_typesupport_introspection_cpp.hpp\n'}
[16.334434] (px4_msgs) StdoutLine: {'line': b'-- Up-to-date symlink: /home/giromi/Repos/VTOL/ws_sensor_combined_src/install/px4_msgs/include/px4_msgs/px4_msgs/msg/detail/actuator_controls_status__rosidl_typesupport_introspection_cpp.hpp\n'}
[16.334728] (px4_msgs) StdoutLine: {'line': b'-- Up-to-date symlink: /home/giromi/Repos/VTOL/ws_sensor_combined_src/install/px4_msgs/include/px4_msgs/px4_msgs/msg/detail/actuator_motors__rosidl_typesupport_introspection_cpp.hpp\n'}
[16.334978] (px4_msgs) StdoutLine: {'line': b'-- Up-to-date symlink: /home/giromi/Repos/VTOL/ws_sensor_combined_src/install/px4_msgs/include/px4_msgs/px4_msgs/msg/detail/actuator_outputs__rosidl_typesupport_introspection_cpp.hpp\n'}
[16.335236] (px4_msgs) StdoutLine: {'line': b'-- Up-to-date symlink: /home/giromi/Repos/VTOL/ws_sensor_combined_src/install/px4_msgs/include/px4_msgs/px4_msgs/msg/detail/actuator_servos__rosidl_typesupport_introspection_cpp.hpp\n'}
[16.335498] (px4_msgs) StdoutLine: {'line': b'-- Up-to-date symlink: /home/giromi/Repos/VTOL/ws_sensor_combined_src/install/px4_msgs/include/px4_msgs/px4_msgs/msg/detail/actuator_servos_trim__rosidl_typesupport_introspection_cpp.hpp\n'}
[16.335775] (px4_msgs) StdoutLine: {'line': b'-- Up-to-date symlink: /home/giromi/Repos/VTOL/ws_sensor_combined_src/install/px4_msgs/include/px4_msgs/px4_msgs/msg/detail/actuator_test__rosidl_typesupport_introspection_cpp.hpp\n'}
[16.336089] (px4_msgs) StdoutLine: {'line': b'-- Up-to-date symlink: /home/giromi/Repos/VTOL/ws_sensor_combined_src/install/px4_msgs/include/px4_msgs/px4_msgs/msg/detail/adc_report__rosidl_typesupport_introspection_cpp.hpp\n'}
[16.336382] (px4_msgs) StdoutLine: {'line': b'-- Up-to-date symlink: /home/giromi/Repos/VTOL/ws_sensor_combined_src/install/px4_msgs/include/px4_msgs/px4_msgs/msg/detail/airspeed__rosidl_typesupport_introspection_cpp.hpp\n'}
[16.336693] (px4_msgs) StdoutLine: {'line': b'-- Up-to-date symlink: /home/giromi/Repos/VTOL/ws_sensor_combined_src/install/px4_msgs/include/px4_msgs/px4_msgs/msg/detail/airspeed_validated__rosidl_typesupport_introspection_cpp.hpp\n'}
[16.336985] (px4_msgs) StdoutLine: {'line': b'-- Up-to-date symlink: /home/giromi/Repos/VTOL/ws_sensor_combined_src/install/px4_msgs/include/px4_msgs/px4_msgs/msg/detail/airspeed_wind__rosidl_typesupport_introspection_cpp.hpp\n'}
[16.337265] (px4_msgs) StdoutLine: {'line': b'-- Up-to-date symlink: /home/giromi/Repos/VTOL/ws_sensor_combined_src/install/px4_msgs/include/px4_msgs/px4_msgs/msg/detail/arming_check_reply__rosidl_typesupport_introspection_cpp.hpp\n'}
[16.337540] (px4_msgs) StdoutLine: {'line': b'-- Up-to-date symlink: /home/giromi/Repos/VTOL/ws_sensor_combined_src/install/px4_msgs/include/px4_msgs/px4_msgs/msg/detail/arming_check_request__rosidl_typesupport_introspection_cpp.hpp\n'}
[16.337799] (px4_msgs) StdoutLine: {'line': b'-- Up-to-date symlink: /home/giromi/Repos/VTOL/ws_sensor_combined_src/install/px4_msgs/include/px4_msgs/px4_msgs/msg/detail/autotune_attitude_control_status__rosidl_typesupport_introspection_cpp.hpp\n'}
[16.338063] (px4_msgs) StdoutLine: {'line': b'-- Up-to-date symlink: /home/giromi/Repos/VTOL/ws_sensor_combined_src/install/px4_msgs/include/px4_msgs/px4_msgs/msg/detail/battery_status__rosidl_typesupport_introspection_cpp.hpp\n'}
[16.338332] (px4_msgs) StdoutLine: {'line': b'-- Up-to-date symlink: /home/giromi/Repos/VTOL/ws_sensor_combined_src/install/px4_msgs/include/px4_msgs/px4_msgs/msg/detail/buffer128__rosidl_typesupport_introspection_cpp.hpp\n'}
[16.338612] (px4_msgs) StdoutLine: {'line': b'-- Up-to-date symlink: /home/giromi/Repos/VTOL/ws_sensor_combined_src/install/px4_msgs/include/px4_msgs/px4_msgs/msg/detail/button_event__rosidl_typesupport_introspection_cpp.hpp\n'}
[16.338944] (px4_msgs) StdoutLine: {'line': b'-- Up-to-date symlink: /home/giromi/Repos/VTOL/ws_sensor_combined_src/install/px4_msgs/include/px4_msgs/px4_msgs/msg/detail/camera_capture__rosidl_typesupport_introspection_cpp.hpp\n'}
[16.339244] (px4_msgs) StdoutLine: {'line': b'-- Up-to-date symlink: /home/giromi/Repos/VTOL/ws_sensor_combined_src/install/px4_msgs/include/px4_msgs/px4_msgs/msg/detail/camera_status__rosidl_typesupport_introspection_cpp.hpp\n'}
[16.339609] (px4_msgs) StdoutLine: {'line': b'-- Up-to-date symlink: /home/giromi/Repos/VTOL/ws_sensor_combined_src/install/px4_msgs/include/px4_msgs/px4_msgs/msg/detail/camera_trigger__rosidl_typesupport_introspection_cpp.hpp\n'}
[16.339916] (px4_msgs) StdoutLine: {'line': b'-- Up-to-date symlink: /home/giromi/Repos/VTOL/ws_sensor_combined_src/install/px4_msgs/include/px4_msgs/px4_msgs/msg/detail/cellular_status__rosidl_typesupport_introspection_cpp.hpp\n'}
[16.340109] (px4_msgs) StdoutLine: {'line': b'-- Up-to-date symlink: /home/giromi/Repos/VTOL/ws_sensor_combined_src/install/px4_msgs/include/px4_msgs/px4_msgs/msg/detail/collision_constraints__rosidl_typesupport_introspection_cpp.hpp\n'}
[16.340364] (px4_msgs) StdoutLine: {'line': b'-- Up-to-date symlink: /home/giromi/Repos/VTOL/ws_sensor_combined_src/install/px4_msgs/include/px4_msgs/px4_msgs/msg/detail/collision_report__rosidl_typesupport_introspection_cpp.hpp\n'}
[16.340634] (px4_msgs) StdoutLine: {'line': b'-- Up-to-date symlink: /home/giromi/Repos/VTOL/ws_sensor_combined_src/install/px4_msgs/include/px4_msgs/px4_msgs/msg/detail/config_overrides__rosidl_typesupport_introspection_cpp.hpp\n'}
[16.340879] (px4_msgs) StdoutLine: {'line': b'-- Up-to-date symlink: /home/giromi/Repos/VTOL/ws_sensor_combined_src/install/px4_msgs/include/px4_msgs/px4_msgs/msg/detail/control_allocator_status__rosidl_typesupport_introspection_cpp.hpp\n'}
[16.341230] (px4_msgs) StdoutLine: {'line': b'-- Up-to-date symlink: /home/giromi/Repos/VTOL/ws_sensor_combined_src/install/px4_msgs/include/px4_msgs/px4_msgs/msg/detail/cpuload__rosidl_typesupport_introspection_cpp.hpp\n'}
[16.341521] (px4_msgs) StdoutLine: {'line': b'-- Up-to-date symlink: /home/giromi/Repos/VTOL/ws_sensor_combined_src/install/px4_msgs/include/px4_msgs/px4_msgs/msg/detail/dataman_request__rosidl_typesupport_introspection_cpp.hpp\n'}
[16.341693] (px4_msgs) StdoutLine: {'line': b'-- Up-to-date symlink: /home/giromi/Repos/VTOL/ws_sensor_combined_src/install/px4_msgs/include/px4_msgs/px4_msgs/msg/detail/dataman_response__rosidl_typesupport_introspection_cpp.hpp\n'}
[16.341943] (px4_msgs) StdoutLine: {'line': b'-- Up-to-date symlink: /home/giromi/Repos/VTOL/ws_sensor_combined_src/install/px4_msgs/include/px4_msgs/px4_msgs/msg/detail/debug_array__rosidl_typesupport_introspection_cpp.hpp\n'}
[16.342194] (px4_msgs) StdoutLine: {'line': b'-- Up-to-date symlink: /home/giromi/Repos/VTOL/ws_sensor_combined_src/install/px4_msgs/include/px4_msgs/px4_msgs/msg/detail/debug_key_value__rosidl_typesupport_introspection_cpp.hpp\n'}
[16.342510] (px4_msgs) StdoutLine: {'line': b'-- Up-to-date symlink: /home/giromi/Repos/VTOL/ws_sensor_combined_src/install/px4_msgs/include/px4_msgs/px4_msgs/msg/detail/debug_value__rosidl_typesupport_introspection_cpp.hpp\n'}
[16.342839] (px4_msgs) StdoutLine: {'line': b'-- Up-to-date symlink: /home/giromi/Repos/VTOL/ws_sensor_combined_src/install/px4_msgs/include/px4_msgs/px4_msgs/msg/detail/debug_vect__rosidl_typesupport_introspection_cpp.hpp\n'}
[16.343233] (px4_msgs) StdoutLine: {'line': b'-- Up-to-date symlink: /home/giromi/Repos/VTOL/ws_sensor_combined_src/install/px4_msgs/include/px4_msgs/px4_msgs/msg/detail/differential_drive_setpoint__rosidl_typesupport_introspection_cpp.hpp\n'}
[16.343467] (px4_msgs) StdoutLine: {'line': b'-- Up-to-date symlink: /home/giromi/Repos/VTOL/ws_sensor_combined_src/install/px4_msgs/include/px4_msgs/px4_msgs/msg/detail/differential_pressure__rosidl_typesupport_introspection_cpp.hpp\n'}
[16.343744] (px4_msgs) StdoutLine: {'line': b'-- Up-to-date symlink: /home/giromi/Repos/VTOL/ws_sensor_combined_src/install/px4_msgs/include/px4_msgs/px4_msgs/msg/detail/distance_sensor__rosidl_typesupport_introspection_cpp.hpp\n'}
[16.344103] (px4_msgs) StdoutLine: {'line': b'-- Up-to-date symlink: /home/giromi/Repos/VTOL/ws_sensor_combined_src/install/px4_msgs/include/px4_msgs/px4_msgs/msg/detail/ekf2_timestamps__rosidl_typesupport_introspection_cpp.hpp\n'}
[16.344365] (px4_msgs) StdoutLine: {'line': b'-- Up-to-date symlink: /home/giromi/Repos/VTOL/ws_sensor_combined_src/install/px4_msgs/include/px4_msgs/px4_msgs/msg/detail/esc_report__rosidl_typesupport_introspection_cpp.hpp\n'}
[16.344634] (px4_msgs) StdoutLine: {'line': b'-- Up-to-date symlink: /home/giromi/Repos/VTOL/ws_sensor_combined_src/install/px4_msgs/include/px4_msgs/px4_msgs/msg/detail/esc_status__rosidl_typesupport_introspection_cpp.hpp\n'}
[16.344926] (px4_msgs) StdoutLine: {'line': b'-- Up-to-date symlink: /home/giromi/Repos/VTOL/ws_sensor_combined_src/install/px4_msgs/include/px4_msgs/px4_msgs/msg/detail/estimator_aid_source1d__rosidl_typesupport_introspection_cpp.hpp\n'}
[16.345229] (px4_msgs) StdoutLine: {'line': b'-- Up-to-date symlink: /home/giromi/Repos/VTOL/ws_sensor_combined_src/install/px4_msgs/include/px4_msgs/px4_msgs/msg/detail/estimator_aid_source2d__rosidl_typesupport_introspection_cpp.hpp\n'}
[16.345462] (px4_msgs) StdoutLine: {'line': b'-- Up-to-date symlink: /home/giromi/Repos/VTOL/ws_sensor_combined_src/install/px4_msgs/include/px4_msgs/px4_msgs/msg/detail/estimator_aid_source3d__rosidl_typesupport_introspection_cpp.hpp\n'}
[16.345712] (px4_msgs) StdoutLine: {'line': b'-- Up-to-date symlink: /home/giromi/Repos/VTOL/ws_sensor_combined_src/install/px4_msgs/include/px4_msgs/px4_msgs/msg/detail/estimator_bias3d__rosidl_typesupport_introspection_cpp.hpp\n'}
[16.345967] (px4_msgs) StdoutLine: {'line': b'-- Up-to-date symlink: /home/giromi/Repos/VTOL/ws_sensor_combined_src/install/px4_msgs/include/px4_msgs/px4_msgs/msg/detail/estimator_bias__rosidl_typesupport_introspection_cpp.hpp\n'}
[16.346222] (px4_msgs) StdoutLine: {'line': b'-- Up-to-date symlink: /home/giromi/Repos/VTOL/ws_sensor_combined_src/install/px4_msgs/include/px4_msgs/px4_msgs/msg/detail/estimator_event_flags__rosidl_typesupport_introspection_cpp.hpp\n'}
[16.346476] (px4_msgs) StdoutLine: {'line': b'-- Up-to-date symlink: /home/giromi/Repos/VTOL/ws_sensor_combined_src/install/px4_msgs/include/px4_msgs/px4_msgs/msg/detail/estimator_gps_status__rosidl_typesupport_introspection_cpp.hpp\n'}
[16.346791] (px4_msgs) StdoutLine: {'line': b'-- Up-to-date symlink: /home/giromi/Repos/VTOL/ws_sensor_combined_src/install/px4_msgs/include/px4_msgs/px4_msgs/msg/detail/estimator_innovations__rosidl_typesupport_introspection_cpp.hpp\n'}
[16.347121] (px4_msgs) StdoutLine: {'line': b'-- Up-to-date symlink: /home/giromi/Repos/VTOL/ws_sensor_combined_src/install/px4_msgs/include/px4_msgs/px4_msgs/msg/detail/estimator_selector_status__rosidl_typesupport_introspection_cpp.hpp\n'}
[16.347368] (px4_msgs) StdoutLine: {'line': b'-- Up-to-date symlink: /home/giromi/Repos/VTOL/ws_sensor_combined_src/install/px4_msgs/include/px4_msgs/px4_msgs/msg/detail/estimator_sensor_bias__rosidl_typesupport_introspection_cpp.hpp\n'}
[16.347630] (px4_msgs) StdoutLine: {'line': b'-- Up-to-date symlink: /home/giromi/Repos/VTOL/ws_sensor_combined_src/install/px4_msgs/include/px4_msgs/px4_msgs/msg/detail/estimator_states__rosidl_typesupport_introspection_cpp.hpp\n'}
[16.347883] (px4_msgs) StdoutLine: {'line': b'-- Up-to-date symlink: /home/giromi/Repos/VTOL/ws_sensor_combined_src/install/px4_msgs/include/px4_msgs/px4_msgs/msg/detail/estimator_status__rosidl_typesupport_introspection_cpp.hpp\n'}
[16.348173] (px4_msgs) StdoutLine: {'line': b'-- Up-to-date symlink: /home/giromi/Repos/VTOL/ws_sensor_combined_src/install/px4_msgs/include/px4_msgs/px4_msgs/msg/detail/estimator_status_flags__rosidl_typesupport_introspection_cpp.hpp\n'}
[16.348502] (px4_msgs) StdoutLine: {'line': b'-- Up-to-date symlink: /home/giromi/Repos/VTOL/ws_sensor_combined_src/install/px4_msgs/include/px4_msgs/px4_msgs/msg/detail/event__rosidl_typesupport_introspection_cpp.hpp\n'}
[16.348787] (px4_msgs) StdoutLine: {'line': b'-- Up-to-date symlink: /home/giromi/Repos/VTOL/ws_sensor_combined_src/install/px4_msgs/include/px4_msgs/px4_msgs/msg/detail/failsafe_flags__rosidl_typesupport_introspection_cpp.hpp\n'}
[16.349206] (px4_msgs) StdoutLine: {'line': b'-- Up-to-date symlink: /home/giromi/Repos/VTOL/ws_sensor_combined_src/install/px4_msgs/include/px4_msgs/px4_msgs/msg/detail/failure_detector_status__rosidl_typesupport_introspection_cpp.hpp\n'}
[16.349405] (px4_msgs) StdoutLine: {'line': b'-- Up-to-date symlink: /home/giromi/Repos/VTOL/ws_sensor_combined_src/install/px4_msgs/include/px4_msgs/px4_msgs/msg/detail/figure_eight_status__rosidl_typesupport_introspection_cpp.hpp\n'}
[16.349676] (px4_msgs) StdoutLine: {'line': b'-- Up-to-date symlink: /home/giromi/Repos/VTOL/ws_sensor_combined_src/install/px4_msgs/include/px4_msgs/px4_msgs/msg/detail/follow_target__rosidl_typesupport_introspection_cpp.hpp\n'}
[16.350027] (px4_msgs) StdoutLine: {'line': b'-- Up-to-date symlink: /home/giromi/Repos/VTOL/ws_sensor_combined_src/install/px4_msgs/include/px4_msgs/px4_msgs/msg/detail/follow_target_estimator__rosidl_typesupport_introspection_cpp.hpp\n'}
[16.350254] (px4_msgs) StdoutLine: {'line': b'-- Up-to-date symlink: /home/giromi/Repos/VTOL/ws_sensor_combined_src/install/px4_msgs/include/px4_msgs/px4_msgs/msg/detail/follow_target_status__rosidl_typesupport_introspection_cpp.hpp\n'}
[16.350572] (px4_msgs) StdoutLine: {'line': b'-- Up-to-date symlink: /home/giromi/Repos/VTOL/ws_sensor_combined_src/install/px4_msgs/include/px4_msgs/px4_msgs/msg/detail/generator_status__rosidl_typesupport_introspection_cpp.hpp\n'}
[16.350844] (px4_msgs) StdoutLine: {'line': b'-- Up-to-date symlink: /home/giromi/Repos/VTOL/ws_sensor_combined_src/install/px4_msgs/include/px4_msgs/px4_msgs/msg/detail/geofence_result__rosidl_typesupport_introspection_cpp.hpp\n'}
[16.351074] (px4_msgs) StdoutLine: {'line': b'-- Up-to-date symlink: /home/giromi/Repos/VTOL/ws_sensor_combined_src/install/px4_msgs/include/px4_msgs/px4_msgs/msg/detail/gimbal_controls__rosidl_typesupport_introspection_cpp.hpp\n'}
[16.351428] (px4_msgs) StdoutLine: {'line': b'-- Up-to-date symlink: /home/giromi/Repos/VTOL/ws_sensor_combined_src/install/px4_msgs/include/px4_msgs/px4_msgs/msg/detail/gimbal_device_attitude_status__rosidl_typesupport_introspection_cpp.hpp\n'}
[16.351806] (px4_msgs) StdoutLine: {'line': b'-- Up-to-date symlink: /home/giromi/Repos/VTOL/ws_sensor_combined_src/install/px4_msgs/include/px4_msgs/px4_msgs/msg/detail/gimbal_device_information__rosidl_typesupport_introspection_cpp.hpp\n'}
[16.352116] (px4_msgs) StdoutLine: {'line': b'-- Up-to-date symlink: /home/giromi/Repos/VTOL/ws_sensor_combined_src/install/px4_msgs/include/px4_msgs/px4_msgs/msg/detail/gimbal_device_set_attitude__rosidl_typesupport_introspection_cpp.hpp\n'}
[16.352405] (px4_msgs) StdoutLine: {'line': b'-- Up-to-date symlink: /home/giromi/Repos/VTOL/ws_sensor_combined_src/install/px4_msgs/include/px4_msgs/px4_msgs/msg/detail/gimbal_manager_information__rosidl_typesupport_introspection_cpp.hpp\n'}
[16.352662] (px4_msgs) StdoutLine: {'line': b'-- Up-to-date symlink: /home/giromi/Repos/VTOL/ws_sensor_combined_src/install/px4_msgs/include/px4_msgs/px4_msgs/msg/detail/gimbal_manager_set_attitude__rosidl_typesupport_introspection_cpp.hpp\n'}
[16.352939] (px4_msgs) StdoutLine: {'line': b'-- Up-to-date symlink: /home/giromi/Repos/VTOL/ws_sensor_combined_src/install/px4_msgs/include/px4_msgs/px4_msgs/msg/detail/gimbal_manager_set_manual_control__rosidl_typesupport_introspection_cpp.hpp\n'}
[16.353238] (px4_msgs) StdoutLine: {'line': b'-- Up-to-date symlink: /home/giromi/Repos/VTOL/ws_sensor_combined_src/install/px4_msgs/include/px4_msgs/px4_msgs/msg/detail/gimbal_manager_status__rosidl_typesupport_introspection_cpp.hpp\n'}
[16.353500] (px4_msgs) StdoutLine: {'line': b'-- Up-to-date symlink: /home/giromi/Repos/VTOL/ws_sensor_combined_src/install/px4_msgs/include/px4_msgs/px4_msgs/msg/detail/goto_setpoint__rosidl_typesupport_introspection_cpp.hpp\n'}
[16.353759] (px4_msgs) StdoutLine: {'line': b'-- Up-to-date symlink: /home/giromi/Repos/VTOL/ws_sensor_combined_src/install/px4_msgs/include/px4_msgs/px4_msgs/msg/detail/gpio_config__rosidl_typesupport_introspection_cpp.hpp\n'}
[16.354014] (px4_msgs) StdoutLine: {'line': b'-- Up-to-date symlink: /home/giromi/Repos/VTOL/ws_sensor_combined_src/install/px4_msgs/include/px4_msgs/px4_msgs/msg/detail/gpio_in__rosidl_typesupport_introspection_cpp.hpp\n'}
[16.354269] (px4_msgs) StdoutLine: {'line': b'-- Up-to-date symlink: /home/giromi/Repos/VTOL/ws_sensor_combined_src/install/px4_msgs/include/px4_msgs/px4_msgs/msg/detail/gpio_out__rosidl_typesupport_introspection_cpp.hpp\n'}
[16.354526] (px4_msgs) StdoutLine: {'line': b'-- Up-to-date symlink: /home/giromi/Repos/VTOL/ws_sensor_combined_src/install/px4_msgs/include/px4_msgs/px4_msgs/msg/detail/gpio_request__rosidl_typesupport_introspection_cpp.hpp\n'}
[16.354781] (px4_msgs) StdoutLine: {'line': b'-- Up-to-date symlink: /home/giromi/Repos/VTOL/ws_sensor_combined_src/install/px4_msgs/include/px4_msgs/px4_msgs/msg/detail/gps_dump__rosidl_typesupport_introspection_cpp.hpp\n'}
[16.355039] (px4_msgs) StdoutLine: {'line': b'-- Up-to-date symlink: /home/giromi/Repos/VTOL/ws_sensor_combined_src/install/px4_msgs/include/px4_msgs/px4_msgs/msg/detail/gps_inject_data__rosidl_typesupport_introspection_cpp.hpp\n'}
[16.355331] (px4_msgs) StdoutLine: {'line': b'-- Up-to-date symlink: /home/giromi/Repos/VTOL/ws_sensor_combined_src/install/px4_msgs/include/px4_msgs/px4_msgs/msg/detail/gripper__rosidl_typesupport_introspection_cpp.hpp\n'}
[16.355715] (px4_msgs) StdoutLine: {'line': b'-- Up-to-date symlink: /home/giromi/Repos/VTOL/ws_sensor_combined_src/install/px4_msgs/include/px4_msgs/px4_msgs/msg/detail/health_report__rosidl_typesupport_introspection_cpp.hpp\n'}
[16.356075] (px4_msgs) StdoutLine: {'line': b'-- Up-to-date symlink: /home/giromi/Repos/VTOL/ws_sensor_combined_src/install/px4_msgs/include/px4_msgs/px4_msgs/msg/detail/heater_status__rosidl_typesupport_introspection_cpp.hpp\n'}
[16.356338] (px4_msgs) StdoutLine: {'line': b'-- Up-to-date symlink: /home/giromi/Repos/VTOL/ws_sensor_combined_src/install/px4_msgs/include/px4_msgs/px4_msgs/msg/detail/home_position__rosidl_typesupport_introspection_cpp.hpp\n'}
[16.356596] (-) TimerEvent: {}
[16.356796] (px4_msgs) StdoutLine: {'line': b'-- Up-to-date symlink: /home/giromi/Repos/VTOL/ws_sensor_combined_src/install/px4_msgs/include/px4_msgs/px4_msgs/msg/detail/hover_thrust_estimate__rosidl_typesupport_introspection_cpp.hpp\n'}
[16.357075] (px4_msgs) StdoutLine: {'line': b'-- Up-to-date symlink: /home/giromi/Repos/VTOL/ws_sensor_combined_src/install/px4_msgs/include/px4_msgs/px4_msgs/msg/detail/input_rc__rosidl_typesupport_introspection_cpp.hpp\n'}
[16.357375] (px4_msgs) StdoutLine: {'line': b'-- Up-to-date symlink: /home/giromi/Repos/VTOL/ws_sensor_combined_src/install/px4_msgs/include/px4_msgs/px4_msgs/msg/detail/internal_combustion_engine_status__rosidl_typesupport_introspection_cpp.hpp\n'}
[16.357655] (px4_msgs) StdoutLine: {'line': b'-- Up-to-date symlink: /home/giromi/Repos/VTOL/ws_sensor_combined_src/install/px4_msgs/include/px4_msgs/px4_msgs/msg/detail/iridiumsbd_status__rosidl_typesupport_introspection_cpp.hpp\n'}
[16.357983] (px4_msgs) StdoutLine: {'line': b'-- Up-to-date symlink: /home/giromi/Repos/VTOL/ws_sensor_combined_src/install/px4_msgs/include/px4_msgs/px4_msgs/msg/detail/irlock_report__rosidl_typesupport_introspection_cpp.hpp\n'}
[16.358442] (px4_msgs) StdoutLine: {'line': b'-- Up-to-date symlink: /home/giromi/Repos/VTOL/ws_sensor_combined_src/install/px4_msgs/include/px4_msgs/px4_msgs/msg/detail/landing_gear__rosidl_typesupport_introspection_cpp.hpp\n'}
[16.358729] (px4_msgs) StdoutLine: {'line': b'-- Up-to-date symlink: /home/giromi/Repos/VTOL/ws_sensor_combined_src/install/px4_msgs/include/px4_msgs/px4_msgs/msg/detail/landing_gear_wheel__rosidl_typesupport_introspection_cpp.hpp\n'}
[16.359032] (px4_msgs) StdoutLine: {'line': b'-- Up-to-date symlink: /home/giromi/Repos/VTOL/ws_sensor_combined_src/install/px4_msgs/include/px4_msgs/px4_msgs/msg/detail/landing_target_innovations__rosidl_typesupport_introspection_cpp.hpp\n'}
[16.359255] (px4_msgs) StdoutLine: {'line': b'-- Up-to-date symlink: /home/giromi/Repos/VTOL/ws_sensor_combined_src/install/px4_msgs/include/px4_msgs/px4_msgs/msg/detail/landing_target_pose__rosidl_typesupport_introspection_cpp.hpp\n'}
[16.359537] (px4_msgs) StdoutLine: {'line': b'-- Up-to-date symlink: /home/giromi/Repos/VTOL/ws_sensor_combined_src/install/px4_msgs/include/px4_msgs/px4_msgs/msg/detail/launch_detection_status__rosidl_typesupport_introspection_cpp.hpp\n'}
[16.359822] (px4_msgs) StdoutLine: {'line': b'-- Up-to-date symlink: /home/giromi/Repos/VTOL/ws_sensor_combined_src/install/px4_msgs/include/px4_msgs/px4_msgs/msg/detail/led_control__rosidl_typesupport_introspection_cpp.hpp\n'}
[16.360184] (px4_msgs) StdoutLine: {'line': b'-- Up-to-date symlink: /home/giromi/Repos/VTOL/ws_sensor_combined_src/install/px4_msgs/include/px4_msgs/px4_msgs/msg/detail/log_message__rosidl_typesupport_introspection_cpp.hpp\n'}
[16.360504] (px4_msgs) StdoutLine: {'line': b'-- Up-to-date symlink: /home/giromi/Repos/VTOL/ws_sensor_combined_src/install/px4_msgs/include/px4_msgs/px4_msgs/msg/detail/logger_status__rosidl_typesupport_introspection_cpp.hpp\n'}
[16.360824] (px4_msgs) StdoutLine: {'line': b'-- Up-to-date symlink: /home/giromi/Repos/VTOL/ws_sensor_combined_src/install/px4_msgs/include/px4_msgs/px4_msgs/msg/detail/mag_worker_data__rosidl_typesupport_introspection_cpp.hpp\n'}
[16.361153] (px4_msgs) StdoutLine: {'line': b'-- Up-to-date symlink: /home/giromi/Repos/VTOL/ws_sensor_combined_src/install/px4_msgs/include/px4_msgs/px4_msgs/msg/detail/magnetometer_bias_estimate__rosidl_typesupport_introspection_cpp.hpp\n'}
[16.361429] (px4_msgs) StdoutLine: {'line': b'-- Up-to-date symlink: /home/giromi/Repos/VTOL/ws_sensor_combined_src/install/px4_msgs/include/px4_msgs/px4_msgs/msg/detail/manual_control_setpoint__rosidl_typesupport_introspection_cpp.hpp\n'}
[16.361698] (px4_msgs) StdoutLine: {'line': b'-- Up-to-date symlink: /home/giromi/Repos/VTOL/ws_sensor_combined_src/install/px4_msgs/include/px4_msgs/px4_msgs/msg/detail/manual_control_switches__rosidl_typesupport_introspection_cpp.hpp\n'}
[16.361988] (px4_msgs) StdoutLine: {'line': b'-- Up-to-date symlink: /home/giromi/Repos/VTOL/ws_sensor_combined_src/install/px4_msgs/include/px4_msgs/px4_msgs/msg/detail/mavlink_log__rosidl_typesupport_introspection_cpp.hpp\n'}
[16.362240] (px4_msgs) StdoutLine: {'line': b'-- Up-to-date symlink: /home/giromi/Repos/VTOL/ws_sensor_combined_src/install/px4_msgs/include/px4_msgs/px4_msgs/msg/detail/mavlink_tunnel__rosidl_typesupport_introspection_cpp.hpp\n'}
[16.362516] (px4_msgs) StdoutLine: {'line': b'-- Up-to-date symlink: /home/giromi/Repos/VTOL/ws_sensor_combined_src/install/px4_msgs/include/px4_msgs/px4_msgs/msg/detail/message_format_request__rosidl_typesupport_introspection_cpp.hpp\n'}
[16.362749] (px4_msgs) StdoutLine: {'line': b'-- Up-to-date symlink: /home/giromi/Repos/VTOL/ws_sensor_combined_src/install/px4_msgs/include/px4_msgs/px4_msgs/msg/detail/message_format_response__rosidl_typesupport_introspection_cpp.hpp\n'}
[16.363082] (px4_msgs) StdoutLine: {'line': b'-- Up-to-date symlink: /home/giromi/Repos/VTOL/ws_sensor_combined_src/install/px4_msgs/include/px4_msgs/px4_msgs/msg/detail/mission__rosidl_typesupport_introspection_cpp.hpp\n'}
[16.363380] (px4_msgs) StdoutLine: {'line': b'-- Up-to-date symlink: /home/giromi/Repos/VTOL/ws_sensor_combined_src/install/px4_msgs/include/px4_msgs/px4_msgs/msg/detail/mission_result__rosidl_typesupport_introspection_cpp.hpp\n'}
[16.363751] (px4_msgs) StdoutLine: {'line': b'-- Up-to-date symlink: /home/giromi/Repos/VTOL/ws_sensor_combined_src/install/px4_msgs/include/px4_msgs/px4_msgs/msg/detail/mode_completed__rosidl_typesupport_introspection_cpp.hpp\n'}
[16.364084] (px4_msgs) StdoutLine: {'line': b'-- Up-to-date symlink: /home/giromi/Repos/VTOL/ws_sensor_combined_src/install/px4_msgs/include/px4_msgs/px4_msgs/msg/detail/mount_orientation__rosidl_typesupport_introspection_cpp.hpp\n'}
[16.364378] (px4_msgs) StdoutLine: {'line': b'-- Up-to-date symlink: /home/giromi/Repos/VTOL/ws_sensor_combined_src/install/px4_msgs/include/px4_msgs/px4_msgs/msg/detail/navigator_mission_item__rosidl_typesupport_introspection_cpp.hpp\n'}
[16.364718] (px4_msgs) StdoutLine: {'line': b'-- Up-to-date symlink: /home/giromi/Repos/VTOL/ws_sensor_combined_src/install/px4_msgs/include/px4_msgs/px4_msgs/msg/detail/normalized_unsigned_setpoint__rosidl_typesupport_introspection_cpp.hpp\n'}
[16.365087] (px4_msgs) StdoutLine: {'line': b'-- Up-to-date symlink: /home/giromi/Repos/VTOL/ws_sensor_combined_src/install/px4_msgs/include/px4_msgs/px4_msgs/msg/detail/npfg_status__rosidl_typesupport_introspection_cpp.hpp\n'}
[16.365412] (px4_msgs) StdoutLine: {'line': b'-- Up-to-date symlink: /home/giromi/Repos/VTOL/ws_sensor_combined_src/install/px4_msgs/include/px4_msgs/px4_msgs/msg/detail/obstacle_distance__rosidl_typesupport_introspection_cpp.hpp\n'}
[16.365731] (px4_msgs) StdoutLine: {'line': b'-- Up-to-date symlink: /home/giromi/Repos/VTOL/ws_sensor_combined_src/install/px4_msgs/include/px4_msgs/px4_msgs/msg/detail/offboard_control_mode__rosidl_typesupport_introspection_cpp.hpp\n'}
[16.366051] (px4_msgs) StdoutLine: {'line': b'-- Up-to-date symlink: /home/giromi/Repos/VTOL/ws_sensor_combined_src/install/px4_msgs/include/px4_msgs/px4_msgs/msg/detail/onboard_computer_status__rosidl_typesupport_introspection_cpp.hpp\n'}
[16.366379] (px4_msgs) StdoutLine: {'line': b'-- Up-to-date symlink: /home/giromi/Repos/VTOL/ws_sensor_combined_src/install/px4_msgs/include/px4_msgs/px4_msgs/msg/detail/orb_test__rosidl_typesupport_introspection_cpp.hpp\n'}
[16.366694] (px4_msgs) StdoutLine: {'line': b'-- Up-to-date symlink: /home/giromi/Repos/VTOL/ws_sensor_combined_src/install/px4_msgs/include/px4_msgs/px4_msgs/msg/detail/orb_test_large__rosidl_typesupport_introspection_cpp.hpp\n'}
[16.367020] (px4_msgs) StdoutLine: {'line': b'-- Up-to-date symlink: /home/giromi/Repos/VTOL/ws_sensor_combined_src/install/px4_msgs/include/px4_msgs/px4_msgs/msg/detail/orb_test_medium__rosidl_typesupport_introspection_cpp.hpp\n'}
[16.367316] (px4_msgs) StdoutLine: {'line': b'-- Up-to-date symlink: /home/giromi/Repos/VTOL/ws_sensor_combined_src/install/px4_msgs/include/px4_msgs/px4_msgs/msg/detail/orbit_status__rosidl_typesupport_introspection_cpp.hpp\n'}
[16.367588] (px4_msgs) StdoutLine: {'line': b'-- Up-to-date symlink: /home/giromi/Repos/VTOL/ws_sensor_combined_src/install/px4_msgs/include/px4_msgs/px4_msgs/msg/detail/parameter_update__rosidl_typesupport_introspection_cpp.hpp\n'}
[16.368017] (px4_msgs) StdoutLine: {'line': b'-- Up-to-date symlink: /home/giromi/Repos/VTOL/ws_sensor_combined_src/install/px4_msgs/include/px4_msgs/px4_msgs/msg/detail/ping__rosidl_typesupport_introspection_cpp.hpp\n'}
[16.368372] (px4_msgs) StdoutLine: {'line': b'-- Up-to-date symlink: /home/giromi/Repos/VTOL/ws_sensor_combined_src/install/px4_msgs/include/px4_msgs/px4_msgs/msg/detail/position_controller_landing_status__rosidl_typesupport_introspection_cpp.hpp\n'}
[16.368672] (px4_msgs) StdoutLine: {'line': b'-- Up-to-date symlink: /home/giromi/Repos/VTOL/ws_sensor_combined_src/install/px4_msgs/include/px4_msgs/px4_msgs/msg/detail/position_controller_status__rosidl_typesupport_introspection_cpp.hpp\n'}
[16.368908] (px4_msgs) StdoutLine: {'line': b'-- Up-to-date symlink: /home/giromi/Repos/VTOL/ws_sensor_combined_src/install/px4_msgs/include/px4_msgs/px4_msgs/msg/detail/position_setpoint__rosidl_typesupport_introspection_cpp.hpp\n'}
[16.369301] (px4_msgs) StdoutLine: {'line': b'-- Up-to-date symlink: /home/giromi/Repos/VTOL/ws_sensor_combined_src/install/px4_msgs/include/px4_msgs/px4_msgs/msg/detail/position_setpoint_triplet__rosidl_typesupport_introspection_cpp.hpp\n'}
[16.369581] (px4_msgs) StdoutLine: {'line': b'-- Up-to-date symlink: /home/giromi/Repos/VTOL/ws_sensor_combined_src/install/px4_msgs/include/px4_msgs/px4_msgs/msg/detail/power_button_state__rosidl_typesupport_introspection_cpp.hpp\n'}
[16.369936] (px4_msgs) StdoutLine: {'line': b'-- Up-to-date symlink: /home/giromi/Repos/VTOL/ws_sensor_combined_src/install/px4_msgs/include/px4_msgs/px4_msgs/msg/detail/power_monitor__rosidl_typesupport_introspection_cpp.hpp\n'}
[16.370338] (px4_msgs) StdoutLine: {'line': b'-- Up-to-date symlink: /home/giromi/Repos/VTOL/ws_sensor_combined_src/install/px4_msgs/include/px4_msgs/px4_msgs/msg/detail/pps_capture__rosidl_typesupport_introspection_cpp.hpp\n'}
[16.370686] (px4_msgs) StdoutLine: {'line': b'-- Up-to-date symlink: /home/giromi/Repos/VTOL/ws_sensor_combined_src/install/px4_msgs/include/px4_msgs/px4_msgs/msg/detail/pwm_input__rosidl_typesupport_introspection_cpp.hpp\n'}
[16.371018] (px4_msgs) StdoutLine: {'line': b'-- Up-to-date symlink: /home/giromi/Repos/VTOL/ws_sensor_combined_src/install/px4_msgs/include/px4_msgs/px4_msgs/msg/detail/px4io_status__rosidl_typesupport_introspection_cpp.hpp\n'}
[16.371348] (px4_msgs) StdoutLine: {'line': b'-- Up-to-date symlink: /home/giromi/Repos/VTOL/ws_sensor_combined_src/install/px4_msgs/include/px4_msgs/px4_msgs/msg/detail/qshell_req__rosidl_typesupport_introspection_cpp.hpp\n'}
[16.371698] (px4_msgs) StdoutLine: {'line': b'-- Up-to-date symlink: /home/giromi/Repos/VTOL/ws_sensor_combined_src/install/px4_msgs/include/px4_msgs/px4_msgs/msg/detail/qshell_retval__rosidl_typesupport_introspection_cpp.hpp\n'}
[16.372039] (px4_msgs) StdoutLine: {'line': b'-- Up-to-date symlink: /home/giromi/Repos/VTOL/ws_sensor_combined_src/install/px4_msgs/include/px4_msgs/px4_msgs/msg/detail/radio_status__rosidl_typesupport_introspection_cpp.hpp\n'}
[16.372370] (px4_msgs) StdoutLine: {'line': b'-- Up-to-date symlink: /home/giromi/Repos/VTOL/ws_sensor_combined_src/install/px4_msgs/include/px4_msgs/px4_msgs/msg/detail/rate_ctrl_status__rosidl_typesupport_introspection_cpp.hpp\n'}
[16.372685] (px4_msgs) StdoutLine: {'line': b'-- Up-to-date symlink: /home/giromi/Repos/VTOL/ws_sensor_combined_src/install/px4_msgs/include/px4_msgs/px4_msgs/msg/detail/rc_channels__rosidl_typesupport_introspection_cpp.hpp\n'}
[16.373030] (px4_msgs) StdoutLine: {'line': b'-- Up-to-date symlink: /home/giromi/Repos/VTOL/ws_sensor_combined_src/install/px4_msgs/include/px4_msgs/px4_msgs/msg/detail/rc_parameter_map__rosidl_typesupport_introspection_cpp.hpp\n'}
[16.373460] (px4_msgs) StdoutLine: {'line': b'-- Up-to-date symlink: /home/giromi/Repos/VTOL/ws_sensor_combined_src/install/px4_msgs/include/px4_msgs/px4_msgs/msg/detail/register_ext_component_reply__rosidl_typesupport_introspection_cpp.hpp\n'}
[16.373795] (px4_msgs) StdoutLine: {'line': b'-- Up-to-date symlink: /home/giromi/Repos/VTOL/ws_sensor_combined_src/install/px4_msgs/include/px4_msgs/px4_msgs/msg/detail/register_ext_component_request__rosidl_typesupport_introspection_cpp.hpp\n'}
[16.374144] (px4_msgs) StdoutLine: {'line': b'-- Up-to-date symlink: /home/giromi/Repos/VTOL/ws_sensor_combined_src/install/px4_msgs/include/px4_msgs/px4_msgs/msg/detail/rpm__rosidl_typesupport_introspection_cpp.hpp\n'}
[16.374461] (px4_msgs) StdoutLine: {'line': b'-- Up-to-date symlink: /home/giromi/Repos/VTOL/ws_sensor_combined_src/install/px4_msgs/include/px4_msgs/px4_msgs/msg/detail/rtl_time_estimate__rosidl_typesupport_introspection_cpp.hpp\n'}
[16.374813] (px4_msgs) StdoutLine: {'line': b'-- Up-to-date symlink: /home/giromi/Repos/VTOL/ws_sensor_combined_src/install/px4_msgs/include/px4_msgs/px4_msgs/msg/detail/satellite_info__rosidl_typesupport_introspection_cpp.hpp\n'}
[16.375156] (px4_msgs) StdoutLine: {'line': b'-- Up-to-date symlink: /home/giromi/Repos/VTOL/ws_sensor_combined_src/install/px4_msgs/include/px4_msgs/px4_msgs/msg/detail/sensor_accel__rosidl_typesupport_introspection_cpp.hpp\n'}
[16.375485] (px4_msgs) StdoutLine: {'line': b'-- Up-to-date symlink: /home/giromi/Repos/VTOL/ws_sensor_combined_src/install/px4_msgs/include/px4_msgs/px4_msgs/msg/detail/sensor_accel_fifo__rosidl_typesupport_introspection_cpp.hpp\n'}
[16.375835] (px4_msgs) StdoutLine: {'line': b'-- Up-to-date symlink: /home/giromi/Repos/VTOL/ws_sensor_combined_src/install/px4_msgs/include/px4_msgs/px4_msgs/msg/detail/sensor_airflow__rosidl_typesupport_introspection_cpp.hpp\n'}
[16.376135] (px4_msgs) StdoutLine: {'line': b'-- Up-to-date symlink: /home/giromi/Repos/VTOL/ws_sensor_combined_src/install/px4_msgs/include/px4_msgs/px4_msgs/msg/detail/sensor_baro__rosidl_typesupport_introspection_cpp.hpp\n'}
[16.376498] (px4_msgs) StdoutLine: {'line': b'-- Up-to-date symlink: /home/giromi/Repos/VTOL/ws_sensor_combined_src/install/px4_msgs/include/px4_msgs/px4_msgs/msg/detail/sensor_combined__rosidl_typesupport_introspection_cpp.hpp\n'}
[16.376816] (px4_msgs) StdoutLine: {'line': b'-- Up-to-date symlink: /home/giromi/Repos/VTOL/ws_sensor_combined_src/install/px4_msgs/include/px4_msgs/px4_msgs/msg/detail/sensor_correction__rosidl_typesupport_introspection_cpp.hpp\n'}
[16.377193] (px4_msgs) StdoutLine: {'line': b'-- Up-to-date symlink: /home/giromi/Repos/VTOL/ws_sensor_combined_src/install/px4_msgs/include/px4_msgs/px4_msgs/msg/detail/sensor_gnss_relative__rosidl_typesupport_introspection_cpp.hpp\n'}
[16.377472] (px4_msgs) StdoutLine: {'line': b'-- Up-to-date symlink: /home/giromi/Repos/VTOL/ws_sensor_combined_src/install/px4_msgs/include/px4_msgs/px4_msgs/msg/detail/sensor_gps__rosidl_typesupport_introspection_cpp.hpp\n'}
[16.377727] (px4_msgs) StdoutLine: {'line': b'-- Up-to-date symlink: /home/giromi/Repos/VTOL/ws_sensor_combined_src/install/px4_msgs/include/px4_msgs/px4_msgs/msg/detail/sensor_gyro__rosidl_typesupport_introspection_cpp.hpp\n'}
[16.377969] (px4_msgs) StdoutLine: {'line': b'-- Up-to-date symlink: /home/giromi/Repos/VTOL/ws_sensor_combined_src/install/px4_msgs/include/px4_msgs/px4_msgs/msg/detail/sensor_gyro_fft__rosidl_typesupport_introspection_cpp.hpp\n'}
[16.378216] (px4_msgs) StdoutLine: {'line': b'-- Up-to-date symlink: /home/giromi/Repos/VTOL/ws_sensor_combined_src/install/px4_msgs/include/px4_msgs/px4_msgs/msg/detail/sensor_gyro_fifo__rosidl_typesupport_introspection_cpp.hpp\n'}
[16.378452] (px4_msgs) StdoutLine: {'line': b'-- Up-to-date symlink: /home/giromi/Repos/VTOL/ws_sensor_combined_src/install/px4_msgs/include/px4_msgs/px4_msgs/msg/detail/sensor_hygrometer__rosidl_typesupport_introspection_cpp.hpp\n'}
[16.378683] (px4_msgs) StdoutLine: {'line': b'-- Up-to-date symlink: /home/giromi/Repos/VTOL/ws_sensor_combined_src/install/px4_msgs/include/px4_msgs/px4_msgs/msg/detail/sensor_mag__rosidl_typesupport_introspection_cpp.hpp\n'}
[16.378938] (px4_msgs) StdoutLine: {'line': b'-- Up-to-date symlink: /home/giromi/Repos/VTOL/ws_sensor_combined_src/install/px4_msgs/include/px4_msgs/px4_msgs/msg/detail/sensor_optical_flow__rosidl_typesupport_introspection_cpp.hpp\n'}
[16.379194] (px4_msgs) StdoutLine: {'line': b'-- Up-to-date symlink: /home/giromi/Repos/VTOL/ws_sensor_combined_src/install/px4_msgs/include/px4_msgs/px4_msgs/msg/detail/sensor_preflight_mag__rosidl_typesupport_introspection_cpp.hpp\n'}
[16.379450] (px4_msgs) StdoutLine: {'line': b'-- Up-to-date symlink: /home/giromi/Repos/VTOL/ws_sensor_combined_src/install/px4_msgs/include/px4_msgs/px4_msgs/msg/detail/sensor_selection__rosidl_typesupport_introspection_cpp.hpp\n'}
[16.379737] (px4_msgs) StdoutLine: {'line': b'-- Up-to-date symlink: /home/giromi/Repos/VTOL/ws_sensor_combined_src/install/px4_msgs/include/px4_msgs/px4_msgs/msg/detail/sensor_uwb__rosidl_typesupport_introspection_cpp.hpp\n'}
[16.379993] (px4_msgs) StdoutLine: {'line': b'-- Up-to-date symlink: /home/giromi/Repos/VTOL/ws_sensor_combined_src/install/px4_msgs/include/px4_msgs/px4_msgs/msg/detail/sensors_status__rosidl_typesupport_introspection_cpp.hpp\n'}
[16.380222] (px4_msgs) StdoutLine: {'line': b'-- Up-to-date symlink: /home/giromi/Repos/VTOL/ws_sensor_combined_src/install/px4_msgs/include/px4_msgs/px4_msgs/msg/detail/sensors_status_imu__rosidl_typesupport_introspection_cpp.hpp\n'}
[16.380516] (px4_msgs) StdoutLine: {'line': b'-- Up-to-date symlink: /home/giromi/Repos/VTOL/ws_sensor_combined_src/install/px4_msgs/include/px4_msgs/px4_msgs/msg/detail/system_power__rosidl_typesupport_introspection_cpp.hpp\n'}
[16.380759] (px4_msgs) StdoutLine: {'line': b'-- Up-to-date symlink: /home/giromi/Repos/VTOL/ws_sensor_combined_src/install/px4_msgs/include/px4_msgs/px4_msgs/msg/detail/takeoff_status__rosidl_typesupport_introspection_cpp.hpp\n'}
[16.381022] (px4_msgs) StdoutLine: {'line': b'-- Up-to-date symlink: /home/giromi/Repos/VTOL/ws_sensor_combined_src/install/px4_msgs/include/px4_msgs/px4_msgs/msg/detail/task_stack_info__rosidl_typesupport_introspection_cpp.hpp\n'}
[16.381310] (px4_msgs) StdoutLine: {'line': b'-- Up-to-date symlink: /home/giromi/Repos/VTOL/ws_sensor_combined_src/install/px4_msgs/include/px4_msgs/px4_msgs/msg/detail/tecs_status__rosidl_typesupport_introspection_cpp.hpp\n'}
[16.381558] (px4_msgs) StdoutLine: {'line': b'-- Up-to-date symlink: /home/giromi/Repos/VTOL/ws_sensor_combined_src/install/px4_msgs/include/px4_msgs/px4_msgs/msg/detail/telemetry_status__rosidl_typesupport_introspection_cpp.hpp\n'}
[16.381814] (px4_msgs) StdoutLine: {'line': b'-- Up-to-date symlink: /home/giromi/Repos/VTOL/ws_sensor_combined_src/install/px4_msgs/include/px4_msgs/px4_msgs/msg/detail/tiltrotor_extra_controls__rosidl_typesupport_introspection_cpp.hpp\n'}
[16.382070] (px4_msgs) StdoutLine: {'line': b'-- Up-to-date symlink: /home/giromi/Repos/VTOL/ws_sensor_combined_src/install/px4_msgs/include/px4_msgs/px4_msgs/msg/detail/timesync_status__rosidl_typesupport_introspection_cpp.hpp\n'}
[16.382302] (px4_msgs) StdoutLine: {'line': b'-- Up-to-date symlink: /home/giromi/Repos/VTOL/ws_sensor_combined_src/install/px4_msgs/include/px4_msgs/px4_msgs/msg/detail/trajectory_bezier__rosidl_typesupport_introspection_cpp.hpp\n'}
[16.382553] (px4_msgs) StdoutLine: {'line': b'-- Up-to-date symlink: /home/giromi/Repos/VTOL/ws_sensor_combined_src/install/px4_msgs/include/px4_msgs/px4_msgs/msg/detail/trajectory_setpoint__rosidl_typesupport_introspection_cpp.hpp\n'}
[16.382837] (px4_msgs) StdoutLine: {'line': b'-- Up-to-date symlink: /home/giromi/Repos/VTOL/ws_sensor_combined_src/install/px4_msgs/include/px4_msgs/px4_msgs/msg/detail/trajectory_waypoint__rosidl_typesupport_introspection_cpp.hpp\n'}
[16.383093] (px4_msgs) StdoutLine: {'line': b'-- Up-to-date symlink: /home/giromi/Repos/VTOL/ws_sensor_combined_src/install/px4_msgs/include/px4_msgs/px4_msgs/msg/detail/transponder_report__rosidl_typesupport_introspection_cpp.hpp\n'}
[16.383323] (px4_msgs) StdoutLine: {'line': b'-- Up-to-date symlink: /home/giromi/Repos/VTOL/ws_sensor_combined_src/install/px4_msgs/include/px4_msgs/px4_msgs/msg/detail/tune_control__rosidl_typesupport_introspection_cpp.hpp\n'}
[16.383606] (px4_msgs) StdoutLine: {'line': b'-- Up-to-date symlink: /home/giromi/Repos/VTOL/ws_sensor_combined_src/install/px4_msgs/include/px4_msgs/px4_msgs/msg/detail/uavcan_parameter_request__rosidl_typesupport_introspection_cpp.hpp\n'}
[16.383856] (px4_msgs) StdoutLine: {'line': b'-- Up-to-date symlink: /home/giromi/Repos/VTOL/ws_sensor_combined_src/install/px4_msgs/include/px4_msgs/px4_msgs/msg/detail/uavcan_parameter_value__rosidl_typesupport_introspection_cpp.hpp\n'}
[16.384096] (px4_msgs) StdoutLine: {'line': b'-- Up-to-date symlink: /home/giromi/Repos/VTOL/ws_sensor_combined_src/install/px4_msgs/include/px4_msgs/px4_msgs/msg/detail/ulog_stream__rosidl_typesupport_introspection_cpp.hpp\n'}
[16.384348] (px4_msgs) StdoutLine: {'line': b'-- Up-to-date symlink: /home/giromi/Repos/VTOL/ws_sensor_combined_src/install/px4_msgs/include/px4_msgs/px4_msgs/msg/detail/ulog_stream_ack__rosidl_typesupport_introspection_cpp.hpp\n'}
[16.384630] (px4_msgs) StdoutLine: {'line': b'-- Up-to-date symlink: /home/giromi/Repos/VTOL/ws_sensor_combined_src/install/px4_msgs/include/px4_msgs/px4_msgs/msg/detail/unregister_ext_component__rosidl_typesupport_introspection_cpp.hpp\n'}
[16.384845] (px4_msgs) StdoutLine: {'line': b'-- Up-to-date symlink: /home/giromi/Repos/VTOL/ws_sensor_combined_src/install/px4_msgs/include/px4_msgs/px4_msgs/msg/detail/vehicle_acceleration__rosidl_typesupport_introspection_cpp.hpp\n'}
[16.385166] (px4_msgs) StdoutLine: {'line': b'-- Up-to-date symlink: /home/giromi/Repos/VTOL/ws_sensor_combined_src/install/px4_msgs/include/px4_msgs/px4_msgs/msg/detail/vehicle_air_data__rosidl_typesupport_introspection_cpp.hpp\n'}
[16.385582] (px4_msgs) StdoutLine: {'line': b'-- Up-to-date symlink: /home/giromi/Repos/VTOL/ws_sensor_combined_src/install/px4_msgs/include/px4_msgs/px4_msgs/msg/detail/vehicle_angular_acceleration_setpoint__rosidl_typesupport_introspection_cpp.hpp\n'}
[16.385833] (px4_msgs) StdoutLine: {'line': b'-- Up-to-date symlink: /home/giromi/Repos/VTOL/ws_sensor_combined_src/install/px4_msgs/include/px4_msgs/px4_msgs/msg/detail/vehicle_angular_velocity__rosidl_typesupport_introspection_cpp.hpp\n'}
[16.386055] (px4_msgs) StdoutLine: {'line': b'-- Up-to-date symlink: /home/giromi/Repos/VTOL/ws_sensor_combined_src/install/px4_msgs/include/px4_msgs/px4_msgs/msg/detail/vehicle_attitude__rosidl_typesupport_introspection_cpp.hpp\n'}
[16.386331] (px4_msgs) StdoutLine: {'line': b'-- Up-to-date symlink: /home/giromi/Repos/VTOL/ws_sensor_combined_src/install/px4_msgs/include/px4_msgs/px4_msgs/msg/detail/vehicle_attitude_setpoint__rosidl_typesupport_introspection_cpp.hpp\n'}
[16.386583] (px4_msgs) StdoutLine: {'line': b'-- Up-to-date symlink: /home/giromi/Repos/VTOL/ws_sensor_combined_src/install/px4_msgs/include/px4_msgs/px4_msgs/msg/detail/vehicle_command__rosidl_typesupport_introspection_cpp.hpp\n'}
[16.386811] (px4_msgs) StdoutLine: {'line': b'-- Up-to-date symlink: /home/giromi/Repos/VTOL/ws_sensor_combined_src/install/px4_msgs/include/px4_msgs/px4_msgs/msg/detail/vehicle_command_ack__rosidl_typesupport_introspection_cpp.hpp\n'}
[16.387067] (px4_msgs) StdoutLine: {'line': b'-- Up-to-date symlink: /home/giromi/Repos/VTOL/ws_sensor_combined_src/install/px4_msgs/include/px4_msgs/px4_msgs/msg/detail/vehicle_constraints__rosidl_typesupport_introspection_cpp.hpp\n'}
[16.387350] (px4_msgs) StdoutLine: {'line': b'-- Up-to-date symlink: /home/giromi/Repos/VTOL/ws_sensor_combined_src/install/px4_msgs/include/px4_msgs/px4_msgs/msg/detail/vehicle_control_mode__rosidl_typesupport_introspection_cpp.hpp\n'}
[16.387582] (px4_msgs) StdoutLine: {'line': b'-- Up-to-date symlink: /home/giromi/Repos/VTOL/ws_sensor_combined_src/install/px4_msgs/include/px4_msgs/px4_msgs/msg/detail/vehicle_global_position__rosidl_typesupport_introspection_cpp.hpp\n'}
[16.387832] (px4_msgs) StdoutLine: {'line': b'-- Up-to-date symlink: /home/giromi/Repos/VTOL/ws_sensor_combined_src/install/px4_msgs/include/px4_msgs/px4_msgs/msg/detail/vehicle_imu__rosidl_typesupport_introspection_cpp.hpp\n'}
[16.388089] (px4_msgs) StdoutLine: {'line': b'-- Up-to-date symlink: /home/giromi/Repos/VTOL/ws_sensor_combined_src/install/px4_msgs/include/px4_msgs/px4_msgs/msg/detail/vehicle_imu_status__rosidl_typesupport_introspection_cpp.hpp\n'}
[16.388347] (px4_msgs) StdoutLine: {'line': b'-- Up-to-date symlink: /home/giromi/Repos/VTOL/ws_sensor_combined_src/install/px4_msgs/include/px4_msgs/px4_msgs/msg/detail/vehicle_land_detected__rosidl_typesupport_introspection_cpp.hpp\n'}
[16.388607] (px4_msgs) StdoutLine: {'line': b'-- Up-to-date symlink: /home/giromi/Repos/VTOL/ws_sensor_combined_src/install/px4_msgs/include/px4_msgs/px4_msgs/msg/detail/vehicle_local_position__rosidl_typesupport_introspection_cpp.hpp\n'}
[16.388874] (px4_msgs) StdoutLine: {'line': b'-- Up-to-date symlink: /home/giromi/Repos/VTOL/ws_sensor_combined_src/install/px4_msgs/include/px4_msgs/px4_msgs/msg/detail/vehicle_local_position_setpoint__rosidl_typesupport_introspection_cpp.hpp\n'}
[16.389162] (px4_msgs) StdoutLine: {'line': b'-- Up-to-date symlink: /home/giromi/Repos/VTOL/ws_sensor_combined_src/install/px4_msgs/include/px4_msgs/px4_msgs/msg/detail/vehicle_magnetometer__rosidl_typesupport_introspection_cpp.hpp\n'}
[16.389389] (px4_msgs) StdoutLine: {'line': b'-- Up-to-date symlink: /home/giromi/Repos/VTOL/ws_sensor_combined_src/install/px4_msgs/include/px4_msgs/px4_msgs/msg/detail/vehicle_odometry__rosidl_typesupport_introspection_cpp.hpp\n'}
[16.389653] (px4_msgs) StdoutLine: {'line': b'-- Up-to-date symlink: /home/giromi/Repos/VTOL/ws_sensor_combined_src/install/px4_msgs/include/px4_msgs/px4_msgs/msg/detail/vehicle_optical_flow__rosidl_typesupport_introspection_cpp.hpp\n'}
[16.389927] (px4_msgs) StdoutLine: {'line': b'-- Up-to-date symlink: /home/giromi/Repos/VTOL/ws_sensor_combined_src/install/px4_msgs/include/px4_msgs/px4_msgs/msg/detail/vehicle_optical_flow_vel__rosidl_typesupport_introspection_cpp.hpp\n'}
[16.390172] (px4_msgs) StdoutLine: {'line': b'-- Up-to-date symlink: /home/giromi/Repos/VTOL/ws_sensor_combined_src/install/px4_msgs/include/px4_msgs/px4_msgs/msg/detail/vehicle_rates_setpoint__rosidl_typesupport_introspection_cpp.hpp\n'}
[16.390422] (px4_msgs) StdoutLine: {'line': b'-- Up-to-date symlink: /home/giromi/Repos/VTOL/ws_sensor_combined_src/install/px4_msgs/include/px4_msgs/px4_msgs/msg/detail/vehicle_roi__rosidl_typesupport_introspection_cpp.hpp\n'}
[16.390677] (px4_msgs) StdoutLine: {'line': b'-- Up-to-date symlink: /home/giromi/Repos/VTOL/ws_sensor_combined_src/install/px4_msgs/include/px4_msgs/px4_msgs/msg/detail/vehicle_status__rosidl_typesupport_introspection_cpp.hpp\n'}
[16.390907] (px4_msgs) StdoutLine: {'line': b'-- Up-to-date symlink: /home/giromi/Repos/VTOL/ws_sensor_combined_src/install/px4_msgs/include/px4_msgs/px4_msgs/msg/detail/vehicle_thrust_setpoint__rosidl_typesupport_introspection_cpp.hpp\n'}
[16.391163] (px4_msgs) StdoutLine: {'line': b'-- Up-to-date symlink: /home/giromi/Repos/VTOL/ws_sensor_combined_src/install/px4_msgs/include/px4_msgs/px4_msgs/msg/detail/vehicle_torque_setpoint__rosidl_typesupport_introspection_cpp.hpp\n'}
[16.391448] (px4_msgs) StdoutLine: {'line': b'-- Up-to-date symlink: /home/giromi/Repos/VTOL/ws_sensor_combined_src/install/px4_msgs/include/px4_msgs/px4_msgs/msg/detail/vehicle_trajectory_bezier__rosidl_typesupport_introspection_cpp.hpp\n'}
[16.391698] (px4_msgs) StdoutLine: {'line': b'-- Up-to-date symlink: /home/giromi/Repos/VTOL/ws_sensor_combined_src/install/px4_msgs/include/px4_msgs/px4_msgs/msg/detail/vehicle_trajectory_waypoint__rosidl_typesupport_introspection_cpp.hpp\n'}
[16.391963] (px4_msgs) StdoutLine: {'line': b'-- Up-to-date symlink: /home/giromi/Repos/VTOL/ws_sensor_combined_src/install/px4_msgs/include/px4_msgs/px4_msgs/msg/detail/velocity_limits__rosidl_typesupport_introspection_cpp.hpp\n'}
[16.392209] (px4_msgs) StdoutLine: {'line': b'-- Up-to-date symlink: /home/giromi/Repos/VTOL/ws_sensor_combined_src/install/px4_msgs/include/px4_msgs/px4_msgs/msg/detail/vtol_vehicle_status__rosidl_typesupport_introspection_cpp.hpp\n'}
[16.392628] (px4_msgs) StdoutLine: {'line': b'-- Up-to-date symlink: /home/giromi/Repos/VTOL/ws_sensor_combined_src/install/px4_msgs/include/px4_msgs/px4_msgs/msg/detail/wheel_encoders__rosidl_typesupport_introspection_cpp.hpp\n'}
[16.393007] (px4_msgs) StdoutLine: {'line': b'-- Up-to-date symlink: /home/giromi/Repos/VTOL/ws_sensor_combined_src/install/px4_msgs/include/px4_msgs/px4_msgs/msg/detail/wind__rosidl_typesupport_introspection_cpp.hpp\n'}
[16.393307] (px4_msgs) StdoutLine: {'line': b'-- Up-to-date symlink: /home/giromi/Repos/VTOL/ws_sensor_combined_src/install/px4_msgs/include/px4_msgs/px4_msgs/msg/detail/yaw_estimator_status__rosidl_typesupport_introspection_cpp.hpp\n'}
[16.393689] (px4_msgs) StdoutLine: {'line': b'-- Up-to-date symlink: /home/giromi/Repos/VTOL/ws_sensor_combined_src/install/px4_msgs/include/px4_msgs/px4_msgs/srv/detail/vehicle_command__rosidl_typesupport_introspection_cpp.hpp\n'}
[16.393964] (px4_msgs) StdoutLine: {'line': b'-- Up-to-date symlink: /home/giromi/Repos/VTOL/ws_sensor_combined_src/install/px4_msgs/share/px4_msgs/environment/pythonpath.sh\n'}
[16.394198] (px4_msgs) StdoutLine: {'line': b'-- Up-to-date symlink: /home/giromi/Repos/VTOL/ws_sensor_combined_src/install/px4_msgs/share/px4_msgs/environment/pythonpath.dsv\n'}
[16.394597] (px4_msgs) StdoutLine: {'line': b'-- Up-to-date symlink: /home/giromi/Repos/VTOL/ws_sensor_combined_src/install/px4_msgs/local/lib/python3.10/dist-packages/px4_msgs-2.0.1-py3.10.egg-info/PKG-INFO\n'}
[16.404666] (px4_msgs) StdoutLine: {'line': b'-- Up-to-date symlink: /home/giromi/Repos/VTOL/ws_sensor_combined_src/install/px4_msgs/local/lib/python3.10/dist-packages/px4_msgs-2.0.1-py3.10.egg-info/SOURCES.txt\n'}
[16.405573] (px4_msgs) StdoutLine: {'line': b'-- Up-to-date symlink: /home/giromi/Repos/VTOL/ws_sensor_combined_src/install/px4_msgs/local/lib/python3.10/dist-packages/px4_msgs-2.0.1-py3.10.egg-info/dependency_links.txt\n'}
[16.406456] (px4_msgs) StdoutLine: {'line': b'-- Up-to-date symlink: /home/giromi/Repos/VTOL/ws_sensor_combined_src/install/px4_msgs/local/lib/python3.10/dist-packages/px4_msgs-2.0.1-py3.10.egg-info/top_level.txt\n'}
[16.426834] (px4_msgs) StdoutLine: {'line': b'-- Up-to-date symlink: /home/giromi/Repos/VTOL/ws_sensor_combined_src/install/px4_msgs/local/lib/python3.10/dist-packages/px4_msgs/__init__.py\n'}
[16.427207] (px4_msgs) StdoutLine: {'line': b'-- Up-to-date symlink: /home/giromi/Repos/VTOL/ws_sensor_combined_src/install/px4_msgs/local/lib/python3.10/dist-packages/px4_msgs/_px4_msgs_s.ep.rosidl_typesupport_c.c\n'}
[16.427557] (px4_msgs) StdoutLine: {'line': b'-- Up-to-date symlink: /home/giromi/Repos/VTOL/ws_sensor_combined_src/install/px4_msgs/local/lib/python3.10/dist-packages/px4_msgs/_px4_msgs_s.ep.rosidl_typesupport_fastrtps_c.c\n'}
[16.427950] (px4_msgs) StdoutLine: {'line': b'-- Up-to-date symlink: /home/giromi/Repos/VTOL/ws_sensor_combined_src/install/px4_msgs/local/lib/python3.10/dist-packages/px4_msgs/_px4_msgs_s.ep.rosidl_typesupport_introspection_c.c\n'}
[16.428319] (px4_msgs) StdoutLine: {'line': b'-- Up-to-date symlink: /home/giromi/Repos/VTOL/ws_sensor_combined_src/install/px4_msgs/local/lib/python3.10/dist-packages/px4_msgs/libpx4_msgs__rosidl_generator_py.so\n'}
[16.428697] (px4_msgs) StdoutLine: {'line': b'-- Up-to-date symlink: /home/giromi/Repos/VTOL/ws_sensor_combined_src/install/px4_msgs/local/lib/python3.10/dist-packages/px4_msgs/msg/__init__.py\n'}
[16.429125] (px4_msgs) StdoutLine: {'line': b'-- Up-to-date symlink: /home/giromi/Repos/VTOL/ws_sensor_combined_src/install/px4_msgs/local/lib/python3.10/dist-packages/px4_msgs/msg/_action_request.py\n'}
[16.429500] (px4_msgs) StdoutLine: {'line': b'-- Up-to-date symlink: /home/giromi/Repos/VTOL/ws_sensor_combined_src/install/px4_msgs/local/lib/python3.10/dist-packages/px4_msgs/msg/_action_request_s.c\n'}
[16.429876] (px4_msgs) StdoutLine: {'line': b'-- Up-to-date symlink: /home/giromi/Repos/VTOL/ws_sensor_combined_src/install/px4_msgs/local/lib/python3.10/dist-packages/px4_msgs/msg/_actuator_armed.py\n'}
[16.430213] (px4_msgs) StdoutLine: {'line': b'-- Up-to-date symlink: /home/giromi/Repos/VTOL/ws_sensor_combined_src/install/px4_msgs/local/lib/python3.10/dist-packages/px4_msgs/msg/_actuator_armed_s.c\n'}
[16.430541] (px4_msgs) StdoutLine: {'line': b'-- Up-to-date symlink: /home/giromi/Repos/VTOL/ws_sensor_combined_src/install/px4_msgs/local/lib/python3.10/dist-packages/px4_msgs/msg/_actuator_controls_status.py\n'}
[16.430818] (px4_msgs) StdoutLine: {'line': b'-- Up-to-date symlink: /home/giromi/Repos/VTOL/ws_sensor_combined_src/install/px4_msgs/local/lib/python3.10/dist-packages/px4_msgs/msg/_actuator_controls_status_s.c\n'}
[16.431174] (px4_msgs) StdoutLine: {'line': b'-- Up-to-date symlink: /home/giromi/Repos/VTOL/ws_sensor_combined_src/install/px4_msgs/local/lib/python3.10/dist-packages/px4_msgs/msg/_actuator_motors.py\n'}
[16.431533] (px4_msgs) StdoutLine: {'line': b'-- Up-to-date symlink: /home/giromi/Repos/VTOL/ws_sensor_combined_src/install/px4_msgs/local/lib/python3.10/dist-packages/px4_msgs/msg/_actuator_motors_s.c\n'}
[16.431870] (px4_msgs) StdoutLine: {'line': b'-- Up-to-date symlink: /home/giromi/Repos/VTOL/ws_sensor_combined_src/install/px4_msgs/local/lib/python3.10/dist-packages/px4_msgs/msg/_actuator_outputs.py\n'}
[16.432241] (px4_msgs) StdoutLine: {'line': b'-- Up-to-date symlink: /home/giromi/Repos/VTOL/ws_sensor_combined_src/install/px4_msgs/local/lib/python3.10/dist-packages/px4_msgs/msg/_actuator_outputs_s.c\n'}
[16.432613] (px4_msgs) StdoutLine: {'line': b'-- Up-to-date symlink: /home/giromi/Repos/VTOL/ws_sensor_combined_src/install/px4_msgs/local/lib/python3.10/dist-packages/px4_msgs/msg/_actuator_servos.py\n'}
[16.432900] (px4_msgs) StdoutLine: {'line': b'-- Up-to-date symlink: /home/giromi/Repos/VTOL/ws_sensor_combined_src/install/px4_msgs/local/lib/python3.10/dist-packages/px4_msgs/msg/_actuator_servos_s.c\n'}
[16.433328] (px4_msgs) StdoutLine: {'line': b'-- Up-to-date symlink: /home/giromi/Repos/VTOL/ws_sensor_combined_src/install/px4_msgs/local/lib/python3.10/dist-packages/px4_msgs/msg/_actuator_servos_trim.py\n'}
[16.433641] (px4_msgs) StdoutLine: {'line': b'-- Up-to-date symlink: /home/giromi/Repos/VTOL/ws_sensor_combined_src/install/px4_msgs/local/lib/python3.10/dist-packages/px4_msgs/msg/_actuator_servos_trim_s.c\n'}
[16.433962] (px4_msgs) StdoutLine: {'line': b'-- Up-to-date symlink: /home/giromi/Repos/VTOL/ws_sensor_combined_src/install/px4_msgs/local/lib/python3.10/dist-packages/px4_msgs/msg/_actuator_test.py\n'}
[16.434281] (px4_msgs) StdoutLine: {'line': b'-- Up-to-date symlink: /home/giromi/Repos/VTOL/ws_sensor_combined_src/install/px4_msgs/local/lib/python3.10/dist-packages/px4_msgs/msg/_actuator_test_s.c\n'}
[16.434593] (px4_msgs) StdoutLine: {'line': b'-- Up-to-date symlink: /home/giromi/Repos/VTOL/ws_sensor_combined_src/install/px4_msgs/local/lib/python3.10/dist-packages/px4_msgs/msg/_adc_report.py\n'}
[16.434930] (px4_msgs) StdoutLine: {'line': b'-- Up-to-date symlink: /home/giromi/Repos/VTOL/ws_sensor_combined_src/install/px4_msgs/local/lib/python3.10/dist-packages/px4_msgs/msg/_adc_report_s.c\n'}
[16.435176] (px4_msgs) StdoutLine: {'line': b'-- Up-to-date symlink: /home/giromi/Repos/VTOL/ws_sensor_combined_src/install/px4_msgs/local/lib/python3.10/dist-packages/px4_msgs/msg/_airspeed.py\n'}
[16.435473] (px4_msgs) StdoutLine: {'line': b'-- Up-to-date symlink: /home/giromi/Repos/VTOL/ws_sensor_combined_src/install/px4_msgs/local/lib/python3.10/dist-packages/px4_msgs/msg/_airspeed_s.c\n'}
[16.435822] (px4_msgs) StdoutLine: {'line': b'-- Up-to-date symlink: /home/giromi/Repos/VTOL/ws_sensor_combined_src/install/px4_msgs/local/lib/python3.10/dist-packages/px4_msgs/msg/_airspeed_validated.py\n'}
[16.436181] (px4_msgs) StdoutLine: {'line': b'-- Up-to-date symlink: /home/giromi/Repos/VTOL/ws_sensor_combined_src/install/px4_msgs/local/lib/python3.10/dist-packages/px4_msgs/msg/_airspeed_validated_s.c\n'}
[16.436481] (px4_msgs) StdoutLine: {'line': b'-- Up-to-date symlink: /home/giromi/Repos/VTOL/ws_sensor_combined_src/install/px4_msgs/local/lib/python3.10/dist-packages/px4_msgs/msg/_airspeed_wind.py\n'}
[16.436771] (px4_msgs) StdoutLine: {'line': b'-- Up-to-date symlink: /home/giromi/Repos/VTOL/ws_sensor_combined_src/install/px4_msgs/local/lib/python3.10/dist-packages/px4_msgs/msg/_airspeed_wind_s.c\n'}
[16.437107] (px4_msgs) StdoutLine: {'line': b'-- Up-to-date symlink: /home/giromi/Repos/VTOL/ws_sensor_combined_src/install/px4_msgs/local/lib/python3.10/dist-packages/px4_msgs/msg/_arming_check_reply.py\n'}
[16.437389] (px4_msgs) StdoutLine: {'line': b'-- Up-to-date symlink: /home/giromi/Repos/VTOL/ws_sensor_combined_src/install/px4_msgs/local/lib/python3.10/dist-packages/px4_msgs/msg/_arming_check_reply_s.c\n'}
[16.437670] (px4_msgs) StdoutLine: {'line': b'-- Up-to-date symlink: /home/giromi/Repos/VTOL/ws_sensor_combined_src/install/px4_msgs/local/lib/python3.10/dist-packages/px4_msgs/msg/_arming_check_request.py\n'}
[16.437910] (px4_msgs) StdoutLine: {'line': b'-- Up-to-date symlink: /home/giromi/Repos/VTOL/ws_sensor_combined_src/install/px4_msgs/local/lib/python3.10/dist-packages/px4_msgs/msg/_arming_check_request_s.c\n'}
[16.438199] (px4_msgs) StdoutLine: {'line': b'-- Up-to-date symlink: /home/giromi/Repos/VTOL/ws_sensor_combined_src/install/px4_msgs/local/lib/python3.10/dist-packages/px4_msgs/msg/_autotune_attitude_control_status.py\n'}
[16.438531] (px4_msgs) StdoutLine: {'line': b'-- Up-to-date symlink: /home/giromi/Repos/VTOL/ws_sensor_combined_src/install/px4_msgs/local/lib/python3.10/dist-packages/px4_msgs/msg/_autotune_attitude_control_status_s.c\n'}
[16.438813] (px4_msgs) StdoutLine: {'line': b'-- Up-to-date symlink: /home/giromi/Repos/VTOL/ws_sensor_combined_src/install/px4_msgs/local/lib/python3.10/dist-packages/px4_msgs/msg/_battery_status.py\n'}
[16.439108] (px4_msgs) StdoutLine: {'line': b'-- Up-to-date symlink: /home/giromi/Repos/VTOL/ws_sensor_combined_src/install/px4_msgs/local/lib/python3.10/dist-packages/px4_msgs/msg/_battery_status_s.c\n'}
[16.439377] (px4_msgs) StdoutLine: {'line': b'-- Up-to-date symlink: /home/giromi/Repos/VTOL/ws_sensor_combined_src/install/px4_msgs/local/lib/python3.10/dist-packages/px4_msgs/msg/_buffer128.py\n'}
[16.439682] (px4_msgs) StdoutLine: {'line': b'-- Up-to-date symlink: /home/giromi/Repos/VTOL/ws_sensor_combined_src/install/px4_msgs/local/lib/python3.10/dist-packages/px4_msgs/msg/_buffer128_s.c\n'}
[16.439985] (px4_msgs) StdoutLine: {'line': b'-- Up-to-date symlink: /home/giromi/Repos/VTOL/ws_sensor_combined_src/install/px4_msgs/local/lib/python3.10/dist-packages/px4_msgs/msg/_button_event.py\n'}
[16.440285] (px4_msgs) StdoutLine: {'line': b'-- Up-to-date symlink: /home/giromi/Repos/VTOL/ws_sensor_combined_src/install/px4_msgs/local/lib/python3.10/dist-packages/px4_msgs/msg/_button_event_s.c\n'}
[16.440564] (px4_msgs) StdoutLine: {'line': b'-- Up-to-date symlink: /home/giromi/Repos/VTOL/ws_sensor_combined_src/install/px4_msgs/local/lib/python3.10/dist-packages/px4_msgs/msg/_camera_capture.py\n'}
[16.440784] (px4_msgs) StdoutLine: {'line': b'-- Up-to-date symlink: /home/giromi/Repos/VTOL/ws_sensor_combined_src/install/px4_msgs/local/lib/python3.10/dist-packages/px4_msgs/msg/_camera_capture_s.c\n'}
[16.441071] (px4_msgs) StdoutLine: {'line': b'-- Up-to-date symlink: /home/giromi/Repos/VTOL/ws_sensor_combined_src/install/px4_msgs/local/lib/python3.10/dist-packages/px4_msgs/msg/_camera_status.py\n'}
[16.441364] (px4_msgs) StdoutLine: {'line': b'-- Up-to-date symlink: /home/giromi/Repos/VTOL/ws_sensor_combined_src/install/px4_msgs/local/lib/python3.10/dist-packages/px4_msgs/msg/_camera_status_s.c\n'}
[16.441615] (px4_msgs) StdoutLine: {'line': b'-- Up-to-date symlink: /home/giromi/Repos/VTOL/ws_sensor_combined_src/install/px4_msgs/local/lib/python3.10/dist-packages/px4_msgs/msg/_camera_trigger.py\n'}
[16.441864] (px4_msgs) StdoutLine: {'line': b'-- Up-to-date symlink: /home/giromi/Repos/VTOL/ws_sensor_combined_src/install/px4_msgs/local/lib/python3.10/dist-packages/px4_msgs/msg/_camera_trigger_s.c\n'}
[16.442119] (px4_msgs) StdoutLine: {'line': b'-- Up-to-date symlink: /home/giromi/Repos/VTOL/ws_sensor_combined_src/install/px4_msgs/local/lib/python3.10/dist-packages/px4_msgs/msg/_cellular_status.py\n'}
[16.442376] (px4_msgs) StdoutLine: {'line': b'-- Up-to-date symlink: /home/giromi/Repos/VTOL/ws_sensor_combined_src/install/px4_msgs/local/lib/python3.10/dist-packages/px4_msgs/msg/_cellular_status_s.c\n'}
[16.442631] (px4_msgs) StdoutLine: {'line': b'-- Up-to-date symlink: /home/giromi/Repos/VTOL/ws_sensor_combined_src/install/px4_msgs/local/lib/python3.10/dist-packages/px4_msgs/msg/_collision_constraints.py\n'}
[16.442860] (px4_msgs) StdoutLine: {'line': b'-- Up-to-date symlink: /home/giromi/Repos/VTOL/ws_sensor_combined_src/install/px4_msgs/local/lib/python3.10/dist-packages/px4_msgs/msg/_collision_constraints_s.c\n'}
[16.443109] (px4_msgs) StdoutLine: {'line': b'-- Up-to-date symlink: /home/giromi/Repos/VTOL/ws_sensor_combined_src/install/px4_msgs/local/lib/python3.10/dist-packages/px4_msgs/msg/_collision_report.py\n'}
[16.443425] (px4_msgs) StdoutLine: {'line': b'-- Up-to-date symlink: /home/giromi/Repos/VTOL/ws_sensor_combined_src/install/px4_msgs/local/lib/python3.10/dist-packages/px4_msgs/msg/_collision_report_s.c\n'}
[16.443740] (px4_msgs) StdoutLine: {'line': b'-- Up-to-date symlink: /home/giromi/Repos/VTOL/ws_sensor_combined_src/install/px4_msgs/local/lib/python3.10/dist-packages/px4_msgs/msg/_config_overrides.py\n'}
[16.444019] (px4_msgs) StdoutLine: {'line': b'-- Up-to-date symlink: /home/giromi/Repos/VTOL/ws_sensor_combined_src/install/px4_msgs/local/lib/python3.10/dist-packages/px4_msgs/msg/_config_overrides_s.c\n'}
[16.444285] (px4_msgs) StdoutLine: {'line': b'-- Up-to-date symlink: /home/giromi/Repos/VTOL/ws_sensor_combined_src/install/px4_msgs/local/lib/python3.10/dist-packages/px4_msgs/msg/_control_allocator_status.py\n'}
[16.444546] (px4_msgs) StdoutLine: {'line': b'-- Up-to-date symlink: /home/giromi/Repos/VTOL/ws_sensor_combined_src/install/px4_msgs/local/lib/python3.10/dist-packages/px4_msgs/msg/_control_allocator_status_s.c\n'}
[16.444810] (px4_msgs) StdoutLine: {'line': b'-- Up-to-date symlink: /home/giromi/Repos/VTOL/ws_sensor_combined_src/install/px4_msgs/local/lib/python3.10/dist-packages/px4_msgs/msg/_cpuload.py\n'}
[16.445131] (px4_msgs) StdoutLine: {'line': b'-- Up-to-date symlink: /home/giromi/Repos/VTOL/ws_sensor_combined_src/install/px4_msgs/local/lib/python3.10/dist-packages/px4_msgs/msg/_cpuload_s.c\n'}
[16.445368] (px4_msgs) StdoutLine: {'line': b'-- Up-to-date symlink: /home/giromi/Repos/VTOL/ws_sensor_combined_src/install/px4_msgs/local/lib/python3.10/dist-packages/px4_msgs/msg/_dataman_request.py\n'}
[16.445606] (px4_msgs) StdoutLine: {'line': b'-- Up-to-date symlink: /home/giromi/Repos/VTOL/ws_sensor_combined_src/install/px4_msgs/local/lib/python3.10/dist-packages/px4_msgs/msg/_dataman_request_s.c\n'}
[16.445845] (px4_msgs) StdoutLine: {'line': b'-- Up-to-date symlink: /home/giromi/Repos/VTOL/ws_sensor_combined_src/install/px4_msgs/local/lib/python3.10/dist-packages/px4_msgs/msg/_dataman_response.py\n'}
[16.446065] (px4_msgs) StdoutLine: {'line': b'-- Up-to-date symlink: /home/giromi/Repos/VTOL/ws_sensor_combined_src/install/px4_msgs/local/lib/python3.10/dist-packages/px4_msgs/msg/_dataman_response_s.c\n'}
[16.446341] (px4_msgs) StdoutLine: {'line': b'-- Up-to-date symlink: /home/giromi/Repos/VTOL/ws_sensor_combined_src/install/px4_msgs/local/lib/python3.10/dist-packages/px4_msgs/msg/_debug_array.py\n'}
[16.446609] (px4_msgs) StdoutLine: {'line': b'-- Up-to-date symlink: /home/giromi/Repos/VTOL/ws_sensor_combined_src/install/px4_msgs/local/lib/python3.10/dist-packages/px4_msgs/msg/_debug_array_s.c\n'}
[16.446884] (px4_msgs) StdoutLine: {'line': b'-- Up-to-date symlink: /home/giromi/Repos/VTOL/ws_sensor_combined_src/install/px4_msgs/local/lib/python3.10/dist-packages/px4_msgs/msg/_debug_key_value.py\n'}
[16.447157] (px4_msgs) StdoutLine: {'line': b'-- Up-to-date symlink: /home/giromi/Repos/VTOL/ws_sensor_combined_src/install/px4_msgs/local/lib/python3.10/dist-packages/px4_msgs/msg/_debug_key_value_s.c\n'}
[16.447460] (px4_msgs) StdoutLine: {'line': b'-- Up-to-date symlink: /home/giromi/Repos/VTOL/ws_sensor_combined_src/install/px4_msgs/local/lib/python3.10/dist-packages/px4_msgs/msg/_debug_value.py\n'}
[16.447764] (px4_msgs) StdoutLine: {'line': b'-- Up-to-date symlink: /home/giromi/Repos/VTOL/ws_sensor_combined_src/install/px4_msgs/local/lib/python3.10/dist-packages/px4_msgs/msg/_debug_value_s.c\n'}
[16.448069] (px4_msgs) StdoutLine: {'line': b'-- Up-to-date symlink: /home/giromi/Repos/VTOL/ws_sensor_combined_src/install/px4_msgs/local/lib/python3.10/dist-packages/px4_msgs/msg/_debug_vect.py\n'}
[16.448360] (px4_msgs) StdoutLine: {'line': b'-- Up-to-date symlink: /home/giromi/Repos/VTOL/ws_sensor_combined_src/install/px4_msgs/local/lib/python3.10/dist-packages/px4_msgs/msg/_debug_vect_s.c\n'}
[16.448594] (px4_msgs) StdoutLine: {'line': b'-- Up-to-date symlink: /home/giromi/Repos/VTOL/ws_sensor_combined_src/install/px4_msgs/local/lib/python3.10/dist-packages/px4_msgs/msg/_differential_drive_setpoint.py\n'}
[16.448825] (px4_msgs) StdoutLine: {'line': b'-- Up-to-date symlink: /home/giromi/Repos/VTOL/ws_sensor_combined_src/install/px4_msgs/local/lib/python3.10/dist-packages/px4_msgs/msg/_differential_drive_setpoint_s.c\n'}
[16.449270] (px4_msgs) StdoutLine: {'line': b'-- Up-to-date symlink: /home/giromi/Repos/VTOL/ws_sensor_combined_src/install/px4_msgs/local/lib/python3.10/dist-packages/px4_msgs/msg/_differential_pressure.py\n'}
[16.449641] (px4_msgs) StdoutLine: {'line': b'-- Up-to-date symlink: /home/giromi/Repos/VTOL/ws_sensor_combined_src/install/px4_msgs/local/lib/python3.10/dist-packages/px4_msgs/msg/_differential_pressure_s.c\n'}
[16.449958] (px4_msgs) StdoutLine: {'line': b'-- Up-to-date symlink: /home/giromi/Repos/VTOL/ws_sensor_combined_src/install/px4_msgs/local/lib/python3.10/dist-packages/px4_msgs/msg/_distance_sensor.py\n'}
[16.450269] (px4_msgs) StdoutLine: {'line': b'-- Up-to-date symlink: /home/giromi/Repos/VTOL/ws_sensor_combined_src/install/px4_msgs/local/lib/python3.10/dist-packages/px4_msgs/msg/_distance_sensor_s.c\n'}
[16.450584] (px4_msgs) StdoutLine: {'line': b'-- Up-to-date symlink: /home/giromi/Repos/VTOL/ws_sensor_combined_src/install/px4_msgs/local/lib/python3.10/dist-packages/px4_msgs/msg/_ekf2_timestamps.py\n'}
[16.450957] (px4_msgs) StdoutLine: {'line': b'-- Up-to-date symlink: /home/giromi/Repos/VTOL/ws_sensor_combined_src/install/px4_msgs/local/lib/python3.10/dist-packages/px4_msgs/msg/_ekf2_timestamps_s.c\n'}
[16.451276] (px4_msgs) StdoutLine: {'line': b'-- Up-to-date symlink: /home/giromi/Repos/VTOL/ws_sensor_combined_src/install/px4_msgs/local/lib/python3.10/dist-packages/px4_msgs/msg/_esc_report.py\n'}
[16.451582] (px4_msgs) StdoutLine: {'line': b'-- Up-to-date symlink: /home/giromi/Repos/VTOL/ws_sensor_combined_src/install/px4_msgs/local/lib/python3.10/dist-packages/px4_msgs/msg/_esc_report_s.c\n'}
[16.451899] (px4_msgs) StdoutLine: {'line': b'-- Up-to-date symlink: /home/giromi/Repos/VTOL/ws_sensor_combined_src/install/px4_msgs/local/lib/python3.10/dist-packages/px4_msgs/msg/_esc_status.py\n'}
[16.452204] (px4_msgs) StdoutLine: {'line': b'-- Up-to-date symlink: /home/giromi/Repos/VTOL/ws_sensor_combined_src/install/px4_msgs/local/lib/python3.10/dist-packages/px4_msgs/msg/_esc_status_s.c\n'}
[16.452528] (px4_msgs) StdoutLine: {'line': b'-- Up-to-date symlink: /home/giromi/Repos/VTOL/ws_sensor_combined_src/install/px4_msgs/local/lib/python3.10/dist-packages/px4_msgs/msg/_estimator_aid_source1d.py\n'}
[16.452799] (px4_msgs) StdoutLine: {'line': b'-- Up-to-date symlink: /home/giromi/Repos/VTOL/ws_sensor_combined_src/install/px4_msgs/local/lib/python3.10/dist-packages/px4_msgs/msg/_estimator_aid_source1d_s.c\n'}
[16.453175] (px4_msgs) StdoutLine: {'line': b'-- Up-to-date symlink: /home/giromi/Repos/VTOL/ws_sensor_combined_src/install/px4_msgs/local/lib/python3.10/dist-packages/px4_msgs/msg/_estimator_aid_source2d.py\n'}
[16.453481] (px4_msgs) StdoutLine: {'line': b'-- Up-to-date symlink: /home/giromi/Repos/VTOL/ws_sensor_combined_src/install/px4_msgs/local/lib/python3.10/dist-packages/px4_msgs/msg/_estimator_aid_source2d_s.c\n'}
[16.453751] (px4_msgs) StdoutLine: {'line': b'-- Up-to-date symlink: /home/giromi/Repos/VTOL/ws_sensor_combined_src/install/px4_msgs/local/lib/python3.10/dist-packages/px4_msgs/msg/_estimator_aid_source3d.py\n'}
[16.454049] (px4_msgs) StdoutLine: {'line': b'-- Up-to-date symlink: /home/giromi/Repos/VTOL/ws_sensor_combined_src/install/px4_msgs/local/lib/python3.10/dist-packages/px4_msgs/msg/_estimator_aid_source3d_s.c\n'}
[16.454328] (px4_msgs) StdoutLine: {'line': b'-- Up-to-date symlink: /home/giromi/Repos/VTOL/ws_sensor_combined_src/install/px4_msgs/local/lib/python3.10/dist-packages/px4_msgs/msg/_estimator_bias.py\n'}
[16.454609] (px4_msgs) StdoutLine: {'line': b'-- Up-to-date symlink: /home/giromi/Repos/VTOL/ws_sensor_combined_src/install/px4_msgs/local/lib/python3.10/dist-packages/px4_msgs/msg/_estimator_bias3d.py\n'}
[16.454882] (px4_msgs) StdoutLine: {'line': b'-- Up-to-date symlink: /home/giromi/Repos/VTOL/ws_sensor_combined_src/install/px4_msgs/local/lib/python3.10/dist-packages/px4_msgs/msg/_estimator_bias3d_s.c\n'}
[16.455167] (px4_msgs) StdoutLine: {'line': b'-- Up-to-date symlink: /home/giromi/Repos/VTOL/ws_sensor_combined_src/install/px4_msgs/local/lib/python3.10/dist-packages/px4_msgs/msg/_estimator_bias_s.c\n'}
[16.455395] (px4_msgs) StdoutLine: {'line': b'-- Up-to-date symlink: /home/giromi/Repos/VTOL/ws_sensor_combined_src/install/px4_msgs/local/lib/python3.10/dist-packages/px4_msgs/msg/_estimator_event_flags.py\n'}
[16.455611] (px4_msgs) StdoutLine: {'line': b'-- Up-to-date symlink: /home/giromi/Repos/VTOL/ws_sensor_combined_src/install/px4_msgs/local/lib/python3.10/dist-packages/px4_msgs/msg/_estimator_event_flags_s.c\n'}
[16.455915] (px4_msgs) StdoutLine: {'line': b'-- Up-to-date symlink: /home/giromi/Repos/VTOL/ws_sensor_combined_src/install/px4_msgs/local/lib/python3.10/dist-packages/px4_msgs/msg/_estimator_gps_status.py\n'}
[16.456174] (px4_msgs) StdoutLine: {'line': b'-- Up-to-date symlink: /home/giromi/Repos/VTOL/ws_sensor_combined_src/install/px4_msgs/local/lib/python3.10/dist-packages/px4_msgs/msg/_estimator_gps_status_s.c\n'}
[16.456376] (px4_msgs) StdoutLine: {'line': b'-- Up-to-date symlink: /home/giromi/Repos/VTOL/ws_sensor_combined_src/install/px4_msgs/local/lib/python3.10/dist-packages/px4_msgs/msg/_estimator_innovations.py\n'}
[16.456598] (px4_msgs) StdoutLine: {'line': b'-- Up-to-date symlink: /home/giromi/Repos/VTOL/ws_sensor_combined_src/install/px4_msgs/local/lib/python3.10/dist-packages/px4_msgs/msg/_estimator_innovations_s.c\n'}
[16.456659] (-) TimerEvent: {}
[16.456873] (px4_msgs) StdoutLine: {'line': b'-- Up-to-date symlink: /home/giromi/Repos/VTOL/ws_sensor_combined_src/install/px4_msgs/local/lib/python3.10/dist-packages/px4_msgs/msg/_estimator_selector_status.py\n'}
[16.457134] (px4_msgs) StdoutLine: {'line': b'-- Up-to-date symlink: /home/giromi/Repos/VTOL/ws_sensor_combined_src/install/px4_msgs/local/lib/python3.10/dist-packages/px4_msgs/msg/_estimator_selector_status_s.c\n'}
[16.457430] (px4_msgs) StdoutLine: {'line': b'-- Up-to-date symlink: /home/giromi/Repos/VTOL/ws_sensor_combined_src/install/px4_msgs/local/lib/python3.10/dist-packages/px4_msgs/msg/_estimator_sensor_bias.py\n'}
[16.457709] (px4_msgs) StdoutLine: {'line': b'-- Up-to-date symlink: /home/giromi/Repos/VTOL/ws_sensor_combined_src/install/px4_msgs/local/lib/python3.10/dist-packages/px4_msgs/msg/_estimator_sensor_bias_s.c\n'}
[16.457997] (px4_msgs) StdoutLine: {'line': b'-- Up-to-date symlink: /home/giromi/Repos/VTOL/ws_sensor_combined_src/install/px4_msgs/local/lib/python3.10/dist-packages/px4_msgs/msg/_estimator_states.py\n'}
[16.458278] (px4_msgs) StdoutLine: {'line': b'-- Up-to-date symlink: /home/giromi/Repos/VTOL/ws_sensor_combined_src/install/px4_msgs/local/lib/python3.10/dist-packages/px4_msgs/msg/_estimator_states_s.c\n'}
[16.458544] (px4_msgs) StdoutLine: {'line': b'-- Up-to-date symlink: /home/giromi/Repos/VTOL/ws_sensor_combined_src/install/px4_msgs/local/lib/python3.10/dist-packages/px4_msgs/msg/_estimator_status.py\n'}
[16.458833] (px4_msgs) StdoutLine: {'line': b'-- Up-to-date symlink: /home/giromi/Repos/VTOL/ws_sensor_combined_src/install/px4_msgs/local/lib/python3.10/dist-packages/px4_msgs/msg/_estimator_status_flags.py\n'}
[16.459061] (px4_msgs) StdoutLine: {'line': b'-- Up-to-date symlink: /home/giromi/Repos/VTOL/ws_sensor_combined_src/install/px4_msgs/local/lib/python3.10/dist-packages/px4_msgs/msg/_estimator_status_flags_s.c\n'}
[16.459323] (px4_msgs) StdoutLine: {'line': b'-- Up-to-date symlink: /home/giromi/Repos/VTOL/ws_sensor_combined_src/install/px4_msgs/local/lib/python3.10/dist-packages/px4_msgs/msg/_estimator_status_s.c\n'}
[16.459571] (px4_msgs) StdoutLine: {'line': b'-- Up-to-date symlink: /home/giromi/Repos/VTOL/ws_sensor_combined_src/install/px4_msgs/local/lib/python3.10/dist-packages/px4_msgs/msg/_event.py\n'}
[16.459828] (px4_msgs) StdoutLine: {'line': b'-- Up-to-date symlink: /home/giromi/Repos/VTOL/ws_sensor_combined_src/install/px4_msgs/local/lib/python3.10/dist-packages/px4_msgs/msg/_event_s.c\n'}
[16.460127] (px4_msgs) StdoutLine: {'line': b'-- Up-to-date symlink: /home/giromi/Repos/VTOL/ws_sensor_combined_src/install/px4_msgs/local/lib/python3.10/dist-packages/px4_msgs/msg/_failsafe_flags.py\n'}
[16.460405] (px4_msgs) StdoutLine: {'line': b'-- Up-to-date symlink: /home/giromi/Repos/VTOL/ws_sensor_combined_src/install/px4_msgs/local/lib/python3.10/dist-packages/px4_msgs/msg/_failsafe_flags_s.c\n'}
[16.460683] (px4_msgs) StdoutLine: {'line': b'-- Up-to-date symlink: /home/giromi/Repos/VTOL/ws_sensor_combined_src/install/px4_msgs/local/lib/python3.10/dist-packages/px4_msgs/msg/_failure_detector_status.py\n'}
[16.460908] (px4_msgs) StdoutLine: {'line': b'-- Up-to-date symlink: /home/giromi/Repos/VTOL/ws_sensor_combined_src/install/px4_msgs/local/lib/python3.10/dist-packages/px4_msgs/msg/_failure_detector_status_s.c\n'}
[16.461210] (px4_msgs) StdoutLine: {'line': b'-- Up-to-date symlink: /home/giromi/Repos/VTOL/ws_sensor_combined_src/install/px4_msgs/local/lib/python3.10/dist-packages/px4_msgs/msg/_figure_eight_status.py\n'}
[16.461490] (px4_msgs) StdoutLine: {'line': b'-- Up-to-date symlink: /home/giromi/Repos/VTOL/ws_sensor_combined_src/install/px4_msgs/local/lib/python3.10/dist-packages/px4_msgs/msg/_figure_eight_status_s.c\n'}
[16.461772] (px4_msgs) StdoutLine: {'line': b'-- Up-to-date symlink: /home/giromi/Repos/VTOL/ws_sensor_combined_src/install/px4_msgs/local/lib/python3.10/dist-packages/px4_msgs/msg/_follow_target.py\n'}
[16.462035] (px4_msgs) StdoutLine: {'line': b'-- Up-to-date symlink: /home/giromi/Repos/VTOL/ws_sensor_combined_src/install/px4_msgs/local/lib/python3.10/dist-packages/px4_msgs/msg/_follow_target_estimator.py\n'}
[16.462302] (px4_msgs) StdoutLine: {'line': b'-- Up-to-date symlink: /home/giromi/Repos/VTOL/ws_sensor_combined_src/install/px4_msgs/local/lib/python3.10/dist-packages/px4_msgs/msg/_follow_target_estimator_s.c\n'}
[16.462573] (px4_msgs) StdoutLine: {'line': b'-- Up-to-date symlink: /home/giromi/Repos/VTOL/ws_sensor_combined_src/install/px4_msgs/local/lib/python3.10/dist-packages/px4_msgs/msg/_follow_target_s.c\n'}
[16.462842] (px4_msgs) StdoutLine: {'line': b'-- Up-to-date symlink: /home/giromi/Repos/VTOL/ws_sensor_combined_src/install/px4_msgs/local/lib/python3.10/dist-packages/px4_msgs/msg/_follow_target_status.py\n'}
[16.463135] (px4_msgs) StdoutLine: {'line': b'-- Up-to-date symlink: /home/giromi/Repos/VTOL/ws_sensor_combined_src/install/px4_msgs/local/lib/python3.10/dist-packages/px4_msgs/msg/_follow_target_status_s.c\n'}
[16.463379] (px4_msgs) StdoutLine: {'line': b'-- Up-to-date symlink: /home/giromi/Repos/VTOL/ws_sensor_combined_src/install/px4_msgs/local/lib/python3.10/dist-packages/px4_msgs/msg/_generator_status.py\n'}
[16.463669] (px4_msgs) StdoutLine: {'line': b'-- Up-to-date symlink: /home/giromi/Repos/VTOL/ws_sensor_combined_src/install/px4_msgs/local/lib/python3.10/dist-packages/px4_msgs/msg/_generator_status_s.c\n'}
[16.463938] (px4_msgs) StdoutLine: {'line': b'-- Up-to-date symlink: /home/giromi/Repos/VTOL/ws_sensor_combined_src/install/px4_msgs/local/lib/python3.10/dist-packages/px4_msgs/msg/_geofence_result.py\n'}
[16.464205] (px4_msgs) StdoutLine: {'line': b'-- Up-to-date symlink: /home/giromi/Repos/VTOL/ws_sensor_combined_src/install/px4_msgs/local/lib/python3.10/dist-packages/px4_msgs/msg/_geofence_result_s.c\n'}
[16.464479] (px4_msgs) StdoutLine: {'line': b'-- Up-to-date symlink: /home/giromi/Repos/VTOL/ws_sensor_combined_src/install/px4_msgs/local/lib/python3.10/dist-packages/px4_msgs/msg/_gimbal_controls.py\n'}
[16.464744] (px4_msgs) StdoutLine: {'line': b'-- Up-to-date symlink: /home/giromi/Repos/VTOL/ws_sensor_combined_src/install/px4_msgs/local/lib/python3.10/dist-packages/px4_msgs/msg/_gimbal_controls_s.c\n'}
[16.465054] (px4_msgs) StdoutLine: {'line': b'-- Up-to-date symlink: /home/giromi/Repos/VTOL/ws_sensor_combined_src/install/px4_msgs/local/lib/python3.10/dist-packages/px4_msgs/msg/_gimbal_device_attitude_status.py\n'}
[16.465333] (px4_msgs) StdoutLine: {'line': b'-- Up-to-date symlink: /home/giromi/Repos/VTOL/ws_sensor_combined_src/install/px4_msgs/local/lib/python3.10/dist-packages/px4_msgs/msg/_gimbal_device_attitude_status_s.c\n'}
[16.465604] (px4_msgs) StdoutLine: {'line': b'-- Up-to-date symlink: /home/giromi/Repos/VTOL/ws_sensor_combined_src/install/px4_msgs/local/lib/python3.10/dist-packages/px4_msgs/msg/_gimbal_device_information.py\n'}
[16.465883] (px4_msgs) StdoutLine: {'line': b'-- Up-to-date symlink: /home/giromi/Repos/VTOL/ws_sensor_combined_src/install/px4_msgs/local/lib/python3.10/dist-packages/px4_msgs/msg/_gimbal_device_information_s.c\n'}
[16.466169] (px4_msgs) StdoutLine: {'line': b'-- Up-to-date symlink: /home/giromi/Repos/VTOL/ws_sensor_combined_src/install/px4_msgs/local/lib/python3.10/dist-packages/px4_msgs/msg/_gimbal_device_set_attitude.py\n'}
[16.466443] (px4_msgs) StdoutLine: {'line': b'-- Up-to-date symlink: /home/giromi/Repos/VTOL/ws_sensor_combined_src/install/px4_msgs/local/lib/python3.10/dist-packages/px4_msgs/msg/_gimbal_device_set_attitude_s.c\n'}
[16.466720] (px4_msgs) StdoutLine: {'line': b'-- Up-to-date symlink: /home/giromi/Repos/VTOL/ws_sensor_combined_src/install/px4_msgs/local/lib/python3.10/dist-packages/px4_msgs/msg/_gimbal_manager_information.py\n'}
[16.467012] (px4_msgs) StdoutLine: {'line': b'-- Up-to-date symlink: /home/giromi/Repos/VTOL/ws_sensor_combined_src/install/px4_msgs/local/lib/python3.10/dist-packages/px4_msgs/msg/_gimbal_manager_information_s.c\n'}
[16.467294] (px4_msgs) StdoutLine: {'line': b'-- Up-to-date symlink: /home/giromi/Repos/VTOL/ws_sensor_combined_src/install/px4_msgs/local/lib/python3.10/dist-packages/px4_msgs/msg/_gimbal_manager_set_attitude.py\n'}
[16.467566] (px4_msgs) StdoutLine: {'line': b'-- Up-to-date symlink: /home/giromi/Repos/VTOL/ws_sensor_combined_src/install/px4_msgs/local/lib/python3.10/dist-packages/px4_msgs/msg/_gimbal_manager_set_attitude_s.c\n'}
[16.467846] (px4_msgs) StdoutLine: {'line': b'-- Up-to-date symlink: /home/giromi/Repos/VTOL/ws_sensor_combined_src/install/px4_msgs/local/lib/python3.10/dist-packages/px4_msgs/msg/_gimbal_manager_set_manual_control.py\n'}
[16.468038] (px4_msgs) StdoutLine: {'line': b'-- Up-to-date symlink: /home/giromi/Repos/VTOL/ws_sensor_combined_src/install/px4_msgs/local/lib/python3.10/dist-packages/px4_msgs/msg/_gimbal_manager_set_manual_control_s.c\n'}
[16.468257] (px4_msgs) StdoutLine: {'line': b'-- Up-to-date symlink: /home/giromi/Repos/VTOL/ws_sensor_combined_src/install/px4_msgs/local/lib/python3.10/dist-packages/px4_msgs/msg/_gimbal_manager_status.py\n'}
[16.468478] (px4_msgs) StdoutLine: {'line': b'-- Up-to-date symlink: /home/giromi/Repos/VTOL/ws_sensor_combined_src/install/px4_msgs/local/lib/python3.10/dist-packages/px4_msgs/msg/_gimbal_manager_status_s.c\n'}
[16.468701] (px4_msgs) StdoutLine: {'line': b'-- Up-to-date symlink: /home/giromi/Repos/VTOL/ws_sensor_combined_src/install/px4_msgs/local/lib/python3.10/dist-packages/px4_msgs/msg/_goto_setpoint.py\n'}
[16.468921] (px4_msgs) StdoutLine: {'line': b'-- Up-to-date symlink: /home/giromi/Repos/VTOL/ws_sensor_combined_src/install/px4_msgs/local/lib/python3.10/dist-packages/px4_msgs/msg/_goto_setpoint_s.c\n'}
[16.469164] (px4_msgs) StdoutLine: {'line': b'-- Up-to-date symlink: /home/giromi/Repos/VTOL/ws_sensor_combined_src/install/px4_msgs/local/lib/python3.10/dist-packages/px4_msgs/msg/_gpio_config.py\n'}
[16.469398] (px4_msgs) StdoutLine: {'line': b'-- Up-to-date symlink: /home/giromi/Repos/VTOL/ws_sensor_combined_src/install/px4_msgs/local/lib/python3.10/dist-packages/px4_msgs/msg/_gpio_config_s.c\n'}
[16.469622] (px4_msgs) StdoutLine: {'line': b'-- Up-to-date symlink: /home/giromi/Repos/VTOL/ws_sensor_combined_src/install/px4_msgs/local/lib/python3.10/dist-packages/px4_msgs/msg/_gpio_in.py\n'}
[16.469847] (px4_msgs) StdoutLine: {'line': b'-- Up-to-date symlink: /home/giromi/Repos/VTOL/ws_sensor_combined_src/install/px4_msgs/local/lib/python3.10/dist-packages/px4_msgs/msg/_gpio_in_s.c\n'}
[16.470070] (px4_msgs) StdoutLine: {'line': b'-- Up-to-date symlink: /home/giromi/Repos/VTOL/ws_sensor_combined_src/install/px4_msgs/local/lib/python3.10/dist-packages/px4_msgs/msg/_gpio_out.py\n'}
[16.470295] (px4_msgs) StdoutLine: {'line': b'-- Up-to-date symlink: /home/giromi/Repos/VTOL/ws_sensor_combined_src/install/px4_msgs/local/lib/python3.10/dist-packages/px4_msgs/msg/_gpio_out_s.c\n'}
[16.470520] (px4_msgs) StdoutLine: {'line': b'-- Up-to-date symlink: /home/giromi/Repos/VTOL/ws_sensor_combined_src/install/px4_msgs/local/lib/python3.10/dist-packages/px4_msgs/msg/_gpio_request.py\n'}
[16.470744] (px4_msgs) StdoutLine: {'line': b'-- Up-to-date symlink: /home/giromi/Repos/VTOL/ws_sensor_combined_src/install/px4_msgs/local/lib/python3.10/dist-packages/px4_msgs/msg/_gpio_request_s.c\n'}
[16.470967] (px4_msgs) StdoutLine: {'line': b'-- Up-to-date symlink: /home/giromi/Repos/VTOL/ws_sensor_combined_src/install/px4_msgs/local/lib/python3.10/dist-packages/px4_msgs/msg/_gps_dump.py\n'}
[16.471260] (px4_msgs) StdoutLine: {'line': b'-- Up-to-date symlink: /home/giromi/Repos/VTOL/ws_sensor_combined_src/install/px4_msgs/local/lib/python3.10/dist-packages/px4_msgs/msg/_gps_dump_s.c\n'}
[16.471537] (px4_msgs) StdoutLine: {'line': b'-- Up-to-date symlink: /home/giromi/Repos/VTOL/ws_sensor_combined_src/install/px4_msgs/local/lib/python3.10/dist-packages/px4_msgs/msg/_gps_inject_data.py\n'}
[16.471736] (px4_msgs) StdoutLine: {'line': b'-- Up-to-date symlink: /home/giromi/Repos/VTOL/ws_sensor_combined_src/install/px4_msgs/local/lib/python3.10/dist-packages/px4_msgs/msg/_gps_inject_data_s.c\n'}
[16.471960] (px4_msgs) StdoutLine: {'line': b'-- Up-to-date symlink: /home/giromi/Repos/VTOL/ws_sensor_combined_src/install/px4_msgs/local/lib/python3.10/dist-packages/px4_msgs/msg/_gripper.py\n'}
[16.472184] (px4_msgs) StdoutLine: {'line': b'-- Up-to-date symlink: /home/giromi/Repos/VTOL/ws_sensor_combined_src/install/px4_msgs/local/lib/python3.10/dist-packages/px4_msgs/msg/_gripper_s.c\n'}
[16.472408] (px4_msgs) StdoutLine: {'line': b'-- Up-to-date symlink: /home/giromi/Repos/VTOL/ws_sensor_combined_src/install/px4_msgs/local/lib/python3.10/dist-packages/px4_msgs/msg/_health_report.py\n'}
[16.472632] (px4_msgs) StdoutLine: {'line': b'-- Up-to-date symlink: /home/giromi/Repos/VTOL/ws_sensor_combined_src/install/px4_msgs/local/lib/python3.10/dist-packages/px4_msgs/msg/_health_report_s.c\n'}
[16.472859] (px4_msgs) StdoutLine: {'line': b'-- Up-to-date symlink: /home/giromi/Repos/VTOL/ws_sensor_combined_src/install/px4_msgs/local/lib/python3.10/dist-packages/px4_msgs/msg/_heater_status.py\n'}
[16.473110] (px4_msgs) StdoutLine: {'line': b'-- Up-to-date symlink: /home/giromi/Repos/VTOL/ws_sensor_combined_src/install/px4_msgs/local/lib/python3.10/dist-packages/px4_msgs/msg/_heater_status_s.c\n'}
[16.473334] (px4_msgs) StdoutLine: {'line': b'-- Up-to-date symlink: /home/giromi/Repos/VTOL/ws_sensor_combined_src/install/px4_msgs/local/lib/python3.10/dist-packages/px4_msgs/msg/_home_position.py\n'}
[16.473557] (px4_msgs) StdoutLine: {'line': b'-- Up-to-date symlink: /home/giromi/Repos/VTOL/ws_sensor_combined_src/install/px4_msgs/local/lib/python3.10/dist-packages/px4_msgs/msg/_home_position_s.c\n'}
[16.473846] (px4_msgs) StdoutLine: {'line': b'-- Up-to-date symlink: /home/giromi/Repos/VTOL/ws_sensor_combined_src/install/px4_msgs/local/lib/python3.10/dist-packages/px4_msgs/msg/_hover_thrust_estimate.py\n'}
[16.474114] (px4_msgs) StdoutLine: {'line': b'-- Up-to-date symlink: /home/giromi/Repos/VTOL/ws_sensor_combined_src/install/px4_msgs/local/lib/python3.10/dist-packages/px4_msgs/msg/_hover_thrust_estimate_s.c\n'}
[16.474386] (px4_msgs) StdoutLine: {'line': b'-- Up-to-date symlink: /home/giromi/Repos/VTOL/ws_sensor_combined_src/install/px4_msgs/local/lib/python3.10/dist-packages/px4_msgs/msg/_input_rc.py\n'}
[16.474654] (px4_msgs) StdoutLine: {'line': b'-- Up-to-date symlink: /home/giromi/Repos/VTOL/ws_sensor_combined_src/install/px4_msgs/local/lib/python3.10/dist-packages/px4_msgs/msg/_input_rc_s.c\n'}
[16.474948] (px4_msgs) StdoutLine: {'line': b'-- Up-to-date symlink: /home/giromi/Repos/VTOL/ws_sensor_combined_src/install/px4_msgs/local/lib/python3.10/dist-packages/px4_msgs/msg/_internal_combustion_engine_status.py\n'}
[16.475229] (px4_msgs) StdoutLine: {'line': b'-- Up-to-date symlink: /home/giromi/Repos/VTOL/ws_sensor_combined_src/install/px4_msgs/local/lib/python3.10/dist-packages/px4_msgs/msg/_internal_combustion_engine_status_s.c\n'}
[16.475505] (px4_msgs) StdoutLine: {'line': b'-- Up-to-date symlink: /home/giromi/Repos/VTOL/ws_sensor_combined_src/install/px4_msgs/local/lib/python3.10/dist-packages/px4_msgs/msg/_iridiumsbd_status.py\n'}
[16.475778] (px4_msgs) StdoutLine: {'line': b'-- Up-to-date symlink: /home/giromi/Repos/VTOL/ws_sensor_combined_src/install/px4_msgs/local/lib/python3.10/dist-packages/px4_msgs/msg/_iridiumsbd_status_s.c\n'}
[16.475975] (px4_msgs) StdoutLine: {'line': b'-- Up-to-date symlink: /home/giromi/Repos/VTOL/ws_sensor_combined_src/install/px4_msgs/local/lib/python3.10/dist-packages/px4_msgs/msg/_irlock_report.py\n'}
[16.476196] (px4_msgs) StdoutLine: {'line': b'-- Up-to-date symlink: /home/giromi/Repos/VTOL/ws_sensor_combined_src/install/px4_msgs/local/lib/python3.10/dist-packages/px4_msgs/msg/_irlock_report_s.c\n'}
[16.476424] (px4_msgs) StdoutLine: {'line': b'-- Up-to-date symlink: /home/giromi/Repos/VTOL/ws_sensor_combined_src/install/px4_msgs/local/lib/python3.10/dist-packages/px4_msgs/msg/_landing_gear.py\n'}
[16.476645] (px4_msgs) StdoutLine: {'line': b'-- Up-to-date symlink: /home/giromi/Repos/VTOL/ws_sensor_combined_src/install/px4_msgs/local/lib/python3.10/dist-packages/px4_msgs/msg/_landing_gear_s.c\n'}
[16.476863] (px4_msgs) StdoutLine: {'line': b'-- Up-to-date symlink: /home/giromi/Repos/VTOL/ws_sensor_combined_src/install/px4_msgs/local/lib/python3.10/dist-packages/px4_msgs/msg/_landing_gear_wheel.py\n'}
[16.477117] (px4_msgs) StdoutLine: {'line': b'-- Up-to-date symlink: /home/giromi/Repos/VTOL/ws_sensor_combined_src/install/px4_msgs/local/lib/python3.10/dist-packages/px4_msgs/msg/_landing_gear_wheel_s.c\n'}
[16.477341] (px4_msgs) StdoutLine: {'line': b'-- Up-to-date symlink: /home/giromi/Repos/VTOL/ws_sensor_combined_src/install/px4_msgs/local/lib/python3.10/dist-packages/px4_msgs/msg/_landing_target_innovations.py\n'}
[16.477561] (px4_msgs) StdoutLine: {'line': b'-- Up-to-date symlink: /home/giromi/Repos/VTOL/ws_sensor_combined_src/install/px4_msgs/local/lib/python3.10/dist-packages/px4_msgs/msg/_landing_target_innovations_s.c\n'}
[16.477784] (px4_msgs) StdoutLine: {'line': b'-- Up-to-date symlink: /home/giromi/Repos/VTOL/ws_sensor_combined_src/install/px4_msgs/local/lib/python3.10/dist-packages/px4_msgs/msg/_landing_target_pose.py\n'}
[16.478013] (px4_msgs) StdoutLine: {'line': b'-- Up-to-date symlink: /home/giromi/Repos/VTOL/ws_sensor_combined_src/install/px4_msgs/local/lib/python3.10/dist-packages/px4_msgs/msg/_landing_target_pose_s.c\n'}
[16.478284] (px4_msgs) StdoutLine: {'line': b'-- Up-to-date symlink: /home/giromi/Repos/VTOL/ws_sensor_combined_src/install/px4_msgs/local/lib/python3.10/dist-packages/px4_msgs/msg/_launch_detection_status.py\n'}
[16.478502] (px4_msgs) StdoutLine: {'line': b'-- Up-to-date symlink: /home/giromi/Repos/VTOL/ws_sensor_combined_src/install/px4_msgs/local/lib/python3.10/dist-packages/px4_msgs/msg/_launch_detection_status_s.c\n'}
[16.478723] (px4_msgs) StdoutLine: {'line': b'-- Up-to-date symlink: /home/giromi/Repos/VTOL/ws_sensor_combined_src/install/px4_msgs/local/lib/python3.10/dist-packages/px4_msgs/msg/_led_control.py\n'}
[16.478944] (px4_msgs) StdoutLine: {'line': b'-- Up-to-date symlink: /home/giromi/Repos/VTOL/ws_sensor_combined_src/install/px4_msgs/local/lib/python3.10/dist-packages/px4_msgs/msg/_led_control_s.c\n'}
[16.479164] (px4_msgs) StdoutLine: {'line': b'-- Up-to-date symlink: /home/giromi/Repos/VTOL/ws_sensor_combined_src/install/px4_msgs/local/lib/python3.10/dist-packages/px4_msgs/msg/_log_message.py\n'}
[16.479383] (px4_msgs) StdoutLine: {'line': b'-- Up-to-date symlink: /home/giromi/Repos/VTOL/ws_sensor_combined_src/install/px4_msgs/local/lib/python3.10/dist-packages/px4_msgs/msg/_log_message_s.c\n'}
[16.479607] (px4_msgs) StdoutLine: {'line': b'-- Up-to-date symlink: /home/giromi/Repos/VTOL/ws_sensor_combined_src/install/px4_msgs/local/lib/python3.10/dist-packages/px4_msgs/msg/_logger_status.py\n'}
[16.479832] (px4_msgs) StdoutLine: {'line': b'-- Up-to-date symlink: /home/giromi/Repos/VTOL/ws_sensor_combined_src/install/px4_msgs/local/lib/python3.10/dist-packages/px4_msgs/msg/_logger_status_s.c\n'}
[16.480055] (px4_msgs) StdoutLine: {'line': b'-- Up-to-date symlink: /home/giromi/Repos/VTOL/ws_sensor_combined_src/install/px4_msgs/local/lib/python3.10/dist-packages/px4_msgs/msg/_mag_worker_data.py\n'}
[16.480281] (px4_msgs) StdoutLine: {'line': b'-- Up-to-date symlink: /home/giromi/Repos/VTOL/ws_sensor_combined_src/install/px4_msgs/local/lib/python3.10/dist-packages/px4_msgs/msg/_mag_worker_data_s.c\n'}
[16.480504] (px4_msgs) StdoutLine: {'line': b'-- Up-to-date symlink: /home/giromi/Repos/VTOL/ws_sensor_combined_src/install/px4_msgs/local/lib/python3.10/dist-packages/px4_msgs/msg/_magnetometer_bias_estimate.py\n'}
[16.480729] (px4_msgs) StdoutLine: {'line': b'-- Up-to-date symlink: /home/giromi/Repos/VTOL/ws_sensor_combined_src/install/px4_msgs/local/lib/python3.10/dist-packages/px4_msgs/msg/_magnetometer_bias_estimate_s.c\n'}
[16.480978] (px4_msgs) StdoutLine: {'line': b'-- Up-to-date symlink: /home/giromi/Repos/VTOL/ws_sensor_combined_src/install/px4_msgs/local/lib/python3.10/dist-packages/px4_msgs/msg/_manual_control_setpoint.py\n'}
[16.481230] (px4_msgs) StdoutLine: {'line': b'-- Up-to-date symlink: /home/giromi/Repos/VTOL/ws_sensor_combined_src/install/px4_msgs/local/lib/python3.10/dist-packages/px4_msgs/msg/_manual_control_setpoint_s.c\n'}
[16.481452] (px4_msgs) StdoutLine: {'line': b'-- Up-to-date symlink: /home/giromi/Repos/VTOL/ws_sensor_combined_src/install/px4_msgs/local/lib/python3.10/dist-packages/px4_msgs/msg/_manual_control_switches.py\n'}
[16.481670] (px4_msgs) StdoutLine: {'line': b'-- Up-to-date symlink: /home/giromi/Repos/VTOL/ws_sensor_combined_src/install/px4_msgs/local/lib/python3.10/dist-packages/px4_msgs/msg/_manual_control_switches_s.c\n'}
[16.481889] (px4_msgs) StdoutLine: {'line': b'-- Up-to-date symlink: /home/giromi/Repos/VTOL/ws_sensor_combined_src/install/px4_msgs/local/lib/python3.10/dist-packages/px4_msgs/msg/_mavlink_log.py\n'}
[16.482109] (px4_msgs) StdoutLine: {'line': b'-- Up-to-date symlink: /home/giromi/Repos/VTOL/ws_sensor_combined_src/install/px4_msgs/local/lib/python3.10/dist-packages/px4_msgs/msg/_mavlink_log_s.c\n'}
[16.482329] (px4_msgs) StdoutLine: {'line': b'-- Up-to-date symlink: /home/giromi/Repos/VTOL/ws_sensor_combined_src/install/px4_msgs/local/lib/python3.10/dist-packages/px4_msgs/msg/_mavlink_tunnel.py\n'}
[16.482554] (px4_msgs) StdoutLine: {'line': b'-- Up-to-date symlink: /home/giromi/Repos/VTOL/ws_sensor_combined_src/install/px4_msgs/local/lib/python3.10/dist-packages/px4_msgs/msg/_mavlink_tunnel_s.c\n'}
[16.482783] (px4_msgs) StdoutLine: {'line': b'-- Up-to-date symlink: /home/giromi/Repos/VTOL/ws_sensor_combined_src/install/px4_msgs/local/lib/python3.10/dist-packages/px4_msgs/msg/_message_format_request.py\n'}
[16.483000] (px4_msgs) StdoutLine: {'line': b'-- Up-to-date symlink: /home/giromi/Repos/VTOL/ws_sensor_combined_src/install/px4_msgs/local/lib/python3.10/dist-packages/px4_msgs/msg/_message_format_request_s.c\n'}
[16.483225] (px4_msgs) StdoutLine: {'line': b'-- Up-to-date symlink: /home/giromi/Repos/VTOL/ws_sensor_combined_src/install/px4_msgs/local/lib/python3.10/dist-packages/px4_msgs/msg/_message_format_response.py\n'}
[16.483447] (px4_msgs) StdoutLine: {'line': b'-- Up-to-date symlink: /home/giromi/Repos/VTOL/ws_sensor_combined_src/install/px4_msgs/local/lib/python3.10/dist-packages/px4_msgs/msg/_message_format_response_s.c\n'}
[16.483672] (px4_msgs) StdoutLine: {'line': b'-- Up-to-date symlink: /home/giromi/Repos/VTOL/ws_sensor_combined_src/install/px4_msgs/local/lib/python3.10/dist-packages/px4_msgs/msg/_mission.py\n'}
[16.483898] (px4_msgs) StdoutLine: {'line': b'-- Up-to-date symlink: /home/giromi/Repos/VTOL/ws_sensor_combined_src/install/px4_msgs/local/lib/python3.10/dist-packages/px4_msgs/msg/_mission_result.py\n'}
[16.484121] (px4_msgs) StdoutLine: {'line': b'-- Up-to-date symlink: /home/giromi/Repos/VTOL/ws_sensor_combined_src/install/px4_msgs/local/lib/python3.10/dist-packages/px4_msgs/msg/_mission_result_s.c\n'}
[16.484344] (px4_msgs) StdoutLine: {'line': b'-- Up-to-date symlink: /home/giromi/Repos/VTOL/ws_sensor_combined_src/install/px4_msgs/local/lib/python3.10/dist-packages/px4_msgs/msg/_mission_s.c\n'}
[16.484568] (px4_msgs) StdoutLine: {'line': b'-- Up-to-date symlink: /home/giromi/Repos/VTOL/ws_sensor_combined_src/install/px4_msgs/local/lib/python3.10/dist-packages/px4_msgs/msg/_mode_completed.py\n'}
[16.484793] (px4_msgs) StdoutLine: {'line': b'-- Up-to-date symlink: /home/giromi/Repos/VTOL/ws_sensor_combined_src/install/px4_msgs/local/lib/python3.10/dist-packages/px4_msgs/msg/_mode_completed_s.c\n'}
[16.485035] (px4_msgs) StdoutLine: {'line': b'-- Up-to-date symlink: /home/giromi/Repos/VTOL/ws_sensor_combined_src/install/px4_msgs/local/lib/python3.10/dist-packages/px4_msgs/msg/_mount_orientation.py\n'}
[16.485255] (px4_msgs) StdoutLine: {'line': b'-- Up-to-date symlink: /home/giromi/Repos/VTOL/ws_sensor_combined_src/install/px4_msgs/local/lib/python3.10/dist-packages/px4_msgs/msg/_mount_orientation_s.c\n'}
[16.485477] (px4_msgs) StdoutLine: {'line': b'-- Up-to-date symlink: /home/giromi/Repos/VTOL/ws_sensor_combined_src/install/px4_msgs/local/lib/python3.10/dist-packages/px4_msgs/msg/_navigator_mission_item.py\n'}
[16.485696] (px4_msgs) StdoutLine: {'line': b'-- Up-to-date symlink: /home/giromi/Repos/VTOL/ws_sensor_combined_src/install/px4_msgs/local/lib/python3.10/dist-packages/px4_msgs/msg/_navigator_mission_item_s.c\n'}
[16.485915] (px4_msgs) StdoutLine: {'line': b'-- Up-to-date symlink: /home/giromi/Repos/VTOL/ws_sensor_combined_src/install/px4_msgs/local/lib/python3.10/dist-packages/px4_msgs/msg/_normalized_unsigned_setpoint.py\n'}
[16.486136] (px4_msgs) StdoutLine: {'line': b'-- Up-to-date symlink: /home/giromi/Repos/VTOL/ws_sensor_combined_src/install/px4_msgs/local/lib/python3.10/dist-packages/px4_msgs/msg/_normalized_unsigned_setpoint_s.c\n'}
[16.486360] (px4_msgs) StdoutLine: {'line': b'-- Up-to-date symlink: /home/giromi/Repos/VTOL/ws_sensor_combined_src/install/px4_msgs/local/lib/python3.10/dist-packages/px4_msgs/msg/_npfg_status.py\n'}
[16.486584] (px4_msgs) StdoutLine: {'line': b'-- Up-to-date symlink: /home/giromi/Repos/VTOL/ws_sensor_combined_src/install/px4_msgs/local/lib/python3.10/dist-packages/px4_msgs/msg/_npfg_status_s.c\n'}
[16.486809] (px4_msgs) StdoutLine: {'line': b'-- Up-to-date symlink: /home/giromi/Repos/VTOL/ws_sensor_combined_src/install/px4_msgs/local/lib/python3.10/dist-packages/px4_msgs/msg/_obstacle_distance.py\n'}
[16.487031] (px4_msgs) StdoutLine: {'line': b'-- Up-to-date symlink: /home/giromi/Repos/VTOL/ws_sensor_combined_src/install/px4_msgs/local/lib/python3.10/dist-packages/px4_msgs/msg/_obstacle_distance_s.c\n'}
[16.487256] (px4_msgs) StdoutLine: {'line': b'-- Up-to-date symlink: /home/giromi/Repos/VTOL/ws_sensor_combined_src/install/px4_msgs/local/lib/python3.10/dist-packages/px4_msgs/msg/_offboard_control_mode.py\n'}
[16.487481] (px4_msgs) StdoutLine: {'line': b'-- Up-to-date symlink: /home/giromi/Repos/VTOL/ws_sensor_combined_src/install/px4_msgs/local/lib/python3.10/dist-packages/px4_msgs/msg/_offboard_control_mode_s.c\n'}
[16.487705] (px4_msgs) StdoutLine: {'line': b'-- Up-to-date symlink: /home/giromi/Repos/VTOL/ws_sensor_combined_src/install/px4_msgs/local/lib/python3.10/dist-packages/px4_msgs/msg/_onboard_computer_status.py\n'}
[16.487928] (px4_msgs) StdoutLine: {'line': b'-- Up-to-date symlink: /home/giromi/Repos/VTOL/ws_sensor_combined_src/install/px4_msgs/local/lib/python3.10/dist-packages/px4_msgs/msg/_onboard_computer_status_s.c\n'}
[16.488153] (px4_msgs) StdoutLine: {'line': b'-- Up-to-date symlink: /home/giromi/Repos/VTOL/ws_sensor_combined_src/install/px4_msgs/local/lib/python3.10/dist-packages/px4_msgs/msg/_orb_test.py\n'}
[16.488377] (px4_msgs) StdoutLine: {'line': b'-- Up-to-date symlink: /home/giromi/Repos/VTOL/ws_sensor_combined_src/install/px4_msgs/local/lib/python3.10/dist-packages/px4_msgs/msg/_orb_test_large.py\n'}
[16.488600] (px4_msgs) StdoutLine: {'line': b'-- Up-to-date symlink: /home/giromi/Repos/VTOL/ws_sensor_combined_src/install/px4_msgs/local/lib/python3.10/dist-packages/px4_msgs/msg/_orb_test_large_s.c\n'}
[16.488824] (px4_msgs) StdoutLine: {'line': b'-- Up-to-date symlink: /home/giromi/Repos/VTOL/ws_sensor_combined_src/install/px4_msgs/local/lib/python3.10/dist-packages/px4_msgs/msg/_orb_test_medium.py\n'}
[16.489089] (px4_msgs) StdoutLine: {'line': b'-- Up-to-date symlink: /home/giromi/Repos/VTOL/ws_sensor_combined_src/install/px4_msgs/local/lib/python3.10/dist-packages/px4_msgs/msg/_orb_test_medium_s.c\n'}
[16.489378] (px4_msgs) StdoutLine: {'line': b'-- Up-to-date symlink: /home/giromi/Repos/VTOL/ws_sensor_combined_src/install/px4_msgs/local/lib/python3.10/dist-packages/px4_msgs/msg/_orb_test_s.c\n'}
[16.489596] (px4_msgs) StdoutLine: {'line': b'-- Up-to-date symlink: /home/giromi/Repos/VTOL/ws_sensor_combined_src/install/px4_msgs/local/lib/python3.10/dist-packages/px4_msgs/msg/_orbit_status.py\n'}
[16.489818] (px4_msgs) StdoutLine: {'line': b'-- Up-to-date symlink: /home/giromi/Repos/VTOL/ws_sensor_combined_src/install/px4_msgs/local/lib/python3.10/dist-packages/px4_msgs/msg/_orbit_status_s.c\n'}
[16.490039] (px4_msgs) StdoutLine: {'line': b'-- Up-to-date symlink: /home/giromi/Repos/VTOL/ws_sensor_combined_src/install/px4_msgs/local/lib/python3.10/dist-packages/px4_msgs/msg/_parameter_update.py\n'}
[16.490264] (px4_msgs) StdoutLine: {'line': b'-- Up-to-date symlink: /home/giromi/Repos/VTOL/ws_sensor_combined_src/install/px4_msgs/local/lib/python3.10/dist-packages/px4_msgs/msg/_parameter_update_s.c\n'}
[16.490489] (px4_msgs) StdoutLine: {'line': b'-- Up-to-date symlink: /home/giromi/Repos/VTOL/ws_sensor_combined_src/install/px4_msgs/local/lib/python3.10/dist-packages/px4_msgs/msg/_ping.py\n'}
[16.490711] (px4_msgs) StdoutLine: {'line': b'-- Up-to-date symlink: /home/giromi/Repos/VTOL/ws_sensor_combined_src/install/px4_msgs/local/lib/python3.10/dist-packages/px4_msgs/msg/_ping_s.c\n'}
[16.490937] (px4_msgs) StdoutLine: {'line': b'-- Up-to-date symlink: /home/giromi/Repos/VTOL/ws_sensor_combined_src/install/px4_msgs/local/lib/python3.10/dist-packages/px4_msgs/msg/_position_controller_landing_status.py\n'}
[16.491161] (px4_msgs) StdoutLine: {'line': b'-- Up-to-date symlink: /home/giromi/Repos/VTOL/ws_sensor_combined_src/install/px4_msgs/local/lib/python3.10/dist-packages/px4_msgs/msg/_position_controller_landing_status_s.c\n'}
[16.491386] (px4_msgs) StdoutLine: {'line': b'-- Up-to-date symlink: /home/giromi/Repos/VTOL/ws_sensor_combined_src/install/px4_msgs/local/lib/python3.10/dist-packages/px4_msgs/msg/_position_controller_status.py\n'}
[16.491608] (px4_msgs) StdoutLine: {'line': b'-- Up-to-date symlink: /home/giromi/Repos/VTOL/ws_sensor_combined_src/install/px4_msgs/local/lib/python3.10/dist-packages/px4_msgs/msg/_position_controller_status_s.c\n'}
[16.491833] (px4_msgs) StdoutLine: {'line': b'-- Up-to-date symlink: /home/giromi/Repos/VTOL/ws_sensor_combined_src/install/px4_msgs/local/lib/python3.10/dist-packages/px4_msgs/msg/_position_setpoint.py\n'}
[16.492057] (px4_msgs) StdoutLine: {'line': b'-- Up-to-date symlink: /home/giromi/Repos/VTOL/ws_sensor_combined_src/install/px4_msgs/local/lib/python3.10/dist-packages/px4_msgs/msg/_position_setpoint_s.c\n'}
[16.492316] (px4_msgs) StdoutLine: {'line': b'-- Up-to-date symlink: /home/giromi/Repos/VTOL/ws_sensor_combined_src/install/px4_msgs/local/lib/python3.10/dist-packages/px4_msgs/msg/_position_setpoint_triplet.py\n'}
[16.492536] (px4_msgs) StdoutLine: {'line': b'-- Up-to-date symlink: /home/giromi/Repos/VTOL/ws_sensor_combined_src/install/px4_msgs/local/lib/python3.10/dist-packages/px4_msgs/msg/_position_setpoint_triplet_s.c\n'}
[16.492760] (px4_msgs) StdoutLine: {'line': b'-- Up-to-date symlink: /home/giromi/Repos/VTOL/ws_sensor_combined_src/install/px4_msgs/local/lib/python3.10/dist-packages/px4_msgs/msg/_power_button_state.py\n'}
[16.493043] (px4_msgs) StdoutLine: {'line': b'-- Up-to-date symlink: /home/giromi/Repos/VTOL/ws_sensor_combined_src/install/px4_msgs/local/lib/python3.10/dist-packages/px4_msgs/msg/_power_button_state_s.c\n'}
[16.493273] (px4_msgs) StdoutLine: {'line': b'-- Up-to-date symlink: /home/giromi/Repos/VTOL/ws_sensor_combined_src/install/px4_msgs/local/lib/python3.10/dist-packages/px4_msgs/msg/_power_monitor.py\n'}
[16.493499] (px4_msgs) StdoutLine: {'line': b'-- Up-to-date symlink: /home/giromi/Repos/VTOL/ws_sensor_combined_src/install/px4_msgs/local/lib/python3.10/dist-packages/px4_msgs/msg/_power_monitor_s.c\n'}
[16.493720] (px4_msgs) StdoutLine: {'line': b'-- Up-to-date symlink: /home/giromi/Repos/VTOL/ws_sensor_combined_src/install/px4_msgs/local/lib/python3.10/dist-packages/px4_msgs/msg/_pps_capture.py\n'}
[16.493943] (px4_msgs) StdoutLine: {'line': b'-- Up-to-date symlink: /home/giromi/Repos/VTOL/ws_sensor_combined_src/install/px4_msgs/local/lib/python3.10/dist-packages/px4_msgs/msg/_pps_capture_s.c\n'}
[16.494167] (px4_msgs) StdoutLine: {'line': b'-- Up-to-date symlink: /home/giromi/Repos/VTOL/ws_sensor_combined_src/install/px4_msgs/local/lib/python3.10/dist-packages/px4_msgs/msg/_pwm_input.py\n'}
[16.494391] (px4_msgs) StdoutLine: {'line': b'-- Up-to-date symlink: /home/giromi/Repos/VTOL/ws_sensor_combined_src/install/px4_msgs/local/lib/python3.10/dist-packages/px4_msgs/msg/_pwm_input_s.c\n'}
[16.494615] (px4_msgs) StdoutLine: {'line': b'-- Up-to-date symlink: /home/giromi/Repos/VTOL/ws_sensor_combined_src/install/px4_msgs/local/lib/python3.10/dist-packages/px4_msgs/msg/_px4io_status.py\n'}
[16.494841] (px4_msgs) StdoutLine: {'line': b'-- Up-to-date symlink: /home/giromi/Repos/VTOL/ws_sensor_combined_src/install/px4_msgs/local/lib/python3.10/dist-packages/px4_msgs/msg/_px4io_status_s.c\n'}
[16.495064] (px4_msgs) StdoutLine: {'line': b'-- Up-to-date symlink: /home/giromi/Repos/VTOL/ws_sensor_combined_src/install/px4_msgs/local/lib/python3.10/dist-packages/px4_msgs/msg/_qshell_req.py\n'}
[16.495289] (px4_msgs) StdoutLine: {'line': b'-- Up-to-date symlink: /home/giromi/Repos/VTOL/ws_sensor_combined_src/install/px4_msgs/local/lib/python3.10/dist-packages/px4_msgs/msg/_qshell_req_s.c\n'}
[16.495514] (px4_msgs) StdoutLine: {'line': b'-- Up-to-date symlink: /home/giromi/Repos/VTOL/ws_sensor_combined_src/install/px4_msgs/local/lib/python3.10/dist-packages/px4_msgs/msg/_qshell_retval.py\n'}
[16.495738] (px4_msgs) StdoutLine: {'line': b'-- Up-to-date symlink: /home/giromi/Repos/VTOL/ws_sensor_combined_src/install/px4_msgs/local/lib/python3.10/dist-packages/px4_msgs/msg/_qshell_retval_s.c\n'}
[16.495960] (px4_msgs) StdoutLine: {'line': b'-- Up-to-date symlink: /home/giromi/Repos/VTOL/ws_sensor_combined_src/install/px4_msgs/local/lib/python3.10/dist-packages/px4_msgs/msg/_radio_status.py\n'}
[16.496187] (px4_msgs) StdoutLine: {'line': b'-- Up-to-date symlink: /home/giromi/Repos/VTOL/ws_sensor_combined_src/install/px4_msgs/local/lib/python3.10/dist-packages/px4_msgs/msg/_radio_status_s.c\n'}
[16.496409] (px4_msgs) StdoutLine: {'line': b'-- Up-to-date symlink: /home/giromi/Repos/VTOL/ws_sensor_combined_src/install/px4_msgs/local/lib/python3.10/dist-packages/px4_msgs/msg/_rate_ctrl_status.py\n'}
[16.496632] (px4_msgs) StdoutLine: {'line': b'-- Up-to-date symlink: /home/giromi/Repos/VTOL/ws_sensor_combined_src/install/px4_msgs/local/lib/python3.10/dist-packages/px4_msgs/msg/_rate_ctrl_status_s.c\n'}
[16.496858] (px4_msgs) StdoutLine: {'line': b'-- Up-to-date symlink: /home/giromi/Repos/VTOL/ws_sensor_combined_src/install/px4_msgs/local/lib/python3.10/dist-packages/px4_msgs/msg/_rc_channels.py\n'}
[16.497110] (px4_msgs) StdoutLine: {'line': b'-- Up-to-date symlink: /home/giromi/Repos/VTOL/ws_sensor_combined_src/install/px4_msgs/local/lib/python3.10/dist-packages/px4_msgs/msg/_rc_channels_s.c\n'}
[16.497334] (px4_msgs) StdoutLine: {'line': b'-- Up-to-date symlink: /home/giromi/Repos/VTOL/ws_sensor_combined_src/install/px4_msgs/local/lib/python3.10/dist-packages/px4_msgs/msg/_rc_parameter_map.py\n'}
[16.497558] (px4_msgs) StdoutLine: {'line': b'-- Up-to-date symlink: /home/giromi/Repos/VTOL/ws_sensor_combined_src/install/px4_msgs/local/lib/python3.10/dist-packages/px4_msgs/msg/_rc_parameter_map_s.c\n'}
[16.497785] (px4_msgs) StdoutLine: {'line': b'-- Up-to-date symlink: /home/giromi/Repos/VTOL/ws_sensor_combined_src/install/px4_msgs/local/lib/python3.10/dist-packages/px4_msgs/msg/_register_ext_component_reply.py\n'}
[16.498005] (px4_msgs) StdoutLine: {'line': b'-- Up-to-date symlink: /home/giromi/Repos/VTOL/ws_sensor_combined_src/install/px4_msgs/local/lib/python3.10/dist-packages/px4_msgs/msg/_register_ext_component_reply_s.c\n'}
[16.498229] (px4_msgs) StdoutLine: {'line': b'-- Up-to-date symlink: /home/giromi/Repos/VTOL/ws_sensor_combined_src/install/px4_msgs/local/lib/python3.10/dist-packages/px4_msgs/msg/_register_ext_component_request.py\n'}
[16.498453] (px4_msgs) StdoutLine: {'line': b'-- Up-to-date symlink: /home/giromi/Repos/VTOL/ws_sensor_combined_src/install/px4_msgs/local/lib/python3.10/dist-packages/px4_msgs/msg/_register_ext_component_request_s.c\n'}
[16.498678] (px4_msgs) StdoutLine: {'line': b'-- Up-to-date symlink: /home/giromi/Repos/VTOL/ws_sensor_combined_src/install/px4_msgs/local/lib/python3.10/dist-packages/px4_msgs/msg/_rpm.py\n'}
[16.498904] (px4_msgs) StdoutLine: {'line': b'-- Up-to-date symlink: /home/giromi/Repos/VTOL/ws_sensor_combined_src/install/px4_msgs/local/lib/python3.10/dist-packages/px4_msgs/msg/_rpm_s.c\n'}
[16.499132] (px4_msgs) StdoutLine: {'line': b'-- Up-to-date symlink: /home/giromi/Repos/VTOL/ws_sensor_combined_src/install/px4_msgs/local/lib/python3.10/dist-packages/px4_msgs/msg/_rtl_time_estimate.py\n'}
[16.499353] (px4_msgs) StdoutLine: {'line': b'-- Up-to-date symlink: /home/giromi/Repos/VTOL/ws_sensor_combined_src/install/px4_msgs/local/lib/python3.10/dist-packages/px4_msgs/msg/_rtl_time_estimate_s.c\n'}
[16.499578] (px4_msgs) StdoutLine: {'line': b'-- Up-to-date symlink: /home/giromi/Repos/VTOL/ws_sensor_combined_src/install/px4_msgs/local/lib/python3.10/dist-packages/px4_msgs/msg/_satellite_info.py\n'}
[16.499800] (px4_msgs) StdoutLine: {'line': b'-- Up-to-date symlink: /home/giromi/Repos/VTOL/ws_sensor_combined_src/install/px4_msgs/local/lib/python3.10/dist-packages/px4_msgs/msg/_satellite_info_s.c\n'}
[16.500024] (px4_msgs) StdoutLine: {'line': b'-- Up-to-date symlink: /home/giromi/Repos/VTOL/ws_sensor_combined_src/install/px4_msgs/local/lib/python3.10/dist-packages/px4_msgs/msg/_sensor_accel.py\n'}
[16.500247] (px4_msgs) StdoutLine: {'line': b'-- Up-to-date symlink: /home/giromi/Repos/VTOL/ws_sensor_combined_src/install/px4_msgs/local/lib/python3.10/dist-packages/px4_msgs/msg/_sensor_accel_fifo.py\n'}
[16.500473] (px4_msgs) StdoutLine: {'line': b'-- Up-to-date symlink: /home/giromi/Repos/VTOL/ws_sensor_combined_src/install/px4_msgs/local/lib/python3.10/dist-packages/px4_msgs/msg/_sensor_accel_fifo_s.c\n'}
[16.500696] (px4_msgs) StdoutLine: {'line': b'-- Up-to-date symlink: /home/giromi/Repos/VTOL/ws_sensor_combined_src/install/px4_msgs/local/lib/python3.10/dist-packages/px4_msgs/msg/_sensor_accel_s.c\n'}
[16.500920] (px4_msgs) StdoutLine: {'line': b'-- Up-to-date symlink: /home/giromi/Repos/VTOL/ws_sensor_combined_src/install/px4_msgs/local/lib/python3.10/dist-packages/px4_msgs/msg/_sensor_airflow.py\n'}
[16.501191] (px4_msgs) StdoutLine: {'line': b'-- Up-to-date symlink: /home/giromi/Repos/VTOL/ws_sensor_combined_src/install/px4_msgs/local/lib/python3.10/dist-packages/px4_msgs/msg/_sensor_airflow_s.c\n'}
[16.501428] (px4_msgs) StdoutLine: {'line': b'-- Up-to-date symlink: /home/giromi/Repos/VTOL/ws_sensor_combined_src/install/px4_msgs/local/lib/python3.10/dist-packages/px4_msgs/msg/_sensor_baro.py\n'}
[16.501696] (px4_msgs) StdoutLine: {'line': b'-- Up-to-date symlink: /home/giromi/Repos/VTOL/ws_sensor_combined_src/install/px4_msgs/local/lib/python3.10/dist-packages/px4_msgs/msg/_sensor_baro_s.c\n'}
[16.501911] (px4_msgs) StdoutLine: {'line': b'-- Up-to-date symlink: /home/giromi/Repos/VTOL/ws_sensor_combined_src/install/px4_msgs/local/lib/python3.10/dist-packages/px4_msgs/msg/_sensor_combined.py\n'}
[16.502134] (px4_msgs) StdoutLine: {'line': b'-- Up-to-date symlink: /home/giromi/Repos/VTOL/ws_sensor_combined_src/install/px4_msgs/local/lib/python3.10/dist-packages/px4_msgs/msg/_sensor_combined_s.c\n'}
[16.502357] (px4_msgs) StdoutLine: {'line': b'-- Up-to-date symlink: /home/giromi/Repos/VTOL/ws_sensor_combined_src/install/px4_msgs/local/lib/python3.10/dist-packages/px4_msgs/msg/_sensor_correction.py\n'}
[16.502588] (px4_msgs) StdoutLine: {'line': b'-- Up-to-date symlink: /home/giromi/Repos/VTOL/ws_sensor_combined_src/install/px4_msgs/local/lib/python3.10/dist-packages/px4_msgs/msg/_sensor_correction_s.c\n'}
[16.502808] (px4_msgs) StdoutLine: {'line': b'-- Up-to-date symlink: /home/giromi/Repos/VTOL/ws_sensor_combined_src/install/px4_msgs/local/lib/python3.10/dist-packages/px4_msgs/msg/_sensor_gnss_relative.py\n'}
[16.503030] (px4_msgs) StdoutLine: {'line': b'-- Up-to-date symlink: /home/giromi/Repos/VTOL/ws_sensor_combined_src/install/px4_msgs/local/lib/python3.10/dist-packages/px4_msgs/msg/_sensor_gnss_relative_s.c\n'}
[16.503254] (px4_msgs) StdoutLine: {'line': b'-- Up-to-date symlink: /home/giromi/Repos/VTOL/ws_sensor_combined_src/install/px4_msgs/local/lib/python3.10/dist-packages/px4_msgs/msg/_sensor_gps.py\n'}
[16.503479] (px4_msgs) StdoutLine: {'line': b'-- Up-to-date symlink: /home/giromi/Repos/VTOL/ws_sensor_combined_src/install/px4_msgs/local/lib/python3.10/dist-packages/px4_msgs/msg/_sensor_gps_s.c\n'}
[16.503704] (px4_msgs) StdoutLine: {'line': b'-- Up-to-date symlink: /home/giromi/Repos/VTOL/ws_sensor_combined_src/install/px4_msgs/local/lib/python3.10/dist-packages/px4_msgs/msg/_sensor_gyro.py\n'}
[16.503926] (px4_msgs) StdoutLine: {'line': b'-- Up-to-date symlink: /home/giromi/Repos/VTOL/ws_sensor_combined_src/install/px4_msgs/local/lib/python3.10/dist-packages/px4_msgs/msg/_sensor_gyro_fft.py\n'}
[16.504152] (px4_msgs) StdoutLine: {'line': b'-- Up-to-date symlink: /home/giromi/Repos/VTOL/ws_sensor_combined_src/install/px4_msgs/local/lib/python3.10/dist-packages/px4_msgs/msg/_sensor_gyro_fft_s.c\n'}
[16.504376] (px4_msgs) StdoutLine: {'line': b'-- Up-to-date symlink: /home/giromi/Repos/VTOL/ws_sensor_combined_src/install/px4_msgs/local/lib/python3.10/dist-packages/px4_msgs/msg/_sensor_gyro_fifo.py\n'}
[16.504599] (px4_msgs) StdoutLine: {'line': b'-- Up-to-date symlink: /home/giromi/Repos/VTOL/ws_sensor_combined_src/install/px4_msgs/local/lib/python3.10/dist-packages/px4_msgs/msg/_sensor_gyro_fifo_s.c\n'}
[16.504823] (px4_msgs) StdoutLine: {'line': b'-- Up-to-date symlink: /home/giromi/Repos/VTOL/ws_sensor_combined_src/install/px4_msgs/local/lib/python3.10/dist-packages/px4_msgs/msg/_sensor_gyro_s.c\n'}
[16.505092] (px4_msgs) StdoutLine: {'line': b'-- Up-to-date symlink: /home/giromi/Repos/VTOL/ws_sensor_combined_src/install/px4_msgs/local/lib/python3.10/dist-packages/px4_msgs/msg/_sensor_hygrometer.py\n'}
[16.505311] (px4_msgs) StdoutLine: {'line': b'-- Up-to-date symlink: /home/giromi/Repos/VTOL/ws_sensor_combined_src/install/px4_msgs/local/lib/python3.10/dist-packages/px4_msgs/msg/_sensor_hygrometer_s.c\n'}
[16.505529] (px4_msgs) StdoutLine: {'line': b'-- Up-to-date symlink: /home/giromi/Repos/VTOL/ws_sensor_combined_src/install/px4_msgs/local/lib/python3.10/dist-packages/px4_msgs/msg/_sensor_mag.py\n'}
[16.505750] (px4_msgs) StdoutLine: {'line': b'-- Up-to-date symlink: /home/giromi/Repos/VTOL/ws_sensor_combined_src/install/px4_msgs/local/lib/python3.10/dist-packages/px4_msgs/msg/_sensor_mag_s.c\n'}
[16.505975] (px4_msgs) StdoutLine: {'line': b'-- Up-to-date symlink: /home/giromi/Repos/VTOL/ws_sensor_combined_src/install/px4_msgs/local/lib/python3.10/dist-packages/px4_msgs/msg/_sensor_optical_flow.py\n'}
[16.506198] (px4_msgs) StdoutLine: {'line': b'-- Up-to-date symlink: /home/giromi/Repos/VTOL/ws_sensor_combined_src/install/px4_msgs/local/lib/python3.10/dist-packages/px4_msgs/msg/_sensor_optical_flow_s.c\n'}
[16.506420] (px4_msgs) StdoutLine: {'line': b'-- Up-to-date symlink: /home/giromi/Repos/VTOL/ws_sensor_combined_src/install/px4_msgs/local/lib/python3.10/dist-packages/px4_msgs/msg/_sensor_preflight_mag.py\n'}
[16.506645] (px4_msgs) StdoutLine: {'line': b'-- Up-to-date symlink: /home/giromi/Repos/VTOL/ws_sensor_combined_src/install/px4_msgs/local/lib/python3.10/dist-packages/px4_msgs/msg/_sensor_preflight_mag_s.c\n'}
[16.506873] (px4_msgs) StdoutLine: {'line': b'-- Up-to-date symlink: /home/giromi/Repos/VTOL/ws_sensor_combined_src/install/px4_msgs/local/lib/python3.10/dist-packages/px4_msgs/msg/_sensor_selection.py\n'}
[16.507095] (px4_msgs) StdoutLine: {'line': b'-- Up-to-date symlink: /home/giromi/Repos/VTOL/ws_sensor_combined_src/install/px4_msgs/local/lib/python3.10/dist-packages/px4_msgs/msg/_sensor_selection_s.c\n'}
[16.507320] (px4_msgs) StdoutLine: {'line': b'-- Up-to-date symlink: /home/giromi/Repos/VTOL/ws_sensor_combined_src/install/px4_msgs/local/lib/python3.10/dist-packages/px4_msgs/msg/_sensor_uwb.py\n'}
[16.507544] (px4_msgs) StdoutLine: {'line': b'-- Up-to-date symlink: /home/giromi/Repos/VTOL/ws_sensor_combined_src/install/px4_msgs/local/lib/python3.10/dist-packages/px4_msgs/msg/_sensor_uwb_s.c\n'}
[16.507767] (px4_msgs) StdoutLine: {'line': b'-- Up-to-date symlink: /home/giromi/Repos/VTOL/ws_sensor_combined_src/install/px4_msgs/local/lib/python3.10/dist-packages/px4_msgs/msg/_sensors_status.py\n'}
[16.507990] (px4_msgs) StdoutLine: {'line': b'-- Up-to-date symlink: /home/giromi/Repos/VTOL/ws_sensor_combined_src/install/px4_msgs/local/lib/python3.10/dist-packages/px4_msgs/msg/_sensors_status_imu.py\n'}
[16.508216] (px4_msgs) StdoutLine: {'line': b'-- Up-to-date symlink: /home/giromi/Repos/VTOL/ws_sensor_combined_src/install/px4_msgs/local/lib/python3.10/dist-packages/px4_msgs/msg/_sensors_status_imu_s.c\n'}
[16.508441] (px4_msgs) StdoutLine: {'line': b'-- Up-to-date symlink: /home/giromi/Repos/VTOL/ws_sensor_combined_src/install/px4_msgs/local/lib/python3.10/dist-packages/px4_msgs/msg/_sensors_status_s.c\n'}
[16.508665] (px4_msgs) StdoutLine: {'line': b'-- Up-to-date symlink: /home/giromi/Repos/VTOL/ws_sensor_combined_src/install/px4_msgs/local/lib/python3.10/dist-packages/px4_msgs/msg/_system_power.py\n'}
[16.508887] (px4_msgs) StdoutLine: {'line': b'-- Up-to-date symlink: /home/giromi/Repos/VTOL/ws_sensor_combined_src/install/px4_msgs/local/lib/python3.10/dist-packages/px4_msgs/msg/_system_power_s.c\n'}
[16.509114] (px4_msgs) StdoutLine: {'line': b'-- Up-to-date symlink: /home/giromi/Repos/VTOL/ws_sensor_combined_src/install/px4_msgs/local/lib/python3.10/dist-packages/px4_msgs/msg/_takeoff_status.py\n'}
[16.509338] (px4_msgs) StdoutLine: {'line': b'-- Up-to-date symlink: /home/giromi/Repos/VTOL/ws_sensor_combined_src/install/px4_msgs/local/lib/python3.10/dist-packages/px4_msgs/msg/_takeoff_status_s.c\n'}
[16.509559] (px4_msgs) StdoutLine: {'line': b'-- Up-to-date symlink: /home/giromi/Repos/VTOL/ws_sensor_combined_src/install/px4_msgs/local/lib/python3.10/dist-packages/px4_msgs/msg/_task_stack_info.py\n'}
[16.509783] (px4_msgs) StdoutLine: {'line': b'-- Up-to-date symlink: /home/giromi/Repos/VTOL/ws_sensor_combined_src/install/px4_msgs/local/lib/python3.10/dist-packages/px4_msgs/msg/_task_stack_info_s.c\n'}
[16.510006] (px4_msgs) StdoutLine: {'line': b'-- Up-to-date symlink: /home/giromi/Repos/VTOL/ws_sensor_combined_src/install/px4_msgs/local/lib/python3.10/dist-packages/px4_msgs/msg/_tecs_status.py\n'}
[16.510232] (px4_msgs) StdoutLine: {'line': b'-- Up-to-date symlink: /home/giromi/Repos/VTOL/ws_sensor_combined_src/install/px4_msgs/local/lib/python3.10/dist-packages/px4_msgs/msg/_tecs_status_s.c\n'}
[16.510455] (px4_msgs) StdoutLine: {'line': b'-- Up-to-date symlink: /home/giromi/Repos/VTOL/ws_sensor_combined_src/install/px4_msgs/local/lib/python3.10/dist-packages/px4_msgs/msg/_telemetry_status.py\n'}
[16.510680] (px4_msgs) StdoutLine: {'line': b'-- Up-to-date symlink: /home/giromi/Repos/VTOL/ws_sensor_combined_src/install/px4_msgs/local/lib/python3.10/dist-packages/px4_msgs/msg/_telemetry_status_s.c\n'}
[16.510902] (px4_msgs) StdoutLine: {'line': b'-- Up-to-date symlink: /home/giromi/Repos/VTOL/ws_sensor_combined_src/install/px4_msgs/local/lib/python3.10/dist-packages/px4_msgs/msg/_tiltrotor_extra_controls.py\n'}
[16.511130] (px4_msgs) StdoutLine: {'line': b'-- Up-to-date symlink: /home/giromi/Repos/VTOL/ws_sensor_combined_src/install/px4_msgs/local/lib/python3.10/dist-packages/px4_msgs/msg/_tiltrotor_extra_controls_s.c\n'}
[16.511388] (px4_msgs) StdoutLine: {'line': b'-- Up-to-date symlink: /home/giromi/Repos/VTOL/ws_sensor_combined_src/install/px4_msgs/local/lib/python3.10/dist-packages/px4_msgs/msg/_timesync_status.py\n'}
[16.511640] (px4_msgs) StdoutLine: {'line': b'-- Up-to-date symlink: /home/giromi/Repos/VTOL/ws_sensor_combined_src/install/px4_msgs/local/lib/python3.10/dist-packages/px4_msgs/msg/_timesync_status_s.c\n'}
[16.511892] (px4_msgs) StdoutLine: {'line': b'-- Up-to-date symlink: /home/giromi/Repos/VTOL/ws_sensor_combined_src/install/px4_msgs/local/lib/python3.10/dist-packages/px4_msgs/msg/_trajectory_bezier.py\n'}
[16.512145] (px4_msgs) StdoutLine: {'line': b'-- Up-to-date symlink: /home/giromi/Repos/VTOL/ws_sensor_combined_src/install/px4_msgs/local/lib/python3.10/dist-packages/px4_msgs/msg/_trajectory_bezier_s.c\n'}
[16.512398] (px4_msgs) StdoutLine: {'line': b'-- Up-to-date symlink: /home/giromi/Repos/VTOL/ws_sensor_combined_src/install/px4_msgs/local/lib/python3.10/dist-packages/px4_msgs/msg/_trajectory_setpoint.py\n'}
[16.512614] (px4_msgs) StdoutLine: {'line': b'-- Up-to-date symlink: /home/giromi/Repos/VTOL/ws_sensor_combined_src/install/px4_msgs/local/lib/python3.10/dist-packages/px4_msgs/msg/_trajectory_setpoint_s.c\n'}
[16.512833] (px4_msgs) StdoutLine: {'line': b'-- Up-to-date symlink: /home/giromi/Repos/VTOL/ws_sensor_combined_src/install/px4_msgs/local/lib/python3.10/dist-packages/px4_msgs/msg/_trajectory_waypoint.py\n'}
[16.513068] (px4_msgs) StdoutLine: {'line': b'-- Up-to-date symlink: /home/giromi/Repos/VTOL/ws_sensor_combined_src/install/px4_msgs/local/lib/python3.10/dist-packages/px4_msgs/msg/_trajectory_waypoint_s.c\n'}
[16.513341] (px4_msgs) StdoutLine: {'line': b'-- Up-to-date symlink: /home/giromi/Repos/VTOL/ws_sensor_combined_src/install/px4_msgs/local/lib/python3.10/dist-packages/px4_msgs/msg/_transponder_report.py\n'}
[16.513608] (px4_msgs) StdoutLine: {'line': b'-- Up-to-date symlink: /home/giromi/Repos/VTOL/ws_sensor_combined_src/install/px4_msgs/local/lib/python3.10/dist-packages/px4_msgs/msg/_transponder_report_s.c\n'}
[16.513865] (px4_msgs) StdoutLine: {'line': b'-- Up-to-date symlink: /home/giromi/Repos/VTOL/ws_sensor_combined_src/install/px4_msgs/local/lib/python3.10/dist-packages/px4_msgs/msg/_tune_control.py\n'}
[16.514120] (px4_msgs) StdoutLine: {'line': b'-- Up-to-date symlink: /home/giromi/Repos/VTOL/ws_sensor_combined_src/install/px4_msgs/local/lib/python3.10/dist-packages/px4_msgs/msg/_tune_control_s.c\n'}
[16.514334] (px4_msgs) StdoutLine: {'line': b'-- Up-to-date symlink: /home/giromi/Repos/VTOL/ws_sensor_combined_src/install/px4_msgs/local/lib/python3.10/dist-packages/px4_msgs/msg/_uavcan_parameter_request.py\n'}
[16.514558] (px4_msgs) StdoutLine: {'line': b'-- Up-to-date symlink: /home/giromi/Repos/VTOL/ws_sensor_combined_src/install/px4_msgs/local/lib/python3.10/dist-packages/px4_msgs/msg/_uavcan_parameter_request_s.c\n'}
[16.514782] (px4_msgs) StdoutLine: {'line': b'-- Up-to-date symlink: /home/giromi/Repos/VTOL/ws_sensor_combined_src/install/px4_msgs/local/lib/python3.10/dist-packages/px4_msgs/msg/_uavcan_parameter_value.py\n'}
[16.515006] (px4_msgs) StdoutLine: {'line': b'-- Up-to-date symlink: /home/giromi/Repos/VTOL/ws_sensor_combined_src/install/px4_msgs/local/lib/python3.10/dist-packages/px4_msgs/msg/_uavcan_parameter_value_s.c\n'}
[16.515265] (px4_msgs) StdoutLine: {'line': b'-- Up-to-date symlink: /home/giromi/Repos/VTOL/ws_sensor_combined_src/install/px4_msgs/local/lib/python3.10/dist-packages/px4_msgs/msg/_ulog_stream.py\n'}
[16.515527] (px4_msgs) StdoutLine: {'line': b'-- Up-to-date symlink: /home/giromi/Repos/VTOL/ws_sensor_combined_src/install/px4_msgs/local/lib/python3.10/dist-packages/px4_msgs/msg/_ulog_stream_ack.py\n'}
[16.515782] (px4_msgs) StdoutLine: {'line': b'-- Up-to-date symlink: /home/giromi/Repos/VTOL/ws_sensor_combined_src/install/px4_msgs/local/lib/python3.10/dist-packages/px4_msgs/msg/_ulog_stream_ack_s.c\n'}
[16.516038] (px4_msgs) StdoutLine: {'line': b'-- Up-to-date symlink: /home/giromi/Repos/VTOL/ws_sensor_combined_src/install/px4_msgs/local/lib/python3.10/dist-packages/px4_msgs/msg/_ulog_stream_s.c\n'}
[16.516295] (px4_msgs) StdoutLine: {'line': b'-- Up-to-date symlink: /home/giromi/Repos/VTOL/ws_sensor_combined_src/install/px4_msgs/local/lib/python3.10/dist-packages/px4_msgs/msg/_unregister_ext_component.py\n'}
[16.516536] (px4_msgs) StdoutLine: {'line': b'-- Up-to-date symlink: /home/giromi/Repos/VTOL/ws_sensor_combined_src/install/px4_msgs/local/lib/python3.10/dist-packages/px4_msgs/msg/_unregister_ext_component_s.c\n'}
[16.516761] (px4_msgs) StdoutLine: {'line': b'-- Up-to-date symlink: /home/giromi/Repos/VTOL/ws_sensor_combined_src/install/px4_msgs/local/lib/python3.10/dist-packages/px4_msgs/msg/_vehicle_acceleration.py\n'}
[16.517003] (px4_msgs) StdoutLine: {'line': b'-- Up-to-date symlink: /home/giromi/Repos/VTOL/ws_sensor_combined_src/install/px4_msgs/local/lib/python3.10/dist-packages/px4_msgs/msg/_vehicle_acceleration_s.c\n'}
[16.517242] (px4_msgs) StdoutLine: {'line': b'-- Up-to-date symlink: /home/giromi/Repos/VTOL/ws_sensor_combined_src/install/px4_msgs/local/lib/python3.10/dist-packages/px4_msgs/msg/_vehicle_air_data.py\n'}
[16.517498] (px4_msgs) StdoutLine: {'line': b'-- Up-to-date symlink: /home/giromi/Repos/VTOL/ws_sensor_combined_src/install/px4_msgs/local/lib/python3.10/dist-packages/px4_msgs/msg/_vehicle_air_data_s.c\n'}
[16.517767] (px4_msgs) StdoutLine: {'line': b'-- Up-to-date symlink: /home/giromi/Repos/VTOL/ws_sensor_combined_src/install/px4_msgs/local/lib/python3.10/dist-packages/px4_msgs/msg/_vehicle_angular_acceleration_setpoint.py\n'}
[16.518031] (px4_msgs) StdoutLine: {'line': b'-- Up-to-date symlink: /home/giromi/Repos/VTOL/ws_sensor_combined_src/install/px4_msgs/local/lib/python3.10/dist-packages/px4_msgs/msg/_vehicle_angular_acceleration_setpoint_s.c\n'}
[16.518287] (px4_msgs) StdoutLine: {'line': b'-- Up-to-date symlink: /home/giromi/Repos/VTOL/ws_sensor_combined_src/install/px4_msgs/local/lib/python3.10/dist-packages/px4_msgs/msg/_vehicle_angular_velocity.py\n'}
[16.518550] (px4_msgs) StdoutLine: {'line': b'-- Up-to-date symlink: /home/giromi/Repos/VTOL/ws_sensor_combined_src/install/px4_msgs/local/lib/python3.10/dist-packages/px4_msgs/msg/_vehicle_angular_velocity_s.c\n'}
[16.518759] (px4_msgs) StdoutLine: {'line': b'-- Up-to-date symlink: /home/giromi/Repos/VTOL/ws_sensor_combined_src/install/px4_msgs/local/lib/python3.10/dist-packages/px4_msgs/msg/_vehicle_attitude.py\n'}
[16.518986] (px4_msgs) StdoutLine: {'line': b'-- Up-to-date symlink: /home/giromi/Repos/VTOL/ws_sensor_combined_src/install/px4_msgs/local/lib/python3.10/dist-packages/px4_msgs/msg/_vehicle_attitude_s.c\n'}
[16.519209] (px4_msgs) StdoutLine: {'line': b'-- Up-to-date symlink: /home/giromi/Repos/VTOL/ws_sensor_combined_src/install/px4_msgs/local/lib/python3.10/dist-packages/px4_msgs/msg/_vehicle_attitude_setpoint.py\n'}
[16.519432] (px4_msgs) StdoutLine: {'line': b'-- Up-to-date symlink: /home/giromi/Repos/VTOL/ws_sensor_combined_src/install/px4_msgs/local/lib/python3.10/dist-packages/px4_msgs/msg/_vehicle_attitude_setpoint_s.c\n'}
[16.519689] (px4_msgs) StdoutLine: {'line': b'-- Up-to-date symlink: /home/giromi/Repos/VTOL/ws_sensor_combined_src/install/px4_msgs/local/lib/python3.10/dist-packages/px4_msgs/msg/_vehicle_command.py\n'}
[16.519898] (px4_msgs) StdoutLine: {'line': b'-- Up-to-date symlink: /home/giromi/Repos/VTOL/ws_sensor_combined_src/install/px4_msgs/local/lib/python3.10/dist-packages/px4_msgs/msg/_vehicle_command_ack.py\n'}
[16.520125] (px4_msgs) StdoutLine: {'line': b'-- Up-to-date symlink: /home/giromi/Repos/VTOL/ws_sensor_combined_src/install/px4_msgs/local/lib/python3.10/dist-packages/px4_msgs/msg/_vehicle_command_ack_s.c\n'}
[16.520366] (px4_msgs) StdoutLine: {'line': b'-- Up-to-date symlink: /home/giromi/Repos/VTOL/ws_sensor_combined_src/install/px4_msgs/local/lib/python3.10/dist-packages/px4_msgs/msg/_vehicle_command_s.c\n'}
[16.520601] (px4_msgs) StdoutLine: {'line': b'-- Up-to-date symlink: /home/giromi/Repos/VTOL/ws_sensor_combined_src/install/px4_msgs/local/lib/python3.10/dist-packages/px4_msgs/msg/_vehicle_constraints.py\n'}
[16.520824] (px4_msgs) StdoutLine: {'line': b'-- Up-to-date symlink: /home/giromi/Repos/VTOL/ws_sensor_combined_src/install/px4_msgs/local/lib/python3.10/dist-packages/px4_msgs/msg/_vehicle_constraints_s.c\n'}
[16.521090] (px4_msgs) StdoutLine: {'line': b'-- Up-to-date symlink: /home/giromi/Repos/VTOL/ws_sensor_combined_src/install/px4_msgs/local/lib/python3.10/dist-packages/px4_msgs/msg/_vehicle_control_mode.py\n'}
[16.521312] (px4_msgs) StdoutLine: {'line': b'-- Up-to-date symlink: /home/giromi/Repos/VTOL/ws_sensor_combined_src/install/px4_msgs/local/lib/python3.10/dist-packages/px4_msgs/msg/_vehicle_control_mode_s.c\n'}
[16.521537] (px4_msgs) StdoutLine: {'line': b'-- Up-to-date symlink: /home/giromi/Repos/VTOL/ws_sensor_combined_src/install/px4_msgs/local/lib/python3.10/dist-packages/px4_msgs/msg/_vehicle_global_position.py\n'}
[16.521761] (px4_msgs) StdoutLine: {'line': b'-- Up-to-date symlink: /home/giromi/Repos/VTOL/ws_sensor_combined_src/install/px4_msgs/local/lib/python3.10/dist-packages/px4_msgs/msg/_vehicle_global_position_s.c\n'}
[16.521987] (px4_msgs) StdoutLine: {'line': b'-- Up-to-date symlink: /home/giromi/Repos/VTOL/ws_sensor_combined_src/install/px4_msgs/local/lib/python3.10/dist-packages/px4_msgs/msg/_vehicle_imu.py\n'}
[16.522212] (px4_msgs) StdoutLine: {'line': b'-- Up-to-date symlink: /home/giromi/Repos/VTOL/ws_sensor_combined_src/install/px4_msgs/local/lib/python3.10/dist-packages/px4_msgs/msg/_vehicle_imu_s.c\n'}
[16.522437] (px4_msgs) StdoutLine: {'line': b'-- Up-to-date symlink: /home/giromi/Repos/VTOL/ws_sensor_combined_src/install/px4_msgs/local/lib/python3.10/dist-packages/px4_msgs/msg/_vehicle_imu_status.py\n'}
[16.522663] (px4_msgs) StdoutLine: {'line': b'-- Up-to-date symlink: /home/giromi/Repos/VTOL/ws_sensor_combined_src/install/px4_msgs/local/lib/python3.10/dist-packages/px4_msgs/msg/_vehicle_imu_status_s.c\n'}
[16.522890] (px4_msgs) StdoutLine: {'line': b'-- Up-to-date symlink: /home/giromi/Repos/VTOL/ws_sensor_combined_src/install/px4_msgs/local/lib/python3.10/dist-packages/px4_msgs/msg/_vehicle_land_detected.py\n'}
[16.523135] (px4_msgs) StdoutLine: {'line': b'-- Up-to-date symlink: /home/giromi/Repos/VTOL/ws_sensor_combined_src/install/px4_msgs/local/lib/python3.10/dist-packages/px4_msgs/msg/_vehicle_land_detected_s.c\n'}
[16.523369] (px4_msgs) StdoutLine: {'line': b'-- Up-to-date symlink: /home/giromi/Repos/VTOL/ws_sensor_combined_src/install/px4_msgs/local/lib/python3.10/dist-packages/px4_msgs/msg/_vehicle_local_position.py\n'}
[16.523606] (px4_msgs) StdoutLine: {'line': b'-- Up-to-date symlink: /home/giromi/Repos/VTOL/ws_sensor_combined_src/install/px4_msgs/local/lib/python3.10/dist-packages/px4_msgs/msg/_vehicle_local_position_s.c\n'}
[16.523832] (px4_msgs) StdoutLine: {'line': b'-- Up-to-date symlink: /home/giromi/Repos/VTOL/ws_sensor_combined_src/install/px4_msgs/local/lib/python3.10/dist-packages/px4_msgs/msg/_vehicle_local_position_setpoint.py\n'}
[16.524118] (px4_msgs) StdoutLine: {'line': b'-- Up-to-date symlink: /home/giromi/Repos/VTOL/ws_sensor_combined_src/install/px4_msgs/local/lib/python3.10/dist-packages/px4_msgs/msg/_vehicle_local_position_setpoint_s.c\n'}
[16.524372] (px4_msgs) StdoutLine: {'line': b'-- Up-to-date symlink: /home/giromi/Repos/VTOL/ws_sensor_combined_src/install/px4_msgs/local/lib/python3.10/dist-packages/px4_msgs/msg/_vehicle_magnetometer.py\n'}
[16.524629] (px4_msgs) StdoutLine: {'line': b'-- Up-to-date symlink: /home/giromi/Repos/VTOL/ws_sensor_combined_src/install/px4_msgs/local/lib/python3.10/dist-packages/px4_msgs/msg/_vehicle_magnetometer_s.c\n'}
[16.524875] (px4_msgs) StdoutLine: {'line': b'-- Up-to-date symlink: /home/giromi/Repos/VTOL/ws_sensor_combined_src/install/px4_msgs/local/lib/python3.10/dist-packages/px4_msgs/msg/_vehicle_odometry.py\n'}
[16.525090] (px4_msgs) StdoutLine: {'line': b'-- Up-to-date symlink: /home/giromi/Repos/VTOL/ws_sensor_combined_src/install/px4_msgs/local/lib/python3.10/dist-packages/px4_msgs/msg/_vehicle_odometry_s.c\n'}
[16.525316] (px4_msgs) StdoutLine: {'line': b'-- Up-to-date symlink: /home/giromi/Repos/VTOL/ws_sensor_combined_src/install/px4_msgs/local/lib/python3.10/dist-packages/px4_msgs/msg/_vehicle_optical_flow.py\n'}
[16.525547] (px4_msgs) StdoutLine: {'line': b'-- Up-to-date symlink: /home/giromi/Repos/VTOL/ws_sensor_combined_src/install/px4_msgs/local/lib/python3.10/dist-packages/px4_msgs/msg/_vehicle_optical_flow_s.c\n'}
[16.525772] (px4_msgs) StdoutLine: {'line': b'-- Up-to-date symlink: /home/giromi/Repos/VTOL/ws_sensor_combined_src/install/px4_msgs/local/lib/python3.10/dist-packages/px4_msgs/msg/_vehicle_optical_flow_vel.py\n'}
[16.526011] (px4_msgs) StdoutLine: {'line': b'-- Up-to-date symlink: /home/giromi/Repos/VTOL/ws_sensor_combined_src/install/px4_msgs/local/lib/python3.10/dist-packages/px4_msgs/msg/_vehicle_optical_flow_vel_s.c\n'}
[16.526252] (px4_msgs) StdoutLine: {'line': b'-- Up-to-date symlink: /home/giromi/Repos/VTOL/ws_sensor_combined_src/install/px4_msgs/local/lib/python3.10/dist-packages/px4_msgs/msg/_vehicle_rates_setpoint.py\n'}
[16.526486] (px4_msgs) StdoutLine: {'line': b'-- Up-to-date symlink: /home/giromi/Repos/VTOL/ws_sensor_combined_src/install/px4_msgs/local/lib/python3.10/dist-packages/px4_msgs/msg/_vehicle_rates_setpoint_s.c\n'}
[16.526729] (px4_msgs) StdoutLine: {'line': b'-- Up-to-date symlink: /home/giromi/Repos/VTOL/ws_sensor_combined_src/install/px4_msgs/local/lib/python3.10/dist-packages/px4_msgs/msg/_vehicle_roi.py\n'}
[16.526951] (px4_msgs) StdoutLine: {'line': b'-- Up-to-date symlink: /home/giromi/Repos/VTOL/ws_sensor_combined_src/install/px4_msgs/local/lib/python3.10/dist-packages/px4_msgs/msg/_vehicle_roi_s.c\n'}
[16.527192] (px4_msgs) StdoutLine: {'line': b'-- Up-to-date symlink: /home/giromi/Repos/VTOL/ws_sensor_combined_src/install/px4_msgs/local/lib/python3.10/dist-packages/px4_msgs/msg/_vehicle_status.py\n'}
[16.527417] (px4_msgs) StdoutLine: {'line': b'-- Up-to-date symlink: /home/giromi/Repos/VTOL/ws_sensor_combined_src/install/px4_msgs/local/lib/python3.10/dist-packages/px4_msgs/msg/_vehicle_status_s.c\n'}
[16.527643] (px4_msgs) StdoutLine: {'line': b'-- Up-to-date symlink: /home/giromi/Repos/VTOL/ws_sensor_combined_src/install/px4_msgs/local/lib/python3.10/dist-packages/px4_msgs/msg/_vehicle_thrust_setpoint.py\n'}
[16.527867] (px4_msgs) StdoutLine: {'line': b'-- Up-to-date symlink: /home/giromi/Repos/VTOL/ws_sensor_combined_src/install/px4_msgs/local/lib/python3.10/dist-packages/px4_msgs/msg/_vehicle_thrust_setpoint_s.c\n'}
[16.528093] (px4_msgs) StdoutLine: {'line': b'-- Up-to-date symlink: /home/giromi/Repos/VTOL/ws_sensor_combined_src/install/px4_msgs/local/lib/python3.10/dist-packages/px4_msgs/msg/_vehicle_torque_setpoint.py\n'}
[16.528320] (px4_msgs) StdoutLine: {'line': b'-- Up-to-date symlink: /home/giromi/Repos/VTOL/ws_sensor_combined_src/install/px4_msgs/local/lib/python3.10/dist-packages/px4_msgs/msg/_vehicle_torque_setpoint_s.c\n'}
[16.528544] (px4_msgs) StdoutLine: {'line': b'-- Up-to-date symlink: /home/giromi/Repos/VTOL/ws_sensor_combined_src/install/px4_msgs/local/lib/python3.10/dist-packages/px4_msgs/msg/_vehicle_trajectory_bezier.py\n'}
[16.528768] (px4_msgs) StdoutLine: {'line': b'-- Up-to-date symlink: /home/giromi/Repos/VTOL/ws_sensor_combined_src/install/px4_msgs/local/lib/python3.10/dist-packages/px4_msgs/msg/_vehicle_trajectory_bezier_s.c\n'}
[16.529010] (px4_msgs) StdoutLine: {'line': b'-- Up-to-date symlink: /home/giromi/Repos/VTOL/ws_sensor_combined_src/install/px4_msgs/local/lib/python3.10/dist-packages/px4_msgs/msg/_vehicle_trajectory_waypoint.py\n'}
[16.529243] (px4_msgs) StdoutLine: {'line': b'-- Up-to-date symlink: /home/giromi/Repos/VTOL/ws_sensor_combined_src/install/px4_msgs/local/lib/python3.10/dist-packages/px4_msgs/msg/_vehicle_trajectory_waypoint_s.c\n'}
[16.529469] (px4_msgs) StdoutLine: {'line': b'-- Up-to-date symlink: /home/giromi/Repos/VTOL/ws_sensor_combined_src/install/px4_msgs/local/lib/python3.10/dist-packages/px4_msgs/msg/_velocity_limits.py\n'}
[16.529694] (px4_msgs) StdoutLine: {'line': b'-- Up-to-date symlink: /home/giromi/Repos/VTOL/ws_sensor_combined_src/install/px4_msgs/local/lib/python3.10/dist-packages/px4_msgs/msg/_velocity_limits_s.c\n'}
[16.529918] (px4_msgs) StdoutLine: {'line': b'-- Up-to-date symlink: /home/giromi/Repos/VTOL/ws_sensor_combined_src/install/px4_msgs/local/lib/python3.10/dist-packages/px4_msgs/msg/_vtol_vehicle_status.py\n'}
[16.530144] (px4_msgs) StdoutLine: {'line': b'-- Up-to-date symlink: /home/giromi/Repos/VTOL/ws_sensor_combined_src/install/px4_msgs/local/lib/python3.10/dist-packages/px4_msgs/msg/_vtol_vehicle_status_s.c\n'}
[16.530558] (px4_msgs) StdoutLine: {'line': b'-- Up-to-date symlink: /home/giromi/Repos/VTOL/ws_sensor_combined_src/install/px4_msgs/local/lib/python3.10/dist-packages/px4_msgs/msg/_wheel_encoders.py\n'}
[16.530816] (px4_msgs) StdoutLine: {'line': b'-- Up-to-date symlink: /home/giromi/Repos/VTOL/ws_sensor_combined_src/install/px4_msgs/local/lib/python3.10/dist-packages/px4_msgs/msg/_wheel_encoders_s.c\n'}
[16.531041] (px4_msgs) StdoutLine: {'line': b'-- Up-to-date symlink: /home/giromi/Repos/VTOL/ws_sensor_combined_src/install/px4_msgs/local/lib/python3.10/dist-packages/px4_msgs/msg/_wind.py\n'}
[16.531282] (px4_msgs) StdoutLine: {'line': b'-- Up-to-date symlink: /home/giromi/Repos/VTOL/ws_sensor_combined_src/install/px4_msgs/local/lib/python3.10/dist-packages/px4_msgs/msg/_wind_s.c\n'}
[16.531508] (px4_msgs) StdoutLine: {'line': b'-- Up-to-date symlink: /home/giromi/Repos/VTOL/ws_sensor_combined_src/install/px4_msgs/local/lib/python3.10/dist-packages/px4_msgs/msg/_yaw_estimator_status.py\n'}
[16.531739] (px4_msgs) StdoutLine: {'line': b'-- Up-to-date symlink: /home/giromi/Repos/VTOL/ws_sensor_combined_src/install/px4_msgs/local/lib/python3.10/dist-packages/px4_msgs/msg/_yaw_estimator_status_s.c\n'}
[16.531962] (px4_msgs) StdoutLine: {'line': b'-- Up-to-date symlink: /home/giromi/Repos/VTOL/ws_sensor_combined_src/install/px4_msgs/local/lib/python3.10/dist-packages/px4_msgs/px4_msgs_s__rosidl_typesupport_c.cpython-310-x86_64-linux-gnu.so\n'}
[16.532187] (px4_msgs) StdoutLine: {'line': b'-- Up-to-date symlink: /home/giromi/Repos/VTOL/ws_sensor_combined_src/install/px4_msgs/local/lib/python3.10/dist-packages/px4_msgs/px4_msgs_s__rosidl_typesupport_fastrtps_c.cpython-310-x86_64-linux-gnu.so\n'}
[16.532414] (px4_msgs) StdoutLine: {'line': b'-- Up-to-date symlink: /home/giromi/Repos/VTOL/ws_sensor_combined_src/install/px4_msgs/local/lib/python3.10/dist-packages/px4_msgs/px4_msgs_s__rosidl_typesupport_introspection_c.cpython-310-x86_64-linux-gnu.so\n'}
[16.532640] (px4_msgs) StdoutLine: {'line': b'-- Up-to-date symlink: /home/giromi/Repos/VTOL/ws_sensor_combined_src/install/px4_msgs/local/lib/python3.10/dist-packages/px4_msgs/srv/__init__.py\n'}
[16.532862] (px4_msgs) StdoutLine: {'line': b'-- Up-to-date symlink: /home/giromi/Repos/VTOL/ws_sensor_combined_src/install/px4_msgs/local/lib/python3.10/dist-packages/px4_msgs/srv/_vehicle_command.py\n'}
[16.533115] (px4_msgs) StdoutLine: {'line': b'-- Up-to-date symlink: /home/giromi/Repos/VTOL/ws_sensor_combined_src/install/px4_msgs/local/lib/python3.10/dist-packages/px4_msgs/srv/_vehicle_command_s.c\n'}
[16.533444] (px4_msgs) StdoutLine: {'line': b'-- Up-to-date symlink: /home/giromi/Repos/VTOL/ws_sensor_combined_src/install/px4_msgs/local/lib/python3.10/dist-packages/px4_msgs/px4_msgs_s__rosidl_typesupport_fastrtps_c.cpython-310-x86_64-linux-gnu.so\n'}
[16.533727] (px4_msgs) StdoutLine: {'line': b'-- Up-to-date symlink: /home/giromi/Repos/VTOL/ws_sensor_combined_src/install/px4_msgs/local/lib/python3.10/dist-packages/px4_msgs/px4_msgs_s__rosidl_typesupport_introspection_c.cpython-310-x86_64-linux-gnu.so\n'}
[16.534010] (px4_msgs) StdoutLine: {'line': b'-- Up-to-date symlink: /home/giromi/Repos/VTOL/ws_sensor_combined_src/install/px4_msgs/local/lib/python3.10/dist-packages/px4_msgs/px4_msgs_s__rosidl_typesupport_c.cpython-310-x86_64-linux-gnu.so\n'}
[16.534211] (px4_msgs) StdoutLine: {'line': b'-- Up-to-date symlink: /home/giromi/Repos/VTOL/ws_sensor_combined_src/install/px4_msgs/share/px4_msgs/msg/ActionRequest.idl\n'}
[16.534398] (px4_msgs) StdoutLine: {'line': b'-- Up-to-date symlink: /home/giromi/Repos/VTOL/ws_sensor_combined_src/install/px4_msgs/share/px4_msgs/msg/ActuatorArmed.idl\n'}
[16.534586] (px4_msgs) StdoutLine: {'line': b'-- Up-to-date symlink: /home/giromi/Repos/VTOL/ws_sensor_combined_src/install/px4_msgs/share/px4_msgs/msg/ActuatorControlsStatus.idl\n'}
[16.534771] (px4_msgs) StdoutLine: {'line': b'-- Up-to-date symlink: /home/giromi/Repos/VTOL/ws_sensor_combined_src/install/px4_msgs/share/px4_msgs/msg/ActuatorMotors.idl\n'}
[16.534955] (px4_msgs) StdoutLine: {'line': b'-- Up-to-date symlink: /home/giromi/Repos/VTOL/ws_sensor_combined_src/install/px4_msgs/share/px4_msgs/msg/ActuatorOutputs.idl\n'}
[16.535138] (px4_msgs) StdoutLine: {'line': b'-- Up-to-date symlink: /home/giromi/Repos/VTOL/ws_sensor_combined_src/install/px4_msgs/share/px4_msgs/msg/ActuatorServos.idl\n'}
[16.535322] (px4_msgs) StdoutLine: {'line': b'-- Up-to-date symlink: /home/giromi/Repos/VTOL/ws_sensor_combined_src/install/px4_msgs/share/px4_msgs/msg/ActuatorServosTrim.idl\n'}
[16.535505] (px4_msgs) StdoutLine: {'line': b'-- Up-to-date symlink: /home/giromi/Repos/VTOL/ws_sensor_combined_src/install/px4_msgs/share/px4_msgs/msg/ActuatorTest.idl\n'}
[16.535685] (px4_msgs) StdoutLine: {'line': b'-- Up-to-date symlink: /home/giromi/Repos/VTOL/ws_sensor_combined_src/install/px4_msgs/share/px4_msgs/msg/AdcReport.idl\n'}
[16.535935] (px4_msgs) StdoutLine: {'line': b'-- Up-to-date symlink: /home/giromi/Repos/VTOL/ws_sensor_combined_src/install/px4_msgs/share/px4_msgs/msg/Airspeed.idl\n'}
[16.536165] (px4_msgs) StdoutLine: {'line': b'-- Up-to-date symlink: /home/giromi/Repos/VTOL/ws_sensor_combined_src/install/px4_msgs/share/px4_msgs/msg/AirspeedValidated.idl\n'}
[16.536381] (px4_msgs) StdoutLine: {'line': b'-- Up-to-date symlink: /home/giromi/Repos/VTOL/ws_sensor_combined_src/install/px4_msgs/share/px4_msgs/msg/AirspeedWind.idl\n'}
[16.536581] (px4_msgs) StdoutLine: {'line': b'-- Up-to-date symlink: /home/giromi/Repos/VTOL/ws_sensor_combined_src/install/px4_msgs/share/px4_msgs/msg/ArmingCheckReply.idl\n'}
[16.536759] (px4_msgs) StdoutLine: {'line': b'-- Up-to-date symlink: /home/giromi/Repos/VTOL/ws_sensor_combined_src/install/px4_msgs/share/px4_msgs/msg/ArmingCheckRequest.idl\n'}
[16.536947] (px4_msgs) StdoutLine: {'line': b'-- Up-to-date symlink: /home/giromi/Repos/VTOL/ws_sensor_combined_src/install/px4_msgs/share/px4_msgs/msg/AutotuneAttitudeControlStatus.idl\n'}
[16.537215] (px4_msgs) StdoutLine: {'line': b'-- Up-to-date symlink: /home/giromi/Repos/VTOL/ws_sensor_combined_src/install/px4_msgs/share/px4_msgs/msg/BatteryStatus.idl\n'}
[16.537433] (px4_msgs) StdoutLine: {'line': b'-- Up-to-date symlink: /home/giromi/Repos/VTOL/ws_sensor_combined_src/install/px4_msgs/share/px4_msgs/msg/Buffer128.idl\n'}
[16.537649] (px4_msgs) StdoutLine: {'line': b'-- Up-to-date symlink: /home/giromi/Repos/VTOL/ws_sensor_combined_src/install/px4_msgs/share/px4_msgs/msg/ButtonEvent.idl\n'}
[16.537852] (px4_msgs) StdoutLine: {'line': b'-- Up-to-date symlink: /home/giromi/Repos/VTOL/ws_sensor_combined_src/install/px4_msgs/share/px4_msgs/msg/CameraCapture.idl\n'}
[16.538058] (px4_msgs) StdoutLine: {'line': b'-- Up-to-date symlink: /home/giromi/Repos/VTOL/ws_sensor_combined_src/install/px4_msgs/share/px4_msgs/msg/CameraStatus.idl\n'}
[16.538267] (px4_msgs) StdoutLine: {'line': b'-- Up-to-date symlink: /home/giromi/Repos/VTOL/ws_sensor_combined_src/install/px4_msgs/share/px4_msgs/msg/CameraTrigger.idl\n'}
[16.538472] (px4_msgs) StdoutLine: {'line': b'-- Up-to-date symlink: /home/giromi/Repos/VTOL/ws_sensor_combined_src/install/px4_msgs/share/px4_msgs/msg/CellularStatus.idl\n'}
[16.538681] (px4_msgs) StdoutLine: {'line': b'-- Up-to-date symlink: /home/giromi/Repos/VTOL/ws_sensor_combined_src/install/px4_msgs/share/px4_msgs/msg/CollisionConstraints.idl\n'}
[16.538889] (px4_msgs) StdoutLine: {'line': b'-- Up-to-date symlink: /home/giromi/Repos/VTOL/ws_sensor_combined_src/install/px4_msgs/share/px4_msgs/msg/CollisionReport.idl\n'}
[16.539098] (px4_msgs) StdoutLine: {'line': b'-- Up-to-date symlink: /home/giromi/Repos/VTOL/ws_sensor_combined_src/install/px4_msgs/share/px4_msgs/msg/ConfigOverrides.idl\n'}
[16.539306] (px4_msgs) StdoutLine: {'line': b'-- Up-to-date symlink: /home/giromi/Repos/VTOL/ws_sensor_combined_src/install/px4_msgs/share/px4_msgs/msg/ControlAllocatorStatus.idl\n'}
[16.539518] (px4_msgs) StdoutLine: {'line': b'-- Up-to-date symlink: /home/giromi/Repos/VTOL/ws_sensor_combined_src/install/px4_msgs/share/px4_msgs/msg/Cpuload.idl\n'}
[16.539725] (px4_msgs) StdoutLine: {'line': b'-- Up-to-date symlink: /home/giromi/Repos/VTOL/ws_sensor_combined_src/install/px4_msgs/share/px4_msgs/msg/DatamanRequest.idl\n'}
[16.539935] (px4_msgs) StdoutLine: {'line': b'-- Up-to-date symlink: /home/giromi/Repos/VTOL/ws_sensor_combined_src/install/px4_msgs/share/px4_msgs/msg/DatamanResponse.idl\n'}
[16.540145] (px4_msgs) StdoutLine: {'line': b'-- Up-to-date symlink: /home/giromi/Repos/VTOL/ws_sensor_combined_src/install/px4_msgs/share/px4_msgs/msg/DebugArray.idl\n'}
[16.540342] (px4_msgs) StdoutLine: {'line': b'-- Up-to-date symlink: /home/giromi/Repos/VTOL/ws_sensor_combined_src/install/px4_msgs/share/px4_msgs/msg/DebugKeyValue.idl\n'}
[16.540539] (px4_msgs) StdoutLine: {'line': b'-- Up-to-date symlink: /home/giromi/Repos/VTOL/ws_sensor_combined_src/install/px4_msgs/share/px4_msgs/msg/DebugValue.idl\n'}
[16.540757] (px4_msgs) StdoutLine: {'line': b'-- Up-to-date symlink: /home/giromi/Repos/VTOL/ws_sensor_combined_src/install/px4_msgs/share/px4_msgs/msg/DebugVect.idl\n'}
[16.540990] (px4_msgs) StdoutLine: {'line': b'-- Up-to-date symlink: /home/giromi/Repos/VTOL/ws_sensor_combined_src/install/px4_msgs/share/px4_msgs/msg/DifferentialDriveSetpoint.idl\n'}
[16.541206] (px4_msgs) StdoutLine: {'line': b'-- Up-to-date symlink: /home/giromi/Repos/VTOL/ws_sensor_combined_src/install/px4_msgs/share/px4_msgs/msg/DifferentialPressure.idl\n'}
[16.541414] (px4_msgs) StdoutLine: {'line': b'-- Up-to-date symlink: /home/giromi/Repos/VTOL/ws_sensor_combined_src/install/px4_msgs/share/px4_msgs/msg/DistanceSensor.idl\n'}
[16.541622] (px4_msgs) StdoutLine: {'line': b'-- Up-to-date symlink: /home/giromi/Repos/VTOL/ws_sensor_combined_src/install/px4_msgs/share/px4_msgs/msg/Ekf2Timestamps.idl\n'}
[16.541832] (px4_msgs) StdoutLine: {'line': b'-- Up-to-date symlink: /home/giromi/Repos/VTOL/ws_sensor_combined_src/install/px4_msgs/share/px4_msgs/msg/EscReport.idl\n'}
[16.542042] (px4_msgs) StdoutLine: {'line': b'-- Up-to-date symlink: /home/giromi/Repos/VTOL/ws_sensor_combined_src/install/px4_msgs/share/px4_msgs/msg/EscStatus.idl\n'}
[16.542289] (px4_msgs) StdoutLine: {'line': b'-- Up-to-date symlink: /home/giromi/Repos/VTOL/ws_sensor_combined_src/install/px4_msgs/share/px4_msgs/msg/EstimatorAidSource1d.idl\n'}
[16.542447] (px4_msgs) StdoutLine: {'line': b'-- Up-to-date symlink: /home/giromi/Repos/VTOL/ws_sensor_combined_src/install/px4_msgs/share/px4_msgs/msg/EstimatorAidSource2d.idl\n'}
[16.542631] (px4_msgs) StdoutLine: {'line': b'-- Up-to-date symlink: /home/giromi/Repos/VTOL/ws_sensor_combined_src/install/px4_msgs/share/px4_msgs/msg/EstimatorAidSource3d.idl\n'}
[16.542816] (px4_msgs) StdoutLine: {'line': b'-- Up-to-date symlink: /home/giromi/Repos/VTOL/ws_sensor_combined_src/install/px4_msgs/share/px4_msgs/msg/EstimatorBias.idl\n'}
[16.543002] (px4_msgs) StdoutLine: {'line': b'-- Up-to-date symlink: /home/giromi/Repos/VTOL/ws_sensor_combined_src/install/px4_msgs/share/px4_msgs/msg/EstimatorBias3d.idl\n'}
[16.543189] (px4_msgs) StdoutLine: {'line': b'-- Up-to-date symlink: /home/giromi/Repos/VTOL/ws_sensor_combined_src/install/px4_msgs/share/px4_msgs/msg/EstimatorEventFlags.idl\n'}
[16.543375] (px4_msgs) StdoutLine: {'line': b'-- Up-to-date symlink: /home/giromi/Repos/VTOL/ws_sensor_combined_src/install/px4_msgs/share/px4_msgs/msg/EstimatorGpsStatus.idl\n'}
[16.543560] (px4_msgs) StdoutLine: {'line': b'-- Up-to-date symlink: /home/giromi/Repos/VTOL/ws_sensor_combined_src/install/px4_msgs/share/px4_msgs/msg/EstimatorInnovations.idl\n'}
[16.543746] (px4_msgs) StdoutLine: {'line': b'-- Up-to-date symlink: /home/giromi/Repos/VTOL/ws_sensor_combined_src/install/px4_msgs/share/px4_msgs/msg/EstimatorSelectorStatus.idl\n'}
[16.543931] (px4_msgs) StdoutLine: {'line': b'-- Up-to-date symlink: /home/giromi/Repos/VTOL/ws_sensor_combined_src/install/px4_msgs/share/px4_msgs/msg/EstimatorSensorBias.idl\n'}
[16.544118] (px4_msgs) StdoutLine: {'line': b'-- Up-to-date symlink: /home/giromi/Repos/VTOL/ws_sensor_combined_src/install/px4_msgs/share/px4_msgs/msg/EstimatorStates.idl\n'}
[16.544302] (px4_msgs) StdoutLine: {'line': b'-- Up-to-date symlink: /home/giromi/Repos/VTOL/ws_sensor_combined_src/install/px4_msgs/share/px4_msgs/msg/EstimatorStatus.idl\n'}
[16.544492] (px4_msgs) StdoutLine: {'line': b'-- Up-to-date symlink: /home/giromi/Repos/VTOL/ws_sensor_combined_src/install/px4_msgs/share/px4_msgs/msg/EstimatorStatusFlags.idl\n'}
[16.544678] (px4_msgs) StdoutLine: {'line': b'-- Up-to-date symlink: /home/giromi/Repos/VTOL/ws_sensor_combined_src/install/px4_msgs/share/px4_msgs/msg/Event.idl\n'}
[16.544866] (px4_msgs) StdoutLine: {'line': b'-- Up-to-date symlink: /home/giromi/Repos/VTOL/ws_sensor_combined_src/install/px4_msgs/share/px4_msgs/msg/FailsafeFlags.idl\n'}
[16.545157] (px4_msgs) StdoutLine: {'line': b'-- Up-to-date symlink: /home/giromi/Repos/VTOL/ws_sensor_combined_src/install/px4_msgs/share/px4_msgs/msg/FailureDetectorStatus.idl\n'}
[16.545396] (px4_msgs) StdoutLine: {'line': b'-- Up-to-date symlink: /home/giromi/Repos/VTOL/ws_sensor_combined_src/install/px4_msgs/share/px4_msgs/msg/FigureEightStatus.idl\n'}
[16.545548] (px4_msgs) StdoutLine: {'line': b'-- Up-to-date symlink: /home/giromi/Repos/VTOL/ws_sensor_combined_src/install/px4_msgs/share/px4_msgs/msg/FollowTarget.idl\n'}
[16.545733] (px4_msgs) StdoutLine: {'line': b'-- Up-to-date symlink: /home/giromi/Repos/VTOL/ws_sensor_combined_src/install/px4_msgs/share/px4_msgs/msg/FollowTargetEstimator.idl\n'}
[16.545919] (px4_msgs) StdoutLine: {'line': b'-- Up-to-date symlink: /home/giromi/Repos/VTOL/ws_sensor_combined_src/install/px4_msgs/share/px4_msgs/msg/FollowTargetStatus.idl\n'}
[16.546148] (px4_msgs) StdoutLine: {'line': b'-- Up-to-date symlink: /home/giromi/Repos/VTOL/ws_sensor_combined_src/install/px4_msgs/share/px4_msgs/msg/GeneratorStatus.idl\n'}
[16.546374] (px4_msgs) StdoutLine: {'line': b'-- Up-to-date symlink: /home/giromi/Repos/VTOL/ws_sensor_combined_src/install/px4_msgs/share/px4_msgs/msg/GeofenceResult.idl\n'}
[16.546561] (px4_msgs) StdoutLine: {'line': b'-- Up-to-date symlink: /home/giromi/Repos/VTOL/ws_sensor_combined_src/install/px4_msgs/share/px4_msgs/msg/GimbalControls.idl\n'}
[16.546738] (px4_msgs) StdoutLine: {'line': b'-- Up-to-date symlink: /home/giromi/Repos/VTOL/ws_sensor_combined_src/install/px4_msgs/share/px4_msgs/msg/GimbalDeviceAttitudeStatus.idl\n'}
[16.546921] (px4_msgs) StdoutLine: {'line': b'-- Up-to-date symlink: /home/giromi/Repos/VTOL/ws_sensor_combined_src/install/px4_msgs/share/px4_msgs/msg/GimbalDeviceInformation.idl\n'}
[16.547152] (px4_msgs) StdoutLine: {'line': b'-- Up-to-date symlink: /home/giromi/Repos/VTOL/ws_sensor_combined_src/install/px4_msgs/share/px4_msgs/msg/GimbalDeviceSetAttitude.idl\n'}
[16.547393] (px4_msgs) StdoutLine: {'line': b'-- Up-to-date symlink: /home/giromi/Repos/VTOL/ws_sensor_combined_src/install/px4_msgs/share/px4_msgs/msg/GimbalManagerInformation.idl\n'}
[16.547567] (px4_msgs) StdoutLine: {'line': b'-- Up-to-date symlink: /home/giromi/Repos/VTOL/ws_sensor_combined_src/install/px4_msgs/share/px4_msgs/msg/GimbalManagerSetAttitude.idl\n'}
[16.547746] (px4_msgs) StdoutLine: {'line': b'-- Up-to-date symlink: /home/giromi/Repos/VTOL/ws_sensor_combined_src/install/px4_msgs/share/px4_msgs/msg/GimbalManagerSetManualControl.idl\n'}
[16.547933] (px4_msgs) StdoutLine: {'line': b'-- Up-to-date symlink: /home/giromi/Repos/VTOL/ws_sensor_combined_src/install/px4_msgs/share/px4_msgs/msg/GimbalManagerStatus.idl\n'}
[16.548147] (px4_msgs) StdoutLine: {'line': b'-- Up-to-date symlink: /home/giromi/Repos/VTOL/ws_sensor_combined_src/install/px4_msgs/share/px4_msgs/msg/GotoSetpoint.idl\n'}
[16.548330] (px4_msgs) StdoutLine: {'line': b'-- Up-to-date symlink: /home/giromi/Repos/VTOL/ws_sensor_combined_src/install/px4_msgs/share/px4_msgs/msg/GpioConfig.idl\n'}
[16.548517] (px4_msgs) StdoutLine: {'line': b'-- Up-to-date symlink: /home/giromi/Repos/VTOL/ws_sensor_combined_src/install/px4_msgs/share/px4_msgs/msg/GpioIn.idl\n'}
[16.548687] (px4_msgs) StdoutLine: {'line': b'-- Up-to-date symlink: /home/giromi/Repos/VTOL/ws_sensor_combined_src/install/px4_msgs/share/px4_msgs/msg/GpioOut.idl\n'}
[16.548876] (px4_msgs) StdoutLine: {'line': b'-- Up-to-date symlink: /home/giromi/Repos/VTOL/ws_sensor_combined_src/install/px4_msgs/share/px4_msgs/msg/GpioRequest.idl\n'}
[16.549111] (px4_msgs) StdoutLine: {'line': b'-- Up-to-date symlink: /home/giromi/Repos/VTOL/ws_sensor_combined_src/install/px4_msgs/share/px4_msgs/msg/GpsDump.idl\n'}
[16.549297] (px4_msgs) StdoutLine: {'line': b'-- Up-to-date symlink: /home/giromi/Repos/VTOL/ws_sensor_combined_src/install/px4_msgs/share/px4_msgs/msg/GpsInjectData.idl\n'}
[16.549476] (px4_msgs) StdoutLine: {'line': b'-- Up-to-date symlink: /home/giromi/Repos/VTOL/ws_sensor_combined_src/install/px4_msgs/share/px4_msgs/msg/Gripper.idl\n'}
[16.549653] (px4_msgs) StdoutLine: {'line': b'-- Up-to-date symlink: /home/giromi/Repos/VTOL/ws_sensor_combined_src/install/px4_msgs/share/px4_msgs/msg/HealthReport.idl\n'}
[16.549830] (px4_msgs) StdoutLine: {'line': b'-- Up-to-date symlink: /home/giromi/Repos/VTOL/ws_sensor_combined_src/install/px4_msgs/share/px4_msgs/msg/HeaterStatus.idl\n'}
[16.550011] (px4_msgs) StdoutLine: {'line': b'-- Up-to-date symlink: /home/giromi/Repos/VTOL/ws_sensor_combined_src/install/px4_msgs/share/px4_msgs/msg/HomePosition.idl\n'}
[16.550195] (px4_msgs) StdoutLine: {'line': b'-- Up-to-date symlink: /home/giromi/Repos/VTOL/ws_sensor_combined_src/install/px4_msgs/share/px4_msgs/msg/HoverThrustEstimate.idl\n'}
[16.550379] (px4_msgs) StdoutLine: {'line': b'-- Up-to-date symlink: /home/giromi/Repos/VTOL/ws_sensor_combined_src/install/px4_msgs/share/px4_msgs/msg/InputRc.idl\n'}
[16.550561] (px4_msgs) StdoutLine: {'line': b'-- Up-to-date symlink: /home/giromi/Repos/VTOL/ws_sensor_combined_src/install/px4_msgs/share/px4_msgs/msg/InternalCombustionEngineStatus.idl\n'}
[16.550749] (px4_msgs) StdoutLine: {'line': b'-- Up-to-date symlink: /home/giromi/Repos/VTOL/ws_sensor_combined_src/install/px4_msgs/share/px4_msgs/msg/IridiumsbdStatus.idl\n'}
[16.550929] (px4_msgs) StdoutLine: {'line': b'-- Up-to-date symlink: /home/giromi/Repos/VTOL/ws_sensor_combined_src/install/px4_msgs/share/px4_msgs/msg/IrlockReport.idl\n'}
[16.551107] (px4_msgs) StdoutLine: {'line': b'-- Up-to-date symlink: /home/giromi/Repos/VTOL/ws_sensor_combined_src/install/px4_msgs/share/px4_msgs/msg/LandingGear.idl\n'}
[16.551289] (px4_msgs) StdoutLine: {'line': b'-- Up-to-date symlink: /home/giromi/Repos/VTOL/ws_sensor_combined_src/install/px4_msgs/share/px4_msgs/msg/LandingGearWheel.idl\n'}
[16.551464] (px4_msgs) StdoutLine: {'line': b'-- Up-to-date symlink: /home/giromi/Repos/VTOL/ws_sensor_combined_src/install/px4_msgs/share/px4_msgs/msg/LandingTargetInnovations.idl\n'}
[16.551651] (px4_msgs) StdoutLine: {'line': b'-- Up-to-date symlink: /home/giromi/Repos/VTOL/ws_sensor_combined_src/install/px4_msgs/share/px4_msgs/msg/LandingTargetPose.idl\n'}
[16.551840] (px4_msgs) StdoutLine: {'line': b'-- Up-to-date symlink: /home/giromi/Repos/VTOL/ws_sensor_combined_src/install/px4_msgs/share/px4_msgs/msg/LaunchDetectionStatus.idl\n'}
[16.552010] (px4_msgs) StdoutLine: {'line': b'-- Up-to-date symlink: /home/giromi/Repos/VTOL/ws_sensor_combined_src/install/px4_msgs/share/px4_msgs/msg/LedControl.idl\n'}
[16.552187] (px4_msgs) StdoutLine: {'line': b'-- Up-to-date symlink: /home/giromi/Repos/VTOL/ws_sensor_combined_src/install/px4_msgs/share/px4_msgs/msg/LogMessage.idl\n'}
[16.552361] (px4_msgs) StdoutLine: {'line': b'-- Up-to-date symlink: /home/giromi/Repos/VTOL/ws_sensor_combined_src/install/px4_msgs/share/px4_msgs/msg/LoggerStatus.idl\n'}
[16.552538] (px4_msgs) StdoutLine: {'line': b'-- Up-to-date symlink: /home/giromi/Repos/VTOL/ws_sensor_combined_src/install/px4_msgs/share/px4_msgs/msg/MagWorkerData.idl\n'}
[16.552719] (px4_msgs) StdoutLine: {'line': b'-- Up-to-date symlink: /home/giromi/Repos/VTOL/ws_sensor_combined_src/install/px4_msgs/share/px4_msgs/msg/MagnetometerBiasEstimate.idl\n'}
[16.552893] (px4_msgs) StdoutLine: {'line': b'-- Up-to-date symlink: /home/giromi/Repos/VTOL/ws_sensor_combined_src/install/px4_msgs/share/px4_msgs/msg/ManualControlSetpoint.idl\n'}
[16.553123] (px4_msgs) StdoutLine: {'line': b'-- Up-to-date symlink: /home/giromi/Repos/VTOL/ws_sensor_combined_src/install/px4_msgs/share/px4_msgs/msg/ManualControlSwitches.idl\n'}
[16.553300] (px4_msgs) StdoutLine: {'line': b'-- Up-to-date symlink: /home/giromi/Repos/VTOL/ws_sensor_combined_src/install/px4_msgs/share/px4_msgs/msg/MavlinkLog.idl\n'}
[16.553478] (px4_msgs) StdoutLine: {'line': b'-- Up-to-date symlink: /home/giromi/Repos/VTOL/ws_sensor_combined_src/install/px4_msgs/share/px4_msgs/msg/MavlinkTunnel.idl\n'}
[16.553657] (px4_msgs) StdoutLine: {'line': b'-- Up-to-date symlink: /home/giromi/Repos/VTOL/ws_sensor_combined_src/install/px4_msgs/share/px4_msgs/msg/MessageFormatRequest.idl\n'}
[16.553833] (px4_msgs) StdoutLine: {'line': b'-- Up-to-date symlink: /home/giromi/Repos/VTOL/ws_sensor_combined_src/install/px4_msgs/share/px4_msgs/msg/MessageFormatResponse.idl\n'}
[16.554006] (px4_msgs) StdoutLine: {'line': b'-- Up-to-date symlink: /home/giromi/Repos/VTOL/ws_sensor_combined_src/install/px4_msgs/share/px4_msgs/msg/Mission.idl\n'}
[16.554183] (px4_msgs) StdoutLine: {'line': b'-- Up-to-date symlink: /home/giromi/Repos/VTOL/ws_sensor_combined_src/install/px4_msgs/share/px4_msgs/msg/MissionResult.idl\n'}
[16.554360] (px4_msgs) StdoutLine: {'line': b'-- Up-to-date symlink: /home/giromi/Repos/VTOL/ws_sensor_combined_src/install/px4_msgs/share/px4_msgs/msg/ModeCompleted.idl\n'}
[16.554534] (px4_msgs) StdoutLine: {'line': b'-- Up-to-date symlink: /home/giromi/Repos/VTOL/ws_sensor_combined_src/install/px4_msgs/share/px4_msgs/msg/MountOrientation.idl\n'}
[16.554709] (px4_msgs) StdoutLine: {'line': b'-- Up-to-date symlink: /home/giromi/Repos/VTOL/ws_sensor_combined_src/install/px4_msgs/share/px4_msgs/msg/NavigatorMissionItem.idl\n'}
[16.554900] (px4_msgs) StdoutLine: {'line': b'-- Up-to-date symlink: /home/giromi/Repos/VTOL/ws_sensor_combined_src/install/px4_msgs/share/px4_msgs/msg/NormalizedUnsignedSetpoint.idl\n'}
[16.555069] (px4_msgs) StdoutLine: {'line': b'-- Up-to-date symlink: /home/giromi/Repos/VTOL/ws_sensor_combined_src/install/px4_msgs/share/px4_msgs/msg/NpfgStatus.idl\n'}
[16.555253] (px4_msgs) StdoutLine: {'line': b'-- Up-to-date symlink: /home/giromi/Repos/VTOL/ws_sensor_combined_src/install/px4_msgs/share/px4_msgs/msg/ObstacleDistance.idl\n'}
[16.555430] (px4_msgs) StdoutLine: {'line': b'-- Up-to-date symlink: /home/giromi/Repos/VTOL/ws_sensor_combined_src/install/px4_msgs/share/px4_msgs/msg/OffboardControlMode.idl\n'}
[16.555605] (px4_msgs) StdoutLine: {'line': b'-- Up-to-date symlink: /home/giromi/Repos/VTOL/ws_sensor_combined_src/install/px4_msgs/share/px4_msgs/msg/OnboardComputerStatus.idl\n'}
[16.555781] (px4_msgs) StdoutLine: {'line': b'-- Up-to-date symlink: /home/giromi/Repos/VTOL/ws_sensor_combined_src/install/px4_msgs/share/px4_msgs/msg/OrbTest.idl\n'}
[16.555955] (px4_msgs) StdoutLine: {'line': b'-- Up-to-date symlink: /home/giromi/Repos/VTOL/ws_sensor_combined_src/install/px4_msgs/share/px4_msgs/msg/OrbTestLarge.idl\n'}
[16.556130] (px4_msgs) StdoutLine: {'line': b'-- Up-to-date symlink: /home/giromi/Repos/VTOL/ws_sensor_combined_src/install/px4_msgs/share/px4_msgs/msg/OrbTestMedium.idl\n'}
[16.556305] (px4_msgs) StdoutLine: {'line': b'-- Up-to-date symlink: /home/giromi/Repos/VTOL/ws_sensor_combined_src/install/px4_msgs/share/px4_msgs/msg/OrbitStatus.idl\n'}
[16.556483] (px4_msgs) StdoutLine: {'line': b'-- Up-to-date symlink: /home/giromi/Repos/VTOL/ws_sensor_combined_src/install/px4_msgs/share/px4_msgs/msg/ParameterUpdate.idl\n'}
[16.556659] (px4_msgs) StdoutLine: {'line': b'-- Up-to-date symlink: /home/giromi/Repos/VTOL/ws_sensor_combined_src/install/px4_msgs/share/px4_msgs/msg/Ping.idl\n'}
[16.556755] (-) TimerEvent: {}
[16.556929] (px4_msgs) StdoutLine: {'line': b'-- Up-to-date symlink: /home/giromi/Repos/VTOL/ws_sensor_combined_src/install/px4_msgs/share/px4_msgs/msg/PositionControllerLandingStatus.idl\n'}
[16.557138] (px4_msgs) StdoutLine: {'line': b'-- Up-to-date symlink: /home/giromi/Repos/VTOL/ws_sensor_combined_src/install/px4_msgs/share/px4_msgs/msg/PositionControllerStatus.idl\n'}
[16.557346] (px4_msgs) StdoutLine: {'line': b'-- Up-to-date symlink: /home/giromi/Repos/VTOL/ws_sensor_combined_src/install/px4_msgs/share/px4_msgs/msg/PositionSetpoint.idl\n'}
[16.557581] (px4_msgs) StdoutLine: {'line': b'-- Up-to-date symlink: /home/giromi/Repos/VTOL/ws_sensor_combined_src/install/px4_msgs/share/px4_msgs/msg/PositionSetpointTriplet.idl\n'}
[16.557795] (px4_msgs) StdoutLine: {'line': b'-- Up-to-date symlink: /home/giromi/Repos/VTOL/ws_sensor_combined_src/install/px4_msgs/share/px4_msgs/msg/PowerButtonState.idl\n'}
[16.557989] (px4_msgs) StdoutLine: {'line': b'-- Up-to-date symlink: /home/giromi/Repos/VTOL/ws_sensor_combined_src/install/px4_msgs/share/px4_msgs/msg/PowerMonitor.idl\n'}
[16.558196] (px4_msgs) StdoutLine: {'line': b'-- Up-to-date symlink: /home/giromi/Repos/VTOL/ws_sensor_combined_src/install/px4_msgs/share/px4_msgs/msg/PpsCapture.idl\n'}
[16.558408] (px4_msgs) StdoutLine: {'line': b'-- Up-to-date symlink: /home/giromi/Repos/VTOL/ws_sensor_combined_src/install/px4_msgs/share/px4_msgs/msg/PwmInput.idl\n'}
[16.558648] (px4_msgs) StdoutLine: {'line': b'-- Up-to-date symlink: /home/giromi/Repos/VTOL/ws_sensor_combined_src/install/px4_msgs/share/px4_msgs/msg/Px4ioStatus.idl\n'}
[16.558843] (px4_msgs) StdoutLine: {'line': b'-- Up-to-date symlink: /home/giromi/Repos/VTOL/ws_sensor_combined_src/install/px4_msgs/share/px4_msgs/msg/QshellReq.idl\n'}
[16.559044] (px4_msgs) StdoutLine: {'line': b'-- Up-to-date symlink: /home/giromi/Repos/VTOL/ws_sensor_combined_src/install/px4_msgs/share/px4_msgs/msg/QshellRetval.idl\n'}
[16.559278] (px4_msgs) StdoutLine: {'line': b'-- Up-to-date symlink: /home/giromi/Repos/VTOL/ws_sensor_combined_src/install/px4_msgs/share/px4_msgs/msg/RadioStatus.idl\n'}
[16.559493] (px4_msgs) StdoutLine: {'line': b'-- Up-to-date symlink: /home/giromi/Repos/VTOL/ws_sensor_combined_src/install/px4_msgs/share/px4_msgs/msg/RateCtrlStatus.idl\n'}
[16.559700] (px4_msgs) StdoutLine: {'line': b'-- Up-to-date symlink: /home/giromi/Repos/VTOL/ws_sensor_combined_src/install/px4_msgs/share/px4_msgs/msg/RcChannels.idl\n'}
[16.559897] (px4_msgs) StdoutLine: {'line': b'-- Up-to-date symlink: /home/giromi/Repos/VTOL/ws_sensor_combined_src/install/px4_msgs/share/px4_msgs/msg/RcParameterMap.idl\n'}
[16.560099] (px4_msgs) StdoutLine: {'line': b'-- Up-to-date symlink: /home/giromi/Repos/VTOL/ws_sensor_combined_src/install/px4_msgs/share/px4_msgs/msg/RegisterExtComponentReply.idl\n'}
[16.560305] (px4_msgs) StdoutLine: {'line': b'-- Up-to-date symlink: /home/giromi/Repos/VTOL/ws_sensor_combined_src/install/px4_msgs/share/px4_msgs/msg/RegisterExtComponentRequest.idl\n'}
[16.560508] (px4_msgs) StdoutLine: {'line': b'-- Up-to-date symlink: /home/giromi/Repos/VTOL/ws_sensor_combined_src/install/px4_msgs/share/px4_msgs/msg/Rpm.idl\n'}
[16.560711] (px4_msgs) StdoutLine: {'line': b'-- Up-to-date symlink: /home/giromi/Repos/VTOL/ws_sensor_combined_src/install/px4_msgs/share/px4_msgs/msg/RtlTimeEstimate.idl\n'}
[16.560898] (px4_msgs) StdoutLine: {'line': b'-- Up-to-date symlink: /home/giromi/Repos/VTOL/ws_sensor_combined_src/install/px4_msgs/share/px4_msgs/msg/SatelliteInfo.idl\n'}
[16.561162] (px4_msgs) StdoutLine: {'line': b'-- Up-to-date symlink: /home/giromi/Repos/VTOL/ws_sensor_combined_src/install/px4_msgs/share/px4_msgs/msg/SensorAccel.idl\n'}
[16.561366] (px4_msgs) StdoutLine: {'line': b'-- Up-to-date symlink: /home/giromi/Repos/VTOL/ws_sensor_combined_src/install/px4_msgs/share/px4_msgs/msg/SensorAccelFifo.idl\n'}
[16.561566] (px4_msgs) StdoutLine: {'line': b'-- Up-to-date symlink: /home/giromi/Repos/VTOL/ws_sensor_combined_src/install/px4_msgs/share/px4_msgs/msg/SensorAirflow.idl\n'}
[16.561755] (px4_msgs) StdoutLine: {'line': b'-- Up-to-date symlink: /home/giromi/Repos/VTOL/ws_sensor_combined_src/install/px4_msgs/share/px4_msgs/msg/SensorBaro.idl\n'}
[16.561971] (px4_msgs) StdoutLine: {'line': b'-- Up-to-date symlink: /home/giromi/Repos/VTOL/ws_sensor_combined_src/install/px4_msgs/share/px4_msgs/msg/SensorCombined.idl\n'}
[16.562175] (px4_msgs) StdoutLine: {'line': b'-- Up-to-date symlink: /home/giromi/Repos/VTOL/ws_sensor_combined_src/install/px4_msgs/share/px4_msgs/msg/SensorCorrection.idl\n'}
[16.562379] (px4_msgs) StdoutLine: {'line': b'-- Up-to-date symlink: /home/giromi/Repos/VTOL/ws_sensor_combined_src/install/px4_msgs/share/px4_msgs/msg/SensorGnssRelative.idl\n'}
[16.562582] (px4_msgs) StdoutLine: {'line': b'-- Up-to-date symlink: /home/giromi/Repos/VTOL/ws_sensor_combined_src/install/px4_msgs/share/px4_msgs/msg/SensorGps.idl\n'}
[16.562783] (px4_msgs) StdoutLine: {'line': b'-- Up-to-date symlink: /home/giromi/Repos/VTOL/ws_sensor_combined_src/install/px4_msgs/share/px4_msgs/msg/SensorGyro.idl\n'}
[16.562985] (px4_msgs) StdoutLine: {'line': b'-- Up-to-date symlink: /home/giromi/Repos/VTOL/ws_sensor_combined_src/install/px4_msgs/share/px4_msgs/msg/SensorGyroFft.idl\n'}
[16.563221] (px4_msgs) StdoutLine: {'line': b'-- Up-to-date symlink: /home/giromi/Repos/VTOL/ws_sensor_combined_src/install/px4_msgs/share/px4_msgs/msg/SensorGyroFifo.idl\n'}
[16.563426] (px4_msgs) StdoutLine: {'line': b'-- Up-to-date symlink: /home/giromi/Repos/VTOL/ws_sensor_combined_src/install/px4_msgs/share/px4_msgs/msg/SensorHygrometer.idl\n'}
[16.563629] (px4_msgs) StdoutLine: {'line': b'-- Up-to-date symlink: /home/giromi/Repos/VTOL/ws_sensor_combined_src/install/px4_msgs/share/px4_msgs/msg/SensorMag.idl\n'}
[16.563831] (px4_msgs) StdoutLine: {'line': b'-- Up-to-date symlink: /home/giromi/Repos/VTOL/ws_sensor_combined_src/install/px4_msgs/share/px4_msgs/msg/SensorOpticalFlow.idl\n'}
[16.564033] (px4_msgs) StdoutLine: {'line': b'-- Up-to-date symlink: /home/giromi/Repos/VTOL/ws_sensor_combined_src/install/px4_msgs/share/px4_msgs/msg/SensorPreflightMag.idl\n'}
[16.564238] (px4_msgs) StdoutLine: {'line': b'-- Up-to-date symlink: /home/giromi/Repos/VTOL/ws_sensor_combined_src/install/px4_msgs/share/px4_msgs/msg/SensorSelection.idl\n'}
[16.564439] (px4_msgs) StdoutLine: {'line': b'-- Up-to-date symlink: /home/giromi/Repos/VTOL/ws_sensor_combined_src/install/px4_msgs/share/px4_msgs/msg/SensorUwb.idl\n'}
[16.564642] (px4_msgs) StdoutLine: {'line': b'-- Up-to-date symlink: /home/giromi/Repos/VTOL/ws_sensor_combined_src/install/px4_msgs/share/px4_msgs/msg/SensorsStatus.idl\n'}
[16.564834] (px4_msgs) StdoutLine: {'line': b'-- Up-to-date symlink: /home/giromi/Repos/VTOL/ws_sensor_combined_src/install/px4_msgs/share/px4_msgs/msg/SensorsStatusImu.idl\n'}
[16.565041] (px4_msgs) StdoutLine: {'line': b'-- Up-to-date symlink: /home/giromi/Repos/VTOL/ws_sensor_combined_src/install/px4_msgs/share/px4_msgs/msg/SystemPower.idl\n'}
[16.565241] (px4_msgs) StdoutLine: {'line': b'-- Up-to-date symlink: /home/giromi/Repos/VTOL/ws_sensor_combined_src/install/px4_msgs/share/px4_msgs/msg/TakeoffStatus.idl\n'}
[16.565422] (px4_msgs) StdoutLine: {'line': b'-- Up-to-date symlink: /home/giromi/Repos/VTOL/ws_sensor_combined_src/install/px4_msgs/share/px4_msgs/msg/TaskStackInfo.idl\n'}
[16.565602] (px4_msgs) StdoutLine: {'line': b'-- Up-to-date symlink: /home/giromi/Repos/VTOL/ws_sensor_combined_src/install/px4_msgs/share/px4_msgs/msg/TecsStatus.idl\n'}
[16.565790] (px4_msgs) StdoutLine: {'line': b'-- Up-to-date symlink: /home/giromi/Repos/VTOL/ws_sensor_combined_src/install/px4_msgs/share/px4_msgs/msg/TelemetryStatus.idl\n'}
[16.565972] (px4_msgs) StdoutLine: {'line': b'-- Up-to-date symlink: /home/giromi/Repos/VTOL/ws_sensor_combined_src/install/px4_msgs/share/px4_msgs/msg/TiltrotorExtraControls.idl\n'}
[16.566154] (px4_msgs) StdoutLine: {'line': b'-- Up-to-date symlink: /home/giromi/Repos/VTOL/ws_sensor_combined_src/install/px4_msgs/share/px4_msgs/msg/TimesyncStatus.idl\n'}
[16.566336] (px4_msgs) StdoutLine: {'line': b'-- Up-to-date symlink: /home/giromi/Repos/VTOL/ws_sensor_combined_src/install/px4_msgs/share/px4_msgs/msg/TrajectoryBezier.idl\n'}
[16.566516] (px4_msgs) StdoutLine: {'line': b'-- Up-to-date symlink: /home/giromi/Repos/VTOL/ws_sensor_combined_src/install/px4_msgs/share/px4_msgs/msg/TrajectorySetpoint.idl\n'}
[16.566693] (px4_msgs) StdoutLine: {'line': b'-- Up-to-date symlink: /home/giromi/Repos/VTOL/ws_sensor_combined_src/install/px4_msgs/share/px4_msgs/msg/TrajectoryWaypoint.idl\n'}
[16.566874] (px4_msgs) StdoutLine: {'line': b'-- Up-to-date symlink: /home/giromi/Repos/VTOL/ws_sensor_combined_src/install/px4_msgs/share/px4_msgs/msg/TransponderReport.idl\n'}
[16.567053] (px4_msgs) StdoutLine: {'line': b'-- Up-to-date symlink: /home/giromi/Repos/VTOL/ws_sensor_combined_src/install/px4_msgs/share/px4_msgs/msg/TuneControl.idl\n'}
[16.567237] (px4_msgs) StdoutLine: {'line': b'-- Up-to-date symlink: /home/giromi/Repos/VTOL/ws_sensor_combined_src/install/px4_msgs/share/px4_msgs/msg/UavcanParameterRequest.idl\n'}
[16.567417] (px4_msgs) StdoutLine: {'line': b'-- Up-to-date symlink: /home/giromi/Repos/VTOL/ws_sensor_combined_src/install/px4_msgs/share/px4_msgs/msg/UavcanParameterValue.idl\n'}
[16.567597] (px4_msgs) StdoutLine: {'line': b'-- Up-to-date symlink: /home/giromi/Repos/VTOL/ws_sensor_combined_src/install/px4_msgs/share/px4_msgs/msg/UlogStream.idl\n'}
[16.567779] (px4_msgs) StdoutLine: {'line': b'-- Up-to-date symlink: /home/giromi/Repos/VTOL/ws_sensor_combined_src/install/px4_msgs/share/px4_msgs/msg/UlogStreamAck.idl\n'}
[16.567957] (px4_msgs) StdoutLine: {'line': b'-- Up-to-date symlink: /home/giromi/Repos/VTOL/ws_sensor_combined_src/install/px4_msgs/share/px4_msgs/msg/UnregisterExtComponent.idl\n'}
[16.568140] (px4_msgs) StdoutLine: {'line': b'-- Up-to-date symlink: /home/giromi/Repos/VTOL/ws_sensor_combined_src/install/px4_msgs/share/px4_msgs/msg/VehicleAcceleration.idl\n'}
[16.568317] (px4_msgs) StdoutLine: {'line': b'-- Up-to-date symlink: /home/giromi/Repos/VTOL/ws_sensor_combined_src/install/px4_msgs/share/px4_msgs/msg/VehicleAirData.idl\n'}
[16.568501] (px4_msgs) StdoutLine: {'line': b'-- Up-to-date symlink: /home/giromi/Repos/VTOL/ws_sensor_combined_src/install/px4_msgs/share/px4_msgs/msg/VehicleAngularAccelerationSetpoint.idl\n'}
[16.568684] (px4_msgs) StdoutLine: {'line': b'-- Up-to-date symlink: /home/giromi/Repos/VTOL/ws_sensor_combined_src/install/px4_msgs/share/px4_msgs/msg/VehicleAngularVelocity.idl\n'}
[16.568867] (px4_msgs) StdoutLine: {'line': b'-- Up-to-date symlink: /home/giromi/Repos/VTOL/ws_sensor_combined_src/install/px4_msgs/share/px4_msgs/msg/VehicleAttitude.idl\n'}
[16.569101] (px4_msgs) StdoutLine: {'line': b'-- Up-to-date symlink: /home/giromi/Repos/VTOL/ws_sensor_combined_src/install/px4_msgs/share/px4_msgs/msg/VehicleAttitudeSetpoint.idl\n'}
[16.569284] (px4_msgs) StdoutLine: {'line': b'-- Up-to-date symlink: /home/giromi/Repos/VTOL/ws_sensor_combined_src/install/px4_msgs/share/px4_msgs/msg/VehicleCommand.idl\n'}
[16.569464] (px4_msgs) StdoutLine: {'line': b'-- Up-to-date symlink: /home/giromi/Repos/VTOL/ws_sensor_combined_src/install/px4_msgs/share/px4_msgs/msg/VehicleCommandAck.idl\n'}
[16.569646] (px4_msgs) StdoutLine: {'line': b'-- Up-to-date symlink: /home/giromi/Repos/VTOL/ws_sensor_combined_src/install/px4_msgs/share/px4_msgs/msg/VehicleConstraints.idl\n'}
[16.569827] (px4_msgs) StdoutLine: {'line': b'-- Up-to-date symlink: /home/giromi/Repos/VTOL/ws_sensor_combined_src/install/px4_msgs/share/px4_msgs/msg/VehicleControlMode.idl\n'}
[16.570008] (px4_msgs) StdoutLine: {'line': b'-- Up-to-date symlink: /home/giromi/Repos/VTOL/ws_sensor_combined_src/install/px4_msgs/share/px4_msgs/msg/VehicleGlobalPosition.idl\n'}
[16.570188] (px4_msgs) StdoutLine: {'line': b'-- Up-to-date symlink: /home/giromi/Repos/VTOL/ws_sensor_combined_src/install/px4_msgs/share/px4_msgs/msg/VehicleImu.idl\n'}
[16.570368] (px4_msgs) StdoutLine: {'line': b'-- Up-to-date symlink: /home/giromi/Repos/VTOL/ws_sensor_combined_src/install/px4_msgs/share/px4_msgs/msg/VehicleImuStatus.idl\n'}
[16.570557] (px4_msgs) StdoutLine: {'line': b'-- Up-to-date symlink: /home/giromi/Repos/VTOL/ws_sensor_combined_src/install/px4_msgs/share/px4_msgs/msg/VehicleLandDetected.idl\n'}
[16.570738] (px4_msgs) StdoutLine: {'line': b'-- Up-to-date symlink: /home/giromi/Repos/VTOL/ws_sensor_combined_src/install/px4_msgs/share/px4_msgs/msg/VehicleLocalPosition.idl\n'}
[16.570926] (px4_msgs) StdoutLine: {'line': b'-- Up-to-date symlink: /home/giromi/Repos/VTOL/ws_sensor_combined_src/install/px4_msgs/share/px4_msgs/msg/VehicleLocalPositionSetpoint.idl\n'}
[16.571108] (px4_msgs) StdoutLine: {'line': b'-- Up-to-date symlink: /home/giromi/Repos/VTOL/ws_sensor_combined_src/install/px4_msgs/share/px4_msgs/msg/VehicleMagnetometer.idl\n'}
[16.571300] (px4_msgs) StdoutLine: {'line': b'-- Up-to-date symlink: /home/giromi/Repos/VTOL/ws_sensor_combined_src/install/px4_msgs/share/px4_msgs/msg/VehicleOdometry.idl\n'}
[16.571478] (px4_msgs) StdoutLine: {'line': b'-- Up-to-date symlink: /home/giromi/Repos/VTOL/ws_sensor_combined_src/install/px4_msgs/share/px4_msgs/msg/VehicleOpticalFlow.idl\n'}
[16.571660] (px4_msgs) StdoutLine: {'line': b'-- Up-to-date symlink: /home/giromi/Repos/VTOL/ws_sensor_combined_src/install/px4_msgs/share/px4_msgs/msg/VehicleOpticalFlowVel.idl\n'}
[16.571839] (px4_msgs) StdoutLine: {'line': b'-- Up-to-date symlink: /home/giromi/Repos/VTOL/ws_sensor_combined_src/install/px4_msgs/share/px4_msgs/msg/VehicleRatesSetpoint.idl\n'}
[16.572012] (px4_msgs) StdoutLine: {'line': b'-- Up-to-date symlink: /home/giromi/Repos/VTOL/ws_sensor_combined_src/install/px4_msgs/share/px4_msgs/msg/VehicleRoi.idl\n'}
[16.572200] (px4_msgs) StdoutLine: {'line': b'-- Up-to-date symlink: /home/giromi/Repos/VTOL/ws_sensor_combined_src/install/px4_msgs/share/px4_msgs/msg/VehicleStatus.idl\n'}
[16.572379] (px4_msgs) StdoutLine: {'line': b'-- Up-to-date symlink: /home/giromi/Repos/VTOL/ws_sensor_combined_src/install/px4_msgs/share/px4_msgs/msg/VehicleThrustSetpoint.idl\n'}
[16.572561] (px4_msgs) StdoutLine: {'line': b'-- Up-to-date symlink: /home/giromi/Repos/VTOL/ws_sensor_combined_src/install/px4_msgs/share/px4_msgs/msg/VehicleTorqueSetpoint.idl\n'}
[16.572741] (px4_msgs) StdoutLine: {'line': b'-- Up-to-date symlink: /home/giromi/Repos/VTOL/ws_sensor_combined_src/install/px4_msgs/share/px4_msgs/msg/VehicleTrajectoryBezier.idl\n'}
[16.572915] (px4_msgs) StdoutLine: {'line': b'-- Up-to-date symlink: /home/giromi/Repos/VTOL/ws_sensor_combined_src/install/px4_msgs/share/px4_msgs/msg/VehicleTrajectoryWaypoint.idl\n'}
[16.573155] (px4_msgs) StdoutLine: {'line': b'-- Up-to-date symlink: /home/giromi/Repos/VTOL/ws_sensor_combined_src/install/px4_msgs/share/px4_msgs/msg/VelocityLimits.idl\n'}
[16.573338] (px4_msgs) StdoutLine: {'line': b'-- Up-to-date symlink: /home/giromi/Repos/VTOL/ws_sensor_combined_src/install/px4_msgs/share/px4_msgs/msg/VtolVehicleStatus.idl\n'}
[16.573513] (px4_msgs) StdoutLine: {'line': b'-- Up-to-date symlink: /home/giromi/Repos/VTOL/ws_sensor_combined_src/install/px4_msgs/share/px4_msgs/msg/WheelEncoders.idl\n'}
[16.573704] (px4_msgs) StdoutLine: {'line': b'-- Up-to-date symlink: /home/giromi/Repos/VTOL/ws_sensor_combined_src/install/px4_msgs/share/px4_msgs/msg/Wind.idl\n'}
[16.573928] (px4_msgs) StdoutLine: {'line': b'-- Up-to-date symlink: /home/giromi/Repos/VTOL/ws_sensor_combined_src/install/px4_msgs/share/px4_msgs/msg/YawEstimatorStatus.idl\n'}
[16.574453] (px4_msgs) StdoutLine: {'line': b'-- Up-to-date symlink: /home/giromi/Repos/VTOL/ws_sensor_combined_src/install/px4_msgs/share/px4_msgs/srv/VehicleCommand.idl\n'}
[16.574788] (px4_msgs) StdoutLine: {'line': b'-- Up-to-date symlink: /home/giromi/Repos/VTOL/ws_sensor_combined_src/install/px4_msgs/share/px4_msgs/msg/ActionRequest.msg\n'}
[16.575079] (px4_msgs) StdoutLine: {'line': b'-- Up-to-date symlink: /home/giromi/Repos/VTOL/ws_sensor_combined_src/install/px4_msgs/share/px4_msgs/msg/ActuatorArmed.msg\n'}
[16.575318] (px4_msgs) StdoutLine: {'line': b'-- Up-to-date symlink: /home/giromi/Repos/VTOL/ws_sensor_combined_src/install/px4_msgs/share/px4_msgs/msg/ActuatorControlsStatus.msg\n'}
[16.575593] (px4_msgs) StdoutLine: {'line': b'-- Up-to-date symlink: /home/giromi/Repos/VTOL/ws_sensor_combined_src/install/px4_msgs/share/px4_msgs/msg/ActuatorMotors.msg\n'}
[16.575852] (px4_msgs) StdoutLine: {'line': b'-- Up-to-date symlink: /home/giromi/Repos/VTOL/ws_sensor_combined_src/install/px4_msgs/share/px4_msgs/msg/ActuatorOutputs.msg\n'}
[16.576056] (px4_msgs) StdoutLine: {'line': b'-- Up-to-date symlink: /home/giromi/Repos/VTOL/ws_sensor_combined_src/install/px4_msgs/share/px4_msgs/msg/ActuatorServos.msg\n'}
[16.576283] (px4_msgs) StdoutLine: {'line': b'-- Up-to-date symlink: /home/giromi/Repos/VTOL/ws_sensor_combined_src/install/px4_msgs/share/px4_msgs/msg/ActuatorServosTrim.msg\n'}
[16.576502] (px4_msgs) StdoutLine: {'line': b'-- Up-to-date symlink: /home/giromi/Repos/VTOL/ws_sensor_combined_src/install/px4_msgs/share/px4_msgs/msg/ActuatorTest.msg\n'}
[16.576724] (px4_msgs) StdoutLine: {'line': b'-- Up-to-date symlink: /home/giromi/Repos/VTOL/ws_sensor_combined_src/install/px4_msgs/share/px4_msgs/msg/AdcReport.msg\n'}
[16.576903] (px4_msgs) StdoutLine: {'line': b'-- Up-to-date symlink: /home/giromi/Repos/VTOL/ws_sensor_combined_src/install/px4_msgs/share/px4_msgs/msg/Airspeed.msg\n'}
[16.577283] (px4_msgs) StdoutLine: {'line': b'-- Up-to-date symlink: /home/giromi/Repos/VTOL/ws_sensor_combined_src/install/px4_msgs/share/px4_msgs/msg/AirspeedValidated.msg\n'}
[16.577535] (px4_msgs) StdoutLine: {'line': b'-- Up-to-date symlink: /home/giromi/Repos/VTOL/ws_sensor_combined_src/install/px4_msgs/share/px4_msgs/msg/AirspeedWind.msg\n'}
[16.577741] (px4_msgs) StdoutLine: {'line': b'-- Up-to-date symlink: /home/giromi/Repos/VTOL/ws_sensor_combined_src/install/px4_msgs/share/px4_msgs/msg/ArmingCheckReply.msg\n'}
[16.577998] (px4_msgs) StdoutLine: {'line': b'-- Up-to-date symlink: /home/giromi/Repos/VTOL/ws_sensor_combined_src/install/px4_msgs/share/px4_msgs/msg/ArmingCheckRequest.msg\n'}
[16.578220] (px4_msgs) StdoutLine: {'line': b'-- Up-to-date symlink: /home/giromi/Repos/VTOL/ws_sensor_combined_src/install/px4_msgs/share/px4_msgs/msg/AutotuneAttitudeControlStatus.msg\n'}
[16.578410] (px4_msgs) StdoutLine: {'line': b'-- Up-to-date symlink: /home/giromi/Repos/VTOL/ws_sensor_combined_src/install/px4_msgs/share/px4_msgs/msg/BatteryStatus.msg\n'}
[16.578652] (px4_msgs) StdoutLine: {'line': b'-- Up-to-date symlink: /home/giromi/Repos/VTOL/ws_sensor_combined_src/install/px4_msgs/share/px4_msgs/msg/Buffer128.msg\n'}
[16.578876] (px4_msgs) StdoutLine: {'line': b'-- Up-to-date symlink: /home/giromi/Repos/VTOL/ws_sensor_combined_src/install/px4_msgs/share/px4_msgs/msg/ButtonEvent.msg\n'}
[16.579075] (px4_msgs) StdoutLine: {'line': b'-- Up-to-date symlink: /home/giromi/Repos/VTOL/ws_sensor_combined_src/install/px4_msgs/share/px4_msgs/msg/CameraCapture.msg\n'}
[16.579295] (px4_msgs) StdoutLine: {'line': b'-- Up-to-date symlink: /home/giromi/Repos/VTOL/ws_sensor_combined_src/install/px4_msgs/share/px4_msgs/msg/CameraStatus.msg\n'}
[16.579482] (px4_msgs) StdoutLine: {'line': b'-- Up-to-date symlink: /home/giromi/Repos/VTOL/ws_sensor_combined_src/install/px4_msgs/share/px4_msgs/msg/CameraTrigger.msg\n'}
[16.579689] (px4_msgs) StdoutLine: {'line': b'-- Up-to-date symlink: /home/giromi/Repos/VTOL/ws_sensor_combined_src/install/px4_msgs/share/px4_msgs/msg/CellularStatus.msg\n'}
[16.579891] (px4_msgs) StdoutLine: {'line': b'-- Up-to-date symlink: /home/giromi/Repos/VTOL/ws_sensor_combined_src/install/px4_msgs/share/px4_msgs/msg/CollisionConstraints.msg\n'}
[16.580095] (px4_msgs) StdoutLine: {'line': b'-- Up-to-date symlink: /home/giromi/Repos/VTOL/ws_sensor_combined_src/install/px4_msgs/share/px4_msgs/msg/CollisionReport.msg\n'}
[16.580356] (px4_msgs) StdoutLine: {'line': b'-- Up-to-date symlink: /home/giromi/Repos/VTOL/ws_sensor_combined_src/install/px4_msgs/share/px4_msgs/msg/ConfigOverrides.msg\n'}
[16.580576] (px4_msgs) StdoutLine: {'line': b'-- Up-to-date symlink: /home/giromi/Repos/VTOL/ws_sensor_combined_src/install/px4_msgs/share/px4_msgs/msg/ControlAllocatorStatus.msg\n'}
[16.580753] (px4_msgs) StdoutLine: {'line': b'-- Up-to-date symlink: /home/giromi/Repos/VTOL/ws_sensor_combined_src/install/px4_msgs/share/px4_msgs/msg/Cpuload.msg\n'}
[16.580867] (px4_msgs) StdoutLine: {'line': b'-- Up-to-date symlink: /home/giromi/Repos/VTOL/ws_sensor_combined_src/install/px4_msgs/share/px4_msgs/msg/DatamanRequest.msg\n'}
[16.581155] (px4_msgs) StdoutLine: {'line': b'-- Up-to-date symlink: /home/giromi/Repos/VTOL/ws_sensor_combined_src/install/px4_msgs/share/px4_msgs/msg/DatamanResponse.msg\n'}
[16.581365] (px4_msgs) StdoutLine: {'line': b'-- Up-to-date symlink: /home/giromi/Repos/VTOL/ws_sensor_combined_src/install/px4_msgs/share/px4_msgs/msg/DebugArray.msg\n'}
[16.581595] (px4_msgs) StdoutLine: {'line': b'-- Up-to-date symlink: /home/giromi/Repos/VTOL/ws_sensor_combined_src/install/px4_msgs/share/px4_msgs/msg/DebugKeyValue.msg\n'}
[16.581770] (px4_msgs) StdoutLine: {'line': b'-- Up-to-date symlink: /home/giromi/Repos/VTOL/ws_sensor_combined_src/install/px4_msgs/share/px4_msgs/msg/DebugValue.msg\n'}
[16.581944] (px4_msgs) StdoutLine: {'line': b'-- Up-to-date symlink: /home/giromi/Repos/VTOL/ws_sensor_combined_src/install/px4_msgs/share/px4_msgs/msg/DebugVect.msg\n'}
[16.582100] (px4_msgs) StdoutLine: {'line': b'-- Up-to-date symlink: /home/giromi/Repos/VTOL/ws_sensor_combined_src/install/px4_msgs/share/px4_msgs/msg/DifferentialDriveSetpoint.msg\n'}
[16.582286] (px4_msgs) StdoutLine: {'line': b'-- Up-to-date symlink: /home/giromi/Repos/VTOL/ws_sensor_combined_src/install/px4_msgs/share/px4_msgs/msg/DifferentialPressure.msg\n'}
[16.582529] (px4_msgs) StdoutLine: {'line': b'-- Up-to-date symlink: /home/giromi/Repos/VTOL/ws_sensor_combined_src/install/px4_msgs/share/px4_msgs/msg/DistanceSensor.msg\n'}
[16.582698] (px4_msgs) StdoutLine: {'line': b'-- Up-to-date symlink: /home/giromi/Repos/VTOL/ws_sensor_combined_src/install/px4_msgs/share/px4_msgs/msg/Ekf2Timestamps.msg\n'}
[16.582911] (px4_msgs) StdoutLine: {'line': b'-- Up-to-date symlink: /home/giromi/Repos/VTOL/ws_sensor_combined_src/install/px4_msgs/share/px4_msgs/msg/EscReport.msg\n'}
[16.583103] (px4_msgs) StdoutLine: {'line': b'-- Up-to-date symlink: /home/giromi/Repos/VTOL/ws_sensor_combined_src/install/px4_msgs/share/px4_msgs/msg/EscStatus.msg\n'}
[16.583350] (px4_msgs) StdoutLine: {'line': b'-- Up-to-date symlink: /home/giromi/Repos/VTOL/ws_sensor_combined_src/install/px4_msgs/share/px4_msgs/msg/EstimatorAidSource1d.msg\n'}
[16.583489] (px4_msgs) StdoutLine: {'line': b'-- Up-to-date symlink: /home/giromi/Repos/VTOL/ws_sensor_combined_src/install/px4_msgs/share/px4_msgs/msg/EstimatorAidSource2d.msg\n'}
[16.583711] (px4_msgs) StdoutLine: {'line': b'-- Up-to-date symlink: /home/giromi/Repos/VTOL/ws_sensor_combined_src/install/px4_msgs/share/px4_msgs/msg/EstimatorAidSource3d.msg\n'}
[16.583850] (px4_msgs) StdoutLine: {'line': b'-- Up-to-date symlink: /home/giromi/Repos/VTOL/ws_sensor_combined_src/install/px4_msgs/share/px4_msgs/msg/EstimatorBias.msg\n'}
[16.584088] (px4_msgs) StdoutLine: {'line': b'-- Up-to-date symlink: /home/giromi/Repos/VTOL/ws_sensor_combined_src/install/px4_msgs/share/px4_msgs/msg/EstimatorBias3d.msg\n'}
[16.584299] (px4_msgs) StdoutLine: {'line': b'-- Up-to-date symlink: /home/giromi/Repos/VTOL/ws_sensor_combined_src/install/px4_msgs/share/px4_msgs/msg/EstimatorEventFlags.msg\n'}
[16.584506] (px4_msgs) StdoutLine: {'line': b'-- Up-to-date symlink: /home/giromi/Repos/VTOL/ws_sensor_combined_src/install/px4_msgs/share/px4_msgs/msg/EstimatorGpsStatus.msg\n'}
[16.584703] (px4_msgs) StdoutLine: {'line': b'-- Up-to-date symlink: /home/giromi/Repos/VTOL/ws_sensor_combined_src/install/px4_msgs/share/px4_msgs/msg/EstimatorInnovations.msg\n'}
[16.584823] (px4_msgs) StdoutLine: {'line': b'-- Up-to-date symlink: /home/giromi/Repos/VTOL/ws_sensor_combined_src/install/px4_msgs/share/px4_msgs/msg/EstimatorSelectorStatus.msg\n'}
[16.585124] (px4_msgs) StdoutLine: {'line': b'-- Up-to-date symlink: /home/giromi/Repos/VTOL/ws_sensor_combined_src/install/px4_msgs/share/px4_msgs/msg/EstimatorSensorBias.msg\n'}
[16.585317] (px4_msgs) StdoutLine: {'line': b'-- Up-to-date symlink: /home/giromi/Repos/VTOL/ws_sensor_combined_src/install/px4_msgs/share/px4_msgs/msg/EstimatorStates.msg\n'}
[16.585468] (px4_msgs) StdoutLine: {'line': b'-- Up-to-date symlink: /home/giromi/Repos/VTOL/ws_sensor_combined_src/install/px4_msgs/share/px4_msgs/msg/EstimatorStatus.msg\n'}
[16.585666] (px4_msgs) StdoutLine: {'line': b'-- Up-to-date symlink: /home/giromi/Repos/VTOL/ws_sensor_combined_src/install/px4_msgs/share/px4_msgs/msg/EstimatorStatusFlags.msg\n'}
[16.585941] (px4_msgs) StdoutLine: {'line': b'-- Up-to-date symlink: /home/giromi/Repos/VTOL/ws_sensor_combined_src/install/px4_msgs/share/px4_msgs/msg/Event.msg\n'}
[16.586199] (px4_msgs) StdoutLine: {'line': b'-- Up-to-date symlink: /home/giromi/Repos/VTOL/ws_sensor_combined_src/install/px4_msgs/share/px4_msgs/msg/FailsafeFlags.msg\n'}
[16.586457] (px4_msgs) StdoutLine: {'line': b'-- Up-to-date symlink: /home/giromi/Repos/VTOL/ws_sensor_combined_src/install/px4_msgs/share/px4_msgs/msg/FailureDetectorStatus.msg\n'}
[16.586721] (px4_msgs) StdoutLine: {'line': b'-- Up-to-date symlink: /home/giromi/Repos/VTOL/ws_sensor_combined_src/install/px4_msgs/share/px4_msgs/msg/FigureEightStatus.msg\n'}
[16.586995] (px4_msgs) StdoutLine: {'line': b'-- Up-to-date symlink: /home/giromi/Repos/VTOL/ws_sensor_combined_src/install/px4_msgs/share/px4_msgs/msg/FollowTarget.msg\n'}
[16.587258] (px4_msgs) StdoutLine: {'line': b'-- Up-to-date symlink: /home/giromi/Repos/VTOL/ws_sensor_combined_src/install/px4_msgs/share/px4_msgs/msg/FollowTargetEstimator.msg\n'}
[16.587479] (px4_msgs) StdoutLine: {'line': b'-- Up-to-date symlink: /home/giromi/Repos/VTOL/ws_sensor_combined_src/install/px4_msgs/share/px4_msgs/msg/FollowTargetStatus.msg\n'}
[16.587770] (px4_msgs) StdoutLine: {'line': b'-- Up-to-date symlink: /home/giromi/Repos/VTOL/ws_sensor_combined_src/install/px4_msgs/share/px4_msgs/msg/GeneratorStatus.msg\n'}
[16.587945] (px4_msgs) StdoutLine: {'line': b'-- Up-to-date symlink: /home/giromi/Repos/VTOL/ws_sensor_combined_src/install/px4_msgs/share/px4_msgs/msg/GeofenceResult.msg\n'}
[16.588317] (px4_msgs) StdoutLine: {'line': b'-- Up-to-date symlink: /home/giromi/Repos/VTOL/ws_sensor_combined_src/install/px4_msgs/share/px4_msgs/msg/GimbalControls.msg\n'}
[16.588512] (px4_msgs) StdoutLine: {'line': b'-- Up-to-date symlink: /home/giromi/Repos/VTOL/ws_sensor_combined_src/install/px4_msgs/share/px4_msgs/msg/GimbalDeviceAttitudeStatus.msg\n'}
[16.588641] (px4_msgs) StdoutLine: {'line': b'-- Up-to-date symlink: /home/giromi/Repos/VTOL/ws_sensor_combined_src/install/px4_msgs/share/px4_msgs/msg/GimbalDeviceInformation.msg\n'}
[16.588813] (px4_msgs) StdoutLine: {'line': b'-- Up-to-date symlink: /home/giromi/Repos/VTOL/ws_sensor_combined_src/install/px4_msgs/share/px4_msgs/msg/GimbalDeviceSetAttitude.msg\n'}
[16.589058] (px4_msgs) StdoutLine: {'line': b'-- Up-to-date symlink: /home/giromi/Repos/VTOL/ws_sensor_combined_src/install/px4_msgs/share/px4_msgs/msg/GimbalManagerInformation.msg\n'}
[16.589256] (px4_msgs) StdoutLine: {'line': b'-- Up-to-date symlink: /home/giromi/Repos/VTOL/ws_sensor_combined_src/install/px4_msgs/share/px4_msgs/msg/GimbalManagerSetAttitude.msg\n'}
[16.589434] (px4_msgs) StdoutLine: {'line': b'-- Up-to-date symlink: /home/giromi/Repos/VTOL/ws_sensor_combined_src/install/px4_msgs/share/px4_msgs/msg/GimbalManagerSetManualControl.msg\n'}
[16.589587] (px4_msgs) StdoutLine: {'line': b'-- Up-to-date symlink: /home/giromi/Repos/VTOL/ws_sensor_combined_src/install/px4_msgs/share/px4_msgs/msg/GimbalManagerStatus.msg\n'}
[16.589759] (px4_msgs) StdoutLine: {'line': b'-- Up-to-date symlink: /home/giromi/Repos/VTOL/ws_sensor_combined_src/install/px4_msgs/share/px4_msgs/msg/GotoSetpoint.msg\n'}
[16.589938] (px4_msgs) StdoutLine: {'line': b'-- Up-to-date symlink: /home/giromi/Repos/VTOL/ws_sensor_combined_src/install/px4_msgs/share/px4_msgs/msg/GpioConfig.msg\n'}
[16.590161] (px4_msgs) StdoutLine: {'line': b'-- Up-to-date symlink: /home/giromi/Repos/VTOL/ws_sensor_combined_src/install/px4_msgs/share/px4_msgs/msg/GpioIn.msg\n'}
[16.590364] (px4_msgs) StdoutLine: {'line': b'-- Up-to-date symlink: /home/giromi/Repos/VTOL/ws_sensor_combined_src/install/px4_msgs/share/px4_msgs/msg/GpioOut.msg\n'}
[16.590558] (px4_msgs) StdoutLine: {'line': b'-- Up-to-date symlink: /home/giromi/Repos/VTOL/ws_sensor_combined_src/install/px4_msgs/share/px4_msgs/msg/GpioRequest.msg\n'}
[16.590730] (px4_msgs) StdoutLine: {'line': b'-- Up-to-date symlink: /home/giromi/Repos/VTOL/ws_sensor_combined_src/install/px4_msgs/share/px4_msgs/msg/GpsDump.msg\n'}
[16.590937] (px4_msgs) StdoutLine: {'line': b'-- Up-to-date symlink: /home/giromi/Repos/VTOL/ws_sensor_combined_src/install/px4_msgs/share/px4_msgs/msg/GpsInjectData.msg\n'}
[16.591142] (px4_msgs) StdoutLine: {'line': b'-- Up-to-date symlink: /home/giromi/Repos/VTOL/ws_sensor_combined_src/install/px4_msgs/share/px4_msgs/msg/Gripper.msg\n'}
[16.591335] (px4_msgs) StdoutLine: {'line': b'-- Up-to-date symlink: /home/giromi/Repos/VTOL/ws_sensor_combined_src/install/px4_msgs/share/px4_msgs/msg/HealthReport.msg\n'}
[16.591562] (px4_msgs) StdoutLine: {'line': b'-- Up-to-date symlink: /home/giromi/Repos/VTOL/ws_sensor_combined_src/install/px4_msgs/share/px4_msgs/msg/HeaterStatus.msg\n'}
[16.591741] (px4_msgs) StdoutLine: {'line': b'-- Up-to-date symlink: /home/giromi/Repos/VTOL/ws_sensor_combined_src/install/px4_msgs/share/px4_msgs/msg/HomePosition.msg\n'}
[16.591912] (px4_msgs) StdoutLine: {'line': b'-- Up-to-date symlink: /home/giromi/Repos/VTOL/ws_sensor_combined_src/install/px4_msgs/share/px4_msgs/msg/HoverThrustEstimate.msg\n'}
[16.592082] (px4_msgs) StdoutLine: {'line': b'-- Up-to-date symlink: /home/giromi/Repos/VTOL/ws_sensor_combined_src/install/px4_msgs/share/px4_msgs/msg/InputRc.msg\n'}
[16.592288] (px4_msgs) StdoutLine: {'line': b'-- Up-to-date symlink: /home/giromi/Repos/VTOL/ws_sensor_combined_src/install/px4_msgs/share/px4_msgs/msg/InternalCombustionEngineStatus.msg\n'}
[16.592451] (px4_msgs) StdoutLine: {'line': b'-- Up-to-date symlink: /home/giromi/Repos/VTOL/ws_sensor_combined_src/install/px4_msgs/share/px4_msgs/msg/IridiumsbdStatus.msg\n'}
[16.592616] (px4_msgs) StdoutLine: {'line': b'-- Up-to-date symlink: /home/giromi/Repos/VTOL/ws_sensor_combined_src/install/px4_msgs/share/px4_msgs/msg/IrlockReport.msg\n'}
[16.592808] (px4_msgs) StdoutLine: {'line': b'-- Up-to-date symlink: /home/giromi/Repos/VTOL/ws_sensor_combined_src/install/px4_msgs/share/px4_msgs/msg/LandingGear.msg\n'}
[16.592956] (px4_msgs) StdoutLine: {'line': b'-- Up-to-date symlink: /home/giromi/Repos/VTOL/ws_sensor_combined_src/install/px4_msgs/share/px4_msgs/msg/LandingGearWheel.msg\n'}
[16.593251] (px4_msgs) StdoutLine: {'line': b'-- Up-to-date symlink: /home/giromi/Repos/VTOL/ws_sensor_combined_src/install/px4_msgs/share/px4_msgs/msg/LandingTargetInnovations.msg\n'}
[16.593450] (px4_msgs) StdoutLine: {'line': b'-- Up-to-date symlink: /home/giromi/Repos/VTOL/ws_sensor_combined_src/install/px4_msgs/share/px4_msgs/msg/LandingTargetPose.msg\n'}
[16.593673] (px4_msgs) StdoutLine: {'line': b'-- Up-to-date symlink: /home/giromi/Repos/VTOL/ws_sensor_combined_src/install/px4_msgs/share/px4_msgs/msg/LaunchDetectionStatus.msg\n'}
[16.593856] (px4_msgs) StdoutLine: {'line': b'-- Up-to-date symlink: /home/giromi/Repos/VTOL/ws_sensor_combined_src/install/px4_msgs/share/px4_msgs/msg/LedControl.msg\n'}
[16.594028] (px4_msgs) StdoutLine: {'line': b'-- Up-to-date symlink: /home/giromi/Repos/VTOL/ws_sensor_combined_src/install/px4_msgs/share/px4_msgs/msg/LogMessage.msg\n'}
[16.594188] (px4_msgs) StdoutLine: {'line': b'-- Up-to-date symlink: /home/giromi/Repos/VTOL/ws_sensor_combined_src/install/px4_msgs/share/px4_msgs/msg/LoggerStatus.msg\n'}
[16.594369] (px4_msgs) StdoutLine: {'line': b'-- Up-to-date symlink: /home/giromi/Repos/VTOL/ws_sensor_combined_src/install/px4_msgs/share/px4_msgs/msg/MagWorkerData.msg\n'}
[16.594518] (px4_msgs) StdoutLine: {'line': b'-- Up-to-date symlink: /home/giromi/Repos/VTOL/ws_sensor_combined_src/install/px4_msgs/share/px4_msgs/msg/MagnetometerBiasEstimate.msg\n'}
[16.594655] (px4_msgs) StdoutLine: {'line': b'-- Up-to-date symlink: /home/giromi/Repos/VTOL/ws_sensor_combined_src/install/px4_msgs/share/px4_msgs/msg/ManualControlSetpoint.msg\n'}
[16.594833] (px4_msgs) StdoutLine: {'line': b'-- Up-to-date symlink: /home/giromi/Repos/VTOL/ws_sensor_combined_src/install/px4_msgs/share/px4_msgs/msg/ManualControlSwitches.msg\n'}
[16.595062] (px4_msgs) StdoutLine: {'line': b'-- Up-to-date symlink: /home/giromi/Repos/VTOL/ws_sensor_combined_src/install/px4_msgs/share/px4_msgs/msg/MavlinkLog.msg\n'}
[16.595289] (px4_msgs) StdoutLine: {'line': b'-- Up-to-date symlink: /home/giromi/Repos/VTOL/ws_sensor_combined_src/install/px4_msgs/share/px4_msgs/msg/MavlinkTunnel.msg\n'}
[16.595472] (px4_msgs) StdoutLine: {'line': b'-- Up-to-date symlink: /home/giromi/Repos/VTOL/ws_sensor_combined_src/install/px4_msgs/share/px4_msgs/msg/MessageFormatRequest.msg\n'}
[16.595657] (px4_msgs) StdoutLine: {'line': b'-- Up-to-date symlink: /home/giromi/Repos/VTOL/ws_sensor_combined_src/install/px4_msgs/share/px4_msgs/msg/MessageFormatResponse.msg\n'}
[16.595862] (px4_msgs) StdoutLine: {'line': b'-- Up-to-date symlink: /home/giromi/Repos/VTOL/ws_sensor_combined_src/install/px4_msgs/share/px4_msgs/msg/Mission.msg\n'}
[16.596076] (px4_msgs) StdoutLine: {'line': b'-- Up-to-date symlink: /home/giromi/Repos/VTOL/ws_sensor_combined_src/install/px4_msgs/share/px4_msgs/msg/MissionResult.msg\n'}
[16.596302] (px4_msgs) StdoutLine: {'line': b'-- Up-to-date symlink: /home/giromi/Repos/VTOL/ws_sensor_combined_src/install/px4_msgs/share/px4_msgs/msg/ModeCompleted.msg\n'}
[16.596522] (px4_msgs) StdoutLine: {'line': b'-- Up-to-date symlink: /home/giromi/Repos/VTOL/ws_sensor_combined_src/install/px4_msgs/share/px4_msgs/msg/MountOrientation.msg\n'}
[16.596646] (px4_msgs) StdoutLine: {'line': b'-- Up-to-date symlink: /home/giromi/Repos/VTOL/ws_sensor_combined_src/install/px4_msgs/share/px4_msgs/msg/NavigatorMissionItem.msg\n'}
[16.596834] (px4_msgs) StdoutLine: {'line': b'-- Up-to-date symlink: /home/giromi/Repos/VTOL/ws_sensor_combined_src/install/px4_msgs/share/px4_msgs/msg/NormalizedUnsignedSetpoint.msg\n'}
[16.597091] (px4_msgs) StdoutLine: {'line': b'-- Up-to-date symlink: /home/giromi/Repos/VTOL/ws_sensor_combined_src/install/px4_msgs/share/px4_msgs/msg/NpfgStatus.msg\n'}
[16.597257] (px4_msgs) StdoutLine: {'line': b'-- Up-to-date symlink: /home/giromi/Repos/VTOL/ws_sensor_combined_src/install/px4_msgs/share/px4_msgs/msg/ObstacleDistance.msg\n'}
[16.597458] (px4_msgs) StdoutLine: {'line': b'-- Up-to-date symlink: /home/giromi/Repos/VTOL/ws_sensor_combined_src/install/px4_msgs/share/px4_msgs/msg/OffboardControlMode.msg\n'}
[16.597641] (px4_msgs) StdoutLine: {'line': b'-- Up-to-date symlink: /home/giromi/Repos/VTOL/ws_sensor_combined_src/install/px4_msgs/share/px4_msgs/msg/OnboardComputerStatus.msg\n'}
[16.597779] (px4_msgs) StdoutLine: {'line': b'-- Up-to-date symlink: /home/giromi/Repos/VTOL/ws_sensor_combined_src/install/px4_msgs/share/px4_msgs/msg/OrbTest.msg\n'}
[16.597955] (px4_msgs) StdoutLine: {'line': b'-- Up-to-date symlink: /home/giromi/Repos/VTOL/ws_sensor_combined_src/install/px4_msgs/share/px4_msgs/msg/OrbTestLarge.msg\n'}
[16.598166] (px4_msgs) StdoutLine: {'line': b'-- Up-to-date symlink: /home/giromi/Repos/VTOL/ws_sensor_combined_src/install/px4_msgs/share/px4_msgs/msg/OrbTestMedium.msg\n'}
[16.598337] (px4_msgs) StdoutLine: {'line': b'-- Up-to-date symlink: /home/giromi/Repos/VTOL/ws_sensor_combined_src/install/px4_msgs/share/px4_msgs/msg/OrbitStatus.msg\n'}
[16.598537] (px4_msgs) StdoutLine: {'line': b'-- Up-to-date symlink: /home/giromi/Repos/VTOL/ws_sensor_combined_src/install/px4_msgs/share/px4_msgs/msg/ParameterUpdate.msg\n'}
[16.598769] (px4_msgs) StdoutLine: {'line': b'-- Up-to-date symlink: /home/giromi/Repos/VTOL/ws_sensor_combined_src/install/px4_msgs/share/px4_msgs/msg/Ping.msg\n'}
[16.598942] (px4_msgs) StdoutLine: {'line': b'-- Up-to-date symlink: /home/giromi/Repos/VTOL/ws_sensor_combined_src/install/px4_msgs/share/px4_msgs/msg/PositionControllerLandingStatus.msg\n'}
[16.599173] (px4_msgs) StdoutLine: {'line': b'-- Up-to-date symlink: /home/giromi/Repos/VTOL/ws_sensor_combined_src/install/px4_msgs/share/px4_msgs/msg/PositionControllerStatus.msg\n'}
[16.599382] (px4_msgs) StdoutLine: {'line': b'-- Up-to-date symlink: /home/giromi/Repos/VTOL/ws_sensor_combined_src/install/px4_msgs/share/px4_msgs/msg/PositionSetpoint.msg\n'}
[16.599595] (px4_msgs) StdoutLine: {'line': b'-- Up-to-date symlink: /home/giromi/Repos/VTOL/ws_sensor_combined_src/install/px4_msgs/share/px4_msgs/msg/PositionSetpointTriplet.msg\n'}
[16.599794] (px4_msgs) StdoutLine: {'line': b'-- Up-to-date symlink: /home/giromi/Repos/VTOL/ws_sensor_combined_src/install/px4_msgs/share/px4_msgs/msg/PowerButtonState.msg\n'}
[16.599989] (px4_msgs) StdoutLine: {'line': b'-- Up-to-date symlink: /home/giromi/Repos/VTOL/ws_sensor_combined_src/install/px4_msgs/share/px4_msgs/msg/PowerMonitor.msg\n'}
[16.600193] (px4_msgs) StdoutLine: {'line': b'-- Up-to-date symlink: /home/giromi/Repos/VTOL/ws_sensor_combined_src/install/px4_msgs/share/px4_msgs/msg/PpsCapture.msg\n'}
[16.600400] (px4_msgs) StdoutLine: {'line': b'-- Up-to-date symlink: /home/giromi/Repos/VTOL/ws_sensor_combined_src/install/px4_msgs/share/px4_msgs/msg/PwmInput.msg\n'}
[16.600550] (px4_msgs) StdoutLine: {'line': b'-- Up-to-date symlink: /home/giromi/Repos/VTOL/ws_sensor_combined_src/install/px4_msgs/share/px4_msgs/msg/Px4ioStatus.msg\n'}
[16.600706] (px4_msgs) StdoutLine: {'line': b'-- Up-to-date symlink: /home/giromi/Repos/VTOL/ws_sensor_combined_src/install/px4_msgs/share/px4_msgs/msg/QshellReq.msg\n'}
[16.600877] (px4_msgs) StdoutLine: {'line': b'-- Up-to-date symlink: /home/giromi/Repos/VTOL/ws_sensor_combined_src/install/px4_msgs/share/px4_msgs/msg/QshellRetval.msg\n'}
[16.601099] (px4_msgs) StdoutLine: {'line': b'-- Up-to-date symlink: /home/giromi/Repos/VTOL/ws_sensor_combined_src/install/px4_msgs/share/px4_msgs/msg/RadioStatus.msg\n'}
[16.601279] (px4_msgs) StdoutLine: {'line': b'-- Up-to-date symlink: /home/giromi/Repos/VTOL/ws_sensor_combined_src/install/px4_msgs/share/px4_msgs/msg/RateCtrlStatus.msg\n'}
[16.601490] (px4_msgs) StdoutLine: {'line': b'-- Up-to-date symlink: /home/giromi/Repos/VTOL/ws_sensor_combined_src/install/px4_msgs/share/px4_msgs/msg/RcChannels.msg\n'}
[16.601705] (px4_msgs) StdoutLine: {'line': b'-- Up-to-date symlink: /home/giromi/Repos/VTOL/ws_sensor_combined_src/install/px4_msgs/share/px4_msgs/msg/RcParameterMap.msg\n'}
[16.601956] (px4_msgs) StdoutLine: {'line': b'-- Up-to-date symlink: /home/giromi/Repos/VTOL/ws_sensor_combined_src/install/px4_msgs/share/px4_msgs/msg/RegisterExtComponentReply.msg\n'}
[16.602113] (px4_msgs) StdoutLine: {'line': b'-- Up-to-date symlink: /home/giromi/Repos/VTOL/ws_sensor_combined_src/install/px4_msgs/share/px4_msgs/msg/RegisterExtComponentRequest.msg\n'}
[16.602328] (px4_msgs) StdoutLine: {'line': b'-- Up-to-date symlink: /home/giromi/Repos/VTOL/ws_sensor_combined_src/install/px4_msgs/share/px4_msgs/msg/Rpm.msg\n'}
[16.602509] (px4_msgs) StdoutLine: {'line': b'-- Up-to-date symlink: /home/giromi/Repos/VTOL/ws_sensor_combined_src/install/px4_msgs/share/px4_msgs/msg/RtlTimeEstimate.msg\n'}
[16.602718] (px4_msgs) StdoutLine: {'line': b'-- Up-to-date symlink: /home/giromi/Repos/VTOL/ws_sensor_combined_src/install/px4_msgs/share/px4_msgs/msg/SatelliteInfo.msg\n'}
[16.602983] (px4_msgs) StdoutLine: {'line': b'-- Up-to-date symlink: /home/giromi/Repos/VTOL/ws_sensor_combined_src/install/px4_msgs/share/px4_msgs/msg/SensorAccel.msg\n'}
[16.603261] (px4_msgs) StdoutLine: {'line': b'-- Up-to-date symlink: /home/giromi/Repos/VTOL/ws_sensor_combined_src/install/px4_msgs/share/px4_msgs/msg/SensorAccelFifo.msg\n'}
[16.603548] (px4_msgs) StdoutLine: {'line': b'-- Up-to-date symlink: /home/giromi/Repos/VTOL/ws_sensor_combined_src/install/px4_msgs/share/px4_msgs/msg/SensorAirflow.msg\n'}
[16.603826] (px4_msgs) StdoutLine: {'line': b'-- Up-to-date symlink: /home/giromi/Repos/VTOL/ws_sensor_combined_src/install/px4_msgs/share/px4_msgs/msg/SensorBaro.msg\n'}
[16.604088] (px4_msgs) StdoutLine: {'line': b'-- Up-to-date symlink: /home/giromi/Repos/VTOL/ws_sensor_combined_src/install/px4_msgs/share/px4_msgs/msg/SensorCombined.msg\n'}
[16.604361] (px4_msgs) StdoutLine: {'line': b'-- Up-to-date symlink: /home/giromi/Repos/VTOL/ws_sensor_combined_src/install/px4_msgs/share/px4_msgs/msg/SensorCorrection.msg\n'}
[16.604546] (px4_msgs) StdoutLine: {'line': b'-- Up-to-date symlink: /home/giromi/Repos/VTOL/ws_sensor_combined_src/install/px4_msgs/share/px4_msgs/msg/SensorGnssRelative.msg\n'}
[16.604717] (px4_msgs) StdoutLine: {'line': b'-- Up-to-date symlink: /home/giromi/Repos/VTOL/ws_sensor_combined_src/install/px4_msgs/share/px4_msgs/msg/SensorGps.msg\n'}
[16.604874] (px4_msgs) StdoutLine: {'line': b'-- Up-to-date symlink: /home/giromi/Repos/VTOL/ws_sensor_combined_src/install/px4_msgs/share/px4_msgs/msg/SensorGyro.msg\n'}
[16.605160] (px4_msgs) StdoutLine: {'line': b'-- Up-to-date symlink: /home/giromi/Repos/VTOL/ws_sensor_combined_src/install/px4_msgs/share/px4_msgs/msg/SensorGyroFft.msg\n'}
[16.605450] (px4_msgs) StdoutLine: {'line': b'-- Up-to-date symlink: /home/giromi/Repos/VTOL/ws_sensor_combined_src/install/px4_msgs/share/px4_msgs/msg/SensorGyroFifo.msg\n'}
[16.605732] (px4_msgs) StdoutLine: {'line': b'-- Up-to-date symlink: /home/giromi/Repos/VTOL/ws_sensor_combined_src/install/px4_msgs/share/px4_msgs/msg/SensorHygrometer.msg\n'}
[16.606072] (px4_msgs) StdoutLine: {'line': b'-- Up-to-date symlink: /home/giromi/Repos/VTOL/ws_sensor_combined_src/install/px4_msgs/share/px4_msgs/msg/SensorMag.msg\n'}
[16.606335] (px4_msgs) StdoutLine: {'line': b'-- Up-to-date symlink: /home/giromi/Repos/VTOL/ws_sensor_combined_src/install/px4_msgs/share/px4_msgs/msg/SensorOpticalFlow.msg\n'}
[16.606504] (px4_msgs) StdoutLine: {'line': b'-- Up-to-date symlink: /home/giromi/Repos/VTOL/ws_sensor_combined_src/install/px4_msgs/share/px4_msgs/msg/SensorPreflightMag.msg\n'}
[16.606693] (px4_msgs) StdoutLine: {'line': b'-- Up-to-date symlink: /home/giromi/Repos/VTOL/ws_sensor_combined_src/install/px4_msgs/share/px4_msgs/msg/SensorSelection.msg\n'}
[16.606849] (px4_msgs) StdoutLine: {'line': b'-- Up-to-date symlink: /home/giromi/Repos/VTOL/ws_sensor_combined_src/install/px4_msgs/share/px4_msgs/msg/SensorUwb.msg\n'}
[16.607053] (px4_msgs) StdoutLine: {'line': b'-- Up-to-date symlink: /home/giromi/Repos/VTOL/ws_sensor_combined_src/install/px4_msgs/share/px4_msgs/msg/SensorsStatus.msg\n'}
[16.607230] (px4_msgs) StdoutLine: {'line': b'-- Up-to-date symlink: /home/giromi/Repos/VTOL/ws_sensor_combined_src/install/px4_msgs/share/px4_msgs/msg/SensorsStatusImu.msg\n'}
[16.607438] (px4_msgs) StdoutLine: {'line': b'-- Up-to-date symlink: /home/giromi/Repos/VTOL/ws_sensor_combined_src/install/px4_msgs/share/px4_msgs/msg/SystemPower.msg\n'}
[16.607663] (px4_msgs) StdoutLine: {'line': b'-- Up-to-date symlink: /home/giromi/Repos/VTOL/ws_sensor_combined_src/install/px4_msgs/share/px4_msgs/msg/TakeoffStatus.msg\n'}
[16.607834] (px4_msgs) StdoutLine: {'line': b'-- Up-to-date symlink: /home/giromi/Repos/VTOL/ws_sensor_combined_src/install/px4_msgs/share/px4_msgs/msg/TaskStackInfo.msg\n'}
[16.608071] (px4_msgs) StdoutLine: {'line': b'-- Up-to-date symlink: /home/giromi/Repos/VTOL/ws_sensor_combined_src/install/px4_msgs/share/px4_msgs/msg/TecsStatus.msg\n'}
[16.608267] (px4_msgs) StdoutLine: {'line': b'-- Up-to-date symlink: /home/giromi/Repos/VTOL/ws_sensor_combined_src/install/px4_msgs/share/px4_msgs/msg/TelemetryStatus.msg\n'}
[16.608486] (px4_msgs) StdoutLine: {'line': b'-- Up-to-date symlink: /home/giromi/Repos/VTOL/ws_sensor_combined_src/install/px4_msgs/share/px4_msgs/msg/TiltrotorExtraControls.msg\n'}
[16.608657] (px4_msgs) StdoutLine: {'line': b'-- Up-to-date symlink: /home/giromi/Repos/VTOL/ws_sensor_combined_src/install/px4_msgs/share/px4_msgs/msg/TimesyncStatus.msg\n'}
[16.608818] (px4_msgs) StdoutLine: {'line': b'-- Up-to-date symlink: /home/giromi/Repos/VTOL/ws_sensor_combined_src/install/px4_msgs/share/px4_msgs/msg/TrajectoryBezier.msg\n'}
[16.609034] (px4_msgs) StdoutLine: {'line': b'-- Up-to-date symlink: /home/giromi/Repos/VTOL/ws_sensor_combined_src/install/px4_msgs/share/px4_msgs/msg/TrajectorySetpoint.msg\n'}
[16.609264] (px4_msgs) StdoutLine: {'line': b'-- Up-to-date symlink: /home/giromi/Repos/VTOL/ws_sensor_combined_src/install/px4_msgs/share/px4_msgs/msg/TrajectoryWaypoint.msg\n'}
[16.609440] (px4_msgs) StdoutLine: {'line': b'-- Up-to-date symlink: /home/giromi/Repos/VTOL/ws_sensor_combined_src/install/px4_msgs/share/px4_msgs/msg/TransponderReport.msg\n'}
[16.609596] (px4_msgs) StdoutLine: {'line': b'-- Up-to-date symlink: /home/giromi/Repos/VTOL/ws_sensor_combined_src/install/px4_msgs/share/px4_msgs/msg/TuneControl.msg\n'}
[16.609798] (px4_msgs) StdoutLine: {'line': b'-- Up-to-date symlink: /home/giromi/Repos/VTOL/ws_sensor_combined_src/install/px4_msgs/share/px4_msgs/msg/UavcanParameterRequest.msg\n'}
[16.610007] (px4_msgs) StdoutLine: {'line': b'-- Up-to-date symlink: /home/giromi/Repos/VTOL/ws_sensor_combined_src/install/px4_msgs/share/px4_msgs/msg/UavcanParameterValue.msg\n'}
[16.610217] (px4_msgs) StdoutLine: {'line': b'-- Up-to-date symlink: /home/giromi/Repos/VTOL/ws_sensor_combined_src/install/px4_msgs/share/px4_msgs/msg/UlogStream.msg\n'}
[16.610387] (px4_msgs) StdoutLine: {'line': b'-- Up-to-date symlink: /home/giromi/Repos/VTOL/ws_sensor_combined_src/install/px4_msgs/share/px4_msgs/msg/UlogStreamAck.msg\n'}
[16.610549] (px4_msgs) StdoutLine: {'line': b'-- Up-to-date symlink: /home/giromi/Repos/VTOL/ws_sensor_combined_src/install/px4_msgs/share/px4_msgs/msg/UnregisterExtComponent.msg\n'}
[16.610726] (px4_msgs) StdoutLine: {'line': b'-- Up-to-date symlink: /home/giromi/Repos/VTOL/ws_sensor_combined_src/install/px4_msgs/share/px4_msgs/msg/VehicleAcceleration.msg\n'}
[16.610920] (px4_msgs) StdoutLine: {'line': b'-- Up-to-date symlink: /home/giromi/Repos/VTOL/ws_sensor_combined_src/install/px4_msgs/share/px4_msgs/msg/VehicleAirData.msg\n'}
[16.611122] (px4_msgs) StdoutLine: {'line': b'-- Up-to-date symlink: /home/giromi/Repos/VTOL/ws_sensor_combined_src/install/px4_msgs/share/px4_msgs/msg/VehicleAngularAccelerationSetpoint.msg\n'}
[16.611357] (px4_msgs) StdoutLine: {'line': b'-- Up-to-date symlink: /home/giromi/Repos/VTOL/ws_sensor_combined_src/install/px4_msgs/share/px4_msgs/msg/VehicleAngularVelocity.msg\n'}
[16.611570] (px4_msgs) StdoutLine: {'line': b'-- Up-to-date symlink: /home/giromi/Repos/VTOL/ws_sensor_combined_src/install/px4_msgs/share/px4_msgs/msg/VehicleAttitude.msg\n'}
[16.611800] (px4_msgs) StdoutLine: {'line': b'-- Up-to-date symlink: /home/giromi/Repos/VTOL/ws_sensor_combined_src/install/px4_msgs/share/px4_msgs/msg/VehicleAttitudeSetpoint.msg\n'}
[16.611975] (px4_msgs) StdoutLine: {'line': b'-- Up-to-date symlink: /home/giromi/Repos/VTOL/ws_sensor_combined_src/install/px4_msgs/share/px4_msgs/msg/VehicleCommand.msg\n'}
[16.612181] (px4_msgs) StdoutLine: {'line': b'-- Up-to-date symlink: /home/giromi/Repos/VTOL/ws_sensor_combined_src/install/px4_msgs/share/px4_msgs/msg/VehicleCommandAck.msg\n'}
[16.612385] (px4_msgs) StdoutLine: {'line': b'-- Up-to-date symlink: /home/giromi/Repos/VTOL/ws_sensor_combined_src/install/px4_msgs/share/px4_msgs/msg/VehicleConstraints.msg\n'}
[16.612560] (px4_msgs) StdoutLine: {'line': b'-- Up-to-date symlink: /home/giromi/Repos/VTOL/ws_sensor_combined_src/install/px4_msgs/share/px4_msgs/msg/VehicleControlMode.msg\n'}
[16.612734] (px4_msgs) StdoutLine: {'line': b'-- Up-to-date symlink: /home/giromi/Repos/VTOL/ws_sensor_combined_src/install/px4_msgs/share/px4_msgs/msg/VehicleGlobalPosition.msg\n'}
[16.612912] (px4_msgs) StdoutLine: {'line': b'-- Up-to-date symlink: /home/giromi/Repos/VTOL/ws_sensor_combined_src/install/px4_msgs/share/px4_msgs/msg/VehicleImu.msg\n'}
[16.613139] (px4_msgs) StdoutLine: {'line': b'-- Up-to-date symlink: /home/giromi/Repos/VTOL/ws_sensor_combined_src/install/px4_msgs/share/px4_msgs/msg/VehicleImuStatus.msg\n'}
[16.613342] (px4_msgs) StdoutLine: {'line': b'-- Up-to-date symlink: /home/giromi/Repos/VTOL/ws_sensor_combined_src/install/px4_msgs/share/px4_msgs/msg/VehicleLandDetected.msg\n'}
[16.613544] (px4_msgs) StdoutLine: {'line': b'-- Up-to-date symlink: /home/giromi/Repos/VTOL/ws_sensor_combined_src/install/px4_msgs/share/px4_msgs/msg/VehicleLocalPosition.msg\n'}
[16.613770] (px4_msgs) StdoutLine: {'line': b'-- Up-to-date symlink: /home/giromi/Repos/VTOL/ws_sensor_combined_src/install/px4_msgs/share/px4_msgs/msg/VehicleLocalPositionSetpoint.msg\n'}
[16.613975] (px4_msgs) StdoutLine: {'line': b'-- Up-to-date symlink: /home/giromi/Repos/VTOL/ws_sensor_combined_src/install/px4_msgs/share/px4_msgs/msg/VehicleMagnetometer.msg\n'}
[16.614172] (px4_msgs) StdoutLine: {'line': b'-- Up-to-date symlink: /home/giromi/Repos/VTOL/ws_sensor_combined_src/install/px4_msgs/share/px4_msgs/msg/VehicleOdometry.msg\n'}
[16.614320] (px4_msgs) StdoutLine: {'line': b'-- Up-to-date symlink: /home/giromi/Repos/VTOL/ws_sensor_combined_src/install/px4_msgs/share/px4_msgs/msg/VehicleOpticalFlow.msg\n'}
[16.614499] (px4_msgs) StdoutLine: {'line': b'-- Up-to-date symlink: /home/giromi/Repos/VTOL/ws_sensor_combined_src/install/px4_msgs/share/px4_msgs/msg/VehicleOpticalFlowVel.msg\n'}
[16.614679] (px4_msgs) StdoutLine: {'line': b'-- Up-to-date symlink: /home/giromi/Repos/VTOL/ws_sensor_combined_src/install/px4_msgs/share/px4_msgs/msg/VehicleRatesSetpoint.msg\n'}
[16.614859] (px4_msgs) StdoutLine: {'line': b'-- Up-to-date symlink: /home/giromi/Repos/VTOL/ws_sensor_combined_src/install/px4_msgs/share/px4_msgs/msg/VehicleRoi.msg\n'}
[16.615068] (px4_msgs) StdoutLine: {'line': b'-- Up-to-date symlink: /home/giromi/Repos/VTOL/ws_sensor_combined_src/install/px4_msgs/share/px4_msgs/msg/VehicleStatus.msg\n'}
[16.615274] (px4_msgs) StdoutLine: {'line': b'-- Up-to-date symlink: /home/giromi/Repos/VTOL/ws_sensor_combined_src/install/px4_msgs/share/px4_msgs/msg/VehicleThrustSetpoint.msg\n'}
[16.615475] (px4_msgs) StdoutLine: {'line': b'-- Up-to-date symlink: /home/giromi/Repos/VTOL/ws_sensor_combined_src/install/px4_msgs/share/px4_msgs/msg/VehicleTorqueSetpoint.msg\n'}
[16.615676] (px4_msgs) StdoutLine: {'line': b'-- Up-to-date symlink: /home/giromi/Repos/VTOL/ws_sensor_combined_src/install/px4_msgs/share/px4_msgs/msg/VehicleTrajectoryBezier.msg\n'}
[16.615877] (px4_msgs) StdoutLine: {'line': b'-- Up-to-date symlink: /home/giromi/Repos/VTOL/ws_sensor_combined_src/install/px4_msgs/share/px4_msgs/msg/VehicleTrajectoryWaypoint.msg\n'}
[16.616100] (px4_msgs) StdoutLine: {'line': b'-- Up-to-date symlink: /home/giromi/Repos/VTOL/ws_sensor_combined_src/install/px4_msgs/share/px4_msgs/msg/VelocityLimits.msg\n'}
[16.616255] (px4_msgs) StdoutLine: {'line': b'-- Up-to-date symlink: /home/giromi/Repos/VTOL/ws_sensor_combined_src/install/px4_msgs/share/px4_msgs/msg/VtolVehicleStatus.msg\n'}
[16.616456] (px4_msgs) StdoutLine: {'line': b'-- Up-to-date symlink: /home/giromi/Repos/VTOL/ws_sensor_combined_src/install/px4_msgs/share/px4_msgs/msg/WheelEncoders.msg\n'}
[16.616658] (px4_msgs) StdoutLine: {'line': b'-- Up-to-date symlink: /home/giromi/Repos/VTOL/ws_sensor_combined_src/install/px4_msgs/share/px4_msgs/msg/Wind.msg\n'}
[16.616860] (px4_msgs) StdoutLine: {'line': b'-- Up-to-date symlink: /home/giromi/Repos/VTOL/ws_sensor_combined_src/install/px4_msgs/share/px4_msgs/msg/YawEstimatorStatus.msg\n'}
[16.617237] (px4_msgs) StdoutLine: {'line': b'-- Up-to-date symlink: /home/giromi/Repos/VTOL/ws_sensor_combined_src/install/px4_msgs/share/px4_msgs/srv/VehicleCommand.srv\n'}
[16.617591] (px4_msgs) StdoutLine: {'line': b'-- Up-to-date symlink: /home/giromi/Repos/VTOL/ws_sensor_combined_src/install/px4_msgs/share/px4_msgs/srv/VehicleCommand_Request.msg\n'}
[16.617896] (px4_msgs) StdoutLine: {'line': b'-- Up-to-date symlink: /home/giromi/Repos/VTOL/ws_sensor_combined_src/install/px4_msgs/share/px4_msgs/srv/VehicleCommand_Response.msg\n'}
[16.618121] (px4_msgs) StdoutLine: {'line': b'-- Up-to-date symlink: /home/giromi/Repos/VTOL/ws_sensor_combined_src/install/px4_msgs/share/ament_index/resource_index/package_run_dependencies/px4_msgs\n'}
[16.618318] (px4_msgs) StdoutLine: {'line': b'-- Up-to-date symlink: /home/giromi/Repos/VTOL/ws_sensor_combined_src/install/px4_msgs/share/ament_index/resource_index/parent_prefix_path/px4_msgs\n'}
[16.618498] (px4_msgs) StdoutLine: {'line': b'-- Up-to-date symlink: /home/giromi/Repos/VTOL/ws_sensor_combined_src/install/px4_msgs/share/px4_msgs/environment/ament_prefix_path.sh\n'}
[16.618688] (px4_msgs) StdoutLine: {'line': b'-- Up-to-date symlink: /home/giromi/Repos/VTOL/ws_sensor_combined_src/install/px4_msgs/share/px4_msgs/environment/ament_prefix_path.dsv\n'}
[16.618888] (px4_msgs) StdoutLine: {'line': b'-- Up-to-date symlink: /home/giromi/Repos/VTOL/ws_sensor_combined_src/install/px4_msgs/share/px4_msgs/environment/path.sh\n'}
[16.619071] (px4_msgs) StdoutLine: {'line': b'-- Up-to-date symlink: /home/giromi/Repos/VTOL/ws_sensor_combined_src/install/px4_msgs/share/px4_msgs/environment/path.dsv\n'}
[16.619299] (px4_msgs) StdoutLine: {'line': b'-- Up-to-date symlink: /home/giromi/Repos/VTOL/ws_sensor_combined_src/install/px4_msgs/share/px4_msgs/local_setup.bash\n'}
[16.619476] (px4_msgs) StdoutLine: {'line': b'-- Up-to-date symlink: /home/giromi/Repos/VTOL/ws_sensor_combined_src/install/px4_msgs/share/px4_msgs/local_setup.sh\n'}
[16.619737] (px4_msgs) StdoutLine: {'line': b'-- Up-to-date symlink: /home/giromi/Repos/VTOL/ws_sensor_combined_src/install/px4_msgs/share/px4_msgs/local_setup.zsh\n'}
[16.619955] (px4_msgs) StdoutLine: {'line': b'-- Up-to-date symlink: /home/giromi/Repos/VTOL/ws_sensor_combined_src/install/px4_msgs/share/px4_msgs/local_setup.dsv\n'}
[16.620097] (px4_msgs) StdoutLine: {'line': b'-- Symlinking: /home/giromi/Repos/VTOL/ws_sensor_combined_src/install/px4_msgs/share/px4_msgs/package.dsv\n'}
[16.624641] (px4_msgs) StdoutLine: {'line': b'-- Up-to-date symlink: /home/giromi/Repos/VTOL/ws_sensor_combined_src/install/px4_msgs/share/ament_index/resource_index/packages/px4_msgs\n'}
[16.624874] (px4_msgs) StdoutLine: {'line': b'-- Up-to-date symlink: /home/giromi/Repos/VTOL/ws_sensor_combined_src/install/px4_msgs/share/px4_msgs/cmake/rosidl_cmake-extras.cmake\n'}
[16.625003] (px4_msgs) StdoutLine: {'line': b'-- Up-to-date symlink: /home/giromi/Repos/VTOL/ws_sensor_combined_src/install/px4_msgs/share/px4_msgs/cmake/ament_cmake_export_dependencies-extras.cmake\n'}
[16.625157] (px4_msgs) StdoutLine: {'line': b'-- Up-to-date symlink: /home/giromi/Repos/VTOL/ws_sensor_combined_src/install/px4_msgs/share/px4_msgs/cmake/ament_cmake_export_include_directories-extras.cmake\n'}
[16.625281] (px4_msgs) StdoutLine: {'line': b'-- Up-to-date symlink: /home/giromi/Repos/VTOL/ws_sensor_combined_src/install/px4_msgs/share/px4_msgs/cmake/ament_cmake_export_libraries-extras.cmake\n'}
[16.625529] (px4_msgs) StdoutLine: {'line': b'-- Up-to-date symlink: /home/giromi/Repos/VTOL/ws_sensor_combined_src/install/px4_msgs/share/px4_msgs/cmake/ament_cmake_export_targets-extras.cmake\n'}
[16.625656] (px4_msgs) StdoutLine: {'line': b'-- Up-to-date symlink: /home/giromi/Repos/VTOL/ws_sensor_combined_src/install/px4_msgs/share/px4_msgs/cmake/rosidl_cmake_export_typesupport_targets-extras.cmake\n'}
[16.625829] (px4_msgs) StdoutLine: {'line': b'-- Up-to-date symlink: /home/giromi/Repos/VTOL/ws_sensor_combined_src/install/px4_msgs/share/px4_msgs/cmake/rosidl_cmake_export_typesupport_libraries-extras.cmake\n'}
[16.626019] (px4_msgs) StdoutLine: {'line': b'-- Up-to-date symlink: /home/giromi/Repos/VTOL/ws_sensor_combined_src/install/px4_msgs/share/px4_msgs/cmake/px4_msgsConfig.cmake\n'}
[16.626167] (px4_msgs) StdoutLine: {'line': b'-- Up-to-date symlink: /home/giromi/Repos/VTOL/ws_sensor_combined_src/install/px4_msgs/share/px4_msgs/cmake/px4_msgsConfig-version.cmake\n'}
[16.626455] (px4_msgs) StdoutLine: {'line': b'-- Up-to-date symlink: /home/giromi/Repos/VTOL/ws_sensor_combined_src/install/px4_msgs/share/px4_msgs/package.xml\n'}
[16.627000] (px4_msgs) StdoutLine: {'line': b'-- Up-to-date: /home/giromi/Repos/VTOL/ws_sensor_combined_src/install/px4_msgs/lib/libpx4_msgs__rosidl_generator_c.so\n'}
[16.627373] (px4_msgs) StdoutLine: {'line': b'-- Up-to-date: /home/giromi/Repos/VTOL/ws_sensor_combined_src/install/px4_msgs/lib/libpx4_msgs__rosidl_typesupport_fastrtps_c.so\n'}
[16.627728] (px4_msgs) StdoutLine: {'line': b'-- Up-to-date: /home/giromi/Repos/VTOL/ws_sensor_combined_src/install/px4_msgs/lib/libpx4_msgs__rosidl_typesupport_fastrtps_cpp.so\n'}
[16.628061] (px4_msgs) StdoutLine: {'line': b'-- Up-to-date: /home/giromi/Repos/VTOL/ws_sensor_combined_src/install/px4_msgs/lib/libpx4_msgs__rosidl_typesupport_introspection_c.so\n'}
[16.628391] (px4_msgs) StdoutLine: {'line': b'-- Up-to-date: /home/giromi/Repos/VTOL/ws_sensor_combined_src/install/px4_msgs/lib/libpx4_msgs__rosidl_typesupport_c.so\n'}
[16.628718] (px4_msgs) StdoutLine: {'line': b'-- Up-to-date: /home/giromi/Repos/VTOL/ws_sensor_combined_src/install/px4_msgs/lib/libpx4_msgs__rosidl_typesupport_introspection_cpp.so\n'}
[16.629060] (px4_msgs) StdoutLine: {'line': b'-- Up-to-date: /home/giromi/Repos/VTOL/ws_sensor_combined_src/install/px4_msgs/lib/libpx4_msgs__rosidl_typesupport_cpp.so\n'}
[16.656873] (-) TimerEvent: {}
[16.671512] (px4_msgs) StdoutLine: {'line': b"Listing '/home/giromi/Repos/VTOL/ws_sensor_combined_src/install/px4_msgs/local/lib/python3.10/dist-packages/px4_msgs'...\n"}
[16.671652] (px4_msgs) StdoutLine: {'line': b"Compiling '/home/giromi/Repos/VTOL/ws_sensor_combined_src/install/px4_msgs/local/lib/python3.10/dist-packages/px4_msgs/__init__.py'...\n"}
[16.671725] (px4_msgs) StdoutLine: {'line': b"Listing '/home/giromi/Repos/VTOL/ws_sensor_combined_src/install/px4_msgs/local/lib/python3.10/dist-packages/px4_msgs/msg'...\n"}
[16.671784] (px4_msgs) StdoutLine: {'line': b"Listing '/home/giromi/Repos/VTOL/ws_sensor_combined_src/install/px4_msgs/local/lib/python3.10/dist-packages/px4_msgs/srv'...\n"}
[16.676071] (px4_msgs) StdoutLine: {'line': b'-- Up-to-date: /home/giromi/Repos/VTOL/ws_sensor_combined_src/install/px4_msgs/lib/libpx4_msgs__rosidl_generator_py.so\n'}
[16.676378] (px4_msgs) StdoutLine: {'line': b'-- Up-to-date: /home/giromi/Repos/VTOL/ws_sensor_combined_src/install/px4_msgs/share/px4_msgs/cmake/export_px4_msgs__rosidl_generator_cExport.cmake\n'}
[16.686236] (px4_msgs) StdoutLine: {'line': b'-- Up-to-date: /home/giromi/Repos/VTOL/ws_sensor_combined_src/install/px4_msgs/share/px4_msgs/cmake/export_px4_msgs__rosidl_generator_cExport-noconfig.cmake\n'}
[16.686705] (px4_msgs) StdoutLine: {'line': b'-- Up-to-date: /home/giromi/Repos/VTOL/ws_sensor_combined_src/install/px4_msgs/share/px4_msgs/cmake/export_px4_msgs__rosidl_typesupport_fastrtps_cExport.cmake\n'}
[16.687155] (px4_msgs) StdoutLine: {'line': b'-- Up-to-date: /home/giromi/Repos/VTOL/ws_sensor_combined_src/install/px4_msgs/share/px4_msgs/cmake/export_px4_msgs__rosidl_typesupport_fastrtps_cExport-noconfig.cmake\n'}
[16.687560] (px4_msgs) StdoutLine: {'line': b'-- Up-to-date: /home/giromi/Repos/VTOL/ws_sensor_combined_src/install/px4_msgs/share/px4_msgs/cmake/export_px4_msgs__rosidl_generator_cppExport.cmake\n'}
[16.688065] (px4_msgs) StdoutLine: {'line': b'-- Up-to-date: /home/giromi/Repos/VTOL/ws_sensor_combined_src/install/px4_msgs/share/px4_msgs/cmake/export_px4_msgs__rosidl_typesupport_fastrtps_cppExport.cmake\n'}
[16.688441] (px4_msgs) StdoutLine: {'line': b'-- Up-to-date: /home/giromi/Repos/VTOL/ws_sensor_combined_src/install/px4_msgs/share/px4_msgs/cmake/export_px4_msgs__rosidl_typesupport_fastrtps_cppExport-noconfig.cmake\n'}
[16.688939] (px4_msgs) StdoutLine: {'line': b'-- Up-to-date: /home/giromi/Repos/VTOL/ws_sensor_combined_src/install/px4_msgs/share/px4_msgs/cmake/px4_msgs__rosidl_typesupport_introspection_cExport.cmake\n'}
[16.689442] (px4_msgs) StdoutLine: {'line': b'-- Up-to-date: /home/giromi/Repos/VTOL/ws_sensor_combined_src/install/px4_msgs/share/px4_msgs/cmake/px4_msgs__rosidl_typesupport_introspection_cExport-noconfig.cmake\n'}
[16.689762] (px4_msgs) StdoutLine: {'line': b'-- Up-to-date: /home/giromi/Repos/VTOL/ws_sensor_combined_src/install/px4_msgs/share/px4_msgs/cmake/px4_msgs__rosidl_typesupport_cExport.cmake\n'}
[16.690202] (px4_msgs) StdoutLine: {'line': b'-- Up-to-date: /home/giromi/Repos/VTOL/ws_sensor_combined_src/install/px4_msgs/share/px4_msgs/cmake/px4_msgs__rosidl_typesupport_cExport-noconfig.cmake\n'}
[16.690588] (px4_msgs) StdoutLine: {'line': b'-- Up-to-date: /home/giromi/Repos/VTOL/ws_sensor_combined_src/install/px4_msgs/share/px4_msgs/cmake/px4_msgs__rosidl_typesupport_introspection_cppExport.cmake\n'}
[16.690816] (px4_msgs) StdoutLine: {'line': b'-- Up-to-date: /home/giromi/Repos/VTOL/ws_sensor_combined_src/install/px4_msgs/share/px4_msgs/cmake/px4_msgs__rosidl_typesupport_introspection_cppExport-noconfig.cmake\n'}
[16.691027] (px4_msgs) StdoutLine: {'line': b'-- Up-to-date: /home/giromi/Repos/VTOL/ws_sensor_combined_src/install/px4_msgs/share/px4_msgs/cmake/px4_msgs__rosidl_typesupport_cppExport.cmake\n'}
[16.691231] (px4_msgs) StdoutLine: {'line': b'-- Up-to-date: /home/giromi/Repos/VTOL/ws_sensor_combined_src/install/px4_msgs/share/px4_msgs/cmake/px4_msgs__rosidl_typesupport_cppExport-noconfig.cmake\n'}
[16.691431] (px4_msgs) StdoutLine: {'line': b'-- Up-to-date: /home/giromi/Repos/VTOL/ws_sensor_combined_src/install/px4_msgs/share/px4_msgs/cmake/export_px4_msgs__rosidl_generator_pyExport.cmake\n'}
[16.691630] (px4_msgs) StdoutLine: {'line': b'-- Up-to-date: /home/giromi/Repos/VTOL/ws_sensor_combined_src/install/px4_msgs/share/px4_msgs/cmake/export_px4_msgs__rosidl_generator_pyExport-noconfig.cmake\n'}
[16.696007] (px4_msgs) CommandEnded: {'returncode': 0}
[16.757092] (-) TimerEvent: {}
[16.857454] (-) TimerEvent: {}
[16.957746] (-) TimerEvent: {}
[17.058026] (-) TimerEvent: {}
[17.158312] (-) TimerEvent: {}
[17.258612] (-) TimerEvent: {}
[17.358895] (-) TimerEvent: {}
[17.459153] (-) TimerEvent: {}
[17.559443] (-) TimerEvent: {}
[17.659687] (-) TimerEvent: {}
[17.759928] (-) TimerEvent: {}
[17.860163] (-) TimerEvent: {}
[17.960404] (-) TimerEvent: {}
[18.060673] (-) TimerEvent: {}
[18.160881] (-) TimerEvent: {}
[18.261155] (-) TimerEvent: {}
[18.361471] (-) TimerEvent: {}
[18.461742] (-) TimerEvent: {}
[18.561972] (-) TimerEvent: {}
[18.662263] (-) TimerEvent: {}
[18.762552] (-) TimerEvent: {}
[18.862813] (-) TimerEvent: {}
[18.963089] (-) TimerEvent: {}
[19.063331] (-) TimerEvent: {}
[19.163628] (-) TimerEvent: {}
[19.263876] (-) TimerEvent: {}
[19.364300] (-) TimerEvent: {}
[19.371451] (px4_msgs) StderrLine: {'line': b'Traceback (most recent call last):\n  File "/usr/lib/python3/dist-packages/colcon_parallel_executor/executor/parallel.py", line 75, in execute\n    loop.run_until_complete(future)\n  File "/usr/lib/python3.10/asyncio/base_events.py", line 636, in run_until_complete\n    self.run_forever()\n  File "/usr/lib/python3.10/asyncio/base_events.py", line 603, in run_forever\n    self._run_once()\n  File "/usr/lib/python3.10/asyncio/base_events.py", line 1871, in _run_once\n    event_list = self._selector.select(timeout)\n  File "/usr/lib/python3.10/selectors.py", line 469, in select\n    fd_event_list = self._selector.poll(timeout, max_ev)\nKeyboardInterrupt\n\nDuring handling of the above exception, another exception occurred:\n\nTraceback (most recent call last):\n  File "/usr/lib/python3/dist-packages/colcon_core/executor/__init__.py", line 91, in __call__\n    rc = await self.task(*args, **kwargs)\n  File "/usr/lib/python3/dist-packages/colcon_core/task/__init__.py", line 93, in __call__\n    return await task_method(*args, **kwargs)\n  File "/usr/lib/python3/dist-packages/colcon_ros/task/ament_cmake/build.py", line 65, in build\n    has_install_target = await has_target(args.build_base, \'install\')\n  File "/usr/lib/python3/dist-packages/colcon_cmake/task/cmake/__init__.py", line 57, in has_target\n    return target in await get_makefile_targets(path)\n  File "/usr/lib/python3/dist-packages/colcon_cmake/task/cmake/__init__.py", line 77, in get_makefile_targets\n    output = await check_output([\n  File "/usr/lib/python3/dist-packages/colcon_core/subprocess.py", line 129, in check_output\n    assert not rc, f\'Expected {args} to pass: {stderr_data}\'\nAssertionError: Expected [\'/usr/local/bin/cmake\', \'--build\', \'/home/giromi/Repos/VTOL/ws_sensor_combined_src/build/px4_msgs\', \'--target\', \'help\'] to pass: gmake: *** [Makefile:42376: help] Interrupt\n\n'}
[19.371985] (px4_msgs) JobEnded: {'identifier': 'px4_msgs', 'rc': 'SIGINT'}
[19.382816] (px4_ros2_cpp) JobSkipped: {'identifier': 'px4_ros2_cpp'}
[19.383104] (px4_ros_com) JobSkipped: {'identifier': 'px4_ros_com'}
[19.383205] (example_global_navigation_cpp) JobSkipped: {'identifier': 'example_global_navigation_cpp'}
[19.383283] (example_local_navigation_cpp) JobSkipped: {'identifier': 'example_local_navigation_cpp'}
[19.383350] (example_mode_goto_cpp) JobSkipped: {'identifier': 'example_mode_goto_cpp'}
[19.383412] (example_mode_manual_cpp) JobSkipped: {'identifier': 'example_mode_manual_cpp'}
[19.383477] (example_mode_rtl_replacement_cpp) JobSkipped: {'identifier': 'example_mode_rtl_replacement_cpp'}
[19.383537] (example_mode_with_executor_cpp) JobSkipped: {'identifier': 'example_mode_with_executor_cpp'}
[19.383603] (-) EventReactorShutdown: {}
